elm_instance	elm_class	accession	start	end	motif_length	length_bin	in_midi_plus	regex
ELMI004762	DOC_PP2B_PxIxIT_1	A1L4H1	1059	1065	6	3-6 aa	false	P[^P][ILVF][^P][ILVF][TSHDEQNKR]
ELMI002658	LIG_EF_ALG2_ABM_1	A5D8V6	201	209	8	7-10 aa	false	P[PG]{0,1}YP.{1,6}Y[QS]{0,1}P
ELMI002697	LIG_WH1	A6NGB9	419	430	11	11-15 aa	false	ES[RK][FY].F[HR][PST][IVLM][DES][DE]
ELMI001630	DOC_AGCK_PIF_1	O00141	417	423	6	3-6 aa	true	F..[FWY][ST][FY]
ELMI003528	LIG_PDZ_Wminus1_1	O00192	959	962	3	3-6 aa	false	.W[ACGILV]$
ELMI003194	LIG_BH_BH3_1	O00198	28	45	17	16+ aa	false	....[LIFVYMTE][ASGC][^P]{2}L[^P]{2}[IVMTL][GACS][D][^P][FVLMI].
ELMI000432	LIG_Clathr_ClatBox_1	O00203	817	822	5	3-6 aa	false	L[IVLMF].[IVLMF][DE]
ELMI000603	MOD_N-GLC_1	O00206	524	530	6	3-6 aa	false	.(N)[^P][ST]..
ELMI000604	MOD_N-GLC_1	O00206	573	579	6	3-6 aa	false	.(N)[^P][ST]..
ELMI001305	DEG_SCF_TRCP1_1	O00221	155	161	6	3-6 aa	true	D(S)G.{2,3}([ST])
ELMI002768	LIG_SUMO_SIM_par_1	O00257	460	468	8	7-10 aa	false	[DEST]{0,5}.[VILPTM][VIL][DESTVILMA][VIL].{0,1}[DEST]{1,10}
ELMI002801	LIG_SUMO_SIM_anti_2	O00257	460	468	8	7-10 aa	false	[DEST]{1,10}.{0,1}[VIL][DESTVILMA][VIL][VILM].[DEST]{0,5}
ELMI000255	LIG_CtBP_PxDLS_1	O00257	471	476	5	3-6 aa	false	(P[LVIPME][DENS][LM][VASTRG])|(G[LVIPME][DENS][LM][VASTRG]((K)|(.[KR])))
ELMI000251	LIG_HP1_1	O00268	763	768	5	3-6 aa	false	P[MVLIRWY]V[MVLIAS][LM]
ELMI000454	LIG_Clathr_ClatBox_1	O00291	331	336	5	3-6 aa	false	L[IVLMF].[IVLMF][DE]
ELMI003346	LIG_GBD_Chelix_1	O00401	466	475	9	7-10 aa	false	[ILV][VA][^P][^P][LI][^P][^P][^P][LM]
ELMI002310	MOD_NMyristoyl	O00408	0	7	7	7-10 aa	false	^M{0,1}(G)[^EDRKHPFYW]..[STAGCN][^P]
ELMI003210	MOD_CDK_SPxxK_3	O00418	355	363	8	7-10 aa	false	...([ST])P..[RK]
ELMI003240	MOD_CDK_SPK_2	O00443	255	261	6	3-6 aa	false	...([ST])P[RK]
ELMI003384	MOD_Plk_4	O00444	301	308	7	7-10 aa	false	..[^IRFW]([ST])[ILMVFWY][ILMVFWY].
ELMI003385	MOD_Plk_4	O00444	338	345	7	7-10 aa	false	..[^IRFW]([ST])[ILMVFWY][ILMVFWY].
ELMI003386	MOD_Plk_4	O00444	953	960	7	7-10 aa	false	..[^IRFW]([ST])[ILMVFWY][ILMVFWY].
ELMI000298	LIG_AP2alpha_1	O00499	361	366	5	3-6 aa	false	F.D.F
ELMI000449	LIG_Clathr_ClatBox_1	O00499	389	394	5	3-6 aa	false	L[IVLMF].[IVLMF][DE]
ELMI000452	LIG_Clathr_ClatBox_2	O00499	414	420	6	3-6 aa	false	.[NP]W[DES].W
ELMI002343	LIG_LYPXL_S_1	O00560	2	7	5	3-6 aa	false	[ILVMF]YP.[ILVMF]
ELMI002344	LIG_LYPXL_S_1	O00560	44	49	5	3-6 aa	false	[ILVMF]YP.[ILVMF]
ELMI002345	LIG_LYPXL_S_1	O00560	48	53	5	3-6 aa	false	[ILVMF]YP.[ILVMF]
ELMI003557	TRG_ER_FFAT_1	O00562	347	355	8	7-10 aa	false	[EDS].{0,4}[ED][FY][FYKREM][DE][AC].{1,2}[EDST]
ELMI002103	LIG_eIF4E_2	O00571	37	44	7	7-10 aa	false	Y.PP.[ILMV]R
ELMI000077	DOC_CYCLIN_RxL_1	O00716	130	141	11	11-15 aa	true	(.|([KRH].{0,3}))[^EDWNSG][^D][RK][^D]L.{0,1}[FL].{0,3}[EDST]
ELMI004828	LIG_RB_pABgroove_1	O00716	441	450	9	7-10 aa	true	..[LIMVA].[DE][LMF][FYM][IL]{0,1}([DE]|(S)).
ELMI004846	DOC_PP2B_LxvP_1	O00763	394	398	4	3-6 aa	false	L.VP
ELMI004847	DOC_PP2B_LxvP_1	O14490	317	321	4	3-6 aa	false	L.VP
ELMI004040	LIG_DLG_GKlike_1	O14490	371	380	9	7-10 aa	false	(R..(S)[YFLM][^P][^P][L])|(R..(S)[YFLM][^P][^P][ASG][LMVIQT])
ELMI004041	LIG_DLG_GKlike_1	O14490	402	411	9	7-10 aa	false	(R..(S)[YFLM][^P][^P][L])|(R..(S)[YFLM][^P][^P][ASG][LMVIQT])
ELMI004542	LIG_Arc_Nlobe_1	O14490	430	435	5	3-6 aa	false	[^P][P]G{0,1}[^P][YFH][^P]
ELMI004543	LIG_Arc_Nlobe_1	O14490	482	488	6	3-6 aa	false	[^P][P]G{0,1}[^P][YFH][^P]
ELMI004759	DOC_PP2B_PxIxIT_1	O14511	615	621	6	3-6 aa	false	P[^P][ILVF][^P][ILVF][TSHDEQNKR]
ELMI002939	LIG_KLC1_WD_1	O14576	80	88	8	7-10 aa	false	[LMTAFSRI][^KRG]W[DE].{3,5}[LIVMFPA]
ELMI002940	LIG_KLC1_WD_1	O14576	123	133	10	7-10 aa	false	[LMTAFSRI][^KRG]W[DE].{3,5}[LIVMFPA]
ELMI004557	DEG_Kelch_KLHL12_1	O14640	656	662	6	3-6 aa	false	[PGA]PG[AG]PP
ELMI004556	DEG_Kelch_KLHL12_1	O14641	697	703	6	3-6 aa	false	[PGA]PG[AG]PP
ELMI002981	LIG_14-3-3_CterR_2	O14649	390	394	4	3-6 aa	false	R[^DE]{0,2}[^DEPG]([ST])[^P]{0,1}$
ELMI002078	TRG_ER_diArg_1	O14672	722	725	3	3-6 aa	false	([LIVMFYWPR]R[^YFWDE]{0,1}R)|(R[^YFWDE]{0,1}R[LIVMFYWPR])
ELMI001235	LIG_KEPE_1	O14686	4414	4421	7	7-10 aa	false	[VILMFT]K.EP.[DE]
ELMI002646	LIG_WD40_WDR5_WIN_1	O14686	5337	5344	7	7-10 aa	false	[SCA]AR[STCA][EQR][PGILVM][HYFQNKRLVI]
ELMI000101	MOD_PKB_1	O14746	818	827	9	7-10 aa	false	R.R..([ST])[^P]..
ELMI004058	LIG_LSD1_SNAG_1	O14753	0	10	10	7-10 aa	false	^M{0,1}PR.FLV[KR]K{0,1}.
ELMI000970	MOD_PIKK_1	O14757	313	320	7	7-10 aa	false	...([ST])Q..
ELMI000971	MOD_PIKK_1	O14757	341	348	7	7-10 aa	false	...([ST])Q..
ELMI003143	LIG_RB_LxCxE_1	O14777	228	245	17	16+ aa	false	([DEST]|^).{0,4}[LI].C.E.{1,4}[FLMIVAWPHY].{0,8}([DEST]|$)
ELMI001334	LIG_PTAP_UEV_1	O14828	62	68	6	3-6 aa	false	.P[TS]AP.
ELMI001872	LIG_CaM_IQ_9	O14830	19	38	19	16+ aa	false	[ACLIVTM][^P][^P][ILVMFCT]Q[^P][^P][^P][RK][^P]{4,5}[RKQ][^P][^P]
ELMI003598	LIG_CaM_IQ_9	O14830	22	38	16	16+ aa	false	[ACLIVTM][^P][^P][ILVMFCT]Q[^P][^P][^P][RK][^P]{4,5}[RKQ][^P][^P]
ELMI004661	LIG_IRFs_LxIS_1	O14896	418	424	6	3-6 aa	false	[VILPFYM].{1,3}L.I(S)
ELMI000639	LIG_Sin3_2	O14901	44	54	10	7-10 aa	false	[FHYM].A[AV].[VAC]L[MV].[MI]
ELMI004111	LIG_WRC_WIRS_1	O14917	997	1003	6	3-6 aa	false	[FYILMV].[TS]F(G|[^P]).
ELMI002826	DEG_Kelch_Keap1_1	O14920	33	39	6	3-6 aa	false	[DNS].[DES][TNS]GE
ELMI003359	MOD_Plk_1	O14920	729	736	7	7-10 aa	false	.[DNE][^PG][ST](([FYILMVW]..)|([^PEDGKN][FWYLIVM]).)
ELMI003360	MOD_Plk_1	O14920	736	743	7	7-10 aa	false	.[DNE][^PG][ST](([FYILMVW]..)|([^PEDGKN][FWYLIVM]).)
ELMI003361	MOD_Plk_1	O14920	746	753	7	7-10 aa	false	.[DNE][^PG][ST](([FYILMVW]..)|([^PEDGKN][FWYLIVM]).)
ELMI001341	LIG_PTAP_UEV_1	O14964	346	352	6	3-6 aa	false	.P[TS]AP.
ELMI002741	DOC_PP1_MyPhoNE_1	O14974	9	17	8	7-10 aa	false	R[^P][DEQ]Q[VIL]([RK][^P]|[^P][RK])[YW]
ELMI001117	DOC_PP1_RVXF_1	O14974	32	39	7	7-10 aa	false	..[RK].{0,1}[VIL][^P][FW].
ELMI004446	LIG_LIR_Gen_1	O15040	1406	1411	5	3-6 aa	false	[EDST].{0,2}[WFY][^RKPGWFY][^PG][ILVFM]((.{0,4}[PLAFIVMY])|($)|(.{0,3}[ED]))
ELMI002649	LIG_WD40_WDR5_WIN_1	O15047	1492	1499	7	7-10 aa	false	[SCA]AR[STCA][EQR][PGILVM][HYFQNKRLVI]
ELMI003817	MOD_CK1_1	O15055	664	671	7	7-10 aa	false	S..([ST])...
ELMI002549	MOD_PKB_1	O15111	17	26	9	7-10 aa	false	R.R..([ST])[^P]..
ELMI001684	LIG_EVH1_1	O15117	615	620	5	3-6 aa	false	([FYWL]P.PP)|([FYWL]PP[ALIVTFY]P)
ELMI004304	TRG_DiLeu_LyEn_5	O15118	1270	1276	6	3-6 aa	false	[E]..[RP]L[LI]
ELMI002272	DOC_USP7_MATH_1	O15151	7	12	5	3-6 aa	false	[PA][^P][^FYWIL]S[^P]
ELMI003814	MOD_CK1_1	O15151	290	297	7	7-10 aa	false	S..([ST])...
ELMI002984	LIG_14-3-3_CanoR_1	O15151	363	369	6	3-6 aa	false	R[^DE]{0,2}[^DEPG]([ST])(([FWYLMV].)|([^PRIKGN]P)|([^PRIKGN].{2,4}[VILMFWYP]))
ELMI002273	DOC_USP7_MATH_1	O15151	397	402	5	3-6 aa	false	[PA][^P][^FYWIL]S[^P]
ELMI002275	MOD_PIKK_1	O15151	399	406	7	7-10 aa	false	...([ST])Q..
ELMI000249	LIG_HP1_1	O15164	712	717	5	3-6 aa	false	P[MVLIRWY]V[MVLIAS][LM]
ELMI002058	DOC_ANK_TNKS_1	O15169	20	28	8	7-10 aa	false	.R..[PGAV][DEIP]G.
ELMI003174	DOC_PP2A_B56_1	O15169	237	244	7	7-10 aa	false	([LMFYWIC]..I.E)|(L..[IVLWC].E).
ELMI002876	DOC_GSK3_Axin_1	O15169	382	399	17	16+ aa	false	V[ED]P[^P][RK]FA[^P]ELI[^P]RLE[^P][VIL]
ELMI000937	LIG_EH1_1	O15178	13	22	9	7-10 aa	true	.[FYH].[IVM][^WFYP][^WFYP][ILM][ILMV].
ELMI003744	LIG_SH2_CRK	O15197	634	639	5	3-6 aa	false	(Y)[^EPILVFYW][^HDEW][PLIV][^DEW]
ELMI002059	DOC_ANK_TNKS_1	O15234	144	152	8	7-10 aa	false	.R..[PGAV][DEIP]G.
ELMI002840	DEG_MDM2_SWIB_1	O15350	14	22	8	7-10 aa	false	F[^P]{3}W[^P]{2,3}[VIL]
ELMI001391	TRG_NLS_Bipartite_1	O15350	326	349	23	16+ aa	false	[KR][KR].{7,15}[^DE]((K[RK])|(RK))(([^DE][KR])|([KR][^DE]))[^DE]
ELMI000920	TRG_NES_CRM1_1	O15350	365	379	14	11-15 aa	false	([DEQ].{0,1}[LIM].{2,3}[LIVMF][^P]{2,3}[LMVF].[LMIV].{0,3}[DE])|([DE].{0,1}[LIM].{2,3}[LIVMF][^P]{2,3}[LMVF].[LMIV].{0,3}[DEQ])
ELMI000199	LIG_SH3_3	O15350	406	413	7	7-10 aa	false	...[PV]..P
ELMI001958	DOC_WW_Pin1_4	O15350	408	414	6	3-6 aa	false	...([ST])P.
ELMI001959	DOC_WW_Pin1_4	O15350	438	444	6	3-6 aa	false	...([ST])P.
ELMI001960	DOC_WW_Pin1_4	O15350	478	484	6	3-6 aa	false	...([ST])P.
ELMI002262	LIG_WW_1	O15350	483	487	4	3-6 aa	false	PP.Y
ELMI004666	LIG_MTR4_AIM_1	O15381	172	179	7	7-10 aa	false	[FYW][^P][VILTM]D.(([^P][GPAS])|G)
ELMI001414	MOD_PKA_2	O15392	16	23	7	7-10 aa	false	.R.([ST])[^P]..
ELMI004276	TRG_DiLeu_BaEn_2	O15427	440	447	7	7-10 aa	false	[^E]E...F[LIVM]
ELMI002284	LIG_eIF4E_2	O15523	37	44	7	7-10 aa	false	Y.PP.[ILMV]R
ELMI001233	LIG_KEPE_1	O15525	12	19	7	7-10 aa	false	[VILMFT]K.EP.[DE]
ELMI002593	TRG_NLS_MonoExtN_4	O15527	332	339	7	7-10 aa	false	(([PKR].{0,1}[^DE])|([PKR]))((K[RK])|(RK))(([^DE][KR])|([KR][^DE]))[^DE]
ELMI002311	MOD_NMyristoyl	O43149	0	7	7	7-10 aa	false	^M{0,1}(G)[^EDRKHPFYW]..[STAGCN][^P]
ELMI004046	LIG_DLG_GKlike_1	O43166	1628	1637	9	7-10 aa	false	(R..(S)[YFLM][^P][^P][L])|(R..(S)[YFLM][^P][^P][ASG][LMVIQT])
ELMI000033	LIG_TRAF6_MATH_1	O43187	523	532	9	7-10 aa	false	..P[^P]E[^P].[FYWHDE].
ELMI000034	LIG_TRAF6_MATH_1	O43187	554	563	9	7-10 aa	false	..P[^P]E[^P].[FYWHDE].
ELMI003653	MOD_DYRK1A_RPxSP_1	O43236	103	108	5	3-6 aa	false	R[PSVA].([ST])P
ELMI001520	LIG_FAT_LD_1	O43294	157	166	9	7-10 aa	false	[LV][DE][^P][LM][LM][^P][^P]L[^P]
ELMI003457	DOC_CYCLIN_RxL_1	O43303	582	593	11	11-15 aa	false	(.|([KRH].{0,3}))[^EDWNSG][^D][RK][^D]L.{0,1}[FL].{0,3}[EDST]
ELMI003829	MOD_CK1_1	O43312	318	325	7	7-10 aa	false	S..([ST])...
ELMI001652	LIG_Actin_WH2_2	O43312	727	744	17	16+ aa	false	[^R]..((.[ILMVF])|([ILMVF].))[^P][^P][ILVM].{4,7}L(([KR].)|(NK))[VATIGS]
ELMI004869	DOC_PP2B_LxvP_1	O43318	421	425	4	3-6 aa	true	L.VP
ELMI003098	DOC_MAPK_NFAT4_5	O43353	325	334	9	7-10 aa	false	[RK][^P][^P][LIM].L.[LIVMF].
ELMI003276	DOC_MAPK_MEF2A_6	O43353	326	335	9	7-10 aa	false	[RK].{2,4}[LIVMP].[LIV].[LIVMF]
ELMI002576	LIG_AP2alpha_2	O43426	1322	1325	3	3-6 aa	false	DP[FW]
ELMI002578	LIG_EH_1	O43426	1392	1397	5	3-6 aa	false	.NPF.
ELMI002579	LIG_EH_1	O43426	1402	1407	5	3-6 aa	false	.NPF.
ELMI002580	LIG_EH_1	O43426	1413	1418	5	3-6 aa	false	.NPF.
ELMI002577	LIG_AP2alpha_2	O43426	1554	1557	3	3-6 aa	false	DP[FW]
ELMI002091	LIG_eIF4E_1	O43432	623	630	7	7-10 aa	false	Y....L[VILMF]
ELMI003226	MOD_CDK_SPxxK_3	O43464	396	404	8	7-10 aa	false	...([ST])P..[RK]
ELMI003300	DOC_MAPK_DCC_7	O43497	1032	1041	9	7-10 aa	false	[RK].{2,4}[LIVP]P.[LIV].[LIVMF]|[RK].{2,4}[LIVP].P[LIV].[LIVMF]
ELMI001659	LIG_Actin_WH2_1	O43516	32	49	17	16+ aa	false	R..[ILVMF][ILMVF][^P][^P][ILVM].{4,7}L(([KR].)|(NK))[VATI]
ELMI002695	LIG_WH1	O43516	450	461	11	11-15 aa	false	ES[RK][FY].F[HR][PST][IVLM][DES][DE]
ELMI001705	LIG_EVH1_3	O43516	453	466	13	11-15 aa	false	[FY].[FW].....[LMVIF]P.P[DE]
ELMI000264	LIG_Dynein_DLC8_1	O43521	109	116	7	7-10 aa	false	[^P].[KR].TQT
ELMI002987	LIG_14-3-3_CanoR_1	O43524	28	34	6	3-6 aa	true	R[^DE]{0,2}[^DEPG]([ST])(([FWYLMV].)|([^PRIKGN]P)|([^PRIKGN].{2,4}[VILMFWYP]))
ELMI003024	LIG_14-3-3_CanoR_1	O43524	249	255	6	3-6 aa	true	R[^DE]{0,2}[^DEPG]([ST])(([FWYLMV].)|([^PRIKGN]P)|([^PRIKGN].{2,4}[VILMFWYP]))
ELMI003179	DOC_PP2A_B56_1	O43524	447	453	6	3-6 aa	true	([LMFYWIC]..I.E)|(L..[IVLWC].E).
ELMI000768	LIG_NRBOX	O43593	564	571	7	7-10 aa	false	[^P]L[^P][^P]LL[^P]
ELMI000769	LIG_NRBOX	O43593	756	763	7	7-10 aa	false	[^P]L[^P][^P]LL[^P]
ELMI002157	LIG_TYR_ITSM	O43613	78	86	8	7-10 aa	false	..T.(Y)..[IV]
ELMI002156	LIG_TYR_ITIM	O43613	355	361	6	3-6 aa	false	[ILV].(Y)..[ILV]
ELMI004055	LIG_LSD1_SNAG_1	O43623	0	10	10	7-10 aa	false	^M{0,1}PR.FLV[KR]K{0,1}.
ELMI003578	TRG_ER_FFAT_1	O43681	12	20	8	7-10 aa	false	[EDS].{0,4}[ED][FY][FYKREM][DE][AC].{1,2}[EDST]
ELMI001296	LIG_GLEBS_BUB3_1	O43683	247	256	9	7-10 aa	false	[EN][FYLW][NSQ].EE[ILMVF][^P][LIVMFA]
ELMI003267	LIG_APCC_ABBA_1	O43683	526	532	6	3-6 aa	false	[ILVMF].[ILMVP][FHY].[DE]
ELMI001010	DEG_APCC_KENBOX_2	O43683	533	538	5	3-6 aa	false	.KEN.
ELMI001011	DEG_APCC_KENBOX_2	O43683	623	628	5	3-6 aa	false	.KEN.
ELMI000767	LIG_HOMEOBOX	O43711	124	128	4	3-6 aa	false	[FY][DEP]WM
ELMI000766	LIG_HOMEOBOX	O43763	117	121	4	3-6 aa	false	[FY][DEP]WM
ELMI002046	DOC_ANK_TNKS_1	O43815	300	308	8	7-10 aa	false	.R..[PGAV][DEIP]G.
ELMI000107	LIG_Integrin_RGD_1	O43854	95	98	3	3-6 aa	false	RGD
ELMI001526	LIG_HCF-1_HBM_1	O43889	77	81	4	3-6 aa	false	[DE]H.Y
ELMI003003	LIG_14-3-3_CanoR_1	O43896	1088	1094	6	3-6 aa	false	R[^DE]{0,2}[^DEPG]([ST])(([FWYLMV].)|([^PRIKGN]P)|([^PRIKGN].{2,4}[VILMFWYP]))
ELMI002251	CLV_Separin_Metazoa	O60216	168	173	5	3-6 aa	false	E[IMPVL][MLVP]R.
ELMI002742	DOC_PP1_MyPhoNE_1	O60237	18	26	8	7-10 aa	false	R[^P][DEQ]Q[VIL]([RK][^P]|[^P][RK])[YW]
ELMI004451	LIG_LIR_Gen_1	O60238	34	41	7	7-10 aa	false	[EDST].{0,2}[WFY][^RKPGWFY][^PG][ILVFM]((.{0,4}[PLAFIVMY])|($)|(.{0,3}[ED]))
ELMI003061	DOC_MAPK_JIP1_4	O60239	342	349	7	7-10 aa	false	[RK]P[^P][^P]L.[LIVMF]
ELMI003503	LIG_IBAR_NPY_1	O60241	1416	1419	3	3-6 aa	false	NPY
ELMI001328	LIG_PTAP_UEV_1	O60291	404	410	6	3-6 aa	false	.P[TS]AP.
ELMI004618	LIG_ARS2_EDGEI_1	O60293	17	24	7	7-10 aa	false	E[ED]G[EQ][ILVM].{0,2}[DE]
ELMI004619	LIG_ARS2_EDGEI_1	O60293	22	30	8	7-10 aa	false	E[ED]G[EQ][ILVM].{0,2}[DE]
ELMI000260	LIG_CtBP_PxDLS_1	O60315	784	789	5	3-6 aa	false	(P[LVIPME][DENS][LM][VASTRG])|(G[LVIPME][DENS][LM][VASTRG]((K)|(.[KR])))
ELMI000261	LIG_CtBP_PxDLS_1	O60315	814	819	5	3-6 aa	false	(P[LVIPME][DENS][LM][VASTRG])|(G[LVIPME][DENS][LM][VASTRG]((K)|(.[KR])))
ELMI000262	LIG_CtBP_PxDLS_1	O60315	858	863	5	3-6 aa	false	(P[LVIPME][DENS][LM][VASTRG])|(G[LVIPME][DENS][LM][VASTRG]((K)|(.[KR])))
ELMI003092	DOC_MAPK_NFAT4_5	O60336	1292	1301	9	7-10 aa	false	[RK][^P][^P][LIM].L.[LIVMF].
ELMI003841	MOD_CK2_1	O60341	127	134	7	7-10 aa	false	...([ST])..E
ELMI003842	MOD_CK2_1	O60341	133	140	7	7-10 aa	false	...([ST])..E
ELMI003674	LIG_FZD_DVL_PDZ	O60353	492	503	11	11-15 aa	false	W.{0,1}[VIL].[ST].KA{0,1}T...W
ELMI003906	LIG_SH2_STAP1	O60500	1216	1221	5	3-6 aa	false	(Y)[DESTA][^GP][^GP][ILVFMWYA]
ELMI002099	LIG_eIF4E_1	O60516	39	46	7	7-10 aa	false	Y....L[VILMF]
ELMI001213	DOC_WD40_RPTOR_TOS_1	O60516	95	100	5	3-6 aa	false	F[EDQS][MILV][ED][MILV]((.{0,1}[ED])|($))
ELMI002601	DEG_APCC_KENBOX_2	O60566	24	29	5	3-6 aa	false	.KEN.
ELMI004595	DEG_APCC_DBOX_1	O60566	222	231	9	7-10 aa	false	.R..L..[LIVM].
ELMI003271	LIG_APCC_ABBA_1	O60566	271	277	6	3-6 aa	false	[ILVMF].[ILMVP][FHY].[DE]
ELMI002600	DEG_APCC_KENBOX_2	O60566	302	307	5	3-6 aa	false	.KEN.
ELMI003272	LIG_APCC_ABBA_1	O60566	339	345	6	3-6 aa	false	[ILVMF].[ILMVP][FHY].[DE]
ELMI001297	LIG_GLEBS_BUB3_1	O60566	408	417	9	7-10 aa	false	[EN][FYLW][NSQ].EE[ILMVF][^P][LIVMFA]
ELMI003266	LIG_APCC_ABBA_1	O60566	527	533	6	3-6 aa	false	[ILVMF].[ILMVP][FHY].[DE]
ELMI003165	DOC_PP2A_B56_1	O60566	668	674	6	3-6 aa	false	([LMFYWIC]..I.E)|(L..[IVLWC].E).
ELMI003287	DOC_MAPK_MEF2A_6	O60583	500	509	9	7-10 aa	false	[RK].{2,4}[LIVMP].[LIV].[LIVMF]
ELMI000299	LIG_AP2alpha_1	O60641	439	444	5	3-6 aa	true	F.D.F
ELMI000300	LIG_AP2alpha_1	O60641	563	568	5	3-6 aa	true	F.D.F
ELMI000301	LIG_AP2alpha_1	O60641	641	646	5	3-6 aa	true	F.D.F
ELMI000915	TRG_NES_CRM1_1	O60716	941	956	15	11-15 aa	false	([DEQ].{0,1}[LIM].{2,3}[LIVMF][^P]{2,3}[LMVF].[LMIV].{0,3}[DE])|([DE].{0,1}[LIM].{2,3}[LIVMF][^P]{2,3}[LMVF].[LMIV].{0,3}[DEQ])
ELMI000951	MOD_PIKK_1	O60934	339	346	7	7-10 aa	false	...([ST])Q..
ELMI001948	DOC_PIKK_1	O60934	735	743	8	7-10 aa	false	[DEN][DEN].{2,3}[ILMVA][DEN][DEN]L
ELMI003942	DOC_PP4_MxPP_1	O60942	584	588	4	3-6 aa	true	M.PP
ELMI000511	TRG_LysEnd_GGAAcLL_1	O75074	763	770	7	7-10 aa	false	D..LL.{1,2}$
ELMI003671	LIG_FZD_DVL_PDZ	O75084	546	557	11	11-15 aa	false	W.{0,1}[VIL].[ST].KA{0,1}T...W
ELMI001287	LIG_SxIP_EBH_1	O75122	491	502	11	11-15 aa	false	([KR][^ED]{0,5}[ST].IP[^ED]{5,5})|([^ED]{5,5}[ST].IP[^ED]{0,5}[KR])
ELMI001288	LIG_SxIP_EBH_1	O75122	514	525	11	11-15 aa	false	([KR][^ED]{0,5}[ST].IP[^ED]{5,5})|([^ED]{5,5}[ST].IP[^ED]{0,5}[KR])
ELMI004455	LIG_LIR_Gen_1	O75143	442	452	10	7-10 aa	false	[EDST].{0,2}[WFY][^RKPGWFY][^PG][ILVFM]((.{0,4}[PLAFIVMY])|($)|(.{0,3}[ED]))
ELMI002889	MOD_SUMO_rev_2	O75152	110	116	6	3-6 aa	false	[SDE].{0,5}[DE].(K).{0,1}[AIFLMPSTV]
ELMI002888	MOD_SUMO_rev_2	O75152	474	479	5	3-6 aa	false	[SDE].{0,5}[DE].(K).{0,1}[AIFLMPSTV]
ELMI004551	LIG_CaMK_CASK_1	O75334	976	984	8	7-10 aa	false	[STED].{0,2}[IV]W[IVLM].[RHK]
ELMI004819	LIG_CtBP_RRT_2	O75362	751	760	9	7-10 aa	false	[RG]RT[GSAT].PP..
ELMI002868	DEG_SPOP_SBC_1	O75367	170	175	5	3-6 aa	false	[AVP].[ST][ST][ST]
ELMI002476	LIG_MYND_2	O75376	1032	1037	5	3-6 aa	false	PP.LI
ELMI000751	LIG_CORNRBOX	O75376	2050	2059	9	7-10 aa	false	L[^P]{2,2}[HI]I[^P]{2,2}[IAV][IL]
ELMI000752	LIG_CORNRBOX	O75376	2262	2271	9	7-10 aa	false	L[^P]{2,2}[HI]I[^P]{2,2}[IAV][IL]
ELMI004481	LIG_LIR_Gen_1	O75385	355	365	10	7-10 aa	false	[EDST].{0,2}[WFY][^RKPGWFY][^PG][ILVFM]((.{0,4}[PLAFIVMY])|($)|(.{0,3}[ED]))
ELMI001245	LIG_KEPE_2	O75444	31	40	9	7-10 aa	false	[VILMFT]K.EP.{2,3}[DE]
ELMI000946	LIG_ULM_U2AF65_1	O75533	194	201	7	7-10 aa	false	[KR]{1,4}[KR].[KR]W.
ELMI000947	LIG_ULM_U2AF65_1	O75533	288	294	6	3-6 aa	false	[KR]{1,4}[KR].[KR]W.
ELMI000948	LIG_ULM_U2AF65_1	O75533	332	339	7	7-10 aa	false	[KR]{1,4}[KR].[KR]W.
ELMI001107	DEG_SIAH_1	O75553	359	368	9	7-10 aa	false	.P.A.V.P[^P]
ELMI004376	LIG_SH3_CIN85_PxpxPR_1	O75553	515	521	6	3-6 aa	false	P.[AP].PR
ELMI002902	LIG_GSK3_LRP6_1	O75581	1486	1492	6	3-6 aa	false	(([CP]PP)|(PP[TP]))[ST]P[^P][TS]{0,1}
ELMI002903	LIG_GSK3_LRP6_1	O75581	1526	1532	6	3-6 aa	false	(([CP]PP)|(PP[TP]))[ST]P[^P][TS]{0,1}
ELMI002904	LIG_GSK3_LRP6_1	O75581	1568	1574	6	3-6 aa	false	(([CP]PP)|(PP[TP]))[ST]P[^P][TS]{0,1}
ELMI002905	LIG_GSK3_LRP6_1	O75581	1586	1592	6	3-6 aa	false	(([CP]PP)|(PP[TP]))[ST]P[^P][TS]{0,1}
ELMI002906	LIG_GSK3_LRP6_1	O75581	1603	1609	6	3-6 aa	false	(([CP]PP)|(PP[TP]))[ST]P[^P][TS]{0,1}
ELMI003708	LIG_SH2_STAP1	O75582	422	427	5	3-6 aa	false	(Y)[DESTA][^GP][^GP][ILVFMWYA]
ELMI002944	DOC_MAPK_RevD_3	O75582	729	744	15	11-15 aa	false	[LIVMPFA].[LIV].{1,2}[LIVMP].{4,6}[LIV]..[RK][RK]
ELMI001335	LIG_PTAP_UEV_1	O75674	177	183	6	3-6 aa	false	.P[TS]AP.
ELMI001333	LIG_PTAP_UEV_1	O75674	308	314	6	3-6 aa	false	.P[TS]AP.
ELMI002945	DOC_MAPK_RevD_3	O75676	716	731	15	11-15 aa	false	[LIVMPFA].[LIV].{1,2}[LIVMP].{4,6}[LIV]..[RK][RK]
ELMI002312	MOD_NMyristoyl	O75695	0	7	7	7-10 aa	false	^M{0,1}(G)[^EDRKHPFYW]..[STAGCN][^P]
ELMI004751	LIG_MSH2_SHIPbox_1	O75717	1116	1126	10	7-10 aa	false	[LIVMFWYTA].{2,3}[LI][^P]{2,3}[FY].[FYW]
ELMI002286	LIG_eIF4E_2	O75821	212	219	7	7-10 aa	false	Y.PP.[ILMV]R
ELMI003833	MOD_CK2_1	O75822	123	130	7	7-10 aa	false	...([ST])..E
ELMI002770	LIG_SUMO_SIM_par_1	O75925	457	463	6	3-6 aa	false	[DEST]{0,5}.[VILPTM][VIL][DESTVILMA][VIL].{0,1}[DEST]{1,10}
ELMI002771	LIG_SUMO_SIM_par_1	O75928	467	473	6	3-6 aa	false	[DEST]{0,5}.[VILPTM][VIL][DESTVILMA][VIL].{0,1}[DEST]{1,10}
ELMI000574	MOD_N-GLC_1	O76024	26	32	6	3-6 aa	false	.(N)[^P][ST]..
ELMI000575	MOD_N-GLC_1	O76024	333	339	6	3-6 aa	false	.(N)[^P][ST]..
ELMI000576	MOD_N-GLC_1	O76024	498	504	6	3-6 aa	false	.(N)[^P][ST]..
ELMI000577	MOD_N-GLC_1	O76024	659	665	6	3-6 aa	false	.(N)[^P][ST]..
ELMI000578	MOD_N-GLC_1	O76024	744	750	6	3-6 aa	false	.(N)[^P][ST]..
ELMI003669	MOD_DYRK1A_RPxSP_1	O76039	716	721	5	3-6 aa	false	R[PSVA].([ST])P
ELMI003919	LIG_PCNA_PIPBox_1	O94762	963	973	10	7-10 aa	false	[QM].[^FHWY][LIVM][^P][^PFWYMLIV](([FYHL][FYW])|([FYH][FYWL]))..
ELMI004303	TRG_DiLeu_LyEn_5	O94823	25	31	6	3-6 aa	false	[E]..[RP]L[LI]
ELMI004377	LIG_SH3_CIN85_PxpxPR_1	O94850	142	148	6	3-6 aa	false	P.[AP].PR
ELMI004848	DOC_PP2B_LxvP_1	O94875	341	345	4	3-6 aa	false	L.VP
ELMI003321	LIG_LRP6_Inhibitor_1	O94907	36	43	7	7-10 aa	false	([VILA]..N.I[RK])|([VILA].PN.IG.{0,6}[RK])
ELMI003821	MOD_CK1_1	O94916	154	161	7	7-10 aa	false	S..([ST])...
ELMI002660	LIG_EF_ALG2_ABM_2	O94979	838	843	5	3-6 aa	false	P.P.{0,1}GF
ELMI002659	LIG_EF_ALG2_ABM_1	O94979	869	879	10	7-10 aa	false	P[PG]{0,1}YP.{1,6}Y[QS]{0,1}P
ELMI004598	DEG_Kelch_KLHL12_1	O94979	956	962	6	3-6 aa	false	[PGA]PG[AG]PP
ELMI002926	LIG_KLC1_WD_1	O94985	900	910	10	7-10 aa	false	[LMTAFSRI][^KRG]W[DE].{3,5}[LIVMFPA]
ELMI002927	LIG_KLC1_WD_1	O94985	971	979	8	7-10 aa	false	[LMTAFSRI][^KRG]W[DE].{3,5}[LIVMFPA]
ELMI001125	LIG_EH_1	O95081	364	369	5	3-6 aa	false	.NPF.
ELMI001126	LIG_EH_1	O95081	379	384	5	3-6 aa	false	.NPF.
ELMI001127	LIG_EH_1	O95081	457	462	5	3-6 aa	false	.NPF.
ELMI001128	LIG_EH_1	O95081	476	481	5	3-6 aa	false	.NPF.
ELMI001255	TRG_NES_CRM1_1	O95149	1	17	16	16+ aa	false	([DEQ].{0,1}[LIM].{2,3}[LIVMF][^P]{2,3}[LMVF].[LMIV].{0,3}[DE])|([DE].{0,1}[LIM].{2,3}[LIVMF][^P]{2,3}[LMVF].[LMIV].{0,3}[DEQ])
ELMI004871	DOC_PP2B_LxvP_1	O95180	2260	2264	4	3-6 aa	false	L.VP
ELMI004771	DOC_PP2B_PxIxIT_1	O95180	2263	2269	6	3-6 aa	false	P[^P][ILVF][^P][ILVF][TSHDEQNKR]
ELMI004447	LIG_LIR_Gen_1	O95197	245	256	11	11-15 aa	false	[EDST].{0,2}[WFY][^RKPGWFY][^PG][ILVFM]((.{0,4}[PLAFIVMY])|($)|(.{0,3}[ED]))
ELMI004108	LIG_WRC_WIRS_1	O95206	983	989	6	3-6 aa	false	[FYILMV].[TS]F(G|[^P]).
ELMI001210	TRG_AP2beta_CARGO_1	O95208	455	465	10	7-10 aa	false	[DE].{1,2}F[^P][^P][FL][^P][^P][^P]R
ELMI001148	LIG_EH_1	O95208	535	540	5	3-6 aa	false	.NPF.
ELMI001149	LIG_EH_1	O95208	550	555	5	3-6 aa	false	.NPF.
ELMI001150	LIG_EH_1	O95208	635	640	5	3-6 aa	false	.NPF.
ELMI003166	DOC_PP2A_B56_1	O95239	1223	1229	6	3-6 aa	false	([LMFYWIC]..I.E)|(L..[IVLWC].E).
ELMI000080	LIG_CtBP_PxDLS_1	O95600	85	90	5	3-6 aa	false	(P[LVIPME][DENS][LM][VASTRG])|(G[LVIPME][DENS][LM][VASTRG]((K)|(.[KR])))
ELMI002252	CLV_Separin_Metazoa	O95613	2227	2232	5	3-6 aa	false	E[IMPVL][MLVP]R.
ELMI004781	LIG_SH3_PxxxRxxKP_6	O95630	230	239	9	7-10 aa	false	P.[VIF][DNH]R[^P][^P]KP
ELMI004810	DOC_PP2B_PxIxIT_1	O95644	117	123	6	3-6 aa	false	P[^P][ILVF][^P][ILVF][TSHDEQNKR]
ELMI002145	MOD_GSK3_1	O95644	237	245	8	7-10 aa	false	...([ST])...[ST]
ELMI002150	MOD_PKA_2	O95644	241	248	7	7-10 aa	false	.R.([ST])[^P]..
ELMI003662	MOD_DYRK1A_RPxSP_1	O95644	257	262	5	3-6 aa	false	R[PSVA].([ST])P
ELMI002148	MOD_PKA_1	O95644	265	272	7	7-10 aa	false	[RK][RK].([ST])[^P]..
ELMI002146	MOD_GSK3_1	O95644	286	294	8	7-10 aa	false	...([ST])...[ST]
ELMI002151	MOD_PKA_2	O95644	290	297	7	7-10 aa	false	.R.([ST])[^P]..
ELMI001246	LIG_KEPE_2	O95644	347	356	9	7-10 aa	false	[VILMFT]K.EP.{2,3}[DE]
ELMI002687	DOC_PP2B_LxvP_1	O95644	386	390	4	3-6 aa	false	L.VP
ELMI001247	LIG_KEPE_2	O95644	700	708	8	7-10 aa	false	[VILMFT]K.EP.{2,3}[DE]
ELMI001248	LIG_KEPE_2	O95644	912	921	9	7-10 aa	false	[VILMFT]K.EP.{2,3}[DE]
ELMI003518	TRG_ER_FFAT_2	O95772	204	214	10	7-10 aa	false	[EDS].{0,4}[EDSQN][FY][FYMITH]([ST])[ACP].{1,2}[EDST]
ELMI004057	LIG_LSD1_SNAG_1	O95863	0	10	10	7-10 aa	false	^M{0,1}PR.FLV[KR]K{0,1}.
ELMI002144	MOD_GSK3_1	O95863	92	100	8	7-10 aa	false	...([ST])...[ST]
ELMI001312	DEG_SCF_TRCP1_1	O95863	94	100	6	3-6 aa	false	D(S)G.{2,3}([ST])
ELMI004042	LIG_DLG_GKlike_1	O95886	392	401	9	7-10 aa	false	(R..(S)[YFLM][^P][^P][L])|(R..(S)[YFLM][^P][^P][ASG][LMVIQT])
ELMI003063	DOC_MAPK_JIP1_4	O95996	962	969	7	7-10 aa	false	[RK]P[^P][^P]L.[LIVMF]
ELMI001013	DEG_APCC_KENBOX_2	O95997	7	12	5	3-6 aa	false	.KEN.
ELMI000954	MOD_PIKK_1	O96017	64	71	7	7-10 aa	false	...([ST])Q..
ELMI000980	LIG_FHA_1	O96017	65	72	7	7-10 aa	false	..(T)..[ILV].
ELMI003170	DOC_PP2A_B56_1	O96017	70	76	6	3-6 aa	false	([LMFYWIC]..I.E)|(L..[IVLWC].E).
ELMI000124	MOD_N-GLC_2	P00533	55	58	3	3-6 aa	false	(N)[^P]C
ELMI000289	TRG_ENDOCYTIC_2	P00533	997	1001	4	3-6 aa	false	Y..[LMVIF]
ELMI004891	LIG_SH2_SFK_2	P00533	1089	1096	7	7-10 aa	false	[^KR][^KR](Y)([DEVYI][^KRH][ILVF]|[DEVYI][^KRH][AQPMCW]|[NQSTAFL][^KRH][ILVF])((.{0,3}[DE])|.|$)
ELMI003693	LIG_SH2_GRB2like	P00533	1091	1095	4	3-6 aa	false	(Y)([EDST]|[MLIVAFYHQW])N.
ELMI001544	LIG_PTB_Phospho_1	P00533	1103	1110	7	7-10 aa	false	(.[^P].NP.(Y))|(.[ILVMFY].N..(Y))
ELMI003694	LIG_SH2_GRB2like	P00533	1109	1113	4	3-6 aa	false	(Y)([EDST]|[MLIVAFYHQW])N.
ELMI002349	LIG_PTB_Phospho_1	P00533	1165	1172	7	7-10 aa	false	(.[^P].NP.(Y))|(.[ILVMFY].N..(Y))
ELMI000223	MOD_OGLYCOS	P00740	96	102	6	3-6 aa	false	C.(S).PC
ELMI002734	MOD_ASX_betaOH_EGF	P00740	107	119	12	11-15 aa	false	C.([DN]).{4,4}[FY].C.C
ELMI000601	MOD_N-GLC_1	P00740	201	207	6	3-6 aa	false	.(N)[^P][ST]..
ELMI000602	MOD_N-GLC_1	P00740	211	217	6	3-6 aa	false	.(N)[^P][ST]..
ELMI002737	MOD_ASX_betaOH_EGF	P00742	100	112	12	11-15 aa	false	C.([DN]).{4,4}[FY].C.C
ELMI000224	MOD_OFUCOSY	P00749	32	39	7	7-10 aa	false	C.{3,5}([ST])C
ELMI000225	MOD_OFUCOSY	P00750	90	97	7	7-10 aa	false	C.{3,5}([ST])C
ELMI002719	CLV_PCSK_PC1ET2_1	P00797	64	67	3	3-6 aa	false	KR.
ELMI003585	LIG_FXI_DFP_1	P01042	602	607	5	3-6 aa	false	[FYWHIL].DF[PD]
ELMI001242	LIG_KEPE_2	P01100	263	271	8	7-10 aa	false	[VILMFT]K.EP.{2,3}[DE]
ELMI003048	DOC_MAPK_FxFP_2	P01100	342	346	4	3-6 aa	false	F.[FY]P
ELMI001386	DEG_SCF_FBW7_1	P01106	54	62	8	7-10 aa	false	[LIVMP].{0,2}(T)P..([ST])
ELMI001862	MOD_GSK3_1	P01106	54	62	8	7-10 aa	false	...([ST])...[ST]
ELMI001982	DOC_WW_Pin1_4	P01106	54	60	6	3-6 aa	false	...([ST])P.
ELMI002301	DOC_WW_Pin1_4	P01106	58	64	6	3-6 aa	false	...([ST])P.
ELMI002432	MOD_ProDKin_1	P01106	58	65	7	7-10 aa	false	...([ST])P..
ELMI002132	LIG_SH3_2	P01106	59	65	6	3-6 aa	false	P..P.[KR]
ELMI001432	MOD_ProDKin_1	P01106	67	74	7	7-10 aa	false	...([ST])P..
ELMI001381	TRG_NLS_MonoExtN_4	P01106	319	327	8	7-10 aa	false	(([PKR].{0,1}[^DE])|([PKR]))((K[RK])|(RK))(([^DE][KR])|([KR][^DE]))[^DE]
ELMI001382	TRG_NLS_MonoExtC_3	P01106	321	328	7	7-10 aa	false	[^DE]((K[RK])|(RK))(([^DE][KR])|([KR][^DE]))(([PKR])|([^DE][DE]))
ELMI002107	MOD_SPalmitoyl_2	P01111	179	186	7	7-10 aa	false	G(C)M[GS][CL][KP]C
ELMI003438	MOD_CAAXbox	P01111	185	189	4	3-6 aa	false	(C)[^DENQ][LIVMF].$
ELMI000313	MOD_SPalmitoyl_2	P01112	179	186	7	7-10 aa	false	G(C)M[GS][CL][KP]C
ELMI003437	MOD_CAAXbox	P01112	185	189	4	3-6 aa	false	(C)[^DENQ][LIVMF].$
ELMI003439	MOD_CAAXbox	P01116	185	189	4	3-6 aa	false	(C)[^DENQ][LIVMF].$
ELMI001564	LIG_PTB_Apo_2	P01130	821	829	8	7-10 aa	false	(.[^P].NP.[FY].)|(.[ILVMFY].N..[FY].)
ELMI004152	LIG_Integrin_RGD_TGFB_3	P01137	243	250	7	7-10 aa	false	RGDL[^P][^P][LI]
ELMI000606	MOD_N-GLC_1	P01225	23	29	6	3-6 aa	false	.(N)[^P][ST]..
ELMI000343	MOD_N-GLC_1	P01266	74	80	6	3-6 aa	false	.(N)[^P][ST]..
ELMI000518	MOD_N-GLC_1	P01266	108	114	6	3-6 aa	false	.(N)[^P][ST]..
ELMI000519	MOD_N-GLC_1	P01266	196	202	6	3-6 aa	false	.(N)[^P][ST]..
ELMI000520	MOD_N-GLC_1	P01266	482	488	6	3-6 aa	false	.(N)[^P][ST]..
ELMI000521	MOD_N-GLC_1	P01266	527	533	6	3-6 aa	false	.(N)[^P][ST]..
ELMI000522	MOD_N-GLC_1	P01266	746	752	6	3-6 aa	false	.(N)[^P][ST]..
ELMI000523	MOD_N-GLC_1	P01266	814	820	6	3-6 aa	false	.(N)[^P][ST]..
ELMI000524	MOD_N-GLC_1	P01266	945	951	6	3-6 aa	false	.(N)[^P][ST]..
ELMI000525	MOD_N-GLC_1	P01266	1218	1224	6	3-6 aa	false	.(N)[^P][ST]..
ELMI000526	MOD_N-GLC_1	P01266	1346	1352	6	3-6 aa	false	.(N)[^P][ST]..
ELMI000527	MOD_N-GLC_1	P01266	1363	1369	6	3-6 aa	false	.(N)[^P][ST]..
ELMI000528	MOD_N-GLC_1	P01266	1714	1720	6	3-6 aa	false	.(N)[^P][ST]..
ELMI000529	MOD_N-GLC_1	P01266	1772	1778	6	3-6 aa	false	.(N)[^P][ST]..
ELMI000530	MOD_N-GLC_1	P01266	2011	2017	6	3-6 aa	false	.(N)[^P][ST]..
ELMI000531	MOD_N-GLC_1	P01266	2248	2254	6	3-6 aa	false	.(N)[^P][ST]..
ELMI000532	MOD_N-GLC_1	P01266	2293	2299	6	3-6 aa	false	.(N)[^P][ST]..
ELMI000533	MOD_N-GLC_1	P01266	2580	2586	6	3-6 aa	false	.(N)[^P][ST]..
ELMI004293	TRG_DiLeu_BaLyEn_6	P01730	433	439	6	3-6 aa	false	[^E]..[RP]L[LI]
ELMI004876	LIG_Integrin_collagen_1	P02452	679	685	6	3-6 aa	false	G[FLMR](P)GE[RKNA]
ELMI004874	LIG_Integrin_collagen_1	P02458	326	332	6	3-6 aa	false	G[FLMR](P)GE[RKNA]
ELMI004875	LIG_Integrin_collagen_1	P02458	701	707	6	3-6 aa	false	G[FLMR](P)GE[RKNA]
ELMI004879	LIG_Integrin_collagen_1	P02461	287	293	6	3-6 aa	false	G[FLMR](P)GE[RKNA]
ELMI004880	LIG_Integrin_collagen_1	P02462	384	390	6	3-6 aa	false	G[FLMR](P)GE[RKNA]
ELMI000605	MOD_N-GLC_1	P02730	640	646	6	3-6 aa	false	.(N)[^P][ST]..
ELMI000341	MOD_CMANNOS	P02748	47	51	4	3-6 aa	false	(W)..W
ELMI002206	LIG_Integrin_isoDGR_2	P02751	262	265	3	3-6 aa	false	NGR
ELMI002207	LIG_Integrin_isoDGR_2	P02751	366	369	3	3-6 aa	false	NGR
ELMI002208	LIG_Integrin_isoDGR_2	P02751	500	503	3	3-6 aa	false	NGR
ELMI004918	LIG_Integrin_RGDSP_6	P02751	1614	1619	5	3-6 aa	false	RGDSP{0,1}
ELMI000290	TRG_ENDOCYTIC_2	P02786	19	23	4	3-6 aa	false	Y..[LMVIF]
ELMI000115	LIG_Integrin_RGD_1	P04004	63	66	3	3-6 aa	false	RGD
ELMI000365	TRG_ER_diLys_1	P04035	884	888	4	3-6 aa	false	K.{0,1}K.{2,3}$
ELMI000007	TRG_PTS1	P04040	523	527	4	3-6 aa	false	(.[SAPTC][KRH][LMFI]$)|([KRH][SAPTC][NTS][LMFI]$)
ELMI003010	LIG_14-3-3_CanoR_1	P04049	230	235	5	3-6 aa	false	R[^DE]{0,2}[^DEPG]([ST])(([FWYLMV].)|([^PRIKGN]P)|([^PRIKGN].{2,4}[VILMFWYP]))
ELMI002553	MOD_PKB_1	P04049	253	262	9	7-10 aa	false	R.R..([ST])[^P]..
ELMI003008	LIG_14-3-3_CanoR_1	P04049	253	263	10	7-10 aa	false	R[^DE]{0,2}[^DEPG]([ST])(([FWYLMV].)|([^PRIKGN]P)|([^PRIKGN].{2,4}[VILMFWYP]))
ELMI003009	LIG_14-3-3_CanoR_1	P04049	617	623	6	3-6 aa	false	R[^DE]{0,2}[^DEPG]([ST])(([FWYLMV].)|([^PRIKGN]P)|([^PRIKGN].{2,4}[VILMFWYP]))
ELMI004913	LIG_Integrin_RGDSP_6	P04070	219	224	5	3-6 aa	false	RGDSP{0,1}
ELMI000121	MOD_N-GLC_2	P04070	370	373	3	3-6 aa	false	(N)[^P]C
ELMI000860	MOD_SUMO_for_1	P04150	275	279	4	3-6 aa	false	[VILMAFP](K).E
ELMI000861	MOD_SUMO_for_1	P04150	291	295	4	3-6 aa	false	[VILMAFP](K).E
ELMI000599	MOD_N-GLC_1	P04156	179	185	6	3-6 aa	false	.(N)[^P][ST]..
ELMI000600	MOD_N-GLC_1	P04156	195	201	6	3-6 aa	false	.(N)[^P][ST]..
ELMI002072	TRG_ER_diArg_1	P04233	2	5	3	3-6 aa	false	([LIVMFYWPR]R[^YFWDE]{0,1}R)|(R[^YFWDE]{0,1}R[LIVMFYWPR])
ELMI002183	LIG_TYR_ITAM	P04234	145	163	18	16+ aa	false	[DEN]..(Y)..[LI].{6,12}(Y)..[LI]
ELMI000123	MOD_N-GLC_2	P04275	1146	1149	3	3-6 aa	false	(N)[^P]C
ELMI000113	LIG_Integrin_RGD_1	P04275	2506	2509	3	3-6 aa	false	RGD
ELMI004916	LIG_Integrin_RGDSP_6	P04275	2506	2510	4	3-6 aa	false	RGDSP{0,1}
ELMI000813	LIG_SH2_GRB2like	P04626	1138	1142	4	3-6 aa	false	(Y)([EDST]|[MLIVAFYHQW])N.
ELMI001587	LIG_PDZ_Class_2	P04626	1249	1255	6	3-6 aa	false	...[VLIFY].[ACVILF]$
ELMI001541	LIG_PTB_Phospho_1	P04629	489	496	7	7-10 aa	false	(.[^P].NP.(Y))|(.[ILVMFY].N..(Y))
ELMI000949	MOD_PIKK_1	P04637	11	18	7	7-10 aa	false	...([ST])Q..
ELMI002258	MOD_CK1_1	P04637	14	21	7	7-10 aa	false	S..([ST])...
ELMI002838	DEG_MDM2_SWIB_1	P04637	18	26	8	7-10 aa	false	F[^P]{3}W[^P]{2,3}[VIL]
ELMI001859	MOD_GSK3_1	P04637	29	37	8	7-10 aa	false	...([ST])...[ST]
ELMI001957	DOC_WW_Pin1_4	P04637	29	35	6	3-6 aa	false	...([ST])P.
ELMI001995	DOC_WW_Pin1_4	P04637	77	83	6	3-6 aa	false	...([ST])P.
ELMI001394	TRG_NLS_Bipartite_1	P04637	304	323	19	16+ aa	false	[KR][KR].{7,15}[^DE]((K[RK])|(RK))(([^DE][KR])|([KR][^DE]))[^DE]
ELMI001996	DOC_WW_Pin1_4	P04637	311	317	6	3-6 aa	false	...([ST])P.
ELMI003229	MOD_CDK_SPxxK_3	P04637	311	319	8	7-10 aa	false	...([ST])P..[RK]
ELMI000923	TRG_NES_CRM1_1	P04637	338	352	14	11-15 aa	false	([DEQ].{0,1}[LIM].{2,3}[LIVMF][^P]{2,3}[LMVF].[LMIV].{0,3}[DE])|([DE].{0,1}[LIM].{2,3}[LIVMF][^P]{2,3}[LMVF].[LMIV].{0,3}[DEQ])
ELMI001067	DOC_USP7_MATH_1	P04637	358	363	5	3-6 aa	false	[PA][^P][^FYWIL]S[^P]
ELMI001068	DOC_USP7_MATH_1	P04637	363	368	5	3-6 aa	false	[PA][^P][^FYWIL]S[^P]
ELMI000051	DOC_CYCLIN_RxL_1	P04637	377	388	11	11-15 aa	false	(.|([KRH].{0,3}))[^EDWNSG][^D][RK][^D]L.{0,1}[FL].{0,3}[EDST]
ELMI000091	MOD_SUMO_for_1	P04637	384	388	4	3-6 aa	false	[VILMAFP](K).E
ELMI001578	LIG_PDZ_Class_2	P04921	122	128	6	3-6 aa	false	...[VLIFY].[ACVILF]$
ELMI002136	DOC_WW_Pin1_4	P05067	739	745	6	3-6 aa	false	...([ST])P.
ELMI001555	LIG_PTB_Apo_2	P05067	755	763	8	7-10 aa	false	(.[^P].NP.[FY].)|(.[ILVMFY].N..[FY].)
ELMI002125	LIG_SH2_GRB2like	P05067	756	760	4	3-6 aa	false	(Y)([EDST]|[MLIVAFYHQW])N.
ELMI001539	LIG_PTB_Phospho_1	P05106	766	773	7	7-10 aa	false	(.[^P].NP.(Y))|(.[ILVMFY].N..(Y))
ELMI001559	LIG_PTB_Apo_2	P05106	766	774	8	7-10 aa	false	(.[^P].NP.[FY].)|(.[ILVMFY].N..[FY].)
ELMI001548	LIG_PTB_Phospho_1	P05106	778	785	7	7-10 aa	false	(.[^P].NP.(Y))|(.[ILVMFY].N..(Y))
ELMI001571	LIG_PTB_Apo_2	P05106	778	786	8	7-10 aa	false	(.[^P].NP.[FY].)|(.[ILVMFY].N..[FY].)
ELMI001569	LIG_PTB_Apo_2	P05107	759	767	8	7-10 aa	false	(.[^P].NP.[FY].)|(.[ILVMFY].N..[FY].)
ELMI000607	MOD_N-GLC_1	P05111	300	306	6	3-6 aa	false	.(N)[^P][ST]..
ELMI001020	DOC_MAPK_gen_1	P05412	31	42	11	11-15 aa	false	[KR]{0,2}[KR].{0,2}[KR].{2,4}[ILVM].[ILVF]
ELMI003097	DOC_MAPK_NFAT4_5	P05412	34	43	9	7-10 aa	false	[RK][^P][^P][LIM].L.[LIVMF].
ELMI001965	DOC_WW_Pin1_4	P05412	59	65	6	3-6 aa	false	...([ST])P.
ELMI001966	DOC_WW_Pin1_4	P05412	69	75	6	3-6 aa	false	...([ST])P.
ELMI001238	LIG_KEPE_3	P05412	224	234	10	7-10 aa	false	[VILMFT]K.EP....[DE]
ELMI000268	DEG_COP1_1	P05412	226	235	9	7-10 aa	false	[STDE]{1,3}.{0,2}[TSDE].{2,3}VP[STDE]G{0,1}[FLIMVYPA]
ELMI001387	DEG_SCF_FBW7_1	P05412	235	243	8	7-10 aa	false	[LIVMP].{0,2}(T)P..([ST])
ELMI001860	MOD_GSK3_1	P05412	235	243	8	7-10 aa	false	...([ST])...[ST]
ELMI000964	MOD_PIKK_1	P05412	245	252	7	7-10 aa	false	...([ST])Q..
ELMI003845	MOD_CK2_1	P05549	425	432	7	7-10 aa	true	...([ST])..E
ELMI001553	LIG_PTB_Apo_2	P05556	776	784	8	7-10 aa	false	(.[^P].NP.[FY].)|(.[ILVMFY].N..[FY].)
ELMI001558	LIG_PTB_Apo_2	P05556	788	796	8	7-10 aa	false	(.[^P].NP.[FY].)|(.[ILVMFY].N..[FY].)
ELMI001461	MOD_ProDKin_1	P05787	70	77	7	7-10 aa	false	...([ST])P..
ELMI001540	LIG_PTB_Phospho_1	P06213	992	999	7	7-10 aa	false	(.[^P].NP.(Y))|(.[ILVMFY].N..(Y))
ELMI002130	LIG_SH2_STAT5	P06213	1360	1364	4	3-6 aa	false	(Y)[VLTFIC]..
ELMI000316	MOD_SPalmitoyl_4	P06239	0	7	7	7-10 aa	false	^M{0,1}G(C)..S[AKS]
ELMI004908	LIG_SH2_SFK_CTail_3	P06239	504	509	5	3-6 aa	false	((Y)QPG[ED])|((Y)Q.QP$)
ELMI000129	MOD_TYR_CSK	P06241	526	535	9	7-10 aa	true	[TAD][EA].Q(Y)[QE].[GQA][PEDLS]
ELMI004907	LIG_SH2_SFK_CTail_3	P06241	530	535	5	3-6 aa	true	((Y)QPG[ED])|((Y)Q.QP$)
ELMI003257	MOD_CDK_SPK_2	P06400	248	254	6	3-6 aa	false	...([ST])P[RK]
ELMI003258	MOD_CDK_SPxK_1	P06400	248	255	7	7-10 aa	false	...([ST])P.[KR]
ELMI001917	CLV_C14_Caspase3-7	P06400	345	350	5	3-6 aa	false	[DSTE][^P][^DEWHFYC]D[GSAN]
ELMI003259	MOD_CDK_SPxK_1	P06400	369	376	7	7-10 aa	false	...([ST])P.[KR]
ELMI004831	LIG_RB_pABgroove_1	P06400	599	609	10	7-10 aa	false	..[LIMVA].[DE][LMF][FYM][IL]{0,1}([DE]|(S)).
ELMI003260	MOD_CDK_SPxK_1	P06400	807	814	7	7-10 aa	false	...([ST])P.[KR]
ELMI001389	TRG_NLS_Bipartite_1	P06400	859	877	18	16+ aa	false	[KR][KR].{7,15}[^DE]((K[RK])|(RK))(([^DE][KR])|([KR][^DE]))[^DE]
ELMI000052	DOC_CYCLIN_RxL_1	P06400	869	880	11	11-15 aa	false	(.|([KRH].{0,3}))[^EDWNSG][^D][RK][^D]L.{0,1}[FL].{0,3}[EDST]
ELMI002287	DOC_PP1_RVXF_1	P06400	870	878	8	7-10 aa	false	..[RK].{0,1}[VIL][^P][FW].
ELMI001916	CLV_C14_Caspase3-7	P06400	882	887	5	3-6 aa	false	[DSTE][^P][^DEWHFYC]D[GSAN]
ELMI003970	DOC_CYCLIN_D_Helix_1	P06400	896	908	12	11-15 aa	false	[FLV][^P][^P][KR]L[^P][^P][LMIV][^P][^P][^P]R
ELMI000877	MOD_SUMO_for_1	P06401	386	390	4	3-6 aa	false	[VILMAFP](K).E
ELMI000208	LIG_GYF	P06729	280	289	9	7-10 aa	false	[QHR].{0,1}P[PL]PP[GS]H[RH]
ELMI002165	LIG_SH3_3	P06729	293	300	7	7-10 aa	false	...[PV]..P
ELMI002117	LIG_GYF	P06729	294	303	9	7-10 aa	false	[QHR].{0,1}P[PL]PP[GS]H[RH]
ELMI004426	LIG_SH3_CIN85_PxpxPR_1	P06729	326	332	6	3-6 aa	false	P.[AP].PR
ELMI004767	DOC_PP2B_PxIxIT_1	P06731	286	292	6	3-6 aa	false	P[^P][ILVF][^P][ILVF][TSHDEQNKR]
ELMI003238	MOD_CDK_SPK_2	P06748	215	221	6	3-6 aa	false	...([ST])P[RK]
ELMI003239	MOD_CDK_SPK_2	P06748	233	239	6	3-6 aa	false	...([ST])P[RK]
ELMI002882	MOD_SUMO_rev_2	P06748	244	249	5	3-6 aa	false	[SDE].{0,5}[DE].(K).{0,1}[AIFLMPSTV]
ELMI000292	TRG_ENDOCYTIC_2	P07306	4	8	4	3-6 aa	false	Y..[LMVIF]
ELMI004901	LIG_SH2_SFK_2	P07333	558	565	7	7-10 aa	false	[^KR][^KR](Y)([DEVYI][^KRH][ILVF]|[DEVYI][^KRH][AQPMCW]|[NQSTAFL][^KRH][ILVF])((.{0,3}[DE])|.|$)
ELMI000333	MOD_CMANNOS	P07357	43	47	4	3-6 aa	false	(W)..W
ELMI000334	MOD_CMANNOS	P07357	541	545	4	3-6 aa	false	(W)..W
ELMI000335	MOD_CMANNOS	P07357	544	548	4	3-6 aa	false	(W)..W
ELMI000338	MOD_CMANNOS	P07358	69	73	4	3-6 aa	false	(W)..W
ELMI000339	MOD_CMANNOS	P07358	550	554	4	3-6 aa	false	(W)..W
ELMI001598	LIG_PDZ_Class_1	P07550	407	413	6	3-6 aa	false	...[ST].[ACVILF]$
ELMI000832	MOD_N-GLC_1	P07686	82	88	6	3-6 aa	false	.(N)[^P][ST]..
ELMI000833	MOD_N-GLC_1	P07686	188	194	6	3-6 aa	false	.(N)[^P][ST]..
ELMI000834	MOD_N-GLC_1	P07686	325	331	6	3-6 aa	false	.(N)[^P][ST]..
ELMI002133	LIG_SH3_PxxDY_5	P07766	183	188	5	3-6 aa	false	P..DY
ELMI002040	LIG_TYR_ITAM	P07766	184	202	18	16+ aa	false	[DEN]..(Y)..[LI].{6,12}(Y)..[LI]
ELMI000966	MOD_PIKK_1	P07900	1	8	7	7-10 aa	false	...([ST])Q..
ELMI000967	MOD_PIKK_1	P07900	3	10	7	7-10 aa	false	...([ST])Q..
ELMI000041	LIG_TPR	P07900	728	732	4	3-6 aa	false	EEVD$
ELMI000133	MOD_TYR_CSK	P07947	532	541	9	7-10 aa	false	[TAD][EA].Q(Y)[QE].[GQA][PEDLS]
ELMI000132	MOD_TYR_CSK	P07948	503	512	9	7-10 aa	false	[TAD][EA].Q(Y)[QE].[GQA][PEDLS]
ELMI001445	MOD_ProDKin_1	P08047	449	456	7	7-10 aa	false	...([ST])P..
ELMI001446	MOD_ProDKin_1	P08047	735	742	7	7-10 aa	false	...([ST])P..
ELMI002625	LIG_SUFU_1	P08151	119	127	8	7-10 aa	false	[SV][CY]GH[LIF][LAST][GAIV].
ELMI003843	MOD_CK2_1	P08238	222	229	7	7-10 aa	true	...([ST])..E
ELMI003844	MOD_CK2_1	P08238	251	258	7	7-10 aa	true	...([ST])..E
ELMI000805	LIG_SH2_GRB2like	P08581	1355	1359	4	3-6 aa	false	(Y)([EDST]|[MLIVAFYHQW])N.
ELMI001905	CLV_C14_Caspase3-7	P08621	337	342	5	3-6 aa	false	[DSTE][^P][^DEWHFYC]D[GSAN]
ELMI002314	MOD_NMyristoyl	P08631	0	7	7	7-10 aa	false	^M{0,1}(G)[^EDRKHPFYW]..[STAGCN][^P]
ELMI000198	LIG_SH3_4	P08631	247	255	8	7-10 aa	false	KP..[QK]...
ELMI000136	MOD_TYR_CSK	P08631	517	526	9	7-10 aa	false	[TAD][EA].Q(Y)[QE].[GQA][PEDLS]
ELMI004909	LIG_SH2_SFK_CTail_3	P08631	521	526	5	3-6 aa	false	((Y)QPG[ED])|((Y)Q.QP$)
ELMI000222	MOD_OGLYCOS	P08709	109	115	6	3-6 aa	false	C.(S).PC
ELMI000588	MOD_N-GLC_1	P08887	53	59	6	3-6 aa	false	.(N)[^P][ST]..
ELMI000589	MOD_N-GLC_1	P08887	91	97	6	3-6 aa	false	.(N)[^P][ST]..
ELMI000590	MOD_N-GLC_1	P08887	219	225	6	3-6 aa	false	.(N)[^P][ST]..
ELMI000763	LIG_HOMEOBOX	P09016	133	137	4	3-6 aa	false	[FY][DEP]WM
ELMI000759	LIG_HOMEOBOX	P09067	176	180	4	3-6 aa	false	[FY][DEP]WM
ELMI000327	MOD_SPalmitoyl_4	P09471	0	7	7	7-10 aa	false	^M{0,1}G(C)..S[AKS]
ELMI004892	LIG_SH2_SFK_2	P09619	578	585	7	7-10 aa	false	[^KR][^KR](Y)([DEVYI][^KRH][ILVF]|[DEVYI][^KRH][AQPMCW]|[NQSTAFL][^KRH][ILVF])((.{0,3}[DE])|.|$)
ELMI000814	LIG_SH2_GRB2like	P09619	715	719	4	3-6 aa	false	(Y)([EDST]|[MLIVAFYHQW])N.
ELMI004893	LIG_SH2_SFK_2	P09619	748	756	8	7-10 aa	false	[^KR][^KR](Y)([DEVYI][^KRH][ILVF]|[DEVYI][^KRH][AQPMCW]|[NQSTAFL][^KRH][ILVF])((.{0,3}[DE])|.|$)
ELMI003695	LIG_SH2_GRB2like	P09619	774	778	4	3-6 aa	false	(Y)([EDST]|[MLIVAFYHQW])N.
ELMI003873	LIG_SH2_NCK_1	P09619	1006	1013	7	7-10 aa	false	([^KR][^KR](Y)[DE][^GWFY][AI][SDENQTAGYFP])|([^KR][^KR](Y)[STNA][^GWFY][PV][SDENQTAGYFP])|(..Y[DE][^GWFY][PV][SDENQTAGYFP])
ELMI001599	LIG_PDZ_Class_1	P09619	1100	1106	6	3-6 aa	false	...[ST].[ACVILF]$
ELMI000761	LIG_HOMEOBOX	P09629	126	130	4	3-6 aa	false	[FY][DEP]WM
ELMI003468	MOD_PRMT_GGRGG_1	P09651	203	208	5	3-6 aa	false	GGRGG
ELMI000134	MOD_TYR_CSK	P09769	518	527	9	7-10 aa	false	[TAD][EA].Q(Y)[QE].[GQA][PEDLS]
ELMI001904	CLV_C14_Caspase3-7	P09874	210	215	5	3-6 aa	false	[DSTE][^P][^DEWHFYC]D[GSAN]
ELMI004275	TRG_DiLeu_BaEn_2	P09958	781	788	7	7-10 aa	false	[^E]E...F[LIVM]
ELMI004856	DOC_PP2B_LxvP_1	P0C6C1	167	171	4	3-6 aa	false	L.VP
ELMI004859	DOC_PP2B_LxvP_1	P0C7V6	650	654	4	3-6 aa	false	L.VP
ELMI002627	LIG_SUFU_1	P10071	332	340	8	7-10 aa	false	[SV][CY]GH[LIF][LAST][GAIV].
ELMI000220	MOD_CMANNOS	P10153	33	37	4	3-6 aa	false	(W)..W
ELMI000868	MOD_SUMO_for_1	P10242	501	505	4	3-6 aa	true	[VILMAFP](K).E
ELMI000869	MOD_SUMO_for_1	P10242	525	529	4	3-6 aa	true	[VILMAFP](K).E
ELMI003233	MOD_CDK_SPK_2	P10275	79	85	6	3-6 aa	false	...([ST])P[RK]
ELMI001984	DOC_WW_Pin1_4	P10276	73	79	6	3-6 aa	false	...([ST])P.
ELMI001434	MOD_ProDKin_1	P10276	177	184	7	7-10 aa	false	...([ST])P..
ELMI001495	MOD_PKA_1	P10276	365	372	7	7-10 aa	false	[RK][RK].([ST])[^P]..
ELMI001435	MOD_ProDKin_1	P10276	441	448	7	7-10 aa	false	...([ST])P..
ELMI000110	LIG_Integrin_RGD_1	P10451	158	161	3	3-6 aa	false	RGD
ELMI004917	LIG_Integrin_RGDSP_6	P10451	158	162	4	3-6 aa	false	RGDSP{0,1}
ELMI004153	LIG_Integrin_RGD_TGFB_3	P10600	260	267	7	7-10 aa	false	RGDL[^P][^P][LI]
ELMI000175	LIG_SH3_1	P10636	546	553	7	7-10 aa	false	[RKY]..P..P
ELMI000332	MOD_CMANNOS	P10643	505	509	4	3-6 aa	false	(W)..W
ELMI003749	LIG_SH2_GRB2like	P10721	935	939	4	3-6 aa	false	(Y)([EDST]|[MLIVAFYHQW])N.
ELMI000386	LIG_SH2_GRB2like	P10747	190	194	4	3-6 aa	false	(Y)([EDST]|[MLIVAFYHQW])N.
ELMI000006	TRG_ER_KDEL_1	P11021	650	654	4	3-6 aa	false	[KRHQSAP][DENQT]EL$
ELMI002180	TRG_ENDOCYTIC_2	P11117	412	416	4	3-6 aa	false	Y..[LMVIF]
ELMI000408	LIG_SH2_GRB2like	P11274	176	180	4	3-6 aa	false	(Y)([EDST]|[MLIVAFYHQW])N.
ELMI001582	LIG_PDZ_Class_1	P11274	1265	1271	6	3-6 aa	false	...[ST].[ACVILF]$
ELMI000294	TRG_ENDOCYTIC_2	P11279	413	417	4	3-6 aa	false	Y..[LMVIF]
ELMI001251	LIG_KEPE_2	P11387	115	123	8	7-10 aa	false	[VILMFT]K.EP.{2,3}[DE]
ELMI003379	MOD_Plk_2-3	P11388	1339	1346	7	7-10 aa	false	[DE]..([ST])[EDILMVFWY](([DE].)|(.[DE]))
ELMI001920	CLV_C14_Caspase3-7	P11473	194	199	5	3-6 aa	false	[DSTE][^P][^DEWHFYC]D[GSAN]
ELMI000508	TRG_LysEnd_GGAAcLL_1	P11717	2484	2491	7	7-10 aa	true	D..LL.{1,2}$
ELMI000957	MOD_PIKK_1	P11831	431	438	7	7-10 aa	true	...([ST])Q..
ELMI000958	MOD_PIKK_1	P11831	442	449	7	7-10 aa	true	...([ST])Q..
ELMI002154	LIG_TYR_ITAM	P11912	184	202	18	16+ aa	false	[DEN]..(Y)..[LI].{6,12}(Y)..[LI]
ELMI004770	DOC_PP2B_PxIxIT_1	P12270	2082	2088	6	3-6 aa	false	P[^P][ILVF][^P][ILVF][TSHDEQNKR]
ELMI002724	CLV_PCSK_PC7_1	P12644	286	293	7	7-10 aa	false	R...[KR]R.
ELMI001928	CLV_C14_Caspase3-7	P12830	746	751	5	3-6 aa	false	[DSTE][^P][^DEWHFYC]D[GSAN]
ELMI000824	MOD_NMyristoyl	P12931	0	7	7	7-10 aa	false	^M{0,1}(G)[^EDRKHPFYW]..[STAGCN][^P]
ELMI000825	MOD_CDK_SPxK_1	P12931	71	78	7	7-10 aa	false	...([ST])P.[KR]
ELMI000197	LIG_SH3_4	P12931	251	259	8	7-10 aa	false	KP..[QK]...
ELMI000005	MOD_TYR_CSK	P12931	525	534	9	7-10 aa	false	[TAD][EA].Q(Y)[QE].[GQA][PEDLS]
ELMI004906	LIG_SH2_SFK_CTail_3	P12931	529	534	5	3-6 aa	false	((Y)QPG[ED])|((Y)Q.QP$)
ELMI000247	LIG_HP1_1	P12956	351	356	5	3-6 aa	false	P[MVLIRWY]V[MVLIAS][LM]
ELMI001950	DOC_PIKK_1	P13010	719	728	9	7-10 aa	false	[DEN][DEN].{2,3}[ILMVA][DEN][DEN]L
ELMI000798	LIG_PCNA_PIPBox_1	P13051	3	13	10	7-10 aa	false	[QM].[^FHWY][LIVM][^P][^PFWYMLIV](([FYHL][FYW])|([FYH][FYWL]))..
ELMI002587	TRG_NLS_MonoExtN_4	P13051	14	21	7	7-10 aa	false	(([PKR].{0,1}[^DE])|([PKR]))((K[RK])|(RK))(([^DE][KR])|([KR][^DE]))[^DE]
ELMI001383	DEG_SCF_FBW7_1	P13051	57	64	7	7-10 aa	false	[LIVMP].{0,2}(T)P..([ST])
ELMI002845	LIG_RPA_C_Vert	P13051	72	88	16	16+ aa	false	[KRS]I[^P][^P][NK][KR][^P][^P]A[^P][^P][RKL][RKL][^P][^P][RK]
ELMI000569	MOD_N-GLC_1	P13497	89	95	6	3-6 aa	false	.(N)[^P][ST]..
ELMI002704	CLV_PCSK_FUR_1	P13497	116	121	5	3-6 aa	false	R.[RK]R.
ELMI000570	MOD_N-GLC_1	P13497	140	146	6	3-6 aa	false	.(N)[^P][ST]..
ELMI000571	MOD_N-GLC_1	P13497	330	336	6	3-6 aa	false	.(N)[^P][ST]..
ELMI000572	MOD_N-GLC_1	P13497	361	367	6	3-6 aa	false	.(N)[^P][ST]..
ELMI000573	MOD_N-GLC_1	P13497	597	603	6	3-6 aa	false	.(N)[^P][ST]..
ELMI003031	LIG_14-3-3_CanoR_1	P13569	750	755	5	3-6 aa	false	R[^DE]{0,2}[^DEPG]([ST])(([FWYLMV].)|([^PRIKGN]P)|([^PRIKGN].{2,4}[VILMFWYP]))
ELMI003030	LIG_14-3-3_CanoR_1	P13569	765	770	5	3-6 aa	false	R[^DE]{0,2}[^DEPG]([ST])(([FWYLMV].)|([^PRIKGN]P)|([^PRIKGN].{2,4}[VILMFWYP]))
ELMI003032	LIG_14-3-3_CanoR_1	P13569	791	797	6	3-6 aa	false	R[^DE]{0,2}[^DEPG]([ST])(([FWYLMV].)|([^PRIKGN]P)|([^PRIKGN].{2,4}[VILMFWYP]))
ELMI002120	LIG_PDZ_Class_1	P13569	1474	1480	6	3-6 aa	false	...[ST].[ACVILF]$
ELMI000329	MOD_CMANNOS	P13671	28	32	4	3-6 aa	false	(W)..W
ELMI000608	MOD_N-GLC_1	P13671	322	328	6	3-6 aa	false	.(N)[^P][ST]..
ELMI000330	MOD_CMANNOS	P13671	567	571	4	3-6 aa	false	(W)..W
ELMI000331	MOD_CMANNOS	P13671	570	574	4	3-6 aa	false	(W)..W
ELMI001420	MOD_PKA_2	P13796	1	8	7	7-10 aa	false	.R.([ST])[^P]..
ELMI003905	LIG_SH2_STAP1	P13942	343	348	5	3-6 aa	true	(Y)[DESTA][^GP][^GP][ILVFMWYA]
ELMI003021	LIG_14-3-3_CanoR_1	P14136	4	14	10	7-10 aa	false	R[^DE]{0,2}[^DEPG]([ST])(([FWYLMV].)|([^PRIKGN]P)|([^PRIKGN].{2,4}[VILMFWYP]))
ELMI001236	LIG_KEPE_1	P14316	135	142	7	7-10 aa	false	[VILMFT]K.EP.[DE]
ELMI003883	LIG_SH2_NCK_1	P14317	375	382	7	7-10 aa	false	([^KR][^KR](Y)[DE][^GWFY][AI][SDENQTAGYFP])|([^KR][^KR](Y)[STNA][^GWFY][PV][SDENQTAGYFP])|(..Y[DE][^GWFY][PV][SDENQTAGYFP])
ELMI003709	LIG_SH2_STAP1	P14317	396	401	5	3-6 aa	false	(Y)[DESTA][^GP][^GP][ILVFMWYA]
ELMI002016	DOC_WW_Pin1_4	P14598	341	347	6	3-6 aa	false	...([ST])P.
ELMI000180	LIG_SH3_2	P14598	362	368	6	3-6 aa	false	P..P.[KR]
ELMI002599	DEG_APCC_DBOX_1	P14635	40	49	9	7-10 aa	false	.R..L..[LIVM].
ELMI000757	LIG_HOMEOBOX	P14651	129	133	4	3-6 aa	false	[FY][DEP]WM
ELMI000756	LIG_HOMEOBOX	P14652	94	98	4	3-6 aa	false	[FY][DEP]WM
ELMI000755	LIG_HOMEOBOX	P14653	179	183	4	3-6 aa	false	[FY][DEP]WM
ELMI001550	LIG_PTB_Phospho_1	P14784	357	364	7	7-10 aa	false	(.[^P].NP.(Y))|(.[ILVMFY].N..(Y))
ELMI003206	DEG_COP1_1	P14921	272	283	11	11-15 aa	false	[STDE]{1,3}.{0,2}[TSDE].{2,3}VP[STDE]G{0,1}[FLIMVYPA]
ELMI003204	DEG_COP1_1	P15036	45	56	11	11-15 aa	false	[STDE]{1,3}.{0,2}[TSDE].{2,3}VP[STDE]G{0,1}[FLIMVYPA]
ELMI003205	DEG_COP1_1	P15036	300	311	11	11-15 aa	false	[STDE]{1,3}.{0,2}[TSDE].{2,3}VP[STDE]G{0,1}[FLIMVYPA]
ELMI003245	MOD_CDK_SPK_2	P15311	231	237	6	3-6 aa	true	...([ST])P[RK]
ELMI004607	MOD_LOK_YxT_1	P15311	563	569	6	3-6 aa	true	[KR][YF][^IVEDPGAC](T)[LMIVWFY][RKH]
ELMI003089	DOC_MAPK_JIP1_4	P15336	164	171	7	7-10 aa	false	[RK]P[^P][^P]L.[LIVMF]
ELMI004904	LIG_SH2_SFK_2	P15498	157	167	10	7-10 aa	false	[^KR][^KR](Y)([DEVYI][^KRH][ILVF]|[DEVYI][^KRH][AQPMCW]|[NQSTAFL][^KRH][ILVF])((.{0,3}[DE])|.|$)
ELMI004905	LIG_SH2_SFK_2	P15498	171	181	10	7-10 aa	false	[^KR][^KR](Y)([DEVYI][^KRH][ILVF]|[DEVYI][^KRH][AQPMCW]|[NQSTAFL][^KRH][ILVF])((.{0,3}[DE])|.|$)
ELMI003937	DOC_PP4_FxxP_1	P15498	764	768	4	3-6 aa	false	F..P
ELMI004281	TRG_DiLeu_BaEn_4	P15514	235	242	7	7-10 aa	false	EE...L[^LIVMF]
ELMI003318	DOC_MAPK_HePTP_8	P15822	1421	1437	16	16+ aa	true	([LIV][^P][^P][RK]....[LIVMP].[LIV].[LIVMF])|([LIV][^P][^P][RK][RK]G.{4,7}[LIVMP].[LIV].[LIVMF])
ELMI004255	TRG_DiLeu_BaEn_1	P16070	707	713	6	3-6 aa	false	E..[^P]L[LIVM]
ELMI000943	LIG_BRCT_MDC1_1	P16104	138	143	5	3-6 aa	false	.(S)..Y$
ELMI001566	LIG_PTB_Apo_2	P16109	819	827	8	7-10 aa	false	(.[^P].NP.[FY].)|(.[ILVMFY].N..[FY].)
ELMI001551	LIG_PTB_Phospho_1	P16144	1589	1596	7	7-10 aa	false	(.[^P].NP.(Y))|(.[ILVMFY].N..(Y))
ELMI003345	LIG_GBD_Chelix_1	P16333	64	75	11	11-15 aa	false	[ILV][VA][^P][^P][LI][^P][^P][^P][LM]
ELMI000291	TRG_ENDOCYTIC_2	P16410	200	204	4	3-6 aa	false	Y..[LMVIF]
ELMI000594	MOD_N-GLC_1	P16471	57	63	6	3-6 aa	false	.(N)[^P][ST]..
ELMI000595	MOD_N-GLC_1	P16471	102	108	6	3-6 aa	false	.(N)[^P][ST]..
ELMI000596	MOD_N-GLC_1	P16471	231	237	6	3-6 aa	false	.(N)[^P][ST]..
ELMI001314	DEG_SCF_TRCP1_1	P16471	347	353	6	3-6 aa	false	D(S)G.{2,3}([ST])
ELMI004644	MOD_PIKK_1	P17096	40	47	7	7-10 aa	false	...([ST])Q..
ELMI002453	DEG_SCF_TRCP1_1	P17181	533	539	6	3-6 aa	false	D(S)G.{2,3}([ST])
ELMI000762	LIG_HOMEOBOX	P17481	134	138	4	3-6 aa	false	[FY][DEP]WM
ELMI000758	LIG_HOMEOBOX	P17483	141	145	4	3-6 aa	false	[FY][DEP]WM
ELMI000760	LIG_HOMEOBOX	P17509	127	131	4	3-6 aa	false	[FY][DEP]WM
ELMI004520	LIG_Menin_MBM1_1	P17535	26	36	10	7-10 aa	false	...[RK][^DE]{0,2}FP[GA][^DE]P
ELMI003094	DOC_MAPK_NFAT4_5	P17535	46	55	9	7-10 aa	false	[RK][^P][^P][LIM].L.[LIVMF].
ELMI000269	DEG_COP1_1	P17535	241	252	11	11-15 aa	false	[STDE]{1,3}.{0,2}[TSDE].{2,3}VP[STDE]G{0,1}[FLIMVYPA]
ELMI001453	MOD_ProDKin_1	P17542	118	125	7	7-10 aa	false	...([ST])P..
ELMI003062	DOC_MAPK_JIP1_4	P17544	162	169	7	7-10 aa	false	[RK]P[^P][^P]L.[LIVMF]
ELMI002202	MOD_NMyristoyl	P17612	0	7	7	7-10 aa	false	^M{0,1}(G)[^EDRKHPFYW]..[STAGCN][^P]
ELMI001640	DOC_AGCK_PIF_3	P17612	347	351	4	3-6 aa	false	F..F$
ELMI004298	TRG_DiLeu_BaLyEn_6	P17643	509	515	6	3-6 aa	false	[^E]..[RP]L[LI]
ELMI000857	MOD_SUMO_for_1	P17676	172	176	4	3-6 aa	false	[VILMAFP](K).E
ELMI003885	LIG_SH2_NCK_1	P17948	1330	1337	7	7-10 aa	false	([^KR][^KR](Y)[DE][^GWFY][AI][SDENQTAGYFP])|([^KR][^KR](Y)[STNA][^GWFY][PV][SDENQTAGYFP])|(..Y[DE][^GWFY][PV][SDENQTAGYFP])
ELMI001693	LIG_EVH1_1	P18206	841	846	5	3-6 aa	false	([FYWL]P.PP)|([FYWL]PP[ALIVTFY]P)
ELMI004899	LIG_SH2_SFK_2	P18433	795	802	7	7-10 aa	false	[^KR][^KR](Y)([DEVYI][^KRH][ILVF]|[DEVYI][^KRH][AQPMCW]|[NQSTAFL][^KRH][ILVF])((.{0,3}[DE])|.|$)
ELMI002122	LIG_PDZ_Class_2	P18827	304	310	6	3-6 aa	false	...[VLIFY].[ACVILF]$
ELMI001309	DEG_SCF_TRCP1_1	P18848	217	224	7	7-10 aa	false	D(S)G.{2,3}([ST])
ELMI002705	CLV_PCSK_SKI1_1	P18850	415	420	5	3-6 aa	false	[RK].[AILMFV][LTKF].
ELMI003920	LIG_PCNA_PIPBox_1	P18858	1	11	10	7-10 aa	false	[QM].[^FHWY][LIVM][^P][^PFWYMLIV](([FYHL][FYW])|([FYH][FYWL]))..
ELMI000959	MOD_PIKK_1	P18887	367	374	7	7-10 aa	false	...([ST])Q..
ELMI002139	MOD_CK2_1	P18887	514	521	7	7-10 aa	false	...([ST])..E
ELMI002166	MOD_CK2_1	P18887	519	526	7	7-10 aa	false	...([ST])..E
ELMI000986	LIG_FHA_2	P18887	520	527	7	7-10 aa	false	..(T)..[DE].
ELMI000311	MOD_SPalmitoyl_4	P19086	0	7	7	7-10 aa	false	^M{0,1}G(C)..S[AKS]
ELMI002862	MOD_SUMO_rev_2	P19338	318	325	7	7-10 aa	false	[SDE].{0,5}[DE].(K).{0,1}[AIFLMPSTV]
ELMI001018	DOC_MAPK_gen_1	P19419	311	321	10	7-10 aa	false	[KR]{0,2}[KR].{0,2}[KR].{2,4}[ILVM].[ILVF]
ELMI003064	DOC_MAPK_JIP1_4	P19419	314	321	7	7-10 aa	false	[RK]P[^P][^P]L.[LIVMF]
ELMI001027	DOC_MAPK_FxFP_2	P19419	394	398	4	3-6 aa	false	F.[FY]P
ELMI004873	DOC_PP2B_LxvP_1	P19634	683	687	4	3-6 aa	false	L.VP
ELMI004773	DOC_PP2B_PxIxIT_1	P19634	714	720	6	3-6 aa	false	P[^P][ILVF][^P][ILVF][TSHDEQNKR]
ELMI001406	MOD_PKA_2	P19793	23	30	7	7-10 aa	false	.R.([ST])[^P]..
ELMI001351	TRG_NLS_MonoExtC_3	P19838	359	365	6	3-6 aa	false	[^DE]((K[RK])|(RK))(([^DE][KR])|([KR][^DE]))(([PKR])|([^DE][DE]))
ELMI001350	TRG_NLS_MonoExtN_4	P19838	360	366	6	3-6 aa	false	(([PKR].{0,1}[^DE])|([PKR]))((K[RK])|(RK))(([^DE][KR])|([KR][^DE]))[^DE]
ELMI001306	DEG_SCF_TRCP1_1	P19838	925	932	7	7-10 aa	false	D(S)G.{2,3}([ST])
ELMI004289	TRG_DiLeu_BaLyEn_6	P20020	1156	1162	6	3-6 aa	false	[^E]..[RP]L[LI]
ELMI002655	LIG_EF_ALG2_ABM_1	P20073	3	12	9	7-10 aa	false	P[PG]{0,1}YP.{1,6}Y[QS]{0,1}P
ELMI003265	LIG_APCC_ABBA_1	P20248	98	104	6	3-6 aa	false	[ILVMF].[ILMVP][FHY].[DE]
ELMI003894	LIG_SH2_STAP1	P20273	806	811	5	3-6 aa	false	(Y)[DESTA][^GP][^GP][ILVFMWYA]
ELMI003895	LIG_SH2_STAP1	P20273	821	826	5	3-6 aa	false	(Y)[DESTA][^GP][^GP][ILVFMWYA]
ELMI004274	TRG_DiLeu_BaEn_2	P20309	274	281	7	7-10 aa	false	[^E]E...F[LIVM]
ELMI004695	LIG_TRAF2like_MATH_loPxQ_2	P20333	421	427	6	3-6 aa	false	[PM][LIVTFYHQE][QS].(([DE].)|(.[DE]))
ELMI003918	LIG_PCNA_PIPBox_1	P20585	20	30	10	7-10 aa	false	[QM].[^FHWY][LIVM][^P][^PFWYMLIV](([FYHL][FYW])|([FYH][FYWL]))..
ELMI000507	TRG_LysEnd_GGAAcLL_1	P20645	270	277	7	7-10 aa	false	D..LL.{1,2}$
ELMI003436	MOD_CAAXbox	P20700	582	586	4	3-6 aa	false	(C)[^DENQ][LIVMF].$
ELMI003588	LIG_FXI_DFP_1	P20908	1645	1650	5	3-6 aa	false	[FYWHIL].DF[PD]
ELMI002041	LIG_TYR_ITAM	P20963	68	86	18	16+ aa	false	[DEN]..(Y)..[LI].{6,12}(Y)..[LI]
ELMI004766	DOC_PP2B_PxIxIT_1	P21333	2166	2172	6	3-6 aa	false	P[^P][ILVF][^P][ILVF][TSHDEQNKR]
ELMI000597	MOD_N-GLC_1	P21452	9	15	6	3-6 aa	false	.(N)[^P][ST]..
ELMI000598	MOD_N-GLC_1	P21452	17	23	6	3-6 aa	false	.(N)[^P][ST]..
ELMI000540	MOD_N-GLC_1	P21815	175	181	6	3-6 aa	false	.(N)[^P][ST]..
ELMI000541	MOD_N-GLC_1	P21815	180	186	6	3-6 aa	false	.(N)[^P][ST]..
ELMI000542	MOD_N-GLC_1	P21815	188	194	6	3-6 aa	false	.(N)[^P][ST]..
ELMI000120	LIG_Integrin_RGD_1	P21815	285	288	3	3-6 aa	false	RGD
ELMI001700	LIG_EVH1_2	P21817	1772	1777	5	3-6 aa	false	PP..F
ELMI002612	LIG_SH2_GRB2like	P21860	1261	1265	4	3-6 aa	false	(Y)([EDST]|[MLIVAFYHQW])N.
ELMI001552	LIG_PTB_Phospho_1	P21860	1321	1328	7	7-10 aa	false	(.[^P].NP.(Y))|(.[ILVMFY].N..(Y))
ELMI003567	TRG_ER_FFAT_1	P22059	355	364	9	7-10 aa	false	[EDS].{0,4}[ED][FY][FYKREM][DE][AC].{1,2}[EDST]
ELMI003482	MOD_PRMT_GGRGG_1	P22087	12	17	5	3-6 aa	false	GGRGG
ELMI004743	DEG_Cend_DCAF12_1	P22102	1006	1010	4	3-6 aa	false	..EE$
ELMI000579	MOD_N-GLC_1	P22303	294	300	6	3-6 aa	false	.(N)[^P][ST]..
ELMI000580	MOD_N-GLC_1	P22303	379	385	6	3-6 aa	false	.(N)[^P][ST]..
ELMI000581	MOD_N-GLC_1	P22303	493	499	6	3-6 aa	false	.(N)[^P][ST]..
ELMI001101	TRG_PTS1	P22307	543	547	4	3-6 aa	false	(.[SAPTC][KRH][LMFI]$)|([KRH][SAPTC][NTS][LMFI]$)
ELMI000364	TRG_ER_diLys_1	P22309	528	533	5	3-6 aa	false	K.{0,1}K.{2,3}$
ELMI003716	LIG_SH2_CRK	P22681	773	778	5	3-6 aa	false	(Y)[^EPILVFYW][^HDEW][PLIV][^DEW]
ELMI004793	LIG_SH3_PxRPPK_7	P22681	818	826	8	7-10 aa	false	[PAVL]P[PEQA][RL]PPK[^DE]
ELMI004429	LIG_SH3_CIN85_PxpxPR_1	P22681	823	829	6	3-6 aa	false	P.[AP].PR
ELMI002018	DOC_WW_Pin1_4	P22736	91	97	6	3-6 aa	false	...([ST])P.
ELMI002019	DOC_WW_Pin1_4	P22736	136	142	6	3-6 aa	false	...([ST])P.
ELMI002306	DOC_WW_Pin1_4	P22736	139	145	6	3-6 aa	false	...([ST])P.
ELMI000100	MOD_PKB_1	P22736	345	354	9	7-10 aa	false	R.R..([ST])[^P]..
ELMI002017	DOC_WW_Pin1_4	P22736	427	433	6	3-6 aa	false	...([ST])P.
ELMI002846	LIG_RPA_C_Vert	P23025	26	42	16	16+ aa	false	[KRS]I[^P][^P][NK][KR][^P][^P]A[^P][^P][RKL][RKL][^P][^P][RK]
ELMI000972	MOD_PIKK_1	P23025	192	199	7	7-10 aa	false	...([ST])Q..
ELMI003288	DOC_MAPK_MEF2A_6	P23109	112	121	9	7-10 aa	false	[RK].{2,4}[LIVMP].[LIV].[LIVMF]
ELMI001214	DOC_WD40_RPTOR_TOS_1	P23443	27	33	6	3-6 aa	false	F[EDQS][MILV][ED][MILV]((.{0,1}[ED])|($))
ELMI000883	MOD_SUMO_for_1	P23497	295	299	4	3-6 aa	false	[VILMAFP](K).E
ELMI002772	LIG_SUMO_SIM_par_1	P23497	321	332	11	11-15 aa	false	[DEST]{0,5}.[VILPTM][VIL][DESTVILMA][VIL].{0,1}[DEST]{1,10}
ELMI002811	LIG_SUMO_SIM_anti_2	P23497	321	332	11	11-15 aa	false	[DEST]{1,10}.{0,1}[VIL][DESTVILMA][VIL][VILM].[DEST]{0,5}
ELMI001593	LIG_PDZ_Class_1	P23634	1235	1241	6	3-6 aa	false	...[ST].[ACVILF]$
ELMI003118	LIG_RB_LxCxE_1	P24385	1	19	18	16+ aa	false	([DEST]|^).{0,4}[LI].C.E.{1,4}[FLMIVAWPHY].{0,8}([DEST]|$)
ELMI004149	DEG_SCF_FBXO31_1	P24385	288	295	7	7-10 aa	false	D[LVIM].[DAEN][VILM][^P][ILF]$
ELMI001542	LIG_PTB_Phospho_1	P24394	490	497	7	7-10 aa	false	(.[^P].NP.(Y))|(.[ILVMFY].N..(Y))
ELMI002282	MOD_GSK3_1	P24864	387	395	8	7-10 aa	false	...([ST])...[ST]
ELMI001863	MOD_GSK3_1	P24864	391	399	8	7-10 aa	false	...([ST])...[ST]
ELMI001385	DEG_SCF_FBW7_1	P24864	392	399	7	7-10 aa	false	[LIVMP].{0,2}(T)P..([ST])
ELMI000913	TRG_NES_CRM1_1	P25054	66	78	12	11-15 aa	false	([DEQ].{0,1}[LIM].{2,3}[LIVMF][^P]{2,3}[LMVF].[LMIV].{0,3}[DE])|([DE].{0,1}[LIM].{2,3}[LIVMF][^P]{2,3}[LMVF].[LMIV].{0,3}[DEQ])
ELMI000914	TRG_NES_CRM1_1	P25054	162	176	14	11-15 aa	false	([DEQ].{0,1}[LIM].{2,3}[LIVMF][^P]{2,3}[LMVF].[LMIV].{0,3}[DE])|([DE].{0,1}[LIM].{2,3}[LIVMF][^P]{2,3}[LMVF].[LMIV].{0,3}[DEQ])
ELMI003247	MOD_CDK_SPxK_1	P25054	1356	1363	7	7-10 aa	false	...([ST])P.[KR]
ELMI003815	MOD_CK1_1	P25054	1506	1513	7	7-10 aa	false	S..([ST])...
ELMI001378	TRG_NLS_MonoExtN_4	P25054	2047	2054	7	7-10 aa	false	(([PKR].{0,1}[^DE])|([PKR]))((K[RK])|(RK))(([^DE][KR])|([KR][^DE]))[^DE]
ELMI001379	TRG_NLS_MonoExtC_3	P25054	2047	2053	6	3-6 aa	false	[^DE]((K[RK])|(RK))(([^DE][KR])|([KR][^DE]))(([PKR])|([^DE][DE]))
ELMI001380	TRG_NLS_MonoCore_2	P25054	2047	2053	6	3-6 aa	false	[^DE]((K[RK])|(RK))[KRP][KR][^DE]
ELMI002398	TRG_NLS_MonoExtN_4	P25054	2048	2054	6	3-6 aa	false	(([PKR].{0,1}[^DE])|([PKR]))((K[RK])|(RK))(([^DE][KR])|([KR][^DE]))[^DE]
ELMI001285	LIG_SxIP_EBH_1	P25054	2800	2811	11	11-15 aa	false	([KR][^ED]{0,5}[ST].IP[^ED]{5,5})|([^ED]{5,5}[ST].IP[^ED]{0,5}[KR])
ELMI003587	LIG_FXI_DFP_1	P25391	2190	2195	5	3-6 aa	false	[FYWHIL].DF[PD]
ELMI003835	MOD_CK2_1	P25686	246	253	7	7-10 aa	false	...([ST])..E
ELMI000016	LIG_TRAF6_MATH_1	P25942	230	239	9	7-10 aa	false	..P[^P]E[^P].[FYWHDE].
ELMI000050	LIG_TRAF2like_MATH_shPxQ_1	P25942	249	253	4	3-6 aa	false	P[LIVTFYHQE]Q[DET]
ELMI001303	DEG_SCF_TRCP1_1	P25963	30	36	6	3-6 aa	false	D(S)G.{2,3}([ST])
ELMI001554	LIG_PTB_Apo_2	P26010	771	779	8	7-10 aa	false	(.[^P].NP.[FY].)|(.[ILVMFY].N..[FY].)
ELMI004606	MOD_LOK_YxT_1	P26038	554	560	6	3-6 aa	false	[KR][YF][^IVEDPGAC](T)[LMIVWFY][RKH]
ELMI003035	LIG_14-3-3_CanoR_1	P26045	355	361	6	3-6 aa	false	R[^DE]{0,2}[^DEPG]([ST])(([FWYLMV].)|([^PRIKGN]P)|([^PRIKGN].{2,4}[VILMFWYP]))
ELMI003236	MOD_CDK_SPK_2	P26358	150	156	6	3-6 aa	false	...([ST])P[RK]
ELMI000797	LIG_PCNA_PIPBox_1	P26358	163	173	10	7-10 aa	false	[QM].[^FHWY][LIVM][^P][^PFWYMLIV](([FYHL][FYW])|([FYH][FYWL]))..
ELMI003683	DOC_USP7_UBL2_3	P26358	1110	1115	5	3-6 aa	false	K...K
ELMI004866	DOC_PP2B_LxvP_1	P26368	357	361	4	3-6 aa	false	L.VP
ELMI001497	MOD_PKA_1	P26599	12	19	7	7-10 aa	false	[RK][RK].([ST])[^P]..
ELMI004385	LIG_SH3_CIN85_PxpxPR_1	P26651	308	314	6	3-6 aa	false	P.[AP].PR
ELMI002079	TRG_ER_diArg_1	P26678	11	14	3	3-6 aa	true	([LIVMFYWPR]R[^YFWDE]{0,1}R)|(R[^YFWDE]{0,1}R[LIVMFYWPR])
ELMI000385	LIG_TYR_ITIM	P26715	37	43	6	3-6 aa	false	[ILV].(Y)..[ILV]
ELMI000048	LIG_TRAF2like_MATH_shPxQ_1	P26842	245	249	4	3-6 aa	false	P[LIVTFYHQE]Q[DET]
ELMI000851	MOD_SUMO_for_1	P27540	243	247	4	3-6 aa	false	[VILMAFP](K).E
ELMI000013	TRG_ER_KDEL_1	P27797	413	417	4	3-6 aa	false	[KRHQSAP][DENQT]EL$
ELMI000314	MOD_CMANNOS	P27918	82	86	4	3-6 aa	false	(W)..W
ELMI000315	MOD_CMANNOS	P27918	138	142	4	3-6 aa	false	(W)..W
ELMI000317	MOD_CMANNOS	P27918	141	145	4	3-6 aa	false	(W)..W
ELMI000318	MOD_CMANNOS	P27918	195	199	4	3-6 aa	false	(W)..W
ELMI000319	MOD_CMANNOS	P27918	198	202	4	3-6 aa	false	(W)..W
ELMI000320	MOD_CMANNOS	P27918	259	263	4	3-6 aa	false	(W)..W
ELMI000321	MOD_CMANNOS	P27918	320	324	4	3-6 aa	false	(W)..W
ELMI000322	MOD_CMANNOS	P27918	381	385	4	3-6 aa	false	(W)..W
ELMI000324	MOD_CMANNOS	P27918	384	388	4	3-6 aa	false	(W)..W
ELMI004388	LIG_SH3_CIN85_PxpxPR_1	P27986	84	90	6	3-6 aa	false	P.[AP].PR
ELMI000172	LIG_SH3_1	P27986	87	94	7	7-10 aa	false	[RKY]..P..P
ELMI000173	LIG_SH3_2	P27986	304	310	6	3-6 aa	false	P..P.[KR]
ELMI000174	LIG_SH3_2	P27986	307	313	6	3-6 aa	false	P..P.[KR]
ELMI001019	DOC_MAPK_gen_1	P28324	317	327	10	7-10 aa	false	[KR]{0,2}[KR].{0,2}[KR].{2,4}[ILVM].[ILVF]
ELMI001436	MOD_ProDKin_1	P28324	377	384	7	7-10 aa	false	...([ST])P..
ELMI001437	MOD_ProDKin_1	P28324	383	390	7	7-10 aa	false	...([ST])P..
ELMI001028	DOC_MAPK_FxFP_2	P28324	397	401	4	3-6 aa	false	F.[FY]P
ELMI001395	DOC_MAPK_gen_1	P28562	53	62	9	7-10 aa	false	[KR]{0,2}[KR].{0,2}[KR].{2,4}[ILVM].[ILVF]
ELMI001031	DOC_MAPK_FxFP_2	P28562	338	342	4	3-6 aa	false	F.[FY]P
ELMI000794	LIG_PCNA_PIPBox_1	P28715	989	999	10	7-10 aa	false	[QM].[^FHWY][LIVM][^P][^PFWYMLIV](([FYHL][FYW])|([FYH][FYWL]))..
ELMI000053	DOC_CYCLIN_RxL_1	P28749	654	664	10	7-10 aa	false	(.|([KRH].{0,3}))[^EDWNSG][^D][RK][^D]L.{0,1}[FL].{0,3}[EDST]
ELMI003971	DOC_CYCLIN_D_Helix_1	P28749	1053	1065	12	11-15 aa	false	[FLV][^P][^P][KR]L[^P][^P][LMIV][^P][^P][^P]R
ELMI000054	LIG_TRAF2like_MATH_shPxQ_1	P28908	560	564	4	3-6 aa	false	P[LIVTFYHQE]Q[DET]
ELMI004694	LIG_TRAF2like_MATH_loPxQ_2	P28908	575	581	6	3-6 aa	false	[PM][LIVTFYHQE][QS].(([DE].)|(.[DE]))
ELMI000811	LIG_SH2_GRB2like	P29353	348	352	4	3-6 aa	false	(Y)([EDST]|[MLIVAFYHQW])N.
ELMI000812	LIG_SH2_GRB2like	P29353	426	430	4	3-6 aa	false	(Y)([EDST]|[MLIVAFYHQW])N.
ELMI003119	LIG_RB_LxCxE_1	P29374	955	973	18	16+ aa	false	([DEST]|^).{0,4}[LI].C.E.{1,4}[FLMIVAWPHY].{0,8}([DEST]|$)
ELMI003120	LIG_RB_LxCxE_1	P29375	1369	1388	19	16+ aa	false	([DEST]|^).{0,4}[LI].C.E.{1,4}[FLMIVAWPHY].{0,8}([DEST]|$)
ELMI000221	MOD_CMANNOS	P29460	318	322	4	3-6 aa	false	(W)..W
ELMI000876	MOD_SUMO_for_1	P29590	158	162	4	3-6 aa	false	[VILMAFP](K).E
ELMI001985	DOC_WW_Pin1_4	P29590	399	405	6	3-6 aa	false	...([ST])P.
ELMI002302	DOC_WW_Pin1_4	P29590	405	411	6	3-6 aa	false	...([ST])P.
ELMI002434	MOD_SUMO_for_1	P29590	488	492	4	3-6 aa	false	[VILMAFP](K).E
ELMI001986	DOC_WW_Pin1_4	P29590	501	507	6	3-6 aa	false	...([ST])P.
ELMI001988	DOC_WW_Pin1_4	P29590	514	520	6	3-6 aa	false	...([ST])P.
ELMI001987	DOC_WW_Pin1_4	P29590	523	529	6	3-6 aa	false	...([ST])P.
ELMI002303	DOC_WW_Pin1_4	P29590	526	532	6	3-6 aa	false	...([ST])P.
ELMI002807	LIG_SUMO_SIM_anti_2	P29590	553	565	12	11-15 aa	false	[DEST]{1,10}.{0,1}[VIL][DESTVILMA][VIL][VILM].[DEST]{0,5}
ELMI002773	LIG_SUMO_SIM_par_1	P29590	554	566	12	11-15 aa	false	[DEST]{0,5}.[VILPTM][VIL][DESTVILMA][VIL].{0,1}[DEST]{1,10}
ELMI002316	MOD_NMyristoyl	P29966	0	7	7	7-10 aa	true	^M{0,1}(G)[^EDRKHPFYW]..[STAGCN][^P]
ELMI003691	LIG_SH2_GRB2like	P30203	628	632	4	3-6 aa	false	(Y)([EDST]|[MLIVAFYHQW])N.
ELMI002155	LIG_TYR_ITAM	P30273	61	79	18	16+ aa	false	[DEN]..(Y)..[LI].{6,12}(Y)..[LI]
ELMI003145	LIG_RB_LxCxE_1	P30279	1	17	16	16+ aa	false	([DEST]|^).{0,4}[LI].C.E.{1,4}[FLMIVAWPHY].{0,8}([DEST]|$)
ELMI004150	DEG_SCF_FBXO31_1	P30279	282	289	7	7-10 aa	false	D[LVIM].[DAEN][VILM][^P][ILF]$
ELMI003146	LIG_RB_LxCxE_1	P30281	1	18	17	16+ aa	true	([DEST]|^).{0,4}[LI].C.E.{1,4}[FLMIVAWPHY].{0,8}([DEST]|$)
ELMI004151	DEG_SCF_FBXO31_1	P30281	285	292	7	7-10 aa	true	D[LVIM].[DAEN][VILM][^P][ILF]$
ELMI003377	MOD_Plk_1	P30291	49	56	7	7-10 aa	false	.[DNE][^PG][ST](([FYILMVW]..)|([^PEDGKN][FWYLIVM]).)
ELMI003450	MOD_CDK_SPxK_1	P30291	119	126	7	7-10 aa	false	...([ST])P.[KR]
ELMI003449	MOD_CDK_SPxK_1	P30291	135	142	7	7-10 aa	false	...([ST])P.[KR]
ELMI003455	DOC_CYCLIN_RxL_1	P30291	176	187	11	11-15 aa	false	(.|([KRH].{0,3}))[^EDWNSG][^D][RK][^D]L.{0,1}[FL].{0,3}[EDST]
ELMI000065	DOC_CYCLIN_RxL_1	P30304	8	18	10	7-10 aa	false	(.|([KRH].{0,3}))[^EDWNSG][^D][RK][^D]L.{0,1}[FL].{0,3}[EDST]
ELMI003808	MOD_CK1_1	P30304	78	85	7	7-10 aa	false	S..([ST])...
ELMI003208	MOD_CDK_SPxxK_3	P30304	112	120	8	7-10 aa	false	...([ST])P..[RK]
ELMI003928	DOC_PP4_FxxP_1	P30304	147	151	4	3-6 aa	false	F..P
ELMI003929	DOC_PP4_FxxP_1	P30305	198	202	4	3-6 aa	false	F..P
ELMI001012	DEG_APCC_KENBOX_2	P30307	149	154	5	3-6 aa	false	.KEN.
ELMI003380	MOD_Plk_2-3	P30307	187	194	7	7-10 aa	false	[DE]..([ST])[EDILMVFWY](([DE].)|(.[DE]))
ELMI002160	TRG_NES_CRM1_1	P30307	188	203	15	11-15 aa	false	([DEQ].{0,1}[LIM].{2,3}[LIVMF][^P]{2,3}[LMVF].[LMIV].{0,3}[DE])|([DE].{0,1}[LIM].{2,3}[LIVMF][^P]{2,3}[LMVF].[LMIV].{0,3}[DEQ])
ELMI003363	MOD_Plk_1	P30307	194	201	7	7-10 aa	false	.[DNE][^PG][ST](([FYILMVW]..)|([^PEDGKN][FWYLIVM]).)
ELMI002075	TRG_ER_diArg_1	P30518	246	249	3	3-6 aa	false	([LIVMFYWPR]R[^YFWDE]{0,1}R)|(R[^YFWDE]{0,1}R[LIVMFYWPR])
ELMI000591	MOD_N-GLC_1	P30559	6	12	6	3-6 aa	false	.(N)[^P][ST]..
ELMI000592	MOD_N-GLC_1	P30559	13	19	6	3-6 aa	false	.(N)[^P][ST]..
ELMI000593	MOD_N-GLC_1	P30559	24	30	6	3-6 aa	false	.(N)[^P][ST]..
ELMI001058	LIG_CAP-Gly_1	P30622	1433	1438	5	3-6 aa	false	[ED].{0,2}[ED].{0,2}[EDQ].{0,1}[YF]$
ELMI000310	LIG_HOMEOBOX	P31273	138	142	4	3-6 aa	false	[FY][DEP]WM
ELMI000765	LIG_HOMEOBOX	P31314	173	177	4	3-6 aa	false	[FY][DEP]WM
ELMI001586	LIG_PDZ_Class_2	P31431	192	198	6	3-6 aa	false	...[VLIFY].[ACVILF]$
ELMI004861	DOC_PP2B_LxvP_1	P31629	1006	1010	4	3-6 aa	true	L.VP
ELMI001976	DOC_WW_Pin1_4	P31749	88	94	6	3-6 aa	false	...([ST])P.
ELMI003847	MOD_CK2_1	P31749	125	132	7	7-10 aa	false	...([ST])..E
ELMI001977	DOC_WW_Pin1_4	P31749	446	452	6	3-6 aa	false	...([ST])P.
ELMI001633	DOC_AGCK_PIF_1	P31751	469	475	6	3-6 aa	false	F..[FWY][ST][FY]
ELMI000382	LIG_TYR_ITIM	P31994	289	295	6	3-6 aa	false	[ILV].(Y)..[ILV]
ELMI003901	LIG_SH2_STAP1	P31994	291	296	5	3-6 aa	false	(Y)[DESTA][^GP][^GP][ILVFMWYA]
ELMI000293	TRG_ENDOCYTIC_2	P32004	1175	1179	4	3-6 aa	false	Y..[LMVIF]
ELMI003034	LIG_14-3-3_CanoR_1	P32418	387	394	7	7-10 aa	false	R[^DE]{0,2}[^DEPG]([ST])(([FWYLMV].)|([^PRIKGN]P)|([^PRIKGN].{2,4}[VILMFWYP]))
ELMI001926	CLV_C14_Caspase3-7	P32926	777	782	5	3-6 aa	false	[DSTE][^P][^DEWHFYC]D[GSAN]
ELMI000585	MOD_N-GLC_1	P32927	56	62	6	3-6 aa	false	.(N)[^P][ST]..
ELMI000586	MOD_N-GLC_1	P32927	189	195	6	3-6 aa	false	.(N)[^P][ST]..
ELMI000587	MOD_N-GLC_1	P32927	344	350	6	3-6 aa	false	.(N)[^P][ST]..
ELMI001410	MOD_PKA_2	P33076	830	837	7	7-10 aa	false	.R.([ST])[^P]..
ELMI001411	MOD_PKA_2	P33076	1046	1053	7	7-10 aa	false	.R.([ST])[^P]..
ELMI004254	TRG_DiLeu_BaEn_1	P33527	295	301	6	3-6 aa	false	E..[^P]L[LIVM]
ELMI001097	LIG_TPR	P34931	637	641	4	3-6 aa	true	EEVD$
ELMI004282	TRG_DiLeu_BaEn_4	P35070	155	162	7	7-10 aa	false	EE...L[^LIVMF]
ELMI002616	MOD_GSK3_1	P35222	29	37	8	7-10 aa	false	...([ST])...[ST]
ELMI001302	DEG_SCF_TRCP1_1	P35222	31	37	6	3-6 aa	false	D(S)G.{2,3}([ST])
ELMI001964	DOC_WW_Pin1_4	P35222	242	248	6	3-6 aa	false	...([ST])P.
ELMI001502	MOD_PKA_1	P35222	548	555	7	7-10 aa	false	[RK][RK].([ST])[^P]..
ELMI001503	MOD_PKA_1	P35222	671	678	7	7-10 aa	false	[RK][RK].([ST])[^P]..
ELMI001576	LIG_PDZ_Class_1	P35222	775	781	6	3-6 aa	false	...[ST].[ACVILF]$
ELMI003319	DOC_MAPK_HePTP_8	P35236	37	50	13	11-15 aa	false	([LIV][^P][^P][RK]....[LIVMP].[LIV].[LIVMF])|([LIV][^P][^P][RK][RK]G.{4,7}[LIVMP].[LIV].[LIVMF])
ELMI001513	MOD_PKA_1	P35240	514	521	7	7-10 aa	false	[RK][RK].([ST])[^P]..
ELMI004608	MOD_LOK_YxT_1	P35241	560	566	6	3-6 aa	false	[KR][YF][^IVEDPGAC](T)[LMIVWFY][RKH]
ELMI002212	LIG_Integrin_isoDGR_2	P35555	2303	2306	3	3-6 aa	false	NGR
ELMI002011	DOC_WW_Pin1_4	P35568	430	436	6	3-6 aa	false	...([ST])P.
ELMI003065	DOC_MAPK_JIP1_4	P35568	856	863	7	7-10 aa	false	[RK]P[^P][^P]L.[LIVMF]
ELMI003692	LIG_SH2_GRB2like	P35568	895	899	4	3-6 aa	false	(Y)([EDST]|[MLIVAFYHQW])N.
ELMI002082	TRG_ER_diArg_1	P35610	9	13	4	3-6 aa	false	([LIVMFYWPR]R[^YFWDE]{0,1}R)|(R[^YFWDE]{0,1}R[LIVMFYWPR])
ELMI003470	MOD_PRMT_GGRGG_1	P35637	245	250	5	3-6 aa	false	GGRGG
ELMI000215	LIG_CtBP_PxDLS_1	P35712	423	428	5	3-6 aa	false	(P[LVIPME][DENS][LM][VASTRG])|(G[LVIPME][DENS][LM][VASTRG]((K)|(.[KR])))
ELMI003532	LIG_PDZ_Wminus1_1	P36383	393	396	3	3-6 aa	false	.W[ACGILV]$
ELMI003892	LIG_ARL_BART_1	P36404	0	10	10	7-10 aa	false	^..LL[^P]IL[^P][^P][LM]
ELMI003388	DOC_MAPK_MEF2A_6	P36507	5	14	9	7-10 aa	false	[RK].{2,4}[LIVMP].[LIV].[LIVMF]
ELMI004284	TRG_DiLeu_BaEn_4	P36897	160	167	7	7-10 aa	false	EE...L[^LIVMF]
ELMI004700	LIG_TRAF3_MATH_PxP_3	P36941	386	392	6	3-6 aa	false	P[ILVT]P(([ED][^P].)|(.[^P][ED]))
ELMI000047	LIG_TRAF2like_MATH_shPxQ_1	P36941	401	405	4	3-6 aa	false	P[LIVTFYHQE]Q[DET]
ELMI003374	MOD_Plk_1	P36956	420	427	7	7-10 aa	false	.[DNE][^PG][ST](([FYILMVW]..)|([^PEDGKN][FWYLIVM]).)
ELMI001384	DEG_SCF_FBW7_1	P36956	424	430	6	3-6 aa	false	[LIVMP].{0,2}(T)P..([ST])
ELMI001908	CLV_C14_Caspase3-7	P36956	456	461	5	3-6 aa	false	[DSTE][^P][^DEWHFYC]D[GSAN]
ELMI003373	MOD_Plk_1	P36956	482	489	7	7-10 aa	false	.[DNE][^PG][ST](([FYILMVW]..)|([^PEDGKN][FWYLIVM]).)
ELMI002170	LIG_WW_1	P37088	640	644	4	3-6 aa	false	PP.Y
ELMI002197	MOD_SUMO_for_1	P37231	105	109	4	3-6 aa	false	[VILMAFP](K).E
ELMI000085	LIG_CtBP_PxDLS_1	P37275	733	738	5	3-6 aa	false	(P[LVIPME][DENS][LM][VASTRG])|(G[LVIPME][DENS][LM][VASTRG]((K)|(.[KR])))
ELMI003378	MOD_Plk_2-3	P37840	125	132	7	7-10 aa	false	[DE]..([ST])[EDILMVFWY](([DE].)|(.[DE]))
ELMI001375	TRG_NLS_MonoExtN_4	P38398	500	508	8	7-10 aa	false	(([PKR].{0,1}[^DE])|([PKR]))((K[RK])|(RK))(([^DE][KR])|([KR][^DE]))[^DE]
ELMI001376	TRG_NLS_MonoExtC_3	P38398	501	507	6	3-6 aa	false	[^DE]((K[RK])|(RK))(([^DE][KR])|([KR][^DE]))(([PKR])|([^DE][DE]))
ELMI001377	TRG_NLS_MonoCore_2	P38398	501	507	6	3-6 aa	false	[^DE]((K[RK])|(RK))[KRP][KR][^DE]
ELMI002400	TRG_NLS_MonoCore_2	P38398	502	508	6	3-6 aa	false	[^DE]((K[RK])|(RK))[KRP][KR][^DE]
ELMI002401	TRG_NLS_MonoExtC_3	P38398	502	508	6	3-6 aa	false	[^DE]((K[RK])|(RK))(([^DE][KR])|([KR][^DE]))(([PKR])|([^DE][DE]))
ELMI002399	TRG_NLS_MonoExtN_4	P38398	503	509	6	3-6 aa	false	(([PKR].{0,1}[^DE])|([PKR]))((K[RK])|(RK))(([^DE][KR])|([KR][^DE]))[^DE]
ELMI002552	MOD_PKB_1	P38398	503	512	9	7-10 aa	false	R.R..([ST])[^P]..
ELMI001374	TRG_NLS_MonoExtN_4	P38398	605	611	6	3-6 aa	false	(([PKR].{0,1}[^DE])|([PKR]))((K[RK])|(RK))(([^DE][KR])|([KR][^DE]))[^DE]
ELMI001039	DOC_PP1_RVXF_1	P38398	895	902	7	7-10 aa	false	..[RK].{0,1}[VIL][^P][FW].
ELMI000961	MOD_PIKK_1	P38398	1383	1390	7	7-10 aa	false	...([ST])Q..
ELMI000962	MOD_PIKK_1	P38398	1419	1426	7	7-10 aa	false	...([ST])Q..
ELMI000963	MOD_PIKK_1	P38398	1520	1527	7	7-10 aa	false	...([ST])Q..
ELMI000067	DOC_CYCLIN_RxL_1	P38936	15	26	11	11-15 aa	true	(.|([KRH].{0,3}))[^EDWNSG][^D][RK][^D]L.{0,1}[FL].{0,3}[EDST]
ELMI002426	MOD_PKB_1	P38936	139	148	9	7-10 aa	true	R.R..([ST])[^P]..
ELMI002172	TRG_NLS_Bipartite_1	P38936	141	158	17	16+ aa	true	[KR][KR].{7,15}[^DE]((K[RK])|(RK))(([^DE][KR])|([KR][^DE]))[^DE]
ELMI000791	LIG_PCNA_PIPBox_1	P38936	143	153	10	7-10 aa	true	[QM].[^FHWY][LIVM][^P][^PFWYMLIV](([FYHL][FYW])|([FYH][FYWL]))..
ELMI001943	DEG_CRL4_CDT2_1	P38936	144	157	13	11-15 aa	true	[NQ]{0,1}..[ILMV][ST][DEN][FY][FY].{2,3}[KR]{2,3}[^DE]
ELMI000792	LIG_PCNA_PIPBox_1	P39748	336	346	10	7-10 aa	false	[QM].[^FHWY][LIVM][^P][^PFWYMLIV](([FYHL][FYW])|([FYH][FYWL]))..
ELMI000062	DOC_CYCLIN_RxL_1	P39880	1297	1307	10	7-10 aa	false	(.|([KRH].{0,3}))[^EDWNSG][^D][RK][^D]L.{0,1}[FL].{0,3}[EDST]
ELMI000543	MOD_N-GLC_1	P40189	41	47	6	3-6 aa	false	.(N)[^P][ST]..
ELMI000544	MOD_N-GLC_1	P40189	81	87	6	3-6 aa	false	.(N)[^P][ST]..
ELMI000545	MOD_N-GLC_1	P40189	129	135	6	3-6 aa	false	.(N)[^P][ST]..
ELMI000546	MOD_N-GLC_1	P40189	155	161	6	3-6 aa	false	.(N)[^P][ST]..
ELMI000547	MOD_N-GLC_1	P40189	225	231	6	3-6 aa	false	.(N)[^P][ST]..
ELMI000548	MOD_N-GLC_1	P40189	377	383	6	3-6 aa	false	.(N)[^P][ST]..
ELMI000549	MOD_N-GLC_1	P40189	381	387	6	3-6 aa	false	.(N)[^P][ST]..
ELMI000550	MOD_N-GLC_1	P40189	551	557	6	3-6 aa	false	.(N)[^P][ST]..
ELMI000551	MOD_N-GLC_1	P40189	562	568	6	3-6 aa	false	.(N)[^P][ST]..
ELMI004285	TRG_DiLeu_BaLyEn_6	P40189	781	787	6	3-6 aa	false	[^E]..[RP]L[LI]
ELMI000534	MOD_N-GLC_1	P40225	195	201	6	3-6 aa	false	.(N)[^P][ST]..
ELMI000535	MOD_N-GLC_1	P40225	204	210	6	3-6 aa	false	.(N)[^P][ST]..
ELMI000536	MOD_N-GLC_1	P40225	232	238	6	3-6 aa	false	.(N)[^P][ST]..
ELMI000537	MOD_N-GLC_1	P40225	253	259	6	3-6 aa	false	.(N)[^P][ST]..
ELMI000538	MOD_N-GLC_1	P40225	338	344	6	3-6 aa	false	.(N)[^P][ST]..
ELMI000539	MOD_N-GLC_1	P40225	346	352	6	3-6 aa	false	.(N)[^P][ST]..
ELMI002956	LIG_ANK_PxLPxL_1	P40238	529	539	10	7-10 aa	false	P.LP.[IL].{1,3}[VLF]
ELMI002199	LIG_TYR_ITAM	P40259	192	210	18	16+ aa	false	[DEN]..(Y)..[LI].{6,12}(Y)..[LI]
ELMI002020	DOC_WW_Pin1_4	P40763	723	729	6	3-6 aa	false	...([ST])P.
ELMI004785	LIG_SH3_PxxxRxxKP_6	P40818	404	413	9	7-10 aa	false	P.[VIF][DNH]R[^P][^P]KP
ELMI004786	LIG_SH3_PxxxRxxKP_6	P40818	737	746	9	7-10 aa	false	P.[VIF][DNH]R[^P][^P]KP
ELMI002242	LIG_Pex3_1	P40855	17	29	12	11-15 aa	false	L..LL...L..F
ELMI002240	LIG_Pex14_2	P40855	70	75	5	3-6 aa	false	F...[WF]
ELMI002766	DEG_COP1_1	P41161	65	73	8	7-10 aa	false	[STDE]{1,3}.{0,2}[TSDE].{2,3}VP[STDE]G{0,1}[FLIMVYPA]
ELMI000552	MOD_N-GLC_1	P41180	88	94	6	3-6 aa	false	.(N)[^P][ST]..
ELMI000553	MOD_N-GLC_1	P41180	128	134	6	3-6 aa	false	.(N)[^P][ST]..
ELMI000554	MOD_N-GLC_1	P41180	259	265	6	3-6 aa	false	.(N)[^P][ST]..
ELMI000555	MOD_N-GLC_1	P41180	285	291	6	3-6 aa	false	.(N)[^P][ST]..
ELMI000556	MOD_N-GLC_1	P41180	384	390	6	3-6 aa	false	.(N)[^P][ST]..
ELMI000557	MOD_N-GLC_1	P41180	444	450	6	3-6 aa	false	.(N)[^P][ST]..
ELMI000558	MOD_N-GLC_1	P41180	466	472	6	3-6 aa	false	.(N)[^P][ST]..
ELMI000559	MOD_N-GLC_1	P41180	486	492	6	3-6 aa	false	.(N)[^P][ST]..
ELMI000560	MOD_N-GLC_1	P41180	539	545	6	3-6 aa	false	.(N)[^P][ST]..
ELMI004295	TRG_DiLeu_BaLyEn_6	P41180	1008	1014	6	3-6 aa	false	[^E]..[RP]L[LI]
ELMI001452	MOD_ProDKin_1	P41212	253	260	7	7-10 aa	false	...([ST])P..
ELMI002630	DOC_PP1_SILK_1	P41236	11	17	6	3-6 aa	false	.[GS]IL[KR][^DE]
ELMI001635	DOC_AGCK_PIF_2	P41743	578	584	6	3-6 aa	false	F..[FWY][DE][FY]
ELMI000087	LIG_CtBP_PxDLS_1	P41970	272	277	5	3-6 aa	false	(P[LVIPME][DENS][LM][VASTRG])|(G[LVIPME][DENS][LM][VASTRG]((K)|(.[KR])))
ELMI003056	LIG_Rrp6Rrp47_Mtr4_1	P42285	7	14	7	7-10 aa	false	[ED]LF[^P][VC]F.{0,1}[ED]
ELMI000839	LIG_AP2alpha_2	P42566	598	601	3	3-6 aa	false	DP[FW]
ELMI000840	LIG_AP2alpha_2	P42566	622	625	3	3-6 aa	false	DP[FW]
ELMI000841	LIG_AP2alpha_2	P42566	628	631	3	3-6 aa	false	DP[FW]
ELMI000842	LIG_AP2alpha_2	P42566	633	636	3	3-6 aa	false	DP[FW]
ELMI000843	LIG_AP2alpha_2	P42566	639	642	3	3-6 aa	false	DP[FW]
ELMI000844	LIG_AP2alpha_2	P42566	644	647	3	3-6 aa	false	DP[FW]
ELMI000845	LIG_AP2alpha_2	P42566	650	653	3	3-6 aa	false	DP[FW]
ELMI000846	LIG_AP2alpha_2	P42566	663	666	3	3-6 aa	false	DP[FW]
ELMI000835	LIG_AP2alpha_2	P42566	671	674	3	3-6 aa	false	DP[FW]
ELMI000836	LIG_AP2alpha_2	P42566	691	694	3	3-6 aa	false	DP[FW]
ELMI000837	LIG_AP2alpha_2	P42566	708	711	3	3-6 aa	false	DP[FW]
ELMI000838	LIG_AP2alpha_2	P42566	736	739	3	3-6 aa	false	DP[FW]
ELMI000847	LIG_AP2alpha_2	P42566	797	800	3	3-6 aa	false	DP[FW]
ELMI000848	LIG_AP2alpha_2	P42566	803	806	3	3-6 aa	false	DP[FW]
ELMI000849	LIG_AP2alpha_2	P42566	824	827	3	3-6 aa	false	DP[FW]
ELMI003356	MOD_Plk_1	P42695	1420	1427	7	7-10 aa	false	.[DNE][^PG][ST](([FYILMVW]..)|([^PEDGKN][FWYLIVM]).)
ELMI001660	LIG_Actin_WH2_1	P42768	430	447	17	16+ aa	false	R..[ILVMF][ILMVF][^P][^P][ILVM].{4,7}L(([KR].)|(NK))[VATI]
ELMI003343	LIG_GBD_Chelix_1	P42768	465	474	9	7-10 aa	false	[ILV][VA][^P][^P][LI][^P][^P][^P][LM]
ELMI001912	CLV_C14_Caspase3-7	P42858	546	551	5	3-6 aa	false	[DSTE][^P][^DEWHFYC]D[GSAN]
ELMI003302	DOC_MAPK_DCC_7	P43146	1145	1155	10	7-10 aa	false	[RK].{2,4}[LIVP]P.[LIV].[LIVMF]|[RK].{2,4}[LIVP].P[LIV].[LIVMF]
ELMI001102	DEG_SIAH_1	P43146	1330	1339	9	7-10 aa	false	.P.A.V.P[^P]
ELMI004678	LIG_FERM_MyoX_1	P43146	1424	1443	19	16+ aa	false	L...M[^P][^P]L[^P][^P]LM[^P][QD]L[^P][^P]I[TA]
ELMI002765	DEG_COP1_1	P43268	73	81	8	7-10 aa	false	[STDE]{1,3}.{0,2}[TSDE].{2,3}VP[STDE]G{0,1}[FLIMVYPA]
ELMI004738	DEG_Cend_DCAF12_1	P43357	310	314	4	3-6 aa	false	..EE$
ELMI004739	DEG_Cend_DCAF12_1	P43360	310	314	4	3-6 aa	false	..EE$
ELMI000046	LIG_TRAF2like_MATH_shPxQ_1	P43489	261	265	4	3-6 aa	false	P[LIVTFYHQE]Q[DET]
ELMI000383	LIG_TYR_ITIM	P43630	395	401	6	3-6 aa	true	[ILV].(Y)..[ILV]
ELMI001023	DOC_MAPK_gen_1	P45985	39	48	9	7-10 aa	false	[KR]{0,2}[KR].{0,2}[KR].{2,4}[ILVM].[ILVF]
ELMI003090	DOC_MAPK_NFAT4_5	P45985	40	49	9	7-10 aa	false	[RK][^P][^P][LIM].L.[LIVMF].
ELMI003299	DOC_MAPK_MEF2A_6	P45985	40	48	8	7-10 aa	false	[RK].{2,4}[LIVMP].[LIV].[LIVMF]
ELMI003743	LIG_SH2_CRK	P46108	220	225	5	3-6 aa	false	(Y)[^EPILVFYW][^HDEW][PLIV][^DEW]
ELMI000069	DOC_CYCLIN_RxL_1	P46527	26	37	11	11-15 aa	false	(.|([KRH].{0,3}))[^EDWNSG][^D][RK][^D]L.{0,1}[FL].{0,3}[EDST]
ELMI002425	MOD_PKB_1	P46527	151	160	9	7-10 aa	false	R.R..([ST])[^P]..
ELMI001938	DEG_SCF_SKP2-CKS1_1	P46527	182	190	8	7-10 aa	false	..[DE].(T)P.K
ELMI001962	DOC_WW_Pin1_4	P46527	183	189	6	3-6 aa	false	...([ST])P.
ELMI002138	MOD_CDK_SPxK_1	P46527	183	190	7	7-10 aa	false	...([ST])P.[KR]
ELMI002979	LIG_14-3-3_CterR_2	P46527	195	198	3	3-6 aa	false	R[^DE]{0,2}[^DEPG]([ST])[^P]{0,1}$
ELMI002957	LIG_CSL_BTD_1	P46531	1766	1770	4	3-6 aa	false	[AFILMPTVW]W[FHILMPSTVW]P
ELMI002029	DOC_WW_Pin1_4	P46531	2117	2123	6	3-6 aa	false	...([ST])P.
ELMI002030	DOC_WW_Pin1_4	P46531	2128	2134	6	3-6 aa	false	...([ST])P.
ELMI002031	DOC_WW_Pin1_4	P46531	2132	2138	6	3-6 aa	false	...([ST])P.
ELMI001401	DEG_SCF_FBW7_2	P46531	2507	2515	8	7-10 aa	false	[LIVMP].{0,2}(T)P..E
ELMI003939	DOC_PP4_FxxP_1	P46937	94	98	4	3-6 aa	false	F..P
ELMI002993	LIG_14-3-3_CanoR_1	P46937	123	129	6	3-6 aa	false	R[^DE]{0,2}[^DEPG]([ST])(([FWYLMV].)|([^PRIKGN]P)|([^PRIKGN].{2,4}[VILMFWYP]))
ELMI002261	LIG_PDZ_Class_1	P46937	498	504	6	3-6 aa	false	...[ST].[ACVILF]$
ELMI003536	LIG_PDZ_Wminus1_1	P46937	501	504	3	3-6 aa	false	.W[ACGILV]$
ELMI001869	LIG_CaM_IQ_9	P46940	805	825	20	16+ aa	false	[ACLIVTM][^P][^P][ILVMFCT]Q[^P][^P][^P][RK][^P]{4,5}[RKQ][^P][^P]
ELMI001870	LIG_CaM_IQ_9	P46940	835	854	19	16+ aa	false	[ACLIVTM][^P][^P][ILVMFCT]Q[^P][^P][^P][RK][^P]{4,5}[RKQ][^P][^P]
ELMI004682	DEG_Cend_TRIM7_1	P46976	346	350	4	3-6 aa	false	[^P][^P][FL]Q$
ELMI000753	LIG_HOMEOBOX	P47902	132	136	4	3-6 aa	false	[FY][DEP]WM
ELMI000582	MOD_N-GLC_1	P48023	182	188	6	3-6 aa	false	.(N)[^P][ST]..
ELMI000583	MOD_N-GLC_1	P48023	248	254	6	3-6 aa	false	.(N)[^P][ST]..
ELMI000584	MOD_N-GLC_1	P48023	258	264	6	3-6 aa	false	.(N)[^P][ST]..
ELMI001589	LIG_PDZ_Class_3	P48039	344	350	6	3-6 aa	false	...[DE].[ACVILF]$
ELMI001426	MOD_PKA_2	P48048	215	222	7	7-10 aa	false	.R.([ST])[^P]..
ELMI001427	MOD_PKA_2	P48048	309	316	7	7-10 aa	false	.R.([ST])[^P]..
ELMI001574	LIG_PDZ_Class_1	P48050	439	445	6	3-6 aa	false	...[ST].[ACVILF]$
ELMI002952	LIG_ANK_PxLPxL_1	P48382	172	180	8	7-10 aa	false	P.LP.[IL].{1,3}[VLF]
ELMI001511	MOD_PKA_1	P48436	60	67	7	7-10 aa	false	[RK][RK].([ST])[^P]..
ELMI001887	LIG_CaM_IQ_9	P48539	39	59	20	16+ aa	false	[ACLIVTM][^P][^P][ILVMFCT]Q[^P][^P][^P][RK][^P]{4,5}[RKQ][^P][^P]
ELMI000771	LIG_NRBOX	P48552	19	26	7	7-10 aa	false	[^P]L[^P][^P]LL[^P]
ELMI000772	LIG_NRBOX	P48552	131	138	7	7-10 aa	false	[^P]L[^P][^P]LL[^P]
ELMI000773	LIG_NRBOX	P48552	183	190	7	7-10 aa	false	[^P]L[^P][^P]LL[^P]
ELMI000774	LIG_NRBOX	P48552	264	271	7	7-10 aa	false	[^P]L[^P][^P]LL[^P]
ELMI000775	LIG_NRBOX	P48552	378	385	7	7-10 aa	false	[^P]L[^P][^P]LL[^P]
ELMI000089	LIG_CtBP_PxDLS_1	P48552	439	444	5	3-6 aa	false	(P[LVIPME][DENS][LM][VASTRG])|(G[LVIPME][DENS][LM][VASTRG]((K)|(.[KR])))
ELMI000776	LIG_NRBOX	P48552	498	505	7	7-10 aa	false	[^P]L[^P][^P]LL[^P]
ELMI000777	LIG_NRBOX	P48552	499	506	7	7-10 aa	false	[^P]L[^P][^P]LL[^P]
ELMI000778	LIG_NRBOX	P48552	711	718	7	7-10 aa	false	[^P]L[^P][^P]LL[^P]
ELMI000779	LIG_NRBOX	P48552	817	824	7	7-10 aa	false	[^P]L[^P][^P]LL[^P]
ELMI000780	LIG_NRBOX	P48552	934	941	7	7-10 aa	false	[^P]L[^P][^P]LL[^P]
ELMI004737	DEG_Cend_DCAF12_1	P48643	537	541	4	3-6 aa	false	..EE$
ELMI002433	LIG_FAT_LD_1	P49023	3	12	9	7-10 aa	false	[LV][DE][^P][LM][LM][^P][^P]L[^P]
ELMI004461	LIG_LIR_Gen_1	P49023	38	48	10	7-10 aa	false	[EDST].{0,2}[WFY][^RKPGWFY][^PG][ILVFM]((.{0,4}[PLAFIVMY])|($)|(.{0,3}[ED]))
ELMI003741	LIG_SH2_CRK	P49023	117	122	5	3-6 aa	false	(Y)[^EPILVFYW][^HDEW][PLIV][^DEW]
ELMI001518	LIG_FAT_LD_1	P49023	265	274	9	7-10 aa	false	[LV][DE][^P][LM][LM][^P][^P]L[^P]
ELMI001205	TRG_NES_CRM1_1	P49137	353	368	15	11-15 aa	false	([DEQ].{0,1}[LIM].{2,3}[LIVMF][^P]{2,3}[LMVF].[LMIV].{0,3}[DE])|([DE].{0,1}[LIM].{2,3}[LIVMF][^P]{2,3}[LMVF].[LMIV].{0,3}[DEQ])
ELMI002941	DOC_MAPK_RevD_3	P49137	369	386	17	16+ aa	false	[LIVMPFA].[LIV].{1,2}[LIVMP].{4,6}[LIV]..[RK][RK]
ELMI000363	TRG_ER_diLys_1	P49257	506	510	4	3-6 aa	false	K.{0,1}K.{2,3}$
ELMI001207	TRG_AP2beta_CARGO_1	P49407	384	395	11	11-15 aa	false	[DE].{1,2}F[^P][^P][FL][^P][^P][^P]R
ELMI003660	MOD_DYRK1A_RPxSP_1	P49418	289	294	5	3-6 aa	false	R[PSVA].([ST])P
ELMI000296	LIG_AP2alpha_1	P49418	323	328	5	3-6 aa	false	F.D.F
ELMI000450	LIG_Clathr_ClatBox_1	P49418	350	355	5	3-6 aa	false	L[IVLMF].[IVLMF][DE]
ELMI000453	LIG_Clathr_ClatBox_2	P49418	379	385	6	3-6 aa	false	.[NP]W[DES].W
ELMI000754	LIG_HOMEOBOX	P49639	204	208	4	3-6 aa	false	[FY][DEP]WM
ELMI002071	TRG_ER_diArg_1	P49685	351	354	3	3-6 aa	false	([LIVMFYWPR]R[^YFWDE]{0,1}R)|(R[^YFWDE]{0,1}R[LIVMFYWPR])
ELMI002983	LIG_14-3-3_CterR_2	P49685	355	360	5	3-6 aa	false	R[^DE]{0,2}[^DEPG]([ST])[^P]{0,1}$
ELMI000856	MOD_SUMO_for_1	P49715	159	163	4	3-6 aa	false	[VILMAFP](K).E
ELMI001232	LIG_KEPE_1	P49715	159	166	7	7-10 aa	false	[VILMFT]K.EP.[DE]
ELMI001237	LIG_KEPE_2	P49715	159	168	9	7-10 aa	false	[VILMFT]K.EP.{2,3}[DE]
ELMI001241	LIG_KEPE_3	P49715	159	169	10	7-10 aa	false	[VILMFT]K.EP....[DE]
ELMI000858	MOD_SUMO_for_1	P49716	118	122	4	3-6 aa	false	[VILMAFP](K).E
ELMI000965	MOD_PIKK_1	P49736	104	111	7	7-10 aa	false	...([ST])Q..
ELMI000495	TRG_Golgi_diPhe_1	P49755	203	219	16	16+ aa	false	Q.{6,6}FF.{6,7}$
ELMI000494	TRG_ER_diLys_1	P49755	214	219	5	3-6 aa	false	K.{0,1}K.{2,3}$
ELMI002841	DEG_MDM2_SWIB_1	P49757	615	623	8	7-10 aa	false	F[^P]{3}W[^P]{2,3}[VIL]
ELMI001132	LIG_EH_1	P49757	635	640	5	3-6 aa	false	.NPF.
ELMI003227	MOD_CDK_SPxxK_3	P49768	350	358	8	7-10 aa	false	...([ST])P..[RK]
ELMI002184	LIG_PDZ_Class_2	P49768	461	467	6	3-6 aa	false	...[VLIFY].[ACVILF]$
ELMI004758	DOC_PP2B_PxIxIT_1	P49790	484	490	6	3-6 aa	true	P[^P][ILVF][^P][ILVF][TSHDEQNKR]
ELMI002860	MOD_SUMO_rev_2	P49792	2567	2572	5	3-6 aa	false	[SDE].{0,5}[DE].(K).{0,1}[AIFLMPSTV]
ELMI002890	MOD_SUMO_rev_2	P49792	2587	2593	6	3-6 aa	false	[SDE].{0,5}[DE].(K).{0,1}[AIFLMPSTV]
ELMI002817	LIG_SUMO_SIM_anti_2	P49792	2628	2637	9	7-10 aa	false	[DEST]{1,10}.{0,1}[VIL][DESTVILMA][VIL][VILM].[DEST]{0,5}
ELMI002776	LIG_SUMO_SIM_par_1	P49792	2630	2637	7	7-10 aa	false	[DEST]{0,5}.[VILPTM][VIL][DESTVILMA][VIL].{0,1}[DEST]{1,10}
ELMI002554	MOD_PKB_1	P49815	933	942	9	7-10 aa	false	R.R..([ST])[^P]..
ELMI002555	MOD_PKB_1	P49815	975	984	9	7-10 aa	false	R.R..([ST])[^P]..
ELMI002556	MOD_PKB_1	P49815	1126	1135	9	7-10 aa	false	R.R..([ST])[^P]..
ELMI002557	MOD_PKB_1	P49815	1456	1465	9	7-10 aa	false	R.R..([ST])[^P]..
ELMI003685	DOC_USP7_UBL2_3	P49915	320	325	5	3-6 aa	false	K...K
ELMI000070	DOC_CYCLIN_RxL_1	P49918	27	38	11	11-15 aa	false	(.|([KRH].{0,3}))[^EDWNSG][^D][RK][^D]L.{0,1}[FL].{0,3}[EDST]
ELMI002104	DEG_CRL4_CDT2_1	P49918	269	282	13	11-15 aa	false	[NQ]{0,1}..[ILMV][ST][DEN][FY][FY].{2,3}[KR]{2,3}[^DE]
ELMI001939	DEG_SCF_SKP2-CKS1_1	P49918	305	313	8	7-10 aa	false	..[DE].(T)P.K
ELMI002606	MOD_CDK_SPxK_1	P49918	306	313	7	7-10 aa	false	...([ST])P.[KR]
ELMI000272	LIG_Sin3_1	P50539	8	19	11	11-15 aa	false	[LIV]..[LM]L.AA.[FY][LI]
ELMI002818	LIG_Pex14_3	P50542	61	67	6	3-6 aa	false	LV.EF[LM]
ELMI002213	LIG_Pex14_1	P50542	117	122	5	3-6 aa	false	W...[FY]
ELMI002214	LIG_Pex14_1	P50542	139	144	5	3-6 aa	false	W...[FY]
ELMI002215	LIG_Pex14_1	P50542	158	163	5	3-6 aa	false	W...[FY]
ELMI002216	LIG_Pex14_1	P50542	183	188	5	3-6 aa	false	W...[FY]
ELMI002217	LIG_Pex14_1	P50542	242	247	5	3-6 aa	false	W...[FY]
ELMI002218	LIG_Pex14_1	P50542	256	261	5	3-6 aa	false	W...[FY]
ELMI002219	LIG_Pex14_1	P50542	307	312	5	3-6 aa	false	W...[FY]
ELMI002764	DEG_COP1_1	P50549	66	74	8	7-10 aa	false	[STDE]{1,3}.{0,2}[TSDE].{2,3}VP[STDE]G{0,1}[FLIMVYPA]
ELMI003398	LIG_PROFILIN_1	P50552	203	210	7	7-10 aa	false	PPP[PA]P((P[LGP])|([LG]P))
ELMI002131	LIG_SH3_2	P50570	828	834	6	3-6 aa	false	P..P.[KR]
ELMI001610	LIG_PAM2_1	P50616	129	142	13	11-15 aa	false	..[LFP][NS][PIVTAFL].A..(([FY].[PYLF])|(W..)).
ELMI001433	MOD_ProDKin_1	P50616	150	157	7	7-10 aa	false	...([ST])P..
ELMI001611	LIG_PAM2_1	P50616	264	277	13	11-15 aa	false	..[LFP][NS][PIVTAFL].A..(([FY].[PYLF])|(W..)).
ELMI003213	MOD_CDK_SPxxK_3	P50750	86	94	8	7-10 aa	false	...([ST])P..[RK]
ELMI004258	TRG_DiLeu_BaEn_1	P50895	603	609	6	3-6 aa	false	E..[^P]L[LIVM]
ELMI002656	LIG_EF_ALG2_ABM_1	P50995	3	14	11	11-15 aa	false	P[PG]{0,1}YP.{1,6}Y[QS]{0,1}P
ELMI002168	LIG_WW_1	P51168	616	620	4	3-6 aa	false	PP.Y
ELMI002169	LIG_WW_1	P51170	623	627	4	3-6 aa	false	PP.Y
ELMI000135	MOD_TYR_CSK	P51451	496	505	9	7-10 aa	false	[TAD][EA].Q(Y)[QE].[GQA][PEDLS]
ELMI003124	LIG_RB_LxCxE_1	P51531	1291	1308	17	16+ aa	false	([DEST]|^).{0,4}[LI].C.E.{1,4}[FLMIVAWPHY].{0,8}([DEST]|$)
ELMI003139	LIG_RB_LxCxE_1	P51532	1354	1371	17	16+ aa	false	([DEST]|^).{0,4}[LI].C.E.{1,4}[FLMIVAWPHY].{0,8}([DEST]|$)
ELMI002975	LIG_PALB2_WD40_1	P51587	26	35	9	7-10 aa	false	....WF..L
ELMI003355	MOD_Plk_1	P51587	189	196	7	7-10 aa	false	.[DNE][^PG][ST](([FYILMVW]..)|([^PEDGKN][FWYLIVM]).)
ELMI003175	DOC_PP2A_B56_1	P51587	1113	1119	6	3-6 aa	false	([LMFYWIC]..I.E)|(L..[IVLWC].E).
ELMI001695	LIG_EVH1_1	P51617	167	172	5	3-6 aa	false	([FYWL]P.PP)|([FYWL]PP[ALIVTFY]P)
ELMI000027	LIG_TRAF6_MATH_1	P51617	539	548	9	7-10 aa	false	..P[^P]E[^P].[FYWHDE].
ELMI000028	LIG_TRAF6_MATH_1	P51617	582	591	9	7-10 aa	false	..P[^P]E[^P].[FYWHDE].
ELMI000029	LIG_TRAF6_MATH_1	P51617	701	710	9	7-10 aa	false	..P[^P]E[^P].[FYWHDE].
ELMI004256	TRG_DiLeu_BaEn_1	P51788	618	624	6	3-6 aa	false	E..[^P]L[LIVM]
ELMI002444	DOC_PP1_RVXF_1	P51955	380	387	7	7-10 aa	false	..[RK].{0,1}[VIL][^P][FW].
ELMI002481	DEG_APCC_TPR_1	P51955	442	445	3	3-6 aa	false	.[ILM]R$
ELMI003171	DOC_PP2A_B56_1	P51959	286	292	6	3-6 aa	false	([LMFYWIC]..I.E)|(L..[IVLWC].E).
ELMI003289	DOC_MAPK_MEF2A_6	P52564	6	15	9	7-10 aa	false	[RK].{2,4}[LIVMP].[LIV].[LIVMF]
ELMI001421	MOD_PKA_2	P52565	170	177	7	7-10 aa	false	.R.([ST])[^P]..
ELMI001921	CLV_C14_Caspase3-7	P52566	15	20	5	3-6 aa	false	[DSTE][^P][^DEWHFYC]D[GSAN]
ELMI001122	LIG_EH_1	P52594	432	437	5	3-6 aa	false	.NPF.
ELMI001123	LIG_EH_1	P52594	447	452	5	3-6 aa	false	.NPF.
ELMI001121	LIG_EH_1	P52594	538	543	5	3-6 aa	false	.NPF.
ELMI001120	LIG_EH_1	P52594	557	562	5	3-6 aa	false	.NPF.
ELMI000799	LIG_PCNA_PIPBox_1	P52701	3	13	10	7-10 aa	false	[QM].[^FHWY][LIVM][^P][^PFWYMLIV](([FYHL][FYW])|([FYH][FYWL]))..
ELMI003879	LIG_SH2_NCK_1	P52799	301	308	7	7-10 aa	false	([^KR][^KR](Y)[DE][^GWFY][AI][SDENQTAGYFP])|([^KR][^KR](Y)[STNA][^GWFY][PV][SDENQTAGYFP])|(..Y[DE][^GWFY][PV][SDENQTAGYFP])
ELMI000764	LIG_HOMEOBOX	P52945	118	122	4	3-6 aa	false	[FY][DEP]WM
ELMI001004	DEG_APCC_DBOX_1	P53350	335	344	9	7-10 aa	false	.R..L..[LIVM].
ELMI001616	LIG_PAM2_1	P53804	1204	1217	13	11-15 aa	false	..[LFP][NS][PIVTAFL].A..(([FY].[PYLF])|(W..)).
ELMI004772	DOC_PP2B_PxIxIT_1	P53805	208	214	6	3-6 aa	false	P[^P][ILVF][^P][ILVF][TSHDEQNKR]
ELMI004430	DOC_MIT_MIM_1	P53990	350	362	12	11-15 aa	false	((F[^P][^P])|([DE].{0,2}))L[^P][^P]R[FL][^P][^P]L[KR]{0,2}
ELMI000973	MOD_PIKK_1	P54132	95	102	7	7-10 aa	false	...([ST])Q..
ELMI000974	MOD_PIKK_1	P54132	118	125	7	7-10 aa	false	...([ST])Q..
ELMI003614	LIG_MLH1_MIPbox_1	P54132	1321	1326	5	3-6 aa	false	.S.[FY][F]
ELMI001861	MOD_GSK3_1	P54252	252	260	8	7-10 aa	false	...([ST])...[ST]
ELMI004559	LIG_VCP_VBM_3	P54252	280	290	10	7-10 aa	false	[ILMV]R[^PG]{2}R[^PG]{3}[FL][ED]
ELMI002971	LIG_CSL_BTD_1	P54253	43	47	4	3-6 aa	true	[AFILMPTVW]W[FHILMPSTVW]P
ELMI001400	TRG_NLS_MonoCore_2	P54253	768	774	6	3-6 aa	true	[^DE]((K[RK])|(RK))[KRP][KR][^DE]
ELMI001398	LIG_ULM_U2AF65_1	P54253	769	775	6	3-6 aa	true	[KR]{1,4}[KR].[KR]W.
ELMI002985	LIG_14-3-3_CanoR_1	P54253	772	777	5	3-6 aa	true	R[^DE]{0,2}[^DEPG]([ST])(([FWYLMV].)|([^PRIKGN]P)|([^PRIKGN].{2,4}[VILMFWYP]))
ELMI002256	CLV_C14_Caspase3-7	P54259	102	107	5	3-6 aa	false	[DSTE][^P][^DEWHFYC]D[GSAN]
ELMI001933	CLV_C14_Caspase3-7	P54259	105	110	5	3-6 aa	false	[DSTE][^P][^DEWHFYC]D[GSAN]
ELMI002053	DOC_ANK_TNKS_1	P54274	11	19	8	7-10 aa	false	.R..[PGAV][DEIP]G.
ELMI001990	DOC_WW_Pin1_4	P54274	145	151	6	3-6 aa	false	...([ST])P.
ELMI000955	MOD_PIKK_1	P54274	215	222	7	7-10 aa	false	...([ST])Q..
ELMI000038	LIG_TPR	P54652	635	639	4	3-6 aa	false	EEVD$
ELMI003316	DOC_MAPK_HePTP_8	P54829	238	251	13	11-15 aa	false	([LIV][^P][^P][RK]....[LIVMP].[LIV].[LIVMF])|([LIV][^P][^P][RK][RK]G.{4,7}[LIVMP].[LIV].[LIVMF])
ELMI001234	LIG_KEPE_1	P54845	22	29	7	7-10 aa	false	[VILMFT]K.EP.[DE]
ELMI004288	TRG_DiLeu_BaLyEn_6	P55011	984	990	6	3-6 aa	false	[^E]..[RP]L[LI]
ELMI001486	DOC_SPAK_OSR1_1	P55017	18	23	5	3-6 aa	false	RF[^P][IV].
ELMI004253	TRG_DiLeu_BaEn_1	P55087	287	293	6	3-6 aa	false	E..[^P]L[LIVM]
ELMI001431	LIG_BIR_III_2	P55210	22	27	5	3-6 aa	false	DA.P.
ELMI003234	MOD_CDK_SPK_2	P55211	121	127	6	3-6 aa	false	...([ST])P[RK]
ELMI002548	MOD_PKB_1	P55211	190	199	9	7-10 aa	false	R.R..([ST])[^P]..
ELMI001318	LIG_BIR_III_2	P55211	314	319	5	3-6 aa	false	DA.P.
ELMI001932	CLV_C14_Caspase3-7	P55211	326	331	5	3-6 aa	false	[DSTE][^P][^DEWHFYC]D[GSAN]
ELMI001931	CLV_C14_Caspase3-7	P55212	19	24	5	3-6 aa	false	[DSTE][^P][^DEWHFYC]D[GSAN]
ELMI001929	CLV_C14_Caspase3-7	P55212	175	180	5	3-6 aa	false	[DSTE][^P][^DEWHFYC]D[GSAN]
ELMI001930	CLV_C14_Caspase3-7	P55212	189	194	5	3-6 aa	false	[DSTE][^P][^DEWHFYC]D[GSAN]
ELMI000939	LIG_EH1_1	P55317	398	407	9	7-10 aa	false	.[FYH].[IVM][^WFYP][^WFYP][ILM][ILMV].
ELMI000881	MOD_SUMO_for_1	P55854	9	13	4	3-6 aa	false	[VILMAFP](K).E
ELMI000213	LIG_CtBP_PxDLS_1	P56524	47	52	5	3-6 aa	false	(P[LVIPME][DENS][LM][VASTRG])|(G[LVIPME][DENS][LM][VASTRG]((K)|(.[KR])))
ELMI002999	LIG_14-3-3_CanoR_1	P56524	241	248	7	7-10 aa	false	R[^DE]{0,2}[^DEPG]([ST])(([FWYLMV].)|([^PRIKGN]P)|([^PRIKGN].{2,4}[VILMFWYP]))
ELMI002947	LIG_ANK_PxLPxL_1	P56524	348	358	10	7-10 aa	false	P.LP.[IL].{1,3}[VLF]
ELMI003000	LIG_14-3-3_CanoR_1	P56524	463	469	6	3-6 aa	false	R[^DE]{0,2}[^DEPG]([ST])(([FWYLMV].)|([^PRIKGN]P)|([^PRIKGN].{2,4}[VILMFWYP]))
ELMI000864	MOD_SUMO_for_1	P56524	557	561	4	3-6 aa	false	[VILMAFP](K).E
ELMI001250	LIG_KEPE_2	P56524	557	566	9	7-10 aa	false	[VILMFT]K.EP.{2,3}[DE]
ELMI003001	LIG_14-3-3_CanoR_1	P56524	628	634	6	3-6 aa	false	R[^DE]{0,2}[^DEPG]([ST])(([FWYLMV].)|([^PRIKGN]P)|([^PRIKGN].{2,4}[VILMFWYP]))
ELMI002318	MOD_NMyristoyl	P56559	0	7	7	7-10 aa	false	^M{0,1}(G)[^EDRKHPFYW]..[STAGCN][^P]
ELMI000977	LIG_EH1_1	P56915	4	13	9	7-10 aa	false	.[FYH].[IVM][^WFYP][^WFYP][ILM][ILMV].
ELMI003732	LIG_SH2_CRK	P56945	361	366	5	3-6 aa	false	(Y)[^EPILVFYW][^HDEW][PLIV][^DEW]
ELMI004895	LIG_SH2_SFK_2	P56945	661	668	7	7-10 aa	false	[^KR][^KR](Y)([DEVYI][^KRH][ILVF]|[DEVYI][^KRH][AQPMCW]|[NQSTAFL][^KRH][ILVF])((.{0,3}[DE])|.|$)
ELMI004462	LIG_LIR_Gen_1	P56962	170	180	10	7-10 aa	false	[EDST].{0,2}[WFY][^RKPGWFY][^PG][ILVFM]((.{0,4}[PLAFIVMY])|($)|(.{0,3}[ED]))
ELMI000079	LIG_CtBP_PxDLS_1	P57682	60	65	5	3-6 aa	false	(P[LVIPME][DENS][LM][VASTRG])|(G[LVIPME][DENS][LM][VASTRG]((K)|(.[KR])))
ELMI003290	DOC_MAPK_MEF2A_6	P57682	89	97	8	7-10 aa	false	[RK].{2,4}[LIVMP].[LIV].[LIVMF]
ELMI003005	LIG_14-3-3_CanoR_1	P58340	30	36	6	3-6 aa	false	R[^DE]{0,2}[^DEPG]([ST])(([FWYLMV].)|([^PRIKGN]P)|([^PRIKGN].{2,4}[VILMFWYP]))
ELMI002756	LIG_CNOT1_NIM_1	P60321	5	15	10	7-10 aa	false	[FY][^P].[WFY][^P]DY..L
ELMI002757	LIG_CNOT1_NIM_1	P60323	3	13	10	7-10 aa	false	[FY][^P].[WFY][^P]DY..L
ELMI002111	CLV_C14_Caspase3-7	P60484	380	385	5	3-6 aa	false	[DSTE][^P][^DEWHFYC]D[GSAN]
ELMI002142	MOD_CK2_1	P60484	381	388	7	7-10 aa	false	...([ST])..E
ELMI002604	MOD_CAAXbox	P60953	187	191	4	3-6 aa	false	(C)[^DENQ][LIVMF].$
ELMI002901	LIG_DCNL_PONY_1	P61081	0	4	4	3-6 aa	false	^M[MIL].[MIL]
ELMI002898	LIG_UBA3_1	P61081	3	12	9	7-10 aa	false	[ILM][ILMF].{1,2}[ILM].{0,4}K
ELMI004625	LIG_ARS2_EDGEI_1	P61129	11	18	7	7-10 aa	false	E[ED]G[EQ][ILVM].{0,2}[DE]
ELMI004626	LIG_ARS2_EDGEI_1	P61129	16	23	7	7-10 aa	false	E[ED]G[EQ][ILVM].{0,2}[DE]
ELMI000921	TRG_NES_CRM1_1	P61925	36	51	15	11-15 aa	false	([DEQ].{0,1}[LIM].{2,3}[LIVMF][^P]{2,3}[LMVF].[LMIV].{0,3}[DE])|([DE].{0,1}[LIM].{2,3}[LIVMF][^P]{2,3}[LMVF].[LMIV].{0,3}[DEQ])
ELMI000882	MOD_SUMO_for_1	P61956	9	13	4	3-6 aa	false	[VILMAFP](K).E
ELMI003469	MOD_PRMT_GGRGG_1	P61978	296	301	5	3-6 aa	false	GGRGG
ELMI002319	MOD_NMyristoyl	P63096	0	7	7	7-10 aa	false	^M{0,1}(G)[^EDRKHPFYW]..[STAGCN][^P]
ELMI002320	MOD_NMyristoyl	P63098	0	7	7	7-10 aa	false	^M{0,1}(G)[^EDRKHPFYW]..[STAGCN][^P]
ELMI002864	MOD_SUMO_rev_2	P63165	2	8	6	3-6 aa	false	[SDE].{0,5}[DE].(K).{0,1}[AIFLMPSTV]
ELMI003020	LIG_14-3-3_CanoR_1	P68431	8	17	9	7-10 aa	true	R[^DE]{0,2}[^DEPG]([ST])(([FWYLMV].)|([^PRIKGN]P)|([^PRIKGN].{2,4}[VILMFWYP]))
ELMI003011	LIG_14-3-3_CanoR_1	P68431	26	31	5	3-6 aa	true	R[^DE]{0,2}[^DEPG]([ST])(([FWYLMV].)|([^PRIKGN]P)|([^PRIKGN].{2,4}[VILMFWYP]))
ELMI004389	LIG_SH3_CIN85_PxpxPR_1	P78314	207	213	6	3-6 aa	false	P.[AP].PR
ELMI003040	LIG_14-3-3_CanoR_1	P78314	221	227	6	3-6 aa	false	R[^DE]{0,2}[^DEPG]([ST])(([FWYLMV].)|([^PRIKGN]P)|([^PRIKGN].{2,4}[VILMFWYP]))
ELMI003013	LIG_14-3-3_CanoR_1	P78314	275	280	5	3-6 aa	false	R[^DE]{0,2}[^DEPG]([ST])(([FWYLMV].)|([^PRIKGN]P)|([^PRIKGN].{2,4}[VILMFWYP]))
ELMI002044	DOC_ANK_TNKS_1	P78314	413	421	8	7-10 aa	false	.R..[PGAV][DEIP]G.
ELMI002809	LIG_SUMO_SIM_anti_2	P78317	33	41	8	7-10 aa	false	[DEST]{1,10}.{0,1}[VIL][DESTVILMA][VIL][VILM].[DEST]{0,5}
ELMI002779	LIG_SUMO_SIM_par_1	P78317	44	50	6	3-6 aa	false	[DEST]{0,5}.[VILPTM][VIL][DESTVILMA][VIL].{0,1}[DEST]{1,10}
ELMI002777	LIG_SUMO_SIM_par_1	P78317	56	62	6	3-6 aa	false	[DEST]{0,5}.[VILPTM][VIL][DESTVILMA][VIL].{0,1}[DEST]{1,10}
ELMI002778	LIG_SUMO_SIM_par_1	P78317	65	72	7	7-10 aa	false	[DEST]{0,5}.[VILPTM][VIL][DESTVILMA][VIL].{0,1}[DEST]{1,10}
ELMI002810	LIG_SUMO_SIM_anti_2	P78317	65	72	7	7-10 aa	false	[DEST]{1,10}.{0,1}[VIL][DESTVILMA][VIL][VILM].[DEST]{0,5}
ELMI000561	MOD_N-GLC_1	P78363	96	102	6	3-6 aa	false	.(N)[^P][ST]..
ELMI000562	MOD_N-GLC_1	P78363	413	419	6	3-6 aa	false	.(N)[^P][ST]..
ELMI000563	MOD_N-GLC_1	P78363	442	448	6	3-6 aa	false	.(N)[^P][ST]..
ELMI000564	MOD_N-GLC_1	P78363	502	508	6	3-6 aa	false	.(N)[^P][ST]..
ELMI000565	MOD_N-GLC_1	P78363	1467	1473	6	3-6 aa	false	.(N)[^P][ST]..
ELMI000566	MOD_N-GLC_1	P78363	1527	1533	6	3-6 aa	false	.(N)[^P][ST]..
ELMI000567	MOD_N-GLC_1	P78363	1586	1592	6	3-6 aa	false	.(N)[^P][ST]..
ELMI000568	MOD_N-GLC_1	P78363	1660	1666	6	3-6 aa	false	.(N)[^P][ST]..
ELMI002596	TRG_ER_diLys_1	P78381	391	396	5	3-6 aa	false	K.{0,1}K.{2,3}$
ELMI003264	LIG_APCC_ABBA_1	P78396	134	140	6	3-6 aa	false	[ILVMF].[ILMVP][FHY].[DE]
ELMI001906	CLV_C14_Caspase3-7	P78527	2709	2714	5	3-6 aa	false	[DSTE][^P][^DEWHFYC]D[GSAN]
ELMI002033	DOC_WW_Pin1_4	P78543	143	149	6	3-6 aa	false	...([ST])P.
ELMI001991	DOC_WW_Pin1_4	P84022	175	181	6	3-6 aa	false	...([ST])P.
ELMI001992	DOC_WW_Pin1_4	P84022	200	206	6	3-6 aa	false	...([ST])P.
ELMI002176	MOD_GSK3_1	P84022	200	208	8	7-10 aa	false	...([ST])...[ST]
ELMI001993	DOC_WW_Pin1_4	P84022	204	210	6	3-6 aa	false	...([ST])P.
ELMI001994	DOC_WW_Pin1_4	P84022	209	215	6	3-6 aa	false	...([ST])P.
ELMI002321	MOD_NMyristoyl	P84077	0	7	7	7-10 aa	false	^M{0,1}(G)[^EDRKHPFYW]..[STAGCN][^P]
ELMI002609	LIG_AP2alpha_2	P98082	292	295	3	3-6 aa	false	DP[FW]
ELMI002610	LIG_AP2alpha_2	P98082	297	300	3	3-6 aa	false	DP[FW]
ELMI004395	LIG_SH3_CIN85_PxpxPR_1	P98082	714	720	6	3-6 aa	false	P.[AP].PR
ELMI003874	LIG_SH2_NCK_1	P98172	314	321	7	7-10 aa	false	([^KR][^KR](Y)[DE][^GWFY][AI][SDENQTAGYFP])|([^KR][^KR](Y)[STNA][^GWFY][PV][SDENQTAGYFP])|(..Y[DE][^GWFY][PV][SDENQTAGYFP])
ELMI002582	MOD_GSK3_1	P98174	279	287	8	7-10 aa	false	...([ST])...[ST]
ELMI002123	DEG_SCF_TRCP1_1	P98174	281	287	6	3-6 aa	false	D(S)G.{2,3}([ST])
ELMI002279	MOD_PKB_1	P98177	26	35	9	7-10 aa	false	R.R..([ST])[^P]..
ELMI002988	LIG_14-3-3_CanoR_1	P98177	28	34	6	3-6 aa	false	R[^DE]{0,2}[^DEPG]([ST])(([FWYLMV].)|([^PRIKGN]P)|([^PRIKGN].{2,4}[VILMFWYP]))
ELMI002280	MOD_PKB_1	P98177	191	200	9	7-10 aa	false	R.R..([ST])[^P]..
ELMI003025	LIG_14-3-3_CanoR_1	P98177	193	199	6	3-6 aa	false	R[^DE]{0,2}[^DEPG]([ST])(([FWYLMV].)|([^PRIKGN]P)|([^PRIKGN].{2,4}[VILMFWYP]))
ELMI004491	LIG_LIR_Gen_1	Q00610	510	522	12	11-15 aa	false	[EDST].{0,2}[WFY][^RKPGWFY][^PG][ILVFM]((.{0,4}[PLAFIVMY])|($)|(.{0,3}[ED]))
ELMI000865	MOD_SUMO_for_1	Q00613	296	300	4	3-6 aa	false	[VILMAFP](K).E
ELMI002190	MOD_GSK3_1	Q00613	299	307	8	7-10 aa	false	...([ST])...[ST]
ELMI002191	MOD_ProDKin_1	Q00613	303	310	7	7-10 aa	false	...([ST])P..
ELMI002886	MOD_SUMO_rev_2	Q00839	261	267	6	3-6 aa	false	[SDE].{0,5}[DE].(K).{0,1}[AIFLMPSTV]
ELMI003526	LIG_PDZ_Wminus1_1	Q00975	2336	2339	3	3-6 aa	false	.W[ACGILV]$
ELMI003828	MOD_CK1_1	Q00987	117	124	7	7-10 aa	false	S..([ST])...
ELMI001069	DOC_USP7_MATH_1	Q00987	146	151	5	3-6 aa	false	[PA][^P][^FYWIL]S[^P]
ELMI002550	MOD_PKB_1	Q00987	160	169	9	7-10 aa	false	R.R..([ST])[^P]..
ELMI002551	MOD_PKB_1	Q00987	180	189	9	7-10 aa	false	R.R..([ST])[^P]..
ELMI001070	DOC_USP7_MATH_1	Q00987	225	230	5	3-6 aa	false	[PA][^P][^FYWIL]S[^P]
ELMI000953	MOD_PIKK_1	Q00987	391	398	7	7-10 aa	false	...([ST])Q..
ELMI002274	DOC_USP7_MATH_1	Q00987	396	401	5	3-6 aa	false	[PA][^P][^FYWIL]S[^P]
ELMI002276	MOD_PIKK_1	Q00987	403	410	7	7-10 aa	false	...([ST])Q..
ELMI001911	CLV_C14_Caspase3-7	Q01082	1453	1458	5	3-6 aa	false	[DSTE][^P][^DEWHFYC]D[GSAN]
ELMI000968	MOD_PIKK_1	Q01094	27	34	7	7-10 aa	false	...([ST])Q..
ELMI000075	DOC_CYCLIN_RxL_1	Q01094	86	97	11	11-15 aa	false	(.|([KRH].{0,3}))[^EDWNSG][^D][RK][^D]L.{0,1}[FL].{0,3}[EDST]
ELMI001521	LIG_HCF-1_HBM_1	Q01094	96	100	4	3-6 aa	false	[DE]H.Y
ELMI001516	LIG_RB_pABgroove_1	Q01094	418	427	9	7-10 aa	false	..[LIMVA].[DE][LMF][FYM][IL]{0,1}([DE]|(S)).
ELMI002980	LIG_14-3-3_CterR_2	Q01113	516	521	5	3-6 aa	false	R[^DE]{0,2}[^DEPG]([ST])[^P]{0,1}$
ELMI000741	LIG_WRPW_1	Q01196	449	453	4	3-6 aa	false	[WFY]RP[WFY].{0,7}$
ELMI001597	LIG_PDZ_Class_1	Q01344	414	420	6	3-6 aa	false	...[ST].[ACVILF]$
ELMI003291	DOC_MAPK_MEF2A_6	Q01432	81	90	9	7-10 aa	false	[RK].{2,4}[LIVMP].[LIV].[LIVMF]
ELMI000610	MOD_N-GLC_1	Q01453	39	45	6	3-6 aa	false	.(N)[^P][ST]..
ELMI004464	LIG_LIR_Gen_1	Q01484	1590	1600	10	7-10 aa	false	[EDST].{0,2}[WFY][^RKPGWFY][^PG][ILVFM]((.{0,4}[PLAFIVMY])|($)|(.{0,3}[ED]))
ELMI003647	LIG_CaM_NSCaTE_8	Q01668	52	60	8	7-10 aa	false	W[^P][^P][^P][IL][^P][AGS][AT]
ELMI004106	LIG_WRC_WIRS_1	Q01668	2032	2038	6	3-6 aa	false	[FYILMV].[TS]F(G|[^P]).
ELMI002083	TRG_ER_diArg_1	Q01726	159	163	4	3-6 aa	false	([LIVMFYWPR]R[^YFWDE]{0,1}R)|(R[^YFWDE]{0,1}R[LIVMFYWPR])
ELMI004290	TRG_DiLeu_BaLyEn_6	Q01814	1179	1185	6	3-6 aa	false	[^E]..[RP]L[LI]
ELMI002439	LIG_PDZ_Class_1	Q01814	1237	1243	6	3-6 aa	false	...[ST].[ACVILF]$
ELMI003464	MOD_PRMT_GGRGG_1	Q01844	487	492	5	3-6 aa	false	GGRGG
ELMI003466	MOD_PRMT_GGRGG_1	Q01844	572	577	5	3-6 aa	false	GGRGG
ELMI003467	MOD_PRMT_GGRGG_1	Q01844	589	594	5	3-6 aa	false	GGRGG
ELMI003465	MOD_PRMT_GGRGG_1	Q01844	633	638	5	3-6 aa	false	GGRGG
ELMI004849	DOC_PP2B_LxvP_1	Q01850	295	299	4	3-6 aa	false	L.VP
ELMI001970	DOC_WW_Pin1_4	Q01860	8	14	6	3-6 aa	true	...([ST])P.
ELMI003745	LIG_SH2_CRK	Q01973	788	793	5	3-6 aa	false	(Y)[^EPILVFYW][^HDEW][PLIV][^DEW]
ELMI001024	DOC_MAPK_gen_1	Q02078	268	277	9	7-10 aa	false	[KR]{0,2}[KR].{0,2}[KR].{2,4}[ILVM].[ILVF]
ELMI003277	DOC_MAPK_MEF2A_6	Q02078	269	277	8	7-10 aa	false	[RK].{2,4}[LIVMP].[LIV].[LIVMF]
ELMI002189	MOD_SUMO_for_1	Q02078	401	405	4	3-6 aa	false	[VILMAFP](K).E
ELMI002187	MOD_CDK_SPxK_1	Q02078	404	411	7	7-10 aa	false	...([ST])P.[KR]
ELMI002989	LIG_14-3-3_CanoR_1	Q02156	342	348	6	3-6 aa	false	R[^DE]{0,2}[^DEPG]([ST])(([FWYLMV].)|([^PRIKGN]P)|([^PRIKGN].{2,4}[VILMFWYP]))
ELMI003043	LIG_14-3-3_CanoR_1	Q02156	363	370	7	7-10 aa	false	R[^DE]{0,2}[^DEPG]([ST])(([FWYLMV].)|([^PRIKGN]P)|([^PRIKGN].{2,4}[VILMFWYP]))
ELMI003657	MOD_DYRK1A_RPxSP_1	Q02363	23	28	5	3-6 aa	false	R[PSVA].([ST])P
ELMI001035	DEG_APCC_DBOX_1	Q02363	98	107	9	7-10 aa	false	.R..L..[LIVM].
ELMI004545	LIG_CaMK_CASK_1	Q02410	375	382	7	7-10 aa	false	[STED].{0,2}[IV]W[IVLM].[RHK]
ELMI001594	LIG_PDZ_Class_2	Q02410	831	837	6	3-6 aa	false	...[VLIFY].[ACVILF]$
ELMI001927	CLV_C14_Caspase3-7	Q02413	884	889	5	3-6 aa	false	[DSTE][^P][^DEWHFYC]D[GSAN]
ELMI000884	MOD_SUMO_for_1	Q02447	549	553	4	3-6 aa	false	[VILMAFP](K).E
ELMI000940	LIG_EH1_1	Q02548	177	186	9	7-10 aa	false	.[FYH].[IVM][^WFYP][^WFYP][ILM][ILMV].
ELMI001022	DOC_MAPK_gen_1	Q02750	2	11	9	7-10 aa	false	[KR]{0,2}[KR].{0,2}[KR].{2,4}[ILVM].[ILVF]
ELMI003066	DOC_MAPK_JIP1_4	Q02779	876	883	7	7-10 aa	false	[RK]P[^P][^P]L.[LIVMF]
ELMI001286	LIG_SxIP_EBH_1	Q03001	7544	7558	14	11-15 aa	true	([KR][^ED]{0,5}[ST].IP[^ED]{5,5})|([^ED]{5,5}[ST].IP[^ED]{0,5}[KR])
ELMI004519	LIG_Menin_MBM1_1	Q03164	4	13	9	7-10 aa	false	...[RK][^DE]{0,2}FP[GA][^DE]P
ELMI004528	LIG_LEDGF_IBM_1	Q03164	128	151	23	16+ aa	false	[LFVIM].{2,3}[LIVCYFM][FW].{3,35}[EDST].{0,1}[EDST].{0,1}F[^G]GF
ELMI002459	MOD_PIKK_1	Q03164	512	519	7	7-10 aa	false	...([ST])Q..
ELMI000911	CLV_TASPASE1	Q03164	2663	2670	7	7-10 aa	false	Q[MLVI]DG..[DE]
ELMI000912	CLV_TASPASE1	Q03164	2715	2722	7	7-10 aa	false	Q[MLVI]DG..[DE]
ELMI002645	LIG_WD40_WDR5_WIN_1	Q03164	3762	3769	7	7-10 aa	false	[SCA]AR[STCA][EQR][PGILVM][HYFQNKRLVI]
ELMI001188	LIG_EH_1	Q04206	137	142	5	3-6 aa	false	.NPF.
ELMI001961	DOC_WW_Pin1_4	Q04206	250	256	6	3-6 aa	false	...([ST])P.
ELMI002162	TRG_NLS_MonoExtC_3	Q04206	300	307	7	7-10 aa	false	[^DE]((K[RK])|(RK))(([^DE][KR])|([KR][^DE]))(([PKR])|([^DE][DE]))
ELMI002090	LIG_eIF4E_1	Q04637	611	618	7	7-10 aa	false	Y....L[VILMF]
ELMI002958	LIG_CSL_BTD_1	Q04721	1708	1712	4	3-6 aa	false	[AFILMPTVW]W[FHILMPSTVW]P
ELMI000178	LIG_SH3_2	Q05193	832	838	6	3-6 aa	false	P..P.[KR]
ELMI000271	LIG_Sin3_1	Q05195	8	19	11	11-15 aa	false	[LIV]..[LM]L.AA.[FY][LI]
ELMI002195	LIG_SH3_2	Q05397	711	717	6	3-6 aa	false	P..P.[KR]
ELMI001460	MOD_ProDKin_1	Q05397	906	913	7	7-10 aa	false	...([ST])P..
ELMI002032	DOC_WW_Pin1_4	Q05397	906	912	6	3-6 aa	false	...([ST])P.
ELMI000405	LIG_SH2_GRB2like	Q05397	924	928	4	3-6 aa	false	(Y)([EDST]|[MLIVAFYHQW])N.
ELMI001636	DOC_AGCK_PIF_2	Q05513	574	580	6	3-6 aa	false	F..[FWY][DE][FY]
ELMI002064	TRG_ER_diArg_1	Q05586	892	895	3	3-6 aa	false	([LIVMFYWPR]R[^YFWDE]{0,1}R)|(R[^YFWDE]{0,1}R[LIVMFYWPR])
ELMI002147	MOD_PKA_1	Q05586	893	900	7	7-10 aa	false	[RK][RK].([ST])[^P]..
ELMI001919	CLV_C14_Caspase3-7	Q05655	325	330	5	3-6 aa	false	[DSTE][^P][^DEWHFYC]D[GSAN]
ELMI000176	LIG_SH3_1	Q06187	185	192	7	7-10 aa	false	[RKY]..P..P
ELMI000177	LIG_SH3_1	Q06187	199	206	7	7-10 aa	false	[RKY]..P..P
ELMI002780	LIG_SUMO_SIM_par_1	Q06265	392	403	11	11-15 aa	false	[DEST]{0,5}.[VILPTM][VIL][DESTVILMA][VIL].{0,1}[DEST]{1,10}
ELMI003278	DOC_MAPK_MEF2A_6	Q06413	250	259	9	7-10 aa	false	[RK].{2,4}[LIVMP].[LIV].[LIVMF]
ELMI003224	MOD_CDK_SPxxK_3	Q06481	732	740	8	7-10 aa	false	...([ST])P..[RK]
ELMI000151	LIG_SH3_1	Q06609	314	321	7	7-10 aa	false	[RKY]..P..P
ELMI000044	LIG_TRAF2like_MATH_shPxQ_1	Q07011	230	234	4	3-6 aa	false	P[LIVTFYHQE]Q[DET]
ELMI000125	MOD_N-GLC_2	Q07108	110	113	3	3-6 aa	false	(N)[^P]C
ELMI003067	DOC_MAPK_JIP1_4	Q07343	72	79	7	7-10 aa	false	[RK]P[^P][^P]L.[LIVMF]
ELMI002861	MOD_SUMO_rev_2	Q07666	97	104	7	7-10 aa	false	[SDE].{0,5}[DE].(K).{0,1}[AIFLMPSTV]
ELMI002057	DOC_ANK_TNKS_1	Q07820	76	84	8	7-10 aa	false	.R..[PGAV][DEIP]G.
ELMI003250	MOD_CDK_SPxK_1	Q07820	88	95	7	7-10 aa	false	...([ST])P.[KR]
ELMI003068	DOC_MAPK_JIP1_4	Q07820	136	143	7	7-10 aa	false	[RK]P[^P][^P]L.[LIVMF]
ELMI000183	LIG_SH3_2	Q07889	1150	1156	6	3-6 aa	false	P..P.[KR]
ELMI000184	LIG_SH3_2	Q07889	1151	1157	6	3-6 aa	false	P..P.[KR]
ELMI001442	MOD_ProDKin_1	Q07889	1163	1170	7	7-10 aa	false	...([ST])P..
ELMI001443	MOD_ProDKin_1	Q07889	1174	1181	7	7-10 aa	false	...([ST])P..
ELMI001444	MOD_ProDKin_1	Q07889	1189	1196	7	7-10 aa	false	...([ST])P..
ELMI004804	LIG_SH3_PxxPPRxxK_8	Q07889	1301	1311	10	7-10 aa	false	[PAVLI]P.[LVI]PP[RK][^P][^P][KR]
ELMI001543	LIG_PTB_Phospho_1	Q07954	4466	4473	7	7-10 aa	false	(.[^P].NP.(Y))|(.[ILVMFY].N..(Y))
ELMI001560	LIG_PTB_Apo_2	Q07954	4466	4474	8	7-10 aa	false	(.[^P].NP.[FY].)|(.[ILVMFY].N..[FY].)
ELMI001546	LIG_PTB_Phospho_1	Q07954	4500	4507	7	7-10 aa	false	(.[^P].NP.(Y))|(.[ILVMFY].N..(Y))
ELMI001562	LIG_PTB_Apo_2	Q07954	4500	4508	8	7-10 aa	false	(.[^P].NP.[FY].)|(.[ILVMFY].N..[FY].)
ELMI004252	TRG_DiLeu_BaEn_1	Q07954	4525	4531	6	3-6 aa	false	E..[^P]L[LIVM]
ELMI003667	MOD_DYRK1A_RPxSP_1	Q07955	223	228	5	3-6 aa	false	R[PSVA].([ST])P
ELMI003357	MOD_Plk_1	Q08050	735	742	7	7-10 aa	false	.[DNE][^PG][ST](([FYILMVW]..)|([^PEDGKN][FWYLIVM]).)
ELMI000060	DOC_CYCLIN_RxL_1	Q08999	676	687	11	11-15 aa	false	(.|([KRH].{0,3}))[^EDWNSG][^D][RK][^D]L.{0,1}[FL].{0,3}[EDST]
ELMI003972	DOC_CYCLIN_D_Helix_1	Q08999	1124	1136	12	11-15 aa	false	[FLV][^P][^P][KR]L[^P][^P][LMIV][^P][^P][^P]R
ELMI002065	TRG_ER_diArg_1	Q09428	647	651	4	3-6 aa	false	([LIVMFYWPR]R[^YFWDE]{0,1}R)|(R[^YFWDE]{0,1}R[LIVMFYWPR])
ELMI003215	MOD_CDK_SPxxK_3	Q0VD86	19	27	8	7-10 aa	false	...([ST])P..[RK]
ELMI000438	LIG_Clathr_ClatBox_1	Q10567	631	636	5	3-6 aa	false	L[IVLMF].[IVLMF][DE]
ELMI001907	CLV_C14_Caspase3-7	Q12772	464	469	5	3-6 aa	false	[DSTE][^P][^DEWHFYC]D[GSAN]
ELMI002706	CLV_PCSK_SKI1_1	Q12772	518	523	5	3-6 aa	false	[RK].[AILMFV][LTKF].
ELMI004795	LIG_SH3_PxRPPK_7	Q12774	630	638	8	7-10 aa	false	[PAVL]P[PEQA][RL]PPK[^DE]
ELMI003816	MOD_CK1_1	Q12778	321	328	7	7-10 aa	false	S..([ST])...
ELMI004172	LIG_ActinCP_TwfCPI_2	Q12792	322	333	11	11-15 aa	false	F.[KR]P..[PAS].{0,3}[RK]
ELMI002305	DOC_WW_Pin1_4	Q12800	285	291	6	3-6 aa	false	...([ST])P.
ELMI002012	DOC_WW_Pin1_4	Q12800	287	293	6	3-6 aa	false	...([ST])P.
ELMI002013	DOC_WW_Pin1_4	Q12800	305	311	6	3-6 aa	false	...([ST])P.
ELMI002014	DOC_WW_Pin1_4	Q12800	325	331	6	3-6 aa	false	...([ST])P.
ELMI002830	DEG_Kelch_Keap1_1	Q12830	728	734	6	3-6 aa	false	[DNS].[DES][TNS]GE
ELMI002507	LIG_APCC_Cbox_1	Q12834	76	83	7	7-10 aa	false	[DE]R[YFH][ILFVM][PAG].R
ELMI001006	DEG_APCC_KENBOX_2	Q12834	95	100	5	3-6 aa	false	.KEN.
ELMI000283	LIG_MAD2	Q12834	128	137	9	7-10 aa	false	[KR][IV][LV].....P
ELMI002492	DEG_APCC_TPR_1	Q12834	496	499	3	3-6 aa	false	.[ILM]R$
ELMI003807	LIG_SH3_3	Q12929	209	216	7	7-10 aa	false	...[PV]..P
ELMI003806	LIG_SH3_3	Q12929	214	221	7	7-10 aa	false	...[PV]..P
ELMI001681	LIG_EVH1_1	Q12955	3253	3258	5	3-6 aa	false	([FYWL]P.PP)|([FYWL]PP[ALIVTFY]P)
ELMI003253	MOD_CDK_SPxK_1	Q12959	154	161	7	7-10 aa	false	...([ST])P.[KR]
ELMI003254	MOD_CDK_SPxK_1	Q12959	439	446	7	7-10 aa	false	...([ST])P.[KR]
ELMI001310	DEG_SCF_TRCP1_1	Q12959	596	602	6	3-6 aa	false	D(S)G.{2,3}([ST])
ELMI003096	DOC_MAPK_NFAT4_5	Q12968	145	154	9	7-10 aa	false	[RK][^P][^P][LIM].L.[LIVMF].
ELMI002689	DOC_PP2B_LxvP_1	Q12968	392	396	4	3-6 aa	false	L.VP
ELMI001072	DOC_PP1_RVXF_1	Q12972	197	204	7	7-10 aa	false	..[RK].{0,1}[VIL][^P][FW].
ELMI002934	LIG_KLC1_WD_1	Q12982	94	104	10	7-10 aa	false	[LMTAFSRI][^KRG]W[DE].{3,5}[LIVMFPA]
ELMI004487	LIG_LIR_Gen_1	Q12983	81	88	7	7-10 aa	false	[EDST].{0,2}[WFY][^RKPGWFY][^PG][ILVFM]((.{0,4}[PLAFIVMY])|($)|(.{0,3}[ED]))
ELMI001614	LIG_PAM2_1	Q12986	10	23	13	11-15 aa	false	..[LFP][NS][PIVTAFL].A..(([FY].[PYLF])|(W..)).
ELMI004550	LIG_CaMK_CASK_1	Q13009	1571	1578	7	7-10 aa	false	[STED].{0,2}[IV]W[IVLM].[RHK]
ELMI003095	DOC_MAPK_NFAT4_5	Q13023	433	442	9	7-10 aa	false	[RK][^P][^P][LIM].L.[LIVMF].
ELMI003126	LIG_RB_LxCxE_1	Q13029	308	328	20	16+ aa	false	([DEST]|^).{0,4}[LI].C.E.{1,4}[FLMIVAWPHY].{0,8}([DEST]|$)
ELMI004820	LIG_CtBP_RRT_2	Q13029	734	743	9	7-10 aa	false	[RG]RT[GSAT].PP..
ELMI001902	CLV_C14_Caspase3-7	Q13043	322	327	5	3-6 aa	false	[DSTE][^P][^DEWHFYC]D[GSAN]
ELMI000919	TRG_NES_CRM1_1	Q13043	358	374	16	16+ aa	false	([DEQ].{0,1}[LIM].{2,3}[LIVMF][^P]{2,3}[LMVF].[LMIV].{0,3}[DE])|([DE].{0,1}[LIM].{2,3}[LIVMF][^P]{2,3}[LMVF].[LMIV].{0,3}[DEQ])
ELMI001256	LIG_BRCT_BRCA1_1	Q13085	1261	1266	5	3-6 aa	false	.(S)..F
ELMI003886	LIG_SH2_NCK_1	Q13094	110	117	7	7-10 aa	false	([^KR][^KR](Y)[DE][^GWFY][AI][SDENQTAGYFP])|([^KR][^KR](Y)[STNA][^GWFY][PV][SDENQTAGYFP])|(..Y[DE][^GWFY][PV][SDENQTAGYFP])
ELMI003887	LIG_SH2_NCK_1	Q13094	125	132	7	7-10 aa	false	([^KR][^KR](Y)[DE][^GWFY][AI][SDENQTAGYFP])|([^KR][^KR](Y)[STNA][^GWFY][PV][SDENQTAGYFP])|(..Y[DE][^GWFY][PV][SDENQTAGYFP])
ELMI003888	LIG_SH2_NCK_1	Q13094	142	149	7	7-10 aa	false	([^KR][^KR](Y)[DE][^GWFY][AI][SDENQTAGYFP])|([^KR][^KR](Y)[STNA][^GWFY][PV][SDENQTAGYFP])|(..Y[DE][^GWFY][PV][SDENQTAGYFP])
ELMI004774	LIG_SH3_PxxxRxxKP_6	Q13094	232	241	9	7-10 aa	false	P.[VIF][DNH]R[^P][^P]KP
ELMI000246	LIG_HP1_1	Q13111	237	242	5	3-6 aa	false	P[MVLIRWY]V[MVLIAS][LM]
ELMI003831	MOD_CK1_1	Q13114	348	355	7	7-10 aa	false	S..([ST])...
ELMI000638	LIG_Sin3_2	Q13118	38	48	10	7-10 aa	false	[FHYM].A[AV].[VAC]L[MV].[MI]
ELMI001114	DEG_SIAH_1	Q13118	199	208	9	7-10 aa	false	.P.A.V.P[^P]
ELMI001596	LIG_PDZ_Class_2	Q13136	1196	1202	6	3-6 aa	false	...[VLIFY].[ACVILF]$
ELMI002684	LIG_LIR_LC3C_4	Q13137	131	136	5	3-6 aa	false	[EDST].{0,2}LVV
ELMI002173	LIG_SH3_2	Q13153	12	18	6	3-6 aa	false	P..P.[KR]
ELMI003810	MOD_CK1_1	Q13158	196	203	7	7-10 aa	false	S..([ST])...
ELMI001918	CLV_C14_Caspase3-7	Q13177	208	213	5	3-6 aa	false	[DSTE][^P][^DEWHFYC]D[GSAN]
ELMI001903	CLV_C14_Caspase3-7	Q13188	318	323	5	3-6 aa	false	[DSTE][^P][^DEWHFYC]D[GSAN]
ELMI003309	DOC_MAPK_DCC_7	Q13191	490	499	9	7-10 aa	false	[RK].{2,4}[LIVP]P.[LIV].[LIVMF]|[RK].{2,4}[LIVP].P[LIV].[LIVMF]
ELMI003726	LIG_SH2_CRK	Q13191	664	669	5	3-6 aa	false	(Y)[^EPILVFYW][^HDEW][PLIV][^DEW]
ELMI003727	LIG_SH2_CRK	Q13191	708	713	5	3-6 aa	false	(Y)[^EPILVFYW][^HDEW][PLIV][^DEW]
ELMI003707	LIG_SH2_STAP1	Q13191	801	806	5	3-6 aa	false	(Y)[DESTA][^GP][^GP][ILVFMWYA]
ELMI004428	LIG_SH3_CIN85_PxpxPR_1	Q13191	905	911	6	3-6 aa	false	P.[AP].PR
ELMI004914	LIG_Integrin_RGDSP_6	Q13201	185	189	4	3-6 aa	false	RGDSP{0,1}
ELMI003099	DOC_MAPK_NFAT4_5	Q13233	1077	1086	9	7-10 aa	false	[RK][^P][^P][LIM].L.[LIVMF].
ELMI003654	MOD_DYRK1A_RPxSP_1	Q13247	299	304	5	3-6 aa	false	R[PSVA].([ST])P
ELMI001697	LIG_EVH1_2	Q13255	1146	1151	5	3-6 aa	true	PP..F
ELMI000250	LIG_HP1_1	Q13263	485	490	5	3-6 aa	false	P[MVLIRWY]V[MVLIAS][LM]
ELMI000142	LIG_TYR_ITSM	Q13291	276	284	8	7-10 aa	false	..T.(Y)..[IV]
ELMI000143	LIG_TYR_ITSM	Q13291	322	330	8	7-10 aa	false	..T.(Y)..[IV]
ELMI002115	DEG_APCC_DBOX_1	Q13309	1	10	9	7-10 aa	false	.R..L..[LIVM].
ELMI002595	TRG_NLS_MonoExtN_4	Q13309	66	72	6	3-6 aa	false	(([PKR].{0,1}[^DE])|([PKR]))((K[RK])|(RK))(([^DE][KR])|([KR][^DE]))[^DE]
ELMI004790	DOC_CYCLIN_RevRxL_6	Q13309	77	89	12	11-15 aa	false	[EDST].{0,3}[FL].[ILV][^D][RK][^PD][^EDWNG]((.{0,3}[KRH])|.)
ELMI001450	MOD_ProDKin_1	Q13322	146	153	7	7-10 aa	false	...([ST])P..
ELMI001463	MOD_ProDKin_1	Q13322	472	479	7	7-10 aa	false	...([ST])P..
ELMI003195	LIG_BH_BH3_1	Q13323	52	69	17	16+ aa	false	....[LIFVYMTE][ASGC][^P]{2}L[^P]{2}[IVMTL][GACS][D][^P][FVLMI].
ELMI002782	LIG_SUMO_SIM_par_1	Q13330	708	715	7	7-10 aa	false	[DEST]{0,5}.[VILPTM][VIL][DESTVILMA][VIL].{0,1}[DEST]{1,10}
ELMI000073	DOC_CYCLIN_RxL_1	Q13352	1	10	9	7-10 aa	false	(.|([KRH].{0,3}))[^EDWNSG][^D][RK][^D]L.{0,1}[FL].{0,3}[EDST]
ELMI000451	LIG_Clathr_ClatBox_1	Q13367	807	812	5	3-6 aa	false	L[IVLMF].[IVLMF][DE]
ELMI003599	LIG_CaM_IQ_9	Q13402	747	763	16	16+ aa	false	[ACLIVTM][^P][^P][ILVMFCT]Q[^P][^P][^P][RK][^P]{4,5}[RKQ][^P][^P]
ELMI003600	LIG_CaM_IQ_9	Q13402	770	787	17	16+ aa	false	[ACLIVTM][^P][^P][ILVMFCT]Q[^P][^P][^P][RK][^P]{4,5}[RKQ][^P][^P]
ELMI003601	LIG_CaM_IQ_9	Q13402	816	833	17	16+ aa	false	[ACLIVTM][^P][^P][ILVMFCT]Q[^P][^P][^P][RK][^P]{4,5}[RKQ][^P][^P]
ELMI003602	LIG_CaM_IQ_9	Q13402	839	856	17	16+ aa	false	[ACLIVTM][^P][^P][ILVMFCT]Q[^P][^P][^P][RK][^P]{4,5}[RKQ][^P][^P]
ELMI002829	DEG_Kelch_Keap1_1	Q13402	1635	1641	6	3-6 aa	false	[DNS].[DES][TNS]GE
ELMI001218	LIG_Dynein_DLC8_1	Q13409	155	162	7	7-10 aa	false	[^P].[KR].TQT
ELMI003255	MOD_CDK_SPxK_1	Q13416	112	119	7	7-10 aa	false	...([ST])P.[KR]
ELMI003256	MOD_CDK_SPxxK_3	Q13416	222	230	8	7-10 aa	false	...([ST])P..[RK]
ELMI000083	LIG_CtBP_PxDLS_1	Q13422	33	38	5	3-6 aa	false	(P[LVIPME][DENS][LM][VASTRG])|(G[LVIPME][DENS][LM][VASTRG]((K)|(.[KR])))
ELMI000985	LIG_FHA_2	Q13426	230	237	7	7-10 aa	false	..(T)..[DE].
ELMI002435	LIG_SH3_2	Q13444	766	772	6	3-6 aa	false	P..P.[KR]
ELMI003069	DOC_MAPK_JIP1_4	Q13459	1249	1256	7	7-10 aa	false	[RK]P[^P][^P]L.[LIVMF]
ELMI001627	DOC_AGCK_PIF_1	Q13464	393	399	6	3-6 aa	false	F..[FWY][ST][FY]
ELMI001925	CLV_C14_Caspase3-7	Q13464	1109	1114	5	3-6 aa	false	[DSTE][^P][^DEWHFYC]D[GSAN]
ELMI002688	DOC_PP2B_LxvP_1	Q13469	368	372	4	3-6 aa	false	L.VP
ELMI004791	LIG_SH3_PxRPPK_7	Q13480	340	348	8	7-10 aa	false	[PAVL]P[PEQA][RL]PPK[^DE]
ELMI004782	LIG_SH3_PxxxRxxKP_6	Q13480	516	525	9	7-10 aa	false	P.[VIF][DNH]R[^P][^P]KP
ELMI003306	DOC_MAPK_DCC_7	Q13480	526	536	10	7-10 aa	false	[RK].{2,4}[LIVP]P.[LIV].[LIVMF]|[RK].{2,4}[LIVP].P[LIV].[LIVMF]
ELMI001184	LIG_EH_1	Q13492	435	440	5	3-6 aa	false	.NPF.
ELMI001185	LIG_EH_1	Q13492	637	642	5	3-6 aa	false	.NPF.
ELMI004465	LIG_LIR_Gen_1	Q13501	334	346	12	11-15 aa	false	[EDST].{0,2}[WFY][^RKPGWFY][^PG][ILVFM]((.{0,4}[PLAFIVMY])|($)|(.{0,3}[ED]))
ELMI002823	DEG_Kelch_Keap1_1	Q13501	346	352	6	3-6 aa	false	[DNS].[DES][TNS]GE
ELMI003836	MOD_CK2_1	Q13516	9	16	7	7-10 aa	false	...([ST])..E
ELMI004621	LIG_ARS2_EDGEI_1	Q13523	145	152	7	7-10 aa	true	E[ED]G[EQ][ILVM].{0,2}[DE]
ELMI002096	LIG_eIF4E_1	Q13541	53	60	7	7-10 aa	false	Y....L[VILMF]
ELMI001211	DOC_WD40_RPTOR_TOS_1	Q13541	113	118	5	3-6 aa	false	F[EDQS][MILV][ED][MILV]((.{0,1}[ED])|($))
ELMI002097	LIG_eIF4E_1	Q13542	53	60	7	7-10 aa	false	Y....L[VILMF]
ELMI001212	DOC_WD40_RPTOR_TOS_1	Q13542	115	120	5	3-6 aa	false	F[EDQS][MILV][ED][MILV]((.{0,1}[ED])|($))
ELMI003141	LIG_RB_LxCxE_1	Q13547	410	428	18	16+ aa	false	([DEST]|^).{0,4}[LI].C.E.{1,4}[FLMIVAWPHY].{0,8}([DEST]|$)
ELMI000862	MOD_SUMO_for_1	Q13547	442	446	4	3-6 aa	false	[VILMAFP](K).E
ELMI000863	MOD_SUMO_for_1	Q13547	474	478	4	3-6 aa	false	[VILMAFP](K).E
ELMI001301	TRG_Cilium_RVxP_2	Q13563	5	10	5	3-6 aa	false	RV.P.
ELMI004660	LIG_IRFs_LxIS_1	Q13568	440	446	6	3-6 aa	false	[VILPFYM].{1,3}L.I(S)
ELMI000885	MOD_SUMO_for_1	Q13569	328	332	4	3-6 aa	false	[VILMAFP](K).E
ELMI001289	LIG_SxIP_EBH_1	Q13586	636	651	15	11-15 aa	false	([KR][^ED]{0,5}[ST].IP[^ED]{5,5})|([^ED]{5,5}[ST].IP[^ED]{0,5}[KR])
ELMI000390	MOD_TYR_DYR	Q13627	314	325	11	11-15 aa	false	..[RKTC][IVL]Y[TQHS](Y)[IL]QSR
ELMI004702	LIG_TRAF2like_MATH_shPxQ_1	Q13627	582	586	4	3-6 aa	false	P[LIVTFYHQE]Q[DET]
ELMI001901	LIG_CaM_IQ_9	Q13698	1522	1542	20	16+ aa	false	[ACLIVTM][^P][^P][ILVMFCT]Q[^P][^P][^P][RK][^P]{4,5}[RKQ][^P][^P]
ELMI000611	MOD_N-GLC_1	Q13724	655	661	6	3-6 aa	false	.(N)[^P][ST]..
ELMI000746	LIG_WRPW_1	Q13761	411	415	4	3-6 aa	false	[WFY]RP[WFY].{0,7}$
ELMI001909	CLV_C14_Caspase3-7	Q13813	1181	1186	5	3-6 aa	false	[DSTE][^P][^DEWHFYC]D[GSAN]
ELMI001910	CLV_C14_Caspase3-7	Q13813	1474	1479	5	3-6 aa	false	[DSTE][^P][^DEWHFYC]D[GSAN]
ELMI003070	DOC_MAPK_JIP1_4	Q13873	936	943	7	7-10 aa	false	[RK]P[^P][^P]L.[LIVMF]
ELMI001098	LIG_SH3_2	Q13905	283	289	6	3-6 aa	false	P..P.[KR]
ELMI003645	LIG_CaM_NSCaTE_8	Q13936	51	59	8	7-10 aa	false	W[^P][^P][^P][IL][^P][AGS][AT]
ELMI001868	LIG_CaM_IQ_9	Q13936	1665	1685	20	16+ aa	false	[ACLIVTM][^P][^P][ILVMFCT]Q[^P][^P][^P][RK][^P]{4,5}[RKQ][^P][^P]
ELMI000744	LIG_WRPW_1	Q13950	517	521	4	3-6 aa	true	[WFY]RP[WFY].{0,7}$
ELMI001612	LIG_PAM2_1	Q14106	130	143	13	11-15 aa	false	..[LFP][NS][PIVTAFL].A..(([FY].[PYLF])|(W..)).
ELMI001613	LIG_PAM2_1	Q14106	250	263	13	11-15 aa	false	..[LFP][NS][PIVTAFL].A..(([FY].[PYLF])|(W..)).
ELMI004305	TRG_DiLeu_LyEn_5	Q14108	470	476	6	3-6 aa	false	[E]..[RP]L[LI]
ELMI001563	LIG_PTB_Apo_2	Q14114	859	867	8	7-10 aa	false	(.[^P].NP.[FY].)|(.[ILVMFY].N..[FY].)
ELMI002179	TRG_NLS_MonoExtN_4	Q14118	777	783	6	3-6 aa	false	(([PKR].{0,1}[^DE])|([PKR]))((K[RK])|(RK))(([^DE][KR])|([KR][^DE]))[^DE]
ELMI002281	LIG_SH3_3	Q14118	887	894	7	7-10 aa	false	...[PV]..P
ELMI001104	LIG_WW_1	Q14118	888	892	4	3-6 aa	false	PP.Y
ELMI004889	LIG_SH2_SFK_2	Q14118	889	895	6	3-6 aa	false	[^KR][^KR](Y)([DEVYI][^KRH][ILVF]|[DEVYI][^KRH][AQPMCW]|[NQSTAFL][^KRH][ILVF])((.{0,3}[DE])|.|$)
ELMI002887	MOD_SUMO_rev_2	Q14151	245	254	9	7-10 aa	false	[SDE].{0,5}[DE].(K).{0,1}[AIFLMPSTV]
ELMI002865	MOD_SUMO_rev_2	Q14151	386	393	7	7-10 aa	false	[SDE].{0,5}[DE].(K).{0,1}[AIFLMPSTV]
ELMI000066	DOC_CYCLIN_RxL_1	Q14207	1058	1070	12	11-15 aa	false	(.|([KRH].{0,3}))[^EDWNSG][^D][RK][^D]L.{0,1}[FL].{0,3}[EDST]
ELMI000076	DOC_CYCLIN_RxL_1	Q14209	83	92	9	7-10 aa	false	(.|([KRH].{0,3}))[^EDWNSG][^D][RK][^D]L.{0,1}[FL].{0,3}[EDST]
ELMI001515	LIG_RB_pABgroove_1	Q14209	419	428	9	7-10 aa	false	..[LIMVA].[DE][LMF][FYM][IL]{0,1}([DE]|(S)).
ELMI003882	LIG_SH2_NCK_1	Q14247	418	425	7	7-10 aa	false	([^KR][^KR](Y)[DE][^GWFY][AI][SDENQTAGYFP])|([^KR][^KR](Y)[STNA][^GWFY][PV][SDENQTAGYFP])|(..Y[DE][^GWFY][PV][SDENQTAGYFP])
ELMI004897	LIG_SH2_SFK_2	Q14289	399	408	9	7-10 aa	false	[^KR][^KR](Y)([DEVYI][^KRH][ILVF]|[DEVYI][^KRH][AQPMCW]|[NQSTAFL][^KRH][ILVF])((.{0,3}[DE])|.|$)
ELMI000806	LIG_SH2_GRB2like	Q14289	880	884	4	3-6 aa	false	(Y)([EDST]|[MLIVAFYHQW])N.
ELMI004466	LIG_LIR_Gen_1	Q14318	22	30	8	7-10 aa	false	[EDST].{0,2}[WFY][^RKPGWFY][^PG][ILVFM]((.{0,4}[PLAFIVMY])|($)|(.{0,3}[ED]))
ELMI002479	LIG_MYND_3	Q14318	51	56	5	3-6 aa	false	[LMV]P.LE
ELMI003676	LIG_FZD_DVL_PDZ	Q14332	537	548	11	11-15 aa	false	W.{0,1}[VIL].[ST].KA{0,1}T...W
ELMI002990	LIG_14-3-3_CanoR_1	Q14432	425	430	5	3-6 aa	false	R[^DE]{0,2}[^DEPG]([ST])(([FWYLMV].)|([^PRIKGN]P)|([^PRIKGN].{2,4}[VILMFWYP]))
ELMI004467	LIG_LIR_Gen_1	Q14457	95	103	8	7-10 aa	false	[EDST].{0,2}[WFY][^RKPGWFY][^PG][ILVFM]((.{0,4}[PLAFIVMY])|($)|(.{0,3}[ED]))
ELMI003185	LIG_BH_BH3_1	Q14457	107	124	17	16+ aa	false	....[LIFVYMTE][ASGC][^P]{2}L[^P]{2}[IVMTL][GACS][D][^P][FVLMI].
ELMI003832	MOD_CK1_1	Q14457	408	415	7	7-10 aa	false	S..([ST])...
ELMI000655	LIG_WRPW_1	Q14469	274	280	6	3-6 aa	false	[WFY]RP[WFY].{0,7}$
ELMI003456	DOC_CYCLIN_RxL_1	Q14493	93	103	10	7-10 aa	false	(.|([KRH].{0,3}))[^EDWNSG][^D][RK][^D]L.{0,1}[FL].{0,3}[EDST]
ELMI002821	DEG_Kelch_Keap1_1	Q14494	230	236	6	3-6 aa	false	[DNS].[DES][TNS]GE
ELMI004888	LIG_SH2_SFK_2	Q14511	626	633	7	7-10 aa	true	[^KR][^KR](Y)([DEVYI][^KRH][ILVF]|[DEVYI][^KRH][AQPMCW]|[NQSTAFL][^KRH][ILVF])((.{0,3}[DE])|.|$)
ELMI001875	LIG_CaM_IQ_9	Q14524	1901	1921	20	16+ aa	false	[ACLIVTM][^P][^P][ILVMFCT]Q[^P][^P][^P][RK][^P]{4,5}[RKQ][^P][^P]
ELMI000216	LIG_CtBP_PxDLS_1	Q14526	240	246	6	3-6 aa	false	(P[LVIPME][DENS][LM][VASTRG])|(G[LVIPME][DENS][LM][VASTRG]((K)|(.[KR])))
ELMI001254	MOD_SUMO_for_1	Q14526	331	335	4	3-6 aa	false	[VILMAFP](K).E
ELMI004638	MOD_PIKK_1	Q14566	9	16	7	7-10 aa	false	...([ST])Q..
ELMI000274	LIG_Sin3_1	Q14582	5	16	11	11-15 aa	false	[LIV]..[LM]L.AA.[FY][LI]
ELMI004497	LIG_LIR_Gen_1	Q14596	729	740	11	11-15 aa	false	[EDST].{0,2}[WFY][^RKPGWFY][^PG][ILVFM]((.{0,4}[PLAFIVMY])|($)|(.{0,3}[ED]))
ELMI001694	LIG_EVH1_2	Q14643	48	53	5	3-6 aa	false	PP..F
ELMI002000	DOC_WW_Pin1_4	Q14653	335	341	6	3-6 aa	false	...([ST])P.
ELMI004659	LIG_IRFs_LxIS_1	Q14653	390	396	6	3-6 aa	false	[VILPFYM].{1,3}L.I(S)
ELMI002067	TRG_ER_diArg_1	Q14654	367	371	4	3-6 aa	false	([LIVMFYWPR]R[^YFWDE]{0,1}R)|(R[^YFWDE]{0,1}R[LIVMFYWPR])
ELMI002253	CLV_Separin_Metazoa	Q14674	1482	1487	5	3-6 aa	false	E[IMPVL][MLVP]R.
ELMI003168	DOC_PP2A_B56_1	Q14674	1484	1490	6	3-6 aa	false	([LMFYWIC]..I.E)|(L..[IVLWC].E).
ELMI002254	CLV_Separin_Metazoa	Q14674	1502	1507	5	3-6 aa	false	E[IMPVL][MLVP]R.
ELMI002255	CLV_Separin_Metazoa	Q14674	1531	1536	5	3-6 aa	false	E[IMPVL][MLVP]R.
ELMI003932	DOC_PP4_FxxP_1	Q14680	438	442	4	3-6 aa	false	F..P
ELMI002910	LIG_G3BP_FGDF_1	Q14694	7	13	6	3-6 aa	false	[FYLIMV].FG[DES]F
ELMI001615	LIG_PAM2_1	Q14694	80	93	13	11-15 aa	false	..[LFP][NS][PIVTAFL].A..(([FY].[PYLF])|(W..)).
ELMI002323	MOD_NMyristoyl	Q14699	0	7	7	7-10 aa	false	^M{0,1}(G)[^EDRKHPFYW]..[STAGCN][^P]
ELMI003207	MOD_CDK_SPxxK_3	Q14790	383	391	8	7-10 aa	false	...([ST])P..[RK]
ELMI002188	MOD_CDK_SPxK_1	Q14814	440	447	7	7-10 aa	false	...([ST])P.[KR]
ELMI003523	TRG_ER_FFAT_2	Q14849	203	213	10	7-10 aa	false	[EDS].{0,4}[EDSQN][FY][FYMITH]([ST])[ACP].{1,2}[EDST]
ELMI004765	DOC_PP2B_PxIxIT_1	Q14872	547	553	6	3-6 aa	false	P[^P][ILVF][^P][ILVF][TSHDEQNKR]
ELMI001439	MOD_ProDKin_1	Q14934	164	171	7	7-10 aa	false	...([ST])P..
ELMI001440	MOD_ProDKin_1	Q14934	166	173	7	7-10 aa	false	...([ST])P..
ELMI002690	DOC_PP2B_LxvP_1	Q14934	377	381	4	3-6 aa	false	L.VP
ELMI002054	DOC_ANK_TNKS_1	Q14980	1741	1749	8	7-10 aa	false	.R..[PGAV][DEIP]G.
ELMI003910	LIG_PCNA_PIPBox_1	Q15004	61	71	10	7-10 aa	false	[QM].[^FHWY][LIVM][^P][^PFWYMLIV](([FYHL][FYW])|([FYH][FYWL]))..
ELMI003933	DOC_PP4_FxxP_1	Q15021	1336	1340	4	3-6 aa	false	F..P
ELMI003573	TRG_ER_FFAT_1	Q15042	582	591	9	7-10 aa	false	[EDS].{0,4}[ED][FY][FYKREM][DE][AC].{1,2}[EDST]
ELMI003595	LIG_CaM_IQ_9	Q15051	320	336	16	16+ aa	false	[ACLIVTM][^P][^P][ILVMFCT]Q[^P][^P][^P][RK][^P]{4,5}[RKQ][^P][^P]
ELMI003596	LIG_CaM_IQ_9	Q15051	390	407	17	16+ aa	false	[ACLIVTM][^P][^P][ILVMFCT]Q[^P][^P][^P][RK][^P]{4,5}[RKQ][^P][^P]
ELMI003492	LIG_REV1ctd_RIR_1	Q15054	235	245	10	7-10 aa	false	..FF[^P]{0,2}[KR]{1,2}[^P]{0,4}
ELMI001231	LIG_PCNA_PIPBox_1	Q15054	455	465	10	7-10 aa	false	[QM].[^FHWY][LIVM][^P][^PFWYMLIV](([FYHL][FYW])|([FYH][FYWL]))..
ELMI002324	MOD_NMyristoyl	Q15078	0	7	7	7-10 aa	false	^M{0,1}(G)[^EDRKHPFYW]..[STAGCN][^P]
ELMI003228	MOD_CDK_SPxxK_3	Q15078	4	12	8	7-10 aa	false	...([ST])P..[RK]
ELMI004683	DEG_Cend_FEM1B_2	Q15078	303	307	4	3-6 aa	false	.L.R$
ELMI002480	LIG_MYND_3	Q15185	155	160	5	3-6 aa	false	[LMV]P.LE
ELMI003317	DOC_MAPK_HePTP_8	Q15256	332	345	13	11-15 aa	false	([LIV][^P][^P][RK]....[LIVMP].[LIV].[LIVMF])|([LIV][^P][^P][RK][RK]G.{4,7}[LIVMP].[LIV].[LIVMF])
ELMI000491	TRG_ER_KDEL_1	Q15293	327	331	4	3-6 aa	false	[KRHQSAP][DENQT]EL$
ELMI002135	LIG_WW_1	Q15303	1052	1056	4	3-6 aa	false	PP.Y
ELMI002194	LIG_SH2_STAT5	Q15303	1055	1059	4	3-6 aa	false	(Y)[VLTFIC]..
ELMI003701	LIG_SH2_GRB2like	Q15303	1187	1191	4	3-6 aa	false	(Y)([EDST]|[MLIVAFYHQW])N.
ELMI003702	LIG_SH2_GRB2like	Q15303	1241	1245	4	3-6 aa	false	(Y)([EDST]|[MLIVAFYHQW])N.
ELMI000093	LIG_Dynein_DLC8_1	Q15326	450	457	7	7-10 aa	false	[^P].[KR].TQT
ELMI004830	LIG_RB_pABgroove_1	Q15329	332	341	9	7-10 aa	false	..[LIMVA].[DE][LMF][FYM][IL]{0,1}([DE]|(S)).
ELMI000498	TRG_Golgi_diPhe_1	Q15363	186	201	15	11-15 aa	false	Q.{6,6}FF.{6,7}$
ELMI003231	MOD_CDK_SPK_2	Q15398	325	331	6	3-6 aa	false	...([ST])P[RK]
ELMI003232	MOD_CDK_SPK_2	Q15398	635	641	6	3-6 aa	false	...([ST])P[RK]
ELMI002942	DOC_MAPK_RevD_3	Q15418	711	726	15	11-15 aa	false	[LIVMPFA].[LIV].{1,2}[LIVMP].{4,6}[LIV]..[RK][RK]
ELMI003383	MOD_Plk_4	Q15468	1104	1111	7	7-10 aa	false	..[^IRFW]([ST])[ILMVFWY][ILMVFWY].
ELMI003212	MOD_CDK_SPxxK_3	Q15554	361	369	8	7-10 aa	false	...([ST])P..[RK]
ELMI000218	LIG_CtBP_PxDLS_1	Q15583	152	157	5	3-6 aa	false	(P[LVIPME][DENS][LM][VASTRG])|(G[LVIPME][DENS][LM][VASTRG]((K)|(.[KR])))
ELMI000636	LIG_Sin3_3	Q15583	378	386	8	7-10 aa	false	[FA].[LA][LV][LVI]..[AM]
ELMI000870	MOD_SUMO_for_1	Q15596	237	241	4	3-6 aa	false	[VILMAFP](K).E
ELMI000782	LIG_NRBOX	Q15596	639	646	7	7-10 aa	false	[^P]L[^P][^P]LL[^P]
ELMI000783	LIG_NRBOX	Q15596	688	695	7	7-10 aa	false	[^P]L[^P][^P]LL[^P]
ELMI000871	MOD_SUMO_for_1	Q15596	729	733	4	3-6 aa	false	[VILMAFP](K).E
ELMI000784	LIG_NRBOX	Q15596	743	750	7	7-10 aa	false	[^P]L[^P][^P]LL[^P]
ELMI000945	LIG_ULM_U2AF65_1	Q15637	14	23	9	7-10 aa	false	[KR]{1,4}[KR].[KR]W.
ELMI000785	LIG_NRBOX	Q15648	602	609	7	7-10 aa	false	[^P]L[^P][^P]LL[^P]
ELMI000786	LIG_NRBOX	Q15648	643	650	7	7-10 aa	false	[^P]L[^P][^P]LL[^P]
ELMI004530	LIG_LEDGF_IBM_1	Q15648	877	898	21	16+ aa	false	[LFVIM].{2,3}[LIVCYFM][FW].{3,35}[EDST].{0,1}[EDST].{0,1}F[^G]GF
ELMI001304	DEG_SCF_TRCP1_1	Q15653	17	23	6	3-6 aa	false	D(S)G.{2,3}([ST])
ELMI004512	LIG_TRAF6_MATH_1	Q15654	47	56	9	7-10 aa	false	..P[^P]E[^P].[FYWHDE].
ELMI001059	LIG_CAP-Gly_1	Q15691	262	268	6	3-6 aa	false	[ED].{0,2}[ED].{0,2}[EDQ].{0,1}[YF]$
ELMI000859	MOD_SUMO_for_1	Q15744	119	123	4	3-6 aa	false	[VILMAFP](K).E
ELMI002175	MOD_GSK3_1	Q15797	198	206	8	7-10 aa	false	...([ST])...[ST]
ELMI002174	MOD_GSK3_1	Q15797	206	214	8	7-10 aa	false	...([ST])...[ST]
ELMI002134	LIG_WW_1	Q15797	223	227	4	3-6 aa	false	PP.Y
ELMI002066	TRG_ER_diArg_1	Q15842	379	383	4	3-6 aa	false	([LIVMFYWPR]R[^YFWDE]{0,1}R)|(R[^YFWDE]{0,1}R[LIVMFYWPR])
ELMI004850	DOC_PP2B_LxvP_1	Q15842	404	408	4	3-6 aa	false	L.VP
ELMI001690	LIG_EVH1_1	Q15942	70	75	5	3-6 aa	false	([FYWL]P.PP)|([FYWL]PP[ALIVTFY]P)
ELMI002309	LIG_EVH1_1	Q15942	72	77	5	3-6 aa	false	([FYWL]P.PP)|([FYWL]PP[ALIVTFY]P)
ELMI001691	LIG_EVH1_1	Q15942	92	97	5	3-6 aa	false	([FYWL]P.PP)|([FYWL]PP[ALIVTFY]P)
ELMI001688	LIG_EVH1_1	Q15942	103	108	5	3-6 aa	false	([FYWL]P.PP)|([FYWL]PP[ALIVTFY]P)
ELMI001689	LIG_EVH1_1	Q15942	113	118	5	3-6 aa	false	([FYWL]P.PP)|([FYWL]PP[ALIVTFY]P)
ELMI003927	DOC_PP4_FxxP_1	Q16204	422	426	4	3-6 aa	false	F..P
ELMI002820	DEG_Kelch_Keap1_1	Q16236	76	82	6	3-6 aa	false	[DNS].[DES][TNS]GE
ELMI001525	LIG_HCF-1_HBM_1	Q16254	388	392	4	3-6 aa	false	[DE]H.Y
ELMI004829	LIG_RB_pABgroove_1	Q16254	399	408	9	7-10 aa	false	..[LIMVA].[DE][LMF][FYM][IL]{0,1}([DE]|(S)).
ELMI002076	TRG_ER_diArg_1	Q16478	861	865	4	3-6 aa	false	([LIVMFYWPR]R[^YFWDE]{0,1}R)|(R[^YFWDE]{0,1}R[LIVMFYWPR])
ELMI004703	LIG_TRAF2like_MATH_shPxQ_1	Q16512	579	583	4	3-6 aa	false	P[LIVTFYHQE]Q[DET]
ELMI001638	DOC_AGCK_PIF_2	Q16512	931	937	6	3-6 aa	false	F..[FWY][DE][FY]
ELMI001639	DOC_AGCK_PIF_2	Q16513	973	979	6	3-6 aa	false	F..[FWY][DE][FY]
ELMI003552	LIG_PDZ_Wminus1_1	Q16513	981	984	3	3-6 aa	false	.W[ACGILV]$
ELMI003199	LIG_BH_BH3_1	Q16611	69	86	17	16+ aa	true	....[LIFVYMTE][ASGC][^P]{2}L[^P]{2}[IVMTL][GACS][D][^P][FVLMI].
ELMI003655	MOD_DYRK1A_RPxSP_1	Q16629	213	218	5	3-6 aa	false	R[PSVA].([ST])P
ELMI003656	MOD_DYRK1A_RPxSP_1	Q16629	229	234	5	3-6 aa	false	R[PSVA].([ST])P
ELMI001109	DEG_SIAH_1	Q16633	45	54	9	7-10 aa	false	.P.A.V.P[^P]
ELMI002161	TRG_NLS_MonoCore_2	Q16644	362	368	6	3-6 aa	false	[^DE]((K[RK])|(RK))[KRP][KR][^DE]
ELMI003820	MOD_CK1_1	Q16665	243	250	7	7-10 aa	false	S..([ST])...
ELMI002264	MOD_SUMO_for_1	Q16665	389	393	4	3-6 aa	false	[VILMAFP](K).E
ELMI001219	DEG_ODPH_VHL_1	Q16665	399	413	14	11-15 aa	false	[IL]A(P).{6,8}[FLIVM].[FLIVM]
ELMI001243	LIG_KEPE_2	Q16665	475	483	8	7-10 aa	false	[VILMFT]K.EP.{2,3}[DE]
ELMI002265	MOD_SUMO_for_1	Q16665	475	479	4	3-6 aa	false	[VILMAFP](K).E
ELMI001220	DEG_ODPH_VHL_1	Q16665	561	574	13	11-15 aa	false	[IL]A(P).{6,8}[FLIVM].[FLIVM]
ELMI002266	MOD_ProDKin_1	Q16665	637	644	7	7-10 aa	false	...([ST])P..
ELMI003249	MOD_CDK_SPxK_1	Q16665	664	671	7	7-10 aa	false	...([ST])P.[KR]
ELMI004763	DOC_PP2B_PxIxIT_1	Q16799	315	321	6	3-6 aa	false	P[^P][ILVF][^P][ILVF][TSHDEQNKR]
ELMI001083	DOC_PP1_RVXF_1	Q16821	60	67	7	7-10 aa	false	..[RK].{0,1}[VIL][^P][FW].
ELMI001396	DOC_MAPK_gen_1	Q16828	63	73	10	7-10 aa	false	[KR]{0,2}[KR].{0,2}[KR].{2,4}[ILVM].[ILVF]
ELMI004633	TRG_NESrev_CRM1_2	Q17RY0	380	393	13	11-15 aa	false	[FLIM].[VLIMF]..[FLIMVY][^P][^P][^P][LVIM][^P][^P][LVIMA]
ELMI004250	TRG_DiLeu_BaEn_1	Q29983	338	344	6	3-6 aa	true	E..[^P]L[LIVM]
ELMI002953	LIG_ANK_PxLPxL_1	Q2KHR2	90	98	8	7-10 aa	false	P.LP.[IL].{1,3}[VLF]
ELMI003362	MOD_Plk_1	Q2M2Z5	375	382	7	7-10 aa	false	.[DNE][^PG][ST](([FYILMVW]..)|([^PEDGKN][FWYLIVM]).)
ELMI003085	DOC_MAPK_JIP1_4	Q2TAL5	183	190	7	7-10 aa	false	[RK]P[^P][^P]L.[LIVMF]
ELMI003100	DOC_MAPK_NFAT4_5	Q2V2M9	506	515	9	7-10 aa	false	[RK][^P][^P][LIM].L.[LIVMF].
ELMI004488	LIG_LIR_Gen_1	Q3MII6	134	144	10	7-10 aa	false	[EDST].{0,2}[WFY][^RKPGWFY][^PG][ILVFM]((.{0,4}[PLAFIVMY])|($)|(.{0,3}[ED]))
ELMI001572	LIG_PDZ_Class_1	Q495M9	455	461	6	3-6 aa	false	...[ST].[ACVILF]$
ELMI003180	DOC_PP2A_B56_1	Q4G163	383	390	7	7-10 aa	false	([LMFYWIC]..I.E)|(L..[IVLWC].E).
ELMI002438	LIG_WW_1	Q4VCS5	238	242	4	3-6 aa	false	PP.Y
ELMI004744	LIG_RBL1_LxSxE_2	Q52LA3	14	28	14	11-15 aa	false	[DE].{0,4}L.S.E.[MLIVAYFWP].{2,4}(S)
ELMI001307	DEG_SCF_TRCP1_1	Q53EL6	69	76	7	7-10 aa	false	D(S)G.{2,3}([ST])
ELMI003230	MOD_CDK_SPK_2	Q53EZ4	421	427	6	3-6 aa	false	...([ST])P[RK]
ELMI004613	LIG_ARS2_EDGEI_1	Q53F19	42	48	6	3-6 aa	false	E[ED]G[EQ][ILVM].{0,2}[DE]
ELMI004614	LIG_ARS2_EDGEI_1	Q53F19	215	223	8	7-10 aa	false	E[ED]G[EQ][ILVM].{0,2}[DE]
ELMI004170	LIG_ActinCP_CPI_1	Q53GL0	149	168	19	16+ aa	false	L.(([H].[TQVG])|([SC].N)|(D.R))..R[PAVT][KRHM][^DEN].{1,5}((R.)|(.[RK]))..[PAS][^P]
ELMI001609	LIG_PAM2_1	Q58A45	283	296	13	11-15 aa	false	..[LFP][NS][PIVTAFL].A..(([FY].[PYLF])|(W..)).
ELMI003463	MOD_PRMT_GGRGG_1	Q5BIV9	25	30	5	3-6 aa	false	GGRGG
ELMI002285	LIG_eIF4E_2	Q5C9Z4	337	344	7	7-10 aa	false	Y.PP.[ILMV]R
ELMI003912	LIG_PCNA_PIPBox_1	Q5FWF4	518	528	10	7-10 aa	false	[QM].[^FHWY][LIVM][^P][^PFWYMLIV](([FYHL][FYW])|([FYH][FYWL]))..
ELMI003889	LIG_PCNA_APIM_2	Q5FWF4	1071	1078	7	7-10 aa	false	[MLIV].[KR][FY][MLIVF][LIV][KR]
ELMI003082	DOC_MAPK_JIP1_4	Q5JR12	68	75	7	7-10 aa	false	[RK]P[^P][^P]L.[LIVMF]
ELMI003575	TRG_ER_FFAT_1	Q5JSH3	5	16	11	11-15 aa	false	[EDS].{0,4}[ED][FY][FYKREM][DE][AC].{1,2}[EDST]
ELMI002143	MOD_GSK3_1	Q5JSP0	72	80	8	7-10 aa	false	...([ST])...[ST]
ELMI002124	DEG_SCF_TRCP1_1	Q5JSP0	74	80	6	3-6 aa	false	D(S)G.{2,3}([ST])
ELMI002186	MOD_GSK3_1	Q5JSP0	76	84	8	7-10 aa	false	...([ST])...[ST]
ELMI002827	DEG_Kelch_Keap1_1	Q5JTC6	285	291	6	3-6 aa	false	[DNS].[DES][TNS]GE
ELMI003592	LIG_CaM_IQ_9	Q5JU85	350	367	17	16+ aa	false	[ACLIVTM][^P][^P][ILVMFCT]Q[^P][^P][^P][RK][^P]{4,5}[RKQ][^P][^P]
ELMI002746	DOC_PP1_MyPhoNE_1	Q5SQS7	31	39	8	7-10 aa	false	R[^P][DEQ]Q[VIL]([RK][^P]|[^P][RK])[YW]
ELMI001208	TRG_AP2beta_CARGO_1	Q5SW96	255	266	11	11-15 aa	false	[DE].{1,2}F[^P][^P][FL][^P][^P][^P]R
ELMI003555	TRG_ER_FFAT_1	Q5SYB0	766	776	10	7-10 aa	false	[EDS].{0,4}[ED][FY][FYKREM][DE][AC].{1,2}[EDST]
ELMI004851	DOC_PP2B_LxvP_1	Q5T0W9	613	617	4	3-6 aa	true	L.VP
ELMI003571	TRG_ER_FFAT_1	Q5T4F4	284	293	9	7-10 aa	false	[EDS].{0,4}[ED][FY][FYKREM][DE][AC].{1,2}[EDST]
ELMI003150	LIG_RB_LxCxE_1	Q5T8A7	477	493	16	16+ aa	false	([DEST]|^).{0,4}[LI].C.E.{1,4}[FLMIVAWPHY].{0,8}([DEST]|$)
ELMI004681	DEG_Cend_TRIM7_1	Q5TA31	231	235	4	3-6 aa	false	[^P][^P][FL]Q$
ELMI003911	LIG_PCNA_PIPBox_1	Q5TBB1	293	303	10	7-10 aa	false	[QM].[^FHWY][LIVM][^P][^PFWYMLIV](([FYHL][FYW])|([FYH][FYWL]))..
ELMI003590	LIG_CaM_IQ_9	Q5VST9	4875	4892	17	16+ aa	false	[ACLIVTM][^P][^P][ILVMFCT]Q[^P][^P][^P][RK][^P]{4,5}[RKQ][^P][^P]
ELMI001537	LIG_HCF-1_HBM_1	Q5VV67	1294	1298	4	3-6 aa	false	[DE]H.Y
ELMI004162	LIG_ActinCP_CPI_1	Q5VZK9	981	999	18	16+ aa	true	L.(([H].[TQVG])|([SC].N)|(D.R))..R[PAVT][KRHM][^DEN].{1,5}((R.)|(.[RK]))..[PAS][^P]
ELMI003101	DOC_MAPK_NFAT4_5	Q63HK5	322	331	9	7-10 aa	false	[RK][^P][^P][LIM].L.[LIVMF].
ELMI003292	DOC_MAPK_MEF2A_6	Q63HK5	322	330	8	7-10 aa	false	[RK].{2,4}[LIVMP].[LIV].[LIVMF]
ELMI002938	LIG_KLC1_WD_1	Q63HQ0	207	216	9	7-10 aa	false	[LMTAFSRI][^KRG]W[DE].{3,5}[LIVMFPA]
ELMI002937	LIG_KLC1_WD_1	Q63HQ0	257	267	10	7-10 aa	false	[LMTAFSRI][^KRG]W[DE].{3,5}[LIVMFPA]
ELMI003102	DOC_MAPK_NFAT4_5	Q63ZY3	244	253	9	7-10 aa	false	[RK][^P][^P][LIM].L.[LIVMF].
ELMI004167	LIG_ActinCP_CPI_1	Q641Q2	1023	1041	18	16+ aa	false	L.(([H].[TQVG])|([SC].N)|(D.R))..R[PAVT][KRHM][^DEN].{1,5}((R.)|(.[RK]))..[PAS][^P]
ELMI003103	DOC_MAPK_NFAT4_5	Q68DA7	672	681	9	7-10 aa	false	[RK][^P][^P][LIM].L.[LIVMF].
ELMI003182	DOC_PP2A_B56_1	Q69YH5	589	595	6	3-6 aa	false	([LMFYWIC]..I.E)|(L..[IVLWC].E).
ELMI002972	LIG_CSL_BTD_1	Q6AW86	58	62	4	3-6 aa	false	[AFILMPTVW]W[FHILMPSTVW]P
ELMI004165	LIG_ActinCP_CPI_1	Q6F5E8	1015	1037	22	16+ aa	false	L.(([H].[TQVG])|([SC].N)|(D.R))..R[PAVT][KRHM][^DEN].{1,5}((R.)|(.[RK]))..[PAS][^P]
ELMI002062	LIG_OCRL_FandH_1	Q6ICB4	222	235	13	11-15 aa	false	.F[^P][^P][KRIL]H[^P][^P][YLMFH][^P]...
ELMI004864	DOC_PP2B_LxvP_1	Q6IQ23	557	561	4	3-6 aa	false	L.VP
ELMI004401	LIG_SH3_CIN85_PxpxPR_1	Q6ISU1	210	216	6	3-6 aa	true	P.[AP].PR
ELMI004158	LIG_ActinCP_CPI_1	Q6JBY9	152	172	20	16+ aa	false	L.(([H].[TQVG])|([SC].N)|(D.R))..R[PAVT][KRHM][^DEN].{1,5}((R.)|(.[RK]))..[PAS][^P]
ELMI003890	LIG_PCNA_APIM_2	Q6NS38	0	7	7	7-10 aa	false	[MLIV].[KR][FY][MLIVF][LIV][KR]
ELMI004852	DOC_PP2B_LxvP_1	Q6NXP0	310	314	4	3-6 aa	false	L.VP
ELMI002863	MOD_SUMO_rev_2	Q6NZI2	157	163	6	3-6 aa	false	[SDE].{0,5}[DE].(K).{0,1}[AIFLMPSTV]
ELMI004668	LIG_MTR4_AIM_1	Q6NZY4	177	184	7	7-10 aa	false	[FYW][^P][VILTM]D.(([^P][GPAS])|G)
ELMI004047	LIG_DLG_GKlike_1	Q6P1M3	641	650	9	7-10 aa	false	(R..(S)[YFLM][^P][^P][L])|(R..(S)[YFLM][^P][^P][ASG][LMVIQT])
ELMI003038	LIG_14-3-3_CanoR_1	Q6P597	462	468	6	3-6 aa	false	R[^DE]{0,2}[^DEPG]([ST])(([FWYLMV].)|([^PRIKGN]P)|([^PRIKGN].{2,4}[VILMFWYP]))
ELMI002326	MOD_NMyristoyl	Q6P9B6	0	7	7	7-10 aa	false	^M{0,1}(G)[^EDRKHPFYW]..[STAGCN][^P]
ELMI002784	LIG_SUMO_SIM_par_1	Q6PEW1	261	269	8	7-10 aa	false	[DEST]{0,5}.[VILPTM][VIL][DESTVILMA][VIL].{0,1}[DEST]{1,10}
ELMI002815	LIG_SUMO_SIM_anti_2	Q6PEW1	274	282	8	7-10 aa	false	[DEST]{1,10}.{0,1}[VIL][DESTVILMA][VIL][VILM].[DEST]{0,5}
ELMI002785	LIG_SUMO_SIM_par_1	Q6PEW1	275	282	7	7-10 aa	false	[DEST]{0,5}.[VILPTM][VIL][DESTVILMA][VIL].{0,1}[DEST]{1,10}
ELMI001293	LIG_SxIP_EBH_1	Q6PGN9	275	289	14	11-15 aa	false	([KR][^ED]{0,5}[ST].IP[^ED]{5,5})|([^ED]{5,5}[ST].IP[^ED]{0,5}[KR])
ELMI003261	MOD_CDK_SPxK_1	Q6PGQ7	321	328	7	7-10 aa	false	...([ST])P.[KR]
ELMI001313	DEG_SCF_TRCP1_1	Q6PGQ7	495	501	6	3-6 aa	false	D(S)G.{2,3}([ST])
ELMI003312	DOC_MAPK_HePTP_8	Q6PJF5	18	31	13	11-15 aa	false	([LIV][^P][^P][RK]....[LIVMP].[LIV].[LIVMF])|([LIV][^P][^P][RK][RK]G.{4,7}[LIVMP].[LIV].[LIVMF])
ELMI003307	DOC_MAPK_DCC_7	Q6PJG2	602	611	9	7-10 aa	false	[RK].{2,4}[LIVP]P.[LIV].[LIVMF]|[RK].{2,4}[LIVP].P[LIV].[LIVMF]
ELMI002637	DOC_PP1_SILK_1	Q6PJW8	619	625	6	3-6 aa	false	.[GS]IL[KR][^DE]
ELMI003039	LIG_14-3-3_CanoR_1	Q6TGC4	6	12	6	3-6 aa	false	R[^DE]{0,2}[^DEPG]([ST])(([FWYLMV].)|([^PRIKGN]P)|([^PRIKGN].{2,4}[VILMFWYP]))
ELMI000485	LIG_AP_GAE_1	Q6ULP2	24	31	7	7-10 aa	false	[DE][DES][DEGAS]F[SGAD][DEAP][LVIMFD]
ELMI000486	LIG_AP_GAE_1	Q6ULP2	428	435	7	7-10 aa	false	[DE][DES][DEGAS]F[SGAD][DEAP][LVIMFD]
ELMI001342	LIG_PTAP_UEV_1	Q6UWE0	647	653	6	3-6 aa	false	.P[TS]AP.
ELMI001343	LIG_PTAP_UEV_1	Q6UWE0	659	665	6	3-6 aa	false	.P[TS]AP.
ELMI001258	LIG_BRCT_BRCA1_1	Q6UWZ7	404	409	5	3-6 aa	false	.(S)..F
ELMI004107	LIG_WRC_WIRS_1	Q6UXM1	1037	1043	6	3-6 aa	false	[FYILMV].[TS]F(G|[^P]).
ELMI002047	DOC_ANK_TNKS_1	Q6V0I7	4570	4578	8	7-10 aa	false	.R..[PGAV][DEIP]G.
ELMI002048	DOC_ANK_TNKS_1	Q6V0I7	4825	4833	8	7-10 aa	false	.R..[PGAV][DEIP]G.
ELMI003293	DOC_MAPK_MEF2A_6	Q6VAB6	332	341	9	7-10 aa	false	[RK].{2,4}[LIVMP].[LIV].[LIVMF]
ELMI002693	DOC_PP2B_LxvP_1	Q6VAB6	392	396	4	3-6 aa	false	L.VP
ELMI002786	LIG_SUMO_SIM_par_1	Q6VMQ6	964	970	6	3-6 aa	false	[DEST]{0,5}.[VILPTM][VIL][DESTVILMA][VIL].{0,1}[DEST]{1,10}
ELMI003542	LIG_PDZ_Wminus1_1	Q6VVB1	392	395	3	3-6 aa	true	.W[ACGILV]$
ELMI004468	LIG_LIR_Gen_1	Q6ZNE5	433	443	10	7-10 aa	false	[EDST].{0,2}[WFY][^RKPGWFY][^PG][ILVFM]((.{0,4}[PLAFIVMY])|($)|(.{0,3}[ED]))
ELMI004314	TRG_DiLeu_LyEn_5	Q6ZP29	283	289	6	3-6 aa	false	[E]..[RP]L[LI]
ELMI003104	DOC_MAPK_NFAT4_5	Q6ZR08	12	21	9	7-10 aa	false	[RK][^P][^P][LIM].L.[LIVMF].
ELMI002581	LIG_EVH1_1	Q702N8	21	26	5	3-6 aa	false	([FYWL]P.PP)|([FYWL]PP[ALIVTFY]P)
ELMI003572	TRG_ER_FFAT_1	Q709C8	875	883	8	7-10 aa	false	[EDS].{0,4}[ED][FY][FYKREM][DE][AC].{1,2}[EDST]
ELMI004741	DEG_Cend_DCAF12_1	Q70CQ3	513	517	4	3-6 aa	false	..EE$
ELMI001618	LIG_PAM2_1	Q71RC2	12	25	13	11-15 aa	false	..[LFP][NS][PIVTAFL].A..(([FY].[PYLF])|(W..)).
ELMI001057	LIG_CAP-Gly_1	Q71U36	442	451	9	7-10 aa	false	[ED].{0,2}[ED].{0,2}[EDQ].{0,1}[YF]$
ELMI001937	CLV_C14_Caspase3-7	Q7KZF4	811	816	5	3-6 aa	false	[DSTE][^P][^DEWHFYC]D[GSAN]
ELMI002327	MOD_NMyristoyl	Q7L9B9	0	7	7	7-10 aa	false	^M{0,1}(G)[^EDRKHPFYW]..[STAGCN][^P]
ELMI004433	DOC_MIT_MIM_1	Q7LBR1	186	196	10	7-10 aa	false	((F[^P][^P])|([DE].{0,2}))L[^P][^P]R[FL][^P][^P]L[KR]{0,2}
ELMI002328	MOD_NMyristoyl	Q7RTS9	0	7	7	7-10 aa	false	^M{0,1}(G)[^EDRKHPFYW]..[STAGCN][^P]
ELMI004853	DOC_PP2B_LxvP_1	Q7Z2Y8	206	210	4	3-6 aa	false	L.VP
ELMI003458	DOC_CYCLIN_RxL_1	Q7Z2Z1	910	920	10	7-10 aa	false	(.|([KRH].{0,3}))[^EDWNSG][^D][RK][^D]L.{0,1}[FL].{0,3}[EDST]
ELMI002787	LIG_SUMO_SIM_par_1	Q7Z333	1011	1025	14	11-15 aa	false	[DEST]{0,5}.[VILPTM][VIL][DESTVILMA][VIL].{0,1}[DEST]{1,10}
ELMI003940	DOC_PP4_FxxP_1	Q7Z333	1578	1582	4	3-6 aa	false	F..P
ELMI002751	LIG_WD40_WDR5_WIN_1	Q7Z3B3	589	596	7	7-10 aa	false	[SCA]AR[STCA][EQR][PGILVM][HYFQNKRLVI]
ELMI004531	LIG_LEDGF_IBM_1	Q7Z3K3	1383	1400	17	16+ aa	false	[LFVIM].{2,3}[LIVCYFM][FW].{3,35}[EDST].{0,1}[EDST].{0,1}F[^G]GF
ELMI004704	LIG_TRAF2like_MATH_shPxQ_1	Q7Z434	142	146	4	3-6 aa	false	P[LIVTFYHQE]Q[DET]
ELMI004510	LIG_TRAF6_MATH_1	Q7Z434	150	159	9	7-10 aa	false	..P[^P]E[^P].[FYWHDE].
ELMI004653	LIG_IRFs_LxIS_1	Q7Z434	435	442	7	7-10 aa	false	[VILPFYM].{1,3}L.I(S)
ELMI004500	LIG_TRAF6_MATH_1	Q7Z434	452	461	9	7-10 aa	false	..P[^P]E[^P].[FYWHDE].
ELMI003501	LIG_IBAR_NPY_1	Q7Z460	1264	1267	3	3-6 aa	false	NPY
ELMI002935	LIG_KLC1_WD_1	Q7Z465	140	150	10	7-10 aa	false	[LMTAFSRI][^KRG]W[DE].{3,5}[LIVMFPA]
ELMI003938	DOC_PP4_FxxP_1	Q7Z5K2	595	599	4	3-6 aa	false	F..P
ELMI001111	DEG_SIAH_1	Q7Z6J0	599	608	9	7-10 aa	false	.P.A.V.P[^P]
ELMI001533	LIG_HCF-1_HBM_1	Q7Z6K1	320	324	4	3-6 aa	false	[DE]H.Y
ELMI004470	LIG_LIR_Gen_1	Q7Z6L1	172	179	7	7-10 aa	false	[EDST].{0,2}[WFY][^RKPGWFY][^PG][ILVFM]((.{0,4}[PLAFIVMY])|($)|(.{0,3}[ED]))
ELMI003193	LIG_BH_BH3_1	Q7Z6Z7	1971	1988	17	16+ aa	false	....[LIFVYMTE][ASGC][^P]{2}L[^P]{2}[IVMTL][GACS][D][^P][FVLMI].
ELMI001108	DEG_SIAH_1	Q86TG7	252	261	9	7-10 aa	false	.P.A.V.P[^P]
ELMI003014	LIG_14-3-3_CanoR_1	Q86TI0	232	239	7	7-10 aa	false	R[^DE]{0,2}[^DEPG]([ST])(([FWYLMV].)|([^PRIKGN]P)|([^PRIKGN].{2,4}[VILMFWYP]))
ELMI003029	LIG_14-3-3_CanoR_1	Q86TI0	592	598	6	3-6 aa	false	R[^DE]{0,2}[^DEPG]([ST])(([FWYLMV].)|([^PRIKGN]P)|([^PRIKGN].{2,4}[VILMFWYP]))
ELMI001501	MOD_PKA_1	Q86UR1	168	175	7	7-10 aa	false	[RK][RK].([ST])[^P]..
ELMI001416	MOD_PKA_2	Q86UR1	457	464	7	7-10 aa	false	.R.([ST])[^P]..
ELMI004865	DOC_PP2B_LxvP_1	Q86UR5	937	941	4	3-6 aa	true	L.VP
ELMI004627	LIG_ARS2_EDGEI_1	Q86VM9	205	212	7	7-10 aa	false	E[ED]G[EQ][ILVM].{0,2}[DE]
ELMI003026	LIG_14-3-3_CanoR_1	Q86VP3	433	439	6	3-6 aa	false	R[^DE]{0,2}[^DEPG]([ST])(([FWYLMV].)|([^PRIKGN]P)|([^PRIKGN].{2,4}[VILMFWYP]))
ELMI004863	DOC_PP2B_LxvP_1	Q86VY9	326	330	4	3-6 aa	true	L.VP
ELMI003294	DOC_MAPK_MEF2A_6	Q86VZ6	78	88	10	7-10 aa	false	[RK].{2,4}[LIVMP].[LIV].[LIVMF]
ELMI002930	LIG_KLC1_WD_1	Q86WG3	115	125	10	7-10 aa	false	[LMTAFSRI][^KRG]W[DE].{3,5}[LIVMFPA]
ELMI004657	LIG_IRFs_LxIS_1	Q86WV6	360	366	6	3-6 aa	false	[VILPFYM].{1,3}L.I(S)
ELMI004923	DOC_TBK1_STING_1	Q86WV6	368	377	9	7-10 aa	false	[DE].P.[PST]L[RKHNQ][ST][DN]
ELMI002329	MOD_NMyristoyl	Q86XR7	0	7	7	7-10 aa	false	^M{0,1}(G)[^EDRKHPFYW]..[STAGCN][^P]
ELMI001577	LIG_PDZ_Class_1	Q86XX4	4002	4008	6	3-6 aa	false	...[ST].[ACVILF]$
ELMI004872	DOC_PP2B_LxvP_1	Q86Y37	57	61	4	3-6 aa	false	L.VP
ELMI002828	DEG_Kelch_Keap1_1	Q86YC2	88	94	6	3-6 aa	false	[DNS].[DES][TNS]GE
ELMI002589	LIG_TYR_ITIM	Q86YW5	278	284	6	3-6 aa	false	[ILV].(Y)..[ILV]
ELMI001252	LIG_KEPE_2	Q86Z02	23	32	9	7-10 aa	false	[VILMFT]K.EP.{2,3}[DE]
ELMI004654	LIG_IRFs_LxIS_1	Q8IUC6	202	210	8	7-10 aa	false	[VILPFYM].{1,3}L.I(S)
ELMI004505	LIG_TRAF6_MATH_1	Q8IUC6	247	256	9	7-10 aa	false	..P[^P]E[^P].[FYWHDE].
ELMI002465	LIG_EABR_CEP55_1	Q8IWB6	791	802	11	11-15 aa	false	.A.GPP.{2,3}Y.
ELMI002924	LIG_KLC1_WD_1	Q8IWE5	204	214	10	7-10 aa	false	[LMTAFSRI][^KRG]W[DE].{3,5}[LIVMFPA]
ELMI002925	LIG_KLC1_WD_1	Q8IWE5	233	241	8	7-10 aa	false	[LMTAFSRI][^KRG]W[DE].{3,5}[LIVMFPA]
ELMI002654	LIG_EF_ALG2_ABM_1	Q8IWX8	565	574	9	7-10 aa	false	P[PG]{0,1}YP.{1,6}Y[QS]{0,1}P
ELMI002662	LIG_EF_ALG2_ABM_2	Q8IWX8	613	619	6	3-6 aa	false	P.P.{0,1}GF
ELMI000253	LIG_CtBP_PxDLS_1	Q8IX07	793	798	5	3-6 aa	false	(P[LVIPME][DENS][LM][VASTRG])|(G[LVIPME][DENS][LM][VASTRG]((K)|(.[KR])))
ELMI004802	LIG_SH3_PxxPPRxxK_8	Q8IY67	424	434	10	7-10 aa	false	[PAVLI]P.[LVI]PP[RK][^P][^P][KR]
ELMI001605	LIG_PAM2_1	Q8IYD1	49	62	13	11-15 aa	false	..[LFP][NS][PIVTAFL].A..(([FY].[PYLF])|(W..)).
ELMI001606	LIG_PAM2_1	Q8IYD1	58	71	13	11-15 aa	false	..[LFP][NS][PIVTAFL].A..(([FY].[PYLF])|(W..)).
ELMI004486	LIG_LIR_Gen_1	Q8IYT8	350	360	10	7-10 aa	false	[EDST].{0,2}[WFY][^RKPGWFY][^PG][ILVFM]((.{0,4}[PLAFIVMY])|($)|(.{0,3}[ED]))
ELMI001412	MOD_PKA_2	Q8IZL8	411	418	7	7-10 aa	false	.R.([ST])[^P]..
ELMI003244	MOD_CDK_SPK_2	Q8IZL8	473	479	6	3-6 aa	false	...([ST])P[RK]
ELMI000206	LIG_SH3_PxxDY_5	Q8IZP0	416	421	5	3-6 aa	false	P..DY
ELMI004471	LIG_LIR_Gen_1	Q8IZQ1	3343	3351	8	7-10 aa	false	[EDST].{0,2}[WFY][^RKPGWFY][^PG][ILVFM]((.{0,4}[PLAFIVMY])|($)|(.{0,3}[ED]))
ELMI003943	DOC_PP4_MxPP_1	Q8IZX4	154	158	4	3-6 aa	false	M.PP
ELMI004104	LIG_WRC_WIRS_1	Q8N0W4	794	800	6	3-6 aa	false	[FYILMV].[TS]F(G|[^P]).
ELMI003083	DOC_MAPK_JIP1_4	Q8N103	435	442	7	7-10 aa	true	[RK]P[^P][^P]L.[LIVMF]
ELMI002657	LIG_EF_ALG2_ABM_1	Q8N114	189	200	11	11-15 aa	false	P[PG]{0,1}YP.{1,6}Y[QS]{0,1}P
ELMI004533	MOD_NEK2_1	Q8N137	37	44	7	7-10 aa	false	[FLM][^PVIED][^PVID]([ST])[MLIVF][RKH].
ELMI003930	DOC_PP4_FxxP_1	Q8N137	770	774	4	3-6 aa	false	F..P
ELMI004796	LIG_SH3_PxRPPK_7	Q8N1K5	552	560	8	7-10 aa	true	[PAVL]P[PEQA][RL]PPK[^DE]
ELMI004103	LIG_WRC_WIRS_1	Q8N2Q7	836	842	6	3-6 aa	false	[FYILMV].[TS]F(G|[^P]).
ELMI002788	LIG_SUMO_SIM_par_1	Q8N2W9	463	469	6	3-6 aa	false	[DEST]{0,5}.[VILPTM][VIL][DESTVILMA][VIL].{0,1}[DEST]{1,10}
ELMI003086	DOC_MAPK_JIP1_4	Q8N2Y8	687	694	7	7-10 aa	false	[RK]P[^P][^P]L.[LIVMF]
ELMI004768	DOC_PP2B_PxIxIT_1	Q8N3X6	407	413	6	3-6 aa	false	P[^P][ILVF][^P][ILVF][TSHDEQNKR]
ELMI002789	LIG_SUMO_SIM_par_1	Q8N3Z6	72	81	9	7-10 aa	false	[DEST]{0,5}.[VILPTM][VIL][DESTVILMA][VIL].{0,1}[DEST]{1,10}
ELMI002812	LIG_SUMO_SIM_anti_2	Q8N3Z6	150	156	6	3-6 aa	false	[DEST]{1,10}.{0,1}[VIL][DESTVILMA][VIL][VILM].[DEST]{0,5}
ELMI002790	LIG_SUMO_SIM_par_1	Q8N3Z6	152	166	14	11-15 aa	false	[DEST]{0,5}.[VILPTM][VIL][DESTVILMA][VIL].{0,1}[DEST]{1,10}
ELMI004674	LIG_Trf4_IWRxY_1	Q8N3Z6	321	326	5	3-6 aa	false	[IVL]WR.Y
ELMI002061	LIG_OCRL_FandH_1	Q8N4B1	222	235	13	11-15 aa	false	.F[^P][^P][KRIL]H[^P][^P][YLMFH][^P]...
ELMI004306	TRG_DiLeu_LyEn_5	Q8N697	9	15	6	3-6 aa	false	[E]..[RP]L[LI]
ELMI003719	LIG_SH2_CRK	Q8N8Z6	577	582	5	3-6 aa	true	(Y)[^EPILVFYW][^HDEW][PLIV][^DEW]
ELMI003720	LIG_SH2_CRK	Q8N8Z6	588	593	5	3-6 aa	true	(Y)[^EPILVFYW][^HDEW][PLIV][^DEW]
ELMI003721	LIG_SH2_CRK	Q8N8Z6	620	625	5	3-6 aa	true	(Y)[^EPILVFYW][^HDEW][PLIV][^DEW]
ELMI003722	LIG_SH2_CRK	Q8N8Z6	651	656	5	3-6 aa	true	(Y)[^EPILVFYW][^HDEW][PLIV][^DEW]
ELMI003723	LIG_SH2_CRK	Q8N8Z6	664	669	5	3-6 aa	true	(Y)[^EPILVFYW][^HDEW][PLIV][^DEW]
ELMI003724	LIG_SH2_CRK	Q8N8Z6	695	700	5	3-6 aa	true	(Y)[^EPILVFYW][^HDEW][PLIV][^DEW]
ELMI003663	MOD_DYRK1A_RPxSP_1	Q8NCN4	364	369	5	3-6 aa	false	R[PSVA].([ST])P
ELMI003664	MOD_DYRK1A_RPxSP_1	Q8NCN4	399	404	5	3-6 aa	false	R[PSVA].([ST])P
ELMI004161	LIG_ActinCP_CPI_1	Q8ND23	970	988	18	16+ aa	false	L.(([H].[TQVG])|([SC].N)|(D.R))..R[PAVT][KRHM][^DEN].{1,5}((R.)|(.[RK]))..[PAS][^P]
ELMI002330	MOD_NMyristoyl	Q8ND76	0	7	7	7-10 aa	false	^M{0,1}(G)[^EDRKHPFYW]..[STAGCN][^P]
ELMI002891	MOD_SUMO_rev_2	Q8ND82	1	7	6	3-6 aa	false	[SDE].{0,5}[DE].(K).{0,1}[AIFLMPSTV]
ELMI001168	LIG_EH_1	Q8NDI1	266	271	5	3-6 aa	false	.NPF.
ELMI001169	LIG_EH_1	Q8NDI1	277	282	5	3-6 aa	false	.NPF.
ELMI001170	LIG_EH_1	Q8NDI1	307	312	5	3-6 aa	false	.NPF.
ELMI001171	LIG_EH_1	Q8NDI1	319	324	5	3-6 aa	false	.NPF.
ELMI001172	LIG_EH_1	Q8NDI1	368	373	5	3-6 aa	false	.NPF.
ELMI002504	LIG_PAM2_2	Q8NDV7	1607	1621	14	11-15 aa	false	((WPP)|([FL][PV][APQ]))EF.PG.PWKG.
ELMI003295	DOC_MAPK_MEF2A_6	Q8NEZ4	1200	1208	8	7-10 aa	false	[RK].{2,4}[LIVMP].[LIV].[LIVMF]
ELMI002647	LIG_WD40_WDR5_WIN_1	Q8NEZ4	4707	4714	7	7-10 aa	false	[SCA]AR[STCA][EQR][PGILVM][HYFQNKRLVI]
ELMI004854	DOC_PP2B_LxvP_1	Q8NFU7	432	436	4	3-6 aa	false	L.VP
ELMI004878	LIG_Integrin_collagen_1	Q8NFW1	1431	1437	6	3-6 aa	false	G[FLMR](P)GE[RKNA]
ELMI002635	DOC_PP1_SILK_1	Q8NG31	23	29	6	3-6 aa	false	.[GS]IL[KR][^DE]
ELMI004563	LIG_VCP_VIM_2	Q8NHG7	21	33	12	11-15 aa	false	[RKQ][^P]{1,3}[AG][^P]AA[^P]{1,2}R[^P]
ELMI004316	TRG_DiLeu_LyEn_5	Q8NHS3	8	14	6	3-6 aa	false	[E]..[RP]L[LI]
ELMI003364	MOD_Plk_1	Q8NHV4	392	399	7	7-10 aa	false	.[DNE][^PG][ST](([FYILMVW]..)|([^PEDGKN][FWYLIVM]).)
ELMI003365	MOD_Plk_1	Q8NHV4	422	429	7	7-10 aa	false	.[DNE][^PG][ST](([FYILMVW]..)|([^PEDGKN][FWYLIVM]).)
ELMI003544	LIG_PDZ_Wminus1_1	Q8NHY3	877	880	3	3-6 aa	false	.W[ACGILV]$
ELMI002482	DEG_APCC_TPR_1	Q8NI77	895	898	3	3-6 aa	false	.[ILM]R$
ELMI004113	LIG_WRC_WIRS_1	Q8TAB3	1014	1020	6	3-6 aa	false	[FYILMV].[TS]F(G|[^P]).
ELMI004424	LIG_SH3_CIN85_PxpxPR_1	Q8TB24	382	388	6	3-6 aa	false	P.[AP].PR
ELMI004425	LIG_SH3_CIN85_PxpxPR_1	Q8TB24	456	462	6	3-6 aa	false	P.[AP].PR
ELMI001534	LIG_HCF-1_HBM_1	Q8TBB0	138	142	4	3-6 aa	false	[DE]H.Y
ELMI001565	LIG_PTB_Apo_2	Q8TBB1	177	185	8	7-10 aa	false	(.[^P].NP.[FY].)|(.[ILVMFY].N..[FY].)
ELMI003818	MOD_CK1_1	Q8TD43	838	845	7	7-10 aa	false	S..([ST])...
ELMI004115	LIG_WRC_WIRS_1	Q8TDW7	4262	4268	6	3-6 aa	false	[FYILMV].[TS]F(G|[^P]).
ELMI004116	LIG_WRC_WIRS_1	Q8TDW7	4338	4344	6	3-6 aa	false	[FYILMV].[TS]F(G|[^P]).
ELMI004473	LIG_LIR_Gen_1	Q8TDY2	700	710	10	7-10 aa	false	[EDST].{0,2}[WFY][^RKPGWFY][^PG][ILVFM]((.{0,4}[PLAFIVMY])|($)|(.{0,3}[ED]))
ELMI003522	TRG_ER_FFAT_2	Q8TDY2	726	738	12	11-15 aa	false	[EDS].{0,4}[EDSQN][FY][FYMITH]([ST])[ACP].{1,2}[EDST]
ELMI004558	LIG_VCP_VBM_3	Q8TEB9	303	313	10	7-10 aa	false	[ILMV]R[^PG]{2}R[^PG]{3}[FL][ED]
ELMI002100	LIG_eIF4E_1	Q8TEQ6	991	998	7	7-10 aa	false	Y....L[VILMF]
ELMI001588	LIG_PDZ_Class_1	Q8TEU7	1595	1601	6	3-6 aa	false	...[ST].[ACVILF]$
ELMI002696	LIG_WH1	Q8TF74	396	407	11	11-15 aa	false	ES[RK][FY].F[HR][PST][IVLM][DES][DE]
ELMI001706	LIG_EVH1_3	Q8TF74	399	412	13	11-15 aa	false	[FY].[FW].....[LMVIF]P.P[DE]
ELMI001530	LIG_HCF-1_HBM_1	Q8WTV1	176	180	4	3-6 aa	false	[DE]H.Y
ELMI002892	MOD_SUMO_rev_2	Q8WUA2	213	219	6	3-6 aa	true	[SDE].{0,5}[DE].(K).{0,1}[AIFLMPSTV]
ELMI001344	LIG_PTAP_UEV_1	Q8WUM4	715	721	6	3-6 aa	false	.P[TS]AP.
ELMI004407	LIG_SH3_CIN85_PxpxPR_1	Q8WUM4	739	745	6	3-6 aa	false	P.[AP].PR
ELMI002467	LIG_EABR_CEP55_1	Q8WUM4	796	807	11	11-15 aa	false	.A.GPP.{2,3}Y.
ELMI002651	LIG_EF_ALG2_ABM_1	Q8WUM4	801	810	9	7-10 aa	false	P[PG]{0,1}YP.{1,6}Y[QS]{0,1}P
ELMI002936	LIG_KLC1_WD_1	Q8WUY3	1135	1145	10	7-10 aa	false	[LMTAFSRI][^KRG]W[DE].{3,5}[LIVMFPA]
ELMI004787	LIG_SH3_PxxxRxxKP_6	Q8WV28	203	212	9	7-10 aa	false	P.[VIF][DNH]R[^P][^P]KP
ELMI004408	LIG_SH3_CIN85_PxpxPR_1	Q8WV28	241	247	6	3-6 aa	false	P.[AP].PR
ELMI004409	LIG_SH3_CIN85_PxpxPR_1	Q8WV28	306	312	6	3-6 aa	false	P.[AP].PR
ELMI004564	LIG_VCP_VIM_2	Q8WV99	142	152	10	7-10 aa	false	[RKQ][^P]{1,3}[AG][^P]AA[^P]{1,2}R[^P]
ELMI004624	LIG_ARS2_EDGEI_1	Q8WVV9	27	33	6	3-6 aa	false	E[ED]G[EQ][ILVM].{0,2}[DE]
ELMI000081	LIG_CtBP_PxDLS_1	Q8WW38	828	833	5	3-6 aa	false	(P[LVIPME][DENS][LM][VASTRG])|(G[LVIPME][DENS][LM][VASTRG]((K)|(.[KR])))
ELMI001017	DEG_APCC_KENBOX_2	Q8WWK9	79	84	5	3-6 aa	false	.KEN.
ELMI003251	MOD_CDK_SPxxK_3	Q8WWK9	619	627	8	7-10 aa	false	...([ST])P..[RK]
ELMI004410	LIG_SH3_CIN85_PxpxPR_1	Q8WWN8	93	99	6	3-6 aa	false	P.[AP].PR
ELMI004794	LIG_SH3_PxRPPK_7	Q8WWW8	306	314	8	7-10 aa	false	[PAVL]P[PEQA][RL]PPK[^DE]
ELMI003296	DOC_MAPK_MEF2A_6	Q8WWW8	365	374	9	7-10 aa	false	[RK].{2,4}[LIVMP].[LIV].[LIVMF]
ELMI004784	LIG_SH3_PxxxRxxKP_6	Q8WWW8	435	444	9	7-10 aa	false	P.[VIF][DNH]R[^P][^P]KP
ELMI004548	LIG_CaMK_CASK_1	Q8WXD9	373	379	6	3-6 aa	false	[STED].{0,2}[IV]W[IVLM].[RHK]
ELMI001257	LIG_BRCT_BRCA1_1	Q8WXE1	237	242	5	3-6 aa	false	.(S)..F
ELMI001949	DOC_PIKK_1	Q8WXE1	768	776	8	7-10 aa	false	[DEN][DEN].{2,3}[ILMVA][DEN][DEN]L
ELMI001151	LIG_EH_1	Q8WXE9	311	316	5	3-6 aa	false	.NPF.
ELMI001152	LIG_EH_1	Q8WXE9	327	332	5	3-6 aa	false	.NPF.
ELMI003071	DOC_MAPK_JIP1_4	Q8WXG6	809	816	7	7-10 aa	false	[RK]P[^P][^P]L.[LIVMF]
ELMI002933	LIG_KLC1_WD_1	Q8WXH0	6416	6425	9	7-10 aa	false	[LMTAFSRI][^KRG]W[DE].{3,5}[LIVMFPA]
ELMI002755	LIG_CNOT1_NIM_1	Q8WY41	39	49	10	7-10 aa	false	[FY][^P].[WFY][^P]DY..L
ELMI002634	DOC_PP1_SILK_1	Q8WYN3	50	56	6	3-6 aa	false	.[GS]IL[KR][^DE]
ELMI004628	LIG_ARS2_EDGEI_1	Q92541	150	157	7	7-10 aa	false	E[ED]G[EQ][ILVM].{0,2}[DE]
ELMI003408	LIG_PROFILIN_1	Q92558	325	332	7	7-10 aa	true	PPP[PA]P((P[LGP])|([LG]P))
ELMI001663	LIG_Actin_WH2_1	Q92558	497	514	17	16+ aa	true	R..[ILVMF][ILMVF][^P][^P][ILVM].{4,7}L(([KR].)|(NK))[VATI]
ELMI004493	LIG_LIR_Gen_1	Q92609	57	64	7	7-10 aa	false	[EDST].{0,2}[WFY][^RKPGWFY][^PG][ILVFM]((.{0,4}[PLAFIVMY])|($)|(.{0,3}[ED]))
ELMI004492	LIG_LIR_Gen_1	Q92609	784	795	11	11-15 aa	false	[EDST].{0,2}[WFY][^RKPGWFY][^PG][ILVFM]((.{0,4}[PLAFIVMY])|($)|(.{0,3}[ED]))
ELMI001619	LIG_PAM2_1	Q92615	53	66	13	11-15 aa	false	..[LFP][NS][PIVTAFL].A..(([FY].[PYLF])|(W..)).
ELMI004821	LIG_CtBP_RRT_2	Q92618	813	822	9	7-10 aa	false	[RG]RT[GSAT].PP..
ELMI003931	DOC_PP4_FxxP_1	Q92620	38	42	4	3-6 aa	false	F..P
ELMI002437	DOC_PP1_RVXF_1	Q92667	150	158	8	7-10 aa	false	..[RK].{0,1}[VIL][^P][FW].
ELMI002049	DOC_ANK_TNKS_1	Q92698	689	697	8	7-10 aa	false	.R..[PGAV][DEIP]G.
ELMI002613	MOD_GSK3_1	Q92731	4	12	8	7-10 aa	false	...([ST])...[ST]
ELMI000207	LIG_SH3_PxxDY_5	Q92738	724	729	5	3-6 aa	false	P..DY
ELMI000850	MOD_SUMO_for_1	Q92754	8	12	4	3-6 aa	false	[VILMAFP](K).E
ELMI003142	LIG_RB_LxCxE_1	Q92769	411	429	18	16+ aa	true	([DEST]|^).{0,4}[LI].C.E.{1,4}[FLMIVAWPHY].{0,8}([DEST]|$)
ELMI000789	LIG_NRBOX	Q92793	68	75	7	7-10 aa	false	[^P]L[^P][^P]LL[^P]
ELMI001545	LIG_PTB_Phospho_1	Q92835	908	915	7	7-10 aa	false	(.[^P].NP.(Y))|(.[ILVMFY].N..(Y))
ELMI001624	LIG_PTB_Phospho_1	Q92835	1015	1022	7	7-10 aa	false	(.[^P].NP.(Y))|(.[ILVMFY].N..(Y))
ELMI004412	LIG_SH3_CIN85_PxpxPR_1	Q92835	1028	1034	6	3-6 aa	false	P.[AP].PR
ELMI004413	LIG_SH3_CIN85_PxpxPR_1	Q92835	1134	1140	6	3-6 aa	false	P.[AP].PR
ELMI004697	LIG_TRAF2like_MATH_loPxQ_2	Q92844	179	185	6	3-6 aa	false	[PM][LIVTFYHQE][QS].(([DE].)|(.[DE]))
ELMI003826	MOD_CK1_1	Q92858	333	340	7	7-10 aa	false	S..([ST])...
ELMI004119	LIG_WRC_WIRS_1	Q92859	1358	1364	6	3-6 aa	false	[FYILMV].[TS]F(G|[^P]).
ELMI004677	LIG_FERM_MyoX_1	Q92859	1440	1459	19	16+ aa	false	L...M[^P][^P]L[^P][^P]LM[^P][QD]L[^P][^P]I[TA]
ELMI004582	LIG_VCP_SHPBox_1	Q92890	226	236	10	7-10 aa	false	.((F.)|(W))G.G[^P].L.
ELMI004283	TRG_DiLeu_BaEn_4	Q92911	577	584	7	7-10 aa	false	EE...L[^LIVMF]
ELMI004800	LIG_SH3_PxxPPRxxK_8	Q92918	468	478	10	7-10 aa	false	[PAVLI]P.[LVI]PP[RK][^P][^P][KR]
ELMI003198	LIG_BH_BH3_1	Q92934	105	122	17	16+ aa	false	....[LIFVYMTE][ASGC][^P]{2}L[^P]{2}[IVMTL][GACS][D][^P][FVLMI].
ELMI002513	LIG_NBox_RRM_1	Q92945	73	84	11	11-15 aa	false	F..A[ILV]..A..[ILV]
ELMI002009	DOC_WW_Pin1_4	Q92945	177	183	6	3-6 aa	false	...([ST])P.
ELMI003167	DOC_PP2A_B56_1	Q92974	966	972	6	3-6 aa	false	([LMFYWIC]..I.E)|(L..[IVLWC].E).
ELMI004662	LIG_IRF7_LxLS_2	Q92985	477	483	6	3-6 aa	false	[VILPFYM].{1,3}L.L(S)
ELMI004532	MOD_NEK2_1	Q92997	639	646	7	7-10 aa	false	[FLM][^PVIED][^PVID]([ST])[MLIVF][RKH].
ELMI004555	DEG_Kelch_KLHL12_1	Q92997	677	683	6	3-6 aa	false	[PGA]PG[AG]PP
ELMI002452	TRG_NLS_MonoCore_2	Q969H0	9	15	6	3-6 aa	false	[^DE]((K[RK])|(RK))[KRP][KR][^DE]
ELMI002451	DOC_WW_Pin1_4	Q969H0	201	207	6	3-6 aa	false	...([ST])P.
ELMI002899	LIG_UBA3_1	Q969M7	0	9	9	7-10 aa	false	[ILM][ILMF].{1,2}[ILM].{0,4}K
ELMI002900	LIG_DCNL_PONY_1	Q969M7	0	4	4	3-6 aa	false	^M[MIL].[MIL]
ELMI003563	TRG_ER_FFAT_1	Q969R2	446	458	12	11-15 aa	false	[EDS].{0,4}[ED][FY][FYKREM][DE][AC].{1,2}[EDST]
ELMI003387	MOD_Plk_4	Q969U6	147	154	7	7-10 aa	false	..[^IRFW]([ST])[ILMVFWY][ILMVFWY].
ELMI002512	LIG_NBox_RRM_1	Q96AE4	30	41	11	11-15 aa	false	F..A[ILV]..A..[ILV]
ELMI002814	LIG_SUMO_SIM_anti_2	Q96B23	326	335	9	7-10 aa	false	[DEST]{1,10}.{0,1}[VIL][DESTVILMA][VIL][VILM].[DEST]{0,5}
ELMI004159	LIG_ActinCP_CPI_1	Q96B97	475	494	19	16+ aa	false	L.(([H].[TQVG])|([SC].N)|(D.R))..R[PAVT][KRHM][^DEN].{1,5}((R.)|(.[RK]))..[PAS][^P]
ELMI001228	LIG_TRFH_1	Q96BK5	288	293	5	3-6 aa	false	[FY].L.P
ELMI003367	MOD_Plk_1	Q96BK5	313	320	7	7-10 aa	false	.[DNE][^PG][ST](([FYILMVW]..)|([^PEDGKN][FWYLIVM]).)
ELMI004824	DOC_PUB_PIM_1	Q96BN8	52	57	5	3-6 aa	false	.D[LM]Y.
ELMI001631	DOC_AGCK_PIF_1	Q96BR1	481	487	6	3-6 aa	false	F..[FWY][ST][FY]
ELMI003311	DOC_MAPK_HePTP_8	Q96CC6	11	24	13	11-15 aa	false	([LIV][^P][^P][RK]....[LIVMP].[LIV].[LIVMF])|([LIV][^P][^P][RK][RK]G.{4,7}[LIVMP].[LIV].[LIVMF])
ELMI004501	LIG_TRAF6_MATH_1	Q96CG3	173	182	9	7-10 aa	false	..P[^P]E[^P].[FYWHDE].
ELMI004496	LIG_LIR_Gen_1	Q96CV9	174	184	10	7-10 aa	false	[EDST].{0,2}[WFY][^RKPGWFY][^PG][ILVFM]((.{0,4}[PLAFIVMY])|($)|(.{0,3}[ED]))
ELMI004736	MOD_AAK1BIKe_LxxQxTG_1	Q96CW1	150	157	7	7-10 aa	false	[LIVM][^D][^DEHYWF]Q.(T)G
ELMI002331	MOD_NMyristoyl	Q96EQ8	0	7	7	7-10 aa	false	^M{0,1}(G)[^EDRKHPFYW]..[STAGCN][^P]
ELMI004855	DOC_PP2B_LxvP_1	Q96EV8	282	286	4	3-6 aa	true	L.VP
ELMI004414	LIG_SH3_CIN85_PxpxPR_1	Q96EY5	154	160	6	3-6 aa	false	P.[AP].PR
ELMI001015	DEG_APCC_KENBOX_2	Q96FF9	86	91	5	3-6 aa	false	.KEN.
ELMI004617	LIG_ARS2_EDGEI_1	Q96FV9	212	220	8	7-10 aa	false	E[ED]G[EQ][ILVM].{0,2}[DE]
ELMI003840	MOD_CK2_1	Q96FW1	12	19	7	7-10 aa	false	...([ST])..E
ELMI001016	DEG_APCC_KENBOX_2	Q96GD4	2	7	5	3-6 aa	false	.KEN.
ELMI004523	LIG_LEDGF_IBM_1	Q96GN5	12	29	17	16+ aa	false	[LFVIM].{2,3}[LIVCYFM][FW].{3,35}[EDST].{0,1}[EDST].{0,1}F[^G]GF
ELMI004524	LIG_LEDGF_IBM_1	Q96GN5	59	87	28	16+ aa	false	[LFVIM].{2,3}[LIVCYFM][FW].{3,35}[EDST].{0,1}[EDST].{0,1}F[^G]GF
ELMI004870	DOC_PP2B_LxvP_1	Q96GX8	32	36	4	3-6 aa	false	L.VP
ELMI000703	LIG_WRPW_1	Q96HZ4	220	224	4	3-6 aa	false	[WFY]RP[WFY].{0,7}$
ELMI002743	DOC_PP1_MyPhoNE_1	Q96I34	29	37	8	7-10 aa	false	R[^P][DEQ]Q[VIL]([RK][^P]|[^P][RK])[YW]
ELMI002205	LIG_SPRY_1	Q96IZ0	67	73	6	3-6 aa	false	[ED][LIV]NNN[^P]
ELMI003854	MOD_CK2_1	Q96IZ0	227	234	7	7-10 aa	false	...([ST])..E
ELMI004415	LIG_SH3_CIN85_PxpxPR_1	Q96J02	259	265	6	3-6 aa	false	P.[AP].PR
ELMI002837	DEG_Kelch_KLHL3_1	Q96J92	556	566	10	7-10 aa	false	E.EE.E[AV]DQH
ELMI001491	DOC_SPAK_OSR1_1	Q96J92	1015	1020	5	3-6 aa	false	RF[^P][IV].
ELMI002893	MOD_SUMO_rev_2	Q96JM2	14	21	7	7-10 aa	false	[SDE].{0,5}[DE].(K).{0,1}[AIFLMPSTV]
ELMI000219	LIG_CtBP_PxDLS_1	Q96JN0	63	68	5	3-6 aa	false	(P[LVIPME][DENS][LM][VASTRG])|(G[LVIPME][DENS][LM][VASTRG]((K)|(.[KR])))
ELMI003545	LIG_PDZ_Wminus1_1	Q96KN9	367	370	3	3-6 aa	false	.W[ACGILV]$
ELMI002412	MOD_LATS_1	Q96KQ4	377	384	7	7-10 aa	false	H.[KR]..([ST])[^P]
ELMI003176	DOC_PP2A_B56_1	Q96L42	705	711	6	3-6 aa	false	([LMFYWIC]..I.E)|(L..[IVLWC].E).
ELMI003072	DOC_MAPK_JIP1_4	Q96N67	884	891	7	7-10 aa	false	[RK]P[^P][^P]L.[LIVMF]
ELMI003308	DOC_MAPK_DCC_7	Q96PN7	654	663	9	7-10 aa	true	[RK].{2,4}[LIVP]P.[LIV].[LIVMF]|[RK].{2,4}[LIVP].P[LIV].[LIVMF]
ELMI003042	LIG_14-3-3_CanoR_1	Q96PU5	338	344	6	3-6 aa	false	R[^DE]{0,2}[^DEPG]([ST])(([FWYLMV].)|([^PRIKGN]P)|([^PRIKGN].{2,4}[VILMFWYP]))
ELMI003012	LIG_14-3-3_CanoR_1	Q96PU5	442	448	6	3-6 aa	false	R[^DE]{0,2}[^DEPG]([ST])(([FWYLMV].)|([^PRIKGN]P)|([^PRIKGN].{2,4}[VILMFWYP]))
ELMI002332	MOD_NMyristoyl	Q96PX1	0	7	7	7-10 aa	false	^M{0,1}(G)[^EDRKHPFYW]..[STAGCN][^P]
ELMI002333	MOD_NMyristoyl	Q96PY5	0	7	7	7-10 aa	false	^M{0,1}(G)[^EDRKHPFYW]..[STAGCN][^P]
ELMI001076	DOC_PP1_RVXF_1	Q96QC0	394	402	8	7-10 aa	true	..[RK].{0,1}[VIL][^P][FW].
ELMI002883	MOD_SUMO_rev_2	Q96QT6	461	469	8	7-10 aa	false	[SDE].{0,5}[DE].(K).{0,1}[AIFLMPSTV]
ELMI002073	TRG_ER_diArg_1	Q96RI0	181	185	4	3-6 aa	false	([LIVMFYWPR]R[^YFWDE]{0,1}R)|(R[^YFWDE]{0,1}R[LIVMFYWPR])
ELMI004699	LIG_TRAF3_MATH_PxP_3	Q96RJ3	161	167	6	3-6 aa	false	P[ILVT]P(([ED][^P].)|(.[^P][ED]))
ELMI003580	TRG_ER_FFAT_1	Q96RL7	838	849	11	11-15 aa	false	[EDS].{0,4}[ED][FY][FYKREM][DE][AC].{1,2}[EDST]
ELMI002056	DOC_ANK_TNKS_1	Q96RU3	513	521	8	7-10 aa	false	.R..[PGAV][DEIP]G.
ELMI003183	DEG_COP1_1	Q96RU8	353	361	8	7-10 aa	false	[STDE]{1,3}.{0,2}[TSDE].{2,3}VP[STDE]G{0,1}[FLIMVYPA]
ELMI004508	LIG_TRAF6_MATH_1	Q96S59	318	327	9	7-10 aa	true	..P[^P]E[^P].[FYWHDE].
ELMI004527	LIG_LEDGF_IBM_1	Q96ST2	472	491	19	16+ aa	false	[LFVIM].{2,3}[LIVCYFM][FW].{3,35}[EDST].{0,1}[EDST].{0,1}F[^G]GF
ELMI003566	TRG_ER_FFAT_1	Q96SU4	292	300	8	7-10 aa	false	[EDS].{0,4}[ED][FY][FYKREM][DE][AC].{1,2}[EDST]
ELMI002744	DOC_PP1_MyPhoNE_1	Q96T49	29	37	8	7-10 aa	false	R[^P][DEQ]Q[VIL]([RK][^P]|[^P][RK])[YW]
ELMI003684	DOC_USP7_UBL2_3	Q96T88	645	650	5	3-6 aa	false	K...K
ELMI004060	LIG_LSD1_SNAG_1	Q96T92	0	9	9	7-10 aa	false	^M{0,1}PR.FLV[KR]K{0,1}.
ELMI000227	LIG_SH2_STAT3	Q99062	726	730	4	3-6 aa	false	(Y)..Q
ELMI003603	LIG_CaM_IQ_9	Q99250	1908	1925	17	16+ aa	false	[ACLIVTM][^P][^P][ILVMFCT]Q[^P][^P][^P][RK][^P]{4,5}[RKQ][^P][^P]
ELMI004469	LIG_LIR_Gen_1	Q99442	361	371	10	7-10 aa	false	[EDST].{0,2}[WFY][^RKPGWFY][^PG][ILVFM]((.{0,4}[PLAFIVMY])|($)|(.{0,3}[ED]))
ELMI002960	LIG_CSL_BTD_1	Q99466	1480	1484	4	3-6 aa	true	[AFILMPTVW]W[FHILMPSTVW]P
ELMI000510	TRG_LysEnd_GGAAcLL_1	Q99523	825	831	6	3-6 aa	false	D..LL.{1,2}$
ELMI003531	LIG_PDZ_Wminus1_1	Q99569	1189	1192	3	3-6 aa	false	.W[ACGILV]$
ELMI002334	MOD_NMyristoyl	Q99570	0	7	7	7-10 aa	false	^M{0,1}(G)[^EDRKHPFYW]..[STAGCN][^P]
ELMI002085	TRG_ER_diArg_1	Q99572	574	578	4	3-6 aa	false	([LIVMFYWPR]R[^YFWDE]{0,1}R)|(R[^YFWDE]{0,1}R[LIVMFYWPR])
ELMI000273	LIG_Sin3_1	Q99583	2	13	11	11-15 aa	false	[LIV]..[LM]L.AA.[FY][LI]
ELMI003368	MOD_Plk_1	Q99640	422	429	7	7-10 aa	false	.[DNE][^PG][ST](([FYILMVW]..)|([^PEDGKN][FWYLIVM]).)
ELMI003369	MOD_Plk_1	Q99640	431	438	7	7-10 aa	false	.[DNE][^PG][ST](([FYILMVW]..)|([^PEDGKN][FWYLIVM]).)
ELMI003370	MOD_Plk_1	Q99640	491	498	7	7-10 aa	false	.[DNE][^PG][ST](([FYILMVW]..)|([^PEDGKN][FWYLIVM]).)
ELMI001290	LIG_SxIP_EBH_1	Q99661	92	104	12	11-15 aa	false	([KR][^ED]{0,5}[ST].IP[^ED]{5,5})|([^ED]{5,5}[ST].IP[^ED]{0,5}[KR])
ELMI003004	LIG_14-3-3_CanoR_1	Q99683	962	968	6	3-6 aa	true	R[^DE]{0,2}[^DEPG]([ST])(([FWYLMV].)|([^PRIKGN]P)|([^PRIKGN].{2,4}[VILMFWYP]))
ELMI001607	LIG_PAM2_1	Q99700	911	924	13	11-15 aa	false	..[LFP][NS][PIVTAFL].A..(([FY].[PYLF])|(W..)).
ELMI003884	LIG_SH2_NCK_1	Q99704	359	366	7	7-10 aa	false	([^KR][^KR](Y)[DE][^GWFY][AI][SDENQTAGYFP])|([^KR][^KR](Y)[STNA][^GWFY][PV][SDENQTAGYFP])|(..Y[DE][^GWFY][PV][SDENQTAGYFP])
ELMI000942	LIG_BRCT_BRCA1_1	Q99708	325	330	5	3-6 aa	false	.(S)..F
ELMI000078	LIG_CtBP_PxDLS_1	Q99708	489	494	5	3-6 aa	false	(P[LVIPME][DENS][LM][VASTRG])|(G[LVIPME][DENS][LM][VASTRG]((K)|(.[KR])))
ELMI002080	TRG_ER_diArg_1	Q99720	6	9	3	3-6 aa	false	([LIVMFYWPR]R[^YFWDE]{0,1}R)|(R[^YFWDE]{0,1}R[LIVMFYWPR])
ELMI003262	MOD_CDK_SPxK_1	Q99741	70	77	7	7-10 aa	false	...([ST])P.[KR]
ELMI001009	DEG_APCC_KENBOX_2	Q99741	79	84	5	3-6 aa	false	.KEN.
ELMI000064	DOC_CYCLIN_RxL_1	Q99741	90	99	9	7-10 aa	false	(.|([KRH].{0,3}))[^EDWNSG][^D][RK][^D]L.{0,1}[FL].{0,3}[EDST]
ELMI002110	CLV_C14_Caspase3-7	Q99741	438	443	5	3-6 aa	false	[DSTE][^P][^DEWHFYC]D[GSAN]
ELMI003073	DOC_MAPK_JIP1_4	Q99767	279	286	7	7-10 aa	false	[RK]P[^P][^P]L.[LIVMF]
ELMI003849	MOD_CK2_1	Q99801	85	92	7	7-10 aa	false	...([ST])..E
ELMI003830	MOD_CK1_1	Q99814	382	389	7	7-10 aa	false	S..([ST])...
ELMI001224	DEG_ODPH_VHL_1	Q99814	402	416	14	11-15 aa	false	[IL]A(P).{6,8}[FLIVM].[FLIVM]
ELMI001225	DEG_ODPH_VHL_1	Q99814	528	542	14	11-15 aa	false	[IL]A(P).{6,8}[FLIVM].[FLIVM]
ELMI001226	DEG_ODPH_VHL_1	Q99814	573	585	12	11-15 aa	false	[IL]A(P).{6,8}[FLIVM].[FLIVM]
ELMI002469	LIG_EABR_CEP55_1	Q99816	153	164	11	11-15 aa	false	.A.GPP.{2,3}Y.
ELMI002652	LIG_EF_ALG2_ABM_1	Q99816	188	197	9	7-10 aa	false	P[PG]{0,1}YP.{1,6}Y[QS]{0,1}P
ELMI001330	LIG_PTAP_UEV_1	Q99816	318	324	6	3-6 aa	false	.P[TS]AP.
ELMI001602	LIG_PAM2_1	Q9BPZ3	108	121	13	11-15 aa	false	..[LFP][NS][PIVTAFL].A..(([FY].[PYLF])|(W..)).
ELMI003322	LIG_LRP6_Inhibitor_1	Q9BQB4	113	126	13	11-15 aa	false	([VILA]..N.I[RK])|([VILA].PN.IG.{0,6}[RK])
ELMI004565	LIG_VCP_VIM_2	Q9BQE4	77	87	10	7-10 aa	false	[RKQ][^P]{1,3}[AG][^P]AA[^P]{1,2}R[^P]
ELMI004477	LIG_LIR_Gen_1	Q9BQS8	1276	1288	12	11-15 aa	false	[EDST].{0,2}[WFY][^RKPGWFY][^PG][ILVFM]((.{0,4}[PLAFIVMY])|($)|(.{0,3}[ED]))
ELMI002004	DOC_WW_Pin1_4	Q9BR01	4	10	6	3-6 aa	false	...([ST])P.
ELMI002005	DOC_WW_Pin1_4	Q9BR01	7	13	6	3-6 aa	false	...([ST])P.
ELMI002335	MOD_NMyristoyl	Q9BRQ8	0	7	7	7-10 aa	false	^M{0,1}(G)[^EDRKHPFYW]..[STAGCN][^P]
ELMI001227	LIG_TRFH_1	Q9BSI4	257	262	5	3-6 aa	false	[FY].L.P
ELMI003225	MOD_CDK_SPxxK_3	Q9BSJ8	320	328	8	7-10 aa	false	...([ST])P..[RK]
ELMI001535	LIG_HCF-1_HBM_1	Q9BT49	228	232	4	3-6 aa	false	[DE]H.Y
ELMI004315	TRG_DiLeu_LyEn_5	Q9BTU6	56	62	6	3-6 aa	false	[E]..[RP]L[LI]
ELMI002943	DOC_MAPK_RevD_3	Q9BUB5	433	448	15	11-15 aa	false	[LIVMPFA].[LIV].{1,2}[LIVMP].{4,6}[LIV]..[RK][RK]
ELMI004587	LIG_VCP_SHPBox_1	Q9BUN8	240	249	9	7-10 aa	false	.((F.)|(W))G.G[^P].L.
ELMI000497	TRG_Golgi_diPhe_1	Q9BVK6	220	235	15	11-15 aa	false	Q.{6,6}FF.{6,7}$
ELMI000496	TRG_ER_diLys_1	Q9BVK6	231	235	4	3-6 aa	false	K.{0,1}K.{2,3}$
ELMI004632	TRG_NESrev_CRM1_2	Q9BVS4	390	403	13	11-15 aa	false	[FLIM].[VLIMF]..[FLIMVY][^P][^P][^P][LVIM][^P][^P][LVIMA]
ELMI002847	LIG_RPA_C_Vert	Q9BVW5	201	217	16	16+ aa	false	[KRS]I[^P][^P][NK][KR][^P][^P]A[^P][^P][RKL][RKL][^P][^P][RK]
ELMI003913	LIG_PCNA_PIPBox_1	Q9BWF2	459	469	10	7-10 aa	false	[QM].[^FHWY][LIVM][^P][^PFWYMLIV](([FYHL][FYW])|([FYH][FYWL]))..
ELMI003936	DOC_PP4_FxxP_1	Q9BWU0	73	77	4	3-6 aa	false	F..P
ELMI004056	LIG_LSD1_SNAG_1	Q9BWW7	0	10	10	7-10 aa	false	^M{0,1}PR.FLV[KR]K{0,1}.
ELMI000941	LIG_BRCT_BRCA1_1	Q9BX63	988	993	5	3-6 aa	false	.(S)..F
ELMI000944	LIG_BRCT_BRCA1_2	Q9BX63	988	995	7	7-10 aa	false	.(S)..F.K
ELMI003581	TRG_ER_FFAT_1	Q9BXW6	473	482	9	7-10 aa	false	[EDS].{0,4}[ED][FY][FYKREM][DE][AC].{1,2}[EDST]
ELMI003454	DOC_CYCLIN_RxL_1	Q9BY12	195	207	12	11-15 aa	false	(.|([KRH].{0,3}))[^EDWNSG][^D][RK][^D]L.{0,1}[FL].{0,3}[EDST]
ELMI001496	MOD_PKA_1	Q9BY41	35	42	7	7-10 aa	false	[RK][RK].([ST])[^P]..
ELMI002283	LIG_eIF4E_2	Q9BY44	445	452	7	7-10 aa	false	Y.PP.[ILMV]R
ELMI000707	LIG_WRPW_1	Q9BYE0	220	225	5	3-6 aa	false	[WFY]RP[WFY].{0,7}$
ELMI002177	MOD_GSK3_1	Q9BYG3	226	234	8	7-10 aa	false	...([ST])...[ST]
ELMI002178	MOD_GSK3_1	Q9BYG3	230	238	8	7-10 aa	false	...([ST])...[ST]
ELMI002836	DEG_Kelch_KLHL3_1	Q9BYP7	536	546	10	7-10 aa	false	E.EE.E[AV]DQH
ELMI003556	TRG_ER_FFAT_1	Q9BZ71	30	41	11	11-15 aa	false	[EDS].{0,4}[ED][FY][FYKREM][DE][AC].{1,2}[EDST]
ELMI003558	TRG_ER_FFAT_1	Q9BZ72	342	351	9	7-10 aa	false	[EDS].{0,4}[ED][FY][FYKREM][DE][AC].{1,2}[EDST]
ELMI003565	TRG_ER_FFAT_1	Q9BZF2	398	408	10	7-10 aa	false	[EDS].{0,4}[ED][FY][FYKREM][DE][AC].{1,2}[EDST]
ELMI003564	TRG_ER_FFAT_1	Q9BZF3	492	500	8	7-10 aa	false	[EDS].{0,4}[ED][FY][FYKREM][DE][AC].{1,2}[EDST]
ELMI002748	DOC_PP1_MyPhoNE_1	Q9BZL4	21	29	8	7-10 aa	false	R[^P][DEQ]Q[VIL]([RK][^P]|[^P][RK])[YW]
ELMI003823	MOD_CK1_1	Q9BZL6	243	250	7	7-10 aa	false	S..([ST])...
ELMI000243	LIG_TYR_ITSM	Q9BZW8	266	274	8	7-10 aa	false	..T.(Y)..[IV]
ELMI000244	LIG_TYR_ITSM	Q9BZW8	312	320	8	7-10 aa	false	..T.(Y)..[IV]
ELMI000245	LIG_TYR_ITSM	Q9BZW8	337	345	8	7-10 aa	false	..T.(Y)..[IV]
ELMI002060	DOC_ANK_TNKS_1	Q9C0C2	1506	1514	8	7-10 aa	false	.R..[PGAV][DEIP]G.
ELMI002336	MOD_NMyristoyl	Q9C0E8	0	7	7	7-10 aa	false	^M{0,1}(G)[^EDRKHPFYW]..[STAGCN][^P]
ELMI003105	DOC_MAPK_NFAT4_5	Q9C0I3	573	582	9	7-10 aa	false	[RK][^P][^P][LIM].L.[LIVMF].
ELMI004000	LIG_NRP_CendR_1	Q9GZP0	366	370	4	3-6 aa	false	[RK].{0,2}R$
ELMI004586	LIG_VCP_SHPBox_1	Q9GZP9	229	238	9	7-10 aa	false	.((F.)|(W))G.G[^P].L.
ELMI001508	MOD_PKA_1	Q9GZU1	553	560	7	7-10 aa	false	[RK][RK].([ST])[^P]..
ELMI002408	MOD_LATS_1	Q9GZV5	60	67	7	7-10 aa	false	H.[KR]..([ST])[^P]
ELMI002409	MOD_LATS_1	Q9GZV5	83	90	7	7-10 aa	false	H.[KR]..([ST])[^P]
ELMI002991	LIG_14-3-3_CanoR_1	Q9GZV5	85	91	6	3-6 aa	false	R[^DE]{0,2}[^DEPG]([ST])(([FWYLMV].)|([^PRIKGN]P)|([^PRIKGN].{2,4}[VILMFWYP]))
ELMI002410	MOD_LATS_1	Q9GZV5	111	118	7	7-10 aa	false	H.[KR]..([ST])[^P]
ELMI003219	MOD_CDK_SPxxK_3	Q9GZV5	281	289	8	7-10 aa	false	...([ST])P..[RK]
ELMI002411	MOD_LATS_1	Q9GZV5	305	312	7	7-10 aa	false	H.[KR]..([ST])[^P]
ELMI003553	LIG_PDZ_Wminus1_1	Q9GZV5	397	400	3	3-6 aa	false	.W[ACGILV]$
ELMI001493	MOD_PKA_1	Q9GZX7	23	30	7	7-10 aa	false	[RK][RK].([ST])[^P]..
ELMI001494	MOD_PKA_1	Q9GZX7	34	41	7	7-10 aa	false	[RK][RK].([ST])[^P]..
ELMI003703	LIG_SH2_STAP1	Q9GZY6	135	140	5	3-6 aa	false	(Y)[DESTA][^GP][^GP][ILVFMWYA]
ELMI003054	LIG_UFM1_UFIM_1	Q9GZZ9	338	348	10	7-10 aa	false	[ND].WGI.[LIV][VMLI].{0,1}[ED]
ELMI004578	LIG_VCP_SHPBox_1	Q9H040	251	261	10	7-10 aa	false	.((F.)|(W))G.G[^P].L.
ELMI003909	LIG_PCNA_PIPBox_1	Q9H040	324	334	10	7-10 aa	false	[QM].[^FHWY][LIVM][^P][^PFWYMLIV](([FYHL][FYW])|([FYH][FYWL]))..
ELMI003493	LIG_REV1ctd_RIR_1	Q9H040	417	428	11	11-15 aa	false	..FF[^P]{0,2}[KR]{1,2}[^P]{0,4}
ELMI001604	LIG_PAM2_1	Q9H074	125	138	13	11-15 aa	false	..[LFP][NS][PIVTAFL].A..(([FY].[PYLF])|(W..)).
ELMI003606	LIG_CaM_IQ_9	Q9H095	396	413	17	16+ aa	false	[ACLIVTM][^P][^P][ILVMFCT]Q[^P][^P][^P][RK][^P]{4,5}[RKQ][^P][^P]
ELMI003037	LIG_14-3-3_CanoR_1	Q9H0B6	578	584	6	3-6 aa	false	R[^DE]{0,2}[^DEPG]([ST])(([FWYLMV].)|([^PRIKGN]P)|([^PRIKGN].{2,4}[VILMFWYP]))
ELMI003173	DOC_PP2A_B56_1	Q9H0H5	142	148	6	3-6 aa	false	([LMFYWIC]..I.E)|(L..[IVLWC].E).
ELMI003372	MOD_Plk_1	Q9H0H5	153	160	7	7-10 aa	false	.[DNE][^PG][ST](([FYILMVW]..)|([^PEDGKN][FWYLIVM]).)
ELMI003371	MOD_Plk_1	Q9H0H5	166	173	7	7-10 aa	false	.[DNE][^PG][ST](([FYILMVW]..)|([^PEDGKN][FWYLIVM]).)
ELMI002954	LIG_ANK_PxLPxL_1	Q9H0W5	499	509	10	7-10 aa	false	P.LP.[IL].{1,3}[VLF]
ELMI001532	LIG_HCF-1_HBM_1	Q9H0W7	122	126	4	3-6 aa	false	[DE]H.Y
ELMI002633	DOC_PP1_SILK_1	Q9H175	51	57	6	3-6 aa	false	.[GS]IL[KR][^DE]
ELMI001173	LIG_EH_1	Q9H1K0	624	629	5	3-6 aa	false	.NPF.
ELMI001174	LIG_EH_1	Q9H1K0	660	665	5	3-6 aa	false	.NPF.
ELMI001175	LIG_EH_1	Q9H1K0	675	680	5	3-6 aa	false	.NPF.
ELMI001176	LIG_EH_1	Q9H1K0	686	691	5	3-6 aa	false	.NPF.
ELMI001177	LIG_EH_1	Q9H1K0	707	712	5	3-6 aa	false	.NPF.
ELMI001178	LIG_EH_1	Q9H1K0	716	721	5	3-6 aa	false	.NPF.
ELMI003561	TRG_ER_FFAT_1	Q9H1P3	4	12	8	7-10 aa	false	[EDS].{0,4}[ED][FY][FYKREM][DE][AC].{1,2}[EDST]
ELMI001942	DEG_CRL4_CDT2_1	Q9H211	3	15	12	11-15 aa	false	[NQ]{0,1}..[ILMV][ST][DEN][FY][FY].{2,3}[KR]{2,3}[^DE]
ELMI001592	LIG_PDZ_Class_1	Q9H251	3348	3354	6	3-6 aa	false	...[ST].[ACVILF]$
ELMI004764	DOC_PP2B_PxIxIT_1	Q9H252	181	187	6	3-6 aa	false	P[^P][ILVF][^P][ILVF][TSHDEQNKR]
ELMI004761	DOC_PP2B_PxIxIT_1	Q9H2S1	63	69	6	3-6 aa	false	P[^P][ILVF][^P][ILVF][TSHDEQNKR]
ELMI000256	LIG_CtBP_PxDLS_1	Q9H2S9	424	429	5	3-6 aa	false	(P[LVIPME][DENS][LM][VASTRG])|(G[LVIPME][DENS][LM][VASTRG]((K)|(.[KR])))
ELMI001239	LIG_KEPE_3	Q9H2X6	30	40	10	7-10 aa	false	[VILMFT]K.EP....[DE]
ELMI002804	LIG_SUMO_SIM_anti_2	Q9H2X6	883	889	6	3-6 aa	false	[DEST]{1,10}.{0,1}[VIL][DESTVILMA][VIL][VILM].[DEST]{0,5}
ELMI002839	DEG_MDM2_SWIB_1	Q9H3D4	54	62	8	7-10 aa	false	F[^P]{3}W[^P]{2,3}[VIL]
ELMI002834	DEG_Kelch_KLHL3_1	Q9H4A3	627	637	10	7-10 aa	false	E.EE.E[AV]DQH
ELMI001487	DOC_SPAK_OSR1_1	Q9H4A3	1256	1261	5	3-6 aa	false	RF[^P][IV].
ELMI001489	DOC_SPAK_OSR1_1	Q9H4A3	1858	1863	5	3-6 aa	false	RF[^P][IV].
ELMI001488	DOC_SPAK_OSR1_1	Q9H4A3	1944	1949	5	3-6 aa	false	RF[^P][IV].
ELMI001490	DOC_SPAK_OSR1_1	Q9H4A3	1956	1961	5	3-6 aa	false	RF[^P][IV].
ELMI004860	DOC_PP2B_LxvP_1	Q9H4B6	291	295	4	3-6 aa	false	L.VP
ELMI003562	TRG_ER_FFAT_1	Q9H4L5	446	456	10	7-10 aa	false	[EDS].{0,4}[ED][FY][FYKREM][DE][AC].{1,2}[EDST]
ELMI004752	LIG_MSH2_SHIPbox_1	Q9H4L7	2	11	9	7-10 aa	false	[LIVMFWYTA].{2,3}[LI][^P]{2,3}[FY].[FYW]
ELMI002884	MOD_SUMO_rev_2	Q9H4L7	72	79	7	7-10 aa	false	[SDE].{0,5}[DE].(K).{0,1}[AIFLMPSTV]
ELMI004599	DEG_Kelch_KLHL12_1	Q9H4M7	175	181	6	3-6 aa	false	[PGA]PG[AG]PP
ELMI001536	LIG_HCF-1_HBM_1	Q9H5L6	122	126	4	3-6 aa	false	[DE]H.Y
ELMI002337	MOD_NMyristoyl	Q9H6Q3	0	7	7	7-10 aa	false	^M{0,1}(G)[^EDRKHPFYW]..[STAGCN][^P]
ELMI004801	LIG_SH3_PxxPPRxxK_8	Q9H706	531	541	10	7-10 aa	false	[PAVLI]P.[LVI]PP[RK][^P][^P][KR]
ELMI002745	DOC_PP1_MyPhoNE_1	Q9H788	31	39	8	7-10 aa	false	R[^P][DEQ]Q[VIL]([RK][^P]|[^P][RK])[YW]
ELMI003074	DOC_MAPK_JIP1_4	Q9H7D0	1762	1769	7	7-10 aa	false	[RK]P[^P][^P]L.[LIVMF]
ELMI004857	DOC_PP2B_LxvP_1	Q9H7P9	963	967	4	3-6 aa	false	L.VP
ELMI004669	LIG_MTR4_AIM_1	Q9H7Z3	162	169	7	7-10 aa	false	[FYW][^P][VILTM]D.(([^P][GPAS])|G)
ELMI004623	LIG_ARS2_EDGEI_1	Q9H814	8	15	7	7-10 aa	false	E[ED]G[EQ][ILVM].{0,2}[DE]
ELMI001229	LIG_TRFH_1	Q9H816	503	508	5	3-6 aa	false	[FY].L.P
ELMI004567	LIG_VCP_VIM_2	Q9H8Y5	654	666	12	11-15 aa	false	[RKQ][^P]{1,3}[AG][^P]AA[^P]{1,2}R[^P]
ELMI001329	LIG_PTAP_UEV_1	Q9H9H4	183	189	6	3-6 aa	false	.P[TS]AP.
ELMI002749	LIG_WD40_WDR5_VDV_1	Q9H9L4	409	413	4	3-6 aa	false	[ED].{0,3}[VIL]D[VI]
ELMI001934	CLV_C14_Caspase3-7	Q9HAW4	21	26	5	3-6 aa	false	[DSTE][^P][^DEWHFYC]D[GSAN]
ELMI001308	DEG_SCF_TRCP1_1	Q9HAW4	28	34	6	3-6 aa	false	D(S)G.{2,3}([ST])
ELMI004862	DOC_PP2B_LxvP_1	Q9HAW4	712	716	4	3-6 aa	false	L.VP
ELMI001105	DEG_SIAH_1	Q9HB71	58	67	9	7-10 aa	false	.P.A.V.P[^P]
ELMI000241	LIG_TYR_ITSM	Q9HBG7	598	606	8	7-10 aa	false	..T.(Y)..[IV]
ELMI000242	LIG_TYR_ITSM	Q9HBG7	621	629	8	7-10 aa	false	..T.(Y)..[IV]
ELMI003381	MOD_Plk_4	Q9HC77	591	598	7	7-10 aa	false	..[^IRFW]([ST])[ILMVFWY][ILMVFWY].
ELMI002027	DOC_WW_Pin1_4	Q9HC98	211	217	6	3-6 aa	false	...([ST])P.
ELMI002028	DOC_WW_Pin1_4	Q9HC98	241	247	6	3-6 aa	false	...([ST])P.
ELMI004867	DOC_PP2B_LxvP_1	Q9HCH0	588	592	4	3-6 aa	false	L.VP
ELMI002636	DOC_PP1_SILK_1	Q9HCH5	269	275	6	3-6 aa	false	.[GS]IL[KR][^DE]
ELMI002503	LIG_PAM2_2	Q9HCJ0	1384	1398	14	11-15 aa	false	((WPP)|([FL][PV][APQ]))EF.PG.PWKG.
ELMI001249	LIG_KEPE_2	Q9HCK8	607	616	9	7-10 aa	false	[VILMFT]K.EP.{2,3}[DE]
ELMI004112	LIG_WRC_WIRS_1	Q9HCL0	982	988	6	3-6 aa	false	[FYILMV].[TS]F(G|[^P]).
ELMI004517	LIG_TRAF4_MATH_1	Q9HCN6	296	301	5	3-6 aa	false	RL[^P].R
ELMI003856	MOD_CK2_1	Q9HCU9	26	33	7	7-10 aa	false	...([ST])..E
ELMI004432	DOC_MIT_MIM_1	Q9HD42	184	195	11	11-15 aa	false	((F[^P][^P])|([DE].{0,2}))L[^P][^P]R[FL][^P][^P]L[KR]{0,2}
ELMI001883	LIG_CaM_IQ_9	Q9HD67	765	785	20	16+ aa	false	[ACLIVTM][^P][^P][ILVMFCT]Q[^P][^P][^P][RK][^P]{4,5}[RKQ][^P][^P]
ELMI001884	LIG_CaM_IQ_9	Q9HD67	788	808	20	16+ aa	false	[ACLIVTM][^P][^P][ILVMFCT]Q[^P][^P][^P][RK][^P]{4,5}[RKQ][^P][^P]
ELMI003881	LIG_SH2_NCK_1	Q9NP31	277	284	7	7-10 aa	false	([^KR][^KR](Y)[DE][^GWFY][AI][SDENQTAGYFP])|([^KR][^KR](Y)[STNA][^GWFY][PV][SDENQTAGYFP])|(..Y[DE][^GWFY][PV][SDENQTAGYFP])
ELMI003248	MOD_CDK_SPxK_1	Q9NP87	368	375	7	7-10 aa	false	...([ST])P.[KR]
ELMI002982	LIG_14-3-3_CterR_2	Q9NPC2	370	374	4	3-6 aa	false	R[^DE]{0,2}[^DEPG]([ST])[^P]{0,1}$
ELMI003678	LIG_FZD_DVL_PDZ	Q9NPG1	496	507	11	11-15 aa	false	W.{0,1}[VIL].[ST].KA{0,1}T...W
ELMI004110	LIG_WRC_WIRS_1	Q9NPG4	1086	1092	6	3-6 aa	false	[FYILMV].[TS]F(G|[^P]).
ELMI004858	DOC_PP2B_LxvP_1	Q9NPH0	80	84	4	3-6 aa	false	L.VP
ELMI004061	LIG_LSD1_SNAG_1	Q9NQ03	0	10	10	7-10 aa	false	^M{0,1}PR.FLV[KR]K{0,1}.
ELMI000239	LIG_TYR_ITSM	Q9NQ25	279	287	8	7-10 aa	false	..T.(Y)..[IV]
ELMI000240	LIG_TYR_ITSM	Q9NQ25	299	307	8	7-10 aa	false	..T.(Y)..[IV]
ELMI001945	DEG_CRL4_CDT2_1	Q9NQR1	219	231	12	11-15 aa	false	[NQ]{0,1}..[ILMV][ST][DEN][FY][FY].{2,3}[KR]{2,3}[^DE]
ELMI002338	MOD_NMyristoyl	Q9NR22	0	7	7	7-10 aa	false	^M{0,1}(G)[^EDRKHPFYW]..[STAGCN][^P]
ELMI004297	TRG_DiLeu_BaLyEn_6	Q9NRA2	17	23	6	3-6 aa	true	[^E]..[RP]L[LI]
ELMI003819	MOD_CK1_1	Q9NRF8	570	577	7	7-10 aa	false	S..([ST])...
ELMI002045	DOC_ANK_TNKS_1	Q9NRI5	221	229	8	7-10 aa	false	.R..[PGAV][DEIP]G.
ELMI002339	MOD_NMyristoyl	Q9NRX5	0	7	7	7-10 aa	true	^M{0,1}(G)[^EDRKHPFYW]..[STAGCN][^P]
ELMI002653	LIG_EF_ALG2_ABM_1	Q9NRY6	16	25	9	7-10 aa	false	P[PG]{0,1}YP.{1,6}Y[QS]{0,1}P
ELMI002661	LIG_EF_ALG2_ABM_2	Q9NRY6	44	49	5	3-6 aa	false	P.P.{0,1}GF
ELMI001523	LIG_HCF-1_HBM_1	Q9NS37	302	306	4	3-6 aa	false	[DE]H.Y
ELMI003375	MOD_Plk_1	Q9NS56	715	722	7	7-10 aa	false	.[DNE][^PG][ST](([FYILMVW]..)|([^PEDGKN][FWYLIVM]).)
ELMI000878	MOD_SUMO_for_1	Q9NSC2	1084	1088	4	3-6 aa	false	[VILMAFP](K).E
ELMI003541	LIG_PDZ_Wminus1_1	Q9NTI7	294	297	3	3-6 aa	false	.W[ACGILV]$
ELMI001531	LIG_HCF-1_HBM_1	Q9NVV9	133	137	4	3-6 aa	false	[DE]H.Y
ELMI004902	LIG_SH2_SFK_2	Q9NWQ8	160	168	8	7-10 aa	false	[^KR][^KR](Y)([DEVYI][^KRH][ILVF]|[DEVYI][^KRH][AQPMCW]|[NQSTAFL][^KRH][ILVF])((.{0,3}[DE])|.|$)
ELMI004903	LIG_SH2_SFK_2	Q9NWQ8	178	186	8	7-10 aa	false	[^KR][^KR](Y)([DEVYI][^KRH][ILVF]|[DEVYI][^KRH][AQPMCW]|[NQSTAFL][^KRH][ILVF])((.{0,3}[DE])|.|$)
ELMI002051	DOC_ANK_TNKS_1	Q9NWV8	26	34	8	7-10 aa	false	.R..[PGAV][DEIP]G.
ELMI002052	DOC_ANK_TNKS_1	Q9NWV8	46	54	8	7-10 aa	false	.R..[PGAV][DEIP]G.
ELMI001524	LIG_HCF-1_HBM_1	Q9NWW0	75	79	4	3-6 aa	false	[DE]H.Y
ELMI004753	LIG_MSH2_SHIPbox_1	Q9NXL9	916	925	9	7-10 aa	true	[LIVMFWYTA].{2,3}[LI][^P]{2,3}[FY].[FYW]
ELMI004754	LIG_MSH2_SHIPbox_1	Q9NXL9	1054	1063	9	7-10 aa	true	[LIVMFWYTA].{2,3}[LI][^P]{2,3}[FY].[FYW]
ELMI001568	LIG_PTB_Apo_2	Q9NY15	2535	2543	8	7-10 aa	false	(.[^P].NP.[FY].)|(.[ILVMFY].N..[FY].)
ELMI001989	DOC_WW_Pin1_4	Q9NY61	142	148	6	3-6 aa	false	...([ST])P.
ELMI000504	TRG_LysEnd_GGAAcLL_2	Q9NZ52	387	395	8	7-10 aa	false	S[LW]LD[DE]EL[LM]
ELMI004742	DEG_Cend_DCAF12_1	Q9NZB2	1114	1118	4	3-6 aa	false	..EE$
ELMI002844	LIG_RPA_C_Vert	Q9NZC9	11	27	16	16+ aa	false	[KRS]I[^P][^P][NK][KR][^P][^P]A[^P][^P][RKL][RKL][^P][^P][RK]
ELMI004667	LIG_MTR4_AIM_1	Q9NZM5	86	93	7	7-10 aa	false	[FYW][^P][VILTM]D.(([^P][GPAS])|G)
ELMI003017	LIG_14-3-3_CanoR_1	Q9P0K1	830	836	6	3-6 aa	false	R[^DE]{0,2}[^DEPG]([ST])(([FWYLMV].)|([^PRIKGN]P)|([^PRIKGN].{2,4}[VILMFWYP]))
ELMI002070	TRG_ER_diArg_1	Q9P0K1	850	854	4	3-6 aa	false	([LIVMFYWPR]R[^YFWDE]{0,1}R)|(R[^YFWDE]{0,1}R[LIVMFYWPR])
ELMI003016	LIG_14-3-3_CanoR_1	Q9P0K1	853	863	10	7-10 aa	false	R[^DE]{0,2}[^DEPG]([ST])(([FWYLMV].)|([^PRIKGN]P)|([^PRIKGN].{2,4}[VILMFWYP]))
ELMI002436	LIG_PDZ_Class_1	Q9P0K1	900	906	6	3-6 aa	false	...[ST].[ACVILF]$
ELMI002340	MOD_NMyristoyl	Q9P203	0	7	7	7-10 aa	false	^M{0,1}(G)[^EDRKHPFYW]..[STAGCN][^P]
ELMI001947	LIG_CAP-Gly_2	Q9P270	574	581	7	7-10 aa	false	.W[RK][DE]GCY$
ELMI004109	LIG_WRC_WIRS_1	Q9P2E7	954	960	6	3-6 aa	false	[FYILMV].[TS]F(G|[^P]).
ELMI004102	LIG_WRC_WIRS_1	Q9P2E7	999	1005	6	3-6 aa	false	[FYILMV].[TS]F(G|[^P]).
ELMI002341	MOD_NMyristoyl	Q9P2G1	0	7	7	7-10 aa	false	^M{0,1}(G)[^EDRKHPFYW]..[STAGCN][^P]
ELMI004622	LIG_ARS2_EDGEI_1	Q9P2I0	648	656	8	7-10 aa	false	E[ED]G[EQ][ILVM].{0,2}[DE]
ELMI003705	LIG_SH2_STAP1	Q9UBC2	563	568	5	3-6 aa	false	(Y)[DESTA][^GP][^GP][ILVFMWYA]
ELMI000887	LIG_AP2alpha_2	Q9UBC2	598	601	3	3-6 aa	false	DP[FW]
ELMI000888	LIG_AP2alpha_2	Q9UBC2	617	620	3	3-6 aa	false	DP[FW]
ELMI000889	LIG_AP2alpha_2	Q9UBC2	623	626	3	3-6 aa	false	DP[FW]
ELMI000890	LIG_AP2alpha_2	Q9UBC2	628	631	3	3-6 aa	false	DP[FW]
ELMI000891	LIG_AP2alpha_2	Q9UBC2	639	642	3	3-6 aa	false	DP[FW]
ELMI000892	LIG_AP2alpha_2	Q9UBC2	644	647	3	3-6 aa	false	DP[FW]
ELMI000893	LIG_AP2alpha_2	Q9UBC2	655	658	3	3-6 aa	false	DP[FW]
ELMI000894	LIG_AP2alpha_2	Q9UBC2	660	663	3	3-6 aa	false	DP[FW]
ELMI000895	LIG_AP2alpha_2	Q9UBC2	666	669	3	3-6 aa	false	DP[FW]
ELMI000896	LIG_AP2alpha_2	Q9UBC2	684	687	3	3-6 aa	false	DP[FW]
ELMI000897	LIG_AP2alpha_2	Q9UBC2	689	692	3	3-6 aa	false	DP[FW]
ELMI000898	LIG_AP2alpha_2	Q9UBC2	702	705	3	3-6 aa	false	DP[FW]
ELMI000899	LIG_AP2alpha_2	Q9UBC2	708	711	3	3-6 aa	false	DP[FW]
ELMI000900	LIG_AP2alpha_2	Q9UBC2	721	724	3	3-6 aa	false	DP[FW]
ELMI000901	LIG_AP2alpha_2	Q9UBC2	727	730	3	3-6 aa	false	DP[FW]
ELMI000902	LIG_AP2alpha_2	Q9UBC2	767	770	3	3-6 aa	false	DP[FW]
ELMI000903	LIG_AP2alpha_2	Q9UBC2	811	814	3	3-6 aa	false	DP[FW]
ELMI000904	LIG_AP2alpha_2	Q9UBC2	822	825	3	3-6 aa	false	DP[FW]
ELMI000905	LIG_AP2alpha_2	Q9UBC2	832	835	3	3-6 aa	false	DP[FW]
ELMI000906	LIG_AP2alpha_2	Q9UBC2	838	841	3	3-6 aa	false	DP[FW]
ELMI000787	LIG_NRBOX	Q9UBK2	142	149	7	7-10 aa	false	[^P]L[^P][^P]LL[^P]
ELMI003075	DOC_MAPK_JIP1_4	Q9UBK2	253	260	7	7-10 aa	false	[RK]P[^P][^P]L.[LIVMF]
ELMI001349	TRG_NLS_MonoExtN_4	Q9UBP0	6	13	7	7-10 aa	false	(([PKR].{0,1}[^DE])|([PKR]))((K[RK])|(RK))(([^DE][KR])|([KR][^DE]))[^DE]
ELMI000733	LIG_WRPW_1	Q9UBP5	326	337	11	11-15 aa	true	[WFY]RP[WFY].{0,7}$
ELMI001215	DOC_WD40_RPTOR_TOS_1	Q9UBS0	4	10	6	3-6 aa	false	F[EDQS][MILV][ED][MILV]((.{0,1}[ED])|($))
ELMI002074	TRG_ER_diArg_1	Q9UBS5	922	926	4	3-6 aa	true	([LIVMFYWPR]R[^YFWDE]{0,1}R)|(R[^YFWDE]{0,1}R[LIVMFYWPR])
ELMI002793	LIG_SUMO_SIM_par_1	Q9UBT2	585	598	13	11-15 aa	false	[DEST]{0,5}.[VILPTM][VIL][DESTVILMA][VIL].{0,1}[DEST]{1,10}
ELMI002806	LIG_SUMO_SIM_anti_2	Q9UBT2	585	596	11	11-15 aa	false	[DEST]{1,10}.{0,1}[VIL][DESTVILMA][VIL][VILM].[DEST]{0,5}
ELMI003487	LIG_REV1ctd_RIR_1	Q9UBT6	564	576	12	11-15 aa	false	..FF[^P]{0,2}[KR]{1,2}[^P]{0,4}
ELMI003957	LIG_PCNA_TLS_4	Q9UBT6	861	869	8	7-10 aa	false	[KR]..[ILM](([DE][^P][FY][FLI])|([G][^P][FY][FLI].{0,1}[KR]))
ELMI004525	LIG_LEDGF_IBM_1	Q9UBU7	617	634	17	16+ aa	false	[LFVIM].{2,3}[LIVCYFM][FW].{3,35}[EDST].{0,1}[EDST].{0,1}F[^G]GF
ELMI004526	LIG_LEDGF_IBM_1	Q9UBU7	645	674	29	16+ aa	false	[LFVIM].{2,3}[LIVCYFM][FW].{3,35}[EDST].{0,1}[EDST].{0,1}F[^G]GF
ELMI004597	DEG_Kelch_KLHL12_1	Q9UBV8	16	22	6	3-6 aa	false	[PGA]PG[AG]PP
ELMI003914	LIG_PCNA_PIPBox_1	Q9UBZ4	389	399	10	7-10 aa	false	[QM].[^FHWY][LIVM][^P][^PFWYMLIV](([FYHL][FYW])|([FYH][FYWL]))..
ELMI001078	DOC_PP1_RVXF_1	Q9UD71	4	12	8	7-10 aa	false	..[RK].{0,1}[VIL][^P][FW].
ELMI003710	LIG_SH2_STAP1	Q9UDY8	469	474	5	3-6 aa	false	(Y)[DESTA][^GP][^GP][ILVFMWYA]
ELMI004509	LIG_TRAF6_MATH_1	Q9UDY8	801	810	9	7-10 aa	false	..P[^P]E[^P].[FYWHDE].
ELMI002008	DOC_WW_Pin1_4	Q9UER7	174	180	6	3-6 aa	true	...([ST])P.
ELMI002874	DEG_SPOP_SBC_1	Q9UER7	607	612	5	3-6 aa	true	[AVP].[ST][ST][ST]
ELMI002875	DEG_SPOP_SBC_1	Q9UER7	679	684	5	3-6 aa	true	[AVP].[ST][ST][ST]
ELMI002794	LIG_SUMO_SIM_par_1	Q9UER7	731	740	9	7-10 aa	true	[DEST]{0,5}.[VILPTM][VIL][DESTVILMA][VIL].{0,1}[DEST]{1,10}
ELMI002802	LIG_SUMO_SIM_anti_2	Q9UER7	731	740	9	7-10 aa	true	[DEST]{1,10}.{0,1}[VIL][DESTVILMA][VIL][VILM].[DEST]{0,5}
ELMI004251	TRG_DiLeu_BaEn_1	Q9UGH3	51	57	6	3-6 aa	false	E..[^P]L[LIVM]
ELMI003297	DOC_MAPK_MEF2A_6	Q9UGJ0	29	37	8	7-10 aa	false	[RK].{2,4}[LIVMP].[LIV].[LIVMF]
ELMI004346	MOD_CDC14_SPxK_1	Q9UHB6	373	377	4	3-6 aa	false	(S)P.[KR]
ELMI001103	DEG_SIAH_1	Q9UHB7	251	260	9	7-10 aa	false	.P.A.V.P[^P]
ELMI004421	LIG_SH3_CIN85_PxpxPR_1	Q9UHD8	142	148	6	3-6 aa	false	P.[AP].PR
ELMI000257	LIG_CtBP_PxDLS_1	Q9UHF7	1162	1167	5	3-6 aa	false	(P[LVIPME][DENS][LM][VASTRG])|(G[LVIPME][DENS][LM][VASTRG]((K)|(.[KR])))
ELMI000008	TRG_PTS1	Q9UHK6	378	382	4	3-6 aa	false	(.[SAPTC][KRH][LMFI]$)|([KRH][SAPTC][NTS][LMFI]$)
ELMI002795	LIG_SUMO_SIM_par_1	Q9UHP3	89	95	6	3-6 aa	false	[DEST]{0,5}.[VILPTM][VIL][DESTVILMA][VIL].{0,1}[DEST]{1,10}
ELMI000237	LIG_TYR_ITSM	Q9UIB8	274	282	8	7-10 aa	false	..T.(Y)..[IV]
ELMI000238	LIG_TYR_ITSM	Q9UIB8	311	319	8	7-10 aa	false	..T.(Y)..[IV]
ELMI003916	LIG_PCNA_PIPBox_1	Q9UIF7	522	532	10	7-10 aa	false	[QM].[^FHWY][LIVM][^P][^PFWYMLIV](([FYHL][FYW])|([FYH][FYWL]))..
ELMI001455	MOD_ProDKin_1	Q9UIG0	154	161	7	7-10 aa	false	...([ST])P..
ELMI002055	DOC_ANK_TNKS_1	Q9UIQ6	94	102	8	7-10 aa	false	.R..[PGAV][DEIP]G.
ELMI002796	LIG_SUMO_SIM_par_1	Q9UJ78	114	124	10	7-10 aa	false	[DEST]{0,5}.[VILPTM][VIL][DESTVILMA][VIL].{0,1}[DEST]{1,10}
ELMI001425	MOD_PKA_2	Q9UJY1	53	60	7	7-10 aa	false	.R.([ST])[^P]..
ELMI000457	LIG_Clathr_ClatBox_1	Q9UJY4	348	353	5	3-6 aa	false	L[IVLMF].[IVLMF][DE]
ELMI000503	TRG_LysEnd_GGAAcLL_2	Q9UJY5	354	362	8	7-10 aa	false	S[LW]LD[DE]EL[LM]
ELMI002063	LIG_OCRL_FandH_1	Q9UKG1	402	415	13	11-15 aa	false	.F[^P][^P][KRIL]H[^P][^P][YLMFH][^P]...
ELMI004612	LIG_ARS2_EDGEI_1	Q9UKL3	933	941	8	7-10 aa	true	E[ED]G[EQ][ILVM].{0,2}[DE]
ELMI003500	LIG_IBAR_NPY_1	Q9UKN7	422	425	3	3-6 aa	false	NPY
ELMI001311	DEG_SCF_TRCP1_1	Q9UKT4	143	149	6	3-6 aa	true	D(S)G.{2,3}([ST])
ELMI004594	DEG_APCC_DBOX_1	Q9UKT4	320	329	9	7-10 aa	true	.R..L..[LIVM].
ELMI002950	LIG_ANK_PxLPxL_1	Q9UKV0	324	334	10	7-10 aa	false	P.LP.[IL].{1,3}[VLF]
ELMI004569	LIG_VCP_VIM_2	Q9UKV5	625	637	12	11-15 aa	false	[RKQ][^P]{1,3}[AG][^P]AA[^P]{1,2}R[^P]
ELMI002797	LIG_SUMO_SIM_par_1	Q9UKY1	535	549	14	11-15 aa	false	[DEST]{0,5}.[VILPTM][VIL][DESTVILMA][VIL].{0,1}[DEST]{1,10}
ELMI002342	MOD_NMyristoyl	Q9ULE6	0	7	7	7-10 aa	false	^M{0,1}(G)[^EDRKHPFYW]..[STAGCN][^P]
ELMI003298	DOC_MAPK_MEF2A_6	Q9ULG1	1319	1329	10	7-10 aa	false	[RK].{2,4}[LIVMP].[LIV].[LIVMF]
ELMI004422	LIG_SH3_CIN85_PxpxPR_1	Q9ULH1	1054	1060	6	3-6 aa	false	P.[AP].PR
ELMI004287	TRG_DiLeu_BaLyEn_6	Q9ULH4	693	699	6	3-6 aa	true	[^E]..[RP]L[LI]
ELMI001667	LIG_Actin_RPEL_3	Q9ULH7	41	61	20	16+ aa	false	[IL]..[^P][^P][^P][^P]R.....[IL]..[^P][^P][ILV][ILM]
ELMI001668	LIG_Actin_RPEL_3	Q9ULH7	85	105	20	16+ aa	false	[IL]..[^P][^P][^P][^P]R.....[IL]..[^P][^P][ILV][ILM]
ELMI001669	LIG_Actin_RPEL_3	Q9ULH7	129	149	20	16+ aa	false	[IL]..[^P][^P][^P][^P]R.....[IL]..[^P][^P][ILV][ILM]
ELMI001603	LIG_PAM2_1	Q9ULR5	107	120	13	11-15 aa	false	..[LFP][NS][PIVTAFL].A..(([FY].[PYLF])|(W..)).
ELMI003677	LIG_FZD_DVL_PDZ	Q9ULV1	493	504	11	11-15 aa	false	W.{0,1}[VIL].[ST].KA{0,1}T...W
ELMI003848	MOD_CK2_1	Q9ULV4	459	466	7	7-10 aa	false	...([ST])..E
ELMI003106	DOC_MAPK_NFAT4_5	Q9ULV5	205	214	9	7-10 aa	false	[RK][^P][^P][LIM].L.[LIVMF].
ELMI002493	DEG_APCC_TPR_1	Q9UM11	493	496	3	3-6 aa	false	.[ILM]R$
ELMI002494	DEG_APCC_TPR_1	Q9UM13	182	185	3	3-6 aa	false	.[ILM]R$
ELMI002959	LIG_CSL_BTD_1	Q9UM47	1673	1677	4	3-6 aa	false	[AFILMPTVW]W[FHILMPSTVW]P
ELMI004825	DOC_PUB_PIM_1	Q9UM82	334	339	5	3-6 aa	false	.D[LM]Y.
ELMI004521	LIG_Menin_MBM1_1	Q9UMN6	13	24	11	11-15 aa	false	...[RK][^DE]{0,2}FP[GA][^DE]P
ELMI004529	LIG_LEDGF_IBM_1	Q9UMN6	79	126	47	16+ aa	false	[LFVIM].{2,3}[LIVCYFM][FW].{3,35}[EDST].{0,1}[EDST].{0,1}F[^G]GF
ELMI002648	LIG_WD40_WDR5_WIN_1	Q9UMN6	2508	2515	7	7-10 aa	false	[SCA]AR[STCA][EQR][PGILVM][HYFQNKRLVI]
ELMI004769	DOC_PP2B_PxIxIT_1	Q9UMQ6	418	424	6	3-6 aa	true	P[^P][ILVF][^P][ILVF][TSHDEQNKR]
ELMI000483	LIG_AP_GAE_1	Q9UMZ2	772	779	7	7-10 aa	false	[DE][DES][DEGAS]F[SGAD][DEAP][LVIMFD]
ELMI004114	LIG_WRC_WIRS_1	Q9UN73	912	918	6	3-6 aa	false	[FYILMV].[TS]F(G|[^P]).
ELMI003958	LIG_PCNA_TLS_4	Q9UNA4	445	453	8	7-10 aa	false	[KR]..[ILM](([DE][^P][FY][FLI])|([G][^P][FY][FLI].{0,1}[KR]))
ELMI003491	LIG_REV1ctd_RIR_1	Q9UNA4	568	579	11	11-15 aa	false	..FF[^P]{0,2}[KR]{1,2}[^P]{0,4}
ELMI003576	TRG_ER_FFAT_1	Q9UNN5	293	301	8	7-10 aa	false	[EDS].{0,4}[ED][FY][FYKREM][DE][AC].{1,2}[EDST]
ELMI004588	LIG_VCP_SHPBox_1	Q9UNZ2	251	261	10	7-10 aa	false	.((F.)|(W))G.G[^P].L.
ELMI003672	LIG_FZD_DVL_PDZ	Q9UP38	619	630	11	11-15 aa	false	W.{0,1}[VIL].[ST].KA{0,1}T...W
ELMI002505	LIG_PAM2_2	Q9UPQ9	1475	1489	14	11-15 aa	false	((WPP)|([FL][PV][APQ]))EF.PG.PWKG.
ELMI002650	LIG_WD40_WDR5_WIN_1	Q9UPS6	1745	1752	7	7-10 aa	false	[SCA]AR[STCA][EQR][PGILVM][HYFQNKRLVI]
ELMI003076	DOC_MAPK_JIP1_4	Q9UPT6	203	210	7	7-10 aa	false	[RK]P[^P][^P]L.[LIVMF]
ELMI004615	LIG_ARS2_EDGEI_1	Q9UPT8	54	61	7	7-10 aa	false	E[ED]G[EQ][ILVM].{0,2}[DE]
ELMI004616	LIG_ARS2_EDGEI_1	Q9UPT8	59	67	8	7-10 aa	false	E[ED]G[EQ][ILVM].{0,2}[DE]
ELMI000908	MOD_SUMO_for_1	Q9UPW6	231	235	4	3-6 aa	false	[VILMAFP](K).E
ELMI000909	MOD_SUMO_for_1	Q9UPW6	348	352	4	3-6 aa	false	[VILMAFP](K).E
ELMI003502	LIG_IBAR_NPY_1	Q9UPX8	607	610	3	3-6 aa	false	NPY
ELMI004643	MOD_PIKK_1	Q9UQ35	1229	1236	7	7-10 aa	false	...([ST])Q..
ELMI000788	LIG_NRBOX	Q9UQ80	352	359	7	7-10 aa	false	[^P]L[^P][^P]LL[^P]
ELMI003613	LIG_MLH1_MIPbox_1	Q9UQ84	502	507	5	3-6 aa	false	.S.[FY][F]
ELMI004755	LIG_MSH2_SHIPbox_1	Q9UQ84	601	611	10	7-10 aa	false	[LIVMFWYTA].{2,3}[LI][^P]{2,3}[FY].[FYW]
ELMI003915	LIG_PCNA_PIPBox_1	Q9UQ84	787	797	10	7-10 aa	false	[QM].[^FHWY][LIVM][^P][^PFWYMLIV](([FYHL][FYW])|([FYH][FYWL]))..
ELMI004756	LIG_MSH2_SHIPbox_1	Q9UQ84	790	800	10	7-10 aa	false	[LIVMFWYTA].{2,3}[LI][^P]{2,3}[FY].[FYW]
ELMI003529	LIG_PDZ_Wminus1_1	Q9UQB3	1222	1225	3	3-6 aa	false	.W[ACGILV]$
ELMI003027	LIG_14-3-3_CanoR_1	Q9UQC2	206	212	6	3-6 aa	false	R[^DE]{0,2}[^DEPG]([ST])(([FWYLMV].)|([^PRIKGN]P)|([^PRIKGN].{2,4}[VILMFWYP]))
ELMI004792	LIG_SH3_PxRPPK_7	Q9UQC2	350	358	8	7-10 aa	false	[PAVL]P[PEQA][RL]PPK[^DE]
ELMI003015	LIG_14-3-3_CanoR_1	Q9UQC2	388	393	5	3-6 aa	false	R[^DE]{0,2}[^DEPG]([ST])(([FWYLMV].)|([^PRIKGN]P)|([^PRIKGN].{2,4}[VILMFWYP]))
ELMI004783	LIG_SH3_PxxxRxxKP_6	Q9UQC2	510	519	9	7-10 aa	false	P.[VIF][DNH]R[^P][^P]KP
ELMI001935	CLV_C14_Caspase3-7	Q9UQF2	94	99	5	3-6 aa	false	[DSTE][^P][^DEWHFYC]D[GSAN]
ELMI003088	DOC_MAPK_JIP1_4	Q9UQF2	159	166	7	7-10 aa	false	[RK]P[^P][^P]L.[LIVMF]
ELMI004482	LIG_LIR_Gen_1	Q9UQF2	333	342	9	7-10 aa	false	[EDST].{0,2}[WFY][^RKPGWFY][^PG][ILVFM]((.{0,4}[PLAFIVMY])|($)|(.{0,3}[ED]))
ELMI001936	CLV_C14_Caspase3-7	Q9UQF2	404	409	5	3-6 aa	false	[DSTE][^P][^DEWHFYC]D[GSAN]
ELMI004048	LIG_KLC1_Yacidic_2	Q9UQF2	706	711	5	3-6 aa	false	[ED].{0,1}[IYVLMTF]Y[LIV][DE]
ELMI000212	LIG_CtBP_PxDLS_1	Q9UQL6	55	60	5	3-6 aa	false	(P[LVIPME][DENS][LM][VASTRG])|(G[LVIPME][DENS][LM][VASTRG]((K)|(.[KR])))
ELMI003002	LIG_14-3-3_CanoR_1	Q9UQL6	254	261	7	7-10 aa	false	R[^DE]{0,2}[^DEPG]([ST])(([FWYLMV].)|([^PRIKGN]P)|([^PRIKGN].{2,4}[VILMFWYP]))
ELMI002948	LIG_ANK_PxLPxL_1	Q9UQL6	366	376	10	7-10 aa	false	P.LP.[IL].{1,3}[VLF]
ELMI003489	LIG_REV1ctd_RIR_1	Q9Y253	480	490	10	7-10 aa	true	..FF[^P]{0,2}[KR]{1,2}[^P]{0,4}
ELMI003490	LIG_REV1ctd_RIR_1	Q9Y253	528	539	11	11-15 aa	true	..FF[^P]{0,2}[KR]{1,2}[^P]{0,4}
ELMI003917	LIG_PCNA_PIPBox_1	Q9Y253	700	710	10	7-10 aa	true	[QM].[^FHWY][LIVM][^P][^PFWYMLIV](([FYHL][FYW])|([FYH][FYWL]))..
ELMI003077	DOC_MAPK_JIP1_4	Q9Y2H2	1009	1016	7	7-10 aa	false	[RK]P[^P][^P]L.[LIVMF]
ELMI003217	MOD_CDK_SPxxK_3	Q9Y2I6	585	593	8	7-10 aa	false	...([ST])P..[RK]
ELMI001222	DEG_ODPH_VHL_1	Q9Y2N7	489	502	13	11-15 aa	false	[IL]A(P).{6,8}[FLIVM].[FLIVM]
ELMI004264	TRG_DiLeu_BaEn_1	Q9Y2Q0	1104	1110	6	3-6 aa	false	E..[^P]L[LIVM]
ELMI002866	MOD_SUMO_rev_2	Q9Y2W1	446	453	7	7-10 aa	false	[SDE].{0,5}[DE].(K).{0,1}[AIFLMPSTV]
ELMI004620	LIG_ARS2_EDGEI_1	Q9Y2W1	929	937	8	7-10 aa	false	E[ED]G[EQ][ILVM].{0,2}[DE]
ELMI002632	DOC_PP1_SILK_1	Q9Y2W2	163	169	6	3-6 aa	false	.[GS]IL[KR][^DE]
ELMI002885	MOD_SUMO_rev_2	Q9Y2X9	789	797	8	7-10 aa	false	[SDE].{0,5}[DE].(K).{0,1}[AIFLMPSTV]
ELMI000640	LIG_Sin3_2	Q9Y2Y9	8	18	10	7-10 aa	false	[FHYM].A[AV].[VAC]L[MV].[MI]
ELMI003033	LIG_14-3-3_CanoR_1	Q9Y3M2	15	22	7	7-10 aa	false	R[^DE]{0,2}[^DEPG]([ST])(([FWYLMV].)|([^PRIKGN]P)|([^PRIKGN].{2,4}[VILMFWYP]))
ELMI002835	DEG_Kelch_KLHL3_1	Q9Y3S1	587	597	10	7-10 aa	false	E.EE.E[AV]DQH
ELMI004760	DOC_PP2B_PxIxIT_1	Q9Y3S1	1902	1908	6	3-6 aa	false	P[^P][ILVF][^P][ILVF][TSHDEQNKR]
ELMI000936	LIG_EH1_1	Q9Y458	8	17	9	7-10 aa	false	.[FYH].[IVM][^WFYP][^WFYP][ILM][ILMV].
ELMI000140	MOD_TYR_DYR	Q9Y463	266	277	11	11-15 aa	false	..[RKTC][IVL]Y[TQHS](Y)[IL]QSR
ELMI003325	LIG_Vh1_VBS_1	Q9Y490	607	626	19	16+ aa	false	[VMILF][MILVFYHPA][^P][TASKHCV][AVSC][^P][^P][ILVMT][^P][^P][^P][LMTVI][^P][^P][LMVCT][ILVMCA][^P][^P][AIVLMTC]
ELMI003648	MOD_DYRK1A_RPxSP_1	Q9Y4B4	1165	1170	5	3-6 aa	false	R[PSVA].([ST])P
ELMI002288	LIG_PDZ_Class_2	Q9Y4C0	1637	1643	6	3-6 aa	false	...[VLIFY].[ACVILF]$
ELMI004164	LIG_ActinCP_CPI_1	Q9Y4E1	1002	1020	18	16+ aa	false	L.(([H].[TQVG])|([SC].N)|(D.R))..R[PAVT][KRHM][^DEN].{1,5}((R.)|(.[RK]))..[PAS][^P]
ELMI002813	LIG_SUMO_SIM_anti_2	Q9Y4E5	43	55	12	11-15 aa	true	[DEST]{1,10}.{0,1}[VIL][DESTVILMA][VIL][VILM].[DEST]{0,5}
ELMI004450	LIG_LIR_Gen_1	Q9Y4G2	633	641	8	7-10 aa	false	[EDST].{0,2}[WFY][^RKPGWFY][^PG][ILVFM]((.{0,4}[PLAFIVMY])|($)|(.{0,3}[ED]))
ELMI003169	DOC_PP2A_B56_1	Q9Y4K1	731	737	6	3-6 aa	true	([LMFYWIC]..I.E)|(L..[IVLWC].E).
ELMI004489	LIG_LIR_Gen_1	Q9Y4P1	9	20	11	11-15 aa	false	[EDST].{0,2}[WFY][^RKPGWFY][^PG][ILVFM]((.{0,4}[PLAFIVMY])|($)|(.{0,3}[ED]))
ELMI002867	MOD_SUMO_rev_2	Q9Y4W2	227	236	9	7-10 aa	false	[SDE].{0,5}[DE].(K).{0,1}[AIFLMPSTV]
ELMI000658	LIG_WRPW_1	Q9Y543	169	173	4	3-6 aa	false	[WFY]RP[WFY].{0,7}$
ELMI003087	DOC_MAPK_JIP1_4	Q9Y566	2015	2022	7	7-10 aa	false	[RK]P[^P][^P]L.[LIVMF]
ELMI003934	DOC_PP4_FxxP_1	Q9Y5F6	788	792	4	3-6 aa	false	F..P
ELMI000666	LIG_WRPW_1	Q9Y5J3	293	304	11	11-15 aa	false	[WFY]RP[WFY].{0,7}$
ELMI004171	LIG_ActinCP_CPI_1	Q9Y5K6	485	503	18	16+ aa	true	L.(([H].[TQVG])|([SC].N)|(D.R))..R[PAVT][KRHM][^DEN].{1,5}((R.)|(.[RK]))..[PAS][^P]
ELMI002081	TRG_ER_diArg_1	Q9Y5M8	6	9	3	3-6 aa	false	([LIVMFYWPR]R[^YFWDE]{0,1}R)|(R[^YFWDE]{0,1}R[LIVMFYWPR])
ELMI003554	TRG_ER_FFAT_1	Q9Y5P4	318	327	9	7-10 aa	false	[EDS].{0,4}[ED][FY][FYKREM][DE][AC].{1,2}[EDST]
ELMI001240	LIG_KEPE_3	Q9Y5Q3	30	40	10	7-10 aa	false	[VILMFT]K.EP....[DE]
ELMI000938	LIG_EH1_1	Q9Y5R5	541	550	9	7-10 aa	false	.[FYH].[IVM][^WFYP][^WFYP][ILM][ILMV].
ELMI003546	LIG_PDZ_Wminus1_1	Q9Y5U5	238	241	3	3-6 aa	false	.W[ACGILV]$
ELMI001244	LIG_KEPE_2	Q9Y5W3	120	129	9	7-10 aa	false	[VILMFT]K.EP.{2,3}[DE]
ELMI004277	TRG_DiLeu_BaEn_3	Q9Y5Y6	32	39	7	7-10 aa	false	EE...[FIM][LIVM]
ELMI004544	LIG_Arc_Nlobe_1	Q9Y698	225	230	5	3-6 aa	false	[^P][P]G{0,1}[^P][YFH][^P]
ELMI003134	LIG_RB_LxCxE_1	Q9Y6B2	174	187	13	11-15 aa	false	([DEST]|^).{0,4}[LI].C.E.{1,4}[FLMIVAWPHY].{0,8}([DEST]|$)
ELMI000287	LIG_MAD2	Q9Y6D9	540	549	9	7-10 aa	false	[KR][IV][LV].....P
ELMI001955	DOC_WW_Pin1_4	Q9Y6H5	207	213	6	3-6 aa	false	...([ST])P.
ELMI001956	DOC_WW_Pin1_4	Q9Y6H5	211	217	6	3-6 aa	false	...([ST])P.
ELMI001209	TRG_AP2beta_CARGO_1	Q9Y6I3	401	411	10	7-10 aa	false	[DE].{1,2}F[^P][^P][FL][^P][^P][^P]R
ELMI001142	LIG_EH_1	Q9Y6I3	500	505	5	3-6 aa	false	.NPF.
ELMI001143	LIG_EH_1	Q9Y6I3	516	521	5	3-6 aa	false	.NPF.
ELMI001144	LIG_EH_1	Q9Y6I3	570	575	5	3-6 aa	false	.NPF.
ELMI004478	LIG_LIR_Gen_1	Q9Y6I9	270	278	8	7-10 aa	false	[EDST].{0,2}[WFY][^RKPGWFY][^PG][ILVFM]((.{0,4}[PLAFIVMY])|($)|(.{0,3}[ED]))
ELMI004105	LIG_WRC_WIRS_1	Q9Y6N7	1049	1055	6	3-6 aa	false	[FYILMV].[TS]F(G|[^P]).
ELMI001699	LIG_EVH1_1	Q9Y6N7	1185	1190	5	3-6 aa	false	([FYWL]P.PP)|([FYWL]PP[ALIVTFY]P)
ELMI000024	LIG_TRAF6_MATH_1	Q9Y6Q6	341	350	9	7-10 aa	false	..P[^P]E[^P].[FYWHDE].
ELMI000025	LIG_TRAF6_MATH_1	Q9Y6Q6	374	383	9	7-10 aa	false	..P[^P]E[^P].[FYWHDE].
ELMI000026	LIG_TRAF6_MATH_1	Q9Y6Q6	450	459	9	7-10 aa	false	..P[^P]E[^P].[FYWHDE].
ELMI004705	LIG_TRAF2like_MATH_shPxQ_1	Q9Y6Q6	606	610	4	3-6 aa	false	P[LIVTFYHQE]Q[DET]
ELMI003827	MOD_CK1_1	Q9Y6Q9	597	604	7	7-10 aa	false	S..([ST])...
ELMI003218	MOD_CDK_SPxxK_3	Q9Y6Q9	863	871	8	7-10 aa	false	...([ST])P..[RK]
ELMI002842	DEG_MDM2_SWIB_1	Q9Y6R0	576	584	8	7-10 aa	false	F[^P]{3}W[^P]{2,3}[VIL]
ELMI001135	LIG_EH_1	Q9Y6R0	593	598	5	3-6 aa	false	.NPF.
ELMI004273	TRG_DiLeu_BaEn_2	Q9Y6R1	1051	1058	7	7-10 aa	false	[^E]E...F[LIVM]
ELMI001661	LIG_Actin_WH2_1	Q9Y6W5	436	453	17	16+ aa	false	R..[ILVMF][ILMVF][^P][^P][ILVM].{4,7}L(([KR].)|(NK))[VATI]
ELMI003078	DOC_MAPK_JIP1_4	Q9Y6W6	18	25	7	7-10 aa	false	[RK]P[^P][^P]L.[LIVMF]
ELMI002800	LIG_SUMO_SIM_par_1	Q9Y6X2	445	451	6	3-6 aa	false	[DEST]{0,5}.[VILPTM][VIL][DESTVILMA][VIL].{0,1}[DEST]{1,10}
ELMI002740	DOC_PP1_MyPhoNE_1	Q9Y6X6	23	31	8	7-10 aa	false	R[^P][DEQ]Q[VIL]([RK][^P]|[^P][RK])[YW]
