elm_instance	accession	species	ortholog	proj_start	proj_end
ELMI004846	O00763	arabidopsis	Q38970	171	175
ELMI003143	O14777	arabidopsis	Q9M1G5	179	194
ELMI001334	O14828	arabidopsis	Q9SKT3	22	28
ELMI004304	O15118	arabidopsis	F4I9G5	1257	1260
ELMI002284	O15523	arabidopsis	Q9M2F9	30	37
ELMI002593	O15527	arabidopsis	Q9FNY7	345	352
ELMI003578	O43681	arabidopsis	Q949M9	3	6
ELMI003842	O60341	arabidopsis	Q8VXV7	134	140
ELMI000946	O75533	arabidopsis	Q9FMF9	188	195
ELMI000947	O75533	arabidopsis	Q9FMF9	242	248
ELMI000948	O75533	arabidopsis	Q9FMF9	287	294
ELMI004303	O94823	arabidopsis	P98204	52	58
ELMI003843	P08238	arabidopsis	P27323	215	222
ELMI003844	P08238	arabidopsis	P27323	230	237
ELMI001904	P09874	arabidopsis	Q9ZP54	217	222
ELMI001251	P11387	arabidopsis	Q9FJ79	208	229
ELMI004770	P12270	arabidopsis	A4GSN8	2025	2031
ELMI000247	P12956	arabidopsis	Q9FQ08	361	366
ELMI000798	P13051	arabidopsis	Q9LIH6	3	13
ELMI001383	P13051	arabidopsis	Q9LIH6	56	61
ELMI002587	P13051	arabidopsis	Q9LIH6	14	21
ELMI002845	P13051	arabidopsis	Q9LIH6	69	82
ELMI001420	P13796	arabidopsis	O50064	1	20
ELMI000943	P16104	arabidopsis	O04848	137	142
ELMI003920	P18858	arabidopsis	Q42572	1	2
ELMI003482	P22087	arabidopsis	Q94AH9	13	18
ELMI001593	P23634	arabidopsis	O81108	1013	1014
ELMI004254	P33527	arabidopsis	Q9LK64	301	307
ELMI003892	P36404	arabidopsis	Q9ZPX1	0	10
ELMI000792	P39748	arabidopsis	O65251	338	349
ELMI004737	P48643	arabidopsis	O04450	533	535
ELMI000494	P49755	arabidopsis	Q9LQY3	210	214
ELMI000495	P49755	arabidopsis	Q9LQY3	199	214
ELMI003213	P50750	arabidopsis	Q9LFT8	93	109
ELMI003289	P52564	arabidopsis	Q9S7U9	5	14
ELMI001421	P52565	arabidopsis	O65371	190	197
ELMI001921	P52566	arabidopsis	Q9SFC6	58	60
ELMI002604	P60953	arabidopsis	O82480	205	209
ELMI002319	P63096	arabidopsis	P18064	0	12
ELMI002596	P78381	arabidopsis	Q8LGE9	330	340
ELMI003291	Q01432	arabidopsis	O80452	199	208
ELMI001022	Q02750	arabidopsis	Q9FJV0	2	19
ELMI000151	Q06609	arabidopsis	P94102	317	324
ELMI000060	Q08999	arabidopsis	Q9LKZ3	679	690
ELMI003972	Q08999	arabidopsis	Q9LKZ3	991	1001
ELMI000283	Q12834	arabidopsis	Q9SZA4	87	96
ELMI001006	Q12834	arabidopsis	Q9SZA4	53	62
ELMI002492	Q12834	arabidopsis	Q9SZA4	455	457
ELMI002507	Q12834	arabidopsis	Q9SZA4	34	41
ELMI000985	Q13426	arabidopsis	Q682V0	236	242
ELMI000611	Q13724	arabidopsis	F4HTM3	660	666
ELMI002479	Q14318	arabidopsis	Q9LDC0	1	2
ELMI003185	Q14457	arabidopsis	Q9M367	125	159
ELMI003832	Q14457	arabidopsis	Q9M367	444	448
ELMI004467	Q14457	arabidopsis	Q9M367	99	107
ELMI000945	Q15637	arabidopsis	Q9LU44	122	131
ELMI002076	Q16478	arabidopsis	Q93YT1	899	903
ELMI003655	Q16629	arabidopsis	O81126	172	177
ELMI003656	Q16629	arabidopsis	O81126	188	193
ELMI002285	Q5C9Z4	arabidopsis	Q67Z79	281	288
ELMI003889	Q5FWF4	arabidopsis	F4K856	1161	1177
ELMI003912	Q5FWF4	arabidopsis	F4K856	712	718
ELMI004314	Q6ZP29	arabidopsis	Q94AH7	384	390
ELMI001057	Q71U36	arabidopsis	P29511	442	450
ELMI001937	Q7KZF4	arabidopsis	Q9FLT0	866	871
ELMI004433	Q7LBR1	arabidopsis	Q9SSM4	190	200
ELMI003193	Q7Z6Z7	arabidopsis	Q8GY23	1737	1749
ELMI003364	Q8NHV4	arabidopsis	B3H5K9	398	404
ELMI003365	Q8NHV4	arabidopsis	B3H5K9	426	434
ELMI001344	Q8WUM4	arabidopsis	F4HXZ1	740	746
ELMI002467	Q8WUM4	arabidopsis	F4HXZ1	801	812
ELMI002651	Q8WUM4	arabidopsis	F4HXZ1	806	812
ELMI004407	Q8WUM4	arabidopsis	F4HXZ1	764	770
ELMI004628	Q92541	arabidopsis	Q9C950	77	84
ELMI003931	Q92620	arabidopsis	F4K2E9	29	33
ELMI003142	Q92769	arabidopsis	Q9FML2	421	439
ELMI002334	Q99570	arabidopsis	Q9M0E5	0	6
ELMI002335	Q9BRQ8	arabidopsis	Q9LXP4	0	7
ELMI002283	Q9BY44	arabidopsis	Q9CAT3	459	466
ELMI004586	Q9GZP9	arabidopsis	Q9ZS88	236	243
ELMI003054	Q9GZZ9	arabidopsis	O23034	359	369
ELMI003561	Q9H1P3	arabidopsis	Q93Y40	9	17
ELMI004669	Q9H7Z3	arabidopsis	Q9LSH4	139	146
ELMI004567	Q9H8Y5	arabidopsis	Q9LPC8	556	568
ELMI001105	Q9HB71	arabidopsis	F4I4Q9	51	59
ELMI004297	Q9NRA2	arabidopsis	Q7XJR2	73	79
ELMI003819	Q9NRF8	arabidopsis	F4I6G9	579	586
ELMI004667	Q9NZM5	arabidopsis	O22892	49	53
ELMI000887	Q9UBC2	arabidopsis	Q9LM78	740	745
ELMI000888	Q9UBC2	arabidopsis	Q9LM78	761	764
ELMI000889	Q9UBC2	arabidopsis	Q9LM78	776	779
ELMI000890	Q9UBC2	arabidopsis	Q9LM78	781	784
ELMI000891	Q9UBC2	arabidopsis	Q9LM78	797	800
ELMI000892	Q9UBC2	arabidopsis	Q9LM78	802	805
ELMI000893	Q9UBC2	arabidopsis	Q9LM78	813	819
ELMI000894	Q9UBC2	arabidopsis	Q9LM78	821	824
ELMI000895	Q9UBC2	arabidopsis	Q9LM78	827	830
ELMI000896	Q9UBC2	arabidopsis	Q9LM78	845	848
ELMI000897	Q9UBC2	arabidopsis	Q9LM78	858	861
ELMI000898	Q9UBC2	arabidopsis	Q9LM78	872	875
ELMI000899	Q9UBC2	arabidopsis	Q9LM78	878	882
ELMI000900	Q9UBC2	arabidopsis	Q9LM78	892	895
ELMI000901	Q9UBC2	arabidopsis	Q9LM78	898	899
ELMI000902	Q9UBC2	arabidopsis	Q9LM78	937	940
ELMI000903	Q9UBC2	arabidopsis	Q9LM78	967	970
ELMI000904	Q9UBC2	arabidopsis	Q9LM78	978	981
ELMI000905	Q9UBC2	arabidopsis	Q9LM78	992	995
ELMI000906	Q9UBC2	arabidopsis	Q9LM78	998	1001
ELMI003705	Q9UBC2	arabidopsis	Q9LM78	700	705
ELMI004597	Q9UBV8	arabidopsis	Q9FYE4	68	74
ELMI003914	Q9UBZ4	arabidopsis	F4JNY0	468	488
ELMI002493	Q9UM11	arabidopsis	Q8LPL5	478	481
ELMI002494	Q9UM13	arabidopsis	Q9ZPW2	189	192
ELMI004588	Q9UNZ2	arabidopsis	Q9SUG6	184	194
ELMI000788	Q9UQ80	arabidopsis	Q96327	346	353
ELMI000287	Q9Y6D9	arabidopsis	Q9LTY1	544	555
ELMI001630	O00141	chicken	Q6U1I9	418	424
ELMI000603	O00206	chicken	C4PCF3	533	539
ELMI000604	O00206	chicken	C4PCF3	582	588
ELMI003346	O00401	chicken	E1BTH9	466	475
ELMI004557	O14640	chicken	Q5F487	490	496
ELMI000101	O14746	chicken	F1NMF0	1033	1042
ELMI003143	O14777	chicken	Q76I89	231	248
ELMI004661	O14896	chicken	A0A3Q2TX45	422	428
ELMI004446	O15040	chicken	F1P4G2	1458	1463
ELMI004304	O15118	chicken	F1NQT4	1278	1284
ELMI000937	O15178	chicken	F1NZI2	11	20
ELMI004276	O15427	chicken	A0A0C3SFZ3	448	455
ELMI001233	O15525	chicken	Q90889	12	19
ELMI001652	O43312	chicken	A0A1D5NVS0	673	690
ELMI003829	O43312	chicken	A0A1D5NVS0	318	325
ELMI003098	O43353	chicken	A0A1D5P276	330	341
ELMI003276	O43353	chicken	A0A1D5P276	331	342
ELMI001659	O43516	chicken	A0A1D5NUU8	32	49
ELMI001705	O43516	chicken	A0A1D5NUU8	444	457
ELMI002695	O43516	chicken	A0A1D5NUU8	441	452
ELMI001010	O43683	chicken	F1NDM5	552	557
ELMI001011	O43683	chicken	F1NDM5	640	642
ELMI001296	O43683	chicken	F1NDM5	247	256
ELMI003267	O43683	chicken	F1NDM5	544	550
ELMI002251	O60216	chicken	A0A1D5PM87	168	173
ELMI003061	O60239	chicken	A0A1D5P9C9	323	330
ELMI004618	O60293	chicken	A0A1D5PEY1	21	28
ELMI004619	O60293	chicken	A0A1D5PEY1	26	34
ELMI000951	O60934	chicken	A0A1D5PU23	339	346
ELMI001948	O60934	chicken	A0A1D5PU23	734	742
ELMI003671	O75084	chicken	A0A1D5PEJ9	539	550
ELMI002888	O75152	chicken	F1NLA7	444	449
ELMI002889	O75152	chicken	F1NLA7	110	116
ELMI002868	O75367	chicken	O93327	170	175
ELMI000946	O75533	chicken	E1C2C3	192	199
ELMI000947	O75533	chicken	E1C2C3	285	291
ELMI000948	O75533	chicken	E1C2C3	329	336
ELMI001107	O75553	chicken	Q6XBN6	326	335
ELMI004376	O75553	chicken	Q6XBN6	482	488
ELMI002312	O75695	chicken	Q5ZHN4	0	7
ELMI004751	O75717	chicken	A0A1D5PDL4	1110	1120
ELMI003833	O75822	chicken	Q5ZKA4	118	125
ELMI002771	O75928	chicken	Q5ZIN4	467	473
ELMI003919	O94762	chicken	F1NWK5	1024	1034
ELMI004303	O94823	chicken	E1BX05	36	42
ELMI002926	O94985	chicken	E1BYQ5	891	901
ELMI002927	O94985	chicken	E1BYQ5	961	969
ELMI004108	O95206	chicken	A0A1D5PHZ0	911	917
ELMI003166	O95239	chicken	F1P1M8	1217	1223
ELMI003518	O95772	chicken	A0A1L1RKF5	205	215
ELMI004042	O95886	chicken	A0A1D5PFI6	363	372
ELMI000223	P00740	chicken	F1NWP1	89	95
ELMI000601	P00740	chicken	F1NWP1	197	203
ELMI000602	P00740	chicken	F1NWP1	207	213
ELMI002734	P00740	chicken	F1NWP1	100	112
ELMI002737	P00742	chicken	P25155	100	112
ELMI002107	P01111	chicken	Q5F352	179	186
ELMI003438	P01111	chicken	Q5F352	185	189
ELMI000313	P01112	chicken	P08642	179	186
ELMI003437	P01112	chicken	P08642	185	189
ELMI000606	P01225	chicken	Q8QGF8	23	29
ELMI004293	P01730	chicken	F1NGI9	467	473
ELMI000115	P04004	chicken	E1C7A7	62	65
ELMI002553	P04049	chicken	P05625	253	262
ELMI003008	P04049	chicken	P05625	253	263
ELMI003009	P04049	chicken	P05625	617	623
ELMI003010	P04049	chicken	P05625	230	235
ELMI000599	P04156	chicken	P27177	192	198
ELMI000600	P04156	chicken	P27177	216	222
ELMI000113	P04275	chicken	E1C4Z6	2492	2495
ELMI000123	P04275	chicken	E1C4Z6	1145	1148
ELMI004916	P04275	chicken	E1C4Z6	2492	2496
ELMI001541	P04629	chicken	H9KZZ1	483	490
ELMI001578	P04921	chicken	F1NCK8	87	93
ELMI001539	P05106	chicken	Q92071	758	765
ELMI001548	P05106	chicken	Q92071	770	777
ELMI001559	P05106	chicken	Q92071	758	766
ELMI001571	P05106	chicken	Q92071	770	778
ELMI000316	P06239	chicken	F1NP54	0	7
ELMI004908	P06239	chicken	F1NP54	503	508
ELMI004901	P07333	chicken	F1N869	553	560
ELMI000333	P07357	chicken	F1NJU5	58	62
ELMI000334	P07357	chicken	F1NJU5	560	564
ELMI000335	P07357	chicken	F1NJU5	563	567
ELMI003843	P08238	chicken	F1NC33	222	229
ELMI003844	P08238	chicken	F1NC33	251	258
ELMI000805	P08581	chicken	F1P040	1356	1360
ELMI000222	P08709	chicken	A0A1D5PU41	89	95
ELMI000763	P09016	chicken	F1NZJ3	125	129
ELMI000759	P09067	chicken	Q5I188	171	175
ELMI000761	P09629	chicken	A0A1D5PE06	126	130
ELMI004275	P09958	chicken	Q91000	776	783
ELMI004856	P0C6C1	chicken	A0A1D5PEG9	166	170
ELMI002627	P10071	chicken	A0A1D5P775	332	340
ELMI000110	P10451	chicken	F1NSM8	137	140
ELMI004917	P10451	chicken	F1NSM8	137	141
ELMI000332	P10643	chicken	E1C6U2	492	496
ELMI000386	P10747	chicken	P31043	187	191
ELMI000006	P11021	chicken	Q90593	648	652
ELMI002724	P12644	chicken	E1C0T2	285	291
ELMI000005	P12931	chicken	P00523	522	531
ELMI000197	P12931	chicken	P00523	248	256
ELMI000824	P12931	chicken	P00523	0	7
ELMI000825	P12931	chicken	P00523	68	75
ELMI004906	P12931	chicken	P00523	526	531
ELMI000798	P13051	chicken	F1NJG2	3	13
ELMI001383	P13051	chicken	F1NJG2	45	50
ELMI002587	P13051	chicken	F1NJG2	14	20
ELMI002845	P13051	chicken	F1NJG2	58	74
ELMI000329	P13671	chicken	B8ZX71	28	32
ELMI000330	P13671	chicken	B8ZX71	567	571
ELMI000331	P13671	chicken	B8ZX71	570	574
ELMI000608	P13671	chicken	B8ZX71	322	328
ELMI001236	P14316	chicken	Q98925	135	142
ELMI003709	P14317	chicken	Q5ZMV0	430	435
ELMI003883	P14317	chicken	Q5ZMV0	393	407
ELMI000180	P14598	chicken	F1NW14	363	369
ELMI002016	P14598	chicken	F1NW14	342	348
ELMI000757	P14651	chicken	A0A1D5NXL9	125	129
ELMI001550	P14784	chicken	F1NDV9	365	372
ELMI003204	P15036	chicken	P10157	48	59
ELMI003205	P15036	chicken	P10157	310	321
ELMI003089	P15336	chicken	O93602	146	153
ELMI000943	P16104	chicken	P02263	124	129
ELMI000291	P16410	chicken	Q1XDY5	184	188
ELMI000594	P16471	chicken	Q6QDA0	260	266
ELMI000595	P16471	chicken	Q6QDA0	305	311
ELMI000596	P16471	chicken	Q6QDA0	435	441
ELMI001314	P16471	chicken	Q6QDA0	551	557
ELMI002453	P17181	chicken	A0A1D5PRB3	543	549
ELMI000857	P17676	chicken	Q05826	154	158
ELMI003885	P17948	chicken	F1P382	1319	1326
ELMI002705	P18850	chicken	A0A1D5NU01	411	416
ELMI000311	P19086	chicken	F1NZY0	0	7
ELMI002862	P19338	chicken	A0A1D5NZ30	292	299
ELMI001306	P19838	chicken	Q04861	936	943
ELMI001350	P19838	chicken	Q04861	365	371
ELMI001351	P19838	chicken	Q04861	364	370
ELMI004289	P20020	chicken	Q98SH2	1141	1147
ELMI002655	P20073	chicken	E1C1D1	3	12
ELMI003436	P20700	chicken	F1NAM2	646	650
ELMI002041	P20963	chicken	E1C600	68	86
ELMI004743	P22102	chicken	A0A547	1002	1003
ELMI001214	P23443	chicken	F1P4J0	4	10
ELMI003118	P24385	chicken	F1NS84	1	19
ELMI004149	P24385	chicken	F1NS84	285	292
ELMI003035	P26045	chicken	F1NHM0	403	409
ELMI002079	P26678	chicken	R4GK80	11	14
ELMI000172	P27986	chicken	A0A3Q3ACS4	87	94
ELMI000173	P27986	chicken	A0A3Q3ACS4	304	310
ELMI000174	P27986	chicken	A0A3Q3ACS4	307	313
ELMI004388	P27986	chicken	A0A3Q3ACS4	84	90
ELMI001031	P28562	chicken	A0A1D5P463	340	344
ELMI001395	P28562	chicken	A0A1D5P463	54	63
ELMI000794	P28715	chicken	F1P266	943	953
ELMI000054	P28908	chicken	A0A1D5PS01	434	438
ELMI004694	P28908	chicken	A0A1D5PS01	447	453
ELMI003120	P29375	chicken	F1NN75	1369	1388
ELMI000221	P29460	chicken	Q6X0K9	306	310
ELMI003145	P30279	chicken	P49706	1	17
ELMI004150	P30279	chicken	P49706	284	291
ELMI003146	P30281	chicken	Q5ZKI9	1	18
ELMI004151	P30281	chicken	Q5ZKI9	285	292
ELMI000065	P30304	chicken	A0A1D5PY31	8	18
ELMI003208	P30304	chicken	A0A1D5PY31	123	131
ELMI003808	P30304	chicken	A0A1D5PY31	73	80
ELMI003928	P30304	chicken	A0A1D5PY31	158	162
ELMI000591	P30559	chicken	Q5D7U5	12	18
ELMI000592	P30559	chicken	Q5D7U5	19	25
ELMI000593	P30559	chicken	Q5D7U5	30	36
ELMI001586	P31431	chicken	P49416	191	197
ELMI001976	P31749	chicken	A0A3Q2U4X3	88	94
ELMI001977	P31749	chicken	A0A3Q2U4X3	446	452
ELMI003847	P31749	chicken	A0A3Q2U4X3	125	132
ELMI004282	P35070	chicken	Q64EU6	148	155
ELMI001302	P35222	chicken	A0A1D5NYE8	31	37
ELMI001502	P35222	chicken	A0A1D5NYE8	548	555
ELMI001503	P35222	chicken	A0A1D5NYE8	671	678
ELMI001576	P35222	chicken	A0A1D5NYE8	775	781
ELMI001964	P35222	chicken	A0A1D5NYE8	242	248
ELMI002616	P35222	chicken	A0A1D5NYE8	29	37
ELMI001513	P35240	chicken	Q5ZJB0	515	522
ELMI002082	P35610	chicken	A0A1D6UPR6	7	11
ELMI003532	P36383	chicken	P18861	391	394
ELMI004284	P36897	chicken	Q06900	160	167
ELMI000085	P37275	chicken	F1NB51	733	738
ELMI003378	P37840	chicken	Q9I9H1	128	135
ELMI000961	P38398	chicken	F1N8I5	1374	1381
ELMI000962	P38398	chicken	F1N8I5	1410	1417
ELMI001039	P38398	chicken	F1N8I5	902	904
ELMI001374	P38398	chicken	F1N8I5	613	619
ELMI001375	P38398	chicken	F1N8I5	513	521
ELMI001376	P38398	chicken	F1N8I5	514	520
ELMI001377	P38398	chicken	F1N8I5	514	520
ELMI002399	P38398	chicken	F1N8I5	516	522
ELMI002400	P38398	chicken	F1N8I5	515	521
ELMI002401	P38398	chicken	F1N8I5	515	521
ELMI002552	P38398	chicken	F1N8I5	516	525
ELMI000792	P39748	chicken	Q5ZLN4	336	346
ELMI000543	P40189	chicken	Q9W6U9	44	50
ELMI000544	P40189	chicken	Q9W6U9	84	90
ELMI000545	P40189	chicken	Q9W6U9	132	138
ELMI000546	P40189	chicken	Q9W6U9	162	168
ELMI000547	P40189	chicken	Q9W6U9	230	235
ELMI000548	P40189	chicken	Q9W6U9	380	390
ELMI000549	P40189	chicken	Q9W6U9	388	394
ELMI000550	P40189	chicken	Q9W6U9	555	561
ELMI000551	P40189	chicken	Q9W6U9	566	572
ELMI004285	P40189	chicken	Q9W6U9	785	791
ELMI002199	P40259	chicken	Q8AV16	189	207
ELMI002020	P40763	chicken	Q6DV79	724	730
ELMI002766	P41161	chicken	F1NEG9	65	73
ELMI001452	P41212	chicken	F1NRC2	253	260
ELMI001635	P41743	chicken	E1BWA3	581	587
ELMI000087	P41970	chicken	Q5ZMM7	272	277
ELMI003056	P42285	chicken	F1N993	175	182
ELMI000835	P42566	chicken	F1NLF0	695	698
ELMI000836	P42566	chicken	F1NLF0	715	718
ELMI000837	P42566	chicken	F1NLF0	733	736
ELMI000838	P42566	chicken	F1NLF0	761	764
ELMI000839	P42566	chicken	F1NLF0	621	624
ELMI000840	P42566	chicken	F1NLF0	645	648
ELMI000841	P42566	chicken	F1NLF0	651	654
ELMI000842	P42566	chicken	F1NLF0	656	659
ELMI000843	P42566	chicken	F1NLF0	662	665
ELMI000844	P42566	chicken	F1NLF0	667	670
ELMI000845	P42566	chicken	F1NLF0	673	676
ELMI000846	P42566	chicken	F1NLF0	687	690
ELMI000847	P42566	chicken	F1NLF0	822	825
ELMI000848	P42566	chicken	F1NLF0	828	831
ELMI000849	P42566	chicken	F1NLF0	849	852
ELMI003743	P46108	chicken	Q04929	221	226
ELMI000069	P46527	chicken	Q8JIV2	26	37
ELMI001938	P46527	chicken	Q8JIV2	182	190
ELMI001962	P46527	chicken	Q8JIV2	183	189
ELMI002138	P46527	chicken	Q8JIV2	183	190
ELMI002425	P46527	chicken	Q8JIV2	151	160
ELMI002979	P46527	chicken	Q8JIV2	195	198
ELMI004682	P46976	chicken	A0A1D5PAA8	328	332
ELMI000753	P47902	chicken	Q9DEB6	129	133
ELMI001589	P48039	chicken	P49285	347	353
ELMI001511	P48436	chicken	P48434	60	67
ELMI000089	P48552	chicken	R4GIS3	437	442
ELMI000771	P48552	chicken	R4GIS3	19	26
ELMI000772	P48552	chicken	R4GIS3	131	138
ELMI000773	P48552	chicken	R4GIS3	183	190
ELMI000774	P48552	chicken	R4GIS3	263	270
ELMI000775	P48552	chicken	R4GIS3	376	383
ELMI000776	P48552	chicken	R4GIS3	496	503
ELMI000777	P48552	chicken	R4GIS3	497	504
ELMI000778	P48552	chicken	R4GIS3	712	719
ELMI000779	P48552	chicken	R4GIS3	819	826
ELMI000780	P48552	chicken	R4GIS3	937	944
ELMI004737	P48643	chicken	Q5F411	537	541
ELMI000296	P49418	chicken	A0A1D5P266	323	328
ELMI000450	P49418	chicken	A0A1D5P266	350	355
ELMI000453	P49418	chicken	A0A1D5P266	376	382
ELMI003660	P49418	chicken	A0A1D5P266	289	294
ELMI002071	P49685	chicken	F1NJY4	352	355
ELMI002983	P49685	chicken	F1NJY4	356	361
ELMI000494	P49755	chicken	F1NA76	214	219
ELMI000495	P49755	chicken	F1NA76	203	219
ELMI002444	P51955	chicken	F1NI69	380	387
ELMI002481	P51955	chicken	F1NI69	441	444
ELMI003171	P51959	chicken	E1BUH6	286	292
ELMI001421	P52565	chicken	F1P3P3	170	177
ELMI000799	P52701	chicken	E1BYJ2	3	13
ELMI003879	P52799	chicken	Q9PUJ4	301	308
ELMI001398	P54253	chicken	E1BZ23	752	758
ELMI001400	P54253	chicken	E1BZ23	751	757
ELMI002971	P54253	chicken	E1BZ23	42	46
ELMI002985	P54253	chicken	E1BZ23	755	760
ELMI000955	P54274	chicken	A0A1D5PBT4	169	176
ELMI001990	P54274	chicken	A0A1D5PBT4	96	102
ELMI004288	P55011	chicken	F1NR57	922	928
ELMI004462	P56962	chicken	F1NG31	170	180
ELMI002604	P60953	chicken	Q90694	187	191
ELMI000921	P61925	chicken	Q90641	36	51
ELMI000882	P61956	chicken	Q5ZJM9	9	13
ELMI003469	P61978	chicken	A0A1D5PSI3	269	274
ELMI002319	P63096	chicken	E1BXS2	0	7
ELMI003264	P78396	chicken	F1P4N0	76	82
ELMI002033	P78543	chicken	A0A3Q3AWP4	149	155
ELMI001991	P84022	chicken	P84023	176	182
ELMI001992	P84022	chicken	P84023	201	207
ELMI001993	P84022	chicken	P84023	205	211
ELMI001994	P84022	chicken	P84023	210	216
ELMI002176	P84022	chicken	P84023	201	209
ELMI002321	P84077	chicken	F1NN08	0	7
ELMI002609	P98082	chicken	A0A3Q2ULI9	291	294
ELMI002610	P98082	chicken	A0A3Q2ULI9	296	299
ELMI004395	P98082	chicken	A0A3Q2ULI9	667	673
ELMI000953	Q00987	chicken	F1NGX6	383	390
ELMI001069	Q00987	chicken	F1NGX6	141	146
ELMI001070	Q00987	chicken	F1NGX6	219	224
ELMI002274	Q00987	chicken	F1NGX6	388	393
ELMI002276	Q00987	chicken	F1NGX6	395	402
ELMI002550	Q00987	chicken	F1NGX6	154	163
ELMI002551	Q00987	chicken	F1NGX6	174	183
ELMI003828	Q00987	chicken	F1NGX6	113	120
ELMI000741	Q01196	chicken	A0A3Q2TTQ9	468	472
ELMI003291	Q01432	chicken	F1NG97	81	90
ELMI000610	Q01453	chicken	A0A1D5PDJ2	39	44
ELMI003745	Q01973	chicken	F1NML5	748	753
ELMI001035	Q02363	chicken	O73933	98	107
ELMI003657	Q02363	chicken	O73933	23	28
ELMI001594	Q02410	chicken	A0A1D5PCQ0	818	824
ELMI004545	Q02410	chicken	A0A1D5PCQ0	360	367
ELMI001022	Q02750	chicken	Q5ZIF0	2	11
ELMI002958	Q04721	chicken	F1P236	1684	1688
ELMI001636	Q05513	chicken	E1BQN6	574	580
ELMI001919	Q05655	chicken	F1P3G1	323	328
ELMI002780	Q06265	chicken	Q6B7Z6	394	405
ELMI000151	Q06609	chicken	P37383	314	321
ELMI003357	Q08050	chicken	F1NHA5	768	775
ELMI002065	Q09428	chicken	E1C949	662	666
ELMI002012	Q12800	chicken	A7VJA9	287	293
ELMI002013	Q12800	chicken	A7VJA9	305	311
ELMI002014	Q12800	chicken	A7VJA9	335	341
ELMI002305	Q12800	chicken	A7VJA9	285	291
ELMI000283	Q12834	chicken	Q5ZI36	135	144
ELMI001006	Q12834	chicken	Q5ZI36	103	108
ELMI002492	Q12834	chicken	Q5ZI36	504	507
ELMI002507	Q12834	chicken	Q5ZI36	84	91
ELMI003806	Q12929	chicken	A0A3Q2U0U0	214	221
ELMI003807	Q12929	chicken	A0A3Q2U0U0	209	216
ELMI004550	Q13009	chicken	A0A1D5P0C4	1574	1581
ELMI003095	Q13023	chicken	F1NG49	434	443
ELMI003831	Q13114	chicken	A0A3Q3AAA5	347	354
ELMI002173	Q13153	chicken	E1C3P6	12	18
ELMI001918	Q13177	chicken	E1BS97	205	210
ELMI003309	Q13191	chicken	F1NL77	535	544
ELMI003707	Q13191	chicken	F1NL77	843	848
ELMI003726	Q13191	chicken	F1NL77	709	714
ELMI003727	Q13191	chicken	F1NL77	752	757
ELMI004428	Q13191	chicken	F1NL77	947	953
ELMI004914	Q13201	chicken	F1NAE9	153	157
ELMI002115	Q13309	chicken	F7BEK8	105	114
ELMI002595	Q13309	chicken	F7BEK8	166	172
ELMI004790	Q13309	chicken	F7BEK8	175	187
ELMI001450	Q13322	chicken	A0A1D5P405	146	153
ELMI001463	Q13322	chicken	A0A1D5P405	474	481
ELMI000073	Q13352	chicken	R4GHE0	1	10
ELMI003255	Q13416	chicken	F1NDM4	110	117
ELMI003256	Q13416	chicken	F1NDM4	216	223
ELMI000985	Q13426	chicken	F1NDC0	233	240
ELMI003836	Q13516	chicken	Q90XB3	9	16
ELMI004621	Q13523	chicken	F1P4D7	245	252
ELMI004660	Q13568	chicken	A0A1D5PAU6	433	439
ELMI001612	Q14106	chicken	Q5F453	130	143
ELMI001613	Q14106	chicken	Q5F453	245	258
ELMI004305	Q14108	chicken	E1BRR6	473	479
ELMI001104	Q14118	chicken	A0A1D5PFK3	889	893
ELMI002179	Q14118	chicken	A0A1D5PFK3	778	784
ELMI002281	Q14118	chicken	A0A1D5PFK3	888	895
ELMI004889	Q14118	chicken	A0A1D5PFK3	890	896
ELMI003185	Q14457	chicken	E1C9A1	104	121
ELMI003832	Q14457	chicken	E1C9A1	405	412
ELMI004467	Q14457	chicken	E1C9A1	92	100
ELMI004888	Q14511	chicken	A0A3Q2TVN1	618	625
ELMI004497	Q14596	chicken	E1C6F8	695	706
ELMI002323	Q14699	chicken	F1P375	0	7
ELMI003207	Q14790	chicken	F1NXP6	386	394
ELMI004765	Q14872	chicken	Q5ZLE7	534	540
ELMI003573	Q15042	chicken	E1BT09	609	618
ELMI003595	Q15051	chicken	E1BVA4	320	336
ELMI003596	Q15051	chicken	E1BVA4	390	407
ELMI003701	Q15303	chicken	F1P258	1158	1162
ELMI003702	Q15303	chicken	F1P258	1209	1213
ELMI000093	Q15326	chicken	E1BUC1	465	472
ELMI003231	Q15398	chicken	F1NEN5	329	335
ELMI003232	Q15398	chicken	F1NEN5	639	645
ELMI002942	Q15418	chicken	P18652	728	743
ELMI003212	Q15554	chicken	F1NSI5	538	545
ELMI000218	Q15583	chicken	Q90655	23	28
ELMI000636	Q15583	chicken	Q90655	246	254
ELMI000785	Q15648	chicken	E1BUI5	603	610
ELMI000786	Q15648	chicken	E1BUI5	644	651
ELMI004530	Q15648	chicken	E1BUI5	876	897
ELMI002134	Q15797	chicken	Q56IA0	223	227
ELMI002174	Q15797	chicken	Q56IA0	206	214
ELMI002175	Q15797	chicken	Q56IA0	198	206
ELMI002066	Q15842	chicken	R4GJD4	376	380
ELMI004850	Q15842	chicken	R4GJD4	401	405
ELMI001688	Q15942	chicken	Q04584	112	117
ELMI001689	Q15942	chicken	Q04584	122	127
ELMI001690	Q15942	chicken	Q04584	81	86
ELMI001691	Q15942	chicken	Q04584	101	106
ELMI002309	Q15942	chicken	Q04584	83	88
ELMI001525	Q16254	chicken	Q5ZJU1	389	393
ELMI004829	Q16254	chicken	Q5ZJU1	400	409
ELMI003655	Q16629	chicken	A0A1D5PX32	225	230
ELMI003656	Q16629	chicken	A0A1D5PX32	241	246
ELMI001109	Q16633	chicken	Q90ZH6	44	53
ELMI001219	Q16665	chicken	F1NJK2	399	413
ELMI001220	Q16665	chicken	F1NJK2	559	572
ELMI001243	Q16665	chicken	F1NJK2	473	481
ELMI002264	Q16665	chicken	F1NJK2	389	393
ELMI002265	Q16665	chicken	F1NJK2	473	477
ELMI002266	Q16665	chicken	F1NJK2	622	629
ELMI003249	Q16665	chicken	F1NJK2	649	656
ELMI003820	Q16665	chicken	F1NJK2	243	250
ELMI004763	Q16799	chicken	F1NH23	288	294
ELMI004633	Q17RY0	chicken	A0A1D5P1V7	379	392
ELMI004744	Q52LA3	chicken	Q5ZJQ3	10	24
ELMI001307	Q53EL6	chicken	F1NIY3	68	75
ELMI003230	Q53EZ4	chicken	E1C2P7	418	424
ELMI004613	Q53F19	chicken	F1NGX2	32	38
ELMI004614	Q53F19	chicken	F1NGX2	204	212
ELMI004170	Q53GL0	chicken	A0A1D5P4V8	148	167
ELMI002285	Q5C9Z4	chicken	F1P1C9	340	347
ELMI004851	Q5T0W9	chicken	E1BTI8	611	615
ELMI003571	Q5T4F4	chicken	R4GJJ0	286	295
ELMI002937	Q63HQ0	chicken	R4GGA6	256	266
ELMI002938	Q63HQ0	chicken	R4GGA6	206	215
ELMI002863	Q6NZI2	chicken	Q90838	140	146
ELMI004107	Q6UXM1	chicken	E1C746	1016	1022
ELMI002786	Q6VMQ6	chicken	F1NLP9	778	784
ELMI004468	Q6ZNE5	chicken	E1BVG1	433	443
ELMI004314	Q6ZP29	chicken	Q5ZJX0	291	297
ELMI002327	Q7L9B9	chicken	A0A1D5NVM3	0	7
ELMI004433	Q7LBR1	chicken	A0A1D5PT47	186	196
ELMI002328	Q7RTS9	chicken	Q5ZLW3	0	7
ELMI003458	Q7Z2Z1	chicken	E1BU88	905	915
ELMI001111	Q7Z6J0	chicken	F1NYR2	592	601
ELMI004863	Q86VY9	chicken	E1BT36	326	330
ELMI003294	Q86VZ6	chicken	A0A1D5PFG7	78	88
ELMI004657	Q86WV6	chicken	E1C7U0	360	366
ELMI004923	Q86WV6	chicken	E1C7U0	368	377
ELMI001252	Q86Z02	chicken	E1BW82	48	57
ELMI004505	Q8IUC6	chicken	R4GIF2	253	261
ELMI004654	Q8IUC6	chicken	R4GIF2	214	221
ELMI003083	Q8N103	chicken	A0A3Q2UCC0	405	411
ELMI004103	Q8N2Q7	chicken	D2X2H3	836	842
ELMI004768	Q8N3X6	chicken	Q5ZJK5	405	411
ELMI002061	Q8N4B1	chicken	A0A1D5PBL5	209	222
ELMI004306	Q8N697	chicken	F1NG54	7	13
ELMI004316	Q8NHS3	chicken	F1NBR6	75	81
ELMI003364	Q8NHV4	chicken	F1P0W9	390	397
ELMI003365	Q8NHV4	chicken	F1P0W9	420	427
ELMI001565	Q8TBB1	chicken	F1NVY8	172	180
ELMI003522	Q8TDY2	chicken	E1C330	731	743
ELMI004473	Q8TDY2	chicken	E1C330	705	715
ELMI004558	Q8TEB9	chicken	E1BT32	305	315
ELMI002100	Q8TEQ6	chicken	F1NYJ6	988	995
ELMI000081	Q8WW38	chicken	A0A1D5PTA6	828	833
ELMI001017	Q8WWK9	chicken	F1P5B9	76	81
ELMI003251	Q8WWK9	chicken	F1P5B9	635	643
ELMI001151	Q8WXE9	chicken	E1C840	298	303
ELMI001152	Q8WXE9	chicken	E1C840	314	319
ELMI002755	Q8WY41	chicken	R4GMA8	37	47
ELMI001663	Q92558	chicken	E1C9B1	500	517
ELMI003408	Q92558	chicken	E1C9B1	326	333
ELMI004821	Q92618	chicken	A0A1D5P7I8	858	867
ELMI003931	Q92620	chicken	Q5ZLE8	37	41
ELMI002437	Q92667	chicken	E1C1N8	147	155
ELMI000850	Q92754	chicken	E1C5K7	8	12
ELMI004119	Q92859	chicken	A0A3Q3ALL3	1369	1375
ELMI004677	Q92859	chicken	A0A3Q3ALL3	1450	1469
ELMI004662	Q92985	chicken	Q90ZD4	468	474
ELMI003387	Q969U6	chicken	A0A1D5NWI3	146	153
ELMI004159	Q96B97	chicken	Q5ZMQ7	549	568
ELMI001631	Q96BR1	chicken	Q5ZJQ4	475	481
ELMI004496	Q96CV9	chicken	Q90Z16	166	176
ELMI004855	Q96EV8	chicken	Q5ZKM0	281	285
ELMI004414	Q96EY5	chicken	A0A1D5NVM6	153	159
ELMI002893	Q96JM2	chicken	E1C5J4	14	21
ELMI004699	Q96RJ3	chicken	F1NLV1	186	192
ELMI003580	Q96RL7	chicken	A0A1D5PJI9	841	852
ELMI004527	Q96ST2	chicken	E1BRQ9	342	361
ELMI002744	Q96T49	chicken	Q5ZHY3	29	37
ELMI004469	Q99442	chicken	Q5F3A1	362	372
ELMI002080	Q99720	chicken	Q5ZL84	4	7
ELMI003073	Q99767	chicken	F1NYK4	285	292
ELMI001602	Q9BPZ3	chicken	Q5ZJS6	108	121
ELMI003322	Q9BQB4	chicken	A0A1D5PH47	113	126
ELMI004477	Q9BQS8	chicken	A0A1D5NWC3	1338	1350
ELMI002335	Q9BRQ8	chicken	E1BR24	0	7
ELMI004632	Q9BVS4	chicken	F1NNG4	386	399
ELMI002847	Q9BVW5	chicken	F1NK30	205	221
ELMI003913	Q9BWF2	chicken	R4GJW9	507	516
ELMI000941	Q9BX63	chicken	Q3YK19	993	997
ELMI000944	Q9BX63	chicken	Q3YK19	993	999
ELMI002177	Q9BYG3	chicken	F1NT45	209	217
ELMI002178	Q9BYG3	chicken	F1NT45	213	221
ELMI003564	Q9BZF3	chicken	A0A3Q2TY05	537	545
ELMI004586	Q9GZP9	chicken	A0A1D5PW06	229	238
ELMI001493	Q9GZX7	chicken	E1BVI0	23	30
ELMI001494	Q9GZX7	chicken	E1BVI0	34	41
ELMI003606	Q9H095	chicken	E1C9C3	348	365
ELMI003561	Q9H1P3	chicken	Q5ZLC4	4	12
ELMI004801	Q9H706	chicken	A0A3Q2UK26	533	543
ELMI004623	Q9H814	chicken	F1NB74	12	19
ELMI001308	Q9HAW4	chicken	F1P0J7	27	33
ELMI001934	Q9HAW4	chicken	F1P0J7	20	25
ELMI004862	Q9HAW4	chicken	F1P0J7	703	707
ELMI001105	Q9HB71	chicken	E1BQN9	57	60
ELMI003381	Q9HC77	chicken	E1C0R8	495	502
ELMI002027	Q9HC98	chicken	Q5F3L5	212	218
ELMI002028	Q9HC98	chicken	Q5F3L5	242	248
ELMI004112	Q9HCL0	chicken	F1NWI1	989	995
ELMI004858	Q9NPH0	chicken	F1NRT5	68	72
ELMI004297	Q9NRA2	chicken	Q5ZL94	7	13
ELMI003819	Q9NRF8	chicken	Q5F3Z1	570	577
ELMI000504	Q9NZ52	chicken	F1NRR5	395	403
ELMI004622	Q9P2I0	chicken	F1NMN0	648	656
ELMI000787	Q9UBK2	chicken	A0A1D5PMT9	140	147
ELMI003075	Q9UBK2	chicken	A0A1D5PMT9	251	258
ELMI004525	Q9UBU7	chicken	E1BWF7	653	670
ELMI004526	Q9UBU7	chicken	E1BWF7	681	709
ELMI004251	Q9UGH3	chicken	B9VMA9	59	65
ELMI004346	Q9UHB6	chicken	A0A3Q3B025	381	385
ELMI000008	Q9UHK6	chicken	F1NKY1	390	394
ELMI002795	Q9UHP3	chicken	F1NCR4	107	113
ELMI002055	Q9UIQ6	chicken	F1NNE7	94	102
ELMI001425	Q9UJY1	chicken	E1C6V0	54	61
ELMI000503	Q9UJY5	chicken	A0A1D5PRZ0	350	358
ELMI001311	Q9UKT4	chicken	F1NWT3	108	114
ELMI004594	Q9UKT4	chicken	F1NWT3	285	294
ELMI004569	Q9UKV5	chicken	F1NBB7	604	616
ELMI002797	Q9UKY1	chicken	A0A1D5PKX3	535	549
ELMI002342	Q9ULE6	chicken	A0A1D5PGJ3	1	8
ELMI004287	Q9ULH4	chicken	E1C6G2	674	680
ELMI003677	Q9ULV1	chicken	Q9IA05	481	492
ELMI003106	Q9ULV5	chicken	F1NNK6	205	214
ELMI002493	Q9UM11	chicken	H9L1Y1	490	493
ELMI004825	Q9UM82	chicken	Q5ZI97	332	337
ELMI004588	Q9UNZ2	chicken	Q5ZK10	250	260
ELMI000908	Q9UPW6	chicken	E1BZL3	231	235
ELMI000909	Q9UPW6	chicken	E1BZL3	348	352
ELMI003077	Q9Y2H2	chicken	F1NY27	1006	1013
ELMI004264	Q9Y2Q0	chicken	A0A3Q2U2N5	1104	1110
ELMI002866	Q9Y2W1	chicken	F1NY54	454	461
ELMI004620	Q9Y2W1	chicken	F1NY54	940	948
ELMI000640	Q9Y2Y9	chicken	R4GKC4	8	18
ELMI000936	Q9Y458	chicken	Q8AYE5	8	17
ELMI002813	Q9Y4E5	chicken	E1BU31	35	47
ELMI004171	Q9Y5K6	chicken	F1NAW2	491	509
ELMI001244	Q9Y5W3	chicken	E1C442	145	154
ELMI003078	Q9Y6W6	chicken	F1NXH3	18	25
ELMI000454	O00291	ciona	F6UP49	316	321
ELMI003346	O00401	ciona	F7A8L8	483	492
ELMI003210	O00418	ciona	F6ZFJ9	271	279
ELMI003384	O00444	ciona	F6XLX0	310	317
ELMI003385	O00444	ciona	F6XLX0	347	362
ELMI003386	O00444	ciona	F6XLX0	920	927
ELMI000077	O00716	ciona	H2XMF7	141	152
ELMI004828	O00716	ciona	H2XMF7	421	432
ELMI002078	O14672	ciona	F6Y9D9	740	743
ELMI000970	O14757	ciona	F6Z8G0	307	314
ELMI000971	O14757	ciona	F6Z8G0	332	339
ELMI001341	O14964	ciona	F6PQW9	337	343
ELMI004304	O15118	ciona	F6YGU8	1267	1273
ELMI000249	O15164	ciona	F6VYS2	826	831
ELMI003829	O43312	ciona	F7AS27	289	296
ELMI003300	O43497	ciona	F6SKF5	1000	1009
ELMI003578	O43681	ciona	F6RN60	6	14
ELMI001213	O60516	ciona	H2XKN7	111	116
ELMI002099	O60516	ciona	H2XKN7	43	50
ELMI003942	O60942	ciona	F6YU96	591	595
ELMI000946	O75533	ciona	H2XJF1	128	135
ELMI000947	O75533	ciona	H2XJF1	223	229
ELMI000948	O75533	ciona	H2XJF1	266	273
ELMI002944	O75582	ciona	H2XJU0	736	751
ELMI003708	O75582	ciona	H2XJU0	410	415
ELMI002312	O75695	ciona	F7AG49	0	7
ELMI002286	O75821	ciona	H2Y0Q6	162	169
ELMI002771	O75928	ciona	F6W023	431	437
ELMI004781	O95630	ciona	H2Y2N2	221	230
ELMI000954	O96017	ciona	F6WMB2	57	64
ELMI000980	O96017	ciona	F6WMB2	58	64
ELMI003170	O96017	ciona	F6WMB2	63	65
ELMI000124	P00533	ciona	F6R2Y1	87	90
ELMI000289	P00533	ciona	F6R2Y1	1130	1134
ELMI001544	P00533	ciona	F6R2Y1	1313	1317
ELMI002349	P00533	ciona	F6R2Y1	1404	1411
ELMI003693	P00533	ciona	F6R2Y1	1300	1304
ELMI003694	P00533	ciona	F6R2Y1	1316	1320
ELMI004891	P00533	ciona	F6R2Y1	1298	1305
ELMI000601	P00740	ciona	F6WXY4	88	94
ELMI000602	P00740	ciona	F6WXY4	98	104
ELMI004880	P02462	ciona	F6VJG0	374	380
ELMI000007	P04040	ciona	F7B7H5	519	521
ELMI000051	P04637	ciona	F6SSG7	413	419
ELMI000923	P04637	ciona	F6SSG7	389	403
ELMI000949	P04637	ciona	F6SSG7	10	17
ELMI001068	P04637	ciona	F6SSG7	403	404
ELMI001394	P04637	ciona	F6SSG7	353	373
ELMI001859	P04637	ciona	F6SSG7	29	37
ELMI001957	P04637	ciona	F6SSG7	29	35
ELMI001995	P04637	ciona	F6SSG7	115	121
ELMI001996	P04637	ciona	F6SSG7	361	367
ELMI002258	P04637	ciona	F6SSG7	13	20
ELMI002838	P04637	ciona	F6SSG7	17	26
ELMI003229	P04637	ciona	F6SSG7	361	369
ELMI002882	P06748	ciona	H2XTN5	277	282
ELMI003238	P06748	ciona	H2XTN5	235	241
ELMI003239	P06748	ciona	H2XTN5	253	272
ELMI001905	P08621	ciona	F6ZGG6	318	319
ELMI004153	P10600	ciona	F6X184	284	290
ELMI000006	P11021	ciona	F6SXM4	655	659
ELMI000247	P12956	ciona	F6RQS4	339	345
ELMI000798	P13051	ciona	F7AH61	3	13
ELMI001383	P13051	ciona	F7AH61	37	38
ELMI002587	P13051	ciona	F7AH61	14	21
ELMI002845	P13051	ciona	F7AH61	41	57
ELMI000329	P13671	ciona	F6VY95	40	44
ELMI000330	P13671	ciona	F6VY95	578	583
ELMI000331	P13671	ciona	F6VY95	582	586
ELMI000608	P13671	ciona	F6VY95	335	341
ELMI001640	P17612	ciona	F6PH07	363	367
ELMI002202	P17612	ciona	F6PH07	0	6
ELMI004899	P18433	ciona	H2XLZ9	637	644
ELMI001350	P19838	ciona	F6VNH8	334	340
ELMI001351	P19838	ciona	F6VNH8	333	339
ELMI003588	P20908	ciona	F6Z448	1267	1272
ELMI000597	P21452	ciona	F6VRB9	6	12
ELMI000598	P21452	ciona	F6VRB9	14	20
ELMI003567	P22059	ciona	H2Y2C6	271	280
ELMI003482	P22087	ciona	F7A5J2	14	19
ELMI004743	P22102	ciona	F7A2X8	977	981
ELMI001101	P22307	ciona	F7A5Y1	528	532
ELMI000972	P23025	ciona	F6YJB7	198	205
ELMI002846	P23025	ciona	F6YJB7	38	54
ELMI001554	P26010	ciona	F6XBP2	768	776
ELMI003683	P26358	ciona	F6XUV4	762	768
ELMI004866	P26368	ciona	F6UAX7	365	369
ELMI000013	P27797	ciona	F6Z781	421	425
ELMI000794	P28715	ciona	H2XUA5	875	884
ELMI000053	P28749	ciona	F6WPA9	666	673
ELMI003971	P28749	ciona	F6WPA9	1085	1097
ELMI000811	P29353	ciona	F6PQN7	233	237
ELMI000812	P29353	ciona	F6PQN7	327	331
ELMI003146	P30281	ciona	F6S8K9	1	20
ELMI004151	P30281	ciona	F6S8K9	293	299
ELMI003377	P30291	ciona	F6ZNA8	43	111
ELMI003449	P30291	ciona	F6ZNA8	181	188
ELMI003450	P30291	ciona	F6ZNA8	165	172
ELMI003455	P30291	ciona	F6ZNA8	221	232
ELMI001976	P31749	ciona	F6S4F7	96	102
ELMI001977	P31749	ciona	F6S4F7	472	478
ELMI003847	P31749	ciona	F6S4F7	135	158
ELMI003034	P32418	ciona	F6V1Q0	341	348
ELMI003892	P36404	ciona	H2XRD4	0	10
ELMI000792	P39748	ciona	F6QI83	336	346
ELMI004785	P40818	ciona	F7A912	386	403
ELMI004786	P40818	ciona	F7A912	707	717
ELMI000552	P41180	ciona	F7AA31	90	96
ELMI000553	P41180	ciona	F7AA31	130	136
ELMI000554	P41180	ciona	F7AA31	261	267
ELMI000555	P41180	ciona	F7AA31	287	293
ELMI000556	P41180	ciona	F7AA31	385	391
ELMI000557	P41180	ciona	F7AA31	445	451
ELMI000558	P41180	ciona	F7AA31	467	474
ELMI000559	P41180	ciona	F7AA31	488	494
ELMI000560	P41180	ciona	F7AA31	541	547
ELMI001635	P41743	ciona	F6PPJ1	564	570
ELMI003056	P42285	ciona	F6Z5U4	6	13
ELMI001401	P46531	ciona	F7AZ47	2481	2489
ELMI002029	P46531	ciona	F7AZ47	2112	2118
ELMI002030	P46531	ciona	F7AZ47	2123	2129
ELMI002031	P46531	ciona	F7AZ47	2127	2132
ELMI002957	P46531	ciona	F7AZ47	1717	1721
ELMI002261	P46937	ciona	F6WJM1	444	450
ELMI002993	P46937	ciona	F6WJM1	93	99
ELMI003536	P46937	ciona	F6WJM1	447	450
ELMI003939	P46937	ciona	F6WJM1	59	64
ELMI004737	P48643	ciona	F6QX34	537	538
ELMI000494	P49755	ciona	H2XWC1	200	205
ELMI000495	P49755	ciona	H2XWC1	189	205
ELMI004758	P49790	ciona	F6ZT40	408	414
ELMI002556	P49815	ciona	F6ZAD3	1011	1019
ELMI002557	P49815	ciona	F6ZAD3	1153	1155
ELMI003685	P49915	ciona	F6U2U3	313	318
ELMI003213	P50750	ciona	F6R4H2	87	95
ELMI003289	P52564	ciona	F6X159	22	31
ELMI001120	P52594	ciona	F6XHB2	517	522
ELMI001121	P52594	ciona	F6XHB2	501	506
ELMI001122	P52594	ciona	F6XHB2	400	405
ELMI001123	P52594	ciona	F6XHB2	415	419
ELMI001004	P53350	ciona	F6TJJ7	198	208
ELMI002898	P61081	ciona	F6T7Y6	3	12
ELMI002901	P61081	ciona	F6T7Y6	0	4
ELMI003469	P61978	ciona	F6X134	270	277
ELMI002319	P63096	ciona	Q8WSS1	0	7
ELMI003647	Q01668	ciona	F6X5E1	0	6
ELMI001022	Q02750	ciona	Q4H383	3	12
ELMI002012	Q12800	ciona	F6VI40	306	312
ELMI002013	Q12800	ciona	F6VI40	342	348
ELMI002014	Q12800	ciona	F6VI40	362	368
ELMI002305	Q12800	ciona	F6VI40	304	310
ELMI000283	Q12834	ciona	F7B1X4	155	164
ELMI001006	Q12834	ciona	F7B1X4	119	125
ELMI002492	Q12834	ciona	F7B1X4	520	523
ELMI002507	Q12834	ciona	F7B1X4	100	107
ELMI001310	Q12959	ciona	F6PLQ2	635	641
ELMI003253	Q12959	ciona	F6PLQ2	167	174
ELMI003254	Q12959	ciona	F6PLQ2	479	486
ELMI001256	Q13085	ciona	F6T0F1	1169	1174
ELMI001903	Q13188	ciona	F6W1F7	313	318
ELMI002829	Q13402	ciona	F6WNE0	1563	1569
ELMI003599	Q13402	ciona	F6WNE0	750	766
ELMI003600	Q13402	ciona	F6WNE0	773	790
ELMI003601	Q13402	ciona	F6WNE0	819	836
ELMI003602	Q13402	ciona	F6WNE0	842	859
ELMI001218	Q13409	ciona	F7BML6	46	53
ELMI000611	Q13724	ciona	F6XK22	549	555
ELMI004888	Q14511	ciona	F6S5L9	589	596
ELMI004638	Q14566	ciona	F6RKM9	7	11
ELMI003573	Q15042	ciona	F6WN54	586	595
ELMI003595	Q15051	ciona	F6YAL4	322	338
ELMI003596	Q15051	ciona	F6YAL4	392	409
ELMI003317	Q15256	ciona	H2Y1M2	77	90
ELMI000093	Q15326	ciona	F6RD45	396	403
ELMI000498	Q15363	ciona	F6QC45	188	203
ELMI001059	Q15691	ciona	F6X0F3	303	309
ELMI002161	Q16644	ciona	F6PJL7	341	347
ELMI001396	Q16828	ciona	F6Z498	55	65
ELMI004488	Q3MII6	ciona	F6R4D8	115	125
ELMI004744	Q52LA3	ciona	H2XNY2	11	25
ELMI001307	Q53EL6	ciona	F6V5K2	60	67
ELMI002285	Q5C9Z4	ciona	F6XVD3	216	223
ELMI003911	Q5TBB1	ciona	F6WCS0	268	278
ELMI003890	Q6NS38	ciona	F6XTM9	0	2
ELMI004047	Q6P1M3	ciona	F6R815	557	566
ELMI001342	Q6UWE0	ciona	F6Q0X6	643	649
ELMI001343	Q6UWE0	ciona	F6Q0X6	660	665
ELMI001937	Q7KZF4	ciona	F6VCH9	820	825
ELMI002328	Q7RTS9	ciona	F6TGV4	0	7
ELMI003501	Q7Z460	ciona	F6W6K9	1072	1075
ELMI003193	Q7Z6Z7	ciona	F6XN27	1948	1965
ELMI003026	Q86VP3	ciona	F6X413	410	416
ELMI001605	Q8IYD1	ciona	F6X7X8	27	39
ELMI001606	Q8IYD1	ciona	F6X7X8	35	48
ELMI002100	Q8TEQ6	ciona	F6ZHD7	973	980
ELMI002892	Q8WUA2	ciona	F6VEU2	209	219
ELMI001344	Q8WUM4	ciona	F7BDH1	730	736
ELMI002467	Q8WUM4	ciona	F7BDH1	798	808
ELMI002651	Q8WUM4	ciona	F7BDH1	803	811
ELMI004407	Q8WUM4	ciona	F7BDH1	745	746
ELMI003931	Q92620	ciona	F6UYA6	36	40
ELMI002049	Q92698	ciona	H2Y3E7	709	717
ELMI004582	Q92890	ciona	F7AP04	234	244
ELMI004532	Q92997	ciona	Q9NL46	638	642
ELMI002899	Q969M7	ciona	F6ZIC6	0	9
ELMI002900	Q969M7	ciona	F6ZIC6	0	4
ELMI003387	Q969U6	ciona	H2XRN7	144	151
ELMI003072	Q96N67	ciona	F7B7Y1	357	364
ELMI003566	Q96SU4	ciona	F6VTM3	238	246
ELMI004469	Q99442	ciona	A0A1W3JW59	321	324
ELMI002334	Q99570	ciona	F6XQ09	0	7
ELMI002110	Q99741	ciona	F6X8B5	336	341
ELMI001330	Q99816	ciona	H2XP92	330	336
ELMI002469	Q99816	ciona	H2XP92	159	170
ELMI002652	Q99816	ciona	H2XP92	199	207
ELMI004565	Q9BQE4	ciona	H2XVV5	92	102
ELMI002335	Q9BRQ8	ciona	F6X593	0	27
ELMI004315	Q9BTU6	ciona	F7AAA7	109	115
ELMI004587	Q9BUN8	ciona	F7ASI0	244	253
ELMI003581	Q9BXW6	ciona	F6W8D0	469	479
ELMI003454	Q9BY12	ciona	F7AYX3	183	186
ELMI001496	Q9BY41	ciona	F6UHV9	26	33
ELMI002283	Q9BY44	ciona	F6YEQ8	447	454
ELMI002336	Q9C0E8	ciona	F6WQS5	0	7
ELMI004586	Q9GZP9	ciona	F6SFM0	230	239
ELMI003054	Q9GZZ9	ciona	F6YGJ1	335	345
ELMI003606	Q9H095	ciona	F6XIK1	337	354
ELMI004669	Q9H7Z3	ciona	F6QKB5	93	100
ELMI004567	Q9H8Y5	ciona	F6WVX7	612	624
ELMI001105	Q9HB71	ciona	F6XRM1	59	68
ELMI004432	Q9HD42	ciona	H2XPM9	196	208
ELMI004858	Q9NPH0	ciona	F6V3K9	54	58
ELMI001945	Q9NQR1	ciona	F6SQS1	10	22
ELMI003819	Q9NRF8	ciona	F6V5U6	645	652
ELMI002653	Q9NRY6	ciona	F6U621	1	2
ELMI002661	Q9NRY6	ciona	F6U621	21	26
ELMI002051	Q9NWV8	ciona	H2XLY1	36	43
ELMI002052	Q9NWV8	ciona	H2XLY1	55	56
ELMI004667	Q9NZM5	ciona	H2XRY8	45	49
ELMI004622	Q9P2I0	ciona	F6TGK6	655	663
ELMI000887	Q9UBC2	ciona	F7BA39	474	477
ELMI000888	Q9UBC2	ciona	F7BA39	492	495
ELMI000889	Q9UBC2	ciona	F7BA39	498	501
ELMI000890	Q9UBC2	ciona	F7BA39	504	507
ELMI000891	Q9UBC2	ciona	F7BA39	517	520
ELMI000892	Q9UBC2	ciona	F7BA39	522	525
ELMI000893	Q9UBC2	ciona	F7BA39	528	531
ELMI000894	Q9UBC2	ciona	F7BA39	535	538
ELMI000895	Q9UBC2	ciona	F7BA39	547	550
ELMI000896	Q9UBC2	ciona	F7BA39	566	569
ELMI000897	Q9UBC2	ciona	F7BA39	571	574
ELMI000898	Q9UBC2	ciona	F7BA39	583	586
ELMI000899	Q9UBC2	ciona	F7BA39	589	592
ELMI000900	Q9UBC2	ciona	F7BA39	602	605
ELMI000901	Q9UBC2	ciona	F7BA39	608	611
ELMI000902	Q9UBC2	ciona	F7BA39	650	653
ELMI000903	Q9UBC2	ciona	F7BA39	690	691
ELMI000904	Q9UBC2	ciona	F7BA39	699	702
ELMI000905	Q9UBC2	ciona	F7BA39	709	712
ELMI000906	Q9UBC2	ciona	F7BA39	715	720
ELMI003705	Q9UBC2	ciona	F7BA39	434	439
ELMI002793	Q9UBT2	ciona	H2XM91	562	577
ELMI002806	Q9UBT2	ciona	H2XM91	562	575
ELMI000008	Q9UHK6	ciona	F6Z2W9	375	377
ELMI002494	Q9UM13	ciona	F7BB49	199	202
ELMI004588	Q9UNZ2	ciona	F6SW03	247	257
ELMI004615	Q9UPT8	ciona	H2XZ97	21	29
ELMI004616	Q9UPT8	ciona	H2XZ97	27	35
ELMI002948	Q9UQL6	ciona	H2XVW1	302	312
ELMI003002	Q9UQL6	ciona	H2XVW1	190	197
ELMI004264	Q9Y2Q0	ciona	F6ZHQ8	1062	1068
ELMI003325	Q9Y490	ciona	F6WWV8	608	627
ELMI003554	Q9Y5P4	ciona	H2XPW9	226	232
ELMI000287	Q9Y6D9	ciona	F6Y1Z7	545	554
ELMI003346	O00401	fly	Q9VAT0	494	503
ELMI000970	O14757	fly	O61661	346	353
ELMI000971	O14757	fly	O61661	369	376
ELMI001872	O14830	fly	P40421	5	24
ELMI003598	O14830	fly	P40421	8	24
ELMI001341	O14964	fly	Q960X8	345	351
ELMI004304	O15118	fly	Q9VL24	1277	1283
ELMI002059	O15234	fly	A0A0B4KH64	115	123
ELMI002284	O15523	fly	Q9VHP0	45	52
ELMI002593	O15527	fly	Q9V3I8	331	338
ELMI000033	O43187	fly	Q05652	496	501
ELMI003578	O43681	fly	Q7JWD3	1	4
ELMI001010	O43683	fly	Q9VMS5	539	544
ELMI001011	O43683	fly	Q9VMS5	609	614
ELMI001296	O43683	fly	Q9VMS5	219	226
ELMI003267	O43683	fly	Q9VMS5	532	538
ELMI002742	O60237	fly	M9NEB2	14	22
ELMI003841	O60341	fly	Q9VW97	89	96
ELMI003842	O60341	fly	Q9VW97	95	111
ELMI003942	O60942	fly	Q9VY44	612	616
ELMI000946	O75533	fly	Q9VPR5	207	215
ELMI000947	O75533	fly	Q9VPR5	292	298
ELMI000948	O75533	fly	Q9VPR5	340	347
ELMI002902	O75581	fly	A1Z9D7	1552	1558
ELMI002903	O75581	fly	A1Z9D7	1574	1580
ELMI002904	O75581	fly	A1Z9D7	1627	1633
ELMI002905	O75581	fly	A1Z9D7	1647	1653
ELMI002906	O75581	fly	A1Z9D7	1664	1670
ELMI002286	O75821	fly	Q9W4X7	165	172
ELMI003833	O75822	fly	Q7K550	103	110
ELMI000574	O76024	fly	Q8IMZ9	19	25
ELMI000575	O76024	fly	Q8IMZ9	273	277
ELMI000576	O76024	fly	Q8IMZ9	445	451
ELMI000577	O76024	fly	Q8IMZ9	601	620
ELMI000578	O76024	fly	Q8IMZ9	703	709
ELMI002926	O94985	fly	Q9V498	920	930
ELMI002927	O94985	fly	Q9V498	967	975
ELMI004781	O95630	fly	Q9VA71	227	234
ELMI001312	O95863	fly	P39413	123	129
ELMI002144	O95863	fly	P39413	121	129
ELMI004057	O95863	fly	P39413	0	49
ELMI000954	O96017	fly	O61267	16	21
ELMI000980	O96017	fly	O61267	17	21
ELMI002719	P00797	fly	A1Z9Q9	61	66
ELMI000313	P01112	fly	P08646	182	186
ELMI003437	P01112	fly	P08646	185	189
ELMI000365	P04035	fly	P14773	917	920
ELMI000007	P04040	fly	P17336	505	506
ELMI000268	P05412	fly	P18289	190	195
ELMI000964	P05412	fly	P18289	205	212
ELMI001020	P05412	fly	P18289	38	50
ELMI001238	P05412	fly	P18289	188	195
ELMI001387	P05412	fly	P18289	195	203
ELMI001860	P05412	fly	P18289	195	203
ELMI001965	P05412	fly	P18289	78	84
ELMI001966	P05412	fly	P18289	88	94
ELMI003097	P05412	fly	P18289	41	51
ELMI001553	P05556	fly	P11584	824	832
ELMI001558	P05556	fly	P11584	836	844
ELMI000041	P07900	fly	P02828	713	717
ELMI000966	P07900	fly	P02828	1	2
ELMI001905	P08621	fly	P17133	394	399
ELMI000327	P09471	fly	P16378	0	7
ELMI001904	P09874	fly	P35875	211	216
ELMI000006	P11021	fly	P29844	652	656
ELMI004770	P12270	fly	A1Z8P9	2072	2075
ELMI000247	P12956	fly	Q23976	362	367
ELMI000569	P13497	fly	P25723	118	124
ELMI000570	P13497	fly	P25723	156	162
ELMI000571	P13497	fly	P25723	348	354
ELMI000572	P13497	fly	P25723	403	409
ELMI000573	P13497	fly	P25723	642	648
ELMI002704	P13497	fly	P25723	132	137
ELMI002599	P14635	fly	Q7KUZ5	34	45
ELMI003089	P15336	fly	Q2PE13	128	135
ELMI001640	P17612	fly	P12370	349	353
ELMI002202	P17612	fly	P12370	0	7
ELMI001693	P18206	fly	O46037	732	737
ELMI003920	P18858	fly	Q9W1H4	1	10
ELMI001350	P19838	fly	Q94527	452	458
ELMI001351	P19838	fly	Q94527	451	457
ELMI002655	P20073	fly	Q9VXG4	64	73
ELMI004274	P20309	fly	P16395	319	326
ELMI003482	P22087	fly	Q9W1V3	13	18
ELMI001101	P22307	fly	Q9VJ43	540	544
ELMI000972	P23025	fly	P28518	213	220
ELMI002846	P23025	fly	P28518	26	42
ELMI001214	P23443	fly	Q94533	10	15
ELMI004866	P26368	fly	Q24562	301	305
ELMI000013	P27797	fly	P29413	405	406
ELMI000794	P28715	fly	Q4U2Q5	1091	1105
ELMI003971	P28749	fly	Q24472	816	828
ELMI000811	P29353	fly	Q9V3C8	203	207
ELMI003120	P29375	fly	Q9VMJ7	1469	1478
ELMI001513	P35240	fly	Q24564	555	562
ELMI002082	P35610	fly	Q8MYW9	24	28
ELMI003892	P36404	fly	Q06849	0	10
ELMI001384	P36956	fly	Q9VW37	388	394
ELMI001908	P36956	fly	Q9VW37	429	431
ELMI003373	P36956	fly	Q9VW37	443	450
ELMI003374	P36956	fly	Q9VW37	383	391
ELMI000085	P37275	fly	P28166	818	823
ELMI000792	P39748	fly	Q7K7A9	336	346
ELMI002240	P40855	fly	Q8IP97	61	66
ELMI002242	P40855	fly	Q8IP97	10	22
ELMI001635	P41743	fly	A1Z9X0	588	594
ELMI003056	P42285	fly	Q9Y134	4	26
ELMI001023	P45985	fly	O61444	63	69
ELMI003090	P45985	fly	O61444	64	69
ELMI003299	P45985	fly	O61444	64	69
ELMI001401	P46531	fly	P07207	2650	2658
ELMI002029	P46531	fly	P07207	2139	2145
ELMI002957	P46531	fly	P07207	1774	1778
ELMI004737	P48643	fly	Q7KKI0	538	542
ELMI000363	P49257	fly	Q9V3A8	508	512
ELMI001207	P49407	fly	Q9V393	451	462
ELMI000965	P49736	fly	P49735	90	97
ELMI000494	P49755	fly	Q8SXY6	201	206
ELMI000495	P49755	fly	Q8SXY6	190	206
ELMI002860	P49792	fly	A0A0B4K7J2	2261	2266
ELMI002890	P49792	fly	A0A0B4K7J2	2286	2291
ELMI003685	P49915	fly	Q9VIE7	307	312
ELMI003213	P50750	fly	O17432	118	126
ELMI003124	P51531	fly	P25439	1340	1357
ELMI004256	P51788	fly	Q9VGH7	698	704
ELMI003289	P52564	fly	O62602	2	8
ELMI001421	P52565	fly	Q9VW59	168	175
ELMI001004	P53350	fly	P52304	307	331
ELMI004772	P53805	fly	Q9XZL8	260	266
ELMI003732	P56945	fly	A4IJ58	385	390
ELMI004895	P56945	fly	A4IJ58	618	625
ELMI002604	P60953	fly	P40793	187	191
ELMI002898	P61081	fly	Q9VSF3	3	12
ELMI002901	P61081	fly	Q9VSF3	0	4
ELMI002321	P84077	fly	P61209	0	7
ELMI002989	Q02156	fly	P13678	348	354
ELMI003043	Q02156	fly	P13678	369	376
ELMI002064	Q05586	fly	Q24418	916	919
ELMI002147	Q05586	fly	Q24418	917	924
ELMI002780	Q06265	fly	Q8T4A9	371	382
ELMI003278	Q06413	fly	P40791	241	250
ELMI000151	Q06609	fly	Q27297	310	317
ELMI004172	Q12792	fly	Q9VFM9	321	331
ELMI000283	Q12834	fly	Q24044	155	164
ELMI001006	Q12834	fly	Q24044	105	108
ELMI002492	Q12834	fly	Q24044	523	526
ELMI002507	Q12834	fly	Q24044	86	93
ELMI001072	Q12972	fly	Q9V7W9	188	195
ELMI003654	Q13247	fly	P26686	315	320
ELMI000451	Q13367	fly	Q9W4K1	874	879
ELMI002829	Q13402	fly	Q9V3Z6	1590	1596
ELMI003599	Q13402	fly	Q9V3Z6	739	755
ELMI003600	Q13402	fly	Q9V3Z6	762	779
ELMI003601	Q13402	fly	Q9V3Z6	808	825
ELMI003602	Q13402	fly	Q9V3Z6	831	848
ELMI001218	Q13409	fly	Q24246	127	134
ELMI003255	Q13416	fly	Q24168	149	156
ELMI003256	Q13416	fly	Q24168	254	267
ELMI001212	Q13542	fly	Q9XZ56	112	117
ELMI002097	Q13542	fly	Q9XZ56	53	60
ELMI000390	Q13627	fly	Q9V3D5	351	362
ELMI004702	Q13627	fly	Q9V3D5	600	604
ELMI000611	Q13724	fly	Q9VZ04	651	657
ELMI002887	Q14151	fly	Q8IMV6	204	211
ELMI003882	Q14247	fly	Q9VDF4	412	419
ELMI002479	Q14318	fly	Q7K3D4	16	21
ELMI003185	Q14457	fly	Q9VCE1	82	99
ELMI003832	Q14457	fly	Q9VCE1	380	387
ELMI004467	Q14457	fly	Q9VCE1	73	78
ELMI004638	Q14566	fly	Q9V461	7	11
ELMI003933	Q15021	fly	Q9VAJ1	1355	1359
ELMI000498	Q15363	fly	Q9W4K0	193	208
ELMI000785	Q15648	fly	Q9VP05	605	612
ELMI000786	Q15648	fly	Q9VP05	646	656
ELMI004530	Q15648	fly	Q9VP05	816	831
ELMI003927	Q16204	fly	Q9VVC8	492	496
ELMI002161	Q16644	fly	P49071	339	345
ELMI001572	Q495M9	fly	Q7JQL2	510	516
ELMI001307	Q53EL6	fly	Q9VY91	81	88
ELMI002285	Q5C9Z4	fly	Q9W020	324	331
ELMI004167	Q641Q2	fly	A1ZBW7	1113	1131
ELMI002048	Q6V0I7	fly	P33450	4960	4968
ELMI002693	Q6VAB6	fly	Q24171	352	356
ELMI003293	Q6VAB6	fly	Q24171	319	323
ELMI002786	Q6VMQ6	fly	Q7KMH9	1078	1084
ELMI004468	Q6ZNE5	fly	Q9VAP6	459	473
ELMI004741	Q70CQ3	fly	Q9W462	557	558
ELMI001937	Q7KZF4	fly	Q9W0S7	829	834
ELMI004433	Q7LBR1	fly	Q95SH2	190	200
ELMI002328	Q7RTS9	fly	Q7KNA0	0	7
ELMI004470	Q7Z6L1	fly	Q9VWB0	172	180
ELMI003193	Q7Z6Z7	fly	X2JF73	2167	2178
ELMI004471	Q8IZQ1	fly	Q9VML2	3299	3304
ELMI002330	Q8ND76	fly	Q9VKF0	0	7
ELMI004563	Q8NHG7	fly	Q8IQC6	24	36
ELMI004316	Q8NHS3	fly	Q9VS51	13	19
ELMI001344	Q8WUM4	fly	Q9VB05	715	721
ELMI002467	Q8WUM4	fly	Q9VB05	768	775
ELMI002651	Q8WUM4	fly	Q9VB05	771	777
ELMI004407	Q8WUM4	fly	Q9VB05	739	745
ELMI004628	Q92541	fly	Q9W261	121	128
ELMI002049	Q92698	fly	O76460	692	700
ELMI003142	Q92769	fly	Q94517	408	426
ELMI004555	Q92997	fly	P51140	601	607
ELMI003563	Q969R2	fly	Q9VC05	270	282
ELMI003387	Q969U6	fly	Q9VMI1	184	191
ELMI004617	Q96FV9	fly	Q9VNI8	208	216
ELMI003072	Q96N67	fly	Q9VPI9	899	904
ELMI002333	Q96PY5	fly	Q9VUC6	0	42
ELMI004508	Q96S59	fly	Q4Z8K6	571	580
ELMI003566	Q96SU4	fly	A1Z814	304	316
ELMI002334	Q99570	fly	Q9VHH2	0	7
ELMI003004	Q99683	fly	Q9VDS9	861	867
ELMI001330	Q99816	fly	Q9VVA7	338	344
ELMI002469	Q99816	fly	Q9VVA7	154	160
ELMI002652	Q99816	fly	Q9VVA7	196	212
ELMI001602	Q9BPZ3	fly	Q9VG13	102	115
ELMI004587	Q9BUN8	fly	Q9VQ57	234	243
ELMI003936	Q9BWU0	fly	E2QCZ5	3	6
ELMI002283	Q9BY44	fly	Q9VNX8	461	468
ELMI002336	Q9C0E8	fly	Q7K2N0	0	7
ELMI004586	Q9GZP9	fly	Q9VEU2	226	260
ELMI003054	Q9GZZ9	fly	Q9VYY3	337	347
ELMI003173	Q9H0H5	fly	A1Z9I5	142	148
ELMI003371	Q9H0H5	fly	A1Z9I5	165	172
ELMI003372	Q9H0H5	fly	A1Z9I5	153	160
ELMI003074	Q9H7D0	fly	A0A0B4K7Q6	1860	1868
ELMI001329	Q9H9H4	fly	Q9VN88	182	188
ELMI001308	Q9HAW4	fly	Q8IRB5	237	243
ELMI001934	Q9HAW4	fly	Q8IRB5	230	235
ELMI004862	Q9HAW4	fly	Q8IRB5	920	921
ELMI001105	Q9HB71	fly	Q9W3Y3	52	60
ELMI002338	Q9NR22	fly	Q9VGW7	0	7
ELMI001989	Q9NY61	fly	Q9VM95	134	140
ELMI000504	Q9NZ52	fly	Q9W329	386	394
ELMI004667	Q9NZM5	fly	Q9W3C2	53	60
ELMI001349	Q9UBP0	fly	Q8I0P1	56	63
ELMI002074	Q9UBS5	fly	Q9V3Q9	792	796
ELMI002793	Q9UBT2	fly	Q7KUA4	621	640
ELMI002806	Q9UBT2	fly	Q7KUA4	621	632
ELMI000008	Q9UHK6	fly	Q9VIK0	369	373
ELMI002493	Q9UM11	fly	Q9W4H9	475	478
ELMI002494	Q9UM13	fly	Q9V831	192	195
ELMI004588	Q9UNZ2	fly	Q7K3Z3	281	291
ELMI003672	Q9UP38	fly	P18537	550	561
ELMI002632	Q9Y2W2	fly	O76861	144	147
ELMI003325	Q9Y490	fly	Q9VSL8	623	642
ELMI003648	Q9Y4B4	fly	Q9W1A8	1424	1429
ELMI000658	Q9Y543	fly	Q01069	191	195
ELMI003554	Q9Y5P4	fly	Q9Y128	302	311
ELMI000287	Q9Y6D9	fly	Q7KND8	551	560
ELMI002658	A5D8V6	mouse	Q8R105	200	208
ELMI003528	O00192	mouse	P98203	959	962
ELMI003194	O00198	mouse	P62816	28	45
ELMI000432	O00203	mouse	Q9Z1T1	828	833
ELMI000603	O00206	mouse	Q9QUK6	522	528
ELMI000604	O00206	mouse	Q9QUK6	570	576
ELMI001305	O00221	mouse	O54910	16	22
ELMI000255	O00257	mouse	O55187	467	472
ELMI002768	O00257	mouse	O55187	456	464
ELMI002801	O00257	mouse	O55187	456	464
ELMI000251	O00268	mouse	E9QAP7	720	725
ELMI000454	O00291	mouse	Q8VD75	331	336
ELMI003346	O00401	mouse	Q91YD9	462	471
ELMI003210	O00418	mouse	O08796	354	362
ELMI003384	O00444	mouse	Q64702	301	308
ELMI003385	O00444	mouse	Q64702	336	343
ELMI003386	O00444	mouse	Q64702	908	915
ELMI004846	O00763	mouse	E9Q4Z2	384	388
ELMI004557	O14640	mouse	P51141	656	662
ELMI004556	O14641	mouse	Q60838	697	703
ELMI002981	O14649	mouse	O35111	405	409
ELMI002078	O14672	mouse	O35598	723	726
ELMI001235	O14686	mouse	Q6PDK2	4465	4472
ELMI002646	O14686	mouse	Q6PDK2	5388	5395
ELMI000101	O14746	mouse	O70372	811	820
ELMI004058	O14753	mouse	Q9WTJ2	0	10
ELMI003143	O14777	mouse	Q9D0F1	228	245
ELMI001334	O14828	mouse	O35609	64	70
ELMI001872	O14830	mouse	O35385	19	38
ELMI003598	O14830	mouse	O35385	22	38
ELMI004661	O14896	mouse	P97431	418	424
ELMI000639	O14901	mouse	Q8K1S5	44	54
ELMI004111	O14917	mouse	E9PXF0	995	1001
ELMI001117	O14974	mouse	Q9DBR7	32	39
ELMI002741	O14974	mouse	Q9DBR7	9	17
ELMI004446	O15040	mouse	Q3UH45	1418	1423
ELMI002649	O15047	mouse	E9PYH6	1501	1508
ELMI001684	O15117	mouse	O35601	604	609
ELMI004304	O15118	mouse	O35604	1269	1275
ELMI000249	O15164	mouse	Q64127	713	718
ELMI000937	O15178	mouse	P20293	13	22
ELMI002059	O15234	mouse	Q8K3W3	141	149
ELMI000199	O15350	mouse	Q9JJP2	400	407
ELMI000920	O15350	mouse	Q9JJP2	357	371
ELMI001391	O15350	mouse	Q9JJP2	318	341
ELMI001958	O15350	mouse	Q9JJP2	402	408
ELMI001959	O15350	mouse	Q9JJP2	432	438
ELMI001960	O15350	mouse	Q9JJP2	472	478
ELMI002262	O15350	mouse	Q9JJP2	477	481
ELMI002840	O15350	mouse	Q9JJP2	11	19
ELMI004666	O15381	mouse	Q9DBY8	171	178
ELMI004276	O15427	mouse	P57787	445	452
ELMI002284	O15523	mouse	P16381	37	44
ELMI001233	O15525	mouse	O54790	12	19
ELMI002593	O15527	mouse	O08760	332	339
ELMI002311	O43149	mouse	Q5SSH7	0	7
ELMI004046	O43166	mouse	Q8C0T5	1607	1616
ELMI000033	O43187	mouse	Q8CFA1	520	529
ELMI000034	O43187	mouse	Q8CFA1	551	560
ELMI003653	O43236	mouse	P28661	103	108
ELMI003457	O43303	mouse	Q7TSH4	581	592
ELMI001659	O43516	mouse	Q8K1I7	32	49
ELMI001705	O43516	mouse	Q8K1I7	443	456
ELMI002695	O43516	mouse	Q8K1I7	440	451
ELMI000264	O43521	mouse	O54918	105	112
ELMI002987	O43524	mouse	Q9WVH4	28	34
ELMI003024	O43524	mouse	Q9WVH4	248	254
ELMI003179	O43524	mouse	Q9WVH4	446	452
ELMI002156	O43613	mouse	P58307	355	361
ELMI002157	O43613	mouse	P58307	78	86
ELMI004055	O43623	mouse	P97469	0	10
ELMI003578	O43681	mouse	O54984	12	20
ELMI000767	O43711	mouse	O55144	124	128
ELMI000766	O43763	mouse	Q61663	117	121
ELMI002046	O43815	mouse	O55106	300	308
ELMI002251	O60216	mouse	Q61550	168	173
ELMI003061	O60239	mouse	Q9Z131	345	352
ELMI004618	O60293	mouse	B2RT41	18	25
ELMI004619	O60293	mouse	B2RT41	23	31
ELMI003674	O60353	mouse	Q61089	492	503
ELMI003906	O60500	mouse	Q9QZS7	1231	1236
ELMI001213	O60516	mouse	Q80VV3	96	101
ELMI002099	O60516	mouse	Q80VV3	39	46
ELMI001297	O60566	mouse	Q9Z1S0	401	410
ELMI002600	O60566	mouse	Q9Z1S0	295	300
ELMI002601	O60566	mouse	Q9Z1S0	17	22
ELMI003165	O60566	mouse	Q9Z1S0	657	663
ELMI003266	O60566	mouse	Q9Z1S0	520	526
ELMI003271	O60566	mouse	Q9Z1S0	264	270
ELMI003272	O60566	mouse	Q9Z1S0	332	338
ELMI004595	O60566	mouse	Q9Z1S0	215	224
ELMI003287	O60583	mouse	Q7TQK0	500	509
ELMI000951	O60934	mouse	Q9R207	339	346
ELMI001948	O60934	mouse	Q9R207	733	741
ELMI003671	O75084	mouse	Q61090	544	555
ELMI004455	O75143	mouse	Q91YI1	441	451
ELMI002888	O75152	mouse	Q6NZF1	450	455
ELMI002889	O75152	mouse	Q6NZF1	110	116
ELMI004819	O75362	mouse	Q3U0X6	745	754
ELMI002868	O75367	mouse	Q9QZQ8	170	175
ELMI001107	O75553	mouse	P97318	359	368
ELMI004376	O75553	mouse	P97318	515	521
ELMI002944	O75582	mouse	Q8C050	793	808
ELMI003708	O75582	mouse	Q8C050	421	426
ELMI001333	O75674	mouse	Q923U0	307	313
ELMI001335	O75674	mouse	Q923U0	176	182
ELMI002945	O75676	mouse	Q9Z2B9	716	731
ELMI002312	O75695	mouse	Q9EPK2	0	7
ELMI004751	O75717	mouse	P59328	1105	1115
ELMI002286	O75821	mouse	Q9Z1D1	212	219
ELMI003833	O75822	mouse	Q3UGC7	126	133
ELMI002771	O75928	mouse	Q8C5D8	467	473
ELMI000574	O76024	mouse	P56695	26	32
ELMI000575	O76024	mouse	P56695	335	341
ELMI000576	O76024	mouse	P56695	500	506
ELMI000577	O76024	mouse	P56695	661	667
ELMI000578	O76024	mouse	P56695	746	752
ELMI003919	O94762	mouse	Q8VID5	954	964
ELMI004303	O94823	mouse	B1AWN4	25	31
ELMI004377	O94850	mouse	Q80TS7	142	148
ELMI003321	O94907	mouse	O54908	36	44
ELMI003821	O94916	mouse	Q9WV30	154	161
ELMI002926	O94985	mouse	Q9EPL2	900	910
ELMI002927	O94985	mouse	Q9EPL2	969	977
ELMI001125	O95081	mouse	Q80WC7	365	370
ELMI001126	O95081	mouse	Q80WC7	379	384
ELMI001127	O95081	mouse	Q80WC7	457	462
ELMI001128	O95081	mouse	Q80WC7	474	479
ELMI001255	O95149	mouse	Q80W37	1	17
ELMI004447	O95197	mouse	Q9ES97	232	243
ELMI004108	O95206	mouse	Q7TSK3	982	988
ELMI003166	O95239	mouse	P33174	1222	1228
ELMI000080	O95600	mouse	Q8BLM0	82	87
ELMI004781	O95630	mouse	Q9CQ26	230	239
ELMI003518	O95772	mouse	Q9DCI3	204	214
ELMI001312	O95863	mouse	Q02085	94	100
ELMI002144	O95863	mouse	Q02085	92	100
ELMI004057	O95863	mouse	Q02085	0	10
ELMI001013	O95997	mouse	Q9CQJ7	7	12
ELMI000954	O96017	mouse	Q9Z265	73	80
ELMI000980	O96017	mouse	Q9Z265	74	81
ELMI003170	O96017	mouse	Q9Z265	79	83
ELMI000124	P00533	mouse	Q01279	55	58
ELMI000289	P00533	mouse	Q01279	999	1003
ELMI001544	P00533	mouse	Q01279	1103	1110
ELMI002349	P00533	mouse	Q01279	1165	1172
ELMI003693	P00533	mouse	Q01279	1091	1095
ELMI003694	P00533	mouse	Q01279	1109	1113
ELMI004891	P00533	mouse	Q01279	1089	1096
ELMI000223	P00740	mouse	P16294	96	102
ELMI000601	P00740	mouse	P16294	202	208
ELMI000602	P00740	mouse	P16294	221	227
ELMI002734	P00740	mouse	P16294	107	119
ELMI000225	P00750	mouse	P11214	87	94
ELMI002719	P00797	mouse	P06281	62	65
ELMI003585	P01042	mouse	Q6S9I3	602	607
ELMI001242	P01100	mouse	P01101	263	271
ELMI003048	P01100	mouse	P01101	342	346
ELMI000313	P01112	mouse	Q61411	179	186
ELMI003437	P01112	mouse	Q61411	185	189
ELMI003439	P01116	mouse	P32883	185	189
ELMI000606	P01225	mouse	Q60687	24	30
ELMI000343	P01266	mouse	O08710	75	81
ELMI000518	P01266	mouse	O08710	109	115
ELMI000519	P01266	mouse	O08710	197	203
ELMI000520	P01266	mouse	O08710	482	488
ELMI000521	P01266	mouse	O08710	527	533
ELMI000522	P01266	mouse	O08710	746	752
ELMI000523	P01266	mouse	O08710	815	821
ELMI000524	P01266	mouse	O08710	946	952
ELMI000525	P01266	mouse	O08710	1219	1225
ELMI000526	P01266	mouse	O08710	1346	1352
ELMI000527	P01266	mouse	O08710	1363	1369
ELMI000528	P01266	mouse	O08710	1713	1719
ELMI000529	P01266	mouse	O08710	1771	1777
ELMI000530	P01266	mouse	O08710	2008	2014
ELMI000531	P01266	mouse	O08710	2247	2253
ELMI000532	P01266	mouse	O08710	2292	2298
ELMI000533	P01266	mouse	O08710	2579	2585
ELMI004293	P01730	mouse	P06332	432	438
ELMI004874	P02458	mouse	P28481	326	332
ELMI004875	P02458	mouse	P28481	701	707
ELMI004879	P02461	mouse	P08121	286	292
ELMI000605	P02730	mouse	P04919	658	664
ELMI000290	P02786	mouse	Q62351	19	23
ELMI000115	P04004	mouse	P29788	63	66
ELMI000365	P04035	mouse	Q01237	883	887
ELMI000007	P04040	mouse	P24270	523	527
ELMI002553	P04049	mouse	Q99N57	253	262
ELMI003008	P04049	mouse	Q99N57	253	263
ELMI003009	P04049	mouse	Q99N57	617	623
ELMI003010	P04049	mouse	Q99N57	230	235
ELMI000599	P04156	mouse	P04925	178	184
ELMI000600	P04156	mouse	P04925	194	200
ELMI002183	P04234	mouse	P04235	145	163
ELMI000813	P04626	mouse	P70424	1139	1143
ELMI001587	P04626	mouse	P70424	1250	1256
ELMI001541	P04629	mouse	Q3UFB7	492	499
ELMI001555	P05067	mouse	P12023	755	763
ELMI002125	P05067	mouse	P12023	756	760
ELMI002136	P05067	mouse	P12023	739	745
ELMI001539	P05106	mouse	O54890	765	772
ELMI001548	P05106	mouse	O54890	777	784
ELMI001559	P05106	mouse	O54890	765	773
ELMI001571	P05106	mouse	O54890	777	785
ELMI000607	P05111	mouse	Q04997	300	306
ELMI000268	P05412	mouse	P05627	229	238
ELMI000964	P05412	mouse	P05627	248	255
ELMI001020	P05412	mouse	P05627	31	42
ELMI001238	P05412	mouse	P05627	227	237
ELMI001387	P05412	mouse	P05627	238	246
ELMI001860	P05412	mouse	P05627	238	246
ELMI001965	P05412	mouse	P05627	59	65
ELMI001966	P05412	mouse	P05627	69	75
ELMI003097	P05412	mouse	P05627	34	43
ELMI001553	P05556	mouse	P09055	776	784
ELMI001558	P05556	mouse	P09055	788	796
ELMI001461	P05787	mouse	P11679	76	83
ELMI001540	P06213	mouse	P15208	982	989
ELMI002130	P06213	mouse	P15208	1350	1354
ELMI000316	P06239	mouse	P06240	0	7
ELMI004908	P06239	mouse	P06240	504	509
ELMI000129	P06241	mouse	P39688	526	535
ELMI004907	P06241	mouse	P39688	530	535
ELMI000052	P06400	mouse	P13405	862	873
ELMI001389	P06400	mouse	P13405	852	870
ELMI001916	P06400	mouse	P13405	875	880
ELMI001917	P06400	mouse	P13405	339	344
ELMI002287	P06400	mouse	P13405	863	871
ELMI003257	P06400	mouse	P13405	242	248
ELMI003258	P06400	mouse	P13405	242	249
ELMI003259	P06400	mouse	P13405	363	370
ELMI003260	P06400	mouse	P13405	800	807
ELMI003970	P06400	mouse	P13405	889	901
ELMI004831	P06400	mouse	P13405	592	602
ELMI000877	P06401	mouse	Q00175	386	390
ELMI000208	P06729	mouse	P08920	274	282
ELMI002117	P06729	mouse	P08920	287	296
ELMI002165	P06729	mouse	P08920	286	293
ELMI004426	P06729	mouse	P08920	319	325
ELMI000292	P07306	mouse	P34927	4	8
ELMI004901	P07333	mouse	P09581	556	563
ELMI001598	P07550	mouse	P18762	412	418
ELMI002040	P07766	mouse	P22646	166	184
ELMI002133	P07766	mouse	P22646	165	170
ELMI000041	P07900	mouse	P07901	729	733
ELMI000966	P07900	mouse	P07901	1	8
ELMI000967	P07900	mouse	P07901	3	10
ELMI000132	P07948	mouse	P25911	503	512
ELMI002625	P08151	mouse	P47806	122	130
ELMI003843	P08238	mouse	P11499	222	229
ELMI003844	P08238	mouse	P11499	251	258
ELMI001905	P08621	mouse	Q62376	349	354
ELMI000222	P08709	mouse	P70375	90	96
ELMI000763	P09016	mouse	P10628	131	135
ELMI000759	P09067	mouse	P09079	176	180
ELMI000814	P09619	mouse	P05622	714	718
ELMI001599	P09619	mouse	P05622	1092	1098
ELMI003695	P09619	mouse	P05622	773	777
ELMI003873	P09619	mouse	P05622	1005	1012
ELMI004892	P09619	mouse	P05622	577	584
ELMI004893	P09619	mouse	P05622	747	755
ELMI000761	P09629	mouse	P09024	126	130
ELMI000134	P09769	mouse	P14234	506	515
ELMI004275	P09958	mouse	P23188	780	787
ELMI004856	P0C6C1	mouse	Q8BLB8	167	171
ELMI002627	P10071	mouse	Q61602	332	340
ELMI000220	P10153	mouse	Q8K196	30	33
ELMI003233	P10275	mouse	P19091	57	63
ELMI001434	P10276	mouse	P11416	177	184
ELMI001435	P10276	mouse	P11416	441	448
ELMI001495	P10276	mouse	P11416	365	372
ELMI001984	P10276	mouse	P11416	73	79
ELMI000332	P10643	mouse	D3YXF5	505	509
ELMI003749	P10721	mouse	P05532	937	941
ELMI000386	P10747	mouse	P31041	188	192
ELMI000006	P11021	mouse	P20029	651	655
ELMI002180	P11117	mouse	P24638	412	416
ELMI000408	P11274	mouse	Q6PAJ1	177	181
ELMI001582	P11274	mouse	Q6PAJ1	1264	1270
ELMI000294	P11279	mouse	P11438	402	406
ELMI001251	P11387	mouse	Q04750	117	125
ELMI003379	P11388	mouse	Q01320	1335	1342
ELMI001920	P11473	mouse	P48281	189	194
ELMI000508	P11717	mouse	Q07113	2476	2483
ELMI000957	P11831	mouse	Q9JM73	427	434
ELMI000958	P11831	mouse	Q9JM73	438	445
ELMI002154	P11912	mouse	P11911	178	196
ELMI002724	P12644	mouse	P21275	286	293
ELMI001950	P13010	mouse	P27641	719	728
ELMI000569	P13497	mouse	P98063	94	100
ELMI000570	P13497	mouse	P98063	145	151
ELMI000571	P13497	mouse	P98063	335	341
ELMI000572	P13497	mouse	P98063	366	372
ELMI000573	P13497	mouse	P98063	602	608
ELMI002704	P13497	mouse	P98063	121	126
ELMI002120	P13569	mouse	P26361	1470	1476
ELMI003030	P13569	mouse	P26361	760	765
ELMI003031	P13569	mouse	P26361	745	750
ELMI003032	P13569	mouse	P26361	786	792
ELMI001420	P13796	mouse	Q61233	1	8
ELMI003021	P14136	mouse	P03995	4	13
ELMI001236	P14316	mouse	P23906	135	142
ELMI003709	P14317	mouse	P49710	404	409
ELMI003883	P14317	mouse	P49710	385	392
ELMI000180	P14598	mouse	Q09014	362	368
ELMI002016	P14598	mouse	Q09014	342	348
ELMI000757	P14651	mouse	P09026	129	133
ELMI000756	P14652	mouse	P0C1T1	92	96
ELMI000755	P14653	mouse	P17919	175	179
ELMI001550	P14784	mouse	P16297	360	367
ELMI003204	P15036	mouse	P15037	45	56
ELMI003205	P15036	mouse	P15037	299	310
ELMI003089	P15336	mouse	P16951	146	153
ELMI004281	P15514	mouse	P31955	231	238
ELMI003345	P16333	mouse	Q99M51	64	75
ELMI004644	P17096	mouse	P17095	40	47
ELMI002453	P17181	mouse	P33896	524	530
ELMI000758	P17483	mouse	P10284	140	144
ELMI000760	P17509	mouse	P09023	127	131
ELMI001453	P17542	mouse	P22091	118	125
ELMI001640	P17612	mouse	P05132	347	351
ELMI002202	P17612	mouse	P05132	0	7
ELMI000857	P17676	mouse	P28033	131	135
ELMI001693	P18206	mouse	Q64727	841	846
ELMI004899	P18433	mouse	P18052	822	829
ELMI002122	P18827	mouse	P18828	305	311
ELMI001309	P18848	mouse	Q06507	216	223
ELMI002705	P18850	mouse	F6VAN0	402	407
ELMI000311	P19086	mouse	O70443	0	7
ELMI002862	P19338	mouse	P09405	320	327
ELMI001018	P19419	mouse	P41969	312	322
ELMI001027	P19419	mouse	P41969	395	399
ELMI003064	P19419	mouse	P41969	315	322
ELMI004289	P20020	mouse	G5E829	1156	1162
ELMI002655	P20073	mouse	Q07076	3	12
ELMI004274	P20309	mouse	Q9ERZ3	273	280
ELMI004695	P20333	mouse	P25119	423	429
ELMI000507	P20645	mouse	P24668	271	278
ELMI003436	P20700	mouse	P14733	584	588
ELMI003588	P20908	mouse	O88207	1645	1650
ELMI002041	P20963	mouse	P24161	68	86
ELMI000597	P21452	mouse	P30549	9	15
ELMI000598	P21452	mouse	P30549	17	23
ELMI000120	P21815	mouse	Q61711	292	295
ELMI000540	P21815	mouse	Q61711	181	187
ELMI000541	P21815	mouse	Q61711	186	192
ELMI000542	P21815	mouse	Q61711	194	200
ELMI001552	P21860	mouse	Q61526	1318	1325
ELMI002612	P21860	mouse	Q61526	1258	1262
ELMI003567	P22059	mouse	Q3B7Z2	353	362
ELMI003482	P22087	mouse	P35550	12	17
ELMI000579	P22303	mouse	P21836	294	300
ELMI000580	P22303	mouse	P21836	379	385
ELMI000581	P22303	mouse	P21836	493	499
ELMI001101	P22307	mouse	P32020	543	547
ELMI000364	P22309	mouse	Q63886	530	535
ELMI000972	P23025	mouse	Q64267	191	198
ELMI002846	P23025	mouse	Q64267	28	44
ELMI003288	P23109	mouse	Q3V1D3	77	86
ELMI001214	P23443	mouse	Q8BSK8	27	33
ELMI001593	P23634	mouse	Q6Q477	1199	1205
ELMI003118	P24385	mouse	P25322	1	19
ELMI004149	P24385	mouse	P25322	288	295
ELMI001542	P24394	mouse	P16382	493	500
ELMI001385	P24864	mouse	Q61457	390	397
ELMI001863	P24864	mouse	Q61457	389	397
ELMI002282	P24864	mouse	Q61457	385	393
ELMI003587	P25391	mouse	P19137	2197	2202
ELMI003835	P25686	mouse	Q9QYI5	246	253
ELMI000016	P25942	mouse	P27512	234	240
ELMI000050	P25942	mouse	P27512	250	254
ELMI001303	P25963	mouse	Q9Z1E3	30	36
ELMI001554	P26010	mouse	P26011	770	778
ELMI004606	P26038	mouse	P26041	554	560
ELMI003035	P26045	mouse	A2ALK8	355	361
ELMI004866	P26368	mouse	P26369	357	361
ELMI002079	P26678	mouse	P61014	11	14
ELMI000048	P26842	mouse	P41272	235	239
ELMI000013	P27797	mouse	P14211	412	416
ELMI000314	P27918	mouse	P11680	78	82
ELMI000315	P27918	mouse	P11680	134	138
ELMI000317	P27918	mouse	P11680	137	141
ELMI000318	P27918	mouse	P11680	191	195
ELMI000319	P27918	mouse	P11680	194	198
ELMI000320	P27918	mouse	P11680	255	259
ELMI000321	P27918	mouse	P11680	316	320
ELMI000322	P27918	mouse	P11680	376	380
ELMI000324	P27918	mouse	P11680	379	383
ELMI001019	P28324	mouse	P41158	316	326
ELMI001028	P28324	mouse	P41158	396	400
ELMI001436	P28324	mouse	P41158	376	383
ELMI001437	P28324	mouse	P41158	382	389
ELMI001031	P28562	mouse	P28563	338	342
ELMI001395	P28562	mouse	P28563	53	62
ELMI000053	P28749	mouse	Q64701	654	664
ELMI003971	P28749	mouse	Q64701	1048	1060
ELMI000054	P28908	mouse	Q60846	463	467
ELMI004694	P28908	mouse	Q60846	478	484
ELMI000811	P29353	mouse	P98083	348	352
ELMI000812	P29353	mouse	P98083	422	426
ELMI003119	P29374	mouse	F8VPQ2	959	977
ELMI003120	P29375	mouse	Q3UXZ9	1369	1388
ELMI000221	P29460	mouse	P43432	322	326
ELMI002316	P29966	mouse	P26645	0	7
ELMI002155	P30273	mouse	P20491	61	79
ELMI003145	P30279	mouse	P30280	1	17
ELMI004150	P30279	mouse	P30280	282	289
ELMI003146	P30281	mouse	P30282	1	18
ELMI004151	P30281	mouse	P30282	285	292
ELMI003377	P30291	mouse	P47810	48	55
ELMI003449	P30291	mouse	P47810	135	142
ELMI003450	P30291	mouse	P47810	119	126
ELMI003455	P30291	mouse	P47810	176	187
ELMI003929	P30305	mouse	P30306	197	201
ELMI001012	P30307	mouse	P48967	148	153
ELMI002160	P30307	mouse	P48967	210	225
ELMI003363	P30307	mouse	P48967	216	223
ELMI003380	P30307	mouse	P48967	209	216
ELMI002075	P30518	mouse	O88721	246	249
ELMI000591	P30559	mouse	P97926	6	12
ELMI000592	P30559	mouse	P97926	13	19
ELMI000593	P30559	mouse	P97926	24	30
ELMI000310	P31273	mouse	P09025	138	142
ELMI001586	P31431	mouse	O35988	192	198
ELMI004861	P31629	mouse	Q3UHF7	998	1002
ELMI001976	P31749	mouse	P31750	88	94
ELMI001977	P31749	mouse	P31750	446	452
ELMI003847	P31749	mouse	P31750	125	132
ELMI000585	P32927	mouse	P26955	60	66
ELMI000586	P32927	mouse	P26955	192	198
ELMI000587	P32927	mouse	P26955	348	354
ELMI004254	P33527	mouse	O35379	296	302
ELMI001097	P34931	mouse	P16627	637	641
ELMI004282	P35070	mouse	Q05928	154	161
ELMI001302	P35222	mouse	Q02248	31	37
ELMI001502	P35222	mouse	Q02248	548	555
ELMI001503	P35222	mouse	Q02248	671	678
ELMI001576	P35222	mouse	Q02248	775	781
ELMI001964	P35222	mouse	Q02248	242	248
ELMI002616	P35222	mouse	Q02248	29	37
ELMI001513	P35240	mouse	P46662	514	521
ELMI004608	P35241	mouse	P26043	560	566
ELMI002212	P35555	mouse	Q61554	2305	2308
ELMI002082	P35610	mouse	Q61263	3	7
ELMI003532	P36383	mouse	P28229	393	396
ELMI003892	P36404	mouse	Q9D0J4	0	10
ELMI000047	P36941	mouse	P50284	393	397
ELMI004700	P36941	mouse	P50284	378	384
ELMI000085	P37275	mouse	Q64318	711	716
ELMI003378	P37840	mouse	O55042	125	132
ELMI000961	P38398	mouse	P48754	1342	1346
ELMI000962	P38398	mouse	P48754	1375	1382
ELMI000963	P38398	mouse	P48754	1477	1484
ELMI001039	P38398	mouse	P48754	881	888
ELMI001374	P38398	mouse	P48754	599	605
ELMI001375	P38398	mouse	P48754	495	501
ELMI001376	P38398	mouse	P48754	496	501
ELMI001377	P38398	mouse	P48754	496	501
ELMI002399	P38398	mouse	P48754	498	502
ELMI002400	P38398	mouse	P48754	497	501
ELMI002401	P38398	mouse	P48754	497	501
ELMI002552	P38398	mouse	P48754	498	505
ELMI000067	P38936	mouse	P39689	14	25
ELMI000791	P38936	mouse	P39689	138	148
ELMI001943	P38936	mouse	P39689	139	152
ELMI002172	P38936	mouse	P39689	136	153
ELMI002426	P38936	mouse	P39689	134	143
ELMI000543	P40189	mouse	Q00560	41	47
ELMI000544	P40189	mouse	Q00560	81	87
ELMI000545	P40189	mouse	Q00560	129	135
ELMI000546	P40189	mouse	Q00560	155	161
ELMI000547	P40189	mouse	Q00560	223	229
ELMI000548	P40189	mouse	Q00560	375	381
ELMI000549	P40189	mouse	Q00560	379	385
ELMI000550	P40189	mouse	Q00560	549	555
ELMI000551	P40189	mouse	Q00560	560	566
ELMI004285	P40189	mouse	Q00560	779	785
ELMI000534	P40225	mouse	P40226	195	201
ELMI000535	P40225	mouse	P40226	204	210
ELMI000536	P40225	mouse	P40226	233	239
ELMI000537	P40225	mouse	P40226	254	260
ELMI000538	P40225	mouse	P40226	341	347
ELMI000539	P40225	mouse	P40226	349	355
ELMI002956	P40238	mouse	Q08351	520	530
ELMI002199	P40259	mouse	P15530	191	209
ELMI002020	P40763	mouse	P42227	723	729
ELMI004785	P40818	mouse	Q80U87	404	413
ELMI004786	P40818	mouse	Q80U87	699	708
ELMI002240	P40855	mouse	Q8VCI5	70	75
ELMI002242	P40855	mouse	Q8VCI5	17	29
ELMI002766	P41161	mouse	Q9CXC9	65	73
ELMI000552	P41180	mouse	Q9QY96	88	94
ELMI000553	P41180	mouse	Q9QY96	128	134
ELMI000554	P41180	mouse	Q9QY96	259	265
ELMI000555	P41180	mouse	Q9QY96	285	291
ELMI000556	P41180	mouse	Q9QY96	384	390
ELMI000557	P41180	mouse	Q9QY96	444	450
ELMI000558	P41180	mouse	Q9QY96	466	472
ELMI000559	P41180	mouse	Q9QY96	486	492
ELMI000560	P41180	mouse	Q9QY96	539	545
ELMI004295	P41180	mouse	Q9QY96	1009	1015
ELMI001452	P41212	mouse	P97360	247	254
ELMI001635	P41743	mouse	Q62074	577	583
ELMI000087	P41970	mouse	P41971	274	279
ELMI003056	P42285	mouse	Q9CZU3	7	14
ELMI001660	P42768	mouse	P70315	448	465
ELMI003343	P42768	mouse	P70315	483	492
ELMI001102	P43146	mouse	P70211	1330	1339
ELMI003302	P43146	mouse	P70211	1145	1155
ELMI004678	P43146	mouse	P70211	1424	1443
ELMI001023	P45985	mouse	P47809	37	46
ELMI003090	P45985	mouse	P47809	38	47
ELMI003299	P45985	mouse	P47809	38	46
ELMI000069	P46527	mouse	P46414	26	37
ELMI001938	P46527	mouse	P46414	182	190
ELMI001962	P46527	mouse	P46414	183	189
ELMI002138	P46527	mouse	P46414	183	190
ELMI002425	P46527	mouse	P46414	151	160
ELMI002979	P46527	mouse	P46414	195	197
ELMI001401	P46531	mouse	Q01705	2483	2491
ELMI002029	P46531	mouse	Q01705	2107	2113
ELMI002030	P46531	mouse	Q01705	2118	2124
ELMI002031	P46531	mouse	Q01705	2122	2128
ELMI002957	P46531	mouse	Q01705	1756	1760
ELMI002261	P46937	mouse	P46938	482	488
ELMI002993	P46937	mouse	P46938	108	114
ELMI003536	P46937	mouse	P46938	485	488
ELMI003939	P46937	mouse	P46938	79	83
ELMI001869	P46940	mouse	Q9JKF1	805	825
ELMI001870	P46940	mouse	Q9JKF1	835	854
ELMI000753	P47902	mouse	P18111	132	136
ELMI000582	P48023	mouse	P41047	180	186
ELMI000583	P48023	mouse	P41047	246	252
ELMI000584	P48023	mouse	P41047	256	262
ELMI001589	P48039	mouse	Q61184	347	353
ELMI001426	P48048	mouse	O88335	196	203
ELMI001427	P48048	mouse	O88335	290	297
ELMI002952	P48382	mouse	Q9JL61	171	179
ELMI001511	P48436	mouse	Q04887	60	67
ELMI001887	P48539	mouse	P63054	39	59
ELMI000089	P48552	mouse	Q8CBD1	440	445
ELMI000771	P48552	mouse	Q8CBD1	19	26
ELMI000772	P48552	mouse	Q8CBD1	131	138
ELMI000773	P48552	mouse	Q8CBD1	183	190
ELMI000774	P48552	mouse	Q8CBD1	265	272
ELMI000775	P48552	mouse	Q8CBD1	380	387
ELMI000776	P48552	mouse	Q8CBD1	499	506
ELMI000777	P48552	mouse	Q8CBD1	500	507
ELMI000778	P48552	mouse	Q8CBD1	712	719
ELMI000779	P48552	mouse	Q8CBD1	818	825
ELMI000780	P48552	mouse	Q8CBD1	935	942
ELMI004737	P48643	mouse	P80316	537	541
ELMI001205	P49137	mouse	P49138	339	354
ELMI002941	P49137	mouse	P49138	355	372
ELMI000363	P49257	mouse	Q9D0F3	513	517
ELMI000296	P49418	mouse	Q7TQF7	323	328
ELMI000450	P49418	mouse	Q7TQF7	350	355
ELMI000453	P49418	mouse	Q7TQF7	379	385
ELMI003660	P49418	mouse	Q7TQF7	289	294
ELMI002071	P49685	mouse	Q0VDU3	351	354
ELMI002983	P49685	mouse	Q0VDU3	355	360
ELMI000856	P49715	mouse	P53566	157	161
ELMI001232	P49715	mouse	P53566	157	164
ELMI001237	P49715	mouse	P53566	157	166
ELMI001241	P49715	mouse	P53566	157	167
ELMI000858	P49716	mouse	Q00322	118	122
ELMI000965	P49736	mouse	P97310	104	111
ELMI000494	P49755	mouse	Q9D1D4	214	219
ELMI000495	P49755	mouse	Q9D1D4	203	219
ELMI001132	P49757	mouse	Q9QZS3	637	642
ELMI002841	P49757	mouse	Q9QZS3	617	625
ELMI004758	P49790	mouse	E9Q3G8	483	489
ELMI002776	P49792	mouse	Q9ERU9	2467	2474
ELMI002817	P49792	mouse	Q9ERU9	2465	2474
ELMI002860	P49792	mouse	Q9ERU9	2405	2410
ELMI002890	P49792	mouse	Q9ERU9	2425	2431
ELMI003685	P49915	mouse	Q3THK7	320	325
ELMI000272	P50539	mouse	P50540	8	19
ELMI003398	P50552	mouse	P70460	199	206
ELMI001433	P50616	mouse	Q61471	150	157
ELMI001610	P50616	mouse	Q61471	129	142
ELMI001611	P50616	mouse	Q61471	281	294
ELMI003213	P50750	mouse	Q99J95	86	94
ELMI004258	P50895	mouse	Q9R069	597	603
ELMI002656	P50995	mouse	P97384	3	14
ELMI002168	P51168	mouse	Q9WU38	614	618
ELMI002169	P51170	mouse	Q9WU39	629	633
ELMI000135	P51451	mouse	P16277	490	499
ELMI004256	P51788	mouse	Q9R0A1	626	632
ELMI002444	P51955	mouse	O35942	379	386
ELMI002481	P51955	mouse	O35942	440	443
ELMI003171	P51959	mouse	P51945	285	291
ELMI003289	P52564	mouse	P70236	6	15
ELMI001421	P52565	mouse	Q99PT1	170	177
ELMI001921	P52566	mouse	Q61599	15	19
ELMI001120	P52594	mouse	Q8K2K6	556	561
ELMI001121	P52594	mouse	Q8K2K6	537	542
ELMI001122	P52594	mouse	Q8K2K6	431	436
ELMI001123	P52594	mouse	Q8K2K6	446	451
ELMI000799	P52701	mouse	P54276	3	13
ELMI003879	P52799	mouse	P52800	304	311
ELMI000764	P52945	mouse	P52946	119	123
ELMI001004	P53350	mouse	Q07832	335	344
ELMI004772	P53805	mouse	Q9JHG6	206	212
ELMI000973	P54132	mouse	O88700	95	102
ELMI000974	P54132	mouse	O88700	118	125
ELMI003614	P54132	mouse	O88700	1320	1325
ELMI001398	P54253	mouse	P54254	745	751
ELMI001400	P54253	mouse	P54254	744	750
ELMI002971	P54253	mouse	P54254	43	47
ELMI002985	P54253	mouse	P54254	748	753
ELMI001933	P54259	mouse	O35126	105	110
ELMI002256	P54259	mouse	O35126	102	107
ELMI000955	P54274	mouse	P70371	202	209
ELMI001990	P54274	mouse	P70371	132	138
ELMI002053	P54274	mouse	P70371	9	10
ELMI000038	P54652	mouse	P17156	629	633
ELMI003316	P54829	mouse	P54830	214	227
ELMI001929	P55212	mouse	O08738	158	163
ELMI001930	P55212	mouse	O08738	171	176
ELMI001931	P55212	mouse	O08738	1	6
ELMI000939	P55317	mouse	P35582	394	403
ELMI000213	P56524	mouse	Q6NZM9	47	52
ELMI000864	P56524	mouse	Q6NZM9	554	558
ELMI001250	P56524	mouse	Q6NZM9	554	563
ELMI002947	P56524	mouse	Q6NZM9	347	357
ELMI002999	P56524	mouse	Q6NZM9	240	247
ELMI003000	P56524	mouse	Q6NZM9	461	467
ELMI003001	P56524	mouse	Q6NZM9	625	631
ELMI002318	P56559	mouse	P61208	0	7
ELMI000977	P56915	mouse	Q02591	4	13
ELMI003732	P56945	mouse	Q61140	365	370
ELMI004895	P56945	mouse	Q61140	665	672
ELMI004462	P56962	mouse	Q9D0I4	169	179
ELMI002756	P60321	mouse	P60322	5	15
ELMI002111	P60484	mouse	O08586	380	385
ELMI002142	P60484	mouse	O08586	381	388
ELMI002604	P60953	mouse	P60766	187	191
ELMI000921	P61925	mouse	P63248	36	51
ELMI000882	P61956	mouse	P61957	9	13
ELMI003469	P61978	mouse	P61979	296	301
ELMI002319	P63096	mouse	B2RSH2	0	7
ELMI002777	P78317	mouse	Q9QZS2	60	66
ELMI002778	P78317	mouse	Q9QZS2	69	76
ELMI002779	P78317	mouse	Q9QZS2	48	54
ELMI002809	P78317	mouse	Q9QZS2	37	45
ELMI002810	P78317	mouse	Q9QZS2	69	76
ELMI000561	P78363	mouse	O35600	96	102
ELMI000562	P78363	mouse	O35600	413	419
ELMI000563	P78363	mouse	O35600	442	448
ELMI000564	P78363	mouse	O35600	502	508
ELMI000565	P78363	mouse	O35600	1466	1472
ELMI000566	P78363	mouse	O35600	1526	1532
ELMI000567	P78363	mouse	O35600	1585	1591
ELMI000568	P78363	mouse	O35600	1659	1665
ELMI002596	P78381	mouse	Q9R0M8	389	390
ELMI003264	P78396	mouse	Q61456	90	96
ELMI001906	P78527	mouse	P97313	2709	2714
ELMI002033	P78543	mouse	Q04211	143	149
ELMI001991	P84022	mouse	Q8BUN5	175	181
ELMI001992	P84022	mouse	Q8BUN5	200	206
ELMI001993	P84022	mouse	Q8BUN5	204	210
ELMI001994	P84022	mouse	Q8BUN5	209	215
ELMI002176	P84022	mouse	Q8BUN5	200	208
ELMI002321	P84077	mouse	P84078	0	7
ELMI003874	P98172	mouse	P52795	313	320
ELMI002279	P98177	mouse	Q9WVH3	26	35
ELMI002280	P98177	mouse	Q9WVH3	191	200
ELMI002988	P98177	mouse	Q9WVH3	28	34
ELMI003025	P98177	mouse	Q9WVH3	193	199
ELMI000865	Q00613	mouse	P38532	296	300
ELMI002190	Q00613	mouse	P38532	299	307
ELMI002191	Q00613	mouse	P38532	303	310
ELMI002886	Q00839	mouse	Q8VEK3	237	243
ELMI000953	Q00987	mouse	P23804	390	397
ELMI001069	Q00987	mouse	P23804	143	148
ELMI001070	Q00987	mouse	P23804	223	228
ELMI002274	Q00987	mouse	P23804	395	400
ELMI002276	Q00987	mouse	P23804	402	409
ELMI002550	Q00987	mouse	P23804	157	166
ELMI002551	Q00987	mouse	P23804	177	182
ELMI003828	Q00987	mouse	P23804	114	121
ELMI001597	Q01344	mouse	P21183	409	415
ELMI003291	Q01432	mouse	O08739	81	90
ELMI003647	Q01668	mouse	Q99246	52	60
ELMI004106	Q01668	mouse	Q99246	2050	2056
ELMI004849	Q01850	mouse	P97817	294	298
ELMI001970	Q01860	mouse	P20263	8	14
ELMI003745	Q01973	mouse	Q9Z139	788	793
ELMI001024	Q02078	mouse	Q60929	266	275
ELMI002187	Q02078	mouse	Q60929	402	409
ELMI002189	Q02078	mouse	Q60929	399	403
ELMI003277	Q02078	mouse	Q60929	267	275
ELMI002989	Q02156	mouse	P16054	342	348
ELMI003043	Q02156	mouse	P16054	363	370
ELMI001035	Q02363	mouse	P41136	98	107
ELMI003657	Q02363	mouse	P41136	23	28
ELMI001594	Q02410	mouse	B2RUJ5	836	842
ELMI004545	Q02410	mouse	B2RUJ5	380	387
ELMI001927	Q02413	mouse	Q61495	903	908
ELMI000884	Q02447	mouse	O70494	551	555
ELMI001022	Q02750	mouse	P31938	2	11
ELMI001188	Q04206	mouse	Q04207	137	142
ELMI001961	Q04206	mouse	Q04207	250	256
ELMI002162	Q04206	mouse	Q04207	300	307
ELMI002958	Q04721	mouse	O35516	1710	1714
ELMI001636	Q05513	mouse	Q02956	574	580
ELMI002064	Q05586	mouse	P35438	892	895
ELMI002147	Q05586	mouse	P35438	893	900
ELMI000176	Q06187	mouse	P35991	185	192
ELMI000177	Q06187	mouse	P35991	199	206
ELMI003224	Q06481	mouse	Q06335	676	684
ELMI000151	Q06609	mouse	Q08297	314	321
ELMI000044	Q07011	mouse	P20334	228	232
ELMI002861	Q07666	mouse	Q60749	97	104
ELMI002057	Q07820	mouse	P97287	57	65
ELMI003068	Q07820	mouse	P97287	117	124
ELMI003250	Q07820	mouse	P97287	69	76
ELMI000183	Q07889	mouse	Q62245	1136	1142
ELMI000184	Q07889	mouse	Q62245	1137	1143
ELMI001442	Q07889	mouse	Q62245	1149	1156
ELMI001443	Q07889	mouse	Q62245	1160	1167
ELMI001444	Q07889	mouse	Q62245	1175	1182
ELMI004804	Q07889	mouse	Q62245	1287	1297
ELMI000060	Q08999	mouse	Q64700	673	683
ELMI003972	Q08999	mouse	Q64700	1120	1132
ELMI003215	Q0VD86	mouse	Q6PKN7	19	27
ELMI001907	Q12772	mouse	Q3U1N2	453	458
ELMI002706	Q12772	mouse	Q3U1N2	507	512
ELMI004795	Q12774	mouse	E9Q7D5	617	625
ELMI003816	Q12778	mouse	Q9R1E0	318	325
ELMI004172	Q12792	mouse	Q91YR1	322	333
ELMI002012	Q12800	mouse	Q9ERA0	287	293
ELMI002013	Q12800	mouse	Q9ERA0	305	311
ELMI002014	Q12800	mouse	Q9ERA0	325	331
ELMI002305	Q12800	mouse	Q9ERA0	285	291
ELMI002830	Q12830	mouse	A2A654	741	747
ELMI000283	Q12834	mouse	Q9JJ66	128	137
ELMI001006	Q12834	mouse	Q9JJ66	95	100
ELMI002492	Q12834	mouse	Q9JJ66	496	499
ELMI002507	Q12834	mouse	Q9JJ66	76	83
ELMI003806	Q12929	mouse	Q08509	214	221
ELMI003807	Q12929	mouse	Q08509	209	216
ELMI001310	Q12959	mouse	Q811D0	596	602
ELMI003253	Q12959	mouse	Q811D0	154	161
ELMI003254	Q12959	mouse	Q811D0	439	446
ELMI001072	Q12972	mouse	Q8R3G1	197	204
ELMI004487	Q12983	mouse	O55003	11	18
ELMI001614	Q12986	mouse	B1AY10	10	23
ELMI003095	Q13023	mouse	E9Q9K8	432	441
ELMI003126	Q13029	mouse	A2A7B5	304	324
ELMI004820	Q13029	mouse	A2A7B5	730	739
ELMI000919	Q13043	mouse	Q9JI11	358	374
ELMI001902	Q13043	mouse	Q9JI11	322	327
ELMI001256	Q13085	mouse	Q5SWU9	1260	1265
ELMI000246	Q13111	mouse	Q9QWF0	221	226
ELMI003831	Q13114	mouse	Q60803	347	354
ELMI003810	Q13158	mouse	Q61160	193	200
ELMI003309	Q13191	mouse	Q3TTA7	490	499
ELMI003707	Q13191	mouse	Q3TTA7	801	806
ELMI003726	Q13191	mouse	Q3TTA7	663	668
ELMI003727	Q13191	mouse	Q3TTA7	707	712
ELMI004428	Q13191	mouse	Q3TTA7	905	911
ELMI003654	Q13247	mouse	Q3TWW8	299	304
ELMI001697	Q13255	mouse	P97772	1151	1156
ELMI000250	Q13263	mouse	Q62318	485	490
ELMI001450	Q13322	mouse	Q60760	90	99
ELMI001463	Q13322	mouse	Q60760	499	506
ELMI000073	Q13352	mouse	Q9CQ82	1	10
ELMI000451	Q13367	mouse	Q9JME5	807	812
ELMI001218	Q13409	mouse	O88487	129	136
ELMI002435	Q13444	mouse	O88839	767	773
ELMI001627	Q13464	mouse	P70335	393	399
ELMI001925	Q13464	mouse	P70335	1109	1114
ELMI002688	Q13469	mouse	Q60591	370	374
ELMI001184	Q13492	mouse	Q7M6Y3	435	440
ELMI001185	Q13492	mouse	Q7M6Y3	645	650
ELMI002823	Q13501	mouse	Q64337	348	354
ELMI004465	Q13501	mouse	Q64337	336	348
ELMI003836	Q13516	mouse	Q9EQW6	9	16
ELMI004621	Q13523	mouse	Q61136	146	153
ELMI001211	Q13541	mouse	Q60876	112	117
ELMI002096	Q13541	mouse	Q60876	52	59
ELMI001212	Q13542	mouse	P70445	115	120
ELMI002097	Q13542	mouse	P70445	53	60
ELMI000862	Q13547	mouse	O09106	442	446
ELMI000863	Q13547	mouse	O09106	474	478
ELMI003141	Q13547	mouse	O09106	410	428
ELMI001301	Q13563	mouse	O35245	5	10
ELMI004660	Q13568	mouse	P56477	439	445
ELMI000885	Q13569	mouse	P56581	339	343
ELMI000611	Q13724	mouse	Q80UM7	652	658
ELMI000746	Q13761	mouse	Q64131	405	409
ELMI003070	Q13873	mouse	O35607	936	943
ELMI001612	Q14106	mouse	Q9JM55	130	143
ELMI001613	Q14106	mouse	Q9JM55	251	264
ELMI004305	Q14108	mouse	O35114	470	476
ELMI001563	Q14114	mouse	Q924X6	892	900
ELMI001104	Q14118	mouse	Q62165	886	890
ELMI002179	Q14118	mouse	Q62165	775	781
ELMI002281	Q14118	mouse	Q62165	885	892
ELMI004889	Q14118	mouse	Q62165	887	893
ELMI002865	Q14151	mouse	Q80YR5	430	437
ELMI002887	Q14151	mouse	Q80YR5	240	249
ELMI000066	Q14207	mouse	Q8BMA5	1054	1066
ELMI000076	Q14209	mouse	P56931	85	94
ELMI001515	Q14209	mouse	P56931	425	434
ELMI000806	Q14289	mouse	Q9QVP9	880	884
ELMI004897	Q14289	mouse	Q9QVP9	399	408
ELMI002479	Q14318	mouse	O35465	41	46
ELMI004466	Q14318	mouse	O35465	22	30
ELMI003676	Q14332	mouse	Q9JIP6	542	553
ELMI002990	Q14432	mouse	Q9Z0X4	422	427
ELMI003185	Q14457	mouse	O88597	105	122
ELMI003832	Q14457	mouse	O88597	406	413
ELMI004467	Q14457	mouse	O88597	93	101
ELMI000655	Q14469	mouse	P35428	276	282
ELMI002821	Q14494	mouse	Q61985	231	237
ELMI004888	Q14511	mouse	O35177	625	632
ELMI001694	Q14643	mouse	P11881	48	53
ELMI002000	Q14653	mouse	P70671	328	334
ELMI004659	Q14653	mouse	P70671	382	388
ELMI002253	Q14674	mouse	P60330	1478	1483
ELMI002254	Q14674	mouse	P60330	1498	1503
ELMI002255	Q14674	mouse	P60330	1527	1532
ELMI003168	Q14674	mouse	P60330	1480	1486
ELMI001615	Q14694	mouse	P52479	79	92
ELMI002910	Q14694	mouse	P52479	7	13
ELMI002323	Q14699	mouse	Q6A0D4	0	7
ELMI003207	Q14790	mouse	O89110	386	393
ELMI004765	Q14872	mouse	Q07243	547	553
ELMI001439	Q14934	mouse	Q8K120	164	171
ELMI001440	Q14934	mouse	Q8K120	166	173
ELMI002690	Q14934	mouse	Q8K120	377	381
ELMI003910	Q15004	mouse	Q9CQX4	60	70
ELMI003573	Q15042	mouse	Q80UJ7	582	591
ELMI003595	Q15051	mouse	Q8BP00	320	336
ELMI003596	Q15051	mouse	Q8BP00	390	407
ELMI002324	Q15078	mouse	P61809	0	7
ELMI003228	Q15078	mouse	P61809	4	12
ELMI004683	Q15078	mouse	P61809	303	307
ELMI000491	Q15293	mouse	Q05186	321	325
ELMI000093	Q15326	mouse	Q8R5C8	450	457
ELMI000498	Q15363	mouse	Q9R0Q3	186	201
ELMI000218	Q15583	mouse	P70284	23	28
ELMI000636	Q15583	mouse	P70284	249	257
ELMI000782	Q15596	mouse	Q61026	639	646
ELMI000783	Q15596	mouse	Q61026	688	695
ELMI000784	Q15596	mouse	Q61026	743	750
ELMI000870	Q15596	mouse	Q61026	237	241
ELMI000871	Q15596	mouse	Q61026	729	733
ELMI000945	Q15637	mouse	Q64213	14	23
ELMI000785	Q15648	mouse	Q925J9	602	609
ELMI000786	Q15648	mouse	Q925J9	643	650
ELMI004530	Q15648	mouse	Q925J9	877	898
ELMI001304	Q15653	mouse	Q60778	17	23
ELMI000859	Q15744	mouse	Q6PZD9	119	123
ELMI002134	Q15797	mouse	P70340	223	227
ELMI002174	Q15797	mouse	P70340	206	214
ELMI002175	Q15797	mouse	P70340	198	206
ELMI002066	Q15842	mouse	P97794	379	383
ELMI004850	Q15842	mouse	P97794	404	408
ELMI001688	Q15942	mouse	Q62523	104	109
ELMI001689	Q15942	mouse	Q62523	114	119
ELMI001690	Q15942	mouse	Q62523	70	75
ELMI001691	Q15942	mouse	Q62523	92	97
ELMI002309	Q15942	mouse	Q62523	72	77
ELMI003927	Q16204	mouse	D3YZP9	415	419
ELMI002820	Q16236	mouse	Q60795	76	82
ELMI001525	Q16254	mouse	Q8R0K9	385	389
ELMI004829	Q16254	mouse	Q8R0K9	396	405
ELMI002076	Q16478	mouse	Q61626	861	865
ELMI001638	Q16512	mouse	P70268	935	941
ELMI004703	Q16512	mouse	P70268	582	586
ELMI003199	Q16611	mouse	O08734	67	84
ELMI003655	Q16629	mouse	Q8BL97	242	247
ELMI003656	Q16629	mouse	Q8BL97	258	263
ELMI001109	Q16633	mouse	Q64693	45	54
ELMI002161	Q16644	mouse	Q3UMW7	364	370
ELMI001083	Q16821	mouse	Q99MR9	62	69
ELMI001396	Q16828	mouse	Q9DBB1	63	73
ELMI004633	Q17RY0	mouse	Q7TN98	380	393
ELMI002953	Q2KHR2	mouse	F8VPJ6	187	195
ELMI003362	Q2M2Z5	mouse	Q3UXL4	387	394
ELMI003085	Q2TAL5	mouse	Q8CI12	179	186
ELMI003100	Q2V2M9	mouse	Q76LL6	672	681
ELMI004488	Q3MII6	mouse	A1A5B6	188	198
ELMI001572	Q495M9	mouse	Q80T11	455	461
ELMI002438	Q4VCS5	mouse	Q8VHG2	239	243
ELMI004744	Q52LA3	mouse	Q8CD94	14	28
ELMI001307	Q53EL6	mouse	Q61823	69	76
ELMI003230	Q53EZ4	mouse	Q8BT07	420	425
ELMI004613	Q53F19	mouse	Q8BZR9	42	48
ELMI004614	Q53F19	mouse	Q8BZR9	215	223
ELMI004170	Q53GL0	mouse	Q9JIY0	148	167
ELMI003463	Q5BIV9	mouse	Q8BWU1	25	30
ELMI002285	Q5C9Z4	mouse	Q3UFM5	332	339
ELMI003889	Q5FWF4	mouse	Q6NZP1	1061	1068
ELMI003912	Q5FWF4	mouse	Q6NZP1	517	527
ELMI003082	Q5JR12	mouse	Q149T7	67	74
ELMI003575	Q5JSH3	mouse	Q6NVE8	5	16
ELMI002827	Q5JTC6	mouse	Q7TS75	284	290
ELMI002746	Q5SQS7	mouse	A6X942	31	39
ELMI001208	Q5SW96	mouse	Q8C142	254	265
ELMI003555	Q5SYB0	mouse	A2AKB4	769	779
ELMI004851	Q5T0W9	mouse	Q0VBM2	613	617
ELMI003571	Q5T4F4	mouse	Q3TXX3	288	297
ELMI003150	Q5T8A7	mouse	Q6A025	443	459
ELMI003911	Q5TBB1	mouse	Q80ZV0	290	300
ELMI001537	Q5VV67	mouse	Q6NZN1	1276	1280
ELMI002937	Q63HQ0	mouse	E9PYF7	253	263
ELMI002938	Q63HQ0	mouse	E9PYF7	204	213
ELMI003102	Q63ZY3	mouse	Q8BX02	246	255
ELMI004167	Q641Q2	mouse	Q6PGL7	1018	1036
ELMI003182	Q69YH5	mouse	Q14B71	570	576
ELMI004158	Q6JBY9	mouse	Q3UZA1	152	172
ELMI003890	Q6NS38	mouse	Q6P6J4	0	7
ELMI004852	Q6NXP0	mouse	V9GXH0	413	417
ELMI002863	Q6NZI2	mouse	O54724	159	165
ELMI004668	Q6NZY4	mouse	Q9CYA6	180	187
ELMI002326	Q6P9B6	mouse	Q8K0P3	0	7
ELMI001293	Q6PGN9	mouse	Q9D0P7	242	256
ELMI003312	Q6PJF5	mouse	Q80WQ6	18	31
ELMI002637	Q6PJW8	mouse	Q8CBC4	605	611
ELMI003039	Q6TGC4	mouse	Q8K3V4	0	4
ELMI001342	Q6UWE0	mouse	Q80ZI6	651	657
ELMI001343	Q6UWE0	mouse	Q80ZI6	663	669
ELMI001258	Q6UWZ7	mouse	Q8BPZ8	402	407
ELMI004107	Q6UXM1	mouse	Q6P1C6	1035	1041
ELMI002047	Q6V0I7	mouse	Q2PZL6	4571	4579
ELMI002048	Q6V0I7	mouse	Q2PZL6	4827	4835
ELMI002786	Q6VMQ6	mouse	Q7TT18	1000	1006
ELMI003542	Q6VVB1	mouse	Q8BR37	395	398
ELMI004468	Q6ZNE5	mouse	Q8CDJ3	433	443
ELMI004314	Q6ZP29	mouse	Q8C4N4	285	291
ELMI003572	Q709C8	mouse	Q8BX70	874	882
ELMI004741	Q70CQ3	mouse	Q3UN04	513	517
ELMI001057	Q71U36	mouse	P68369	442	451
ELMI001937	Q7KZF4	mouse	Q78PY7	811	816
ELMI002327	Q7L9B9	mouse	Q3TGW2	0	7
ELMI004433	Q7LBR1	mouse	Q9CQD4	186	196
ELMI002328	Q7RTS9	mouse	Q8CHY3	0	7
ELMI003458	Q7Z2Z1	mouse	Q8BQ33	906	916
ELMI004500	Q7Z434	mouse	Q8VCF0	428	437
ELMI004510	Q7Z434	mouse	Q8VCF0	150	159
ELMI004653	Q7Z434	mouse	Q8VCF0	411	418
ELMI004704	Q7Z434	mouse	Q8VCF0	142	146
ELMI003938	Q7Z5K2	mouse	Q65Z40	604	608
ELMI004470	Q7Z6L1	mouse	Q80VP0	172	179
ELMI003193	Q7Z6Z7	mouse	Q7TMY8	1971	1988
ELMI003014	Q86TI0	mouse	Q60949	226	233
ELMI003029	Q86TI0	mouse	Q60949	586	592
ELMI001416	Q86UR1	mouse	Q8CJ00	427	434
ELMI001501	Q86UR1	mouse	Q8CJ00	168	175
ELMI004863	Q86VY9	mouse	Q8C817	326	330
ELMI003294	Q86VZ6	mouse	Q80ZQ5	78	88
ELMI002930	Q86WG3	mouse	Q8BHE3	115	125
ELMI004657	Q86WV6	mouse	Q3TBT3	359	365
ELMI004923	Q86WV6	mouse	Q3TBT3	367	376
ELMI001577	Q86XX4	mouse	Q80T14	4004	4010
ELMI004872	Q86Y37	mouse	Q8R0X2	65	69
ELMI002828	Q86YC2	mouse	Q3U0P1	84	90
ELMI002589	Q86YW5	mouse	Q8K558	283	289
ELMI001252	Q86Z02	mouse	O88904	23	32
ELMI004505	Q8IUC6	mouse	Q80UF7	246	255
ELMI004654	Q8IUC6	mouse	Q80UF7	201	209
ELMI002465	Q8IWB6	mouse	Q7M6U3	787	798
ELMI000253	Q8IX07	mouse	O35615	810	815
ELMI004486	Q8IYT8	mouse	Q9QY01	350	360
ELMI000206	Q8IZP0	mouse	Q8CBW3	389	394
ELMI004471	Q8IZQ1	mouse	Q6VNB8	3325	3333
ELMI003083	Q8N103	mouse	B2RWW0	433	440
ELMI002657	Q8N114	mouse	Q9D7I0	191	202
ELMI003930	Q8N137	mouse	Q8CB62	762	766
ELMI004533	Q8N137	mouse	Q8CB62	37	44
ELMI004796	Q8N1K5	mouse	Q8BGW0	554	562
ELMI004103	Q8N2Q7	mouse	Q99K10	816	822
ELMI002788	Q8N2W9	mouse	Q9JM05	461	467
ELMI004768	Q8N3X6	mouse	Q3U285	406	412
ELMI002789	Q8N3Z6	mouse	B1AX39	71	80
ELMI002790	Q8N3Z6	mouse	B1AX39	149	163
ELMI002812	Q8N3Z6	mouse	B1AX39	147	153
ELMI004674	Q8N3Z6	mouse	B1AX39	316	321
ELMI002061	Q8N4B1	mouse	Q8BH49	190	203
ELMI004306	Q8N697	mouse	Q91W98	3	9
ELMI003719	Q8N8Z6	mouse	Q9D4J3	369	374
ELMI003720	Q8N8Z6	mouse	Q9D4J3	380	385
ELMI003721	Q8N8Z6	mouse	Q9D4J3	412	417
ELMI003722	Q8N8Z6	mouse	Q9D4J3	442	447
ELMI003723	Q8N8Z6	mouse	Q9D4J3	455	460
ELMI003724	Q8N8Z6	mouse	Q9D4J3	483	488
ELMI003663	Q8NCN4	mouse	E9Q7F2	351	356
ELMI003664	Q8NCN4	mouse	E9Q7F2	386	391
ELMI004161	Q8ND23	mouse	Q3UFQ8	969	987
ELMI002330	Q8ND76	mouse	Q8BGU5	0	7
ELMI002891	Q8ND82	mouse	Q6P3Y5	1	7
ELMI001168	Q8NDI1	mouse	Q69ZW3	266	271
ELMI001169	Q8NDI1	mouse	Q69ZW3	277	282
ELMI001170	Q8NDI1	mouse	Q69ZW3	307	312
ELMI001171	Q8NDI1	mouse	Q69ZW3	319	324
ELMI001172	Q8NDI1	mouse	Q69ZW3	367	372
ELMI002504	Q8NDV7	mouse	Q3UHK8	1542	1556
ELMI004854	Q8NFU7	mouse	Q3URK3	416	420
ELMI004878	Q8NFW1	mouse	E9Q7P1	1418	1424
ELMI004563	Q8NHG7	mouse	Q3UZP4	21	33
ELMI004316	Q8NHS3	mouse	Q8BH31	8	14
ELMI003364	Q8NHV4	mouse	P33215	392	399
ELMI003365	Q8NHV4	mouse	P33215	422	429
ELMI003544	Q8NHY3	mouse	Q5SSG4	857	860
ELMI002482	Q8NI77	mouse	Q91WD7	883	886
ELMI004424	Q8TB24	mouse	P59729	375	381
ELMI004425	Q8TB24	mouse	P59729	457	463
ELMI001565	Q8TBB1	mouse	O70263	181	189
ELMI004558	Q8TEB9	mouse	Q8BHC7	303	313
ELMI001706	Q8TF74	mouse	Q6PEV3	399	412
ELMI002696	Q8TF74	mouse	Q6PEV3	396	407
ELMI002892	Q8WUA2	mouse	Q9CXG3	213	219
ELMI001344	Q8WUM4	mouse	Q9WU78	715	721
ELMI002467	Q8WUM4	mouse	Q9WU78	797	808
ELMI002651	Q8WUM4	mouse	Q9WU78	802	811
ELMI004407	Q8WUM4	mouse	Q9WU78	739	745
ELMI002936	Q8WUY3	mouse	Q52KR3	1131	1141
ELMI004408	Q8WV28	mouse	Q9QUN3	242	248
ELMI004409	Q8WV28	mouse	Q9QUN3	307	313
ELMI004787	Q8WV28	mouse	Q9QUN3	203	212
ELMI004624	Q8WVV9	mouse	Q921F4	29	35
ELMI000081	Q8WW38	mouse	Q8CCH7	828	833
ELMI001017	Q8WWK9	mouse	Q3V1H1	89	94
ELMI003251	Q8WWK9	mouse	Q3V1H1	599	607
ELMI004410	Q8WWN8	mouse	Q8R5G7	93	99
ELMI003296	Q8WWW8	mouse	Q8BSM5	367	376
ELMI004784	Q8WWW8	mouse	Q8BSM5	433	442
ELMI004794	Q8WWW8	mouse	Q8BSM5	306	314
ELMI004548	Q8WXD9	mouse	Q6P9K8	373	379
ELMI001257	Q8WXE1	mouse	Q8BMG1	237	242
ELMI001949	Q8WXE1	mouse	Q8BMG1	762	770
ELMI001151	Q8WXE9	mouse	Q8BZ60	308	313
ELMI001152	Q8WXE9	mouse	Q8BZ60	324	329
ELMI002755	Q8WY41	mouse	Q80WY3	39	49
ELMI004628	Q92541	mouse	A2AQ19	155	162
ELMI001663	Q92558	mouse	Q8R5H6	497	514
ELMI003408	Q92558	mouse	Q8R5H6	325	332
ELMI004492	Q92609	mouse	Q80XQ2	804	815
ELMI004493	Q92609	mouse	Q80XQ2	57	64
ELMI001619	Q92615	mouse	Q6A0A2	53	66
ELMI004821	Q92618	mouse	Q7TSH3	806	815
ELMI003931	Q92620	mouse	Q80X98	38	42
ELMI002437	Q92667	mouse	O08715	145	153
ELMI002049	Q92698	mouse	P70270	689	697
ELMI002613	Q92731	mouse	O08537	4	12
ELMI000850	Q92754	mouse	Q61312	8	12
ELMI001545	Q92835	mouse	Q9ES52	911	918
ELMI001624	Q92835	mouse	Q9ES52	1014	1021
ELMI004412	Q92835	mouse	Q9ES52	1027	1033
ELMI004413	Q92835	mouse	Q9ES52	1139	1145
ELMI003826	Q92858	mouse	P48985	330	337
ELMI004582	Q92890	mouse	P70362	226	236
ELMI004532	Q92997	mouse	Q61062	639	646
ELMI004555	Q92997	mouse	Q61062	677	683
ELMI002899	Q969M7	mouse	Q9CY34	0	9
ELMI002900	Q969M7	mouse	Q9CY34	0	4
ELMI003563	Q969R2	mouse	Q5QNQ6	444	456
ELMI003387	Q969U6	mouse	Q9QXW2	147	154
ELMI004159	Q96B97	mouse	Q8R550	519	538
ELMI001228	Q96BK5	mouse	Q9CZX5	292	297
ELMI003367	Q96BK5	mouse	Q9CZX5	317	324
ELMI004824	Q96BN8	mouse	Q3UCV8	52	57
ELMI001631	Q96BR1	mouse	Q9ERE3	481	487
ELMI003311	Q96CC6	mouse	Q6PIX5	11	24
ELMI004501	Q96CG3	mouse	Q793I8	173	182
ELMI004496	Q96CV9	mouse	Q8K3K8	184	194
ELMI004414	Q96EY5	mouse	Q78HU3	152	158
ELMI004617	Q96FV9	mouse	Q8R3N6	212	220
ELMI001016	Q96GD4	mouse	O70126	2	7
ELMI004523	Q96GN5	mouse	Q922M5	12	29
ELMI004524	Q96GN5	mouse	Q922M5	57	85
ELMI000703	Q96HZ4	mouse	Q9JHE6	220	224
ELMI002743	Q96I34	mouse	Q923M0	29	37
ELMI002205	Q96IZ0	mouse	Q925B0	61	66
ELMI003854	Q96IZ0	mouse	Q925B0	220	227
ELMI004415	Q96J02	mouse	Q8C863	218	224
ELMI001076	Q96QC0	mouse	Q80W00	394	402
ELMI002883	Q96QT6	mouse	Q5SPL2	461	469
ELMI002073	Q96RI0	mouse	O88634	193	197
ELMI004699	Q96RJ3	mouse	Q9D8D0	153	159
ELMI003580	Q96RL7	mouse	Q5H8C4	834	845
ELMI002056	Q96RU3	mouse	Q80TY0	512	520
ELMI003183	Q96RU8	mouse	Q8K4K4	353	361
ELMI004508	Q96S59	mouse	P69566	243	252
ELMI004527	Q96ST2	mouse	Q8C1D8	419	438
ELMI002744	Q96T49	mouse	Q8VHQ3	29	37
ELMI004060	Q96T92	mouse	Q9JMC2	0	9
ELMI000227	Q99062	mouse	P40223	727	731
ELMI004469	Q99442	mouse	Q8BU14	361	371
ELMI000510	Q99523	mouse	Q6PHU5	819	825
ELMI002334	Q99570	mouse	Q8VD65	0	7
ELMI000273	Q99583	mouse	O08789	2	13
ELMI001290	Q99661	mouse	Q922S8	89	101
ELMI003004	Q99683	mouse	O35099	969	975
ELMI003884	Q99704	mouse	P97465	358	365
ELMI002080	Q99720	mouse	O55242	6	9
ELMI003073	Q99767	mouse	P98084	280	287
ELMI003849	Q99801	mouse	P97436	86	93
ELMI001224	Q99814	mouse	P97481	402	416
ELMI001225	Q99814	mouse	P97481	527	541
ELMI001226	Q99814	mouse	P97481	572	584
ELMI003830	Q99814	mouse	P97481	382	389
ELMI001330	Q99816	mouse	Q61187	319	325
ELMI002469	Q99816	mouse	Q61187	154	165
ELMI002652	Q99816	mouse	Q61187	189	198
ELMI001602	Q9BPZ3	mouse	Q9D6V8	108	121
ELMI003322	Q9BQB4	mouse	Q99P68	111	124
ELMI004565	Q9BQE4	mouse	Q9BCZ4	77	87
ELMI002004	Q9BR01	mouse	P63046	4	10
ELMI002005	Q9BR01	mouse	P63046	7	13
ELMI002335	Q9BRQ8	mouse	Q8BUE4	0	7
ELMI003225	Q9BSJ8	mouse	Q3U7R1	310	318
ELMI001535	Q9BT49	mouse	Q8VCZ3	228	232
ELMI004587	Q9BUN8	mouse	Q99J56	240	249
ELMI000496	Q9BVK6	mouse	Q99KF1	231	235
ELMI000497	Q9BVK6	mouse	Q99KF1	220	235
ELMI002847	Q9BVW5	mouse	Q91WA1	198	214
ELMI003913	Q9BWF2	mouse	Q8VIG6	460	470
ELMI000941	Q9BX63	mouse	Q5SXJ3	992	997
ELMI000944	Q9BX63	mouse	Q5SXJ3	992	999
ELMI001496	Q9BY41	mouse	Q8VH37	35	42
ELMI002283	Q9BY44	mouse	Q8BJW6	445	452
ELMI002177	Q9BYG3	mouse	Q91VE6	249	257
ELMI002178	Q9BYG3	mouse	Q91VE6	253	261
ELMI003556	Q9BZ71	mouse	Q3UHE1	30	41
ELMI002748	Q9BZL4	mouse	Q3UMT1	23	31
ELMI003823	Q9BZL6	mouse	Q8BZ03	243	251
ELMI002060	Q9C0C2	mouse	P58871	1496	1504
ELMI002336	Q9C0E8	mouse	Q7TQ95	0	7
ELMI003105	Q9C0I3	mouse	Q8C0C4	570	579
ELMI004000	Q9GZP0	mouse	Q925I7	366	370
ELMI004586	Q9GZP9	mouse	Q8BNI4	229	238
ELMI001508	Q9GZU1	mouse	Q99J21	553	560
ELMI002408	Q9GZV5	mouse	Q9EPK5	60	67
ELMI002409	Q9GZV5	mouse	Q9EPK5	83	90
ELMI002410	Q9GZV5	mouse	Q9EPK5	111	118
ELMI002411	Q9GZV5	mouse	Q9EPK5	300	307
ELMI002991	Q9GZV5	mouse	Q9EPK5	85	91
ELMI003219	Q9GZV5	mouse	Q9EPK5	276	284
ELMI003553	Q9GZV5	mouse	Q9EPK5	392	395
ELMI001493	Q9GZX7	mouse	Q9WVE0	23	30
ELMI001494	Q9GZX7	mouse	Q9WVE0	34	41
ELMI003703	Q9GZY6	mouse	Q9JHL0	138	143
ELMI003054	Q9GZZ9	mouse	Q8VE47	337	347
ELMI003493	Q9H040	mouse	G3X912	428	436
ELMI003909	Q9H040	mouse	G3X912	325	335
ELMI004578	Q9H040	mouse	G3X912	252	262
ELMI003606	Q9H095	mouse	Q80W32	375	392
ELMI003173	Q9H0H5	mouse	Q9WVM1	143	149
ELMI003371	Q9H0H5	mouse	Q9WVM1	167	174
ELMI003372	Q9H0H5	mouse	Q9WVM1	154	161
ELMI001532	Q9H0W7	mouse	Q9D305	121	125
ELMI002633	Q9H175	mouse	Q8BGQ2	51	57
ELMI001173	Q9H1K0	mouse	Q80Y56	624	629
ELMI001174	Q9H1K0	mouse	Q80Y56	659	664
ELMI001175	Q9H1K0	mouse	Q80Y56	677	682
ELMI001176	Q9H1K0	mouse	Q80Y56	688	693
ELMI001177	Q9H1K0	mouse	Q80Y56	706	711
ELMI001178	Q9H1K0	mouse	Q80Y56	715	720
ELMI003561	Q9H1P3	mouse	Q8BX94	4	12
ELMI001942	Q9H211	mouse	Q8R4E9	3	15
ELMI001239	Q9H2X6	mouse	Q9QZR5	30	40
ELMI002804	Q9H2X6	mouse	Q9QZR5	883	889
ELMI002839	Q9H3D4	mouse	O88898	54	62
ELMI001487	Q9H4A3	mouse	P83741	1251	1256
ELMI001488	Q9H4A3	mouse	P83741	1939	1944
ELMI001489	Q9H4A3	mouse	P83741	1853	1858
ELMI001490	Q9H4A3	mouse	P83741	1951	1956
ELMI002834	Q9H4A3	mouse	P83741	628	638
ELMI004860	Q9H4B6	mouse	Q8VEB2	292	296
ELMI002884	Q9H4L7	mouse	Q04692	72	79
ELMI004752	Q9H4L7	mouse	Q04692	2	11
ELMI002337	Q9H6Q3	mouse	Q8R4L0	0	7
ELMI004801	Q9H706	mouse	Q3UFT3	531	541
ELMI003074	Q9H7D0	mouse	B2RY04	1761	1768
ELMI004669	Q9H7Z3	mouse	Q80XC6	170	177
ELMI004623	Q9H814	mouse	Q9JJT9	8	15
ELMI001229	Q9H816	mouse	Q8C7W7	499	504
ELMI001329	Q9H9H4	mouse	Q8R0J7	183	189
ELMI001308	Q9HAW4	mouse	Q80YR7	28	34
ELMI001934	Q9HAW4	mouse	Q80YR7	21	26
ELMI004862	Q9HAW4	mouse	Q80YR7	690	694
ELMI001105	Q9HB71	mouse	Q9CXW3	59	68
ELMI000241	Q9HBG7	mouse	Q01965	596	604
ELMI000242	Q9HBG7	mouse	Q01965	620	628
ELMI003381	Q9HC77	mouse	Q569L8	579	586
ELMI002027	Q9HC98	mouse	Q9ES70	211	217
ELMI002028	Q9HC98	mouse	Q9ES70	241	247
ELMI001249	Q9HCK8	mouse	Q09XV5	609	618
ELMI004432	Q9HD42	mouse	Q921W0	184	195
ELMI003881	Q9NP31	mouse	Q9QXK9	297	304
ELMI003248	Q9NP87	mouse	Q9JIW4	369	376
ELMI003678	Q9NPG1	mouse	Q61086	496	507
ELMI004110	Q9NPG4	mouse	O55134	1088	1094
ELMI004858	Q9NPH0	mouse	Q8BP40	73	77
ELMI004061	Q9NQ03	mouse	Q8BTH6	0	10
ELMI002338	Q9NR22	mouse	Q6PAK3	0	7
ELMI004297	Q9NRA2	mouse	Q8BN82	17	23
ELMI003819	Q9NRF8	mouse	P70303	570	577
ELMI002339	Q9NRX5	mouse	Q9QZI8	0	7
ELMI002653	Q9NRY6	mouse	Q9JIZ9	16	25
ELMI002661	Q9NRY6	mouse	Q9JIZ9	45	50
ELMI003375	Q9NS56	mouse	Q80Z37	715	722
ELMI003541	Q9NTI7	mouse	Q80VY2	297	300
ELMI001531	Q9NVV9	mouse	Q8CHW1	130	134
ELMI004902	Q9NWQ8	mouse	Q3U1F9	162	170
ELMI004903	Q9NWQ8	mouse	Q3U1F9	180	188
ELMI002051	Q9NWV8	mouse	Q3UI43	30	38
ELMI002052	Q9NWV8	mouse	Q3UI43	50	58
ELMI000504	Q9NZ52	mouse	Q8BMI3	383	391
ELMI004742	Q9NZB2	mouse	Q6A0A9	1108	1112
ELMI002844	Q9NZC9	mouse	Q8BJL0	11	27
ELMI004667	Q9NZM5	mouse	Q8BK35	86	93
ELMI002070	Q9P0K1	mouse	Q9R1V6	848	852
ELMI002436	Q9P0K1	mouse	Q9R1V6	898	904
ELMI003016	Q9P0K1	mouse	Q9R1V6	851	861
ELMI003017	Q9P0K1	mouse	Q9R1V6	828	834
ELMI002340	Q9P203	mouse	Q8CFE5	0	7
ELMI001947	Q9P270	mouse	Q8CI08	574	581
ELMI004622	Q9P2I0	mouse	O35218	648	656
ELMI000887	Q9UBC2	mouse	Q60902	596	599
ELMI000888	Q9UBC2	mouse	Q60902	615	618
ELMI000889	Q9UBC2	mouse	Q60902	621	624
ELMI000890	Q9UBC2	mouse	Q60902	626	629
ELMI000891	Q9UBC2	mouse	Q60902	637	640
ELMI000892	Q9UBC2	mouse	Q60902	642	645
ELMI000893	Q9UBC2	mouse	Q60902	653	656
ELMI000894	Q9UBC2	mouse	Q60902	658	661
ELMI000895	Q9UBC2	mouse	Q60902	664	667
ELMI000896	Q9UBC2	mouse	Q60902	682	685
ELMI000897	Q9UBC2	mouse	Q60902	687	690
ELMI000898	Q9UBC2	mouse	Q60902	700	703
ELMI000899	Q9UBC2	mouse	Q60902	706	709
ELMI000900	Q9UBC2	mouse	Q60902	719	722
ELMI000901	Q9UBC2	mouse	Q60902	725	728
ELMI000902	Q9UBC2	mouse	Q60902	765	768
ELMI000903	Q9UBC2	mouse	Q60902	809	812
ELMI000904	Q9UBC2	mouse	Q60902	820	823
ELMI000905	Q9UBC2	mouse	Q60902	830	833
ELMI000906	Q9UBC2	mouse	Q60902	836	839
ELMI003705	Q9UBC2	mouse	Q60902	561	566
ELMI000787	Q9UBK2	mouse	O70343	140	147
ELMI003075	Q9UBK2	mouse	O70343	252	259
ELMI000733	Q9UBP5	mouse	Q9QUS4	328	339
ELMI002074	Q9UBS5	mouse	Q9WV18	921	925
ELMI002793	Q9UBT2	mouse	Q9Z1F9	583	596
ELMI002806	Q9UBT2	mouse	Q9Z1F9	583	594
ELMI004597	Q9UBV8	mouse	Q8BFY6	16	22
ELMI001078	Q9UD71	mouse	Q60829	4	12
ELMI003710	Q9UDY8	mouse	Q2TBA3	477	482
ELMI004509	Q9UDY8	mouse	Q2TBA3	809	818
ELMI004251	Q9UGH3	mouse	Q9EPR4	51	57
ELMI003297	Q9UGJ0	mouse	Q91WG5	29	37
ELMI004346	Q9UHB6	mouse	Q9ERG0	371	375
ELMI001103	Q9UHB7	mouse	Q9ESC8	246	255
ELMI000008	Q9UHK6	mouse	O09174	377	381
ELMI002795	Q9UHP3	mouse	P57080	89	95
ELMI001455	Q9UIG0	mouse	Q9Z277	154	161
ELMI002055	Q9UIQ6	mouse	Q8C129	94	102
ELMI002796	Q9UJ78	mouse	Q3U2E2	85	95
ELMI001425	Q9UJY1	mouse	Q9JK92	53	60
ELMI000457	Q9UJY4	mouse	Q6P5E6	350	355
ELMI000503	Q9UJY5	mouse	Q8R0H9	353	361
ELMI002063	Q9UKG1	mouse	Q8K3H0	402	414
ELMI003500	Q9UKN7	mouse	Q9QZZ4	413	416
ELMI001311	Q9UKT4	mouse	Q7TSG3	122	128
ELMI004594	Q9UKT4	mouse	Q7TSG3	294	303
ELMI004569	Q9UKV5	mouse	Q9R049	625	637
ELMI002797	Q9UKY1	mouse	P70121	535	549
ELMI003298	Q9ULG1	mouse	Q6ZPV2	1322	1332
ELMI004287	Q9ULH4	mouse	Q80TG9	694	700
ELMI001603	Q9ULR5	mouse	Q91W45	120	133
ELMI003677	Q9ULV1	mouse	Q61088	493	504
ELMI003848	Q9ULV4	mouse	Q9WUM4	459	466
ELMI003106	Q9ULV5	mouse	Q9R0L1	205	214
ELMI002494	Q9UM13	mouse	Q8K2H6	182	185
ELMI002959	Q9UM47	mouse	Q61982	1674	1678
ELMI004825	Q9UM82	mouse	Q8K004	328	333
ELMI004769	Q9UMQ6	mouse	Q6J756	395	401
ELMI003576	Q9UNN5	mouse	P54731	292	300
ELMI003672	Q9UP38	mouse	O70421	614	625
ELMI002505	Q9UPQ9	mouse	Q8BKI2	1452	1466
ELMI002650	Q9UPS6	mouse	Q8CFT2	1764	1771
ELMI000908	Q9UPW6	mouse	Q8VI24	231	235
ELMI000909	Q9UPW6	mouse	Q8VI24	348	352
ELMI003502	Q9UPX8	mouse	Q80Z38	612	615
ELMI004643	Q9UQ35	mouse	Q8BTI8	1190	1196
ELMI000788	Q9UQ80	mouse	P50580	352	359
ELMI001935	Q9UQF2	mouse	Q9WVI9	94	99
ELMI001936	Q9UQF2	mouse	Q9WVI9	400	405
ELMI003088	Q9UQF2	mouse	Q9WVI9	155	162
ELMI004048	Q9UQF2	mouse	Q9WVI9	702	707
ELMI004482	Q9UQF2	mouse	Q9WVI9	329	338
ELMI003489	Q9Y253	mouse	Q9JJN0	479	489
ELMI003490	Q9Y253	mouse	Q9JJN0	523	534
ELMI003917	Q9Y253	mouse	Q9JJN0	681	691
ELMI003077	Q9Y2H2	mouse	Q8CDA1	1010	1017
ELMI003217	Q9Y2I6	mouse	Q6ZQ12	584	592
ELMI001222	Q9Y2N7	mouse	Q0VBL6	484	497
ELMI004264	Q9Y2Q0	mouse	P70704	1104	1110
ELMI002866	Q9Y2W1	mouse	Q569Z6	443	450
ELMI004620	Q9Y2W1	mouse	Q569Z6	925	933
ELMI002632	Q9Y2W2	mouse	Q923D5	163	169
ELMI002885	Q9Y2X9	mouse	Q99LI5	786	795
ELMI000640	Q9Y2Y9	mouse	Q9JJZ6	8	18
ELMI000140	Q9Y463	mouse	Q9Z188	266	277
ELMI003325	Q9Y490	mouse	P26039	607	626
ELMI002813	Q9Y4E5	mouse	Q8C0P7	43	55
ELMI004450	Q9Y4G2	mouse	Q7TSI1	650	658
ELMI002867	Q9Y4W2	mouse	A2BE28	211	220
ELMI000658	Q9Y543	mouse	O54792	153	157
ELMI003934	Q9Y5F6	mouse	Q91XW9	788	792
ELMI004171	Q9Y5K6	mouse	Q9JLQ0	485	503
ELMI003554	Q9Y5P4	mouse	Q9EQG9	318	327
ELMI001240	Q9Y5Q3	mouse	P54841	30	40
ELMI000938	Q9Y5R5	mouse	Q8BG36	541	550
ELMI003546	Q9Y5U5	mouse	O35714	225	228
ELMI001244	Q9Y5W3	mouse	Q60843	119	128
ELMI004277	Q9Y5Y6	mouse	P56677	32	39
ELMI004544	Q9Y698	mouse	O88602	225	230
ELMI003134	Q9Y6B2	mouse	Q9DCR4	146	159
ELMI000287	Q9Y6D9	mouse	Q9WTX8	540	549
ELMI001142	Q9Y6I3	mouse	Q80VP1	499	504
ELMI001143	Q9Y6I3	mouse	Q80VP1	515	520
ELMI001144	Q9Y6I3	mouse	Q80VP1	569	574
ELMI001209	Q9Y6I3	mouse	Q80VP1	400	410
ELMI004478	Q9Y6I9	mouse	E9Q137	269	277
ELMI000024	Q9Y6Q6	mouse	O35305	337	346
ELMI000025	Q9Y6Q6	mouse	O35305	370	379
ELMI000026	Q9Y6Q6	mouse	O35305	444	453
ELMI004705	Q9Y6Q6	mouse	O35305	603	607
ELMI001135	Q9Y6R0	mouse	O08919	588	593
ELMI002842	Q9Y6R0	mouse	O08919	571	579
ELMI004273	Q9Y6R1	mouse	O88343	1051	1058
ELMI001661	Q9Y6W5	mouse	Q8BH43	435	452
ELMI003078	Q9Y6W6	mouse	Q9ESS0	18	25
ELMI002800	Q9Y6X2	mouse	O54714	445	451
ELMI003240	O00443	worm	G5EDY0	215	220
ELMI004846	O00763	worm	H2L0M0	294	298
ELMI002078	O14672	worm	G5EFD9	796	810
ELMI001872	O14830	worm	G5EBX9	82	101
ELMI003598	O14830	worm	G5EBX9	85	101
ELMI001341	O14964	worm	Q17796	335	341
ELMI004666	O15381	worm	Q9NAG4	128	142
ELMI002284	O15523	worm	D0PV95	21	28
ELMI002742	O60237	worm	G5ECD7	25	33
ELMI003841	O60341	worm	Q9XWP6	1	8
ELMI003842	O60341	worm	Q9XWP6	7	14
ELMI003906	O60500	worm	Q9U3P2	1261	1266
ELMI000946	O75533	worm	G5EEQ8	189	196
ELMI000947	O75533	worm	G5EEQ8	272	278
ELMI000948	O75533	worm	G5EEQ8	316	323
ELMI002944	O75582	worm	Q18846	691	706
ELMI003708	O75582	worm	Q18846	377	382
ELMI004303	O94823	worm	O18182	48	54
ELMI002926	O94985	worm	G5ED46	891	901
ELMI002927	O94985	worm	G5ED46	966	980
ELMI001148	O95208	worm	Q9BI71	411	416
ELMI001149	O95208	worm	Q9BI71	424	428
ELMI001150	O95208	worm	Q9BI71	465	469
ELMI001210	O95208	worm	Q9BI71	359	369
ELMI003166	O95239	worm	O45935	1079	1083
ELMI000954	O96017	worm	Q9U1Y5	19	25
ELMI000980	O96017	worm	Q9U1Y5	20	25
ELMI003170	O96017	worm	Q9U1Y5	25	29
ELMI000313	P01112	worm	P22981	179	182
ELMI003437	P01112	worm	P22981	182	184
ELMI000007	P04040	worm	Q27487	499	500
ELMI001553	P05556	worm	Q27874	785	793
ELMI001558	P05556	worm	Q27874	797	805
ELMI000041	P07900	worm	Q18688	698	702
ELMI000327	P09471	worm	P51875	0	7
ELMI000006	P11021	worm	P27420	657	661
ELMI002180	P11117	worm	Q10944	400	404
ELMI001251	P11387	worm	O17966	129	137
ELMI000005	P12931	worm	G5EE56	523	531
ELMI000197	P12931	worm	G5EE56	240	248
ELMI000824	P12931	worm	G5EE56	0	7
ELMI000825	P12931	worm	G5EE56	55	62
ELMI004906	P12931	worm	G5EE56	527	531
ELMI000798	P13051	worm	Q9U221	1	14
ELMI001383	P13051	worm	Q9U221	39	46
ELMI002587	P13051	worm	Q9U221	15	22
ELMI002845	P13051	worm	Q9U221	54	62
ELMI000943	P16104	worm	Q27485	124	127
ELMI001640	P17612	worm	P21137	400	404
ELMI002202	P17612	worm	P21137	0	17
ELMI001693	P18206	worm	P19826	831	836
ELMI003920	P18858	worm	Q27474	1	3
ELMI004289	P20020	worm	Q95XP5	1162	1168
ELMI002655	P20073	worm	Q27512	3	12
ELMI004274	P20309	worm	Q9U7D5	272	279
ELMI000597	P21452	worm	O44148	18	25
ELMI000598	P21452	worm	O44148	27	45
ELMI003482	P22087	worm	Q22053	13	18
ELMI001101	P22307	worm	G5EDP2	410	412
ELMI004866	P26368	worm	P90978	388	390
ELMI002075	P30518	worm	O62169	229	232
ELMI001976	P31749	worm	Q9XTG7	95	101
ELMI001977	P31749	worm	Q9XTG7	475	481
ELMI003847	P31749	worm	Q9XTG7	150	157
ELMI001513	P35240	worm	H2KYX3	569	576
ELMI004608	P35241	worm	G5EBK3	541	547
ELMI003892	P36404	worm	Q19705	0	10
ELMI000792	P39748	worm	Q9N3T2	336	350
ELMI001635	P41743	worm	Q19266	579	585
ELMI001023	P45985	worm	O01706	11	12
ELMI003090	P45985	worm	O01706	11	13
ELMI003299	P45985	worm	O01706	11	12
ELMI003743	P46108	worm	Q9NHC3	198	203
ELMI004737	P48643	worm	P47209	536	540
ELMI001207	P49407	worm	P51485	403	414
ELMI000965	P49736	worm	Q9XXI9	79	86
ELMI003685	P49915	worm	Q09580	346	351
ELMI002131	P50570	worm	P39055	792	795
ELMI002169	P51170	worm	P91835	521	525
ELMI003124	P51531	worm	G5EF53	1094	1112
ELMI003289	P52564	worm	G5EDF7	5	15
ELMI001120	P52594	worm	O18181	488	495
ELMI001121	P52594	worm	O18181	483	485
ELMI001122	P52594	worm	O18181	405	410
ELMI001123	P52594	worm	O18181	420	425
ELMI000799	P52701	worm	Q9N3T8	4	8
ELMI001004	P53350	worm	P34331	330	345
ELMI004288	P55011	worm	H8ESD5	995	1001
ELMI003469	P61978	worm	P91277	253	262
ELMI000561	P78363	worm	Q1RS86	134	138
ELMI000562	P78363	worm	Q1RS86	441	447
ELMI000563	P78363	worm	Q1RS86	470	476
ELMI000564	P78363	worm	Q1RS86	519	524
ELMI000565	P78363	worm	Q1RS86	1283	1290
ELMI000566	P78363	worm	Q1RS86	1352	1358
ELMI000567	P78363	worm	Q1RS86	1414	1420
ELMI000568	P78363	worm	Q1RS86	1500	1506
ELMI002321	P84077	worm	Q10943	0	7
ELMI004290	Q01814	worm	Q9TYP9	1118	1124
ELMI003745	Q01973	worm	G5EGK5	893	898
ELMI001022	Q02750	worm	Q10664	5	14
ELMI001919	Q05655	worm	P34722	347	352
ELMI002780	Q06265	worm	Q20128	411	418
ELMI000151	Q06609	worm	Q95Q25	369	376
ELMI003067	Q07343	worm	Q22000	49	54
ELMI001543	Q07954	worm	O01768	4796	4803
ELMI001546	Q07954	worm	O01768	4826	4833
ELMI001560	Q07954	worm	O01768	4796	4804
ELMI001562	Q07954	worm	O01768	4826	4834
ELMI004252	Q07954	worm	O01768	4845	4851
ELMI001907	Q12772	worm	Q9XX00	459	464
ELMI002706	Q12772	worm	Q9XX00	518	523
ELMI004172	Q12792	worm	Q20173	316	328
ELMI001310	Q12959	worm	G5ECY0	634	641
ELMI003253	Q12959	worm	G5ECY0	159	160
ELMI003254	Q12959	worm	G5ECY0	491	498
ELMI001903	Q13188	worm	Q9NB31	305	310
ELMI000451	Q13367	worm	O45718	700	704
ELMI002829	Q13402	worm	P91443	1509	1516
ELMI003599	Q13402	worm	P91443	738	754
ELMI003600	Q13402	worm	P91443	761	778
ELMI003601	Q13402	worm	P91443	807	821
ELMI001218	Q13409	worm	O45087	162	169
ELMI000083	Q13422	worm	H2L008	31	32
ELMI004638	Q14566	worm	P34647	4	10
ELMI001694	Q14643	worm	Q9Y0A1	126	131
ELMI003932	Q14680	worm	U4PR86	438	442
ELMI000491	Q15293	worm	G5EBH7	308	314
ELMI000498	Q15363	worm	O17528	188	203
ELMI001059	Q15691	worm	Q9GRZ1	310	316
ELMI002134	Q15797	worm	Q02330	206	209
ELMI002174	Q15797	worm	Q02330	190	198
ELMI002175	Q15797	worm	Q02330	187	190
ELMI002161	Q16644	worm	Q965G5	334	340
ELMI001609	Q58A45	worm	P34653	67	77
ELMI002285	Q5C9Z4	worm	Q9U255	305	312
ELMI002746	Q5SQS7	worm	K8ESG0	33	40
ELMI003911	Q5TBB1	worm	Q19684	277	287
ELMI003572	Q709C8	worm	Q94010	821	829
ELMI001937	Q7KZF4	worm	Q19328	820	825
ELMI004433	Q7LBR1	worm	Q9TXI3	193	203
ELMI002328	Q7RTS9	worm	Q18668	0	7
ELMI003026	Q86VP3	worm	Q95QA3	364	370
ELMI001605	Q8IYD1	worm	O45622	4	14
ELMI001606	Q8IYD1	worm	O45622	10	22
ELMI004486	Q8IYT8	worm	Q23023	355	365
ELMI002330	Q8ND76	worm	P34624	0	6
ELMI004316	Q8NHS3	worm	Q9N3G2	4	10
ELMI001706	Q8TF74	worm	Q8WT46	340	353
ELMI002696	Q8TF74	worm	Q8WT46	337	348
ELMI002892	Q8WUA2	worm	G5EEW6	214	220
ELMI001344	Q8WUM4	worm	P34552	721	727
ELMI002467	Q8WUM4	worm	P34552	794	805
ELMI002651	Q8WUM4	worm	P34552	799	808
ELMI004407	Q8WUM4	worm	P34552	745	751
ELMI003071	Q8WXG6	worm	O02626	665	672
ELMI004628	Q92541	worm	G5EBY0	75	79
ELMI003931	Q92620	worm	P34498	31	34
ELMI002049	Q92698	worm	G5EEN6	740	748
ELMI003142	Q92769	worm	G5ECH0	415	430
ELMI004283	Q92911	worm	Q23616	540	543
ELMI002451	Q969H0	worm	Q93794	62	68
ELMI001228	Q96BK5	worm	Q22705	299	301
ELMI003367	Q96BK5	worm	Q22705	321	328
ELMI004617	Q96FV9	worm	Q9N5E3	198	206
ELMI003072	Q96N67	worm	Q20487	881	887
ELMI002333	Q96PY5	worm	Q9BL72	0	7
ELMI002056	Q96RU3	worm	Q19253	478	486
ELMI003566	Q96SU4	worm	O01686	240	248
ELMI004469	Q99442	worm	Q18093	333	345
ELMI001330	Q99816	worm	O76258	355	361
ELMI002469	Q99816	worm	O76258	153	175
ELMI002652	Q99816	worm	O76258	216	229
ELMI004587	Q9BUN8	worm	Q93561	232	243
ELMI003936	Q9BWU0	worm	P34648	7	11
ELMI002283	Q9BY44	worm	Q19052	465	472
ELMI003558	Q9BZ72	worm	G5EED9	284	292
ELMI004586	Q9GZP9	worm	Q21997	224	236
ELMI003054	Q9GZZ9	worm	P91430	350	360
ELMI003074	Q9H7D0	worm	G5EEN3	1729	1736
ELMI001329	Q9H9H4	worm	O44158	195	201
ELMI002982	Q9NPC2	worm	O17185	325	329
ELMI001945	Q9NQR1	worm	Q22795	65	77
ELMI002339	Q9NRX5	worm	O45719	0	7
ELMI002653	Q9NRY6	worm	O45799	4	13
ELMI002661	Q9NRY6	worm	O45799	35	40
ELMI001989	Q9NY61	worm	Q9GUM5	48	54
ELMI004622	Q9P2I0	worm	O17403	702	710
ELMI000887	Q9UBC2	worm	Q9BIF4	656	659
ELMI000892	Q9UBC2	worm	Q9BIF4	668	669
ELMI000893	Q9UBC2	worm	Q9BIF4	677	680
ELMI000894	Q9UBC2	worm	Q9BIF4	682	684
ELMI000896	Q9UBC2	worm	Q9BIF4	697	700
ELMI000897	Q9UBC2	worm	Q9BIF4	702	703
ELMI000898	Q9UBC2	worm	Q9BIF4	709	712
ELMI000899	Q9UBC2	worm	Q9BIF4	715	718
ELMI000900	Q9UBC2	worm	Q9BIF4	724	727
ELMI000901	Q9UBC2	worm	Q9BIF4	730	733
ELMI000906	Q9UBC2	worm	Q9BIF4	769	772
ELMI003705	Q9UBC2	worm	Q9BIF4	629	631
ELMI001215	Q9UBS0	worm	Q9NAH6	4	10
ELMI002074	Q9UBS5	worm	H2L0Q3	871	875
ELMI002793	Q9UBT2	worm	Q9NAN1	539	546
ELMI002806	Q9UBT2	worm	Q9NAN1	539	544
ELMI000008	Q9UHK6	worm	Q18122	339	343
ELMI004569	Q9UKV5	worm	P90859	558	562
ELMI003848	Q9ULV4	worm	Q21624	586	593
ELMI004588	Q9UNZ2	worm	Q9N2W5	158	168
ELMI003672	Q9UP38	worm	A0A0K3AWM6	535	546
ELMI003489	Q9Y253	worm	G5EFY1	443	450
ELMI003490	Q9Y253	worm	G5EFY1	488	504
ELMI003325	Q9Y490	worm	G5EGK1	638	657
ELMI004450	Q9Y4G2	worm	K8ESM7	542	550
ELMI003346	O00401	yeast	Q12446	605	614
ELMI000449	O00499	yeast	P39743	308	313
ELMI000452	O00499	yeast	P39743	328	329
ELMI003143	O14777	yeast	P40460	282	299
ELMI002284	O15523	yeast	P06634	20	27
ELMI002593	O15527	yeast	P53397	338	345
ELMI003578	O43681	yeast	Q12154	1	2
ELMI001297	O60566	yeast	P41695	357	362
ELMI002600	O60566	yeast	P41695	283	284
ELMI002601	O60566	yeast	P41695	13	18
ELMI003165	O60566	yeast	P41695	635	641
ELMI003266	O60566	yeast	P41695	489	499
ELMI003271	O60566	yeast	P41695	261	267
ELMI003272	O60566	yeast	P41695	304	306
ELMI004595	O60566	yeast	P41695	204	209
ELMI000948	O75533	yeast	P49955	11	12
ELMI002286	O75821	yeast	Q04067	163	170
ELMI000007	P04040	yeast	P15202	513	515
ELMI000041	P07900	yeast	P02829	705	709
ELMI000966	P07900	yeast	P02829	1	3
ELMI003843	P08238	yeast	P15108	214	219
ELMI003844	P08238	yeast	P15108	240	247
ELMI000006	P11021	yeast	P16474	669	682
ELMI000247	P12956	yeast	P32807	369	372
ELMI001420	P13796	yeast	P32599	1	15
ELMI000943	P16104	yeast	P04911	127	132
ELMI003920	P18858	yeast	P04819	1	9
ELMI003918	P20585	yeast	P25336	3	13
ELMI003482	P22087	yeast	P15646	12	18
ELMI000972	P23025	yeast	P28519	279	286
ELMI002846	P23025	yeast	P28519	15	40
ELMI001214	P23443	yeast	P38070	19	24
ELMI000794	P28715	yeast	P07276	994	1002
ELMI004254	P33527	yeast	P14772	269	275
ELMI001097	P34931	yeast	P09435	645	649
ELMI003892	P36404	yeast	P39110	0	10
ELMI000792	P39748	yeast	P26793	339	349
ELMI002240	P40855	yeast	Q07418	64	68
ELMI002242	P40855	yeast	Q07418	11	23
ELMI003056	P42285	yeast	P47047	4	11
ELMI001869	P46940	yeast	Q12280	681	707
ELMI001870	P46940	yeast	Q12280	717	736
ELMI004737	P48643	yeast	P40413	558	562
ELMI000965	P49736	yeast	P29469	103	110
ELMI000494	P49755	yeast	P54837	207	211
ELMI000495	P49755	yeast	P54837	196	211
ELMI001421	P52565	yeast	Q12434	171	178
ELMI001004	P53350	yeast	P32562	366	375
ELMI000038	P54652	yeast	P22202	638	642
ELMI002604	P60953	yeast	P19073	187	191
ELMI002898	P61081	yeast	P52491	3	12
ELMI002901	P61081	yeast	P52491	0	4
ELMI002319	P63096	yeast	P08539	0	7
ELMI002321	P84077	yeast	P19146	0	7
ELMI000151	Q06609	yeast	P25454	372	379
ELMI004172	Q12792	yeast	P53250	319	330
ELMI001256	Q13085	yeast	Q00955	1204	1209
ELMI002173	Q13153	yeast	Q12469	50	56
ELMI000611	Q13724	yeast	P53008	671	677
ELMI003185	Q14457	yeast	Q02948	141	169
ELMI003832	Q14457	yeast	Q02948	506	513
ELMI004467	Q14457	yeast	Q02948	129	137
ELMI004638	Q14566	yeast	P53091	94	101
ELMI000498	Q15363	yeast	P32803	188	203
ELMI001609	Q58A45	yeast	P36102	110	121
ELMI004314	Q6ZP29	yeast	P38279	290	294
ELMI003572	Q709C8	yeast	Q07878	855	863
ELMI001605	Q8IYD1	yeast	P05453	89	107
ELMI001606	Q8IYD1	yeast	P05453	103	120
ELMI004306	Q8N697	yeast	P32901	14	23
ELMI004628	Q92541	yeast	P53064	54	56
ELMI002049	Q92698	yeast	P32863	849	855
ELMI003142	Q92769	yeast	P32561	422	433
ELMI003563	Q969R2	yeast	P35845	711	730
ELMI002056	Q96RU3	yeast	P38822	466	475
ELMI001330	Q99816	yeast	P25604	318	324
ELMI002469	Q99816	yeast	P25604	169	180
ELMI002652	Q99816	yeast	P25604	194	201
ELMI000496	Q9BVK6	yeast	P38819	208	212
ELMI000497	Q9BVK6	yeast	P38819	197	212
ELMI002283	Q9BY44	yeast	P53235	507	514
ELMI004567	Q9H8Y5	yeast	Q04311	616	628
ELMI002338	Q9NR22	yeast	P38074	0	1
ELMI001989	Q9NY61	yeast	Q06631	76	82
ELMI004667	Q9NZM5	yeast	Q12080	60	67
ELMI004622	Q9P2I0	yeast	Q12102	720	729
ELMI002793	Q9UBT2	yeast	P52488	581	594
ELMI002806	Q9UBT2	yeast	P52488	581	592
ELMI000503	Q9UJY5	yeast	P38817	382	390
ELMI003848	Q9ULV4	yeast	Q06440	636	643
ELMI004264	Q9Y2Q0	yeast	P39524	1251	1257
ELMI004489	Q9Y4P1	yeast	P53867	35	44
ELMI000287	Q9Y6D9	yeast	P40957	539	548
ELMI001630	O00141	zebrafish	Q7ZTW4	419	425
ELMI001305	O00221	zebrafish	F1QEW8	20	25
ELMI000251	O00268	zebrafish	E7FBZ0	501	506
ELMI003346	O00401	zebrafish	F1QNY1	463	472
ELMI004759	O14511	zebrafish	F1QKE1	373	379
ELMI002940	O14576	zebrafish	A0A0R4IXD8	106	116
ELMI004557	O14640	zebrafish	F1QNA4	677	683
ELMI004556	O14641	zebrafish	F1QM97	708	714
ELMI002981	O14649	zebrafish	Q5TZ59	386	390
ELMI001235	O14686	zebrafish	E7F2F7	2134	2141
ELMI002646	O14686	zebrafish	E7F2F7	3125	3132
ELMI004058	O14753	zebrafish	F8W4G4	0	10
ELMI003143	O14777	zebrafish	Q6DRJ7	226	243
ELMI001334	O14828	zebrafish	Q5U3I3	60	66
ELMI004661	O14896	zebrafish	Q6PGZ7	441	447
ELMI000639	O14901	zebrafish	F1R5X2	43	53
ELMI004111	O14917	zebrafish	C4P342	977	983
ELMI002649	O15047	zebrafish	E9QGQ0	2037	2044
ELMI002059	O15234	zebrafish	Q1ECZ4	146	154
ELMI000199	O15350	zebrafish	B0S576	414	421
ELMI000920	O15350	zebrafish	B0S576	372	386
ELMI001391	O15350	zebrafish	B0S576	333	356
ELMI001958	O15350	zebrafish	B0S576	416	422
ELMI001959	O15350	zebrafish	B0S576	446	452
ELMI001960	O15350	zebrafish	B0S576	484	490
ELMI002262	O15350	zebrafish	B0S576	489	493
ELMI002840	O15350	zebrafish	B0S576	12	20
ELMI004276	O15427	zebrafish	F1Q7T3	484	491
ELMI001233	O15525	zebrafish	Q6I6N2	12	19
ELMI002593	O15527	zebrafish	B0R135	358	365
ELMI002311	O43149	zebrafish	A0A0R4IX34	0	33
ELMI004046	O43166	zebrafish	Q5TYS4	1613	1622
ELMI001659	O43516	zebrafish	A0A2R9YJH1	32	49
ELMI001705	O43516	zebrafish	A0A2R9YJH1	436	449
ELMI002695	O43516	zebrafish	A0A2R9YJH1	433	444
ELMI002987	O43524	zebrafish	Q5TYS1	26	32
ELMI003024	O43524	zebrafish	Q5TYS1	219	225
ELMI003179	O43524	zebrafish	Q5TYS1	425	431
ELMI004055	O43623	zebrafish	Q5PQY5	0	10
ELMI003578	O43681	zebrafish	Q6IQE5	6	14
ELMI001010	O43683	zebrafish	F1QNS6	460	466
ELMI001011	O43683	zebrafish	F1QNS6	546	552
ELMI001296	O43683	zebrafish	F1QNS6	231	240
ELMI003267	O43683	zebrafish	F1QNS6	453	459
ELMI000767	O43711	zebrafish	F1QSY0	134	138
ELMI002251	O60216	zebrafish	Q1L8E1	168	173
ELMI004451	O60238	zebrafish	A2BG79	18	25
ELMI003061	O60239	zebrafish	A0A0R4IGN6	335	342
ELMI001213	O60516	zebrafish	Q98TT6	107	112
ELMI002099	O60516	zebrafish	Q98TT6	49	56
ELMI000951	O60934	zebrafish	Q5I2W8	328	335
ELMI001948	O60934	zebrafish	Q5I2W8	799	807
ELMI003942	O60942	zebrafish	Q6NY98	583	587
ELMI000511	O75074	zebrafish	A0A0G2KWX9	724	824
ELMI003671	O75084	zebrafish	Q6NV44	531	542
ELMI004455	O75143	zebrafish	Q7SYE0	428	438
ELMI002888	O75152	zebrafish	F1QNW1	433	438
ELMI002889	O75152	zebrafish	F1QNW1	112	114
ELMI004819	O75362	zebrafish	E7EZ61	680	689
ELMI001245	O75444	zebrafish	A0A286Y8Q5	31	40
ELMI000946	O75533	zebrafish	F1QQZ1	196	203
ELMI000947	O75533	zebrafish	F1QQZ1	299	305
ELMI000948	O75533	zebrafish	F1QQZ1	343	350
ELMI002944	O75582	zebrafish	E7FE05	716	731
ELMI003708	O75582	zebrafish	E7FE05	409	414
ELMI002312	O75695	zebrafish	F1QC45	0	7
ELMI002286	O75821	zebrafish	Q6DRC4	185	192
ELMI002770	O75925	zebrafish	A0A1D5NSS2	456	462
ELMI000574	O76024	zebrafish	E7F921	58	63
ELMI000575	O76024	zebrafish	E7F921	331	337
ELMI000576	O76024	zebrafish	E7F921	495	501
ELMI000577	O76024	zebrafish	E7F921	656	662
ELMI000578	O76024	zebrafish	E7F921	741	747
ELMI003919	O94762	zebrafish	X1WCM8	905	915
ELMI002926	O94985	zebrafish	E7EYL3	891	901
ELMI002927	O94985	zebrafish	E7EYL3	961	969
ELMI001255	O95149	zebrafish	Q6P5J9	1	17
ELMI004771	O95180	zebrafish	X1WBF7	2133	2137
ELMI004871	O95180	zebrafish	X1WBF7	2130	2134
ELMI001148	O95208	zebrafish	E7EYW2	458	463
ELMI001149	O95208	zebrafish	E7EYW2	484	489
ELMI001150	O95208	zebrafish	E7EYW2	584	589
ELMI001210	O95208	zebrafish	E7EYW2	384	394
ELMI003166	O95239	zebrafish	F1QBD7	1240	1246
ELMI002252	O95613	zebrafish	I3ISP1	3212	3217
ELMI003518	O95772	zebrafish	F1RE09	198	208
ELMI004042	O95886	zebrafish	Q1L8T7	376	385
ELMI003063	O95996	zebrafish	E7F064	988	995
ELMI000954	O96017	zebrafish	B0V1J5	49	56
ELMI000980	O96017	zebrafish	B0V1J5	50	57
ELMI003170	O96017	zebrafish	B0V1J5	55	61
ELMI000124	P00533	zebrafish	A0A0R4IFV9	52	55
ELMI000289	P00533	zebrafish	A0A0R4IFV9	996	1000
ELMI001544	P00533	zebrafish	A0A0R4IFV9	1092	1099
ELMI002349	P00533	zebrafish	A0A0R4IFV9	1153	1160
ELMI003693	P00533	zebrafish	A0A0R4IFV9	1085	1089
ELMI003694	P00533	zebrafish	A0A0R4IFV9	1098	1101
ELMI004891	P00533	zebrafish	A0A0R4IFV9	1080	1090
ELMI000223	P00740	zebrafish	Q1RLV2	91	97
ELMI000601	P00740	zebrafish	Q1RLV2	205	211
ELMI000602	P00740	zebrafish	Q1RLV2	243	249
ELMI002734	P00740	zebrafish	Q1RLV2	102	114
ELMI002737	P00742	zebrafish	F1QLC3	97	109
ELMI000225	P00750	zebrafish	F1QB78	86	93
ELMI002719	P00797	zebrafish	Q6XQJ0	54	57
ELMI001242	P01100	zebrafish	Q6P0S4	245	253
ELMI003048	P01100	zebrafish	Q6P0S4	313	317
ELMI000313	P01112	zebrafish	Q503B6	179	186
ELMI003437	P01112	zebrafish	Q503B6	185	189
ELMI000343	P01266	zebrafish	F1QFR0	88	94
ELMI000518	P01266	zebrafish	F1QFR0	118	123
ELMI000519	P01266	zebrafish	F1QFR0	205	211
ELMI000520	P01266	zebrafish	F1QFR0	482	488
ELMI000521	P01266	zebrafish	F1QFR0	522	527
ELMI000522	P01266	zebrafish	F1QFR0	733	739
ELMI000523	P01266	zebrafish	F1QFR0	804	810
ELMI000524	P01266	zebrafish	F1QFR0	936	942
ELMI000525	P01266	zebrafish	F1QFR0	1210	1214
ELMI000526	P01266	zebrafish	F1QFR0	1332	1338
ELMI000527	P01266	zebrafish	F1QFR0	1349	1355
ELMI000528	P01266	zebrafish	F1QFR0	1681	1687
ELMI000529	P01266	zebrafish	F1QFR0	1741	1748
ELMI000530	P01266	zebrafish	F1QFR0	1988	1994
ELMI000531	P01266	zebrafish	F1QFR0	2222	2228
ELMI000532	P01266	zebrafish	F1QFR0	2265	2271
ELMI000533	P01266	zebrafish	F1QFR0	2545	2551
ELMI004293	P01730	zebrafish	F1QZB1	451	455
ELMI000605	P02730	zebrafish	D1FTM8	584	590
ELMI000341	P02748	zebrafish	B8A565	48	52
ELMI002206	P02751	zebrafish	B0S602	255	258
ELMI002207	P02751	zebrafish	B0S602	362	365
ELMI002208	P02751	zebrafish	B0S602	497	500
ELMI004918	P02751	zebrafish	B0S602	1615	1620
ELMI000115	P04004	zebrafish	F1R4H1	59	62
ELMI000813	P04626	zebrafish	F1R5S1	1166	1170
ELMI001587	P04626	zebrafish	F1R5S1	1262	1275
ELMI001578	P04921	zebrafish	Q6XFR2	83	89
ELMI001555	P05067	zebrafish	A0A0R4IN41	723	731
ELMI002125	P05067	zebrafish	A0A0R4IN41	724	728
ELMI002136	P05067	zebrafish	A0A0R4IN41	707	713
ELMI001539	P05106	zebrafish	B3DIP9	767	774
ELMI001548	P05106	zebrafish	B3DIP9	779	786
ELMI001559	P05106	zebrafish	B3DIP9	767	775
ELMI001571	P05106	zebrafish	B3DIP9	779	787
ELMI000268	P05412	zebrafish	Q6NZT5	203	212
ELMI000964	P05412	zebrafish	Q6NZT5	222	229
ELMI001020	P05412	zebrafish	Q6NZT5	30	41
ELMI001238	P05412	zebrafish	Q6NZT5	201	211
ELMI001387	P05412	zebrafish	Q6NZT5	212	220
ELMI001860	P05412	zebrafish	Q6NZT5	212	220
ELMI001965	P05412	zebrafish	Q6NZT5	58	64
ELMI001966	P05412	zebrafish	Q6NZT5	68	74
ELMI003097	P05412	zebrafish	Q6NZT5	33	42
ELMI001540	P06213	zebrafish	F1QNX5	968	975
ELMI002130	P06213	zebrafish	F1QNX5	1331	1335
ELMI000316	P06239	zebrafish	Q1RLY5	0	7
ELMI004908	P06239	zebrafish	Q1RLY5	497	502
ELMI000129	P06241	zebrafish	Q6EWH2	526	535
ELMI004907	P06241	zebrafish	Q6EWH2	530	535
ELMI000052	P06400	zebrafish	F1Q9D6	846	857
ELMI001389	P06400	zebrafish	F1Q9D6	836	854
ELMI001916	P06400	zebrafish	F1Q9D6	859	864
ELMI001917	P06400	zebrafish	F1Q9D6	331	336
ELMI002287	P06400	zebrafish	F1Q9D6	847	855
ELMI003257	P06400	zebrafish	F1Q9D6	234	242
ELMI003258	P06400	zebrafish	F1Q9D6	234	243
ELMI003259	P06400	zebrafish	F1Q9D6	355	362
ELMI003260	P06400	zebrafish	F1Q9D6	790	797
ELMI003970	P06400	zebrafish	F1Q9D6	872	884
ELMI004831	P06400	zebrafish	F1Q9D6	594	604
ELMI000292	P07306	zebrafish	F8W3Q0	17	20
ELMI000333	P07357	zebrafish	F1Q6F3	58	62
ELMI000334	P07357	zebrafish	F1Q6F3	549	553
ELMI000335	P07357	zebrafish	F1Q6F3	552	556
ELMI001598	P07550	zebrafish	E7EYN4	398	405
ELMI001445	P08047	zebrafish	F1QW97	327	332
ELMI001446	P08047	zebrafish	F1QW97	550	556
ELMI003843	P08238	zebrafish	O57521	221	228
ELMI003844	P08238	zebrafish	O57521	250	257
ELMI000805	P08581	zebrafish	F1QLR7	1356	1360
ELMI001905	P08621	zebrafish	Q6DRE8	366	371
ELMI000222	P08709	zebrafish	F1QFP3	87	93
ELMI000759	P09067	zebrafish	P09014	182	186
ELMI000327	P09471	zebrafish	Q6P967	0	7
ELMI001904	P09874	zebrafish	Q5RHR0	210	215
ELMI004275	P09958	zebrafish	F1QQ43	793	800
ELMI004153	P10600	zebrafish	Q66I23	259	266
ELMI000332	P10643	zebrafish	F1QF24	500	504
ELMI003749	P10721	zebrafish	Q8JFR5	920	924
ELMI000006	P11021	zebrafish	Q6P3L3	646	650
ELMI001251	P11387	zebrafish	Q1ED17	110	118
ELMI000508	P11717	zebrafish	Q2TTK0	2452	2459
ELMI002724	P12644	zebrafish	F1QAD6	282	288
ELMI000005	P12931	zebrafish	Q1JPZ3	523	532
ELMI000197	P12931	zebrafish	Q1JPZ3	249	257
ELMI000824	P12931	zebrafish	Q1JPZ3	0	7
ELMI000825	P12931	zebrafish	Q1JPZ3	70	77
ELMI004906	P12931	zebrafish	Q1JPZ3	527	532
ELMI000247	P12956	zebrafish	F1QZ60	348	353
ELMI001950	P13010	zebrafish	A0A0R4IB13	714	723
ELMI000798	P13051	zebrafish	A2BIQ2	3	13
ELMI002587	P13051	zebrafish	A2BIQ2	14	20
ELMI002845	P13051	zebrafish	A2BIQ2	51	67
ELMI002120	P13569	zebrafish	Q1LX78	1479	1485
ELMI003030	P13569	zebrafish	Q1LX78	761	766
ELMI003031	P13569	zebrafish	Q1LX78	746	751
ELMI003032	P13569	zebrafish	Q1LX78	786	792
ELMI000180	P14598	zebrafish	A2BFP2	380	386
ELMI002016	P14598	zebrafish	A2BFP2	346	352
ELMI002599	P14635	zebrafish	Q7ZU21	33	42
ELMI000757	P14651	zebrafish	O42368	140	144
ELMI003204	P15036	zebrafish	Q501S1	36	47
ELMI003205	P15036	zebrafish	Q501S1	271	282
ELMI004281	P15514	zebrafish	A9JRW9	218	225
ELMI004255	P16070	zebrafish	X1WBP3	394	400
ELMI001551	P16144	zebrafish	F1RA51	1660	1667
ELMI003345	P16333	zebrafish	E7F6M0	64	75
ELMI000762	P17481	zebrafish	Q8AWZ0	134	138
ELMI000758	P17483	zebrafish	P22574	130	134
ELMI000269	P17535	zebrafish	B0V1Q6	178	189
ELMI003094	P17535	zebrafish	B0V1Q6	22	30
ELMI001453	P17542	zebrafish	O93507	119	126
ELMI003062	P17544	zebrafish	B3DIE0	164	171
ELMI001640	P17612	zebrafish	A3KMS9	348	352
ELMI002202	P17612	zebrafish	A3KMS9	0	7
ELMI004298	P17643	zebrafish	Q6DGE4	501	507
ELMI003885	P17948	zebrafish	B3DKP1	1266	1271
ELMI004899	P18433	zebrafish	F1QE38	824	831
ELMI001309	P18848	zebrafish	Q6NW59	217	224
ELMI002705	P18850	zebrafish	Q5RH85	400	405
ELMI000311	P19086	zebrafish	A0A0G2LAU9	0	7
ELMI002862	P19338	zebrafish	F1R6L6	298	305
ELMI003894	P20273	zebrafish	A4JYK0	924	934
ELMI003895	P20273	zebrafish	A4JYK0	954	957
ELMI004274	P20309	zebrafish	X1WHZ7	277	285
ELMI003918	P20585	zebrafish	A0A288CFS8	19	29
ELMI003436	P20700	zebrafish	F1Q5F3	599	603
ELMI003588	P20908	zebrafish	A0A0R4IRG2	1361	1366
ELMI004766	P21333	zebrafish	E9QI62	2073	2079
ELMI000597	P21452	zebrafish	B8JI05	0	2
ELMI000598	P21452	zebrafish	B8JI05	4	12
ELMI001552	P21860	zebrafish	F1QP50	1408	1415
ELMI002612	P21860	zebrafish	F1QP50	1356	1360
ELMI003482	P22087	zebrafish	Q7ZTZ4	10	15
ELMI000579	P22303	zebrafish	Q9DDE3	281	287
ELMI000580	P22303	zebrafish	Q9DDE3	366	372
ELMI000581	P22303	zebrafish	Q9DDE3	510	516
ELMI001101	P22307	zebrafish	Q6P4V5	534	538
ELMI003716	P22681	zebrafish	F1QI90	782	787
ELMI004429	P22681	zebrafish	F1QI90	835	841
ELMI004793	P22681	zebrafish	F1QI90	830	838
ELMI001214	P23443	zebrafish	E9QG10	4	10
ELMI003118	P24385	zebrafish	Q90459	1	19
ELMI004149	P24385	zebrafish	Q90459	284	291
ELMI003587	P25391	zebrafish	A0A0R4II20	2194	2199
ELMI001303	P25963	zebrafish	F1QCG4	33	39
ELMI001554	P26010	zebrafish	E7F4H9	730	738
ELMI004606	P26038	zebrafish	Q66I42	556	562
ELMI003035	P26045	zebrafish	F1QLN8	339	345
ELMI000797	P26358	zebrafish	F1RCN0	159	169
ELMI003236	P26358	zebrafish	F1RCN0	147	152
ELMI003683	P26358	zebrafish	F1RCN0	991	996
ELMI004866	P26368	zebrafish	E7F8Y4	351	355
ELMI000314	P27918	zebrafish	B0S697	73	77
ELMI000315	P27918	zebrafish	B0S697	126	130
ELMI000317	P27918	zebrafish	B0S697	129	133
ELMI000318	P27918	zebrafish	B0S697	183	187
ELMI000319	P27918	zebrafish	B0S697	186	190
ELMI000320	P27918	zebrafish	B0S697	248	252
ELMI000321	P27918	zebrafish	B0S697	309	313
ELMI000322	P27918	zebrafish	B0S697	370	374
ELMI000324	P27918	zebrafish	B0S697	373	377
ELMI001019	P28324	zebrafish	F1R0K1	329	339
ELMI001028	P28324	zebrafish	F1R0K1	408	412
ELMI001436	P28324	zebrafish	F1R0K1	388	395
ELMI001437	P28324	zebrafish	F1R0K1	394	401
ELMI001031	P28562	zebrafish	A0A0R4IS50	344	347
ELMI001395	P28562	zebrafish	A0A0R4IS50	63	72
ELMI000794	P28715	zebrafish	F1QJS3	879	889
ELMI000053	P28749	zebrafish	F1QY31	655	665
ELMI003971	P28749	zebrafish	F1QY31	1043	1055
ELMI002155	P30273	zebrafish	A0A0R4IN58	70	88
ELMI003145	P30279	zebrafish	F1R9R4	1	17
ELMI004150	P30279	zebrafish	F1R9R4	291	298
ELMI003377	P30291	zebrafish	Q1LYE1	40	47
ELMI003449	P30291	zebrafish	Q1LYE1	100	107
ELMI003450	P30291	zebrafish	Q1LYE1	87	94
ELMI003455	P30291	zebrafish	Q1LYE1	141	152
ELMI003929	P30305	zebrafish	B8A5N7	184	186
ELMI000591	P30559	zebrafish	E4W699	6	14
ELMI000592	P30559	zebrafish	E4W699	15	21
ELMI000593	P30559	zebrafish	E4W699	26	32
ELMI001058	P30622	zebrafish	E7F2X0	1564	1569
ELMI000310	P31273	zebrafish	Q68EH7	138	142
ELMI000765	P31314	zebrafish	Q8JI13	136	140
ELMI004861	P31629	zebrafish	A0A286Y903	926	930
ELMI004254	P33527	zebrafish	A0A0R4IC81	294	300
ELMI001097	P34931	zebrafish	B0UXR9	639	643
ELMI004282	P35070	zebrafish	A0A0R4INZ6	150	157
ELMI001513	P35240	zebrafish	B3DGL5	513	520
ELMI002011	P35568	zebrafish	E7F4P8	411	417
ELMI003065	P35568	zebrafish	E7F4P8	754	761
ELMI003692	P35568	zebrafish	E7F4P8	786	790
ELMI002082	P35610	zebrafish	B0UYE4	9	13
ELMI003892	P36404	zebrafish	F1Q9Z2	0	10
ELMI004284	P36897	zebrafish	F1QQ20	162	169
ELMI000085	P37275	zebrafish	F1QPM7	669	674
ELMI000792	P39748	zebrafish	Q6TNU4	336	346
ELMI000062	P39880	zebrafish	E7F4J9	1349	1359
ELMI002199	P40259	zebrafish	A0A0R4ID76	224	244
ELMI004785	P40818	zebrafish	I3IT16	436	445
ELMI004786	P40818	zebrafish	I3IT16	692	701
ELMI002240	P40855	zebrafish	F1QB57	60	65
ELMI002242	P40855	zebrafish	F1QB57	14	26
ELMI000552	P41180	zebrafish	F1R4B8	92	98
ELMI000553	P41180	zebrafish	F1R4B8	132	138
ELMI000554	P41180	zebrafish	F1R4B8	263	269
ELMI000555	P41180	zebrafish	F1R4B8	289	295
ELMI000556	P41180	zebrafish	F1R4B8	373	379
ELMI000557	P41180	zebrafish	F1R4B8	433	439
ELMI000558	P41180	zebrafish	F1R4B8	455	461
ELMI000559	P41180	zebrafish	F1R4B8	475	481
ELMI000560	P41180	zebrafish	F1R4B8	528	534
ELMI002630	P41236	zebrafish	Q6P0J0	7	13
ELMI001635	P41743	zebrafish	Q90XF2	570	576
ELMI000087	P41970	zebrafish	F1QIB0	251	256
ELMI000835	P42566	zebrafish	F1QIJ6	804	807
ELMI000836	P42566	zebrafish	F1QIJ6	845	848
ELMI000837	P42566	zebrafish	F1QIJ6	864	867
ELMI000838	P42566	zebrafish	F1QIJ6	892	895
ELMI000839	P42566	zebrafish	F1QIJ6	670	673
ELMI000840	P42566	zebrafish	F1QIJ6	711	714
ELMI000841	P42566	zebrafish	F1QIJ6	717	720
ELMI000842	P42566	zebrafish	F1QIJ6	722	725
ELMI000843	P42566	zebrafish	F1QIJ6	731	734
ELMI000844	P42566	zebrafish	F1QIJ6	736	739
ELMI000845	P42566	zebrafish	F1QIJ6	742	745
ELMI000846	P42566	zebrafish	F1QIJ6	791	794
ELMI000847	P42566	zebrafish	F1QIJ6	943	946
ELMI000848	P42566	zebrafish	F1QIJ6	949	952
ELMI000849	P42566	zebrafish	F1QIJ6	970	973
ELMI003356	P42695	zebrafish	F1R935	1359	1366
ELMI001660	P42768	zebrafish	B0S5G8	408	425
ELMI003343	P42768	zebrafish	B0S5G8	442	451
ELMI001912	P42858	zebrafish	B7ZDE9	498	503
ELMI000069	P46527	zebrafish	Q90YX4	26	37
ELMI001938	P46527	zebrafish	Q90YX4	161	166
ELMI001962	P46527	zebrafish	Q90YX4	161	165
ELMI002138	P46527	zebrafish	Q90YX4	161	166
ELMI002425	P46527	zebrafish	Q90YX4	137	146
ELMI002979	P46527	zebrafish	Q90YX4	171	179
ELMI002261	P46937	zebrafish	Q1L8J7	436	442
ELMI002993	P46937	zebrafish	Q1L8J7	83	89
ELMI003536	P46937	zebrafish	Q1L8J7	439	442
ELMI003939	P46937	zebrafish	Q1L8J7	54	58
ELMI001869	P46940	zebrafish	E7FBD5	804	824
ELMI001870	P46940	zebrafish	E7FBD5	834	853
ELMI000753	P47902	zebrafish	A5PLE8	126	130
ELMI000582	P48023	zebrafish	Q0PKX7	167	173
ELMI000583	P48023	zebrafish	Q0PKX7	234	240
ELMI000584	P48023	zebrafish	Q0PKX7	244	250
ELMI001426	P48048	zebrafish	A5PLA5	192	199
ELMI001427	P48048	zebrafish	A5PLA5	286	293
ELMI001511	P48436	zebrafish	Q9DFH2	60	69
ELMI004737	P48643	zebrafish	Q6NVI6	537	541
ELMI001205	P49137	zebrafish	Q7T2F2	334	349
ELMI002941	P49137	zebrafish	Q7T2F2	350	367
ELMI001207	P49407	zebrafish	C3PTE8	384	395
ELMI000296	P49418	zebrafish	F1QK94	323	328
ELMI000450	P49418	zebrafish	F1QK94	345	350
ELMI000453	P49418	zebrafish	F1QK94	372	378
ELMI003660	P49418	zebrafish	F1QK94	289	294
ELMI000856	P49715	zebrafish	Q8UVZ1	123	127
ELMI001232	P49715	zebrafish	Q8UVZ1	123	130
ELMI001237	P49715	zebrafish	Q8UVZ1	123	132
ELMI001241	P49715	zebrafish	Q8UVZ1	123	133
ELMI000858	P49716	zebrafish	Q6P612	136	140
ELMI000965	P49736	zebrafish	A0A0R4IF65	88	95
ELMI000494	P49755	zebrafish	Q6NWI7	204	209
ELMI000495	P49755	zebrafish	Q6NWI7	193	209
ELMI004758	P49790	zebrafish	A0A0R4IVZ0	474	480
ELMI003685	P49915	zebrafish	B8JLW8	319	324
ELMI003398	P50552	zebrafish	Q1LVK6	232	239
ELMI001433	P50616	zebrafish	Q7SZR1	152	159
ELMI001610	P50616	zebrafish	Q7SZR1	129	142
ELMI001611	P50616	zebrafish	Q7SZR1	242	255
ELMI000135	P51451	zebrafish	Q5TYU7	476	485
ELMI000027	P51617	zebrafish	F6NJE2	516	542
ELMI000028	P51617	zebrafish	F6NJE2	568	576
ELMI000029	P51617	zebrafish	F6NJE2	668	677
ELMI001695	P51617	zebrafish	F6NJE2	131	135
ELMI003171	P51959	zebrafish	F1QU95	290	296
ELMI003289	P52564	zebrafish	Q9DGE0	32	42
ELMI001421	P52565	zebrafish	Q6P3J2	169	176
ELMI000799	P52701	zebrafish	A0A0R4IAE0	3	13
ELMI003879	P52799	zebrafish	O73874	300	307
ELMI000764	P52945	zebrafish	F1RBA3	108	112
ELMI001004	P53350	zebrafish	Q6DRK7	322	331
ELMI001616	P53804	zebrafish	E7EYR3	1159	1169
ELMI001486	P55017	zebrafish	Q1LX46	9	13
ELMI000939	P55317	zebrafish	Q6P0C9	357	366
ELMI002318	P56559	zebrafish	Q6P5M7	0	7
ELMI004462	P56962	zebrafish	F1QFP8	161	171
ELMI002757	P60323	zebrafish	Q90WW1	22	32
ELMI002898	P61081	zebrafish	A0A0R4IUU4	3	12
ELMI002901	P61081	zebrafish	A0A0R4IUU4	0	4
ELMI000882	P61956	zebrafish	Q6DHL4	9	13
ELMI002319	P63096	zebrafish	Q7T3D3	0	7
ELMI002044	P78314	zebrafish	E9QEA7	341	349
ELMI003013	P78314	zebrafish	E9QEA7	229	234
ELMI003040	P78314	zebrafish	E9QEA7	187	193
ELMI004389	P78314	zebrafish	E9QEA7	182	185
ELMI002777	P78317	zebrafish	A0A0R4IUS5	60	66
ELMI002778	P78317	zebrafish	A0A0R4IUS5	69	76
ELMI002779	P78317	zebrafish	A0A0R4IUS5	48	54
ELMI002809	P78317	zebrafish	A0A0R4IUS5	37	45
ELMI002810	P78317	zebrafish	A0A0R4IUS5	69	76
ELMI000561	P78363	zebrafish	F1R045	96	102
ELMI000562	P78363	zebrafish	F1R045	413	419
ELMI000563	P78363	zebrafish	F1R045	442	448
ELMI000564	P78363	zebrafish	F1R045	502	508
ELMI000565	P78363	zebrafish	F1R045	1509	1515
ELMI000566	P78363	zebrafish	F1R045	1569	1575
ELMI000567	P78363	zebrafish	F1R045	1628	1634
ELMI000568	P78363	zebrafish	F1R045	1702	1708
ELMI002596	P78381	zebrafish	B0UYD3	373	374
ELMI003264	P78396	zebrafish	F1QGH4	65	71
ELMI001906	P78527	zebrafish	E7F4J7	2717	2722
ELMI001991	P84022	zebrafish	Q8AY15	175	181
ELMI001992	P84022	zebrafish	Q8AY15	200	206
ELMI001993	P84022	zebrafish	Q8AY15	204	210
ELMI001994	P84022	zebrafish	Q8AY15	209	215
ELMI002176	P84022	zebrafish	Q8AY15	200	208
ELMI002279	P98177	zebrafish	F1R3E6	17	26
ELMI002280	P98177	zebrafish	F1R3E6	184	193
ELMI002988	P98177	zebrafish	F1R3E6	19	25
ELMI003025	P98177	zebrafish	F1R3E6	186	192
ELMI002886	Q00839	zebrafish	Q5RHQ7	178	184
ELMI000610	Q01453	zebrafish	Q1RLQ8	39	45
ELMI002439	Q01814	zebrafish	F1QBG4	1234	1240
ELMI004290	Q01814	zebrafish	F1QBG4	1169	1175
ELMI004849	Q01850	zebrafish	E7FC97	290	294
ELMI002989	Q02156	zebrafish	B8A467	343	349
ELMI003043	Q02156	zebrafish	B8A467	363	370
ELMI001035	Q02363	zebrafish	Q7SZQ2	101	110
ELMI003657	Q02363	zebrafish	Q7SZQ2	27	32
ELMI001594	Q02410	zebrafish	A0A2R9YJM9	962	968
ELMI004545	Q02410	zebrafish	A0A2R9YJM9	501	508
ELMI000940	Q02548	zebrafish	F1QGF8	177	186
ELMI001022	Q02750	zebrafish	A5WWB4	3	12
ELMI000271	Q05195	zebrafish	A2BFZ1	6	17
ELMI000176	Q06187	zebrafish	F8W3B7	165	172
ELMI000177	Q06187	zebrafish	F8W3B7	178	185
ELMI002780	Q06265	zebrafish	Q5XJQ5	371	382
ELMI000151	Q06609	zebrafish	Q5TYR1	315	322
ELMI000044	Q07011	zebrafish	E7F8V4	247	251
ELMI002861	Q07666	zebrafish	Q6NW62	1	8
ELMI001543	Q07954	zebrafish	F1QY34	4472	4479
ELMI001546	Q07954	zebrafish	F1QY34	4506	4513
ELMI001560	Q07954	zebrafish	F1QY34	4472	4480
ELMI001562	Q07954	zebrafish	F1QY34	4506	4514
ELMI004252	Q07954	zebrafish	F1QY34	4531	4537
ELMI003357	Q08050	zebrafish	F1QRF9	595	602
ELMI000060	Q08999	zebrafish	E7FDM3	633	644
ELMI003972	Q08999	zebrafish	E7FDM3	1063	1075
ELMI003816	Q12778	zebrafish	A3RK74	295	302
ELMI002012	Q12800	zebrafish	E7EYC1	287	293
ELMI002013	Q12800	zebrafish	E7EYC1	305	311
ELMI002014	Q12800	zebrafish	E7EYC1	341	347
ELMI002305	Q12800	zebrafish	E7EYC1	285	291
ELMI000283	Q12834	zebrafish	A0A0R4IU39	130	139
ELMI001006	Q12834	zebrafish	A0A0R4IU39	97	102
ELMI002492	Q12834	zebrafish	A0A0R4IU39	493	496
ELMI002507	Q12834	zebrafish	A0A0R4IU39	78	85
ELMI003806	Q12929	zebrafish	A0A0R4IID9	201	208
ELMI003807	Q12929	zebrafish	A0A0R4IID9	196	203
ELMI002689	Q12968	zebrafish	E7FE12	402	406
ELMI003096	Q12968	zebrafish	E7FE12	150	159
ELMI001072	Q12972	zebrafish	A5PF58	194	201
ELMI001614	Q12986	zebrafish	A0A1D5NSC5	9	22
ELMI001256	Q13085	zebrafish	F1QH12	1295	1300
ELMI003831	Q13114	zebrafish	Q6DEG0	353	360
ELMI001918	Q13177	zebrafish	A0A0R4IRH8	202	207
ELMI003309	Q13191	zebrafish	F1Q742	481	489
ELMI003707	Q13191	zebrafish	F1Q742	755	760
ELMI003726	Q13191	zebrafish	F1Q742	646	651
ELMI003727	Q13191	zebrafish	F1Q742	682	687
ELMI004428	Q13191	zebrafish	F1Q742	868	874
ELMI003099	Q13233	zebrafish	A0A0R4IQU7	900	909
ELMI001697	Q13255	zebrafish	A0A0R4IU63	1110	1115
ELMI002115	Q13309	zebrafish	A3KP53	1	8
ELMI002595	Q13309	zebrafish	A3KP53	56	62
ELMI004790	Q13309	zebrafish	A3KP53	67	80
ELMI002688	Q13469	zebrafish	E7F9Z5	325	329
ELMI003306	Q13480	zebrafish	F1Q7S5	572	582
ELMI004782	Q13480	zebrafish	F1Q7S5	534	543
ELMI004791	Q13480	zebrafish	F1Q7S5	348	356
ELMI002823	Q13501	zebrafish	F1Q5Z8	350	356
ELMI004465	Q13501	zebrafish	F1Q5Z8	338	350
ELMI003836	Q13516	zebrafish	A8WIQ8	9	16
ELMI004621	Q13523	zebrafish	F1QWY2	172	178
ELMI001212	Q13542	zebrafish	Q6NYL2	108	113
ELMI002097	Q13542	zebrafish	Q6NYL2	49	56
ELMI001301	Q13563	zebrafish	Q6IVV8	4	9
ELMI001901	Q13698	zebrafish	C0LU14	1539	1559
ELMI000611	Q13724	zebrafish	B8A4C4	647	653
ELMI000746	Q13761	zebrafish	F6NM27	434	438
ELMI003070	Q13873	zebrafish	B0V0H4	957	964
ELMI001098	Q13905	zebrafish	E7F4B2	271	277
ELMI001563	Q14114	zebrafish	G9MDF3	940	948
ELMI001104	Q14118	zebrafish	F1QMH7	859	863
ELMI002179	Q14118	zebrafish	F1QMH7	748	754
ELMI002281	Q14118	zebrafish	F1QMH7	858	865
ELMI004889	Q14118	zebrafish	F1QMH7	860	866
ELMI002865	Q14151	zebrafish	Q1LV81	366	373
ELMI002887	Q14151	zebrafish	Q1LV81	235	238
ELMI000066	Q14207	zebrafish	A0A0R4IH22	907	918
ELMI000076	Q14209	zebrafish	E7FFJ8	88	97
ELMI001515	Q14209	zebrafish	E7FFJ8	420	429
ELMI000806	Q14289	zebrafish	Q7T2P8	868	872
ELMI004897	Q14289	zebrafish	Q7T2P8	393	402
ELMI002479	Q14318	zebrafish	Q6P3J6	48	53
ELMI004466	Q14318	zebrafish	Q6P3J6	33	41
ELMI003676	Q14332	zebrafish	F1QBI2	522	533
ELMI002990	Q14432	zebrafish	F6P4K3	361	366
ELMI003185	Q14457	zebrafish	F1RCP1	104	121
ELMI003832	Q14457	zebrafish	F1RCP1	405	412
ELMI004467	Q14457	zebrafish	F1RCP1	92	100
ELMI004638	Q14566	zebrafish	F1R5P3	9	14
ELMI000274	Q14582	zebrafish	E7F6Q1	5	16
ELMI004497	Q14596	zebrafish	F1R2I7	764	775
ELMI002000	Q14653	zebrafish	B7SEE0	356	362
ELMI002253	Q14674	zebrafish	E7FDD8	1557	1562
ELMI002254	Q14674	zebrafish	E7FDD8	1576	1581
ELMI002255	Q14674	zebrafish	E7FDD8	1596	1601
ELMI003168	Q14674	zebrafish	E7FDD8	1559	1565
ELMI003932	Q14680	zebrafish	F1QGZ6	454	458
ELMI001439	Q14934	zebrafish	E7F059	153	160
ELMI001440	Q14934	zebrafish	E7F059	155	162
ELMI002690	Q14934	zebrafish	E7F059	297	301
ELMI003910	Q15004	zebrafish	A0A0N4SU88	48	58
ELMI003595	Q15051	zebrafish	Q5PRA5	321	337
ELMI003596	Q15051	zebrafish	Q5PRA5	391	408
ELMI001231	Q15054	zebrafish	F1Q825	446	456
ELMI003492	Q15054	zebrafish	F1Q825	229	239
ELMI002324	Q15078	zebrafish	F1Q6W4	0	7
ELMI003228	Q15078	zebrafish	F1Q6W4	4	12
ELMI004683	Q15078	zebrafish	F1Q6W4	300	304
ELMI000491	Q15293	zebrafish	F1R369	316	320
ELMI000093	Q15326	zebrafish	F1R4W7	488	495
ELMI003231	Q15398	zebrafish	F1Q687	293	299
ELMI003232	Q15398	zebrafish	F1Q687	595	601
ELMI003383	Q15468	zebrafish	Q8JGS1	1103	1110
ELMI003212	Q15554	zebrafish	F1QRC8	294	302
ELMI000218	Q15583	zebrafish	Q803F0	23	28
ELMI000636	Q15583	zebrafish	Q803F0	249	257
ELMI000945	Q15637	zebrafish	A0A0R4IBT0	86	95
ELMI002066	Q15842	zebrafish	Q5RH88	371	375
ELMI004850	Q15842	zebrafish	Q5RH88	396	400
ELMI003927	Q16204	zebrafish	A0AUQ3	399	403
ELMI002820	Q16236	zebrafish	Q7ZVI2	75	81
ELMI001525	Q16254	zebrafish	A0A0R4ICD5	379	383
ELMI004829	Q16254	zebrafish	A0A0R4ICD5	390	399
ELMI002161	Q16644	zebrafish	A0A2R8QPN8	387	393
ELMI001219	Q16665	zebrafish	Q6EHI4	411	425
ELMI001220	Q16665	zebrafish	Q6EHI4	554	567
ELMI001243	Q16665	zebrafish	Q6EHI4	470	477
ELMI002264	Q16665	zebrafish	Q6EHI4	401	405
ELMI002265	Q16665	zebrafish	Q6EHI4	470	473
ELMI002266	Q16665	zebrafish	Q6EHI4	615	619
ELMI003249	Q16665	zebrafish	Q6EHI4	637	644
ELMI003820	Q16665	zebrafish	Q6EHI4	243	250
ELMI001396	Q16828	zebrafish	Q7T2L8	63	73
ELMI004633	Q17RY0	zebrafish	A0A0G2KYC0	375	391
ELMI002953	Q2KHR2	zebrafish	A0A0G2KLK6	181	189
ELMI004488	Q3MII6	zebrafish	B0S696	108	118
ELMI002438	Q4VCS5	zebrafish	E9QFX4	289	293
ELMI004744	Q52LA3	zebrafish	A0AUQ6	10	24
ELMI001307	Q53EL6	zebrafish	Q1L8Y5	71	78
ELMI003230	Q53EZ4	zebrafish	Q502I3	392	398
ELMI004170	Q53GL0	zebrafish	E9QIX7	148	167
ELMI001609	Q58A45	zebrafish	E7EXP6	202	214
ELMI002285	Q5C9Z4	zebrafish	Q1LY17	312	319
ELMI003889	Q5FWF4	zebrafish	E7EXE0	1071	1078
ELMI003912	Q5FWF4	zebrafish	E7EXE0	521	531
ELMI003575	Q5JSH3	zebrafish	A5PN22	6	17
ELMI002827	Q5JTC6	zebrafish	F1RDM5	250	256
ELMI002746	Q5SQS7	zebrafish	U3JB01	31	39
ELMI004851	Q5T0W9	zebrafish	E7F4Q7	551	555
ELMI003571	Q5T4F4	zebrafish	F1QVN6	289	296
ELMI001537	Q5VV67	zebrafish	E7F4W0	852	856
ELMI002937	Q63HQ0	zebrafish	E7F124	247	257
ELMI002938	Q63HQ0	zebrafish	E7F124	197	206
ELMI003102	Q63ZY3	zebrafish	X1WE18	258	267
ELMI003890	Q6NS38	zebrafish	A3QK41	0	7
ELMI002863	Q6NZI2	zebrafish	A6NA21	168	174
ELMI004047	Q6P1M3	zebrafish	Q7SZE3	639	648
ELMI002326	Q6P9B6	zebrafish	Q1LWV7	0	7
ELMI000485	Q6ULP2	zebrafish	B8JLD1	23	30
ELMI000486	Q6ULP2	zebrafish	B8JLD1	320	325
ELMI001258	Q6UWZ7	zebrafish	Q1LVP6	386	391
ELMI004314	Q6ZP29	zebrafish	B0S5U0	294	300
ELMI001618	Q71RC2	zebrafish	X1WDN3	11	24
ELMI001057	Q71U36	zebrafish	Q6NWK7	442	451
ELMI004433	Q7LBR1	zebrafish	Q7ZVB1	186	196
ELMI002328	Q7RTS9	zebrafish	E7EY97	1	8
ELMI002787	Q7Z333	zebrafish	E7FBJ2	805	816
ELMI003940	Q7Z333	zebrafish	E7FBJ2	1342	1346
ELMI002935	Q7Z465	zebrafish	A8DZD4	145	155
ELMI003026	Q86VP3	zebrafish	F1RCJ9	424	430
ELMI004863	Q86VY9	zebrafish	Q5RGQ8	331	335
ELMI003294	Q86VZ6	zebrafish	Q49TU3	78	88
ELMI004657	Q86WV6	zebrafish	E7F4N7	367	373
ELMI004923	Q86WV6	zebrafish	E7F4N7	373	381
ELMI004505	Q8IUC6	zebrafish	Q1LUQ2	211	220
ELMI004654	Q8IUC6	zebrafish	Q1LUQ2	198	202
ELMI002924	Q8IWE5	zebrafish	F1QCJ1	200	210
ELMI002925	Q8IWE5	zebrafish	F1QCJ1	229	237
ELMI004486	Q8IYT8	zebrafish	X1WEA3	352	361
ELMI004471	Q8IZQ1	zebrafish	A0A286Y869	3326	3334
ELMI002657	Q8N114	zebrafish	Q1LXB2	174	213
ELMI004796	Q8N1K5	zebrafish	A5PF62	544	552
ELMI002789	Q8N3Z6	zebrafish	F1QLY2	93	102
ELMI002790	Q8N3Z6	zebrafish	F1QLY2	185	191
ELMI002812	Q8N3Z6	zebrafish	F1QLY2	183	185
ELMI004674	Q8N3Z6	zebrafish	F1QLY2	354	359
ELMI004306	Q8N697	zebrafish	A0A0R4ICA5	7	13
ELMI003719	Q8N8Z6	zebrafish	F1QGI1	550	555
ELMI003720	Q8N8Z6	zebrafish	F1QGI1	559	564
ELMI003721	Q8N8Z6	zebrafish	F1QGI1	591	596
ELMI003722	Q8N8Z6	zebrafish	F1QGI1	623	628
ELMI003723	Q8N8Z6	zebrafish	F1QGI1	640	645
ELMI003724	Q8N8Z6	zebrafish	F1QGI1	669	674
ELMI003663	Q8NCN4	zebrafish	E7FAP1	297	302
ELMI003664	Q8NCN4	zebrafish	E7FAP1	332	337
ELMI002330	Q8ND76	zebrafish	E7F3H3	0	7
ELMI002504	Q8NDV7	zebrafish	A0A0R4IJ26	1417	1431
ELMI004878	Q8NFW1	zebrafish	A0A0R4IR54	1425	1431
ELMI004563	Q8NHG7	zebrafish	X1WFU2	24	36
ELMI004316	Q8NHS3	zebrafish	Q0VA82	7	13
ELMI002482	Q8NI77	zebrafish	B0V302	867	870
ELMI004424	Q8TB24	zebrafish	E7FC22	448	454
ELMI004425	Q8TB24	zebrafish	E7FC22	538	544
ELMI001565	Q8TBB1	zebrafish	Q5RH21	194	202
ELMI003522	Q8TDY2	zebrafish	E7FFM2	729	741
ELMI004473	Q8TDY2	zebrafish	E7FFM2	703	713
ELMI004558	Q8TEB9	zebrafish	F1QUY6	324	334
ELMI002100	Q8TEQ6	zebrafish	E9QH84	972	979
ELMI001706	Q8TF74	zebrafish	F1QNX8	399	412
ELMI002696	Q8TF74	zebrafish	F1QNX8	396	407
ELMI001530	Q8WTV1	zebrafish	F1R6N1	148	152
ELMI002892	Q8WUA2	zebrafish	A5PM92	213	219
ELMI001344	Q8WUM4	zebrafish	B8JLR1	712	718
ELMI002467	Q8WUM4	zebrafish	B8JLR1	794	805
ELMI002651	Q8WUM4	zebrafish	B8JLR1	799	808
ELMI004407	Q8WUM4	zebrafish	B8JLR1	739	745
ELMI004408	Q8WV28	zebrafish	B8JLV5	243	249
ELMI004409	Q8WV28	zebrafish	B8JLV5	344	350
ELMI004787	Q8WV28	zebrafish	B8JLV5	191	200
ELMI003251	Q8WWK9	zebrafish	E7F392	539	547
ELMI004410	Q8WWN8	zebrafish	A0A140LH27	140	146
ELMI004548	Q8WXD9	zebrafish	I3ITP1	381	387
ELMI001257	Q8WXE1	zebrafish	Q1LXB1	223	228
ELMI001949	Q8WXE1	zebrafish	Q1LXB1	712	720
ELMI003071	Q8WXG6	zebrafish	A0A1D5NSM6	835	842
ELMI004821	Q92618	zebrafish	Q1L941	758	767
ELMI003931	Q92620	zebrafish	F1QND0	35	39
ELMI002049	Q92698	zebrafish	F1Q8K0	683	691
ELMI002613	Q92731	zebrafish	B8JJL4	6	14
ELMI000850	Q92754	zebrafish	Q5PQZ4	8	12
ELMI000789	Q92793	zebrafish	A0A0R4IPF2	79	86
ELMI003826	Q92858	zebrafish	B0R059	251	258
ELMI004119	Q92859	zebrafish	A0A0R4IP15	1330	1336
ELMI004677	Q92859	zebrafish	A0A0R4IP15	1407	1426
ELMI004582	Q92890	zebrafish	Q6DRD5	227	237
ELMI004662	Q92985	zebrafish	F1QNG2	399	405
ELMI004532	Q92997	zebrafish	E7F737	641	647
ELMI004555	Q92997	zebrafish	E7F737	668	673
ELMI002899	Q969M7	zebrafish	Q6NY82	0	9
ELMI002900	Q969M7	zebrafish	Q6NY82	0	4
ELMI003563	Q969R2	zebrafish	A2BEG1	336	348
ELMI003387	Q969U6	zebrafish	A0A286Y9Z1	148	155
ELMI004159	Q96B97	zebrafish	E9QJP6	491	510
ELMI001631	Q96BR1	zebrafish	F1R730	471	477
ELMI004501	Q96CG3	zebrafish	A0A1D5NSL5	175	184
ELMI004617	Q96FV9	zebrafish	F1QY90	212	220
ELMI004523	Q96GN5	zebrafish	E7FGN3	12	16
ELMI004524	Q96GN5	zebrafish	E7FGN3	43	69
ELMI002743	Q96I34	zebrafish	E7FFN3	29	37
ELMI002205	Q96IZ0	zebrafish	Q5XJ95	41	47
ELMI003854	Q96IZ0	zebrafish	Q5XJ95	204	211
ELMI002412	Q96KQ4	zebrafish	A0A0R4IUG8	386	443
ELMI003176	Q96L42	zebrafish	F1QTV6	706	712
ELMI002332	Q96PX1	zebrafish	E7FBW3	0	7
ELMI001076	Q96QC0	zebrafish	A3KPX4	380	388
ELMI002883	Q96QT6	zebrafish	E7EXI6	466	472
ELMI002073	Q96RI0	zebrafish	E7FDD1	164	168
ELMI003580	Q96RL7	zebrafish	F1QJI4	844	855
ELMI004527	Q96ST2	zebrafish	F1QJ31	429	448
ELMI003566	Q96SU4	zebrafish	A0JMN8	294	302
ELMI000227	Q99062	zebrafish	F1R904	693	697
ELMI004469	Q99442	zebrafish	F1QJ73	363	373
ELMI000510	Q99523	zebrafish	A5PMG8	822	828
ELMI003004	Q99683	zebrafish	E7F2L3	951	957
ELMI001607	Q99700	zebrafish	A2CF31	710	723
ELMI003884	Q99704	zebrafish	A0A0R4IQ50	432	438
ELMI000064	Q99741	zebrafish	F1R1N7	106	112
ELMI001009	Q99741	zebrafish	F1R1N7	99	104
ELMI002110	Q99741	zebrafish	F1R1N7	440	445
ELMI003262	Q99741	zebrafish	F1R1N7	90	97
ELMI003073	Q99767	zebrafish	A0A1D5NS70	359	365
ELMI001330	Q99816	zebrafish	F1QGE6	318	324
ELMI002469	Q99816	zebrafish	F1QGE6	155	166
ELMI002652	Q99816	zebrafish	F1QGE6	187	196
ELMI001602	Q9BPZ3	zebrafish	B8A588	115	128
ELMI003322	Q9BQB4	zebrafish	E7EXX7	120	133
ELMI004565	Q9BQE4	zebrafish	Q0VFV6	79	89
ELMI004477	Q9BQS8	zebrafish	A0A0R4IIH4	1298	1310
ELMI002335	Q9BRQ8	zebrafish	E7FFC4	0	7
ELMI003225	Q9BSJ8	zebrafish	E9QHD7	303	311
ELMI002943	Q9BUB5	zebrafish	F1QJV2	434	449
ELMI004587	Q9BUN8	zebrafish	F1Q4W3	250	259
ELMI004632	Q9BVS4	zebrafish	A5WUT7	346	359
ELMI003913	Q9BWF2	zebrafish	F1QL47	444	453
ELMI003936	Q9BWU0	zebrafish	E7F3T1	47	51
ELMI003581	Q9BXW6	zebrafish	A0A0R4IQ17	477	486
ELMI002177	Q9BYG3	zebrafish	Q8JIY8	204	211
ELMI002178	Q9BYG3	zebrafish	Q8JIY8	207	215
ELMI003556	Q9BZ71	zebrafish	E7F006	31	42
ELMI003565	Q9BZF2	zebrafish	Q1LW95	372	382
ELMI003564	Q9BZF3	zebrafish	E7F2M8	468	476
ELMI002748	Q9BZL4	zebrafish	Q08BR9	8	16
ELMI004586	Q9GZP9	zebrafish	Q4VBS8	229	238
ELMI002408	Q9GZV5	zebrafish	Q307I6	57	64
ELMI002409	Q9GZV5	zebrafish	Q307I6	73	80
ELMI002410	Q9GZV5	zebrafish	Q307I6	101	108
ELMI002411	Q9GZV5	zebrafish	Q307I6	297	304
ELMI002991	Q9GZV5	zebrafish	Q307I6	75	81
ELMI003219	Q9GZV5	zebrafish	Q307I6	275	281
ELMI003553	Q9GZV5	zebrafish	Q307I6	388	391
ELMI001493	Q9GZX7	zebrafish	B3DGZ0	27	34
ELMI001494	Q9GZX7	zebrafish	B3DGZ0	38	45
ELMI001604	Q9H074	zebrafish	Q6DBW2	68	81
ELMI003561	Q9H1P3	zebrafish	Q7ZVL1	4	12
ELMI001942	Q9H211	zebrafish	E7F2R5	3	15
ELMI004764	Q9H252	zebrafish	B0V138	330	336
ELMI001239	Q9H2X6	zebrafish	F1Q4N0	30	40
ELMI002804	Q9H2X6	zebrafish	F1Q4N0	917	923
ELMI003562	Q9H4L5	zebrafish	F1R2E5	443	453
ELMI002884	Q9H4L7	zebrafish	E7F1C4	27	34
ELMI003074	Q9H7D0	zebrafish	B8JID6	1750	1757
ELMI004669	Q9H7Z3	zebrafish	E7F365	141	148
ELMI004623	Q9H814	zebrafish	F1QHC5	4	12
ELMI001229	Q9H816	zebrafish	B0V2S2	545	550
ELMI004567	Q9H8Y5	zebrafish	E7F4D7	656	668
ELMI001105	Q9HB71	zebrafish	B0S6K3	62	67
ELMI003381	Q9HC77	zebrafish	E7FCY1	438	445
ELMI003248	Q9NP87	zebrafish	Q5IBN3	374	385
ELMI002982	Q9NPC2	zebrafish	A0A0R4ISF0	486	490
ELMI003678	Q9NPG1	zebrafish	A0JBX4	508	519
ELMI004110	Q9NPG4	zebrafish	E7F5T8	1096	1102
ELMI004858	Q9NPH0	zebrafish	A8WG92	61	65
ELMI002338	Q9NR22	zebrafish	Q5RGQ2	0	7
ELMI004297	Q9NRA2	zebrafish	F1R043	13	19
ELMI002339	Q9NRX5	zebrafish	Q7SZW7	0	7
ELMI003375	Q9NS56	zebrafish	E7F1A2	750	756
ELMI001531	Q9NVV9	zebrafish	Q1JPT7	144	148
ELMI004902	Q9NWQ8	zebrafish	F6P529	161	169
ELMI004903	Q9NWQ8	zebrafish	F6P529	179	187
ELMI002051	Q9NWV8	zebrafish	Q6AXK4	21	29
ELMI002052	Q9NWV8	zebrafish	Q6AXK4	52	60
ELMI001568	Q9NY15	zebrafish	E0CZJ3	2523	2532
ELMI004742	Q9NZB2	zebrafish	E7F851	1040	1044
ELMI004667	Q9NZM5	zebrafish	A0A2R8Q037	96	103
ELMI002070	Q9P0K1	zebrafish	F1QF43	862	866
ELMI002436	Q9P0K1	zebrafish	F1QF43	912	918
ELMI003016	Q9P0K1	zebrafish	F1QF43	865	875
ELMI003017	Q9P0K1	zebrafish	F1QF43	842	848
ELMI001947	Q9P270	zebrafish	Q5RHE6	560	567
ELMI004102	Q9P2E7	zebrafish	Q805F0	969	975
ELMI004109	Q9P2E7	zebrafish	Q805F0	926	932
ELMI002341	Q9P2G1	zebrafish	E7EYI2	0	7
ELMI004622	Q9P2I0	zebrafish	F1QVV4	649	657
ELMI001349	Q9UBP0	zebrafish	Q6NW58	5	12
ELMI000733	Q9UBP5	zebrafish	Q9I9L0	313	324
ELMI002793	Q9UBT2	zebrafish	Q7SXG4	592	605
ELMI002806	Q9UBT2	zebrafish	Q7SXG4	592	603
ELMI004597	Q9UBV8	zebrafish	Q6DC93	15	23
ELMI003914	Q9UBZ4	zebrafish	F1Q865	400	420
ELMI004251	Q9UGH3	zebrafish	A0A140LG99	49	55
ELMI001103	Q9UHB7	zebrafish	I3ISK1	223	232
ELMI000257	Q9UHF7	zebrafish	F1QEY1	1118	1123
ELMI001425	Q9UJY1	zebrafish	A2BHS1	52	63
ELMI004569	Q9UKV5	zebrafish	F1QB30	600	612
ELMI004287	Q9ULH4	zebrafish	A0A286Y8D8	691	697
ELMI001667	Q9ULH7	zebrafish	U3JAU7	46	66
ELMI001668	Q9ULH7	zebrafish	U3JAU7	90	110
ELMI001669	Q9ULH7	zebrafish	U3JAU7	134	154
ELMI003677	Q9ULV1	zebrafish	A0A0R4IVK2	478	489
ELMI002493	Q9UM11	zebrafish	Q7ZUP9	492	495
ELMI002494	Q9UM13	zebrafish	E7FCJ1	182	185
ELMI002959	Q9UM47	zebrafish	F1QZF2	1673	1677
ELMI004825	Q9UM82	zebrafish	F1QCY8	327	332
ELMI003576	Q9UNN5	zebrafish	B0UXY9	318	326
ELMI004588	Q9UNZ2	zebrafish	F1Q8D2	252	262
ELMI002505	Q9UPQ9	zebrafish	U3JAU2	1575	1589
ELMI004615	Q9UPT8	zebrafish	E7FGZ9	28	35
ELMI004616	Q9UPT8	zebrafish	E7FGZ9	33	41
ELMI003015	Q9UQC2	zebrafish	A0A0R4I9X7	373	378
ELMI003027	Q9UQC2	zebrafish	A0A0R4I9X7	200	206
ELMI004783	Q9UQC2	zebrafish	A0A0R4I9X7	503	512
ELMI004792	Q9UQC2	zebrafish	A0A0R4I9X7	336	344
ELMI003077	Q9Y2H2	zebrafish	A8E7C5	1006	1013
ELMI001222	Q9Y2N7	zebrafish	A0A0R4IBR4	490	503
ELMI002885	Q9Y2X9	zebrafish	F1QM98	704	714
ELMI000640	Q9Y2Y9	zebrafish	F1RBH0	2	12
ELMI003648	Q9Y4B4	zebrafish	F1R3L6	1153	1158
ELMI004489	Q9Y4P1	zebrafish	Q6DG88	9	20
ELMI000666	Q9Y5J3	zebrafish	Q8AXV6	306	317
ELMI004171	Q9Y5K6	zebrafish	F1R1N9	500	518
ELMI002081	Q9Y5M8	zebrafish	F1QSB3	6	9
ELMI001240	Q9Y5Q3	zebrafish	Q98UK5	30	40
ELMI000938	Q9Y5R5	zebrafish	Q9W7K3	487	496
ELMI001244	Q9Y5W3	zebrafish	Q90XE7	142	149
ELMI004277	Q9Y5Y6	zebrafish	A5PMY0	19	26
ELMI004544	Q9Y698	zebrafish	Q6PFS3	225	230
ELMI000287	Q9Y6D9	zebrafish	D9IWE2	540	549
ELMI001955	Q9Y6H5	zebrafish	A0A0M3HEL3	172	178
ELMI001956	Q9Y6H5	zebrafish	A0A0M3HEL3	176	178
ELMI001699	Q9Y6N7	zebrafish	F1R2D2	1205	1210
ELMI004105	Q9Y6N7	zebrafish	F1R2D2	1055	1061
ELMI000024	Q9Y6Q6	zebrafish	E7F027	315	316
ELMI000025	Q9Y6Q6	zebrafish	E7F027	330	339
ELMI000026	Q9Y6Q6	zebrafish	E7F027	411	415
ELMI004705	Q9Y6Q6	zebrafish	E7F027	561	565
ELMI001661	Q9Y6W5	zebrafish	Q1LVV3	424	441
ELMI003078	Q9Y6W6	zebrafish	A0A0R4I9C9	18	25
