alphabet,ksize,bits,query,metric,n_regions,n_targets,partner,partner_found,rank,n_tied,partner_value,best_value,top_gene
protein20,5,20.88,Ced9,E-value,1824,1658,BCL2,false,,,,6.872577471829104,DSCAML1
protein20,5,20.88,Ced9,bit score,1824,1658,BCL2,false,,,,28.737329582783072,DSCAML1
protein20,5,20.88,Ced9,mean IDF,1824,1658,BCL2,false,,,,171.61292032616245,DNTTIP2
protein20,5,20.88,Ced9,tf-idf,1824,1658,BCL2,false,,,,171.61292032616245,DNTTIP2
protein20,5,20.88,Ced9,enrichment,1824,1658,BCL2,false,,,,19522.000000002063,SCGB1D1
protein20,5,20.88,Ced9,Poisson score,1824,1658,BCL2,false,,,,10.211573374457238,SLC2A13
protein20,5,20.88,Ced9,Poisson p-value,1824,1658,BCL2,false,,,,6.143652253598475e-11,SLC2A13
protein20,5,20.88,Ced9,shared k-mers,1824,1658,BCL2,false,,,,3.0,TTLL11
protein20,5,20.88,Ced9,containment,1824,1658,BCL2,false,,,,0.014492753623188406,KIAA2012
protein20,5,20.88,Ced9,protein enrichment,1824,1658,BCL2,false,,,,40.14807197943448,KIAA2012
protein20,5,20.88,Ced9,protein Poisson p-value,1824,1658,BCL2,false,,,,3.7915111342767815e-6,KIAA2012
protein20,5,20.88,P66,E-value,4305,3424,CD47,false,,,,28.85002229699335,TMEM51
protein20,5,20.88,P66,bit score,4305,3424,CD47,false,,,,27.759984423101404,TMEM51
protein20,5,20.88,P66,mean IDF,4305,3424,CD47,false,,,,188.19723552685537,MUC3A
protein20,5,20.88,P66,tf-idf,4305,3424,CD47,false,,,,188.19723552685537,MUC3A
protein20,5,20.88,P66,enrichment,4305,3424,CD47,false,,,,19522.000000002063,TRAPPC11
protein20,5,20.88,P66,Poisson score,4305,3424,CD47,false,,,,11.373847213706096,SLC9B2
protein20,5,20.88,P66,Poisson p-value,4305,3424,CD47,false,,,,4.228173366982446e-12,SLC9B2
protein20,5,20.88,P66,shared k-mers,4305,3424,CD47,false,,,,4.0,SLC9B2
protein20,5,20.88,P66,containment,4305,3424,CD47,false,,,,0.013490725126475547,FSIP2
protein20,5,20.88,P66,protein enrichment,4305,3424,CD47,false,,,,35.23031806902777,FSIP2
protein20,5,20.88,P66,protein Poisson p-value,4305,3424,CD47,false,,,,1.4332368625247227e-10,FSIP2
protein20,5,20.88,BHF,E-value,2287,2003,,,,,,7.545469485283618,PSME2
protein20,5,20.88,BHF,bit score,2287,2003,,,,,,28.450567084884312,PSME2
protein20,5,20.88,BHF,mean IDF,2287,2003,,,,,,176.6972975348301,AK7
protein20,5,20.88,BHF,tf-idf,2287,2003,,,,,,176.6972975348301,AK7
protein20,5,20.88,BHF,enrichment,2287,2003,,,,,,19522.000000002063,NEBL
protein20,5,20.88,BHF,Poisson score,2287,2003,,,,,,9.958661196922467,EIF4A3
protein20,5,20.88,BHF,Poisson p-value,2287,2003,,,,,,1.0998635335823792e-10,EIF4A3
protein20,5,20.88,BHF,shared k-mers,2287,2003,,,,,,3.0,EIF4A3
protein20,5,20.88,BHF,containment,2287,2003,,,,,,0.028225806451612902,MDN1
protein20,5,20.88,BHF,protein enrichment,2287,2003,,,,,,56.16687217427046,MDN1
protein20,5,20.88,BHF,protein Poisson p-value,2287,2003,,,,,,8.309508636727969e-11,MDN1
protein20,6,25.06,Ced9,E-value,130,128,BCL2,false,,,,62.62446221173417,CACUL1
protein20,6,25.06,Ced9,bit score,130,128,BCL2,false,,,,25.554702268592653,CACUL1
protein20,6,25.06,Ced9,mean IDF,130,128,BCL2,false,,,,71.86775041655025,WHRN
protein20,6,25.06,Ced9,tf-idf,130,128,BCL2,false,,,,71.86775041655025,WHRN
protein20,6,25.06,Ced9,enrichment,130,128,BCL2,false,,,,19523.00000000017,GEN1
protein20,6,25.06,Ced9,Poisson score,130,128,BCL2,false,,,,8.280092772265274,TTLL11
protein20,6,25.06,Ced9,Poisson p-value,130,128,BCL2,false,,,,5.246953649340469e-9,SLC2A13
protein20,6,25.06,Ced9,shared k-mers,130,128,BCL2,false,,,,2.0,CCDC85A
protein20,6,25.06,Ced9,containment,130,128,BCL2,false,,,,0.007272727272727273,PRRC2A
protein20,6,25.06,Ced9,protein enrichment,130,128,BCL2,false,,,,116.55522388059713,LONP2
protein20,6,25.06,Ced9,protein Poisson p-value,130,128,BCL2,false,,,,0.00014554656271725808,KIAA2012
protein20,6,25.06,P66,E-value,233,223,CD47,false,,,,127.20716485674964,KDM6A
protein20,6,25.06,P66,bit score,233,223,CD47,false,,,,25.624624655502053,KDM6A
protein20,6,25.06,P66,mean IDF,233,223,CD47,false,,,,76.14441653556605,CTNND2
protein20,6,25.06,P66,tf-idf,233,223,CD47,false,,,,76.14441653556605,CTNND2
protein20,6,25.06,P66,enrichment,233,223,CD47,false,,,,19523.00000000017,CRYBG1
protein20,6,25.06,P66,Poisson score,233,223,CD47,false,,,,10.649957085944807,SLC9B2
protein20,6,25.06,P66,Poisson p-value,233,223,CD47,false,,,,2.2389423648405682e-11,SLC9B2
protein20,6,25.06,P66,shared k-mers,233,223,CD47,false,,,,3.0,SLC9B2
protein20,6,25.06,P66,containment,233,223,CD47,false,,,,0.005067567567567568,ERMP1
protein20,6,25.06,P66,protein enrichment,233,223,CD47,false,,,,86.25773195876333,EYS
protein20,6,25.06,P66,protein Poisson p-value,233,223,CD47,false,,,,6.831245179528267e-6,ERMP1
protein20,6,25.06,BHF,E-value,155,148,,,,,,64.10747317084257,IMPG1
protein20,6,25.06,BHF,bit score,155,148,,,,,,25.368932939079393,IMPG1
protein20,6,25.06,BHF,mean IDF,155,148,,,,,,83.02803279869514,ZNF608
protein20,6,25.06,BHF,tf-idf,155,148,,,,,,112.60153988760601,GKAP1
protein20,6,25.06,BHF,enrichment,155,148,,,,,,19523.00000000017,ZNF750
protein20,6,25.06,BHF,Poisson score,155,148,,,,,,7.92792508508307,EIF4A3
protein20,6,25.06,BHF,Poisson p-value,155,148,,,,,,1.1805242561280238e-8,EIF4A3
protein20,6,25.06,BHF,shared k-mers,155,148,,,,,,2.0,NEB
protein20,6,25.06,BHF,containment,155,148,,,,,,0.016194331983805668,LRRC9
protein20,6,25.06,BHF,protein enrichment,155,148,,,,,,232.4166666666668,LRRC9
protein20,6,25.06,BHF,protein Poisson p-value,155,148,,,,,,3.6056356789160304e-9,LRRC9
protein20,7,29.24,Ced9,E-value,10,10,BCL2,false,,,,,
protein20,7,29.24,Ced9,bit score,10,10,BCL2,false,,,,,
protein20,7,29.24,Ced9,mean IDF,10,10,BCL2,false,,,,19.758697073365603,LONP2
protein20,7,29.24,Ced9,tf-idf,10,10,BCL2,false,,,,19.758697073365603,LONP2
protein20,7,29.24,Ced9,enrichment,10,10,BCL2,false,,,,19523.00000000017,SLC2A13
protein20,7,29.24,Ced9,Poisson score,10,10,BCL2,false,,,,4.290557676869782,GCM1
protein20,7,29.24,Ced9,Poisson p-value,10,10,BCL2,false,,,,0.00005122032421345235,TTLL11
protein20,7,29.24,Ced9,shared k-mers,10,10,BCL2,false,,,,1.0,LONP2
protein20,7,29.24,Ced9,containment,10,10,BCL2,false,,,,0.0036496350364963502,FRMD4B
protein20,7,29.24,Ced9,protein enrichment,10,10,BCL2,false,,,,71.25182481751838,CCDC85A
protein20,7,29.24,Ced9,protein Poisson p-value,10,10,BCL2,false,,,,0.013936700603497387,SLC2A13
protein20,7,29.24,P66,E-value,15,15,CD47,false,,,,468.8779758157507,TET2
protein20,7,29.24,P66,bit score,15,15,CD47,false,,,,23.743791697723573,TET2
protein20,7,29.24,P66,mean IDF,15,15,CD47,false,,,,9.879348536682812,SYNM
protein20,7,29.24,P66,tf-idf,15,15,CD47,false,,,,19.758697073365596,SLC9B2
protein20,7,29.24,P66,enrichment,15,15,CD47,false,,,,19523.00000000017,NALCN
protein20,7,29.24,P66,Poisson score,15,15,CD47,false,,,,7.484257246042179,SLC9B2
protein20,7,29.24,P66,Poisson p-value,15,15,CD47,false,,,,3.2790100967794444e-8,SLC9B2
protein20,7,29.24,P66,shared k-mers,15,15,CD47,false,,,,2.0,SLC9B2
protein20,7,29.24,P66,containment,15,15,CD47,false,,,,0.00338409475465313,SLC9B2
protein20,7,29.24,P66,protein enrichment,15,15,CD47,false,,,,65.95608108108145,SLC9B2
protein20,7,29.24,P66,protein Poisson p-value,15,15,CD47,false,,,,0.00045055928985837657,SLC9B2
protein20,7,29.24,BHF,E-value,17,16,,,,,,194.97114129620826,ARHGEF6
protein20,7,29.24,BHF,bit score,17,16,,,,,,23.765436415291664,ARHGEF6
protein20,7,29.24,BHF,mean IDF,17,16,,,,,,29.6380456100484,GKAP1
protein20,7,29.24,BHF,tf-idf,17,16,,,,,,29.6380456100484,GKAP1
protein20,7,29.24,BHF,enrichment,17,16,,,,,,19523.00000000017,EIF4A3
protein20,7,29.24,BHF,Poisson score,17,16,,,,,,4.290557676869782,CASP8AP2
protein20,7,29.24,BHF,Poisson p-value,17,16,,,,,,0.00005122032421345235,ZNF608
protein20,7,29.24,BHF,shared k-mers,17,16,,,,,,1.0,LRRC9
protein20,7,29.24,BHF,containment,17,16,,,,,,0.008130081300813009,LRRC9
protein20,7,29.24,BHF,protein enrichment,17,16,,,,,,156.81124497991985,LRRC9
protein20,7,29.24,BHF,protein Poisson p-value,17,16,,,,,,0.0000806463726032991,LRRC9
protein20,8,33.41,Ced9,E-value,0,0,BCL2,false,,,,,
protein20,8,33.41,Ced9,bit score,0,0,BCL2,false,,,,,
protein20,8,33.41,Ced9,mean IDF,0,0,BCL2,false,,,,,
protein20,8,33.41,Ced9,tf-idf,0,0,BCL2,false,,,,,
protein20,8,33.41,Ced9,enrichment,0,0,BCL2,false,,,,,
protein20,8,33.41,Ced9,Poisson score,0,0,BCL2,false,,,,,
protein20,8,33.41,Ced9,Poisson p-value,0,0,BCL2,false,,,,,
protein20,8,33.41,Ced9,shared k-mers,0,0,BCL2,false,,,,,
protein20,8,33.41,Ced9,containment,0,0,BCL2,false,,,,,
protein20,8,33.41,Ced9,protein enrichment,0,0,BCL2,false,,,,,
protein20,8,33.41,Ced9,protein Poisson p-value,0,0,BCL2,false,,,,,
protein20,8,33.41,P66,E-value,1,1,CD47,false,,,,,
protein20,8,33.41,P66,bit score,1,1,CD47,false,,,,,
protein20,8,33.41,P66,mean IDF,1,1,CD47,false,,,,9.879348536682802,SLC9B2
protein20,8,33.41,P66,tf-idf,1,1,CD47,false,,,,9.879348536682802,SLC9B2
protein20,8,33.41,P66,enrichment,1,1,CD47,false,,,,19523.00000000017,SLC9B2
protein20,8,33.41,P66,Poisson score,1,1,CD47,false,,,,4.290557676869782,SLC9B2
protein20,8,33.41,P66,Poisson p-value,1,1,CD47,false,,,,0.00005122032421345235,SLC9B2
protein20,8,33.41,P66,shared k-mers,1,1,CD47,false,,,,1.0,SLC9B2
protein20,8,33.41,P66,containment,1,1,CD47,false,,,,0.001694915254237288,SLC9B2
protein20,8,33.41,P66,protein enrichment,1,1,CD47,false,,,,33.08983050847476,SLC9B2
protein20,8,33.41,P66,protein Poisson p-value,1,1,CD47,false,,,,0.029768683456816825,SLC9B2
protein20,8,33.41,BHF,E-value,0,0,,false,,,,,
protein20,8,33.41,BHF,bit score,0,0,,false,,,,,
protein20,8,33.41,BHF,mean IDF,0,0,,false,,,,,
protein20,8,33.41,BHF,tf-idf,0,0,,false,,,,,
protein20,8,33.41,BHF,enrichment,0,0,,false,,,,,
protein20,8,33.41,BHF,Poisson score,0,0,,false,,,,,
protein20,8,33.41,BHF,Poisson p-value,0,0,,false,,,,,
protein20,8,33.41,BHF,shared k-mers,0,0,,false,,,,,
protein20,8,33.41,BHF,containment,0,0,,false,,,,,
protein20,8,33.41,BHF,protein enrichment,0,0,,false,,,,,
protein20,8,33.41,BHF,protein Poisson p-value,0,0,,false,,,,,
dayhoff6,7,15.97,Ced9,E-value,82813,16979,BCL2,false,,,,2.057317451022812,DOCK1
dayhoff6,7,15.97,Ced9,bit score,82813,16979,BCL2,false,,,,30.4142232951959,DOCK1
dayhoff6,7,15.97,Ced9,mean IDF,82813,16979,BCL2,true,8911,11,49.85141266608568,404.2371097616126,ZFYVE9
dayhoff6,7,15.97,Ced9,tf-idf,82813,16979,BCL2,true,10354,21,49.85141266608568,404.2371097616126,ZFYVE9
dayhoff6,7,15.97,Ced9,enrichment,82813,16979,BCL2,true,15908,1,2.0312858483679217,4869.500000001374,NBEAL2
dayhoff6,7,15.97,Ced9,Poisson score,82813,16979,BCL2,true,16061,1,0.4102956169714435,15.255619765854984,TCERG1L
dayhoff6,7,15.97,Ced9,Poisson p-value,82813,16979,BCL2,true,16061,1,0.3887804185953474,5.551115123125783e-16,TCERG1L
dayhoff6,7,15.97,Ced9,shared k-mers,82813,16979,BCL2,true,10368,6611,1.0,9.0,MCL1
dayhoff6,7,15.97,Ced9,containment,82813,16979,BCL2,true,14448,2531,0.0036496350364963502,0.38321167883211676,TTN
dayhoff6,7,15.97,Ced9,protein enrichment,82813,16979,BCL2,true,14448,2531,0.20698156314754804,21.733064130492544,TTN
dayhoff6,7,15.97,Ced9,protein Poisson p-value,82813,16979,BCL2,true,14448,2531,0.9920242388088425,0.0,CCDC168
dayhoff6,7,15.97,P66,E-value,223207,18946,CD47,true,12601,21,37881.842072743864,8.660913057895494,ARL1
dayhoff6,7,15.97,P66,bit score,223207,18946,CD47,true,12601,21,17.338072957562723,29.432772697314803,ARL1
dayhoff6,7,15.97,P66,mean IDF,223207,18946,CD47,true,8841,1,89.60465010676626,452.5267266162915,WDR26
dayhoff6,7,15.97,P66,tf-idf,223207,18946,CD47,true,10267,1,89.60465010676626,452.5267266162915,WDR26
dayhoff6,7,15.97,P66,enrichment,223207,18946,CD47,true,6507,24,73.50188679245258,3246.3333333330793,PIK3CG
dayhoff6,7,15.97,P66,Poisson score,223207,18946,CD47,true,11716,14,1.8692494464876197,13.273348532815415,FSTL4
dayhoff6,7,15.97,P66,Poisson p-value,223207,18946,CD47,true,11716,14,0.013512961938748957,5.3290705182007514e-14,FSTL4
dayhoff6,7,15.97,P66,shared k-mers,223207,18946,CD47,true,14707,4239,1.0,10.0,HECTD4
dayhoff6,7,15.97,P66,containment,223207,18946,CD47,true,12284,1186,0.01015228426395939,0.4433164128595601,TTN
dayhoff6,7,15.97,P66,protein enrichment,223207,18946,CD47,true,12284,1186,0.4915914425366169,21.46615965743227,TTN
dayhoff6,7,15.97,P66,protein Poisson p-value,223207,18946,CD47,true,12284,1186,0.9821230085286027,0.0,LYST
dayhoff6,7,15.97,BHF,E-value,60694,15619,,,,,,8.252878685092789,RNF125
dayhoff6,7,15.97,BHF,bit score,60694,15619,,,,,,28.258087192166737,RNF125
dayhoff6,7,15.97,BHF,mean IDF,60694,15619,,,,,,366.6483537606646,CRACDL
dayhoff6,7,15.97,BHF,tf-idf,60694,15619,,,,,,366.6483537606646,CRACDL
dayhoff6,7,15.97,BHF,enrichment,60694,15619,,,,,,6492.666666666159,ADAMTS2
dayhoff6,7,15.97,BHF,Poisson score,60694,15619,,,,,,13.685076825973088,U2SURP
dayhoff6,7,15.97,BHF,Poisson p-value,60694,15619,,,,,,2.0650148258027912e-14,U2SURP
dayhoff6,7,15.97,BHF,shared k-mers,60694,15619,,,,,,10.0,MUC20
dayhoff6,7,15.97,BHF,containment,60694,15619,,,,,,0.4672131147540984,TTN
dayhoff6,7,15.97,BHF,protein enrichment,60694,15619,,,,,,31.77624178937875,TTN
dayhoff6,7,15.97,BHF,protein Poisson p-value,60694,15619,,,,,,0.0,ADGRV1
dayhoff6,9,20.53,Ced9,E-value,6105,4305,BCL2,false,,,,4.989788982402638,CYP2J2
dayhoff6,9,20.53,Ced9,bit score,6105,4305,BCL2,false,,,,29.18319291215762,CYP2J2
dayhoff6,9,20.53,Ced9,mean IDF,6105,4305,BCL2,false,,,,417.04294086927536,FCHO2
dayhoff6,9,20.53,Ced9,tf-idf,6105,4305,BCL2,false,,,,461.9800668425999,LOXL1
dayhoff6,9,20.53,Ced9,enrichment,6105,4305,BCL2,false,,,,19478.000000000233,MYO5A
dayhoff6,9,20.53,Ced9,Poisson score,6105,4305,BCL2,false,,,,307.6526555685888,MCL1
dayhoff6,9,20.53,Ced9,Poisson p-value,6105,4305,BCL2,false,,,,0.0,TCERG1L
dayhoff6,9,20.53,Ced9,shared k-mers,6105,4305,BCL2,false,,,,7.0,MCL1
dayhoff6,9,20.53,Ced9,containment,6105,4305,BCL2,false,,,,0.05514705882352941,MUC16
dayhoff6,9,20.53,Ced9,protein enrichment,6105,4305,BCL2,false,,,,38.463665086887765,MUC16
dayhoff6,9,20.53,Ced9,protein Poisson p-value,6105,4305,BCL2,false,,,,0.0,MUC16
dayhoff6,9,20.53,P66,E-value,13927,7620,CD47,false,,,,5.810653200965606,LOXHD1
dayhoff6,9,20.53,P66,bit score,13927,7620,CD47,false,,,,30.055775469512202,LOXHD1
dayhoff6,9,20.53,P66,mean IDF,13927,7620,CD47,false,,,,597.7088631204988,CARM1
dayhoff6,9,20.53,P66,tf-idf,13927,7620,CD47,false,,,,603.6760234025478,BORCS6
dayhoff6,9,20.53,P66,enrichment,13927,7620,CD47,false,,,,19478.000000005497,DBX2
dayhoff6,9,20.53,P66,Poisson score,13927,7620,CD47,false,,,,307.6526555685888,FSTL4
dayhoff6,9,20.53,P66,Poisson p-value,13927,7620,CD47,false,,,,0.0,FSTL4
dayhoff6,9,20.53,P66,shared k-mers,13927,7620,CD47,false,,,,8.0,HECTD4
dayhoff6,9,20.53,P66,containment,13927,7620,CD47,false,,,,0.06791171477079797,TTN
dayhoff6,9,20.53,P66,protein enrichment,13927,7620,CD47,false,,,,46.1755467314645,TTN
dayhoff6,9,20.53,P66,protein Poisson p-value,13927,7620,CD47,false,,,,0.0,TTN
dayhoff6,9,20.53,BHF,E-value,3248,2590,,,,,,8.514176154903156,SLC9C2
dayhoff6,9,20.53,BHF,bit score,3248,2590,,,,,,28.26030168494676,SLC9C2
dayhoff6,9,20.53,BHF,mean IDF,3248,2590,,,,,,533.4352926972219,COL4A1
dayhoff6,9,20.53,BHF,tf-idf,3248,2590,,,,,,533.4352926972219,COL4A1
dayhoff6,9,20.53,BHF,enrichment,3248,2590,,,,,,19478.000000000233,ZSWIM8
dayhoff6,9,20.53,BHF,Poisson score,3248,2590,,,,,,307.6526555685888,U2SURP
dayhoff6,9,20.53,BHF,Poisson p-value,3248,2590,,,,,,0.0,U2SURP
dayhoff6,9,20.53,BHF,shared k-mers,3248,2590,,,,,,8.0,MUC20
dayhoff6,9,20.53,BHF,containment,3248,2590,,,,,,0.05737704918032787,TTN
dayhoff6,9,20.53,BHF,protein enrichment,3248,2590,,,,,,68.37813440320954,TTN
dayhoff6,9,20.53,BHF,protein Poisson p-value,3248,2590,,,,,,0.0,TTN
dayhoff6,11,25.09,Ced9,E-value,429,398,BCL2,false,,,,14.26367491053168,LARP1B
dayhoff6,11,25.09,Ced9,bit score,429,398,BCL2,false,,,,27.674936413565497,LARP1B
dayhoff6,11,25.09,Ced9,mean IDF,429,398,BCL2,false,,,,199.67034243885075,MTSS2
dayhoff6,11,25.09,Ced9,tf-idf,429,398,BCL2,false,,,,227.91532480126057,PDE8A
dayhoff6,11,25.09,Ced9,enrichment,429,398,BCL2,false,,,,19479.000000000076,DPH1
dayhoff6,11,25.09,Ced9,Poisson score,429,398,BCL2,false,,,,307.6526555685888,MCL1
dayhoff6,11,25.09,Ced9,Poisson p-value,429,398,BCL2,false,,,,0.0,MCL1
dayhoff6,11,25.09,Ced9,shared k-mers,429,398,BCL2,false,,,,5.0,MCL1
dayhoff6,11,25.09,Ced9,containment,429,398,BCL2,false,,,,0.025925925925925925,MUC16
dayhoff6,11,25.09,Ced9,protein enrichment,429,398,BCL2,false,,,,195.62840746054533,MUC16
dayhoff6,11,25.09,Ced9,protein Poisson p-value,429,398,BCL2,false,,,,1.4432899320127035e-14,MUC16
dayhoff6,11,25.09,P66,E-value,842,782,CD47,false,,,,25.78089410039378,ASIC5
dayhoff6,11,25.09,P66,bit score,842,782,CD47,false,,,,27.913283946966946,ASIC5
dayhoff6,11,25.09,P66,mean IDF,842,782,CD47,false,,,,244.55573450825136,KCNA3
dayhoff6,11,25.09,P66,tf-idf,842,782,CD47,false,,,,244.55573450825136,CXXC5
dayhoff6,11,25.09,P66,enrichment,842,782,CD47,false,,,,19479.000000001062,IGSF3
dayhoff6,11,25.09,P66,Poisson score,842,782,CD47,false,,,,15.954589770191003,HECTD4
dayhoff6,11,25.09,P66,Poisson p-value,842,782,CD47,false,,,,1.1102230246251565e-16,HECTD4
dayhoff6,11,25.09,P66,shared k-mers,842,782,CD47,false,,,,6.0,HECTD4
dayhoff6,11,25.09,P66,containment,842,782,CD47,false,,,,0.010221465076660987,HECTD4
dayhoff6,11,25.09,P66,protein enrichment,842,782,CD47,false,,,,78.80917060013485,HECTD4
dayhoff6,11,25.09,P66,protein Poisson p-value,842,782,CD47,false,,,,2.5339208509223e-10,HECTD4
dayhoff6,11,25.09,BHF,E-value,168,165,,,,,,13.278814977464622,TBRG4
dayhoff6,11,25.09,BHF,bit score,168,165,,,,,,27.626152643462838,TBRG4
dayhoff6,11,25.09,BHF,mean IDF,168,165,,,,,,202.89819109619717,SCAF1
dayhoff6,11,25.09,BHF,tf-idf,168,165,,,,,,202.89819109619717,SCAF1
dayhoff6,11,25.09,BHF,enrichment,168,165,,,,,,19479.000000000076,COIL
dayhoff6,11,25.09,BHF,Poisson score,168,165,,,,,,307.6526555685888,MUC20
dayhoff6,11,25.09,BHF,Poisson p-value,168,165,,,,,,0.0,MUC20
dayhoff6,11,25.09,BHF,shared k-mers,168,165,,,,,,6.0,MUC20
dayhoff6,11,25.09,BHF,containment,168,165,,,,,,0.024793388429752067,MUC20
dayhoff6,11,25.09,BHF,protein enrichment,168,165,,,,,,302.7823834196882,MUC20
dayhoff6,11,25.09,BHF,protein Poisson p-value,168,165,,,,,,8.271161533457416e-14,MUC20
dayhoff6,12,27.38,Ced9,E-value,77,76,BCL2,false,,,,3.1312337637454966,RASGRP1
dayhoff6,12,27.38,Ced9,bit score,77,76,BCL2,false,,,,29.862843878569638,RASGRP1
dayhoff6,12,27.38,Ced9,mean IDF,77,76,BCL2,false,,,,106.85625518371451,PDE8A
dayhoff6,12,27.38,Ced9,tf-idf,77,76,BCL2,false,,,,106.85625518371451,PDE8A
dayhoff6,12,27.38,Ced9,enrichment,77,76,BCL2,false,,,,19479.000000000076,CLK2
dayhoff6,12,27.38,Ced9,Poisson score,77,76,BCL2,false,,,,14.913197085032778,MCL1
dayhoff6,12,27.38,Ced9,Poisson p-value,77,76,BCL2,false,,,,1.2212453270876722e-15,MCL1
dayhoff6,12,27.38,Ced9,shared k-mers,77,76,BCL2,false,,,,4.0,MCL1
dayhoff6,12,27.38,Ced9,containment,77,76,BCL2,false,,,,0.01486988847583643,MCL1
dayhoff6,12,27.38,Ced9,protein enrichment,77,76,BCL2,false,,,,233.28143712574726,MCL1
dayhoff6,12,27.38,Ced9,protein Poisson p-value,77,76,BCL2,false,,,,3.5526492858650727e-9,MCL1
dayhoff6,12,27.38,P66,E-value,192,185,CD47,false,,,,4.454849182208801,ASIC5
dayhoff6,12,27.38,P66,bit score,192,185,CD47,false,,,,30.446502609972313,ASIC5
dayhoff6,12,27.38,P66,mean IDF,192,185,CD47,false,,,,167.51557935776214,ZNF212
dayhoff6,12,27.38,P66,tf-idf,192,185,CD47,false,,,,167.51557935776214,SLC25A22
dayhoff6,12,27.38,P66,enrichment,192,185,CD47,false,,,,19479.000000001062,SLC19A3
dayhoff6,12,27.38,P66,Poisson score,192,185,CD47,false,,,,15.47746851547134,HECTD4
dayhoff6,12,27.38,P66,Poisson p-value,192,185,CD47,false,,,,3.3306690738754696e-16,HECTD4
dayhoff6,12,27.38,P66,shared k-mers,192,185,CD47,false,,,,5.0,HECTD4
dayhoff6,12,27.38,P66,containment,192,185,CD47,false,,,,0.008532423208191127,HECTD4
dayhoff6,12,27.38,P66,protein enrichment,192,185,CD47,false,,,,125.34749034749093,HECTD4
dayhoff6,12,27.38,P66,protein Poisson p-value,192,185,CD47,false,,,,8.140687013380443e-10,HECTD4
dayhoff6,12,27.38,BHF,E-value,41,41,,,,,,7.574656034465012,OSBPL6
dayhoff6,12,27.38,BHF,bit score,41,41,,,,,,28.436391625491844,OSBPL6
dayhoff6,12,27.38,BHF,mean IDF,41,41,,,,,,109.99994553305373,COL22A1
dayhoff6,12,27.38,BHF,tf-idf,41,41,,,,,,119.87703777423033,TACC2
dayhoff6,12,27.38,BHF,enrichment,41,41,,,,,,19479.000000000076,U2SURP
dayhoff6,12,27.38,BHF,Poisson score,41,41,,,,,,307.6526555685888,MUC20
dayhoff6,12,27.38,BHF,Poisson p-value,41,41,,,,,,0.0,MUC20
dayhoff6,12,27.38,BHF,shared k-mers,41,41,,,,,,5.0,MUC20
dayhoff6,12,27.38,BHF,containment,41,41,,,,,,0.02074688796680498,MUC20
dayhoff6,12,27.38,BHF,protein enrichment,41,41,,,,,,362.0631970260214,MUC20
dayhoff6,12,27.38,BHF,protein Poisson p-value,41,41,,,,,,4.137579168173033e-12,MUC20
dayhoff6,14,31.94,Ced9,E-value,3,3,BCL2,false,,,,,
dayhoff6,14,31.94,Ced9,bit score,3,3,BCL2,false,,,,,
dayhoff6,14,31.94,Ced9,mean IDF,3,3,BCL2,false,,,,9.876989561229902,RXRB
dayhoff6,14,31.94,Ced9,tf-idf,3,3,BCL2,false,,,,19.7539791224598,MCL1
dayhoff6,14,31.94,Ced9,enrichment,3,3,BCL2,false,,,,19477.00000000013,MCL1
dayhoff6,14,31.94,Ced9,Poisson score,3,3,BCL2,false,,,,8.278043864090199,MCL1
dayhoff6,14,31.94,Ced9,Poisson p-value,3,3,BCL2,false,,,,5.271766134740119e-9,MCL1
dayhoff6,14,31.94,Ced9,shared k-mers,3,3,BCL2,false,,,,2.0,MCL1
dayhoff6,14,31.94,Ced9,containment,3,3,BCL2,false,,,,0.00749063670411985,MCL1
dayhoff6,14,31.94,Ced9,protein enrichment,3,3,BCL2,false,,,,145.89513108614295,MCL1
dayhoff6,14,31.94,Ced9,protein Poisson p-value,3,3,BCL2,false,,,,0.00009310685485730552,MCL1
dayhoff6,14,31.94,P66,E-value,11,11,CD47,false,,,,,
dayhoff6,14,31.94,P66,bit score,11,11,CD47,false,,,,,
dayhoff6,14,31.94,P66,mean IDF,11,11,CD47,false,,,,9.876989561229905,SLC25A22
dayhoff6,14,31.94,P66,tf-idf,11,11,CD47,false,,,,29.630968683689694,HECTD4
dayhoff6,14,31.94,P66,enrichment,11,11,CD47,false,,,,19477.00000000013,CACNA1B
dayhoff6,14,31.94,P66,Poisson score,11,11,CD47,false,,,,12.215413138280274,HECTD4
dayhoff6,14,31.94,P66,Poisson p-value,11,11,CD47,false,,,,6.089573290068984e-13,HECTD4
dayhoff6,14,31.94,P66,shared k-mers,11,11,CD47,false,,,,3.0,HECTD4
dayhoff6,14,31.94,P66,containment,11,11,CD47,false,,,,0.005136986301369863,HECTD4
dayhoff6,14,31.94,P66,protein enrichment,11,11,CD47,false,,,,99.54173764906359,HECTD4
dayhoff6,14,31.94,P66,protein Poisson p-value,11,11,CD47,false,,,,4.460542253115207e-6,HECTD4
dayhoff6,14,31.94,BHF,E-value,4,4,,false,,,,,
dayhoff6,14,31.94,BHF,bit score,4,4,,false,,,,,
dayhoff6,14,31.94,BHF,mean IDF,4,4,,,,,,9.876989561229902,TACC2
dayhoff6,14,31.94,BHF,tf-idf,4,4,,,,,,29.630968683689694,MUC20
dayhoff6,14,31.94,BHF,enrichment,4,4,,,,,,19477.00000000013,DIS3L2
dayhoff6,14,31.94,BHF,Poisson score,4,4,,,,,,12.215413138280274,MUC20
dayhoff6,14,31.94,BHF,Poisson p-value,4,4,,,,,,6.089573290068984e-13,MUC20
dayhoff6,14,31.94,BHF,shared k-mers,4,4,,,,,,3.0,MUC20
dayhoff6,14,31.94,BHF,containment,4,4,,,,,,0.012552301255230125,MUC20
dayhoff6,14,31.94,BHF,protein enrichment,4,4,,,,,,244.48117154811817,MUC20
dayhoff6,14,31.94,BHF,protein Poisson p-value,4,4,,,,,,3.0512697524187615e-7,MUC20
dayhoff6,15,34.22,Ced9,E-value,1,1,BCL2,false,,,,,
dayhoff6,15,34.22,Ced9,bit score,1,1,BCL2,false,,,,,
dayhoff6,15,34.22,Ced9,mean IDF,1,1,BCL2,false,,,,9.8769895612299,MCL1
dayhoff6,15,34.22,Ced9,tf-idf,1,1,BCL2,false,,,,9.8769895612299,MCL1
dayhoff6,15,34.22,Ced9,enrichment,1,1,BCL2,false,,,,19477.00000000013,MCL1
dayhoff6,15,34.22,Ced9,Poisson score,1,1,BCL2,false,,,,4.289533213116411,MCL1
dayhoff6,15,34.22,Ced9,Poisson p-value,1,1,BCL2,false,,,,0.00005134129122219555,MCL1
dayhoff6,15,34.22,Ced9,shared k-mers,1,1,BCL2,false,,,,1.0,MCL1
dayhoff6,15,34.22,Ced9,containment,1,1,BCL2,false,,,,0.0037593984962406013,MCL1
dayhoff6,15,34.22,Ced9,protein enrichment,1,1,BCL2,false,,,,73.22180451127852,MCL1
dayhoff6,15,34.22,Ced9,protein Poisson p-value,1,1,BCL2,false,,,,0.013564298503320305,MCL1
dayhoff6,15,34.22,P66,E-value,4,4,CD47,false,,,,,
dayhoff6,15,34.22,P66,bit score,4,4,CD47,false,,,,,
dayhoff6,15,34.22,P66,mean IDF,4,4,CD47,false,,,,9.876989561229902,KRT84
dayhoff6,15,34.22,P66,tf-idf,4,4,CD47,false,,,,19.7539791224598,HECTD4
dayhoff6,15,34.22,P66,enrichment,4,4,CD47,false,,,,19477.00000000013,KRT84
dayhoff6,15,34.22,P66,Poisson score,4,4,CD47,false,,,,8.278043864090199,HECTD4
dayhoff6,15,34.22,P66,Poisson p-value,4,4,CD47,false,,,,5.271766134740119e-9,HECTD4
dayhoff6,15,34.22,P66,shared k-mers,4,4,CD47,false,,,,2.0,HECTD4
dayhoff6,15,34.22,P66,containment,4,4,CD47,false,,,,0.003430531732418525,HECTD4
dayhoff6,15,34.22,P66,protein enrichment,4,4,CD47,false,,,,66.70205479452092,HECTD4
dayhoff6,15,34.22,P66,protein Poisson p-value,4,4,CD47,false,,,,0.0004406371898556527,HECTD4
dayhoff6,15,34.22,BHF,E-value,2,2,,false,,,,,
dayhoff6,15,34.22,BHF,bit score,2,2,,false,,,,,
dayhoff6,15,34.22,BHF,mean IDF,2,2,,,,,,9.876989561229902,MUC20
dayhoff6,15,34.22,BHF,tf-idf,2,2,,,,,,19.753979122459803,MUC20
dayhoff6,15,34.22,BHF,enrichment,2,2,,,,,,19477.00000000013,TACC2
dayhoff6,15,34.22,BHF,Poisson score,2,2,,,,,,8.278043864090199,MUC20
dayhoff6,15,34.22,BHF,Poisson p-value,2,2,,,,,,5.271766134740119e-9,MUC20
dayhoff6,15,34.22,BHF,shared k-mers,2,2,,,,,,2.0,MUC20
dayhoff6,15,34.22,BHF,containment,2,2,,,,,,0.008403361344537815,MUC20
dayhoff6,15,34.22,BHF,protein enrichment,2,2,,,,,,163.6722689075637,MUC20
dayhoff6,15,34.22,BHF,protein Poisson p-value,2,2,,,,,,0.00007405317317410454,MUC20
dayhoff6,16,36.5,Ced9,E-value,0,0,BCL2,false,,,,,
dayhoff6,16,36.5,Ced9,bit score,0,0,BCL2,false,,,,,
dayhoff6,16,36.5,Ced9,mean IDF,0,0,BCL2,false,,,,,
dayhoff6,16,36.5,Ced9,tf-idf,0,0,BCL2,false,,,,,
dayhoff6,16,36.5,Ced9,enrichment,0,0,BCL2,false,,,,,
dayhoff6,16,36.5,Ced9,Poisson score,0,0,BCL2,false,,,,,
dayhoff6,16,36.5,Ced9,Poisson p-value,0,0,BCL2,false,,,,,
dayhoff6,16,36.5,Ced9,shared k-mers,0,0,BCL2,false,,,,,
dayhoff6,16,36.5,Ced9,containment,0,0,BCL2,false,,,,,
dayhoff6,16,36.5,Ced9,protein enrichment,0,0,BCL2,false,,,,,
dayhoff6,16,36.5,Ced9,protein Poisson p-value,0,0,BCL2,false,,,,,
dayhoff6,16,36.5,P66,E-value,1,1,CD47,false,,,,,
dayhoff6,16,36.5,P66,bit score,1,1,CD47,false,,,,,
dayhoff6,16,36.5,P66,mean IDF,1,1,CD47,false,,,,9.8769895612299,HECTD4
dayhoff6,16,36.5,P66,tf-idf,1,1,CD47,false,,,,9.8769895612299,HECTD4
dayhoff6,16,36.5,P66,enrichment,1,1,CD47,false,,,,19477.00000000013,HECTD4
dayhoff6,16,36.5,P66,Poisson score,1,1,CD47,false,,,,4.289533213116411,HECTD4
dayhoff6,16,36.5,P66,Poisson p-value,1,1,CD47,false,,,,0.00005134129122219555,HECTD4
dayhoff6,16,36.5,P66,shared k-mers,1,1,CD47,false,,,,1.0,HECTD4
dayhoff6,16,36.5,P66,containment,1,1,CD47,false,,,,0.001718213058419244,HECTD4
dayhoff6,16,36.5,P66,protein enrichment,1,1,CD47,false,,,,33.4656357388318,HECTD4
dayhoff6,16,36.5,P66,protein Poisson p-value,1,1,CD47,false,,,,0.029439363400514007,HECTD4
dayhoff6,16,36.5,BHF,E-value,1,1,,false,,,,,
dayhoff6,16,36.5,BHF,bit score,1,1,,false,,,,,
dayhoff6,16,36.5,BHF,mean IDF,1,1,,,,,,9.8769895612299,MUC20
dayhoff6,16,36.5,BHF,tf-idf,1,1,,,,,,9.8769895612299,MUC20
dayhoff6,16,36.5,BHF,enrichment,1,1,,,,,,19477.00000000013,MUC20
dayhoff6,16,36.5,BHF,Poisson score,1,1,,,,,,4.289533213116411,MUC20
dayhoff6,16,36.5,BHF,Poisson p-value,1,1,,,,,,0.00005134129122219555,MUC20
dayhoff6,16,36.5,BHF,shared k-mers,1,1,,,,,,1.0,MUC20
dayhoff6,16,36.5,BHF,containment,1,1,,,,,,0.004219409282700422,MUC20
dayhoff6,16,36.5,BHF,protein enrichment,1,1,,,,,,82.18143459915645,MUC20
dayhoff6,16,36.5,BHF,protein Poisson p-value,1,1,,,,,,0.012094465231409668,MUC20
hp_lehninger2,16,16.0,Ced9,E-value,28313,12691,BCL2,true,9301,6,45097.58225235002,0.1619449317626864,ANK3
hp_lehninger2,16,16.0,Ced9,bit score,28313,12691,BCL2,true,9301,6,16.013046328034658,34.10023357484649,ANK3
hp_lehninger2,16,16.0,Ced9,mean IDF,28313,12691,BCL2,true,9670,1,11.10008909695145,468.42109161182077,MVP
hp_lehninger2,16,16.0,Ced9,tf-idf,28313,12691,BCL2,true,7567,3,44.4003563878058,552.6867387055894,CBLB
hp_lehninger2,16,16.0,Ced9,enrichment,28313,12691,BCL2,true,8583,0,19.09430255402751,192.45544554455165,ARHGAP31
hp_lehninger2,16,16.0,Ced9,Poisson score,28313,12691,BCL2,true,3592,1,4.16811238866708,307.6526555685888,CDC42BPB
hp_lehninger2,16,16.0,Ced9,Poisson p-value,28313,12691,BCL2,true,3592,1,0.00006790278880064449,0.0,LYPD8
hp_lehninger2,16,16.0,Ced9,shared k-mers,28313,12691,BCL2,true,1751,1444,4.0,15.0,ABHD5
hp_lehninger2,16,16.0,Ced9,containment,28313,12691,BCL2,true,4534,1330,0.01509433962264151,0.29056603773584905,TTN
hp_lehninger2,16,16.0,Ced9,protein enrichment,28313,12691,BCL2,true,4534,1330,1.4019979083270215,26.988459735295162,TTN
hp_lehninger2,16,16.0,Ced9,protein Poisson p-value,28313,12691,BCL2,true,4534,1330,0.3198903715791296,0.0,MUC3A
hp_lehninger2,16,16.0,P66,E-value,55600,15932,CD47,true,6183,42,7157.142943985416,2.576771659323272,NGEF
hp_lehninger2,16,16.0,P66,bit score,55600,15932,CD47,true,6183,42,19.760944824039264,31.200548204047625,NGEF
hp_lehninger2,16,16.0,P66,mean IDF,55600,15932,CD47,true,10910,0,29.384291754633296,637.7197392123768,MYO15B
hp_lehninger2,16,16.0,P66,tf-idf,55600,15932,CD47,true,11069,0,49.88153982592087,637.7197392123768,MYO15B
hp_lehninger2,16,16.0,P66,enrichment,55600,15932,CD47,true,2609,9,143.98518518518514,226.0232558139565,C5orf34
hp_lehninger2,16,16.0,P66,Poisson score,55600,15932,CD47,true,2234,0,7.2727914353123815,307.6526555685888,FLVCR2
hp_lehninger2,16,16.0,P66,Poisson p-value,55600,15932,CD47,true,2234,0,5.3359108465045324e-8,0.0,ADGRD2
hp_lehninger2,16,16.0,P66,shared k-mers,55600,15932,CD47,true,813,738,6.0,15.0,PKHD1L1
hp_lehninger2,16,16.0,P66,containment,55600,15932,CD47,true,2821,520,0.017482517482517484,0.3723776223776224,TTN
hp_lehninger2,16,16.0,P66,protein enrichment,55600,15932,CD47,true,2821,520,1.8744093652967122,39.924919480819966,TTN
hp_lehninger2,16,16.0,P66,protein Poisson p-value,55600,15932,CD47,true,2821,520,0.045665046329296355,0.0,HSPG2
hp_lehninger2,16,16.0,BHF,E-value,25760,10788,,,,,,4.71147838507146,GLI4
hp_lehninger2,16,16.0,BHF,bit score,25760,10788,,,,,,29.08562587964198,GLI4
hp_lehninger2,16,16.0,BHF,mean IDF,25760,10788,,,,,,546.4666334869252,NCOA3
hp_lehninger2,16,16.0,BHF,tf-idf,25760,10788,,,,,,638.7004580037473,SPICE1
hp_lehninger2,16,16.0,BHF,enrichment,25760,10788,,,,,,179.98148148148127,ZNF587
hp_lehninger2,16,16.0,BHF,Poisson score,25760,10788,,,,,,307.6526555685888,SFI1
hp_lehninger2,16,16.0,BHF,Poisson p-value,25760,10788,,,,,,0.0,ZNF549
hp_lehninger2,16,16.0,BHF,shared k-mers,25760,10788,,,,,,17.0,PNN
hp_lehninger2,16,16.0,BHF,containment,25760,10788,,,,,,0.3432203389830508,MUC16
hp_lehninger2,16,16.0,BHF,protein enrichment,25760,10788,,,,,,31.4493048897411,MUC16
hp_lehninger2,16,16.0,BHF,protein Poisson p-value,25760,10788,,,,,,0.0,OBSCN
hp_lehninger2,17,17.0,Ced9,E-value,14683,8883,BCL2,true,6101,5,29481.880666736153,0.12262411566925316,ANK3
hp_lehninger2,17,17.0,Ced9,bit score,14683,8883,BCL2,true,6101,5,16.634577581910598,34.509803881922394,ANK3
hp_lehninger2,17,17.0,Ced9,mean IDF,14683,8883,BCL2,true,5936,1,15.34682341418079,586.1720464065569,PANK3
hp_lehninger2,17,17.0,Ced9,tf-idf,14683,8883,BCL2,true,4878,2,46.04047024254237,626.4540173073287,CBLB
hp_lehninger2,17,17.0,Ced9,enrichment,14683,8883,BCL2,true,5784,1,28.851063829787236,404.9166666666576,NUP85
hp_lehninger2,17,17.0,Ced9,Poisson score,14683,8883,BCL2,true,3346,1,3.761053631811389,307.6526555685888,LYPD8
hp_lehninger2,17,17.0,Ced9,Poisson p-value,14683,8883,BCL2,true,3346,1,0.0001733589900381194,0.0,MACF1
hp_lehninger2,17,17.0,Ced9,shared k-mers,14683,8883,BCL2,true,1751,1444,3.0,14.0,ABHD5
hp_lehninger2,17,17.0,Ced9,containment,14683,8883,BCL2,true,2959,1304,0.011363636363636364,0.1553030303030303,TTN
hp_lehninger2,17,17.0,Ced9,protein enrichment,14683,8883,BCL2,true,2959,1304,2.0175778546712815,27.573564013840844,TTN
hp_lehninger2,17,17.0,Ced9,protein Poisson p-value,14683,8883,BCL2,true,2959,1304,0.18787990562143397,0.0,COL3A1
hp_lehninger2,17,17.0,P66,E-value,28549,12323,CD47,true,4537,33,4823.5098185360075,1.9057028056715244,NGEF
hp_lehninger2,17,17.0,P66,bit score,28549,12323,CD47,true,4537,33,20.33855503574965,31.644099475008616,NGEF
hp_lehninger2,17,17.0,P66,mean IDF,28549,12323,CD47,true,5668,0,51.100075147010095,582.1786224994851,RPGRIP1
hp_lehninger2,17,17.0,P66,tf-idf,28549,12323,CD47,true,7821,0,51.100075147010095,617.2018781522349,NGEF
hp_lehninger2,17,17.0,P66,enrichment,28549,12323,CD47,true,7303,0,59.07598784194516,462.7619047618825,DOCK11
hp_lehninger2,17,17.0,P66,Poisson score,28549,12323,CD47,true,1679,0,7.471986241692854,307.6526555685888,KRT34
hp_lehninger2,17,17.0,P66,Poisson p-value,28549,12323,CD47,true,1679,0,3.37297993979746e-8,0.0,LIN28A
hp_lehninger2,17,17.0,P66,shared k-mers,28549,12323,CD47,true,838,766,5.0,14.0,RANBP10
hp_lehninger2,17,17.0,P66,containment,28549,12323,CD47,true,2521,768,0.010452961672473868,0.20209059233449478,TTN
hp_lehninger2,17,17.0,P66,protein enrichment,28549,12323,CD47,true,2521,768,2.1603556872915894,41.766876620970734,TTN
hp_lehninger2,17,17.0,P66,protein Poisson p-value,28549,12323,CD47,true,2521,768,0.06314997256156907,0.0,CSMD2
hp_lehninger2,17,17.0,BHF,E-value,13684,7557,,,,,,3.425118323249754,GLI4
hp_lehninger2,17,17.0,BHF,bit score,13684,7557,,,,,,29.553961597856855,GLI4
hp_lehninger2,17,17.0,BHF,mean IDF,13684,7557,,,,,,541.4080188664022,NKTR
hp_lehninger2,17,17.0,BHF,tf-idf,13684,7557,,,,,,724.7032659917379,SPICE1
hp_lehninger2,17,17.0,BHF,enrichment,13684,7557,,,,,,474.0487804878057,SNRNP200
hp_lehninger2,17,17.0,BHF,Poisson score,13684,7557,,,,,,307.6526555685888,ZNF549
hp_lehninger2,17,17.0,BHF,Poisson p-value,13684,7557,,,,,,0.0,TRAPPC10
hp_lehninger2,17,17.0,BHF,shared k-mers,13684,7557,,,,,,16.0,PNN
hp_lehninger2,17,17.0,BHF,containment,13684,7557,,,,,,0.22033898305084745,MUC16
hp_lehninger2,17,17.0,BHF,protein enrichment,13684,7557,,,,,,37.9039903990399,MUC16
hp_lehninger2,17,17.0,BHF,protein Poisson p-value,13684,7557,,,,,,0.0,RSF1
hp_lehninger2,19,19.0,Ced9,E-value,3848,3195,BCL2,true,2040,5,11172.693332342471,0.0837471592459898,ANK3
hp_lehninger2,19,19.0,Ced9,bit score,3848,3195,BCL2,true,2040,5,18.039978425876246,35.06548375034743,ANK3
hp_lehninger2,19,19.0,Ced9,mean IDF,3848,3195,BCL2,true,1204,1,46.39000420125217,640.1249360736523,C3orf18
hp_lehninger2,19,19.0,Ced9,tf-idf,3848,3195,BCL2,true,1704,1,46.39000420125217,774.9317929359511,CBLB
hp_lehninger2,19,19.0,Ced9,enrichment,3848,3195,BCL2,true,2724,1,38.945891783567205,2429.2500000000396,ABCC1
hp_lehninger2,19,19.0,Ced9,Poisson score,3848,3195,BCL2,true,2865,1,1.5960253361044296,307.6526555685888,CD19
hp_lehninger2,19,19.0,Ced9,Poisson p-value,3848,3195,BCL2,true,2865,1,0.02534980739118009,0.0,HMGCLL1
hp_lehninger2,19,19.0,Ced9,shared k-mers,3848,3195,BCL2,true,1751,1444,1.0,12.0,ABHD5
hp_lehninger2,19,19.0,Ced9,containment,3848,3195,BCL2,true,1867,1328,0.003816793893129771,0.061068702290076333,SLC12A2
hp_lehninger2,19,19.0,Ced9,protein enrichment,3848,3195,BCL2,true,1867,1328,2.570634920634919,41.130158730158705,SLC12A2
hp_lehninger2,19,19.0,Ced9,protein Poisson p-value,3848,3195,BCL2,true,1867,1328,0.3222717979717793,0.0,DST
hp_lehninger2,19,19.0,P66,E-value,8239,5366,CD47,false,,,,1.1842451592503553,NGEF
hp_lehninger2,19,19.0,P66,bit score,8239,5366,CD47,false,,,,32.33600414436118,NGEF
hp_lehninger2,19,19.0,P66,mean IDF,8239,5366,CD47,true,3910,0,11.518928788513222,764.2540238189476,NGEF
hp_lehninger2,19,19.0,P66,tf-idf,8239,5366,CD47,true,3705,1,34.556786365539665,764.2540238189476,NGEF
hp_lehninger2,19,19.0,P66,enrichment,8239,5366,CD47,true,3015,0,149.10997442455266,3238.9999999999436,FOXJ1
hp_lehninger2,19,19.0,P66,Poisson score,8239,5366,CD47,true,1398,0,5.8738575747544735,307.6526555685888,CELSR1
hp_lehninger2,19,19.0,P66,Poisson p-value,8239,5366,CD47,true,1398,0,1.337033919912578e-6,0.0,ADGRD2
hp_lehninger2,19,19.0,P66,shared k-mers,8239,5366,CD47,true,975,902,3.0,14.0,RANBP10
hp_lehninger2,19,19.0,P66,containment,8239,5366,CD47,true,1566,777,0.005199306759098787,0.043327556325823226,MUC16
hp_lehninger2,19,19.0,P66,protein enrichment,8239,5366,CD47,true,1566,777,3.6714105793450837,30.595088161209034,MUC16
hp_lehninger2,19,19.0,P66,protein Poisson p-value,8239,5366,CD47,true,1566,777,0.049916382468653375,0.0,HRC
hp_lehninger2,19,19.0,BHF,E-value,3616,2856,,,,,,2.4261324829579927,TMED8
hp_lehninger2,19,19.0,BHF,bit score,3616,2856,,,,,,30.057006387984853,TMED8
hp_lehninger2,19,19.0,BHF,mean IDF,3616,2856,,,,,,691.0946427495664,ASPM
hp_lehninger2,19,19.0,BHF,tf-idf,3616,2856,,,,,,896.8635177151075,SPICE1
hp_lehninger2,19,19.0,BHF,enrichment,3616,2856,,,,,,2776.2857142857197,PEX6
hp_lehninger2,19,19.0,BHF,Poisson score,3616,2856,,,,,,307.6526555685888,RNMT
hp_lehninger2,19,19.0,BHF,Poisson p-value,3616,2856,,,,,,0.0,DHX8
hp_lehninger2,19,19.0,BHF,shared k-mers,3616,2856,,,,,,14.0,PNN
hp_lehninger2,19,19.0,BHF,containment,3616,2856,,,,,,0.10683760683760683,MUC16
hp_lehninger2,19,19.0,BHF,protein enrichment,3616,2856,,,,,,68.35256049521664,MUC16
hp_lehninger2,19,19.0,BHF,protein Poisson p-value,3616,2856,,,,,,0.0,SFI1
hp_lehninger2,20,20.0,Ced9,E-value,1925,1750,BCL2,false,,,,0.07529174991786934,ANK3
hp_lehninger2,20,20.0,Ced9,bit score,1925,1750,BCL2,false,,,,35.21918138439785,ANK3
hp_lehninger2,20,20.0,Ced9,mean IDF,1925,1750,BCL2,false,,,,552.6269755874325,ATP11C
hp_lehninger2,20,20.0,Ced9,tf-idf,1925,1750,BCL2,false,,,,852.30239245291,CBLB
hp_lehninger2,20,20.0,Ced9,enrichment,1925,1750,BCL2,false,,,,6477.666666666936,CACHD1
hp_lehninger2,20,20.0,Ced9,Poisson score,1925,1750,BCL2,false,,,,307.6526555685888,USP8
hp_lehninger2,20,20.0,Ced9,Poisson p-value,1925,1750,BCL2,false,,,,0.0,TNKS
hp_lehninger2,20,20.0,Ced9,shared k-mers,1925,1750,BCL2,false,,,,11.0,ABHD5
hp_lehninger2,20,20.0,Ced9,containment,1925,1750,BCL2,false,,,,0.04597701149425287,SLC12A2
hp_lehninger2,20,20.0,Ced9,protein enrichment,1925,1750,BCL2,false,,,,61.17418677859395,SLC12A2
hp_lehninger2,20,20.0,Ced9,protein Poisson p-value,1925,1750,BCL2,false,,,,0.0,MACF1
hp_lehninger2,20,20.0,P66,E-value,4757,3277,CD47,false,,,,2.114098833006075,PSMA7
hp_lehninger2,20,20.0,P66,bit score,4757,3277,CD47,false,,,,31.500078265879342,PSMA7
hp_lehninger2,20,20.0,P66,mean IDF,4757,3277,CD47,true,2283,0,15.575927510669999,732.9209519000501,SSC5D
hp_lehninger2,20,20.0,P66,tf-idf,4757,3277,CD47,true,2338,1,31.151855021339998,732.9209519000501,SSC5D
hp_lehninger2,20,20.0,P66,enrichment,4757,3277,CD47,true,1889,0,195.3065326633166,6477.666666666668,TCP11X2
hp_lehninger2,20,20.0,P66,Poisson score,4757,3277,CD47,true,1489,1,4.2833671528070045,307.6526555685888,DNMT3B
hp_lehninger2,20,20.0,P66,Poisson p-value,4757,3277,CD47,true,1489,1,0.00005207542789908981,0.0,FLVCR2
hp_lehninger2,20,20.0,P66,shared k-mers,4757,3277,CD47,true,1123,857,2.0,14.0,RANBP10
hp_lehninger2,20,20.0,P66,containment,4757,3277,CD47,true,1370,718,0.0034662045060658577,0.03292894280762565,TRA2A
hp_lehninger2,20,20.0,P66,protein enrichment,4757,3277,CD47,true,1370,718,4.2448667540410705,40.32623416339017,PKHD1L1
hp_lehninger2,20,20.0,P66,protein Poisson p-value,4757,3277,CD47,true,1370,718,0.08158684817801654,0.0,KRI1
hp_lehninger2,20,20.0,BHF,E-value,1823,1572,,,,,,4.770916504471254,NAGLU
hp_lehninger2,20,20.0,BHF,bit score,1823,1572,,,,,,29.0815474536221,NAGLU
hp_lehninger2,20,20.0,BHF,mean IDF,1823,1572,,,,,,985.4665832135606,SPICE1
hp_lehninger2,20,20.0,BHF,tf-idf,1823,1572,,,,,,985.4665832135606,SPICE1
hp_lehninger2,20,20.0,BHF,enrichment,1823,1572,,,,,,4858.249999999984,TMEM116
hp_lehninger2,20,20.0,BHF,Poisson score,1823,1572,,,,,,307.6526555685888,EOLA1
hp_lehninger2,20,20.0,BHF,Poisson p-value,1823,1572,,,,,,0.0,ZNF549
hp_lehninger2,20,20.0,BHF,shared k-mers,1823,1572,,,,,,13.0,PNN
hp_lehninger2,20,20.0,BHF,containment,1823,1572,,,,,,0.06866952789699571,MUC16
hp_lehninger2,20,20.0,BHF,protein enrichment,1823,1572,,,,,,85.70231532524812,MUC16
hp_lehninger2,20,20.0,BHF,protein Poisson p-value,1823,1572,,,,,,0.0,PHF14
hp_lehninger2,24,24.0,Ced9,E-value,122,122,BCL2,false,,,,0.4179667224392859,FBXO41
hp_lehninger2,24,24.0,Ced9,bit score,122,122,BCL2,false,,,,32.741295648626135,FBXO41
hp_lehninger2,24,24.0,Ced9,mean IDF,122,122,BCL2,false,,,,188.81932621117375,HIF3A
hp_lehninger2,24,24.0,Ced9,tf-idf,122,122,BCL2,false,,,,298.4204607904685,FBXO41
hp_lehninger2,24,24.0,Ced9,enrichment,122,122,BCL2,false,,,,19429.000000000084,SPATA31H1
hp_lehninger2,24,24.0,Ced9,Poisson score,122,122,BCL2,false,,,,307.6526555685888,COPS8
hp_lehninger2,24,24.0,Ced9,Poisson p-value,122,122,BCL2,false,,,,0.0,COPS8
hp_lehninger2,24,24.0,Ced9,shared k-mers,122,122,BCL2,false,,,,7.0,ABHD5
hp_lehninger2,24,24.0,Ced9,containment,122,122,BCL2,false,,,,0.027237354085603113,ABHD5
hp_lehninger2,24,24.0,Ced9,protein enrichment,122,122,BCL2,false,,,,352.33937823834196,ABHD5
hp_lehninger2,24,24.0,Ced9,protein Poisson p-value,122,122,BCL2,false,,,,2.220446049250313e-16,ABHD5
hp_lehninger2,24,24.0,P66,E-value,377,350,CD47,false,,,,1.0188940285727037,PKHD1L1
hp_lehninger2,24,24.0,P66,bit score,377,350,CD47,false,,,,32.548055730944625,PKHD1L1
hp_lehninger2,24,24.0,P66,mean IDF,377,350,CD47,false,,,,435.5755111172814,HTT
hp_lehninger2,24,24.0,P66,tf-idf,377,350,CD47,false,,,,435.5755111172814,HTT
hp_lehninger2,24,24.0,P66,enrichment,377,350,CD47,false,,,,19429.00000000041,HERC2
hp_lehninger2,24,24.0,P66,Poisson score,377,350,CD47,false,,,,307.6526555685888,RBM39
hp_lehninger2,24,24.0,P66,Poisson p-value,377,350,CD47,false,,,,0.0,BCAR3
hp_lehninger2,24,24.0,P66,shared k-mers,377,350,CD47,false,,,,11.0,RANBP10
hp_lehninger2,24,24.0,P66,containment,377,350,CD47,false,,,,0.01916376306620209,RANBP10
hp_lehninger2,24,24.0,P66,protein enrichment,377,350,CD47,false,,,,198.99348230912346,RANBP10
hp_lehninger2,24,24.0,P66,protein Poisson p-value,377,350,CD47,false,,,,0.0,GPATCH1
hp_lehninger2,24,24.0,BHF,E-value,138,124,,,,,,2.957464181393087,DICER1
hp_lehninger2,24,24.0,BHF,bit score,138,124,,,,,,29.766391847249896,DICER1
hp_lehninger2,24,24.0,BHF,mean IDF,138,124,,,,,,510.42948992121285,ADAM22
hp_lehninger2,24,24.0,BHF,tf-idf,138,124,,,,,,510.42948992121285,ADAM22
hp_lehninger2,24,24.0,BHF,enrichment,138,124,,,,,,19429.000000000084,PRRC2B
hp_lehninger2,24,24.0,BHF,Poisson score,138,124,,,,,,307.6526555685888,CUEDC1
hp_lehninger2,24,24.0,BHF,Poisson p-value,138,124,,,,,,0.0,ACE2
hp_lehninger2,24,24.0,BHF,shared k-mers,138,124,,,,,,9.0,PNN
hp_lehninger2,24,24.0,BHF,containment,138,124,,,,,,0.039301310043668124,PNN
hp_lehninger2,24,24.0,BHF,protein enrichment,138,124,,,,,,477.76229508196667,PNN
hp_lehninger2,24,24.0,BHF,protein Poisson p-value,138,124,,,,,,0.0,PNN
hp_lehninger2,28,28.0,Ced9,E-value,7,7,BCL2,false,,,,2.0680627747065348,C16orf96
hp_lehninger2,28,28.0,Ced9,bit score,7,7,BCL2,false,,,,30.426400434063552,C16orf96
hp_lehninger2,28,28.0,Ced9,mean IDF,7,7,BCL2,false,,,,29.621558242219294,COPS8
hp_lehninger2,28,28.0,Ced9,tf-idf,7,7,BCL2,false,,,,29.62155824221931,ABHD5
hp_lehninger2,28,28.0,Ced9,enrichment,7,7,BCL2,false,,,,19416.000000000116,ABHD5
hp_lehninger2,28,28.0,Ced9,Poisson score,7,7,BCL2,false,,,,12.211315246679069,ABHD5
hp_lehninger2,28,28.0,Ced9,Poisson p-value,7,7,BCL2,false,,,,6.147304887349492e-13,ABHD5
hp_lehninger2,28,28.0,Ced9,shared k-mers,7,7,BCL2,false,,,,3.0,ABHD5
hp_lehninger2,28,28.0,Ced9,containment,7,7,BCL2,false,,,,0.011857707509881422,ABHD5
hp_lehninger2,28,28.0,Ced9,protein enrichment,7,7,BCL2,false,,,,230.2292490118586,ABHD5
hp_lehninger2,28,28.0,Ced9,protein Poisson p-value,7,7,BCL2,false,,,,3.651641249380333e-7,ABHD5
hp_lehninger2,28,28.0,P66,E-value,23,23,CD47,false,,,,1.4438427101682876,PKHD1L1
hp_lehninger2,28,28.0,P66,bit score,23,23,CD47,false,,,,32.03707093079619,PKHD1L1
hp_lehninger2,28,28.0,P66,mean IDF,23,23,CD47,false,,,,92.78788492147658,KRI1
hp_lehninger2,28,28.0,P66,tf-idf,23,23,CD47,false,,,,139.95992408117252,GPATCH1
hp_lehninger2,28,28.0,P66,enrichment,23,23,CD47,false,,,,19416.000000000116,BCAR3
hp_lehninger2,28,28.0,P66,Poisson score,23,23,CD47,false,,,,307.6526555685888,RANBP10
hp_lehninger2,28,28.0,P66,Poisson p-value,23,23,CD47,false,,,,0.0,RANBP10
hp_lehninger2,28,28.0,P66,shared k-mers,23,23,CD47,false,,,,7.0,RANBP10
hp_lehninger2,28,28.0,P66,containment,23,23,CD47,false,,,,0.012280701754385965,RANBP10
hp_lehninger2,28,28.0,P66,protein enrichment,23,23,CD47,false,,,,230.7504244482184,RANBP10
hp_lehninger2,28,28.0,P66,protein Poisson p-value,23,23,CD47,false,,,,4.551914400963142e-15,RANBP10
hp_lehninger2,28,28.0,BHF,E-value,11,11,,,,,,1.8540700481223171,SFI1
hp_lehninger2,28,28.0,BHF,bit score,11,11,,,,,,30.431981567943065,SFI1
hp_lehninger2,28,28.0,BHF,mean IDF,11,11,,,,,,127.66693853572369,RSF1
hp_lehninger2,28,28.0,BHF,tf-idf,11,11,,,,,,137.54079128313012,DHX8
hp_lehninger2,28,28.0,BHF,enrichment,11,11,,,,,,8629.333333333385,SFI1
hp_lehninger2,28,28.0,BHF,Poisson score,11,11,,,,,,15.35252977886304,PNN
hp_lehninger2,28,28.0,BHF,Poisson p-value,11,11,,,,,,4.440892098500626e-16,PNN
hp_lehninger2,28,28.0,BHF,shared k-mers,11,11,,,,,,5.0,PNN
hp_lehninger2,28,28.0,BHF,containment,11,11,,,,,,0.022222222222222223,PNN
hp_lehninger2,28,28.0,BHF,protein enrichment,11,11,,,,,,429.55752212389547,PNN
hp_lehninger2,28,28.0,BHF,protein Poisson p-value,11,11,,,,,,1.7633672300121361e-12,PNN
hp_lehninger2,32,32.0,Ced9,E-value,0,0,BCL2,false,,,,,
hp_lehninger2,32,32.0,Ced9,bit score,0,0,BCL2,false,,,,,
hp_lehninger2,32,32.0,Ced9,mean IDF,0,0,BCL2,false,,,,,
hp_lehninger2,32,32.0,Ced9,tf-idf,0,0,BCL2,false,,,,,
hp_lehninger2,32,32.0,Ced9,enrichment,0,0,BCL2,false,,,,,
hp_lehninger2,32,32.0,Ced9,Poisson score,0,0,BCL2,false,,,,,
hp_lehninger2,32,32.0,Ced9,Poisson p-value,0,0,BCL2,false,,,,,
hp_lehninger2,32,32.0,Ced9,shared k-mers,0,0,BCL2,false,,,,,
hp_lehninger2,32,32.0,Ced9,containment,0,0,BCL2,false,,,,,
hp_lehninger2,32,32.0,Ced9,protein enrichment,0,0,BCL2,false,,,,,
hp_lehninger2,32,32.0,Ced9,protein Poisson p-value,0,0,BCL2,false,,,,,
hp_lehninger2,32,32.0,P66,E-value,3,3,CD47,false,,,,5.089923038511393,RANBP10
hp_lehninger2,32,32.0,P66,bit score,3,3,CD47,false,,,,30.210256962610604,RANBP10
hp_lehninger2,32,32.0,P66,mean IDF,3,3,CD47,false,,,,28.92686554619579,RBM39
hp_lehninger2,32,32.0,P66,tf-idf,3,3,CD47,false,,,,48.67354069736628,RANBP10
hp_lehninger2,32,32.0,P66,enrichment,3,3,CD47,false,,,,2531.217391304295,RANBP10
hp_lehninger2,32,32.0,P66,Poisson score,3,3,CD47,false,,,,9.557161835909964,RANBP10
hp_lehninger2,32,32.0,P66,Poisson p-value,3,3,CD47,false,,,,2.7722868445323456e-10,RANBP10
hp_lehninger2,32,32.0,P66,shared k-mers,3,3,CD47,false,,,,3.0,RANBP10
hp_lehninger2,32,32.0,P66,containment,3,3,CD47,false,,,,0.00530035335689046,RANBP10
hp_lehninger2,32,32.0,P66,protein enrichment,3,3,CD47,false,,,,102.67724867724773,RANBP10
hp_lehninger2,32,32.0,P66,protein Poisson p-value,3,3,CD47,false,,,,4.067054306666762e-6,RANBP10
hp_lehninger2,32,32.0,BHF,E-value,1,1,,false,,,,,
hp_lehninger2,32,32.0,BHF,bit score,1,1,,false,,,,,
hp_lehninger2,32,32.0,BHF,mean IDF,1,1,,,,,,9.873337575585245,PNN
hp_lehninger2,32,32.0,BHF,tf-idf,1,1,,,,,,9.873337575585245,PNN
hp_lehninger2,32,32.0,BHF,enrichment,1,1,,,,,,510.6842105263154,PNN
hp_lehninger2,32,32.0,BHF,Poisson score,1,1,,,,,,2.7085775694912013,PNN
hp_lehninger2,32,32.0,BHF,Poisson p-value,1,1,,,,,,0.0019562413317724126,PNN
hp_lehninger2,32,32.0,BHF,shared k-mers,1,1,,,,,,1.0,PNN
hp_lehninger2,32,32.0,BHF,containment,1,1,,,,,,0.004524886877828055,PNN
hp_lehninger2,32,32.0,BHF,protein enrichment,1,1,,,,,,87.80995475113131,PNN
hp_lehninger2,32,32.0,BHF,protein Poisson p-value,1,1,,,,,,0.011323630008632568,PNN
hp_thomas_dill2,17,16.42,Ced9,E-value,21532,10326,BCL2,false,,,,5.151500071099362,HUNK
hp_thomas_dill2,17,16.42,Ced9,bit score,21532,10326,BCL2,false,,,,29.091666672442997,HUNK
hp_thomas_dill2,17,16.42,Ced9,mean IDF,21532,10326,BCL2,false,,,,597.8605856206499,SPRY2
hp_thomas_dill2,17,16.42,Ced9,tf-idf,21532,10326,BCL2,false,,,,690.1539835752033,SPIRE1
hp_thomas_dill2,17,16.42,Ced9,enrichment,21532,10326,BCL2,false,,,,1765.0909090909847,SLC37A3
hp_thomas_dill2,17,16.42,Ced9,Poisson score,21532,10326,BCL2,false,,,,307.6526555685888,DOCK7
hp_thomas_dill2,17,16.42,Ced9,Poisson p-value,21532,10326,BCL2,false,,,,0.0,HEXA
hp_thomas_dill2,17,16.42,Ced9,shared k-mers,21532,10326,BCL2,false,,,,17.0,DOCK7
hp_thomas_dill2,17,16.42,Ced9,containment,21532,10326,BCL2,false,,,,0.3143939393939394,TTN
hp_thomas_dill2,17,16.42,Ced9,protein enrichment,21532,10326,BCL2,false,,,,37.41474739970281,TTN
hp_thomas_dill2,17,16.42,Ced9,protein Poisson p-value,21532,10326,BCL2,false,,,,0.0,KMT2B
hp_thomas_dill2,17,16.42,P66,E-value,82339,15012,CD47,true,10491,29,59433.95742814369,2.062313961388087,ADCY7
hp_thomas_dill2,17,16.42,P66,bit score,82339,15012,CD47,true,10491,29,16.689963544242065,31.504699388608095,ADCY7
hp_thomas_dill2,17,16.42,P66,mean IDF,82339,15012,CD47,true,10424,0,35.83003179880575,863.3926954490438,CCDC9
hp_thomas_dill2,17,16.42,P66,tf-idf,82339,15012,CD47,true,12304,0,35.83003179880575,878.2922448269967,SYNRG
hp_thomas_dill2,17,16.42,P66,enrichment,82339,15012,CD47,true,5188,1,89.75038520801318,1294.3999999993453,HERPUD2
hp_thomas_dill2,17,16.42,P66,Poisson score,82339,15012,CD47,true,3721,1,5.216774893524528,307.6526555685888,B4GAT1
hp_thomas_dill2,17,16.42,P66,Poisson p-value,82339,15012,CD47,true,3721,1,6.0705089881540886e-6,0.0,ASXL1
hp_thomas_dill2,17,16.42,P66,shared k-mers,82339,15012,CD47,true,6938,2542,3.0,17.0,MORN1
hp_thomas_dill2,17,16.42,P66,containment,82339,15012,CD47,true,9086,1159,0.007029876977152899,0.3110720562390158,TTN
hp_thomas_dill2,17,16.42,P66,protein enrichment,82339,15012,CD47,true,9086,1159,0.5963923423665554,26.390361149720075,TTN
hp_thomas_dill2,17,16.42,P66,protein Poisson p-value,82339,15012,CD47,true,9086,1159,0.9016227609468196,0.0,ADAMTS9
hp_thomas_dill2,17,16.42,BHF,E-value,61546,13423,,,,,,1.914418903177122,MYBPC3
hp_thomas_dill2,17,16.42,BHF,bit score,61546,13423,,,,,,30.36774962507726,MYBPC3
hp_thomas_dill2,17,16.42,BHF,mean IDF,61546,13423,,,,,,703.1246922295577,COL11A1
hp_thomas_dill2,17,16.42,BHF,tf-idf,61546,13423,,,,,,849.6668410400457,EHMT2
hp_thomas_dill2,17,16.42,BHF,enrichment,61546,13423,,,,,,647.2000000000446,TXNIP
hp_thomas_dill2,17,16.42,BHF,Poisson score,61546,13423,,,,,,307.6526555685888,ANKRD31
hp_thomas_dill2,17,16.42,BHF,Poisson p-value,61546,13423,,,,,,0.0,TUBB8B
hp_thomas_dill2,17,16.42,BHF,shared k-mers,61546,13423,,,,,,24.0,NFE2L1
hp_thomas_dill2,17,16.42,BHF,containment,61546,13423,,,,,,0.4206008583690987,TTN
hp_thomas_dill2,17,16.42,BHF,protein enrichment,61546,13423,,,,,,16.1552725420275,TTN
hp_thomas_dill2,17,16.42,BHF,protein Poisson p-value,61546,13423,,,,,,0.0,SETD2
hp_thomas_dill2,21,20.29,Ced9,E-value,1559,1418,BCL2,false,,,,21.91848845871929,CHD5
hp_thomas_dill2,21,20.29,Ced9,bit score,1559,1418,BCL2,false,,,,27.023203939132024,CHD5
hp_thomas_dill2,21,20.29,Ced9,mean IDF,1559,1418,BCL2,false,,,,690.9245549090264,SDK2
hp_thomas_dill2,21,20.29,Ced9,tf-idf,1559,1418,BCL2,false,,,,900.6917685847652,CHD3
hp_thomas_dill2,21,20.29,Ced9,enrichment,1559,1418,BCL2,false,,,,19412.999999998574,ALDH3B1
hp_thomas_dill2,21,20.29,Ced9,Poisson score,1559,1418,BCL2,false,,,,307.6526555685888,MYH9
hp_thomas_dill2,21,20.29,Ced9,Poisson p-value,1559,1418,BCL2,false,,,,0.0,HTR3E
hp_thomas_dill2,21,20.29,Ced9,shared k-mers,1559,1418,BCL2,false,,,,13.0,DOCK7
hp_thomas_dill2,21,20.29,Ced9,containment,1559,1418,BCL2,false,,,,0.06923076923076923,SYNE1
hp_thomas_dill2,21,20.29,Ced9,protein enrichment,1559,1418,BCL2,false,,,,105.3146473779386,SYNE1
hp_thomas_dill2,21,20.29,Ced9,protein Poisson p-value,1559,1418,BCL2,false,,,,0.0,MYH16
hp_thomas_dill2,21,20.29,P66,E-value,14255,5456,CD47,false,,,,15.98321541143453,IPO8
hp_thomas_dill2,21,20.29,P66,bit score,14255,5456,CD47,false,,,,28.57109868358345,IPO8
hp_thomas_dill2,21,20.29,P66,mean IDF,14255,5456,CD47,false,,,,1238.9577740238256,SQSTM1
hp_thomas_dill2,21,20.29,P66,tf-idf,14255,5456,CD47,false,,,,1238.9577740238256,SQSTM1
hp_thomas_dill2,21,20.29,P66,enrichment,14255,5456,CD47,false,,,,12942.000000000213,PTPN9
hp_thomas_dill2,21,20.29,P66,Poisson score,14255,5456,CD47,false,,,,307.6526555685888,STAU2
hp_thomas_dill2,21,20.29,P66,Poisson p-value,14255,5456,CD47,false,,,,0.0,USP1
hp_thomas_dill2,21,20.29,P66,shared k-mers,14255,5456,CD47,false,,,,15.0,COL1A2
hp_thomas_dill2,21,20.29,P66,containment,14255,5456,CD47,false,,,,0.04695652173913043,TTN
hp_thomas_dill2,21,20.29,P66,protein enrichment,14255,5456,CD47,false,,,,20.7864451142132,SMARCA4
hp_thomas_dill2,21,20.29,P66,protein Poisson p-value,14255,5456,CD47,false,,,,0.0,COL7A1
hp_thomas_dill2,21,20.29,BHF,E-value,12499,5332,,,,,,7.562196073136985,PSD2
hp_thomas_dill2,21,20.29,BHF,bit score,12499,5332,,,,,,28.406471995162043,PSD2
hp_thomas_dill2,21,20.29,BHF,mean IDF,12499,5332,,,,,,1007.7492636257025,LORICRIN
hp_thomas_dill2,21,20.29,BHF,tf-idf,12499,5332,,,,,,1230.6069597118217,FLG2
hp_thomas_dill2,21,20.29,BHF,enrichment,12499,5332,,,,,,7765.200000002777,BUB3
hp_thomas_dill2,21,20.29,BHF,Poisson score,12499,5332,,,,,,307.6526555685888,NLRP2
hp_thomas_dill2,21,20.29,BHF,Poisson p-value,12499,5332,,,,,,0.0,TUBB3
hp_thomas_dill2,21,20.29,BHF,shared k-mers,12499,5332,,,,,,23.0,NFE2L1
hp_thomas_dill2,21,20.29,BHF,containment,12499,5332,,,,,,0.14224137931034483,LMOD3
hp_thomas_dill2,21,20.29,BHF,protein enrichment,12499,5332,,,,,,23.60895522388059,LMOD3
hp_thomas_dill2,21,20.29,BHF,protein Poisson p-value,12499,5332,,,,,,0.0,ZFHX3
hp_thomas_dill2,25,24.15,Ced9,E-value,114,113,BCL2,false,,,,,
hp_thomas_dill2,25,24.15,Ced9,bit score,114,113,BCL2,false,,,,,
hp_thomas_dill2,25,24.15,Ced9,mean IDF,114,113,BCL2,false,,,,9.873389104712146,ARHGEF6
hp_thomas_dill2,25,24.15,Ced9,tf-idf,114,113,BCL2,false,,,,79.64219340078341,MYH16
hp_thomas_dill2,25,24.15,Ced9,enrichment,114,113,BCL2,false,,,,19407.000000000025,LYPD3
hp_thomas_dill2,25,24.15,Ced9,Poisson score,114,113,BCL2,false,,,,307.6526555685888,CCDC85C
hp_thomas_dill2,25,24.15,Ced9,Poisson p-value,114,113,BCL2,false,,,,0.0,MECP2
hp_thomas_dill2,25,24.15,Ced9,shared k-mers,114,113,BCL2,false,,,,9.0,MYH16
hp_thomas_dill2,25,24.15,Ced9,containment,114,113,BCL2,false,,,,0.03515625,DOCK7
hp_thomas_dill2,25,24.15,Ced9,protein enrichment,114,113,BCL2,false,,,,422.91283292978,DOCK7
hp_thomas_dill2,25,24.15,Ced9,protein Poisson p-value,114,113,BCL2,false,,,,0.0,DOCK7
hp_thomas_dill2,25,24.15,P66,E-value,2346,1513,CD47,false,,,,,
hp_thomas_dill2,25,24.15,P66,bit score,2346,1513,CD47,false,,,,,
hp_thomas_dill2,25,24.15,P66,mean IDF,2346,1513,CD47,false,,,,9.87338910471226,SH3RF1
hp_thomas_dill2,25,24.15,P66,tf-idf,2346,1513,CD47,false,,,,87.96498509308458,MORC4
hp_thomas_dill2,25,24.15,P66,enrichment,2346,1513,CD47,false,,,,19407.000000001004,MTSS1
hp_thomas_dill2,25,24.15,P66,Poisson score,2346,1513,CD47,false,,,,307.6526555685888,UTY
hp_thomas_dill2,25,24.15,P66,Poisson p-value,2346,1513,CD47,false,,,,0.0,ZNF782
hp_thomas_dill2,25,24.15,P66,shared k-mers,2346,1513,CD47,false,,,,13.0,COL1A2
hp_thomas_dill2,25,24.15,P66,containment,2346,1513,CD47,false,,,,0.029668411867364748,SMARCA4
hp_thomas_dill2,25,24.15,P66,protein enrichment,2346,1513,CD47,false,,,,69.04960234407743,SMARCA4
hp_thomas_dill2,25,24.15,P66,protein Poisson p-value,2346,1513,CD47,false,,,,0.0,COL1A2
hp_thomas_dill2,25,24.15,BHF,E-value,2361,1585,,false,,,,,
hp_thomas_dill2,25,24.15,BHF,bit score,2361,1585,,false,,,,,
hp_thomas_dill2,25,24.15,BHF,mean IDF,2361,1585,,,,,,9.873389104712146,COX11
hp_thomas_dill2,25,24.15,BHF,tf-idf,2361,1585,,,,,,91.2310117993315,NFE2L1
hp_thomas_dill2,25,24.15,BHF,enrichment,2361,1585,,,,,,19407.000000000025,C4orf54
hp_thomas_dill2,25,24.15,BHF,Poisson score,2361,1585,,,,,,307.6526555685888,SFTPD
hp_thomas_dill2,25,24.15,BHF,Poisson p-value,2361,1585,,,,,,0.0,POTEI
hp_thomas_dill2,25,24.15,BHF,shared k-mers,2361,1585,,,,,,19.0,NFE2L1
hp_thomas_dill2,25,24.15,BHF,containment,2361,1585,,,,,,0.08771929824561403,COL5A3
hp_thomas_dill2,25,24.15,BHF,protein enrichment,2361,1585,,,,,,69.9477383312309,COL5A3
hp_thomas_dill2,25,24.15,BHF,protein Poisson p-value,2361,1585,,,,,,0.0,TRIM56
hp_thomas_dill2,29,28.01,Ced9,E-value,14,14,BCL2,false,,,,20.15566729686452,FNTA
hp_thomas_dill2,29,28.01,Ced9,bit score,14,14,BCL2,false,,,,27.135462130965173,FNTA
hp_thomas_dill2,29,28.01,Ced9,mean IDF,14,14,BCL2,false,,,,96.24228353885691,SPEM2
hp_thomas_dill2,29,28.01,Ced9,tf-idf,14,14,BCL2,false,,,,96.24228353885691,SPEM2
hp_thomas_dill2,29,28.01,Ced9,enrichment,14,14,BCL2,false,,,,19393.999999999985,DOCK7
hp_thomas_dill2,29,28.01,Ced9,Poisson score,14,14,BCL2,false,,,,307.6526555685888,DOCK7
hp_thomas_dill2,29,28.01,Ced9,Poisson p-value,14,14,BCL2,false,,,,0.0,MYH16
hp_thomas_dill2,29,28.01,Ced9,shared k-mers,14,14,BCL2,false,,,,5.0,MYH16
hp_thomas_dill2,29,28.01,Ced9,containment,14,14,BCL2,false,,,,0.01984126984126984,DOCK7
hp_thomas_dill2,29,28.01,Ced9,protein enrichment,14,14,BCL2,false,,,,378.78906250000193,MYH16
hp_thomas_dill2,29,28.01,Ced9,protein Poisson p-value,14,14,BCL2,false,,,,3.3030245205623032e-12,DOCK7
hp_thomas_dill2,29,28.01,P66,E-value,211,195,CD47,false,,,,38.73580448391381,TAF3
hp_thomas_dill2,29,28.01,P66,bit score,211,195,CD47,false,,,,27.285284080225374,TAF3
hp_thomas_dill2,29,28.01,P66,mean IDF,211,195,CD47,false,,,,221.25683411818449,NIPBL
hp_thomas_dill2,29,28.01,P66,tf-idf,211,195,CD47,false,,,,221.25683411818449,COL5A3
hp_thomas_dill2,29,28.01,P66,enrichment,211,195,CD47,false,,,,19394.00000000015,SHISA6
hp_thomas_dill2,29,28.01,P66,Poisson score,211,195,CD47,false,,,,307.6526555685888,COL1A2
hp_thomas_dill2,29,28.01,P66,Poisson p-value,211,195,CD47,false,,,,0.0,MYO6
hp_thomas_dill2,29,28.01,P66,shared k-mers,211,195,CD47,false,,,,9.0,COL1A2
hp_thomas_dill2,29,28.01,P66,containment,211,195,CD47,false,,,,0.015817223198594025,COL1A2
hp_thomas_dill2,29,28.01,P66,protein enrichment,211,195,CD47,false,,,,191.80879120879192,COL1A2
hp_thomas_dill2,29,28.01,P66,protein Poisson p-value,211,195,CD47,false,,,,0.0,COL1A2
hp_thomas_dill2,29,28.01,BHF,E-value,327,288,,,,,,15.50471479320049,PSD2
hp_thomas_dill2,29,28.01,BHF,bit score,327,288,,,,,,27.36193759698729,PSD2
hp_thomas_dill2,29,28.01,BHF,mean IDF,327,288,,,,,,384.4340440847503,TRAF3IP1
hp_thomas_dill2,29,28.01,BHF,tf-idf,327,288,,,,,,414.05220114134374,FLG2
hp_thomas_dill2,29,28.01,BHF,enrichment,327,288,,,,,,19394.0000000008,ST8SIA6
hp_thomas_dill2,29,28.01,BHF,Poisson score,327,288,,,,,,307.6526555685888,TRIP10
hp_thomas_dill2,29,28.01,BHF,Poisson p-value,327,288,,,,,,0.0,NFE2L1
hp_thomas_dill2,29,28.01,BHF,shared k-mers,327,288,,,,,,15.0,NFE2L1
hp_thomas_dill2,29,28.01,BHF,containment,327,288,,,,,,0.06696428571428571,NFE2L1
hp_thomas_dill2,29,28.01,BHF,protein enrichment,327,288,,,,,,299.29012345679075,NFE2L1
hp_thomas_dill2,29,28.01,BHF,protein Poisson p-value,327,288,,,,,,0.0,TRIP10
hp_thomas_dill2,33,31.88,Ced9,E-value,2,2,BCL2,false,,,,,
hp_thomas_dill2,33,31.88,Ced9,bit score,2,2,BCL2,false,,,,,
hp_thomas_dill2,33,31.88,Ced9,mean IDF,2,2,BCL2,false,,,,9.872151672226275,DOCK7
hp_thomas_dill2,33,31.88,Ced9,tf-idf,2,2,BCL2,false,,,,9.872151672226275,DOCK7
hp_thomas_dill2,33,31.88,Ced9,enrichment,2,2,BCL2,false,,,,19383.00000000031,MYH16
hp_thomas_dill2,33,31.88,Ced9,Poisson score,2,2,BCL2,false,,,,4.287432198685393,MYH16
hp_thomas_dill2,33,31.88,Ced9,Poisson p-value,2,2,BCL2,false,,,,0.000051590270063628374,DOCK7
hp_thomas_dill2,33,31.88,Ced9,shared k-mers,2,2,BCL2,false,,,,1.0,DOCK7
hp_thomas_dill2,33,31.88,Ced9,containment,2,2,BCL2,false,,,,0.004032258064516129,DOCK7
hp_thomas_dill2,33,31.88,Ced9,protein enrichment,2,2,BCL2,false,,,,78.15725806451657,MYH16
hp_thomas_dill2,33,31.88,Ced9,protein Poisson p-value,2,2,BCL2,false,,,,0.01271321260720315,DOCK7
hp_thomas_dill2,33,31.88,P66,E-value,16,16,CD47,false,,,,,
hp_thomas_dill2,33,31.88,P66,bit score,16,16,CD47,false,,,,,
hp_thomas_dill2,33,31.88,P66,mean IDF,16,16,CD47,false,,,,9.87215167222628,MAP3K11
hp_thomas_dill2,33,31.88,P66,tf-idf,16,16,CD47,false,,,,44.929941562288064,COL1A2
hp_thomas_dill2,33,31.88,P66,enrichment,16,16,CD47,false,,,,19383.00000000031,MORN1
hp_thomas_dill2,33,31.88,P66,Poisson score,16,16,CD47,false,,,,307.6526555685888,COL1A2
hp_thomas_dill2,33,31.88,P66,Poisson p-value,16,16,CD47,false,,,,0.0,COL1A2
hp_thomas_dill2,33,31.88,P66,shared k-mers,16,16,CD47,false,,,,5.0,COL1A2
hp_thomas_dill2,33,31.88,P66,containment,16,16,CD47,false,,,,0.008849557522123894,COL1A2
hp_thomas_dill2,33,31.88,P66,protein enrichment,16,16,CD47,false,,,,166.2349914236725,COL1A2
hp_thomas_dill2,33,31.88,P66,protein Poisson p-value,16,16,CD47,false,,,,2.0006674095185417e-10,COL1A2
hp_thomas_dill2,33,31.88,BHF,E-value,41,41,,false,,,,,
hp_thomas_dill2,33,31.88,BHF,bit score,41,41,,false,,,,,
hp_thomas_dill2,33,31.88,BHF,mean IDF,41,41,,,,,,9.872151672226277,PHLPP2
hp_thomas_dill2,33,31.88,BHF,tf-idf,41,41,,,,,,91.47880715122061,NFE2L1
hp_thomas_dill2,33,31.88,BHF,enrichment,41,41,,,,,,19383.00000000031,SF1
hp_thomas_dill2,33,31.88,BHF,Poisson score,41,41,,,,,,307.6526555685888,NFE2L1
hp_thomas_dill2,33,31.88,BHF,Poisson p-value,41,41,,,,,,0.0,TRIP10
hp_thomas_dill2,33,31.88,BHF,shared k-mers,41,41,,,,,,11.0,NFE2L1
hp_thomas_dill2,33,31.88,BHF,containment,41,41,,,,,,0.05,NFE2L1
hp_thomas_dill2,33,31.88,BHF,protein enrichment,41,41,,,,,,715.4798657718154,NFE2L1
hp_thomas_dill2,33,31.88,BHF,protein Poisson p-value,41,41,,,,,,0.0,NFE2L1
hp_thomas_dill2,37,35.74,Ced9,E-value,0,0,BCL2,false,,,,,
hp_thomas_dill2,37,35.74,Ced9,bit score,0,0,BCL2,false,,,,,
hp_thomas_dill2,37,35.74,Ced9,mean IDF,0,0,BCL2,false,,,,,
hp_thomas_dill2,37,35.74,Ced9,tf-idf,0,0,BCL2,false,,,,,
hp_thomas_dill2,37,35.74,Ced9,enrichment,0,0,BCL2,false,,,,,
hp_thomas_dill2,37,35.74,Ced9,Poisson score,0,0,BCL2,false,,,,,
hp_thomas_dill2,37,35.74,Ced9,Poisson p-value,0,0,BCL2,false,,,,,
hp_thomas_dill2,37,35.74,Ced9,shared k-mers,0,0,BCL2,false,,,,,
hp_thomas_dill2,37,35.74,Ced9,containment,0,0,BCL2,false,,,,,
hp_thomas_dill2,37,35.74,Ced9,protein enrichment,0,0,BCL2,false,,,,,
hp_thomas_dill2,37,35.74,Ced9,protein Poisson p-value,0,0,BCL2,false,,,,,
hp_thomas_dill2,37,35.74,P66,E-value,1,1,CD47,false,,,,,
hp_thomas_dill2,37,35.74,P66,bit score,1,1,CD47,false,,,,,
hp_thomas_dill2,37,35.74,P66,mean IDF,1,1,CD47,false,,,,9.871738854221547,COL1A2
hp_thomas_dill2,37,35.74,P66,tf-idf,1,1,CD47,false,,,,9.871738854221547,COL1A2
hp_thomas_dill2,37,35.74,P66,enrichment,1,1,CD47,false,,,,19375.000000000116,COL1A2
hp_thomas_dill2,37,35.74,P66,Poisson score,1,1,CD47,false,,,,4.287252918729561,COL1A2
hp_thomas_dill2,37,35.74,P66,Poisson p-value,1,1,CD47,false,,,,0.00005161157130284533,COL1A2
hp_thomas_dill2,37,35.74,P66,shared k-mers,1,1,CD47,false,,,,1.0,COL1A2
hp_thomas_dill2,37,35.74,P66,containment,1,1,CD47,false,,,,0.0017825311942959,COL1A2
hp_thomas_dill2,37,35.74,P66,protein enrichment,1,1,CD47,false,,,,34.53654188948324,COL1A2
hp_thomas_dill2,37,35.74,P66,protein Poisson p-value,1,1,CD47,false,,,,0.02853966412178177,COL1A2
hp_thomas_dill2,37,35.74,BHF,E-value,7,7,,false,,,,,
hp_thomas_dill2,37,35.74,BHF,bit score,7,7,,false,,,,,
hp_thomas_dill2,37,35.74,BHF,mean IDF,7,7,,,,,,9.871738854221547,USP10
hp_thomas_dill2,37,35.74,BHF,tf-idf,7,7,,,,,,67.31041251032278,NFE2L1
hp_thomas_dill2,37,35.74,BHF,enrichment,7,7,,,,,,19374.999999999953,USP10
hp_thomas_dill2,37,35.74,BHF,Poisson score,7,7,,,,,,307.6526555685888,NFE2L1
hp_thomas_dill2,37,35.74,BHF,Poisson p-value,7,7,,,,,,0.0,NFE2L1
hp_thomas_dill2,37,35.74,BHF,shared k-mers,7,7,,,,,,7.0,NFE2L1
hp_thomas_dill2,37,35.74,BHF,containment,7,7,,,,,,0.032407407407407406,NFE2L1
hp_thomas_dill2,37,35.74,BHF,protein enrichment,7,7,,,,,,616.4772727272749,NFE2L1
hp_thomas_dill2,37,35.74,BHF,protein Poisson p-value,7,7,,,,,,0.0,NFE2L1
hp_thomas_dill2,41,39.61,Ced9,E-value,0,0,BCL2,false,,,,,
hp_thomas_dill2,41,39.61,Ced9,bit score,0,0,BCL2,false,,,,,
hp_thomas_dill2,41,39.61,Ced9,mean IDF,0,0,BCL2,false,,,,,
hp_thomas_dill2,41,39.61,Ced9,tf-idf,0,0,BCL2,false,,,,,
hp_thomas_dill2,41,39.61,Ced9,enrichment,0,0,BCL2,false,,,,,
hp_thomas_dill2,41,39.61,Ced9,Poisson score,0,0,BCL2,false,,,,,
hp_thomas_dill2,41,39.61,Ced9,Poisson p-value,0,0,BCL2,false,,,,,
hp_thomas_dill2,41,39.61,Ced9,shared k-mers,0,0,BCL2,false,,,,,
hp_thomas_dill2,41,39.61,Ced9,containment,0,0,BCL2,false,,,,,
hp_thomas_dill2,41,39.61,Ced9,protein enrichment,0,0,BCL2,false,,,,,
hp_thomas_dill2,41,39.61,Ced9,protein Poisson p-value,0,0,BCL2,false,,,,,
hp_thomas_dill2,41,39.61,P66,E-value,0,0,CD47,false,,,,,
hp_thomas_dill2,41,39.61,P66,bit score,0,0,CD47,false,,,,,
hp_thomas_dill2,41,39.61,P66,mean IDF,0,0,CD47,false,,,,,
hp_thomas_dill2,41,39.61,P66,tf-idf,0,0,CD47,false,,,,,
hp_thomas_dill2,41,39.61,P66,enrichment,0,0,CD47,false,,,,,
hp_thomas_dill2,41,39.61,P66,Poisson score,0,0,CD47,false,,,,,
hp_thomas_dill2,41,39.61,P66,Poisson p-value,0,0,CD47,false,,,,,
hp_thomas_dill2,41,39.61,P66,shared k-mers,0,0,CD47,false,,,,,
hp_thomas_dill2,41,39.61,P66,containment,0,0,CD47,false,,,,,
hp_thomas_dill2,41,39.61,P66,protein enrichment,0,0,CD47,false,,,,,
hp_thomas_dill2,41,39.61,P66,protein Poisson p-value,0,0,CD47,false,,,,,
hp_thomas_dill2,41,39.61,BHF,E-value,1,1,,false,,,,,
hp_thomas_dill2,41,39.61,BHF,bit score,1,1,,false,,,,,
hp_thomas_dill2,41,39.61,BHF,mean IDF,1,1,,,,,,9.871480756401041,NFE2L1
hp_thomas_dill2,41,39.61,BHF,tf-idf,1,1,,,,,,29.614442269203124,NFE2L1
hp_thomas_dill2,41,39.61,BHF,enrichment,1,1,,,,,,19370.000000000022,NFE2L1
hp_thomas_dill2,41,39.61,BHF,Poisson score,1,1,,,,,,12.208189125699443,NFE2L1
hp_thomas_dill2,41,39.61,BHF,Poisson p-value,1,1,,,,,,6.191713808334498e-13,NFE2L1
hp_thomas_dill2,41,39.61,BHF,shared k-mers,1,1,,,,,,3.0,NFE2L1
hp_thomas_dill2,41,39.61,BHF,containment,1,1,,,,,,0.014150943396226415,NFE2L1
hp_thomas_dill2,41,39.61,BHF,protein enrichment,1,1,,,,,,274.1037735849046,NFE2L1
hp_thomas_dill2,41,39.61,BHF,protein Poisson p-value,1,1,,,,,,2.16722254364754e-7,NFE2L1
hp_kyte_doolittle2,17,15.93,Ced9,E-value,46813,13945,BCL2,false,,,,1.5477373720471164,BTD
hp_kyte_doolittle2,17,15.93,Ced9,bit score,46813,13945,BCL2,false,,,,30.81011002373474,BTD
hp_kyte_doolittle2,17,15.93,Ced9,mean IDF,46813,13945,BCL2,true,12570,0,8.406720271982593,757.3549849153106,CILK1
hp_kyte_doolittle2,17,15.93,Ced9,tf-idf,46813,13945,BCL2,true,12719,2,16.813440543965186,850.9901271447541,ZFHX4
hp_kyte_doolittle2,17,15.93,Ced9,enrichment,46813,13945,BCL2,true,7705,0,10.80300500834723,3882.5999999946944,CGREF1
hp_kyte_doolittle2,17,15.93,Ced9,Poisson score,46813,13945,BCL2,true,7624,1,1.8192440080510868,307.6526555685888,USH1G
hp_kyte_doolittle2,17,15.93,Ced9,Poisson p-value,46813,13945,BCL2,true,7624,1,0.015161982531731177,0.0,NBEAL1
hp_kyte_doolittle2,17,15.93,Ced9,shared k-mers,46813,13945,BCL2,true,7252,3305,2.0,18.0,LDB1
hp_kyte_doolittle2,17,15.93,Ced9,containment,46813,13945,BCL2,true,9626,2036,0.007633587786259542,0.4389312977099237,TTN
hp_kyte_doolittle2,17,15.93,Ced9,protein enrichment,46813,13945,BCL2,true,9626,2036,0.4601709077548504,26.4598271959039,TTN
hp_kyte_doolittle2,17,15.93,Ced9,protein Poisson p-value,46813,13945,BCL2,true,9626,2036,0.9307355270145846,0.0,USP42
hp_kyte_doolittle2,17,15.93,P66,E-value,140825,17023,CD47,true,1214,0,1924.8633428761236,0.47893692055376486,NLRP1
hp_kyte_doolittle2,17,15.93,P66,bit score,140825,17023,CD47,true,1214,0,21.622034507585216,33.59466725622335,NLRP1
hp_kyte_doolittle2,17,15.93,P66,mean IDF,140825,17023,CD47,true,10008,0,94.8534470743034,1010.3970533678311,U2SURP
hp_kyte_doolittle2,17,15.93,P66,tf-idf,140825,17023,CD47,true,12489,0,94.8534470743034,1065.0569685899839,PPM1G
hp_kyte_doolittle2,17,15.93,P66,enrichment,140825,17023,CD47,true,10923,1,12.721494102228084,2156.999999996226,SLC12A2
hp_kyte_doolittle2,17,15.93,P66,Poisson score,140825,17023,CD47,true,14375,0,1.1214956315114715,307.6526555685888,TPP2
hp_kyte_doolittle2,17,15.93,P66,Poisson p-value,140825,17023,CD47,true,14375,0,0.07559696644608604,0.0,IL22RA1
hp_kyte_doolittle2,17,15.93,P66,shared k-mers,140825,17023,CD47,true,14992,2031,1.0,23.0,MBD6
hp_kyte_doolittle2,17,15.93,P66,containment,140825,17023,CD47,true,12567,999,0.007142857142857143,0.4928571428571429,TTN
hp_kyte_doolittle2,17,15.93,P66,protein enrichment,140825,17023,CD47,true,12567,999,0.34548544682820065,23.838495831145845,TTN
hp_kyte_doolittle2,17,15.93,P66,protein Poisson p-value,140825,17023,CD47,true,12567,999,0.9968301570977391,0.0,USF3
hp_kyte_doolittle2,17,15.93,BHF,E-value,108905,16038,,,,,,13.052180496522658,TTC28
hp_kyte_doolittle2,17,15.93,BHF,bit score,108905,16038,,,,,,27.58204868033643,TTC28
hp_kyte_doolittle2,17,15.93,BHF,mean IDF,108905,16038,,,,,,872.8949694392013,COL1A2
hp_kyte_doolittle2,17,15.93,BHF,tf-idf,108905,16038,,,,,,875.9227877876626,ABRA
hp_kyte_doolittle2,17,15.93,BHF,enrichment,108905,16038,,,,,,1294.199999999719,SEC11C
hp_kyte_doolittle2,17,15.93,BHF,Poisson score,108905,16038,,,,,,307.6526555685888,ZFP1
hp_kyte_doolittle2,17,15.93,BHF,Poisson p-value,108905,16038,,,,,,0.0,KALRN
hp_kyte_doolittle2,17,15.93,BHF,shared k-mers,108905,16038,,,,,,24.0,NFE2L1
hp_kyte_doolittle2,17,15.93,BHF,containment,108905,16038,,,,,,0.6594827586206896,TTN
hp_kyte_doolittle2,17,15.93,BHF,protein enrichment,108905,16038,,,,,,14.542071403391953,TTN
hp_kyte_doolittle2,17,15.93,BHF,protein Poisson p-value,108905,16038,,,,,,0.0,RAI1
hp_kyte_doolittle2,21,19.68,Ced9,E-value,3517,2866,BCL2,false,,,,3.682473223287342,ABCA1
hp_kyte_doolittle2,21,19.68,Ced9,bit score,3517,2866,BCL2,false,,,,29.591022483778232,ABCA1
hp_kyte_doolittle2,21,19.68,Ced9,mean IDF,3517,2866,BCL2,false,,,,817.2279405273861,BRAF
hp_kyte_doolittle2,21,19.68,Ced9,tf-idf,3517,2866,BCL2,false,,,,817.2279405273861,BRAF
hp_kyte_doolittle2,21,19.68,Ced9,enrichment,3517,2866,BCL2,false,,,,12941.333333331988,AGGF1
hp_kyte_doolittle2,21,19.68,Ced9,Poisson score,3517,2866,BCL2,false,,,,307.6526555685888,NEDD4
hp_kyte_doolittle2,21,19.68,Ced9,Poisson p-value,3517,2866,BCL2,false,,,,0.0,ABCC11
hp_kyte_doolittle2,21,19.68,Ced9,shared k-mers,3517,2866,BCL2,false,,,,14.0,LDB1
hp_kyte_doolittle2,21,19.68,Ced9,containment,3517,2866,BCL2,false,,,,0.08461538461538462,TTN
hp_kyte_doolittle2,21,19.68,Ced9,protein enrichment,3517,2866,BCL2,false,,,,56.30375741595259,TTN
hp_kyte_doolittle2,21,19.68,Ced9,protein Poisson p-value,3517,2866,BCL2,false,,,,0.0,ZC3H6
hp_kyte_doolittle2,21,19.68,P66,E-value,29354,7972,CD47,false,,,,13.399292894926978,OBSL1
hp_kyte_doolittle2,21,19.68,P66,bit score,29354,7972,CD47,false,,,,28.819916659057526,OBSL1
hp_kyte_doolittle2,21,19.68,P66,mean IDF,29354,7972,CD47,false,,,,1538.9136645932692,U2SURP
hp_kyte_doolittle2,21,19.68,P66,tf-idf,29354,7972,CD47,false,,,,1558.5694776902144,SRRM2
hp_kyte_doolittle2,21,19.68,P66,enrichment,29354,7972,CD47,false,,,,9706.00000000422,MC5R
hp_kyte_doolittle2,21,19.68,P66,Poisson score,29354,7972,CD47,false,,,,307.6526555685888,RRM1
hp_kyte_doolittle2,21,19.68,P66,Poisson p-value,29354,7972,CD47,false,,,,0.0,TDRD1
hp_kyte_doolittle2,21,19.68,P66,shared k-mers,29354,7972,CD47,false,,,,19.0,MBD6
hp_kyte_doolittle2,21,19.68,P66,containment,29354,7972,CD47,false,,,,0.08787346221441125,MUC16
hp_kyte_doolittle2,21,19.68,P66,protein enrichment,29354,7972,CD47,false,,,,20.90773969799454,MUC16
hp_kyte_doolittle2,21,19.68,P66,protein Poisson p-value,29354,7972,CD47,false,,,,0.0,ANK3
hp_kyte_doolittle2,21,19.68,BHF,E-value,21608,7983,,,,,,10.329084979665772,TTC28
hp_kyte_doolittle2,21,19.68,BHF,bit score,21608,7983,,,,,,27.95105387417992,TTC28
hp_kyte_doolittle2,21,19.68,BHF,mean IDF,21608,7983,,,,,,1303.3182314821968,TRIOBP
hp_kyte_doolittle2,21,19.68,BHF,tf-idf,21608,7983,,,,,,1333.7343473987264,ITPKC
hp_kyte_doolittle2,21,19.68,BHF,enrichment,21608,7983,,,,,,19411.99999999798,MARS1
hp_kyte_doolittle2,21,19.68,BHF,Poisson score,21608,7983,,,,,,307.6526555685888,ACTR5
hp_kyte_doolittle2,21,19.68,BHF,Poisson p-value,21608,7983,,,,,,0.0,MUC16
hp_kyte_doolittle2,21,19.68,BHF,shared k-mers,21608,7983,,,,,,23.0,NFE2L1
hp_kyte_doolittle2,21,19.68,BHF,containment,21608,7983,,,,,,0.27586206896551724,MUC16
hp_kyte_doolittle2,21,19.68,BHF,protein enrichment,21608,7983,,,,,,26.774018361277534,MUC16
hp_kyte_doolittle2,21,19.68,BHF,protein Poisson p-value,21608,7983,,,,,,0.0,AFF4
hp_kyte_doolittle2,26,24.36,Ced9,E-value,186,181,BCL2,false,,,,13.144655803865074,SETD1B
hp_kyte_doolittle2,26,24.36,Ced9,bit score,186,181,BCL2,false,,,,27.75476109189148,SETD1B
hp_kyte_doolittle2,26,24.36,Ced9,mean IDF,186,181,BCL2,false,,,,431.84674559035466,PCNX2
hp_kyte_doolittle2,26,24.36,Ced9,tf-idf,186,181,BCL2,false,,,,534.9688514376548,CLIP1
hp_kyte_doolittle2,26,24.36,Ced9,enrichment,186,181,BCL2,false,,,,19399.00000000034,LRRK2
hp_kyte_doolittle2,26,24.36,Ced9,Poisson score,186,181,BCL2,false,,,,307.6526555685888,POLK
hp_kyte_doolittle2,26,24.36,Ced9,Poisson p-value,186,181,BCL2,false,,,,0.0,SKIC8
hp_kyte_doolittle2,26,24.36,Ced9,shared k-mers,186,181,BCL2,false,,,,9.0,LDB1
hp_kyte_doolittle2,26,24.36,Ced9,containment,186,181,BCL2,false,,,,0.03529411764705882,LDB1
hp_kyte_doolittle2,26,24.36,Ced9,protein enrichment,186,181,BCL2,false,,,,326.3383177570095,LDB1
hp_kyte_doolittle2,26,24.36,Ced9,protein Poisson p-value,186,181,BCL2,false,,,,0.0,LDB1
hp_kyte_doolittle2,26,24.36,P66,E-value,3955,2177,CD47,false,,,,18.8086553956675,OBSL1
hp_kyte_doolittle2,26,24.36,P66,bit score,3955,2177,CD47,false,,,,28.330144845020374,OBSL1
hp_kyte_doolittle2,26,24.36,P66,mean IDF,3955,2177,CD47,false,,,,1139.4941487466067,SAMD15
hp_kyte_doolittle2,26,24.36,P66,tf-idf,3955,2177,CD47,false,,,,1249.264075561944,SRRM2
hp_kyte_doolittle2,26,24.36,P66,enrichment,3955,2177,CD47,false,,,,19399.00000000034,RALYL
hp_kyte_doolittle2,26,24.36,P66,Poisson score,3955,2177,CD47,false,,,,307.6526555685888,RAPH1
hp_kyte_doolittle2,26,24.36,P66,Poisson p-value,3955,2177,CD47,false,,,,0.0,EQTN
hp_kyte_doolittle2,26,24.36,P66,shared k-mers,3955,2177,CD47,false,,,,15.0,DSCC1
hp_kyte_doolittle2,26,24.36,P66,containment,3955,2177,CD47,false,,,,0.033216783216783216,SRRM2
hp_kyte_doolittle2,26,24.36,P66,protein enrichment,3955,2177,CD47,false,,,,43.14421163525659,SRRM2
hp_kyte_doolittle2,26,24.36,P66,protein Poisson p-value,3955,2177,CD47,false,,,,0.0,CARMIL3
hp_kyte_doolittle2,26,24.36,BHF,E-value,2752,1818,,,,,,9.603001171764173,TTC28
hp_kyte_doolittle2,26,24.36,BHF,bit score,2752,1818,,,,,,28.055677104806815,TTC28
hp_kyte_doolittle2,26,24.36,BHF,mean IDF,2752,1818,,,,,,965.876011929927,COL5A3
hp_kyte_doolittle2,26,24.36,BHF,tf-idf,2752,1818,,,,,,1049.982793979074,SRRM2
hp_kyte_doolittle2,26,24.36,BHF,enrichment,2752,1818,,,,,,19398.999999989894,ZMPSTE24
hp_kyte_doolittle2,26,24.36,BHF,Poisson score,2752,1818,,,,,,307.6526555685888,CPSF6
hp_kyte_doolittle2,26,24.36,BHF,Poisson p-value,2752,1818,,,,,,0.0,DVL1
hp_kyte_doolittle2,26,24.36,BHF,shared k-mers,2752,1818,,,,,,18.0,NFE2L1
hp_kyte_doolittle2,26,24.36,BHF,containment,2752,1818,,,,,,0.1013215859030837,PRICKLE3
hp_kyte_doolittle2,26,24.36,BHF,protein enrichment,2752,1818,,,,,,75.15192858345955,PRICKLE3
hp_kyte_doolittle2,26,24.36,BHF,protein Poisson p-value,2752,1818,,,,,,0.0,USP10
hp_kyte_doolittle2,30,28.11,Ced9,E-value,14,14,BCL2,false,,,,2.648700785031185,RP1
hp_kyte_doolittle2,30,28.11,Ced9,bit score,14,14,BCL2,false,,,,30.059181973463488,RP1
hp_kyte_doolittle2,30,28.11,Ced9,mean IDF,14,14,BCL2,false,,,,124.35301121453884,ARID1B
hp_kyte_doolittle2,30,28.11,Ced9,tf-idf,14,14,BCL2,false,,,,124.35301121453884,ANKLE2
hp_kyte_doolittle2,30,28.11,Ced9,enrichment,14,14,BCL2,false,,,,19389.000000000062,ZNF732
hp_kyte_doolittle2,30,28.11,Ced9,Poisson score,14,14,BCL2,false,,,,15.47746851547134,LDB1
hp_kyte_doolittle2,30,28.11,Ced9,Poisson p-value,14,14,BCL2,false,,,,3.3306690738754696e-16,LDB1
hp_kyte_doolittle2,30,28.11,Ced9,shared k-mers,14,14,BCL2,false,,,,5.0,LDB1
hp_kyte_doolittle2,30,28.11,Ced9,containment,14,14,BCL2,false,,,,0.0199203187250996,LDB1
hp_kyte_doolittle2,30,28.11,Ced9,protein enrichment,14,14,BCL2,false,,,,375.75581395348934,LDB1
hp_kyte_doolittle2,30,28.11,Ced9,protein Poisson p-value,14,14,BCL2,false,,,,3.4381386626591848e-12,LDB1
hp_kyte_doolittle2,30,28.11,P66,E-value,408,352,CD47,false,,,,3.3479223741292508,PDE2A
hp_kyte_doolittle2,30,28.11,P66,bit score,408,352,CD47,false,,,,30.813504876664986,PDE2A
hp_kyte_doolittle2,30,28.11,P66,mean IDF,408,352,CD47,false,,,,336.50150784987017,DYNC2I1
hp_kyte_doolittle2,30,28.11,P66,tf-idf,408,352,CD47,false,,,,394.3499805323363,SRSF12
hp_kyte_doolittle2,30,28.11,P66,enrichment,408,352,CD47,false,,,,19389.000000000062,ELP5
hp_kyte_doolittle2,30,28.11,P66,Poisson score,408,352,CD47,false,,,,307.6526555685888,MBD6
hp_kyte_doolittle2,30,28.11,P66,Poisson p-value,408,352,CD47,false,,,,0.0,ZIM3
hp_kyte_doolittle2,30,28.11,P66,shared k-mers,408,352,CD47,false,,,,11.0,DSCC1
hp_kyte_doolittle2,30,28.11,P66,containment,408,352,CD47,false,,,,0.01936619718309859,DSCC1
hp_kyte_doolittle2,30,28.11,P66,protein enrichment,408,352,CD47,false,,,,148.31641168289312,DSCC1
hp_kyte_doolittle2,30,28.11,P66,protein Poisson p-value,408,352,CD47,false,,,,0.0,MBD6
hp_kyte_doolittle2,30,28.11,BHF,E-value,350,305,,,,,,5.6923274834402395,ZDBF2
hp_kyte_doolittle2,30,28.11,BHF,bit score,350,305,,,,,,28.8034450929718,ZDBF2
hp_kyte_doolittle2,30,28.11,BHF,mean IDF,350,305,,,,,,463.51872780922713,ZC3H4
hp_kyte_doolittle2,30,28.11,BHF,tf-idf,350,305,,,,,,627.6131464167579,RBMXL3
hp_kyte_doolittle2,30,28.11,BHF,enrichment,350,305,,,,,,5539.7142857143035,PCLO
hp_kyte_doolittle2,30,28.11,BHF,Poisson score,350,305,,,,,,307.6526555685888,FNDC3A
hp_kyte_doolittle2,30,28.11,BHF,Poisson p-value,350,305,,,,,,0.0,NFE2L1
hp_kyte_doolittle2,30,28.11,BHF,shared k-mers,350,305,,,,,,14.0,NFE2L1
hp_kyte_doolittle2,30,28.11,BHF,containment,350,305,,,,,,0.06278026905829596,NFE2L1
hp_kyte_doolittle2,30,28.11,BHF,protein enrichment,350,305,,,,,,288.15923566878996,NFE2L1
hp_kyte_doolittle2,30,28.11,BHF,protein Poisson p-value,350,305,,,,,,0.0,TRIP10
hp_kyte_doolittle2,34,31.86,Ced9,E-value,1,1,BCL2,false,,,,2.828336254255131,LDB1
hp_kyte_doolittle2,34,31.86,Ced9,bit score,1,1,BCL2,false,,,,29.95617383401535,LDB1
hp_kyte_doolittle2,34,31.86,Ced9,mean IDF,1,1,BCL2,false,,,,9.87194528452625,LDB1
hp_kyte_doolittle2,34,31.86,Ced9,tf-idf,1,1,BCL2,false,,,,9.87194528452625,LDB1
hp_kyte_doolittle2,34,31.86,Ced9,enrichment,1,1,BCL2,false,,,,668.2413793103445,LDB1
hp_kyte_doolittle2,34,31.86,Ced9,Poisson score,1,1,BCL2,false,,,,2.8252582775975097,LDB1
hp_kyte_doolittle2,34,31.86,Ced9,Poisson p-value,1,1,BCL2,false,,,,0.0014953461000924984,LDB1
hp_kyte_doolittle2,34,31.86,Ced9,shared k-mers,1,1,BCL2,false,,,,1.0,LDB1
hp_kyte_doolittle2,34,31.86,Ced9,containment,1,1,BCL2,false,,,,0.004048582995951417,LDB1
hp_kyte_doolittle2,34,31.86,Ced9,protein enrichment,1,1,BCL2,false,,,,78.45748987854249,LDB1
hp_kyte_doolittle2,34,31.86,Ced9,protein Poisson p-value,1,1,BCL2,false,,,,0.01266487257417881,LDB1
hp_kyte_doolittle2,34,31.86,P66,E-value,86,72,CD47,false,,,,6.028958604432929,MBD6
hp_kyte_doolittle2,34,31.86,P66,bit score,86,72,CD47,false,,,,29.956522763615272,MBD6
hp_kyte_doolittle2,34,31.86,P66,mean IDF,86,72,CD47,false,,,,211.98336882510637,SRSF12
hp_kyte_doolittle2,34,31.86,P66,tf-idf,86,72,CD47,false,,,,211.98336882510637,SRSF12
hp_kyte_doolittle2,34,31.86,P66,enrichment,86,72,CD47,false,,,,19378.999999999993,RAPH1
hp_kyte_doolittle2,34,31.86,P66,Poisson score,86,72,CD47,false,,,,307.6526555685888,MBD6
hp_kyte_doolittle2,34,31.86,P66,Poisson p-value,86,72,CD47,false,,,,0.0,DSCC1
hp_kyte_doolittle2,34,31.86,P66,shared k-mers,86,72,CD47,false,,,,7.0,DSCC1
hp_kyte_doolittle2,34,31.86,P66,containment,86,72,CD47,false,,,,0.012411347517730497,DSCC1
hp_kyte_doolittle2,34,31.86,P66,protein enrichment,86,72,CD47,false,,,,209.66460587326205,DSCC1
hp_kyte_doolittle2,34,31.86,P66,protein Poisson p-value,86,72,CD47,false,,,,8.881784197001252e-15,DSCC1
hp_kyte_doolittle2,34,31.86,BHF,E-value,47,45,,false,,,,,
hp_kyte_doolittle2,34,31.86,BHF,bit score,47,45,,false,,,,,
hp_kyte_doolittle2,34,31.86,BHF,mean IDF,47,45,,,,,,222.85320522959682,COL5A3
hp_kyte_doolittle2,34,31.86,BHF,tf-idf,47,45,,,,,,321.5726580748593,RBMXL3
hp_kyte_doolittle2,34,31.86,BHF,enrichment,47,45,,,,,,3768.1388888888873,FNDC3A
hp_kyte_doolittle2,34,31.86,BHF,Poisson score,47,45,,,,,,307.6526555685888,USP10
hp_kyte_doolittle2,34,31.86,BHF,Poisson p-value,47,45,,,,,,0.0,NFE2L1
hp_kyte_doolittle2,34,31.86,BHF,shared k-mers,47,45,,,,,,10.0,NFE2L1
hp_kyte_doolittle2,34,31.86,BHF,containment,47,45,,,,,,0.045662100456621,NFE2L1
hp_kyte_doolittle2,34,31.86,BHF,protein enrichment,47,45,,,,,,654.6959459459457,NFE2L1
hp_kyte_doolittle2,34,31.86,BHF,protein Poisson p-value,47,45,,,,,,0.0,USP10
hp_kyte_doolittle2,38,35.61,Ced9,E-value,0,0,BCL2,false,,,,,
hp_kyte_doolittle2,38,35.61,Ced9,bit score,0,0,BCL2,false,,,,,
hp_kyte_doolittle2,38,35.61,Ced9,mean IDF,0,0,BCL2,false,,,,,
hp_kyte_doolittle2,38,35.61,Ced9,tf-idf,0,0,BCL2,false,,,,,
hp_kyte_doolittle2,38,35.61,Ced9,enrichment,0,0,BCL2,false,,,,,
hp_kyte_doolittle2,38,35.61,Ced9,Poisson score,0,0,BCL2,false,,,,,
hp_kyte_doolittle2,38,35.61,Ced9,Poisson p-value,0,0,BCL2,false,,,,,
hp_kyte_doolittle2,38,35.61,Ced9,shared k-mers,0,0,BCL2,false,,,,,
hp_kyte_doolittle2,38,35.61,Ced9,containment,0,0,BCL2,false,,,,,
hp_kyte_doolittle2,38,35.61,Ced9,protein enrichment,0,0,BCL2,false,,,,,
hp_kyte_doolittle2,38,35.61,Ced9,protein Poisson p-value,0,0,BCL2,false,,,,,
hp_kyte_doolittle2,38,35.61,P66,E-value,3,3,CD47,false,,,,19.30385010872343,MBD6
hp_kyte_doolittle2,38,35.61,P66,bit score,3,3,CD47,false,,,,28.268514639483254,MBD6
hp_kyte_doolittle2,38,35.61,P66,mean IDF,3,3,CD47,false,,,,9.871532381294578,MBD6
hp_kyte_doolittle2,38,35.61,P66,tf-idf,3,3,CD47,false,,,,29.614597143883728,DSCC1
hp_kyte_doolittle2,38,35.61,P66,enrichment,3,3,CD47,false,,,,19371.000000000164,DSCC1
hp_kyte_doolittle2,38,35.61,P66,Poisson score,3,3,CD47,false,,,,12.20826700510105,DSCC1
hp_kyte_doolittle2,38,35.61,P66,Poisson p-value,3,3,CD47,false,,,,6.190603585309873e-13,DSCC1
hp_kyte_doolittle2,38,35.61,P66,shared k-mers,3,3,CD47,false,,,,3.0,DSCC1
hp_kyte_doolittle2,38,35.61,P66,containment,3,3,CD47,false,,,,0.005357142857142857,DSCC1
hp_kyte_doolittle2,38,35.61,P66,protein enrichment,3,3,CD47,false,,,,103.77321428571344,DSCC1
hp_kyte_doolittle2,38,35.61,P66,protein Poisson p-value,3,3,CD47,false,,,,3.9404624745387196e-6,DSCC1
hp_kyte_doolittle2,38,35.61,BHF,E-value,5,5,,false,,,,,
hp_kyte_doolittle2,38,35.61,BHF,bit score,5,5,,false,,,,,
hp_kyte_doolittle2,38,35.61,BHF,mean IDF,5,5,,,,,,108.58685619424033,TRIP10
hp_kyte_doolittle2,38,35.61,BHF,tf-idf,5,5,,,,,,108.58685619424033,TRIP10
hp_kyte_doolittle2,38,35.61,BHF,enrichment,5,5,,,,,,9685.5,NFE2L1
hp_kyte_doolittle2,38,35.61,BHF,Poisson score,5,5,,,,,,307.6526555685888,NFE2L1
hp_kyte_doolittle2,38,35.61,BHF,Poisson p-value,5,5,,,,,,0.0,NFE2L1
hp_kyte_doolittle2,38,35.61,BHF,shared k-mers,5,5,,,,,,6.0,NFE2L1
hp_kyte_doolittle2,38,35.61,BHF,containment,5,5,,,,,,0.027906976744186046,NFE2L1
hp_kyte_doolittle2,38,35.61,BHF,protein enrichment,5,5,,,,,,540.5860465116308,NFE2L1
hp_kyte_doolittle2,38,35.61,BHF,protein Poisson p-value,5,5,,,,,,2.55351295663786e-15,NFE2L1
hp_kyte_doolittle2,43,40.29,Ced9,E-value,0,0,BCL2,false,,,,,
hp_kyte_doolittle2,43,40.29,Ced9,bit score,0,0,BCL2,false,,,,,
hp_kyte_doolittle2,43,40.29,Ced9,mean IDF,0,0,BCL2,false,,,,,
hp_kyte_doolittle2,43,40.29,Ced9,tf-idf,0,0,BCL2,false,,,,,
hp_kyte_doolittle2,43,40.29,Ced9,enrichment,0,0,BCL2,false,,,,,
hp_kyte_doolittle2,43,40.29,Ced9,Poisson score,0,0,BCL2,false,,,,,
hp_kyte_doolittle2,43,40.29,Ced9,Poisson p-value,0,0,BCL2,false,,,,,
hp_kyte_doolittle2,43,40.29,Ced9,shared k-mers,0,0,BCL2,false,,,,,
hp_kyte_doolittle2,43,40.29,Ced9,containment,0,0,BCL2,false,,,,,
hp_kyte_doolittle2,43,40.29,Ced9,protein enrichment,0,0,BCL2,false,,,,,
hp_kyte_doolittle2,43,40.29,Ced9,protein Poisson p-value,0,0,BCL2,false,,,,,
hp_kyte_doolittle2,43,40.29,P66,E-value,0,0,CD47,false,,,,,
hp_kyte_doolittle2,43,40.29,P66,bit score,0,0,CD47,false,,,,,
hp_kyte_doolittle2,43,40.29,P66,mean IDF,0,0,CD47,false,,,,,
hp_kyte_doolittle2,43,40.29,P66,tf-idf,0,0,CD47,false,,,,,
hp_kyte_doolittle2,43,40.29,P66,enrichment,0,0,CD47,false,,,,,
hp_kyte_doolittle2,43,40.29,P66,Poisson score,0,0,CD47,false,,,,,
hp_kyte_doolittle2,43,40.29,P66,Poisson p-value,0,0,CD47,false,,,,,
hp_kyte_doolittle2,43,40.29,P66,shared k-mers,0,0,CD47,false,,,,,
hp_kyte_doolittle2,43,40.29,P66,containment,0,0,CD47,false,,,,,
hp_kyte_doolittle2,43,40.29,P66,protein enrichment,0,0,CD47,false,,,,,
hp_kyte_doolittle2,43,40.29,P66,protein Poisson p-value,0,0,CD47,false,,,,,
hp_kyte_doolittle2,43,40.29,BHF,E-value,1,1,,false,,,,,
hp_kyte_doolittle2,43,40.29,BHF,bit score,1,1,,false,,,,,
hp_kyte_doolittle2,43,40.29,BHF,mean IDF,1,1,,,,,,9.871222591948852,NFE2L1
hp_kyte_doolittle2,43,40.29,BHF,tf-idf,1,1,,,,,,9.871222591948852,NFE2L1
hp_kyte_doolittle2,43,40.29,BHF,enrichment,1,1,,,,,,19365.0,NFE2L1
hp_kyte_doolittle2,43,40.29,BHF,Poisson score,1,1,,,,,,4.287028714660937,NFE2L1
hp_kyte_doolittle2,43,40.29,BHF,Poisson p-value,1,1,,,,,,0.00005163822260090267,NFE2L1
hp_kyte_doolittle2,43,40.29,BHF,shared k-mers,1,1,,,,,,1.0,NFE2L1
hp_kyte_doolittle2,43,40.29,BHF,containment,1,1,,,,,,0.004761904761904762,NFE2L1
hp_kyte_doolittle2,43,40.29,BHF,protein enrichment,1,1,,,,,,92.21428571428528,NFE2L1
hp_kyte_doolittle2,43,40.29,BHF,protein Poisson p-value,1,1,,,,,,0.010785719216239387,NFE2L1
hp_thomas_dill_no_c2,17,16.15,Ced9,E-value,25870,11276,BCL2,false,,,,1.0229702726980459,POLL
hp_thomas_dill_no_c2,17,16.15,Ced9,bit score,25870,11276,BCL2,false,,,,31.414157326268764,POLL
hp_thomas_dill_no_c2,17,16.15,Ced9,mean IDF,25870,11276,BCL2,false,,,,572.4056360537174,TMF1
hp_thomas_dill_no_c2,17,16.15,Ced9,tf-idf,25870,11276,BCL2,false,,,,713.5669984730965,RPGR
hp_thomas_dill_no_c2,17,16.15,Ced9,enrichment,25870,11276,BCL2,false,,,,1940.1000000000136,PTPRO
hp_thomas_dill_no_c2,17,16.15,Ced9,Poisson score,25870,11276,BCL2,false,,,,307.6526555685888,DOCK7
hp_thomas_dill_no_c2,17,16.15,Ced9,Poisson p-value,25870,11276,BCL2,false,,,,0.0,MECP2
hp_thomas_dill_no_c2,17,16.15,Ced9,shared k-mers,25870,11276,BCL2,false,,,,17.0,MYH16
hp_thomas_dill_no_c2,17,16.15,Ced9,containment,25870,11276,BCL2,false,,,,0.2840909090909091,TTN
hp_thomas_dill_no_c2,17,16.15,Ced9,protein enrichment,25870,11276,BCL2,false,,,,28.24565660487238,TTN
hp_thomas_dill_no_c2,17,16.15,Ced9,protein Poisson p-value,25870,11276,BCL2,false,,,,0.0,NEB
hp_thomas_dill_no_c2,17,16.15,P66,E-value,97331,15844,CD47,true,10451,32,65550.21016901471,1.4598274700948994,IPO8
hp_thomas_dill_no_c2,17,16.15,P66,bit score,97331,15844,CD47,true,10451,32,16.538912866249913,31.993427777791723,IPO8
hp_thomas_dill_no_c2,17,16.15,P66,mean IDF,97331,15844,CD47,true,11380,0,34.980354614424414,846.301080831906,COL1A2
hp_thomas_dill_no_c2,17,16.15,P66,tf-idf,97331,15844,CD47,true,13175,1,34.980354614424414,846.301080831906,COL1A2
hp_thomas_dill_no_c2,17,16.15,P66,enrichment,97331,15844,CD47,true,12271,0,9.040540540540539,1940.0999999966705,HERPUD2
hp_thomas_dill_no_c2,17,16.15,P66,Poisson score,97331,15844,CD47,true,14239,0,0.979992293491716,307.6526555685888,SNX20
hp_thomas_dill_no_c2,17,16.15,P66,Poisson p-value,97331,15844,CD47,true,14239,0,0.10471471293978074,0.0,STRADA
hp_thomas_dill_no_c2,17,16.15,P66,shared k-mers,97331,15844,CD47,true,13382,2462,1.0,19.0,SETD5
hp_thomas_dill_no_c2,17,16.15,P66,containment,97331,15844,CD47,true,14206,1638,0.0017574692442882249,0.3427065026362039,TTN
hp_thomas_dill_no_c2,17,16.15,P66,protein enrichment,97331,15844,CD47,true,14206,1638,0.12935121043823797,25.223486035456407,TTN
hp_thomas_dill_no_c2,17,16.15,P66,protein Poisson p-value,97331,15844,CD47,true,14206,1638,0.9995609468845528,0.0,USP28
hp_thomas_dill_no_c2,17,16.15,BHF,E-value,85973,14993,,,,,,3.189976947521446,LRIG3
hp_thomas_dill_no_c2,17,16.15,BHF,bit score,85973,14993,,,,,,29.62137245575797,LRIG3
hp_thomas_dill_no_c2,17,16.15,BHF,mean IDF,85973,14993,,,,,,809.9947465163682,NFX1
hp_thomas_dill_no_c2,17,16.15,BHF,tf-idf,85973,14993,,,,,,873.1553887370883,WIPF2
hp_thomas_dill_no_c2,17,16.15,BHF,enrichment,85973,14993,,,,,,776.0400000002729,ACACA
hp_thomas_dill_no_c2,17,16.15,BHF,Poisson score,85973,14993,,,,,,307.6526555685888,BIRC6
hp_thomas_dill_no_c2,17,16.15,BHF,Poisson p-value,85973,14993,,,,,,0.0,TUBB1
hp_thomas_dill_no_c2,17,16.15,BHF,shared k-mers,85973,14993,,,,,,24.0,NFE2L1
hp_thomas_dill_no_c2,17,16.15,BHF,containment,85973,14993,,,,,,0.5172413793103449,TTN
hp_thomas_dill_no_c2,17,16.15,BHF,protein enrichment,85973,14993,,,,,,14.012242023725692,TTN
hp_thomas_dill_no_c2,17,16.15,BHF,protein Poisson p-value,85973,14993,,,,,,0.0,KIF21A
hp_thomas_dill_no_c2,21,19.95,Ced9,E-value,1916,1735,BCL2,false,,,,2465.794000994249,POLL
hp_thomas_dill_no_c2,21,19.95,Ced9,bit score,1916,1735,BCL2,false,,,,20.206431330371885,POLL
hp_thomas_dill_no_c2,21,19.95,Ced9,mean IDF,1916,1735,BCL2,false,,,,859.4722920181132,POLL
hp_thomas_dill_no_c2,21,19.95,Ced9,tf-idf,1916,1735,BCL2,false,,,,859.4722920181132,POLL
hp_thomas_dill_no_c2,21,19.95,Ced9,enrichment,1916,1735,BCL2,false,,,,19401.000000002226,LARGE2
hp_thomas_dill_no_c2,21,19.95,Ced9,Poisson score,1916,1735,BCL2,false,,,,307.6526555685888,CCDC88B
hp_thomas_dill_no_c2,21,19.95,Ced9,Poisson p-value,1916,1735,BCL2,false,,,,0.0,MYH10
hp_thomas_dill_no_c2,21,19.95,Ced9,shared k-mers,1916,1735,BCL2,false,,,,13.0,MYH16
hp_thomas_dill_no_c2,21,19.95,Ced9,containment,1916,1735,BCL2,false,,,,0.06923076923076923,SYNE1
hp_thomas_dill_no_c2,21,19.95,Ced9,protein enrichment,1916,1735,BCL2,false,,,,85.6976687116565,SYNE1
hp_thomas_dill_no_c2,21,19.95,Ced9,protein Poisson p-value,1916,1735,BCL2,false,,,,0.0,RSPH10B
hp_thomas_dill_no_c2,21,19.95,P66,E-value,18006,6418,CD47,false,,,,5176.265598412179,IPO8
hp_thomas_dill_no_c2,21,19.95,P66,bit score,18006,6418,CD47,false,,,,20.228876067786597,IPO8
hp_thomas_dill_no_c2,21,19.95,P66,mean IDF,18006,6418,CD47,false,,,,1225.7943911515963,SQSTM1
hp_thomas_dill_no_c2,21,19.95,P66,tf-idf,18006,6418,CD47,false,,,,1225.7943911515963,SQSTM1
hp_thomas_dill_no_c2,21,19.95,P66,enrichment,18006,6418,CD47,false,,,,19401.000000033568,RPL4
hp_thomas_dill_no_c2,21,19.95,P66,Poisson score,18006,6418,CD47,false,,,,307.6526555685888,SON
hp_thomas_dill_no_c2,21,19.95,P66,Poisson p-value,18006,6418,CD47,false,,,,0.0,MALRD1
hp_thomas_dill_no_c2,21,19.95,P66,shared k-mers,18006,6418,CD47,false,,,,15.0,COL1A2
hp_thomas_dill_no_c2,21,19.95,P66,containment,18006,6418,CD47,false,,,,0.06086956521739131,LRP1
hp_thomas_dill_no_c2,21,19.95,P66,protein enrichment,18006,6418,CD47,false,,,,21.798176623543398,LRP1
hp_thomas_dill_no_c2,21,19.95,P66,protein Poisson p-value,18006,6418,CD47,false,,,,0.0,LRBA
hp_thomas_dill_no_c2,21,19.95,BHF,E-value,17794,6905,,,,,,2452.468749422746,POLR2B
hp_thomas_dill_no_c2,21,19.95,BHF,bit score,17794,6905,,,,,,20.062245762087798,POLR2B
hp_thomas_dill_no_c2,21,19.95,BHF,mean IDF,17794,6905,,,,,,1314.0814546966863,NFXL1
hp_thomas_dill_no_c2,21,19.95,BHF,tf-idf,17794,6905,,,,,,1314.0814546966863,NFXL1
hp_thomas_dill_no_c2,21,19.95,BHF,enrichment,17794,6905,,,,,,9700.499999995889,SMG1
hp_thomas_dill_no_c2,21,19.95,BHF,Poisson score,17794,6905,,,,,,307.6526555685888,MROH7
hp_thomas_dill_no_c2,21,19.95,BHF,Poisson p-value,17794,6905,,,,,,0.0,ANKIB1
hp_thomas_dill_no_c2,21,19.95,BHF,shared k-mers,17794,6905,,,,,,23.0,NFE2L1
hp_thomas_dill_no_c2,21,19.95,BHF,containment,17794,6905,,,,,,0.1939655172413793,MUC16
hp_thomas_dill_no_c2,21,19.95,BHF,protein enrichment,17794,6905,,,,,,22.071114369501476,MUC16
hp_thomas_dill_no_c2,21,19.95,BHF,protein Poisson p-value,17794,6905,,,,,,0.0,NOTCH1
hp_thomas_dill_no_c2,25,23.75,Ced9,E-value,146,144,BCL2,false,,,,40.34246276983904,SPCS3
hp_thomas_dill_no_c2,25,23.75,Ced9,bit score,146,144,BCL2,false,,,,26.139622449659853,SPCS3
hp_thomas_dill_no_c2,25,23.75,Ced9,mean IDF,146,144,BCL2,false,,,,414.26389845188686,LYPD3
hp_thomas_dill_no_c2,25,23.75,Ced9,tf-idf,146,144,BCL2,false,,,,483.3736534194634,GPHN
hp_thomas_dill_no_c2,25,23.75,Ced9,enrichment,146,144,BCL2,false,,,,19396.00000000019,FBLIM1
hp_thomas_dill_no_c2,25,23.75,Ced9,Poisson score,146,144,BCL2,false,,,,307.6526555685888,MYH16
hp_thomas_dill_no_c2,25,23.75,Ced9,Poisson p-value,146,144,BCL2,false,,,,0.0,NPHP3
hp_thomas_dill_no_c2,25,23.75,Ced9,shared k-mers,146,144,BCL2,false,,,,9.0,MYH16
hp_thomas_dill_no_c2,25,23.75,Ced9,containment,146,144,BCL2,false,,,,0.03515625,MYH16
hp_thomas_dill_no_c2,25,23.75,Ced9,protein enrichment,146,144,BCL2,false,,,,370.62420382165715,DOCK7
hp_thomas_dill_no_c2,25,23.75,Ced9,protein Poisson p-value,146,144,BCL2,false,,,,0.0,MYH16
hp_thomas_dill_no_c2,25,23.75,P66,E-value,2961,1938,CD47,false,,,,65.42071113956592,TAF3
hp_thomas_dill_no_c2,25,23.75,P66,bit score,2961,1938,CD47,false,,,,26.53447827027005,TAF3
hp_thomas_dill_no_c2,25,23.75,P66,mean IDF,2961,1938,CD47,false,,,,578.2113241376912,SRRM2
hp_thomas_dill_no_c2,25,23.75,P66,tf-idf,2961,1938,CD47,false,,,,913.6330988213456,PNISR
hp_thomas_dill_no_c2,25,23.75,P66,enrichment,2961,1938,CD47,false,,,,19396.000000008018,ESRP2
hp_thomas_dill_no_c2,25,23.75,P66,Poisson score,2961,1938,CD47,false,,,,307.6526555685888,MORC4
hp_thomas_dill_no_c2,25,23.75,P66,Poisson p-value,2961,1938,CD47,false,,,,0.0,SHISA6
hp_thomas_dill_no_c2,25,23.75,P66,shared k-mers,2961,1938,CD47,false,,,,13.0,COL1A2
hp_thomas_dill_no_c2,25,23.75,P66,containment,2961,1938,CD47,false,,,,0.034904013961605584,LRP1
hp_thomas_dill_no_c2,25,23.75,P66,protein enrichment,2961,1938,CD47,false,,,,65.33939700185286,LRP1
hp_thomas_dill_no_c2,25,23.75,P66,protein Poisson p-value,2961,1938,CD47,false,,,,0.0,LRP1
hp_thomas_dill_no_c2,25,23.75,BHF,E-value,3436,2211,,,,,,37.762464237613386,NWD1
hp_thomas_dill_no_c2,25,23.75,BHF,bit score,3436,2211,,,,,,26.082965601797905,NWD1
hp_thomas_dill_no_c2,25,23.75,BHF,mean IDF,3436,2211,,,,,,845.8953268598203,LAMA2
hp_thomas_dill_no_c2,25,23.75,BHF,tf-idf,3436,2211,,,,,,1125.5429466789244,SCAF4
hp_thomas_dill_no_c2,25,23.75,BHF,enrichment,3436,2211,,,,,,19396.000000008018,SEC63
hp_thomas_dill_no_c2,25,23.75,BHF,Poisson score,3436,2211,,,,,,307.6526555685888,TRIP10
hp_thomas_dill_no_c2,25,23.75,BHF,Poisson p-value,3436,2211,,,,,,0.0,ZNF830
hp_thomas_dill_no_c2,25,23.75,BHF,shared k-mers,3436,2211,,,,,,19.0,NFE2L1
hp_thomas_dill_no_c2,25,23.75,BHF,containment,3436,2211,,,,,,0.10964912280701754,NKAP
hp_thomas_dill_no_c2,25,23.75,BHF,protein enrichment,3436,2211,,,,,,60.64282141070538,NKAP
hp_thomas_dill_no_c2,25,23.75,BHF,protein Poisson p-value,3436,2211,,,,,,0.0,LAMC3
hp_thomas_dill_no_c2,29,27.55,Ced9,E-value,17,17,BCL2,false,,,,4.157453151090506,UGT3A2
hp_thomas_dill_no_c2,29,27.55,Ced9,bit score,17,17,BCL2,false,,,,29.41180905919127,UGT3A2
hp_thomas_dill_no_c2,29,27.55,Ced9,mean IDF,17,17,BCL2,false,,,,106.51479434578013,KIF15
hp_thomas_dill_no_c2,29,27.55,Ced9,tf-idf,17,17,BCL2,false,,,,106.51479434578013,KIF15
hp_thomas_dill_no_c2,29,27.55,Ced9,enrichment,17,17,BCL2,false,,,,19384.0,PEX1
hp_thomas_dill_no_c2,29,27.55,Ced9,Poisson score,17,17,BCL2,false,,,,307.6526555685888,DOCK7
hp_thomas_dill_no_c2,29,27.55,Ced9,Poisson p-value,17,17,BCL2,false,,,,0.0,MYH16
hp_thomas_dill_no_c2,29,27.55,Ced9,shared k-mers,17,17,BCL2,false,,,,5.0,DOCK7
hp_thomas_dill_no_c2,29,27.55,Ced9,containment,17,17,BCL2,false,,,,0.01984126984126984,DOCK7
hp_thomas_dill_no_c2,29,27.55,Ced9,protein enrichment,17,17,BCL2,false,,,,380.0784313725468,DOCK7
hp_thomas_dill_no_c2,29,27.55,Ced9,protein Poisson p-value,17,17,BCL2,false,,,,3.247402347028583e-12,MYH16
hp_thomas_dill_no_c2,29,27.55,P66,E-value,253,235,CD47,false,,,,5.478760048471095,TAF3
hp_thomas_dill_no_c2,29,27.55,P66,bit score,253,235,CD47,false,,,,30.105963750114068,TAF3
hp_thomas_dill_no_c2,29,27.55,P66,mean IDF,253,235,CD47,false,,,,238.5962368986992,NIPBL
hp_thomas_dill_no_c2,29,27.55,P66,tf-idf,253,235,CD47,false,,,,238.5962368986992,NIPBL
hp_thomas_dill_no_c2,29,27.55,P66,enrichment,253,235,CD47,false,,,,19384.0,RPF1
hp_thomas_dill_no_c2,29,27.55,P66,Poisson score,253,235,CD47,false,,,,307.6526555685888,COL1A2
hp_thomas_dill_no_c2,29,27.55,P66,Poisson p-value,253,235,CD47,false,,,,0.0,MYO6
hp_thomas_dill_no_c2,29,27.55,P66,shared k-mers,253,235,CD47,false,,,,9.0,COL1A2
hp_thomas_dill_no_c2,29,27.55,P66,containment,253,235,CD47,false,,,,0.015817223198594025,COL1A2
hp_thomas_dill_no_c2,29,27.55,P66,protein enrichment,253,235,CD47,false,,,,179.85154639175167,COL1A2
hp_thomas_dill_no_c2,29,27.55,P66,protein Poisson p-value,253,235,CD47,false,,,,0.0,COL1A2
hp_thomas_dill_no_c2,29,27.55,BHF,E-value,438,388,,,,,,3.225644158743334,NWD1
hp_thomas_dill_no_c2,29,27.55,BHF,bit score,438,388,,,,,,29.62591867768088,NWD1
hp_thomas_dill_no_c2,29,27.55,BHF,mean IDF,438,388,,,,,,488.20621836463596,SRRM2
hp_thomas_dill_no_c2,29,27.55,BHF,tf-idf,438,388,,,,,,498.07842162713234,SRRM2
hp_thomas_dill_no_c2,29,27.55,BHF,enrichment,438,388,,,,,,19383.999999999185,ST8SIA6
hp_thomas_dill_no_c2,29,27.55,BHF,Poisson score,438,388,,,,,,307.6526555685888,RAPH1
hp_thomas_dill_no_c2,29,27.55,BHF,Poisson p-value,438,388,,,,,,0.0,RAPH1
hp_thomas_dill_no_c2,29,27.55,BHF,shared k-mers,438,388,,,,,,15.0,NFE2L1
hp_thomas_dill_no_c2,29,27.55,BHF,containment,438,388,,,,,,0.06696428571428571,NFE2L1
hp_thomas_dill_no_c2,29,27.55,BHF,protein enrichment,438,388,,,,,,233.16760224538825,NFE2L1
hp_thomas_dill_no_c2,29,27.55,BHF,protein Poisson p-value,438,388,,,,,,0.0,SFTPD
hp_thomas_dill_no_c2,34,32.3,Ced9,E-value,0,0,BCL2,false,,,,,
hp_thomas_dill_no_c2,34,32.3,Ced9,bit score,0,0,BCL2,false,,,,,
hp_thomas_dill_no_c2,34,32.3,Ced9,mean IDF,0,0,BCL2,false,,,,,
hp_thomas_dill_no_c2,34,32.3,Ced9,tf-idf,0,0,BCL2,false,,,,,
hp_thomas_dill_no_c2,34,32.3,Ced9,enrichment,0,0,BCL2,false,,,,,
hp_thomas_dill_no_c2,34,32.3,Ced9,Poisson score,0,0,BCL2,false,,,,,
hp_thomas_dill_no_c2,34,32.3,Ced9,Poisson p-value,0,0,BCL2,false,,,,,
hp_thomas_dill_no_c2,34,32.3,Ced9,shared k-mers,0,0,BCL2,false,,,,,
hp_thomas_dill_no_c2,34,32.3,Ced9,containment,0,0,BCL2,false,,,,,
hp_thomas_dill_no_c2,34,32.3,Ced9,protein enrichment,0,0,BCL2,false,,,,,
hp_thomas_dill_no_c2,34,32.3,Ced9,protein Poisson p-value,0,0,BCL2,false,,,,,
hp_thomas_dill_no_c2,34,32.3,P66,E-value,11,11,CD47,false,,,,1.7167017602866932,MORC4
hp_thomas_dill_no_c2,34,32.3,P66,bit score,11,11,CD47,false,,,,31.76972111311464,MORC4
hp_thomas_dill_no_c2,34,32.3,P66,mean IDF,11,11,CD47,false,,,,95.25010413243149,PAPLN
hp_thomas_dill_no_c2,34,32.3,P66,tf-idf,11,11,CD47,false,,,,95.25010413243149,SETD5
hp_thomas_dill_no_c2,34,32.3,P66,enrichment,11,11,CD47,false,,,,9686.00000000013,MYO6
hp_thomas_dill_no_c2,34,32.3,P66,Poisson score,11,11,CD47,false,,,,14.913197085032778,COL1A2
hp_thomas_dill_no_c2,34,32.3,P66,Poisson p-value,11,11,CD47,false,,,,1.2212453270876722e-15,COL1A2
hp_thomas_dill_no_c2,34,32.3,P66,shared k-mers,11,11,CD47,false,,,,4.0,COL1A2
hp_thomas_dill_no_c2,34,32.3,P66,containment,11,11,CD47,false,,,,0.0070921985815602835,COL1A2
hp_thomas_dill_no_c2,34,32.3,P66,protein enrichment,11,11,CD47,false,,,,135.7057793345022,COL1A2
hp_thomas_dill_no_c2,34,32.3,P66,protein Poisson p-value,11,11,CD47,false,,,,3.071846710334114e-8,COL1A2
hp_thomas_dill_no_c2,34,32.3,BHF,E-value,39,39,,false,,,,,
hp_thomas_dill_no_c2,34,32.3,BHF,bit score,39,39,,false,,,,,
hp_thomas_dill_no_c2,34,32.3,BHF,mean IDF,39,39,,,,,,212.22287166894705,TGS1
hp_thomas_dill_no_c2,34,32.3,BHF,tf-idf,39,39,,,,,,212.22287166894705,SFTPD
hp_thomas_dill_no_c2,34,32.3,BHF,enrichment,39,39,,,,,,2324.6400000000026,ZSWIM6
hp_thomas_dill_no_c2,34,32.3,BHF,Poisson score,39,39,,,,,,307.6526555685888,NFE2L1
hp_thomas_dill_no_c2,34,32.3,BHF,Poisson p-value,39,39,,,,,,0.0,NFE2L1
hp_thomas_dill_no_c2,34,32.3,BHF,shared k-mers,39,39,,,,,,10.0,NFE2L1
hp_thomas_dill_no_c2,34,32.3,BHF,containment,39,39,,,,,,0.045662100456621,NFE2L1
hp_thomas_dill_no_c2,34,32.3,BHF,protein enrichment,39,39,,,,,,670.3114186851197,NFE2L1
hp_thomas_dill_no_c2,34,32.3,BHF,protein Poisson p-value,39,39,,,,,,0.0,NFE2L1
hp_thomas_dill_no_c2,38,36.1,Ced9,E-value,0,0,BCL2,false,,,,,
hp_thomas_dill_no_c2,38,36.1,Ced9,bit score,0,0,BCL2,false,,,,,
hp_thomas_dill_no_c2,38,36.1,Ced9,mean IDF,0,0,BCL2,false,,,,,
hp_thomas_dill_no_c2,38,36.1,Ced9,tf-idf,0,0,BCL2,false,,,,,
hp_thomas_dill_no_c2,38,36.1,Ced9,enrichment,0,0,BCL2,false,,,,,
hp_thomas_dill_no_c2,38,36.1,Ced9,Poisson score,0,0,BCL2,false,,,,,
hp_thomas_dill_no_c2,38,36.1,Ced9,Poisson p-value,0,0,BCL2,false,,,,,
hp_thomas_dill_no_c2,38,36.1,Ced9,shared k-mers,0,0,BCL2,false,,,,,
hp_thomas_dill_no_c2,38,36.1,Ced9,containment,0,0,BCL2,false,,,,,
hp_thomas_dill_no_c2,38,36.1,Ced9,protein enrichment,0,0,BCL2,false,,,,,
hp_thomas_dill_no_c2,38,36.1,Ced9,protein Poisson p-value,0,0,BCL2,false,,,,,
hp_thomas_dill_no_c2,38,36.1,P66,E-value,0,0,CD47,false,,,,,
hp_thomas_dill_no_c2,38,36.1,P66,bit score,0,0,CD47,false,,,,,
hp_thomas_dill_no_c2,38,36.1,P66,mean IDF,0,0,CD47,false,,,,,
hp_thomas_dill_no_c2,38,36.1,P66,tf-idf,0,0,CD47,false,,,,,
hp_thomas_dill_no_c2,38,36.1,P66,enrichment,0,0,CD47,false,,,,,
hp_thomas_dill_no_c2,38,36.1,P66,Poisson score,0,0,CD47,false,,,,,
hp_thomas_dill_no_c2,38,36.1,P66,Poisson p-value,0,0,CD47,false,,,,,
hp_thomas_dill_no_c2,38,36.1,P66,shared k-mers,0,0,CD47,false,,,,,
hp_thomas_dill_no_c2,38,36.1,P66,containment,0,0,CD47,false,,,,,
hp_thomas_dill_no_c2,38,36.1,P66,protein enrichment,0,0,CD47,false,,,,,
hp_thomas_dill_no_c2,38,36.1,P66,protein Poisson p-value,0,0,CD47,false,,,,,
hp_thomas_dill_no_c2,38,36.1,BHF,E-value,4,4,,false,,,,,
hp_thomas_dill_no_c2,38,36.1,BHF,bit score,4,4,,false,,,,,
hp_thomas_dill_no_c2,38,36.1,BHF,mean IDF,4,4,,,,,,9.871170951059584,NFE2L1
hp_thomas_dill_no_c2,38,36.1,BHF,tf-idf,4,4,,,,,,59.22702570635751,NFE2L1
hp_thomas_dill_no_c2,38,36.1,BHF,enrichment,4,4,,,,,,19363.99999999999,NFE2L1
hp_thomas_dill_no_c2,38,36.1,BHF,Poisson score,4,4,,,,,,307.6526555685888,NFE2L1
hp_thomas_dill_no_c2,38,36.1,BHF,Poisson p-value,4,4,,,,,,0.0,NFE2L1
hp_thomas_dill_no_c2,38,36.1,BHF,shared k-mers,4,4,,,,,,6.0,NFE2L1
hp_thomas_dill_no_c2,38,36.1,BHF,containment,4,4,,,,,,0.027906976744186046,NFE2L1
hp_thomas_dill_no_c2,38,36.1,BHF,protein enrichment,4,4,,,,,,537.8888888888912,NFE2L1
hp_thomas_dill_no_c2,38,36.1,BHF,protein Poisson p-value,4,4,,,,,,2.6645352591003757e-15,NFE2L1
hp_thomas_dill_no_c2,42,39.9,Ced9,E-value,0,0,BCL2,false,,,,,
hp_thomas_dill_no_c2,42,39.9,Ced9,bit score,0,0,BCL2,false,,,,,
hp_thomas_dill_no_c2,42,39.9,Ced9,mean IDF,0,0,BCL2,false,,,,,
hp_thomas_dill_no_c2,42,39.9,Ced9,tf-idf,0,0,BCL2,false,,,,,
hp_thomas_dill_no_c2,42,39.9,Ced9,enrichment,0,0,BCL2,false,,,,,
hp_thomas_dill_no_c2,42,39.9,Ced9,Poisson score,0,0,BCL2,false,,,,,
hp_thomas_dill_no_c2,42,39.9,Ced9,Poisson p-value,0,0,BCL2,false,,,,,
hp_thomas_dill_no_c2,42,39.9,Ced9,shared k-mers,0,0,BCL2,false,,,,,
hp_thomas_dill_no_c2,42,39.9,Ced9,containment,0,0,BCL2,false,,,,,
hp_thomas_dill_no_c2,42,39.9,Ced9,protein enrichment,0,0,BCL2,false,,,,,
hp_thomas_dill_no_c2,42,39.9,Ced9,protein Poisson p-value,0,0,BCL2,false,,,,,
hp_thomas_dill_no_c2,42,39.9,P66,E-value,0,0,CD47,false,,,,,
hp_thomas_dill_no_c2,42,39.9,P66,bit score,0,0,CD47,false,,,,,
hp_thomas_dill_no_c2,42,39.9,P66,mean IDF,0,0,CD47,false,,,,,
hp_thomas_dill_no_c2,42,39.9,P66,tf-idf,0,0,CD47,false,,,,,
hp_thomas_dill_no_c2,42,39.9,P66,enrichment,0,0,CD47,false,,,,,
hp_thomas_dill_no_c2,42,39.9,P66,Poisson score,0,0,CD47,false,,,,,
hp_thomas_dill_no_c2,42,39.9,P66,Poisson p-value,0,0,CD47,false,,,,,
hp_thomas_dill_no_c2,42,39.9,P66,shared k-mers,0,0,CD47,false,,,,,
hp_thomas_dill_no_c2,42,39.9,P66,containment,0,0,CD47,false,,,,,
hp_thomas_dill_no_c2,42,39.9,P66,protein enrichment,0,0,CD47,false,,,,,
hp_thomas_dill_no_c2,42,39.9,P66,protein Poisson p-value,0,0,CD47,false,,,,,
hp_thomas_dill_no_c2,42,39.9,BHF,E-value,1,1,,false,,,,,
hp_thomas_dill_no_c2,42,39.9,BHF,bit score,1,1,,false,,,,,
hp_thomas_dill_no_c2,42,39.9,BHF,mean IDF,1,1,,,,,,9.871016012389166,NFE2L1
hp_thomas_dill_no_c2,42,39.9,BHF,tf-idf,1,1,,,,,,19.742032024778332,NFE2L1
hp_thomas_dill_no_c2,42,39.9,BHF,enrichment,1,1,,,,,,19360.999999999938,NFE2L1
hp_thomas_dill_no_c2,42,39.9,BHF,Poisson score,1,1,,,,,,8.272855481412181,NFE2L1
hp_thomas_dill_no_c2,42,39.9,BHF,Poisson p-value,1,1,,,,,,5.33512400924252e-9,NFE2L1
hp_thomas_dill_no_c2,42,39.9,BHF,shared k-mers,1,1,,,,,,2.0,NFE2L1
hp_thomas_dill_no_c2,42,39.9,BHF,containment,1,1,,,,,,0.009478672985781991,NFE2L1
hp_thomas_dill_no_c2,42,39.9,BHF,protein enrichment,1,1,,,,,,183.51658767772466,NFE2L1
hp_thomas_dill_no_c2,42,39.9,BHF,protein Poisson p-value,1,1,,,,,,0.00005895564935720632,NFE2L1
hp_lehninger_c_nonpolar2,16,15.98,Ced9,E-value,37091,13735,BCL2,false,,,,0.06332038231345741,ANK3
hp_lehninger_c_nonpolar2,16,15.98,Ced9,bit score,37091,13735,BCL2,false,,,,35.45307946647284,ANK3
hp_lehninger_c_nonpolar2,16,15.98,Ced9,mean IDF,37091,13735,BCL2,true,10541,20,11.593571439337438,496.5568084424518,DENND4C
hp_lehninger_c_nonpolar2,16,15.98,Ced9,tf-idf,37091,13735,BCL2,true,9387,4,33.266594966260186,579.8715287593799,COL7A1
hp_lehninger_c_nonpolar2,16,15.98,Ced9,enrichment,37091,13735,BCL2,true,7866,2,21.261211988623923,192.44554455445476,SCRN2
hp_lehninger_c_nonpolar2,16,15.98,Ced9,Poisson score,37091,13735,BCL2,true,2457,2,5.307140767960034,307.6526555685888,SPTLC2
hp_lehninger_c_nonpolar2,16,15.98,Ced9,Poisson p-value,37091,13735,BCL2,true,2457,2,4.930139773318132e-6,0.0,MACF1
hp_lehninger_c_nonpolar2,16,15.98,Ced9,shared k-mers,37091,13735,BCL2,true,1405,1204,5.0,16.0,ABHD5
hp_lehninger_c_nonpolar2,16,15.98,Ced9,containment,37091,13735,BCL2,true,3223,765,0.026415094339622643,0.27547169811320754,TTN
hp_lehninger_c_nonpolar2,16,15.98,Ced9,protein enrichment,37091,13735,BCL2,true,3223,765,1.8885017905227224,19.694375815451245,TTN
hp_lehninger_c_nonpolar2,16,15.98,Ced9,protein Poisson p-value,37091,13735,BCL2,true,3223,765,0.0823955804176213,0.0,SYNE1
hp_lehninger_c_nonpolar2,16,15.98,P66,E-value,56284,16021,CD47,true,12360,385,45029.12106779445,4.629767619249772,CELSR2
hp_lehninger_c_nonpolar2,16,15.98,P66,bit score,56284,16021,CD47,true,12360,385,17.10562664991213,30.353257564693013,CELSR2
hp_lehninger_c_nonpolar2,16,15.98,P66,mean IDF,56284,16021,CD47,true,13911,0,5.690242548114004,661.1458738293318,SLC7A7
hp_lehninger_c_nonpolar2,16,15.98,P66,tf-idf,56284,16021,CD47,true,12590,6,34.14145528868403,661.1458738293318,SLC7A7
hp_lehninger_c_nonpolar2,16,15.98,P66,enrichment,56284,16021,CD47,true,5388,12,123.01898734177212,213.59340659340413,PPP1R11
hp_lehninger_c_nonpolar2,16,15.98,P66,Poisson score,56284,16021,CD47,true,2819,0,6.498366746141116,307.6526555685888,GAS2L1
hp_lehninger_c_nonpolar2,16,15.98,P66,Poisson p-value,56284,16021,CD47,true,2819,0,3.174192446664392e-7,0.0,HMCN2
hp_lehninger_c_nonpolar2,16,15.98,P66,shared k-mers,56284,16021,CD47,true,822,717,6.0,17.0,OR4C5
hp_lehninger_c_nonpolar2,16,15.98,P66,containment,56284,16021,CD47,true,4893,978,0.012237762237762238,0.3793706293706294,TTN
hp_lehninger_c_nonpolar2,16,15.98,P66,protein enrichment,56284,16021,CD47,true,4893,978,1.2983100661278484,40.2476120499633,TTN
hp_lehninger_c_nonpolar2,16,15.98,P66,protein Poisson p-value,56284,16021,CD47,true,4893,978,0.2970265431905571,0.0,UNC13B
hp_lehninger_c_nonpolar2,16,15.98,BHF,E-value,22469,10143,,,,,,1.3445602193892034,MIEF1
hp_lehninger_c_nonpolar2,16,15.98,BHF,bit score,22469,10143,,,,,,30.89275577815221,MIEF1
hp_lehninger_c_nonpolar2,16,15.98,BHF,mean IDF,22469,10143,,,,,,566.5438068860474,NCOA3
hp_lehninger_c_nonpolar2,16,15.98,BHF,tf-idf,22469,10143,,,,,,657.3938416872179,SPICE1
hp_lehninger_c_nonpolar2,16,15.98,BHF,enrichment,22469,10143,,,,,,198.33673469387728,AMER1
hp_lehninger_c_nonpolar2,16,15.98,BHF,Poisson score,22469,10143,,,,,,307.6526555685888,EPPK1
hp_lehninger_c_nonpolar2,16,15.98,BHF,Poisson p-value,22469,10143,,,,,,0.0,SERPINB6
hp_lehninger_c_nonpolar2,16,15.98,BHF,shared k-mers,22469,10143,,,,,,17.0,PNN
hp_lehninger_c_nonpolar2,16,15.98,BHF,containment,22469,10143,,,,,,0.3601694915254237,MUC16
hp_lehninger_c_nonpolar2,16,15.98,BHF,protein enrichment,22469,10143,,,,,,38.30172713573663,MUC16
hp_lehninger_c_nonpolar2,16,15.98,BHF,protein Poisson p-value,22469,10143,,,,,,0.0,BRCA2
hp_lehninger_c_nonpolar2,20,19.98,Ced9,E-value,3002,2608,BCL2,false,,,,0.024025969420328832,ANK3
hp_lehninger_c_nonpolar2,20,19.98,Ced9,bit score,3002,2608,BCL2,false,,,,36.86665579758936,ANK3
hp_lehninger_c_nonpolar2,20,19.98,Ced9,mean IDF,3002,2608,BCL2,true,1018,2,30.83040525416868,583.2095774395015,SP4
hp_lehninger_c_nonpolar2,20,19.98,Ced9,tf-idf,3002,2608,BCL2,true,1406,2,30.83040525416868,905.5460299192501,COL7A1
hp_lehninger_c_nonpolar2,20,19.98,Ced9,enrichment,3002,2608,BCL2,true,1306,4,94.33009708737858,6477.333333333282,PPID
hp_lehninger_c_nonpolar2,20,19.98,Ced9,Poisson score,3002,2608,BCL2,true,1899,3,1.9769502409855233,307.6526555685888,MYO18B
hp_lehninger_c_nonpolar2,20,19.98,Ced9,Poisson p-value,3002,2608,BCL2,true,1899,3,0.010545077090212351,0.0,COL24A1
hp_lehninger_c_nonpolar2,20,19.98,Ced9,shared k-mers,3002,2608,BCL2,true,1405,1203,1.0,12.0,ABHD5
hp_lehninger_c_nonpolar2,20,19.98,Ced9,containment,3002,2608,BCL2,true,1479,1129,0.0038314176245210726,0.05363984674329502,COL4A5
hp_lehninger_c_nonpolar2,20,19.98,Ced9,protein enrichment,3002,2608,BCL2,true,1479,1129,3.215621380109216,45.01869932152903,ABCA7
hp_lehninger_c_nonpolar2,20,19.98,Ced9,protein Poisson p-value,3002,2608,BCL2,true,1479,1129,0.26727285130129785,0.0,MACF1
hp_lehninger_c_nonpolar2,20,19.98,P66,E-value,4656,3246,CD47,false,,,,2.930864037156479,MKRN1
hp_lehninger_c_nonpolar2,20,19.98,P66,bit score,4656,3246,CD47,false,,,,31.02837231247239,MKRN1
hp_lehninger_c_nonpolar2,20,19.98,P66,mean IDF,4656,3246,CD47,true,2334,0,14.700188844160039,592.6242330807079,KDM7A
hp_lehninger_c_nonpolar2,20,19.98,P66,tf-idf,4656,3246,CD47,true,2423,1,29.400377688320077,676.4472436142414,ZBTB48
hp_lehninger_c_nonpolar2,20,19.98,P66,enrichment,4656,3246,CD47,true,2117,1,136.84507042253503,19432.000000001157,ANO1
hp_lehninger_c_nonpolar2,20,19.98,P66,Poisson score,4656,3246,CD47,true,1557,0,3.9756572362446354,307.6526555685888,MADD
hp_lehninger_c_nonpolar2,20,19.98,P66,Poisson p-value,4656,3246,CD47,true,1557,0,0.00010576519239668958,0.0,LRRN4
hp_lehninger_c_nonpolar2,20,19.98,P66,shared k-mers,4656,3246,CD47,true,1101,823,2.0,14.0,RANBP10
hp_lehninger_c_nonpolar2,20,19.98,P66,containment,4656,3246,CD47,true,1338,708,0.0034662045060658577,0.03292894280762565,TRA2A
hp_lehninger_c_nonpolar2,20,19.98,P66,protein enrichment,4656,3246,CD47,true,1338,708,4.354021958324002,41.36320860407802,TRA2A
hp_lehninger_c_nonpolar2,20,19.98,P66,protein Poisson p-value,4656,3246,CD47,true,1338,708,0.07813586383105986,0.0,RANBP10
hp_lehninger_c_nonpolar2,20,19.98,BHF,E-value,1486,1312,,,,,,9.579720236919814,NAGLU
hp_lehninger_c_nonpolar2,20,19.98,BHF,bit score,1486,1312,,,,,,28.07540763306142,NAGLU
hp_lehninger_c_nonpolar2,20,19.98,BHF,mean IDF,1486,1312,,,,,,1010.1787672958322,SPICE1
hp_lehninger_c_nonpolar2,20,19.98,BHF,tf-idf,1486,1312,,,,,,1010.1787672958322,SPICE1
hp_lehninger_c_nonpolar2,20,19.98,BHF,enrichment,1486,1312,,,,,,19432.000000001157,NRDE2
hp_lehninger_c_nonpolar2,20,19.98,BHF,Poisson score,1486,1312,,,,,,307.6526555685888,CUEDC1
hp_lehninger_c_nonpolar2,20,19.98,BHF,Poisson p-value,1486,1312,,,,,,0.0,SERPINB6
hp_lehninger_c_nonpolar2,20,19.98,BHF,shared k-mers,1486,1312,,,,,,13.0,PNN
hp_lehninger_c_nonpolar2,20,19.98,BHF,containment,1486,1312,,,,,,0.06866952789699571,MUC16
hp_lehninger_c_nonpolar2,20,19.98,BHF,protein enrichment,1486,1312,,,,,,104.54337592468053,MUC16
hp_lehninger_c_nonpolar2,20,19.98,BHF,protein Poisson p-value,1486,1312,,,,,,0.0,PHF14
hp_lehninger_c_nonpolar2,24,23.97,Ced9,E-value,223,219,BCL2,false,,,,0.8503406307984467,FBXO41
hp_lehninger_c_nonpolar2,24,23.97,Ced9,bit score,223,219,BCL2,false,,,,31.716639357427525,FBXO41
hp_lehninger_c_nonpolar2,24,23.97,Ced9,mean IDF,223,219,BCL2,false,,,,553.8262395886666,COL7A1
hp_lehninger_c_nonpolar2,24,23.97,Ced9,tf-idf,223,219,BCL2,false,,,,553.8262395886666,COL7A1
hp_lehninger_c_nonpolar2,24,23.97,Ced9,enrichment,223,219,BCL2,false,,,,19428.000000000582,RBBP8NL
hp_lehninger_c_nonpolar2,24,23.97,Ced9,Poisson score,223,219,BCL2,false,,,,307.6526555685888,ABCA1
hp_lehninger_c_nonpolar2,24,23.97,Ced9,Poisson p-value,223,219,BCL2,false,,,,0.0,ABCA1
hp_lehninger_c_nonpolar2,24,23.97,Ced9,shared k-mers,223,219,BCL2,false,,,,8.0,ABHD5
hp_lehninger_c_nonpolar2,24,23.97,Ced9,containment,223,219,BCL2,false,,,,0.0311284046692607,ABHD5
hp_lehninger_c_nonpolar2,24,23.97,Ced9,protein enrichment,223,219,BCL2,false,,,,287.8222222222231,ABHD5
hp_lehninger_c_nonpolar2,24,23.97,Ced9,protein Poisson p-value,223,219,BCL2,false,,,,0.0,ABHD5
hp_lehninger_c_nonpolar2,24,23.97,P66,E-value,365,342,CD47,false,,,,2.5622466238583974,HTT
hp_lehninger_c_nonpolar2,24,23.97,P66,bit score,365,342,CD47,false,,,,31.21764689490851,HTT
hp_lehninger_c_nonpolar2,24,23.97,P66,mean IDF,365,342,CD47,false,,,,433.03622400733957,HTT
hp_lehninger_c_nonpolar2,24,23.97,P66,tf-idf,365,342,CD47,false,,,,433.03622400733957,HTT
hp_lehninger_c_nonpolar2,24,23.97,P66,enrichment,365,342,CD47,false,,,,19428.000000000582,SLC29A2
hp_lehninger_c_nonpolar2,24,23.97,P66,Poisson score,365,342,CD47,false,,,,307.6526555685888,LRBA
hp_lehninger_c_nonpolar2,24,23.97,P66,Poisson p-value,365,342,CD47,false,,,,0.0,MASTL
hp_lehninger_c_nonpolar2,24,23.97,P66,shared k-mers,365,342,CD47,false,,,,11.0,RANBP10
hp_lehninger_c_nonpolar2,24,23.97,P66,containment,365,342,CD47,false,,,,0.01916376306620209,RANBP10
hp_lehninger_c_nonpolar2,24,23.97,P66,protein enrichment,365,342,CD47,false,,,,206.68085106383185,RANBP10
hp_lehninger_c_nonpolar2,24,23.97,P66,protein Poisson p-value,365,342,CD47,false,,,,0.0,RBM39
hp_lehninger_c_nonpolar2,24,23.97,BHF,E-value,120,106,,,,,,4.105701416195953,CYP21A2
hp_lehninger_c_nonpolar2,24,23.97,BHF,bit score,120,106,,,,,,29.29312033076012,CYP21A2
hp_lehninger_c_nonpolar2,24,23.97,BHF,mean IDF,120,106,,,,,,502.97137656947893,GCNA
hp_lehninger_c_nonpolar2,24,23.97,BHF,tf-idf,120,106,,,,,,502.97137656947893,GCNA
hp_lehninger_c_nonpolar2,24,23.97,BHF,enrichment,120,106,,,,,,19428.000000000582,SERPINB6
hp_lehninger_c_nonpolar2,24,23.97,BHF,Poisson score,120,106,,,,,,307.6526555685888,ACE2
hp_lehninger_c_nonpolar2,24,23.97,BHF,Poisson p-value,120,106,,,,,,0.0,DHX8
hp_lehninger_c_nonpolar2,24,23.97,BHF,shared k-mers,120,106,,,,,,9.0,PNN
hp_lehninger_c_nonpolar2,24,23.97,BHF,containment,120,106,,,,,,0.039301310043668124,PNN
hp_lehninger_c_nonpolar2,24,23.97,BHF,protein enrichment,120,106,,,,,,501.0085959885386,PNN
hp_lehninger_c_nonpolar2,24,23.97,BHF,protein Poisson p-value,120,106,,,,,,0.0,RNMT
hp_lehninger_c_nonpolar2,28,27.97,Ced9,E-value,7,7,BCL2,false,,,,0.9707202565140666,C16orf96
hp_lehninger_c_nonpolar2,28,27.97,Ced9,bit score,7,7,BCL2,false,,,,31.517605972129036,C16orf96
hp_lehninger_c_nonpolar2,28,27.97,Ced9,mean IDF,7,7,BCL2,false,,,,9.873801242165769,MACF1
hp_lehninger_c_nonpolar2,28,27.97,Ced9,tf-idf,7,7,BCL2,false,,,,39.495204968663074,ABHD5
hp_lehninger_c_nonpolar2,28,27.97,Ced9,enrichment,7,7,BCL2,false,,,,19414.999999999873,MACF1
hp_lehninger_c_nonpolar2,28,27.97,Ced9,Poisson score,7,7,BCL2,false,,,,15.954589770191003,ABHD5
hp_lehninger_c_nonpolar2,28,27.97,Ced9,Poisson p-value,7,7,BCL2,false,,,,1.1102230246251565e-16,ABHD5
hp_lehninger_c_nonpolar2,28,27.97,Ced9,shared k-mers,7,7,BCL2,false,,,,4.0,ABHD5
hp_lehninger_c_nonpolar2,28,27.97,Ced9,containment,7,7,BCL2,false,,,,0.015810276679841896,ABHD5
hp_lehninger_c_nonpolar2,28,27.97,Ced9,protein enrichment,7,7,BCL2,false,,,,304.54901960784184,ABHD5
hp_lehninger_c_nonpolar2,28,27.97,Ced9,protein Poisson p-value,7,7,BCL2,false,,,,1.2269804061659784e-9,ABHD5
hp_lehninger_c_nonpolar2,28,27.97,P66,E-value,20,20,CD47,false,,,,0.4685061888873279,TLR6
hp_lehninger_c_nonpolar2,28,27.97,P66,bit score,20,20,CD47,false,,,,33.66089756839915,TLR6
hp_lehninger_c_nonpolar2,28,27.97,P66,mean IDF,20,20,CD47,false,,,,83.60671580746411,KRI1
hp_lehninger_c_nonpolar2,28,27.97,P66,tf-idf,20,20,CD47,false,,,,130.77849744095676,GPATCH1
hp_lehninger_c_nonpolar2,28,27.97,P66,enrichment,20,20,CD47,false,,,,19414.999999999873,CELSR1
hp_lehninger_c_nonpolar2,28,27.97,P66,Poisson score,20,20,CD47,false,,,,307.6526555685888,OR4C5
hp_lehninger_c_nonpolar2,28,27.97,P66,Poisson p-value,20,20,CD47,false,,,,0.0,RANBP10
hp_lehninger_c_nonpolar2,28,27.97,P66,shared k-mers,20,20,CD47,false,,,,7.0,RANBP10
hp_lehninger_c_nonpolar2,28,27.97,P66,containment,20,20,CD47,false,,,,0.012280701754385965,RANBP10
hp_lehninger_c_nonpolar2,28,27.97,P66,protein enrichment,20,20,CD47,false,,,,232.31623931623804,RANBP10
hp_lehninger_c_nonpolar2,28,27.97,P66,protein Poisson p-value,20,20,CD47,false,,,,4.3298697960381105e-15,RANBP10
hp_lehninger_c_nonpolar2,28,27.97,BHF,E-value,16,16,,,,,,0.8441489701204624,SFI1
hp_lehninger_c_nonpolar2,28,27.97,BHF,bit score,16,16,,,,,,31.567160857221197,SFI1
hp_lehninger_c_nonpolar2,28,27.97,BHF,mean IDF,16,16,,,,,,167.1614739362581,LRRIQ1
hp_lehninger_c_nonpolar2,28,27.97,BHF,tf-idf,16,16,,,,,,167.1614739362581,LRRIQ1
hp_lehninger_c_nonpolar2,28,27.97,BHF,enrichment,16,16,,,,,,8628.888888888832,SFI1
hp_lehninger_c_nonpolar2,28,27.97,BHF,Poisson score,16,16,,,,,,15.35252977886304,PNN
hp_lehninger_c_nonpolar2,28,27.97,BHF,Poisson p-value,16,16,,,,,,4.440892098500626e-16,PNN
hp_lehninger_c_nonpolar2,28,27.97,BHF,shared k-mers,16,16,,,,,,5.0,PNN
hp_lehninger_c_nonpolar2,28,27.97,BHF,containment,16,16,,,,,,0.022222222222222223,PNN
hp_lehninger_c_nonpolar2,28,27.97,BHF,protein enrichment,16,16,,,,,,429.5353982300868,PNN
hp_lehninger_c_nonpolar2,28,27.97,BHF,protein Poisson p-value,16,16,,,,,,1.7638113192219862e-12,PNN
hp_lehninger_c_nonpolar2,32,31.96,Ced9,E-value,0,0,BCL2,false,,,,,
hp_lehninger_c_nonpolar2,32,31.96,Ced9,bit score,0,0,BCL2,false,,,,,
hp_lehninger_c_nonpolar2,32,31.96,Ced9,mean IDF,0,0,BCL2,false,,,,,
hp_lehninger_c_nonpolar2,32,31.96,Ced9,tf-idf,0,0,BCL2,false,,,,,
hp_lehninger_c_nonpolar2,32,31.96,Ced9,enrichment,0,0,BCL2,false,,,,,
hp_lehninger_c_nonpolar2,32,31.96,Ced9,Poisson score,0,0,BCL2,false,,,,,
hp_lehninger_c_nonpolar2,32,31.96,Ced9,Poisson p-value,0,0,BCL2,false,,,,,
hp_lehninger_c_nonpolar2,32,31.96,Ced9,shared k-mers,0,0,BCL2,false,,,,,
hp_lehninger_c_nonpolar2,32,31.96,Ced9,containment,0,0,BCL2,false,,,,,
hp_lehninger_c_nonpolar2,32,31.96,Ced9,protein enrichment,0,0,BCL2,false,,,,,
hp_lehninger_c_nonpolar2,32,31.96,Ced9,protein Poisson p-value,0,0,BCL2,false,,,,,
hp_lehninger_c_nonpolar2,32,31.96,P66,E-value,4,4,CD47,false,,,,2.4695119392380427,RANBP10
hp_lehninger_c_nonpolar2,32,31.96,P66,bit score,4,4,CD47,false,,,,31.253726488179886,RANBP10
hp_lehninger_c_nonpolar2,32,31.96,P66,mean IDF,4,4,CD47,false,,,,28.92671095084907,RBM39
hp_lehninger_c_nonpolar2,32,31.96,P66,tf-idf,4,4,CD47,false,,,,48.67328303845508,GPATCH1
hp_lehninger_c_nonpolar2,32,31.96,P66,enrichment,4,4,CD47,false,,,,19404.99999999944,OR4C5
hp_lehninger_c_nonpolar2,32,31.96,P66,Poisson score,4,4,CD47,false,,,,9.55709470691938,RANBP10
hp_lehninger_c_nonpolar2,32,31.96,P66,Poisson p-value,4,4,CD47,false,,,,2.772715390619851e-10,RANBP10
hp_lehninger_c_nonpolar2,32,31.96,P66,shared k-mers,4,4,CD47,false,,,,3.0,RANBP10
hp_lehninger_c_nonpolar2,32,31.96,P66,containment,4,4,CD47,false,,,,0.00530035335689046,RANBP10
hp_lehninger_c_nonpolar2,32,31.96,P66,protein enrichment,4,4,CD47,false,,,,102.67195767195646,RANBP10
hp_lehninger_c_nonpolar2,32,31.96,P66,protein Poisson p-value,4,4,CD47,false,,,,4.067678516128659e-6,RANBP10
hp_lehninger_c_nonpolar2,32,31.96,BHF,E-value,1,1,,false,,,,,
hp_lehninger_c_nonpolar2,32,31.96,BHF,bit score,1,1,,false,,,,,
hp_lehninger_c_nonpolar2,32,31.96,BHF,mean IDF,1,1,,,,,,9.873286043803006,PNN
hp_lehninger_c_nonpolar2,32,31.96,BHF,tf-idf,1,1,,,,,,9.873286043803006,PNN
hp_lehninger_c_nonpolar2,32,31.96,BHF,enrichment,1,1,,,,,,510.6578947368414,PNN
hp_lehninger_c_nonpolar2,32,31.96,BHF,Poisson score,1,1,,,,,,2.7085552114277074,PNN
hp_lehninger_c_nonpolar2,32,31.96,BHF,Poisson p-value,1,1,,,,,,0.001956342044297177,PNN
hp_lehninger_c_nonpolar2,32,31.96,BHF,shared k-mers,1,1,,,,,,1.0,PNN
hp_lehninger_c_nonpolar2,32,31.96,BHF,containment,1,1,,,,,,0.004524886877828055,PNN
hp_lehninger_c_nonpolar2,32,31.96,BHF,protein enrichment,1,1,,,,,,87.80542986425361,PNN
hp_lehninger_c_nonpolar2,32,31.96,BHF,protein Poisson p-value,1,1,,,,,,0.011324210233885412,PNN
hp_lehninger_hpc3,14,15.88,Ced9,E-value,67453,16685,BCL2,false,,,,13.523386545038719,ZNF624
hp_lehninger_hpc3,14,15.88,Ced9,bit score,67453,16685,BCL2,false,,,,27.69580559499437,ZNF624
hp_lehninger_hpc3,14,15.88,Ced9,mean IDF,67453,16685,BCL2,true,6240,7,149.42726289264715,885.1748827619525,TINF2
hp_lehninger_hpc3,14,15.88,Ced9,tf-idf,67453,16685,BCL2,true,9317,4,149.42726289264715,908.3763847506989,FAT4
hp_lehninger_hpc3,14,15.88,Ced9,enrichment,67453,16685,BCL2,true,9081,1,7.061002178649243,2160.666666667283,CCDC152
hp_lehninger_hpc3,14,15.88,Ced9,Poisson score,67453,16685,BCL2,true,5683,1,2.562336767435467,307.6526555685888,PRSS36
hp_lehninger_hpc3,14,15.88,Ced9,Poisson p-value,67453,16685,BCL2,true,5683,1,0.002739449081546552,0.0,MACF1
hp_lehninger_hpc3,14,15.88,Ced9,shared k-mers,67453,16685,BCL2,true,3519,2532,4.0,17.0,ABHD5
hp_lehninger_hpc3,14,15.88,Ced9,containment,67453,16685,BCL2,true,7146,1248,0.02247191011235955,0.5805243445692884,TTN
hp_lehninger_hpc3,14,15.88,Ced9,protein enrichment,67453,16685,BCL2,true,7146,1248,0.9470608289095598,24.465738080163625,TTN
hp_lehninger_hpc3,14,15.88,Ced9,protein Poisson p-value,67453,16685,BCL2,true,7146,1248,0.6065832082685837,0.0,DNAH8
hp_lehninger_hpc3,14,15.88,P66,E-value,164100,18775,CD47,true,166,0,707.3537799179576,15.295763400759029,VWCE
hp_lehninger_hpc3,14,15.88,P66,bit score,164100,18775,CD47,true,166,0,23.079206129775397,28.61043406526791,VWCE
hp_lehninger_hpc3,14,15.88,P66,mean IDF,164100,18775,CD47,true,3186,0,284.89750473336426,894.0014208999214,ATP8B4
hp_lehninger_hpc3,14,15.88,P66,tf-idf,164100,18775,CD47,true,5456,0,284.89750473336426,993.7576118694991,PIP4K2C
hp_lehninger_hpc3,14,15.88,P66,enrichment,164100,18775,CD47,true,13282,0,7.430240174672477,60.57943925233636,WDR89
hp_lehninger_hpc3,14,15.88,P66,Poisson score,164100,18775,CD47,true,4071,0,4.239311204665537,307.6526555685888,LRBA
hp_lehninger_hpc3,14,15.88,P66,Poisson p-value,164100,18775,CD47,true,4071,0,0.000057635331487837504,0.0,LRBA
hp_lehninger_hpc3,14,15.88,P66,shared k-mers,164100,18775,CD47,true,1016,966,7.0,16.0,FRMD4A
hp_lehninger_hpc3,14,15.88,P66,containment,164100,18775,CD47,true,6591,548,0.026785714285714284,0.7035714285714286,TTN
hp_lehninger_hpc3,14,15.88,P66,protein enrichment,164100,18775,CD47,true,6591,548,1.0205731080088165,26.80705363703158,TTN
hp_lehninger_hpc3,14,15.88,P66,protein Poisson p-value,164100,18775,CD47,true,6591,548,0.5030879552536822,0.0,PRUNE2
hp_lehninger_hpc3,14,15.88,BHF,E-value,59504,14567,,,,,,3.58479773959422,LRP6
hp_lehninger_hpc3,14,15.88,BHF,bit score,59504,14567,,,,,,29.459295353067617,LRP6
hp_lehninger_hpc3,14,15.88,BHF,mean IDF,59504,14567,,,,,,998.8352790552022,FLG
hp_lehninger_hpc3,14,15.88,BHF,tf-idf,59504,14567,,,,,,998.8352790552022,FLG
hp_lehninger_hpc3,14,15.88,BHF,enrichment,59504,14567,,,,,,1620.500000000001,HCN2
hp_lehninger_hpc3,14,15.88,BHF,Poisson score,59504,14567,,,,,,307.6526555685888,SFI1
hp_lehninger_hpc3,14,15.88,BHF,Poisson p-value,59504,14567,,,,,,0.0,NRDE2
hp_lehninger_hpc3,14,15.88,BHF,shared k-mers,59504,14567,,,,,,19.0,PNN
hp_lehninger_hpc3,14,15.88,BHF,containment,59504,14567,,,,,,0.5574468085106383,MUC16
hp_lehninger_hpc3,14,15.88,BHF,protein enrichment,59504,14567,,,,,,23.83043649086047,MUC16
hp_lehninger_hpc3,14,15.88,BHF,protein Poisson p-value,59504,14567,,,,,,0.0,SYNE1
hp_lehninger_hpc3,18,20.41,Ced9,E-value,4357,3513,BCL2,false,,,,18.691906028789266,ITGAE
hp_lehninger_hpc3,18,20.41,Ced9,bit score,4357,3513,BCL2,false,,,,27.26517133040455,ITGAE
hp_lehninger_hpc3,18,20.41,Ced9,mean IDF,4357,3513,BCL2,false,,,,878.6863757781591,DYNC1H1
hp_lehninger_hpc3,18,20.41,Ced9,tf-idf,4357,3513,BCL2,false,,,,952.8318614647917,RYR1
hp_lehninger_hpc3,18,20.41,Ced9,enrichment,4357,3513,BCL2,false,,,,19443.000000003452,EGF
hp_lehninger_hpc3,18,20.41,Ced9,Poisson score,4357,3513,BCL2,false,,,,307.6526555685888,WNK2
hp_lehninger_hpc3,18,20.41,Ced9,Poisson p-value,4357,3513,BCL2,false,,,,0.0,GCC2
hp_lehninger_hpc3,18,20.41,Ced9,shared k-mers,4357,3513,BCL2,false,,,,13.0,ABHD5
hp_lehninger_hpc3,18,20.41,Ced9,containment,4357,3513,BCL2,false,,,,0.06463878326996197,NEB
hp_lehninger_hpc3,18,20.41,Ced9,protein enrichment,4357,3513,BCL2,false,,,,41.34738553915433,NEB
hp_lehninger_hpc3,18,20.41,Ced9,protein Poisson p-value,4357,3513,BCL2,false,,,,0.0,C16orf96
hp_lehninger_hpc3,18,20.41,P66,E-value,11188,6682,CD47,false,,,,59.795983163022385,MIB2
hp_lehninger_hpc3,18,20.41,P66,bit score,11188,6682,CD47,false,,,,26.679840550459506,MIB2
hp_lehninger_hpc3,18,20.41,P66,mean IDF,11188,6682,CD47,true,6253,0,14.580730137210594,1726.3208724669942,PIP4K2C
hp_lehninger_hpc3,18,20.41,P66,tf-idf,11188,6682,CD47,true,5765,1,58.322920548842376,1726.3208724669942,PIP4K2C
hp_lehninger_hpc3,18,20.41,P66,enrichment,11188,6682,CD47,true,2775,0,65.35462184873954,1495.6153846153397,POLR1B
hp_lehninger_hpc3,18,20.41,P66,Poisson score,11188,6682,CD47,true,1029,0,6.254319370788503,307.6526555685888,GPATCH8
hp_lehninger_hpc3,18,20.41,P66,Poisson p-value,11188,6682,CD47,true,1029,0,5.567761571789731e-7,0.0,RXRA
hp_lehninger_hpc3,18,20.41,P66,shared k-mers,11188,6682,CD47,true,633,614,4.0,14.0,RANBP10
hp_lehninger_hpc3,18,20.41,P66,containment,11188,6682,CD47,true,1493,641,0.006944444444444444,0.08159722222222222,MUC16
hp_lehninger_hpc3,18,20.41,P66,protein enrichment,11188,6682,CD47,true,1493,641,3.6652057118620194,43.06616711437873,MUC16
hp_lehninger_hpc3,18,20.41,P66,protein Poisson p-value,11188,6682,CD47,true,1493,641,0.025107409982336293,0.0,MUC16
hp_lehninger_hpc3,18,20.41,BHF,E-value,4057,2977,,,,,,12.193452151620125,SEMA5B
hp_lehninger_hpc3,18,20.41,BHF,bit score,4057,2977,,,,,,27.72947529364467,SEMA5B
hp_lehninger_hpc3,18,20.41,BHF,mean IDF,4057,2977,,,,,,1035.628039558808,BCLAF1
hp_lehninger_hpc3,18,20.41,BHF,tf-idf,4057,2977,,,,,,1216.9288846173986,MLIP
hp_lehninger_hpc3,18,20.41,BHF,enrichment,4057,2977,,,,,,19443.000000003452,NRDE2
hp_lehninger_hpc3,18,20.41,BHF,Poisson score,4057,2977,,,,,,307.6526555685888,MUC16
hp_lehninger_hpc3,18,20.41,BHF,Poisson p-value,4057,2977,,,,,,0.0,TEKT3
hp_lehninger_hpc3,18,20.41,BHF,shared k-mers,4057,2977,,,,,,15.0,PNN
hp_lehninger_hpc3,18,20.41,BHF,containment,4057,2977,,,,,,0.15319148936170213,MUC16
hp_lehninger_hpc3,18,20.41,BHF,protein enrichment,4057,2977,,,,,,88.63467139420023,MUC16
hp_lehninger_hpc3,18,20.41,BHF,protein Poisson p-value,4057,2977,,,,,,0.0,SFI1
hp_lehninger_hpc3,21,23.81,Ced9,E-value,432,417,BCL2,false,,,,10.045221937955844,GABRP
hp_lehninger_hpc3,21,23.81,Ced9,bit score,432,417,BCL2,false,,,,28.16004637026397,GABRP
hp_lehninger_hpc3,21,23.81,Ced9,mean IDF,432,417,BCL2,false,,,,740.0997437867367,TIGD1
hp_lehninger_hpc3,21,23.81,Ced9,tf-idf,432,417,BCL2,false,,,,816.7168292267014,IFT81
hp_lehninger_hpc3,21,23.81,Ced9,enrichment,432,417,BCL2,false,,,,9719.999999999995,TLR8
hp_lehninger_hpc3,21,23.81,Ced9,Poisson score,432,417,BCL2,false,,,,307.6526555685888,CNTROB
hp_lehninger_hpc3,21,23.81,Ced9,Poisson p-value,432,417,BCL2,false,,,,0.0,ENTREP3
hp_lehninger_hpc3,21,23.81,Ced9,shared k-mers,432,417,BCL2,false,,,,10.0,ABHD5
hp_lehninger_hpc3,21,23.81,Ced9,containment,432,417,BCL2,false,,,,0.038461538461538464,ABHD5
hp_lehninger_hpc3,21,23.81,Ced9,protein enrichment,432,417,BCL2,false,,,,209.48275862069005,ABHD5
hp_lehninger_hpc3,21,23.81,Ced9,protein Poisson p-value,432,417,BCL2,false,,,,0.0,MACF1
hp_lehninger_hpc3,21,23.81,P66,E-value,2275,1518,CD47,false,,,,22.41519849259739,ENSG00000300293
hp_lehninger_hpc3,21,23.81,P66,bit score,2275,1518,CD47,false,,,,28.09438263884536,ENSG00000300293
hp_lehninger_hpc3,21,23.81,P66,mean IDF,2275,1518,CD47,true,1151,0,57.39300237983389,1299.868277927046,SYNRG
hp_lehninger_hpc3,21,23.81,P66,tf-idf,2275,1518,CD47,true,1347,0,57.39300237983389,1299.868277927046,SYNRG
hp_lehninger_hpc3,21,23.81,P66,enrichment,2275,1518,CD47,true,755,0,148.39694656488638,19440.00000000114,CHTF18
hp_lehninger_hpc3,21,23.81,P66,Poisson score,2275,1518,CD47,true,1197,1,2.1728874296649607,307.6526555685888,LRBA
hp_lehninger_hpc3,21,23.81,P66,Poisson p-value,2275,1518,CD47,true,1197,1,0.006716029117053823,0.0,ACLY
hp_lehninger_hpc3,21,23.81,P66,shared k-mers,2275,1518,CD47,true,922,596,1.0,14.0,RANBP10
hp_lehninger_hpc3,21,23.81,P66,containment,2275,1518,CD47,true,975,543,0.0017331022530329288,0.03119584055459272,TRA2A
hp_lehninger_hpc3,21,23.81,P66,protein enrichment,2275,1518,CD47,true,975,543,4.510440835266813,81.18793503480263,TRA2A
hp_lehninger_hpc3,21,23.81,P66,protein Poisson p-value,2275,1518,CD47,true,975,543,0.19885058916693021,0.0,TRA2A
hp_lehninger_hpc3,21,23.81,BHF,E-value,518,467,,false,,,,,
hp_lehninger_hpc3,21,23.81,BHF,bit score,518,467,,false,,,,,
hp_lehninger_hpc3,21,23.81,BHF,mean IDF,518,467,,,,,,1297.372840353492,SYNE2
hp_lehninger_hpc3,21,23.81,BHF,tf-idf,518,467,,,,,,1428.0231709861516,MLIP
hp_lehninger_hpc3,21,23.81,BHF,enrichment,518,467,,,,,,6480.000000000088,HAS2
hp_lehninger_hpc3,21,23.81,BHF,Poisson score,518,467,,,,,,307.6526555685888,ORC2
hp_lehninger_hpc3,21,23.81,BHF,Poisson p-value,518,467,,,,,,0.0,SFI1
hp_lehninger_hpc3,21,23.81,BHF,shared k-mers,518,467,,,,,,12.0,PNN
hp_lehninger_hpc3,21,23.81,BHF,containment,518,467,,,,,,0.05172413793103448,PNN
hp_lehninger_hpc3,21,23.81,BHF,protein enrichment,518,467,,,,,,212.0727272727274,PNN
hp_lehninger_hpc3,21,23.81,BHF,protein Poisson p-value,518,467,,,,,,0.0,ACE2
hp_lehninger_hpc3,25,28.35,Ced9,E-value,27,27,BCL2,false,,,,,
hp_lehninger_hpc3,25,28.35,Ced9,bit score,27,27,BCL2,false,,,,,
hp_lehninger_hpc3,25,28.35,Ced9,mean IDF,27,27,BCL2,false,,,,151.35350375943332,FBXO41
hp_lehninger_hpc3,25,28.35,Ced9,tf-idf,27,27,BCL2,false,,,,209.2161944580315,IFT81
hp_lehninger_hpc3,25,28.35,Ced9,enrichment,27,27,BCL2,false,,,,6478.3333333333185,MACF1
hp_lehninger_hpc3,25,28.35,Ced9,Poisson score,27,27,BCL2,false,,,,307.6526555685888,MACF1
hp_lehninger_hpc3,25,28.35,Ced9,Poisson p-value,27,27,BCL2,false,,,,0.0,MACF1
hp_lehninger_hpc3,25,28.35,Ced9,shared k-mers,27,27,BCL2,false,,,,6.0,ABHD5
hp_lehninger_hpc3,25,28.35,Ced9,containment,27,27,BCL2,false,,,,0.0234375,ABHD5
hp_lehninger_hpc3,25,28.35,Ced9,protein enrichment,27,27,BCL2,false,,,,428.7132352941184,ABHD5
hp_lehninger_hpc3,25,28.35,Ced9,protein Poisson p-value,27,27,BCL2,false,,,,1.0325074129013956e-14,ABHD5
hp_lehninger_hpc3,25,28.35,P66,E-value,138,133,CD47,false,,,,,
hp_lehninger_hpc3,25,28.35,P66,bit score,138,133,CD47,false,,,,,
hp_lehninger_hpc3,25,28.35,P66,mean IDF,138,133,CD47,false,,,,415.73607949795394,BCL11A
hp_lehninger_hpc3,25,28.35,P66,tf-idf,138,133,CD47,false,,,,468.628956896976,KRI1
hp_lehninger_hpc3,25,28.35,P66,enrichment,138,133,CD47,false,,,,7067.272727272791,LRBA
hp_lehninger_hpc3,25,28.35,P66,Poisson score,138,133,CD47,false,,,,307.6526555685888,GPATCH1
hp_lehninger_hpc3,25,28.35,P66,Poisson p-value,138,133,CD47,false,,,,0.0,RBM39
hp_lehninger_hpc3,25,28.35,P66,shared k-mers,138,133,CD47,false,,,,10.0,RANBP10
hp_lehninger_hpc3,25,28.35,P66,containment,138,133,CD47,false,,,,0.017452006980802792,RANBP10
hp_lehninger_hpc3,25,28.35,P66,protein enrichment,138,133,CD47,false,,,,259.1333333333345,RANBP10
hp_lehninger_hpc3,25,28.35,P66,protein Poisson p-value,138,133,CD47,false,,,,0.0,RANBP10
hp_lehninger_hpc3,25,28.35,BHF,E-value,37,36,,false,,,,,
hp_lehninger_hpc3,25,28.35,BHF,bit score,37,36,,false,,,,,
hp_lehninger_hpc3,25,28.35,BHF,mean IDF,37,36,,,,,,346.87578236440976,SON
hp_lehninger_hpc3,25,28.35,BHF,tf-idf,37,36,,,,,,375.8071277137088,LRRIQ1
hp_lehninger_hpc3,25,28.35,BHF,enrichment,37,36,,,,,,9717.500000000087,SFI1
hp_lehninger_hpc3,25,28.35,BHF,Poisson score,37,36,,,,,,307.6526555685888,PNN
hp_lehninger_hpc3,25,28.35,BHF,Poisson p-value,37,36,,,,,,0.0,RNMT
hp_lehninger_hpc3,25,28.35,BHF,shared k-mers,37,36,,,,,,8.0,PNN
hp_lehninger_hpc3,25,28.35,BHF,containment,37,36,,,,,,0.03508771929824561,PNN
hp_lehninger_hpc3,25,28.35,BHF,protein enrichment,37,36,,,,,,598.0000000000006,PNN
hp_lehninger_hpc3,25,28.35,BHF,protein Poisson p-value,37,36,,,,,,0.0,DHX8
hp_lehninger_hpc3,28,31.75,Ced9,E-value,3,3,BCL2,false,,,,,
hp_lehninger_hpc3,28,31.75,Ced9,bit score,3,3,BCL2,false,,,,,
hp_lehninger_hpc3,28,31.75,Ced9,mean IDF,3,3,BCL2,false,,,,9.874264693859224,MACF1
hp_lehninger_hpc3,28,31.75,Ced9,tf-idf,3,3,BCL2,false,,,,29.622794081577673,ABHD5
hp_lehninger_hpc3,28,31.75,Ced9,enrichment,3,3,BCL2,false,,,,19424.000000000004,C16orf96
hp_lehninger_hpc3,28,31.75,Ced9,Poisson score,3,3,BCL2,false,,,,12.211864638886306,ABHD5
hp_lehninger_hpc3,28,31.75,Ced9,Poisson p-value,3,3,BCL2,false,,,,6.139533326177116e-13,ABHD5
hp_lehninger_hpc3,28,31.75,Ced9,shared k-mers,3,3,BCL2,false,,,,3.0,ABHD5
hp_lehninger_hpc3,28,31.75,Ced9,containment,3,3,BCL2,false,,,,0.011857707509881422,ABHD5
hp_lehninger_hpc3,28,31.75,Ced9,protein enrichment,3,3,BCL2,false,,,,230.32411067193524,ABHD5
hp_lehninger_hpc3,28,31.75,Ced9,protein Poisson p-value,3,3,BCL2,false,,,,3.6471458653153377e-7,ABHD5
hp_lehninger_hpc3,28,31.75,P66,E-value,17,17,CD47,false,,,,,
hp_lehninger_hpc3,28,31.75,P66,bit score,17,17,CD47,false,,,,,
hp_lehninger_hpc3,28,31.75,P66,mean IDF,17,17,CD47,false,,,,9.874264693859232,TLR6
hp_lehninger_hpc3,28,31.75,P66,tf-idf,17,17,CD47,false,,,,62.76374519631872,RANBP10
hp_lehninger_hpc3,28,31.75,P66,enrichment,17,17,CD47,false,,,,19424.00000000033,MASTL
hp_lehninger_hpc3,28,31.75,P66,Poisson score,17,17,CD47,false,,,,307.6526555685888,RBM39
hp_lehninger_hpc3,28,31.75,P66,Poisson p-value,17,17,CD47,false,,,,0.0,RBM39
hp_lehninger_hpc3,28,31.75,P66,shared k-mers,17,17,CD47,false,,,,7.0,RANBP10
hp_lehninger_hpc3,28,31.75,P66,containment,17,17,CD47,false,,,,0.012280701754385965,RANBP10
hp_lehninger_hpc3,28,31.75,P66,protein enrichment,17,17,CD47,false,,,,232.42393162393253,RANBP10
hp_lehninger_hpc3,28,31.75,P66,protein Poisson p-value,17,17,CD47,false,,,,4.3298697960381105e-15,RANBP10
hp_lehninger_hpc3,28,31.75,BHF,E-value,10,10,,false,,,,,
hp_lehninger_hpc3,28,31.75,BHF,bit score,10,10,,false,,,,,
hp_lehninger_hpc3,28,31.75,BHF,mean IDF,10,10,,,,,,9.874264693859232,DHX8
hp_lehninger_hpc3,28,31.75,BHF,tf-idf,10,10,,,,,,48.67817628873619,PNN
hp_lehninger_hpc3,28,31.75,BHF,enrichment,10,10,,,,,,19424.000000000004,DHX8
hp_lehninger_hpc3,28,31.75,BHF,Poisson score,10,10,,,,,,307.6526555685888,PNN
hp_lehninger_hpc3,28,31.75,BHF,Poisson p-value,10,10,,,,,,0.0,PNN
hp_lehninger_hpc3,28,31.75,BHF,shared k-mers,10,10,,,,,,5.0,PNN
hp_lehninger_hpc3,28,31.75,BHF,containment,10,10,,,,,,0.022222222222222223,PNN
hp_lehninger_hpc3,28,31.75,BHF,protein enrichment,10,10,,,,,,429.73451327433395,PNN
hp_lehninger_hpc3,28,31.75,BHF,protein Poisson p-value,10,10,,,,,,1.7598145163333356e-12,PNN
hp_lehninger_hpc3,32,36.29,Ced9,E-value,0,0,BCL2,false,,,,,
hp_lehninger_hpc3,32,36.29,Ced9,bit score,0,0,BCL2,false,,,,,
hp_lehninger_hpc3,32,36.29,Ced9,mean IDF,0,0,BCL2,false,,,,,
hp_lehninger_hpc3,32,36.29,Ced9,tf-idf,0,0,BCL2,false,,,,,
hp_lehninger_hpc3,32,36.29,Ced9,enrichment,0,0,BCL2,false,,,,,
hp_lehninger_hpc3,32,36.29,Ced9,Poisson score,0,0,BCL2,false,,,,,
hp_lehninger_hpc3,32,36.29,Ced9,Poisson p-value,0,0,BCL2,false,,,,,
hp_lehninger_hpc3,32,36.29,Ced9,shared k-mers,0,0,BCL2,false,,,,,
hp_lehninger_hpc3,32,36.29,Ced9,containment,0,0,BCL2,false,,,,,
hp_lehninger_hpc3,32,36.29,Ced9,protein enrichment,0,0,BCL2,false,,,,,
hp_lehninger_hpc3,32,36.29,Ced9,protein Poisson p-value,0,0,BCL2,false,,,,,
hp_lehninger_hpc3,32,36.29,P66,E-value,3,3,CD47,false,,,,,
hp_lehninger_hpc3,32,36.29,P66,bit score,3,3,CD47,false,,,,,
hp_lehninger_hpc3,32,36.29,P66,mean IDF,3,3,CD47,false,,,,9.873749734272172,GPATCH1
hp_lehninger_hpc3,32,36.29,P66,tf-idf,3,3,CD47,false,,,,28.92810202225657,RANBP10
hp_lehninger_hpc3,32,36.29,P66,enrichment,3,3,CD47,false,,,,19414.000000000153,GPATCH1
hp_lehninger_hpc3,32,36.29,P66,Poisson score,3,3,CD47,false,,,,11.836391202145967,RANBP10
hp_lehninger_hpc3,32,36.29,P66,Poisson p-value,3,3,CD47,false,,,,1.4575007867279055e-12,RANBP10
hp_lehninger_hpc3,32,36.29,P66,shared k-mers,3,3,CD47,false,,,,3.0,RANBP10
hp_lehninger_hpc3,32,36.29,P66,containment,3,3,CD47,false,,,,0.00530035335689046,RANBP10
hp_lehninger_hpc3,32,36.29,P66,protein enrichment,3,3,CD47,false,,,,102.7195767195774,RANBP10
hp_lehninger_hpc3,32,36.29,P66,protein Poisson p-value,3,3,CD47,false,,,,4.062065225296507e-6,RANBP10
hp_lehninger_hpc3,32,36.29,BHF,E-value,1,1,,false,,,,,
hp_lehninger_hpc3,32,36.29,BHF,bit score,1,1,,false,,,,,
hp_lehninger_hpc3,32,36.29,BHF,mean IDF,1,1,,,,,,9.873749734272172,PNN
hp_lehninger_hpc3,32,36.29,BHF,tf-idf,1,1,,,,,,9.873749734272172,PNN
hp_lehninger_hpc3,32,36.29,BHF,enrichment,1,1,,,,,,19413.99999999999,PNN
hp_lehninger_hpc3,32,36.29,BHF,Poisson score,1,1,,,,,,4.288126210324887,PNN
hp_lehninger_hpc3,32,36.29,BHF,Poisson p-value,1,1,,,,,,0.00005150789357333263,PNN
hp_lehninger_hpc3,32,36.29,BHF,shared k-mers,1,1,,,,,,1.0,PNN
hp_lehninger_hpc3,32,36.29,BHF,containment,1,1,,,,,,0.004524886877828055,PNN
hp_lehninger_hpc3,32,36.29,BHF,protein enrichment,1,1,,,,,,87.8461538461543,PNN
hp_lehninger_hpc3,32,36.29,BHF,protein Poisson p-value,1,1,,,,,,0.011318990346221969,PNN
hp_pbotc_1st_ed2,16,15.91,Ced9,E-value,27408,11706,BCL2,true,5558,106,10209.467341599568,0.34099721067503697,PCSK5
hp_pbotc_1st_ed2,16,15.91,Ced9,bit score,27408,11706,BCL2,true,5558,106,18.14846540091367,33.018253535632354,PCSK5
hp_pbotc_1st_ed2,16,15.91,Ced9,mean IDF,27408,11706,BCL2,true,10898,2,4.44333420302102,525.271045528297,ADGRL2
hp_pbotc_1st_ed2,16,15.91,Ced9,tf-idf,27408,11706,BCL2,true,10030,3,13.330002609063058,525.271045528297,ADGRL2
hp_pbotc_1st_ed2,16,15.91,Ced9,enrichment,27408,11706,BCL2,true,3737,4,84.81659388646287,353.14545454545373,KDM6B
hp_pbotc_1st_ed2,16,15.91,Ced9,Poisson score,27408,11706,BCL2,true,2513,10,5.1437406514518615,307.6526555685888,GADL1
hp_pbotc_1st_ed2,16,15.91,Ced9,Poisson p-value,27408,11706,BCL2,true,2513,10,7.1822306600966e-6,0.0,AHDC1
hp_pbotc_1st_ed2,16,15.91,Ced9,shared k-mers,27408,11706,BCL2,true,2923,2099,3.0,18.0,MYH16
hp_pbotc_1st_ed2,16,15.91,Ced9,containment,27408,11706,BCL2,true,5373,1560,0.011406844106463879,0.33460076045627374,TTN
hp_pbotc_1st_ed2,16,15.91,Ced9,protein enrichment,27408,11706,BCL2,true,5373,1560,1.1101817627557828,32.56533170750296,TTN
hp_pbotc_1st_ed2,16,15.91,Ced9,protein Poisson p-value,27408,11706,BCL2,true,5373,1560,0.5069290161622596,0.0,TTN
hp_pbotc_1st_ed2,16,15.91,P66,E-value,73454,15885,CD47,true,14133,2,209961.4585312671,3.9534105648997566,SMG1
hp_pbotc_1st_ed2,16,15.91,P66,bit score,73454,15885,CD47,true,14133,2,14.878624484205785,30.575291695263285,SMG1
hp_pbotc_1st_ed2,16,15.91,P66,mean IDF,73454,15885,CD47,true,12629,0,19.862156807842894,615.4882567939155,GIT1
hp_pbotc_1st_ed2,16,15.91,P66,tf-idf,73454,15885,CD47,true,12459,0,39.72431361568579,672.4534234983116,DMP1
hp_pbotc_1st_ed2,16,15.91,P66,enrichment,73454,15885,CD47,true,8830,1,63.21562245728239,269.7638888888924,MS4A15
hp_pbotc_1st_ed2,16,15.91,P66,Poisson score,73454,15885,CD47,true,3225,6,6.1972298422605325,307.6526555685888,ITFG1
hp_pbotc_1st_ed2,16,15.91,P66,Poisson p-value,73454,15885,CD47,true,3225,6,6.349947837547276e-7,0.0,TTC27
hp_pbotc_1st_ed2,16,15.91,P66,shared k-mers,73454,15885,CD47,true,3629,2396,4.0,15.0,FRMD4A
hp_pbotc_1st_ed2,16,15.91,P66,containment,73454,15885,CD47,true,7018,996,0.01054481546572935,0.40597539543058,TTN
hp_pbotc_1st_ed2,16,15.91,P66,protein enrichment,73454,15885,CD47,true,7018,996,0.9133501575309181,35.163981064940344,TTN
hp_pbotc_1st_ed2,16,15.91,P66,protein Poisson p-value,73454,15885,CD47,true,7018,996,0.640941167272777,0.0,PAPPA2
hp_pbotc_1st_ed2,16,15.91,BHF,E-value,38931,12722,,,,,,5.22821293236231,C1GALT1
hp_pbotc_1st_ed2,16,15.91,BHF,bit score,38931,12722,,,,,,28.927764385708027,C1GALT1
hp_pbotc_1st_ed2,16,15.91,BHF,mean IDF,38931,12722,,,,,,666.5360292665688,SPICE1
hp_pbotc_1st_ed2,16,15.91,BHF,tf-idf,38931,12722,,,,,,666.5360292665688,SPICE1
hp_pbotc_1st_ed2,16,15.91,BHF,enrichment,38931,12722,,,,,,323.71666666667863,CREBBP
hp_pbotc_1st_ed2,16,15.91,BHF,Poisson score,38931,12722,,,,,,307.6526555685888,SLC12A2
hp_pbotc_1st_ed2,16,15.91,BHF,Poisson p-value,38931,12722,,,,,,0.0,EPB41L4B
hp_pbotc_1st_ed2,16,15.91,BHF,shared k-mers,38931,12722,,,,,,16.0,MAP1B
hp_pbotc_1st_ed2,16,15.91,BHF,containment,38931,12722,,,,,,0.4830508474576271,MUC16
hp_pbotc_1st_ed2,16,15.91,BHF,protein enrichment,38931,12722,,,,,,30.18501806284506,MUC16
hp_pbotc_1st_ed2,16,15.91,BHF,protein Poisson p-value,38931,12722,,,,,,0.0,F5
hp_pbotc_1st_ed2,20,19.88,Ced9,E-value,1755,1601,BCL2,false,,,,0.17689908618987657,PCSK5
hp_pbotc_1st_ed2,20,19.88,Ced9,bit score,1755,1601,BCL2,false,,,,33.98255999841502,PCSK5
hp_pbotc_1st_ed2,20,19.88,Ced9,mean IDF,1755,1601,BCL2,false,,,,698.6348935331989,ASPM
hp_pbotc_1st_ed2,20,19.88,Ced9,tf-idf,1755,1601,BCL2,false,,,,741.3200963851982,CHD4
hp_pbotc_1st_ed2,20,19.88,Ced9,enrichment,1755,1601,BCL2,false,,,,9709.0,GYS1
hp_pbotc_1st_ed2,20,19.88,Ced9,Poisson score,1755,1601,BCL2,false,,,,307.6526555685888,SYT16
hp_pbotc_1st_ed2,20,19.88,Ced9,Poisson p-value,1755,1601,BCL2,false,,,,0.0,NPHP3
hp_pbotc_1st_ed2,20,19.88,Ced9,shared k-mers,1755,1601,BCL2,false,,,,14.0,MYH16
hp_pbotc_1st_ed2,20,19.88,Ced9,containment,1755,1601,BCL2,false,,,,0.05363984674329502,MYH16
hp_pbotc_1st_ed2,20,19.88,Ced9,protein enrichment,1755,1601,BCL2,false,,,,76.64279672963067,MYH16
hp_pbotc_1st_ed2,20,19.88,Ced9,protein Poisson p-value,1755,1601,BCL2,false,,,,0.0,CSMD3
hp_pbotc_1st_ed2,20,19.88,P66,E-value,8131,4368,CD47,false,,,,4.415980629285864,MEX3B
hp_pbotc_1st_ed2,20,19.88,P66,bit score,8131,4368,CD47,false,,,,30.43312875960161,MEX3B
hp_pbotc_1st_ed2,20,19.88,P66,mean IDF,8131,4368,CD47,false,,,,803.384428628302,ALCAM
hp_pbotc_1st_ed2,20,19.88,P66,tf-idf,8131,4368,CD47,false,,,,988.050821438159,VCPIP1
hp_pbotc_1st_ed2,20,19.88,P66,enrichment,8131,4368,CD47,false,,,,9709.0,RPP38
hp_pbotc_1st_ed2,20,19.88,P66,Poisson score,8131,4368,CD47,false,,,,307.6526555685888,LRBA
hp_pbotc_1st_ed2,20,19.88,P66,Poisson p-value,8131,4368,CD47,false,,,,0.0,ABL2
hp_pbotc_1st_ed2,20,19.88,P66,shared k-mers,8131,4368,CD47,false,,,,13.0,GPATCH1
hp_pbotc_1st_ed2,20,19.88,P66,containment,8131,4368,CD47,false,,,,0.03466204506065858,SETD2
hp_pbotc_1st_ed2,20,19.88,P66,protein enrichment,8131,4368,CD47,false,,,,26.21397232534593,SETD2
hp_pbotc_1st_ed2,20,19.88,P66,protein Poisson p-value,8131,4368,CD47,false,,,,0.0,NEMF
hp_pbotc_1st_ed2,20,19.88,BHF,E-value,2872,2275,,,,,,1.9934927901656312,C1GALT1
hp_pbotc_1st_ed2,20,19.88,BHF,bit score,2872,2275,,,,,,30.336257018007988,C1GALT1
hp_pbotc_1st_ed2,20,19.88,BHF,mean IDF,2872,2275,,,,,,827.751625596019,PHF14
hp_pbotc_1st_ed2,20,19.88,BHF,tf-idf,2872,2275,,,,,,1004.9245900316232,LORICRIN
hp_pbotc_1st_ed2,20,19.88,BHF,enrichment,2872,2275,,,,,,4854.5,MED14
hp_pbotc_1st_ed2,20,19.88,BHF,Poisson score,2872,2275,,,,,,307.6526555685888,ENDOU
hp_pbotc_1st_ed2,20,19.88,BHF,Poisson p-value,2872,2275,,,,,,0.0,ARHGAP21
hp_pbotc_1st_ed2,20,19.88,BHF,shared k-mers,2872,2275,,,,,,12.0,MAP1B
hp_pbotc_1st_ed2,20,19.88,BHF,containment,2872,2275,,,,,,0.07296137339055794,CHD2
hp_pbotc_1st_ed2,20,19.88,BHF,protein enrichment,2872,2275,,,,,,55.72349763673189,CHD2
hp_pbotc_1st_ed2,20,19.88,BHF,protein Poisson p-value,2872,2275,,,,,,0.0,AKAP13
hp_pbotc_1st_ed2,24,23.86,Ced9,E-value,126,124,BCL2,false,,,,1.202923199434814,GRAMD1C
hp_pbotc_1st_ed2,24,23.86,Ced9,bit score,126,124,BCL2,false,,,,31.213175943603055,GRAMD1C
hp_pbotc_1st_ed2,24,23.86,Ced9,mean IDF,126,124,BCL2,false,,,,433.80240895445195,RALGAPA1
hp_pbotc_1st_ed2,24,23.86,Ced9,tf-idf,126,124,BCL2,false,,,,433.80240895445195,RALGAPA1
hp_pbotc_1st_ed2,24,23.86,Ced9,enrichment,126,124,BCL2,false,,,,19414.000000000153,ZNF543
hp_pbotc_1st_ed2,24,23.86,Ced9,Poisson score,126,124,BCL2,false,,,,307.6526555685888,NPHP3
hp_pbotc_1st_ed2,24,23.86,Ced9,Poisson p-value,126,124,BCL2,false,,,,0.0,GRAMD1C
hp_pbotc_1st_ed2,24,23.86,Ced9,shared k-mers,126,124,BCL2,false,,,,10.0,MYH16
hp_pbotc_1st_ed2,24,23.86,Ced9,containment,126,124,BCL2,false,,,,0.038910505836575876,MYH16
hp_pbotc_1st_ed2,24,23.86,Ced9,protein enrichment,126,124,BCL2,false,,,,523.288409703506,MYH16
hp_pbotc_1st_ed2,24,23.86,Ced9,protein Poisson p-value,126,124,BCL2,false,,,,0.0,MYH16
hp_pbotc_1st_ed2,24,23.86,P66,E-value,802,635,CD47,false,,,,6.016764181529469,NLRC5
hp_pbotc_1st_ed2,24,23.86,P66,bit score,802,635,CD47,false,,,,29.98303677108577,NLRC5
hp_pbotc_1st_ed2,24,23.86,P66,mean IDF,802,635,CD47,false,,,,613.9502722999995,VCPIP1
hp_pbotc_1st_ed2,24,23.86,P66,tf-idf,802,635,CD47,false,,,,765.1588579884801,RBM15B
hp_pbotc_1st_ed2,24,23.86,P66,enrichment,802,635,CD47,false,,,,19414.000000001462,GCNT3
hp_pbotc_1st_ed2,24,23.86,P66,Poisson score,802,635,CD47,false,,,,307.6526555685888,TAF7
hp_pbotc_1st_ed2,24,23.86,P66,Poisson p-value,802,635,CD47,false,,,,0.0,GPATCH1
hp_pbotc_1st_ed2,24,23.86,P66,shared k-mers,802,635,CD47,false,,,,10.0,GPATCH1
hp_pbotc_1st_ed2,24,23.86,P66,containment,802,635,CD47,false,,,,0.017421602787456445,GPATCH1
hp_pbotc_1st_ed2,24,23.86,P66,protein enrichment,802,635,CD47,false,,,,121.4893617021272,GPATCH1
hp_pbotc_1st_ed2,24,23.86,P66,protein Poisson p-value,802,635,CD47,false,,,,0.0,GPATCH1
hp_pbotc_1st_ed2,24,23.86,BHF,E-value,236,220,,,,,,14.227325464943474,RANBP6
hp_pbotc_1st_ed2,24,23.86,BHF,bit score,236,220,,,,,,27.49712481075803,RANBP6
hp_pbotc_1st_ed2,24,23.86,BHF,mean IDF,236,220,,,,,,731.6528291795421,CATSPER1
hp_pbotc_1st_ed2,24,23.86,BHF,tf-idf,236,220,,,,,,731.6528291795421,CATSPER1
hp_pbotc_1st_ed2,24,23.86,BHF,enrichment,236,220,,,,,,19414.000000000153,RAB11FIP3
hp_pbotc_1st_ed2,24,23.86,BHF,Poisson score,236,220,,,,,,307.6526555685888,ENDOU
hp_pbotc_1st_ed2,24,23.86,BHF,Poisson p-value,236,220,,,,,,0.0,RBMXL3
hp_pbotc_1st_ed2,24,23.86,BHF,shared k-mers,236,220,,,,,,8.0,MAP1B
hp_pbotc_1st_ed2,24,23.86,BHF,containment,236,220,,,,,,0.034934497816593885,MAP1B
hp_pbotc_1st_ed2,24,23.86,BHF,protein enrichment,236,220,,,,,,278.3369175627247,MAP1B
hp_pbotc_1st_ed2,24,23.86,BHF,protein Poisson p-value,236,220,,,,,,0.0,MAP1B
hp_pbotc_1st_ed2,28,27.84,Ced9,E-value,9,9,BCL2,false,,,,0.6325309583410428,GRAMD1C
hp_pbotc_1st_ed2,28,27.84,Ced9,bit score,9,9,BCL2,false,,,,32.13303620754325,GRAMD1C
hp_pbotc_1st_ed2,28,27.84,Ced9,mean IDF,9,9,BCL2,false,,,,29.619239670344086,NPHP3
hp_pbotc_1st_ed2,28,27.84,Ced9,tf-idf,9,9,BCL2,false,,,,88.85771901103226,NPHP3
hp_pbotc_1st_ed2,28,27.84,Ced9,enrichment,9,9,BCL2,false,,,,19400.99999999994,MSH5
hp_pbotc_1st_ed2,28,27.84,Ced9,Poisson score,9,9,BCL2,false,,,,307.6526555685888,MYH16
hp_pbotc_1st_ed2,28,27.84,Ced9,Poisson p-value,9,9,BCL2,false,,,,0.0,MYH16
hp_pbotc_1st_ed2,28,27.84,Ced9,shared k-mers,9,9,BCL2,false,,,,6.0,MYH16
hp_pbotc_1st_ed2,28,27.84,Ced9,containment,9,9,BCL2,false,,,,0.023715415019762844,MYH16
hp_pbotc_1st_ed2,28,27.84,Ced9,protein enrichment,9,9,BCL2,false,,,,452.941634241247,MYH16
hp_pbotc_1st_ed2,28,27.84,Ced9,protein Poisson p-value,9,9,BCL2,false,,,,7.438494264988549e-15,MYH16
hp_pbotc_1st_ed2,28,27.84,P66,E-value,34,34,CD47,false,,,,5.810366741245103,LINGO1
hp_pbotc_1st_ed2,28,27.84,P66,bit score,34,34,CD47,false,,,,30.02591908204272,LINGO1
hp_pbotc_1st_ed2,28,27.84,P66,mean IDF,34,34,CD47,false,,,,174.39364784398816,HRNR
hp_pbotc_1st_ed2,28,27.84,P66,tf-idf,34,34,CD47,false,,,,174.39364784398816,HRNR
hp_pbotc_1st_ed2,28,27.84,P66,enrichment,34,34,CD47,false,,,,19401.000000000266,CELSR1
hp_pbotc_1st_ed2,28,27.84,P66,Poisson score,34,34,CD47,false,,,,307.6526555685888,GPATCH1
hp_pbotc_1st_ed2,28,27.84,P66,Poisson p-value,34,34,CD47,false,,,,0.0,GPATCH1
hp_pbotc_1st_ed2,28,27.84,P66,shared k-mers,34,34,CD47,false,,,,6.0,GPATCH1
hp_pbotc_1st_ed2,28,27.84,P66,containment,34,34,CD47,false,,,,0.010526315789473684,GPATCH1
hp_pbotc_1st_ed2,28,27.84,P66,protein enrichment,34,34,CD47,false,,,,194.33388981635943,GPATCH1
hp_pbotc_1st_ed2,28,27.84,P66,protein Poisson p-value,34,34,CD47,false,,,,1.1716183578869277e-12,GPATCH1
hp_pbotc_1st_ed2,28,27.84,BHF,E-value,14,14,,,,,,8.948689943235808,GIMAP8
hp_pbotc_1st_ed2,28,27.84,BHF,bit score,14,14,,,,,,28.1585646190816,GIMAP8
hp_pbotc_1st_ed2,28,27.84,BHF,mean IDF,14,14,,,,,,87.75910672236415,KIF27
hp_pbotc_1st_ed2,28,27.84,BHF,tf-idf,14,14,,,,,,95.55274507079909,NYAP2
hp_pbotc_1st_ed2,28,27.84,BHF,enrichment,14,14,,,,,,11640.600000000082,CHD2
hp_pbotc_1st_ed2,28,27.84,BHF,Poisson score,14,14,,,,,,11.99842133971564,MAP1B
hp_pbotc_1st_ed2,28,27.84,BHF,Poisson p-value,14,14,,,,,,1.0036416142611415e-12,MAP1B
hp_pbotc_1st_ed2,28,27.84,BHF,shared k-mers,14,14,,,,,,4.0,MAP1B
hp_pbotc_1st_ed2,28,27.84,BHF,containment,14,14,,,,,,0.017777777777777778,MAP1B
hp_pbotc_1st_ed2,28,27.84,BHF,protein enrichment,14,14,,,,,,334.50000000000097,MAP1B
hp_pbotc_1st_ed2,28,27.84,BHF,protein Poisson p-value,14,14,,,,,,8.438988396974878e-10,MAP1B
hp_pbotc_1st_ed2,32,31.81,Ced9,E-value,1,1,BCL2,false,,,,,
hp_pbotc_1st_ed2,32,31.81,Ced9,bit score,1,1,BCL2,false,,,,,
hp_pbotc_1st_ed2,32,31.81,Ced9,mean IDF,1,1,BCL2,false,,,,9.872564319882619,MYH16
hp_pbotc_1st_ed2,32,31.81,Ced9,tf-idf,1,1,BCL2,false,,,,19.745128639765237,MYH16
hp_pbotc_1st_ed2,32,31.81,Ced9,enrichment,1,1,BCL2,false,,,,19391.0000000001,MYH16
hp_pbotc_1st_ed2,32,31.81,Ced9,Poisson score,1,1,BCL2,false,,,,8.274200277055126,MYH16
hp_pbotc_1st_ed2,32,31.81,Ced9,Poisson p-value,1,1,BCL2,false,,,,5.318629314743362e-9,MYH16
hp_pbotc_1st_ed2,32,31.81,Ced9,shared k-mers,1,1,BCL2,false,,,,2.0,MYH16
hp_pbotc_1st_ed2,32,31.81,Ced9,containment,1,1,BCL2,false,,,,0.008032128514056224,MYH16
hp_pbotc_1st_ed2,32,31.81,Ced9,protein enrichment,1,1,BCL2,false,,,,155.75100401606474,MYH16
hp_pbotc_1st_ed2,32,31.81,Ced9,protein Poisson p-value,1,1,BCL2,false,,,,0.000081743348374963,MYH16
hp_pbotc_1st_ed2,32,31.81,P66,E-value,1,1,CD47,false,,,,,
hp_pbotc_1st_ed2,32,31.81,P66,bit score,1,1,CD47,false,,,,,
hp_pbotc_1st_ed2,32,31.81,P66,mean IDF,1,1,CD47,false,,,,9.872564319882619,GPATCH1
hp_pbotc_1st_ed2,32,31.81,P66,tf-idf,1,1,CD47,false,,,,19.745128639765237,GPATCH1
hp_pbotc_1st_ed2,32,31.81,P66,enrichment,1,1,CD47,false,,,,19390.999999999447,GPATCH1
hp_pbotc_1st_ed2,32,31.81,P66,Poisson score,1,1,CD47,false,,,,8.274200277055126,GPATCH1
hp_pbotc_1st_ed2,32,31.81,P66,Poisson p-value,1,1,CD47,false,,,,5.318629314743362e-9,GPATCH1
hp_pbotc_1st_ed2,32,31.81,P66,shared k-mers,1,1,CD47,false,,,,2.0,GPATCH1
hp_pbotc_1st_ed2,32,31.81,P66,containment,1,1,CD47,false,,,,0.0035335689045936395,GPATCH1
hp_pbotc_1st_ed2,32,31.81,P66,protein enrichment,1,1,CD47,false,,,,68.51943462897448,GPATCH1
hp_pbotc_1st_ed2,32,31.81,P66,protein Poisson p-value,1,1,CD47,false,,,,0.0004177935419318324,GPATCH1
hp_pbotc_1st_ed2,32,31.81,BHF,E-value,0,0,,false,,,,,
hp_pbotc_1st_ed2,32,31.81,BHF,bit score,0,0,,false,,,,,
hp_pbotc_1st_ed2,32,31.81,BHF,mean IDF,0,0,,false,,,,,
hp_pbotc_1st_ed2,32,31.81,BHF,tf-idf,0,0,,false,,,,,
hp_pbotc_1st_ed2,32,31.81,BHF,enrichment,0,0,,false,,,,,
hp_pbotc_1st_ed2,32,31.81,BHF,Poisson score,0,0,,false,,,,,
hp_pbotc_1st_ed2,32,31.81,BHF,Poisson p-value,0,0,,false,,,,,
hp_pbotc_1st_ed2,32,31.81,BHF,shared k-mers,0,0,,false,,,,,
hp_pbotc_1st_ed2,32,31.81,BHF,containment,0,0,,false,,,,,
hp_pbotc_1st_ed2,32,31.81,BHF,protein enrichment,0,0,,false,,,,,
hp_pbotc_1st_ed2,32,31.81,BHF,protein Poisson p-value,0,0,,false,,,,,
gbmr4,10,15.28,Ced9,E-value,278245,19018,BCL2,false,,,,2.2039180584126954,AHNAK
gbmr4,10,15.28,Ced9,bit score,278245,19018,BCL2,false,,,,30.23240690278333,AHNAK
gbmr4,10,15.28,Ced9,mean IDF,278245,19018,BCL2,true,16979,0,48.52200746463683,668.6002542691565,RPGRIP1L
gbmr4,10,15.28,Ced9,tf-idf,278245,19018,BCL2,true,14915,1,101.13574240451925,682.7659005833827,TBC1D4
gbmr4,10,15.28,Ced9,enrichment,278245,19018,BCL2,true,13557,2,3.1809857509927553,19454.000000193246,TRPM4
gbmr4,10,15.28,Ced9,Poisson score,278245,19018,BCL2,true,4023,4,2.126598253620319,307.6526555685888,KIRREL2
gbmr4,10,15.28,Ced9,Poisson p-value,278245,19018,BCL2,true,4023,4,0.007471395842109874,0.0,KIRREL2
gbmr4,10,15.28,Ced9,shared k-mers,278245,19018,BCL2,true,1023,863,7.0,16.0,SPTA1
gbmr4,10,15.28,Ced9,containment,278245,19018,BCL2,true,9262,704,0.04580152671755725,0.5190839694656488,TTN
gbmr4,10,15.28,Ced9,protein enrichment,278245,19018,BCL2,true,9262,704,0.8209882187445051,9.304533145771057,TTN
gbmr4,10,15.28,Ced9,protein Poisson p-value,278245,19018,BCL2,true,9262,704,0.7885172304067896,0.0,BIRC6
gbmr4,10,15.28,P66,E-value,563875,19431,CD47,false,,,,0.6280003330403343,GEMIN5
gbmr4,10,15.28,P66,bit score,563875,19431,CD47,false,,,,33.135944363346184,GEMIN5
gbmr4,10,15.28,P66,mean IDF,563875,19431,CD47,true,10053,1,214.00891920916862,1191.1725285339344,CCDC88A
gbmr4,10,15.28,P66,tf-idf,563875,19431,CD47,true,12266,0,214.00891920916862,1275.6517130973443,TCHH
gbmr4,10,15.28,P66,enrichment,563875,19431,CD47,true,13909,18,5.377747062888737,3890.8000000117577,GLI3
gbmr4,10,15.28,P66,Poisson score,563875,19431,CD47,true,13378,38,1.2661522304885637,307.6526555685888,HSPA1L
gbmr4,10,15.28,P66,Poisson p-value,563875,19431,CD47,true,13378,38,0.05418109395623061,0.0,HSPA1L
gbmr4,10,15.28,P66,shared k-mers,563875,19431,CD47,true,12467,4073,3.0,15.0,EXOC2
gbmr4,10,15.28,P66,containment,563875,19431,CD47,true,12366,483,0.030797101449275364,0.5235507246376812,TTN
gbmr4,10,15.28,P66,protein enrichment,563875,19431,CD47,true,12366,483,0.5661602829449003,9.624724810063306,TTN
gbmr4,10,15.28,P66,protein Poisson p-value,563875,19431,CD47,true,12366,483,0.9961786121266464,0.0,CASP8AP2
gbmr4,10,15.28,BHF,E-value,334616,19165,,,,,,11.602163607514903,SPHK2
gbmr4,10,15.28,BHF,bit score,334616,19165,,,,,,27.684152431316992,SPHK2
gbmr4,10,15.28,BHF,mean IDF,334616,19165,,,,,,815.5899943659115,ROCK1
gbmr4,10,15.28,BHF,tf-idf,334616,19165,,,,,,819.836138285719,DLG5
gbmr4,10,15.28,BHF,enrichment,334616,19165,,,,,,3890.799999999993,SEC23B
gbmr4,10,15.28,BHF,Poisson score,334616,19165,,,,,,11.79658934104453,EGFLAM
gbmr4,10,15.28,BHF,Poisson p-value,334616,19165,,,,,,1.5973888878306752e-12,EGFLAM
gbmr4,10,15.28,BHF,shared k-mers,334616,19165,,,,,,16.0,JAKMIP1
gbmr4,10,15.28,BHF,containment,334616,19165,,,,,,0.6447368421052632,TTN
gbmr4,10,15.28,BHF,protein enrichment,334616,19165,,,,,,7.565744672407634,TTN
gbmr4,10,15.28,BHF,protein Poisson p-value,334616,19165,,,,,,0.0,DSP
gbmr4,13,19.86,Ced9,E-value,24047,9452,BCL2,false,,,,6.175645203397183,NOG
gbmr4,13,19.86,Ced9,bit score,24047,9452,BCL2,false,,,,28.851369708873715,NOG
gbmr4,13,19.86,Ced9,mean IDF,24047,9452,BCL2,true,9373,2,2.5003630832100043,742.7829835003577,MYCBP2
gbmr4,13,19.86,Ced9,tf-idf,24047,9452,BCL2,true,9098,4,10.001452332840017,962.6057621918109,TBC1D4
gbmr4,13,19.86,Ced9,enrichment,24047,9452,BCL2,true,3438,5,11.832116788321166,10610.181818177503,KIRREL2
gbmr4,13,19.86,Ced9,Poisson score,24047,9452,BCL2,true,1275,6,3.3810014721721497,307.6526555685888,KIRREL2
gbmr4,13,19.86,Ced9,Poisson p-value,24047,9452,BCL2,true,1275,6,0.0004159092006419396,0.0,KIRREL2
gbmr4,13,19.86,Ced9,shared k-mers,24047,9452,BCL2,true,997,840,4.0,13.0,SPTA1
gbmr4,13,19.86,Ced9,containment,24047,9452,BCL2,true,2738,834,0.0149812734082397,0.14606741573033707,SYNE1
gbmr4,13,19.86,Ced9,protein enrichment,24047,9452,BCL2,true,2738,834,2.1746226942425886,21.20257126886524,SYNE1
gbmr4,13,19.86,Ced9,protein Poisson p-value,24047,9452,BCL2,true,2738,834,0.1151210811759048,0.0,DNAH8
gbmr4,13,19.86,P66,E-value,44936,13193,CD47,false,,,,0.16479633527706739,GEMIN5
gbmr4,13,19.86,P66,bit score,44936,13193,CD47,false,,,,35.17150761850311,GEMIN5
gbmr4,13,19.86,P66,mean IDF,44936,13193,CD47,false,,,,1252.6322913143376,FAM184A
gbmr4,13,19.86,P66,tf-idf,44936,13193,CD47,false,,,,1473.75955126994,VIM
gbmr4,13,19.86,P66,enrichment,44936,13193,CD47,false,,,,19452.00000006465,SLIRP
gbmr4,13,19.86,P66,Poisson score,44936,13193,CD47,false,,,,307.6526555685888,TIPARP
gbmr4,13,19.86,P66,Poisson p-value,44936,13193,CD47,false,,,,0.0,MIIP
gbmr4,13,19.86,P66,shared k-mers,44936,13193,CD47,false,,,,12.0,CLCN2
gbmr4,13,19.86,P66,containment,44936,13193,CD47,false,,,,0.156794425087108,TTN
gbmr4,13,19.86,P66,protein enrichment,44936,13193,CD47,false,,,,25.612335961845194,TTN
gbmr4,13,19.86,P66,protein Poisson p-value,44936,13193,CD47,false,,,,0.0,HYDIN
gbmr4,13,19.86,BHF,E-value,40273,12176,,,,,,6.10337781304143,NFXL1
gbmr4,13,19.86,BHF,bit score,40273,12176,,,,,,28.716348586936547,NFXL1
gbmr4,13,19.86,BHF,mean IDF,40273,12176,,,,,,1330.155346807847,CEP135
gbmr4,13,19.86,BHF,tf-idf,40273,12176,,,,,,1330.155346807847,CEP135
gbmr4,13,19.86,BHF,enrichment,40273,12176,,,,,,9726.000000000162,ZYX
gbmr4,13,19.86,BHF,Poisson score,40273,12176,,,,,,15.653559774527022,ZFP28
gbmr4,13,19.86,BHF,Poisson p-value,40273,12176,,,,,,2.220446049250313e-16,ZFP28
gbmr4,13,19.86,BHF,shared k-mers,40273,12176,,,,,,15.0,PIEZO1
gbmr4,13,19.86,BHF,containment,40273,12176,,,,,,0.2532188841201717,TTN
gbmr4,13,19.86,BHF,protein enrichment,40273,12176,,,,,,18.205393401015233,TTN
gbmr4,13,19.86,BHF,protein Poisson p-value,40273,12176,,,,,,0.0,ROCK1
gbmr4,16,24.45,Ced9,E-value,2551,1834,BCL2,false,,,,1.2618439886667778,DGAT2L6
gbmr4,16,24.45,Ced9,bit score,2551,1834,BCL2,false,,,,31.158581178998453,DGAT2L6
gbmr4,16,24.45,Ced9,mean IDF,2551,1834,BCL2,true,1788,7,4.338422311779254,739.3879705967179,AKAP9
gbmr4,16,24.45,Ced9,tf-idf,2551,1834,BCL2,true,1810,7,4.338422311779254,739.3879705967179,AKAP9
gbmr4,16,24.45,Ced9,enrichment,2551,1834,BCL2,true,417,7,76.58661417322837,19452.999999999818,KIRREL2
gbmr4,16,24.45,Ced9,Poisson score,2551,1834,BCL2,true,1154,7,1.8869851009382292,15.35252977886304,KIF23
gbmr4,16,24.45,Ced9,Poisson p-value,2551,1834,BCL2,true,1154,7,0.012972237732431613,4.440892098500626e-16,KIF23
gbmr4,16,24.45,Ced9,shared k-mers,2551,1834,BCL2,true,995,839,1.0,10.0,SPATS2L
gbmr4,16,24.45,Ced9,containment,2551,1834,BCL2,true,1047,787,0.0037735849056603774,0.07547169811320754,SYNE1
gbmr4,16,24.45,Ced9,protein enrichment,2551,1834,BCL2,true,1047,787,4.696523418638332,93.93046837276664,SYNE1
gbmr4,16,24.45,Ced9,protein Poisson p-value,2551,1834,BCL2,true,1047,787,0.19178200134601808,0.0,SPTA1
gbmr4,16,24.45,P66,E-value,5770,3754,CD47,false,,,,4.919512514609374,ARRDC4
gbmr4,16,24.45,P66,bit score,5770,3754,CD47,false,,,,30.28790347054512,ARRDC4
gbmr4,16,24.45,P66,mean IDF,5770,3754,CD47,false,,,,743.8714836033641,CROCC
gbmr4,16,24.45,P66,tf-idf,5770,3754,CD47,false,,,,857.0585406836941,KIF5B
gbmr4,16,24.45,P66,enrichment,5770,3754,CD47,false,,,,19452.999999999985,ENSG00000188897
gbmr4,16,24.45,P66,Poisson score,5770,3754,CD47,false,,,,307.6526555685888,FAT3
gbmr4,16,24.45,P66,Poisson p-value,5770,3754,CD47,false,,,,0.0,FAT1
gbmr4,16,24.45,P66,shared k-mers,5770,3754,CD47,false,,,,9.0,EXOC2
gbmr4,16,24.45,P66,containment,5770,3754,CD47,false,,,,0.03466204506065858,TTN
gbmr4,16,24.45,P66,protein enrichment,5770,3754,CD47,false,,,,39.944558521560545,TTN
gbmr4,16,24.45,P66,protein Poisson p-value,5770,3754,CD47,false,,,,0.0,TTN
gbmr4,16,24.45,BHF,E-value,6539,4028,,,,,,4.01041954190482,ZFP28
gbmr4,16,24.45,BHF,bit score,6539,4028,,,,,,29.338358466390428,ZFP28
gbmr4,16,24.45,BHF,mean IDF,6539,4028,,,,,,1086.3537806488155,MYH3
gbmr4,16,24.45,BHF,tf-idf,6539,4028,,,,,,1096.4919014920806,PCNT
gbmr4,16,24.45,BHF,enrichment,6539,4028,,,,,,7294.874999999994,GPR119
gbmr4,16,24.45,BHF,Poisson score,6539,4028,,,,,,307.6526555685888,SIPA1L1
gbmr4,16,24.45,BHF,Poisson p-value,6539,4028,,,,,,0.0,TRIP10
gbmr4,16,24.45,BHF,shared k-mers,6539,4028,,,,,,15.0,DEK
gbmr4,16,24.45,BHF,containment,6539,4028,,,,,,0.0944206008583691,MUC16
gbmr4,16,24.45,BHF,protein enrichment,6539,4028,,,,,,37.56724016853944,MUC16
gbmr4,16,24.45,BHF,protein Poisson p-value,6539,4028,,,,,,0.0,SYNE1
gbmr4,18,27.5,Ced9,E-value,549,464,BCL2,false,,,,5.86565513154335,KIRREL2
gbmr4,18,27.5,Ced9,bit score,549,464,BCL2,false,,,,28.942236438359178,KIRREL2
gbmr4,18,27.5,Ced9,mean IDF,549,464,BCL2,false,,,,444.7312699325401,KIF20B
gbmr4,18,27.5,Ced9,tf-idf,549,464,BCL2,false,,,,444.7312699325401,KIF20B
gbmr4,18,27.5,Ced9,enrichment,549,464,BCL2,false,,,,19450.999999999873,HEATR5A
gbmr4,18,27.5,Ced9,Poisson score,549,464,BCL2,false,,,,15.954589770191003,SPATS2L
gbmr4,18,27.5,Ced9,Poisson p-value,549,464,BCL2,false,,,,1.1102230246251565e-16,SPATS2L
gbmr4,18,27.5,Ced9,shared k-mers,549,464,BCL2,false,,,,8.0,SPATS2L
gbmr4,18,27.5,Ced9,containment,549,464,BCL2,false,,,,0.045627376425855515,SYNE1
gbmr4,18,27.5,Ced9,protein enrichment,549,464,BCL2,false,,,,225.08389585342272,SYNE1
gbmr4,18,27.5,Ced9,protein Poisson p-value,549,464,BCL2,false,,,,0.0,SYNE1
gbmr4,18,27.5,P66,E-value,2162,1583,CD47,false,,,,22.129375754711017,FZD7
gbmr4,18,27.5,P66,bit score,2162,1583,CD47,false,,,,28.118941943921577,FZD1
gbmr4,18,27.5,P66,mean IDF,2162,1583,CD47,false,,,,480.61171562260915,FIP1L1
gbmr4,18,27.5,P66,tf-idf,2162,1583,CD47,false,,,,520.1143306690358,NEXN
gbmr4,18,27.5,P66,enrichment,2162,1583,CD47,false,,,,19451.000000004467,ALKBH4
gbmr4,18,27.5,P66,Poisson score,2162,1583,CD47,false,,,,307.6526555685888,CRTC2
gbmr4,18,27.5,P66,Poisson p-value,2162,1583,CD47,false,,,,0.0,CRTC2
gbmr4,18,27.5,P66,shared k-mers,2162,1583,CD47,false,,,,7.0,EXOC2
gbmr4,18,27.5,P66,containment,2162,1583,CD47,false,,,,0.01559792027729636,TCOF1
gbmr4,18,27.5,P66,protein enrichment,2162,1583,CD47,false,,,,43.918464626192076,ZFHX4
gbmr4,18,27.5,P66,protein Poisson p-value,2162,1583,CD47,false,,,,1.4607204334993185e-12,SENP7
gbmr4,18,27.5,BHF,E-value,2458,1821,,,,,,7.652568048794955,ZFP28
gbmr4,18,27.5,BHF,bit score,2458,1821,,,,,,28.40658162725986,ZFP28
gbmr4,18,27.5,BHF,mean IDF,2458,1821,,,,,,694.3848004295872,ANKRD26
gbmr4,18,27.5,BHF,tf-idf,2458,1821,,,,,,782.5367351429089,PCNT
gbmr4,18,27.5,BHF,enrichment,2458,1821,,,,,,3890.2000000000075,GPR119
gbmr4,18,27.5,BHF,Poisson score,2458,1821,,,,,,307.6526555685888,PIEZO1
gbmr4,18,27.5,BHF,Poisson p-value,2458,1821,,,,,,0.0,DEK
gbmr4,18,27.5,BHF,shared k-mers,2458,1821,,,,,,15.0,DEK
gbmr4,18,27.5,BHF,containment,2458,1821,,,,,,0.07725321888412018,DEK
gbmr4,18,27.5,BHF,protein enrichment,2458,1821,,,,,,80.6166244531433,DEK
gbmr4,18,27.5,BHF,protein Poisson p-value,2458,1821,,,,,,0.0,IWS1
gbmr4,21,32.08,Ced9,E-value,25,25,BCL2,false,,,,,
gbmr4,21,32.08,Ced9,bit score,25,25,BCL2,false,,,,,
gbmr4,21,32.08,Ced9,mean IDF,25,25,BCL2,false,,,,157.78971449295202,TRAK1
gbmr4,21,32.08,Ced9,tf-idf,25,25,BCL2,false,,,,157.78971449295202,SPTA1
gbmr4,21,32.08,Ced9,enrichment,25,25,BCL2,false,,,,12965.333333333327,BRD7
gbmr4,21,32.08,Ced9,Poisson score,25,25,BCL2,false,,,,14.331340479793102,SPATS2L
gbmr4,21,32.08,Ced9,Poisson p-value,25,25,BCL2,false,,,,4.6629367034256575e-15,SPATS2L
gbmr4,21,32.08,Ced9,shared k-mers,25,25,BCL2,false,,,,5.0,SPTA1
gbmr4,21,32.08,Ced9,containment,25,25,BCL2,false,,,,0.019230769230769232,SPATS2L
gbmr4,21,32.08,Ced9,protein enrichment,25,25,BCL2,false,,,,342.3943661971817,SPTA1
gbmr4,21,32.08,Ced9,protein Poisson p-value,25,25,BCL2,false,,,,5.467071240161658e-12,SPATS2L
gbmr4,21,32.08,P66,E-value,751,581,CD47,false,,,,,
gbmr4,21,32.08,P66,bit score,751,581,CD47,false,,,,,
gbmr4,21,32.08,P66,mean IDF,751,581,CD47,false,,,,335.1275142957345,DIDO1
gbmr4,21,32.08,P66,tf-idf,751,581,CD47,false,,,,335.1275142957345,DIDO1
gbmr4,21,32.08,P66,enrichment,751,581,CD47,false,,,,5834.399999999931,CRTC2
gbmr4,21,32.08,P66,Poisson score,751,581,CD47,false,,,,12.51573111077044,CLCN2
gbmr4,21,32.08,P66,Poisson p-value,751,581,CD47,false,,,,3.049782648645305e-13,CLCN2
gbmr4,21,32.08,P66,shared k-mers,751,581,CD47,false,,,,5.0,BTBD3
gbmr4,21,32.08,P66,containment,751,581,CD47,false,,,,0.01386481802426343,ARPP21
gbmr4,21,32.08,P66,protein enrichment,751,581,CD47,false,,,,83.82758620689616,ARPP21
gbmr4,21,32.08,P66,protein Poisson p-value,751,581,CD47,false,,,,1.567634910770721e-13,ARPP21
gbmr4,21,32.08,BHF,E-value,389,363,,false,,,,,
gbmr4,21,32.08,BHF,bit score,389,363,,false,,,,,
gbmr4,21,32.08,BHF,mean IDF,389,363,,,,,,504.8168194837543,PRPF40A
gbmr4,21,32.08,BHF,tf-idf,389,363,,,,,,504.8168194837543,PRPF40A
gbmr4,21,32.08,BHF,enrichment,389,363,,,,,,5186.133333333333,TGM7
gbmr4,21,32.08,BHF,Poisson score,389,363,,,,,,307.6526555685888,TRIP10
gbmr4,21,32.08,BHF,Poisson p-value,389,363,,,,,,0.0,DEK
gbmr4,21,32.08,BHF,shared k-mers,389,363,,,,,,14.0,DEK
gbmr4,21,32.08,BHF,containment,389,363,,,,,,0.06896551724137931,DEK
gbmr4,21,32.08,BHF,protein enrichment,389,363,,,,,,303.8749999999996,DEK
gbmr4,21,32.08,BHF,protein Poisson p-value,389,363,,,,,,0.0,TNRC6A
gbmr4,24,36.67,Ced9,E-value,2,2,BCL2,false,,,,,
gbmr4,24,36.67,Ced9,bit score,2,2,BCL2,false,,,,,
gbmr4,24,36.67,Ced9,mean IDF,2,2,BCL2,false,,,,9.875242387095826,SPTA1
gbmr4,24,36.67,Ced9,tf-idf,2,2,BCL2,false,,,,19.75048477419165,SPATS2L
gbmr4,24,36.67,Ced9,enrichment,2,2,BCL2,false,,,,19443.00000000017,SPATS2L
gbmr4,24,36.67,Ced9,Poisson score,2,2,BCL2,false,,,,8.276526336589908,SPATS2L
gbmr4,24,36.67,Ced9,Poisson p-value,2,2,BCL2,false,,,,5.290219151632414e-9,SPATS2L
gbmr4,24,36.67,Ced9,shared k-mers,2,2,BCL2,false,,,,2.0,SPATS2L
gbmr4,24,36.67,Ced9,containment,2,2,BCL2,false,,,,0.007782101167315175,SPTA1
gbmr4,24,36.67,Ced9,protein enrichment,2,2,BCL2,false,,,,151.30739299610914,SPATS2L
gbmr4,24,36.67,Ced9,protein Poisson p-value,2,2,BCL2,false,,,,0.00008659339530459054,SPATS2L
gbmr4,24,36.67,P66,E-value,33,32,CD47,false,,,,,
gbmr4,24,36.67,P66,bit score,33,32,CD47,false,,,,,
gbmr4,24,36.67,P66,mean IDF,33,32,CD47,false,,,,9.875242387095827,SLC4A7
gbmr4,24,36.67,P66,tf-idf,33,32,CD47,false,,,,17.671043232511806,ARPP21
gbmr4,24,36.67,P66,enrichment,33,32,CD47,false,,,,19442.999999999516,EXOC2
gbmr4,24,36.67,P66,Poisson score,33,32,CD47,false,,,,7.072495701560078,TRIOBP
gbmr4,24,36.67,P66,Poisson p-value,33,32,CD47,false,,,,8.462609446535652e-8,CALD1
gbmr4,24,36.67,P66,shared k-mers,33,32,CD47,false,,,,2.0,ARPP21
gbmr4,24,36.67,P66,containment,33,32,CD47,false,,,,0.003484320557491289,CALD1
gbmr4,24,36.67,P66,protein enrichment,33,32,CD47,false,,,,64.91819699499096,TCOF1
gbmr4,24,36.67,P66,protein Poisson p-value,33,32,CD47,false,,,,0.0004649312437230435,TCOF1
gbmr4,24,36.67,BHF,E-value,63,63,,false,,,,,
gbmr4,24,36.67,BHF,bit score,63,63,,false,,,,,
gbmr4,24,36.67,BHF,mean IDF,63,63,,,,,,9.875242387095826,C8orf48
gbmr4,24,36.67,BHF,tf-idf,63,63,,,,,,99.52268640173574,DEK
gbmr4,24,36.67,BHF,enrichment,63,63,,,,,,19443.00000000017,IGBP1
gbmr4,24,36.67,BHF,Poisson score,63,63,,,,,,307.6526555685888,SRA1
gbmr4,24,36.67,BHF,Poisson p-value,63,63,,,,,,0.0,PIEZO1
gbmr4,24,36.67,BHF,shared k-mers,63,63,,,,,,11.0,DEK
gbmr4,24,36.67,BHF,containment,63,63,,,,,,0.048034934497816595,DEK
gbmr4,24,36.67,BHF,protein enrichment,63,63,,,,,,592.4459833795004,DEK
gbmr4,24,36.67,BHF,protein Poisson p-value,63,63,,,,,,0.0,DEK
gbmr4,26,39.72,Ced9,E-value,0,0,BCL2,false,,,,,
gbmr4,26,39.72,Ced9,bit score,0,0,BCL2,false,,,,,
gbmr4,26,39.72,Ced9,mean IDF,0,0,BCL2,false,,,,,
gbmr4,26,39.72,Ced9,tf-idf,0,0,BCL2,false,,,,,
gbmr4,26,39.72,Ced9,enrichment,0,0,BCL2,false,,,,,
gbmr4,26,39.72,Ced9,Poisson score,0,0,BCL2,false,,,,,
gbmr4,26,39.72,Ced9,Poisson p-value,0,0,BCL2,false,,,,,
gbmr4,26,39.72,Ced9,shared k-mers,0,0,BCL2,false,,,,,
gbmr4,26,39.72,Ced9,containment,0,0,BCL2,false,,,,,
gbmr4,26,39.72,Ced9,protein enrichment,0,0,BCL2,false,,,,,
gbmr4,26,39.72,Ced9,protein Poisson p-value,0,0,BCL2,false,,,,,
gbmr4,26,39.72,P66,E-value,0,0,CD47,false,,,,,
gbmr4,26,39.72,P66,bit score,0,0,CD47,false,,,,,
gbmr4,26,39.72,P66,mean IDF,0,0,CD47,false,,,,,
gbmr4,26,39.72,P66,tf-idf,0,0,CD47,false,,,,,
gbmr4,26,39.72,P66,enrichment,0,0,CD47,false,,,,,
gbmr4,26,39.72,P66,Poisson score,0,0,CD47,false,,,,,
gbmr4,26,39.72,P66,Poisson p-value,0,0,CD47,false,,,,,
gbmr4,26,39.72,P66,shared k-mers,0,0,CD47,false,,,,,
gbmr4,26,39.72,P66,containment,0,0,CD47,false,,,,,
gbmr4,26,39.72,P66,protein enrichment,0,0,CD47,false,,,,,
gbmr4,26,39.72,P66,protein Poisson p-value,0,0,CD47,false,,,,,
gbmr4,26,39.72,BHF,E-value,26,26,,false,,,,,
gbmr4,26,39.72,BHF,bit score,26,26,,false,,,,,
gbmr4,26,39.72,BHF,mean IDF,26,26,,,,,,9.458891080063418,PIEZO1
gbmr4,26,39.72,BHF,tf-idf,26,26,,,,,,84.88403044903022,DEK
gbmr4,26,39.72,BHF,enrichment,26,26,,,,,,10931.624999999995,DEK
gbmr4,26,39.72,BHF,Poisson score,26,26,,,,,,307.6526555685888,DEK
gbmr4,26,39.72,BHF,Poisson p-value,26,26,,,,,,0.0,PIEZO1
gbmr4,26,39.72,BHF,shared k-mers,26,26,,,,,,9.0,DEK
gbmr4,26,39.72,BHF,containment,26,26,,,,,,0.039647577092511016,DEK
gbmr4,26,39.72,BHF,protein enrichment,26,26,,,,,,667.5801526717601,DEK
gbmr4,26,39.72,BHF,protein Poisson p-value,26,26,,,,,,0.0,DEK
gbmr4,29,44.31,Ced9,E-value,0,0,BCL2,false,,,,,
gbmr4,29,44.31,Ced9,bit score,0,0,BCL2,false,,,,,
gbmr4,29,44.31,Ced9,mean IDF,0,0,BCL2,false,,,,,
gbmr4,29,44.31,Ced9,tf-idf,0,0,BCL2,false,,,,,
gbmr4,29,44.31,Ced9,enrichment,0,0,BCL2,false,,,,,
gbmr4,29,44.31,Ced9,Poisson score,0,0,BCL2,false,,,,,
gbmr4,29,44.31,Ced9,Poisson p-value,0,0,BCL2,false,,,,,
gbmr4,29,44.31,Ced9,shared k-mers,0,0,BCL2,false,,,,,
gbmr4,29,44.31,Ced9,containment,0,0,BCL2,false,,,,,
gbmr4,29,44.31,Ced9,protein enrichment,0,0,BCL2,false,,,,,
gbmr4,29,44.31,Ced9,protein Poisson p-value,0,0,BCL2,false,,,,,
gbmr4,29,44.31,P66,E-value,0,0,CD47,false,,,,,
gbmr4,29,44.31,P66,bit score,0,0,CD47,false,,,,,
gbmr4,29,44.31,P66,mean IDF,0,0,CD47,false,,,,,
gbmr4,29,44.31,P66,tf-idf,0,0,CD47,false,,,,,
gbmr4,29,44.31,P66,enrichment,0,0,CD47,false,,,,,
gbmr4,29,44.31,P66,Poisson score,0,0,CD47,false,,,,,
gbmr4,29,44.31,P66,Poisson p-value,0,0,CD47,false,,,,,
gbmr4,29,44.31,P66,shared k-mers,0,0,CD47,false,,,,,
gbmr4,29,44.31,P66,containment,0,0,CD47,false,,,,,
gbmr4,29,44.31,P66,protein enrichment,0,0,CD47,false,,,,,
gbmr4,29,44.31,P66,protein Poisson p-value,0,0,CD47,false,,,,,
gbmr4,29,44.31,BHF,E-value,5,5,,false,,,,,
gbmr4,29,44.31,BHF,bit score,5,5,,false,,,,,
gbmr4,29,44.31,BHF,mean IDF,5,5,,,,,,9.874470603465639,DEK
gbmr4,29,44.31,BHF,tf-idf,5,5,,,,,,59.24682362079383,DEK
gbmr4,29,44.31,BHF,enrichment,5,5,,,,,,19427.999999999927,PIEZO1
gbmr4,29,44.31,BHF,Poisson score,5,5,,,,,,307.6526555685888,DEK
gbmr4,29,44.31,BHF,Poisson p-value,5,5,,,,,,0.0,DEK
gbmr4,29,44.31,BHF,shared k-mers,5,5,,,,,,6.0,DEK
gbmr4,29,44.31,BHF,containment,5,5,,,,,,0.026785714285714284,DEK
gbmr4,29,44.31,BHF,protein enrichment,5,5,,,,,,515.7876106194675,DEK
gbmr4,29,44.31,BHF,protein Poisson p-value,5,5,,,,,,3.4416913763379853e-15,DEK
polarity4,9,16.06,Ced9,E-value,217716,18064,BCL2,false,,,,2.3313396550546406,CEP68
polarity4,9,16.06,Ced9,bit score,217716,18064,BCL2,false,,,,30.232294602786606,CEP68
polarity4,9,16.06,Ced9,mean IDF,217716,18064,BCL2,true,213,0,344.3186767428004,574.0619892473121,ENSG00000251569
polarity4,9,16.06,Ced9,tf-idf,217716,18064,BCL2,true,386,0,344.3186767428004,705.9773600279452,COL4A5
polarity4,9,16.06,Ced9,enrichment,217716,18064,BCL2,true,7954,95,10.693025809994491,4868.000000007783,TMC2
polarity4,9,16.06,Ced9,Poisson score,217716,18064,BCL2,true,10808,60,1.0492497372565182,11.546095409978644,CEP170
polarity4,9,16.06,Ced9,Poisson p-value,217716,18064,BCL2,true,10808,60,0.08927919438683662,2.8438362775773385e-12,CEP170
polarity4,9,16.06,Ced9,shared k-mers,217716,18064,BCL2,true,3023,2232,5.0,16.0,SLC12A9
polarity4,9,16.06,Ced9,containment,217716,18064,BCL2,true,3826,614,0.05747126436781609,0.41762452107279696,TTN
polarity4,9,16.06,Ced9,protein enrichment,217716,18064,BCL2,true,3826,614,1.599456771734606,11.622719207938136,TTN
polarity4,9,16.06,Ced9,protein Poisson p-value,217716,18064,BCL2,true,3826,614,0.055037557747757204,0.0,DNAH5
polarity4,9,16.06,P66,E-value,277472,19037,CD47,false,,,,61.1724102497553,EPB41L3
polarity4,9,16.06,P66,bit score,277472,19037,CD47,false,,,,26.61094869886877,EPB41L3
polarity4,9,16.06,P66,mean IDF,277472,19037,CD47,true,2945,1,218.9797729273714,661.2460376707093,SMARCC2
polarity4,9,16.06,P66,tf-idf,277472,19037,CD47,true,2096,1,266.6053168474,661.2460376707093,SMARCC2
polarity4,9,16.06,P66,enrichment,277472,19037,CD47,true,13598,0,8.922559951122668,9735.999999931375,ITSN1
polarity4,9,16.06,P66,Poisson score,277472,19037,CD47,true,8020,0,2.306834085964726,307.6526555685888,ADGRE3
polarity4,9,16.06,P66,Poisson p-value,277472,19037,CD47,true,8020,0,0.004933622477207522,0.0,ADGRE3
polarity4,9,16.06,P66,shared k-mers,277472,19037,CD47,true,3116,3666,4.0,11.0,PTGER4
polarity4,9,16.06,P66,containment,277472,19037,CD47,true,4971,420,0.035211267605633804,0.43309859154929575,TTN
polarity4,9,16.06,P66,protein enrichment,277472,19037,CD47,true,4971,420,1.3305135992948391,16.36531727132652,TTN
polarity4,9,16.06,P66,protein Poisson p-value,277472,19037,CD47,true,4971,420,0.12656087922676107,0.0,NOTCH3
polarity4,9,16.06,BHF,E-value,49904,15253,,,,,,3.0816825625177215,ZC3H13
polarity4,9,16.06,BHF,bit score,49904,15253,,,,,,29.677732456112995,ZC3H13
polarity4,9,16.06,BHF,mean IDF,49904,15253,,,,,,529.7840224398859,SLCO1A2
polarity4,9,16.06,BHF,tf-idf,49904,15253,,,,,,529.7840224398859,SLCO1A2
polarity4,9,16.06,BHF,enrichment,49904,15253,,,,,,6490.666666667689,PLEKHG3
polarity4,9,16.06,BHF,Poisson score,49904,15253,,,,,,14.675836169238174,NEIL1
polarity4,9,16.06,BHF,Poisson p-value,49904,15253,,,,,,2.1094237467877974e-15,NEIL1
polarity4,9,16.06,BHF,shared k-mers,49904,15253,,,,,,11.0,ZIC2
polarity4,9,16.06,BHF,containment,49904,15253,,,,,,0.26639344262295084,TTN
polarity4,9,16.06,BHF,protein enrichment,49904,15253,,,,,,19.668075584286417,TTN
polarity4,9,16.06,BHF,protein Poisson p-value,49904,15253,,,,,,0.0,MUC16
polarity4,11,19.63,Ced9,E-value,59560,12508,BCL2,false,,,,3.747210904988969,SPTA1
polarity4,11,19.63,Ced9,bit score,59560,12508,BCL2,false,,,,29.590812596073945,SPTA1
polarity4,11,19.63,Ced9,mean IDF,59560,12508,BCL2,true,6650,1,61.83365069551587,857.9231272537124,CIC
polarity4,11,19.63,Ced9,tf-idf,59560,12508,BCL2,true,5051,3,123.66730139103174,857.9231272537124,CIC
polarity4,11,19.63,Ced9,enrichment,59560,12508,BCL2,true,9313,0,2.143077261721329,19472.00000003113,ALS2
polarity4,11,19.63,Ced9,Poisson score,59560,12508,BCL2,true,8886,0,0.6203330133218989,14.000347260751678,NR1D1
polarity4,11,19.63,Ced9,Poisson p-value,59560,12508,BCL2,true,8886,0,0.23969942193411675,9.992007221626409e-15,NR1D1
polarity4,11,19.63,Ced9,shared k-mers,59560,12508,BCL2,true,3894,2301,3.0,16.0,SLC12A9
polarity4,11,19.63,Ced9,containment,59560,12508,BCL2,true,3018,695,0.03007518796992481,0.14285714285714285,TTN
polarity4,11,19.63,Ced9,protein enrichment,59560,12508,BCL2,true,3018,695,2.2207396002623114,10.548513101245979,TTN
polarity4,11,19.63,Ced9,protein Poisson p-value,59560,12508,BCL2,true,3018,695,0.03089149983771522,0.0,TTN
polarity4,11,19.63,P66,E-value,29913,11893,CD47,false,,,,11.20910615718327,COG3
polarity4,11,19.63,P66,bit score,29913,11893,CD47,false,,,,29.10233454640523,COG3
polarity4,11,19.63,P66,mean IDF,29913,11893,CD47,true,3883,0,119.50071566605607,785.3733934593592,SLCO5A1
polarity4,11,19.63,P66,tf-idf,29913,11893,CD47,true,1557,2,239.00143133211213,785.3733934593592,SLCO5A1
polarity4,11,19.63,P66,enrichment,29913,11893,CD47,true,2652,2,94.52427184465954,19471.99999999956,SLC4A5
polarity4,11,19.63,P66,Poisson score,29913,11893,CD47,true,6525,1,1.9778385795935203,307.6526555685888,ADGRE3
polarity4,11,19.63,P66,Poisson p-value,29913,11893,CD47,true,6525,1,0.010523529441263446,0.0,ULK1
polarity4,11,19.63,P66,shared k-mers,29913,11893,CD47,true,3109,3663,2.0,9.0,PTGER4
polarity4,11,19.63,P66,containment,29913,11893,CD47,true,4536,1726,0.005136986301369863,0.06506849315068493,HMCN1
polarity4,11,19.63,P66,protein enrichment,29913,11893,CD47,true,4536,1726,1.3499722684414894,17.0996487335922,HMCN1
polarity4,11,19.63,P66,protein Poisson p-value,29913,11893,CD47,true,4536,1726,0.3832509960949855,0.0,MUC16
polarity4,11,19.63,BHF,E-value,5541,4286,,,,,,2.8155770476235626,BCLAF1
polarity4,11,19.63,BHF,bit score,5541,4286,,,,,,29.851196051611584,BCLAF1
polarity4,11,19.63,BHF,mean IDF,5541,4286,,,,,,441.61038906881333,ATP8B1
polarity4,11,19.63,BHF,tf-idf,5541,4286,,,,,,486.20656140216784,POU3F3
polarity4,11,19.63,BHF,enrichment,5541,4286,,,,,,19471.99999999956,EIF3D
polarity4,11,19.63,BHF,Poisson score,5541,4286,,,,,,307.6526555685888,KAT2A
polarity4,11,19.63,BHF,Poisson p-value,5541,4286,,,,,,0.0,ENSG00000267261
polarity4,11,19.63,BHF,shared k-mers,5541,4286,,,,,,9.0,ZIC2
polarity4,11,19.63,BHF,containment,5541,4286,,,,,,0.05785123966942149,TTN
polarity4,11,19.63,BHF,protein enrichment,5541,4286,,,,,,31.798436953225295,TTN
polarity4,11,19.63,BHF,protein Poisson p-value,5541,4286,,,,,,1.1102230246251565e-16,TTN
polarity4,13,23.2,Ced9,E-value,17132,7005,BCL2,false,,,,0.8722115577875679,GSS
polarity4,13,23.2,Ced9,bit score,17132,7005,BCL2,false,,,,31.70245298291874,GSS
polarity4,13,23.2,Ced9,mean IDF,17132,7005,BCL2,true,2826,48,59.18782385786244,643.2200038209625,DAZAP1
polarity4,13,23.2,Ced9,tf-idf,17132,7005,BCL2,true,3330,77,59.18782385786244,643.2200038209625,DAZAP1
polarity4,13,23.2,Ced9,enrichment,17132,7005,BCL2,true,5954,14,1.3531169643477658,19470.000000000946,CNNM2
polarity4,13,23.2,Ced9,Poisson score,17132,7005,BCL2,true,5954,14,0.2819759102210821,13.401921554078811,MMP25
polarity4,13,23.2,Ced9,Poisson p-value,17132,7005,BCL2,true,5954,14,0.5224251664746627,3.963496197911809e-14,MMP25
polarity4,13,23.2,Ced9,shared k-mers,17132,7005,BCL2,true,4343,2662,1.0,15.0,SLC12A9
polarity4,13,23.2,Ced9,containment,17132,7005,BCL2,true,3699,1287,0.00749063670411985,0.07116104868913857,COL19A1
polarity4,13,23.2,Ced9,protein enrichment,17132,7005,BCL2,true,3699,1287,1.57677356656948,14.97934888241006,COL19A1
polarity4,13,23.2,Ced9,protein Poisson p-value,17132,7005,BCL2,true,3699,1287,0.3619460895496385,2.220446049250313e-16,COL19A1
polarity4,13,23.2,P66,E-value,3880,3107,CD47,false,,,,1.9615031904420042,COG3
polarity4,13,23.2,P66,bit score,3880,3107,CD47,false,,,,31.625547418232628,COG3
polarity4,13,23.2,P66,mean IDF,3880,3107,CD47,false,,,,604.8638757424692,DAB1
polarity4,13,23.2,P66,tf-idf,3880,3107,CD47,false,,,,604.8638757424692,DAB1
polarity4,13,23.2,P66,enrichment,3880,3107,CD47,false,,,,19470.000000000946,CUBN
polarity4,13,23.2,P66,Poisson score,3880,3107,CD47,false,,,,15.954589770191003,ULK1
polarity4,13,23.2,P66,Poisson p-value,3880,3107,CD47,false,,,,1.1102230246251565e-16,ULK1
polarity4,13,23.2,P66,shared k-mers,3880,3107,CD47,false,,,,7.0,PTGER4
polarity4,13,23.2,P66,containment,3880,3107,CD47,false,,,,0.017094017094017096,OTOG
polarity4,13,23.2,P66,protein enrichment,3880,3107,CD47,false,,,,32.89962825278824,SLC12A7
polarity4,13,23.2,P66,protein Poisson p-value,3880,3107,CD47,false,,,,1.4075407506197735e-12,OTOG
polarity4,13,23.2,BHF,E-value,809,772,,,,,,0.6095476482784757,SCN10A
polarity4,13,23.2,BHF,bit score,809,772,,,,,,32.06738899677742,SCN10A
polarity4,13,23.2,BHF,mean IDF,809,772,,,,,,284.5680678911831,ENSG00000258529
polarity4,13,23.2,BHF,tf-idf,809,772,,,,,,293.59832420130556,POU3F3
polarity4,13,23.2,BHF,enrichment,809,772,,,,,,19470.0,FOLH1
polarity4,13,23.2,BHF,Poisson score,809,772,,,,,,12.626210166752266,ZIC2
polarity4,13,23.2,BHF,Poisson p-value,809,772,,,,,,2.3647750424515834e-13,ZIC2
polarity4,13,23.2,BHF,shared k-mers,809,772,,,,,,7.0,ZIC2
polarity4,13,23.2,BHF,containment,809,772,,,,,,0.029166666666666667,ZIC2
polarity4,13,23.2,BHF,protein enrichment,809,772,,,,,,94.84342379958264,ZIC2
polarity4,13,23.2,BHF,protein Poisson p-value,809,772,,,,,,2.219113781620763e-12,ZIC2
polarity4,16,28.56,Ced9,E-value,2243,1860,BCL2,false,,,,,
polarity4,16,28.56,Ced9,bit score,2243,1860,BCL2,false,,,,,
polarity4,16,28.56,Ced9,mean IDF,2243,1860,BCL2,false,,,,104.69207601186056,TRPV3
polarity4,16,28.56,Ced9,tf-idf,2243,1860,BCL2,false,,,,104.69207601186056,ENTREP1
polarity4,16,28.56,Ced9,enrichment,2243,1860,BCL2,false,,,,12979.999999999973,MMP25
polarity4,16,28.56,Ced9,Poisson score,2243,1860,BCL2,false,,,,307.6526555685888,SLC12A9
polarity4,16,28.56,Ced9,Poisson p-value,2243,1860,BCL2,false,,,,0.0,SLC12A9
polarity4,16,28.56,Ced9,shared k-mers,2243,1860,BCL2,false,,,,12.0,SLC12A9
polarity4,16,28.56,Ced9,containment,2243,1860,BCL2,false,,,,0.045283018867924525,SLC12A9
polarity4,16,28.56,Ced9,protein enrichment,2243,1860,BCL2,false,,,,51.67883211678844,SLC12A9
polarity4,16,28.56,Ced9,protein Poisson p-value,2243,1860,BCL2,false,,,,0.0,SLC12A9
polarity4,16,28.56,P66,E-value,134,133,CD47,false,,,,1.2028704854120038,OCRL
polarity4,16,28.56,P66,bit score,134,133,CD47,false,,,,32.330183961051006,OCRL
polarity4,16,28.56,P66,mean IDF,134,133,CD47,false,,,,167.39788241916142,RABL6
polarity4,16,28.56,P66,tf-idf,134,133,CD47,false,,,,167.39788241916142,RABL6
polarity4,16,28.56,P66,enrichment,134,133,CD47,false,,,,19470.000000000287,SEC22C
polarity4,16,28.56,P66,Poisson score,134,133,CD47,false,,,,12.313115659686904,PTGER4
polarity4,16,28.56,P66,Poisson p-value,134,133,CD47,false,,,,4.862776847858186e-13,PTGER4
polarity4,16,28.56,P66,shared k-mers,134,133,CD47,false,,,,4.0,PTGER4
polarity4,16,28.56,P66,containment,134,133,CD47,false,,,,0.006872852233676976,PTGER4
polarity4,16,28.56,P66,protein enrichment,134,133,CD47,false,,,,115.54896142433212,PTGER4
polarity4,16,28.56,P66,protein Poisson p-value,134,133,CD47,false,,,,5.8202841657362114e-8,PTGER4
polarity4,16,28.56,BHF,E-value,38,38,,false,,,,,
polarity4,16,28.56,BHF,bit score,38,38,,false,,,,,
polarity4,16,28.56,BHF,mean IDF,38,38,,,,,,98.70022281633929,TANC2
polarity4,16,28.56,BHF,tf-idf,38,38,,,,,,98.70022281633929,TANC2
polarity4,16,28.56,BHF,enrichment,38,38,,,,,,9734.99999999998,YJU2
polarity4,16,28.56,BHF,Poisson score,38,38,,,,,,11.925612064982225,ZIC2
polarity4,16,28.56,BHF,Poisson p-value,38,38,,,,,,1.1868284133242923e-12,ZIC2
polarity4,16,28.56,BHF,shared k-mers,38,38,,,,,,4.0,ZIC2
polarity4,16,28.56,BHF,containment,38,38,,,,,,0.016877637130801686,ZIC2
polarity4,16,28.56,BHF,protein enrichment,38,38,,,,,,285.27472527472673,ZIC2
polarity4,16,28.56,BHF,protein Poisson p-value,38,38,,,,,,1.5925940566319241e-9,ZIC2
polarity4,18,32.12,Ced9,E-value,694,657,BCL2,false,,,,,
polarity4,18,32.12,Ced9,bit score,694,657,BCL2,false,,,,,
polarity4,18,32.12,Ced9,mean IDF,694,657,BCL2,false,,,,9.876476003289278,ODAD2
polarity4,18,32.12,Ced9,tf-idf,694,657,BCL2,false,,,,60.25682399385366,SLC12A9
polarity4,18,32.12,Ced9,enrichment,694,657,BCL2,false,,,,19467.000000000033,ODAD2
polarity4,18,32.12,Ced9,Poisson score,694,657,BCL2,false,,,,307.6526555685888,SLC12A9
polarity4,18,32.12,Ced9,Poisson p-value,694,657,BCL2,false,,,,0.0,SLC12A9
polarity4,18,32.12,Ced9,shared k-mers,694,657,BCL2,false,,,,10.0,SLC12A9
polarity4,18,32.12,Ced9,containment,694,657,BCL2,false,,,,0.03802281368821293,SLC12A9
polarity4,18,32.12,Ced9,protein enrichment,694,657,BCL2,false,,,,146.8099547511314,SLC12A9
polarity4,18,32.12,Ced9,protein Poisson p-value,694,657,BCL2,false,,,,0.0,SLC12A9
polarity4,18,32.12,P66,E-value,6,6,CD47,false,,,,,
polarity4,18,32.12,P66,bit score,6,6,CD47,false,,,,,
polarity4,18,32.12,P66,mean IDF,6,6,CD47,false,,,,9.87647600328928,NFRKB
polarity4,18,32.12,P66,tf-idf,6,6,CD47,false,,,,19.752952006578553,PTGER4
polarity4,18,32.12,P66,enrichment,6,6,CD47,false,,,,19467.000000000033,ENSG00000188897
polarity4,18,32.12,P66,Poisson score,6,6,CD47,false,,,,8.277597806760902,PTGER4
polarity4,18,32.12,P66,Poisson p-value,6,6,CD47,false,,,,5.2771834679887775e-9,PTGER4
polarity4,18,32.12,P66,shared k-mers,6,6,CD47,false,,,,2.0,PTGER4
polarity4,18,32.12,P66,containment,6,6,CD47,false,,,,0.0034482758620689655,PTGER4
polarity4,18,32.12,P66,protein enrichment,6,6,CD47,false,,,,67.12758620689559,PTGER4
polarity4,18,32.12,P66,protein Poisson p-value,6,6,CD47,false,,,,0.0004351233676941346,PTGER4
polarity4,18,32.12,BHF,E-value,2,2,,false,,,,,
polarity4,18,32.12,BHF,bit score,2,2,,false,,,,,
polarity4,18,32.12,BHF,mean IDF,2,2,,,,,,9.87647600328928,CTC1
polarity4,18,32.12,BHF,tf-idf,2,2,,,,,,19.752952006578557,ZIC2
polarity4,18,32.12,BHF,enrichment,2,2,,,,,,19467.000000000033,ZIC2
polarity4,18,32.12,BHF,Poisson score,2,2,,,,,,8.277597806760902,ZIC2
polarity4,18,32.12,BHF,Poisson p-value,2,2,,,,,,5.2771834679887775e-9,ZIC2
polarity4,18,32.12,BHF,shared k-mers,2,2,,,,,,2.0,ZIC2
polarity4,18,32.12,BHF,containment,2,2,,,,,,0.00851063829787234,ZIC2
polarity4,18,32.12,BHF,protein enrichment,2,2,,,,,,165.6765957446811,ZIC2
polarity4,18,32.12,BHF,protein Poisson p-value,2,2,,,,,,0.00007227936221199105,ZIC2
polarity4,20,35.69,Ced9,E-value,127,126,BCL2,false,,,,,
polarity4,20,35.69,Ced9,bit score,127,126,BCL2,false,,,,,
polarity4,20,35.69,Ced9,mean IDF,127,126,BCL2,false,,,,9.87637326004456,GPBAR1
polarity4,20,35.69,Ced9,tf-idf,127,126,BCL2,false,,,,59.93698065003131,SLC12A9
polarity4,20,35.69,Ced9,enrichment,127,126,BCL2,false,,,,19465.00000000021,CLASRP
polarity4,20,35.69,Ced9,Poisson score,127,126,BCL2,false,,,,307.6526555685888,SLC12A9
polarity4,20,35.69,Ced9,Poisson p-value,127,126,BCL2,false,,,,0.0,SLC12A9
polarity4,20,35.69,Ced9,shared k-mers,127,126,BCL2,false,,,,8.0,SLC12A9
polarity4,20,35.69,Ced9,containment,127,126,BCL2,false,,,,0.03065134099616858,SLC12A9
polarity4,20,35.69,Ced9,protein enrichment,127,126,BCL2,false,,,,372.5358851674624,SLC12A9
polarity4,20,35.69,Ced9,protein Poisson p-value,127,126,BCL2,false,,,,0.0,SLC12A9
polarity4,20,35.69,P66,E-value,0,0,CD47,false,,,,,
polarity4,20,35.69,P66,bit score,0,0,CD47,false,,,,,
polarity4,20,35.69,P66,mean IDF,0,0,CD47,false,,,,,
polarity4,20,35.69,P66,tf-idf,0,0,CD47,false,,,,,
polarity4,20,35.69,P66,enrichment,0,0,CD47,false,,,,,
polarity4,20,35.69,P66,Poisson score,0,0,CD47,false,,,,,
polarity4,20,35.69,P66,Poisson p-value,0,0,CD47,false,,,,,
polarity4,20,35.69,P66,shared k-mers,0,0,CD47,false,,,,,
polarity4,20,35.69,P66,containment,0,0,CD47,false,,,,,
polarity4,20,35.69,P66,protein enrichment,0,0,CD47,false,,,,,
polarity4,20,35.69,P66,protein Poisson p-value,0,0,CD47,false,,,,,
polarity4,20,35.69,BHF,E-value,0,0,,false,,,,,
polarity4,20,35.69,BHF,bit score,0,0,,false,,,,,
polarity4,20,35.69,BHF,mean IDF,0,0,,false,,,,,
polarity4,20,35.69,BHF,tf-idf,0,0,,false,,,,,
polarity4,20,35.69,BHF,enrichment,0,0,,false,,,,,
polarity4,20,35.69,BHF,Poisson score,0,0,,false,,,,,
polarity4,20,35.69,BHF,Poisson p-value,0,0,,false,,,,,
polarity4,20,35.69,BHF,shared k-mers,0,0,,false,,,,,
polarity4,20,35.69,BHF,containment,0,0,,false,,,,,
polarity4,20,35.69,BHF,protein enrichment,0,0,,false,,,,,
polarity4,20,35.69,BHF,protein Poisson p-value,0,0,,false,,,,,
polarity4,22,39.26,Ced9,E-value,11,11,BCL2,false,,,,,
polarity4,22,39.26,Ced9,bit score,11,11,BCL2,false,,,,,
polarity4,22,39.26,Ced9,mean IDF,11,11,BCL2,false,,,,9.529696915962603,AJUBA
polarity4,22,39.26,Ced9,tf-idf,11,11,BCL2,false,,,,56.21310059973203,SLC12A9
polarity4,22,39.26,Ced9,enrichment,11,11,BCL2,false,,,,12975.333333333432,AJUBA
polarity4,22,39.26,Ced9,Poisson score,11,11,BCL2,false,,,,307.6526555685888,SLC12A9
polarity4,22,39.26,Ced9,Poisson p-value,11,11,BCL2,false,,,,0.0,SLC12A9
polarity4,22,39.26,Ced9,shared k-mers,11,11,BCL2,false,,,,6.0,SLC12A9
polarity4,22,39.26,Ced9,containment,11,11,BCL2,false,,,,0.023166023166023165,SLC12A9
polarity4,22,39.26,Ced9,protein enrichment,11,11,BCL2,false,,,,435.73880597015136,SLC12A9
polarity4,22,39.26,Ced9,protein Poisson p-value,11,11,BCL2,false,,,,9.325873406851315e-15,SLC12A9
polarity4,22,39.26,P66,E-value,0,0,CD47,false,,,,,
polarity4,22,39.26,P66,bit score,0,0,CD47,false,,,,,
polarity4,22,39.26,P66,mean IDF,0,0,CD47,false,,,,,
polarity4,22,39.26,P66,tf-idf,0,0,CD47,false,,,,,
polarity4,22,39.26,P66,enrichment,0,0,CD47,false,,,,,
polarity4,22,39.26,P66,Poisson score,0,0,CD47,false,,,,,
polarity4,22,39.26,P66,Poisson p-value,0,0,CD47,false,,,,,
polarity4,22,39.26,P66,shared k-mers,0,0,CD47,false,,,,,
polarity4,22,39.26,P66,containment,0,0,CD47,false,,,,,
polarity4,22,39.26,P66,protein enrichment,0,0,CD47,false,,,,,
polarity4,22,39.26,P66,protein Poisson p-value,0,0,CD47,false,,,,,
polarity4,22,39.26,BHF,E-value,0,0,,false,,,,,
polarity4,22,39.26,BHF,bit score,0,0,,false,,,,,
polarity4,22,39.26,BHF,mean IDF,0,0,,false,,,,,
polarity4,22,39.26,BHF,tf-idf,0,0,,false,,,,,
polarity4,22,39.26,BHF,enrichment,0,0,,false,,,,,
polarity4,22,39.26,BHF,Poisson score,0,0,,false,,,,,
polarity4,22,39.26,BHF,Poisson p-value,0,0,,false,,,,,
polarity4,22,39.26,BHF,shared k-mers,0,0,,false,,,,,
polarity4,22,39.26,BHF,containment,0,0,,false,,,,,
polarity4,22,39.26,BHF,protein enrichment,0,0,,false,,,,,
polarity4,22,39.26,BHF,protein Poisson p-value,0,0,,false,,,,,
polarity4,25,44.62,Ced9,E-value,1,1,BCL2,false,,,,,
polarity4,25,44.62,Ced9,bit score,1,1,BCL2,false,,,,,
polarity4,25,44.62,Ced9,mean IDF,1,1,BCL2,false,,,,9.876013575535373,SLC12A9
polarity4,25,44.62,Ced9,tf-idf,1,1,BCL2,false,,,,29.628040726606116,SLC12A9
polarity4,25,44.62,Ced9,enrichment,1,1,BCL2,false,,,,19457.999999999858,SLC12A9
polarity4,25,44.62,Ced9,Poisson score,1,1,BCL2,false,,,,12.214148125241238,SLC12A9
polarity4,25,44.62,Ced9,Poisson p-value,1,1,BCL2,false,,,,6.107336858462986e-13,SLC12A9
polarity4,25,44.62,Ced9,shared k-mers,1,1,BCL2,false,,,,3.0,SLC12A9
polarity4,25,44.62,Ced9,containment,1,1,BCL2,false,,,,0.01171875,SLC12A9
polarity4,25,44.62,Ced9,protein enrichment,1,1,BCL2,false,,,,228.02343749999886,SLC12A9
polarity4,25,44.62,Ced9,protein Poisson p-value,1,1,BCL2,false,,,,3.75828835719183e-7,SLC12A9
polarity4,25,44.62,P66,E-value,0,0,CD47,false,,,,,
polarity4,25,44.62,P66,bit score,0,0,CD47,false,,,,,
polarity4,25,44.62,P66,mean IDF,0,0,CD47,false,,,,,
polarity4,25,44.62,P66,tf-idf,0,0,CD47,false,,,,,
polarity4,25,44.62,P66,enrichment,0,0,CD47,false,,,,,
polarity4,25,44.62,P66,Poisson score,0,0,CD47,false,,,,,
polarity4,25,44.62,P66,Poisson p-value,0,0,CD47,false,,,,,
polarity4,25,44.62,P66,shared k-mers,0,0,CD47,false,,,,,
polarity4,25,44.62,P66,containment,0,0,CD47,false,,,,,
polarity4,25,44.62,P66,protein enrichment,0,0,CD47,false,,,,,
polarity4,25,44.62,P66,protein Poisson p-value,0,0,CD47,false,,,,,
polarity4,25,44.62,BHF,E-value,0,0,,false,,,,,
polarity4,25,44.62,BHF,bit score,0,0,,false,,,,,
polarity4,25,44.62,BHF,mean IDF,0,0,,false,,,,,
polarity4,25,44.62,BHF,tf-idf,0,0,,false,,,,,
polarity4,25,44.62,BHF,enrichment,0,0,,false,,,,,
polarity4,25,44.62,BHF,Poisson score,0,0,,false,,,,,
polarity4,25,44.62,BHF,Poisson p-value,0,0,,false,,,,,
polarity4,25,44.62,BHF,shared k-mers,0,0,,false,,,,,
polarity4,25,44.62,BHF,containment,0,0,,false,,,,,
polarity4,25,44.62,BHF,protein enrichment,0,0,,false,,,,,
polarity4,25,44.62,BHF,protein Poisson p-value,0,0,,false,,,,,
wwmj5,7,15.38,Ced9,E-value,106140,18363,BCL2,true,11359,0,73372.70299541825,6.181330197776295,REC114
wwmj5,7,15.38,Ced9,bit score,106140,18363,BCL2,true,11359,0,15.299647596471983,28.834686076166548,REC114
wwmj5,7,15.38,Ced9,mean IDF,106140,18363,BCL2,true,15181,0,23.678845676727576,377.48547293637546,ACVR1C
wwmj5,7,15.38,Ced9,tf-idf,106140,18363,BCL2,true,9553,12,66.0767562793996,377.48547293637546,ACVR1C
wwmj5,7,15.38,Ced9,enrichment,106140,18363,BCL2,true,13110,0,10.042962708369142,2435.0000000001614,TF
wwmj5,7,15.38,Ced9,Poisson score,106140,18363,BCL2,true,4748,0,2.4489325883843387,10.460291826975258,MDFIC
wwmj5,7,15.38,Ced9,Poisson p-value,106140,18363,BCL2,true,4748,0,0.0035568652429567305,3.465039366545852e-11,MDFIC
wwmj5,7,15.38,Ced9,shared k-mers,106140,18363,BCL2,true,1370,3515,3.0,9.0,GPR137
wwmj5,7,15.38,Ced9,containment,106140,18363,BCL2,true,8969,1659,0.018315018315018316,0.42124542124542125,TTN
wwmj5,7,15.38,Ced9,protein enrichment,106140,18363,BCL2,true,8969,1659,0.7652239497811962,17.600150844967512,TTN
wwmj5,7,15.38,Ced9,protein Poisson p-value,106140,18363,BCL2,true,8969,1659,0.7801091712367483,0.0,LRP1B
wwmj5,7,15.38,P66,E-value,181724,19066,CD47,true,5768,12,6994.91188250502,9.198385473377357,VGF
wwmj5,7,15.38,P66,bit score,181724,19066,CD47,true,5768,12,19.78281734628173,29.353526856806347,VGF
wwmj5,7,15.38,P66,mean IDF,181724,19066,CD47,true,2707,4,137.45401973967137,382.7763124391745,SV2C
wwmj5,7,15.38,P66,tf-idf,181724,19066,CD47,true,3506,5,137.45401973967137,491.6071181982594,OR1L1
wwmj5,7,15.38,P66,enrichment,181724,19066,CD47,true,1138,26,175.49549549549644,1391.42857142861,AUTS2
wwmj5,7,15.38,P66,Poisson score,181724,19066,CD47,true,6677,1,2.8309555709796,12.306815719922174,ENPP2
wwmj5,7,15.38,P66,Poisson p-value,181724,19066,CD47,true,6677,1,0.0014758575081378345,4.933831121434196e-13,ENPP2
wwmj5,7,15.38,P66,shared k-mers,181724,19066,CD47,true,6569,8012,2.0,9.0,PSMD8
wwmj5,7,15.38,P66,containment,181724,19066,CD47,true,4165,504,0.02577319587628866,0.4793814432989691,TTN
wwmj5,7,15.38,P66,protein enrichment,181724,19066,CD47,true,4165,504,1.3666531030321745,25.419747716398444,TTN
wwmj5,7,15.38,P66,protein Poisson p-value,181724,19066,CD47,true,4165,504,0.14419531122736529,0.0,RYR1
wwmj5,7,15.38,BHF,E-value,70556,16568,,,,,,3.115942989458938,ATAD2B
wwmj5,7,15.38,BHF,bit score,70556,16568,,,,,,29.670931479005116,ATAD2B
wwmj5,7,15.38,BHF,mean IDF,70556,16568,,,,,,334.76753121053696,OXSR1
wwmj5,7,15.38,BHF,tf-idf,70556,16568,,,,,,338.01316258513623,USP18
wwmj5,7,15.38,BHF,enrichment,70556,16568,,,,,,2164.4444444444252,RBM22
wwmj5,7,15.38,BHF,Poisson score,70556,16568,,,,,,13.337589429070105,SLC28A1
wwmj5,7,15.38,BHF,Poisson p-value,70556,16568,,,,,,4.596323321948148e-14,SLC28A1
wwmj5,7,15.38,BHF,shared k-mers,70556,16568,,,,,,8.0,REL
wwmj5,7,15.38,BHF,containment,70556,16568,,,,,,0.3786008230452675,TTN
wwmj5,7,15.38,BHF,protein enrichment,70556,16568,,,,,,21.615206483983023,TTN
wwmj5,7,15.38,BHF,protein Poisson p-value,70556,16568,,,,,,0.0,HECTD4
wwmj5,9,19.77,Ced9,E-value,6704,5153,BCL2,true,1352,0,1954.6363330132185,20.546036333580275,NACC1
wwmj5,9,19.77,Ced9,bit score,6704,5153,BCL2,true,1352,0,20.576682343721515,27.148578646210506,NACC1
wwmj5,9,19.77,Ced9,mean IDF,6704,5153,BCL2,true,934,1,103.1877748204655,534.3389610081095,SLC26A9
wwmj5,9,19.77,Ced9,tf-idf,6704,5153,BCL2,true,1192,1,103.1877748204655,534.3389610081095,SLC26A9
wwmj5,9,19.77,Ced9,enrichment,6704,5153,BCL2,true,2149,1,88.54545454545459,19480.00000000129,PKD1L1
wwmj5,9,19.77,Ced9,Poisson score,6704,5153,BCL2,true,2858,3,1.9496163452690745,14.492191772292047,GPR137
wwmj5,9,19.77,Ced9,Poisson p-value,6704,5153,BCL2,true,2858,3,0.01123010080719522,3.219646771412954e-15,GPR137
wwmj5,9,19.77,Ced9,shared k-mers,6704,5153,BCL2,true,1486,3667,1.0,7.0,GPR137
wwmj5,9,19.77,Ced9,containment,6704,5153,BCL2,true,2038,3115,0.003676470588235294,0.03676470588235294,KAT6A
wwmj5,9,19.77,Ced9,protein enrichment,6704,5153,BCL2,true,2038,3115,2.2504621072088735,22.504621072088735,TAS2R41
wwmj5,9,19.77,Ced9,protein Poisson p-value,6704,5153,BCL2,true,2038,3115,0.3587610936921606,5.525657709171128e-11,TAS2R41
wwmj5,9,19.77,P66,E-value,9706,6563,CD47,false,,,,29.192438927708665,VGF
wwmj5,9,19.77,P66,bit score,9706,6563,CD47,false,,,,27.734148103736466,VGF
wwmj5,9,19.77,P66,mean IDF,9706,6563,CD47,false,,,,574.6871446273767,DHX29
wwmj5,9,19.77,P66,tf-idf,9706,6563,CD47,false,,,,574.6871446273767,DHX29
wwmj5,9,19.77,P66,enrichment,9706,6563,CD47,false,,,,19480.000000006556,MYO15A
wwmj5,9,19.77,P66,Poisson score,9706,6563,CD47,false,,,,307.6526555685888,ENPP2
wwmj5,9,19.77,P66,Poisson p-value,9706,6563,CD47,false,,,,0.0,ENPP2
wwmj5,9,19.77,P66,shared k-mers,9706,6563,CD47,false,,,,7.0,ENPP2
wwmj5,9,19.77,P66,containment,9706,6563,CD47,false,,,,0.06814310051107325,TTN
wwmj5,9,19.77,P66,protein enrichment,9706,6563,CD47,false,,,,64.68537273783838,TTN
wwmj5,9,19.77,P66,protein Poisson p-value,9706,6563,CD47,false,,,,0.0,TTN
wwmj5,9,19.77,BHF,E-value,4082,3247,,,,,,19.27564924167753,APCDD1L
wwmj5,9,19.77,BHF,bit score,4082,3247,,,,,,27.08865620029021,APCDD1L
wwmj5,9,19.77,BHF,mean IDF,4082,3247,,,,,,424.63200950980684,BAZ1A
wwmj5,9,19.77,BHF,tf-idf,4082,3247,,,,,,424.63200950980684,BAZ1A
wwmj5,9,19.77,BHF,enrichment,4082,3247,,,,,,9740.000000000007,PHOSPHO2
wwmj5,9,19.77,BHF,Poisson score,4082,3247,,,,,,15.954589770191003,SLC28A1
wwmj5,9,19.77,BHF,Poisson p-value,4082,3247,,,,,,1.1102230246251565e-16,SLC28A1
wwmj5,9,19.77,BHF,shared k-mers,4082,3247,,,,,,6.0,REL
wwmj5,9,19.77,BHF,containment,4082,3247,,,,,,0.045081967213114756,BLTP1
wwmj5,9,19.77,BHF,protein enrichment,4082,3247,,,,,,40.263059000375826,BLTP1
wwmj5,9,19.77,BHF,protein Poisson p-value,4082,3247,,,,,,1.2323475573339238e-14,BLTP1
wwmj5,11,24.17,Ced9,E-value,402,393,BCL2,false,,,,3.7387703017687195,SGSH
wwmj5,11,24.17,Ced9,bit score,402,393,BCL2,false,,,,29.61069960458029,SGSH
wwmj5,11,24.17,Ced9,mean IDF,402,393,BCL2,false,,,,366.9837327905561,TMEM63C
wwmj5,11,24.17,Ced9,tf-idf,402,393,BCL2,false,,,,366.9837327905561,TMEM63C
wwmj5,11,24.17,Ced9,enrichment,402,393,BCL2,false,,,,19480.000000000015,MDFIC
wwmj5,11,24.17,Ced9,Poisson score,402,393,BCL2,false,,,,307.6526555685888,GPR137
wwmj5,11,24.17,Ced9,Poisson p-value,402,393,BCL2,false,,,,0.0,GPR137
wwmj5,11,24.17,Ced9,shared k-mers,402,393,BCL2,false,,,,5.0,GPR137
wwmj5,11,24.17,Ced9,containment,402,393,BCL2,false,,,,0.018518518518518517,TAS2R41
wwmj5,11,24.17,Ced9,protein enrichment,402,393,BCL2,false,,,,145.80838323353308,TAS2R41
wwmj5,11,24.17,Ced9,protein Poisson p-value,402,393,BCL2,false,,,,3.840173734559471e-10,TAS2R41
wwmj5,11,24.17,P66,E-value,489,472,CD47,false,,,,7.417517934470453,FNIP2
wwmj5,11,24.17,P66,bit score,489,472,CD47,false,,,,29.714631038260244,FNIP2
wwmj5,11,24.17,P66,mean IDF,489,472,CD47,false,,,,426.28066222828966,MFF
wwmj5,11,24.17,P66,tf-idf,489,472,CD47,false,,,,426.28066222828966,MFF
wwmj5,11,24.17,P66,enrichment,489,472,CD47,false,,,,19480.00000000129,TTC23
wwmj5,11,24.17,P66,Poisson score,489,472,CD47,false,,,,307.6526555685888,ENPP2
wwmj5,11,24.17,P66,Poisson p-value,489,472,CD47,false,,,,0.0,ENPP2
wwmj5,11,24.17,P66,shared k-mers,489,472,CD47,false,,,,5.0,PSMD8
wwmj5,11,24.17,P66,containment,489,472,CD47,false,,,,0.008517887563884156,PSMD8
wwmj5,11,24.17,P66,protein enrichment,489,472,CD47,false,,,,103.72736954206708,ENPP2
wwmj5,11,24.17,P66,protein Poisson p-value,489,472,CD47,false,,,,2.083371142269641e-9,PSMD8
wwmj5,11,24.17,BHF,E-value,249,240,,,,,,5.328599791917464,TRARG1
wwmj5,11,24.17,BHF,bit score,249,240,,,,,,28.947503867847782,TRARG1
wwmj5,11,24.17,BHF,mean IDF,249,240,,,,,,213.69647586261522,TRARG1
wwmj5,11,24.17,BHF,tf-idf,249,240,,,,,,213.69647586261522,TRARG1
wwmj5,11,24.17,BHF,enrichment,249,240,,,,,,19480.000000000015,PARM1
wwmj5,11,24.17,BHF,Poisson score,249,240,,,,,,12.518586234521107,REL
wwmj5,11,24.17,BHF,Poisson p-value,249,240,,,,,,3.029798634202052e-13,REL
wwmj5,11,24.17,BHF,shared k-mers,249,240,,,,,,4.0,REL
wwmj5,11,24.17,BHF,containment,249,240,,,,,,0.01652892561983471,SYNPO2
wwmj5,11,24.17,BHF,protein enrichment,249,240,,,,,,173.54120267260564,REL
wwmj5,11,24.17,BHF,protein Poisson p-value,249,240,,,,,,1.154551343418575e-8,SYNPO2
wwmj5,13,28.56,Ced9,E-value,18,18,BCL2,false,,,,4.352255365472528,CDH4
wwmj5,13,28.56,Ced9,bit score,18,18,BCL2,false,,,,29.389852267596265,CDH4
wwmj5,13,28.56,Ced9,mean IDF,18,18,BCL2,false,,,,26.858533985323646,TM6SF1
wwmj5,13,28.56,Ced9,tf-idf,18,18,BCL2,false,,,,29.631122707563435,GPR137
wwmj5,13,28.56,Ced9,enrichment,18,18,BCL2,false,,,,19478.000000000233,NLRP10
wwmj5,13,28.56,Ced9,Poisson score,18,18,BCL2,false,,,,12.215492324073528,GPR137
wwmj5,13,28.56,Ced9,Poisson p-value,18,18,BCL2,false,,,,6.088463067044358e-13,GPR137
wwmj5,13,28.56,Ced9,shared k-mers,18,18,BCL2,false,,,,3.0,TAS2R41
wwmj5,13,28.56,Ced9,containment,18,18,BCL2,false,,,,0.011194029850746268,GPR137
wwmj5,13,28.56,Ced9,protein enrichment,18,18,BCL2,false,,,,212.48727272727356,TAS2R41
wwmj5,13,28.56,Ced9,protein Poisson p-value,18,18,BCL2,false,,,,4.6410546616915127e-7,GPR137
wwmj5,13,28.56,P66,E-value,27,27,CD47,false,,,,7.645518145782695,STRIP2
wwmj5,13,28.56,P66,bit score,27,27,CD47,false,,,,29.66930530204416,STRIP2
wwmj5,13,28.56,P66,mean IDF,27,27,CD47,false,,,,19.75408180504229,FAT3
wwmj5,13,28.56,P66,tf-idf,27,27,CD47,false,,,,39.508163610084495,PSMD8
wwmj5,13,28.56,P66,enrichment,27,27,CD47,false,,,,19478.000000000233,AGO2
wwmj5,13,28.56,P66,Poisson score,27,27,CD47,false,,,,11.549961280549084,ENPP2
wwmj5,13,28.56,P66,Poisson p-value,27,27,CD47,false,,,,2.8186342149183474e-12,ENPP2
wwmj5,13,28.56,P66,shared k-mers,27,27,CD47,false,,,,3.0,PSMD8
wwmj5,13,28.56,P66,containment,27,27,CD47,false,,,,0.005128205128205128,PSMD8
wwmj5,13,28.56,P66,protein enrichment,27,27,CD47,false,,,,99.20882852292102,PSMD8
wwmj5,13,28.56,P66,protein Poisson p-value,27,27,CD47,false,,,,4.50525580963923e-6,ENPP2
wwmj5,13,28.56,BHF,E-value,14,14,,,,,,4.3104278267584135,SPAG17
wwmj5,13,28.56,BHF,bit score,14,14,,,,,,29.251781312797505,SPAG17
wwmj5,13,28.56,BHF,mean IDF,14,14,,,,,,48.69205733204578,POLA1
wwmj5,13,28.56,BHF,tf-idf,14,14,,,,,,48.69205733204578,POLA1
wwmj5,13,28.56,BHF,enrichment,14,14,,,,,,19477.9999999999,SLC28A1
wwmj5,13,28.56,BHF,Poisson score,14,14,,,,,,6.880267359753864,CWF19L2
wwmj5,13,28.56,BHF,Poisson p-value,14,14,,,,,,1.3174454449593753e-7,CWF19L2
wwmj5,13,28.56,BHF,shared k-mers,14,14,,,,,,2.0,CWF19L2
wwmj5,13,28.56,BHF,containment,14,14,,,,,,0.008333333333333333,REL
wwmj5,13,28.56,BHF,protein enrichment,14,14,,,,,,160.97520661157077,CWF19L2
wwmj5,13,28.56,BHF,protein Poisson p-value,14,14,,,,,,0.00007654497417985962,REL
wwmj5,15,32.96,Ced9,E-value,2,2,BCL2,false,,,,,
wwmj5,15,32.96,Ced9,bit score,2,2,BCL2,false,,,,,
wwmj5,15,32.96,Ced9,mean IDF,2,2,BCL2,false,,,,9.877040902521145,TAS2R41
wwmj5,15,32.96,Ced9,tf-idf,2,2,BCL2,false,,,,9.877040902521145,TAS2R41
wwmj5,15,32.96,Ced9,enrichment,2,2,BCL2,false,,,,19478.000000000233,TAS2R41
wwmj5,15,32.96,Ced9,Poisson score,2,2,BCL2,false,,,,4.289555509783068,TAS2R41
wwmj5,15,32.96,Ced9,Poisson p-value,2,2,BCL2,false,,,,0.00005133865542938931,GPR137
wwmj5,15,32.96,Ced9,shared k-mers,2,2,BCL2,false,,,,1.0,TAS2R41
wwmj5,15,32.96,Ced9,containment,2,2,BCL2,false,,,,0.0037593984962406013,GPR137
wwmj5,15,32.96,Ced9,protein enrichment,2,2,BCL2,false,,,,73.22556390977473,GPR137
wwmj5,15,32.96,Ced9,protein Poisson p-value,2,2,BCL2,false,,,,0.013563606856881405,GPR137
wwmj5,15,32.96,P66,E-value,2,2,CD47,false,,,,,
wwmj5,15,32.96,P66,bit score,2,2,CD47,false,,,,,
wwmj5,15,32.96,P66,mean IDF,2,2,CD47,false,,,,9.877040902521145,PSMD8
wwmj5,15,32.96,P66,tf-idf,2,2,CD47,false,,,,9.877040902521145,PSMD8
wwmj5,15,32.96,P66,enrichment,2,2,CD47,false,,,,19478.000000000233,ENPP2
wwmj5,15,32.96,P66,Poisson score,2,2,CD47,false,,,,4.289555509783068,PSMD8
wwmj5,15,32.96,P66,Poisson p-value,2,2,CD47,false,,,,0.00005133865542938931,ENPP2
wwmj5,15,32.96,P66,shared k-mers,2,2,CD47,false,,,,1.0,ENPP2
wwmj5,15,32.96,P66,containment,2,2,CD47,false,,,,0.0017152658662092624,ENPP2
wwmj5,15,32.96,P66,protein enrichment,2,2,CD47,false,,,,33.40994854202429,ENPP2
wwmj5,15,32.96,P66,protein Poisson p-value,2,2,CD47,false,,,,0.029487701806930833,PSMD8
wwmj5,15,32.96,BHF,E-value,0,0,,false,,,,,
wwmj5,15,32.96,BHF,bit score,0,0,,false,,,,,
wwmj5,15,32.96,BHF,mean IDF,0,0,,false,,,,,
wwmj5,15,32.96,BHF,tf-idf,0,0,,false,,,,,
wwmj5,15,32.96,BHF,enrichment,0,0,,false,,,,,
wwmj5,15,32.96,BHF,Poisson score,0,0,,false,,,,,
wwmj5,15,32.96,BHF,Poisson p-value,0,0,,false,,,,,
wwmj5,15,32.96,BHF,shared k-mers,0,0,,false,,,,,
wwmj5,15,32.96,BHF,containment,0,0,,false,,,,,
wwmj5,15,32.96,BHF,protein enrichment,0,0,,false,,,,,
wwmj5,15,32.96,BHF,protein Poisson p-value,0,0,,false,,,,,
gbmr7,8,15.88,Ced9,E-value,611400,19526,BCL2,false,,,,0.9860466281903656,SPSB3
gbmr7,8,15.88,Ced9,bit score,611400,19526,BCL2,false,,,,31.346671875253115,SPSB3
gbmr7,8,15.88,Ced9,mean IDF,611400,19526,BCL2,true,7814,45,282.89054797476365,1098.0846947394411,TCHH
gbmr7,8,15.88,Ced9,tf-idf,611400,19526,BCL2,true,8026,2,305.14171631819283,1098.0846947394411,TCHH
gbmr7,8,15.88,Ced9,enrichment,611400,19526,BCL2,true,15318,19,1.5053314789058863,5566.285714288903,HUWE1
gbmr7,8,15.88,Ced9,Poisson score,611400,19526,BCL2,true,16371,11,0.3139277933793495,10.409708495772406,SH2D6
gbmr7,8,15.88,Ced9,Poisson p-value,611400,19526,BCL2,true,16371,11,0.48536919185233107,3.893063649229589e-11,SH2D6
gbmr7,8,15.88,Ced9,shared k-mers,611400,19526,BCL2,true,14944,2811,3.0,14.0,DENND2B
gbmr7,8,15.88,Ced9,containment,611400,19526,BCL2,true,13931,648,0.05725190839694656,0.5152671755725191,TTN
gbmr7,8,15.88,Ced9,protein enrichment,611400,19526,BCL2,true,13931,648,0.6500659564576152,5.850593608118537,TTN
gbmr7,8,15.88,Ced9,protein Poisson p-value,611400,19526,BCL2,true,13931,648,0.9699287143240337,0.0,ABCA13
gbmr7,8,15.88,P66,E-value,860273,19533,CD47,false,,,,1.2619229395321259,ELAPOR1
gbmr7,8,15.88,P66,bit score,860273,19533,CD47,false,,,,32.083079941560214,ELAPOR1
gbmr7,8,15.88,P66,mean IDF,860273,19533,CD47,true,3452,4,363.34009334145003,896.2701880674003,KIF27
gbmr7,8,15.88,P66,tf-idf,860273,19533,CD47,true,4572,5,363.34009334145003,896.2701880674003,KIF27
gbmr7,8,15.88,P66,enrichment,860273,19533,CD47,true,16257,3,3.177103718199612,11689.200000018256,ZNF451
gbmr7,8,15.88,P66,Poisson score,860273,19533,CD47,true,12010,10,1.1528042984736544,12.684376915294761,FAM83B
gbmr7,8,15.88,P66,Poisson p-value,860273,19533,CD47,true,12010,10,0.07033892093158,2.0683454948766666e-13,FAM83B
gbmr7,8,15.88,P66,shared k-mers,860273,19533,CD47,true,13182,4098,3.0,12.0,PAIP1
gbmr7,8,15.88,P66,containment,860273,19533,CD47,true,10647,540,0.04013961605584642,0.3944153577661431,TTN
gbmr7,8,15.88,P66,protein enrichment,860273,19533,CD47,true,10647,540,0.8240419592251087,8.097107947168459,TTN
gbmr7,8,15.88,P66,protein Poisson p-value,860273,19533,CD47,true,10647,540,0.8479085015611924,0.0,UBR4
gbmr7,8,15.88,BHF,E-value,422967,19427,,,,,,0.9909393187440935,FXYD5
gbmr7,8,15.88,BHF,bit score,422967,19427,,,,,,31.187527937109284,FXYD5
gbmr7,8,15.88,BHF,mean IDF,422967,19427,,,,,,1119.9129016209115,CCDC39
gbmr7,8,15.88,BHF,tf-idf,422967,19427,,,,,,1119.9129016209115,CCDC39
gbmr7,8,15.88,BHF,enrichment,422967,19427,,,,,,2783.1428571444517,FAT4
gbmr7,8,15.88,BHF,Poisson score,422967,19427,,,,,,9.209559972598166,MKI67
gbmr7,8,15.88,BHF,Poisson p-value,422967,19427,,,,,,6.172200528453686e-10,MKI67
gbmr7,8,15.88,BHF,shared k-mers,422967,19427,,,,,,12.0,TMEM80
gbmr7,8,15.88,BHF,containment,422967,19427,,,,,,0.4388185654008439,TTN
gbmr7,8,15.88,BHF,protein enrichment,422967,19427,,,,,,6.305403756862065,TTN
gbmr7,8,15.88,BHF,protein Poisson p-value,422967,19427,,,,,,0.0,CCDC168
gbmr7,10,19.86,Ced9,E-value,122020,18303,BCL2,false,,,,,
gbmr7,10,19.86,Ced9,bit score,122020,18303,BCL2,false,,,,,
gbmr7,10,19.86,Ced9,mean IDF,122020,18303,BCL2,true,17372,192,0.7869701424692721,9.877400217772816,SH2D6
gbmr7,10,19.86,Ced9,tf-idf,122020,18303,BCL2,true,17991,119,0.7869701424692721,56.13069837556062,MTR
gbmr7,10,19.86,Ced9,enrichment,122020,18303,BCL2,true,17372,192,2.196730552423901,19484.99999999559,SYNE1
gbmr7,10,19.86,Ced9,Poisson score,122020,18303,BCL2,true,17991,119,0.43688354030632515,307.6526555685888,RHD
gbmr7,10,19.86,Ced9,Poisson p-value,122020,18303,BCL2,true,17991,119,0.36569284205682595,0.0,MTR
gbmr7,10,19.86,Ced9,shared k-mers,122020,18303,BCL2,true,16292,2011,1.0,14.0,SPEF2
gbmr7,10,19.86,Ced9,containment,122020,18303,BCL2,true,17249,1054,0.0036900369003690036,0.2730627306273063,TTN
gbmr7,10,19.86,Ced9,protein enrichment,122020,18303,BCL2,true,17249,1054,0.1205374541450407,8.919771606733011,TTN
gbmr7,10,19.86,Ced9,protein Poisson p-value,122020,18303,BCL2,true,17249,1054,0.9997505311614243,0.0,RYR3
gbmr7,10,19.86,P66,E-value,130132,18023,CD47,false,,,,,
gbmr7,10,19.86,P66,bit score,130132,18023,CD47,false,,,,,
gbmr7,10,19.86,P66,mean IDF,130132,18023,CD47,true,8058,253,3.3958230884963996,9.877400217772902,TMEM156
gbmr7,10,19.86,P66,tf-idf,130132,18023,CD47,true,12145,132,3.3958230884963996,61.35627070197586,NOP56
gbmr7,10,19.86,P66,enrichment,130132,18023,CD47,true,7781,260,29.83920367534473,19485.000000079894,PCDHGC4
gbmr7,10,19.86,P66,Poisson score,130132,18023,CD47,true,11671,143,1.482044152053526,307.6526555685888,NOP56
gbmr7,10,19.86,P66,Poisson p-value,130132,18023,CD47,true,11671,143,0.03295762044850237,0.0,ATG16L2
gbmr7,10,19.86,P66,shared k-mers,130132,18023,CD47,true,13542,4481,1.0,10.0,PAIP1
gbmr7,10,19.86,P66,containment,130132,18023,CD47,true,8173,1561,0.010221465076660987,0.1567291311754685,TTN
gbmr7,10,19.86,P66,protein enrichment,130132,18023,CD47,true,8173,1561,0.9130669082559492,14.000359259924553,TTN
gbmr7,10,19.86,P66,protein Poisson p-value,130132,18023,CD47,true,8173,1561,0.6412325648822024,0.0,DNAH8
gbmr7,10,19.86,BHF,E-value,73339,16808,,false,,,,,
gbmr7,10,19.86,BHF,bit score,73339,16808,,false,,,,,
gbmr7,10,19.86,BHF,mean IDF,73339,16808,,,,,,9.877400217772816,NGRN
gbmr7,10,19.86,BHF,tf-idf,73339,16808,,,,,,45.73606559938543,PPP1R21
gbmr7,10,19.86,BHF,enrichment,73339,16808,,,,,,19484.99999999954,MYO15A
gbmr7,10,19.86,BHF,Poisson score,73339,16808,,,,,,15.653559774527022,PDP2
gbmr7,10,19.86,BHF,Poisson p-value,73339,16808,,,,,,2.220446049250313e-16,PDP2
gbmr7,10,19.86,BHF,shared k-mers,73339,16808,,,,,,11.0,IFRD2
gbmr7,10,19.86,BHF,containment,73339,16808,,,,,,0.19421487603305784,TTN
gbmr7,10,19.86,BHF,protein enrichment,73339,16808,,,,,,10.42678553130445,TTN
gbmr7,10,19.86,BHF,protein Poisson p-value,73339,16808,,,,,,0.0,DST
gbmr7,12,23.83,Ced9,E-value,34757,12996,BCL2,false,,,,,
gbmr7,12,23.83,Ced9,bit score,34757,12996,BCL2,false,,,,,
gbmr7,12,23.83,Ced9,mean IDF,34757,12996,BCL2,false,,,,9.877400217772902,SUGP2
gbmr7,12,23.83,Ced9,tf-idf,34757,12996,BCL2,false,,,,61.884975709911586,MTR
gbmr7,12,23.83,Ced9,enrichment,34757,12996,BCL2,false,,,,19485.000000079894,SUGP2
gbmr7,12,23.83,Ced9,Poisson score,34757,12996,BCL2,false,,,,307.6526555685888,IPO11
gbmr7,12,23.83,Ced9,Poisson p-value,34757,12996,BCL2,false,,,,0.0,MTR
gbmr7,12,23.83,Ced9,shared k-mers,34757,12996,BCL2,false,,,,12.0,PRPH2
gbmr7,12,23.83,Ced9,containment,34757,12996,BCL2,false,,,,0.11895910780669144,TTN
gbmr7,12,23.83,Ced9,protein enrichment,34757,12996,BCL2,false,,,,12.704415330385713,TTN
gbmr7,12,23.83,Ced9,protein Poisson p-value,34757,12996,BCL2,false,,,,0.0,TTN
gbmr7,12,23.83,P66,E-value,19161,9361,CD47,false,,,,,
gbmr7,12,23.83,P66,bit score,19161,9361,CD47,false,,,,,
gbmr7,12,23.83,P66,mean IDF,19161,9361,CD47,false,,,,9.877400217772902,ANKRD12
gbmr7,12,23.83,P66,tf-idf,19161,9361,CD47,false,,,,54.412371042717155,NOP56
gbmr7,12,23.83,P66,enrichment,19161,9361,CD47,false,,,,19485.00000000086,NHERF4
gbmr7,12,23.83,P66,Poisson score,19161,9361,CD47,false,,,,307.6526555685888,NOP56
gbmr7,12,23.83,P66,Poisson p-value,19161,9361,CD47,false,,,,0.0,NOP56
gbmr7,12,23.83,P66,shared k-mers,19161,9361,CD47,false,,,,8.0,PAIP1
gbmr7,12,23.83,P66,containment,19161,9361,CD47,false,,,,0.04607508532423208,TTN
gbmr7,12,23.83,P66,protein enrichment,19161,9361,CD47,false,,,,22.220603142422622,TTN
gbmr7,12,23.83,P66,protein Poisson p-value,19161,9361,CD47,false,,,,0.0,TTN
gbmr7,12,23.83,BHF,E-value,11714,7129,,false,,,,,
gbmr7,12,23.83,BHF,bit score,11714,7129,,false,,,,,
gbmr7,12,23.83,BHF,mean IDF,11714,7129,,,,,,9.877400217772816,PIEZO2
gbmr7,12,23.83,BHF,tf-idf,11714,7129,,,,,,50.050258473419206,PPP1R21
gbmr7,12,23.83,BHF,enrichment,11714,7129,,,,,,19485.000000000036,HBQ1
gbmr7,12,23.83,BHF,Poisson score,11714,7129,,,,,,307.6526555685888,PPP1R21
gbmr7,12,23.83,BHF,Poisson p-value,11714,7129,,,,,,0.0,PPP1R21
gbmr7,12,23.83,BHF,shared k-mers,11714,7129,,,,,,9.0,IFRD2
gbmr7,12,23.83,BHF,containment,11714,7129,,,,,,0.058091286307053944,RYR1
gbmr7,12,23.83,BHF,protein enrichment,11714,7129,,,,,,15.927482921702552,TTN
gbmr7,12,23.83,BHF,protein Poisson p-value,11714,7129,,,,,,8.312239785368547e-13,TTN
gbmr7,14,27.8,Ced9,E-value,8540,5522,BCL2,false,,,,,
gbmr7,14,27.8,Ced9,bit score,8540,5522,BCL2,false,,,,,
gbmr7,14,27.8,Ced9,mean IDF,8540,5522,BCL2,false,,,,9.877348894926456,TRMT1
gbmr7,14,27.8,Ced9,tf-idf,8540,5522,BCL2,false,,,,56.59319936121901,MTR
gbmr7,14,27.8,Ced9,enrichment,8540,5522,BCL2,false,,,,19484.000000001175,PLA2G15
gbmr7,14,27.8,Ced9,Poisson score,8540,5522,BCL2,false,,,,307.6526555685888,MTR
gbmr7,14,27.8,Ced9,Poisson p-value,8540,5522,BCL2,false,,,,0.0,MTR
gbmr7,14,27.8,Ced9,shared k-mers,8540,5522,BCL2,false,,,,10.0,PRPH2
gbmr7,14,27.8,Ced9,containment,8540,5522,BCL2,false,,,,0.052434456928838954,MYH15
gbmr7,14,27.8,Ced9,protein enrichment,8540,5522,BCL2,false,,,,24.88832116788325,MYH15
gbmr7,14,27.8,Ced9,protein Poisson p-value,8540,5522,BCL2,false,,,,2.1094237467877974e-15,MYH15
gbmr7,14,27.8,P66,E-value,1498,1389,CD47,false,,,,,
gbmr7,14,27.8,P66,bit score,1498,1389,CD47,false,,,,,
gbmr7,14,27.8,P66,mean IDF,1498,1389,CD47,false,,,,9.877348894926456,NFX1
gbmr7,14,27.8,P66,tf-idf,1498,1389,CD47,false,,,,42.76667126810179,AGPAT4
gbmr7,14,27.8,P66,enrichment,1498,1389,CD47,false,,,,19484.000000001175,NFX1
gbmr7,14,27.8,P66,Poisson score,1498,1389,CD47,false,,,,307.6526555685888,AGPAT4
gbmr7,14,27.8,P66,Poisson p-value,1498,1389,CD47,false,,,,0.0,AGPAT4
gbmr7,14,27.8,P66,shared k-mers,1498,1389,CD47,false,,,,6.0,PAIP1
gbmr7,14,27.8,P66,containment,1498,1389,CD47,false,,,,0.011986301369863013,DNAH17
gbmr7,14,27.8,P66,protein enrichment,1498,1389,CD47,false,,,,50.948076204707306,MORF4L1
gbmr7,14,27.8,P66,protein Poisson p-value,1498,1389,CD47,false,,,,1.6262990953919143e-10,DNAH17
gbmr7,14,27.8,BHF,E-value,2597,2180,,false,,,,,
gbmr7,14,27.8,BHF,bit score,2597,2180,,false,,,,,
gbmr7,14,27.8,BHF,mean IDF,2597,2180,,,,,,9.877348894926456,ANKRD17
gbmr7,14,27.8,BHF,tf-idf,2597,2180,,,,,,46.86963822475417,IFRD2
gbmr7,14,27.8,BHF,enrichment,2597,2180,,,,,,19484.000000000025,UBE2S
gbmr7,14,27.8,BHF,Poisson score,2597,2180,,,,,,307.6526555685888,PPP1R21
gbmr7,14,27.8,BHF,Poisson p-value,2597,2180,,,,,,0.0,PPP1R21
gbmr7,14,27.8,BHF,shared k-mers,2597,2180,,,,,,7.0,TMEM80
gbmr7,14,27.8,BHF,containment,2597,2180,,,,,,0.029288702928870293,TMEM80
gbmr7,14,27.8,BHF,protein enrichment,2597,2180,,,,,,44.46951418324109,IFRD2
gbmr7,14,27.8,BHF,protein Poisson p-value,2597,2180,,,,,,4.140640053051925e-10,TMEM80
gbmr7,16,31.77,Ced9,E-value,592,578,BCL2,false,,,,,
gbmr7,16,31.77,Ced9,bit score,592,578,BCL2,false,,,,,
gbmr7,16,31.77,Ced9,mean IDF,592,578,BCL2,false,,,,9.877348894926456,NEB
gbmr7,16,31.77,Ced9,tf-idf,592,578,BCL2,false,,,,49.19847784282365,SPEF2
gbmr7,16,31.77,Ced9,enrichment,592,578,BCL2,false,,,,19484.000000001175,NEB
gbmr7,16,31.77,Ced9,Poisson score,592,578,BCL2,false,,,,307.6526555685888,PRPH2
gbmr7,16,31.77,Ced9,Poisson p-value,592,578,BCL2,false,,,,0.0,DENND2B
gbmr7,16,31.77,Ced9,shared k-mers,592,578,BCL2,false,,,,8.0,SPEF2
gbmr7,16,31.77,Ced9,containment,592,578,BCL2,false,,,,0.03773584905660377,CD63
gbmr7,16,31.77,Ced9,protein enrichment,592,578,BCL2,false,,,,147.8300455235215,CD63
gbmr7,16,31.77,Ced9,protein Poisson p-value,592,578,BCL2,false,,,,0.0,CD63
gbmr7,16,31.77,P66,E-value,154,151,CD47,false,,,,,
gbmr7,16,31.77,P66,bit score,154,151,CD47,false,,,,,
gbmr7,16,31.77,P66,mean IDF,154,151,CD47,false,,,,9.877348894926456,BAZ2A
gbmr7,16,31.77,P66,tf-idf,154,151,CD47,false,,,,34.72190383692367,PAIP1
gbmr7,16,31.77,P66,enrichment,154,151,CD47,false,,,,19484.000000001175,B4GALNT3
gbmr7,16,31.77,P66,Poisson score,154,151,CD47,false,,,,12.947696062243104,PAIP1
gbmr7,16,31.77,P66,Poisson p-value,154,151,CD47,false,,,,1.127986593019159e-13,PAIP1
gbmr7,16,31.77,P66,shared k-mers,154,151,CD47,false,,,,4.0,PAIP1
gbmr7,16,31.77,P66,containment,154,151,CD47,false,,,,0.006872852233676976,PAIP1
gbmr7,16,31.77,P66,protein enrichment,154,151,CD47,false,,,,105.17678812415716,PAIP1
gbmr7,16,31.77,P66,protein Poisson p-value,154,151,CD47,false,,,,8.45559369189175e-8,PAIP1
gbmr7,16,31.77,BHF,E-value,143,142,,false,,,,,
gbmr7,16,31.77,BHF,bit score,143,142,,false,,,,,
gbmr7,16,31.77,BHF,mean IDF,143,142,,,,,,9.877348894926435,MNDA
gbmr7,16,31.77,BHF,tf-idf,143,142,,,,,,42.25584564433585,IFRD2
gbmr7,16,31.77,BHF,enrichment,143,142,,,,,,19484.000000000025,MNDA
gbmr7,16,31.77,BHF,Poisson score,143,142,,,,,,307.6526555685888,IFRD2
gbmr7,16,31.77,BHF,Poisson p-value,143,142,,,,,,0.0,IFRD2
gbmr7,16,31.77,BHF,shared k-mers,143,142,,,,,,5.0,TMEM80
gbmr7,16,31.77,BHF,containment,143,142,,,,,,0.02109704641350211,IFRD2
gbmr7,16,31.77,BHF,protein enrichment,143,142,,,,,,226.55813953488317,IFRD2
gbmr7,16,31.77,BHF,protein Poisson p-value,143,142,,,,,,4.283362553536563e-11,IFRD2
gbmr7,18,35.74,Ced9,E-value,117,116,BCL2,false,,,,,
gbmr7,18,35.74,Ced9,bit score,117,116,BCL2,false,,,,,
gbmr7,18,35.74,Ced9,mean IDF,117,116,BCL2,false,,,,9.87719491058121,CLCN6
gbmr7,18,35.74,Ced9,tf-idf,117,116,BCL2,false,,,,46.79288810169092,SPEF2
gbmr7,18,35.74,Ced9,enrichment,117,116,BCL2,false,,,,19480.999999999993,MTR
gbmr7,18,35.74,Ced9,Poisson score,117,116,BCL2,false,,,,307.6526555685888,SPEF2
gbmr7,18,35.74,Ced9,Poisson p-value,117,116,BCL2,false,,,,0.0,SPEF2
gbmr7,18,35.74,Ced9,shared k-mers,117,116,BCL2,false,,,,6.0,PRPH2
gbmr7,18,35.74,Ced9,containment,117,116,BCL2,false,,,,0.022813688212927757,PRPH2
gbmr7,18,35.74,Ced9,protein enrichment,117,116,BCL2,false,,,,249.75641025640985,PRPH2
gbmr7,18,35.74,Ced9,protein Poisson p-value,117,116,BCL2,false,,,,2.615685446016869e-13,CD63
gbmr7,18,35.74,P66,E-value,5,5,CD47,false,,,,,
gbmr7,18,35.74,P66,bit score,5,5,CD47,false,,,,,
gbmr7,18,35.74,P66,mean IDF,5,5,CD47,false,,,,9.877194910581204,ATP1B1
gbmr7,18,35.74,P66,tf-idf,5,5,CD47,false,,,,19.754389821162405,PAIP1
gbmr7,18,35.74,P66,enrichment,5,5,CD47,false,,,,19481.00000000024,AGPAT4
gbmr7,18,35.74,P66,Poisson score,5,5,CD47,false,,,,8.278222223231749,PAIP1
gbmr7,18,35.74,P66,Poisson p-value,5,5,CD47,false,,,,5.269601532909007e-9,PAIP1
gbmr7,18,35.74,P66,shared k-mers,5,5,CD47,false,,,,2.0,PAIP1
gbmr7,18,35.74,P66,containment,5,5,CD47,false,,,,0.0034482758620689655,PAIP1
gbmr7,18,35.74,P66,protein enrichment,5,5,CD47,false,,,,67.06024096385494,PAIP1
gbmr7,18,35.74,P66,protein Poisson p-value,5,5,CD47,false,,,,0.00043598907660369335,PAIP1
gbmr7,18,35.74,BHF,E-value,16,16,,false,,,,,
gbmr7,18,35.74,BHF,bit score,16,16,,false,,,,,
gbmr7,18,35.74,BHF,mean IDF,16,16,,,,,,9.87719491058121,CCDC158
gbmr7,18,35.74,BHF,tf-idf,16,16,,,,,,27.328999638749572,IFRD2
gbmr7,18,35.74,BHF,enrichment,16,16,,,,,,19481.00000000024,CCDC158
gbmr7,18,35.74,BHF,Poisson score,16,16,,,,,,11.111805849544195,TMEM80
gbmr7,18,35.74,BHF,Poisson p-value,16,16,,,,,,7.73026087586004e-12,TMEM80
gbmr7,18,35.74,BHF,shared k-mers,16,16,,,,,,3.0,IFRD2
gbmr7,18,35.74,BHF,containment,16,16,,,,,,0.01276595744680851,TMEM80
gbmr7,18,35.74,BHF,protein enrichment,16,16,,,,,,235.65725806451704,IFRD2
gbmr7,18,35.74,BHF,protein Poisson p-value,16,16,,,,,,3.405844630766097e-7,IFRD2
gbmr7,20,39.71,Ced9,E-value,34,34,BCL2,false,,,,,
gbmr7,20,39.71,Ced9,bit score,34,34,BCL2,false,,,,,
gbmr7,20,39.71,Ced9,mean IDF,34,34,BCL2,false,,,,9.877092241176598,SMC3
gbmr7,20,39.71,Ced9,tf-idf,34,34,BCL2,false,,,,37.02346231491839,SPEF2
gbmr7,20,39.71,Ced9,enrichment,34,34,BCL2,false,,,,19478.999999999993,MTR
gbmr7,20,39.71,Ced9,Poisson score,34,34,BCL2,false,,,,14.913197085032778,SPEF2
gbmr7,20,39.71,Ced9,Poisson p-value,34,34,BCL2,false,,,,1.2212453270876722e-15,SPEF2
gbmr7,20,39.71,Ced9,shared k-mers,34,34,BCL2,false,,,,4.0,PRPH2
gbmr7,20,39.71,Ced9,containment,34,34,BCL2,false,,,,0.01532567049808429,PRPH2
gbmr7,20,39.71,Ced9,protein enrichment,34,34,BCL2,false,,,,261.46308724832136,SPEF2
gbmr7,20,39.71,Ced9,protein Poisson p-value,34,34,BCL2,false,,,,2.254619602126695e-9,SPEF2
gbmr7,20,39.71,P66,E-value,0,0,CD47,false,,,,,
gbmr7,20,39.71,P66,bit score,0,0,CD47,false,,,,,
gbmr7,20,39.71,P66,mean IDF,0,0,CD47,false,,,,,
gbmr7,20,39.71,P66,tf-idf,0,0,CD47,false,,,,,
gbmr7,20,39.71,P66,enrichment,0,0,CD47,false,,,,,
gbmr7,20,39.71,P66,Poisson score,0,0,CD47,false,,,,,
gbmr7,20,39.71,P66,Poisson p-value,0,0,CD47,false,,,,,
gbmr7,20,39.71,P66,shared k-mers,0,0,CD47,false,,,,,
gbmr7,20,39.71,P66,containment,0,0,CD47,false,,,,,
gbmr7,20,39.71,P66,protein enrichment,0,0,CD47,false,,,,,
gbmr7,20,39.71,P66,protein Poisson p-value,0,0,CD47,false,,,,,
gbmr7,20,39.71,BHF,E-value,2,2,,false,,,,,
gbmr7,20,39.71,BHF,bit score,2,2,,false,,,,,
gbmr7,20,39.71,BHF,mean IDF,2,2,,,,,,9.877092241176596,IFRD2
gbmr7,20,39.71,BHF,tf-idf,2,2,,,,,,9.877092241176596,TMEM80
gbmr7,20,39.71,BHF,enrichment,2,2,,,,,,19478.99999999975,TMEM80
gbmr7,20,39.71,BHF,Poisson score,2,2,,,,,,4.28957780530559,IFRD2
gbmr7,20,39.71,BHF,Poisson p-value,2,2,,,,,,0.000051336019907144426,IFRD2
gbmr7,20,39.71,BHF,shared k-mers,2,2,,,,,,1.0,IFRD2
gbmr7,20,39.71,BHF,containment,2,2,,,,,,0.004291845493562232,TMEM80
gbmr7,20,39.71,BHF,protein enrichment,2,2,,,,,,83.60085836909849,TMEM80
gbmr7,20,39.71,BHF,protein Poisson p-value,2,2,,,,,,0.011890344131148423,IFRD2
gbmr7,22,43.68,Ced9,E-value,6,6,BCL2,false,,,,,
gbmr7,22,43.68,Ced9,bit score,6,6,BCL2,false,,,,,
gbmr7,22,43.68,Ced9,mean IDF,6,6,BCL2,false,,,,9.877040902521145,DENND2B
gbmr7,22,43.68,Ced9,tf-idf,6,6,BCL2,false,,,,19.75408180504229,SPEF2
gbmr7,22,43.68,Ced9,enrichment,6,6,BCL2,false,,,,19478.000000000233,SPEF2
gbmr7,22,43.68,Ced9,Poisson score,6,6,BCL2,false,,,,8.278088453869206,SPEF2
gbmr7,22,43.68,Ced9,Poisson p-value,6,6,BCL2,false,,,,5.271224901015614e-9,SPEF2
gbmr7,22,43.68,Ced9,shared k-mers,6,6,BCL2,false,,,,2.0,SPEF2
gbmr7,22,43.68,Ced9,containment,6,6,BCL2,false,,,,0.007722007722007722,SPEF2
gbmr7,22,43.68,Ced9,protein enrichment,6,6,BCL2,false,,,,149.25670498084352,SPEF2
gbmr7,22,43.68,Ced9,protein Poisson p-value,6,6,BCL2,false,,,,0.00008897845147870509,SPEF2
gbmr7,22,43.68,P66,E-value,0,0,CD47,false,,,,,
gbmr7,22,43.68,P66,bit score,0,0,CD47,false,,,,,
gbmr7,22,43.68,P66,mean IDF,0,0,CD47,false,,,,,
gbmr7,22,43.68,P66,tf-idf,0,0,CD47,false,,,,,
gbmr7,22,43.68,P66,enrichment,0,0,CD47,false,,,,,
gbmr7,22,43.68,P66,Poisson score,0,0,CD47,false,,,,,
gbmr7,22,43.68,P66,Poisson p-value,0,0,CD47,false,,,,,
gbmr7,22,43.68,P66,shared k-mers,0,0,CD47,false,,,,,
gbmr7,22,43.68,P66,containment,0,0,CD47,false,,,,,
gbmr7,22,43.68,P66,protein enrichment,0,0,CD47,false,,,,,
gbmr7,22,43.68,P66,protein Poisson p-value,0,0,CD47,false,,,,,
gbmr7,22,43.68,BHF,E-value,0,0,,false,,,,,
gbmr7,22,43.68,BHF,bit score,0,0,,false,,,,,
gbmr7,22,43.68,BHF,mean IDF,0,0,,false,,,,,
gbmr7,22,43.68,BHF,tf-idf,0,0,,false,,,,,
gbmr7,22,43.68,BHF,enrichment,0,0,,false,,,,,
gbmr7,22,43.68,BHF,Poisson score,0,0,,false,,,,,
gbmr7,22,43.68,BHF,Poisson p-value,0,0,,false,,,,,
gbmr7,22,43.68,BHF,shared k-mers,0,0,,false,,,,,
gbmr7,22,43.68,BHF,containment,0,0,,false,,,,,
gbmr7,22,43.68,BHF,protein enrichment,0,0,,false,,,,,
gbmr7,22,43.68,BHF,protein Poisson p-value,0,0,,false,,,,,
funcgroups8,6,16.37,Ced9,E-value,117390,17980,BCL2,false,,,,,
funcgroups8,6,16.37,Ced9,bit score,117390,17980,BCL2,false,,,,,
funcgroups8,6,16.37,Ced9,mean IDF,117390,17980,BCL2,true,15504,195,1.8603343943351547,9.184971280625632,GPAM
funcgroups8,6,16.37,Ced9,tf-idf,117390,17980,BCL2,true,12482,387,3.7206687886703094,33.94970749623121,DOK5
funcgroups8,6,16.37,Ced9,enrichment,117390,17980,BCL2,true,15485,201,6.424711696869846,9749.500000002023,INPP5D
funcgroups8,6,16.37,Ced9,Poisson score,117390,17980,BCL2,true,12984,390,1.4036224040284289,12.431754456530474,DOK5
funcgroups8,6,16.37,Ced9,Poisson p-value,117390,17980,BCL2,true,12984,390,0.03948004108719416,3.700373341075647e-13,DOK5
funcgroups8,6,16.37,Ced9,shared k-mers,117390,17980,BCL2,true,2356,3129,3.0,8.0,SLC2A12
funcgroups8,6,16.37,Ced9,containment,117390,17980,BCL2,true,8968,1695,0.018656716417910446,0.31716417910447764,TTN
funcgroups8,6,16.37,Ced9,protein enrichment,117390,17980,BCL2,true,8968,1695,0.8416059528331199,14.307301198163039,TTN
funcgroups8,6,16.37,Ced9,protein Poisson p-value,117390,17980,BCL2,true,8968,1695,0.7069716328017241,0.0,MDN1
funcgroups8,6,16.37,P66,E-value,243725,19158,CD47,false,,,,,
funcgroups8,6,16.37,P66,bit score,243725,19158,CD47,false,,,,,
funcgroups8,6,16.37,P66,mean IDF,243725,19158,CD47,true,7384,62,5.049804723883426,9.878118461185636,LRP2
funcgroups8,6,16.37,P66,tf-idf,243725,19158,CD47,true,7830,39,7.356531928901177,39.87581143334984,CDC27
funcgroups8,6,16.37,P66,enrichment,243725,19158,CD47,true,7272,62,155.99200000002153,19499.000000004045,LRP2
funcgroups8,6,16.37,P66,Poisson score,243725,19158,CD47,true,8130,40,2.7774334718466465,13.913197085032778,CDC27
funcgroups8,6,16.37,P66,Poisson p-value,243725,19158,CD47,true,8130,40,0.001669423521161728,1.2212453270876722e-14,CDC27
funcgroups8,6,16.37,P66,shared k-mers,243725,19158,CD47,true,5737,8690,2.0,8.0,TRRAP
funcgroups8,6,16.37,P66,containment,243725,19158,CD47,true,2186,277,0.039316239316239315,0.39145299145299145,TTN
funcgroups8,6,16.37,P66,protein enrichment,243725,19158,CD47,true,2186,277,1.8864893514097867,18.782872237949615,TTN
funcgroups8,6,16.37,P66,protein Poisson p-value,243725,19158,CD47,true,2186,277,0.0036749570966332357,0.0,DNAH9
funcgroups8,6,16.37,BHF,E-value,68456,16831,,false,,,,,
funcgroups8,6,16.37,BHF,bit score,68456,16831,,false,,,,,
funcgroups8,6,16.37,BHF,mean IDF,68456,16831,,,,,,9.184971280625632,THBS4
funcgroups8,6,16.37,BHF,tf-idf,68456,16831,,,,,,33.21454855301541,EEF1B2
funcgroups8,6,16.37,BHF,enrichment,68456,16831,,,,,,9749.500000002023,THBS4
funcgroups8,6,16.37,BHF,Poisson score,68456,16831,,,,,,12.801079780890166,EEF1B2
funcgroups8,6,16.37,BHF,Poisson p-value,68456,16831,,,,,,1.580957587066223e-13,EEF1B2
funcgroups8,6,16.37,BHF,shared k-mers,68456,16831,,,,,,7.0,ATOH8
funcgroups8,6,16.37,BHF,containment,68456,16831,,,,,,0.3117408906882591,TTN
funcgroups8,6,16.37,BHF,protein enrichment,68456,16831,,,,,,20.66851589279078,TTN
funcgroups8,6,16.37,BHF,protein Poisson p-value,68456,16831,,,,,,0.0,MACF1
funcgroups8,7,19.1,Ced9,E-value,31244,12571,BCL2,false,,,,,
funcgroups8,7,19.1,Ced9,bit score,31244,12571,BCL2,false,,,,,
funcgroups8,7,19.1,Ced9,mean IDF,31244,12571,BCL2,true,7625,369,2.5030764916738235,9.878118461185636,SNRNP27
funcgroups8,7,19.1,Ced9,tf-idf,31244,12571,BCL2,true,5271,325,5.07928804243852,34.83034261761827,DOK5
funcgroups8,7,19.1,Ced9,enrichment,31244,12571,BCL2,true,7582,374,12.217418546365929,19499.000000004045,IQCC
funcgroups8,7,19.1,Ced9,Poisson score,31244,12571,BCL2,true,5839,456,1.9199995064674096,13.618130036342475,DOK5
funcgroups8,7,19.1,Ced9,Poisson p-value,31244,12571,BCL2,true,5839,456,0.012022658008724374,2.4091839634365897e-14,DOK5
funcgroups8,7,19.1,Ced9,shared k-mers,31244,12571,BCL2,true,1235,1539,3.0,8.0,APOL2
funcgroups8,7,19.1,Ced9,containment,31244,12571,BCL2,true,2008,1019,0.01858736059479554,0.09665427509293681,TTN
funcgroups8,7,19.1,Ced9,protein enrichment,31244,12571,BCL2,true,2008,1019,2.4605658329758007,12.794942331474163,TTN
funcgroups8,7,19.1,Ced9,protein Poisson p-value,31244,12571,BCL2,true,2008,1019,0.05559128862344265,0.0,TTN
funcgroups8,7,19.1,P66,E-value,52265,15143,CD47,false,,,,,
funcgroups8,7,19.1,P66,bit score,52265,15143,CD47,false,,,,,
funcgroups8,7,19.1,P66,mean IDF,52265,15143,CD47,true,5935,86,5.27294827519745,9.87811846118575,ANKRD50
funcgroups8,7,19.1,P66,tf-idf,52265,15143,CD47,true,8939,58,5.27294827519745,45.256679932955194,PARP10
funcgroups8,7,19.1,P66,enrichment,52265,15143,CD47,true,5913,48,194.99000000000035,19499.000000004045,NOX4
funcgroups8,7,19.1,P66,Poisson score,52265,15143,CD47,true,8416,31,2.2911254960478176,307.6526555685888,CDC27
funcgroups8,7,19.1,P66,Poisson p-value,52265,15143,CD47,true,8416,31,0.005115339985912959,0.0,CDC27
funcgroups8,7,19.1,P66,shared k-mers,52265,15143,CD47,true,1431,4858,2.0,7.0,TRRAP
funcgroups8,7,19.1,P66,containment,52265,15143,CD47,true,788,324,0.015280135823429542,0.14261460101867574,TTN
funcgroups8,7,19.1,P66,protein enrichment,52265,15143,CD47,true,788,324,3.094479025233208,28.881804235509943,TTN
funcgroups8,7,19.1,P66,protein Poisson p-value,52265,15143,CD47,true,788,324,0.0031156377844647754,0.0,HECTD4
funcgroups8,7,19.1,BHF,E-value,14943,8912,,false,,,,,
funcgroups8,7,19.1,BHF,bit score,14943,8912,,false,,,,,
funcgroups8,7,19.1,BHF,mean IDF,14943,8912,,,,,,9.878118461185636,BMP7
funcgroups8,7,19.1,BHF,tf-idf,14943,8912,,,,,,32.7509010759383,EEF1B2
funcgroups8,7,19.1,BHF,enrichment,14943,8912,,,,,,19499.000000004045,RALGAPA2
funcgroups8,7,19.1,BHF,Poisson score,14943,8912,,,,,,13.09365314949091,EEF1B2
funcgroups8,7,19.1,BHF,Poisson p-value,14943,8912,,,,,,8.060219158778636e-14,EEF1B2
funcgroups8,7,19.1,BHF,shared k-mers,14943,8912,,,,,,6.0,ATOH8
funcgroups8,7,19.1,BHF,containment,14943,8912,,,,,,0.06910569105691057,TTN
funcgroups8,7,19.1,BHF,protein enrichment,14943,8912,,,,,,19.905302347925314,TTN
funcgroups8,7,19.1,BHF,protein Poisson p-value,14943,8912,,,,,,1.1102230246251565e-16,TTN
funcgroups8,9,24.55,Ced9,E-value,5374,3848,BCL2,false,,,,,
funcgroups8,9,24.55,Ced9,bit score,5374,3848,BCL2,false,,,,,
funcgroups8,9,24.55,Ced9,mean IDF,5374,3848,BCL2,true,2386,191,2.8150702977974333,9.878118461185636,SLC30A1
funcgroups8,9,24.55,Ced9,tf-idf,5374,3848,BCL2,true,2895,181,2.8150702977974333,31.595301855896423,BAHCC1
funcgroups8,9,24.55,Ced9,enrichment,5374,3848,BCL2,true,2349,192,16.694349315068497,19499.000000000087,TMEM63A
funcgroups8,9,24.55,Ced9,Poisson score,5374,3848,BCL2,true,2895,181,1.2355118001204206,12.691190438857001,BAHCC1
funcgroups8,9,24.55,Ced9,Poisson p-value,5374,3848,BCL2,true,2895,181,0.058141763452239315,2.036149027162537e-13,BAHCC1
funcgroups8,9,24.55,Ced9,shared k-mers,5374,3848,BCL2,true,1969,1879,1.0,7.0,CLDN17
funcgroups8,9,24.55,Ced9,containment,5374,3848,BCL2,true,2226,1622,0.0037174721189591076,0.03345724907063197,EPHB4
funcgroups8,9,24.55,Ced9,protein enrichment,5374,3848,BCL2,true,2226,1622,2.1828053285570412,19.64524795701337,CLDN17
funcgroups8,9,24.55,Ced9,protein Poisson p-value,5374,3848,BCL2,true,2226,1622,0.3675322562765191,1.6233683286515088e-9,CLDN17
funcgroups8,9,24.55,P66,E-value,1532,1430,CD47,false,,,,,
funcgroups8,9,24.55,P66,bit score,1532,1430,CD47,false,,,,,
funcgroups8,9,24.55,P66,mean IDF,1532,1430,CD47,false,,,,9.87811846118575,ZNF532
funcgroups8,9,24.55,P66,tf-idf,1532,1430,CD47,false,,,,38.9936287679609,TRRAP
funcgroups8,9,24.55,P66,enrichment,1532,1430,CD47,false,,,,19499.000000000087,GON4L
funcgroups8,9,24.55,P66,Poisson score,1532,1430,CD47,false,,,,15.653559774527022,PARP10
funcgroups8,9,24.55,P66,Poisson p-value,1532,1430,CD47,false,,,,2.220446049250313e-16,PARP10
funcgroups8,9,24.55,P66,shared k-mers,1532,1430,CD47,false,,,,5.0,TRRAP
funcgroups8,9,24.55,P66,containment,1532,1430,CD47,false,,,,0.011884550084889643,TRRAP
funcgroups8,9,24.55,P66,protein enrichment,1532,1430,CD47,false,,,,64.38349056603721,TRRAP
funcgroups8,9,24.55,P66,protein Poisson p-value,1532,1430,CD47,false,,,,3.240030466145072e-11,TRRAP
funcgroups8,9,24.55,BHF,E-value,373,367,,false,,,,,
funcgroups8,9,24.55,BHF,bit score,373,367,,false,,,,,
funcgroups8,9,24.55,BHF,mean IDF,373,367,,,,,,9.878118461185636,TXN2
funcgroups8,9,24.55,BHF,tf-idf,373,367,,,,,,31.680459664236878,ATOH8
funcgroups8,9,24.55,BHF,enrichment,373,367,,,,,,19499.000000000087,CFAP299
funcgroups8,9,24.55,BHF,Poisson score,373,367,,,,,,12.315701345485929,ATOH8
funcgroups8,9,24.55,BHF,Poisson p-value,373,367,,,,,,4.833911049217932e-13,ATOH8
funcgroups8,9,24.55,BHF,shared k-mers,373,367,,,,,,4.0,ATOH8
funcgroups8,9,24.55,BHF,containment,373,367,,,,,,0.01639344262295082,ATOH8
funcgroups8,9,24.55,BHF,protein enrichment,373,367,,,,,,135.64521739130456,ATOH8
funcgroups8,9,24.55,BHF,protein Poisson p-value,373,367,,,,,,3.077304011611659e-8,ATOH8
funcgroups8,10,27.28,Ced9,E-value,2868,2300,BCL2,false,,,,,
funcgroups8,10,27.28,Ced9,bit score,2868,2300,BCL2,false,,,,,
funcgroups8,10,27.28,Ced9,mean IDF,2868,2300,BCL2,false,,,,9.878118461185593,SMC1A
funcgroups8,10,27.28,Ced9,tf-idf,2868,2300,BCL2,false,,,,29.00325056865725,AQP11
funcgroups8,10,27.28,Ced9,enrichment,2868,2300,BCL2,false,,,,19499.000000000087,METTL25B
funcgroups8,10,27.28,Ced9,Poisson score,2868,2300,BCL2,false,,,,11.54850967459051,SPTLC2
funcgroups8,10,27.28,Ced9,Poisson p-value,2868,2300,BCL2,false,,,,2.8280711106276613e-12,AQP11
funcgroups8,10,27.28,Ced9,shared k-mers,2868,2300,BCL2,false,,,,7.0,CLMP
funcgroups8,10,27.28,Ced9,containment,2868,2300,BCL2,false,,,,0.03345724907063197,EPHB4
funcgroups8,10,27.28,Ced9,protein enrichment,2868,2300,BCL2,false,,,,32.95605633802831,EPHB4
funcgroups8,10,27.28,Ced9,protein Poisson p-value,2868,2300,BCL2,false,,,,1.821354178588308e-11,EPHB4
funcgroups8,10,27.28,P66,E-value,232,230,CD47,false,,,,,
funcgroups8,10,27.28,P66,bit score,232,230,CD47,false,,,,,
funcgroups8,10,27.28,P66,mean IDF,232,230,CD47,false,,,,9.878118461185636,TMC7
funcgroups8,10,27.28,P66,tf-idf,232,230,CD47,false,,,,35.8235943906285,TRRAP
funcgroups8,10,27.28,P66,enrichment,232,230,CD47,false,,,,19499.000000000087,ARMC5
funcgroups8,10,27.28,P66,Poisson score,232,230,CD47,false,,,,13.83731847453524,TRRAP
funcgroups8,10,27.28,P66,Poisson p-value,232,230,CD47,false,,,,1.454392162258955e-14,TRRAP
funcgroups8,10,27.28,P66,shared k-mers,232,230,CD47,false,,,,4.0,TRRAP
funcgroups8,10,27.28,P66,containment,232,230,CD47,false,,,,0.006802721088435374,TRRAP
funcgroups8,10,27.28,P66,protein enrichment,232,230,CD47,false,,,,101.68970013037739,TRRAP
funcgroups8,10,27.28,P66,protein Poisson p-value,232,230,CD47,false,,,,9.666368250282886e-8,TRRAP
funcgroups8,10,27.28,BHF,E-value,50,50,,false,,,,,
funcgroups8,10,27.28,BHF,bit score,50,50,,false,,,,,
funcgroups8,10,27.28,BHF,mean IDF,50,50,,,,,,9.878118461185586,EEF1B2
funcgroups8,10,27.28,BHF,tf-idf,50,50,,,,,,26.30215087338155,ATOH8
funcgroups8,10,27.28,BHF,enrichment,50,50,,,,,,19499.000000000087,TRIM67
funcgroups8,10,27.28,BHF,Poisson score,50,50,,,,,,10.52419379088751,ATOH8
funcgroups8,10,27.28,BHF,Poisson p-value,50,50,,,,,,2.9909297261099255e-11,ATOH8
funcgroups8,10,27.28,BHF,shared k-mers,50,50,,,,,,3.0,ATOH8
funcgroups8,10,27.28,BHF,containment,50,50,,,,,,0.012345679012345678,ATOH8
funcgroups8,10,27.28,BHF,protein enrichment,50,50,,,,,,215.8560885608861,ATOH8
funcgroups8,10,27.28,BHF,protein Poisson p-value,50,50,,,,,,4.4278638811068305e-7,ATOH8
funcgroups8,12,32.74,Ced9,E-value,1015,909,BCL2,false,,,,3.4764558607899807,BAHCC1
funcgroups8,12,32.74,Ced9,bit score,1015,909,BCL2,false,,,,29.717797155562618,BAHCC1
funcgroups8,12,32.74,Ced9,mean IDF,1015,909,BCL2,false,,,,39.92382123949092,FIBCD1
funcgroups8,12,32.74,Ced9,tf-idf,1015,909,BCL2,false,,,,43.33775479387195,EPHB4
funcgroups8,12,32.74,Ced9,enrichment,1015,909,BCL2,false,,,,19499.000000000087,BAHCC1
funcgroups8,12,32.74,Ced9,Poisson score,1015,909,BCL2,false,,,,12.73500524397675,LRP4
funcgroups8,12,32.74,Ced9,Poisson p-value,1015,909,BCL2,false,,,,1.8407497748285095e-13,LRP4
funcgroups8,12,32.74,Ced9,shared k-mers,1015,909,BCL2,false,,,,8.0,LRP4
funcgroups8,12,32.74,Ced9,containment,1015,909,BCL2,false,,,,0.03345724907063197,EPHB4
funcgroups8,12,32.74,Ced9,protein enrichment,1015,909,BCL2,false,,,,79.12128043282198,EPHB4
funcgroups8,12,32.74,Ced9,protein Poisson p-value,1015,909,BCL2,false,,,,7.882583474838611e-15,EPHB4
funcgroups8,12,32.74,P66,E-value,15,15,CD47,false,,,,4.290650872926401,PARP10
funcgroups8,12,32.74,P66,bit score,15,15,CD47,false,,,,30.506522017351575,PARP10
funcgroups8,12,32.74,P66,mean IDF,15,15,CD47,false,,,,9.878118461185593,PARP10
funcgroups8,12,32.74,P66,tf-idf,15,15,CD47,false,,,,19.75623692237116,TRRAP
funcgroups8,12,32.74,P66,enrichment,15,15,CD47,false,,,,19499.000000000087,SLC38A6
funcgroups8,12,32.74,P66,Poisson score,15,15,CD47,false,,,,8.279024376635377,TRRAP
funcgroups8,12,32.74,P66,Poisson p-value,15,15,CD47,false,,,,5.259877422503223e-9,TRRAP
funcgroups8,12,32.74,P66,shared k-mers,15,15,CD47,false,,,,2.0,TRRAP
funcgroups8,12,32.74,P66,containment,15,15,CD47,false,,,,0.0034129692832764505,TRRAP
funcgroups8,12,32.74,P66,protein enrichment,15,15,CD47,false,,,,66.4361158432711,TRRAP
funcgroups8,12,32.74,P66,protein Poisson p-value,15,15,CD47,false,,,,0.0004441364774537826,TRRAP
funcgroups8,12,32.74,BHF,E-value,1,1,,,,,,4.62752053827076,ATOH8
funcgroups8,12,32.74,BHF,bit score,1,1,,,,,,29.15317194121844,ATOH8
funcgroups8,12,32.74,BHF,mean IDF,1,1,,,,,,9.878118461185586,ATOH8
funcgroups8,12,32.74,BHF,tf-idf,1,1,,,,,,9.878118461185586,ATOH8
funcgroups8,12,32.74,BHF,enrichment,1,1,,,,,,19499.000000000087,ATOH8
funcgroups8,12,32.74,BHF,Poisson score,1,1,,,,,,4.290023475558743,ATOH8
funcgroups8,12,32.74,BHF,Poisson p-value,1,1,,,,,,0.000051283366228949134,ATOH8
funcgroups8,12,32.74,BHF,shared k-mers,1,1,,,,,,1.0,ATOH8
funcgroups8,12,32.74,BHF,containment,1,1,,,,,,0.004149377593360996,ATOH8
funcgroups8,12,32.74,BHF,protein enrichment,1,1,,,,,,80.90871369294625,ATOH8
funcgroups8,12,32.74,BHF,protein Poisson p-value,1,1,,,,,,0.012283541933321818,ATOH8
funcgroups8,13,35.46,Ced9,E-value,527,495,BCL2,false,,,,,
funcgroups8,13,35.46,Ced9,bit score,527,495,BCL2,false,,,,,
funcgroups8,13,35.46,Ced9,mean IDF,527,495,BCL2,false,,,,8.491721525442568,SLC25A48
funcgroups8,13,35.46,Ced9,tf-idf,527,495,BCL2,false,,,,36.72276448438922,LRP4
funcgroups8,13,35.46,Ced9,enrichment,527,495,BCL2,false,,,,4874.25,AQP11
funcgroups8,13,35.46,Ced9,Poisson score,527,495,BCL2,false,,,,12.875046762788097,LRP4
funcgroups8,13,35.46,Ced9,Poisson p-value,527,495,BCL2,false,,,,1.333377852574813e-13,LRP4
funcgroups8,13,35.46,Ced9,shared k-mers,527,495,BCL2,false,,,,7.0,LRP4
funcgroups8,13,35.46,Ced9,containment,527,495,BCL2,false,,,,0.026119402985074626,LRP4
funcgroups8,13,35.46,Ced9,protein enrichment,527,495,BCL2,false,,,,109.5337078651688,EPHB4
funcgroups8,13,35.46,Ced9,protein Poisson p-value,527,495,BCL2,false,,,,8.169021015191902e-13,LRP4
funcgroups8,13,35.46,P66,E-value,1,1,CD47,false,,,,,
funcgroups8,13,35.46,P66,bit score,1,1,CD47,false,,,,,
funcgroups8,13,35.46,P66,mean IDF,1,1,CD47,false,,,,9.878015886562459,TRRAP
funcgroups8,13,35.46,P66,tf-idf,1,1,CD47,false,,,,9.878015886562459,TRRAP
funcgroups8,13,35.46,P66,enrichment,1,1,CD47,false,,,,19497.00000000066,TRRAP
funcgroups8,13,35.46,P66,Poisson score,1,1,CD47,false,,,,4.28997892910869,TRRAP
funcgroups8,13,35.46,P66,Poisson p-value,1,1,CD47,false,,,,0.00005128862673575707,TRRAP
funcgroups8,13,35.46,P66,shared k-mers,1,1,CD47,false,,,,1.0,TRRAP
funcgroups8,13,35.46,P66,containment,1,1,CD47,false,,,,0.0017094017094017094,TRRAP
funcgroups8,13,35.46,P66,protein enrichment,1,1,CD47,false,,,,33.32820512820567,TRRAP
funcgroups8,13,35.46,P66,protein Poisson p-value,1,1,CD47,false,,,,0.029558946109717432,TRRAP
funcgroups8,13,35.46,BHF,E-value,0,0,,false,,,,,
funcgroups8,13,35.46,BHF,bit score,0,0,,false,,,,,
funcgroups8,13,35.46,BHF,mean IDF,0,0,,false,,,,,
funcgroups8,13,35.46,BHF,tf-idf,0,0,,false,,,,,
funcgroups8,13,35.46,BHF,enrichment,0,0,,false,,,,,
funcgroups8,13,35.46,BHF,Poisson score,0,0,,false,,,,,
funcgroups8,13,35.46,BHF,Poisson p-value,0,0,,false,,,,,
funcgroups8,13,35.46,BHF,shared k-mers,0,0,,false,,,,,
funcgroups8,13,35.46,BHF,containment,0,0,,false,,,,,
funcgroups8,13,35.46,BHF,protein enrichment,0,0,,false,,,,,
funcgroups8,13,35.46,BHF,protein Poisson p-value,0,0,,false,,,,,
funcgroups8,15,40.92,Ced9,E-value,128,125,BCL2,false,,,,,
funcgroups8,15,40.92,Ced9,bit score,128,125,BCL2,false,,,,,
funcgroups8,15,40.92,Ced9,mean IDF,128,125,BCL2,false,,,,9.878015886562459,APOL2
funcgroups8,15,40.92,Ced9,tf-idf,128,125,BCL2,false,,,,33.64287356532246,LRP4
funcgroups8,15,40.92,Ced9,enrichment,128,125,BCL2,false,,,,19497.0,APOL2
funcgroups8,15,40.92,Ced9,Poisson score,128,125,BCL2,false,,,,11.67803606156669,LRP4
funcgroups8,15,40.92,Ced9,Poisson p-value,128,125,BCL2,false,,,,2.098765605751396e-12,LRP4
funcgroups8,15,40.92,Ced9,shared k-mers,128,125,BCL2,false,,,,5.0,LRP4
funcgroups8,15,40.92,Ced9,containment,128,125,BCL2,false,,,,0.018796992481203006,LRP4
funcgroups8,15,40.92,Ced9,protein enrichment,128,125,BCL2,false,,,,194.9700000000016,LRP4
funcgroups8,15,40.92,Ced9,protein Poisson p-value,128,125,BCL2,false,,,,9.047973481557392e-11,LRP4
funcgroups8,15,40.92,P66,E-value,0,0,CD47,false,,,,,
funcgroups8,15,40.92,P66,bit score,0,0,CD47,false,,,,,
funcgroups8,15,40.92,P66,mean IDF,0,0,CD47,false,,,,,
funcgroups8,15,40.92,P66,tf-idf,0,0,CD47,false,,,,,
funcgroups8,15,40.92,P66,enrichment,0,0,CD47,false,,,,,
funcgroups8,15,40.92,P66,Poisson score,0,0,CD47,false,,,,,
funcgroups8,15,40.92,P66,Poisson p-value,0,0,CD47,false,,,,,
funcgroups8,15,40.92,P66,shared k-mers,0,0,CD47,false,,,,,
funcgroups8,15,40.92,P66,containment,0,0,CD47,false,,,,,
funcgroups8,15,40.92,P66,protein enrichment,0,0,CD47,false,,,,,
funcgroups8,15,40.92,P66,protein Poisson p-value,0,0,CD47,false,,,,,
funcgroups8,15,40.92,BHF,E-value,0,0,,false,,,,,
funcgroups8,15,40.92,BHF,bit score,0,0,,false,,,,,
funcgroups8,15,40.92,BHF,mean IDF,0,0,,false,,,,,
funcgroups8,15,40.92,BHF,tf-idf,0,0,,false,,,,,
funcgroups8,15,40.92,BHF,enrichment,0,0,,false,,,,,
funcgroups8,15,40.92,BHF,Poisson score,0,0,,false,,,,,
funcgroups8,15,40.92,BHF,Poisson p-value,0,0,,false,,,,,
funcgroups8,15,40.92,BHF,shared k-mers,0,0,,false,,,,,
funcgroups8,15,40.92,BHF,containment,0,0,,false,,,,,
funcgroups8,15,40.92,BHF,protein enrichment,0,0,,false,,,,,
funcgroups8,15,40.92,BHF,protein Poisson p-value,0,0,,false,,,,,
funcgroups8,16,43.65,Ced9,E-value,73,73,BCL2,false,,,,,
funcgroups8,16,43.65,Ced9,bit score,73,73,BCL2,false,,,,,
funcgroups8,16,43.65,Ced9,mean IDF,73,73,BCL2,false,,,,8.77940359789435,CLMP
funcgroups8,16,43.65,Ced9,tf-idf,73,73,BCL2,false,,,,29.10634721717323,LRP4
funcgroups8,16,43.65,Ced9,enrichment,73,73,BCL2,false,,,,6499.0,CLMP
funcgroups8,16,43.65,Ced9,Poisson score,73,73,BCL2,false,,,,10.34520562319044,LRP4
funcgroups8,16,43.65,Ced9,Poisson p-value,73,73,BCL2,false,,,,4.5164205708658756e-11,LRP4
funcgroups8,16,43.65,Ced9,shared k-mers,73,73,BCL2,false,,,,4.0,LRP4
funcgroups8,16,43.65,Ced9,containment,73,73,BCL2,false,,,,0.01509433962264151,LRP4
funcgroups8,16,43.65,Ced9,protein enrichment,73,73,BCL2,false,,,,207.9680000000006,LRP4
funcgroups8,16,43.65,Ced9,protein Poisson p-value,73,73,BCL2,false,,,,5.615162446126476e-9,LRP4
funcgroups8,16,43.65,P66,E-value,0,0,CD47,false,,,,,
funcgroups8,16,43.65,P66,bit score,0,0,CD47,false,,,,,
funcgroups8,16,43.65,P66,mean IDF,0,0,CD47,false,,,,,
funcgroups8,16,43.65,P66,tf-idf,0,0,CD47,false,,,,,
funcgroups8,16,43.65,P66,enrichment,0,0,CD47,false,,,,,
funcgroups8,16,43.65,P66,Poisson score,0,0,CD47,false,,,,,
funcgroups8,16,43.65,P66,Poisson p-value,0,0,CD47,false,,,,,
funcgroups8,16,43.65,P66,shared k-mers,0,0,CD47,false,,,,,
funcgroups8,16,43.65,P66,containment,0,0,CD47,false,,,,,
funcgroups8,16,43.65,P66,protein enrichment,0,0,CD47,false,,,,,
funcgroups8,16,43.65,P66,protein Poisson p-value,0,0,CD47,false,,,,,
funcgroups8,16,43.65,BHF,E-value,0,0,,false,,,,,
funcgroups8,16,43.65,BHF,bit score,0,0,,false,,,,,
funcgroups8,16,43.65,BHF,mean IDF,0,0,,false,,,,,
funcgroups8,16,43.65,BHF,tf-idf,0,0,,false,,,,,
funcgroups8,16,43.65,BHF,enrichment,0,0,,false,,,,,
funcgroups8,16,43.65,BHF,Poisson score,0,0,,false,,,,,
funcgroups8,16,43.65,BHF,Poisson p-value,0,0,,false,,,,,
funcgroups8,16,43.65,BHF,shared k-mers,0,0,,false,,,,,
funcgroups8,16,43.65,BHF,containment,0,0,,false,,,,,
funcgroups8,16,43.65,BHF,protein enrichment,0,0,,false,,,,,
funcgroups8,16,43.65,BHF,protein Poisson p-value,0,0,,false,,,,,
sdm12,5,15.67,Ced9,E-value,148079,18634,BCL2,false,,,,48.1100427118185,ERCC5
sdm12,5,15.67,Ced9,bit score,148079,18634,BCL2,false,,,,25.857549740394035,BIVM-ERCC5
sdm12,5,15.67,Ced9,mean IDF,148079,18634,BCL2,false,,,,196.71845856095558,ATM
sdm12,5,15.67,Ced9,tf-idf,148079,18634,BCL2,false,,,,196.71845856095558,ATM
sdm12,5,15.67,Ced9,enrichment,148079,18634,BCL2,false,,,,4875.499999997502,PEBP1
sdm12,5,15.67,Ced9,Poisson score,148079,18634,BCL2,false,,,,9.428897763474058,RNF213
sdm12,5,15.67,Ced9,Poisson p-value,148079,18634,BCL2,false,,,,3.7247938067253017e-10,RNF213
sdm12,5,15.67,Ced9,shared k-mers,148079,18634,BCL2,false,,,,7.0,TRIP11
sdm12,5,15.67,Ced9,containment,148079,18634,BCL2,false,,,,0.4797047970479705,TTN
sdm12,5,15.67,Ced9,protein enrichment,148079,18634,BCL2,false,,,,17.771718177166214,TTN
sdm12,5,15.67,Ced9,protein Poisson p-value,148079,18634,BCL2,false,,,,0.0,SPTBN5
sdm12,5,15.67,P66,E-value,278277,19346,CD47,true,5072,5,5554.148013302885,29.226628300549244,A1BG
sdm12,5,15.67,P66,bit score,278277,19346,CD47,true,5072,5,20.098770110915947,27.66890852121408,A1BG
sdm12,5,15.67,P66,mean IDF,278277,19346,CD47,true,12364,4,36.42519237278907,201.82186833533842,SWAP70
sdm12,5,15.67,P66,tf-idf,278277,19346,CD47,true,3827,1,69.9618528118188,201.82186833533842,SWAP70
sdm12,5,15.67,P66,enrichment,278277,19346,CD47,true,5343,43,108.94972067038267,9750.999999995003,POLR2C
sdm12,5,15.67,P66,Poisson score,278277,19346,CD47,true,10437,26,2.0392176925408028,9.401736440538178,FCHO1
sdm12,5,15.67,P66,Poisson p-value,278277,19346,CD47,true,10437,26,0.009136551519091318,3.9651859573552883e-10,FCHO1
sdm12,5,15.67,P66,shared k-mers,278277,19346,CD47,true,4340,9402,2.0,7.0,SYNE1
sdm12,5,15.67,P66,containment,278277,19346,CD47,true,8611,944,0.018900343642611683,0.41237113402061853,TTN
sdm12,5,15.67,P66,protein enrichment,278277,19346,CD47,true,8611,944,0.8064069888956544,17.594334303177913,TTN
sdm12,5,15.67,P66,protein Poisson p-value,278277,19346,CD47,true,8611,944,0.7992709956026524,0.0,TPR
sdm12,5,15.67,BHF,E-value,160277,18401,,,,,,29.710148356416703,KIRREL3
sdm12,5,15.67,BHF,bit score,160277,18401,,,,,,26.400928917955735,KIRREL3
sdm12,5,15.67,BHF,mean IDF,160277,18401,,,,,,199.31396067717242,HSP90B1
sdm12,5,15.67,BHF,tf-idf,160277,18401,,,,,,201.99554640973312,CCDC180
sdm12,5,15.67,BHF,enrichment,160277,18401,,,,,,19502.000000158907,SH3D19
sdm12,5,15.67,BHF,Poisson score,160277,18401,,,,,,9.35474838365856,FGF16
sdm12,5,15.67,BHF,Poisson p-value,160277,18401,,,,,,4.418263532812716e-10,FGF16
sdm12,5,15.67,BHF,shared k-mers,160277,18401,,,,,,7.0,GALR2
sdm12,5,15.67,BHF,containment,160277,18401,,,,,,0.42857142857142855,TTN
sdm12,5,15.67,BHF,protein enrichment,160277,18401,,,,,,14.069063601448331,TTN
sdm12,5,15.67,BHF,protein Poisson p-value,160277,18401,,,,,,0.0,NIPBL
sdm12,6,18.8,Ced9,E-value,22370,10966,BCL2,false,,,,14.382403914783804,DSE
sdm12,6,18.8,Ced9,bit score,22370,10966,BCL2,false,,,,27.65405483284987,DSE
sdm12,6,18.8,Ced9,mean IDF,22370,10966,BCL2,false,,,,272.29809536095127,GRHPR
sdm12,6,18.8,Ced9,tf-idf,22370,10966,BCL2,false,,,,272.29809536095127,GRHPR
sdm12,6,18.8,Ced9,enrichment,22370,10966,BCL2,false,,,,19504.000000009873,GPC3
sdm12,6,18.8,Ced9,Poisson score,22370,10966,BCL2,false,,,,11.314167965847433,RNF213
sdm12,6,18.8,Ced9,Poisson p-value,22370,10966,BCL2,false,,,,4.851008483797159e-12,RNF213
sdm12,6,18.8,Ced9,shared k-mers,22370,10966,BCL2,false,,,,6.0,TRIP11
sdm12,6,18.8,Ced9,containment,22370,10966,BCL2,false,,,,0.1684981684981685,TTN
sdm12,6,18.8,Ced9,protein enrichment,22370,10966,BCL2,false,,,,36.880174291939,TTN
sdm12,6,18.8,Ced9,protein Poisson p-value,22370,10966,BCL2,false,,,,0.0,DNAH5
sdm12,6,18.8,P66,E-value,41268,13845,CD47,true,866,1,898.7133167650397,18.586147334332132,CSDE1
sdm12,6,18.8,P66,bit score,41268,13845,CD47,true,866,1,22.780874694712463,28.37643601973924,CSDE1
sdm12,6,18.8,P66,mean IDF,41268,13845,CD47,true,858,0,89.40591773568747,266.6271799400106,AKAP9
sdm12,6,18.8,P66,tf-idf,41268,13845,CD47,true,1064,1,89.40591773568747,266.6271799400106,AKAP9
sdm12,6,18.8,P66,enrichment,41268,13845,CD47,true,9468,50,39.642276422764056,19504.000000052107,LTBP2
sdm12,6,18.8,P66,Poisson score,41268,13845,CD47,true,10378,38,1.6036247390825575,12.048470312645442,FAM78B
sdm12,6,18.8,P66,Poisson p-value,41268,13845,CD47,true,10378,38,0.02491008795089078,8.943956686380261e-13,FAM78B
sdm12,6,18.8,P66,shared k-mers,41268,13845,CD47,true,4484,9361,1.0,6.0,ARHGAP33
sdm12,6,18.8,P66,containment,41268,13845,CD47,true,4227,2079,0.005084745762711864,0.12542372881355932,TTN
sdm12,6,18.8,P66,protein enrichment,41268,13845,CD47,true,4227,2079,1.3208424569403365,32.5807806045283,TTN
sdm12,6,18.8,P66,protein Poisson p-value,41268,13845,CD47,true,4227,2079,0.3963305717991328,0.0,FSIP2
sdm12,6,18.8,BHF,E-value,26152,10649,,,,,,11.449530589903638,ITGAM
sdm12,6,18.8,BHF,bit score,26152,10649,,,,,,27.831068119736184,ITGAM
sdm12,6,18.8,BHF,mean IDF,26152,10649,,,,,,287.70111617115737,CCDC180
sdm12,6,18.8,BHF,tf-idf,26152,10649,,,,,,287.70111617115737,CCDC180
sdm12,6,18.8,BHF,enrichment,26152,10649,,,,,,19504.000000009873,KDM3B
sdm12,6,18.8,BHF,Poisson score,26152,10649,,,,,,12.105600563939836,PRR5-ARHGAP8
sdm12,6,18.8,BHF,Poisson p-value,26152,10649,,,,,,7.841505222927481e-13,ARHGAP8
sdm12,6,18.8,BHF,shared k-mers,26152,10649,,,,,,6.0,GALR2
sdm12,6,18.8,BHF,containment,26152,10649,,,,,,0.1214574898785425,TTN
sdm12,6,18.8,BHF,protein enrichment,26152,10649,,,,,,21.38440172502011,TTN
sdm12,6,18.8,BHF,protein Poisson p-value,26152,10649,,,,,,0.0,MUC16
sdm12,8,25.07,Ced9,E-value,439,426,BCL2,false,,,,36.25341176870672,REV1
sdm12,8,25.07,Ced9,bit score,439,426,BCL2,false,,,,26.33799385801542,REV1
sdm12,8,25.07,Ced9,mean IDF,439,426,BCL2,false,,,,134.21411728884266,REV1
sdm12,8,25.07,Ced9,tf-idf,439,426,BCL2,false,,,,134.21411728884266,REV1
sdm12,8,25.07,Ced9,enrichment,439,426,BCL2,false,,,,19504.000000000637,SUSD1
sdm12,8,25.07,Ced9,Poisson score,439,426,BCL2,false,,,,10.97371867707603,TRIP11
sdm12,8,25.07,Ced9,Poisson p-value,439,426,BCL2,false,,,,1.0623835144940585e-11,TRIP11
sdm12,8,25.07,Ced9,shared k-mers,439,426,BCL2,false,,,,4.0,TRIP11
sdm12,8,25.07,Ced9,containment,439,426,BCL2,false,,,,0.018315018315018316,SPATA31H1
sdm12,8,25.07,Ced9,protein enrichment,439,426,BCL2,false,,,,148.88549618320656,SPATA31H1
sdm12,8,25.07,Ced9,protein Poisson p-value,439,426,BCL2,false,,,,3.4614466848381653e-10,SPATA31H1
sdm12,8,25.07,P66,E-value,1073,941,CD47,false,,,,78.43596742314182,PRKCE
sdm12,8,25.07,P66,bit score,1073,941,CD47,false,,,,26.316899369190878,PRKCE
sdm12,8,25.07,P66,mean IDF,1073,941,CD47,false,,,,173.44580400828568,PPRC1
sdm12,8,25.07,P66,tf-idf,1073,941,CD47,false,,,,175.0552419207197,FNDC1
sdm12,8,25.07,P66,enrichment,1073,941,CD47,false,,,,19504.000000000637,ARMC6
sdm12,8,25.07,P66,Poisson score,1073,941,CD47,false,,,,11.314167965847433,GLYATL3
sdm12,8,25.07,P66,Poisson p-value,1073,941,CD47,false,,,,4.851008483797159e-12,GLYATL3
sdm12,8,25.07,P66,shared k-mers,1073,941,CD47,false,,,,5.0,SHROOM4
sdm12,8,25.07,P66,containment,1073,941,CD47,false,,,,0.010169491525423728,ARHGAP33
sdm12,8,25.07,P66,protein enrichment,1073,941,CD47,false,,,,71.22580645161247,ARHGAP33
sdm12,8,25.07,P66,protein Poisson p-value,1073,941,CD47,false,,,,4.6175996359920646e-10,ARHGAP33
sdm12,8,25.07,BHF,E-value,635,600,,,,,,28.40032573649536,PTCH2
sdm12,8,25.07,BHF,bit score,635,600,,,,,,26.53820005976768,PTCH2
sdm12,8,25.07,BHF,mean IDF,635,600,,,,,,119.25032531240674,HTR2B
sdm12,8,25.07,BHF,tf-idf,635,600,,,,,,126.79003119540951,TCHH
sdm12,8,25.07,BHF,enrichment,635,600,,,,,,19504.000000000637,COL24A1
sdm12,8,25.07,BHF,Poisson score,635,600,,,,,,11.842420622189344,RASIP1
sdm12,8,25.07,BHF,Poisson p-value,635,600,,,,,,1.4374057499821902e-12,RASIP1
sdm12,8,25.07,BHF,shared k-mers,635,600,,,,,,4.0,GALR2
sdm12,8,25.07,BHF,containment,635,600,,,,,,0.02040816326530612,PLEC
sdm12,8,25.07,BHF,protein enrichment,635,600,,,,,,109.08277404921691,PLEC
sdm12,8,25.07,BHF,protein Poisson p-value,635,600,,,,,,1.6229610988460763e-9,PLEC
sdm12,9,28.2,Ced9,E-value,55,55,BCL2,false,,,,196.13908800973886,DNAJC10
sdm12,9,28.2,Ced9,bit score,55,55,BCL2,false,,,,23.90310140328494,DNAJC10
sdm12,9,28.2,Ced9,mean IDF,55,55,BCL2,false,,,,54.77013180290521,MROH2B
sdm12,9,28.2,Ced9,tf-idf,55,55,BCL2,false,,,,54.77013180290521,MROH2B
sdm12,9,28.2,Ced9,enrichment,55,55,BCL2,false,,,,19503.00000000001,SOX12
sdm12,9,28.2,Ced9,Poisson score,55,55,BCL2,false,,,,9.68214822996469,TRIP11
sdm12,9,28.2,Ced9,Poisson p-value,55,55,BCL2,false,,,,2.0789869825676988e-10,TRIP11
sdm12,9,28.2,Ced9,shared k-mers,55,55,BCL2,false,,,,3.0,TRIP11
sdm12,9,28.2,Ced9,containment,55,55,BCL2,false,,,,0.011029411764705883,TRIP11
sdm12,9,28.2,Ced9,protein enrichment,55,55,BCL2,false,,,,196.99999999999972,TRIP11
sdm12,9,28.2,Ced9,protein Poisson p-value,55,55,BCL2,false,,,,5.819095827419574e-7,TRIP11
sdm12,9,28.2,P66,E-value,180,171,CD47,false,,,,404.6198493471142,ENO2
sdm12,9,28.2,P66,bit score,180,171,CD47,false,,,,23.950715486836877,ENO2
sdm12,9,28.2,P66,mean IDF,180,171,CD47,false,,,,99.54146587347003,FNDC1
sdm12,9,28.2,P66,tf-idf,180,171,CD47,false,,,,99.54146587347003,FNDC1
sdm12,9,28.2,P66,enrichment,180,171,CD47,false,,,,19502.999999999967,GLYATL3
sdm12,9,28.2,P66,Poisson score,180,171,CD47,false,,,,10.865784143514956,SHROOM4
sdm12,9,28.2,P66,Poisson p-value,180,171,CD47,false,,,,1.3621215266823583e-11,SHROOM4
sdm12,9,28.2,P66,shared k-mers,180,171,CD47,false,,,,4.0,SHROOM4
sdm12,9,28.2,P66,containment,180,171,CD47,false,,,,0.008488964346349746,ARHGAP33
sdm12,9,28.2,P66,protein enrichment,180,171,CD47,false,,,,129.15894039735082,ARHGAP33
sdm12,9,28.2,P66,protein Poisson p-value,180,171,CD47,false,,,,7.015240610641627e-10,ARHGAP33
sdm12,9,28.2,BHF,E-value,96,94,,,,,,178.07219736220512,ARHGAP8
sdm12,9,28.2,BHF,bit score,96,94,,,,,,23.890513100460772,ARHGAP8
sdm12,9,28.2,BHF,mean IDF,96,94,,,,,,72.75749234727436,TCHH
sdm12,9,28.2,BHF,tf-idf,96,94,,,,,,72.75749234727436,TCHH
sdm12,9,28.2,BHF,enrichment,96,94,,,,,,19502.999999999967,MYLIP
sdm12,9,28.2,BHF,Poisson score,96,94,,,,,,9.508222564182441,GALR2
sdm12,9,28.2,BHF,Poisson p-value,96,94,,,,,,3.102968992862998e-10,GALR2
sdm12,9,28.2,BHF,shared k-mers,96,94,,,,,,3.0,GALR2
sdm12,9,28.2,BHF,containment,96,94,,,,,,0.012295081967213115,GALR2
sdm12,9,28.2,BHF,protein enrichment,96,94,,,,,,182.27102803738296,GALR2
sdm12,9,28.2,BHF,protein Poisson p-value,96,94,,,,,,7.340079281048517e-7,PLEC
sdm12,10,31.34,Ced9,E-value,4,4,BCL2,false,,,,,
sdm12,10,31.34,Ced9,bit score,4,4,BCL2,false,,,,,
sdm12,10,31.34,Ced9,mean IDF,4,4,BCL2,false,,,,9.878323578872582,NAIP
sdm12,10,31.34,Ced9,tf-idf,4,4,BCL2,false,,,,19.756647157745157,TRIP11
sdm12,10,31.34,Ced9,enrichment,4,4,BCL2,false,,,,19502.999999999967,TRIP11
sdm12,10,31.34,Ced9,Poisson score,4,4,BCL2,false,,,,8.279202533739596,TRIP11
sdm12,10,31.34,Ced9,Poisson p-value,4,4,BCL2,false,,,,5.257720148144074e-9,TRIP11
sdm12,10,31.34,Ced9,shared k-mers,4,4,BCL2,false,,,,2.0,TRIP11
sdm12,10,31.34,Ced9,containment,4,4,BCL2,false,,,,0.007380073800738007,TRIP11
sdm12,10,31.34,Ced9,protein enrichment,4,4,BCL2,false,,,,143.93357933579315,TRIP11
sdm12,10,31.34,Ced9,protein Poisson p-value,4,4,BCL2,false,,,,0.00009565000000477664,TRIP11
sdm12,10,31.34,P66,E-value,38,37,CD47,false,,,,,
sdm12,10,31.34,P66,bit score,38,37,CD47,false,,,,,
sdm12,10,31.34,P66,mean IDF,38,37,CD47,false,,,,9.878323578872582,STAC2
sdm12,10,31.34,P66,tf-idf,38,37,CD47,false,,,,24.644538149838993,SHROOM4
sdm12,10,31.34,P66,enrichment,38,37,CD47,false,,,,19502.999999999967,STAC2
sdm12,10,31.34,P66,Poisson score,38,37,CD47,false,,,,9.95739261162974,SHROOM4
sdm12,10,31.34,P66,Poisson p-value,38,37,CD47,false,,,,1.1030809599077429e-10,ARHGAP33
sdm12,10,31.34,P66,shared k-mers,38,37,CD47,false,,,,3.0,ARHGAP33
sdm12,10,31.34,P66,containment,38,37,CD47,false,,,,0.006802721088435374,ARHGAP33
sdm12,10,31.34,P66,protein enrichment,38,37,CD47,false,,,,126.02907915993521,ARHGAP33
sdm12,10,31.34,P66,protein Poisson p-value,38,37,CD47,false,,,,4.122155383701198e-8,ARHGAP33
sdm12,10,31.34,BHF,E-value,16,16,,false,,,,,
sdm12,10,31.34,BHF,bit score,16,16,,false,,,,,
sdm12,10,31.34,BHF,mean IDF,16,16,,,,,,9.878323578872582,NFX1
sdm12,10,31.34,BHF,tf-idf,16,16,,,,,,19.756647157745157,GALR2
sdm12,10,31.34,BHF,enrichment,16,16,,,,,,19503.00000000001,RNF150
sdm12,10,31.34,BHF,Poisson score,16,16,,,,,,8.279202533739596,GALR2
sdm12,10,31.34,BHF,Poisson p-value,16,16,,,,,,5.257720148144074e-9,GALR2
sdm12,10,31.34,BHF,shared k-mers,16,16,,,,,,2.0,GALR2
sdm12,10,31.34,BHF,containment,16,16,,,,,,0.00823045267489712,GALR2
sdm12,10,31.34,BHF,protein enrichment,16,16,,,,,,157.28225806451593,GALR2
sdm12,10,31.34,BHF,protein Poisson p-value,16,16,,,,,,0.00008016611167005472,GALR2
sdm12,11,34.47,Ced9,E-value,1,1,BCL2,false,,,,,
sdm12,11,34.47,Ced9,bit score,1,1,BCL2,false,,,,,
sdm12,11,34.47,Ced9,mean IDF,1,1,BCL2,false,,,,9.878323578872578,TRIP11
sdm12,11,34.47,Ced9,tf-idf,1,1,BCL2,false,,,,9.878323578872578,TRIP11
sdm12,11,34.47,Ced9,enrichment,1,1,BCL2,false,,,,19502.999999999967,TRIP11
sdm12,11,34.47,Ced9,Poisson score,1,1,BCL2,false,,,,4.2901125547546535,TRIP11
sdm12,11,34.47,Ced9,Poisson p-value,1,1,BCL2,false,,,,0.000051272848451855424,TRIP11
sdm12,11,34.47,Ced9,shared k-mers,1,1,BCL2,false,,,,1.0,TRIP11
sdm12,11,34.47,Ced9,containment,1,1,BCL2,false,,,,0.003703703703703704,TRIP11
sdm12,11,34.47,Ced9,protein enrichment,1,1,BCL2,false,,,,72.23333333333323,TRIP11
sdm12,11,34.47,Ced9,protein Poisson p-value,1,1,BCL2,false,,,,0.013748636187166263,TRIP11
sdm12,11,34.47,P66,E-value,6,6,CD47,false,,,,,
sdm12,11,34.47,P66,bit score,6,6,CD47,false,,,,,
sdm12,11,34.47,P66,mean IDF,6,6,CD47,false,,,,9.878323578872578,SYNE1
sdm12,11,34.47,P66,tf-idf,6,6,CD47,false,,,,17.27174050795716,SHROOM4
sdm12,11,34.47,P66,enrichment,6,6,CD47,false,,,,19502.999999999967,SYNE1
sdm12,11,34.47,P66,Poisson score,6,6,CD47,false,,,,7.191140673424111,SHROOM4
sdm12,11,34.47,P66,Poisson p-value,6,6,CD47,false,,,,6.439606448083168e-8,SHROOM4
sdm12,11,34.47,P66,shared k-mers,6,6,CD47,false,,,,2.0,SHROOM4
sdm12,11,34.47,P66,containment,6,6,CD47,false,,,,0.0034071550255536627,ARHGAP33
sdm12,11,34.47,P66,protein enrichment,6,6,CD47,false,,,,65.88851351351342,ARHGAP33
sdm12,11,34.47,P66,protein Poisson p-value,6,6,CD47,false,,,,0.0004514745099549744,SHROOM4
sdm12,11,34.47,BHF,E-value,1,1,,false,,,,,
sdm12,11,34.47,BHF,bit score,1,1,,false,,,,,
sdm12,11,34.47,BHF,mean IDF,1,1,,,,,,9.878323578872578,GALR2
sdm12,11,34.47,BHF,tf-idf,1,1,,,,,,9.878323578872578,GALR2
sdm12,11,34.47,BHF,enrichment,1,1,,,,,,19502.999999999967,GALR2
sdm12,11,34.47,BHF,Poisson score,1,1,,,,,,4.2901125547546535,GALR2
sdm12,11,34.47,BHF,Poisson p-value,1,1,,,,,,0.000051272848451855424,GALR2
sdm12,11,34.47,BHF,shared k-mers,1,1,,,,,,1.0,GALR2
sdm12,11,34.47,BHF,containment,1,1,,,,,,0.004132231404958678,GALR2
sdm12,11,34.47,BHF,protein enrichment,1,1,,,,,,80.59090909090898,GALR2
sdm12,11,34.47,BHF,protein Poisson p-value,1,1,,,,,,0.012331681318261456,GALR2
mmseqs12,5,16.49,Ced9,E-value,49607,15370,BCL2,false,,,,27.363703308125555,SLAIN2
mmseqs12,5,16.49,Ced9,bit score,49607,15370,BCL2,false,,,,26.706260102262693,SLAIN2
mmseqs12,5,16.49,Ced9,mean IDF,49607,15370,BCL2,true,8584,36,29.194520181047892,214.2143123652369,DDX27
mmseqs12,5,16.49,Ced9,tf-idf,49607,15370,BCL2,true,9144,34,29.194520181047892,214.2143123652369,DDX27
mmseqs12,5,16.49,Ced9,enrichment,49607,15370,BCL2,true,14117,11,7.584597432905504,9749.999999984837,STXBP5
mmseqs12,5,16.49,Ced9,Poisson score,49607,15370,BCL2,true,14181,11,0.9082480455507772,9.419618768927371,KCNS2
mmseqs12,5,16.49,Ced9,Poisson p-value,49607,15370,BCL2,true,14181,11,0.12352417285764461,3.805232795528468e-10,KCNS2
mmseqs12,5,16.49,Ced9,shared k-mers,49607,15370,BCL2,true,4508,10862,1.0,6.0,DDX17
mmseqs12,5,16.49,Ced9,containment,49607,15370,BCL2,true,11073,4297,0.0036231884057971015,0.2572463768115942,TTN
mmseqs12,5,16.49,Ced9,protein enrichment,49607,15370,BCL2,true,11073,4297,0.3644723561736009,25.877537288325666,TTN
mmseqs12,5,16.49,Ced9,protein Poisson p-value,49607,15370,BCL2,true,11073,4297,0.9356676270884179,0.0,OBSCN
mmseqs12,5,16.49,P66,E-value,154732,18664,CD47,true,7679,33,10563.01935432601,24.2304510052158,RAB40C
mmseqs12,5,16.49,P66,bit score,154732,18664,CD47,true,7679,33,19.206021138223285,27.97400644118247,RAB40C
mmseqs12,5,16.49,P66,mean IDF,154732,18664,CD47,true,8489,0,54.88544654439056,300.48171127460546,PCDH11Y
mmseqs12,5,16.49,P66,tf-idf,154732,18664,CD47,true,9299,0,54.88544654439056,300.48171127460546,PCDH11Y
mmseqs12,5,16.49,P66,enrichment,154732,18664,CD47,true,10209,42,63.9344262295077,6500.000000018035,FAT4
mmseqs12,5,16.49,P66,Poisson score,154732,18664,CD47,true,12602,29,1.809126750649479,9.759547935298775,KBTBD12
mmseqs12,5,16.49,P66,Poisson p-value,154732,18664,CD47,true,12602,29,0.015519340054663155,1.739610677731207e-10,KBTBD12
mmseqs12,5,16.49,P66,shared k-mers,154732,18664,CD47,true,10242,8422,1.0,7.0,SLC9B2
mmseqs12,5,16.49,P66,containment,154732,18664,CD47,true,11951,1753,0.00684931506849315,0.3373287671232877,TTN
mmseqs12,5,16.49,P66,protein enrichment,154732,18664,CD47,true,11951,1753,0.49622108557905176,24.438888464768297,TTN
mmseqs12,5,16.49,P66,protein Poisson p-value,154732,18664,CD47,true,11951,1753,0.9593310463363689,0.0,DOCK10
mmseqs12,5,16.49,BHF,E-value,68214,16160,,,,,,23.499328857958243,OR4C15
mmseqs12,5,16.49,BHF,bit score,68214,16160,,,,,,26.773900947633646,OR4C15
mmseqs12,5,16.49,BHF,mean IDF,68214,16160,,,,,,229.18301264047375,PLEKHG3
mmseqs12,5,16.49,BHF,tf-idf,68214,16160,,,,,,281.4768798565679,EHMT2
mmseqs12,5,16.49,BHF,enrichment,68214,16160,,,,,,19500.000000054108,FITM1
mmseqs12,5,16.49,BHF,Poisson score,68214,16160,,,,,,8.713475807202357,PNPLA6
mmseqs12,5,16.49,BHF,Poisson p-value,68214,16160,,,,,,1.9343016077755237e-9,PNPLA6
mmseqs12,5,16.49,BHF,shared k-mers,68214,16160,,,,,,6.0,HERC5
mmseqs12,5,16.49,BHF,containment,68214,16160,,,,,,0.3442622950819672,TTN
mmseqs12,5,16.49,BHF,protein enrichment,68214,16160,,,,,,24.20785055568691,TTN
mmseqs12,5,16.49,BHF,protein Poisson p-value,68214,16160,,,,,,0.0,UBR4
mmseqs12,6,19.79,Ced9,E-value,5898,4503,BCL2,false,,,,16.58825717399265,PPP2R1B
mmseqs12,6,19.79,Ced9,bit score,5898,4503,BCL2,false,,,,27.457799252133515,PPP2R1B
mmseqs12,6,19.79,Ced9,mean IDF,5898,4503,BCL2,false,,,,290.02675148081744,TMEM223
mmseqs12,6,19.79,Ced9,tf-idf,5898,4503,BCL2,false,,,,290.02675148081744,TMEM223
mmseqs12,6,19.79,Ced9,enrichment,5898,4503,BCL2,false,,,,19500.9999999984,TMEM63C
mmseqs12,6,19.79,Ced9,Poisson score,5898,4503,BCL2,false,,,,10.330138528450423,ABCA13
mmseqs12,6,19.79,Ced9,Poisson p-value,5898,4503,BCL2,false,,,,4.675859699432294e-11,ABCA13
mmseqs12,6,19.79,Ced9,shared k-mers,5898,4503,BCL2,false,,,,5.0,DDX17
mmseqs12,6,19.79,Ced9,containment,5898,4503,BCL2,false,,,,0.04,TTN
mmseqs12,6,19.79,Ced9,protein enrichment,5898,4503,BCL2,false,,,,32.7197986577181,TTN
mmseqs12,6,19.79,Ced9,protein Poisson p-value,5898,4503,BCL2,false,,,,1.141309269314661e-13,TTN
mmseqs12,6,19.79,P66,E-value,22184,10572,CD47,false,,,,40.592492138206076,AHCTF1
mmseqs12,6,19.79,P66,bit score,22184,10572,CD47,false,,,,27.259052759955807,AHCTF1
mmseqs12,6,19.79,P66,mean IDF,22184,10572,CD47,false,,,,303.95924059301683,RNF19A
mmseqs12,6,19.79,P66,tf-idf,22184,10572,CD47,false,,,,303.95924059301683,RNF19A
mmseqs12,6,19.79,P66,enrichment,22184,10572,CD47,false,,,,19501.000000001037,AVEN
mmseqs12,6,19.79,P66,Poisson score,22184,10572,CD47,false,,,,11.98821334710208,SLC9B2
mmseqs12,6,19.79,P66,Poisson p-value,22184,10572,CD47,false,,,,1.0275114092905824e-12,SLC9B2
mmseqs12,6,19.79,P66,shared k-mers,22184,10572,CD47,false,,,,6.0,SLC9B2
mmseqs12,6,19.79,P66,containment,22184,10572,CD47,false,,,,0.08445945945945946,MUC16
mmseqs12,6,19.79,P66,protein enrichment,22184,10572,CD47,false,,,,39.951241497992214,MUC16
mmseqs12,6,19.79,P66,protein Poisson p-value,22184,10572,CD47,false,,,,0.0,SYNE1
mmseqs12,6,19.79,BHF,E-value,8653,5682,,,,,,10.033840913650785,ARHGAP1
mmseqs12,6,19.79,BHF,bit score,8653,5682,,,,,,28.03108450836758,ARHGAP1
mmseqs12,6,19.79,BHF,mean IDF,8653,5682,,,,,,397.8341048305549,EHMT2
mmseqs12,6,19.79,BHF,tf-idf,8653,5682,,,,,,397.8341048305549,EHMT2
mmseqs12,6,19.79,BHF,enrichment,8653,5682,,,,,,19501.000000001037,GABPB1
mmseqs12,6,19.79,BHF,Poisson score,8653,5682,,,,,,10.80397760758407,PNPLA6
mmseqs12,6,19.79,BHF,Poisson p-value,8653,5682,,,,,,1.5704437750230227e-11,PNPLA6
mmseqs12,6,19.79,BHF,shared k-mers,8653,5682,,,,,,5.0,HERC5
mmseqs12,6,19.79,BHF,containment,8653,5682,,,,,,0.08571428571428572,TTN
mmseqs12,6,19.79,BHF,protein enrichment,8653,5682,,,,,,44.44551769047101,TTN
mmseqs12,6,19.79,BHF,protein Poisson p-value,8653,5682,,,,,,0.0,MUC16
mmseqs12,7,23.09,Ced9,E-value,694,666,BCL2,false,,,,18.56998016038709,NAALADL1
mmseqs12,7,23.09,Ced9,bit score,694,666,BCL2,false,,,,27.302182276335273,NAALADL1
mmseqs12,7,23.09,Ced9,mean IDF,694,666,BCL2,false,,,,193.27580583183305,SLC7A5
mmseqs12,7,23.09,Ced9,tf-idf,694,666,BCL2,false,,,,193.27580583183305,SLC7A5
mmseqs12,7,23.09,Ced9,enrichment,694,666,BCL2,false,,,,19501.000000001037,VAV3
mmseqs12,7,23.09,Ced9,Poisson score,694,666,BCL2,false,,,,11.551503581951833,ABCA13
mmseqs12,7,23.09,Ced9,Poisson p-value,694,666,BCL2,false,,,,2.808642207696721e-12,ABCA13
mmseqs12,7,23.09,Ced9,shared k-mers,694,666,BCL2,false,,,,4.0,DDX17
mmseqs12,7,23.09,Ced9,containment,694,666,BCL2,false,,,,0.014598540145985401,EVPL
mmseqs12,7,23.09,Ced9,protein enrichment,694,666,BCL2,false,,,,89.65977011494262,EVPL
mmseqs12,7,23.09,Ced9,protein Poisson p-value,694,666,BCL2,false,,,,1.59275734601394e-7,EVPL
mmseqs12,7,23.09,P66,E-value,3381,2695,CD47,false,,,,40.6437190964431,CPN1
mmseqs12,7,23.09,P66,bit score,3381,2695,CD47,false,,,,27.264426232887875,CPN1
mmseqs12,7,23.09,P66,mean IDF,3381,2695,CD47,false,,,,303.8991246550672,LRIT3
mmseqs12,7,23.09,P66,tf-idf,3381,2695,CD47,false,,,,303.8991246550672,LRIT3
mmseqs12,7,23.09,P66,enrichment,3381,2695,CD47,false,,,,19501.000000001037,BLOC1S5
mmseqs12,7,23.09,P66,Poisson score,3381,2695,CD47,false,,,,14.331340479793102,SLC9B2
mmseqs12,7,23.09,P66,Poisson p-value,3381,2695,CD47,false,,,,4.6629367034256575e-15,SLC9B2
mmseqs12,7,23.09,P66,shared k-mers,3381,2695,CD47,false,,,,5.0,SLC9B2
mmseqs12,7,23.09,P66,containment,3381,2695,CD47,false,,,,0.030456852791878174,MUC16
mmseqs12,7,23.09,P66,protein enrichment,3381,2695,CD47,false,,,,88.06271951831384,MUC16
mmseqs12,7,23.09,P66,protein Poisson p-value,3381,2695,CD47,false,,,,0.0,MUC16
mmseqs12,7,23.09,BHF,E-value,1109,985,,,,,,22.9926451423316,SIDT2
mmseqs12,7,23.09,BHF,bit score,1109,985,,,,,,26.841979009296765,SIDT2
mmseqs12,7,23.09,BHF,mean IDF,1109,985,,,,,,305.1664330401963,CYLC1
mmseqs12,7,23.09,BHF,tf-idf,1109,985,,,,,,305.1664330401963,CYLC1
mmseqs12,7,23.09,BHF,enrichment,1109,985,,,,,,19501.000000001037,ZBTB34
mmseqs12,7,23.09,BHF,Poisson score,1109,985,,,,,,11.113142698733839,CCDC107
mmseqs12,7,23.09,BHF,Poisson p-value,1109,985,,,,,,7.706502103133062e-12,CCDC107
mmseqs12,7,23.09,BHF,shared k-mers,1109,985,,,,,,4.0,HERC5
mmseqs12,7,23.09,BHF,containment,1109,985,,,,,,0.02857142857142857,PCLO
mmseqs12,7,23.09,BHF,protein enrichment,1109,985,,,,,,103.96572734196508,PCLO
mmseqs12,7,23.09,BHF,protein Poisson p-value,1109,985,,,,,,1.173394714726328e-12,PCLO
mmseqs12,8,26.38,Ced9,E-value,82,82,BCL2,false,,,,5.02716647681655,RASGRF1
mmseqs12,8,26.38,Ced9,bit score,82,82,BCL2,false,,,,29.189378002549287,RASGRF1
mmseqs12,8,26.38,Ced9,mean IDF,82,82,BCL2,false,,,,121.36761848749128,TRAK2
mmseqs12,8,26.38,Ced9,tf-idf,82,82,BCL2,false,,,,121.36761848749128,TRAK2
mmseqs12,8,26.38,Ced9,enrichment,82,82,BCL2,false,,,,19501.000000000047,PASK
mmseqs12,8,26.38,Ced9,Poisson score,82,82,BCL2,false,,,,9.093331256800974,DDX17
mmseqs12,8,26.38,Ced9,Poisson p-value,82,82,BCL2,false,,,,8.066195489320194e-10,DDX17
mmseqs12,8,26.38,Ced9,shared k-mers,82,82,BCL2,false,,,,3.0,DDX17
mmseqs12,8,26.38,Ced9,containment,82,82,BCL2,false,,,,0.01098901098901099,DDX17
mmseqs12,8,26.38,Ced9,protein enrichment,82,82,BCL2,false,,,,188.7193548387086,DDX17
mmseqs12,8,26.38,Ced9,protein Poisson p-value,82,82,BCL2,false,,,,6.615876396720566e-7,DDX17
mmseqs12,8,26.38,P66,E-value,549,487,CD47,false,,,,7.169410424394785,SCIN
mmseqs12,8,26.38,P66,bit score,549,487,CD47,false,,,,29.769573088219072,SCIN
mmseqs12,8,26.38,P66,mean IDF,549,487,CD47,false,,,,185.85921672837117,LHX2
mmseqs12,8,26.38,P66,tf-idf,549,487,CD47,false,,,,185.85921672837117,LHX2
mmseqs12,8,26.38,P66,enrichment,549,487,CD47,false,,,,19501.000000001037,TYSND1
mmseqs12,8,26.38,P66,Poisson score,549,487,CD47,false,,,,13.618130036342475,SLC9B2
mmseqs12,8,26.38,P66,Poisson p-value,549,487,CD47,false,,,,2.4091839634365897e-14,SLC9B2
mmseqs12,8,26.38,P66,shared k-mers,549,487,CD47,false,,,,4.0,SLC9B2
mmseqs12,8,26.38,P66,containment,549,487,CD47,false,,,,0.013559322033898305,MUC16
mmseqs12,8,26.38,P66,protein enrichment,549,487,CD47,false,,,,146.211808809748,MUC16
mmseqs12,8,26.38,P66,protein Poisson p-value,549,487,CD47,false,,,,1.887379141862766e-15,MUC16
mmseqs12,8,26.38,BHF,E-value,143,137,,,,,,4.267089213063333,WDTC1
mmseqs12,8,26.38,BHF,bit score,143,137,,,,,,29.273868100778323,WDTC1
mmseqs12,8,26.38,BHF,mean IDF,143,137,,,,,,203.86984283749393,PHF6
mmseqs12,8,26.38,BHF,tf-idf,143,137,,,,,,203.86984283749393,PHF6
mmseqs12,8,26.38,BHF,enrichment,143,137,,,,,,19501.000000000047,LARP1B
mmseqs12,8,26.38,BHF,Poisson score,143,137,,,,,,9.403836055198955,HERC5
mmseqs12,8,26.38,BHF,Poisson p-value,143,137,,,,,,3.94606236575612e-10,HERC5
mmseqs12,8,26.38,BHF,shared k-mers,143,137,,,,,,3.0,HERC5
mmseqs12,8,26.38,BHF,containment,143,137,,,,,,0.012244897959183673,HERC5
mmseqs12,8,26.38,BHF,protein enrichment,143,137,,,,,,176.21385542168602,NSD2
mmseqs12,8,26.38,BHF,protein Poisson p-value,143,137,,,,,,8.119875944956334e-7,NSD2
mmseqs12,10,32.98,Ced9,E-value,1,1,BCL2,false,,,,,
mmseqs12,10,32.98,Ced9,bit score,1,1,BCL2,false,,,,,
mmseqs12,10,32.98,Ced9,mean IDF,1,1,BCL2,false,,,,9.878169744551839,DDX17
mmseqs12,10,32.98,Ced9,tf-idf,1,1,BCL2,false,,,,9.878169744551839,DDX17
mmseqs12,10,32.98,Ced9,enrichment,1,1,BCL2,false,,,,19500.00000000002,DDX17
mmseqs12,10,32.98,Ced9,Poisson score,1,1,BCL2,false,,,,4.290045747070626,DDX17
mmseqs12,10,32.98,Ced9,Poisson p-value,1,1,BCL2,false,,,,0.00005128073638016595,DDX17
mmseqs12,10,32.98,Ced9,shared k-mers,1,1,BCL2,false,,,,1.0,DDX17
mmseqs12,10,32.98,Ced9,containment,1,1,BCL2,false,,,,0.0036900369003690036,DDX17
mmseqs12,10,32.98,Ced9,protein enrichment,1,1,BCL2,false,,,,71.95571955719562,DDX17
mmseqs12,10,32.98,Ced9,protein Poisson p-value,1,1,BCL2,false,,,,0.013801312340717908,DDX17
mmseqs12,10,32.98,P66,E-value,15,14,CD47,false,,,,,
mmseqs12,10,32.98,P66,bit score,15,14,CD47,false,,,,,
mmseqs12,10,32.98,P66,mean IDF,15,14,CD47,false,,,,9.87816974455184,MUC16
mmseqs12,10,32.98,P66,tf-idf,15,14,CD47,false,,,,19.756339489103677,SLC9B2
mmseqs12,10,32.98,P66,enrichment,15,14,CD47,false,,,,19500.00000000002,MUC16
mmseqs12,10,32.98,P66,Poisson score,15,14,CD47,false,,,,8.279068920519986,SLC9B2
mmseqs12,10,32.98,P66,Poisson p-value,15,14,CD47,false,,,,5.259337965135558e-9,SLC9B2
mmseqs12,10,32.98,P66,shared k-mers,15,14,CD47,false,,,,2.0,SLC9B2
mmseqs12,10,32.98,P66,containment,15,14,CD47,false,,,,0.003401360544217687,SLC9B2
mmseqs12,10,32.98,P66,protein enrichment,15,14,CD47,false,,,,65.6565656565657,SLC9B2
mmseqs12,10,32.98,P66,protein Poisson p-value,15,14,CD47,false,,,,0.0004546376121034035,SLC9B2
mmseqs12,10,32.98,BHF,E-value,1,1,,false,,,,,
mmseqs12,10,32.98,BHF,bit score,1,1,,false,,,,,
mmseqs12,10,32.98,BHF,mean IDF,1,1,,,,,,9.878169744551839,HERC5
mmseqs12,10,32.98,BHF,tf-idf,1,1,,,,,,9.878169744551839,HERC5
mmseqs12,10,32.98,BHF,enrichment,1,1,,,,,,19500.00000000002,HERC5
mmseqs12,10,32.98,BHF,Poisson score,1,1,,,,,,4.290045747070626,HERC5
mmseqs12,10,32.98,BHF,Poisson p-value,1,1,,,,,,0.00005128073638016595,HERC5
mmseqs12,10,32.98,BHF,shared k-mers,1,1,,,,,,1.0,HERC5
mmseqs12,10,32.98,BHF,containment,1,1,,,,,,0.00411522633744856,HERC5
mmseqs12,10,32.98,BHF,protein enrichment,1,1,,,,,,80.24691358024697,HERC5
mmseqs12,10,32.98,BHF,protein Poisson p-value,1,1,,,,,,0.012384215014094813,HERC5
mmseqs12,11,36.28,Ced9,E-value,0,0,BCL2,false,,,,,
mmseqs12,11,36.28,Ced9,bit score,0,0,BCL2,false,,,,,
mmseqs12,11,36.28,Ced9,mean IDF,0,0,BCL2,false,,,,,
mmseqs12,11,36.28,Ced9,tf-idf,0,0,BCL2,false,,,,,
mmseqs12,11,36.28,Ced9,enrichment,0,0,BCL2,false,,,,,
mmseqs12,11,36.28,Ced9,Poisson score,0,0,BCL2,false,,,,,
mmseqs12,11,36.28,Ced9,Poisson p-value,0,0,BCL2,false,,,,,
mmseqs12,11,36.28,Ced9,shared k-mers,0,0,BCL2,false,,,,,
mmseqs12,11,36.28,Ced9,containment,0,0,BCL2,false,,,,,
mmseqs12,11,36.28,Ced9,protein enrichment,0,0,BCL2,false,,,,,
mmseqs12,11,36.28,Ced9,protein Poisson p-value,0,0,BCL2,false,,,,,
mmseqs12,11,36.28,P66,E-value,1,1,CD47,false,,,,,
mmseqs12,11,36.28,P66,bit score,1,1,CD47,false,,,,,
mmseqs12,11,36.28,P66,mean IDF,1,1,CD47,false,,,,9.878169744551839,SLC9B2
mmseqs12,11,36.28,P66,tf-idf,1,1,CD47,false,,,,9.878169744551839,SLC9B2
mmseqs12,11,36.28,P66,enrichment,1,1,CD47,false,,,,19500.00000000002,SLC9B2
mmseqs12,11,36.28,P66,Poisson score,1,1,CD47,false,,,,4.290045747070626,SLC9B2
mmseqs12,11,36.28,P66,Poisson p-value,1,1,CD47,false,,,,0.00005128073638016595,SLC9B2
mmseqs12,11,36.28,P66,shared k-mers,1,1,CD47,false,,,,1.0,SLC9B2
mmseqs12,11,36.28,P66,containment,1,1,CD47,false,,,,0.0017035775127768314,SLC9B2
mmseqs12,11,36.28,P66,protein enrichment,1,1,CD47,false,,,,33.219761499148234,SLC9B2
mmseqs12,11,36.28,P66,protein Poisson p-value,1,1,CD47,false,,,,0.029653994222652025,SLC9B2
mmseqs12,11,36.28,BHF,E-value,0,0,,false,,,,,
mmseqs12,11,36.28,BHF,bit score,0,0,,false,,,,,
mmseqs12,11,36.28,BHF,mean IDF,0,0,,false,,,,,
mmseqs12,11,36.28,BHF,tf-idf,0,0,,false,,,,,
mmseqs12,11,36.28,BHF,enrichment,0,0,,false,,,,,
mmseqs12,11,36.28,BHF,Poisson score,0,0,,false,,,,,
mmseqs12,11,36.28,BHF,Poisson p-value,0,0,,false,,,,,
mmseqs12,11,36.28,BHF,shared k-mers,0,0,,false,,,,,
mmseqs12,11,36.28,BHF,containment,0,0,,false,,,,,
mmseqs12,11,36.28,BHF,protein enrichment,0,0,,false,,,,,
mmseqs12,11,36.28,BHF,protein Poisson p-value,0,0,,false,,,,,
wass14,6,21.78,Ced9,E-value,1261,1161,BCL2,false,,,,16.65746799853106,MMS19
wass14,6,21.78,Ced9,bit score,1261,1161,BCL2,false,,,,27.462449845949838,MMS19
wass14,6,21.78,Ced9,mean IDF,1261,1161,BCL2,true,489,1,28.45223435068192,165.99092085627444,NPEPPS
wass14,6,21.78,Ced9,tf-idf,1261,1161,BCL2,true,521,1,28.45223435068192,165.99092085627444,NPEPPS
wass14,6,21.78,Ced9,enrichment,1261,1161,BCL2,true,938,1,253.4805194805196,19518.000000000302,ZNF726
wass14,6,21.78,Ced9,Poisson score,1261,1161,BCL2,true,950,1,2.404800969302349,13.253021785135076,C11orf65
wass14,6,21.78,Ced9,Poisson p-value,1261,1161,BCL2,true,950,1,0.0039373047493237445,5.5844218138645374e-14,C11orf65
wass14,6,21.78,Ced9,shared k-mers,1261,1161,BCL2,true,115,1046,1.0,4.0,COL22A1
wass14,6,21.78,Ced9,containment,1261,1161,BCL2,true,173,988,0.0036363636363636364,0.01818181818181818,COL22A1
wass14,6,21.78,Ced9,protein enrichment,1261,1161,BCL2,true,173,988,13.8622159090909,69.31107954545449,COL22A1
wass14,6,21.78,Ced9,protein Poisson p-value,1261,1161,BCL2,true,173,988,0.0695980098788116,1.533098870076799e-8,COL22A1
wass14,6,21.78,P66,E-value,1862,1675,CD47,false,,,,20.211596313348448,ZNF169
wass14,6,21.78,P66,bit score,1862,1675,CD47,false,,,,28.275739801870117,ZNF169
wass14,6,21.78,P66,mean IDF,1862,1675,CD47,false,,,,215.75403076572275,SPECC1
wass14,6,21.78,P66,tf-idf,1862,1675,CD47,false,,,,215.75403076572275,SPECC1
wass14,6,21.78,P66,enrichment,1862,1675,CD47,false,,,,19518.000000000302,NKX2-2
wass14,6,21.78,P66,Poisson score,1862,1675,CD47,false,,,,10.78687967998846,ABTB3
wass14,6,21.78,P66,Poisson p-value,1862,1675,CD47,false,,,,1.6335044428217316e-11,ABTB3
wass14,6,21.78,P66,shared k-mers,1862,1675,CD47,false,,,,4.0,TCF20
wass14,6,21.78,P66,containment,1862,1675,CD47,false,,,,0.008445945945945946,STARD9
wass14,6,21.78,P66,protein enrichment,1862,1675,CD47,false,,,,45.60280373831759,STARD9
wass14,6,21.78,P66,protein Poisson p-value,1862,1675,CD47,false,,,,1.2052642150983672e-7,SLC9B2
wass14,6,21.78,BHF,E-value,1500,1374,,,,,,13.865735623214954,MOGAT1
wass14,6,21.78,BHF,bit score,1500,1374,,,,,,27.57509171632246,MOGAT1
wass14,6,21.78,BHF,mean IDF,1500,1374,,,,,,176.8769082405451,C12orf43
wass14,6,21.78,BHF,tf-idf,1500,1374,,,,,,176.8769082405451,C12orf43
wass14,6,21.78,BHF,enrichment,1500,1374,,,,,,19518.000000000302,CST9L
wass14,6,21.78,BHF,Poisson score,1500,1374,,,,,,10.867117151844647,NUTM2B
wass14,6,21.78,BHF,Poisson p-value,1500,1374,,,,,,1.3579470881097677e-11,NUTM2E
wass14,6,21.78,BHF,shared k-mers,1500,1374,,,,,,4.0,NUTM2B
wass14,6,21.78,BHF,containment,1500,1374,,,,,,0.016194331983805668,TTN
wass14,6,21.78,BHF,protein enrichment,1500,1374,,,,,,46.08736717827625,LRRC9
wass14,6,21.78,BHF,protein Poisson p-value,1500,1374,,,,,,2.2059234924265425e-6,WDFY3
wass14,7,25.41,Ced9,E-value,115,114,BCL2,false,,,,23.534110994948055,TOR1AIP2
wass14,7,25.41,Ced9,bit score,115,114,BCL2,false,,,,26.96640546322408,TOR1AIP2
wass14,7,25.41,Ced9,mean IDF,115,114,BCL2,false,,,,76.0370068920572,ZGRF1
wass14,7,25.41,Ced9,tf-idf,115,114,BCL2,false,,,,79.75236351971012,USP8
wass14,7,25.41,Ced9,enrichment,115,114,BCL2,false,,,,19518.000000000302,ZNF470
wass14,7,25.41,Ced9,Poisson score,115,114,BCL2,false,,,,11.552638094206175,C11orf65
wass14,7,25.41,Ced9,Poisson p-value,115,114,BCL2,false,,,,2.801314735734195e-12,COL22A1
wass14,7,25.41,Ced9,shared k-mers,115,114,BCL2,false,,,,3.0,C11orf65
wass14,7,25.41,Ced9,containment,115,114,BCL2,false,,,,0.010948905109489052,CYP2C19
wass14,7,25.41,Ced9,protein enrichment,115,114,BCL2,false,,,,176.36746987951912,C11orf65
wass14,7,25.41,Ced9,protein Poisson p-value,115,114,BCL2,false,,,,8.098767397823892e-7,COL22A1
wass14,7,25.41,P66,E-value,139,136,CD47,false,,,,57.80837875152283,TRANK1
wass14,7,25.41,P66,bit score,139,136,CD47,false,,,,26.762184311321572,TRANK1
wass14,7,25.41,P66,mean IDF,139,136,CD47,false,,,,67.07420522822997,AKR1B1
wass14,7,25.41,P66,tf-idf,139,136,CD47,false,,,,95.61287012666605,TCF20
wass14,7,25.41,P66,enrichment,139,136,CD47,false,,,,19518.000000000302,EFR3A
wass14,7,25.41,P66,Poisson score,139,136,CD47,false,,,,9.883939887395849,TCF20
wass14,7,25.41,P66,Poisson p-value,139,136,CD47,false,,,,1.3063516934863628e-10,TCF20
wass14,7,25.41,P66,shared k-mers,139,136,CD47,false,,,,3.0,TCF20
wass14,7,25.41,P66,containment,139,136,CD47,false,,,,0.005076142131979695,TCF20
wass14,7,25.41,P66,protein enrichment,139,136,CD47,false,,,,92.79556259904997,SLC9B2
wass14,7,25.41,P66,protein Poisson p-value,139,136,CD47,false,,,,5.496789928005619e-6,TCF20
wass14,7,25.41,BHF,E-value,150,148,,,,,,23.048474523515427,C1orf146
wass14,7,25.41,BHF,bit score,150,148,,,,,,26.844484457567628,C1orf146
wass14,7,25.41,BHF,mean IDF,150,148,,,,,,91.23084349199223,ASXL2
wass14,7,25.41,BHF,tf-idf,150,148,,,,,,91.23084349199223,ASXL2
wass14,7,25.41,BHF,enrichment,150,148,,,,,,19518.000000000302,TP53BP2
wass14,7,25.41,BHF,Poisson score,150,148,,,,,,10.121433730142757,NUTM2D
wass14,7,25.41,BHF,Poisson p-value,150,148,,,,,,7.560774228920764e-11,NUTM2A
wass14,7,25.41,BHF,shared k-mers,150,148,,,,,,3.0,NUTM2D
wass14,7,25.41,BHF,containment,150,148,,,,,,0.012195121951219513,NUTM2E
wass14,7,25.41,BHF,protein enrichment,150,148,,,,,,175.83783783783858,NUTM2A
wass14,7,25.41,BHF,protein Poisson p-value,150,148,,,,,,8.171855927496807e-7,NUTM2D
wass14,8,29.03,Ced9,E-value,16,16,BCL2,false,,,,1.7479087569009377,CYP2C9
wass14,8,29.03,Ced9,bit score,16,16,BCL2,false,,,,30.717822070269122,CYP2C9
wass14,8,29.03,Ced9,mean IDF,16,16,BCL2,false,,,,58.58140719364849,USP8
wass14,8,29.03,Ced9,tf-idf,16,16,BCL2,false,,,,58.58140719364849,USP8
wass14,8,29.03,Ced9,enrichment,16,16,BCL2,false,,,,19518.000000000302,COL22A1
wass14,8,29.03,Ced9,Poisson score,16,16,BCL2,false,,,,8.279870298666664,C11orf65
wass14,8,29.03,Ced9,Poisson p-value,16,16,BCL2,false,,,,5.249642165416901e-9,C11orf65
wass14,8,29.03,Ced9,shared k-mers,16,16,BCL2,false,,,,2.0,CYP2C19
wass14,8,29.03,Ced9,containment,16,16,BCL2,false,,,,0.007326007326007326,C11orf65
wass14,8,29.03,Ced9,protein enrichment,16,16,BCL2,false,,,,141.94909090909178,COL22A1
wass14,8,29.03,Ced9,protein Poisson p-value,16,16,BCL2,false,,,,0.00009833040230933232,CYP2C19
wass14,8,29.03,P66,E-value,8,8,CD47,false,,,,3.5439101466135083,SLC9B2
wass14,8,29.03,P66,bit score,8,8,CD47,false,,,,30.790414025021548,SLC9B2
wass14,8,29.03,P66,mean IDF,8,8,CD47,false,,,,9.879092395701406,FILIP1L
wass14,8,29.03,P66,tf-idf,8,8,CD47,false,,,,19.75818479140281,TCF20
wass14,8,29.03,P66,enrichment,8,8,CD47,false,,,,19518.000000000302,MUC3A
wass14,8,29.03,P66,Poisson score,8,8,CD47,false,,,,6.723716134146542,TCF20
wass14,8,29.03,P66,Poisson p-value,8,8,CD47,false,,,,1.8892257913627475e-7,TCF20
wass14,8,29.03,P66,shared k-mers,8,8,CD47,false,,,,2.0,TCF20
wass14,8,29.03,P66,containment,8,8,CD47,false,,,,0.003389830508474576,TCF20
wass14,8,29.03,P66,protein enrichment,8,8,CD47,false,,,,66.16271186440751,TCF20
wass14,8,29.03,P66,protein Poisson p-value,8,8,CD47,false,,,,0.00044777762576408975,TCF20
wass14,8,29.03,BHF,E-value,20,20,,false,,,,,
wass14,8,29.03,BHF,bit score,20,20,,false,,,,,
wass14,8,29.03,BHF,mean IDF,20,20,,,,,,28.250982825984323,PPFIA3
wass14,8,29.03,BHF,tf-idf,20,20,,,,,,28.250982825984323,PPFIA1
wass14,8,29.03,BHF,enrichment,20,20,,,,,,19518.000000000302,DNAJC6
wass14,8,29.03,BHF,Poisson score,20,20,,,,,,7.075839319104888,NUTM2A
wass14,8,29.03,BHF,Poisson p-value,20,20,,,,,,8.397706285911966e-8,NUTM2E
wass14,8,29.03,BHF,shared k-mers,20,20,,,,,,2.0,NUTM2A
wass14,8,29.03,BHF,containment,20,20,,,,,,0.00816326530612245,NUTM2E
wass14,8,29.03,BHF,protein enrichment,20,20,,,,,,153.68503937007952,NUTM2D
wass14,8,29.03,BHF,protein Poisson p-value,20,20,,,,,,0.00008394619641483025,NUTM2A
wass14,9,32.66,Ced9,E-value,3,3,BCL2,false,,,,,
wass14,9,32.66,Ced9,bit score,3,3,BCL2,false,,,,,
wass14,9,32.66,Ced9,mean IDF,3,3,BCL2,false,,,,9.879041159631203,COL22A1
wass14,9,32.66,Ced9,tf-idf,3,3,BCL2,false,,,,9.879041159631203,COL22A1
wass14,9,32.66,Ced9,enrichment,3,3,BCL2,false,,,,19517.00000000025,CYP2C19
wass14,9,32.66,Ced9,Poisson score,3,3,BCL2,false,,,,4.290424188131768,CYP2C19
wass14,9,32.66,Ced9,Poisson p-value,3,3,BCL2,false,,,,0.00005123607018220344,COL22A1
wass14,9,32.66,Ced9,shared k-mers,3,3,BCL2,false,,,,1.0,C11orf65
wass14,9,32.66,Ced9,containment,3,3,BCL2,false,,,,0.003676470588235294,CYP2C19
wass14,9,32.66,Ced9,protein enrichment,3,3,BCL2,false,,,,71.75367647058853,COL22A1
wass14,9,32.66,Ced9,protein Poisson p-value,3,3,BCL2,false,,,,0.013839903732266512,COL22A1
wass14,9,32.66,P66,E-value,1,1,CD47,false,,,,,
wass14,9,32.66,P66,bit score,1,1,CD47,false,,,,,
wass14,9,32.66,P66,mean IDF,1,1,CD47,false,,,,9.879041159631202,TCF20
wass14,9,32.66,P66,tf-idf,1,1,CD47,false,,,,9.879041159631202,TCF20
wass14,9,32.66,P66,enrichment,1,1,CD47,false,,,,19517.00000000025,TCF20
wass14,9,32.66,P66,Poisson score,1,1,CD47,false,,,,4.290424188131768,TCF20
wass14,9,32.66,P66,Poisson p-value,1,1,CD47,false,,,,0.00005123607018220344,TCF20
wass14,9,32.66,P66,shared k-mers,1,1,CD47,false,,,,1.0,TCF20
wass14,9,32.66,P66,containment,1,1,CD47,false,,,,0.001697792869269949,TCF20
wass14,9,32.66,P66,protein enrichment,1,1,CD47,false,,,,33.13582342954189,TCF20
wass14,9,32.66,P66,protein Poisson p-value,1,1,CD47,false,,,,0.029727984518511774,TCF20
wass14,9,32.66,BHF,E-value,4,4,,false,,,,,
wass14,9,32.66,BHF,bit score,4,4,,false,,,,,
wass14,9,32.66,BHF,mean IDF,4,4,,,,,,8.49274679851131,NUTM2B
wass14,9,32.66,BHF,tf-idf,4,4,,,,,,8.49274679851131,NUTM2A
wass14,9,32.66,BHF,enrichment,4,4,,,,,,4879.25,NUTM2D
wass14,9,32.66,BHF,Poisson score,4,4,,,,,,3.6883975742601036,NUTM2B
wass14,9,32.66,BHF,Poisson p-value,4,4,,,,,,0.00020492853045750437,NUTM2A
wass14,9,32.66,BHF,shared k-mers,4,4,,,,,,1.0,NUTM2E
wass14,9,32.66,BHF,containment,4,4,,,,,,0.004098360655737705,NUTM2B
wass14,9,32.66,BHF,protein enrichment,4,4,,,,,,79.01619433198404,NUTM2B
wass14,9,32.66,BHF,protein Poisson p-value,4,4,,,,,,0.012575887785509443,NUTM2D
hsdm17,5,18.73,Ced9,E-value,18163,9314,BCL2,false,,,,4.00139191029507,TRIO
hsdm17,5,18.73,Ced9,bit score,18163,9314,BCL2,false,,,,29.50333970739912,TRIO
hsdm17,5,18.73,Ced9,mean IDF,18163,9314,BCL2,false,,,,162.59453541628136,AHNAK
hsdm17,5,18.73,Ced9,tf-idf,18163,9314,BCL2,false,,,,162.59453541628136,AHNAK
hsdm17,5,18.73,Ced9,enrichment,18163,9314,BCL2,false,,,,19515.000000011347,MSL3
hsdm17,5,18.73,Ced9,Poisson score,18163,9314,BCL2,false,,,,10.184254803031774,BPIFB2
hsdm17,5,18.73,Ced9,Poisson p-value,18163,9314,BCL2,false,,,,6.542522079655555e-11,BPIFB2
hsdm17,5,18.73,Ced9,shared k-mers,18163,9314,BCL2,false,,,,5.0,FAM186A
hsdm17,5,18.73,Ced9,containment,18163,9314,BCL2,false,,,,0.10545454545454545,TTN
hsdm17,5,18.73,Ced9,protein enrichment,18163,9314,BCL2,false,,,,32.38726107359506,TTN
hsdm17,5,18.73,Ced9,protein Poisson p-value,18163,9314,BCL2,false,,,,0.0,TTN
hsdm17,5,18.73,P66,E-value,39889,14091,CD47,false,,,,21.813665622286635,BAAT
hsdm17,5,18.73,P66,bit score,39889,14091,CD47,false,,,,28.148985430634013,BAAT
hsdm17,5,18.73,P66,mean IDF,39889,14091,CD47,true,11213,2,5.369590935754104,204.04888724560487,MB21D2
hsdm17,5,18.73,P66,tf-idf,39889,14091,CD47,true,9605,2,10.739181871508208,204.04888724560487,MB21D2
hsdm17,5,18.73,P66,enrichment,39889,14091,CD47,true,5776,3,177.40909090909273,19515.000000011347,MCCC1
hsdm17,5,18.73,P66,Poisson score,39889,14091,CD47,true,873,10,4.200184188976347,9.385018073363852,LRRC63
hsdm17,5,18.73,P66,Poisson p-value,39889,14091,CD47,true,873,10,0.00006306898053987098,4.1208036982709473e-10,LRRC63
hsdm17,5,18.73,P66,shared k-mers,39889,14091,CD47,true,325,2739,2.0,6.0,WARS2
hsdm17,5,18.73,P66,containment,39889,14091,CD47,true,5970,3404,0.0033783783783783786,0.14358108108108109,TTN
hsdm17,5,18.73,P66,protein enrichment,39889,14091,CD47,true,5970,3404,0.9450592024019947,40.16501610208478,TTN
hsdm17,5,18.73,P66,protein Poisson p-value,39889,14091,CD47,true,5970,3404,0.6245511033809662,0.0,DNAH11
hsdm17,5,18.73,BHF,E-value,16218,8840,,,,,,17.68308059377445,POLK
hsdm17,5,18.73,BHF,bit score,16218,8840,,,,,,27.20754082674971,POLK
hsdm17,5,18.73,BHF,mean IDF,16218,8840,,,,,,154.25594356869811,SMARCA4
hsdm17,5,18.73,BHF,tf-idf,16218,8840,,,,,,154.25594356869811,SMARCA4
hsdm17,5,18.73,BHF,enrichment,16218,8840,,,,,,19515.000000011347,SNW1
hsdm17,5,18.73,BHF,Poisson score,16218,8840,,,,,,8.119073300087441,CKAP4
hsdm17,5,18.73,BHF,Poisson p-value,16218,8840,,,,,,7.601979601368214e-9,CKAP4
hsdm17,5,18.73,BHF,shared k-mers,16218,8840,,,,,,4.0,USP35
hsdm17,5,18.73,BHF,containment,16218,8840,,,,,,0.13306451612903225,TTN
hsdm17,5,18.73,BHF,protein enrichment,16218,8840,,,,,,37.49825317340164,TTN
hsdm17,5,18.73,BHF,protein Poisson p-value,16218,8840,,,,,,0.0,MDN1
hsdm17,6,22.47,Ced9,E-value,2071,1817,BCL2,false,,,,28.948071290350498,NRK
hsdm17,6,22.47,Ced9,bit score,2071,1817,BCL2,false,,,,26.663029542041624,NRK
hsdm17,6,22.47,Ced9,mean IDF,2071,1817,BCL2,false,,,,125.08614125454426,SLC35A4
hsdm17,6,22.47,Ced9,tf-idf,2071,1817,BCL2,false,,,,125.08614125454426,SLC35A4
hsdm17,6,22.47,Ced9,enrichment,2071,1817,BCL2,false,,,,19516.000000000004,FAT4
hsdm17,6,22.47,Ced9,Poisson score,2071,1817,BCL2,false,,,,11.31497380874954,BPIFB2
hsdm17,6,22.47,Ced9,Poisson p-value,2071,1817,BCL2,false,,,,4.842015677297695e-12,BPIFB2
hsdm17,6,22.47,Ced9,shared k-mers,2071,1817,BCL2,false,,,,4.0,FAM186A
hsdm17,6,22.47,Ced9,containment,2071,1817,BCL2,false,,,,0.014545454545454545,CREBBP
hsdm17,6,22.47,Ced9,protein enrichment,2071,1817,BCL2,false,,,,33.779316313284085,IZUMO1
hsdm17,6,22.47,Ced9,protein Poisson p-value,2071,1817,BCL2,false,,,,7.4535854905910526e-6,SPTBN2
hsdm17,6,22.47,P66,E-value,3776,3064,CD47,false,,,,57.126617368680975,LRRC63
hsdm17,6,22.47,P66,bit score,3776,3064,CD47,false,,,,26.77463776967995,LRRC63
hsdm17,6,22.47,P66,mean IDF,3776,3064,CD47,true,1834,16,7.799548379256066,199.46319842302148,SLC9A1
hsdm17,6,22.47,P66,tf-idf,3776,3064,CD47,true,1965,14,7.799548379256066,199.46319842302148,SLC9A1
hsdm17,6,22.47,P66,enrichment,3776,3064,CD47,true,413,55,2439.5000000000005,19516.00000000265,TFPI
hsdm17,6,22.47,P66,Poisson score,3776,3064,CD47,true,682,54,3.3873898324188985,10.121300467652558,LRRC63
hsdm17,6,22.47,P66,Poisson p-value,3776,3064,CD47,true,682,54,0.0004098360598360218,7.56309459504223e-11,LRRC63
hsdm17,6,22.47,P66,shared k-mers,3776,3064,CD47,true,325,2739,1.0,5.0,WARS2
hsdm17,6,22.47,P66,containment,3776,3064,CD47,true,691,2373,0.0016891891891891893,0.018581081081081082,TTN
hsdm17,6,22.47,P66,protein enrichment,3776,3064,CD47,true,691,2373,4.711733462095588,51.829068083051475,TTN
hsdm17,6,22.47,P66,protein Poisson p-value,3776,3064,CD47,true,691,2373,0.19122628774191042,7.771561172376096e-16,TTN
hsdm17,6,22.47,BHF,E-value,1682,1484,,,,,,24.439298039122356,SSU72L3
hsdm17,6,22.47,BHF,bit score,1682,1484,,,,,,26.755290830485134,SSU72L3
hsdm17,6,22.47,BHF,mean IDF,1682,1484,,,,,,161.15957119806023,CCAR1
hsdm17,6,22.47,BHF,tf-idf,1682,1484,,,,,,180.61744644748143,NOP58
hsdm17,6,22.47,BHF,enrichment,1682,1484,,,,,,19516.000000000004,PTPRG
hsdm17,6,22.47,BHF,Poisson score,1682,1484,,,,,,9.308316842181398,CKAP4
hsdm17,6,22.47,BHF,Poisson p-value,1682,1484,,,,,,4.916806961574594e-10,CKAP4
hsdm17,6,22.47,BHF,shared k-mers,1682,1484,,,,,,3.0,USP35
hsdm17,6,22.47,BHF,containment,1682,1484,,,,,,0.02834008097165992,SYNE1
hsdm17,6,22.47,BHF,protein enrichment,1682,1484,,,,,,73.9642663779099,SYNE1
hsdm17,6,22.47,BHF,protein Poisson p-value,1682,1484,,,,,,1.2421175199506251e-11,SYNE1
hsdm17,7,26.22,Ced9,E-value,176,174,BCL2,false,,,,,
hsdm17,7,26.22,Ced9,bit score,176,174,BCL2,false,,,,,
hsdm17,7,26.22,Ced9,mean IDF,176,174,BCL2,false,,,,9.878989920935737,RIPOR1
hsdm17,7,26.22,Ced9,tf-idf,176,174,BCL2,false,,,,25.765768751899316,FAM186A
hsdm17,7,26.22,Ced9,enrichment,176,174,BCL2,false,,,,19516.000000000004,ARID4A
hsdm17,7,26.22,Ced9,Poisson score,176,174,BCL2,false,,,,10.307710834923812,FAM186A
hsdm17,7,26.22,Ced9,Poisson p-value,176,174,BCL2,false,,,,4.9236725807588755e-11,FAM186A
hsdm17,7,26.22,Ced9,shared k-mers,176,174,BCL2,false,,,,3.0,CLDN25
hsdm17,7,26.22,Ced9,containment,176,174,BCL2,false,,,,0.010948905109489052,CD163
hsdm17,7,26.22,Ced9,protein enrichment,176,174,BCL2,false,,,,141.42028985507247,CLDN25
hsdm17,7,26.22,Ced9,protein Poisson p-value,176,174,BCL2,false,,,,1.5659265170109293e-6,CD163
hsdm17,7,26.22,P66,E-value,343,324,CD47,false,,,,,
hsdm17,7,26.22,P66,bit score,343,324,CD47,false,,,,,
hsdm17,7,26.22,P66,mean IDF,343,324,CD47,false,,,,9.878989920935737,ENPP7
hsdm17,7,26.22,P66,tf-idf,343,324,CD47,false,,,,29.640871605728307,WARS2
hsdm17,7,26.22,P66,enrichment,343,324,CD47,false,,,,19516.000000000004,EYS
hsdm17,7,26.22,P66,Poisson score,343,324,CD47,false,,,,11.238669952757425,WARS2
hsdm17,7,26.22,P66,Poisson p-value,343,324,CD47,false,,,,5.772049505026189e-12,WARS2
hsdm17,7,26.22,P66,shared k-mers,343,324,CD47,false,,,,4.0,WARS2
hsdm17,7,26.22,P66,containment,343,324,CD47,false,,,,0.00676818950930626,WARS2
hsdm17,7,26.22,P66,protein enrichment,343,324,CD47,false,,,,95.2,WARS2
hsdm17,7,26.22,P66,protein Poisson p-value,343,324,CD47,false,,,,1.255720671888838e-7,WARS2
hsdm17,7,26.22,BHF,E-value,135,133,,false,,,,,
hsdm17,7,26.22,BHF,bit score,135,133,,false,,,,,
hsdm17,7,26.22,BHF,mean IDF,135,133,,,,,,9.878989920935737,NEB
hsdm17,7,26.22,BHF,tf-idf,135,133,,,,,,19.757979841871474,RELCH
hsdm17,7,26.22,BHF,enrichment,135,133,,,,,,19516.000000000004,RPS14
hsdm17,7,26.22,BHF,Poisson score,135,133,,,,,,8.279781289703932,RELCH
hsdm17,7,26.22,BHF,Poisson p-value,135,133,,,,,,5.250718193572368e-9,RELCH
hsdm17,7,26.22,BHF,shared k-mers,135,133,,,,,,2.0,USP35
hsdm17,7,26.22,BHF,containment,135,133,,,,,,0.008130081300813009,RELCH
hsdm17,7,26.22,BHF,protein enrichment,135,133,,,,,,119.36391437308869,USP35
hsdm17,7,26.22,BHF,protein Poisson p-value,135,133,,,,,,0.00013881489567346694,CKAP4
hsdm17,9,33.71,Ced9,E-value,3,3,BCL2,false,,,,,
hsdm17,9,33.71,Ced9,bit score,3,3,BCL2,false,,,,,
hsdm17,9,33.71,Ced9,mean IDF,3,3,BCL2,false,,,,9.878938679614716,CLDN25
hsdm17,9,33.71,Ced9,tf-idf,3,3,BCL2,false,,,,9.878938679614716,CLDN25
hsdm17,9,33.71,Ced9,enrichment,3,3,BCL2,false,,,,19515.000000000116,FAM186A
hsdm17,9,33.71,Ced9,Poisson score,3,3,BCL2,false,,,,4.29037968276675,CLDN25
hsdm17,9,33.71,Ced9,Poisson p-value,3,3,BCL2,false,,,,0.00005124132098999201,FAM186A
hsdm17,9,33.71,Ced9,shared k-mers,3,3,BCL2,false,,,,1.0,FAM186A
hsdm17,9,33.71,Ced9,containment,3,3,BCL2,false,,,,0.003676470588235294,CLDN25
hsdm17,9,33.71,Ced9,protein enrichment,3,3,BCL2,false,,,,71.74632352941205,CLDN25
hsdm17,9,33.71,Ced9,protein Poisson p-value,3,3,BCL2,false,,,,0.013841312256739347,CLDN25
hsdm17,9,33.71,P66,E-value,1,1,CD47,false,,,,,
hsdm17,9,33.71,P66,bit score,1,1,CD47,false,,,,,
hsdm17,9,33.71,P66,mean IDF,1,1,CD47,false,,,,9.878938679614715,WARS2
hsdm17,9,33.71,P66,tf-idf,1,1,CD47,false,,,,19.75787735922943,WARS2
hsdm17,9,33.71,P66,enrichment,1,1,CD47,false,,,,19514.999999999454,WARS2
hsdm17,9,33.71,P66,Poisson score,1,1,CD47,false,,,,8.27973679206255,WARS2
hsdm17,9,33.71,P66,Poisson p-value,1,1,CD47,false,,,,5.251256207650101e-9,WARS2
hsdm17,9,33.71,P66,shared k-mers,1,1,CD47,false,,,,2.0,WARS2
hsdm17,9,33.71,P66,containment,1,1,CD47,false,,,,0.003395585738539898,WARS2
hsdm17,9,33.71,P66,protein enrichment,1,1,CD47,false,,,,66.26485568760536,WARS2
hsdm17,9,33.71,P66,protein Poisson p-value,1,1,CD47,false,,,,0.0004464120699984031,WARS2
hsdm17,9,33.71,BHF,E-value,0,0,,false,,,,,
hsdm17,9,33.71,BHF,bit score,0,0,,false,,,,,
hsdm17,9,33.71,BHF,mean IDF,0,0,,false,,,,,
hsdm17,9,33.71,BHF,tf-idf,0,0,,false,,,,,
hsdm17,9,33.71,BHF,enrichment,0,0,,false,,,,,
hsdm17,9,33.71,BHF,Poisson score,0,0,,false,,,,,
hsdm17,9,33.71,BHF,Poisson p-value,0,0,,false,,,,,
hsdm17,9,33.71,BHF,shared k-mers,0,0,,false,,,,,
hsdm17,9,33.71,BHF,containment,0,0,,false,,,,,
hsdm17,9,33.71,BHF,protein enrichment,0,0,,false,,,,,
hsdm17,9,33.71,BHF,protein Poisson p-value,0,0,,false,,,,,
hsdm17,10,37.45,Ced9,E-value,0,0,BCL2,false,,,,,
hsdm17,10,37.45,Ced9,bit score,0,0,BCL2,false,,,,,
hsdm17,10,37.45,Ced9,mean IDF,0,0,BCL2,false,,,,,
hsdm17,10,37.45,Ced9,tf-idf,0,0,BCL2,false,,,,,
hsdm17,10,37.45,Ced9,enrichment,0,0,BCL2,false,,,,,
hsdm17,10,37.45,Ced9,Poisson score,0,0,BCL2,false,,,,,
hsdm17,10,37.45,Ced9,Poisson p-value,0,0,BCL2,false,,,,,
hsdm17,10,37.45,Ced9,shared k-mers,0,0,BCL2,false,,,,,
hsdm17,10,37.45,Ced9,containment,0,0,BCL2,false,,,,,
hsdm17,10,37.45,Ced9,protein enrichment,0,0,BCL2,false,,,,,
hsdm17,10,37.45,Ced9,protein Poisson p-value,0,0,BCL2,false,,,,,
hsdm17,10,37.45,P66,E-value,1,1,CD47,false,,,,,
hsdm17,10,37.45,P66,bit score,1,1,CD47,false,,,,,
hsdm17,10,37.45,P66,mean IDF,1,1,CD47,false,,,,9.878938679614715,WARS2
hsdm17,10,37.45,P66,tf-idf,1,1,CD47,false,,,,9.878938679614715,WARS2
hsdm17,10,37.45,P66,enrichment,1,1,CD47,false,,,,19514.999999999454,WARS2
hsdm17,10,37.45,P66,Poisson score,1,1,CD47,false,,,,4.29037968276675,WARS2
hsdm17,10,37.45,P66,Poisson p-value,1,1,CD47,false,,,,0.00005124132098999201,WARS2
hsdm17,10,37.45,P66,shared k-mers,1,1,CD47,false,,,,1.0,WARS2
hsdm17,10,37.45,P66,containment,1,1,CD47,false,,,,0.0017006802721088435,WARS2
hsdm17,10,37.45,P66,protein enrichment,1,1,CD47,false,,,,33.188775510203705,WARS2
hsdm17,10,37.45,P66,protein Poisson p-value,1,1,CD47,false,,,,0.029681265039185112,WARS2
hsdm17,10,37.45,BHF,E-value,0,0,,false,,,,,
hsdm17,10,37.45,BHF,bit score,0,0,,false,,,,,
hsdm17,10,37.45,BHF,mean IDF,0,0,,false,,,,,
hsdm17,10,37.45,BHF,tf-idf,0,0,,false,,,,,
hsdm17,10,37.45,BHF,enrichment,0,0,,false,,,,,
hsdm17,10,37.45,BHF,Poisson score,0,0,,false,,,,,
hsdm17,10,37.45,BHF,Poisson p-value,0,0,,false,,,,,
hsdm17,10,37.45,BHF,shared k-mers,0,0,,false,,,,,
hsdm17,10,37.45,BHF,containment,0,0,,false,,,,,
hsdm17,10,37.45,BHF,protein enrichment,0,0,,false,,,,,
hsdm17,10,37.45,BHF,protein Poisson p-value,0,0,,false,,,,,
uniprot18,5,19.75,Ced9,E-value,4189,3433,BCL2,false,,,,27.765878121614996,ITGB1
uniprot18,5,19.75,Ced9,bit score,4189,3433,BCL2,false,,,,26.719712118562928,ITGB1
uniprot18,5,19.75,Ced9,mean IDF,4189,3433,BCL2,false,,,,172.5767333157729,WNT6
uniprot18,5,19.75,Ced9,tf-idf,4189,3433,BCL2,false,,,,172.5767333157729,WNT6
uniprot18,5,19.75,Ced9,enrichment,4189,3433,BCL2,false,,,,19522.000000002063,HLA-F
uniprot18,5,19.75,Ced9,Poisson score,4189,3433,BCL2,false,,,,9.813780465235489,SLC2A13
uniprot18,5,19.75,Ced9,Poisson p-value,4189,3433,BCL2,false,,,,1.5353929239125819e-10,TTLL11
uniprot18,5,19.75,Ced9,shared k-mers,4189,3433,BCL2,false,,,,3.0,KIAA2012
uniprot18,5,19.75,Ced9,containment,4189,3433,BCL2,false,,,,0.043478260869565216,TTN
uniprot18,5,19.75,Ced9,protein enrichment,4189,3433,BCL2,false,,,,53.13313676570654,TTN
uniprot18,5,19.75,Ced9,protein Poisson p-value,4189,3433,BCL2,false,,,,0.0,TTN
uniprot18,5,19.75,P66,E-value,10142,5754,CD47,false,,,,73.67677044011494,UTY
uniprot18,5,19.75,P66,bit score,10142,5754,CD47,false,,,,26.40411942262157,KDM6A
uniprot18,5,19.75,P66,mean IDF,10142,5754,CD47,false,,,,206.9153314480863,HNRNPR
uniprot18,5,19.75,P66,tf-idf,10142,5754,CD47,false,,,,206.9153314480863,SYNCRIP
uniprot18,5,19.75,P66,enrichment,10142,5754,CD47,false,,,,19522.000000002063,CACNA2D3
uniprot18,5,19.75,P66,Poisson score,10142,5754,CD47,false,,,,10.888513682602833,GABBR2
uniprot18,5,19.75,P66,Poisson p-value,10142,5754,CD47,false,,,,1.2926659742618085e-11,GABBR2
uniprot18,5,19.75,P66,shared k-mers,10142,5754,CD47,false,,,,4.0,GABBR2
uniprot18,5,19.75,P66,containment,10142,5754,CD47,false,,,,0.021922428330522766,TTN
uniprot18,5,19.75,P66,protein enrichment,10142,5754,CD47,false,,,,30.587682294805287,TTN
uniprot18,5,19.75,P66,protein Poisson p-value,10142,5754,CD47,false,,,,1.5543122344752192e-15,MUC16
uniprot18,5,19.75,BHF,E-value,7702,5479,,,,,,25.20660835950267,PSME2
uniprot18,5,19.75,BHF,bit score,7702,5479,,,,,,26.70722003692674,PSME2
uniprot18,5,19.75,BHF,mean IDF,7702,5479,,,,,,181.43352763925645,TAF6
uniprot18,5,19.75,BHF,tf-idf,7702,5479,,,,,,181.43352763925645,TAF6
uniprot18,5,19.75,BHF,enrichment,7702,5479,,,,,,19521.999999991483,SH3D19
uniprot18,5,19.75,BHF,Poisson score,7702,5479,,,,,,13.734481682150948,ZNF770
uniprot18,5,19.75,BHF,Poisson p-value,7702,5479,,,,,,1.84297022087776e-14,ZNF770
uniprot18,5,19.75,BHF,shared k-mers,7702,5479,,,,,,6.0,ZNF770
uniprot18,5,19.75,BHF,containment,7702,5479,,,,,,0.06451612903225806,TTN
uniprot18,5,19.75,BHF,protein enrichment,7702,5479,,,,,,38.45278837867783,TTN
uniprot18,5,19.75,BHF,protein Poisson p-value,7702,5479,,,,,,0.0,TTN
uniprot18,6,23.7,Ced9,E-value,308,300,BCL2,false,,,,24.699087095801726,MXRA5
uniprot18,6,23.7,Ced9,bit score,308,300,BCL2,false,,,,26.896090979484132,MXRA5
uniprot18,6,23.7,Ced9,mean IDF,308,300,BCL2,false,,,,84.26974593100363,CALD1
uniprot18,6,23.7,Ced9,tf-idf,308,300,BCL2,false,,,,84.26974593100363,CALD1
uniprot18,6,23.7,Ced9,enrichment,308,300,BCL2,false,,,,19523.00000000017,OTUD5
uniprot18,6,23.7,Ced9,Poisson score,308,300,BCL2,false,,,,8.280092772265274,GCM1
uniprot18,6,23.7,Ced9,Poisson p-value,308,300,BCL2,false,,,,5.246953649340469e-9,SLC2A13
uniprot18,6,23.7,Ced9,shared k-mers,308,300,BCL2,false,,,,2.0,SLC2A13
uniprot18,6,23.7,Ced9,containment,308,300,BCL2,false,,,,0.01090909090909091,KIAA2012
uniprot18,6,23.7,Ced9,protein enrichment,308,300,BCL2,false,,,,120.51234567901258,KIAA2012
uniprot18,6,23.7,Ced9,protein Poisson p-value,308,300,BCL2,false,,,,2.523565290513119e-6,KIAA2012
uniprot18,6,23.7,P66,E-value,474,457,CD47,false,,,,41.64740268975007,UTY
uniprot18,6,23.7,P66,bit score,474,457,CD47,false,,,,27.23462627731561,UTY
uniprot18,6,23.7,P66,mean IDF,474,457,CD47,false,,,,88.81303677315589,KDM6A
uniprot18,6,23.7,P66,tf-idf,474,457,CD47,false,,,,88.81303677315589,UTY
uniprot18,6,23.7,P66,enrichment,474,457,CD47,false,,,,19523.00000000017,MYOF
uniprot18,6,23.7,P66,Poisson score,474,457,CD47,false,,,,10.940653443665553,GABBR2
uniprot18,6,23.7,P66,Poisson p-value,474,457,CD47,false,,,,1.1464273974581829e-11,GABBR2
uniprot18,6,23.7,P66,shared k-mers,474,457,CD47,false,,,,3.0,GABBR2
uniprot18,6,23.7,P66,containment,474,457,CD47,false,,,,0.005067567567567568,EYS
uniprot18,6,23.7,P66,protein enrichment,474,457,CD47,false,,,,67.8667439165704,ERMP1
uniprot18,6,23.7,P66,protein Poisson p-value,474,457,CD47,false,,,,0.000013927051164874804,BRCA2
uniprot18,6,23.7,BHF,E-value,611,578,,,,,,20.20438158828039,ARHGAP31
uniprot18,6,23.7,BHF,bit score,611,578,,,,,,27.033877410838233,ARHGAP31
uniprot18,6,23.7,BHF,mean IDF,611,578,,,,,,119.0740804572394,ZNF608
uniprot18,6,23.7,BHF,tf-idf,611,578,,,,,,119.0740804572394,ZNF608
uniprot18,6,23.7,BHF,enrichment,611,578,,,,,,19523.00000000017,RYR2
uniprot18,6,23.7,BHF,Poisson score,611,578,,,,,,307.6526555685888,ZNF770
uniprot18,6,23.7,BHF,Poisson p-value,611,578,,,,,,0.0,ZNF770
uniprot18,6,23.7,BHF,shared k-mers,611,578,,,,,,5.0,ZNF770
uniprot18,6,23.7,BHF,containment,611,578,,,,,,0.020242914979757085,ZNF770
uniprot18,6,23.7,BHF,protein enrichment,611,578,,,,,,125.46915167095133,ZNF770
uniprot18,6,23.7,BHF,protein Poisson p-value,611,578,,,,,,8.101556092654505e-10,ZNF770
uniprot18,7,27.65,Ced9,E-value,21,21,BCL2,false,,,,,
uniprot18,7,27.65,Ced9,bit score,21,21,BCL2,false,,,,,
uniprot18,7,27.65,Ced9,mean IDF,21,21,BCL2,false,,,,9.879348536682812,ZGRF1
uniprot18,7,27.65,Ced9,tf-idf,21,21,BCL2,false,,,,9.879348536682812,SLC2A13
uniprot18,7,27.65,Ced9,enrichment,21,21,BCL2,false,,,,19523.00000000017,CCDC85A
uniprot18,7,27.65,Ced9,Poisson score,21,21,BCL2,false,,,,4.290557676869782,CCDC85A
uniprot18,7,27.65,Ced9,Poisson p-value,21,21,BCL2,false,,,,0.00005122032421345235,UBN1
uniprot18,7,27.65,Ced9,shared k-mers,21,21,BCL2,false,,,,1.0,INSM2
uniprot18,7,27.65,Ced9,containment,21,21,BCL2,false,,,,0.0036496350364963502,FGD6
uniprot18,7,27.65,Ced9,protein enrichment,21,21,BCL2,false,,,,70.2266187050361,LONP2
uniprot18,7,27.65,Ced9,protein Poisson p-value,21,21,BCL2,false,,,,0.014138711009837435,ZGRF1
uniprot18,7,27.65,P66,E-value,34,34,CD47,false,,,,,
uniprot18,7,27.65,P66,bit score,34,34,CD47,false,,,,,
uniprot18,7,27.65,P66,mean IDF,34,34,CD47,false,,,,9.879348536682812,ATP13A1
uniprot18,7,27.65,P66,tf-idf,34,34,CD47,false,,,,19.758697073365624,SLC9B2
uniprot18,7,27.65,P66,enrichment,34,34,CD47,false,,,,19523.00000000017,GABBR2
uniprot18,7,27.65,P66,Poisson score,34,34,CD47,false,,,,8.280092772265274,GABBR2
uniprot18,7,27.65,P66,Poisson p-value,34,34,CD47,false,,,,5.246953649340469e-9,GABBR2
uniprot18,7,27.65,P66,shared k-mers,34,34,CD47,false,,,,2.0,GABBR2
uniprot18,7,27.65,P66,containment,34,34,CD47,false,,,,0.00338409475465313,SLC9B2
uniprot18,7,27.65,P66,protein enrichment,34,34,CD47,false,,,,65.62352941176508,GABBR2
uniprot18,7,27.65,P66,protein Poisson p-value,34,34,CD47,false,,,,0.00045509083459394084,SLC9B2
uniprot18,7,27.65,BHF,E-value,57,56,,false,,,,,
uniprot18,7,27.65,BHF,bit score,57,56,,false,,,,,
uniprot18,7,27.65,BHF,mean IDF,57,56,,,,,,9.879348536682812,AKAP12
uniprot18,7,27.65,BHF,tf-idf,57,56,,,,,,38.824246966171245,ZNF770
uniprot18,7,27.65,BHF,enrichment,57,56,,,,,,19523.00000000017,CHD6
uniprot18,7,27.65,BHF,Poisson score,57,56,,,,,,15.653559774527022,ZNF770
uniprot18,7,27.65,BHF,Poisson p-value,57,56,,,,,,2.220446049250313e-16,ZNF770
uniprot18,7,27.65,BHF,shared k-mers,57,56,,,,,,4.0,ZNF770
uniprot18,7,27.65,BHF,containment,57,56,,,,,,0.016260162601626018,ZNF770
uniprot18,7,27.65,BHF,protein enrichment,57,56,,,,,,288.1623616236165,ZNF770
uniprot18,7,27.65,BHF,protein Poisson p-value,57,56,,,,,,1.5298824429521574e-9,ZNF770
uniprot18,8,31.6,Ced9,E-value,0,0,BCL2,false,,,,,
uniprot18,8,31.6,Ced9,bit score,0,0,BCL2,false,,,,,
uniprot18,8,31.6,Ced9,mean IDF,0,0,BCL2,false,,,,,
uniprot18,8,31.6,Ced9,tf-idf,0,0,BCL2,false,,,,,
uniprot18,8,31.6,Ced9,enrichment,0,0,BCL2,false,,,,,
uniprot18,8,31.6,Ced9,Poisson score,0,0,BCL2,false,,,,,
uniprot18,8,31.6,Ced9,Poisson p-value,0,0,BCL2,false,,,,,
uniprot18,8,31.6,Ced9,shared k-mers,0,0,BCL2,false,,,,,
uniprot18,8,31.6,Ced9,containment,0,0,BCL2,false,,,,,
uniprot18,8,31.6,Ced9,protein enrichment,0,0,BCL2,false,,,,,
uniprot18,8,31.6,Ced9,protein Poisson p-value,0,0,BCL2,false,,,,,
uniprot18,8,31.6,P66,E-value,2,2,CD47,false,,,,,
uniprot18,8,31.6,P66,bit score,2,2,CD47,false,,,,,
uniprot18,8,31.6,P66,mean IDF,2,2,CD47,false,,,,9.879348536682802,GABBR2
uniprot18,8,31.6,P66,tf-idf,2,2,CD47,false,,,,9.879348536682802,GABBR2
uniprot18,8,31.6,P66,enrichment,2,2,CD47,false,,,,19523.00000000017,SLC9B2
uniprot18,8,31.6,P66,Poisson score,2,2,CD47,false,,,,4.290557676869782,GABBR2
uniprot18,8,31.6,P66,Poisson p-value,2,2,CD47,false,,,,0.00005122032421345235,SLC9B2
uniprot18,8,31.6,P66,shared k-mers,2,2,CD47,false,,,,1.0,GABBR2
uniprot18,8,31.6,P66,containment,2,2,CD47,false,,,,0.001694915254237288,GABBR2
uniprot18,8,31.6,P66,protein enrichment,2,2,CD47,false,,,,33.08983050847476,SLC9B2
uniprot18,8,31.6,P66,protein Poisson p-value,2,2,CD47,false,,,,0.029768683456816825,SLC9B2
uniprot18,8,31.6,BHF,E-value,1,1,,false,,,,,
uniprot18,8,31.6,BHF,bit score,1,1,,false,,,,,
uniprot18,8,31.6,BHF,mean IDF,1,1,,,,,,9.879348536682802,ZNF770
uniprot18,8,31.6,BHF,tf-idf,1,1,,,,,,29.638045610048405,ZNF770
uniprot18,8,31.6,BHF,enrichment,1,1,,,,,,19523.000000000007,ZNF770
uniprot18,8,31.6,BHF,Poisson score,1,1,,,,,,12.218512133187058,ZNF770
uniprot18,8,31.6,BHF,Poisson p-value,1,1,,,,,,6.046274592108603e-13,ZNF770
uniprot18,8,31.6,BHF,shared k-mers,1,1,,,,,,3.0,ZNF770
uniprot18,8,31.6,BHF,containment,1,1,,,,,,0.012244897959183673,ZNF770
uniprot18,8,31.6,BHF,protein enrichment,1,1,,,,,,239.05714285714308,ZNF770
uniprot18,8,31.6,BHF,protein Poisson p-value,1,1,,,,,,3.263029905165027e-7,ZNF770
uniprot18,9,35.55,Ced9,E-value,0,0,BCL2,false,,,,,
uniprot18,9,35.55,Ced9,bit score,0,0,BCL2,false,,,,,
uniprot18,9,35.55,Ced9,mean IDF,0,0,BCL2,false,,,,,
uniprot18,9,35.55,Ced9,tf-idf,0,0,BCL2,false,,,,,
uniprot18,9,35.55,Ced9,enrichment,0,0,BCL2,false,,,,,
uniprot18,9,35.55,Ced9,Poisson score,0,0,BCL2,false,,,,,
uniprot18,9,35.55,Ced9,Poisson p-value,0,0,BCL2,false,,,,,
uniprot18,9,35.55,Ced9,shared k-mers,0,0,BCL2,false,,,,,
uniprot18,9,35.55,Ced9,containment,0,0,BCL2,false,,,,,
uniprot18,9,35.55,Ced9,protein enrichment,0,0,BCL2,false,,,,,
uniprot18,9,35.55,Ced9,protein Poisson p-value,0,0,BCL2,false,,,,,
uniprot18,9,35.55,P66,E-value,0,0,CD47,false,,,,,
uniprot18,9,35.55,P66,bit score,0,0,CD47,false,,,,,
uniprot18,9,35.55,P66,mean IDF,0,0,CD47,false,,,,,
uniprot18,9,35.55,P66,tf-idf,0,0,CD47,false,,,,,
uniprot18,9,35.55,P66,enrichment,0,0,CD47,false,,,,,
uniprot18,9,35.55,P66,Poisson score,0,0,CD47,false,,,,,
uniprot18,9,35.55,P66,Poisson p-value,0,0,CD47,false,,,,,
uniprot18,9,35.55,P66,shared k-mers,0,0,CD47,false,,,,,
uniprot18,9,35.55,P66,containment,0,0,CD47,false,,,,,
uniprot18,9,35.55,P66,protein enrichment,0,0,CD47,false,,,,,
uniprot18,9,35.55,P66,protein Poisson p-value,0,0,CD47,false,,,,,
uniprot18,9,35.55,BHF,E-value,1,1,,false,,,,,
uniprot18,9,35.55,BHF,bit score,1,1,,false,,,,,
uniprot18,9,35.55,BHF,mean IDF,1,1,,,,,,9.879297313734911,ZNF770
uniprot18,9,35.55,BHF,tf-idf,1,1,,,,,,19.758594627469822,ZNF770
uniprot18,9,35.55,BHF,enrichment,1,1,,,,,,19522.00000000008,ZNF770
uniprot18,9,35.55,BHF,Poisson score,1,1,,,,,,8.280048279453547,ZNF770
uniprot18,9,35.55,BHF,Poisson p-value,1,1,,,,,,5.2474912193289924e-9,ZNF770
uniprot18,9,35.55,BHF,shared k-mers,1,1,,,,,,2.0,ZNF770
uniprot18,9,35.55,BHF,containment,1,1,,,,,,0.00819672131147541,ZNF770
uniprot18,9,35.55,BHF,protein enrichment,1,1,,,,,,160.0163934426235,ZNF770
uniprot18,9,35.55,BHF,protein Poisson p-value,1,1,,,,,,0.00007746119201290647,ZNF770
uniprot18,10,39.5,Ced9,E-value,0,0,BCL2,false,,,,,
uniprot18,10,39.5,Ced9,bit score,0,0,BCL2,false,,,,,
uniprot18,10,39.5,Ced9,mean IDF,0,0,BCL2,false,,,,,
uniprot18,10,39.5,Ced9,tf-idf,0,0,BCL2,false,,,,,
uniprot18,10,39.5,Ced9,enrichment,0,0,BCL2,false,,,,,
uniprot18,10,39.5,Ced9,Poisson score,0,0,BCL2,false,,,,,
uniprot18,10,39.5,Ced9,Poisson p-value,0,0,BCL2,false,,,,,
uniprot18,10,39.5,Ced9,shared k-mers,0,0,BCL2,false,,,,,
uniprot18,10,39.5,Ced9,containment,0,0,BCL2,false,,,,,
uniprot18,10,39.5,Ced9,protein enrichment,0,0,BCL2,false,,,,,
uniprot18,10,39.5,Ced9,protein Poisson p-value,0,0,BCL2,false,,,,,
uniprot18,10,39.5,P66,E-value,0,0,CD47,false,,,,,
uniprot18,10,39.5,P66,bit score,0,0,CD47,false,,,,,
uniprot18,10,39.5,P66,mean IDF,0,0,CD47,false,,,,,
uniprot18,10,39.5,P66,tf-idf,0,0,CD47,false,,,,,
uniprot18,10,39.5,P66,enrichment,0,0,CD47,false,,,,,
uniprot18,10,39.5,P66,Poisson score,0,0,CD47,false,,,,,
uniprot18,10,39.5,P66,Poisson p-value,0,0,CD47,false,,,,,
uniprot18,10,39.5,P66,shared k-mers,0,0,CD47,false,,,,,
uniprot18,10,39.5,P66,containment,0,0,CD47,false,,,,,
uniprot18,10,39.5,P66,protein enrichment,0,0,CD47,false,,,,,
uniprot18,10,39.5,P66,protein Poisson p-value,0,0,CD47,false,,,,,
uniprot18,10,39.5,BHF,E-value,1,1,,false,,,,,
uniprot18,10,39.5,BHF,bit score,1,1,,false,,,,,
uniprot18,10,39.5,BHF,mean IDF,1,1,,,,,,9.879297313734911,ZNF770
uniprot18,10,39.5,BHF,tf-idf,1,1,,,,,,9.879297313734911,ZNF770
uniprot18,10,39.5,BHF,enrichment,1,1,,,,,,19522.00000000008,ZNF770
uniprot18,10,39.5,BHF,Poisson score,1,1,,,,,,4.290535431596226,ZNF770
uniprot18,10,39.5,BHF,Poisson p-value,1,1,,,,,,0.000051222947869411506,ZNF770
uniprot18,10,39.5,BHF,shared k-mers,1,1,,,,,,1.0,ZNF770
uniprot18,10,39.5,BHF,containment,1,1,,,,,,0.00411522633744856,ZNF770
uniprot18,10,39.5,BHF,protein enrichment,1,1,,,,,,80.33744855967105,ZNF770
uniprot18,10,39.5,BHF,protein Poisson p-value,1,1,,,,,,0.01237034550445637,ZNF770
