NAME,SCOP,HP_SFAM,HP_SFAMCNT,FoldSeek_SFAM,FoldSeek_SFAMCNT,TEA_SFAM,TEA_SFAMCNT,HP_vs_FoldSeek,HP_vs_TEA
d1rjoa1,b.30.2.1,0.0,3,0.0,0,0.0,0,0.0,0.0
d2onsa2,c.94.1.1,0.0,15,0.0,0,0.0,0,0.0,0.0
d2bi0a2,d.38.1.4,0.0,2,0.0,0,0.0,0,0.0,0.0
d1a0tp_,f.4.3.2,0.0,2,0.823529,18,0.941176,18,-0.823529,-0.941176
d3axja1,a.118.16.0,0.0,0,0.0,0,0.0,0,0.0,0.0
d3idaa2,b.18.1.0,0.0,2,0.0,0,0.0,0,0.0,0.0
d1sbya_,c.2.1.2,0.0,10,0.0,0,0.0,0,0.0,0.0
d4duia1,d.211.1.1,0.18181818181818182,23,0.928571,32,0.928571,32,-0.7467528181818182,-0.7467528181818182
d6cj7a_,e.1.1.0,0.2857142857142857,8,0.0,0,0.0,0,0.2857142857142857,0.2857142857142857
d6aqga1,b.40.4.0,0.0,2,0.245283,130,0.358491,130,-0.245283,-0.358491
d4gyva1,a.87.1.0,0.0,4,0.0,0,0.0,0,0.0,0.0
d4fvda_,b.47.1.0,0.0,3,0.0,0,0.0,0,0.0,0.0
d5wp6b2,d.211.1.1,0.0,2,0.357143,32,0.214286,32,-0.357143,-0.214286
d2f62a2,c.23.14.1,0.0,0,0.333333,8,0.166667,8,-0.333333,-0.166667
d5jhxa2,a.93.1.0,0.0,3,0.0,0,0.0,0,0.0,0.0
d2x1ya2,c.7.1.2,0.0,2,0.0,0,0.0,0,0.0,0.0
d1jcmp_,c.1.2.4,0.0,4,0.933333,39,0.966667,39,-0.933333,-0.966667
d5efza_,c.69.1.0,0.0,15,0.0,0,0.0,0,0.0,0.0
d1j5va1,c.72.1.1,0.1111111111111111,10,0.976744,51,0.976744,51,-0.8656328888888889,-0.8656328888888889
d1n93x_,a.206.1.1,0.0,0,0.0,0,0.0,0,0.0,0.0
d3gm5a1,d.32.1.0,0.0,2,0.0,0,0.0,0,0.0,0.0
d1i8ua_,b.1.9.2,0.0,0,0.0,0,0.0,0,0.0,0.0
d5vrka_,c.1.9.0,0.0,8,0.675,60,0.95,60,-0.675,-0.95
d2d0oa1,c.8.6.1,0.0,0,0.0,0,0.0,0,0.0,0.0
d1z6na1,c.47.1.1,0.0,2,0.466321,215,0.523316,215,-0.466321,-0.523316
d1sqga2,c.66.1.38,0.0,7,0.0,0,0.0,0,0.0,0.0
d4jdpa_,c.108.1.0,0.0,8,0.0,0,0.0,0,0.0,0.0
d1r6wa1,c.1.11.2,0.0,6,0.969697,43,0.969697,43,-0.969697,-0.969697
d1ki1b1,a.87.1.1,0.0,2,0.0,0,0.0,0,0.0,0.0
d1w6ka2,a.102.4.2,0.0,0,0.6,13,0.545455,14,-0.6,-0.545455
d1dlja2,c.2.1.6,0.0,10,0.0,0,0.0,0,0.0,0.0
d4h15a1,c.2.1.0,0.0,26,0.0,0,0.0,0,0.0,0.0
d1sb7a1,d.265.1.4,0.0,0,0.0,0,0.0,0,0.0,0.0
d3cb0a_,b.45.1.0,0.0,2,0.827586,46,0.931034,46,-0.827586,-0.931034
d3e8lc_,b.42.4.0,0.0,3,0.857143,17,0.75,18,-0.857143,-0.75
d1wqga_,d.67.3.1,1.0,3,0.0,0,0.0,0,1.0,1.0
d4g1ma3,b.1.15.0,0.0,0,0.0,4,0.0,4,0.0,0.0
d2paja2,c.1.9.9,0.0,6,0.578947,60,0.929825,60,-0.578947,-0.929825
d5irca1,a.116.1.0,0.0,3,0.0,0,0.0,0,0.0,0.0
d4ysna1,c.67.1.0,0.0,27,0.980769,143,0.980769,143,-0.980769,-0.980769
d3cnla_,c.37.1.0,0.0,9,0.0,0,0.0,0,0.0,0.0
d6iika_,d.3.1.9,0.0,0,0.0,0,0.0,0,0.0,0.0
d1lf9a1,a.102.1.5,0.0,2,0.0,0,0.0,0,0.0,0.0
d1nowa1,c.1.8.6,0.0,9,0.606061,135,0.795455,135,-0.606061,-0.795455
d1tt8a_,d.190.1.1,0.0,0,0.0,0,0.0,0,0.0,0.0
d3m4ia_,e.78.1.1,0.0,0,0.0,0,0.0,0,0.0,0.0
d2q6ka1,c.132.1.0,0.0,0,0.0,0,0.0,0,0.0,0.0
d5j0aa1,d.144.1.0,0.0,15,0.0,0,0.0,0,0.0,0.0
d2bhua3,c.1.8.1,0.0,17,0.481481,135,0.703704,135,-0.481481,-0.703704
d7k3ma_,e.3.1.0,0.0,6,0.0,0,0.0,0,0.0,0.0
d3o63a1,c.1.3.0,0.0,2,0.0,0,0.0,0,0.0,0.0
d1y9ia_,a.195.1.1,0.0,0,0.0,0,0.0,0,0.0,0.0
d2fb5a1,d.320.1.1,0.0,0,0.0,0,0.0,0,0.0,0.0
d1y9wa1,d.108.1.1,0.0,4,0.0,0,0.0,0,0.0,0.0
d1kija1,d.14.1.3,0.0,3,0.0,0,0.0,0,0.0,0.0
d2zsja_,c.79.1.0,0.0,3,0.0,0,0.0,0,0.0,0.0
d1j2ia1,c.37.1.8,0.0,12,0.0,0,0.0,0,0.0,0.0
d3byia1,a.116.1.0,0.0,0,0.0,0,0.0,0,0.0,0.0
d1efva1,c.26.2.3,0.0,3,0.0571429,39,0.0285714,39,-0.0571429,-0.0285714
d1oywa3,c.37.1.19,0.0,9,0.0,0,0.0,0,0.0,0.0
d3kasa2,c.8.4.1,0.0,0,0.0,0,0.0,0,0.0,0.0
d2c07a1,c.2.1.2,0.058823529411764705,18,0.0,0,0.0,0,0.058823529411764705,0.058823529411764705
d1so2a_,a.211.1.2,0.3333333333333333,7,0.0,0,0.0,0,0.3333333333333333,0.3333333333333333
d7bjud_,a.123.1.1,0.0,3,0.0,0,0.0,0,0.0,0.0
d3sjna2,c.1.11.0,0.0,3,0.923077,43,0.923077,43,-0.923077,-0.923077
d1yr2a1,b.69.7.0,0.0,0,0.75,7,0.5,7,-0.75,-0.5
d5m82a1,d.110.2.0,0.0,0,0.727273,21,0.727273,21,-0.727273,-0.727273
d2cxha1,c.51.1.2,0.0,0,0.833333,13,0.416667,13,-0.833333,-0.416667
d2ov9a1,d.38.1.5,0.0,0,0.0,0,0.0,0,0.0,0.0
d3ho7a1,c.94.1.0,0.0,9,0.0,0,0.0,0,0.0,0.0
d1zowa2,c.95.1.0,0.0,2,0.0,0,0.0,0,0.0,0.0
d3nyia_,c.119.1.0,0.0,3,0.0,0,0.0,0,0.0,0.0
d1jg8a_,c.67.1.1,0.0,20,0.992248,143,0.992248,143,-0.992248,-0.992248
d1k0ma1,a.45.1.1,0.0,2,0.0,0,0.0,0,0.0,0.0
d1pgua2,b.69.4.1,0.0,2,0.692308,28,0.769231,28,-0.692308,-0.769231
d1zlpa_,c.1.12.0,0.0,2,0.692308,19,0.769231,19,-0.692308,-0.769231
d2hkja2,d.14.1.3,0.0,0,0.0,0,0.0,0,0.0,0.0
d1t0hb_,c.37.1.1,0.0,10,0.0,0,0.0,0,0.0,0.0
d1q3xa1,b.47.1.2,0.0,3,0.0,0,0.0,0,0.0,0.0
d6pnla1,c.2.1.0,0.0,20,0.0,0,0.0,0,0.0,0.0
d1em9a_,a.73.1.1,0.0,0,0.0,0,0.0,0,0.0,0.0
d7nnfa2,c.78.1.0,0.3333333333333333,4,0.571429,21,0.571429,21,-0.23809566666666665,-0.23809566666666665
d1m1za1,c.26.2.1,0.0,6,0.15625,39,0.21875,39,-0.15625,-0.21875
d2v09a_,b.82.1.2,0.0,3,0.983607,65,0.983607,65,-0.983607,-0.983607
d1mvla_,c.34.1.1,0.0,2,0.0,0,0.0,0,0.0,0.0
d6zt3a2,d.14.1.0,0.0,2,0.0,0,0.0,0,0.0,0.0
d4ac9a4,c.37.1.8,0.0,10,0.0,0,0.0,0,0.0,0.0
d2asub_,b.47.1.0,0.0,3,0.0,0,0.0,0,0.0,0.0
d2nn6f1,d.14.1.4,0.0,0,0.0,0,0.0,0,0.0,0.0
d1h3na3,c.26.1.1,0.0,8,0.142857,53,0.142857,53,-0.142857,-0.142857
d1jmva_,c.26.2.4,0.0,0,0.212121,39,0.242424,39,-0.212121,-0.242424
d6v6ua_,c.37.1.8,0.0,9,0.0,0,0.0,0,0.0,0.0
d1u2pa_,c.44.1.0,0.0,0,0.75,13,0.75,13,-0.75,-0.75
d1yj5a1,c.108.1.9,0.0,6,0.0,0,0.0,0,0.0,0.0
d2gm3a1,c.26.2.4,0.0,2,0.242424,39,0.242424,39,-0.242424,-0.242424
d6ms3a2,b.29.1.0,0.0,2,0.0,0,0.0,0,0.0,0.0
d5vfba_,c.1.13.1,0.0,0,0.0,0,0.0,0,0.0,0.0
d1v9fa_,d.265.1.3,0.0,0,0.0,0,0.0,0,0.0,0.0
d3v98a2,a.119.1.0,0.0,2,0.0,0,0.0,0,0.0,0.0
d3kija_,c.47.1.0,0.0,3,0.347368,215,0.6,215,-0.347368,-0.6
d3cwva2,d.14.1.0,0.0,2,0.0,0,0.0,0,0.0,0.0
d3i0pa_,c.122.1.0,0.0,4,0.0,0,0.0,0,0.0,0.0
d5j9ca1,c.47.1.0,0.0,2,0.315789,215,0.452632,215,-0.315789,-0.452632
d5ep2a1,c.37.1.0,0.0,13,0.0,0,0.0,0,0.0,0.0
d7lx0l_,f.31.1.0,1.0,2,0.0,0,0.0,0,1.0,1.0
d3cwca1,c.141.1.0,0.0,2,0.0,0,0.0,0,0.0,0.0
d5kmya1,c.1.2.0,0.0,5,0.909091,39,0.954545,39,-0.909091,-0.954545
d1umza_,b.29.1.2,0.0,0,0.0,0,0.0,0,0.0,0.0
d3eeqa2,c.152.1.1,0.0,0,0.0,0,0.0,0,0.0,0.0
d4au1a_,c.23.17.1,0.0,2,0.0,0,0.0,0,0.0,0.0
d1e7ua4,d.144.1.4,0.0,9,0.0,0,0.0,0,0.0,0.0
d1rl0a_,d.165.1.1,0.0,2,0.0,0,0.0,0,0.0,0.0
d1jvba1,b.35.1.2,0.0,2,0.0,20,0.0,20,0.0,0.0
d2z10a_,d.108.1.0,0.0,4,0.0,0,0.0,0,0.0,0.0
d1hska1,d.145.1.2,0.0,2,0.0,0,0.0,0,0.0,0.0
d3czya_,a.132.1.1,0.0,2,0.0,0,0.0,0,0.0,0.0
d1jm1a_,b.33.1.1,0.0,0,0.0,0,0.0,0,0.0,0.0
d1muna_,a.96.1.2,0.0,0,0.0,0,0.0,0,0.0,0.0
d1pd0a4,d.109.2.1,0.0,0,0.0,0,0.0,0,0.0,0.0
d2nnua2,b.91.1.1,0.0,0,0.0,0,0.0,0,0.0,0.0
d2p3pa1,d.383.1.1,0.0,0,0.0,0,0.0,0,0.0,0.0
d1eqfa1,a.29.2.1,0.0,6,0.964286,31,0.964286,31,-0.964286,-0.964286
d1b12a_,b.87.1.2,0.0,0,0.0,0,0.0,0,0.0,0.0
d3gf3a2,c.14.1.4,0.0,0,0.0,0,0.0,0,0.0,0.0
d7naya1,c.2.1.0,0.0,5,0.0,0,0.0,0,0.0,0.0
d4rvca_,c.37.1.0,0.0,11,0.0,0,0.0,0,0.0,0.0
d1r3da1,c.69.1.35,0.0,8,0.0,0,0.0,0,0.0,0.0
d5axwa1,c.55.3.16,0.0,0,0.20339,61,0.0169492,61,-0.20339,-0.0169492
d4o5na1,b.19.1.2,0.0,2,0.0,0,0.0,0,0.0,0.0
d1p4ta_,f.4.1.1,0.0,0,0.285714,8,0.285714,8,-0.285714,-0.285714
d3vj8a_,a.128.1.2,0.0,4,0.0,0,0.0,0,0.0,0.0
d6wkca_,a.128.1.4,0.0,4,0.0,0,0.0,0,0.0,0.0
d2xu3a_,d.3.1.0,0.0,2,0.0,0,0.0,0,0.0,0.0
d1boub_,c.56.6.1,0.0,2,0.0,0,0.0,0,0.0,0.0
d3wkqa2,b.6.1.0,0.0,2,0.647059,51,0.571429,52,-0.647059,-0.571429
d4h0na_,c.66.1.0,0.0,8,0.0,0,0.0,0,0.0,0.0
d1u20a1,d.113.1.1,0.0,0,0.0,0,0.0,0,0.0,0.0
d2csua2,c.23.4.1,0.0,0,0.0,0,0.0,0,0.0,0.0
d2icwg_,a.202.1.1,0.0,0,0.0,0,0.0,0,0.0,0.0
d1sjya_,d.113.1.1,0.5,3,0.0,0,0.0,0,0.5,0.5
d2btua2,d.139.1.0,0.6666666666666666,4,0.0,0,0.0,0,0.6666666666666666,0.6666666666666666
d1dmza_,b.26.1.2,0.0,0,0.0,0,0.0,0,0.0,0.0
d5loha_,d.144.1.0,0.16666666666666666,19,0.0,0,0.0,0,0.16666666666666666,0.16666666666666666
d2fyfa_,c.67.1.0,0.0,17,0.980769,143,0.980769,143,-0.980769,-0.980769
d2r6ja_,c.2.1.0,0.0,19,0.0,0,0.0,0,0.0,0.0
d3cnva1,d.190.1.2,0.0,2,0.0,0,0.0,0,0.0,0.0
d2i6ha1,a.118.8.5,0.0,2,0.0,0,0.0,0,0.0,0.0
d4kd5a_,c.94.1.0,0.0,6,0.0,0,0.0,0,0.0,0.0
d3hcna_,c.92.1.1,0.0,0,0.5,5,0.5,5,-0.5,-0.5
d2i1ya_,c.45.1.0,0.0,5,0.0,0,0.0,0,0.0,0.0
d1ueda_,a.104.1.1,0.0,10,0.0,0,0.0,0,0.0,0.0
d1drua1,c.2.1.3,0.0,8,0.0,0,0.0,0,0.0,0.0
d5oj7a1,c.31.1.0,0.0,0,0.0,0,0.0,0,0.0,0.0
d2fn1a2,d.161.1.1,0.0,0,0.0,0,0.0,0,0.0,0.0
d2g5fa1,d.161.1.1,0.0,0,0.0,0,0.0,0,0.0,0.0
d3nvsa_,d.68.2.2,0.0,3,0.666667,4,0.333333,4,-0.666667,-0.333333
d2ze5a_,c.37.1.26,0.0,14,0.0,0,0.0,0,0.0,0.0
d1nowa2,d.92.2.1,0.0,3,0.8,8,0.0,8,-0.8,0.0
d2dy0a_,c.61.1.0,0.0,3,0.0,0,0.0,0,0.0,0.0
d3r40a_,c.69.1.0,0.0,15,0.0,0,0.0,0,0.0,0.0
d5hhaa_,d.169.1.0,0.0,2,0.0,0,0.0,0,0.0,0.0
d3fysa1,c.119.1.0,0.0,5,0.0,0,0.0,0,0.0,0.0
d6mu0a1,c.121.1.0,0.0,2,0.0,0,0.0,0,0.0,0.0
d5z5ca_,c.79.1.0,0.0,2,0.0,0,0.0,0,0.0,0.0
d5i1mv_,f.65.1.1,0.0,0,0.0,0,0.0,0,0.0,0.0
d3ltxa_,a.123.1.0,0.0,6,0.0,0,0.0,0,0.0,0.0
d3rdla_,b.7.1.2,0.0,2,0.714286,28,0.809524,28,-0.714286,-0.809524
d2g77a1,a.69.2.1,0.0,0,0.0,0,0.0,0,0.0,0.0
d7nnfa1,c.78.1.0,0.0,2,0.428571,21,0.428571,21,-0.428571,-0.428571
d2b1xa1,b.33.1.2,0.0,2,0.0,0,0.0,0,0.0,0.0
d4itja_,d.144.1.0,0.12,26,0.0,0,0.0,0,0.12,0.12
d3ko8a_,c.2.1.0,0.0,33,0.0,0,0.0,0,0.0,0.0
d2ekpa_,c.2.1.0,0.0,35,0.0,0,0.0,0,0.0,0.0
d1i4ua_,b.60.1.1,0.0,0,0.0,0,0.0,0,0.0,0.0
d4h0oa2,c.55.1.0,0.0,0,0.275862,102,0.172414,102,-0.275862,-0.172414
d1cjxa1,d.32.1.3,0.0,0,0.0,0,0.0,0,0.0,0.0
d4e4ya1,c.2.1.0,0.038461538461538464,27,0.0,0,0.0,0,0.038461538461538464,0.038461538461538464
d1roca1,b.1.22.1,0.0,0,0.0,0,0.0,0,0.0,0.0
d5p9va_,c.66.1.1,0.0,6,0.0,0,0.0,0,0.0,0.0
d1pyfa1,c.1.7.1,0.25,5,0.923077,19,0.923077,19,-0.673077,-0.673077
d2cb9a_,c.69.1.0,0.0,8,0.0,0,0.0,0,0.0,0.0
d1q1fa_,a.1.1.2,0.0,2,0.727273,57,0.939394,57,-0.727273,-0.939394
d2fiqa1,c.1.10.7,0.0,8,0.0,0,0.0,0,0.0,0.0
d1bs0a_,c.67.1.4,0.0,15,0.992366,143,0.992366,143,-0.992366,-0.992366
d1uqwa_,c.94.1.1,0.0,16,0.0,0,0.0,0,0.0,0.0
d4n4pa_,c.1.10.0,0.2,6,0.628571,65,0.857143,65,-0.428571,-0.657143
d5nopa_,b.68.1.0,0.0,2,0.692308,16,0.692308,16,-0.692308,-0.692308
d1vl6a1,c.2.1.7,0.0,11,0.0,0,0.0,0,0.0,0.0
d1u08a_,c.67.1.1,0.0,22,0.992248,143,0.992248,143,-0.992248,-0.992248
d5ldga_,c.2.1.0,0.0,18,0.0,0,0.0,0,0.0,0.0
d2onkc1,f.58.1.1,0.0,3,0.0,0,0.0,0,0.0,0.0
d1nkqa_,d.177.1.1,0.0,0,0.0,0,0.0,0,0.0,0.0
d1z2la1,c.56.5.4,0.0,0,0.65,36,0.35,37,-0.65,-0.35
d2eena_,d.63.1.0,0.0,0,0.0,0,0.0,0,0.0,0.0
d7mqwa_,d.13.1.0,0.5,3,0.666667,18,0.833333,18,-0.166667,-0.333333
d5xk6a1,c.101.1.0,0.0,0,0.0,0,0.0,0,0.0,0.0
d3hjha1,c.37.1.19,0.0,14,0.0,0,0.0,0,0.0,0.0
d1vjna1,d.157.1.4,0.0,2,0.0,0,0.0,0,0.0,0.0
d1k28d2,b.106.1.1,0.0,0,0.0,0,0.0,0,0.0,0.0
d3gwaa1,c.95.1.0,0.0,2,0.0,0,0.0,0,0.0,0.0
d2j0sa2,c.37.1.19,0.10526315789473684,20,0.0,0,0.0,0,0.10526315789473684,0.10526315789473684
d4c5ka1,c.72.1.0,0.0,4,0.941176,51,0.882353,51,-0.941176,-0.882353
d1ddza2,c.53.2.1,0.0,3,0.9,13,0.9,13,-0.9,-0.9
d1vcva1,c.1.10.1,0.25,5,0.6,65,0.933333,65,-0.35,-0.683333
d4hdrb_,c.39.1.0,0.0,2,0.0,0,0.0,0,0.0,0.0
d5ysca_,c.92.2.2,0.0,4,0.914286,38,0.942857,38,-0.914286,-0.942857
d4l6ha1,c.1.22.0,0.0,0,0.666667,6,0.666667,6,-0.666667,-0.666667
d2hyka_,b.29.1.2,0.0,5,0.0,0,0.0,0,0.0,0.0
d6m37a_,d.122.1.0,0.0,0,0.0,0,0.0,0,0.0,0.0
d3hqna1,c.1.12.1,0.0,0,0.0,0,0.0,0,0.0,0.0
d3mvga_,d.165.1.0,0.0,2,0.0,0,0.0,0,0.0,0.0
d6kxda1,c.95.1.0,0.0,6,0.0,0,0.0,0,0.0,0.0
d2fpra1,c.108.1.19,0.0,5,0.0,0,0.0,0,0.0,0.0
d2h3ha1,c.93.1.0,0.0,6,0.0,0,0.0,0,0.0,0.0
d3b82a1,c.37.1.8,0.05263157894736842,20,0.0,0,0.0,0,0.05263157894736842,0.05263157894736842
d1rkxa_,c.2.1.2,0.0,18,0.0,0,0.0,0,0.0,0.0
d1xoca1,c.94.1.1,0.0,15,0.0,0,0.0,0,0.0,0.0
d1ow1a_,b.131.1.3,0.0,0,0.0,0,0.0,0,0.0,0.0
d1b9ha_,c.67.1.4,0.0,13,0.992366,143,0.992366,143,-0.992366,-0.992366
d6kbya1,e.3.1.0,0.0,5,0.0,0,0.0,0,0.0,0.0
d4p0fa_,e.1.1.0,0.0,9,0.0,0,0.0,0,0.0,0.0
d2jiga_,b.82.2.15,0.0,0,0.634146,42,0.170732,42,-0.634146,-0.170732
d1t36a6,d.142.1.2,0.0,4,0.772727,29,0.772727,29,-0.772727,-0.772727
d7n7za1,c.95.1.0,0.3333333333333333,4,0.0,0,0.0,0,0.3333333333333333,0.3333333333333333
d1xqra1,a.118.1.21,0.0,4,0.0,0,0.0,0,0.0,0.0
d2qdda2,c.1.11.0,0.0,4,0.923077,43,0.923077,43,-0.923077,-0.923077
d1sy7a1,c.23.16.3,0.0,5,0.0,0,0.0,0,0.0,0.0
d1yeya2,d.54.1.1,0.0,0,0.0,0,0.0,0,0.0,0.0
d2ydaa_,c.1.10.1,0.0,2,0.688889,65,0.933333,65,-0.688889,-0.933333
d1qhua1,b.66.1.1,0.0,0,0.0,0,0.0,0,0.0,0.0
d6cpyb_,d.144.1.0,0.0,6,0.0,0,0.0,0,0.0,0.0
d5jrya_,c.82.1.0,0.06666666666666667,16,0.0,0,0.0,0,0.06666666666666667,0.06666666666666667
d1yarh_,d.153.1.4,0.0,0,0.304348,37,0.25,42,-0.304348,-0.25
d1g2qa_,c.61.1.1,0.0,4,0.0,0,0.0,0,0.0,0.0
d2gz4a1,a.211.1.1,0.0,2,0.0,0,0.0,0,0.0,0.0
d1ykia_,d.90.1.1,0.0,3,0.0,0,0.0,0,0.0,0.0
d2ahua1,c.124.1.3,0.0,3,0.0,0,0.0,0,0.0,0.0
d1u3da1,a.99.1.1,0.0,4,0.0,0,0.0,0,0.0,0.0
d3p8ta_,d.104.1.1,0.0,6,0.0,0,0.0,0,0.0,0.0
d2iiza_,d.58.4.14,0.3333333333333333,4,0.254902,52,0.0588235,52,0.0784313333333333,0.27450983333333334
d5fjqa_,b.1.18.0,0.0,0,0.109375,92,0.0,92,-0.109375,0.0
d1kc0a_,c.2.1.2,0.0,21,0.0,0,0.0,0,0.0,0.0
d2axoa1,c.47.1.19,0.0,6,0.0,0,0.0,0,0.0,0.0
d2czla1,c.94.1.1,0.0,13,0.0,0,0.0,0,0.0,0.0
d2arka1,c.23.5.8,0.0,0,0.971429,37,0.942857,37,-0.971429,-0.942857
d1s3za1,d.108.1.1,0.0,0,0.0,0,0.0,0,0.0,0.0
d1peqa2,c.7.1.2,0.0,3,0.0,0,0.0,0,0.0,0.0
d2x7ba_,d.108.1.0,0.0,4,0.0,0,0.0,0,0.0,0.0
d1qhba_,a.111.1.2,0.0,2,0.0,0,0.0,0,0.0,0.0
d6xyua_,c.69.1.1,0.0,18,0.0,0,0.0,0,0.0,0.0
d4ee9a_,c.1.8.0,0.0,13,0.3125,135,0.572917,135,-0.3125,-0.572917
d5eyfa_,c.94.1.0,0.0,12,0.0,0,0.0,0,0.0,0.0
d1v7mv_,a.26.1.2,0.0,2,0.0,0,0.0,0,0.0,0.0
d1m1za2,d.153.1.1,0.0,0,0.0333333,37,0.0,42,-0.0333333,0.0
d1ua7a2,c.1.8.1,0.0,8,0.231481,135,0.805556,135,-0.231481,-0.805556
d1u94a1,c.37.1.11,0.0,14,0.0,0,0.0,0,0.0,0.0
d1txga2,c.2.1.6,0.0,11,0.0,0,0.0,0,0.0,0.0
d2q62a_,c.23.5.4,0.0,2,0.882353,37,0.941176,37,-0.882353,-0.941176
d4wcza_,c.14.1.0,0.0,9,0.0,0,0.0,0,0.0,0.0
d3dona2,c.2.1.7,0.0,11,0.0,0,0.0,0,0.0,0.0
d3miza_,c.93.1.0,0.0,4,0.0,0,0.0,0,0.0,0.0
d1rmwa_,c.108.1.12,0.0,3,0.0,0,0.0,0,0.0,0.0
d4kd6a_,c.14.1.0,0.0,2,0.0,0,0.0,0,0.0,0.0
g1qqp.1,b.121.4.1,0.0,3,0.0,0,0.0,44,0.0,0.0
d2a65a1,f.54.1.1,0.0,6,0.0,0,0.0,0,0.0,0.0
d1px5a1,a.160.1.2,0.0,0,0.0,0,0.0,0,0.0,0.0
d6fsga_,c.23.5.0,0.0,0,0.954545,37,0.954545,37,-0.954545,-0.954545
d1uaaa1,c.37.1.19,0.0,10,0.0,0,0.0,0,0.0,0.0
d3l4ya4,b.150.1.0,0.0,0,0.0,0,0.0,0,0.0,0.0
d6u26b1,c.41.1.1,0.0,0,0.0,0,0.0,0,0.0,0.0
d1yf2a1,d.287.1.2,0.0,2,0.0,0,0.0,0,0.0,0.0
d2ih2a2,d.287.1.1,0.0,2,0.0,0,0.0,0,0.0,0.0
d1yu0a1,b.163.1.1,0.0,0,0.0,0,0.0,0,0.0,0.0
d3b9oa_,c.1.16.0,0.0,3,0.875,14,0.875,14,-0.875,-0.875
d2dpla1,c.26.2.0,0.0,0,0.481481,39,0.333333,39,-0.481481,-0.333333
d7cbra_,c.88.1.0,0.5,3,0.0,0,0.0,0,0.5,0.5
d1qzga_,b.40.4.3,0.0,2,0.185185,130,0.194444,130,-0.185185,-0.194444
d1lsha2,f.7.1.1,0.0,0,0.0,0,0.0,0,0.0,0.0
d2p9ba2,c.1.9.17,0.0,3,0.525424,60,0.915254,60,-0.525424,-0.915254
d1xova2,c.56.5.6,0.0,0,0.314286,36,0.0833333,37,-0.314286,-0.0833333
d4hyma2,d.14.1.0,0.0,2,0.0,0,0.0,0,0.0,0.0
d1n3ha_,b.55.1.2,0.0,0,0.118421,86,0.973684,86,-0.118421,-0.973684
d4arxa3,b.18.1.0,0.0,3,0.0,0,0.0,0,0.0,0.0
d2d2ea_,c.37.1.0,0.0,13,0.0,0,0.0,0,0.0,0.0
d4k4oa1,d.122.1.0,0.0,2,0.0,0,0.0,0,0.0,0.0
d1q2la2,d.185.1.1,0.0,0,0.0,0,0.0,0,0.0,0.0
d6xlra2,b.69.1.1,0.0,0,0.0,0,0.0,0,0.0,0.0
d5vbfa_,c.82.1.0,0.0,16,0.0,0,0.0,0,0.0,0.0
d1phka_,d.144.1.7,0.0,30,0.0,0,0.0,0,0.0,0.0
d2o0ma1,c.124.1.8,0.0,3,0.0,0,0.0,0,0.0,0.0
d1ej2a_,c.26.1.3,0.0,3,0.304348,53,0.23913,53,-0.304348,-0.23913
d4ylea_,c.93.1.0,0.0,8,0.0,0,0.0,0,0.0,0.0
d6jf8a_,d.167.1.0,0.5,5,0.0,0,0.0,0,0.5,0.5
d1l0wa3,d.104.1.1,0.0,5,0.0,0,0.0,0,0.0,0.0
d1p4da_,d.89.1.5,0.0,0,0.0,0,0.0,0,0.0,0.0
d5hk8a_,c.69.1.0,0.0,6,0.0,0,0.0,0,0.0,0.0
d2d7va1,d.227.1.1,0.0,0,0.0,0,0.0,0,0.0,0.0
d6ro0a_,d.166.1.1,0.0,5,0.0,0,0.0,0,0.0,0.0
d6uyba_,b.1.18.26,0.0,4,0.0,0,0.0,0,0.0,0.0
d3e9ua1,b.1.27.0,0.0,0,0.5,4,0.5,4,-0.5,-0.5
d1jiga_,a.25.1.1,0.0,3,0.575758,55,0.757576,55,-0.575758,-0.757576
d1vfga2,d.218.1.4,0.0,0,0.0,0,0.0,0,0.0,0.0
d1jpdx1,c.1.11.2,0.0,0,0.969697,43,0.969697,43,-0.969697,-0.969697
d1mswd_,e.8.1.3,0.0,5,0.0,0,0.0,0,0.0,0.0
d1m55a_,d.89.1.3,0.0,0,0.0,0,0.0,0,0.0,0.0
d1eq1a_,a.63.1.1,0.0,0,0.0,0,0.0,0,0.0,0.0
d5ysza2,c.93.1.0,0.0,9,0.0,0,0.0,0,0.0,0.0
d2hlja1,d.38.1.1,0.0,0,0.0,0,0.0,0,0.0,0.0
d3b8ma1,d.58.60.1,0.0,0,0.0,0,0.0,0,0.0,0.0
d1vc4a_,c.1.2.4,0.0,5,0.966667,39,0.966667,39,-0.966667,-0.966667
d1vdza1,c.37.1.11,0.0,15,0.0,0,0.0,0,0.0,0.0
d4i8ha_,b.47.1.2,0.07692307692307693,14,0.0,0,0.0,0,0.07692307692307693,0.07692307692307693
d4pbpa_,b.29.1.0,0.0,0,0.0,0,0.0,0,0.0,0.0
d7csha_,c.2.1.0,0.15384615384615385,14,0.0,0,0.0,0,0.15384615384615385,0.15384615384615385
d3gjua1,c.67.1.0,0.21739130434782608,24,0.980769,143,0.980769,143,-0.763377695652174,-0.763377695652174
d7la1a_,c.86.1.0,0.0,2,0.0,0,0.0,0,0.0,0.0
d1o94a3,c.4.1.1,0.0,0,0.0,0,0.0,0,0.0,0.0
g1qtn.1,c.17.1.1,0.0,2,0.0,0,0.0,0,0.0,0.0
d4bj0a1,b.18.1.14,0.0,2,0.0,0,0.0,0,0.0,0.0
d2f69a2,b.85.7.1,0.0,0,0.0,8,0.166667,8,0.0,-0.166667
d2b61a1,c.69.1.40,0.07142857142857142,15,0.0,0,0.0,0,0.07142857142857142,0.07142857142857142
d1qvia2,c.37.1.9,0.0,32,0.0,0,0.0,0,0.0,0.0
d1pv5a_,d.251.1.1,0.0,0,0.0,0,0.0,0,0.0,0.0
d3oo3a_,a.104.1.0,0.1111111111111111,19,0.0,0,0.0,0,0.1111111111111111,0.1111111111111111
d4rz9a_,a.118.30.1,0.0,0,0.0,0,0.0,0,0.0,0.0
d2hqsa1,b.68.4.1,0.0,0,0.0,0,0.0,0,0.0,0.0
d3aj6a1,b.42.2.1,0.0,2,0.875,19,0.875,19,-0.875,-0.875
d1fcha_,a.118.8.1,0.0,6,0.425,63,0.525,63,-0.425,-0.525
d1dkva5,b.14.1.0,0.0,0,0.0,0,0.0,0,0.0,0.0
d1pb7a_,c.94.1.1,0.0,17,0.0,0,0.0,0,0.0,0.0
d2uy2a_,c.1.8.0,0.16666666666666666,7,0.21875,135,0.447917,135,-0.05208333333333334,-0.2812503333333334
d1pp9a1,d.185.1.1,0.0,0,0.0,0,0.0,0,0.0,0.0
d3krva_,c.8.8.1,0.0,0,0.5,3,0.5,3,-0.5,-0.5
d1xkwa_,f.4.3.0,0.0,4,0.833333,18,0.916667,18,-0.833333,-0.916667
d4g2ea1,c.47.1.0,0.0,2,0.347368,215,0.242105,215,-0.347368,-0.242105
d1m3ya2,b.121.2.3,0.0,0,0.4,6,0.0,6,-0.4,0.0
d4l6ra2,a.24.3.1,0.0,2,0.0,9,0.0,9,0.0,0.0
d6r77a_,d.21.1.0,0.0,3,0.0,0,0.0,0,0.0,0.0
d2dy1a2,c.37.1.8,0.0,8,0.0,0,0.0,0,0.0,0.0
d2bvfa2,d.58.32.5,0.0,0,0.0,0,0.0,0,0.0,0.0
d2p5zx2,b.106.1.1,0.0,0,0.0,0,0.0,0,0.0,0.0
d5zw7a2,a.29.3.0,0.0,0,0.75,19,0.75,19,-0.75,-0.75
d1kcxa1,b.92.1.3,0.0,0,0.0,0,0.0,0,0.0,0.0
d4cu7a3,c.1.8.3,0.0,4,0.271028,135,0.579439,135,-0.271028,-0.579439
d1vhua_,c.50.1.2,0.0,0,0.0,0,0.0,0,0.0,0.0
d1jhda2,c.26.1.5,0.5,5,0.403846,53,0.192308,53,0.09615400000000002,0.30769199999999997
d1d2ta_,a.111.1.1,0.0,0,0.0,0,0.0,0,0.0,0.0
d1qnxa1,d.111.1.1,0.0,0,0.0,0,0.0,0,0.0,0.0
d1moqa_,c.80.1.1,0.0,4,0.0,0,0.0,0,0.0,0.0
d2hjsa2,d.81.1.1,0.0,2,0.181818,30,0.0,30,-0.181818,0.0
d1j1ia_,c.69.1.10,0.0,11,0.0,0,0.0,0,0.0,0.0
d6j2ya1,b.88.1.0,0.0,0,0.333333,7,0.333333,7,-0.333333,-0.333333
d5fpwb_,d.3.1.0,0.25,5,0.0,0,0.0,0,0.25,0.25
d3ii7a_,b.68.11.0,0.0,0,0.5,4,0.5,4,-0.5,-0.5
g1w2w.1,c.124.1.5,0.0,6,0.0,0,0.0,0,0.0,0.0
d1n52a1,a.118.1.14,0.0,4,0.313725,59,0.27451,59,-0.313725,-0.27451
d1t3ta7,d.139.1.1,0.0,0,0.0,0,0.0,0,0.0,0.0
d3c5ca_,c.37.1.0,0.0,8,0.0,0,0.0,0,0.0,0.0
d4aana2,a.3.1.0,0.0,2,0.0,0,0.0,0,0.0,0.0
d3iija1,c.37.1.1,0.2,6,0.0,0,0.0,0,0.2,0.2
d4dwra1,d.261.1.1,0.0,0,0.0,0,0.0,0,0.0,0.0
d3h5oa1,c.93.1.0,0.0,6,0.0,0,0.0,0,0.0,0.0
d3t6em_,f.26.1.1,0.0,3,0.0,0,0.0,0,0.0,0.0
d3od4a_,b.82.2.6,0.0,4,0.0,0,0.0,0,0.0,0.0
d4wesb_,c.92.2.3,0.0,4,0.142857,38,0.0285714,38,-0.142857,-0.0285714
d5jkja_,c.69.1.0,0.0,18,0.0,0,0.0,0,0.0,0.0
d3lmka_,c.93.1.1,0.0,7,0.0,0,0.0,0,0.0,0.0
d2fwmx_,c.2.1.0,0.0,20,0.0,0,0.0,0,0.0,0.0
d2fzfa1,a.25.1.1,0.0,0,0.515152,55,0.818182,55,-0.515152,-0.818182
d1ii2a2,c.109.1.1,0.0,2,0.0,0,0.0,0,0.0,0.0
d4e6pa_,c.2.1.2,0.0,12,0.0,0,0.0,0,0.0,0.0
d1k8fa_,b.80.5.1,0.0,0,0.5,3,0.5,3,-0.5,-0.5
d4qqwa1,a.211.1.7,0.0,2,0.0,0,0.0,0,0.0,0.0
d1jl5a_,c.10.2.6,0.0,9,0.0,0,0.0,0,0.0,0.0
d2bjfa_,d.153.1.0,0.0,6,0.107143,37,0.0,42,-0.107143,0.0
d2fcka1,d.108.1.1,0.0,5,0.0,0,0.0,0,0.0,0.0
d2g7za1,c.119.1.0,0.0,5,0.0,0,0.0,0,0.0,0.0
d1tc5a1,c.110.1.1,1.0,3,0.0,0,0.0,0,1.0,1.0
d1ib2a_,a.118.1.8,0.0,7,0.0,0,0.0,0,0.0,0.0
d4jxua_,e.17.1.0,0.0,0,0.0,0,0.0,0,0.0,0.0
d2nw8a_,a.266.1.0,0.0,0,0.0,0,0.0,0,0.0,0.0
d1cmwa5,c.120.1.2,0.0,0,0.0,0,0.0,0,0.0,0.0
d7kqaa1,c.80.1.0,0.0,2,0.0,0,0.0,0,0.0,0.0
d1mwfa1,c.1.5.1,0.0,2,0.666667,4,0.666667,4,-0.666667,-0.666667
d6pzna1,c.2.1.0,0.037037037037037035,28,0.0,0,0.0,0,0.037037037037037035,0.037037037037037035
d2yrba1,b.7.1.1,0.0,2,0.736842,28,0.842105,28,-0.736842,-0.842105
d5vi6a_,c.42.1.2,0.0,6,0.0,0,0.0,0,0.0,0.0
d3td9a_,c.93.1.0,0.0,6,0.0,0,0.0,0,0.0,0.0
d1bg1a2,b.2.5.5,0.0,0,0.2,11,0.1,11,-0.2,-0.1
d2grrb_,a.118.12.1,0.0,0,0.0,0,0.0,0,0.0,0.0
d2pcja_,c.37.1.0,0.0,8,0.0,0,0.0,0,0.0,0.0
d1yzfa1,c.23.10.5,0.0,0,0.894737,20,0.894737,20,-0.894737,-0.894737
d6d9ya1,c.2.1.0,0.0,35,0.0,0,0.0,0,0.0,0.0
d2ilka_,a.26.1.3,0.0,0,0.0,0,0.0,0,0.0,0.0
d3nfta_,a.250.1.1,0.0,2,0.0,0,0.0,0,0.0,0.0
d3c98a_,e.25.1.1,0.0,0,0.0,0,0.0,0,0.0,0.0
d1w6ua_,c.2.1.2,0.0,16,0.0,0,0.0,0,0.0,0.0
d1iuqa1,c.112.1.1,0.0,0,0.0,0,0.0,0,0.0,0.0
d1puia_,c.37.1.8,0.0,11,0.0,0,0.0,0,0.0,0.0
d3hdua_,d.38.1.0,0.0,2,0.0,0,0.0,0,0.0,0.0
d2zxda1,c.1.8.11,0.0,6,0.0,0,0.0,0,0.0,0.0
d1gcia_,c.41.1.1,0.0,0,0.0,0,0.0,0,0.0,0.0
d1nfga2,c.1.9.6,0.0,6,0.636364,60,0.945455,60,-0.636364,-0.945455
d4ogca2,d.4.1.8,0.0,0,0.0,0,0.0,0,0.0,0.0
d3jb9x3,c.37.1.19,0.0,25,0.0,0,0.0,0,0.0,0.0
d1kjna_,c.115.1.1,0.0,0,0.0,0,0.0,0,0.0,0.0
d5x7ka_,c.37.1.0,0.0,15,0.0,0,0.0,0,0.0,0.0
d1mvha_,b.85.7.1,0.3333333333333333,4,0.333333,8,0.333333,8,3.3333333332441484e-7,3.3333333332441484e-7
d1elva1,b.47.1.2,0.0,4,0.0,0,0.0,0,0.0,0.0
d2oo8x_,d.144.1.7,0.1,21,0.0,0,0.0,0,0.1,0.1
d2vcna_,a.93.1.1,0.0,0,0.0,0,0.0,0,0.0,0.0
d2fr1a2,c.2.1.2,0.0,9,0.0,0,0.0,0,0.0,0.0
d3jv9a_,c.94.1.0,0.0,9,0.0,0,0.0,0,0.0,0.0
d2bjia_,e.7.1.1,0.16666666666666666,7,0.0,0,0.0,0,0.16666666666666666,0.16666666666666666
d3ef8a1,d.17.4.28,0.0,2,0.930556,76,0.958333,76,-0.930556,-0.958333
d6q6na1,b.71.1.2,0.0,2,0.0,0,0.0,0,0.0,0.0
d1s6ya1,c.2.1.5,0.0,6,0.0,0,0.0,0,0.0,0.0
d4ydea_,a.118.6.0,0.5,3,0.666667,5,0.666667,5,-0.166667,-0.166667
d3osxa1,c.8.5.1,0.0,0,0.0,0,0.0,0,0.0,0.0
d6n36a_,d.157.1.0,0.0,5,0.0,0,0.0,0,0.0,0.0
d1rcqa2,c.1.6.1,0.0,2,0.5,10,0.5,10,-0.5,-0.5
d2b3ya2,c.83.1.1,0.0,2,0.0,0,0.0,0,0.0,0.0
d5yx6a_,c.123.1.0,0.0,3,0.0,0,0.0,0,0.0,0.0
d3gp6a1,f.4.1.2,0.0,0,0.0,0,0.0,0,0.0,0.0
d1gsaa2,d.142.1.1,0.0,2,0.785714,29,0.821429,29,-0.785714,-0.821429
d3bjaa1,a.4.5.0,0.0,4,0.393258,252,0.235955,252,-0.393258,-0.235955
d4a64a1,a.118.17.0,0.0,0,0.25,6,0.5,6,-0.25,-0.5
d1q2la1,d.185.1.1,0.0,2,0.0,0,0.0,0,0.0,0.0
d1jtaa_,b.80.1.1,0.0,3,0.894737,22,0.894737,22,-0.894737,-0.894737
d5kycb_,d.3.1.9,0.0,3,0.0,0,0.0,0,0.0,0.0
d4v03a_,c.37.1.0,0.0,10,0.0,0,0.0,0,0.0,0.0
d5dvha_,b.42.4.0,0.0,0,0.857143,17,0.75,18,-0.857143,-0.75
d1kbva2,b.6.1.3,0.0,3,0.805556,51,0.540541,52,-0.805556,-0.540541
d1muga_,c.18.1.2,0.0,0,0.0,0,0.0,0,0.0,0.0
d3r9va_,a.250.1.1,0.0,2,0.0,0,0.0,0,0.0,0.0
d6vk6a_,a.25.1.2,0.0,2,0.0666667,55,0.0444444,55,-0.0666667,-0.0444444
d2hdoa1,c.108.1.6,0.0,5,0.0,0,0.0,0,0.0,0.0
d2pofa1,d.13.1.4,0.0,2,0.0,0,0.0,0,0.0,0.0
d4bofa_,d.126.1.0,0.4,6,0.0,0,0.0,0,0.4,0.4
d3efba1,c.124.1.8,0.0,3,0.0,0,0.0,0,0.0,0.0
d3fbka_,b.7.1.0,0.0,0,0.75,28,0.85,28,-0.75,-0.85
d1fita_,d.13.1.1,0.0,0,0.866667,18,0.866667,18,-0.866667,-0.866667
d1hhsa_,e.8.1.6,0.0,4,0.0,0,0.0,0,0.0,0.0
d1rm6b2,d.145.1.3,0.0,2,0.0,0,0.0,0,0.0,0.0
d3zq5a3,d.110.2.0,0.0,0,0.454545,21,0.0,21,-0.454545,0.0
d2os0a1,d.167.1.1,0.0,2,0.0,0,0.0,0,0.0,0.0
d1khya_,a.174.1.1,0.0,0,0.0,0,0.0,0,0.0,0.0
d3qpaa_,c.69.1.30,0.0,4,0.0,0,0.0,0,0.0,0.0
d2uwaa_,b.29.1.0,0.0,3,0.0,0,0.0,0,0.0,0.0
d1gm5a2,b.40.4.9,0.0,4,0.0,0,0.0,0,0.0,0.0
d2kcqa1,c.97.3.1,0.0,0,0.5,6,0.5,6,-0.5,-0.5
d3nuaa1,d.143.1.0,0.0,0,0.0,0,0.0,0,0.0,0.0
d2b1ka_,c.47.1.10,0.0,2,0.479381,215,0.541237,215,-0.479381,-0.541237
d3nx3a_,c.67.1.0,0.10344827586206896,30,0.980769,143,0.980769,143,-0.877320724137931,-0.877320724137931
d1odka_,c.56.2.1,0.0,3,0.9,20,0.9,20,-0.9,-0.9
d6v6fb_,a.116.1.2,0.0,0,0.0,0,0.0,0,0.0,0.0
d1rh9a1,c.1.8.3,0.0,10,0.747664,135,0.785047,135,-0.747664,-0.785047
d4fhrb1,a.118.14.1,0.0,0,0.0,0,0.0,0,0.0,0.0
d1y7wa_,b.74.1.0,0.0,0,0.0,0,0.0,0,0.0,0.0
d1xtma_,b.1.8.0,0.0,0,0.8,6,0.8,6,-0.8,-0.8
d1ga6a_,c.41.1.2,0.0,0,0.0,0,0.0,0,0.0,0.0
d2vzsa5,c.1.8.3,0.0,8,0.186916,135,0.411215,135,-0.186916,-0.411215
d1nw7a_,c.66.1.11,0.0,5,0.0,0,0.0,0,0.0,0.0
d1irxa1,a.97.1.2,0.0,0,0.0,0,0.0,0,0.0,0.0
d4pj3a4,c.37.1.19,0.0,14,0.0,0,0.0,0,0.0,0.0
d4gvxa_,c.2.1.0,0.0,17,0.0,0,0.0,0,0.0,0.0
d1dzka_,b.60.1.1,0.0,3,0.0,0,0.0,0,0.0,0.0
d1fjgb_,c.23.15.1,0.0,0,0.0,0,0.0,0,0.0,0.0
d4jhta_,b.82.2.10,0.0,2,0.560976,42,0.146341,42,-0.560976,-0.146341
d4zwva1,c.67.1.0,0.0,11,0.980769,143,0.980769,143,-0.980769,-0.980769
d1jdwa_,d.126.1.2,0.0,2,0.0,0,0.0,0,0.0,0.0
d1x9na2,b.40.4.6,0.0,2,0.056,130,0.0,130,-0.056,0.0
d1g5ta_,c.37.1.11,0.0,10,0.0,0,0.0,0,0.0,0.0
d3hbca1,d.153.1.0,0.0,0,0.321429,37,0.0,42,-0.321429,0.0
d1q16b_,d.58.1.5,0.0,0,0.153846,24,0.769231,24,-0.153846,-0.769231
d2voua1,c.3.1.2,0.0,5,0.0,0,0.0,0,0.0,0.0
d7b1sb2,a.89.1.0,0.0,0,0.0,0,0.0,0,0.0,0.0
d5gxda_,e.23.1.0,0.0,11,0.0,0,0.0,0,0.0,0.0
d3hhya_,b.3.6.0,0.0,0,0.666667,4,0.666667,4,-0.666667,-0.666667
d7kz9a_,c.94.1.0,0.0,24,0.0,0,0.0,0,0.0,0.0
d2xfaa_,d.109.1.0,0.0,2,0.866667,24,0.8,24,-0.866667,-0.8
d1u04a3,c.44.3.1,0.0,2,0.5,6,0.0,6,-0.5,0.0
d4futa_,e.23.1.0,0.0,8,0.0,0,0.0,0,0.0,0.0
d1h97a_,a.1.1.2,0.0,2,0.69697,57,0.969697,57,-0.69697,-0.969697
d3o38a_,c.2.1.0,0.0,26,0.0,0,0.0,0,0.0,0.0
d2mjha_,d.51.1.1,0.0,2,0.0,0,0.0,0,0.0,0.0
d1qhna_,c.37.1.3,0.0,13,0.0,0,0.0,0,0.0,0.0
d1vhsa1,d.108.1.1,0.0,4,0.0,0,0.0,0,0.0,0.0
d1x0ca2,b.80.1.0,0.0,2,0.789474,22,0.894737,22,-0.789474,-0.894737
d1yb1a_,c.2.1.2,0.0,14,0.0,0,0.0,0,0.0,0.0
d1g3qa_,c.37.1.10,0.0,12,0.0,0,0.0,0,0.0,0.0
d2vc3a_,d.165.1.1,0.0,4,0.0,0,0.0,0,0.0,0.0
d3d8ba_,c.37.1.0,0.0,16,0.0,0,0.0,0,0.0,0.0
d1f45b_,a.26.1.1,0.0,0,0.0,0,0.0,0,0.0,0.0
d4c2mb_,e.29.1.1,0.0,7,0.0,0,0.0,0,0.0,0.0
d1ln1a_,d.129.3.2,0.0,0,0.675,42,0.8,42,-0.675,-0.8
d3op6a_,d.116.1.0,0.0,0,0.0,0,0.0,0,0.0,0.0
d1kxla_,b.40.4.3,0.0,0,0.148148,130,0.12037,130,-0.148148,-0.12037
d6yac3_,f.43.1.0,0.0,3,0.0,0,0.0,0,0.0,0.0
d1xhca1,c.3.1.5,0.0,3,0.0,0,0.0,0,0.0,0.0
d2dpya2,c.37.1.11,0.0,14,0.0,0,0.0,0,0.0,0.0
d3dnua_,d.144.1.7,0.0,16,0.0,0,0.0,0,0.0,0.0
d1zoda_,c.67.1.4,0.038461538461538464,27,0.992366,143,0.992366,143,-0.9539044615384615,-0.9539044615384615
d1eeja1,c.47.1.9,0.0,2,0.476636,215,0.242991,215,-0.476636,-0.242991
d3r3ra1,b.81.1.0,0.0,2,0.846154,24,0.846154,24,-0.846154,-0.846154
d6lw3a_,c.55.3.6,0.0,2,0.133333,61,0.0833333,61,-0.133333,-0.0833333
d2apja1,c.23.10.7,0.0,0,0.736842,20,0.210526,20,-0.736842,-0.210526
d1o59a2,b.18.1.22,0.0,3,0.0,0,0.0,0,0.0,0.0
d3iwza1,b.82.3.0,0.0,0,0.933333,31,0.933333,31,-0.933333,-0.933333
d3jbra4,f.14.1.2,0.0,11,0.222222,13,0.444444,13,-0.222222,-0.444444
d1lrva_,a.118.1.5,0.0,2,0.0,0,0.0,0,0.0,0.0
d1fxoa_,c.68.1.6,0.0,2,0.0,0,0.0,0,0.0,0.0
d3qk9a_,d.17.4.13,0.0,3,0.72,76,0.893333,76,-0.72,-0.893333
d2csba5,a.267.1.1,0.0,0,0.0,0,0.0,0,0.0,0.0
d2nrqa1,d.77.1.2,0.0,0,0.0,0,0.0,0,0.0,0.0
d1u8va1,a.29.3.1,0.0,3,0.666667,19,0.733333,19,-0.666667,-0.733333
d6igga1,b.17.1.0,0.0,0,0.0,0,0.0,0,0.0,0.0
d1v0wa1,d.136.1.2,0.0,0,0.0,0,0.0,0,0.0,0.0
d4m0wa2,d.3.1.23,0.0,3,0.0,0,0.0,0,0.0,0.0
d2bk9a_,a.1.1.0,0.0,2,0.944444,57,0.972222,57,-0.944444,-0.972222
d4m82a_,c.1.8.3,0.0,16,0.383178,135,0.53271,135,-0.383178,-0.53271
d1tvga_,b.18.1.9,0.0,4,0.0,0,0.0,0,0.0,0.0
d4po5a1,a.1.1.0,0.0,0,0.777778,57,0.888889,57,-0.777778,-0.888889
d4d9ba_,c.79.1.0,0.4,6,0.0,0,0.0,0,0.4,0.4
d5nula_,c.23.5.1,0.0,3,0.967742,37,0.935484,37,-0.967742,-0.935484
d2wzka1,a.118.17.0,0.0,0,0.75,6,0.5,6,-0.75,-0.5
d1ou5a2,d.218.1.4,0.0,2,0.0,0,0.0,0,0.0,0.0
d2ei9a_,d.151.1.0,0.0,2,0.0,0,0.0,0,0.0,0.0
d6i1ha1,e.3.1.0,0.0,6,0.0,0,0.0,0,0.0,0.0
d1pz7a_,b.29.1.4,0.0,2,0.0,0,0.0,0,0.0,0.0
d1k4za_,b.80.5.1,0.0,0,0.5,3,0.5,3,-0.5,-0.5
d1wtja_,c.122.1.0,0.0,2,0.0,0,0.0,0,0.0,0.0
d1nu0a_,c.55.3.8,0.0,3,0.152542,61,0.0677966,61,-0.152542,-0.0677966
d1cjwa_,d.108.1.1,0.0,2,0.0,0,0.0,0,0.0,0.0
d3tlfa_,c.14.1.0,0.0,8,0.0,0,0.0,0,0.0,0.0
d1sc6a1,c.2.1.4,0.0,10,0.0,0,0.0,0,0.0,0.0
d6gkea_,b.68.8.1,0.0,0,0.0,0,0.0,0,0.0,0.0
d2b0va1,d.113.1.1,0.0,0,0.0,0,0.0,0,0.0,0.0
d2xxja2,d.162.1.0,0.0,4,0.0,0,0.0,0,0.0,0.0
d4powa_,c.94.1.0,0.0,13,0.0,0,0.0,0,0.0,0.0
d2iz2a1,a.123.1.0,0.5,3,0.0,0,0.0,0,0.5,0.5
d3defa_,c.37.1.8,0.0,11,0.0,0,0.0,0,0.0,0.0
d4igia_,c.62.1.0,0.0,0,0.0,0,0.0,0,0.0,0.0
d1uuqa_,c.1.8.3,0.0,10,0.682243,135,0.850467,135,-0.682243,-0.850467
d1e9ga_,b.40.5.1,0.0,0,0.0,0,0.0,0,0.0,0.0
d1hqz1_,d.109.1.2,0.0,0,0.833333,24,0.944444,24,-0.833333,-0.944444
d1xfja_,d.194.1.2,0.0,2,0.0,0,0.0,0,0.0,0.0
d4ci9a1,c.69.1.5,0.0,17,0.0,0,0.0,0,0.0,0.0
d2i06a_,e.2.1.1,0.0,0,0.0,0,0.0,0,0.0,0.0
d3vvma_,c.69.1.0,0.0,18,0.0,0,0.0,0,0.0,0.0
d3fr7a1,c.2.1.0,0.0,19,0.0,0,0.0,0,0.0,0.0
d2jifa1,e.6.1.0,0.0,2,0.0,0,0.0,0,0.0,0.0
d1tzpa_,d.65.1.3,0.0,0,0.0,0,0.0,0,0.0,0.0
d4ld8a1,b.31.1.1,0.0,0,0.0,0,0.0,0,0.0,0.0
d1q8fa_,c.70.1.1,0.4,6,0.0,0,0.0,0,0.4,0.4
d5uv4a_,d.144.1.0,0.0,7,0.0,0,0.0,0,0.0,0.0
d1q25a2,b.64.1.1,0.0,0,0.0,0,0.0,0,0.0,0.0
d3p0ba1,c.6.2.4,0.0,3,0.8125,17,0.176471,18,-0.8125,-0.176471
d4jcsa1,c.14.1.0,0.0,13,0.0,0,0.0,0,0.0,0.0
d6n4la_,c.37.1.10,0.0,15,0.0,0,0.0,0,0.0,0.0
d3ddja1,d.37.1.1,0.0,3,0.0,0,0.0,0,0.0,0.0
d4oo8a4,e.80.1.1,0.0,0,0.0,0,0.0,0,0.0,0.0
d1sbqa_,c.124.1.6,0.0,2,0.0,0,0.0,0,0.0,0.0
d1snna_,d.115.1.2,0.0,0,0.0,0,0.0,0,0.0,0.0
d2x23a_,c.2.1.2,0.0,20,0.0,0,0.0,0,0.0,0.0
d6id0n_,g.99.1.1,0.0,0,0.0,0,0.0,0,0.0,0.0
d2ddha2,a.29.3.2,0.0,3,0.277778,19,0.111111,19,-0.277778,-0.111111
d3f31a_,a.7.1.0,0.0,0,0.0,0,0.0,0,0.0,0.0
d3epua_,d.198.1.0,0.0,0,0.0,0,0.0,0,0.0,0.0
d3tnla2,c.2.1.0,0.0,7,0.0,0,0.0,0,0.0,0.0
d1gwea_,e.5.1.1,0.0,3,0.0,0,0.0,0,0.0,0.0
d3ksna_,b.125.1.1,0.0,0,0.0,0,0.0,0,0.0,0.0
d1fqia_,a.91.1.1,0.0,0,0.0,0,0.0,0,0.0,0.0
d2gm6a_,b.82.1.19,0.0,2,0.765625,65,0.984375,65,-0.765625,-0.984375
d3n2ta_,c.1.7.0,0.0,3,0.875,19,0.875,19,-0.875,-0.875
d6gvda1,b.30.5.0,0.0,3,0.391304,26,0.0,27,-0.391304,0.0
d3tpfa2,c.78.1.0,0.0,2,0.571429,21,0.571429,21,-0.571429,-0.571429
d2gc6a2,c.72.2.2,0.0,2,0.857143,8,0.857143,8,-0.857143,-0.857143
d2f4wa1,d.20.1.1,0.0,2,0.0,0,0.0,0,0.0,0.0
d4pw0a_,c.69.1.0,0.0,3,0.0,0,0.0,0,0.0,0.0
d1htjf_,a.91.1.1,0.0,0,0.0,0,0.0,0,0.0,0.0
d2yoga_,c.37.1.0,0.0,14,0.0,0,0.0,0,0.0,0.0
d5uroa1,c.69.1.0,0.0,19,0.0,0,0.0,0,0.0,0.0
d6ct00_,c.43.1.0,0.0,3,0.0,0,0.0,0,0.0,0.0
d5dgja1,b.47.1.4,0.0,3,0.0,0,0.0,0,0.0,0.0
d2i4ia3,c.37.1.0,0.0,16,0.0,0,0.0,0,0.0,0.0
d6ehba_,f.4.3.0,0.0,3,0.916667,18,0.916667,18,-0.916667,-0.916667
d3bbda1,c.116.1.6,0.0,2,0.0,0,0.0,0,0.0,0.0
d5chta1,d.3.1.0,0.0,3,0.0,0,0.0,0,0.0,0.0
d1dl5a1,c.66.1.7,0.0,8,0.0,0,0.0,0,0.0,0.0
d1kkha1,d.14.1.5,0.0,4,0.0,0,0.0,0,0.0,0.0
d3ja821,b.40.4.11,0.0,5,0.298387,130,0.185484,130,-0.298387,-0.185484
d2dcfa1,e.3.1.1,0.0,4,0.0,0,0.0,0,0.0,0.0
d4uhca1,c.69.1.0,0.0,11,0.0,0,0.0,0,0.0,0.0
d1ogmx2,b.80.1.10,0.0,7,0.0,0,0.0,0,0.0,0.0
d3delb1,c.94.1.0,0.0,9,0.0,0,0.0,0,0.0,0.0
d5id6a1,c.55.3.18,0.0,3,0.0,0,0.0,0,0.0,0.0
d3b7ya_,b.7.1.0,0.0,2,0.8,28,0.85,28,-0.8,-0.85
d3pvtb1,a.25.1.2,0.0,3,0.133333,55,0.822222,55,-0.133333,-0.822222
d2yc4c_,c.37.1.0,0.0,7,0.0,0,0.0,0,0.0,0.0
d1uwwa_,b.18.1.23,0.0,2,0.0,0,0.0,0,0.0,0.0
d3ec6a_,b.45.1.0,0.0,0,0.862069,46,0.896552,46,-0.862069,-0.896552
d1r1ma_,d.79.7.1,0.0,0,0.875,9,0.875,9,-0.875,-0.875
d3hhpa1,c.2.1.0,0.0,10,0.0,0,0.0,0,0.0,0.0
d5braa_,c.93.1.0,0.0,14,0.0,0,0.0,0,0.0,0.0
d1x1oa2,c.1.17.0,0.0,0,0.625,10,0.75,10,-0.625,-0.75
d1wdva_,d.116.1.1,0.0,0,0.0,0,0.0,0,0.0,0.0
d2dzna_,d.211.1.1,0.0,6,0.928571,32,0.928571,32,-0.928571,-0.928571
d1rxda_,c.45.1.1,0.0,2,0.0,0,0.0,0,0.0,0.0
d2qyha_,c.108.1.0,0.25,5,0.0,0,0.0,0,0.25,0.25
d6hn3a1,c.47.1.0,0.4,6,0.347368,215,0.589474,215,0.05263200000000001,-0.18947400000000003
d3sqza1,c.95.1.0,0.0,2,0.0,0,0.0,0,0.0,0.0
d4aqla2,c.1.9.9,0.0,6,0.719298,60,0.947368,60,-0.719298,-0.947368
d3b8la1,d.17.4.28,0.0,0,0.930556,76,0.958333,76,-0.930556,-0.958333
d2az4a1,d.157.1.10,0.0,2,0.0,0,0.0,0,0.0,0.0
d1jy5a_,d.124.1.1,0.0,3,0.0,0,0.0,0,0.0,0.0
d1ca1a1,a.124.1.1,0.0,0,0.0,0,0.0,0,0.0,0.0
d2je8a5,c.1.8.3,0.0,9,0.28972,135,0.542056,135,-0.28972,-0.542056
d2czca1,d.81.1.1,0.0,0,0.227273,30,0.0,30,-0.227273,0.0
d1wdka4,c.14.1.3,0.0,11,0.0,0,0.0,0,0.0,0.0
d1zuna1,c.26.2.2,0.0,4,0.210526,39,0.0263158,39,-0.210526,-0.0263158
d5t9ce_,c.1.18.0,0.5,5,0.625,16,0.5,16,-0.125,0.0
d5e6za2,c.1.8.1,0.0,9,0.407407,135,0.888889,135,-0.407407,-0.888889
d1pxza_,b.80.1.1,0.0,2,0.842105,22,0.894737,22,-0.842105,-0.894737
d3mi01_,d.153.1.4,0.0,3,0.347826,37,0.214286,42,-0.347826,-0.214286
d1wyub_,c.67.1.7,0.0,27,0.992958,143,0.992958,143,-0.992958,-0.992958
d2g80a1,c.108.1.22,0.0,2,0.0,0,0.0,0,0.0,0.0
d1jnrb_,d.58.1.5,0.0,0,0.384615,24,0.769231,24,-0.384615,-0.769231
d1niga_,a.25.2.1,0.0,0,0.0,0,0.0,0,0.0,0.0
d1vf8a1,c.1.8.5,0.25,13,0.552846,135,0.626016,135,-0.30284599999999995,-0.376016
d3g85a_,c.93.1.0,0.0,8,0.0,0,0.0,0,0.0,0.0
d2dx6a_,c.50.1.0,0.0,0,0.0,0,0.0,0,0.0,0.0
d1ub3a_,c.1.10.1,0.0,9,0.822222,65,0.933333,65,-0.822222,-0.933333
d5ofka1,c.1.8.0,0.2727272727272727,12,0.520833,135,0.552083,135,-0.24810572727272728,-0.2793557272727273
d2bkra_,d.3.1.7,0.0,2,0.0,0,0.0,0,0.0,0.0
d3n0xa_,c.93.1.0,0.09090909090909091,12,0.0,0,0.0,0,0.09090909090909091,0.09090909090909091
d5le5d_,d.153.1.4,0.0,5,0.304348,37,0.25,42,-0.304348,-0.25
d3t6eh2,b.41.1.1,0.0,0,0.0,0,0.0,0,0.0,0.0
d7niya_,d.90.1.1,0.0,2,0.0,0,0.0,0,0.0,0.0
d3sgha_,a.118.8.0,0.0,8,0.116279,63,0.0697674,63,-0.116279,-0.0697674
d1wzna1,c.66.1.43,0.0,11,0.0,0,0.0,0,0.0,0.0
d2fhpa1,c.66.1.46,0.0,4,0.0,0,0.0,0,0.0,0.0
d1wc1a_,d.58.29.1,0.0,2,0.9,13,0.9,13,-0.9,-0.9
d3qvqa_,c.1.18.0,0.0,2,0.75,16,0.5,16,-0.75,-0.5
d3aiaa1,c.116.1.0,0.0,0,0.0,0,0.0,0,0.0,0.0
d3o4wa2,c.55.1.0,0.0,2,0.275862,102,0.258621,102,-0.275862,-0.258621
d3tb6a_,c.93.1.0,0.0,15,0.0,0,0.0,0,0.0,0.0
d4hnoa1,c.1.15.0,0.0,2,0.909091,13,0.909091,13,-0.909091,-0.909091
d2fyia1,c.94.1.1,0.0,8,0.0,0,0.0,0,0.0,0.0
d6v7na1,c.69.1.6,0.0,8,0.0,0,0.0,0,0.0,0.0
d1a41a_,d.163.1.2,0.0,0,0.0,0,0.0,0,0.0,0.0
d3bzwa1,c.23.10.9,0.0,0,0.894737,20,0.894737,20,-0.894737,-0.894737
d5c40a1,c.72.1.1,0.0,3,0.953488,51,0.976744,51,-0.953488,-0.976744
d2r42a1,d.14.1.5,0.0,2,0.0,0,0.0,0,0.0,0.0
d1ntya1,a.87.1.1,0.0,0,0.0,0,0.0,0,0.0,0.0
d1o97d1,c.26.2.3,0.0,0,0.0285714,39,0.0285714,39,-0.0285714,-0.0285714
d2brxa1,c.73.1.3,0.0,2,0.0,0,0.0,0,0.0,0.0
d2es4d1,a.137.15.1,0.0,0,0.0,0,0.0,0,0.0,0.0
d6z3ta_,f.41.1.0,0.0,3,0.0,0,0.0,0,0.0,0.0
d1bwda_,d.126.1.2,0.0,3,0.0,0,0.0,0,0.0,0.0
d1txda1,a.87.1.1,0.0,0,0.0,0,0.0,0,0.0,0.0
d1l5xa1,c.106.1.1,0.0,2,0.0,0,0.0,0,0.0,0.0
d6b8sa1,c.1.4.0,0.75,5,0.9,27,0.95,27,-0.15000000000000002,-0.19999999999999996
d2ovrb2,b.69.4.1,0.328125,65,0.615385,28,0.692308,28,-0.28725999999999996,-0.36418300000000003
d1mkfa_,b.116.1.1,0.0,0,0.0,0,0.0,0,0.0,0.0
d1gwya_,b.97.1.1,0.0,0,0.0,0,0.0,0,0.0,0.0
d5heka_,c.66.1.0,0.0,4,0.0,0,0.0,0,0.0,0.0
d3iu1a1,d.108.1.0,0.0,0,0.0,0,0.0,0,0.0,0.0
d1yhta1,c.1.8.6,0.0,5,0.416667,135,0.765152,135,-0.416667,-0.765152
d2fjca1,a.25.1.1,0.0,2,0.424242,55,0.757576,55,-0.424242,-0.757576
d2fbna1,a.118.8.1,0.0,2,0.475,63,0.475,63,-0.475,-0.475
d5ffxa_,a.4.5.0,0.0,2,0.544944,252,0.359551,252,-0.544944,-0.359551
d1yt8a3,c.46.1.2,0.0,0,0.0,0,0.0,0,0.0,0.0
d4iuya_,c.2.1.0,0.0,14,0.0,0,0.0,0,0.0,0.0
d3qdla_,d.90.1.0,0.0,3,0.0,0,0.0,0,0.0,0.0
d2c61a1,c.37.1.0,0.0,13,0.0,0,0.0,0,0.0,0.0
d4zo2a_,d.157.1.0,0.2,6,0.0,0,0.0,0,0.2,0.2
d1bcoa2,c.55.3.3,0.0,0,0.0,0,0.0,0,0.0,0.0
d1xdza1,c.66.1.20,0.0,7,0.0,0,0.0,0,0.0,0.0
d4gwka1,c.2.1.0,0.0,9,0.0,0,0.0,0,0.0,0.0
d6t6ka2,d.17.4.0,0.0,2,0.910714,76,0.964286,76,-0.910714,-0.964286
d1ea5a_,c.69.1.1,0.043478260869565216,24,0.0,0,0.0,0,0.043478260869565216,0.043478260869565216
d1xfda1,b.70.3.1,0.0,3,0.0,0,0.0,0,0.0,0.0
d2pcsa1,d.129.3.10,0.0,0,0.878049,42,0.804878,42,-0.878049,-0.804878
d5nh6a_,c.1.15.0,0.0,2,0.909091,13,0.909091,13,-0.909091,-0.909091
d3qfma_,d.159.1.0,0.0,2,0.0,0,0.0,0,0.0,0.0
d1re9a_,a.104.1.1,0.0,10,0.0,0,0.0,0,0.0,0.0
d1wf3a1,c.37.1.8,0.0,9,0.0,0,0.0,0,0.0,0.0
d1iyjb2,a.171.1.1,0.0,0,0.0,0,0.0,0,0.0,0.0
d6sdua1,b.29.1.0,0.0,0,0.0,0,0.0,0,0.0,0.0
d1nhpa1,c.3.1.5,0.0,3,0.0,0,0.0,0,0.0,0.0
d3r7ka1,e.6.1.0,0.0,2,0.0,0,0.0,0,0.0,0.0
d2ve3a_,a.104.1.0,0.0,15,0.0,0,0.0,0,0.0,0.0
d1jtva_,c.2.1.2,0.0,21,0.0,0,0.0,0,0.0,0.0
d1jeyb1,b.131.1.2,0.0,0,0.0,0,0.0,0,0.0,0.0
d1gega_,c.2.1.2,0.0,27,0.0,0,0.0,0,0.0,0.0
d2ef5a_,c.42.1.0,0.6666666666666666,4,0.0,0,0.0,0,0.6666666666666666,0.6666666666666666
d3h14a1,c.67.1.0,0.0,17,0.980769,143,0.980769,143,-0.980769,-0.980769
d1n1fa_,a.26.1.3,0.0,0,0.0,0,0.0,0,0.0,0.0
d2q40a_,e.50.1.1,0.0,0,0.0,0,0.0,0,0.0,0.0
d1mjna_,c.62.1.1,0.0,2,0.0,0,0.0,0,0.0,0.0
d4d86a1,c.50.1.0,0.0,0,0.0,0,0.0,0,0.0,0.0
d3thia_,c.94.1.1,0.0,16,0.0,0,0.0,0,0.0,0.0
d1qgra_,a.118.1.1,0.0,11,0.636364,59,0.472727,59,-0.636364,-0.472727
d2wdta_,d.3.1.0,0.0,3,0.0,0,0.0,0,0.0,0.0
d2prva1,d.369.1.1,0.0,0,0.0,0,0.0,0,0.0,0.0
d3gfva1,c.92.2.0,0.0,8,0.769231,38,0.923077,38,-0.769231,-0.923077
d6xala_,a.104.1.0,0.0,16,0.0,0,0.0,0,0.0,0.0
d1an9a1,c.4.1.2,0.0,2,0.0,0,0.0,0,0.0,0.0
d2xmza_,c.69.1.0,0.0,7,0.0,0,0.0,0,0.0,0.0
d4yxfa_,c.2.1.0,0.047619047619047616,22,0.0,0,0.0,0,0.047619047619047616,0.047619047619047616
d1vdha_,d.58.4.10,0.0,3,0.0,0,0.0,0,0.0,0.0
d2fnua_,c.67.1.4,0.0,16,0.992366,143,0.992366,143,-0.992366,-0.992366
d4i43b3,c.52.1.36,0.0,2,0.0,0,0.0,0,0.0,0.0
d3r6ua_,c.94.1.0,0.0,11,0.0,0,0.0,0,0.0,0.0
d4wu0a_,a.102.1.0,0.0,5,0.904762,28,0.857143,28,-0.904762,-0.857143
d1z1wa4,a.118.1.26,0.0,3,0.0,0,0.0,0,0.0,0.0
d1kmta1,b.1.18.8,0.0,0,0.0989011,92,0.032967,92,-0.0989011,-0.032967
d1us7b_,a.205.1.1,0.0,0,0.0,0,0.0,0,0.0,0.0
d1f20a1,b.43.4.1,0.0,0,0.52381,23,0.714286,23,-0.52381,-0.714286
d6cqsa_,d.157.1.0,0.0,6,0.0,0,0.0,0,0.0,0.0
d4pj3a2,a.118.1.29,0.0,7,0.172414,59,0.0,59,-0.172414,0.0
d1twia2,c.1.6.1,0.0,2,0.5,10,0.5,10,-0.5,-0.5
d3nwaa_,e.76.1.1,0.0,0,0.0,0,0.0,0,0.0,0.0
d3bjva_,d.112.1.0,0.0,2,0.0,0,0.0,0,0.0,0.0
d3dbxa1,d.19.1.0,0.0,0,0.0,0,0.0,0,0.0,0.0
d3rpza1,c.72.1.4,0.16666666666666666,7,0.48,51,0.94,51,-0.31333333333333335,-0.7733333333333333
d1dg6a_,b.22.1.1,0.0,2,0.0,0,0.0,0,0.0,0.0
d1qcxa_,b.80.1.2,0.0,0,0.0,0,0.0,0,0.0,0.0
d2y5sa1,c.1.21.0,0.0,0,0.75,10,0.75,10,-0.75,-0.75
d3i01m_,e.26.1.3,0.0,2,0.0,0,0.0,0,0.0,0.0
d1vlya2,d.250.1.1,0.0,0,0.0,0,0.0,0,0.0,0.0
d2ckfa2,d.129.3.0,0.0,3,0.419355,42,0.129032,42,-0.419355,-0.129032
d2chca1,d.17.4.25,0.0,0,0.973333,76,0.973333,76,-0.973333,-0.973333
d1fsua_,c.76.1.2,0.0,0,0.0,0,0.0,0,0.0,0.0
d2j8ka1,b.80.8.1,0.0,2,0.5,4,0.5,4,-0.5,-0.5
d1rqga2,c.26.1.1,0.0,6,0.142857,53,0.142857,53,-0.142857,-0.142857
d3eu9a1,d.211.1.0,0.0,0,0.9,32,0.9,32,-0.9,-0.9
d2h30a_,c.47.1.10,0.0,2,0.551546,215,0.592784,215,-0.551546,-0.592784
d4o2za1,d.144.1.0,0.19047619047619047,22,0.0,0,0.0,0,0.19047619047619047,0.19047619047619047
d1vk1a_,d.268.1.2,0.0,0,0.0,0,0.0,0,0.0,0.0
d5gwta_,c.2.1.0,0.05555555555555555,19,0.0,0,0.0,0,0.05555555555555555,0.05555555555555555
d3uida1,d.129.3.0,0.0,0,0.806452,42,0.806452,42,-0.806452,-0.806452
d1r9wa_,d.89.1.2,0.0,0,0.0,0,0.0,0,0.0,0.0
d1zava1,d.58.62.1,0.0,0,0.0,0,0.0,0,0.0,0.0
d2f1ka2,c.2.1.6,0.0,11,0.0,0,0.0,0,0.0,0.0
d2cz9a2,d.58.26.0,0.0,4,0.9,12,0.7,12,-0.9,-0.7
d1tlta2,d.81.1.5,0.0,0,0.173913,30,0.0434783,30,-0.173913,-0.0434783
d3kwoa1,a.25.1.0,0.0,0,0.609756,55,0.853659,55,-0.609756,-0.853659
d1b0ba_,a.1.1.2,0.0,0,0.818182,57,0.939394,57,-0.818182,-0.939394
d2yqca_,c.68.1.0,0.6666666666666666,4,0.0,0,0.0,0,0.6666666666666666,0.6666666666666666
d5fbfa_,a.124.1.0,0.0,0,0.0,0,0.0,0,0.0,0.0
d6jqba1,c.1.8.1,0.0,10,0.351852,135,0.768519,135,-0.351852,-0.768519
d1wxqa1,c.37.1.8,0.0,26,0.0,0,0.0,0,0.0,0.0
d6ewza_,d.218.1.0,0.0,2,0.0,0,0.0,0,0.0,0.0
d2b25a1,c.66.1.13,0.0,6,0.0,0,0.0,0,0.0,0.0
d6pe6a1,c.55.1.0,0.0,2,0.155172,102,0.0,102,-0.155172,0.0
d3ryca1,c.32.1.1,0.0,2,0.0,0,0.0,0,0.0,0.0
d3kwda_,b.81.1.0,0.0,2,0.846154,24,0.923077,24,-0.846154,-0.923077
d1hwxa3,c.58.1.1,0.0,2,0.0,0,0.0,0,0.0,0.0
d1hwla2,d.179.1.1,0.0,0,0.0,0,0.0,0,0.0,0.0
d3msxb_,a.116.1.0,0.0,0,0.0,0,0.0,0,0.0,0.0
d1qq5a_,c.108.1.1,0.0,7,0.0,0,0.0,0,0.0,0.0
d1ytla1,c.31.1.6,0.0,3,0.0,0,0.0,0,0.0,0.0
d1w36d2,c.37.1.19,0.0,10,0.0,0,0.0,0,0.0,0.0
d6jjma1,b.68.1.1,0.0,0,0.666667,16,0.166667,16,-0.666667,-0.166667
d6c3ma4,d.134.1.0,0.0,0,0.0,0,0.0,0,0.0,0.0
d6p4la_,b.121.4.0,0.0,2,0.733333,39,0.628571,44,-0.733333,-0.628571
d1tu1a1,d.107.1.3,0.0,0,0.0,0,0.0,0,0.0,0.0
d2etva1,c.92.2.4,0.0,4,0.777778,38,0.944444,38,-0.777778,-0.944444
d3bhda_,d.63.1.2,0.0,3,0.0,0,0.0,0,0.0,0.0
d1tbfa_,a.211.1.2,0.14285714285714285,8,0.0,0,0.0,0,0.14285714285714285,0.14285714285714285
d1q67a_,b.55.1.7,0.0,2,0.0,0,0.0,0,0.0,0.0
d4twla_,b.74.1.0,0.0,0,0.0,0,0.0,0,0.0,0.0
d4jaqa1,c.95.1.0,0.0,2,0.0,0,0.0,0,0.0,0.0
d6v1ra_,c.94.1.0,0.0,14,0.0,0,0.0,0,0.0,0.0
d3mala_,b.42.6.0,0.0,0,0.0,0,0.0,0,0.0,0.0
d6o6eb1,e.23.1.0,0.0,9,0.0,0,0.0,0,0.0,0.0
d2qr7a_,d.144.1.0,0.0,18,0.0,0,0.0,0,0.0,0.0
d6smob1,c.95.1.0,0.0,5,0.0,0,0.0,0,0.0,0.0
d6tuza_,c.69.1.42,0.0,11,0.0,0,0.0,0,0.0,0.0
d2r8ba1,c.69.1.14,0.0,5,0.0,0,0.0,0,0.0,0.0
d2qcka_,b.45.1.0,0.0,0,0.793103,46,0.931034,46,-0.793103,-0.931034
d1zcea1,b.122.1.8,0.0,0,0.0,0,0.0,0,0.0,0.0
d1urua_,a.238.1.1,0.0,0,0.0,0,0.0,0,0.0,0.0
d4yvda_,b.69.4.0,0.0,6,0.761905,28,0.809524,28,-0.761905,-0.809524
d4kvxa_,d.108.1.0,0.0,5,0.0,0,0.0,0,0.0,0.0
d2oeza1,e.68.1.1,0.0,0,0.0,0,0.0,0,0.0,0.0
d2xova_,f.51.1.1,0.0,4,0.0,0,0.0,0,0.0,0.0
d4lfea1,a.128.1.0,0.1111111111111111,10,0.0,0,0.0,0,0.1111111111111111,0.1111111111111111
d2sasa_,a.39.1.5,0.0,4,0.603774,73,0.415094,73,-0.603774,-0.415094
d1eg5a_,c.67.1.3,0.13636363636363635,23,0.984615,143,0.992308,143,-0.8482513636363637,-0.8559443636363636
d1mqsa_,e.25.1.1,0.0,0,0.0,0,0.0,0,0.0,0.0
d5id6a3,b.111.2.1,0.0,0,0.0,0,0.0,0,0.0,0.0
d2nxfa1,d.159.1.12,0.0,2,0.0,0,0.0,0,0.0,0.0
d2fvga2,c.56.5.4,0.0,2,0.7,36,0.25,37,-0.7,-0.25
d5gj3a1,c.92.2.0,0.0,5,0.692308,38,0.923077,38,-0.692308,-0.923077
d1q8ca_,a.79.1.2,0.0,0,0.0,0,0.0,0,0.0,0.0
d3r7ka2,a.29.3.0,0.0,0,0.75,19,0.75,19,-0.75,-0.75
d1wl8a1,c.23.16.1,0.6666666666666666,4,0.206897,42,0.586207,42,0.45976966666666663,0.0804596666666666
d1iyba1,d.124.1.1,0.0,2,0.0,0,0.0,0,0.0,0.0
d1b37a1,c.3.1.2,0.0,3,0.0,0,0.0,0,0.0,0.0
d3dnfa_,c.155.1.1,0.0,0,0.0,0,0.0,0,0.0,0.0
d1vk4a1,c.72.1.1,0.0,5,0.976744,51,0.953488,51,-0.976744,-0.953488
d4g0ra_,b.121.5.2,0.0,0,0.333333,7,0.333333,7,-0.333333,-0.333333
d1dkia_,d.3.1.1,0.0,4,0.0,0,0.0,0,0.0,0.0
d1x82a1,b.82.1.7,0.0,3,0.0,0,0.0,0,0.0,0.0
d1m4la_,c.56.5.1,0.0,2,0.558824,36,0.171429,37,-0.558824,-0.171429
d1wlja_,c.55.3.5,0.0,2,0.272727,61,0.113636,61,-0.272727,-0.113636
d2hyec3,e.40.1.1,0.0,0,0.0,0,0.0,0,0.0,0.0
d2hr7a1,c.10.2.0,0.0,2,0.588235,32,0.117647,32,-0.588235,-0.117647
d4ha4a_,c.1.8.4,0.0,14,0.656489,135,0.801527,135,-0.656489,-0.801527
d2hjea_,d.110.6.3,0.0,0,0.7,11,0.7,11,-0.7,-0.7
d3bbba_,d.58.6.1,0.0,3,0.75,5,0.75,5,-0.75,-0.75
d2c41a_,a.25.1.0,0.0,2,0.682927,55,0.853659,55,-0.682927,-0.853659
d3l9ca1,c.1.10.0,0.3333333333333333,4,0.514286,65,0.885714,65,-0.1809526666666667,-0.5523806666666666
d5deca_,d.218.1.8,0.0,3,0.0,0,0.0,0,0.0,0.0
d3n0fa2,a.128.1.0,0.25,5,0.0,0,0.0,0,0.25,0.25
d1osha1,a.123.1.1,0.0,2,0.0,0,0.0,0,0.0,0.0
d1agja_,b.47.1.1,0.5,3,0.0,0,0.0,0,0.5,0.5
d1zswa1,d.32.1.10,0.0,2,0.0,0,0.0,0,0.0,0.0
d3vl9a_,b.29.1.0,0.0,5,0.0,0,0.0,0,0.0,0.0
d5hnva1,d.144.1.0,0.0,7,0.0,0,0.0,0,0.0,0.0
d2d81a1,c.69.1.37,0.0,11,0.0,0,0.0,0,0.0,0.0
d1lura_,b.30.5.4,0.0,2,0.708333,26,0.08,27,-0.708333,-0.08
d2nspa_,b.80.1.5,0.0,2,0.809524,22,0.904762,22,-0.809524,-0.904762
d4dw8a_,c.108.1.0,0.0,10,0.0,0,0.0,0,0.0,0.0
d3iv7a_,e.22.1.0,0.0,6,0.0,0,0.0,0,0.0,0.0
d4xsqa_,c.10.2.0,0.0,3,0.823529,32,0.823529,32,-0.823529,-0.823529
d2v82a1,c.1.10.0,0.0,5,0.685714,65,0.885714,65,-0.685714,-0.885714
d2ij2a_,a.104.1.1,0.0,17,0.0,0,0.0,0,0.0,0.0
d1qd5a_,f.4.2.1,0.0,0,0.0,0,0.0,0,0.0,0.0
d6qh5s_,d.110.4.2,0.0,0,0.833333,7,0.833333,7,-0.833333,-0.833333
d1kbia1,c.1.4.1,0.0,5,0.666667,27,0.888889,27,-0.666667,-0.888889
d2oaya1,e.1.1.0,0.0,11,0.0,0,0.0,0,0.0,0.0
d2qamc1,b.34.5.3,0.0,0,0.0,16,0.0714286,16,0.0,-0.0714286
d1reqa2,c.23.6.1,0.0,0,0.0,0,0.0,0,0.0,0.0
d1zhxa2,d.338.1.1,0.0,0,0.0,0,0.0,0,0.0,0.0
d1mo9a1,c.3.1.5,0.0,7,0.0,0,0.0,0,0.0,0.0
d1vr3a1,b.82.1.6,0.0,2,0.96875,65,0.984375,65,-0.96875,-0.984375
d1h5wa_,e.27.1.1,0.0,0,0.0,0,0.0,0,0.0,0.0
d1x46a_,a.1.1.0,0.0,0,0.777778,57,0.972222,57,-0.777778,-0.972222
d3rg8a_,c.23.8.0,0.0,0,0.0,0,0.0,0,0.0,0.0
d1a5ta2,c.37.1.20,0.0,4,0.0,0,0.0,0,0.0,0.0
d6yoja_,d.144.1.7,0.058823529411764705,18,0.0,0,0.0,0,0.058823529411764705,0.058823529411764705
d5jjca_,c.79.1.0,0.0,5,0.0,0,0.0,0,0.0,0.0
d1koba_,d.144.1.7,0.06666666666666667,16,0.0,0,0.0,0,0.06666666666666667,0.06666666666666667
d3ubya1,b.46.1.2,0.0,0,0.0,0,0.0,0,0.0,0.0
d6jz2a1,b.18.1.0,0.0,0,0.0,0,0.0,0,0.0,0.0
d1ei9a_,c.69.1.13,0.0,8,0.0,0,0.0,0,0.0,0.0
d1ciia1,f.1.1.1,0.0,0,0.0,0,0.0,0,0.0,0.0
d3voya1,e.3.1.0,0.0,4,0.0,0,0.0,0,0.0,0.0
d1wk1a1,d.169.1.1,0.0,0,0.0,0,0.0,0,0.0,0.0
d3d3wa_,c.2.1.2,0.03225806451612903,32,0.0,0,0.0,0,0.03225806451612903,0.03225806451612903
d1ci9a_,e.3.1.1,0.0,7,0.0,0,0.0,0,0.0,0.0
d1g0da1,b.1.18.9,0.0,0,0.0561798,92,0.011236,92,-0.0561798,-0.011236
d6l2la1,c.97.1.0,0.0,0,0.8,24,0.6,24,-0.8,-0.6
d3kv1a_,c.124.1.0,0.0,4,0.0,0,0.0,0,0.0,0.0
d3c9fa1,d.114.1.1,0.0,2,0.0,0,0.0,0,0.0,0.0
d2gfha1,c.108.1.6,0.0,6,0.0,0,0.0,0,0.0,0.0
d1vqra1,a.211.1.3,0.0,4,0.0,0,0.0,0,0.0,0.0
d4kb1a_,c.55.3.5,0.0,2,0.386364,61,0.136364,61,-0.386364,-0.136364
d2qvja_,a.260.1.1,0.0,0,0.0,0,0.0,0,0.0,0.0
d2ls5a1,c.47.1.0,0.0,5,0.589474,215,0.6,215,-0.589474,-0.6
d2j8ga1,b.109.1.1,0.0,0,0.0,0,0.0,0,0.0,0.0
d2c42a3,c.48.1.3,0.0,2,0.0,0,0.0,0,0.0,0.0
d2slia1,b.29.1.9,0.0,2,0.0,0,0.0,0,0.0,0.0
d6m0ua_,d.144.1.0,0.23076923076923078,14,0.0,0,0.0,0,0.23076923076923078,0.23076923076923078
d4o5ja_,f.70.1.1,0.0,3,0.0,0,0.0,0,0.0,0.0
d1f8fa2,c.2.1.1,0.0,7,0.0,0,0.0,0,0.0,0.0
d4n0la_,d.58.53.5,0.0,2,0.0,0,0.0,0,0.0,0.0
d2h7xa_,c.69.1.22,0.0,9,0.0,0,0.0,0,0.0,0.0
d3qhyb_,b.69.5.2,0.0,0,0.0,0,0.0,0,0.0,0.0
d2j59m1,b.55.1.1,0.0,0,0.8,86,0.977778,86,-0.8,-0.977778
d3lyea_,c.1.12.0,0.0,3,0.692308,19,0.769231,19,-0.692308,-0.769231
d3tdca2,c.14.1.0,0.0,9,0.0,0,0.0,0,0.0,0.0
d1q16a1,b.52.2.2,0.0,0,0.9,15,0.8,15,-0.9,-0.8
d1svma_,c.37.1.20,0.0,14,0.0,0,0.0,0,0.0,0.0
d3qqqa_,a.1.1.2,0.0,0,0.848485,57,0.939394,57,-0.848485,-0.939394
d1pi1a1,a.29.7.1,0.0,0,0.0,0,0.0,0,0.0,0.0
d1p22a2,b.69.4.1,0.23529411764705882,18,0.769231,28,0.769231,28,-0.5339368823529411,-0.5339368823529411
d2i8ta_,d.113.1.5,0.0,0,0.0,0,0.0,0,0.0,0.0
d2c3na2,a.45.1.0,0.0,3,0.0,0,0.0,0,0.0,0.0
d3ozua3,c.25.1.0,0.0,0,0.0,0,0.0,0,0.0,0.0
d4jkla1,b.18.1.0,0.0,2,0.0,0,0.0,0,0.0,0.0
d6n4br_,f.13.1.0,0.23076923076923078,14,0.0,0,0.0,0,0.23076923076923078,0.23076923076923078
d3mvua_,a.132.1.0,0.0,3,0.0,0,0.0,0,0.0,0.0
d3mmia_,a.118.27.1,0.0,0,0.0,0,0.0,0,0.0,0.0
d2o1qa1,b.82.1.21,0.0,2,0.0,0,0.0,0,0.0,0.0
d6ow4a_,c.2.1.0,0.0,21,0.0,0,0.0,0,0.0,0.0
d3ar4a1,f.33.1.1,0.0,2,0.0,0,0.0,0,0.0,0.0
d2d5ba2,c.26.1.1,0.0,5,0.228571,53,0.142857,53,-0.228571,-0.142857
d2v8ta_,a.25.1.3,0.0,4,0.648148,55,0.833333,55,-0.648148,-0.833333
d1ro2a_,d.264.1.2,0.0,0,0.0,0,0.0,0,0.0,0.0
d3n08a1,b.17.1.0,0.0,0,0.0,0,0.0,0,0.0,0.0
d1hyoa2,d.177.1.1,0.0,2,0.0,0,0.0,0,0.0,0.0
d6qe0a1,c.66.1.0,0.0,8,0.0,0,0.0,0,0.0,0.0
d1uoha_,d.211.1.1,0.3333333333333333,4,0.928571,32,0.928571,32,-0.5952376666666668,-0.5952376666666668
d1e2wa1,b.2.6.1,0.0,0,0.0,0,0.0,0,0.0,0.0
d6fmca1,b.18.1.0,0.0,0,0.0,0,0.0,0,0.0,0.0
d1sgla_,d.124.1.1,0.0,2,0.0,0,0.0,0,0.0,0.0
d1qd1a1,d.58.34.1,0.0,0,0.0,0,0.0,0,0.0,0.0
d1n4ka1,a.118.22.1,0.0,0,0.0,0,0.0,0,0.0,0.0
d1u6ka_,c.127.1.1,0.0,0,0.0,0,0.0,0,0.0,0.0
d3wjta_,b.125.1.2,0.0,0,0.0,0,0.0,0,0.0,0.0
d1v96a1,c.120.1.1,0.0,0,0.0,0,0.0,0,0.0,0.0
d4dqxa1,c.2.1.0,0.034482758620689655,30,0.0,0,0.0,0,0.034482758620689655,0.034482758620689655
d2pn8a1,c.47.1.0,0.0,2,0.410526,215,0.547368,215,-0.410526,-0.547368
d2i5ha1,e.71.1.1,0.0,0,0.0,0,0.0,0,0.0,0.0
d1vema2,c.1.8.1,0.0,17,0.518519,135,0.777778,135,-0.518519,-0.777778
d4cnna_,c.1.10.1,0.25,5,0.8,65,0.888889,65,-0.55,-0.638889
d1jg1a_,c.66.1.7,0.0,10,0.0,0,0.0,0,0.0,0.0
d5k87a1,d.21.1.0,0.0,0,0.0,0,0.0,0,0.0,0.0
d2choa1,a.246.1.1,0.0,0,0.0,0,0.0,0,0.0,0.0
d1jmxb_,b.69.2.2,0.0,0,0.25,5,0.5,5,-0.25,-0.5
d3ps0a1,d.58.53.4,0.0,2,0.0,0,0.0,0,0.0,0.0
g1y43.1,b.29.1.20,0.0,2,0.0,0,0.0,0,0.0,0.0
d1xioa_,f.13.1.1,0.0,13,0.0,0,0.0,0,0.0,0.0
d3lnca_,c.37.1.0,0.0,10,0.0,0,0.0,0,0.0,0.0
d1aoca_,g.17.1.5,0.0,0,0.0,0,0.0,0,0.0,0.0
d2qhpa_,c.72.1.0,0.0,2,0.941176,51,0.941176,51,-0.941176,-0.941176
d1kzfa_,d.108.1.3,0.0,4,0.0,0,0.0,0,0.0,0.0
d1yvua3,c.44.3.1,0.0,0,0.75,6,0.0,6,-0.75,0.0
d1z82a2,a.100.1.0,0.0,0,0.0,0,0.0,0,0.0,0.0
d6qbta_,c.55.3.0,0.0,2,0.24,61,0.1,61,-0.24,-0.1
d1v59a1,c.3.1.5,0.0,5,0.0,0,0.0,0,0.0,0.0
d2jbha_,c.61.1.1,0.0,4,0.0,0,0.0,0,0.0,0.0
d2vmha_,b.18.1.33,0.0,3,0.0,0,0.0,0,0.0,0.0
d6ncra_,c.26.1.0,0.0,6,0.46875,53,0.3125,53,-0.46875,-0.3125
d1t98a2,a.47.6.1,0.0,0,0.0,0,0.0,0,0.0,0.0
d1tnra_,b.22.1.1,0.0,2,0.0,0,0.0,0,0.0,0.0
d1j6ra1,d.173.1.2,0.0,0,0.0,0,0.0,0,0.0,0.0
d2r2ia_,a.39.1.0,0.0,4,0.755102,73,0.857143,73,-0.755102,-0.857143
d4mqla_,c.69.1.3,0.0,11,0.0,0,0.0,0,0.0,0.0
d3o7ba_,c.116.1.0,0.0,0,0.0,0,0.0,0,0.0,0.0
d4dr8a_,d.167.1.0,0.0,5,0.0,0,0.0,0,0.0,0.0
d2gn0a1,c.79.1.0,0.0,5,0.0,0,0.0,0,0.0,0.0
d6hrda1,c.2.1.0,0.0,9,0.0,0,0.0,0,0.0,0.0
d3g02a1,c.69.1.11,0.0,15,0.0,0,0.0,0,0.0,0.0
d6wnza_,b.40.4.0,0.0,4,0.226415,130,0.188679,130,-0.226415,-0.188679
d1yf2a2,d.287.1.2,0.5,3,0.0,0,0.0,0,0.5,0.5
d6xg7a_,b.68.9.0,0.0,4,0.0,0,0.0,0,0.0,0.0
d3pzla_,c.42.1.0,0.0,4,0.0,0,0.0,0,0.0,0.0
d4fhaa_,c.1.10.0,0.3125,17,0.657143,65,0.885714,65,-0.34464300000000003,-0.573214
d1n67a2,b.2.3.4,0.0,2,0.190476,22,0.142857,22,-0.190476,-0.142857
d1k68a_,c.23.1.1,0.0,4,0.9375,100,0.95,100,-0.9375,-0.95
d4noga_,c.67.1.0,0.13636363636363635,23,0.980769,143,0.980769,143,-0.8444053636363636,-0.8444053636363636
d3cdda1,b.106.1.1,0.0,0,0.0,0,0.0,0,0.0,0.0
d5hiwa1,a.104.1.0,0.2222222222222222,19,0.0,0,0.0,0,0.2222222222222222,0.2222222222222222
d1ct9a1,c.26.2.1,0.0,3,0.28125,39,0.0625,39,-0.28125,-0.0625
d1vgja_,d.61.1.0,0.0,0,0.0,0,0.0,0,0.0,0.0
d6nrua_,c.60.1.0,0.0,0,0.0,0,0.0,0,0.0,0.0
d5gtua1,d.159.1.7,0.0,2,0.0,0,0.0,0,0.0,0.0
d1jmkc_,c.69.1.22,0.0,8,0.0,0,0.0,0,0.0,0.0
d1c3pa_,c.42.1.2,0.0,2,0.0,0,0.0,0,0.0,0.0
d1yb5a1,b.35.1.2,0.0,2,0.0,20,0.0,20,0.0,0.0
d1l8wa_,a.154.1.1,0.0,0,0.0,0,0.0,0,0.0,0.0
d2aega1,d.303.1.1,0.0,0,0.0,0,0.0,0,0.0,0.0
d5axwa2,d.4.1.8,0.0,0,0.0,0,0.0,0,0.0,0.0
d1y4wa1,b.29.1.19,0.0,5,0.0,0,0.0,0,0.0,0.0
d1s5ac1,d.17.4.10,0.0,2,0.90411,76,0.931507,76,-0.90411,-0.931507
d1p4ea2,d.163.1.1,0.0,0,0.0,0,0.0,0,0.0,0.0
d1st6a7,a.24.9.1,0.0,0,0.5,12,0.5,12,-0.5,-0.5
d3fcea_,e.23.1.0,0.0,6,0.0,0,0.0,0,0.0,0.0
d5b7ga_,c.56.2.0,0.0,3,0.916667,20,0.916667,20,-0.916667,-0.916667
d1t0fa2,c.52.1.16,0.0,3,0.0,0,0.0,0,0.0,0.0
d2xrwa1,d.144.1.7,0.047619047619047616,22,0.0,0,0.0,0,0.047619047619047616,0.047619047619047616
d4rsha_,c.23.10.0,0.0,2,0.785714,20,0.714286,20,-0.785714,-0.714286
d4hl6a_,c.123.1.0,0.0,3,0.0,0,0.0,0,0.0,0.0
d4s1ta1,c.66.1.0,0.0,6,0.0,0,0.0,0,0.0,0.0
d4iaua_,b.11.1.0,0.0,0,0.0,0,0.0,0,0.0,0.0
g1jmu.1,e.35.1.1,0.0,0,0.0,0,0.0,0,0.0,0.0
d4w64a1,b.157.1.0,0.0,0,0.0,0,0.0,0,0.0,0.0
d1hzta1,d.113.1.2,0.0,0,0.0,0,0.0,0,0.0,0.0
d2aiqa_,b.47.1.2,0.2,6,0.0,0,0.0,0,0.2,0.2
d1glaf_,b.84.3.1,1.0,2,0.5,3,0.0,3,0.5,1.0
d1u04a1,b.34.14.1,0.0,0,0.5,4,0.0,4,-0.5,0.0
d1gkab_,b.60.1.1,0.0,2,0.0,0,0.0,0,0.0,0.0
d1q2la3,d.185.1.1,0.0,0,0.0,0,0.0,0,0.0,0.0
d1ls1a2,c.37.1.10,0.0,9,0.0,0,0.0,0,0.0,0.0
d4e12a1,c.2.1.0,0.0,8,0.0,0,0.0,0,0.0,0.0
d1tlja_,d.282.1.1,0.0,0,0.0,0,0.0,0,0.0,0.0
d4cr2z1,a.118.1.28,0.0,14,0.517241,59,0.568966,59,-0.517241,-0.568966
d6xjja_,b.82.2.0,0.0,3,0.466667,42,0.2,42,-0.466667,-0.2
d1odtc_,c.69.1.25,0.125,9,0.0,0,0.0,0,0.125,0.125
d1p9ra1,c.37.1.11,0.0,15,0.0,0,0.0,0,0.0,0.0
d1j7xa_,c.14.1.2,0.0,3,0.0,0,0.0,0,0.0,0.0
d6u26b2,g.77.1.2,0.0,0,0.0,0,0.0,0,0.0,0.0
d4c1ua_,c.94.1.0,0.0,15,0.0,0,0.0,0,0.0,0.0
d3exaa1,c.37.1.26,0.0,12,0.0,0,0.0,0,0.0,0.0
d5emia1,c.56.5.0,0.0,6,0.5,36,0.114286,37,-0.5,-0.114286
d1tkja_,c.56.5.4,0.0,3,0.5,36,0.4,37,-0.5,-0.4
d2jdid3,c.37.1.11,0.0,21,0.0,0,0.0,0,0.0,0.0
d2l5oa1,c.47.1.0,0.0,4,0.526316,215,0.6,215,-0.526316,-0.6
d1hzfa_,a.102.4.4,0.0,2,0.818182,13,0.416667,14,-0.818182,-0.416667
d3j9ta4,a.69.1.2,0.0,2,0.6,7,0.2,7,-0.6,-0.2
d1r0da_,a.216.1.1,0.0,0,0.0,0,0.0,0,0.0,0.0
d4qbba_,d.3.1.2,0.0,3,0.0,0,0.0,0,0.0,0.0
d4jwxa_,c.94.1.0,0.0,9,0.0,0,0.0,0,0.0,0.0
d4r9oa_,c.1.7.1,0.0,2,0.923077,19,0.923077,19,-0.923077,-0.923077
d1m41a_,c.1.16.4,0.0,0,0.923077,14,0.923077,14,-0.923077,-0.923077
d3uc3a_,d.144.1.0,0.0,13,0.0,0,0.0,0,0.0,0.0
d1ikpa1,b.29.1.7,0.0,4,0.0,0,0.0,0,0.0,0.0
d4oana1,c.94.1.0,0.0,18,0.0,0,0.0,0,0.0,0.0
d6k2fa1,d.109.1.0,0.0,0,0.8,24,0.866667,24,-0.8,-0.866667
d3huta1,c.93.1.0,0.0,11,0.0,0,0.0,0,0.0,0.0
d5ng0a_,d.144.1.0,0.07142857142857142,15,0.0,0,0.0,0,0.07142857142857142,0.07142857142857142
d3c9fa2,d.159.1.2,0.0,0,0.0,0,0.0,0,0.0,0.0
d2i7ca_,c.66.1.0,0.0,6,0.0,0,0.0,0,0.0,0.0
d3pmsa1,b.121.1.1,0.0,0,0.0,4,0.0,4,0.0,0.0
d3rkoj_,f.73.2.1,0.0,15,0.0,0,0.0,0,0.0,0.0
d1orda3,d.125.1.1,0.0,0,0.0,0,0.0,0,0.0,0.0
d6pnua1,c.82.1.0,0.0,16,0.0,0,0.0,0,0.0,0.0
d2zjrs1,b.53.1.1,0.0,0,0.0,0,0.0,0,0.0,0.0
d2qdla1,b.40.7.0,0.0,2,0.666667,4,0.666667,4,-0.666667,-0.666667
d6wlca1,c.66.1.48,0.0,9,0.0,0,0.0,0,0.0,0.0
d2w01a_,d.58.29.0,0.0,3,0.833333,13,0.833333,13,-0.833333,-0.833333
d1a6ca1,b.121.4.2,0.0,4,0.484848,39,0.605263,44,-0.484848,-0.605263
d6e1xa_,d.108.1.0,0.0,4,0.0,0,0.0,0,0.0,0.0
d1co3a_,c.82.1.1,0.0,8,0.0,0,0.0,0,0.0,0.0
d3cjib_,b.121.4.0,0.0,4,0.8,39,0.685714,44,-0.8,-0.685714
d1ghea_,d.108.1.1,0.0,4,0.0,0,0.0,0,0.0,0.0
d4oo8a1,c.55.3.16,0.0,0,0.186441,61,0.0338983,61,-0.186441,-0.0338983
d2cxxa1,c.37.1.8,0.0,8,0.0,0,0.0,0,0.0,0.0
d3bu8a_,a.146.1.1,0.0,0,0.0,0,0.0,0,0.0,0.0
d2okca1,c.66.1.45,0.0,14,0.0,0,0.0,0,0.0,0.0
d2j1ra_,b.18.1.0,0.0,2,0.0,0,0.0,0,0.0,0.0
d1dp4a_,c.93.1.1,0.0,4,0.0,0,0.0,0,0.0,0.0
d2z16a1,a.95.1.1,0.0,0,0.0,0,0.0,0,0.0,0.0
d1o5ya1,d.257.1.1,0.0,0,0.0,0,0.0,0,0.0,0.0
d1epaa_,b.60.1.1,0.0,0,0.0,0,0.0,0,0.0,0.0
d1rssa_,a.75.1.1,0.0,0,0.0,0,0.0,0,0.0,0.0
d1imja_,c.69.1.23,0.0,6,0.0,0,0.0,0,0.0,0.0
d5le5f_,d.153.1.0,0.0,5,0.607143,37,0.484848,42,-0.607143,-0.484848
d2qkga2,b.77.2.0,0.0,0,0.8,6,0.0,6,-0.8,0.0
d2f2ab2,d.128.1.5,0.0,3,0.0,0,0.0,0,0.0,0.0
d2ffsa1,d.129.3.7,0.0,4,0.0,0,0.0,0,0.0,0.0
d5ts9a_,a.130.1.0,0.0,0,0.0,0,0.0,0,0.0,0.0
d3lv0a_,e.7.1.0,0.6,6,0.0,0,0.0,0,0.6,0.6
d5m3na1,b.47.1.1,0.25,9,0.0,0,0.0,0,0.25,0.25
g1b35.1,b.121.4.1,0.0,3,0.0,0,0.0,44,0.0,0.0
d6r3wa_,b.60.1.8,0.0,0,0.0,0,0.0,0,0.0,0.0
d3r26a_,c.94.1.1,0.0,8,0.0,0,0.0,0,0.0,0.0
d6q8ea_,e.17.1.0,0.0,2,0.0,0,0.0,0,0.0,0.0
d1ao0a2,d.153.1.1,0.0,3,0.0,37,0.0,42,0.0,0.0
d3eura1,c.47.1.0,0.0,0,0.547368,215,0.6,215,-0.547368,-0.6
d5ez2a_,b.60.1.0,0.0,3,0.0,0,0.0,0,0.0,0.0
d1xksa_,b.69.14.1,0.0,0,0.0,0,0.0,0,0.0,0.0
d1sr4c_,b.42.2.1,0.0,0,0.875,19,0.875,19,-0.875,-0.875
d2bd0a1,c.2.1.2,0.0,14,0.0,0,0.0,0,0.0,0.0
d5vx1a1,f.1.4.0,0.0,3,0.75,13,0.875,13,-0.75,-0.875
d1xhka_,d.14.1.10,0.3333333333333333,4,0.0,0,0.0,0,0.3333333333333333,0.3333333333333333
d1wdea_,c.90.1.1,0.0,0,0.0,0,0.0,0,0.0,0.0
d2id4a1,b.18.1.20,0.0,3,0.0,0,0.0,0,0.0,0.0
d1wpba_,a.233.1.1,0.0,0,0.0,0,0.0,0,0.0,0.0
d1gsia_,c.37.1.1,0.0,11,0.0,0,0.0,0,0.0,0.0
d1rlia_,c.23.5.6,0.0,3,0.0,0,0.0,0,0.0,0.0
d3t94a_,c.56.2.1,0.0,0,0.9,20,0.9,20,-0.9,-0.9
d2vz8aa,c.2.1.1,0.0,9,0.0,0,0.0,0,0.0,0.0
d1jaya_,c.2.1.6,0.0,10,0.0,0,0.0,0,0.0,0.0
d5d9ab_,e.8.1.9,0.0,6,0.0,0,0.0,0,0.0,0.0
d2c42a2,c.36.1.12,0.0,2,0.0,0,0.0,0,0.0,0.0
d4dyna_,e.75.1.1,0.0,0,0.0,0,0.0,0,0.0,0.0
d3o94a_,c.33.1.0,0.0,2,0.0,0,0.0,0,0.0,0.0
d2foka1,a.4.5.12,0.0,2,0.292,252,0.092,252,-0.292,-0.092
d2zada2,c.1.11.0,0.0,2,0.923077,43,0.923077,43,-0.923077,-0.923077
d1ju2a2,d.16.1.1,0.0,2,0.0,0,0.0,0,0.0,0.0
d1vmja_,d.273.1.1,0.0,2,0.0,0,0.0,0,0.0,0.0
d1v37a_,c.60.1.1,0.0,0,0.0,0,0.0,0,0.0,0.0
d1iy8a_,c.2.1.2,0.0,27,0.0,0,0.0,0,0.0,0.0
d1zbra1,d.126.1.6,0.0,5,0.0,0,0.0,0,0.0,0.0
d1u7na_,c.77.1.4,0.0,2,0.0,0,0.0,0,0.0,0.0
d1fl0a1,b.40.4.4,0.0,2,0.148438,130,0.015625,130,-0.148438,-0.015625
d3ws7a1,c.2.1.0,0.0,15,0.0,0,0.0,0,0.0,0.0
d5hw3a1,e.3.1.0,0.0,4,0.0,0,0.0,0,0.0,0.0
d2y5oa_,e.3.1.3,0.0,6,0.0,0,0.0,0,0.0,0.0
d1wm1a_,c.69.1.7,0.0,11,0.0,0,0.0,0,0.0,0.0
d1k4ia_,d.115.1.2,0.0,0,0.0,0,0.0,0,0.0,0.0
d5hgwa1,d.167.1.0,0.0,2,0.0,0,0.0,0,0.0,0.0
d4bnda1,c.108.1.0,0.0,7,0.0,0,0.0,0,0.0,0.0
d6tu9a_,d.144.1.0,0.0,19,0.0,0,0.0,0,0.0,0.0
d2p12a1,b.175.1.1,0.0,0,0.0,0,0.0,0,0.0,0.0
d1t82a_,d.38.1.5,0.0,0,0.0,0,0.0,0,0.0,0.0
d5w8oa_,c.69.1.0,0.07142857142857142,15,0.0,0,0.0,0,0.07142857142857142,0.07142857142857142
d1jhsa_,d.107.1.1,0.0,0,0.0,0,0.0,0,0.0,0.0
d5unla_,c.2.1.0,0.0,31,0.0,0,0.0,0,0.0,0.0
d2fnaa2,c.37.1.20,0.0,17,0.0,0,0.0,0,0.0,0.0
d2wtaa_,c.33.1.0,0.0,3,0.0,0,0.0,0,0.0,0.0
d3gmza_,c.42.1.1,0.0,3,0.0,0,0.0,0,0.0,0.0
d2e55a_,c.61.1.0,0.0,4,0.0,0,0.0,0,0.0,0.0
d2igta1,c.66.1.51,0.0,8,0.0,0,0.0,0,0.0,0.0
d1hc1a3,b.1.18.3,0.0,3,0.010989,92,0.0,92,-0.010989,0.0
d1qksa2,b.70.2.1,0.0,0,0.0,0,0.0,0,0.0,0.0
d1u5ha_,c.1.12.5,0.0,0,0.647059,19,0.764706,19,-0.647059,-0.764706
d4zh7a1,f.70.1.1,0.0,5,0.0,0,0.0,0,0.0,0.0
d1yqsa_,e.3.1.1,0.0,5,0.0,0,0.0,0,0.0,0.0
d1avgi_,b.60.1.3,0.0,0,0.0,0,0.0,0,0.0,0.0
d3hd5a1,c.47.1.0,0.0,3,0.336842,215,0.0842105,215,-0.336842,-0.0842105
g2dbx.1,d.153.1.6,0.0,3,0.0,0,0.0,42,0.0,0.0
d2fgea3,d.185.1.1,0.0,0,0.0,0,0.0,0,0.0,0.0
d2gjua_,d.159.1.5,0.0,4,0.0,0,0.0,0,0.0,0.0
d2p0ta1,a.290.1.1,0.0,0,0.0,0,0.0,0,0.0,0.0
d4rkfa_,c.37.1.0,0.1111111111111111,10,0.0,0,0.0,0,0.1111111111111111,0.1111111111111111
d1d8ia_,d.63.1.1,0.0,0,0.0,0,0.0,0,0.0,0.0
d1vk3a1,d.79.4.1,0.0,2,0.8,11,0.6,11,-0.8,-0.6
d2fn3a2,c.36.1.0,0.0,3,0.0,0,0.0,0,0.0,0.0
d4gi7a_,c.37.1.6,0.0,18,0.0,0,0.0,0,0.0,0.0
d1vd6a_,c.1.18.3,0.0,0,0.769231,16,0.692308,16,-0.769231,-0.692308
d6jfwa1,d.79.7.0,0.0,2,0.666667,9,0.666667,9,-0.666667,-0.666667
d1vhoa2,c.56.5.4,0.0,6,0.65,36,0.35,37,-0.65,-0.35
d6vk6b_,a.25.1.2,0.0,4,0.0444444,55,0.0444444,55,-0.0444444,-0.0444444
d1wkra_,b.50.1.2,0.0,5,0.0,0,0.0,0,0.0,0.0
d1h1na_,c.1.8.3,0.0,17,0.448598,135,0.579439,135,-0.448598,-0.579439
d6pspa_,c.37.1.1,0.0,12,0.0,0,0.0,0,0.0,0.0
d1i7qa_,d.161.1.1,0.0,0,0.0,0,0.0,0,0.0,0.0
d1jmja_,e.1.1.1,0.0,4,0.0,0,0.0,0,0.0,0.0
d2ozla1,c.36.1.11,0.0,4,0.0,0,0.0,0,0.0,0.0
d1dt9a2,d.79.3.2,0.0,3,0.875,11,0.375,11,-0.875,-0.375
d2fe7a1,d.108.1.1,0.0,3,0.0,0,0.0,0,0.0,0.0
d2v3ga_,c.1.8.3,0.0,10,0.411215,135,0.551402,135,-0.411215,-0.551402
d1swva_,c.108.1.3,0.0,6,0.0,0,0.0,0,0.0,0.0
d6q4ra4,a.118.1.0,0.0,5,0.367347,59,0.244898,59,-0.367347,-0.244898
d2je6b1,d.14.1.4,0.0,3,0.0,0,0.0,0,0.0,0.0
d4ry1a1,c.94.1.0,0.0,17,0.0,0,0.0,0,0.0,0.0
d1jmrb4,d.110.2.2,0.0,2,0.85,21,0.25,21,-0.85,-0.25
d1tlla2,c.23.5.2,0.0,0,0.888889,37,0.972222,37,-0.888889,-0.972222
d3bu7a1,b.82.1.23,0.0,4,0.984127,65,0.984127,65,-0.984127,-0.984127
d1ursa_,c.94.1.1,0.0,21,0.0,0,0.0,0,0.0,0.0
d1pjza_,c.66.1.36,0.0,6,0.0,0,0.0,0,0.0,0.0
d1g8aa_,c.66.1.3,0.0,8,0.0,0,0.0,0,0.0,0.0
d3l0fa_,a.1.1.3,0.0,3,0.62963,57,0.833333,57,-0.62963,-0.833333
d2ayha_,b.29.1.2,0.0,2,0.0,0,0.0,0,0.0,0.0
d1cv8a_,d.3.1.1,0.0,2,0.0,0,0.0,0,0.0,0.0
d1tuea1,c.37.1.20,0.0,11,0.0,0,0.0,0,0.0,0.0
d1itha_,a.1.1.2,0.0,0,0.69697,57,0.939394,57,-0.69697,-0.939394
d5axwa4,e.80.1.1,0.0,0,0.0,0,0.0,0,0.0,0.0
d3brja1,a.285.1.1,0.0,0,0.0,0,0.0,0,0.0,0.0
d4dg8a_,e.23.1.0,0.0,5,0.0,0,0.0,0,0.0,0.0
d2gq0a_,d.14.1.0,0.0,3,0.0,0,0.0,0,0.0,0.0
d1us5a_,c.94.1.1,0.0,16,0.0,0,0.0,0,0.0,0.0
d4yg0a1,b.29.1.0,0.0,0,0.0,0,0.0,0,0.0,0.0
d1pswa_,c.87.1.7,0.0,6,0.0,0,0.0,0,0.0,0.0
d1vpra1,b.60.1.7,0.0,0,0.0,0,0.0,0,0.0,0.0
d1tvca2,c.25.1.2,0.0,2,0.0,0,0.0,0,0.0,0.0
d2b1xb1,d.17.4.4,0.0,3,0.944444,76,0.958333,76,-0.944444,-0.958333
d5ncsa1,e.1.1.0,0.2857142857142857,8,0.0,0,0.0,0,0.2857142857142857,0.2857142857142857
d3up8a1,c.1.7.0,0.0,5,0.875,19,0.875,19,-0.875,-0.875
d6n6qa_,a.104.1.0,0.0,4,0.0,0,0.0,0,0.0,0.0
d4dn2a1,d.90.1.0,0.0,0,0.0,0,0.0,0,0.0,0.0
d3uswa_,a.118.14.0,0.0,0,0.0,0,0.0,0,0.0,0.0
d1rtga_,b.66.1.1,0.0,2,0.0,0,0.0,0,0.0,0.0
d3ix9a_,c.71.1.0,0.0,0,0.0,0,0.0,0,0.0,0.0
d1jiha2,e.8.1.7,0.0,4,0.0,0,0.0,0,0.0,0.0
d1dina_,c.69.1.9,0.0,6,0.0,0,0.0,0,0.0,0.0
d1k32a4,c.14.1.2,0.0,5,0.0,0,0.0,0,0.0,0.0
d1xnpa_,a.4.5.64,0.0,0,0.0,0,0.0,0,0.0,0.0
d2wfia_,b.62.1.1,0.0,0,0.0,0,0.0,0,0.0,0.0
d3boda1,b.29.1.4,0.0,0,0.0,0,0.0,0,0.0,0.0
d1yj8a2,a.100.1.0,0.0,2,0.0,0,0.0,0,0.0,0.0
d1rwaa3,b.30.5.2,0.0,3,0.652174,26,0.0416667,27,-0.652174,-0.0416667
d2ogxa_,c.73.1.0,0.0,2,0.0,0,0.0,0,0.0,0.0
d1i0ra_,b.45.1.2,0.0,2,0.738095,46,0.952381,46,-0.738095,-0.952381
d2ghsa1,b.68.6.1,0.0,0,0.5,6,0.5,6,-0.5,-0.5
d2vxti_,b.42.1.2,0.0,0,0.846154,16,0.923077,16,-0.846154,-0.923077
d3lq6a_,b.121.4.0,0.0,6,0.0,39,0.0,44,0.0,0.0
d1s2oa1,c.108.1.10,0.0,4,0.0,0,0.0,0,0.0,0.0
d4o5aa_,c.93.1.0,0.0,11,0.0,0,0.0,0,0.0,0.0
d4arua_,c.60.1.0,0.0,2,0.0,0,0.0,0,0.0,0.0
d2absa1,c.72.1.1,0.0,6,0.953488,51,0.976744,51,-0.953488,-0.976744
d1trba1,c.3.1.5,0.0,4,0.0,0,0.0,0,0.0,0.0
d1gqia1,c.1.8.10,0.0,13,0.0970149,135,0.507463,135,-0.0970149,-0.507463
d3f0ha1,c.67.1.0,0.0,14,0.980769,143,0.980769,143,-0.980769,-0.980769
d1xxxa1,c.1.10.1,0.0,11,0.733333,65,0.933333,65,-0.733333,-0.933333
d2nwba1,a.266.1.2,0.0,0,0.0,0,0.0,0,0.0,0.0
d6d0aa1,c.67.1.0,0.0,22,0.980769,143,0.980769,143,-0.980769,-0.980769
d2icga1,d.369.1.1,0.0,0,0.0,0,0.0,0,0.0,0.0
d1x09a_,c.101.1.1,0.0,0,0.0,0,0.0,0,0.0,0.0
d5troa2,e.3.1.0,0.0,4,0.0,0,0.0,0,0.0,0.0
d6ssda_,c.67.1.0,0.0,30,0.980769,143,0.980769,143,-0.980769,-0.980769
d2nx8a_,c.97.1.0,0.0,0,0.9,24,0.65,24,-0.9,-0.65
d2qv7a1,e.52.1.2,0.0,5,0.0,0,0.0,0,0.0,0.0
d2wjpa2,c.72.2.1,0.0,2,0.8,8,0.8,8,-0.8,-0.8
d4h2ha2,c.1.11.0,0.0,3,0.923077,43,0.923077,43,-0.923077,-0.923077
d2ohha2,c.23.5.0,0.0,2,0.954545,37,0.909091,37,-0.954545,-0.909091
d1h6va1,c.3.1.5,0.0,3,0.0,0,0.0,0,0.0,0.0
d1z4ea1,d.108.1.1,0.0,2,0.0,0,0.0,0,0.0,0.0
d1qvra1,a.174.1.1,0.0,0,0.0,0,0.0,0,0.0,0.0
d4pcaa1,c.66.1.0,0.0,4,0.0,0,0.0,0,0.0,0.0
d5o34a_,c.14.1.0,0.0,9,0.0,0,0.0,0,0.0,0.0
d2b3ta_,c.66.1.30,0.0,10,0.0,0,0.0,0,0.0,0.0
d3jbre_,f.63.1.1,0.0,0,0.0,0,0.0,0,0.0,0.0
d2fdra1,c.108.1.6,0.0,5,0.0,0,0.0,0,0.0,0.0
d2ieea_,c.94.1.0,0.0,13,0.0,0,0.0,0,0.0,0.0
d1h6da1,c.2.1.3,0.125,9,0.0,0,0.0,0,0.125,0.125
d3vb9a_,e.65.1.1,0.0,0,0.0,0,0.0,0,0.0,0.0
d1tlwa1,f.4.6.1,0.0,0,0.0,0,0.0,0,0.0,0.0
d1gpja3,d.58.39.1,0.0,0,0.0,0,0.0,0,0.0,0.0
d6mfka1,b.81.1.3,0.0,2,0.73913,24,0.956522,24,-0.73913,-0.956522
d4h8aa_,c.122.1.1,0.0,4,0.0,0,0.0,0,0.0,0.0
d4f0hb_,d.73.1.1,0.0,0,0.0,0,0.0,0,0.0,0.0
d3irua_,c.108.1.0,0.0,2,0.0,0,0.0,0,0.0,0.0
d2pw4a_,d.380.1.1,0.0,0,0.0,0,0.0,0,0.0,0.0
d1so7a_,b.68.1.1,0.0,3,0.166667,16,0.333333,16,-0.166667,-0.333333
d1mlaa1,c.19.1.1,0.0,2,0.0,0,0.0,0,0.0,0.0
d1vlma1,c.66.1.41,0.0,4,0.0,0,0.0,0,0.0,0.0
d2xvxa_,c.92.1.0,0.0,0,0.0,0,0.0,0,0.0,0.0
d1atia2,d.104.1.1,0.0,0,0.0,0,0.0,0,0.0,0.0
d1sdoa_,c.52.1.21,0.0,2,0.0,0,0.0,0,0.0,0.0
d1xmca1,c.43.1.3,0.0,3,0.0,0,0.0,0,0.0,0.0
d1xsza1,a.118.3.1,0.0,0,0.5,3,0.5,3,-0.5,-0.5
d5azpa_,f.5.1.0,0.0,2,0.0,0,0.0,0,0.0,0.0
d3tjra_,c.2.1.0,0.0,25,0.0,0,0.0,0,0.0,0.0
d1j4aa1,c.2.1.4,0.0,10,0.0,0,0.0,0,0.0,0.0
d1ewqa1,a.113.1.1,0.0,0,0.0,0,0.0,0,0.0,0.0
d2v3ua_,c.94.1.0,0.0,8,0.0,0,0.0,0,0.0,0.0
d2fy7a1,c.68.1.2,0.0,0,0.0,0,0.0,0,0.0,0.0
d1y0pa3,d.168.1.1,0.0,0,0.0,0,0.0,0,0.0,0.0
d6thva_,c.42.1.0,0.0,4,0.0,0,0.0,0,0.0,0.0
d2f2la2,d.118.1.0,0.0,2,0.0,0,0.0,0,0.0,0.0
d2vofa1,f.1.4.0,0.0,3,0.625,13,0.625,13,-0.625,-0.625
d4jpbw_,b.40.7.1,0.0,2,0.666667,4,0.666667,4,-0.666667,-0.666667
d2q88a1,c.94.1.0,0.1,11,0.0,0,0.0,0,0.1,0.1
d6o07c_,d.108.1.0,0.0,0,0.0,0,0.0,0,0.0,0.0
d2hxma2,c.18.1.1,0.0,2,0.0,0,0.0,0,0.0,0.0
d1m72a_,c.17.1.1,0.0,3,0.0,0,0.0,0,0.0,0.0
d5o0ya_,d.144.1.0,0.1,11,0.0,0,0.0,0,0.1,0.1
d4z3ga1,b.2.3.3,0.0,0,0.0,0,0.0,0,0.0,0.0
d2pq7a1,a.211.1.1,0.0,4,0.0,0,0.0,0,0.0,0.0
d1vq8b1,b.43.3.2,0.0,0,0.0,24,0.0,24,0.0,0.0
d5yhga_,c.94.1.0,0.0,11,0.0,0,0.0,0,0.0,0.0
d1b35b_,b.121.4.1,0.0,2,0.709677,39,0.6875,44,-0.709677,-0.6875
d1epwa3,d.92.1.7,0.1111111111111111,10,0.05,42,0.05,42,0.0611111111111111,0.0611111111111111
d2fmla2,d.113.1.6,0.0,2,0.0,0,0.0,0,0.0,0.0
d1ngva_,c.111.1.2,0.0,0,0.0,0,0.0,0,0.0,0.0
d3v8ba_,c.2.1.0,0.0,21,0.0,0,0.0,0,0.0,0.0
d1wb9a3,c.55.6.1,0.0,0,0.0,0,0.0,0,0.0,0.0
d1ygya1,c.2.1.4,0.0,16,0.0,0,0.0,0,0.0,0.0
d5w8qa1,c.95.1.0,0.0,2,0.0,0,0.0,0,0.0,0.0
d1xeaa2,d.81.1.5,0.0,0,0.0434783,30,0.0434783,30,-0.0434783,-0.0434783
d1dvka_,a.72.1.1,0.0,0,0.0,0,0.0,0,0.0,0.0
d1qhda1,a.115.1.2,0.0,0,0.0,0,0.0,0,0.0,0.0
d1jvga_,c.68.1.5,0.0,7,0.0,0,0.0,0,0.0,0.0
d3mcwa_,c.33.1.0,0.0,0,0.0,0,0.0,0,0.0,0.0
d1ukka_,d.227.1.1,0.0,2,0.0,0,0.0,0,0.0,0.0
d5x2mb_,c.93.1.0,0.125,9,0.0,0,0.0,0,0.125,0.125
d1pgl11,b.121.4.2,0.0,0,0.333333,39,0.473684,44,-0.333333,-0.473684
d1bgva1,c.2.1.7,0.0,11,0.0,0,0.0,0,0.0,0.0
d2oh3a1,a.25.1.8,0.0,3,0.0,0,0.0,0,0.0,0.0
d2j8ga2,c.1.8.8,0.0,2,0.0820896,135,0.164179,135,-0.0820896,-0.164179
d1txvb6,c.62.1.1,0.0,0,0.0,0,0.0,0,0.0,0.0
d3d01a1,d.79.1.0,0.0,0,0.625,16,0.5,16,-0.625,-0.5
d3pm0a_,a.104.1.0,0.0,8,0.0,0,0.0,0,0.0,0.0
d2x5na_,c.62.1.1,0.0,0,0.0,0,0.0,0,0.0,0.0
d2nana1,d.169.1.0,0.0,0,0.0,0,0.0,0,0.0,0.0
d1y8ca_,c.66.1.43,0.0,4,0.0,0,0.0,0,0.0,0.0
d1wlta1,b.82.1.1,0.0,2,0.548387,65,0.951613,65,-0.548387,-0.951613
d1tj2a1,a.176.1.1,0.0,0,0.0,0,0.0,0,0.0,0.0
d3q46a_,b.40.5.1,0.0,2,0.0,0,0.0,0,0.0,0.0
d4leja2,b.82.1.0,1.0,3,0.958333,65,0.979167,65,0.04166700000000001,0.02083299999999999
d3dc4a1,c.37.1.0,0.0,16,0.0,0,0.0,0,0.0,0.0
d1jxqa1,c.17.1.1,0.0,2,0.0,0,0.0,0,0.0,0.0
d2d5fa1,b.82.1.0,0.0,2,0.875,65,0.979167,65,-0.875,-0.979167
d4zyla_,c.23.1.0,0.0,6,0.821429,100,0.857143,100,-0.821429,-0.857143
d1oaca1,b.30.2.1,0.0,2,0.0,0,0.0,0,0.0,0.0
d6f9ma_,c.41.1.0,0.0,3,0.0,0,0.0,0,0.0,0.0
d4p8ba_,c.94.1.0,0.0,10,0.0,0,0.0,0,0.0,0.0
d1iq8a1,c.1.20.1,0.0,0,0.0,0,0.0,0,0.0,0.0
d4cr2r1,a.118.8.9,0.0,4,0.472727,63,0.6,63,-0.472727,-0.6
d1a6za2,d.19.1.1,0.0,0,0.0,0,0.0,0,0.0,0.0
d1t8sa_,c.56.2.1,0.0,2,0.9,20,0.9,20,-0.9,-0.9
d3ju4a2,b.108.1.0,0.0,0,0.0,0,0.0,0,0.0,0.0
d3t6ec_,a.138.1.2,0.0,2,0.0,0,0.0,0,0.0,0.0
d3nu8a_,c.67.1.0,0.0,23,0.980769,143,0.980769,143,-0.980769,-0.980769
d4wesa_,c.92.2.3,0.5,5,0.485714,38,0.0285714,38,0.014286000000000021,0.4714286
d1u60a_,e.3.1.2,0.0,3,0.0,0,0.0,0,0.0,0.0
d7a9ja_,e.23.1.0,0.0,6,0.0,0,0.0,0,0.0,0.0
d3jv1a_,d.25.1.0,0.0,0,0.0,0,0.0,0,0.0,0.0
d3c2ua2,b.29.1.0,0.0,2,0.0,0,0.0,0,0.0,0.0
d6wpca3,b.18.1.0,0.0,0,0.0,0,0.0,0,0.0,0.0
d1ac5a_,c.69.1.5,0.0,11,0.0,0,0.0,0,0.0,0.0
d1fgha2,c.83.1.1,0.0,0,0.0,0,0.0,0,0.0,0.0
d3o69a_,d.113.1.1,0.0,5,0.0,0,0.0,0,0.0,0.0
d5cfla1,d.387.1.0,0.0,2,0.0,0,0.0,0,0.0,0.0
d4mzya2,c.1.17.1,0.0,0,0.875,10,0.875,10,-0.875,-0.875
d3wh1a_,d.2.1.0,0.0,3,0.0,0,0.0,0,0.0,0.0
d3d1kb_,a.1.1.2,0.0,0,0.787879,57,0.939394,57,-0.787879,-0.939394
d5x8fa_,e.23.1.0,0.3333333333333333,10,0.0,0,0.0,0,0.3333333333333333,0.3333333333333333
d3aa7b_,e.43.1.2,0.0,0,0.0,0,0.0,0,0.0,0.0
d1y5ea1,c.57.1.1,0.0,0,0.0,0,0.0,0,0.0,0.0
d3f66a_,d.144.1.7,0.047619047619047616,22,0.0,0,0.0,0,0.047619047619047616,0.047619047619047616
d4og1a_,c.14.1.0,0.0,12,0.0,0,0.0,0,0.0,0.0
d4m1ua_,d.165.1.2,0.0,0,0.0,0,0.0,0,0.0,0.0
d1s0ka3,b.68.1.1,0.0,2,0.666667,16,0.333333,16,-0.666667,-0.333333
d3tosa_,c.66.1.61,0.0,8,0.0,0,0.0,0,0.0,0.0
d1sr4b_,d.151.1.1,0.0,2,0.0,0,0.0,0,0.0,0.0
d1u2za_,c.66.1.31,0.0,6,0.0,0,0.0,0,0.0,0.0
d2pg9a1,d.14.1.5,0.0,3,0.0,0,0.0,0,0.0,0.0
d5deqa1,d.113.1.6,0.0,2,0.0,0,0.0,0,0.0,0.0
d2wzva_,d.90.1.0,0.0,2,0.0,0,0.0,0,0.0,0.0
d3tqfa_,c.91.1.0,0.0,2,0.0,0,0.0,0,0.0,0.0
d1h7za_,b.21.1.1,0.0,0,0.0,0,0.0,0,0.0,0.0
d2fr1a1,c.2.1.2,0.0,12,0.0,0,0.0,0,0.0,0.0
d1jvba2,c.2.1.1,0.07692307692307693,14,0.0,0,0.0,0,0.07692307692307693,0.07692307692307693
d3biga_,e.7.1.2,0.0,2,0.0,0,0.0,0,0.0,0.0
d1ox0a1,c.95.1.1,0.0,5,0.0,0,0.0,0,0.0,0.0
d5epoa_,c.2.1.0,0.06896551724137931,30,0.0,0,0.0,0,0.06896551724137931,0.06896551724137931
d3nzma_,b.86.1.0,0.0,0,0.0,0,0.0,0,0.0,0.0
d3pjla_,b.1.33.1,0.0,0,0.0,0,0.0,0,0.0,0.0
d6c9ea_,c.67.1.0,0.14285714285714285,15,0.980769,143,0.980769,143,-0.8379118571428572,-0.8379118571428572
g1q7l.1,c.56.5.4,0.0,6,0.0,0,0.0,37,0.0,0.0
d5fmol2,b.121.4.2,0.0,2,0.727273,39,0.605263,44,-0.727273,-0.605263
d2hlya1,d.3.1.19,0.0,0,0.0,0,0.0,0,0.0,0.0
d1y12a1,b.157.1.1,0.0,0,0.0,0,0.0,0,0.0,0.0
d3h78a2,c.95.1.0,0.0,0,0.0,0,0.0,0,0.0,0.0
d7cpme_,c.101.1.0,0.0,2,0.0,0,0.0,0,0.0,0.0
d4hcha2,c.1.11.2,0.0,3,0.969697,43,0.969697,43,-0.969697,-0.969697
d3rkua1,c.2.1.0,0.0,12,0.0,0,0.0,0,0.0,0.0
d4q5na2,a.45.1.0,0.0,2,0.0,0,0.0,0,0.0,0.0
d7jzsa1,d.108.1.0,0.0,3,0.0,0,0.0,0,0.0,0.0
d4ybna_,b.45.1.0,0.0,3,0.896552,46,0.931034,46,-0.896552,-0.931034
d5p9ja_,d.144.1.7,0.0,11,0.0,0,0.0,0,0.0,0.0
d2fkba1,d.113.1.2,0.0,0,0.0,0,0.0,0,0.0,0.0
d4bex1_,d.109.1.2,0.0,3,0.888889,24,0.777778,24,-0.888889,-0.777778
d3bnwa1,b.43.5.0,0.0,0,0.4,6,0.4,6,-0.4,-0.4
d3tr0a_,c.37.1.0,0.0,8,0.0,0,0.0,0,0.0,0.0
d2v9tb_,c.10.2.0,0.0,5,0.823529,32,0.823529,32,-0.823529,-0.823529
d1ftra1,d.58.33.1,0.0,0,0.0,0,0.0,0,0.0,0.0
d4hzra_,d.144.1.7,0.0,19,0.0,0,0.0,0,0.0,0.0
d1qwza1,b.100.1.1,1.0,3,0.0,0,0.0,0,1.0,1.0
d2z0ma1,c.37.1.0,0.19047619047619047,22,0.0,0,0.0,0,0.19047619047619047,0.19047619047619047
g1k2x.1,d.153.1.5,0.0,3,0.0,0,0.0,42,0.0,0.0
d1z1la1,a.211.1.0,0.3333333333333333,4,0.0,0,0.0,0,0.3333333333333333,0.3333333333333333
d1ve4a1,c.94.1.1,0.0,11,0.0,0,0.0,0,0.0,0.0
d7dz7u_,f.43.1.1,0.0,0,0.0,0,0.0,0,0.0,0.0
d1txvb5,b.1.15.1,0.0,0,0.0,0,0.0,0,0.0,0.0
d1y7ea1,b.49.3.1,0.0,0,0.0,0,0.0,0,0.0,0.0
d1f5xa_,a.87.1.1,0.0,2,0.0,0,0.0,0,0.0,0.0
d3govb_,b.47.1.0,0.0,2,0.0,0,0.0,0,0.0,0.0
d3fiua_,c.26.2.0,0.0,4,0.407407,39,0.407407,39,-0.407407,-0.407407
d2c40a_,c.70.1.0,0.0,2,0.0,0,0.0,0,0.0,0.0
d2etda1,a.29.9.1,0.0,0,0.0,0,0.0,0,0.0,0.0
d5m2ta_,c.56.2.1,0.0,2,0.9,20,0.9,20,-0.9,-0.9
d3jb9b5,d.14.1.1,0.0,2,0.0,0,0.0,0,0.0,0.0
d2r8wa_,c.1.10.0,0.0,4,0.8,65,0.885714,65,-0.8,-0.885714
d5l19a_,b.22.1.0,0.3333333333333333,4,0.0,0,0.0,0,0.3333333333333333,0.3333333333333333
d1ng6a_,a.182.1.1,0.0,0,0.0,0,0.0,0,0.0,0.0
d1z02a2,d.129.3.3,0.0,0,0.871795,42,0.282051,42,-0.871795,-0.282051
d1iqqa_,d.124.1.1,0.0,0,0.0,0,0.0,0,0.0,0.0
d3ffha1,c.67.1.0,0.0,20,0.980769,143,0.980769,143,-0.980769,-0.980769
d1ut1a_,b.2.3.6,0.0,0,0.0,0,0.0,0,0.0,0.0
d3czba_,b.52.1.0,0.0,2,0.714286,8,0.428571,8,-0.714286,-0.428571
d4z9ma2,d.128.1.2,0.0,0,0.0,0,0.0,0,0.0,0.0
d4e3xa1,c.82.1.0,0.0,7,0.0,0,0.0,0,0.0,0.0
d6t0ja1,a.104.1.0,0.0,17,0.0,0,0.0,0,0.0,0.0
d1gyta1,c.50.1.1,0.0,0,0.0,0,0.0,0,0.0,0.0
d5n0ka2,b.6.1.0,0.0,0,0.764706,51,0.542857,52,-0.764706,-0.542857
d5muxa_,e.44.1.1,0.0,0,0.0,0,0.0,0,0.0,0.0
d2avue1,e.64.1.1,0.0,0,0.0,0,0.0,0,0.0,0.0
d1mmla_,e.8.1.2,0.0,2,0.0,0,0.0,0,0.0,0.0
d5e0nx_,c.14.1.0,0.0625,17,0.0,0,0.0,0,0.0625,0.0625
d1mkza1,c.57.1.1,0.0,0,0.0,0,0.0,0,0.0,0.0
d1dnva_,b.121.5.3,0.0,0,0.0,0,0.0,0,0.0,0.0
d2o9xa1,a.184.1.1,0.0,0,0.0,0,0.0,0,0.0,0.0
d7c4da1,c.69.1.0,0.0,6,0.0,0,0.0,0,0.0,0.0
d2ntka2,d.153.2.1,0.0,0,0.0,0,0.0,0,0.0,0.0
d2nx2a1,c.129.1.2,0.0,0,0.0,0,0.0,0,0.0,0.0
d3c7ma_,c.47.1.0,0.0,5,0.0631579,215,0.168421,215,-0.0631579,-0.168421
d1nu9c2,a.8.6.1,0.0,0,0.0,0,0.0,0,0.0,0.0
d3fdha_,a.118.8.0,0.0,8,0.0465116,63,0.0465116,63,-0.0465116,-0.0465116
d1q1ra1,c.3.1.5,0.0,4,0.0,0,0.0,0,0.0,0.0
d2ou6a1,a.213.1.2,0.0,0,0.0,0,0.0,0,0.0,0.0
d1iyka2,d.108.1.2,0.0,3,0.0,0,0.0,0,0.0,0.0
d2ihta1,c.31.1.3,0.0,0,0.0,0,0.0,0,0.0,0.0
d1wpxa_,c.69.1.5,0.0,12,0.0,0,0.0,0,0.0,0.0
d1x9la1,b.2.10.1,0.0,0,0.0,0,0.0,0,0.0,0.0
d1jhja_,b.18.1.9,0.0,0,0.0,0,0.0,0,0.0,0.0
d6ufva_,b.2.2.0,0.0,0,0.363636,22,0.181818,22,-0.363636,-0.181818
d3elia1,d.129.3.5,0.0,2,0.69697,42,0.757576,42,-0.69697,-0.757576
d5le5k_,d.153.1.4,0.0,2,0.347826,37,0.25,42,-0.347826,-0.25
d6tyka_,d.90.1.0,0.0,3,0.0,0,0.0,0,0.0,0.0
d2cfua2,d.157.1.13,0.0,5,0.0,0,0.0,0,0.0,0.0
d2joka_,a.168.1.1,0.0,0,0.0,0,0.0,0,0.0,0.0
d1pgva_,c.10.1.1,0.0,0,0.666667,5,0.666667,5,-0.666667,-0.666667
d1uhga_,e.1.1.1,0.0,12,0.0,0,0.0,0,0.0,0.0
d5okga_,c.1.8.0,0.0,18,0.447917,135,0.65625,135,-0.447917,-0.65625
d1z02a1,b.33.1.2,0.0,0,0.0,0,0.0,0,0.0,0.0
d5nlda_,b.29.1.0,0.0,0,0.0,0,0.0,0,0.0,0.0
d1ssqa_,b.81.1.6,0.0,0,0.0,0,0.0,0,0.0,0.0
d3cb2a2,d.79.2.0,0.0,0,0.857143,8,0.0,8,-0.857143,0.0
d1s3la_,d.159.1.7,0.0,0,0.0,0,0.0,0,0.0,0.0
d4wt7a_,c.93.1.0,0.0,7,0.0,0,0.0,0,0.0,0.0
d1wkaa_,b.51.1.1,0.0,0,0.0,0,0.0,0,0.0,0.0
d1isia_,c.23.14.3,0.0,0,0.0,8,0.0,8,0.0,0.0
d1gppa1,b.86.1.2,0.0,0,0.0,0,0.0,0,0.0,0.0
d2hu7a2,c.69.1.33,0.0,9,0.0,0,0.0,0,0.0,0.0
d4n6fa_,c.1.31.0,0.0,0,0.0,0,0.0,0,0.0,0.0
d6gs4a_,f.38.1.0,0.6410256410256411,40,0.0,0,0.0,0,0.6410256410256411,0.6410256410256411
d4yqya1,c.2.1.0,0.0,19,0.0,0,0.0,0,0.0,0.0
d5g4ka_,c.2.1.0,0.0,22,0.0,0,0.0,0,0.0,0.0
d3c6xa_,c.69.1.20,0.09090909090909091,12,0.0,0,0.0,0,0.09090909090909091,0.09090909090909091
d2vsmb1,b.6.1.5,0.0,0,0.0,0,0.0,0,0.0,0.0
d1blia2,c.1.8.1,0.0,13,0.555556,135,0.611111,135,-0.555556,-0.611111
d2h84a2,c.95.1.0,0.0,3,0.0,0,0.0,0,0.0,0.0
d1e5xa_,c.79.1.1,0.0,3,0.0,0,0.0,0,0.0,0.0
d2fxqa_,b.40.4.0,0.0,2,0.283019,130,0.301887,130,-0.283019,-0.301887
d1cb8a1,a.102.3.2,0.0,0,0.5,6,0.5,6,-0.5,-0.5
d6ckma_,c.68.1.13,0.0,2,0.0,0,0.0,0,0.0,0.0
d4edha_,c.37.1.0,0.0,9,0.0,0,0.0,0,0.0,0.0
d2gj8a_,c.37.1.8,0.0,16,0.0,0,0.0,0,0.0,0.0
d1sz7a_,d.278.1.2,0.0,0,0.0,0,0.0,0,0.0,0.0
d1e4mm_,c.1.8.4,0.0,22,0.534351,135,0.725191,135,-0.534351,-0.725191
d4ohca_,c.61.1.0,0.0,2,0.0,0,0.0,0,0.0,0.0
d2cbza1,c.37.1.0,0.08333333333333333,13,0.0,0,0.0,0,0.08333333333333333,0.08333333333333333
d3blda_,c.1.20.1,0.0,0,0.0,0,0.0,0,0.0,0.0
d3vgja_,c.26.1.0,0.0,2,0.4375,53,0.21875,53,-0.4375,-0.21875
d2zlza_,c.26.1.1,0.0,8,0.342857,53,0.171429,53,-0.342857,-0.171429
d1jofa_,b.69.10.1,0.0,0,0.0,0,0.0,0,0.0,0.0
d4wfva_,b.60.1.1,0.0,3,0.0,0,0.0,0,0.0,0.0
d1rh5a_,f.41.1.1,0.0,4,0.0,0,0.0,0,0.0,0.0
d1t3qc2,d.145.1.3,0.0,2,0.0,0,0.0,0,0.0,0.0
d1w9ya1,b.82.2.1,0.25,5,0.589744,42,0.25641,42,-0.33974400000000005,-0.006410000000000027
d1rcwa_,a.132.1.4,0.0,2,0.0,0,0.0,0,0.0,0.0
d2in5a1,b.177.1.1,0.0,0,0.0,0,0.0,0,0.0,0.0
d1n10a2,b.52.1.3,0.0,0,0.0,0,0.0,0,0.0,0.0
d6n9ba2,c.37.1.10,0.0,17,0.0,0,0.0,0,0.0,0.0
d2p90a1,c.56.8.1,0.0,0,0.0,0,0.0,0,0.0,0.0
d2d4ua1,a.24.2.0,0.0,0,0.0,0,0.0,0,0.0,0.0
d2fbia1,a.4.5.28,0.0,4,0.655172,252,0.318966,252,-0.655172,-0.318966
d3pzwa2,a.119.1.1,0.0,2,0.0,0,0.0,0,0.0,0.0
d2cu2a2,c.68.1.20,0.0,5,0.0,0,0.0,0,0.0,0.0
d1xm9a1,a.118.1.24,0.0,7,0.0,0,0.0,0,0.0,0.0
d6q2ca1,a.104.1.0,0.0,10,0.0,0,0.0,0,0.0,0.0
d2bpa1_,b.121.5.1,0.0,0,0.0,7,0.0,7,0.0,0.0
d4ypoa1,c.2.1.0,0.0,17,0.0,0,0.0,0,0.0,0.0
d1gm5a3,c.37.1.19,0.0,9,0.0,0,0.0,0,0.0,0.0
d1piia1,c.1.2.4,0.0,3,0.966667,39,0.966667,39,-0.966667,-0.966667
d3syba_,f.4.7.1,0.0,6,0.8,6,0.8,6,-0.8,-0.8
d5hwaa_,d.2.1.7,0.0,0,0.0,0,0.0,0,0.0,0.0
d1e6yc_,d.58.31.1,0.0,0,0.0,0,0.0,0,0.0,0.0
d1vhza1,d.113.1.1,0.0,3,0.0,0,0.0,0,0.0,0.0
d2hq7a1,b.45.1.1,0.0,0,0.714286,46,0.714286,46,-0.714286,-0.714286
d1z82a1,c.2.1.0,0.0,8,0.0,0,0.0,0,0.0,0.0
d3eera_,d.227.1.0,0.0,2,0.0,0,0.0,0,0.0,0.0
d3c1la_,a.152.1.3,0.0,2,0.0,0,0.0,0,0.0,0.0
d6c1za1,b.60.1.0,0.0,3,0.0,0,0.0,0,0.0,0.0
d2hr7a2,g.3.9.0,0.0,0,0.2,7,0.2,7,-0.2,-0.2
d2wm1a_,c.1.9.0,0.0,4,0.725,60,0.95,60,-0.725,-0.95
d1r5la2,c.13.1.1,0.0,0,0.0,0,0.0,0,0.0,0.0
d3e05a_,c.66.1.0,0.0,8,0.0,0,0.0,0,0.0,0.0
d1po9a2,c.1.9.13,0.0,6,0.0,0,0.0,0,0.0,0.0
d3f6ya_,c.23.14.3,0.0,0,0.0,8,0.0,8,0.0,0.0
d1miwa2,d.218.1.4,0.0,0,0.0,0,0.0,0,0.0,0.0
d1g60a_,c.66.1.11,0.0,8,0.0,0,0.0,0,0.0,0.0
d2j0wa1,c.73.1.3,0.0,0,0.0,0,0.0,0,0.0,0.0
d1v9ka_,d.265.1.3,0.0,0,0.0,0,0.0,0,0.0,0.0
d1fnoa4,c.56.5.4,0.0,2,0.5,36,0.2,37,-0.5,-0.2
d6cn2a_,d.143.1.0,0.0,2,0.0,0,0.0,0,0.0,0.0
d1gnla_,e.26.1.1,0.0,0,0.0,0,0.0,0,0.0,0.0
d5y30a_,c.10.2.0,0.0,3,0.823529,32,0.823529,32,-0.823529,-0.823529
d2dtea1,c.2.1.0,0.0,43,0.0,0,0.0,0,0.0,0.0
d6b10a1,d.126.1.0,0.0,3,0.0,0,0.0,0,0.0,0.0
d6c99a1,d.19.1.0,0.0,0,0.0,0,0.0,0,0.0,0.0
d5aoga_,a.93.1.1,0.0,0,0.0,0,0.0,0,0.0,0.0
d5o5ta3,a.48.2.1,0.0,0,0.0,0,0.0,0,0.0,0.0
d1zy4a1,d.144.1.0,0.05555555555555555,19,0.0,0,0.0,0,0.05555555555555555,0.05555555555555555
d1ryia1,c.3.1.2,0.0,4,0.0,0,0.0,0,0.0,0.0
d1xtpa1,c.66.1.42,0.0,9,0.0,0,0.0,0,0.0,0.0
d2xvla1,b.30.5.11,0.5,3,0.391304,26,0.0416667,27,0.10869600000000001,0.4583333
d1mjha_,c.26.2.4,0.0,2,0.242424,39,0.242424,39,-0.242424,-0.242424
d1nrja_,d.110.4.4,0.0,0,0.166667,7,0.666667,7,-0.166667,-0.666667
d3vyca_,a.118.1.0,0.0,20,0.510204,59,0.469388,59,-0.510204,-0.469388
d1oh4a_,b.18.1.18,0.0,4,0.0,0,0.0,0,0.0,0.0
d2h88b2,a.1.2.1,0.0,0,0.333333,5,0.666667,5,-0.333333,-0.666667
d1rcua_,c.129.1.1,0.0,2,0.0,0,0.0,0,0.0,0.0
d1zd0a1,d.329.1.1,0.0,0,0.0,0,0.0,0,0.0,0.0
d3fw3a_,b.74.1.1,0.0,3,0.0,0,0.0,0,0.0,0.0
d5jsqa_,c.61.1.1,0.0,6,0.0,0,0.0,0,0.0,0.0
d6m3ba_,b.47.1.2,0.0,3,0.0,0,0.0,0,0.0,0.0
d3a5fa_,c.1.10.1,0.0,4,0.822222,65,0.933333,65,-0.822222,-0.933333
d1twfa_,e.29.1.2,0.8181818181818182,12,0.0,0,0.0,0,0.8181818181818182,0.8181818181818182
d5g0aa_,c.67.1.0,0.0,30,0.980769,143,0.980769,143,-0.980769,-0.980769
d3r23a1,d.142.1.0,0.0,2,0.818182,29,0.772727,29,-0.818182,-0.772727
d2opla1,d.227.1.1,0.0,0,0.0,0,0.0,0,0.0,0.0
d5ovka_,c.2.1.0,0.0,17,0.0,0,0.0,0,0.0,0.0
d3cfib_,d.24.1.5,0.0,0,0.0,0,0.0,0,0.0,0.0
d1iqpa2,c.37.1.20,0.0,11,0.0,0,0.0,0,0.0,0.0
d4ppua_,a.130.1.0,0.0,3,0.0,0,0.0,0,0.0,0.0
d4pc3c3,d.43.1.1,0.0,2,0.0,0,0.0,0,0.0,0.0
d1ul1x2,c.120.1.2,0.0,0,0.0,0,0.0,0,0.0,0.0
d2psfa_,c.69.1.0,0.0,10,0.0,0,0.0,0,0.0,0.0
d1cg2a1,c.56.5.4,0.0,3,0.75,36,0.35,37,-0.75,-0.35
d2bcea_,c.69.1.1,0.10526315789473684,20,0.0,0,0.0,0,0.10526315789473684,0.10526315789473684
d1p32a_,d.25.1.1,0.0,0,0.0,0,0.0,0,0.0,0.0
d7jgwa1,f.1.4.1,0.0,2,0.857143,13,0.857143,13,-0.857143,-0.857143
d2a14a1,c.66.1.15,0.0,6,0.0,0,0.0,0,0.0,0.0
d2zata_,c.2.1.0,0.0,26,0.0,0,0.0,0,0.0,0.0
d3h3no2,c.55.1.4,0.0,3,0.237624,102,0.217822,102,-0.237624,-0.217822
d4c24a1,c.74.1.0,0.0,2,0.0,0,0.0,0,0.0,0.0
d3a3da1,e.3.1.3,0.0,5,0.0,0,0.0,0,0.0,0.0
d2q01a_,c.1.9.0,0.0,8,0.675,60,0.8,60,-0.675,-0.8
d3cgha1,a.118.8.6,0.3333333333333333,7,0.112903,63,0.112903,63,0.2204303333333333,0.2204303333333333
d2psoa1,d.129.3.2,0.0,2,0.75,42,0.8,42,-0.75,-0.8
d1vp2a_,c.51.4.1,0.0,0,0.833333,9,0.833333,9,-0.833333,-0.833333
d3ndaa_,e.1.1.0,0.3,11,0.0,0,0.0,0,0.3,0.3
d1atga_,c.94.1.1,0.0,9,0.0,0,0.0,0,0.0,0.0
d3n8ha1,c.26.1.0,0.25,5,0.21875,53,0.0625,53,0.03125,0.1875
d3b77a1,b.55.1.13,0.0,4,0.0705882,86,0.941176,86,-0.0705882,-0.941176
d1yzha1,c.66.1.53,0.0,5,0.0,0,0.0,0,0.0,0.0
d1k12a_,b.18.1.15,0.0,0,0.0,0,0.0,0,0.0,0.0
d2fi1a1,c.108.1.3,0.3333333333333333,4,0.0,0,0.0,0,0.3333333333333333,0.3333333333333333
d4dz1a_,c.94.1.0,0.0,9,0.0,0,0.0,0,0.0,0.0
d4ou9a_,b.69.15.1,0.0,2,0.0,0,0.0,0,0.0,0.0
d3g08a1,d.19.1.0,0.0,2,0.0,0,0.0,0,0.0,0.0
d3l12a_,c.1.18.0,0.0,2,0.5,16,0.5,16,-0.5,-0.5
d1izca_,c.1.12.5,0.0,3,0.705882,19,0.823529,19,-0.705882,-0.823529
d5z5ba1,c.45.1.0,0.0,5,0.0,0,0.0,0,0.0,0.0
d5a3la_,b.179.1.0,0.0,0,0.0,0,0.0,0,0.0,0.0
d1sdia1,a.198.1.1,0.0,0,0.0,0,0.0,0,0.0,0.0
d1e6ca_,c.37.1.2,0.0,5,0.0,0,0.0,0,0.0,0.0
d5yfka_,b.100.1.0,1.0,3,0.0,0,0.0,0,1.0,1.0
d2gb3a1,c.67.1.1,0.0,22,0.992248,143,0.992248,143,-0.992248,-0.992248
d4je6a1,d.167.1.0,0.0,0,0.0,0,0.0,0,0.0,0.0
d1su3a2,b.66.1.1,1.0,2,0.0,0,0.0,0,1.0,1.0
d2rfba_,a.104.1.0,0.0,16,0.0,0,0.0,0,0.0,0.0
d1rt8a_,a.40.1.1,0.0,2,0.888889,17,0.888889,17,-0.888889,-0.888889
d5le5n_,d.153.1.4,0.0,2,0.304348,37,0.25,42,-0.304348,-0.25
d4eqma_,d.144.1.0,0.23076923076923078,14,0.0,0,0.0,0,0.23076923076923078,0.23076923076923078
d3c8da1,b.1.18.20,0.0,0,0.0,0,0.0,0,0.0,0.0
d6rb7a_,c.1.10.0,0.0,4,0.685714,65,0.885714,65,-0.685714,-0.885714
d2wp8b1,d.14.1.0,0.0,0,0.0,0,0.0,0,0.0,0.0
d1ihua2,c.37.1.10,0.0,15,0.0,0,0.0,0,0.0,0.0
d2b0aa1,c.8.8.1,0.0,0,0.5,3,0.5,3,-0.5,-0.5
d1ohua_,f.1.4.1,0.0,0,0.857143,13,0.857143,13,-0.857143,-0.857143
d4nbra1,c.2.1.0,0.0,17,0.0,0,0.0,0,0.0,0.0
d3zm1a1,c.45.1.0,0.0,7,0.0,0,0.0,0,0.0,0.0
d2z48a3,d.281.1.1,0.0,0,0.0,0,0.0,0,0.0,0.0
d1w25a3,d.58.29.2,0.0,0,0.0,0,0.0,0,0.0,0.0
d3esqa_,c.108.1.19,0.0,5,0.0,0,0.0,0,0.0,0.0
d4jv8b_,b.1.18.8,0.0,3,0.043956,92,0.032967,92,-0.043956,-0.032967
d1fcya_,a.123.1.1,0.0,3,0.0,0,0.0,0,0.0,0.0
d4phja_,a.39.1.8,0.0,2,0.746479,73,0.830986,73,-0.746479,-0.830986
d3ncia1,c.55.3.5,0.0,4,0.0227273,61,0.0227273,61,-0.0227273,-0.0227273
d3wtsb_,b.54.1.1,0.0,0,0.0,0,0.0,0,0.0,0.0
d1iapa_,a.91.1.1,0.0,0,0.0,0,0.0,0,0.0,0.0
d1z1wa1,b.98.1.1,0.0,0,0.0,0,0.0,0,0.0,0.0
d1hm9a1,b.81.1.4,0.0,2,0.904762,24,0.952381,24,-0.904762,-0.952381
d6ieya1,c.69.1.0,0.0,16,0.0,0,0.0,0,0.0,0.0
d1w36c2,c.37.1.19,0.0,20,0.0,0,0.0,0,0.0,0.0
d1nuna_,b.42.1.1,0.0,0,0.909091,16,0.909091,16,-0.909091,-0.909091
d4ddea1,c.1.8.0,0.0,12,0.447917,135,0.645833,135,-0.447917,-0.645833
d6hn1a1,a.126.1.0,0.0,0,0.0,0,0.0,0,0.0,0.0
d1o70a1,b.118.1.1,0.0,0,0.0,0,0.0,0,0.0,0.0
d4ntla_,c.94.1.0,0.2,6,0.0,0,0.0,0,0.2,0.2
d1q16a2,c.81.1.1,0.0,5,0.0,0,0.0,0,0.0,0.0
d1qora1,b.35.1.2,1.0,2,0.0,20,0.0,20,1.0,1.0
d1v2ba_,d.107.1.2,0.0,0,0.0,0,0.0,0,0.0,0.0
d1ihua1,c.37.1.10,0.0,14,0.0,0,0.0,0,0.0,0.0
d3rrva_,c.14.1.0,0.0625,17,0.0,0,0.0,0,0.0625,0.0625
d1am7a_,d.2.1.4,0.0,2,0.0,0,0.0,0,0.0,0.0
d4b9fa_,b.2.2.2,0.0,2,0.4,22,0.333333,22,-0.4,-0.333333
d3tzla_,c.26.1.0,0.0,6,0.40625,53,0.21875,53,-0.40625,-0.21875
d3ucaa_,a.128.1.0,0.2222222222222222,10,0.0,0,0.0,0,0.2222222222222222,0.2222222222222222
d4mp8a_,c.2.1.0,0.0,21,0.0,0,0.0,0,0.0,0.0
d4esma_,d.178.1.1,0.0,0,0.0,0,0.0,0,0.0,0.0
d5eria1,a.4.5.0,0.0,3,0.578652,252,0.297753,252,-0.578652,-0.297753
d3ozya2,c.1.11.0,0.0,5,0.923077,43,0.923077,43,-0.923077,-0.923077
d2w6ka1,c.151.1.1,0.0,0,0.0,0,0.0,0,0.0,0.0
d5k3ha3,a.29.3.0,0.0,2,0.25,19,0.125,19,-0.25,-0.125
d6qrna_,b.29.1.3,0.0,3,0.0,0,0.0,0,0.0,0.0
d2b94a1,c.56.2.1,0.0,2,0.9,20,0.9,20,-0.9,-0.9
d1znpa1,b.82.1.16,0.0,4,0.936508,65,0.952381,65,-0.936508,-0.952381
d5gxxa1,a.102.1.0,0.0,7,0.666667,28,0.761905,28,-0.666667,-0.761905
d1piea2,d.58.26.7,0.0,3,0.727273,12,0.636364,12,-0.727273,-0.636364
d4io2a1,c.94.1.0,0.125,9,0.0,0,0.0,0,0.125,0.125
d2edma1,b.170.1.1,0.0,0,0.0,0,0.0,0,0.0,0.0
d3ooia1,f.54.1.2,0.0,2,0.0,0,0.0,0,0.0,0.0
d1g8ja2,c.81.1.1,0.0,5,0.0,0,0.0,0,0.0,0.0
d1h0ka1,b.35.1.2,0.0,2,0.0,20,0.0,20,0.0,0.0
d6z3ub_,d.144.1.0,0.0,13,0.0,0,0.0,0,0.0,0.0
d3epra1,c.108.1.14,0.0,7,0.0,0,0.0,0,0.0,0.0
d1hyua1,c.3.1.5,0.0,2,0.0,0,0.0,0,0.0,0.0
d6slda2,c.13.1.0,0.0,0,0.5,3,0.5,3,-0.5,-0.5
d3rssa2,c.72.1.4,0.25,5,0.86,51,0.94,51,-0.61,-0.69
d3gfoa_,c.37.1.0,0.0,19,0.0,0,0.0,0,0.0,0.0
d1w1oa1,d.58.32.4,0.0,2,0.0,0,0.0,0,0.0,0.0
d2cnqa_,d.143.1.1,0.0,0,0.0,0,0.0,0,0.0,0.0
d1k8kg_,a.118.13.1,0.0,0,0.0,0,0.0,0,0.0,0.0
d1s21a_,d.166.1.4,0.0,0,0.0,0,0.0,0,0.0,0.0
d1rj8a_,b.22.1.1,0.0,0,0.0,0,0.0,0,0.0,0.0
d1e29a_,a.3.1.1,0.0,2,0.0,0,0.0,0,0.0,0.0
d6id0c1,c.37.1.0,0.05555555555555555,19,0.0,0,0.0,0,0.05555555555555555,0.05555555555555555
d1ti6b2,d.58.1.5,0.0,0,0.153846,24,0.846154,24,-0.153846,-0.846154
d1of5b_,d.17.4.2,0.0,0,0.871429,76,0.957143,76,-0.871429,-0.957143
d3rhya_,d.126.1.3,0.0,2,0.0,0,0.0,0,0.0,0.0
d1x9ya2,d.17.1.4,0.0,0,0.0,0,0.0,0,0.0,0.0
d6viaa1,b.82.1.20,0.0,0,0.78125,65,0.984375,65,-0.78125,-0.984375
d2cz9a1,d.14.1.0,0.0,4,0.0,0,0.0,0,0.0,0.0
d1x9na1,a.235.1.1,0.0,0,0.0,0,0.0,0,0.0,0.0
d1lsha1,a.118.4.1,0.0,0,0.0,0,0.0,0,0.0,0.0
d1erja_,b.69.4.1,0.0,14,0.846154,28,0.692308,28,-0.846154,-0.692308
d4lrua1,c.23.16.2,0.0,0,0.342857,42,0.342857,42,-0.342857,-0.342857
d3h7ta_,b.47.1.0,0.0,2,0.0,0,0.0,0,0.0,0.0
d2phja_,c.106.1.0,0.0,2,0.0,0,0.0,0,0.0,0.0
d6ohka1,c.23.5.0,1.0,2,0.909091,37,0.909091,37,0.09090900000000002,0.09090900000000002
d6qh5n_,d.110.4.2,0.0,0,0.833333,7,0.833333,7,-0.833333,-0.833333
d1bhea_,b.80.1.3,0.0,0,0.842105,22,0.894737,22,-0.842105,-0.894737
d4jz6a1,c.82.1.0,0.0,16,0.0,0,0.0,0,0.0,0.0
d1lrza2,d.108.1.4,0.0,2,0.0,0,0.0,0,0.0,0.0
d3etja3,d.142.1.2,0.0,2,0.772727,29,0.818182,29,-0.772727,-0.818182
d4adya1,a.118.1.28,0.0,11,0.534483,59,0.517241,59,-0.534483,-0.517241
d6xlra1,b.18.1.0,0.0,0,0.0,0,0.0,0,0.0,0.0
d2hgsa4,d.142.1.6,0.0,2,0.392857,29,0.0714286,29,-0.392857,-0.0714286
d3cwva1,d.122.1.0,0.0,0,0.0,0,0.0,0,0.0,0.0
d3kkra1,c.55.3.0,1.0,2,0.2,61,0.08,61,0.8,0.92
d3ek1a1,c.82.1.0,0.0,13,0.0,0,0.0,0,0.0,0.0
d4dxha2,c.2.1.1,0.0,8,0.0,0,0.0,0,0.0,0.0
d2euta_,a.93.1.1,0.0,2,0.0,0,0.0,0,0.0,0.0
d4iwha1,c.77.1.1,0.0,2,0.0,0,0.0,0,0.0,0.0
d6qssa1,c.2.1.0,0.0,13,0.0,0,0.0,0,0.0,0.0
d2xvma1,c.66.1.44,0.0,5,0.0,0,0.0,0,0.0,0.0
d3gbca_,c.33.1.0,0.0,3,0.0,0,0.0,0,0.0,0.0
d1saya1,c.2.1.4,0.0,14,0.0,0,0.0,0,0.0,0.0
d1poia_,c.124.1.2,0.0,2,0.0,0,0.0,0,0.0,0.0
d1oeja_,b.60.1.4,0.0,2,0.0,0,0.0,0,0.0,0.0
d1t1ua1,c.43.1.3,0.0,0,0.0,0,0.0,0,0.0,0.0
d4ogca3,d.393.1.1,0.0,0,0.0,0,0.0,0,0.0,0.0
d6p3ha2,d.21.1.0,0.0,0,0.0,0,0.0,0,0.0,0.0
d5b7ha1,c.94.1.0,0.0,7,0.0,0,0.0,0,0.0,0.0
d2qtpa1,d.79.9.1,0.0,0,0.0,0,0.0,0,0.0,0.0
d1lk5a1,c.124.1.4,0.0,0,0.0,0,0.0,0,0.0,0.0
d1xnga1,c.26.2.1,0.0,3,0.28125,39,0.25,39,-0.28125,-0.25
d2e1va2,c.43.1.4,0.0,0,0.0,0,0.0,0,0.0,0.0
d1dosa_,c.1.10.2,0.0,2,0.5,65,0.875,65,-0.5,-0.875
d1hx6a1,b.121.2.1,0.0,2,0.4,6,0.0,6,-0.4,0.0
d1ozna_,c.10.2.7,0.0,6,0.814815,32,0.777778,32,-0.814815,-0.777778
d4w7wa1,c.1.8.0,0.0,17,0.395833,135,0.572917,135,-0.395833,-0.572917
d5c3qa1,b.82.2.0,0.0,0,0.366667,42,0.166667,42,-0.366667,-0.166667
d2d4ca1,a.238.1.1,0.0,0,0.0,0,0.0,0,0.0,0.0
d1jeya2,c.62.1.3,0.0,0,0.0,0,0.0,0,0.0,0.0
d4hbla1,a.4.5.0,1.0,2,0.432584,252,0.297753,252,0.5674159999999999,0.7022470000000001
d5ui3a_,c.1.10.0,0.0,5,0.485714,65,0.857143,65,-0.485714,-0.857143
d1olra_,b.29.1.11,0.0,5,0.0,0,0.0,0,0.0,0.0
d2hzga2,c.1.11.0,0.0,10,0.923077,43,0.923077,43,-0.923077,-0.923077
d2jlpa_,b.1.8.0,0.0,0,0.8,6,0.8,6,-0.8,-0.8
d3qm9a_,a.1.1.2,0.0,2,0.818182,57,0.939394,57,-0.818182,-0.939394
d4whsa_,b.3.6.1,0.0,0,0.666667,4,0.666667,4,-0.666667,-0.666667
d2akab1,c.37.1.8,0.0,9,0.0,0,0.0,0,0.0,0.0
d5i90a_,c.67.1.0,0.0,9,0.980769,143,0.980769,143,-0.980769,-0.980769
d1n55a_,c.1.1.1,0.0,2,0.8,6,0.8,6,-0.8,-0.8
d2gtra_,c.14.1.3,0.25,13,0.0,0,0.0,0,0.25,0.25
d4eqba_,c.94.1.0,0.0,17,0.0,0,0.0,0,0.0,0.0
d2rc5a1,b.43.4.0,0.0,2,0.928571,23,0.857143,23,-0.928571,-0.857143
d2gk3a1,c.23.16.9,0.0,2,0.0,0,0.0,0,0.0,0.0
d7dkzl_,f.31.1.0,1.0,2,0.0,0,0.0,0,1.0,1.0
d3e3ma1,c.93.1.0,0.0,6,0.0,0,0.0,0,0.0,0.0
d1rp0a1,c.3.1.6,0.0,3,0.0,0,0.0,0,0.0,0.0
d7ahka1,f.49.1.1,0.0,0,0.0,0,0.0,0,0.0,0.0
d4wsbb_,e.8.1.9,0.4,6,0.0,0,0.0,0,0.4,0.4
d2abwa1,c.23.16.1,0.0,0,0.206897,42,0.241379,42,-0.206897,-0.241379
d1po0a_,f.4.3.3,0.0,5,0.933333,18,0.933333,18,-0.933333,-0.933333
d3ddva1,d.190.1.2,0.0,0,0.0,0,0.0,0,0.0,0.0
d4mgga2,c.1.11.0,0.0,3,0.923077,43,0.923077,43,-0.923077,-0.923077
d3sk3a1,c.55.1.0,0.0,4,0.448276,102,0.0689655,102,-0.448276,-0.0689655
d1jq5a_,e.22.1.2,0.0,2,0.0,0,0.0,0,0.0,0.0
d3njea_,d.24.1.0,0.0,0,0.0,0,0.0,0,0.0,0.0
d6vx8a_,f.67.1.1,0.0,0,0.0,0,0.0,0,0.0,0.0
d3su6a1,b.47.1.3,0.0,0,0.0,0,0.0,0,0.0,0.0
d1ml4a1,c.78.1.1,1.0,2,0.3125,21,0.25,21,0.6875,0.75
d5xvta3,c.48.1.0,0.0,0,0.0,0,0.0,0,0.0,0.0
d1gkub1,c.37.1.16,0.0,10,0.0,0,0.0,0,0.0,0.0
g1ibv.1,d.155.1.1,0.0,0,0.0,0,0.0,0,0.0,0.0
d3aowa_,c.67.1.0,0.0,17,0.980769,143,0.980769,143,-0.980769,-0.980769
d3dnpa_,c.108.1.0,0.0,7,0.0,0,0.0,0,0.0,0.0
d2xiga_,a.4.5.0,0.0,3,0.539326,252,0.617978,252,-0.539326,-0.617978
d3bixa1,c.69.1.0,0.0,18,0.0,0,0.0,0,0.0,0.0
d6yk4a1,c.94.1.1,0.0,10,0.0,0,0.0,0,0.0,0.0
d1fsga1,c.61.1.1,0.0,4,0.0,0,0.0,0,0.0,0.0
d2phpa1,c.74.1.2,0.0,2,0.0,0,0.0,0,0.0,0.0
d1fioa_,a.47.2.1,0.0,2,0.0,0,0.0,0,0.0,0.0
d1hr6b2,d.185.1.1,0.0,0,0.0,0,0.0,0,0.0,0.0
d3ugua2,b.1.18.11,0.0,0,0.010989,92,0.010989,92,-0.010989,-0.010989
d3i5ta_,c.67.1.0,0.1875,33,0.980769,143,0.980769,143,-0.793269,-0.793269
d3ma0a1,c.93.1.0,0.0,10,0.0,0,0.0,0,0.0,0.0
d1n71a_,d.108.1.1,0.0,2,0.0,0,0.0,0,0.0,0.0
g1r8o.1,b.42.4.1,0.0,0,0.0,0,0.0,18,0.0,0.0
d5lc5h_,f.72.1.2,0.0,41,0.0,0,0.0,0,0.0,0.0
d4r5za1,c.67.1.0,0.0,15,0.980769,143,0.980769,143,-0.980769,-0.980769
d2ozga2,d.108.1.10,0.0,2,0.0,0,0.0,0,0.0,0.0
d1ouwa_,b.77.3.1,0.0,0,0.666667,5,0.666667,6,-0.666667,-0.666667
d1t06a_,a.118.1.17,0.0,3,0.241379,59,0.517241,59,-0.241379,-0.517241
d3ppma_,c.117.1.1,0.0,2,0.0,0,0.0,0,0.0,0.0
d3iq1a_,a.25.1.0,0.0,0,0.609756,55,0.853659,55,-0.609756,-0.853659
d1kqfc_,f.21.1.1,0.0,0,0.0,0,0.0,0,0.0,0.0
d3nywa1,c.2.1.0,0.0,19,0.0,0,0.0,0,0.0,0.0
d3e3ua_,d.167.1.0,0.0,0,0.0,0,0.0,0,0.0,0.0
d2fn9a_,c.93.1.0,0.0,5,0.0,0,0.0,0,0.0,0.0
d4ohna_,c.94.1.0,0.0,11,0.0,0,0.0,0,0.0,0.0
d2f22a1,a.213.1.2,0.0,0,0.0,0,0.0,0,0.0,0.0
d5f47a_,d.108.1.0,0.0,2,0.0,0,0.0,0,0.0,0.0
d1o70a2,b.118.1.1,0.0,0,0.0,0,0.0,0,0.0,0.0
d3bvxa3,c.6.2.1,0.0,3,0.0,0,0.470588,18,0.0,-0.470588
d2bzla_,c.45.1.0,0.0,3,0.0,0,0.0,0,0.0,0.0
d1aqza_,d.1.1.3,0.0,0,0.0,0,0.0,0,0.0,0.0
d1vk2a_,c.18.1.2,0.0,0,0.0,0,0.0,0,0.0,0.0
d6pnza2,c.78.1.0,0.0,0,0.571429,21,0.571429,21,-0.571429,-0.571429
d1zh8a1,c.2.1.3,0.0,6,0.0,0,0.0,0,0.0,0.0
d3gdla_,c.1.2.3,0.0,4,0.764706,39,0.970588,39,-0.764706,-0.970588
d6veaa_,c.94.1.0,0.0,17,0.0,0,0.0,0,0.0,0.0
d2ed6a1,b.170.1.1,0.0,0,0.0,0,0.0,0,0.0,0.0
d4hrfa1,c.45.1.0,0.0,2,0.0,0,0.0,0,0.0,0.0
d4xaea_,b.82.2.0,0.0,2,0.6,42,0.2,42,-0.6,-0.2
d3taob_,c.1.1.0,0.0,2,0.666667,6,0.666667,6,-0.666667,-0.666667
d4wnya1,c.26.2.0,0.0,3,0.222222,39,0.259259,39,-0.222222,-0.259259
d1nnma_,e.23.1.1,0.0,17,0.0,0,0.0,0,0.0,0.0
d3sg0a_,c.93.1.0,0.3333333333333333,7,0.0,0,0.0,0,0.3333333333333333,0.3333333333333333
d2ez2a_,c.67.1.2,0.0,12,0.0,0,0.0,0,0.0,0.0
d1v9da_,a.207.1.1,0.0,2,0.0,0,0.0,0,0.0,0.0
d1xipa1,b.69.14.1,0.0,0,0.0,0,0.0,0,0.0,0.0
d2hq4a1,d.342.1.1,0.0,0,0.0,0,0.0,0,0.0,0.0
d1rqba1,a.5.7.2,0.0,0,0.0,0,0.0,0,0.0,0.0
d3ilza1,a.123.1.1,0.0,0,0.0,0,0.0,0,0.0,0.0
d4ijra_,c.1.7.0,0.0,4,0.875,19,0.875,19,-0.875,-0.875
d6rvqa1,c.32.1.1,0.0,0,0.0,0,0.0,0,0.0,0.0
d2pk0a1,d.219.1.0,1.0,2,0.0,0,0.0,0,1.0,1.0
d1r0ma1,c.1.11.2,0.0,9,0.969697,43,0.969697,43,-0.969697,-0.969697
d1jw3a_,d.208.1.1,0.0,0,0.0,0,0.0,0,0.0,0.0
d1zj9a3,d.134.1.1,0.0,2,0.0,0,0.0,0,0.0,0.0
d6v7ga1,b.82.1.2,0.0,2,0.95082,65,0.983607,65,-0.95082,-0.983607
d1ikpa2,d.166.1.1,0.0,0,0.0,0,0.0,0,0.0,0.0
d3uv9a1,b.29.1.0,0.0,3,0.0,0,0.0,0,0.0,0.0
d3jzja_,c.94.1.0,0.0,15,0.0,0,0.0,0,0.0,0.0
d5b5ea_,f.26.1.1,0.0,0,0.0,0,0.0,0,0.0,0.0
d2b5xa1,c.47.1.10,0.0,4,0.613402,215,0.592784,215,-0.613402,-0.592784
d1r8na_,b.42.4.1,0.0,0,0.928571,17,0.928571,18,-0.928571,-0.928571
d1fj2a1,c.69.1.14,0.0,10,0.0,0,0.0,0,0.0,0.0
d1xm5a_,d.92.1.15,0.0,0,0.15,42,0.0,42,-0.15,0.0
d1wfxa_,d.166.1.5,0.0,0,0.0,0,0.0,0,0.0,0.0
d2yvua_,c.37.1.0,0.0,11,0.0,0,0.0,0,0.0,0.0
d2dpma_,c.66.1.28,0.0,11,0.0,0,0.0,0,0.0,0.0
d1nara_,c.1.8.5,0.0,6,0.268293,135,0.552846,135,-0.268293,-0.552846
d6ctha1,d.144.1.0,0.14285714285714285,22,0.0,0,0.0,0,0.14285714285714285,0.14285714285714285
d3pr1a_,c.37.1.0,0.0,5,0.0,0,0.0,0,0.0,0.0
d1p5xa_,a.124.1.1,0.0,0,0.0,0,0.0,0,0.0,0.0
d2ci0a_,a.104.1.1,0.0,4,0.0,0,0.0,0,0.0,0.0
d4ztka_,e.3.1.0,0.0,5,0.0,0,0.0,0,0.0,0.0
d3bula2,c.23.6.1,0.0,0,0.0,0,0.0,0,0.0,0.0
d2pcqa_,c.1.10.0,0.0,7,0.714286,65,0.885714,65,-0.714286,-0.885714
d6bcoa1,c.129.1.3,0.0,0,0.0,0,0.0,0,0.0,0.0
d4l82a_,b.45.1.0,0.0,3,0.758621,46,0.965517,46,-0.758621,-0.965517
d4n13a_,c.94.1.0,0.0,4,0.0,0,0.0,0,0.0,0.0
d4l9pa_,a.118.6.0,0.0,4,0.666667,5,0.666667,5,-0.666667,-0.666667
d3shda_,d.113.1.0,0.0,0,0.0,0,0.0,0,0.0,0.0
d6uxea1,c.67.1.3,0.23809523809523808,22,0.984615,143,0.992308,143,-0.7465197619047619,-0.7542127619047618
d4e1oa1,c.67.1.0,0.0,15,0.980769,143,0.980769,143,-0.980769,-0.980769
d3biya_,d.108.1.11,0.0,2,0.0,0,0.0,0,0.0,0.0
d1h54a1,a.102.1.4,0.0,6,0.222222,28,0.851852,28,-0.222222,-0.851852
d2bv6a1,a.4.5.28,0.6666666666666666,4,0.439655,252,0.288793,252,0.2270116666666666,0.3778736666666666
d4wnoa_,d.144.1.0,0.07142857142857142,15,0.0,0,0.0,0,0.07142857142857142,0.07142857142857142
d3eefa_,c.33.1.0,0.0,0,0.0,0,0.0,0,0.0,0.0
d2apoa2,d.265.1.2,0.0,0,0.0,0,0.0,0,0.0,0.0
d2qjga_,c.1.10.0,0.0,4,0.828571,65,0.828571,65,-0.828571,-0.828571
d3v6ta_,a.298.1.1,1.0,13,0.0,0,0.0,0,1.0,1.0
d2g0wa1,c.1.15.4,0.0,0,0.909091,13,0.909091,13,-0.909091,-0.909091
d4giea1,c.1.7.0,0.0,4,0.875,19,0.875,19,-0.875,-0.875
d4c0ra1,c.94.1.0,0.0,10,0.0,0,0.0,0,0.0,0.0
d5vn4a1,c.61.1.0,0.0,4,0.0,0,0.0,0,0.0,0.0
d1bd3a_,c.61.1.1,0.25,5,0.0,0,0.0,0,0.25,0.25
d2ch5a1,c.55.1.5,0.0,3,0.354167,102,0.25,102,-0.354167,-0.25
d4urpa_,d.90.1.0,0.0,0,0.0,0,0.0,0,0.0,0.0
d1svsa1,c.37.1.8,0.0,12,0.0,0,0.0,0,0.0,0.0
d1vqqa2,d.175.1.1,0.0,0,0.0,0,0.0,0,0.0,0.0
d1zboa1,b.122.1.10,0.0,0,0.0,0,0.0,0,0.0,0.0
d1r6da_,c.2.1.2,0.0,30,0.0,0,0.0,0,0.0,0.0
d1m2ka1,c.31.1.5,0.6,6,0.0,0,0.0,0,0.6,0.6
d5iz3a_,e.7.1.0,0.3333333333333333,7,0.0,0,0.0,0,0.3333333333333333,0.3333333333333333
d2g40a1,c.124.1.7,0.0,0,0.0,0,0.0,0,0.0,0.0
d2vjga_,d.129.3.0,0.0,0,0.935484,42,0.806452,42,-0.935484,-0.806452
d4itaa_,c.82.1.0,0.0,11,0.0,0,0.0,0,0.0,0.0
d3mwja_,c.37.1.0,0.09523809523809523,22,0.0,0,0.0,0,0.09523809523809523,0.09523809523809523
d2z26a_,c.1.9.4,0.125,9,0.0,0,0.0,0,0.125,0.125
d1qv0a_,a.39.1.5,0.0,7,0.396226,73,0.433962,73,-0.396226,-0.433962
d4bcta_,b.25.1.1,0.0,2,0.0,0,0.0,0,0.0,0.0
d6sdpa_,a.128.1.0,0.0,0,0.0,0,0.0,0,0.0,0.0
d3r0qa_,c.66.1.0,0.42857142857142855,8,0.0,0,0.0,0,0.42857142857142855,0.42857142857142855
d3cr3a1,a.208.1.1,0.0,2,0.0,0,0.0,0,0.0,0.0
d1xkua_,c.10.2.7,0.0,10,0.777778,32,0.777778,32,-0.777778,-0.777778
d1eu8a_,c.94.1.1,0.0,24,0.0,0,0.0,0,0.0,0.0
d6koga2,c.95.1.0,0.0,4,0.0,0,0.0,0,0.0,0.0
d7kn8a1,b.69.13.0,0.0,2,0.666667,8,0.666667,8,-0.666667,-0.666667
d4gota_,c.94.1.0,0.0,12,0.0,0,0.0,0,0.0,0.0
d6sooa_,a.25.1.0,0.0,2,0.707317,55,0.853659,55,-0.707317,-0.853659
d3b4ua_,c.1.10.0,0.0,2,0.714286,65,0.857143,65,-0.714286,-0.857143
d1b4ka_,c.1.10.3,0.0,6,0.6875,65,0.90625,65,-0.6875,-0.90625
d1ej8a_,b.1.8.1,0.0,0,0.666667,6,0.666667,6,-0.666667,-0.666667
d6pz7a_,c.1.8.0,0.25,17,0.583333,135,0.645833,135,-0.333333,-0.395833
d1t71a_,d.159.1.9,0.0,3,0.0,0,0.0,0,0.0,0.0
d3n90a1,b.80.8.0,0.0,2,0.0,0,0.0,0,0.0,0.0
d1xfka_,c.42.1.1,0.0,0,0.0,0,0.0,0,0.0,0.0
d5dzza1,d.211.2.0,0.0,0,0.0,0,0.0,0,0.0,0.0
d5llta1,c.26.1.0,0.0,0,0.34375,53,0.25,53,-0.34375,-0.25
d4h7na1,c.82.1.0,0.0,14,0.0,0,0.0,0,0.0,0.0
d2qq5a_,c.2.1.0,0.0,15,0.0,0,0.0,0,0.0,0.0
d2wqta_,d.177.1.1,0.0,0,0.0,0,0.0,0,0.0,0.0
d1uj2a_,c.37.1.6,0.0,8,0.0,0,0.0,0,0.0,0.0
d3futa_,c.66.1.0,0.0,14,0.0,0,0.0,0,0.0,0.0
d2hkea2,d.58.26.0,0.0,2,0.7,12,0.6,12,-0.7,-0.6
d3amca_,c.1.8.0,0.08333333333333333,13,0.65625,135,0.572917,135,-0.5729166666666666,-0.4895836666666667
d7bvta_,c.94.1.0,0.0,13,0.0,0,0.0,0,0.0,0.0
d5vf5a1,b.82.1.0,0.0,2,0.854167,65,0.979167,65,-0.854167,-0.979167
d3cmba1,d.347.1.1,0.0,0,0.0,0,0.0,0,0.0,0.0
d4qmea2,d.92.1.13,0.0,2,0.075,42,0.025,42,-0.075,-0.025
d5a71a_,c.69.1.17,0.0,10,0.0,0,0.0,0,0.0,0.0
d5x2ma_,c.93.1.0,0.1111111111111111,10,0.0,0,0.0,0,0.1111111111111111,0.1111111111111111
d1h6ya_,b.18.1.7,0.0,4,0.0,0,0.0,0,0.0,0.0
d3h9va2,b.184.1.1,0.0,0,0.0,0,0.0,0,0.0,0.0
d2z1ea2,d.139.1.1,0.0,2,0.0,0,0.0,0,0.0,0.0
d3vasa_,c.72.1.0,0.0,8,0.882353,51,0.941176,51,-0.882353,-0.941176
d5d2ka_,d.177.1.0,0.0,2,0.0,0,0.0,0,0.0,0.0
d1j1ba_,d.144.1.7,0.0,5,0.0,0,0.0,0,0.0,0.0
d3aj6a2,b.42.2.1,0.0,0,0.875,19,0.875,19,-0.875,-0.875
d2c2ua_,a.25.1.0,0.0,0,0.487805,55,0.853659,55,-0.487805,-0.853659
d1m0wa2,d.142.1.6,0.0,0,0.321429,29,0.214286,29,-0.321429,-0.214286
d6n0ka_,b.82.1.12,0.0,4,0.828125,65,0.953125,65,-0.828125,-0.953125
d1a7sa_,b.47.1.2,0.0,8,0.0,0,0.0,0,0.0,0.0
d3buja1,a.104.1.0,0.0,14,0.0,0,0.0,0,0.0,0.0
d2vaxa_,c.69.1.40,0.0,14,0.0,0,0.0,0,0.0,0.0
d3l4ra_,b.60.1.0,0.0,4,0.0,0,0.0,0,0.0,0.0
d4oc9a_,c.67.1.0,0.1111111111111111,28,0.980769,143,0.980769,143,-0.8696578888888888,-0.8696578888888888
d2ra5a1,d.190.1.2,0.0,0,0.0,0,0.0,0,0.0,0.0
d6tm9a_,d.157.1.1,0.2857142857142857,8,0.0,0,0.0,0,0.2857142857142857,0.2857142857142857
d5gota1,c.44.1.0,0.0,5,0.75,13,0.75,13,-0.75,-0.75
d1hi9a_,c.99.1.1,0.0,0,0.0,0,0.0,0,0.0,0.0
d3nuhb2,d.385.1.1,0.0,0,0.0,0,0.0,0,0.0,0.0
d1wz9a_,e.1.1.1,0.0,9,0.0,0,0.0,0,0.0,0.0
d5gpla_,d.305.1.0,0.0,0,0.0,0,0.0,0,0.0,0.0
d5toqa1,c.67.1.1,0.0,14,0.96124,143,0.992248,143,-0.96124,-0.992248
d4e38a1,c.1.10.0,0.5454545454545454,12,0.685714,65,0.828571,65,-0.14025945454545463,-0.28311645454545453
d2cjqa_,e.8.1.4,0.0,5,0.0,0,0.0,0,0.0,0.0
g1apy.1,d.153.1.5,0.0,2,0.0,0,0.0,42,0.0,0.0
d1utwa2,b.29.1.19,0.0,2,0.0,0,0.0,0,0.0,0.0
d2ijra1,e.66.1.1,0.0,0,0.0,0,0.0,0,0.0,0.0
d1mdah_,b.69.2.1,0.0,0,0.0,0,0.0,0,0.0,0.0
d4cr2z2,a.118.28.1,0.0,0,0.0,0,0.0,0,0.0,0.0
d4e5ya_,c.2.1.0,0.0,11,0.0,0,0.0,0,0.0,0.0
d2hi0a1,c.108.1.0,0.0,6,0.0,0,0.0,0,0.0,0.0
d3jb9c_,d.13.1.5,0.0,2,0.0,0,0.0,0,0.0,0.0
d3tewa2,b.179.1.1,0.5,3,0.0,0,0.0,0,0.5,0.5
d1z6ga_,c.37.1.0,0.0,4,0.0,0,0.0,0,0.0,0.0
d1a8ra_,d.96.1.1,0.0,0,0.882353,18,0.823529,18,-0.882353,-0.823529
d1nrhx4,d.162.1.2,0.0,3,0.0,0,0.0,0,0.0,0.0
d2fuea_,c.108.1.10,0.0,4,0.0,0,0.0,0,0.0,0.0
d3er9b_,e.69.1.1,0.0,0,0.0,0,0.0,0,0.0,0.0
d1m22a_,c.117.1.1,0.0,3,0.0,0,0.0,0,0.0,0.0
d2zs0b_,a.1.1.0,0.0,0,0.972222,57,0.972222,57,-0.972222,-0.972222
d5gm0a1,b.29.1.0,0.0,3,0.0,0,0.0,0,0.0,0.0
d1jjva_,c.37.1.1,0.0,12,0.0,0,0.0,0,0.0,0.0
d7k86a2,a.97.1.0,0.0,0,0.0,0,0.0,0,0.0,0.0
d5icma1,c.2.1.2,0.0,22,0.0,0,0.0,0,0.0,0.0
d2fp1a_,a.130.1.4,0.0,0,0.0,0,0.0,0,0.0,0.0
d3hpya1,d.32.1.0,0.0,0,0.0,0,0.0,0,0.0,0.0
d5icva_,d.108.1.0,0.5,3,0.0,0,0.0,0,0.5,0.5
d3of4a_,d.90.1.0,0.0,2,0.0,0,0.0,0,0.0,0.0
d1ydxa1,d.287.1.2,0.0,0,0.0,0,0.0,0,0.0,0.0
d1m4ua1,g.17.1.7,0.0,0,0.0,0,0.0,0,0.0,0.0
d6ojfa_,c.37.1.0,0.0,10,0.0,0,0.0,0,0.0,0.0
d4kxqa1,c.31.1.0,0.0,3,0.0,0,0.0,0,0.0,0.0
d1auya_,b.121.4.6,0.0,3,0.578947,39,0.651163,44,-0.578947,-0.651163
d5mpra1,e.17.1.1,0.0,0,0.0,0,0.0,0,0.0,0.0
d5z5ia2,b.29.1.0,0.0,4,0.0,0,0.0,0,0.0,0.0
d6rkja_,c.94.1.0,0.0,13,0.0,0,0.0,0,0.0,0.0
d5o9zg_,a.118.8.1,0.0,8,0.325,63,0.475,63,-0.325,-0.475
d2bz1a_,c.144.1.1,0.0,0,0.0,0,0.0,0,0.0,0.0
d7bvza1,c.55.1.0,0.0,2,0.137931,102,0.172414,102,-0.137931,-0.172414
d6t5kc_,d.157.1.0,0.0,6,0.0,0,0.0,0,0.0,0.0
d1snya1,c.2.1.2,0.0,14,0.0,0,0.0,0,0.0,0.0
d1oyza_,a.118.1.16,0.0,5,0.62069,59,0.224138,59,-0.62069,-0.224138
d3ihya1,d.144.1.4,0.0,9,0.0,0,0.0,0,0.0,0.0
d3bgea1,a.80.1.2,0.0,0,0.0,0,0.0,0,0.0,0.0
d2nvwa2,d.81.1.5,0.0,2,0.0434783,30,0.0434783,30,-0.0434783,-0.0434783
d1li4a2,c.23.12.3,0.0,0,0.0,0,0.0,0,0.0,0.0
d1pn0a1,c.3.1.2,0.0,4,0.0,0,0.0,0,0.0,0.0
d1ysqa1,d.110.2.0,0.0,2,0.818182,21,0.181818,21,-0.818182,-0.181818
d1vbfa_,c.66.1.7,0.0,6,0.0,0,0.0,0,0.0,0.0
d3cmco2,d.81.1.1,0.0,0,0.227273,30,0.0,30,-0.227273,0.0
d1k77a1,c.1.15.5,0.0,2,0.0,0,0.0,0,0.0,0.0
d1et0a_,e.17.1.1,0.0,0,0.0,0,0.0,0,0.0,0.0
d4cvka2,c.72.2.0,0.0,2,0.857143,8,0.857143,8,-0.857143,-0.857143
d3lo8a1,b.43.4.0,0.0,2,0.785714,23,0.857143,23,-0.785714,-0.857143
d2rfra1,d.17.4.28,0.0,2,0.958333,76,0.972222,76,-0.958333,-0.972222
d4w8ka_,e.79.1.0,0.0,2,0.0,0,0.0,0,0.0,0.0
d1y9ka1,d.108.1.1,0.0,3,0.0,0,0.0,0,0.0,0.0
d5i7ia_,c.94.1.0,0.0,12,0.0,0,0.0,0,0.0,0.0
d6kxha_,c.69.1.0,0.0,14,0.0,0,0.0,0,0.0,0.0
d1sxja1,a.80.1.1,0.0,0,0.0,0,0.0,0,0.0,0.0
d3t8ja_,c.70.1.0,0.3333333333333333,4,0.0,0,0.0,0,0.3333333333333333,0.3333333333333333
d1ukca_,c.69.1.17,0.0,16,0.0,0,0.0,0,0.0,0.0
d1jr2a_,c.113.1.1,0.0,0,0.0,0,0.0,0,0.0,0.0
d1o8xa_,c.47.1.10,0.0,2,0.613402,215,0.556701,215,-0.613402,-0.556701
d3b0ga2,d.134.1.0,0.0,0,0.0,0,0.0,0,0.0,0.0
d1o1ya1,c.23.16.1,0.125,9,0.689655,42,0.137931,42,-0.564655,-0.012930999999999998
d1a7ta_,d.157.1.1,0.0,12,0.0,0,0.0,0,0.0,0.0
d4xxha_,c.93.1.1,0.0,5,0.0,0,0.0,0,0.0,0.0
d4z0ya_,a.86.1.0,0.0,0,0.0,0,0.0,0,0.0,0.0
d1na6a1,b.142.1.1,0.0,0,0.0,0,0.0,0,0.0,0.0
d1ijqa1,b.68.5.1,0.0,0,0.0,0,0.0,0,0.0,0.0
d4bmna1,c.2.1.0,0.0,21,0.0,0,0.0,0,0.0,0.0
d7bxpa_,c.67.1.0,0.0,10,0.961538,143,0.980769,143,-0.961538,-0.980769
d2g3ma1,b.30.5.11,0.0,0,0.26087,26,0.0,27,-0.26087,0.0
d6ulla_,c.134.1.0,0.0,0,0.0,0,0.0,0,0.0,0.0
d6nydc_,d.20.1.0,0.6666666666666666,4,0.0,0,0.0,0,0.6666666666666666,0.6666666666666666
d1jnra2,c.3.1.4,0.0,4,0.0,0,0.0,0,0.0,0.0
d1wwza1,d.108.1.1,0.0,2,0.0,0,0.0,0,0.0,0.0
d1byra_,d.136.1.1,0.0,0,0.0,0,0.0,0,0.0,0.0
d1guxb_,a.74.1.3,0.0,0,0.0,0,0.0,0,0.0,0.0
d5gxub1,b.43.4.0,0.0,2,0.5,23,0.714286,23,-0.5,-0.714286
d3w2wa1,d.58.53.7,0.0,2,0.0,17,0.0,17,0.0,0.0
d4amga1,c.87.1.0,0.0,6,0.0,0,0.0,0,0.0,0.0
d7b73a1,c.2.1.0,0.0,16,0.0,0,0.0,0,0.0,0.0
d1l5aa2,c.43.1.2,0.0,0,0.0,0,0.0,0,0.0,0.0
d1r6ta2,c.26.1.1,0.0,3,0.4,53,0.257143,53,-0.4,-0.257143
d6p24a_,d.104.1.0,0.0,3,0.0,0,0.0,0,0.0,0.0
d1pfoa1,f.69.1.1,1.0,7,0.0,0,0.0,0,1.0,1.0
d6xpna_,c.92.2.0,0.0,2,0.538462,38,0.846154,38,-0.538462,-0.846154
d3h3ba1,c.10.2.5,0.0,0,0.16129,32,0.0967742,32,-0.16129,-0.0967742
d1e2ta_,d.3.1.5,0.0,2,0.0,0,0.0,0,0.0,0.0
d2g9fa1,b.18.1.29,0.0,0,0.0,0,0.0,0,0.0,0.0
d4faka1,c.116.1.3,0.0,2,0.0,0,0.0,0,0.0,0.0
d4l0ma1,c.56.2.0,0.0,0,0.916667,20,0.916667,20,-0.916667,-0.916667
d4s1wa_,c.80.1.0,0.0,3,0.0,0,0.0,0,0.0,0.0
d4jk8a_,c.55.3.14,0.0,5,0.0,0,0.0,0,0.0,0.0
d3kmua_,d.144.1.0,0.0,4,0.0,0,0.0,0,0.0,0.0
d1ug3a1,a.118.1.14,0.0,5,0.156863,59,0.215686,59,-0.156863,-0.215686
d5tk8a_,a.211.1.0,0.0,4,0.0,0,0.0,0,0.0,0.0
d5i9ja_,d.129.3.2,0.0,2,0.775,42,0.8,42,-0.775,-0.8
d5bsea1,c.2.1.0,0.0,12,0.0,0,0.0,0,0.0,0.0
d1jq3a_,c.66.1.17,0.0,13,0.0,0,0.0,0,0.0,0.0
d1fy2a_,c.23.16.4,0.0,3,0.0,0,0.0,0,0.0,0.0
d3fkda_,c.67.1.0,0.1111111111111111,10,0.980769,143,0.980769,143,-0.8696578888888888,-0.8696578888888888
d5zsxa1,d.32.1.0,0.0,2,0.0,0,0.0,0,0.0,0.0
d6qgva_,b.82.2.15,0.0,3,0.609756,42,0.268293,42,-0.609756,-0.268293
d4jrra1,c.47.1.0,0.0,4,0.210526,215,0.2,215,-0.210526,-0.2
d2fgra_,f.4.3.1,0.0,0,0.933333,18,0.933333,18,-0.933333,-0.933333
d1vq8n1,c.55.4.1,0.0,0,0.0,7,0.0,7,0.0,0.0
d2q9oa3,b.6.1.3,0.0,2,0.5,51,0.621622,52,-0.5,-0.621622
d6eica_,c.69.1.0,0.0,15,0.0,0,0.0,0,0.0,0.0
d3zdsa_,b.82.1.0,0.0,4,0.895833,65,0.979167,65,-0.895833,-0.979167
d1hdha_,c.76.1.2,0.0,2,0.0,0,0.0,0,0.0,0.0
d1k32a2,b.68.7.1,0.0,0,0.0,0,0.0,0,0.0,0.0
d1qd1a2,d.58.34.1,0.0,0,0.0,0,0.0,0,0.0,0.0
d2nn5a1,d.129.3.5,0.0,0,0.818182,42,0.787879,42,-0.818182,-0.787879
d4g3na_,b.68.10.0,0.0,2,0.0,0,0.0,0,0.0,0.0
d1wcv1_,c.37.1.0,0.0,12,0.0,0,0.0,0,0.0,0.0
d1o6za2,d.162.1.1,0.0,2,0.0,0,0.0,0,0.0,0.0
d2drea_,b.42.4.0,0.0,2,0.857143,17,0.75,18,-0.857143,-0.75
d1okga2,c.46.1.2,0.0,0,0.0,0,0.0,0,0.0,0.0
d3dk9a1,c.3.1.5,0.0,4,0.0,0,0.0,0,0.0,0.0
d1f9va_,c.37.1.9,0.14285714285714285,15,0.0,0,0.0,0,0.14285714285714285,0.14285714285714285
d1yzva_,c.33.1.0,0.0,0,0.0,0,0.0,0,0.0,0.0
d1ou0a_,c.23.17.1,0.0,2,0.0,0,0.0,0,0.0,0.0
d2v2ba_,c.74.1.1,0.0,0,0.0,0,0.0,0,0.0,0.0
d4b6la_,d.144.1.0,0.2,21,0.0,0,0.0,0,0.2,0.2
d1k5ca_,b.80.1.3,0.0,2,0.894737,22,0.842105,22,-0.894737,-0.842105
d6bvca_,d.108.1.0,0.0,5,0.0,0,0.0,0,0.0,0.0
d3fsta_,c.1.23.1,0.0,3,0.333333,4,0.333333,4,-0.333333,-0.333333
d3p9xa1,c.65.1.0,0.0,2,0.0,0,0.0,0,0.0,0.0
d4a5sa1,b.70.3.1,0.0,3,0.0,0,0.0,0,0.0,0.0
d1azoa_,c.52.1.14,0.0,0,0.0,0,0.0,0,0.0,0.0
d6deta_,c.94.1.0,0.0,10,0.0,0,0.0,0,0.0,0.0
d2pwya_,c.66.1.0,0.0,11,0.0,0,0.0,0,0.0,0.0
d4nhba_,c.94.1.0,0.0,26,0.0,0,0.0,0,0.0,0.0
d3igsa1,c.1.2.0,0.0,3,0.954545,39,0.954545,39,-0.954545,-0.954545
d1x1ia1,a.102.3.2,0.0,3,0.5,6,0.5,6,-0.5,-0.5
d3prna_,f.4.3.1,0.0,2,0.866667,18,0.933333,18,-0.866667,-0.933333
d2xbka_,a.104.1.0,0.0,16,0.0,0,0.0,0,0.0,0.0
d1hzma_,c.46.1.1,0.0,0,0.0,0,0.0,0,0.0,0.0
d4lera_,a.118.8.0,0.0,5,0.0930233,63,0.0465116,63,-0.0930233,-0.0465116
d2flha_,d.129.3.0,0.0,0,0.903226,42,0.806452,42,-0.903226,-0.806452
d7mtoa1,d.305.1.1,0.0,0,0.0,0,0.0,0,0.0,0.0
d2h1qa2,c.67.3.1,0.0,0,0.0,0,0.0,0,0.0,0.0
d3ri6a_,c.67.1.0,0.0,20,0.942308,143,0.980769,143,-0.942308,-0.980769
d2a5za1,b.29.1.24,0.0,3,0.0,0,0.0,0,0.0,0.0
d1t1ua2,c.43.1.3,0.3333333333333333,4,0.0,0,0.0,0,0.3333333333333333,0.3333333333333333
d3hlxa1,a.132.1.4,0.0,0,0.0,0,0.0,0,0.0,0.0
d1ohfa_,b.121.4.8,0.0,6,0.0,0,0.0,0,0.0,0.0
d3h0ua1,c.14.1.0,0.0,4,0.0,0,0.0,0,0.0,0.0
d5xnea_,d.290.1.0,0.0,0,0.0,0,0.0,0,0.0,0.0
d1jsca2,c.36.1.5,0.0,2,0.0,0,0.0,0,0.0,0.0
d4xria_,a.118.1.0,0.0,14,0.612245,59,0.469388,59,-0.612245,-0.469388
d1za0a1,a.25.1.2,0.0,3,0.155556,55,0.822222,55,-0.155556,-0.822222
d3fefa1,c.2.1.0,0.0,9,0.0,0,0.0,0,0.0,0.0
d1k4na1,d.32.1.5,0.0,2,0.0,0,0.0,0,0.0,0.0
d2xhia2,a.96.1.3,0.0,0,0.0,0,0.0,0,0.0,0.0
d1vl6a2,c.58.1.3,0.0,2,0.0,0,0.0,0,0.0,0.0
d4f3mb_,d.58.53.2,0.0,0,0.0625,17,0.0,17,-0.0625,0.0
d5lfza1,c.6.2.0,0.0,0,0.928571,17,0.466667,18,-0.928571,-0.466667
d3efma_,f.4.3.0,0.25,9,0.833333,18,0.916667,18,-0.583333,-0.666667
d4f0za_,d.159.1.3,0.0,2,0.0,0,0.0,0,0.0,0.0
d6ipna3,d.218.1.0,0.0,0,0.0,0,0.0,0,0.0,0.0
d4xfma_,c.146.1.0,0.0,0,0.0,0,0.0,0,0.0,0.0
d1zpda3,c.36.1.9,0.0,3,0.0,0,0.0,0,0.0,0.0
d5ganj_,a.118.8.1,0.0,12,0.425,63,0.45,63,-0.425,-0.45
d2eyqa5,c.37.1.19,0.0,10,0.0,0,0.0,0,0.0,0.0
d4fhza1,c.69.1.0,0.0,15,0.0,0,0.0,0,0.0,0.0
d1pn0a2,c.47.1.10,0.0,5,0.298969,215,0.154639,215,-0.298969,-0.154639
d4uqva_,c.67.1.0,0.0,20,0.980769,143,0.980769,143,-0.980769,-0.980769
d2as5m2,b.2.5.3,0.0,0,0.333333,11,0.111111,11,-0.333333,-0.111111
d1s4ux_,b.69.4.1,0.16666666666666666,7,0.692308,28,0.692308,28,-0.5256413333333334,-0.5256413333333334
d4jspa3,a.118.1.30,0.0,9,0.0,0,0.0,0,0.0,0.0
d2anua1,c.6.3.1,0.0,0,0.0,3,0.0,3,0.0,0.0
d3vcoa1,c.71.1.0,0.0,4,0.0,0,0.0,0,0.0,0.0
d3jb9x1,b.49.4.1,0.0,0,0.0,0,0.0,0,0.0,0.0
d6pbza3,a.211.1.0,0.0,0,0.0,0,0.0,0,0.0,0.0
d5xaqa_,c.110.1.0,1.0,3,0.0,0,0.0,0,1.0,1.0
d3h4oa_,d.90.1.0,0.0,2,0.0,0,0.0,0,0.0,0.0
d2o3ia1,e.73.1.1,0.0,0,0.0,0,0.0,0,0.0,0.0
d3ja851,b.40.4.11,0.0,3,0.209677,130,0.233871,130,-0.209677,-0.233871
d2ffia1,c.1.9.15,0.4,6,0.37931,60,0.896552,60,0.02069000000000004,-0.496552
d5n0ka3,b.6.1.0,0.0,3,0.588235,51,0.457143,52,-0.588235,-0.457143
d6id0e_,b.69.4.0,0.0,3,0.761905,28,0.761905,28,-0.761905,-0.761905
d1qora2,c.2.1.1,0.0,12,0.0,0,0.0,0,0.0,0.0
d1yixa1,c.1.9.12,0.0,5,0.842105,60,0.929825,60,-0.842105,-0.929825
d2p4oa1,b.68.6.3,0.0,0,0.0,0,0.0,0,0.0,0.0
d3i6ia_,c.2.1.0,0.0,11,0.0,0,0.0,0,0.0,0.0
d1dmua_,c.52.1.4,0.0,2,0.0,0,0.0,0,0.0,0.0
d1jkgb1,d.17.4.2,0.0,2,0.857143,76,0.871429,76,-0.857143,-0.871429
d6qhja_,b.67.4.0,0.0,2,0.0,0,0.0,0,0.0,0.0
d3pz9a_,c.1.8.0,0.0,21,0.635417,135,0.8125,135,-0.635417,-0.8125
d2xysa_,b.96.1.0,0.0,0,0.0,0,0.0,0,0.0,0.0
d2q4ka_,d.86.1.2,0.0,0,0.0,0,0.0,0,0.0,0.0
d1k2yx1,c.84.1.1,0.0,0,0.0,0,0.0,0,0.0,0.0
d3ml1a1,c.81.1.1,0.0,3,0.0,0,0.0,0,0.0,0.0
d1shux_,c.62.1.1,0.0,0,0.0,0,0.0,0,0.0,0.0
d1w9pa1,c.1.8.5,0.0,7,0.325203,135,0.609756,135,-0.325203,-0.609756
g1tme.1,b.121.4.1,0.0,3,0.0,0,0.0,44,0.0,0.0
d4dmva_,c.68.1.0,0.0,2,0.0,0,0.0,0,0.0,0.0
d1aora1,a.110.1.1,0.0,0,0.0,0,0.0,0,0.0,0.0
d4xfja1,c.26.2.0,0.0,2,0.407407,39,0.111111,39,-0.407407,-0.111111
d6cnha1,d.144.1.0,0.0,17,0.0,0,0.0,0,0.0,0.0
d4f3xa1,c.82.1.0,0.0,9,0.0,0,0.0,0,0.0,0.0
d3orya1,c.120.1.0,0.0,2,0.0,0,0.0,0,0.0,0.0
d7aqba_,d.144.1.0,0.125,25,0.0,0,0.0,0,0.125,0.125
d5r7xa1,b.82.2.14,0.0,6,0.578947,42,0.0526316,42,-0.578947,-0.0526316
d2hxsa1,c.37.1.0,0.0,3,0.0,0,0.0,0,0.0,0.0
d2j3wb1,d.278.1.2,0.0,0,0.0,0,0.0,0,0.0,0.0
d3i6ea2,c.1.11.0,0.0,7,0.923077,43,0.923077,43,-0.923077,-0.923077
d1fiua_,c.52.1.10,0.0,3,0.0,0,0.0,0,0.0,0.0
d7axea_,a.123.1.1,0.0,3,0.0,0,0.0,0,0.0,0.0
d5hwha_,c.33.1.0,0.0,3,0.0,0,0.0,0,0.0,0.0
d1djaa_,e.3.1.1,0.0,2,0.0,0,0.0,0,0.0,0.0
d1c8ua2,d.38.1.3,0.0,0,0.0,0,0.0,0,0.0,0.0
d1w23a_,c.67.1.4,0.0,7,0.984733,143,0.992366,143,-0.984733,-0.992366
d1x3ka_,a.1.1.0,0.0,0,0.833333,57,0.972222,57,-0.833333,-0.972222
d1w4xa1,c.3.1.5,0.0,0,0.0,0,0.0,0,0.0,0.0
d5li7a_,a.104.1.0,0.0,19,0.0,0,0.0,0,0.0,0.0
d3cb2a1,c.32.1.0,0.0,2,0.0,0,0.0,0,0.0,0.0
d5le5g_,d.153.1.4,0.0,2,0.304348,37,0.214286,42,-0.304348,-0.214286
d1cz9a_,c.55.3.2,0.0,5,0.206897,61,0.0517241,61,-0.206897,-0.0517241
d1sqsa_,c.23.5.5,0.0,0,0.0,0,0.0,0,0.0,0.0
d1ia9a_,d.144.1.5,0.0,7,0.0,0,0.0,0,0.0,0.0
d2hg4a3,c.95.1.1,0.0,4,0.0,0,0.0,0,0.0,0.0
d3mg9a1,c.37.1.0,0.0,10,0.0,0,0.0,0,0.0,0.0
d5bnza1,c.26.1.0,0.0,2,0.59375,53,0.4375,53,-0.59375,-0.4375
d1xxla1,c.66.1.41,0.0,10,0.0,0,0.0,0,0.0,0.0
d2hfna_,d.58.10.0,0.0,0,0.857143,12,0.571429,12,-0.857143,-0.571429
d1vj1a1,b.35.1.2,0.0,0,0.0,20,0.0,20,0.0,0.0
d3og2a5,b.18.1.0,0.0,0,0.0,0,0.0,0,0.0,0.0
d5tr9a2,c.25.1.0,0.0,3,0.0,0,0.0,0,0.0,0.0
d1s9ra_,d.126.1.4,1.0,3,0.0,0,0.0,0,1.0,1.0
d2ia1a1,d.359.1.1,0.0,0,0.0,0,0.0,0,0.0,0.0
d1f74a_,c.1.10.1,0.5,3,0.822222,65,0.933333,65,-0.322222,-0.43333299999999997
d1k8kf_,d.198.2.1,0.0,0,0.0,0,0.0,0,0.0,0.0
d2b1ea_,a.118.17.2,0.0,0,0.2,6,0.4,6,-0.2,-0.4
d1jqba2,c.2.1.1,0.0,12,0.0,0,0.0,0,0.0,0.0
d1tzba_,c.80.1.1,0.0,2,0.0,0,0.0,0,0.0,0.0
d1i6ma_,c.26.1.1,0.0,7,0.314286,53,0.285714,53,-0.314286,-0.285714
d1evya1,a.100.1.6,0.0,0,0.0,0,0.0,0,0.0,0.0
d1r55a1,d.92.1.9,0.0,2,0.121951,42,0.0487805,42,-0.121951,-0.0487805
d3r4db_,b.29.1.26,0.0,2,0.0,0,0.0,0,0.0,0.0
d3v7ia1,c.95.1.0,0.0,0,0.0,0,0.0,0,0.0,0.0
d5i8fa1,d.129.3.0,0.0,4,0.806452,42,0.806452,42,-0.806452,-0.806452
d6y77a1,b.69.3.1,0.0,0,0.0,0,0.0,0,0.0,0.0
d1t5ja1,a.209.1.1,0.0,0,0.0,0,0.0,0,0.0,0.0
d4ogca4,e.80.1.1,0.0,0,0.0,0,0.0,0,0.0,0.0
d3sm4a_,c.52.1.13,0.0,2,0.0,0,0.0,0,0.0,0.0
d5uzxa_,c.2.1.0,0.0,20,0.0,0,0.0,0,0.0,0.0
d2ohha1,d.157.1.0,0.0,4,0.0,0,0.0,0,0.0,0.0
d1zyba2,b.82.3.2,0.0,0,0.95,31,0.95,31,-0.95,-0.95
d4lmya_,a.4.5.0,0.0,4,0.516854,252,0.550562,252,-0.516854,-0.550562
d4n2ka3,d.126.1.0,0.0,2,0.0,0,0.0,0,0.0,0.0
d1scza_,c.43.1.1,0.0,2,0.0,0,0.0,0,0.0,0.0
d1jsca1,c.31.1.3,0.0,2,0.0,0,0.0,0,0.0,0.0
d3s8ga_,f.24.1.1,0.0,15,0.0,0,0.0,0,0.0,0.0
d3quaa_,c.129.1.0,0.0,2,0.0,0,0.0,0,0.0,0.0
d4oq9a_,b.121.7.1,0.0,0,0.0,0,0.0,0,0.0,0.0
d1re0b1,a.118.3.1,0.0,0,0.5,3,0.5,3,-0.5,-0.5
d1rm6a2,d.133.1.1,0.0,2,0.0,0,0.0,0,0.0,0.0
d1z05a2,c.55.1.10,0.0,2,0.272727,102,0.272727,102,-0.272727,-0.272727
d1r4va_,a.22.1.4,0.0,3,0.0,0,0.0,0,0.0,0.0
d2qdxa2,c.25.1.1,0.0,3,0.0,0,0.0,0,0.0,0.0
d3eaga2,c.72.2.0,0.0,0,0.857143,8,0.857143,8,-0.857143,-0.857143
d4i93a_,d.144.1.0,0.16666666666666666,13,0.0,0,0.0,0,0.16666666666666666,0.16666666666666666
d7m32a1,a.1.2.2,0.0,0,0.0,0,0.0,0,0.0,0.0
d2hu7a1,b.69.7.2,0.0,2,0.0,0,0.0,0,0.0,0.0
d3pgsa1,f.4.3.4,0.0,2,0.0,0,0.0,0,0.0,0.0
d3rw7a2,c.10.2.3,0.0,0,0.0,0,0.0,0,0.0,0.0
d3u7qa_,c.92.2.3,1.0,3,0.742857,38,0.0285714,38,0.257143,0.9714286
d4akma_,b.180.1.1,0.0,2,0.0,0,0.0,0,0.0,0.0
d1sixa1,b.85.4.1,0.0,0,0.875,15,0.875,15,-0.875,-0.875
d1aoza3,b.6.1.3,0.0,2,0.5,51,0.513514,52,-0.5,-0.513514
d2z69a1,b.82.3.0,0.0,0,0.933333,31,0.933333,31,-0.933333,-0.933333
d2frea1,d.90.1.1,1.0,2,0.0,0,0.0,0,1.0,1.0
d4gwba_,d.58.28.1,0.0,2,0.5,3,0.5,3,-0.5,-0.5
d1nsla1,d.108.1.1,0.0,3,0.0,0,0.0,0,0.0,0.0
d1zmta_,c.2.1.2,0.0,13,0.0,0,0.0,0,0.0,0.0
d1ylea1,d.108.1.8,0.0,3,0.0,0,0.0,0,0.0,0.0
d1vq8d1,d.77.1.1,0.0,0,0.0,0,0.0,0,0.0,0.0
d1sska1,b.148.1.1,0.0,0,0.0,0,0.0,0,0.0,0.0
d1v3va1,b.35.1.2,0.0,0,0.0,20,0.0,20,0.0,0.0
d3pdua1,c.2.1.0,0.0,15,0.0,0,0.0,0,0.0,0.0
d1gr0a1,c.2.1.3,0.0,11,0.0,0,0.0,0,0.0,0.0
d6nyoa_,d.20.1.0,0.0,0,0.0,0,0.0,0,0.0,0.0
d1jl7a_,a.1.1.2,0.0,2,0.787879,57,0.969697,57,-0.787879,-0.969697
d6hlya1,c.94.1.0,0.0,14,0.0,0,0.0,0,0.0,0.0
d2gqfa1,c.3.1.8,0.0,5,0.0,0,0.0,0,0.0,0.0
d1iyjb1,a.170.1.1,0.0,0,0.0,0,0.0,0,0.0,0.0
d2xuta_,f.38.1.3,0.0,25,0.0,0,0.0,0,0.0,0.0
d1tjva_,a.127.1.1,0.0,3,0.0,0,0.0,0,0.0,0.0
d5bsra_,e.23.1.0,0.3333333333333333,13,0.0,0,0.0,0,0.3333333333333333,0.3333333333333333
d3w2wa3,d.58.53.7,1.0,2,0.0,17,0.0,17,1.0,1.0
d4h7pa2,d.162.1.0,0.0,0,0.0,0,0.0,0,0.0,0.0
d5v0za_,b.81.1.0,0.0,2,0.769231,24,0.923077,24,-0.769231,-0.923077
d2ajra2,c.72.1.1,0.0,5,0.953488,51,0.976744,51,-0.953488,-0.976744
d1w96a2,c.30.1.1,0.0,0,0.0,0,0.0,0,0.0,0.0
d6edma1,e.3.1.0,0.0,3,0.0,0,0.0,0,0.0,0.0
d1olta_,c.1.28.2,0.0,0,0.0,0,0.0,0,0.0,0.0
d6g2va_,c.37.1.0,0.2857142857142857,15,0.0,0,0.0,0,0.2857142857142857,0.2857142857142857
d5c5sa1,a.116.1.0,0.0,0,0.0,0,0.0,0,0.0,0.0
d2hpga_,c.94.1.0,0.0,19,0.0,0,0.0,0,0.0,0.0
d7ezia1,c.1.7.0,0.0,3,0.875,19,0.875,19,-0.875,-0.875
d1fxma_,c.1.8.3,0.0,7,0.327103,135,0.53271,135,-0.327103,-0.53271
d4q9wa1,d.22.1.0,0.0,2,0.0,0,0.0,0,0.0,0.0
d4bf2a_,d.144.1.0,0.0,16,0.0,0,0.0,0,0.0,0.0
d4r10a_,a.118.1.0,0.0,11,0.653061,59,0.55102,59,-0.653061,-0.55102
d4ky9a_,d.112.1.2,0.0,0,0.0,0,0.0,0,0.0,0.0
d1xg0c_,a.1.1.3,1.0,3,0.62963,57,0.796296,57,0.37037,0.203704
d2vz8a2,c.95.1.1,0.0,5,0.0,0,0.0,0,0.0,0.0
d1o6za1,c.2.1.5,0.0,8,0.0,0,0.0,0,0.0,0.0
d1jeta_,c.94.1.1,0.0,22,0.0,0,0.0,0,0.0,0.0
d2pfza_,c.94.1.0,0.0,9,0.0,0,0.0,0,0.0,0.0
d2il5a1,d.129.3.5,0.0,0,0.818182,42,0.757576,42,-0.818182,-0.757576
d2q9oa1,b.6.1.3,0.0,4,0.888889,51,0.432432,52,-0.888889,-0.432432
d3g9qa1,c.92.2.0,0.0,3,0.692308,38,0.923077,38,-0.692308,-0.923077
d4ogqa_,f.21.1.2,0.0,2,0.5,3,0.0,3,-0.5,0.0
d4moua_,c.14.1.0,0.0,13,0.0,0,0.0,0,0.0,0.0
d3rkoc_,f.72.1.1,0.0,140,0.0,0,0.0,0,0.0,0.0
d5vn6a_,b.82.2.0,0.0,0,0.433333,42,0.333333,42,-0.433333,-0.333333
d3ro8a1,c.1.8.0,0.0,9,0.40625,135,0.510417,135,-0.40625,-0.510417
d1a8da1,b.29.1.6,0.0,0,0.0,0,0.0,0,0.0,0.0
d1ucda_,d.124.1.1,0.0,0,0.0,0,0.0,0,0.0,0.0
d4ez8a_,d.117.1.1,0.0,0,0.0,0,0.0,0,0.0,0.0
d1suua_,b.68.10.1,1.0,3,0.5,3,0.5,3,0.5,0.5
d4isya1,c.67.1.0,0.0,13,0.980769,143,0.980769,143,-0.980769,-0.980769
d2ho9a_,b.40.7.0,0.0,0,0.666667,4,0.666667,4,-0.666667,-0.666667
d1ivsa4,c.26.1.1,0.125,9,0.0571429,53,0.0571429,53,0.0678571,0.0678571
d2foka4,c.52.1.12,0.0,0,0.0,0,0.0,0,0.0,0.0
d4yaaa_,c.45.1.2,0.0,3,0.0,0,0.0,0,0.0,0.0
d2yjka_,a.25.1.0,0.0,3,0.512195,55,0.853659,55,-0.512195,-0.853659
d2g6ya_,d.22.1.0,0.0,0,0.0,0,0.0,0,0.0,0.0
d2zyoa_,c.94.1.0,0.0,20,0.0,0,0.0,0,0.0,0.0
d2gnra_,b.40.4.15,0.0,0,0.0,0,0.0,0,0.0,0.0
d2veca_,b.82.1.0,0.0,2,0.8125,65,0.979167,65,-0.8125,-0.979167
d3ikha1,c.72.1.0,0.0,4,0.882353,51,0.941176,51,-0.882353,-0.941176
d1xwdc1,c.10.2.7,0.0,5,0.740741,32,0.777778,32,-0.740741,-0.777778
d3ov2a2,c.95.1.0,0.5,3,0.0,0,0.0,0,0.5,0.5
d1ebua2,d.81.1.2,0.0,0,0.0,30,0.0,30,0.0,0.0
d6m5ma_,d.169.1.0,0.0,2,0.0,0,0.0,0,0.0,0.0
d2q9oa2,b.6.1.3,0.0,3,0.638889,51,0.297297,52,-0.638889,-0.297297
d1vkza3,d.142.1.2,0.0,2,0.727273,29,0.727273,29,-0.727273,-0.727273
d1pgja1,a.100.1.1,0.0,3,0.0,0,0.0,0,0.0,0.0
d3hola1,f.4.1.3,0.0,0,0.142857,8,0.0,8,-0.142857,0.0
d4g1ma4,b.1.15.0,0.0,0,0.0,4,0.0,4,0.0,0.0
d1qw9a1,b.71.1.2,0.0,0,0.0,0,0.0,0,0.0,0.0
d4a2ba1,c.55.1.1,0.0,4,0.393617,102,0.43617,102,-0.393617,-0.43617
d2x4ga_,c.2.1.0,0.0,18,0.0,0,0.0,0,0.0,0.0
d1ky9a2,b.47.1.1,0.0,2,0.0,0,0.0,0,0.0,0.0
d2daxa1,d.20.1.3,0.0,0,0.0,0,0.0,0,0.0,0.0
d3rlff1,e.70.1.1,0.0,0,0.0,0,0.0,0,0.0,0.0
d5y8ja1,c.2.1.0,0.07692307692307693,14,0.0,0,0.0,0,0.07692307692307693,0.07692307692307693
d1q15a1,c.26.2.1,0.0,2,0.28125,39,0.1875,39,-0.28125,-0.1875
d2al1a2,d.54.1.1,0.0,0,0.0,0,0.0,0,0.0,0.0
d1u6za1,a.211.1.5,0.0,0,0.0,0,0.0,0,0.0,0.0
d4h31a2,c.78.1.0,0.5,3,0.571429,21,0.571429,21,-0.07142899999999996,-0.07142899999999996
d5gy3a_,a.102.1.0,0.0,2,0.952381,28,0.952381,28,-0.952381,-0.952381
d1tvna1,c.1.8.3,0.0,3,0.588785,135,0.504673,135,-0.588785,-0.504673
d2c3fa1,b.108.1.5,0.0,2,0.0,0,0.0,0,0.0,0.0
d2d1sa_,e.23.1.1,0.25,5,0.0,0,0.0,0,0.25,0.25
d4oo0a_,c.51.4.0,0.0,0,0.875,9,0.75,9,-0.875,-0.75
d5bk9a_,b.82.2.0,0.0,6,0.466667,42,0.3,42,-0.466667,-0.3
d1i9za_,d.151.1.2,0.0,2,0.0,0,0.0,0,0.0,0.0
d3r6sa1,b.82.3.0,0.0,2,0.933333,31,0.933333,31,-0.933333,-0.933333
d1np7a2,c.28.1.1,0.0,0,0.0,0,0.0,0,0.0,0.0
d1kyqa1,c.2.1.11,0.0,7,0.0,0,0.0,0,0.0,0.0
d3stoa_,e.1.1.0,0.0,6,0.0,0,0.0,0,0.0,0.0
d3op1a1,c.26.1.0,0.0,6,0.1875,53,0.21875,53,-0.1875,-0.21875
d2ci1a_,d.126.1.0,0.0,0,0.0,0,0.0,0,0.0,0.0
d2hqva1,e.62.1.2,0.0,0,0.0,0,0.0,0,0.0,0.0
d5n3ja_,d.144.1.7,0.0,14,0.0,0,0.0,0,0.0,0.0
d4cqha2,d.110.2.1,0.0,0,0.875,21,0.5625,21,-0.875,-0.5625
d1r62a_,d.122.1.3,0.0,2,0.0,0,0.0,0,0.0,0.0
d2g0ta1,c.37.1.10,0.0,19,0.0,0,0.0,0,0.0,0.0
d3ctua1,d.37.1.0,0.0,3,0.0,0,0.0,0,0.0,0.0
d2ixka_,b.82.1.1,0.0,2,0.709677,65,0.967742,65,-0.709677,-0.967742
d1l5ja2,c.8.2.1,0.0,0,0.333333,6,0.0,6,-0.333333,0.0
d2pyba_,a.25.1.1,0.0,2,0.484848,55,0.69697,55,-0.484848,-0.69697
d2ffja1,e.50.1.1,0.0,0,0.0,0,0.0,0,0.0,0.0
d1jw9b_,c.111.1.1,0.0,0,0.0,0,0.0,0,0.0,0.0
d1ouva1,a.118.18.1,1.0,3,0.0,0,0.0,0,1.0,1.0
d1jdpa_,c.93.1.1,0.0,7,0.0,0,0.0,0,0.0,0.0
d4ahca1,c.55.3.0,0.0,0,0.3,61,0.26,61,-0.3,-0.26
d3nepx1,c.2.1.0,0.0,7,0.0,0,0.0,0,0.0,0.0
d1ozha2,c.36.1.5,0.0,2,0.0,0,0.0,0,0.0,0.0
d4h0pa2,c.55.1.0,0.3333333333333333,4,0.258621,102,0.224138,102,0.07471233333333333,0.10919533333333331
d5mu9a1,b.42.2.1,0.0,0,0.875,19,0.875,19,-0.875,-0.875
d2grea2,c.56.5.4,0.0,0,0.6,36,0.35,37,-0.6,-0.35
d4v2ia_,c.69.1.0,0.16666666666666666,13,0.0,0,0.0,0,0.16666666666666666,0.16666666666666666
d1ewfa2,d.83.1.1,0.0,2,0.5,3,0.5,3,-0.5,-0.5
d1i60a_,c.1.15.4,0.0,0,0.909091,13,0.909091,13,-0.909091,-0.909091
d1htwa_,c.37.1.18,0.0,7,0.0,0,0.0,0,0.0,0.0
d2i0za2,e.74.1.1,0.0,0,0.0,0,0.0,0,0.0,0.0
d2ra6a_,b.60.1.0,0.0,4,0.0,0,0.0,0,0.0,0.0
d3fv6a_,d.37.1.0,0.0,0,0.0,0,0.0,0,0.0,0.0
d1luaa1,c.2.1.7,0.0,12,0.0,0,0.0,0,0.0,0.0
d2abqa1,c.72.1.1,0.0,5,0.976744,51,0.976744,51,-0.976744,-0.976744
d4gria2,a.97.1.0,0.0,0,0.0,0,0.0,0,0.0,0.0
d2afwa_,c.56.5.8,0.0,2,0.0,0,0.0,0,0.0,0.0
d4al4c1,c.2.1.0,0.0,11,0.0,0,0.0,0,0.0,0.0
d3n3ma1,c.1.2.3,0.0,0,0.617647,39,0.941176,39,-0.617647,-0.941176
d3r9ba_,a.104.1.0,0.35294117647058826,18,0.0,0,0.0,0,0.35294117647058826,0.35294117647058826
d1bxda_,d.122.1.3,0.0,0,0.0,0,0.0,0,0.0,0.0
d3zqka_,c.62.1.0,0.0,0,0.0,0,0.0,0,0.0,0.0
d1k24a_,f.4.4.2,0.0,0,0.0,0,0.0,0,0.0,0.0
d1xrsa_,c.1.19.4,0.0,0,0.0,0,0.0,0,0.0,0.0
d3piwa_,a.26.1.0,0.0,2,0.0,0,0.0,0,0.0,0.0
d5x4ra_,b.29.1.26,0.0,3,0.0,0,0.0,0,0.0,0.0
d3ghxa_,d.63.1.0,0.0,0,0.0,0,0.0,0,0.0,0.0
d4w4kb_,a.25.4.2,0.0,0,0.0,0,0.0,0,0.0,0.0
d1i12a_,d.108.1.1,0.0,5,0.0,0,0.0,0,0.0,0.0
d6h2ua1,c.66.1.0,0.0,11,0.0,0,0.0,0,0.0,0.0
d1koea_,d.169.1.5,0.0,2,0.0,0,0.0,0,0.0,0.0
d4n8ga1,c.94.1.0,0.0,18,0.0,0,0.0,0,0.0,0.0
d1nu9c1,a.8.6.1,0.0,0,0.0,0,0.0,0,0.0,0.0
d4krea1,b.34.14.0,0.0,0,0.0,0,0.0,0,0.0,0.0
d1l3la2,d.110.5.1,0.0,0,0.0,0,0.0,0,0.0,0.0
d2wnpf_,d.171.1.0,0.0,0,0.0,0,0.0,0,0.0,0.0
d1dl2a_,a.102.2.1,0.0,7,0.0,0,0.0,0,0.0,0.0
d2aa4a2,c.55.1.10,0.0,0,0.306818,102,0.295455,102,-0.306818,-0.295455
d2a35a1,c.2.1.2,0.0,13,0.0,0,0.0,0,0.0,0.0
d6zzoa_,c.2.1.0,0.0,26,0.0,0,0.0,0,0.0,0.0
d4u36a_,b.29.1.0,0.0,5,0.0,0,0.0,0,0.0,0.0
d1jp4a_,e.7.1.1,0.0,2,0.0,0,0.0,0,0.0,0.0
d1orra1,c.2.1.2,0.0,22,0.0,0,0.0,0,0.0,0.0
d1jswa_,a.127.1.1,0.0,4,0.0,0,0.0,0,0.0,0.0
d1tyza_,c.79.1.1,0.0,2,0.0,0,0.0,0,0.0,0.0
d5u3aa1,c.1.8.1,0.0,15,0.333333,135,0.796296,135,-0.333333,-0.796296
d1h2ba2,c.2.1.1,0.1111111111111111,19,0.0,0,0.0,0,0.1111111111111111,0.1111111111111111
d1y44a1,d.157.1.7,0.0,6,0.0,0,0.0,0,0.0,0.0
d2wfha_,c.10.2.0,0.0,5,0.823529,32,0.823529,32,-0.823529,-0.823529
d2o8ra3,d.136.1.4,0.0,2,0.0,0,0.0,0,0.0,0.0
d1pp9b1,d.185.1.1,0.0,2,0.0,0,0.0,0,0.0,0.0
d2qkga3,b.18.1.0,0.0,2,0.0,0,0.0,0,0.0,0.0
d2dula1,c.66.1.58,0.0,6,0.0,0,0.0,0,0.0,0.0
d4jota1,c.14.1.0,0.0,11,0.0,0,0.0,0,0.0,0.0
d2iw1a_,c.87.1.8,0.0,6,0.0,0,0.0,0,0.0,0.0
d3iuya1,c.37.1.0,0.0,10,0.0,0,0.0,0,0.0,0.0
d4c2va_,d.144.1.0,0.125,17,0.0,0,0.0,0,0.125,0.125
d2bb3a1,c.90.1.1,0.0,0,0.0,0,0.0,0,0.0,0.0
d7ahla_,f.6.1.1,0.0,2,0.0,0,0.0,0,0.0,0.0
d6kp5a_,c.61.1.1,1.0,2,0.0,0,0.0,0,1.0,1.0
d3gv7b1,e.8.1.7,0.0,2,0.0,0,0.0,0,0.0,0.0
d3tefa_,c.92.2.0,0.0,3,0.692308,38,0.923077,38,-0.692308,-0.923077
d4h8ea_,c.101.1.1,0.0,4,0.0,0,0.0,0,0.0,0.0
d5hn3a_,c.77.1.0,0.0,6,0.0,0,0.0,0,0.0,0.0
d1gtta1,d.177.1.1,0.0,2,0.0,0,0.0,0,0.0,0.0
d4i9da_,c.94.1.1,0.0,19,0.0,0,0.0,0,0.0,0.0
d1q88a_,e.47.1.1,0.0,0,0.0,0,0.0,0,0.0,0.0
d2q4aa_,b.82.2.8,0.0,3,0.317073,42,0.243902,42,-0.317073,-0.243902
d2ikka1,d.190.1.2,0.0,0,0.0,0,0.0,0,0.0,0.0
d1uxta_,c.82.1.1,0.0,17,0.0,0,0.0,0,0.0,0.0
d4uhoa_,c.67.1.0,0.0,22,0.980769,143,0.980769,143,-0.980769,-0.980769
d6ft2a_,c.94.1.1,0.0,11,0.0,0,0.0,0,0.0,0.0
d4f3pa1,c.94.1.0,0.0,15,0.0,0,0.0,0,0.0,0.0
d1yrra2,c.1.9.10,0.0,3,0.586207,60,0.896552,60,-0.586207,-0.896552
d4zohb1,d.145.1.0,0.0,3,0.0,0,0.0,0,0.0,0.0
d2puza2,c.1.9.17,0.0,6,0.525424,60,0.881356,60,-0.525424,-0.881356
d6alwa_,c.119.1.0,0.0,7,0.0,0,0.0,0,0.0,0.0
d4cxpa1,a.124.1.0,0.0,0,0.0,0,0.0,0,0.0,0.0
d2ovla2,c.1.11.0,0.0,5,0.923077,43,0.923077,43,-0.923077,-0.923077
d4efia2,c.95.1.0,0.0,3,0.0,0,0.0,0,0.0,0.0
d1xm3a_,c.1.31.1,0.0,0,0.0,0,0.0,0,0.0,0.0
d2c4na1,c.108.1.14,0.0,6,0.0,0,0.0,0,0.0,0.0
d3c48a1,c.87.1.0,0.0,5,0.0,0,0.0,0,0.0,0.0
d4he8c_,f.72.1.2,0.3793103448275862,88,0.0,0,0.0,0,0.3793103448275862,0.3793103448275862
d1chma1,c.55.2.1,0.0,0,0.0,0,0.0,0,0.0,0.0
d2yyba_,c.135.1.0,0.0,0,0.0,0,0.0,0,0.0,0.0
d4d6ga1,c.37.1.0,0.0,24,0.0,0,0.0,0,0.0,0.0
d1qkia2,d.81.1.5,0.0,3,0.0,30,0.0,30,0.0,0.0
d2fsja2,c.55.1.12,0.0,2,0.227723,102,0.0594059,102,-0.227723,-0.0594059
d2wy3a_,d.19.1.0,0.0,0,0.0,0,0.0,0,0.0,0.0
d1b6ga_,c.69.1.8,0.0,9,0.0,0,0.0,0,0.0,0.0
d5aooc_,b.121.4.0,0.0,2,0.833333,39,0.657143,44,-0.833333,-0.657143
d6lgta2,d.32.1.3,0.0,0,0.0,0,0.0,0,0.0,0.0
d4p5pa_,c.23.16.0,0.0,6,0.413793,42,0.310345,42,-0.413793,-0.310345
d2vg0a_,c.101.1.0,0.0,3,0.0,0,0.0,0,0.0,0.0
d2cxaa1,d.108.1.6,0.0,6,0.0,0,0.0,0,0.0,0.0
d4joqa1,c.93.1.0,0.0,9,0.0,0,0.0,0,0.0,0.0
d4e2qa_,b.82.1.0,0.0,6,0.770833,65,0.979167,65,-0.770833,-0.979167
d1llaa3,b.1.18.3,0.0,4,0.0549451,92,0.0,92,-0.0549451,0.0
d6hbsa_,c.67.1.0,0.0,20,0.980769,143,0.980769,143,-0.980769,-0.980769
d1in4a2,c.37.1.20,0.0,10,0.0,0,0.0,0,0.0,0.0
d2o20a_,c.93.1.1,0.0,13,0.0,0,0.0,0,0.0,0.0
d4b9pa_,b.2.2.0,0.5,3,0.272727,22,0.272727,22,0.227273,0.227273
d6fuca_,d.144.1.0,0.0,7,0.0,0,0.0,0,0.0,0.0
d2rk3a_,c.23.16.2,0.0,3,0.457143,42,0.342857,42,-0.457143,-0.342857
d1toaa_,c.92.2.2,0.0,5,0.828571,38,0.857143,38,-0.828571,-0.857143
d3ctla_,c.1.2.0,0.0,0,0.954545,39,0.954545,39,-0.954545,-0.954545
d1iq8a4,d.17.6.1,0.0,0,0.0,0,0.0,0,0.0,0.0
d4hwsa1,d.104.1.1,0.0,3,0.0,0,0.0,0,0.0,0.0
d3w5ha2,c.25.1.1,0.0,0,0.0,0,0.0,0,0.0,0.0
d3od5a_,c.17.1.0,0.0,0,0.0,0,0.0,0,0.0,0.0
d6np3a_,c.140.1.0,0.0,0,0.0,0,0.0,0,0.0,0.0
d1p6oa_,c.97.1.2,0.0,0,0.722222,24,0.444444,24,-0.722222,-0.444444
d4jqua1,d.20.1.1,0.5,5,0.0,0,0.0,0,0.5,0.5
d1oj7a1,e.22.1.2,0.0,4,0.0,0,0.0,0,0.0,0.0
d6wvzm1,b.69.12.1,0.0,0,0.0,0,0.0,0,0.0,0.0
d1fi2a_,b.82.1.2,0.0,3,0.934426,65,0.983607,65,-0.934426,-0.983607
d3hhpa2,d.162.1.1,0.0,0,0.0,0,0.0,0,0.0,0.0
d1fvia2,d.142.2.1,0.0,2,0.875,10,0.25,10,-0.875,-0.25
d5ihwa2,b.2.3.0,0.0,3,0.125,22,0.125,22,-0.125,-0.125
d5inba_,d.159.1.3,0.0,3,0.0,0,0.0,0,0.0,0.0
d1s2la_,c.23.14.1,0.0,0,0.333333,8,0.166667,8,-0.333333,-0.166667
d5ktna1,c.145.1.1,0.0,0,0.0,0,0.0,0,0.0,0.0
d1j6ua3,c.72.2.1,0.0,2,0.8,8,0.8,8,-0.8,-0.8
d2r7da2,b.40.4.16,0.0,6,0.0,130,0.0,130,0.0,0.0
d3qrya_,a.102.1.0,0.0,4,0.761905,28,0.952381,28,-0.761905,-0.952381
d4wy8a1,c.69.1.0,0.0,13,0.0,0,0.0,0,0.0,0.0
d1ekea_,c.55.3.1,0.0,2,0.178571,61,0.0,61,-0.178571,0.0
d1i6aa_,c.94.1.1,0.0,7,0.0,0,0.0,0,0.0,0.0
d5b89a1,c.67.1.0,0.1,21,0.980769,143,0.980769,143,-0.880769,-0.880769
d1yg9a1,b.50.1.0,0.0,2,0.0,0,0.0,0,0.0,0.0
d2xwtc_,c.10.2.0,0.0,4,0.823529,32,0.823529,32,-0.823529,-0.823529
d3og9a_,c.69.1.0,0.0,4,0.0,0,0.0,0,0.0,0.0
d3daoa1,c.108.1.0,0.0,4,0.0,0,0.0,0,0.0,0.0
d3ndva_,d.154.1.0,0.0,0,0.0,0,0.0,0,0.0,0.0
d4iv1c_,b.121.4.1,0.0,2,0.709677,39,0.6875,44,-0.709677,-0.6875
d5nrha2,d.142.1.0,0.0,5,0.818182,29,0.772727,29,-0.818182,-0.772727
d2m38a_,b.55.1.0,0.0,2,0.849315,86,0.972603,86,-0.849315,-0.972603
d3gyba_,c.93.1.0,0.0,7,0.0,0,0.0,0,0.0,0.0
d1vq8a1,b.34.5.3,0.0,0,0.0714286,16,0.0714286,16,-0.0714286,-0.0714286
d1llda1,c.2.1.5,0.0,12,0.0,0,0.0,0,0.0,0.0
d2w2aa_,b.60.1.6,0.0,2,0.0,0,0.0,0,0.0,0.0
d4rm7a1,e.6.1.0,0.0,5,0.0,0,0.0,0,0.0,0.0
d5uida_,c.67.1.0,0.14285714285714285,15,0.980769,143,0.980769,143,-0.8379118571428572,-0.8379118571428572
d1wa3a_,c.1.10.1,0.0,8,0.711111,65,0.911111,65,-0.711111,-0.911111
d1orna1,a.96.1.1,0.0,0,0.0,0,0.0,0,0.0,0.0
d1jl1a_,c.55.3.1,0.0,0,0.214286,61,0.125,61,-0.214286,-0.125
d1ujka_,a.118.9.2,0.0,0,0.8,11,0.9,11,-0.8,-0.9
d3uoeb1,c.122.1.0,0.0,3,0.0,0,0.0,0,0.0,0.0
d3k4ua1,c.94.1.0,0.0,9,0.0,0,0.0,0,0.0,0.0
d2fe3a_,a.4.5.0,0.0,5,0.617978,252,0.589888,252,-0.617978,-0.589888
d1l8aa2,c.36.1.6,0.0,3,0.0,0,0.0,0,0.0,0.0
d4cr2p1,a.118.8.9,0.0,3,0.6,63,0.4,63,-0.6,-0.4
d4dv8a2,d.92.1.14,0.0,2,0.0243902,42,0.0,42,-0.0243902,0.0
d2fsya1,d.183.1.1,0.0,0,0.0,0,0.0,0,0.0,0.0
d1ri5a_,c.66.1.34,0.0,2,0.0,0,0.0,0,0.0,0.0
d1vi6a_,c.23.15.1,0.0,0,0.0,0,0.0,0,0.0,0.0
d4hr3a1,e.6.1.0,0.0,2,0.0,0,0.0,0,0.0,0.0
d1ul1x1,a.60.7.1,0.0,0,0.5,5,0.5,5,-0.5,-0.5
d3i33a1,c.55.1.1,0.0,4,0.180851,102,0.0425532,102,-0.180851,-0.0425532
d1bg1a1,a.47.1.1,0.0,0,0.0,0,0.0,0,0.0,0.0
d1m5xa_,d.95.2.1,0.0,0,0.6,12,0.4,12,-0.6,-0.4
d1dqna_,c.61.1.1,0.0,0,0.0,0,0.0,0,0.0,0.0
d2vfna_,b.80.1.6,0.6666666666666666,7,0.0,0,0.0,0,0.6666666666666666,0.6666666666666666
d2vy8a_,d.396.1.1,0.0,0,0.0,0,0.0,0,0.0,0.0
d6l0qa_,c.79.1.1,0.0,4,0.0,0,0.0,0,0.0,0.0
d4x54a_,c.2.1.0,0.0,17,0.0,0,0.0,0,0.0,0.0
d1ox0a2,c.95.1.1,0.0,4,0.0,0,0.0,0,0.0,0.0
d4etna1,c.44.1.0,0.0,0,0.75,13,0.75,13,-0.75,-0.75
d1m9ha_,c.1.7.1,0.0,4,0.923077,19,0.923077,19,-0.923077,-0.923077
d1y63a_,c.37.1.1,0.1111111111111111,10,0.0,0,0.0,0,0.1111111111111111,0.1111111111111111
d1wb9a2,c.37.1.12,0.0,11,0.0,0,0.0,0,0.0,0.0
d1nr0a2,b.69.4.1,0.0,0,0.692308,28,0.692308,28,-0.692308,-0.692308
d5le5j_,d.153.1.4,0.0,5,0.347826,37,0.25,42,-0.347826,-0.25
d2hg4a2,c.95.1.1,0.0,2,0.0,0,0.0,0,0.0,0.0
d5o5ta1,c.56.5.5,0.0,2,0.685714,36,0.527778,37,-0.685714,-0.527778
d1z6oa1,a.25.1.1,0.0,2,0.484848,55,0.727273,55,-0.484848,-0.727273
d1d4oa_,c.31.1.4,0.0,0,0.0,0,0.0,0,0.0,0.0
d1sh8a1,d.38.1.5,0.0,3,0.0,0,0.0,0,0.0,0.0
d6n7aa_,d.144.1.0,0.125,9,0.0,0,0.0,0,0.125,0.125
d1mc0a2,d.110.2.1,0.0,0,0.875,21,0.5,21,-0.875,-0.5
d3lnnb_,f.46.1.0,0.0,0,0.0,0,0.0,0,0.0,0.0
d5w8qa2,c.95.1.0,0.3333333333333333,4,0.0,0,0.0,0,0.3333333333333333,0.3333333333333333
d1q2la4,d.185.1.1,0.0,2,0.0,0,0.0,0,0.0,0.0
d1vq8y1,c.9.2.1,0.0,0,0.0,0,0.0,0,0.0,0.0
d4n9sa2,d.96.1.4,0.0,0,0.857143,18,0.714286,18,-0.857143,-0.714286
d2irpa_,c.74.1.0,0.0,0,0.0,0,0.0,0,0.0,0.0
d2kwba1,b.88.1.0,0.0,0,0.333333,7,0.166667,7,-0.333333,-0.166667
d1w91a2,c.1.8.3,0.0,7,0.476636,135,0.626168,135,-0.476636,-0.626168
d3llta_,d.144.1.0,0.0,11,0.0,0,0.0,0,0.0,0.0
d2v78a_,c.72.1.1,0.0,4,0.976744,51,0.976744,51,-0.976744,-0.976744
d1yo6a1,c.2.1.2,0.0,27,0.0,0,0.0,0,0.0,0.0
d1ka1a_,e.7.1.1,0.0,6,0.0,0,0.0,0,0.0,0.0
d3pu5a1,c.94.1.0,0.0,16,0.0,0,0.0,0,0.0,0.0
d2acoa1,b.60.1.1,0.0,0,0.0,0,0.0,0,0.0,0.0
d3rssa1,c.104.1.1,0.0,0,0.0,0,0.0,0,0.0,0.0
d2i3ba1,c.37.1.11,0.0,7,0.0,0,0.0,0,0.0,0.0
d4inwa_,a.39.2.1,0.0,0,0.888889,13,0.888889,13,-0.888889,-0.888889
d2wrya_,b.42.1.0,0.0,0,0.909091,16,0.909091,16,-0.909091,-0.909091
d1f7ca_,a.116.1.1,0.0,2,0.0,0,0.0,0,0.0,0.0
d6ldla_,a.104.1.0,0.0625,17,0.0,0,0.0,0,0.0625,0.0625
d2oc3a_,c.45.1.0,0.0,10,0.0,0,0.0,0,0.0,0.0
d4adya3,b.3.8.1,0.0,0,0.0,0,0.0,0,0.0,0.0
d6tfxa_,c.94.1.0,0.0,16,0.0,0,0.0,0,0.0,0.0
d2fiaa1,d.108.1.1,0.0,0,0.0,0,0.0,0,0.0,0.0
d1xoya1,b.18.1.26,0.0,0,0.0,0,0.0,0,0.0,0.0
d3u7qb_,c.92.2.3,0.0,6,0.0857143,38,0.0285714,38,-0.0857143,-0.0285714
d2ylna_,c.94.1.0,0.0,9,0.0,0,0.0,0,0.0,0.0
d2bkwa1,c.67.1.3,0.0,20,0.984615,143,0.992308,143,-0.984615,-0.992308
d1bifa1,c.37.1.7,0.0,7,0.0,0,0.0,0,0.0,0.0
d4m8ua1,c.1.8.1,0.15,21,0.5,135,0.861111,135,-0.35,-0.7111109999999999
d2oafa1,d.38.1.1,0.0,2,0.0,0,0.0,0,0.0,0.0
d3efza1,a.118.7.1,0.0,0,0.0,0,0.0,0,0.0,0.0
d4fgla_,c.23.5.3,0.0,4,0.861111,37,0.944444,37,-0.861111,-0.944444
d2g8la1,e.50.1.1,0.0,0,0.0,0,0.0,0,0.0,0.0
d3dkpa1,c.37.1.0,0.125,17,0.0,0,0.0,0,0.125,0.125
d2hsza1,c.108.1.6,0.0,5,0.0,0,0.0,0,0.0,0.0
d2aeua1,c.67.1.8,0.0,7,0.0,0,0.0,0,0.0,0.0
d1f5ma_,d.110.2.1,0.0,0,0.6875,21,0.625,21,-0.6875,-0.625
d2q43a1,c.56.5.4,0.0,0,0.85,36,0.65,37,-0.85,-0.65
d3vypa2,b.160.1.1,0.0,0,0.0,0,0.0,0,0.0,0.0
d4is2a_,c.2.1.0,0.030303030303030304,34,0.0,0,0.0,0,0.030303030303030304,0.030303030303030304
d1e5da1,c.23.5.1,0.0,0,0.935484,37,0.935484,37,-0.935484,-0.935484
d6xl3a_,f.13.1.0,0.4166666666666667,13,0.0,0,0.0,0,0.4166666666666667,0.4166666666666667
d2o8ra2,d.322.1.2,0.0,0,0.0,0,0.0,0,0.0,0.0
d3r5ta1,c.92.2.0,0.0,6,0.461538,38,0.923077,38,-0.461538,-0.923077
d1zrna_,c.108.1.1,0.0,5,0.0,0,0.0,0,0.0,0.0
d1iuga_,c.67.1.3,0.0,15,0.992308,143,0.992308,143,-0.992308,-0.992308
d1t7va2,d.19.1.1,0.0,0,0.0,0,0.0,0,0.0,0.0
d2v0ha2,b.81.1.0,0.0,4,0.923077,24,0.923077,24,-0.923077,-0.923077
d6m4qa_,a.104.1.0,0.0,12,0.0,0,0.0,0,0.0,0.0
d7cohd_,f.23.1.1,0.0,0,0.0,0,0.0,0,0.0,0.0
d7l9ua_,c.66.1.18,0.0,5,0.0,0,0.0,0,0.0,0.0
d4bcda1,b.69.7.1,0.0,2,0.666667,7,0.666667,7,-0.666667,-0.666667
d2je6a1,d.14.1.4,0.0,3,0.0,0,0.0,0,0.0,0.0
d4k8ga2,c.1.11.0,0.16666666666666666,7,0.923077,43,0.923077,43,-0.7564103333333334,-0.7564103333333334
d3l0ga2,c.1.17.0,0.0,0,0.5,10,0.75,10,-0.5,-0.75
d1v4aa1,a.24.16.4,0.0,0,0.0,0,0.0,0,0.0,0.0
d2gmha1,c.3.1.2,0.0,9,0.0,0,0.0,0,0.0,0.0
d2q4gw_,c.10.1.1,0.0,0,0.666667,5,0.666667,5,-0.666667,-0.666667
d6hh2a_,c.37.1.0,0.0,10,0.0,0,0.0,0,0.0,0.0
d2poza2,c.1.11.0,0.0,2,0.923077,43,0.923077,43,-0.923077,-0.923077
d4gena1,d.136.1.0,0.0,0,0.0,0,0.0,0,0.0,0.0
d1nmoa_,c.135.1.1,0.0,4,0.0,0,0.0,0,0.0,0.0
d2w7qa_,b.125.1.0,0.0,0,0.0,0,0.0,0,0.0,0.0
d1jcua_,d.115.1.1,0.0,2,0.0,0,0.0,0,0.0,0.0
d3slga_,c.2.1.0,0.0,20,0.0,0,0.0,0,0.0,0.0
d3hzsa1,d.2.1.0,0.5,5,0.0,0,0.0,0,0.5,0.5
d5an7a1,c.1.2.4,0.0,2,0.933333,39,0.966667,39,-0.933333,-0.966667
d2pbza2,d.142.1.9,0.0,0,0.75,29,0.785714,29,-0.75,-0.785714
d1vj7a1,a.211.1.1,0.0,0,0.0,0,0.0,0,0.0,0.0
d5d9aa1,c.52.1.34,0.0,0,0.0,48,0.0,48,0.0,0.0
d3eeoa_,c.66.1.26,0.0,2,0.0,0,0.0,0,0.0,0.0
d1k92a1,c.26.2.1,0.0,3,0.125,39,0.09375,39,-0.125,-0.09375
d3uora_,c.94.1.0,0.09523809523809523,22,0.0,0,0.0,0,0.09523809523809523,0.09523809523809523
d4rw0a1,c.23.10.0,0.0,2,0.785714,20,0.785714,20,-0.785714,-0.785714
d3keba_,c.47.1.0,0.0,2,0.326316,215,0.557895,215,-0.326316,-0.557895
d3vv1a_,b.29.1.0,0.0,3,0.0,0,0.0,0,0.0,0.0
d1w91a1,b.71.1.2,0.0,0,0.0,0,0.0,0,0.0,0.0
d1k32a3,b.69.9.1,0.0,0,0.0,0,0.0,0,0.0,0.0
d3c9ua2,d.139.1.1,0.0,0,0.0,0,0.0,0,0.0,0.0
d2q9qc_,a.278.1.1,0.0,0,0.0,0,0.0,0,0.0,0.0
d2o5fa_,d.113.1.2,0.0,0,0.0,0,0.0,0,0.0,0.0
d2paja1,b.92.1.4,0.0,2,0.0,0,0.0,0,0.0,0.0
d3abza1,c.1.8.7,0.0,9,0.0300752,135,0.0827068,135,-0.0300752,-0.0827068
d3p86a_,d.144.1.0,0.0,21,0.0,0,0.0,0,0.0,0.0
d2jjfa_,c.67.1.0,0.0,22,0.961538,143,0.980769,143,-0.961538,-0.980769
d1xhba2,c.68.1.17,0.0,4,0.0,0,0.0,0,0.0,0.0
d3uama_,b.1.18.0,0.0,4,0.0625,92,0.0,92,-0.0625,0.0
d1s71a1,d.265.1.2,1.0,2,0.0,0,0.0,0,1.0,1.0
d1iv3a_,d.79.5.1,0.0,2,0.0,0,0.0,0,0.0,0.0
d1wp9a2,c.37.1.19,0.0,17,0.0,0,0.0,0,0.0,0.0
d4m4da2,d.83.1.0,0.0,2,0.0,0,0.0,0,0.0,0.0
d2nwua1,d.77.1.2,0.0,0,0.0,0,0.0,0,0.0,0.0
d1jnda1,c.1.8.5,0.0,10,0.455285,135,0.650407,135,-0.455285,-0.650407
d1x9za_,d.292.1.1,0.0,0,0.0,0,0.0,0,0.0,0.0
d6o5ea_,b.66.1.0,0.0,0,0.0,0,0.0,0,0.0,0.0
d3tcra_,c.57.1.0,0.0,0,0.0,0,0.0,0,0.0,0.0
d6ypea_,b.29.1.0,0.0,4,0.0,0,0.0,0,0.0,0.0
d4xiwa_,b.74.1.0,0.0,2,0.0,0,0.0,0,0.0,0.0
d5u2wa_,c.2.1.0,0.0,32,0.0,0,0.0,0,0.0,0.0
d1n67a1,b.2.3.4,0.0,0,0.0952381,22,0.0952381,22,-0.0952381,-0.0952381
d2if6a1,d.3.1.21,0.0,3,0.0,0,0.0,0,0.0,0.0
d3jb9u3,b.69.4.1,0.0,4,0.692308,28,0.692308,28,-0.692308,-0.692308
d6w9ta_,c.14.1.1,0.0,2,0.0,0,0.0,0,0.0,0.0
d2bw4a2,b.6.1.3,0.0,2,0.666667,51,0.621622,52,-0.666667,-0.621622
d6ijna1,c.1.9.0,0.0,4,0.3,60,0.875,60,-0.3,-0.875
d1otja_,b.82.2.5,0.4,6,0.4,42,0.275,42,0.0,0.125
d5tu0a_,c.94.1.0,0.0,18,0.0,0,0.0,0,0.0,0.0
d1cnt1_,a.26.1.1,0.0,3,0.0,0,0.0,0,0.0,0.0
d3mpka_,c.94.1.0,0.0,12,0.0,0,0.0,0,0.0,0.0
d2rh1a1,f.13.1.3,0.0,12,0.0,0,0.0,0,0.0,0.0
d1pkxa1,c.24.1.3,0.0,0,0.0,0,0.0,0,0.0,0.0
d2fdva_,a.104.1.0,0.0,11,0.0,0,0.0,0,0.0,0.0
d2w40a2,c.55.1.0,0.0,3,0.189655,102,0.12069,102,-0.189655,-0.12069
d1egaa1,c.37.1.8,0.14285714285714285,15,0.0,0,0.0,0,0.14285714285714285,0.14285714285714285
d3sqza2,c.95.1.0,0.0,4,0.0,0,0.0,0,0.0,0.0
d1qsaa2,d.2.1.6,0.0,0,0.0,0,0.0,0,0.0,0.0
d1s55a_,b.22.1.1,0.0,2,0.0,0,0.0,0,0.0,0.0
d3i6va_,c.94.1.0,0.0,8,0.0,0,0.0,0,0.0,0.0
d3rlff2,f.58.1.1,0.0,0,0.0,0,0.0,0,0.0,0.0
d1txoa_,d.219.1.1,0.5,3,0.0,0,0.0,0,0.5,0.5
d2b67a1,d.90.1.1,0.0,5,0.0,0,0.0,0,0.0,0.0
d2vnud4,b.40.4.16,0.0,3,0.0,130,0.0,130,0.0,0.0
d1dova_,a.24.9.1,0.0,0,0.5,12,0.0,12,-0.5,0.0
d1y2ma_,a.127.1.2,0.0,2,0.0,0,0.0,0,0.0,0.0
d1zk5a_,b.2.3.5,0.0,0,0.0,0,0.0,0,0.0,0.0
d1bw0a_,c.67.1.1,0.0,11,0.992248,143,0.992248,143,-0.992248,-0.992248
d1pfva1,a.27.1.1,0.0,0,0.0,0,0.0,0,0.0,0.0
d3ngxa2,c.2.1.0,0.0,8,0.0,0,0.0,0,0.0,0.0
d2j9la1,d.37.1.1,0.0,3,0.0,0,0.0,0,0.0,0.0
d1uf5a_,d.160.1.2,0.0,0,0.0,0,0.0,0,0.0,0.0
d2hy1a1,d.159.1.11,0.0,0,0.0,0,0.0,0,0.0,0.0
d1q1da1,d.122.1.2,0.0,2,0.0,0,0.0,0,0.0,0.0
d1uj6a1,c.124.1.4,0.0,0,0.0,0,0.0,0,0.0,0.0
d3hgpa_,b.47.1.2,0.0,7,0.0,0,0.0,0,0.0,0.0
d3dc7a1,c.23.10.9,0.0,0,0.789474,20,0.842105,20,-0.789474,-0.842105
d5jzja_,d.144.1.0,0.07142857142857142,15,0.0,0,0.0,0,0.07142857142857142,0.07142857142857142
d4u60a_,b.121.6.1,0.0,0,0.5,3,0.0,3,-0.5,0.0
d2a9da2,d.176.1.1,0.0,0,0.0,0,0.0,0,0.0,0.0
d5jpha1,d.108.1.0,0.0,2,0.0,0,0.0,0,0.0,0.0
d4fega2,c.31.1.0,0.0,2,0.0,0,0.0,0,0.0,0.0
d5vf5a2,b.82.1.0,0.5,5,0.875,65,0.979167,65,-0.375,-0.479167
g1pyo.1,c.17.1.1,0.0,2,0.0,0,0.0,0,0.0,0.0
d4guza1,d.3.1.0,0.0,2,0.0,0,0.0,0,0.0,0.0
d1wl4a1,c.95.1.0,0.0,5,0.0,0,0.0,0,0.0,0.0
d2e0aa2,d.122.1.0,0.0,0,0.0,0,0.0,0,0.0,0.0
d5jhxa1,a.93.1.0,0.0,3,0.0,0,0.0,0,0.0,0.0
d1iqva_,a.75.1.1,0.0,0,0.0,0,0.0,0,0.0,0.0
d5gvra_,c.37.1.0,0.1111111111111111,10,0.0,0,0.0,0,0.1111111111111111,0.1111111111111111
d6a15a1,a.104.1.0,0.06666666666666667,16,0.0,0,0.0,0,0.06666666666666667,0.06666666666666667
d1wx1a_,c.39.1.1,0.75,5,0.0,0,0.0,0,0.75,0.75
d3d2la_,c.66.1.0,0.0,10,0.0,0,0.0,0,0.0,0.0
d2o8pa1,a.118.7.1,0.0,0,0.0,0,0.0,0,0.0,0.0
d1w36b1,c.37.1.19,0.0,15,0.0,0,0.0,0,0.0,0.0
d3mlba_,c.26.1.3,0.2,6,0.282609,53,0.282609,53,-0.08260899999999999,-0.08260899999999999
d1al3a_,c.94.1.1,0.0,12,0.0,0,0.0,0,0.0,0.0
d2c5sa1,c.26.2.6,0.0,0,0.526316,39,0.210526,39,-0.526316,-0.210526
d3ejva1,d.17.4.28,0.0,0,0.972222,76,0.972222,76,-0.972222,-0.972222
d1rwra_,b.80.1.11,0.0,2,0.0,0,0.0,0,0.0,0.0
d6pypa2,a.100.1.0,0.0,0,0.0,0,0.0,0,0.0,0.0
d1t3ta6,d.139.1.1,0.0,0,0.0,0,0.0,0,0.0,0.0
d1edqa2,c.1.8.5,0.0,9,0.495935,135,0.569106,135,-0.495935,-0.569106
d4atya_,c.77.1.0,0.0,4,0.0,0,0.0,0,0.0,0.0
d2jdig_,c.49.2.1,0.0,2,0.666667,4,0.333333,4,-0.666667,-0.333333
d2xjpa1,b.179.1.2,0.0,0,0.0,0,0.0,0,0.0,0.0
d1nsja_,c.1.2.4,0.0,2,0.9,39,0.966667,39,-0.9,-0.966667
d3hpea_,b.61.6.0,0.0,3,0.666667,4,0.666667,4,-0.666667,-0.666667
d4gdja_,b.68.1.0,0.0,4,0.769231,16,0.307692,16,-0.769231,-0.307692
d1n62c2,d.145.1.3,0.0,2,0.0,0,0.0,0,0.0,0.0
d2d8la_,a.102.1.6,0.0,5,0.0,0,0.0,0,0.0,0.0
d1b0ua1,c.37.1.12,0.2,6,0.0,0,0.0,0,0.2,0.2
d2moua_,d.129.3.0,0.0,4,0.806452,42,0.806452,42,-0.806452,-0.806452
d3jw4a_,a.4.5.0,0.0,3,0.252809,252,0.162921,252,-0.252809,-0.162921
d1xtaa1,d.111.1.1,0.0,0,0.0,0,0.0,0,0.0,0.0
d1p3y1_,c.34.1.1,0.0,2,0.0,0,0.0,0,0.0,0.0
d4kema1,d.54.1.0,0.0,0,0.0,0,0.0,0,0.0,0.0
d2c5aa1,c.2.1.2,0.0,13,0.0,0,0.0,0,0.0,0.0
d3zhoa_,c.23.5.8,0.0,0,0.914286,37,0.942857,37,-0.914286,-0.942857
d6v8ma_,d.129.3.1,0.0,3,0.875,42,0.8,42,-0.875,-0.8
d2f4ma1,d.3.1.4,0.0,0,0.0,0,0.0,0,0.0,0.0
d3p54a1,f.10.1.0,0.0,0,0.0,0,0.0,0,0.0,0.0
d3ok8a_,a.238.1.0,0.0,0,0.0,0,0.0,0,0.0,0.0
d4g9sa1,d.2.1.5,0.0,0,0.0,0,0.0,0,0.0,0.0
d2vfra1,d.58.32.6,0.0,2,0.0,0,0.0,0,0.0,0.0
d2pv7a2,c.2.1.6,0.16666666666666666,13,0.0,0,0.0,0,0.16666666666666666,0.16666666666666666
d1zkda1,c.66.1.52,0.0,9,0.0,0,0.0,0,0.0,0.0
d2vp4a_,c.37.1.1,0.0,5,0.0,0,0.0,0,0.0,0.0
d5cz1a1,c.55.3.2,0.0,2,0.0862069,61,0.0344828,61,-0.0862069,-0.0344828
d2ox6a1,a.35.1.6,0.0,0,0.0,0,0.0,0,0.0,0.0
d1xgka_,c.2.1.2,0.0,19,0.0,0,0.0,0,0.0,0.0
d1rkua1,c.108.1.11,0.0,5,0.0,0,0.0,0,0.0,0.0
d1k28d1,b.106.1.1,0.0,0,0.0,0,0.0,0,0.0,0.0
d3rkpa2,b.2.3.0,0.0,2,0.125,22,0.0625,22,-0.125,-0.0625
d1oaaa_,c.2.1.2,0.0,14,0.0,0,0.0,0,0.0,0.0
d6yj9a_,d.37.1.0,0.0,2,0.0,0,0.0,0,0.0,0.0
d3h7oa_,b.47.1.0,0.0,4,0.0,0,0.0,0,0.0,0.0
d1dq3a1,b.86.1.2,0.0,0,0.0,0,0.0,0,0.0,0.0
d4m1qa1,c.2.1.0,0.0,9,0.0,0,0.0,0,0.0,0.0
d4kcda_,c.94.1.0,0.0,7,0.0,0,0.0,0,0.0,0.0
d2i1sa1,d.343.1.1,0.0,0,0.0,0,0.0,0,0.0,0.0
d1slqa_,f.47.1.1,0.0,0,0.0,0,0.0,0,0.0,0.0
d4nv0a_,c.108.1.0,0.0,4,0.0,0,0.0,0,0.0,0.0
d3ddla_,f.13.1.0,0.0,16,0.0,0,0.0,0,0.0,0.0
d1pota_,c.94.1.1,0.0,12,0.0,0,0.0,0,0.0,0.0
d3ozqa1,e.1.1.0,0.058823529411764705,18,0.0,0,0.0,0,0.058823529411764705,0.058823529411764705
d4q4w1_,b.121.4.1,0.0,4,0.645161,39,0.6875,44,-0.645161,-0.6875
d6s14a_,d.144.1.0,0.0,16,0.0,0,0.0,0,0.0,0.0
d4hvka_,c.67.1.0,0.0,14,0.980769,143,0.980769,143,-0.980769,-0.980769
d1crua_,b.68.2.1,0.0,0,0.0,0,0.0,0,0.0,0.0
d1js8a1,a.86.1.1,0.0,0,0.0,0,0.0,0,0.0,0.0
d5b7ca2,a.45.1.0,0.0,0,0.0,0,0.0,0,0.0,0.0
d1vkma1,c.138.1.1,0.0,0,0.0,0,0.0,0,0.0,0.0
d4xfwa_,b.74.1.0,0.0,2,0.0,0,0.0,0,0.0,0.0
d2ywia_,c.47.1.0,0.3333333333333333,4,0.452632,215,0.621053,215,-0.11929866666666666,-0.28771966666666665
d1ecfa2,d.153.1.1,0.0,4,0.0,37,0.428571,42,0.0,-0.428571
d3lfua2,c.37.1.0,0.13333333333333333,16,0.0,0,0.0,0,0.13333333333333333,0.13333333333333333
d4tv5a_,c.1.12.0,0.0,2,0.769231,19,0.769231,19,-0.769231,-0.769231
d4b4ua2,c.2.1.0,0.0,11,0.0,0,0.0,0,0.0,0.0
d1vkca_,d.108.1.1,0.0,4,0.0,0,0.0,0,0.0,0.0
d1qsma_,d.108.1.1,0.0,2,0.0,0,0.0,0,0.0,0.0
d2zxea4,f.33.1.1,0.0,2,0.0,0,0.0,0,0.0,0.0
d2blna2,c.65.1.1,0.0,2,0.0,0,0.0,0,0.0,0.0
d2egha2,c.2.1.3,0.0,11,0.0,0,0.0,0,0.0,0.0
d1l5aa1,c.43.1.2,0.0,0,0.0,0,0.0,0,0.0,0.0
d2a5db1,d.166.1.1,0.0,0,0.0,0,0.0,0,0.0,0.0
d2ppya_,c.14.1.0,0.0,7,0.0,0,0.0,0,0.0,0.0
d1q9ja2,c.43.1.2,0.0,2,0.0,0,0.0,0,0.0,0.0
d1k07a_,d.157.1.1,0.0,0,0.0,0,0.0,0,0.0,0.0
d1nyta1,c.2.1.7,0.0,6,0.0,0,0.0,0,0.0,0.0
d1b89a_,a.118.1.3,0.0,4,0.0,0,0.0,0,0.0,0.0
d6pzda1,b.68.1.1,0.0,2,0.666667,16,0.666667,16,-0.666667,-0.666667
d1m2oa2,b.2.8.1,0.0,0,0.0,0,0.0,0,0.0,0.0
d5e16a_,b.82.3.0,0.0,0,0.933333,31,0.933333,31,-0.933333,-0.933333
d1lrha_,b.82.1.2,0.0,4,0.967213,65,0.983607,65,-0.967213,-0.983607
d3dg3a2,c.1.11.0,0.0,5,0.923077,43,0.923077,43,-0.923077,-0.923077
d5zkka_,c.60.1.0,0.0,3,0.0,0,0.0,0,0.0,0.0
d1ojsa4,d.162.1.1,0.0,4,0.0,0,0.0,0,0.0,0.0
d5ncka2,c.55.1.0,0.0,3,0.37931,102,0.293103,102,-0.37931,-0.293103
d1fgha1,c.8.2.1,0.0,0,0.0,6,0.333333,6,0.0,-0.333333
d7kcva1,e.3.1.1,0.0,4,0.0,0,0.0,0,0.0,0.0
d1zq1c3,d.128.1.5,0.0,2,0.0,0,0.0,0,0.0,0.0
d1kcfa2,c.55.3.7,0.0,2,0.0,0,0.0,0,0.0,0.0
d3t6el_,f.26.1.1,0.0,3,0.0,0,0.0,0,0.0,0.0
d5ecca_,c.71.1.0,0.0,0,0.0,0,0.0,0,0.0,0.0
d2b3wa1,d.336.1.1,0.0,0,0.0,0,0.0,0,0.0,0.0
d6f2xa_,c.108.1.0,0.0,3,0.0,0,0.0,0,0.0,0.0
d2erfa_,b.29.1.4,0.0,4,0.0,0,0.0,0,0.0,0.0
d4moca1,d.38.1.0,0.0,5,0.0,0,0.0,0,0.0,0.0
d6q4ra2,d.92.1.0,0.0,4,0.233333,42,0.1,42,-0.233333,-0.1
d3g7ka2,d.21.1.0,0.0,4,0.0,0,0.0,0,0.0,0.0
d6m4sa_,a.104.1.0,0.0,13,0.0,0,0.0,0,0.0,0.0
d1miwa1,a.173.1.1,0.0,2,0.0,0,0.0,0,0.0,0.0
d2pb9a1,c.74.1.2,0.0,2,0.0,0,0.0,0,0.0,0.0
d3fd4a_,d.169.1.1,0.0,0,0.0,0,0.0,0,0.0,0.0
d7ckja_,c.37.1.0,0.0,16,0.0,0,0.0,0,0.0,0.0
d2p5ia1,d.104.1.3,0.0,3,0.0,0,0.0,0,0.0,0.0
d4nesa_,c.87.1.0,0.0,0,0.0,0,0.0,0,0.0,0.0
d3ja871,b.40.4.11,0.0,5,0.16129,130,0.16129,130,-0.16129,-0.16129
d1yqfa1,d.25.1.1,0.0,0,0.0,0,0.0,0,0.0,0.0
d4xb6b_,c.67.2.1,0.0,0,0.0,0,0.0,0,0.0,0.0
d1qgoa_,c.92.1.2,0.0,2,0.0,0,0.0,0,0.0,0.0
d1dqga_,b.42.2.2,0.0,0,0.0,0,0.0,0,0.0,0.0
d2ak3a1,c.37.1.1,0.0,4,0.0,0,0.0,0,0.0,0.0
d3vzxa_,c.1.4.1,0.0,3,0.555556,27,0.888889,27,-0.555556,-0.888889
d1p41a2,c.61.1.1,0.0,2,0.0,0,0.0,0,0.0,0.0
d1z06a1,c.37.1.8,0.0,16,0.0,0,0.0,0,0.0,0.0
d2b5dx2,c.6.2.4,1.0,3,0.5,17,0.117647,18,0.5,0.8823529999999999
d1uxya2,d.146.1.1,0.0,0,0.0,0,0.0,0,0.0,0.0
d2pjka_,c.57.1.0,0.0,0,0.0,0,0.0,0,0.0,0.0
d1gxra1,b.69.4.1,0.2222222222222222,10,0.692308,28,0.692308,28,-0.4700857777777778,-0.4700857777777778
d3seaa_,c.37.1.8,0.0,6,0.0,0,0.0,0,0.0,0.0
d1l0qa2,b.69.2.3,0.0,3,0.0,0,0.0,0,0.0,0.0
d3b3ha_,a.25.1.0,1.0,2,0.731707,55,0.853659,55,0.268293,0.14634100000000005
d2f2ea1,a.4.5.69,0.0,3,0.534137,252,0.429719,252,-0.534137,-0.429719
d1dvoa_,a.136.1.1,0.0,0,0.0,0,0.0,0,0.0,0.0
d4x04a1,c.94.1.0,0.0,20,0.0,0,0.0,0,0.0,0.0
d2fl4a1,d.108.1.1,0.0,4,0.0,0,0.0,0,0.0,0.0
d6f7ha_,f.19.1.0,0.0,11,0.0,0,0.0,0,0.0,0.0
d1jqna_,c.1.12.3,0.0,4,0.0,0,0.0,0,0.0,0.0
d2doua_,c.67.1.0,0.1,21,0.980769,143,0.980769,143,-0.880769,-0.880769
d4j2fa2,a.45.1.0,0.0,2,0.0,0,0.0,0,0.0,0.0
d2qgsa1,a.211.1.1,0.0,6,0.0,0,0.0,0,0.0,0.0
d5ae0a_,d.61.1.3,0.0,0,0.0,0,0.0,0,0.0,0.0
d5ganf2,a.183.1.1,0.0,2,0.0,0,0.0,0,0.0,0.0
d2ag5a1,c.2.1.2,0.0,22,0.0,0,0.0,0,0.0,0.0
d2vcha_,c.87.1.10,0.0,6,0.0,0,0.0,0,0.0,0.0
d3zuka_,d.92.1.0,0.0,8,0.0666667,42,0.0333333,42,-0.0666667,-0.0333333
d1e6ua_,c.2.1.2,0.0,13,0.0,0,0.0,0,0.0,0.0
d1h8la2,c.56.5.1,0.0,5,0.705882,36,0.228571,37,-0.705882,-0.228571
d4ay7a_,c.1.22.0,0.0,0,0.666667,6,0.666667,6,-0.666667,-0.666667
d4qt4a_,c.56.3.0,0.0,0,0.5,4,0.5,4,-0.5,-0.5
d1ikpa3,f.1.5.1,0.0,0,0.0,0,0.0,0,0.0,0.0
d1wraa1,d.157.1.8,0.0,2,0.0,0,0.0,0,0.0,0.0
d6jkva_,d.219.1.0,0.0,3,0.0,0,0.0,0,0.0,0.0
d4lc3a_,c.67.1.0,0.0,10,0.980769,143,0.980769,143,-0.980769,-0.980769
d1hxha_,c.2.1.2,0.0,29,0.0,0,0.0,0,0.0,0.0
d2jg0a_,a.102.1.9,0.0,2,0.0,0,0.0,0,0.0,0.0
d4xsgb_,d.166.1.0,0.0,3,0.0,0,0.0,0,0.0,0.0
d1y8aa1,c.108.1.24,0.0,7,0.0,0,0.0,0,0.0,0.0
d2gv8a1,c.3.1.5,0.0,3,0.0,0,0.0,0,0.0,0.0
d2fo1e1,d.211.1.1,0.0,3,0.928571,32,0.928571,32,-0.928571,-0.928571
d1wxxa2,c.66.1.51,0.0,12,0.0,0,0.0,0,0.0,0.0
d4d0ga_,c.37.1.8,0.06666666666666667,16,0.0,0,0.0,0,0.06666666666666667,0.06666666666666667
d2x5da_,c.67.1.0,0.08333333333333333,25,0.980769,143,0.980769,143,-0.8974356666666666,-0.8974356666666666
d2r0xa1,b.45.1.0,0.0,3,0.896552,46,0.896552,46,-0.896552,-0.896552
d4muva1,b.82.3.2,0.0,2,0.95,31,0.95,31,-0.95,-0.95
d1x9da_,a.102.2.1,0.2,6,0.0,0,0.0,0,0.2,0.2
d3a4ja_,c.1.9.3,0.0,4,0.79661,60,0.915254,60,-0.79661,-0.915254
d2rl6a_,b.64.1.1,0.0,0,0.0,0,0.0,0,0.0,0.0
d4f2ga2,c.78.1.0,0.0,3,0.571429,21,0.571429,21,-0.571429,-0.571429
d6aufb_,d.157.1.0,0.0,2,0.0,0,0.0,0,0.0,0.0
d2o70a1,a.288.1.1,0.0,2,0.0,0,0.0,0,0.0,0.0
d1o4ua1,c.1.17.1,0.0,0,0.25,10,0.5,10,-0.25,-0.5
d2a40b_,d.151.1.1,0.0,2,0.0,0,0.0,0,0.0,0.0
d2b3na_,d.38.1.4,0.0,2,0.0,0,0.0,0,0.0,0.0
d7c2aa_,c.23.10.0,0.0,3,0.785714,20,0.785714,20,-0.785714,-0.785714
d4c3hg2,b.40.4.5,0.0,0,0.091954,130,0.0344828,130,-0.091954,-0.0344828
d5jo9a_,c.2.1.0,0.0,20,0.0,0,0.0,0,0.0,0.0
d6tvpa1,c.87.1.0,0.0,3,0.0,0,0.0,0,0.0,0.0
d1lhpa_,c.72.1.5,0.0,6,0.74,51,0.94,51,-0.74,-0.94
d2d5fa2,b.82.1.0,0.0,2,0.916667,65,0.979167,65,-0.916667,-0.979167
d2im5a2,c.1.17.2,0.0,2,0.857143,10,0.428571,10,-0.857143,-0.428571
d7dtka_,c.37.1.0,0.0,20,0.0,0,0.0,0,0.0,0.0
d1nxja_,c.8.7.1,0.0,0,0.0,0,0.0,0,0.0,0.0
d1kqfb1,d.58.1.5,0.0,2,0.538462,24,0.846154,24,-0.538462,-0.846154
d2gmya1,a.152.1.3,0.0,0,0.0,0,0.0,0,0.0,0.0
d2fona3,a.29.3.0,0.0,2,0.375,19,0.125,19,-0.375,-0.125
d2hkva1,a.213.1.2,0.0,0,0.0,0,0.0,0,0.0,0.0
d4wsbc6,e.82.1.1,0.0,0,0.0,0,0.0,0,0.0,0.0
d3lvza_,d.157.1.1,0.0,4,0.0,0,0.0,0,0.0,0.0
d2v6da_,e.1.1.0,0.0,11,0.0,0,0.0,0,0.0,0.0
d1w0pa3,b.68.1.1,0.0,2,0.0,16,0.333333,16,0.0,-0.333333
d5xz2a_,c.37.1.0,0.0,11,0.0,0,0.0,0,0.0,0.0
d2ae6a1,d.108.1.1,0.0,2,0.0,0,0.0,0,0.0,0.0
d6y8ya1,c.84.1.0,0.0,0,0.0,0,0.0,0,0.0,0.0
d3mi9b1,a.74.1.0,0.0,2,0.0,0,0.0,0,0.0,0.0
d2gnpa1,c.124.1.8,0.0,3,0.0,0,0.0,0,0.0,0.0
d1cbya_,d.103.1.1,0.0,0,0.0,0,0.0,0,0.0,0.0
d1amxa_,b.2.3.1,0.0,2,0.0,0,0.0,0,0.0,0.0
d3tlka1,c.92.2.0,0.0,7,0.615385,38,0.923077,38,-0.615385,-0.923077
d3pxla3,b.6.1.0,0.0,5,0.588235,51,0.571429,52,-0.588235,-0.571429
d2imra2,c.1.9.16,0.0,2,0.0,0,0.0,0,0.0,0.0
d1q6ha_,d.26.1.1,0.0,2,0.705882,27,0.529412,27,-0.705882,-0.529412
d1wcua1,b.18.1.0,0.0,4,0.0,0,0.0,0,0.0,0.0
d2bcqa3,d.218.1.2,0.0,2,0.0,0,0.0,0,0.0,0.0
d4inza_,c.69.1.0,0.0,5,0.0,0,0.0,0,0.0,0.0
d1vima1,c.80.1.3,0.0,0,0.0,0,0.0,0,0.0,0.0
d3ja831,b.40.4.11,0.0,4,0.241935,130,0.201613,130,-0.241935,-0.201613
d3cu2a_,c.1.2.0,0.0,2,0.818182,39,0.954545,39,-0.818182,-0.954545
d1mo9a3,d.87.1.1,0.0,2,0.0,0,0.0,0,0.0,0.0
d5ctma_,e.3.1.0,0.0,8,0.0,0,0.0,0,0.0,0.0
d3f1la_,c.2.1.0,0.11764705882352941,18,0.0,0,0.0,0,0.11764705882352941,0.11764705882352941
d1nr0a1,b.69.4.1,0.0,5,0.692308,28,0.692308,28,-0.692308,-0.692308
d1vlpa1,d.41.2.2,0.0,2,0.285714,17,0.0,17,-0.285714,0.0
d2dapa1,c.2.1.3,0.0,5,0.0,0,0.0,0,0.0,0.0
d3cu7ae,a.102.4.4,0.0,2,0.454545,13,0.416667,14,-0.454545,-0.416667
d4qqwa2,c.37.1.19,0.0,15,0.0,0,0.0,0,0.0,0.0
d2qxxa_,b.85.4.1,0.0,2,0.875,15,0.875,15,-0.875,-0.875
d3c2ua1,b.67.2.0,0.0,0,0.666667,8,0.666667,8,-0.666667,-0.666667
d1oaha_,a.138.1.3,0.0,3,0.0,0,0.0,0,0.0,0.0
d4e6ua_,b.81.1.0,0.0,2,0.846154,24,0.846154,24,-0.846154,-0.846154
d4mija1,c.94.1.1,0.0,8,0.0,0,0.0,0,0.0,0.0
d2o8sa1,a.295.1.1,0.0,0,0.0,0,0.0,0,0.0,0.0
d1zela2,d.377.1.1,0.0,0,0.0,0,0.0,0,0.0,0.0
d6onna1,c.67.1.0,0.045454545454545456,23,0.980769,143,0.980769,143,-0.9353144545454546,-0.9353144545454546
d1o9ga_,c.66.1.29,0.0,11,0.0,0,0.0,0,0.0,0.0
d5c7ha_,c.1.7.0,0.0,7,0.875,19,0.875,19,-0.875,-0.875
d5frda1,c.69.1.0,0.0,7,0.0,0,0.0,0,0.0,0.0
d1ys1x_,c.69.1.18,0.0,10,0.0,0,0.0,0,0.0,0.0
d2frna_,c.66.1.47,0.0,8,0.0,0,0.0,0,0.0,0.0
d3zeda_,e.8.1.0,0.0,5,0.0,0,0.0,0,0.0,0.0
d4qrea2,a.27.1.0,0.0,0,0.0,0,0.0,0,0.0,0.0
d1mj5a1,c.69.1.8,0.09090909090909091,12,0.0,0,0.0,0,0.09090909090909091,0.09090909090909091
d2a73b2,b.1.29.1,0.0,2,0.0,18,0.0,19,0.0,0.0
d3uzua_,c.66.1.0,0.0,4,0.0,0,0.0,0,0.0,0.0
d1ku9a_,a.4.5.36,0.0,4,0.0,0,0.0,0,0.0,0.0
d1th0a_,d.3.1.7,0.0,2,0.0,0,0.0,0,0.0,0.0
d2zosa1,c.108.1.10,0.0,6,0.0,0,0.0,0,0.0,0.0
d2ji7a1,c.31.1.3,0.0,0,0.0,0,0.0,0,0.0,0.0
d2uyoa_,c.66.1.57,0.0,7,0.0,0,0.0,0,0.0,0.0
d1c17m_,f.18.1.1,0.0,0,0.0,0,0.0,0,0.0,0.0
d1srqa_,e.55.1.1,0.0,0,0.0,0,0.0,0,0.0,0.0
d5uwza_,a.25.1.0,0.0,6,0.292683,55,0.317073,55,-0.292683,-0.317073
d2id0a4,b.40.4.16,0.0,5,0.0,130,0.0,130,0.0,0.0
d6wlca2,d.294.1.2,0.0,0,0.0,0,0.0,0,0.0,0.0
d5a0ya1,d.58.31.2,0.0,0,0.25,5,0.0,5,-0.25,0.0
d5h8ia_,d.160.1.0,0.0,0,0.0,0,0.0,0,0.0,0.0
d2o2ka_,d.173.1.0,0.0,0,0.0,0,0.0,0,0.0,0.0
d3bema1,d.90.1.0,0.0,2,0.0,0,0.0,0,0.0,0.0
d5o5ta2,c.8.4.1,0.0,0,0.0,0,0.0,0,0.0,0.0
d1jb7a1,b.40.4.3,0.0,2,0.138889,130,0.101852,130,-0.138889,-0.101852
d4wwxb2,c.55.3.17,0.0,3,0.0,0,0.0,0,0.0,0.0
d5ee0a1,c.37.1.0,0.0,12,0.0,0,0.0,0,0.0,0.0
d1uufa1,b.35.1.2,0.0,0,0.0,20,0.0,20,0.0,0.0
d2f2ba_,f.19.1.0,0.0,19,0.0,0,0.0,0,0.0,0.0
d2iida1,c.3.1.2,0.0,9,0.0,0,0.0,0,0.0,0.0
d1w74a_,b.62.1.1,0.0,0,0.0,0,0.0,0,0.0,0.0
d6py3a_,d.110.6.4,0.0,0,0.875,11,0.75,11,-0.875,-0.75
d4wuta_,c.93.1.0,0.0,9,0.0,0,0.0,0,0.0,0.0
d1q8ia1,c.55.3.5,0.0,8,0.0227273,61,0.0454545,61,-0.0227273,-0.0454545
d3bzna_,d.161.1.1,0.0,0,0.0,0,0.0,0,0.0,0.0
d3jvga1,d.19.1.0,0.0,0,0.0,0,0.0,0,0.0,0.0
d3rosa_,c.82.1.0,0.0,12,0.0,0,0.0,0,0.0,0.0
d1l7da1,c.2.1.4,0.0,20,0.0,0,0.0,0,0.0,0.0
d1zrra_,b.82.1.6,0.0,2,0.796875,65,0.984375,65,-0.796875,-0.984375
d3c3ka1,c.93.1.0,0.125,9,0.0,0,0.0,0,0.125,0.125
d7jqza_,c.69.1.0,0.0,15,0.0,0,0.0,0,0.0,0.0
d4eu9a2,c.124.1.0,0.0,0,0.0,0,0.0,0,0.0,0.0
d1w96a3,d.142.1.2,0.0,4,0.772727,29,0.727273,29,-0.772727,-0.727273
d2jaqa_,c.37.1.0,0.0,8,0.0,0,0.0,0,0.0,0.0
d2wcua_,c.133.1.0,0.0,2,0.0,0,0.0,0,0.0,0.0
d1qp8a1,c.2.1.4,0.0,11,0.0,0,0.0,0,0.0,0.0
d4n4ee_,d.92.1.2,0.0,7,0.121951,42,0.0,42,-0.121951,0.0
d1wm5a2,a.118.8.1,0.0,2,0.45,63,0.5,63,-0.45,-0.5
d1r8ga_,d.128.1.3,0.0,0,0.0,0,0.0,0,0.0,0.0
d3vpda2,d.142.1.7,0.0,2,0.0,0,0.0,0,0.0,0.0
d3jxpa1,d.157.1.6,0.0,2,0.0,0,0.0,0,0.0,0.0
d3ntva_,c.66.1.0,0.0,4,0.0,0,0.0,0,0.0,0.0
d2rgya_,c.93.1.0,0.0,6,0.0,0,0.0,0,0.0,0.0
d1m1ca_,e.42.1.1,0.0,0,0.0,0,0.0,0,0.0,0.0
d7ag6a1,c.72.1.0,0.0,3,0.941176,51,0.941176,51,-0.941176,-0.941176
d4c5pa_,d.3.1.5,0.0,0,0.0,0,0.0,0,0.0,0.0
d4gnia2,c.55.1.0,0.6666666666666666,4,0.413793,102,0.172414,102,0.2528736666666666,0.4942526666666666
d1rwia1,b.68.9.1,0.0,2,0.5,3,0.5,3,-0.5,-0.5
d3cu7a8,b.1.29.1,0.0,0,0.0,18,0.0,19,0.0,0.0
d3u9wa2,d.92.1.13,0.0,2,0.2,42,0.025,42,-0.2,-0.025
d2hq2a2,e.62.1.1,0.0,0,0.0,0,0.0,0,0.0,0.0
d2rc5a2,c.25.1.0,0.0,0,0.0,0,0.0,0,0.0,0.0
d1wy6a_,a.118.20.1,0.0,0,0.0,0,0.0,0,0.0,0.0
d4r82a_,b.45.1.0,0.0,3,0.758621,46,0.551724,46,-0.758621,-0.551724
d5kb6a_,c.72.1.1,0.0,7,0.953488,51,0.976744,51,-0.953488,-0.976744
d2bo4a1,c.68.1.18,0.0,2,0.0,0,0.0,0,0.0,0.0
d4rv9a1,c.66.1.0,0.0,16,0.0,0,0.0,0,0.0,0.0
d2hhpa1,a.160.1.1,0.0,0,0.0,0,0.0,0,0.0,0.0
d3f1sa_,e.1.1.0,0.26666666666666666,16,0.0,0,0.0,0,0.26666666666666666,0.26666666666666666
d4i6ka_,c.1.9.0,0.3333333333333333,7,0.45,60,0.925,60,-0.1166666666666667,-0.5916666666666668
d3bsoa_,e.8.1.4,0.0,3,0.0,0,0.0,0,0.0,0.0
d2py5a1,c.55.3.5,0.0,0,0.113636,61,0.0681818,61,-0.113636,-0.0681818
d3hb7a1,c.33.1.0,0.0,4,0.0,0,0.0,0,0.0,0.0
d4ghga2,d.32.1.3,0.0,0,0.0,0,0.0,0,0.0,0.0
d1bpoa1,a.118.1.4,0.0,2,0.0,0,0.0,0,0.0,0.0
d6iemb_,a.127.1.0,0.0,3,0.0,0,0.0,0,0.0,0.0
d2i5ia1,c.6.2.8,0.0,2,0.0,0,0.0,0,0.0,0.0
d2h84a1,c.95.1.0,0.0,3,0.0,0,0.0,0,0.0,0.0
d2izwa_,b.121.4.0,0.0,2,0.866667,39,0.742857,44,-0.866667,-0.742857
d2bpa2_,b.121.5.1,0.0,0,0.0,7,0.0,7,0.0,0.0
d2j5ca1,a.102.4.0,0.0,0,0.0,13,0.0,14,0.0,0.0
d3nema2,d.104.1.0,0.5,5,0.0,0,0.0,0,0.5,0.5
d1bifa2,c.60.1.4,0.0,0,0.0,0,0.0,0,0.0,0.0
d1p5ub_,b.2.3.2,0.0,2,0.214286,22,0.285714,22,-0.214286,-0.285714
d1f44a2,d.163.1.1,0.0,0,0.0,0,0.0,0,0.0,0.0
d4lb0a_,d.21.1.0,0.0,3,0.0,0,0.0,0,0.0,0.0
d6uvqa_,c.66.1.0,0.0,7,0.0,0,0.0,0,0.0,0.0
d1qbaa3,c.1.8.6,0.0,10,0.0454545,135,0.825758,135,-0.0454545,-0.825758
d2f1ra1,c.37.1.0,0.0,5,0.0,0,0.0,0,0.0,0.0
d5kloa_,c.82.1.0,0.0,19,0.0,0,0.0,0,0.0,0.0
d2nyda1,c.135.1.0,0.0,2,0.0,0,0.0,0,0.0,0.0
d6th0a_,d.108.1.0,0.0,5,0.0,0,0.0,0,0.0,0.0
d3ie7a1,c.72.1.0,0.0,2,0.823529,51,0.941176,51,-0.823529,-0.941176
d1oi2a_,c.119.1.2,0.0,3,0.0,0,0.0,0,0.0,0.0
d1ydua1,b.162.1.1,0.0,0,0.0,0,0.0,0,0.0,0.0
d4p56a_,c.94.1.0,0.0,15,0.0,0,0.0,0,0.0,0.0
d1ffya1,a.27.1.1,0.0,0,0.0,0,0.0,0,0.0,0.0
d5mbub_,c.92.2.4,0.0,6,0.861111,38,0.916667,38,-0.861111,-0.916667
d2p0la1,d.104.1.3,0.0,2,0.0,0,0.0,0,0.0,0.0
d2rfga_,c.1.10.0,0.4166666666666667,13,0.6,65,0.885714,65,-0.1833333333333333,-0.4690473333333333
d4dxwa_,f.14.1.0,0.5,5,0.75,13,0.666667,13,-0.25,-0.166667
d1w7ca1,b.30.2.1,0.0,0,0.0,0,0.0,0,0.0,0.0
d1o59a1,b.18.1.22,0.0,2,0.0,0,0.0,0,0.0,0.0
d4rd4a1,c.37.1.8,0.0,15,0.0,0,0.0,0,0.0,0.0
d3h11a_,c.17.1.1,0.0,0,0.0,0,0.0,0,0.0,0.0
d1lzka_,c.69.1.2,0.0,23,0.0,0,0.0,0,0.0,0.0
d3mqda1,c.95.1.0,0.0,2,0.0,0,0.0,0,0.0,0.0
d3iara1,c.1.9.1,0.0,7,0.413793,60,0.896552,60,-0.413793,-0.896552
d2vgna2,c.55.4.2,0.0,0,0.2,7,0.6,7,-0.2,-0.6
d4n6da1,c.94.1.0,0.0,13,0.0,0,0.0,0,0.0,0.0
d1y4wa2,b.67.2.3,0.0,0,0.714286,8,0.142857,8,-0.714286,-0.142857
d5z6ba_,c.94.1.0,0.0,11,0.0,0,0.0,0,0.0,0.0
d6v6aa_,d.144.1.0,0.4090909090909091,23,0.0,0,0.0,0,0.4090909090909091,0.4090909090909091
d3gdfa_,c.2.1.0,0.0,16,0.0,0,0.0,0,0.0,0.0
d6e36a_,b.30.6.1,0.0,0,0.0,0,0.0,0,0.0,0.0
d1ujna_,e.22.1.1,0.0,2,0.0,0,0.0,0,0.0,0.0
d5xd7a2,c.1.11.0,0.0,6,0.923077,43,0.923077,43,-0.923077,-0.923077
d2cy8a_,c.67.1.0,0.0,21,0.980769,143,0.980769,143,-0.980769,-0.980769
d1yoaa1,b.45.1.2,0.0,0,0.761905,46,0.97619,46,-0.761905,-0.97619
d3huua_,c.93.1.0,0.0,3,0.0,0,0.0,0,0.0,0.0
d6pnpa1,b.29.1.4,0.0,3,0.0,0,0.0,0,0.0,0.0
d1eu1a2,c.81.1.1,0.0,3,0.0,0,0.0,0,0.0,0.0
d1dlca1,b.18.1.3,0.0,2,0.0,0,0.0,0,0.0,0.0
d4fkea4,a.118.1.0,0.0,5,0.346939,59,0.387755,59,-0.346939,-0.387755
d3zuda_,b.1.18.0,0.0,2,0.171875,92,0.0,92,-0.171875,0.0
d3b8oa1,d.58.60.1,0.0,0,0.0,0,0.0,0,0.0,0.0
d1bqca_,c.1.8.3,0.0,6,0.252336,135,0.514019,135,-0.252336,-0.514019
d2g64a1,d.96.1.2,1.0,2,0.705882,18,0.941176,18,0.294118,0.05882399999999999
d1muka_,e.8.1.4,0.0,14,0.0,0,0.0,0,0.0,0.0
d4pswb_,b.69.4.0,0.0,10,0.809524,28,0.761905,28,-0.809524,-0.761905
d3pmsa2,b.121.1.1,0.0,0,0.0,4,0.0,4,0.0,0.0
d1knwa2,c.1.6.1,0.0,2,0.5,10,0.5,10,-0.5,-0.5
d3l55a_,c.1.8.0,0.0,15,0.822917,135,0.645833,135,-0.822917,-0.645833
d6p2la2,b.69.13.0,0.0,2,0.666667,8,0.666667,8,-0.666667,-0.666667
d1rtta_,c.23.5.4,0.0,0,0.882353,37,0.941176,37,-0.882353,-0.941176
d1vioa1,d.265.1.3,0.0,0,0.0,0,0.0,0,0.0,0.0
d4h27a_,c.79.1.1,0.0,3,0.0,0,0.0,0,0.0,0.0
d3mi02_,d.153.1.4,0.0,2,0.26087,37,0.25,42,-0.26087,-0.25
d4k8va1,d.218.1.15,0.0,0,0.0,0,0.0,0,0.0,0.0
d7jrjk_,d.58.6.0,0.0,0,0.666667,5,0.666667,5,-0.666667,-0.666667
d1g8ja1,b.52.2.2,0.0,2,0.9,15,0.8,15,-0.9,-0.8
d1sj7a1,a.215.1.1,0.0,0,0.0,0,0.0,0,0.0,0.0
d1flca1,b.19.1.3,0.0,0,0.0,0,0.0,0,0.0,0.0
d1otha2,c.78.1.1,0.0,2,0.625,21,0.625,21,-0.625,-0.625
d1ht6a2,c.1.8.1,0.0,7,0.583333,135,0.768519,135,-0.583333,-0.768519
d7anta_,a.104.1.0,0.125,17,0.0,0,0.0,0,0.125,0.125
d2e0aa1,a.29.5.0,0.0,0,0.0,0,0.0,0,0.0,0.0
d6xxja_,c.31.1.1,0.0,0,0.0,0,0.0,0,0.0,0.0
d6r2na1,c.55.1.0,0.5,3,0.396552,102,0.293103,102,0.10344799999999998,0.206897
d1yd9a1,c.50.1.2,0.0,0,0.0,0,0.0,0,0.0,0.0
d5fffa_,c.2.1.2,0.0,17,0.0,0,0.0,0,0.0,0.0
d4j0ea1,c.2.1.0,0.1111111111111111,10,0.0,0,0.0,0,0.1111111111111111,0.1111111111111111
d1vpta_,c.66.1.25,0.0,13,0.0,0,0.0,0,0.0,0.0
d3c8da2,c.69.1.2,0.0,12,0.0,0,0.0,0,0.0,0.0
d1p0ha_,d.108.1.1,0.0,5,0.0,0,0.0,0,0.0,0.0
d2h1ia1,c.69.1.14,0.0,7,0.0,0,0.0,0,0.0,0.0
d4xxia_,a.1.1.0,0.0,2,0.416667,57,0.527778,57,-0.416667,-0.527778
d2vpna_,c.94.1.0,0.0,14,0.0,0,0.0,0,0.0,0.0
d3e58a_,c.108.1.0,0.0,6,0.0,0,0.0,0,0.0,0.0
d6y43a1,d.171.1.0,0.0,2,0.0,0,0.0,0,0.0,0.0
d6yc8a_,c.2.1.0,0.0,10,0.0,0,0.0,0,0.0,0.0
d2cvoa2,d.81.1.1,0.0,2,0.136364,30,0.0,30,-0.136364,0.0
d1u0ta_,e.52.1.1,0.0,0,0.0,0,0.0,0,0.0,0.0
d6xrub1,d.142.1.4,0.0,2,0.714286,29,0.714286,29,-0.714286,-0.714286
d4a7wa_,c.73.1.0,0.0,4,0.0,0,0.0,0,0.0,0.0
d2zwia_,c.87.1.0,0.0,0,0.0,0,0.0,0,0.0,0.0
d1j5rb1,e.22.1.2,0.0,3,0.0,0,0.0,0,0.0,0.0
d1v6ta_,c.6.2.5,0.0,0,0.0,0,0.0,0,0.0,0.0
d1m2tb1,b.42.2.1,0.0,0,0.875,19,0.875,19,-0.875,-0.875
d4lk5a_,c.14.1.0,0.0,12,0.0,0,0.0,0,0.0,0.0
d3hhta_,d.149.1.1,0.0,0,0.0,0,0.0,0,0.0,0.0
d4r21a_,a.104.1.0,0.07692307692307693,14,0.0,0,0.0,0,0.07692307692307693,0.07692307692307693
d1t2da2,d.162.1.1,0.0,3,0.0,0,0.0,0,0.0,0.0
d6qmma_,c.66.1.0,0.0,10,0.0,0,0.0,0,0.0,0.0
d1ddla_,b.121.4.6,0.0,2,0.789474,39,0.627907,44,-0.789474,-0.627907
d1x9fc_,a.1.1.2,0.0,2,0.727273,57,0.969697,57,-0.727273,-0.969697
d2osaa_,a.116.1.0,0.0,2,0.0,0,0.0,0,0.0,0.0
d1h7na_,c.1.10.3,0.0,3,0.78125,65,0.90625,65,-0.78125,-0.90625
d6m96a1,c.37.1.0,0.125,17,0.0,0,0.0,0,0.125,0.125
d1vpma_,d.38.1.1,0.0,5,0.0,0,0.0,0,0.0,0.0
d4w7ka_,d.58.4.0,0.0,4,0.2,52,0.0571429,52,-0.2,-0.0571429
d3byqa1,d.79.9.1,0.0,0,0.0,0,0.0,0,0.0,0.0
d1fdra2,c.25.1.1,0.0,0,0.0,0,0.0,0,0.0,0.0
d4whsb_,b.3.6.1,0.0,0,0.666667,4,0.666667,4,-0.666667,-0.666667
d3asta_,b.121.4.0,0.0,0,0.0,39,0.0,44,0.0,0.0
d3u49a1,c.2.1.0,0.0,15,0.0,0,0.0,0,0.0,0.0
d2d0oa3,c.55.1.6,0.0,7,0.425743,102,0.287129,102,-0.425743,-0.287129
d1xgsa2,d.127.1.1,0.0,0,0.0,0,0.0,0,0.0,0.0
d3jvia1,c.44.1.0,0.25,5,0.75,13,0.75,13,-0.5,-0.5
d1yi9a2,b.121.1.2,0.0,0,0.0,4,0.0,4,0.0,0.0
d5uqsa_,a.103.1.1,0.0,2,0.0,0,0.0,0,0.0,0.0
d1q3qa2,c.8.5.2,0.0,0,0.5,3,0.0,3,-0.5,0.0
d1vq8h1,d.41.4.1,0.0,0,0.5,3,0.5,3,-0.5,-0.5
d5le5e_,d.153.1.0,0.0,3,0.571429,37,0.484848,42,-0.571429,-0.484848
d4g26a3,c.120.1.3,0.0,0,0.0,0,0.0,0,0.0,0.0
d1r76a_,a.102.5.1,0.0,0,0.0,0,0.0,0,0.0,0.0
d4p1ea_,c.94.1.0,0.0,16,0.0,0,0.0,0,0.0,0.0
d2g72a_,c.66.1.15,0.0,8,0.0,0,0.0,0,0.0,0.0
d2v0ha1,c.68.1.0,0.0,2,0.0,0,0.0,0,0.0,0.0
d2o9ga1,f.19.1.1,0.0,25,0.0,0,0.0,0,0.0,0.0
d1vpqa1,c.1.32.1,0.0,0,0.0,0,0.0,0,0.0,0.0
d1bola_,d.124.1.1,0.0,2,0.0,0,0.0,0,0.0,0.0
d2hhpa2,d.218.1.3,0.0,2,0.0,0,0.0,0,0.0,0.0
d5nrma1,b.2.2.2,0.0,3,0.4,22,0.4,22,-0.4,-0.4
d1xt8a1,c.94.1.1,0.0,8,0.0,0,0.0,0,0.0,0.0
d4czga1,c.55.1.0,0.0,0,0.241379,102,0.103448,102,-0.241379,-0.103448
d1h2ba1,b.35.1.2,0.0,2,0.0,20,0.0,20,0.0,0.0
d1w55a1,c.68.1.13,0.0,0,0.0,0,0.0,0,0.0,0.0
d1vffa1,c.1.8.4,0.15789473684210525,20,0.519084,135,0.763359,135,-0.36118926315789474,-0.6054642631578948
d5loma_,c.94.1.0,0.0,19,0.0,0,0.0,0,0.0,0.0
d1j99a_,c.37.1.5,0.2,16,0.0,0,0.0,0,0.2,0.2
d5z1fa2,d.58.63.1,0.0,0,0.0,0,0.0,0,0.0,0.0
d3hcza1,c.47.1.0,0.0,5,0.547368,215,0.6,215,-0.547368,-0.6
d1qyia1,c.108.1.13,0.2222222222222222,10,0.0,0,0.0,0,0.2222222222222222,0.2222222222222222
d1a5ea_,d.211.1.1,0.0,3,0.928571,32,0.928571,32,-0.928571,-0.928571
d5hqja1,c.93.1.0,0.0,13,0.0,0,0.0,0,0.0,0.0
d1xeoa_,d.167.1.1,0.0,0,0.0,0,0.0,0,0.0,0.0
d1ysja1,c.56.5.4,0.0,0,0.65,36,0.25,37,-0.65,-0.25
d5amva_,b.80.1.1,0.0,2,0.789474,22,0.894737,22,-0.789474,-0.894737
d1t3ta4,d.79.4.1,0.0,3,0.8,11,0.2,11,-0.8,-0.2
d2oj5a1,b.21.1.2,0.0,0,0.0,0,0.0,0,0.0,0.0
d1mv8a2,c.2.1.6,0.0,9,0.0,0,0.0,0,0.0,0.0
d3e99a1,d.17.4.4,0.0,0,0.972222,76,0.972222,76,-0.972222,-0.972222
d5ziqa1,a.1.1.0,0.0,3,0.805556,57,0.972222,57,-0.805556,-0.972222
d4rxta1,c.93.1.0,0.0,7,0.0,0,0.0,0,0.0,0.0
d1xg2a_,b.80.1.5,0.0,0,0.904762,22,0.904762,22,-0.904762,-0.904762
d2asia_,b.50.1.2,0.0,4,0.0,0,0.0,0,0.0,0.0
d1kq6a_,d.189.1.1,0.0,0,0.0,0,0.0,0,0.0,0.0
d1vlja1,e.22.1.2,0.0,3,0.0,0,0.0,0,0.0,0.0
d3a9sa1,c.85.1.0,0.0,0,0.0,0,0.0,0,0.0,0.0
d5csra_,c.1.1.0,0.0,0,0.666667,6,0.666667,6,-0.666667,-0.666667
d4lw4c_,d.224.1.1,0.0,0,0.0,0,0.0,0,0.0,0.0
d2qqma1,b.18.1.2,0.0,0,0.0,0,0.0,0,0.0,0.0
d4pf8a_,c.94.1.0,0.0,13,0.0,0,0.0,0,0.0,0.0
d4hyja_,f.13.1.0,0.2,26,0.0,0,0.0,0,0.2,0.2
d1mqea_,d.113.1.1,0.0,3,0.0,0,0.0,0,0.0,0.0
d2mvza_,b.62.1.0,0.0,0,0.0,0,0.0,0,0.0,0.0
d6qm7b_,d.153.1.0,0.0,2,0.571429,37,0.515152,42,-0.571429,-0.515152
d4i62a_,c.94.1.0,0.0,7,0.0,0,0.0,0,0.0,0.0
d3k96a1,c.2.1.0,0.14285714285714285,8,0.0,0,0.0,0,0.14285714285714285,0.14285714285714285
d2i53a1,a.74.1.1,0.0,0,0.0,0,0.0,0,0.0,0.0
d1tiqa1,d.108.1.1,0.0,4,0.0,0,0.0,0,0.0,0.0
d2ppva_,c.143.1.0,0.0,0,0.0,0,0.0,0,0.0,0.0
d4f2da1,c.85.1.2,0.0,0,0.0,0,0.0,0,0.0,0.0
d1peaa_,c.93.1.1,0.0,6,0.0,0,0.0,0,0.0,0.0
d1k1aa_,d.211.1.1,0.125,9,0.928571,32,0.928571,32,-0.803571,-0.803571
d3a77a_,b.26.1.3,0.0,3,0.0,0,0.0,0,0.0,0.0
d3u2ua1,c.68.1.14,0.0,3,0.0,0,0.0,0,0.0,0.0
d2f6hx_,a.118.27.1,0.0,0,0.0,0,0.0,0,0.0,0.0
d6n9ma_,c.1.9.0,0.0,2,0.45,60,0.875,60,-0.45,-0.875
d6r2na2,c.55.1.0,0.0,2,0.189655,102,0.12069,102,-0.189655,-0.12069
d1ukfa1,d.3.1.10,0.0,0,0.0,0,0.0,0,0.0,0.0
d3eyxa_,c.53.2.0,0.0,0,0.8,13,0.8,13,-0.8,-0.8
d2gzsa_,c.69.1.38,0.0,3,0.0,0,0.0,0,0.0,0.0
d2eb4a_,d.177.1.0,0.0,0,0.0,0,0.0,0,0.0,0.0
d4x2ra1,c.1.2.1,0.0,2,0.945946,39,0.972973,39,-0.945946,-0.972973
d1llqa2,c.58.1.3,0.0,3,0.0,0,0.0,0,0.0,0.0
d3ntla1,c.60.1.2,0.0,0,0.0,0,0.0,0,0.0,0.0
d7kjga_,a.128.1.0,0.0,4,0.0,0,0.0,0,0.0,0.0
d2hl0a_,c.110.1.2,0.0,0,0.0,0,0.0,0,0.0,0.0
d2q7sa1,c.56.5.9,0.0,4,0.685714,36,0.0,37,-0.685714,0.0
d5wopa_,d.397.1.1,0.0,2,0.0,0,0.0,0,0.0,0.0
d1wlqc_,a.4.5.52,0.0,2,0.0,0,0.0,0,0.0,0.0
d4k7gb_,d.21.1.0,0.0,2,0.0,0,0.0,0,0.0,0.0
d6we8a1,b.122.1.0,0.0,2,0.0,0,0.0,0,0.0,0.0
d5wl1a1,d.19.1.1,0.0,2,0.0,0,0.0,0,0.0,0.0
d1pl3a_,b.1.9.1,0.0,0,0.0,0,0.0,0,0.0,0.0
d1r44a_,d.65.1.4,0.0,0,0.0,0,0.0,0,0.0,0.0
d4ed9a_,c.123.1.0,0.0,3,0.0,0,0.0,0,0.0,0.0
d1a3qa2,b.2.5.3,0.0,0,0.222222,11,0.0,11,-0.222222,0.0
d1wvfa1,d.58.32.1,0.0,0,0.0,0,0.0,0,0.0,0.0
d2gh9a_,c.94.1.0,0.05263157894736842,20,0.0,0,0.0,0,0.05263157894736842,0.05263157894736842
d2ff4a2,a.118.8.3,0.0,3,0.0,0,0.0,0,0.0,0.0
d1w99a3,b.18.1.3,0.0,2,0.0,0,0.0,0,0.0,0.0
d1ojja_,b.29.1.10,0.0,5,0.0,0,0.0,0,0.0,0.0
d1asha_,a.1.1.2,0.0,0,0.69697,57,0.939394,57,-0.69697,-0.939394
d1uaha_,c.1.8.4,0.0,16,0.59542,135,0.763359,135,-0.59542,-0.763359
d6ifta_,c.66.1.0,0.2222222222222222,10,0.0,0,0.0,0,0.2222222222222222,0.2222222222222222
d3ku3a1,b.19.1.2,0.0,2,0.0,0,0.0,0,0.0,0.0
d3n5ma1,c.67.1.0,0.08,26,0.980769,143,0.980769,143,-0.900769,-0.900769
d1s68a_,d.142.2.4,0.0,0,0.888889,10,0.222222,10,-0.888889,-0.222222
d2m6sa_,c.23.5.0,0.0,2,0.909091,37,0.954545,37,-0.909091,-0.954545
d1w8aa_,c.10.2.7,0.0,2,0.777778,32,0.777778,32,-0.777778,-0.777778
d1thta_,c.69.1.13,0.0,6,0.0,0,0.0,0,0.0,0.0
d4naza1,d.32.1.0,0.0,2,0.0,0,0.0,0,0.0,0.0
d6vloa1,c.2.1.0,0.0,17,0.0,0,0.0,0,0.0,0.0
d3nvia_,a.183.1.0,0.0,3,0.0,0,0.0,0,0.0,0.0
d2fvva1,d.113.1.1,0.0,2,0.0,0,0.0,0,0.0,0.0
d1ej0a_,c.66.1.2,0.0,6,0.0,0,0.0,0,0.0,0.0
d5gmkb_,c.10.2.4,0.0,0,0.0,0,0.0,0,0.0,0.0
d4iv6a1,e.6.1.0,0.0,4,0.0,0,0.0,0,0.0,0.0
d6zlka_,c.2.1.0,0.0,16,0.0,0,0.0,0,0.0,0.0
d5upta1,e.23.1.0,0.0,10,0.0,0,0.0,0,0.0,0.0
d2gtta1,a.260.1.1,0.0,0,0.0,0,0.0,0,0.0,0.0
d1zk4a_,c.2.1.2,0.10526315789473684,20,0.0,0,0.0,0,0.10526315789473684,0.10526315789473684
d3umha_,a.47.4.1,0.0,0,0.0,0,0.0,0,0.0,0.0
d2yvla_,c.66.1.0,0.0,9,0.0,0,0.0,0,0.0,0.0
d1ywfa1,c.45.1.5,0.0,2,0.0,0,0.0,0,0.0,0.0
d7l4aa1,c.37.1.0,0.0,12,0.0,0,0.0,0,0.0,0.0
d1o98a2,c.76.1.3,0.0,2,0.0,0,0.0,0,0.0,0.0
d1teda1,c.95.1.2,0.0,7,0.0,0,0.0,0,0.0,0.0
d2gnoa2,c.37.1.20,0.1,11,0.0,0,0.0,0,0.1,0.1
d1llfa_,c.69.1.17,0.058823529411764705,18,0.0,0,0.0,0,0.058823529411764705,0.058823529411764705
d2btva_,e.28.1.1,0.0,2,0.0,0,0.0,0,0.0,0.0
d2j67a_,c.23.2.1,0.0,0,0.0,0,0.0,0,0.0,0.0
d1pq4a_,c.92.2.2,0.0,5,0.714286,38,0.885714,38,-0.714286,-0.885714
d3mkua_,f.61.1.1,0.0,4,0.0,0,0.0,0,0.0,0.0
d1khva_,e.8.1.4,0.0,7,0.0,0,0.0,0,0.0,0.0
d3l5la_,c.1.4.0,0.25,5,0.9,27,0.95,27,-0.65,-0.7
d3k34a_,b.74.1.1,0.0,0,0.0,0,0.0,0,0.0,0.0
d3ld2a1,d.108.1.0,0.0,3,0.0,0,0.0,0,0.0,0.0
d1xr4a1,c.124.1.2,0.0,0,0.0,0,0.0,0,0.0,0.0
d2b0oe2,d.211.1.0,0.0,2,0.9,32,0.9,32,-0.9,-0.9
d3gw9a_,a.104.1.0,0.0,5,0.0,0,0.0,0,0.0,0.0
d2c53a_,c.18.1.1,0.0,2,0.0,0,0.0,0,0.0,0.0
d1r3ra_,c.1.22.1,0.75,5,0.8,6,0.8,6,-0.050000000000000044,-0.050000000000000044
d2nq2c_,c.37.1.0,0.07692307692307693,14,0.0,0,0.0,0,0.07692307692307693,0.07692307692307693
d1ru4a_,b.80.1.9,0.0,2,0.0,0,0.0,0,0.0,0.0
d3pnza_,c.1.9.0,0.0,4,0.6,60,0.95,60,-0.6,-0.95
d6ptza1,c.28.1.0,0.0,0,0.0,0,0.0,0,0.0,0.0
d1xlya_,a.232.1.1,0.0,0,0.0,0,0.0,0,0.0,0.0
d2ji7a3,c.36.1.9,0.0,2,0.0,0,0.0,0,0.0,0.0
d2dxua1,d.104.1.2,0.0,2,0.0,0,0.0,0,0.0,0.0
d4g3qa2,b.81.1.0,0.0,2,0.846154,24,0.846154,24,-0.846154,-0.846154
d1h6da2,d.81.1.5,0.0,2,0.0434783,30,0.0434783,30,-0.0434783,-0.0434783
d3v4ka_,c.97.1.6,0.0,0,0.409091,24,0.0,24,-0.409091,0.0
d1st6a5,a.24.9.1,0.0,0,0.0,12,0.0,12,0.0,0.0
d3pika_,f.5.1.0,0.75,5,0.0,0,0.0,0,0.75,0.75
d3lasa_,c.53.2.0,0.5,3,0.8,13,0.8,13,-0.30000000000000004,-0.30000000000000004
d1l8aa1,c.36.1.10,0.0,2,0.0,0,0.0,0,0.0,0.0
d2qi9a_,f.22.1.1,0.0,0,0.0,0,0.0,0,0.0,0.0
d1czsa_,b.18.1.2,0.0,0,0.0,0,0.0,0,0.0,0.0
d1k2ea1,d.113.1.1,0.0,0,0.0,0,0.0,0,0.0,0.0
d3gzya2,d.129.3.0,0.0,0,0.580645,42,0.387097,42,-0.580645,-0.387097
d2bi7a1,c.4.1.3,0.6666666666666666,4,0.0,0,0.0,0,0.6666666666666666,0.6666666666666666
d1sb8a_,c.2.1.2,0.0,23,0.0,0,0.0,0,0.0,0.0
d2jdia3,c.37.1.11,0.0,7,0.0,0,0.0,0,0.0,0.0
d1iqra1,a.99.1.1,0.0,0,0.0,0,0.0,0,0.0,0.0
d3ij6a1,c.1.9.0,0.0,3,0.575,60,0.925,60,-0.575,-0.925
d2p6ra4,c.37.1.19,0.0,10,0.0,0,0.0,0,0.0,0.0
d5xgqa2,a.27.1.0,0.0,0,0.0,0,0.0,0,0.0,0.0
d6w7ja2,d.136.1.3,0.0,0,0.0,0,0.0,0,0.0,0.0
d1k38a_,e.3.1.1,0.0,4,0.0,0,0.0,0,0.0,0.0
d1d5ra1,b.7.1.1,0.0,0,0.368421,28,0.210526,28,-0.368421,-0.210526
d1wz8a1,c.14.1.3,0.0,6,0.0,0,0.0,0,0.0,0.0
d3jy6a1,c.93.1.0,0.0,3,0.0,0,0.0,0,0.0,0.0
d1gxma1,a.102.5.1,0.0,0,0.0,0,0.0,0,0.0,0.0
d6y0ha_,b.29.1.11,0.5,5,0.0,0,0.0,0,0.5,0.5
d6dgia2,d.142.1.0,0.0,2,0.818182,29,0.818182,29,-0.818182,-0.818182
d5ko6a_,c.56.2.0,0.0,5,0.916667,20,0.916667,20,-0.916667,-0.916667
d4qfea1,c.14.1.0,0.09090909090909091,12,0.0,0,0.0,0,0.09090909090909091,0.09090909090909091
d4r9na1,c.124.1.0,0.0,4,0.0,0,0.0,0,0.0,0.0
d1lfpa_,e.39.1.1,0.0,2,0.0,0,0.0,0,0.0,0.0
d3l18a1,c.23.16.2,0.6666666666666666,4,0.371429,42,0.342857,42,0.2952376666666666,0.3238096666666666
d1x1fa1,b.55.1.1,0.0,4,0.911111,86,0.977778,86,-0.911111,-0.977778
d1vdza3,a.69.1.2,0.0,0,0.6,7,0.0,7,-0.6,0.0
d2dxaa_,d.116.1.0,0.0,0,0.0,0,0.0,0,0.0,0.0
d2b4qa_,c.2.1.0,0.0,32,0.0,0,0.0,0,0.0,0.0
d1owla1,a.99.1.1,0.5,5,0.0,0,0.0,0,0.5,0.5
d6q7da_,d.144.1.7,0.0,13,0.0,0,0.0,0,0.0,0.0
d1o12a2,c.1.9.10,0.0,3,0.551724,60,0.913793,60,-0.551724,-0.913793
d3i5gc_,a.39.1.5,0.0,0,0.54717,73,0.603774,73,-0.54717,-0.603774
d7k13a_,c.1.9.15,0.0,6,0.741379,60,0.948276,60,-0.741379,-0.948276
d1elja_,c.94.1.1,0.0,23,0.0,0,0.0,0,0.0,0.0
d2ar0a1,c.66.1.45,0.0,15,0.0,0,0.0,0,0.0,0.0
d2o62a1,b.60.1.9,0.0,2,0.0,0,0.0,0,0.0,0.0
d4hn1a1,b.82.1.0,0.0,2,0.791667,65,0.958333,65,-0.791667,-0.958333
d3i33a2,c.55.1.1,0.6666666666666666,4,0.414894,102,0.159574,102,0.25177266666666664,0.5070926666666666
d2b9ea1,c.66.1.38,0.0,11,0.0,0,0.0,0,0.0,0.0
d2fffb1,e.3.1.1,0.0,6,0.0,0,0.0,0,0.0,0.0
d1sxja2,c.37.1.20,0.0,8,0.0,0,0.0,0,0.0,0.0
d1wwra1,c.97.1.2,0.0,0,0.888889,24,0.611111,24,-0.888889,-0.611111
d1avwb_,b.42.4.1,0.0,3,0.928571,17,0.928571,18,-0.928571,-0.928571
d2ijqa1,a.246.2.1,0.0,0,0.0,0,0.0,0,0.0,0.0
d5xvta1,c.36.1.0,0.0,3,0.0,0,0.0,0,0.0,0.0
d4uypa1,b.2.2.0,0.0,3,0.545455,22,0.545455,22,-0.545455,-0.545455
d2vwsa_,c.1.12.0,0.0,0,0.692308,19,0.769231,19,-0.692308,-0.769231
d5viqa2,d.110.2.0,0.0,2,0.818182,21,0.727273,21,-0.818182,-0.727273
d2i00a2,d.108.1.10,0.0,5,0.0,0,0.0,0,0.0,0.0
d1rkqa1,c.108.1.10,0.1111111111111111,10,0.0,0,0.0,0,0.1111111111111111,0.1111111111111111
d2r85a2,d.142.1.9,0.0,4,0.785714,29,0.928571,29,-0.785714,-0.928571
d2dc3a_,a.1.1.2,0.0,0,0.757576,57,0.939394,57,-0.757576,-0.939394
d3d9sa1,f.19.1.0,0.0,37,0.0,0,0.0,0,0.0,0.0
d1feua_,b.53.1.1,0.0,0,0.0,0,0.0,0,0.0,0.0
d1lama1,c.56.5.3,0.0,3,0.0,0,0.0,0,0.0,0.0
d3g60a2,f.37.1.1,0.0,3,0.0,0,0.0,0,0.0,0.0
d1jpma1,c.1.11.2,0.0,0,0.969697,43,0.969697,43,-0.969697,-0.969697
d5hgja_,c.62.1.1,0.0,0,0.0,0,0.0,0,0.0,0.0
d1w99a1,f.1.3.1,0.0,2,0.5,3,0.5,3,-0.5,-0.5
d4l07a_,c.33.1.0,0.0,4,0.0,0,0.0,0,0.0,0.0
d2i8ga_,d.107.1.4,0.0,0,0.0,0,0.0,0,0.0,0.0
g1qhh.1,c.37.1.19,0.17391304347826086,24,0.0,0,0.0,0,0.17391304347826086,0.17391304347826086
d4h0ya2,d.166.1.1,0.0,0,0.0,0,0.0,0,0.0,0.0
d5s5df2,d.142.1.10,0.0,3,0.0,0,0.0,0,0.0,0.0
d1noga_,a.25.2.2,0.0,2,0.0,0,0.0,0,0.0,0.0
d2v3ka_,c.116.1.6,0.0,0,0.0,0,0.0,0,0.0,0.0
d1kwga2,c.1.8.1,0.0,4,0.833333,135,0.87037,135,-0.833333,-0.87037
d1chda_,c.40.1.1,0.0,0,0.0,0,0.0,0,0.0,0.0
d2ib0a1,a.25.1.9,0.0,2,0.0,0,0.0,0,0.0,0.0
d1zmoa_,c.2.1.0,0.0,14,0.0,0,0.0,0,0.0,0.0
d4dv8a1,d.166.1.1,0.0,4,0.0,0,0.0,0,0.0,0.0
d5cyfa_,c.56.2.0,0.0,0,0.916667,20,0.916667,20,-0.916667,-0.916667
d3nkea_,e.79.1.1,0.0,0,0.0,0,0.0,0,0.0,0.0
d1iega_,b.57.1.1,0.0,2,0.0,0,0.0,0,0.0,0.0
d1ir6a_,c.107.1.2,0.0,0,0.0,0,0.0,0,0.0,0.0
d7naya2,d.162.1.0,0.25,5,0.0,0,0.0,0,0.25,0.25
d3kasa3,a.48.2.1,0.0,0,0.0,0,0.0,0,0.0,0.0
d2c5sa2,d.308.1.1,0.0,0,0.0,0,0.0,0,0.0,0.0
d6z4wa_,c.37.1.0,0.25,21,0.0,0,0.0,0,0.25,0.25
d4pq0a_,b.55.1.10,0.0,3,0.0,0,0.0,0,0.0,0.0
d4ge1a_,b.60.1.0,0.0,2,0.0,0,0.0,0,0.0,0.0
d3gwaa2,c.95.1.0,0.0,3,0.0,0,0.0,0,0.0,0.0
d2zxea1,d.220.1.1,0.0,0,0.0,0,0.0,0,0.0,0.0
d3cuqa1,a.4.5.0,0.0,2,0.168539,252,0.258427,252,-0.168539,-0.258427
d5dqva_,a.211.1.0,0.0,5,0.0,0,0.0,0,0.0,0.0
d1z6ma1,c.47.1.13,0.0,5,0.5,215,0.528302,215,-0.5,-0.528302
d3h6ga_,c.93.1.0,0.0,8,0.0,0,0.0,0,0.0,0.0
d1cx1a1,b.18.1.14,0.0,3,0.0,0,0.0,0,0.0,0.0
d1xo8a_,b.1.25.1,0.0,0,0.0,0,0.0,0,0.0,0.0
d3zv4a_,c.2.1.2,0.041666666666666664,25,0.0,0,0.0,0,0.041666666666666664,0.041666666666666664
d4nf7a1,c.1.8.0,0.0,13,0.75,135,0.645833,135,-0.75,-0.645833
d3tyqa_,e.8.1.4,0.0,5,0.0,0,0.0,0,0.0,0.0
d6ihra1,d.219.1.0,0.0,0,0.0,0,0.0,0,0.0,0.0
d6swhb_,b.2.3.0,0.0,0,0.4375,22,0.5625,22,-0.4375,-0.5625
d1qwra_,b.82.1.3,0.0,4,0.857143,65,0.984127,65,-0.857143,-0.984127
d4aana1,a.3.1.0,0.0,0,0.0,0,0.0,0,0.0,0.0
d2p8ba2,c.1.11.0,0.0,7,0.923077,43,0.923077,43,-0.923077,-0.923077
d4lypa1,c.1.8.0,0.0,9,0.75,135,0.802083,135,-0.75,-0.802083
d6zgxa1,d.14.1.5,0.0,2,0.0,0,0.0,0,0.0,0.0
d3h63a_,d.159.1.3,0.0,0,0.0,0,0.0,0,0.0,0.0
d2i6ea1,c.94.1.1,0.0,13,0.0,0,0.0,0,0.0,0.0
d1j6oa1,c.1.9.12,0.0,4,0.824561,60,0.947368,60,-0.824561,-0.947368
d6d4ra_,c.1.5.0,0.0,3,0.666667,4,0.666667,4,-0.666667,-0.666667
d1nm2a1,c.19.1.1,0.0,2,0.0,0,0.0,0,0.0,0.0
d6p66a2,c.37.1.19,0.0,12,0.0,0,0.0,0,0.0,0.0
d4gkfa_,a.70.2.0,0.0,0,0.0,0,0.0,0,0.0,0.0
d5t7da_,d.108.1.0,0.0,0,0.0,0,0.0,0,0.0,0.0
d1o94a1,c.1.4.1,0.0,5,0.666667,27,0.888889,27,-0.666667,-0.888889
d3n9ra_,c.1.10.0,0.0,0,0.742857,65,0.857143,65,-0.742857,-0.857143
d1ws0a_,d.167.1.0,0.2,6,0.0,0,0.0,0,0.2,0.2
d1f5na2,c.37.1.8,0.0,5,0.0,0,0.0,0,0.0,0.0
d7mt1a_,b.69.4.1,0.0,12,0.769231,28,0.692308,28,-0.769231,-0.692308
d3fnca_,d.108.1.0,0.0,2,0.0,0,0.0,0,0.0,0.0
d1k8ta_,e.41.1.1,0.0,0,0.0,0,0.0,0,0.0,0.0
d1f1ea_,a.22.1.2,0.0,0,0.0,0,0.0,0,0.0,0.0
d3tg2a_,c.33.1.0,0.0,2,0.0,0,0.0,0,0.0,0.0
d1aa6a2,c.81.1.1,0.6666666666666666,4,0.0,0,0.0,0,0.6666666666666666,0.6666666666666666
d1f5qb1,a.74.1.1,0.0,0,0.0,0,0.0,0,0.0,0.0
d1yw4a1,c.56.5.7,0.0,5,0.606061,36,0.588235,37,-0.606061,-0.588235
d1wg7a1,b.55.1.1,0.5,3,0.866667,86,0.977778,86,-0.36666699999999997,-0.47777800000000004
d4v08a_,b.57.1.0,0.0,2,0.0,0,0.0,0,0.0,0.0
d6fgca1,b.103.1.1,0.0,0,0.0,0,0.0,0,0.0,0.0
d3pmea1,b.29.1.0,0.0,4,0.0,0,0.0,0,0.0,0.0
d4basa_,c.37.1.0,0.0,9,0.0,0,0.0,0,0.0,0.0
d2lb9a1,d.110.2.1,0.0,0,0.75,21,0.5625,21,-0.75,-0.5625
d1xdia1,c.3.1.5,0.0,8,0.0,0,0.0,0,0.0,0.0
d4h83a2,c.1.11.0,0.0,4,0.923077,43,0.923077,43,-0.923077,-0.923077
d3vnqa_,e.23.1.0,0.0,14,0.0,0,0.0,0,0.0,0.0
d1v58a1,c.47.1.9,0.0,2,0.528037,215,0.401869,215,-0.528037,-0.401869
d1u6ea2,c.95.1.2,0.0,2,0.0,0,0.0,0,0.0,0.0
d1hx6a2,b.121.2.1,0.0,0,0.4,6,0.0,6,-0.4,0.0
d3mb5a1,c.66.1.0,0.0,8,0.0,0,0.0,0,0.0,0.0
d3hcwa1,c.93.1.0,0.0,5,0.0,0,0.0,0,0.0,0.0
d3qv2a_,c.66.1.0,0.0,3,0.0,0,0.0,0,0.0,0.0
d1t1ea2,d.58.3.2,0.0,0,0.0,7,0.0,7,0.0,0.0
d1fpza_,c.45.1.1,0.0,2,0.0,0,0.0,0,0.0,0.0
d1gkub2,c.37.1.16,0.0,10,0.0,0,0.0,0,0.0,0.0
d1yk3a1,d.108.1.1,0.0,2,0.0,0,0.0,0,0.0,0.0
d1n08a_,b.43.5.1,0.0,0,0.6,6,0.4,6,-0.6,-0.4
d3zjxa1,f.8.1.2,0.0,2,0.0,0,0.0,0,0.0,0.0
d1z15a_,c.93.1.1,0.0,8,0.0,0,0.0,0,0.0,0.0
d1u58a2,d.19.1.1,0.0,0,0.0,0,0.0,0,0.0,0.0
d1tf7a2,c.37.1.11,0.0,12,0.0,0,0.0,0,0.0,0.0
d6kfwa1,a.104.1.0,0.0,37,0.0,0,0.0,0,0.0,0.0
d1jkea_,c.110.1.1,0.0,0,0.0,0,0.0,0,0.0,0.0
d1w0ha_,c.55.3.5,0.0,3,0.227273,61,0.113636,61,-0.227273,-0.113636
d1g12a_,d.92.1.12,0.0,2,0.097561,42,0.0,42,-0.097561,0.0
d1xkna1,d.126.1.6,0.5,5,0.0,0,0.0,0,0.5,0.5
d1oq1a1,b.29.1.17,0.0,5,0.0,0,0.0,0,0.0,0.0
d6w7ja1,d.136.1.3,0.0,0,0.0,0,0.0,0,0.0,0.0
d5le5b_,d.153.1.4,0.0,2,0.26087,37,0.25,42,-0.26087,-0.25
d1uf3a_,d.159.1.6,0.0,3,0.0,0,0.0,0,0.0,0.0
d5af7a1,e.6.1.0,0.0,6,0.0,0,0.0,0,0.0,0.0
d3orsa1,c.23.8.0,0.0,0,0.0,0,0.0,0,0.0,0.0
d2r3ba1,c.72.1.0,0.0,5,0.588235,51,0.882353,51,-0.588235,-0.882353
d1vcoa2,c.37.1.10,0.0,13,0.0,0,0.0,0,0.0,0.0
d6xhta_,c.68.1.0,0.0,2,0.0,0,0.0,0,0.0,0.0
d4ij5a_,c.60.1.0,0.0,3,0.0,0,0.0,0,0.0,0.0
d1qs0a_,c.36.1.11,0.0,4,0.0,0,0.0,0,0.0,0.0
d2vk8a2,c.31.1.0,0.0,0,0.0,0,0.0,0,0.0,0.0
d2iw0a1,c.6.2.3,0.0,0,0.769231,17,0.428571,18,-0.769231,-0.428571
d1jr1b1,c.1.5.1,0.0,2,0.666667,4,0.666667,4,-0.666667,-0.666667
d2dt4a_,d.290.1.0,0.0,0,0.0,0,0.0,0,0.0,0.0
d4po5b_,a.1.1.3,0.0,4,0.62963,57,0.796296,57,-0.62963,-0.796296
d1ckea_,c.37.1.1,0.0,4,0.0,0,0.0,0,0.0,0.0
d1tv8a_,c.1.28.3,0.0,0,0.0,0,0.0,0,0.0,0.0
d3u3ha_,c.1.15.3,0.0,2,0.0,0,0.0,0,0.0,0.0
d1pg6a_,b.82.5.2,0.0,0,0.0,3,0.0,3,0.0,0.0
d5egna_,c.69.1.0,0.0,10,0.0,0,0.0,0,0.0,0.0
d1z9ta_,d.194.1.2,0.0,2,0.0,0,0.0,0,0.0,0.0
d1t1ga_,c.41.1.2,0.0,2,0.0,0,0.0,0,0.0,0.0
d1hqsa_,c.77.1.1,0.0,2,0.0,0,0.0,0,0.0,0.0
d2onda1,a.118.8.7,0.0,3,0.0,0,0.0,0,0.0,0.0
d3cx5a2,d.185.1.1,0.0,2,0.0,0,0.0,0,0.0,0.0
d2fvya_,c.93.1.1,0.0,8,0.0,0,0.0,0,0.0,0.0
d5wmka_,c.67.1.0,0.13333333333333333,16,0.980769,143,0.980769,143,-0.8474356666666667,-0.8474356666666667
d6jz2a3,c.1.8.0,0.0,5,0.5625,135,0.520833,135,-0.5625,-0.520833
d1xkya1,c.1.10.1,0.0,9,0.844444,65,0.933333,65,-0.844444,-0.933333
d1jlya2,b.42.3.1,0.0,0,0.0,0,0.0,0,0.0,0.0
d1s64b_,a.102.4.3,0.0,2,0.636364,13,0.416667,14,-0.636364,-0.416667
d1i2ha1,b.55.1.4,0.0,0,0.614458,86,0.975904,86,-0.614458,-0.975904
d1a6ca3,b.121.4.2,0.0,0,0.575758,39,0.5,44,-0.575758,-0.5
d5cm7a2,d.139.1.0,0.0,0,0.0,0,0.0,0,0.0,0.0
d1e5ka_,c.68.1.8,0.0,3,0.0,0,0.0,0,0.0,0.0
d1xjca_,c.37.1.10,0.0,4,0.0,0,0.0,0,0.0,0.0
d4c08a_,c.66.1.0,0.18181818181818182,12,0.0,0,0.0,0,0.18181818181818182,0.18181818181818182
d6h00a_,b.45.1.1,0.0,3,0.75,46,0.75,46,-0.75,-0.75
d1xu9a1,c.2.1.2,0.0,25,0.0,0,0.0,0,0.0,0.0
d6lpha_,d.260.1.0,0.0,0,0.0,0,0.0,0,0.0,0.0
d1jova_,b.30.5.7,0.0,3,0.0,0,0.0,0,0.0,0.0
d1zzwa_,c.45.1.0,0.0,3,0.0,0,0.0,0,0.0,0.0
d4w9wa_,d.144.1.0,0.0,11,0.0,0,0.0,0,0.0,0.0
d1gp6a_,b.82.2.1,0.6666666666666666,4,0.538462,42,0.179487,42,0.12820466666666663,0.4871796666666666
d3e5ua2,b.82.3.2,0.0,0,0.95,31,0.95,31,-0.95,-0.95
d1v82a_,c.68.1.7,0.0,3,0.0,0,0.0,0,0.0,0.0
d1vq2a_,c.97.1.2,0.0,2,0.833333,24,0.333333,24,-0.833333,-0.333333
d1nyka_,b.33.1.1,0.0,0,0.0,0,0.0,0,0.0,0.0
d5r8qa_,b.42.1.2,0.0,0,0.923077,16,0.923077,16,-0.923077,-0.923077
d1fcqa_,c.1.8.9,0.0,14,0.0,0,0.0,0,0.0,0.0
d3fwba_,a.39.1.5,0.3333333333333333,7,0.679245,73,0.811321,73,-0.3459116666666667,-0.47798766666666664
d1lqva_,d.19.1.1,0.0,0,0.0,0,0.0,0,0.0,0.0
d1knva_,c.52.1.7,0.0,2,0.0425532,48,0.0425532,48,-0.0425532,-0.0425532
d1nf2a_,c.108.1.10,0.0,5,0.0,0,0.0,0,0.0,0.0
d2xvla3,c.1.8.13,0.0,15,0.59542,135,0.824427,135,-0.59542,-0.824427
d2aqma_,b.1.8.1,0.0,0,0.666667,6,0.666667,6,-0.666667,-0.666667
d1xeua1,c.10.2.0,0.6363636363636364,34,0.823529,32,0.823529,32,-0.1871653636363636,-0.1871653636363636
d6xo2a1,c.79.1.0,0.0,3,0.0,0,0.0,0,0.0,0.0
d5my6a3,c.10.2.0,0.5,3,0.411765,32,0.117647,32,0.08823500000000001,0.382353
d2tbva_,b.121.4.7,0.0,2,0.705882,39,0.512821,44,-0.705882,-0.512821
d4gvfa_,c.1.8.0,0.0,8,0.104167,135,0.46875,135,-0.104167,-0.46875
d3u7ra1,c.23.5.0,0.0,3,0.818182,37,0.909091,37,-0.818182,-0.909091
d1i24a1,c.2.1.2,0.0,15,0.0,0,0.0,0,0.0,0.0
d4h7pa1,c.2.1.0,0.0,9,0.0,0,0.0,0,0.0,0.0
d5yhob_,d.290.1.0,0.0,0,0.0,0,0.0,0,0.0,0.0
d2ycaa_,a.104.1.0,0.13043478260869565,24,0.0,0,0.0,0,0.13043478260869565,0.13043478260869565
d3pl2a_,c.72.1.0,0.09090909090909091,12,0.941176,51,0.941176,51,-0.8502669090909091,-0.8502669090909091
d2arqa_,e.1.1.1,0.2222222222222222,19,0.0,0,0.0,0,0.2222222222222222,0.2222222222222222
d4ieda_,e.3.1.0,0.0,4,0.0,0,0.0,0,0.0,0.0
d4fvya_,d.174.1.1,0.0,2,0.0,0,0.0,0,0.0,0.0
d4b8ra_,c.72.1.0,0.0,3,0.764706,51,0.882353,51,-0.764706,-0.882353
d1vq8p1,a.94.1.1,0.0,0,0.0,0,0.0,0,0.0,0.0
d1qmha2,d.68.2.1,0.0,0,0.0,0,0.0,0,0.0,0.0
d7cmna1,d.96.1.4,0.0,3,0.642857,18,0.857143,18,-0.642857,-0.857143
d1m4ia_,d.108.1.1,0.0,0,0.0,0,0.0,0,0.0,0.0
d1jqlb_,c.37.1.20,0.0,10,0.0,0,0.0,0,0.0,0.0
d4jfca_,c.14.1.0,0.125,17,0.0,0,0.0,0,0.125,0.125
d4ev8a_,a.118.1.1,0.0,5,0.636364,59,0.527273,59,-0.636364,-0.527273
d2avna1,c.66.1.41,0.0,9,0.0,0,0.0,0,0.0,0.0
d1ab8a_,d.58.29.1,0.0,2,0.9,13,0.8,13,-0.9,-0.8
d1l9xa_,c.23.16.1,0.0,0,0.275862,42,0.206897,42,-0.275862,-0.206897
d4hgna1,c.108.1.0,0.0,5,0.0,0,0.0,0,0.0,0.0
d1z0xa2,a.121.1.1,0.0,0,0.0,0,0.0,0,0.0,0.0
d2v6ba1,c.2.1.0,0.0,11,0.0,0,0.0,0,0.0,0.0
d4a14a_,c.37.1.0,0.09090909090909091,23,0.0,0,0.0,0,0.09090909090909091,0.09090909090909091
d1m45a_,a.39.1.5,0.0,3,0.584906,73,0.528302,73,-0.584906,-0.528302
d2pkfa1,c.72.1.0,0.0,3,0.882353,51,0.941176,51,-0.882353,-0.941176
d6le3e_,c.2.1.0,0.0,20,0.0,0,0.0,0,0.0,0.0
d4czga2,c.55.1.0,0.0,5,0.724138,102,0.396552,102,-0.724138,-0.396552
d6j9ya1,c.94.1.0,0.0,18,0.0,0,0.0,0,0.0,0.0
d3m1ta1,a.211.1.0,0.0,3,0.0,0,0.0,0,0.0,0.0
d4zwna1,c.69.1.0,0.0,6,0.0,0,0.0,0,0.0,0.0
d6ao9a_,d.58.29.0,0.0,0,0.833333,13,0.833333,13,-0.833333,-0.833333
d1xm7a1,d.159.1.8,0.0,2,0.0,0,0.0,0,0.0,0.0
d2r6sa_,b.82.2.3,0.0,0,0.0,0,0.0,0,0.0,0.0
d1gkub3,e.10.1.1,0.0,2,0.0,0,0.0,0,0.0,0.0
d1ei5a3,e.3.1.1,0.0,5,0.0,0,0.0,0,0.0,0.0
d1zrua3,b.163.1.2,0.0,0,0.0,0,0.0,0,0.0,0.0
d3mmca2,d.58.36.2,0.0,0,0.714286,8,0.857143,8,-0.714286,-0.857143
d3cl6a_,c.6.2.6,0.0,2,0.0,0,0.0,0,0.0,0.0
d3lzla_,b.1.33.0,0.0,0,0.0,0,0.0,0,0.0,0.0
d1jh6a_,d.61.1.1,0.0,0,0.0,0,0.0,0,0.0,0.0
d2qwva1,c.116.1.7,0.0,0,0.0,0,0.0,0,0.0,0.0
d4d6ga2,b.24.2.0,0.0,0,0.0,0,0.0,0,0.0,0.0
d6bmaa1,c.1.2.0,0.42857142857142855,8,0.954545,39,0.954545,39,-0.5259735714285714,-0.5259735714285714
d2p7ja2,d.110.6.2,0.0,0,0.888889,11,0.888889,11,-0.888889,-0.888889
d3un1a1,c.2.1.0,0.0,20,0.0,0,0.0,0,0.0,0.0
d1zuja1,a.25.1.1,0.0,2,0.515152,55,0.757576,55,-0.515152,-0.757576
d1mxga2,c.1.8.1,0.0,18,0.333333,135,0.675926,135,-0.333333,-0.675926
d1tqya1,c.95.1.1,0.5,5,0.0,0,0.0,0,0.5,0.5
d7dkz1_,f.43.1.0,0.0,3,0.0,0,0.0,0,0.0,0.0
d3g0oa1,c.2.1.0,0.0,9,0.0,0,0.0,0,0.0,0.0
d1khca_,b.34.9.2,0.0,0,0.6875,19,0.8125,19,-0.6875,-0.8125
d3g5ka1,d.167.1.0,0.0,4,0.0,0,0.0,0,0.0,0.0
d4jgya_,b.121.4.0,0.0,4,0.8,39,0.685714,44,-0.8,-0.685714
d7bzba1,a.102.4.0,0.0,0,0.0,13,0.0,14,0.0,0.0
d4mf4a_,c.1.12.0,0.0,2,0.692308,19,0.769231,19,-0.692308,-0.769231
d5c6na_,f.61.1.1,0.0,4,0.0,0,0.0,0,0.0,0.0
d7bzba2,a.128.1.0,0.0,2,0.0,0,0.0,0,0.0,0.0
d5tfqa_,e.3.1.0,0.0,5,0.0,0,0.0,0,0.0,0.0
d1o7ja_,c.88.1.1,1.0,2,0.0,0,0.0,0,1.0,1.0
d1emsa2,d.160.1.1,0.0,0,0.0,0,0.0,0,0.0,0.0
d1ywqa1,d.90.1.1,0.0,0,0.0,0,0.0,0,0.0,0.0
d6c8ra1,c.66.1.0,0.0,11,0.0,0,0.0,0,0.0,0.0
d1dgsa1,a.60.2.2,0.0,2,0.0,0,0.0,0,0.0,0.0
d4ykia_,c.94.1.0,0.0,9,0.0,0,0.0,0,0.0,0.0
d4pk9a_,c.19.1.3,0.0,2,0.0,0,0.0,0,0.0,0.0
d3lfua1,c.37.1.0,0.0,17,0.0,0,0.0,0,0.0,0.0
d6a80a_,c.94.1.0,0.0,6,0.0,0,0.0,0,0.0,0.0
d1h7sa2,d.122.1.2,1.0,2,0.0,0,0.0,0,1.0,1.0
d2iafa1,d.81.2.1,0.0,0,0.0,0,0.0,0,0.0,0.0
d3i65a_,c.1.4.1,0.0,5,0.888889,27,0.888889,27,-0.888889,-0.888889
d2w21a_,c.73.1.0,0.0,2,0.0,0,0.0,0,0.0,0.0
d4iyaa_,f.6.1.0,0.0,0,0.0,0,0.0,0,0.0,0.0
d2qame1,c.22.1.1,0.0,0,0.0,0,0.0,0,0.0,0.0
d2yb6a_,d.20.1.1,0.2,6,0.0,0,0.0,0,0.2,0.2
d2geba1,c.61.1.1,0.0,4,0.0,0,0.0,0,0.0,0.0
d3d37a1,b.106.1.1,0.0,0,0.0,0,0.0,0,0.0,0.0
d3jxga_,b.74.1.0,0.0,3,0.0,0,0.0,0,0.0,0.0
d2qxza_,b.80.1.0,0.0,4,0.736842,22,0.894737,22,-0.736842,-0.894737
d2ppqa1,d.144.1.6,0.0,9,0.0,0,0.0,0,0.0,0.0
d6ts4a_,b.47.1.2,0.0,4,0.0,0,0.0,0,0.0,0.0
d1b74a2,c.78.2.1,0.0,0,0.6,8,0.8,8,-0.6,-0.8
d1xkqa_,c.2.1.2,0.0,31,0.0,0,0.0,0,0.0,0.0
d2fxua2,c.55.1.1,0.0,5,0.43617,102,0.457447,102,-0.43617,-0.457447
d2gzta_,d.275.1.1,0.0,0,0.0,0,0.0,0,0.0,0.0
d5mjza_,a.118.8.0,0.0,3,0.116279,63,0.0232558,63,-0.116279,-0.0232558
d1rrea_,d.14.1.10,0.0,4,0.0,0,0.0,0,0.0,0.0
d2otda_,c.1.18.0,0.6666666666666666,4,0.625,16,0.5,16,0.04166666666666663,0.16666666666666663
d6tk6a_,f.13.1.0,0.0,9,0.0,0,0.0,0,0.0,0.0
d3loia_,b.82.1.0,0.0,0,0.854167,65,0.895833,65,-0.854167,-0.895833
d1vjva_,d.3.1.9,0.0,4,0.0,0,0.0,0,0.0,0.0
d2nn6c1,d.14.1.4,0.0,0,0.0,0,0.0,0,0.0,0.0
d5zw7a1,e.6.1.0,0.0,0,0.0,0,0.0,0,0.0,0.0
d1w4xa2,c.3.1.5,0.0,3,0.0,0,0.0,0,0.0,0.0
d2b3ya1,c.8.2.1,0.0,0,0.0,6,0.333333,6,0.0,-0.333333
d1zt2b1,a.262.1.1,0.0,0,0.0,0,0.0,0,0.0,0.0
d6o9sa_,e.3.1.0,0.0,4,0.0,0,0.0,0,0.0,0.0
d1olza2,b.69.12.1,0.0,0,0.0,0,0.0,0,0.0,0.0
d1g66a_,c.69.1.30,0.0,4,0.0,0,0.0,0,0.0,0.0
d6e4va_,f.4.3.0,0.4,6,0.916667,18,0.916667,18,-0.516667,-0.516667
d1uaaa2,c.37.1.19,0.18181818181818182,12,0.0,0,0.0,0,0.18181818181818182,0.18181818181818182
d6qp1a1,c.67.1.0,0.0,12,0.980769,143,0.980769,143,-0.980769,-0.980769
d4g6za2,a.97.1.0,0.0,0,0.0,0,0.0,0,0.0,0.0
d6tj2a_,c.69.1.0,0.25,5,0.0,0,0.0,0,0.25,0.25
d1qqra_,d.15.5.1,0.0,0,0.0,0,0.0,0,0.0,0.0
d2i0ka1,d.58.32.3,0.0,0,0.0,0,0.0,0,0.0,0.0
d2pcrb_,e.7.1.0,0.25,5,0.0,0,0.0,0,0.25,0.25
d6eida_,f.13.1.0,0.0,6,0.0,0,0.0,0,0.0,0.0
d1pt7a_,c.123.1.1,0.0,3,0.0,0,0.0,0,0.0,0.0
d1txja_,b.88.1.2,0.0,0,0.333333,7,0.333333,7,-0.333333,-0.333333
d6nrza1,b.40.4.0,0.0,0,0.330189,130,0.358491,130,-0.330189,-0.358491
d1vhka2,c.116.1.5,0.0,0,0.0,0,0.0,0,0.0,0.0
d3nvvc2,d.133.1.1,0.0,2,0.0,0,0.0,0,0.0,0.0
d2bdva1,d.303.1.1,0.0,0,0.0,0,0.0,0,0.0,0.0
d4gwka2,a.100.1.1,0.0,4,0.0,0,0.0,0,0.0,0.0
d1p0ya1,a.166.1.1,0.0,0,0.0,0,0.0,0,0.0,0.0
d3heba1,c.23.1.0,0.0,6,0.785714,100,0.857143,100,-0.785714,-0.857143
d3k9va_,a.104.1.0,0.0,8,0.0,0,0.0,0,0.0,0.0
d3qraa_,f.4.1.0,0.0,0,0.571429,8,0.428571,8,-0.571429,-0.428571
d1qi9a_,a.111.1.2,0.0,2,0.0,0,0.0,0,0.0,0.0
d1n1ca1,a.184.1.1,0.0,2,0.0,0,0.0,0,0.0,0.0
d4i6ya1,d.179.1.1,0.0,0,0.0,0,0.0,0,0.0,0.0
d6xr5a2,d.58.26.0,0.0,4,0.7,12,0.6,12,-0.7,-0.6
d2bl9a_,c.71.1.1,0.5,3,0.0,0,0.0,0,0.5,0.5
d2odpa1,c.62.1.0,0.0,0,0.0,0,0.0,0,0.0,0.0
d1rrka2,c.62.1.1,0.0,0,0.0,0,0.0,0,0.0,0.0
d1x7da_,c.2.1.13,0.0,15,0.0,0,0.0,0,0.0,0.0
d5eswa1,c.61.1.0,0.0,3,0.0,0,0.0,0,0.0,0.0
d4rk4a_,c.93.1.0,0.0,6,0.0,0,0.0,0,0.0,0.0
d1a0pa2,d.163.1.1,0.0,0,0.0,0,0.0,0,0.0,0.0
d2c9aa2,b.29.1.25,0.0,4,0.0,0,0.0,0,0.0,0.0
d4htla2,c.55.1.0,0.0,2,0.327586,102,0.310345,102,-0.327586,-0.310345
d5c1ta1,c.37.1.0,0.2,6,0.0,0,0.0,0,0.2,0.2
d1yg2a_,a.4.5.61,0.0,6,0.250996,252,0.063745,252,-0.250996,-0.063745
d1qfxa_,c.60.1.2,0.0,3,0.0,0,0.0,0,0.0,0.0
d1un8a4,c.119.1.2,0.5,5,0.0,0,0.0,0,0.5,0.5
d4uuca_,d.211.1.0,0.0,7,0.9,32,0.9,32,-0.9,-0.9
d4p82a1,c.61.1.1,0.0,3,0.0,0,0.0,0,0.0,0.0
d5f5ta_,a.118.30.1,0.0,0,0.0,0,0.0,0,0.0,0.0
d5h91a_,c.1.10.0,0.0,0,0.857143,65,0.885714,65,-0.857143,-0.885714
d3bera_,c.37.1.0,0.14285714285714285,8,0.0,0,0.0,0,0.14285714285714285,0.14285714285714285
d3vpxa2,c.2.1.0,0.0,23,0.0,0,0.0,0,0.0,0.0
d1q7fa_,b.68.9.1,0.0,3,0.5,3,0.5,3,-0.5,-0.5
d2ddza1,d.104.1.4,0.0,3,0.0,0,0.0,0,0.0,0.0
d2masa_,c.70.1.1,0.0,3,0.0,0,0.0,0,0.0,0.0
d2qi9c_,c.37.1.12,0.0,5,0.0,0,0.0,0,0.0,0.0
d3ei9a1,c.67.1.0,0.0,23,0.980769,143,0.980769,143,-0.980769,-0.980769
d4h0ca1,c.69.1.0,0.0,6,0.0,0,0.0,0,0.0,0.0
d3ea5b_,a.118.1.1,0.0,10,0.545455,59,0.436364,59,-0.545455,-0.436364
d1j1ta_,b.29.1.18,0.0,0,0.0,0,0.0,0,0.0,0.0
d2qmwa1,c.94.1.1,0.0,7,0.0,0,0.0,0,0.0,0.0
d1ym0a_,b.47.1.0,0.0,7,0.0,0,0.0,0,0.0,0.0
d2h00a1,c.66.1.54,0.0,8,0.0,0,0.0,0,0.0,0.0
d5ak4a2,c.69.1.11,0.0,11,0.0,0,0.0,0,0.0,0.0
d4qrna1,c.1.9.0,0.0,5,0.7,60,0.925,60,-0.7,-0.925
d1jjfa_,c.69.1.2,0.0,9,0.0,0,0.0,0,0.0,0.0
d1ybia2,b.42.2.0,0.0,0,0.933333,19,0.933333,19,-0.933333,-0.933333
d2h4aa1,c.93.1.1,0.0,8,0.0,0,0.0,0,0.0,0.0
d5d9ac2,d.396.1.1,0.0,0,0.0,0,0.0,0,0.0,0.0
d1u69a_,d.32.1.7,0.0,0,0.0,0,0.0,0,0.0,0.0
d2r0ba_,c.45.1.0,0.0,0,0.0,0,0.0,0,0.0,0.0
d3pzfa_,e.1.1.0,0.0,3,0.0,0,0.0,0,0.0,0.0
d3l9va_,c.47.1.0,0.0,3,0.168421,215,0.105263,215,-0.168421,-0.105263
d2vo8a1,b.2.2.2,0.0,0,0.4,22,0.4,22,-0.4,-0.4
d3abza3,b.179.1.1,0.0,2,0.0,0,0.0,0,0.0,0.0
d3ktna1,c.72.1.0,0.0,4,0.823529,51,0.941176,51,-0.823529,-0.941176
d3rkod_,f.72.1.1,0.38636363636363635,45,0.0,0,0.0,0,0.38636363636363635,0.38636363636363635
d1l2ra_,c.1.25.1,0.0,0,0.0,0,0.0,0,0.0,0.0
d6xexa1,c.2.1.0,0.14,51,0.0,0,0.0,0,0.14,0.14
d3wj1a_,c.69.1.0,0.0,11,0.0,0,0.0,0,0.0,0.0
d1sxje2,c.37.1.20,0.0,7,0.0,0,0.0,0,0.0,0.0
d1f0ka1,c.87.1.2,0.0,2,0.0,0,0.0,0,0.0,0.0
d2ixna1,a.268.1.1,0.0,4,0.0,0,0.0,0,0.0,0.0
d1wdda2,d.58.9.1,0.0,2,0.75,7,0.25,7,-0.75,-0.25
d3rrca1,a.264.1.1,0.0,2,0.0,0,0.0,0,0.0,0.0
d6wpna_,c.94.1.0,0.0,16,0.0,0,0.0,0,0.0,0.0
d4ks7a_,d.144.1.0,0.0,13,0.0,0,0.0,0,0.0,0.0
d3tzqa_,c.2.1.0,0.0,17,0.0,0,0.0,0,0.0,0.0
d1urha1,c.46.1.2,0.0,0,0.0,0,0.0,0,0.0,0.0
d7m32a4,c.1.4.1,0.0,0,0.777778,27,0.888889,27,-0.777778,-0.888889
d1qqha_,b.91.1.1,0.0,0,0.0,0,0.0,0,0.0,0.0
d5r68a_,b.7.1.0,0.0,3,0.05,28,0.05,28,-0.05,-0.05
d1d7qa_,b.40.4.5,0.0,2,0.0,130,0.0,130,0.0,0.0
d3e8ma_,c.108.1.0,0.0,5,0.0,0,0.0,0,0.0,0.0
d1cx4a2,b.82.3.2,0.0,2,0.95,31,0.95,31,-0.95,-0.95
d4gq4a2,a.118.8.1,0.0,3,0.2,63,0.525,63,-0.2,-0.525
d3p7ma2,d.162.1.0,0.25,5,0.0,0,0.0,0,0.25,0.25
d4nima_,c.2.1.0,0.0,20,0.0,0,0.0,0,0.0,0.0
d1ryba_,c.56.3.1,0.0,0,0.0,0,0.0,0,0.0,0.0
d1l8qa2,c.37.1.20,0.0,11,0.0,0,0.0,0,0.0,0.0
d4rcab_,c.10.2.0,0.0,3,0.823529,32,0.823529,32,-0.823529,-0.823529
d1vzya1,d.193.1.1,0.0,0,0.0,0,0.0,0,0.0,0.0
d3s3na2,c.55.3.2,0.0,0,0.258621,61,0.0344828,61,-0.258621,-0.0344828
d2osva_,c.92.2.0,0.0,7,0.384615,38,0.769231,38,-0.384615,-0.769231
d6yhma1,d.194.1.1,0.0,2,0.0,0,0.0,0,0.0,0.0
d4fega3,c.36.1.0,0.0,0,0.0,0,0.0,0,0.0,0.0
d3fxwa_,d.144.1.7,0.07142857142857142,29,0.0,0,0.0,0,0.07142857142857142,0.07142857142857142
d1eb6a_,d.92.1.12,0.0,0,0.0487805,42,0.0,42,-0.0487805,0.0
d1n3la_,c.26.1.1,0.0,3,0.371429,53,0.2,53,-0.371429,-0.2
d1geea_,c.2.1.2,0.05714285714285714,36,0.0,0,0.0,0,0.05714285714285714,0.05714285714285714
d1lqaa_,c.1.7.1,1.0,3,0.923077,19,0.923077,19,0.07692299999999996,0.07692299999999996
d4exla_,c.94.1.0,0.0,8,0.0,0,0.0,0,0.0,0.0
d4wera1,e.52.1.0,0.0,5,0.0,0,0.0,0,0.0,0.0
d3ilwa_,e.11.1.0,0.0,0,0.0,0,0.0,0,0.0,0.0
d2ivda1,c.3.1.2,0.0,2,0.0,0,0.0,0,0.0,0.0
d3lfja1,c.38.1.0,0.0,0,0.0,0,0.0,0,0.0,0.0
d7kg8a_,c.50.1.3,0.0,0,0.0,0,0.0,0,0.0,0.0
d3ne7a_,d.108.1.0,0.0,2,0.0,0,0.0,0,0.0,0.0
d5lxva_,b.2.2.0,0.0,0,0.545455,22,0.545455,22,-0.545455,-0.545455
d4l6ha2,c.1.22.0,0.0,2,0.666667,6,0.666667,6,-0.666667,-0.666667
d2choa2,c.1.8.10,0.0,14,0.179104,135,0.671642,135,-0.179104,-0.671642
d1p91a_,c.66.1.33,0.0,9,0.0,0,0.0,0,0.0,0.0
d5k8sa1,b.82.3.0,0.0,4,0.933333,31,0.933333,31,-0.933333,-0.933333
d2csua3,c.23.4.1,0.0,0,0.0,0,0.0,0,0.0,0.0
d4b3la_,c.1.8.0,0.0,8,0.364583,135,0.65625,135,-0.364583,-0.65625
d3umca1,c.108.1.0,0.14285714285714285,8,0.0,0,0.0,0,0.14285714285714285,0.14285714285714285
d1z7me1,c.94.1.1,0.42857142857142855,8,0.0,0,0.0,0,0.42857142857142855,0.42857142857142855
d1pp0a_,d.103.1.1,0.0,0,0.0,0,0.0,0,0.0,0.0
d2vsna1,a.118.8.1,0.0,0,0.45,63,0.525,63,-0.45,-0.525
d4afha_,b.96.1.0,0.0,0,0.0,0,0.0,0,0.0,0.0
d1z4ra1,d.108.1.1,0.0,4,0.0,0,0.0,0,0.0,0.0
d2qpna_,e.3.1.0,0.0,2,0.0,0,0.0,0,0.0,0.0
d1nlsa_,b.29.1.1,0.0,4,0.0,0,0.0,0,0.0,0.0
d3ttva2,c.23.16.0,0.0,2,0.241379,42,0.310345,42,-0.241379,-0.310345
d1yt3a3,c.55.3.5,0.0,0,0.0909091,61,0.0681818,61,-0.0909091,-0.0681818
d1ooea_,c.2.1.2,0.0,9,0.0,0,0.0,0,0.0,0.0
d2g77a2,a.69.2.1,0.0,0,0.0,0,0.0,0,0.0,0.0
d2o8ra4,d.136.1.4,0.0,0,0.0,0,0.0,0,0.0,0.0
d1x7yb2,c.48.1.2,0.0,0,0.0,0,0.0,0,0.0,0.0
d6dxna1,c.47.1.0,0.0,2,0.178947,215,0.0631579,215,-0.178947,-0.0631579
d6frea1,b.86.1.2,0.0,0,0.0,0,0.0,0,0.0,0.0
d6f0ca_,a.104.1.0,0.0,9,0.0,0,0.0,0,0.0,0.0
d1uz5a3,c.57.1.2,0.0,0,0.0,0,0.0,0,0.0,0.0
d2wmfa2,b.24.2.1,0.0,0,0.0,0,0.0,0,0.0,0.0
d1z3xa2,a.261.1.1,0.0,0,0.0,0,0.0,0,0.0,0.0
d4g6za1,c.26.1.0,0.0,2,0.625,53,0.4375,53,-0.625,-0.4375
d3pl5a_,c.119.1.0,0.0,2,0.0,0,0.0,0,0.0,0.0
d1lj5a_,e.1.1.1,0.4,11,0.0,0,0.0,0,0.4,0.4
d3ctda1,a.80.1.2,0.0,2,0.0,0,0.0,0,0.0,0.0
d4hjla2,d.129.3.3,0.0,3,0.512821,42,0.0512821,42,-0.512821,-0.0512821
d3pvia_,c.52.1.6,0.0,0,0.0,0,0.0,0,0.0,0.0
d3tgla_,c.69.1.17,0.0,9,0.0,0,0.0,0,0.0,0.0
d5ljpa_,c.23.5.1,1.0,2,0.967742,37,0.935484,37,0.03225800000000001,0.06451600000000002
d1k7ja_,d.115.1.1,0.0,0,0.0,0,0.0,0,0.0,0.0
d4l4ya_,c.124.1.0,0.0,2,0.0,0,0.0,0,0.0,0.0
d2jfra_,d.219.1.0,0.0,3,0.0,0,0.0,0,0.0,0.0
d2cara1,c.51.4.1,0.0,0,0.833333,9,0.833333,9,-0.833333,-0.833333
d2f8ja2,c.67.1.1,0.0,12,0.992248,143,0.992248,143,-0.992248,-0.992248
d1fjgd_,d.66.1.2,0.0,0,0.0,0,0.0,0,0.0,0.0
d1qxya_,d.127.1.1,0.0,4,0.0,0,0.0,0,0.0,0.0
d3o0ma1,d.13.1.0,0.0,4,0.833333,18,0.833333,18,-0.833333,-0.833333
d6qm7k_,d.153.1.0,0.0,2,0.607143,37,0.484848,42,-0.607143,-0.484848
d7kr0a_,c.50.1.2,0.0,2,0.0,0,0.0,0,0.0,0.0
d5ak4a1,c.108.1.2,0.0,5,0.0,0,0.0,0,0.0,0.0
d2ahra2,c.2.1.6,0.1,11,0.0,0,0.0,0,0.1,0.1
d1j3aa_,c.21.1.1,0.0,0,0.0,0,0.0,0,0.0,0.0
d2hd9a1,b.122.1.8,0.0,3,0.0,0,0.0,0,0.0,0.0
d5hjfa_,a.25.1.0,0.0,2,0.634146,55,0.853659,55,-0.634146,-0.853659
d1on3a2,c.14.1.4,0.0,6,0.0,0,0.0,0,0.0,0.0
d1v3va2,c.2.1.1,0.0,9,0.0,0,0.0,0,0.0,0.0
d1sr4a_,b.42.2.1,0.0,0,0.875,19,0.875,19,-0.875,-0.875
d2dfka1,a.87.1.1,0.6666666666666666,4,0.0,0,0.0,0,0.6666666666666666,0.6666666666666666
d4e70a2,c.66.1.0,0.0,5,0.0,0,0.0,0,0.0,0.0
d2rg7a_,c.92.2.0,0.0,5,0.692308,38,0.923077,38,-0.692308,-0.923077
d3daxa1,a.104.1.0,0.0,11,0.0,0,0.0,0,0.0,0.0
d1q40b_,d.17.4.2,0.5,3,0.9,76,0.3,76,-0.4,0.2
d2b2ha_,f.44.1.0,0.0,0,0.0,0,0.0,0,0.0,0.0
d4hw8a_,c.94.1.0,0.0,19,0.0,0,0.0,0,0.0,0.0
d3weoa1,b.30.5.11,0.0,3,0.347826,26,0.0416667,27,-0.347826,-0.0416667
d3aysa_,c.1.8.0,0.17391304347826086,24,0.760417,135,0.614583,135,-0.5865039565217391,-0.4406699565217391
d2nyva1,c.108.1.0,0.0,4,0.0,0,0.0,0,0.0,0.0
d4n6ka1,c.94.1.0,0.0,14,0.0,0,0.0,0,0.0,0.0
d2egga2,c.2.1.7,0.0,5,0.0,0,0.0,0,0.0,0.0
d6kaxa_,a.123.1.1,0.0,0,0.0,0,0.0,0,0.0,0.0
d1kt7a_,b.60.1.1,0.0,2,0.0,0,0.0,0,0.0,0.0
d3ch0a1,c.1.18.0,0.0,3,0.625,16,0.5,16,-0.625,-0.5
d2v7fa1,a.4.5.84,0.0,4,0.0,0,0.0,0,0.0,0.0
d4m0xa2,c.1.11.0,0.0,4,0.923077,43,0.923077,43,-0.923077,-0.923077
d1svva_,c.67.1.1,0.0,16,0.992248,143,0.992248,143,-0.992248,-0.992248
d2cdqa1,c.73.1.3,0.0,4,0.0,0,0.0,0,0.0,0.0
d3doua1,c.66.1.0,0.0,6,0.0,0,0.0,0,0.0,0.0
d1ozha3,c.36.1.9,0.0,0,0.0,0,0.0,0,0.0,0.0
d2glza1,d.81.3.1,0.0,0,0.0,0,0.0,0,0.0,0.0
d1ryoa_,c.94.1.2,0.0,18,0.0,0,0.0,0,0.0,0.0
d2b9va1,b.18.1.13,0.0,0,0.0,0,0.0,0,0.0,0.0
d4wuia1,c.1.2.0,0.0,4,0.863636,39,0.954545,39,-0.863636,-0.954545
d1mc0a1,d.110.2.1,0.0,0,0.875,21,0.5,21,-0.875,-0.5
d1wera_,a.116.1.2,0.0,0,0.0,0,0.0,0,0.0,0.0
d1w8ia_,c.120.1.1,0.0,0,0.0,0,0.0,0,0.0,0.0
d4efia1,c.95.1.0,0.0,3,0.0,0,0.0,0,0.0,0.0
d7kh8a1,c.44.1.1,0.25,5,0.909091,13,0.909091,13,-0.659091,-0.659091
d4es7a_,b.60.1.0,0.0,2,0.0,0,0.0,0,0.0,0.0
d3g60a1,f.37.1.1,0.0,3,0.0,0,0.0,0,0.0,0.0
d1ryla_,d.276.1.1,0.0,0,0.0,0,0.0,0,0.0,0.0
d1jsca3,c.36.1.9,0.0,4,0.0,0,0.0,0,0.0,0.0
d3euca_,c.67.1.0,0.0,20,0.980769,143,0.980769,143,-0.980769,-0.980769
d1ev7a_,c.52.1.9,0.0,2,0.0,0,0.0,0,0.0,0.0
d1q25a3,b.64.1.1,0.0,0,0.0,0,0.0,0,0.0,0.0
d2i76a2,c.2.1.6,0.0,12,0.0,0,0.0,0,0.0,0.0
d2q4ea2,d.81.1.5,0.0,0,0.0434783,30,0.0434783,30,-0.0434783,-0.0434783
d1yp2a2,c.68.1.6,0.0,3,0.0,0,0.0,0,0.0,0.0
d5tkwa1,c.55.1.0,0.0,4,0.0344828,102,0.0172414,102,-0.0344828,-0.0172414
d1yfqa1,b.69.4.2,0.0,0,0.0,0,0.0,0,0.0,0.0
d1foea2,b.55.1.1,0.0,2,0.911111,86,0.933333,86,-0.911111,-0.933333
d1to6a_,c.141.1.1,0.0,2,0.0,0,0.0,0,0.0,0.0
d6p58a_,d.110.2.0,0.0,0,0.818182,21,0.727273,21,-0.818182,-0.727273
d2e2dc2,b.40.3.1,0.0,0,0.6,6,0.8,6,-0.6,-0.8
d1efdn_,c.92.2.1,0.0,2,0.0,0,0.0,0,0.0,0.0
d6m01a_,e.23.1.0,0.0,17,0.0,0,0.0,0,0.0,0.0
d2h1ca1,c.120.1.1,0.0,0,0.0,0,0.0,0,0.0,0.0
d1d2fa_,c.67.1.3,0.0,16,0.992308,143,0.992308,143,-0.992308,-0.992308
d6dw1a_,b.96.1.0,0.0,2,0.0,0,0.0,0,0.0,0.0
d1qkra_,a.24.9.1,0.0,0,0.5,12,0.5,12,-0.5,-0.5
d3dfqa_,c.1.10.1,0.0,4,0.422222,65,0.777778,65,-0.422222,-0.777778
d1io1a_,e.32.1.1,0.0,0,0.0,0,0.0,0,0.0,0.0
d2d4ra1,d.129.3.6,0.0,2,0.875,42,0.8,42,-0.875,-0.8
d2ypoa_,c.1.10.8,0.0,5,0.0,0,0.0,0,0.0,0.0
d1m06g_,b.121.5.1,0.0,0,0.0,7,0.0,7,0.0,0.0
d3ja841,b.40.4.11,0.0,3,0.201613,130,0.225806,130,-0.201613,-0.225806
d3hpya2,d.32.1.0,0.0,2,0.0,0,0.0,0,0.0,0.0
d1xg7a1,a.96.1.6,0.0,2,0.0,0,0.0,0,0.0,0.0
d1j77a_,a.132.1.2,0.0,2,0.0,0,0.0,0,0.0,0.0
d2j6la_,c.82.1.0,0.0,12,0.0,0,0.0,0,0.0,0.0
d1lfwa2,d.58.19.1,0.0,0,0.0,0,0.0,0,0.0,0.0
d4ag7a_,d.108.1.0,0.0,4,0.0,0,0.0,0,0.0,0.0
d3a7ra1,d.104.1.3,0.0,0,0.0,0,0.0,0,0.0,0.0
d2ikba1,d.2.1.9,0.0,3,0.0,0,0.0,0,0.0,0.0
d6gmfa_,a.104.1.0,0.0,18,0.0,0,0.0,0,0.0,0.0
d2vsna2,c.87.1.12,0.2,6,0.0,0,0.0,0,0.2,0.2
d4dnja_,a.104.1.0,0.0,9,0.0,0,0.0,0,0.0,0.0
d6xmya1,c.77.1.0,1.0,3,0.0,0,0.0,0,1.0,1.0
d6ucza_,c.1.21.0,0.0,6,0.75,10,0.75,10,-0.75,-0.75
d1uwka_,e.51.1.1,0.0,0,0.0,0,0.0,0,0.0,0.0
d3giaa_,f.54.1.2,0.0,3,0.0,0,0.0,0,0.0,0.0
d6wx3b_,c.79.1.1,0.0,3,0.0,0,0.0,0,0.0,0.0
d3bdia1,c.69.1.0,0.0,4,0.0,0,0.0,0,0.0,0.0
d4em8a1,c.121.1.0,0.0,2,0.0,0,0.0,0,0.0,0.0
d2g5xa_,d.165.1.0,0.0,6,0.0,0,0.0,0,0.0,0.0
d4s35a_,c.37.1.0,0.0,7,0.0,0,0.0,0,0.0,0.0
d5wtza1,d.166.1.0,0.0,2,0.0,0,0.0,0,0.0,0.0
d2w3sa3,d.145.1.0,0.0,2,0.0,0,0.0,0,0.0,0.0
d5awwy_,f.41.1.0,0.0,4,0.0,0,0.0,0,0.0,0.0
d1weha_,c.129.1.1,0.0,2,0.0,0,0.0,0,0.0,0.0
d1itxa1,c.1.8.5,0.3333333333333333,13,0.227642,135,0.617886,135,0.1056913333333333,-0.28455266666666673
d2bbaa1,b.18.1.4,0.0,2,0.0,0,0.0,0,0.0,0.0
d3ryca2,d.79.2.1,0.0,0,0.666667,8,0.0,8,-0.666667,0.0
d4fu0a1,c.30.1.0,0.0,0,0.0,0,0.0,0,0.0,0.0
d1w0pa2,b.29.1.8,0.0,2,0.0,0,0.0,0,0.0,0.0
d1qkia1,c.2.1.3,0.0,4,0.0,0,0.0,0,0.0,0.0
d1u55a_,d.278.1.1,0.0,0,0.0,0,0.0,0,0.0,0.0
d3cx5b1,d.185.1.1,0.0,0,0.0,0,0.0,0,0.0,0.0
d5fava1,c.7.1.0,0.3,11,0.0,0,0.0,0,0.3,0.3
d3ki2a1,d.166.1.0,0.0,0,0.0,0,0.0,0,0.0,0.0
d1p6xa1,c.37.1.1,0.0,11,0.0,0,0.0,0,0.0,0.0
d1di6a_,c.57.1.1,0.0,0,0.0,0,0.0,0,0.0,0.0
d1sdma_,c.37.1.9,0.0,17,0.0,0,0.0,0,0.0,0.0
d2fsja1,c.55.1.12,0.0,2,0.633663,102,0.435644,102,-0.633663,-0.435644
d3oc7a_,c.14.1.0,0.0,8,0.0,0,0.0,0,0.0,0.0
d1xwma_,a.7.12.1,0.0,0,0.666667,5,0.666667,5,-0.666667,-0.666667
d3l6ba_,c.79.1.0,0.0,3,0.0,0,0.0,0,0.0,0.0
d2gkpa1,d.351.1.1,0.0,0,0.0,0,0.0,0,0.0,0.0
d6pcda1,c.95.1.0,0.14285714285714285,8,0.0,0,0.0,0,0.14285714285714285,0.14285714285714285
d2b5ea1,c.47.1.2,0.0,3,0.620192,215,0.653846,215,-0.620192,-0.653846
d2otma1,d.79.1.1,0.0,0,0.666667,16,0.666667,16,-0.666667,-0.666667
d3kkea_,c.93.1.0,0.0,12,0.0,0,0.0,0,0.0,0.0
d5a0ya2,a.89.1.1,0.0,0,0.0,0,0.0,0,0.0,0.0
d2arza1,b.45.1.1,0.0,2,0.821429,46,0.964286,46,-0.821429,-0.964286
d2bm8a1,c.66.1.50,0.0,8,0.0,0,0.0,0,0.0,0.0
d3teoa_,c.53.2.0,0.0,2,0.8,13,0.8,13,-0.8,-0.8
d5wida_,c.23.5.0,0.0,3,0.909091,37,0.909091,37,-0.909091,-0.909091
d5w83b_,c.97.3.1,0.0,0,0.5,6,0.5,6,-0.5,-0.5
d3hvna3,f.69.1.1,0.42857142857142855,8,0.0,0,0.0,0,0.42857142857142855,0.42857142857142855
d1yvua4,c.55.3.15,0.0,2,0.305085,61,0.0169492,61,-0.305085,-0.0169492
d3hsya_,c.93.1.1,0.0,9,0.0,0,0.0,0,0.0,0.0
d4oeva_,c.94.1.0,0.0,18,0.0,0,0.0,0,0.0,0.0
d1nfia2,b.2.5.3,0.0,0,0.0,11,0.0,11,0.0,0.0
d4f19a1,c.94.1.1,0.0,10,0.0,0,0.0,0,0.0,0.0
d1vh4a_,b.80.6.1,0.0,0,0.0,0,0.0,0,0.0,0.0
d3hmoa_,d.144.1.0,0.0,8,0.0,0,0.0,0,0.0,0.0
d5bowa1,b.42.1.0,0.0,0,0.909091,16,0.909091,16,-0.909091,-0.909091
d2pk3a_,c.2.1.0,0.0,13,0.0,0,0.0,0,0.0,0.0
d4dh2a1,b.2.2.0,0.0,3,0.545455,22,0.545455,22,-0.545455,-0.545455
d2gnxa1,a.246.3.1,0.0,0,0.0,0,0.0,0,0.0,0.0
d2fg9a1,b.45.1.1,0.0,0,0.928571,46,0.928571,46,-0.928571,-0.928571
d1ybia1,b.42.2.0,0.0,2,0.933333,19,0.933333,19,-0.933333,-0.933333
d3dina2,a.172.1.1,0.0,5,0.0,0,0.0,0,0.0,0.0
d5lt7a1,f.54.1.2,0.0,2,0.0,0,0.0,0,0.0,0.0
d2q0ia2,d.157.1.14,0.0,3,0.0,0,0.0,0,0.0,0.0
d1sgja_,c.1.12.5,0.0,3,0.823529,19,0.823529,19,-0.823529,-0.823529
d1eu1a1,b.52.2.2,0.0,2,0.9,15,0.8,15,-0.9,-0.8
d1z3ix2,c.37.1.19,0.0,13,0.0,0,0.0,0,0.0,0.0
d2v5ca1,d.92.2.3,0.0,0,0.857143,8,0.428571,8,-0.857143,-0.428571
d2ih2a1,c.66.1.27,0.0,6,0.0,0,0.0,0,0.0,0.0
d7o78a_,b.80.1.4,0.0,4,0.0,0,0.0,0,0.0,0.0
d2fk9a1,b.7.1.0,0.0,0,0.85,28,0.9,28,-0.85,-0.9
d4dhib_,d.3.1.0,0.0,3,0.0,0,0.0,0,0.0,0.0
d1k1xa3,c.6.2.2,1.0,3,0.0,0,0.0,0,1.0,1.0
d1u6fa1,d.58.7.1,0.2,6,0.933333,129,0.966667,129,-0.733333,-0.766667
d3grfa2,c.78.1.0,0.0,0,0.571429,21,0.571429,21,-0.571429,-0.571429
d4lcta1,a.118.8.9,0.0,6,0.636364,63,0.6,63,-0.636364,-0.6
d4enea_,f.20.1.1,0.0,0,0.0,0,0.0,0,0.0,0.0
d1a3aa_,d.112.1.1,0.0,0,0.0,0,0.0,0,0.0,0.0
d4tpha_,f.38.1.0,0.6216216216216216,38,0.0,0,0.0,0,0.6216216216216216,0.6216216216216216
d1y7ea2,c.56.5.4,0.0,5,0.4,36,0.25,37,-0.4,-0.25
d1e58a_,c.60.1.1,0.0,2,0.0,0,0.0,0,0.0,0.0
d7mqva1,c.2.1.0,0.0,4,0.0,0,0.0,0,0.0,0.0
d4igha_,c.1.4.1,0.0,9,0.888889,27,0.888889,27,-0.888889,-0.888889
d4gh0a_,a.224.1.1,0.0,0,0.0,0,0.0,0,0.0,0.0
d2djla_,c.1.4.1,0.0,2,0.888889,27,0.888889,27,-0.888889,-0.888889
d1ct9a2,d.153.1.1,0.0,0,0.0333333,37,0.0285714,42,-0.0333333,-0.0285714
d2okma_,b.2.3.0,0.0,0,0.125,22,0.125,22,-0.125,-0.125
d6bq6a_,c.66.1.0,0.0,13,0.0,0,0.0,0,0.0,0.0
d2evea1,b.122.1.8,0.0,0,0.0,0,0.0,0,0.0,0.0
d1gtma1,c.2.1.7,0.0,12,0.0,0,0.0,0,0.0,0.0
d2p0wa_,d.108.1.1,0.0,3,0.0,0,0.0,0,0.0,0.0
d6d57a_,a.4.5.0,0.0,2,0.488764,252,0.544944,252,-0.488764,-0.544944
d3ugsa_,c.101.1.0,0.0,2,0.0,0,0.0,0,0.0,0.0
d1lfwa1,c.56.5.4,0.0,4,0.5,36,0.4,37,-0.5,-0.4
d7caxa_,c.2.1.0,0.0,15,0.0,0,0.0,0,0.0,0.0
d3d3za_,d.124.1.0,0.0,2,0.0,0,0.0,0,0.0,0.0
d7b1sc_,d.58.31.0,0.0,2,0.25,5,0.25,5,-0.25,-0.25
d3kzha_,c.72.1.0,0.0,4,0.941176,51,0.941176,51,-0.941176,-0.941176
d3f5va_,d.3.1.1,0.0,0,0.0,0,0.0,0,0.0,0.0
d1f8ya_,c.23.14.1,0.0,0,0.166667,8,0.166667,8,-0.166667,-0.166667
d6vxua_,d.144.1.0,0.0,11,0.0,0,0.0,0,0.0,0.0
d3ucja_,c.53.2.0,0.0,2,0.8,13,0.8,13,-0.8,-0.8
d1t2da1,c.2.1.5,0.0,4,0.0,0,0.0,0,0.0,0.0
d1am2a_,b.86.1.2,0.0,0,0.0,0,0.0,0,0.0,0.0
d1bf6a_,c.1.9.3,0.0,8,0.694915,60,0.949153,60,-0.694915,-0.949153
d1kfsa1,c.55.3.5,0.0,0,0.0909091,61,0.0909091,61,-0.0909091,-0.0909091
d2jlma_,d.108.1.0,0.0,2,0.0,0,0.0,0,0.0,0.0
d1xc2a3,c.2.1.6,0.0,9,0.0,0,0.0,0,0.0,0.0
d1wzza1,a.102.1.2,0.0,5,0.947368,28,0.947368,28,-0.947368,-0.947368
d3bofa2,c.1.26.1,0.0,0,0.0,0,0.0,0,0.0,0.0
d4yo7a_,c.93.1.0,0.0,10,0.0,0,0.0,0,0.0,0.0
d1di0a_,c.16.1.1,0.0,0,0.0,0,0.0,0,0.0,0.0
d1dpga1,c.2.1.3,0.0,10,0.0,0,0.0,0,0.0,0.0
d4ic5a_,b.47.1.0,0.0,5,0.0,0,0.0,0,0.0,0.0
d1o6da1,c.116.1.3,0.0,0,0.0,0,0.0,0,0.0,0.0
d1guqa2,d.13.1.2,0.0,0,0.866667,18,0.8,18,-0.866667,-0.8
d5zqaa_,e.3.1.0,0.0,5,0.0,0,0.0,0,0.0,0.0
d3bvxa2,b.30.5.6,0.0,0,0.0,0,0.0,27,0.0,0.0
d1i9ga_,c.66.1.13,0.0,6,0.0,0,0.0,0,0.0,0.0
d1o69a_,c.67.1.4,0.0,9,0.992366,143,0.992366,143,-0.992366,-0.992366
d2h92a_,c.37.1.1,0.0,13,0.0,0,0.0,0,0.0,0.0
d1rx0a1,a.29.3.1,0.0,0,0.733333,19,0.733333,19,-0.733333,-0.733333
d3alua_,d.169.1.0,0.0,2,0.0,0,0.0,0,0.0,0.0
d1hr6a1,d.185.1.1,0.0,3,0.0,0,0.0,0,0.0,0.0
d2bona1,e.52.1.2,0.0,2,0.0,0,0.0,0,0.0,0.0
d2oika1,d.13.1.1,0.0,0,0.8,18,0.666667,18,-0.8,-0.666667
d1v7la_,c.8.2.1,0.0,0,0.333333,6,0.333333,6,-0.333333,-0.333333
d1ogmx1,b.133.1.1,0.0,0,0.0,0,0.0,0,0.0,0.0
d3saoa1,b.60.1.1,0.0,2,0.0,0,0.0,0,0.0,0.0
d1rqba2,c.1.10.5,0.0,3,0.84375,65,0.90625,65,-0.84375,-0.90625
d2j4ja_,c.73.1.0,0.0,2,0.0,0,0.0,0,0.0,0.0
d3tm0a_,d.144.1.6,0.0,5,0.0,0,0.0,0,0.0,0.0
d2vnud3,b.40.4.5,0.0,2,0.252874,130,0.0344828,130,-0.252874,-0.0344828
d3h78a1,c.95.1.0,0.0,2,0.0,0,0.0,0,0.0,0.0
d6pu3a_,c.94.1.0,0.0,21,0.0,0,0.0,0,0.0,0.0
d2pq8a_,d.108.1.1,0.0,4,0.0,0,0.0,0,0.0,0.0
d3s4ea1,c.45.1.0,0.0,2,0.0,0,0.0,0,0.0,0.0
d1vcfa1,c.1.4.1,0.0,5,0.888889,27,0.888889,27,-0.888889,-0.888889
d3isqa1,d.32.1.3,0.0,3,0.0,0,0.0,0,0.0,0.0
d5njcb_,d.283.1.0,0.0,2,0.0,0,0.0,0,0.0,0.0
d3e0nb_,b.47.1.0,0.0,13,0.0,0,0.0,0,0.0,0.0
d7l0ea_,b.69.15.1,0.0,2,0.0,0,0.0,0,0.0,0.0
d1sg2a_,f.48.1.1,0.0,0,0.0,0,0.0,0,0.0,0.0
d1esda_,c.23.10.1,0.0,2,0.0,0,0.0,0,0.0,0.0
d1q74a_,c.134.1.1,0.0,0,0.0,0,0.0,0,0.0,0.0
d1t3ta3,d.284.1.2,0.0,0,0.0,0,0.0,0,0.0,0.0
d2ii3a_,c.43.1.0,0.0,2,0.0,0,0.0,0,0.0,0.0
d3tdca1,c.14.1.0,0.0,5,0.0,0,0.0,0,0.0,0.0
d4ggca_,b.69.4.0,0.0,4,0.761905,28,0.761905,28,-0.761905,-0.761905
d2z0xa_,d.116.1.0,0.0,0,0.0,0,0.0,0,0.0,0.0
d1fs0g_,c.49.2.1,0.0,0,0.666667,4,0.666667,4,-0.666667,-0.666667
d1x36a_,b.121.4.7,0.0,2,0.617647,39,0.641026,44,-0.617647,-0.641026
d1jkna1,d.113.1.1,0.0,3,0.0,0,0.0,0,0.0,0.0
d3tsma_,c.1.2.0,0.0,2,0.954545,39,0.954545,39,-0.954545,-0.954545
d2psba1,c.153.1.1,0.0,0,0.0,0,0.0,0,0.0,0.0
d1o04a_,c.82.1.1,0.0,16,0.0,0,0.0,0,0.0,0.0
d4aiha_,a.4.5.28,0.5,3,0.577586,252,0.461207,252,-0.07758600000000004,0.03879300000000002
d2pw9a1,c.97.1.5,0.0,3,0.0,0,0.0,0,0.0,0.0
d2azwa1,d.113.1.1,0.0,0,0.0,0,0.0,0,0.0,0.0
d3c02a_,f.19.1.0,0.0,3,0.0,0,0.0,0,0.0,0.0
d2ca6a_,c.10.1.2,0.0,2,0.0,0,0.0,0,0.0,0.0
d3u95a1,c.2.1.0,0.0,11,0.0,0,0.0,0,0.0,0.0
d3l5ka1,c.108.1.0,0.0,3,0.0,0,0.0,0,0.0,0.0
d5ufta1,d.224.1.0,0.0,0,0.0,0,0.0,0,0.0,0.0
d3sbfa2,c.1.11.2,0.0,3,0.969697,43,0.969697,43,-0.969697,-0.969697
d1yj5a2,c.37.1.1,0.0,8,0.0,0,0.0,0,0.0,0.0
d6q4sa_,a.128.1.0,0.0,2,0.0,0,0.0,0,0.0,0.0
d3b82a2,b.43.3.1,0.0,0,0.428571,24,0.357143,24,-0.428571,-0.357143
d5ekza_,e.39.1.0,0.0,0,0.0,0,0.0,0,0.0,0.0
d6fc0a1,d.86.1.0,0.0,2,0.0,0,0.0,0,0.0,0.0
d1ybea2,d.41.2.2,0.0,0,0.142857,17,0.214286,17,-0.142857,-0.214286
d7cohb2,b.6.1.2,0.0,2,0.673469,51,0.34,52,-0.673469,-0.34
d4o6va_,c.2.1.0,0.043478260869565216,24,0.0,0,0.0,0,0.043478260869565216,0.043478260869565216
d2ydya_,c.2.1.0,0.0,10,0.0,0,0.0,0,0.0,0.0
d1t36a1,a.92.1.1,0.0,0,0.0,0,0.0,0,0.0,0.0
d1q3qa1,a.129.1.2,0.0,0,0.0,0,0.0,0,0.0,0.0
d7m32a5,d.58.1.5,0.0,0,0.538462,24,0.384615,24,-0.538462,-0.384615
d1lnsa3,c.69.1.21,0.0,7,0.0,0,0.0,0,0.0,0.0
d1s6ya2,d.162.1.2,0.0,3,0.0,0,0.0,0,0.0,0.0
d1v0da_,d.4.1.7,0.0,0,0.0,0,0.0,0,0.0,0.0
d1sbza_,c.34.1.1,0.0,2,0.0,0,0.0,0,0.0,0.0
d4wepa_,c.94.1.0,0.0,14,0.0,0,0.0,0,0.0,0.0
d3v93a_,a.211.1.0,0.0,2,0.0,0,0.0,0,0.0,0.0
d6juua_,d.144.1.0,0.07692307692307693,14,0.0,0,0.0,0,0.07692307692307693,0.07692307692307693
d6itka2,d.162.1.0,0.0,3,0.0,0,0.0,0,0.0,0.0
d1u7ga_,f.44.1.1,0.0,0,0.0,0,0.0,0,0.0,0.0
d5d7wa2,b.80.7.0,0.0,0,0.0,0,0.0,0,0.0,0.0
d4nsva_,b.47.1.1,0.0,0,0.0,0,0.0,0,0.0,0.0
d5dz2a_,a.128.1.0,0.0,4,0.0,0,0.0,0,0.0,0.0
d4rnaa2,d.3.1.23,0.0,0,0.0,0,0.0,0,0.0,0.0
d2d83a_,e.3.1.1,0.0,4,0.0,0,0.0,0,0.0,0.0
d6vo6a_,c.2.1.0,0.0,23,0.0,0,0.0,0,0.0,0.0
d6qh5a_,a.118.1.10,0.0,14,0.655172,59,0.517241,59,-0.655172,-0.517241
d7diea_,a.25.1.0,0.0,3,0.487805,55,0.853659,55,-0.487805,-0.853659
d4eu9a1,c.124.1.0,0.0,0,0.0,0,0.0,0,0.0,0.0
d1pd0a2,b.2.8.1,0.0,0,0.0,0,0.0,0,0.0,0.0
d2ifga3,c.10.2.7,0.0,0,0.888889,32,0.777778,32,-0.888889,-0.777778
d1c3ca_,a.127.1.1,0.0,5,0.0,0,0.0,0,0.0,0.0
d3amra_,b.68.3.1,0.0,0,0.0,0,0.0,0,0.0,0.0
d3c38a_,d.110.6.3,0.0,0,0.7,11,0.8,11,-0.7,-0.8
d6tl8a_,c.10.2.0,0.0,3,0.823529,32,0.823529,32,-0.823529,-0.823529
d2nuja1,d.38.1.1,0.0,5,0.0,0,0.0,0,0.0,0.0
d1irxa2,c.26.1.1,0.0,5,0.142857,53,0.2,53,-0.142857,-0.2
d2pmaa1,b.50.1.3,0.0,2,0.0,0,0.0,0,0.0,0.0
d1vp8a1,c.49.1.2,0.0,0,0.0,0,0.0,0,0.0,0.0
d3taua_,c.37.1.0,0.0,12,0.0,0,0.0,0,0.0,0.0
d2odfa1,c.56.5.9,0.0,0,0.571429,36,0.0,37,-0.571429,0.0
d7b5oi1,a.74.1.1,0.0,2,0.0,0,0.0,0,0.0,0.0
d1t3qb1,d.41.1.1,0.0,0,0.666667,6,0.666667,6,-0.666667,-0.666667
d4f8xa_,c.1.8.0,0.0,11,0.458333,135,0.645833,135,-0.458333,-0.645833
d3w07a_,c.1.2.3,0.0,4,0.823529,39,0.970588,39,-0.823529,-0.970588
d1pvta_,c.74.1.1,0.0,2,0.0,0,0.0,0,0.0,0.0
d1e8ca3,c.72.2.1,0.0,0,0.8,8,0.8,8,-0.8,-0.8
d3qtya1,d.79.4.0,0.0,2,0.875,11,0.5,11,-0.875,-0.5
d1j5sa1,c.1.9.8,0.0,4,0.508475,60,0.813559,60,-0.508475,-0.813559
d6egea_,d.144.1.0,0.0,9,0.0,0,0.0,0,0.0,0.0
d5thka_,c.2.1.0,0.0,30,0.0,0,0.0,0,0.0,0.0
d3llxa2,c.1.6.1,0.0,2,0.5,10,0.5,10,-0.5,-0.5
d6ly5f1,f.23.16.0,0.0,0,0.0,0,0.0,0,0.0,0.0
d1ek9a_,f.5.1.1,0.0,2,0.0,0,0.0,0,0.0,0.0
d1p9ha_,b.81.3.1,0.0,0,0.0,0,0.0,0,0.0,0.0
d2ynta1,d.157.1.0,0.0,10,0.0,0,0.0,0,0.0,0.0
d1v4ea_,a.128.1.1,0.0,0,0.0,0,0.0,0,0.0,0.0
d2ob5a1,c.133.1.1,0.0,2,0.0,0,0.0,0,0.0,0.0
d5j4ia_,f.54.1.2,0.0,6,0.0,0,0.0,0,0.0,0.0
d3cova_,c.26.1.4,0.0,4,0.0,0,0.0,0,0.0,0.0
d3e8pa_,d.38.1.0,0.0,4,0.0,0,0.0,0,0.0,0.0
d4yzra_,a.104.1.0,0.325,41,0.0,0,0.0,0,0.325,0.325
d1kqfa2,c.81.1.1,0.0,7,0.0,0,0.0,0,0.0,0.0
d3u5wa_,b.45.1.0,0.0,0,0.896552,46,0.931034,46,-0.896552,-0.931034
d1pl8a2,c.2.1.1,0.0,11,0.0,0,0.0,0,0.0,0.0
d1w8oa2,b.18.1.1,0.0,2,0.0,0,0.0,0,0.0,0.0
d2tnfa_,b.22.1.1,0.0,0,0.0,0,0.0,0,0.0,0.0
d3u9wa3,a.118.1.7,0.0,0,0.0,0,0.0,0,0.0,0.0
d1chma2,d.127.1.1,0.0,2,0.0,0,0.0,0,0.0,0.0
d1ewfa1,d.83.1.1,0.0,0,0.5,3,0.5,3,-0.5,-0.5
d6wjya_,a.266.1.2,0.0,0,0.0,0,0.0,0,0.0,0.0
d2o34a1,d.96.2.2,0.0,0,0.0,0,0.0,0,0.0,0.0
d1yi9a1,b.121.1.2,0.0,0,0.0,4,0.0,4,0.0,0.0
d3egca_,c.93.1.0,0.0,10,0.0,0,0.0,0,0.0,0.0
d1dd9a_,e.13.1.1,0.0,0,0.0,0,0.0,0,0.0,0.0
d3tqta2,d.142.1.0,0.0,2,0.772727,29,0.772727,29,-0.772727,-0.772727
d4mcha1,c.56.2.0,0.0,0,0.916667,20,0.916667,20,-0.916667,-0.916667
d3vxga_,c.1.7.0,0.4,6,0.875,19,0.875,19,-0.475,-0.475
d7mf4a2,c.2.1.0,0.0,26,0.0,0,0.0,0,0.0,0.0
d7nloa_,c.73.1.0,0.0,2,0.0,0,0.0,0,0.0,0.0
d1peqa1,a.98.1.1,0.0,0,0.0,0,0.0,0,0.0,0.0
d5gxxa2,b.2.2.0,0.0,2,0.545455,22,0.181818,22,-0.545455,-0.181818
d1vfha2,c.1.6.1,0.0,0,0.5,10,0.5,10,-0.5,-0.5
d2cb5a_,d.3.1.1,0.0,5,0.0,0,0.0,0,0.0,0.0
d1h16a_,c.7.1.1,0.0,2,0.0,0,0.0,0,0.0,0.0
d6nala1,f.69.1.1,0.0,2,0.0,0,0.0,0,0.0,0.0
d5dl8a_,f.4.7.0,0.0,3,0.75,6,0.75,6,-0.75,-0.75
d6uh2a1,c.2.1.0,0.04,26,0.0,0,0.0,0,0.04,0.04
d1xmca2,c.43.1.3,0.0,0,0.0,0,0.0,0,0.0,0.0
d4cy9a1,a.25.1.1,0.0,2,0.484848,55,0.757576,55,-0.484848,-0.757576
d1wdua_,d.151.1.1,0.0,0,0.0,0,0.0,0,0.0,0.0
d2fcla1,d.218.1.11,0.0,0,0.0,0,0.0,0,0.0,0.0
d2bdta1,c.37.1.25,0.0,9,0.0,0,0.0,0,0.0,0.0
d5zzwa_,c.66.1.0,0.0,12,0.0,0,0.0,0,0.0,0.0
d4e9sa2,b.6.1.3,0.0,3,0.555556,51,0.297297,52,-0.555556,-0.297297
d1e7ua1,a.118.1.6,0.0,4,0.0,0,0.0,0,0.0,0.0
d3i47a1,c.14.1.0,0.0,7,0.0,0,0.0,0,0.0,0.0
d2bgga2,c.44.3.1,0.0,0,0.25,6,0.0,6,-0.25,0.0
d3mmza1,c.108.1.0,0.0,5,0.0,0,0.0,0,0.0,0.0
d5o9ma1,b.88.1.2,0.0,0,0.333333,7,0.333333,7,-0.333333,-0.333333
d1q18a2,c.55.1.7,0.0,2,0.445545,102,0.326733,102,-0.445545,-0.326733
d1v0wa2,d.136.1.2,0.0,0,0.0,0,0.0,0,0.0,0.0
d3n9ya_,a.104.1.0,0.0,17,0.0,0,0.0,0,0.0,0.0
d5fmos_,b.121.4.2,0.0,0,0.424242,39,0.473684,44,-0.424242,-0.473684
d3fmua_,a.93.1.0,0.0,2,0.0,0,0.0,0,0.0,0.0
d3wjda_,b.60.1.8,0.0,2,0.0,0,0.0,0,0.0,0.0
d2fefa2,a.254.1.1,0.0,0,0.0,0,0.0,0,0.0,0.0
d3ivra1,e.23.1.0,0.0,4,0.0,0,0.0,0,0.0,0.0
d1q15a2,d.153.1.1,0.0,0,0.0,37,0.0,42,0.0,0.0
d3a1wa1,c.37.1.0,0.0,9,0.0,0,0.0,0,0.0,0.0
d5d84a_,c.79.1.0,0.0,4,0.0,0,0.0,0,0.0,0.0
d1q16c_,f.21.3.1,0.0,0,0.0,0,0.0,0,0.0,0.0
d1wlga_,b.152.1.1,0.0,0,0.0,0,0.0,0,0.0,0.0
d1ltla_,b.40.4.11,0.0,3,0.193548,130,0.274194,130,-0.193548,-0.274194
d2q9qb1,a.278.1.4,0.0,0,0.0,0,0.0,0,0.0,0.0
d1qwja_,c.68.1.13,0.0,2,0.0,0,0.0,0,0.0,0.0
d4lnoa2,d.128.1.0,0.0,4,0.0,0,0.0,0,0.0,0.0
d4q4hb1,f.37.1.0,0.0,3,0.0,0,0.0,0,0.0,0.0
d1q9ja1,c.43.1.2,0.0,0,0.0,0,0.0,0,0.0,0.0
d1jqga1,c.56.5.1,0.0,4,0.676471,36,0.285714,37,-0.676471,-0.285714
d2f2ha2,b.30.5.11,0.0,3,0.304348,26,0.0416667,27,-0.304348,-0.0416667
d1kfwa1,c.1.8.5,0.0,14,0.447154,135,0.634146,135,-0.447154,-0.634146
d5wq3a_,c.129.1.0,0.0,2,0.0,0,0.0,0,0.0,0.0
d1pj5a4,d.250.1.1,0.0,0,0.0,0,0.0,0,0.0,0.0
d1ng0a_,b.121.4.7,0.0,2,0.823529,39,0.615385,44,-0.823529,-0.615385
d1wrua2,b.106.1.1,0.0,0,0.0,0,0.0,0,0.0,0.0
d1g41a_,c.37.1.20,0.0,19,0.0,0,0.0,0,0.0,0.0
d1no7a_,e.48.1.1,0.0,0,0.0,0,0.0,0,0.0,0.0
d2nw0a_,c.1.8.0,0.0,6,0.0520833,135,0.260417,135,-0.0520833,-0.260417
d2le1a1,d.129.3.0,0.0,0,0.935484,42,0.806452,42,-0.935484,-0.806452
d1r6va1,c.41.1.1,0.0,3,0.0,0,0.0,0,0.0,0.0
d2woea_,a.209.1.0,0.0,0,0.0,0,0.0,0,0.0,0.0
d1evya2,c.2.1.6,0.0,17,0.0,0,0.0,0,0.0,0.0
d2h06a2,c.61.1.0,0.0,2,0.0,0,0.0,0,0.0,0.0
d1goia2,c.1.8.5,0.0,15,0.422764,135,0.528455,135,-0.422764,-0.528455
d2ebfx1,a.296.1.1,0.0,0,0.0,0,0.0,0,0.0,0.0
d2fpqa1,d.92.1.0,0.0,9,0.1,42,0.1,42,-0.1,-0.1
d1h6ha_,d.189.1.1,0.0,0,0.0,0,0.0,0,0.0,0.0
d2gkea2,d.21.1.1,0.0,2,0.0,0,0.0,0,0.0,0.0
d6q6na2,c.1.8.3,0.0,9,0.551402,135,0.588785,135,-0.551402,-0.588785
d2i5vo_,b.76.1.1,0.0,2,0.0,0,0.0,0,0.0,0.0
d1xeba_,d.108.1.1,0.0,3,0.0,0,0.0,0,0.0,0.0
d1xfsa_,d.129.3.5,0.5,3,0.818182,42,0.757576,42,-0.31818199999999996,-0.257576
d2zfda_,a.39.1.5,0.0,5,0.849057,73,0.849057,73,-0.849057,-0.849057
d1o63a_,c.94.1.1,0.0,7,0.0,0,0.0,0,0.0,0.0
d2oqea1,b.30.2.1,0.0,2,0.0,0,0.0,0,0.0,0.0
d5fxda2,d.58.32.0,0.0,0,0.857143,8,0.714286,8,-0.857143,-0.714286
d2hrva_,b.47.1.4,0.0,3,0.0,0,0.0,0,0.0,0.0
d7dz79_,f.43.1.0,0.0,0,0.0,0,0.0,0,0.0,0.0
d3jb9x2,a.118.1.29,0.0,4,0.0,59,0.0,59,0.0,0.0
d2a8ea1,d.296.1.1,0.0,0,0.0,0,0.0,0,0.0,0.0
d3ii9a1,e.6.1.0,0.0,3,0.0,0,0.0,0,0.0,0.0
d2czva_,c.6.3.2,0.0,0,0.0,0,0.0,0,0.0,0.0
d1jgsa_,a.4.5.28,0.0,2,0.573276,252,0.327586,252,-0.573276,-0.327586
d1cq3a_,b.27.1.1,0.0,0,0.0,0,0.0,0,0.0,0.0
d1elua_,c.67.1.3,0.0,19,0.969231,143,0.992308,143,-0.969231,-0.992308
d4yaga_,c.2.1.0,0.0,29,0.0,0,0.0,0,0.0,0.0
d4wxja1,c.94.1.0,0.0,6,0.0,0,0.0,0,0.0,0.0
d4wd8a_,f.67.1.1,0.0,0,0.0,0,0.0,0,0.0,0.0
d1gs5a_,c.73.1.2,0.0,0,0.0,0,0.0,0,0.0,0.0
d3njra1,c.66.1.0,0.0,7,0.0,0,0.0,0,0.0,0.0
d2fvia_,a.128.1.1,0.0,7,0.0,0,0.0,0,0.0,0.0
d1kzyc1,c.15.1.4,0.0,0,0.0,0,0.0,0,0.0,0.0
d1ohea2,c.45.1.1,0.0,4,0.0,0,0.0,0,0.0,0.0
d7m3xa_,b.69.4.1,0.0,4,0.692308,28,0.846154,28,-0.692308,-0.846154
d1nsca_,b.68.1.1,0.0,0,0.666667,16,0.5,16,-0.666667,-0.5
d1feca1,c.3.1.5,0.0,4,0.0,0,0.0,0,0.0,0.0
d2hwja1,d.268.1.3,0.0,0,0.0,0,0.0,0,0.0,0.0
d1o97c_,c.26.2.3,0.0,3,0.171429,39,0.0285714,39,-0.171429,-0.0285714
d1wdcb_,a.39.1.5,0.0,0,0.471698,73,0.584906,73,-0.471698,-0.584906
d2ixea_,c.37.1.12,0.0,15,0.0,0,0.0,0,0.0,0.0
d4xfja2,d.210.1.0,0.0,4,0.0,0,0.0,0,0.0,0.0
d1l7da2,c.23.12.2,0.0,0,0.0,11,0.0,11,0.0,0.0
d3pvea_,b.29.1.0,0.0,3,0.0,0,0.0,0,0.0,0.0
d2qm8a_,c.37.1.10,0.125,9,0.0,0,0.0,0,0.125,0.125
d3u95a2,d.162.1.2,0.0,3,0.0,0,0.0,0,0.0,0.0
d4pswa_,d.108.1.1,0.0,3,0.0,0,0.0,0,0.0,0.0
d1w36c3,c.52.1.25,0.0,3,0.0,0,0.0,0,0.0,0.0
d5m3qa_,d.126.1.1,0.0,0,0.0,0,0.0,0,0.0,0.0
d2para_,a.211.1.1,0.0,0,0.0,0,0.0,0,0.0,0.0
d1p0ya2,b.85.7.3,0.0,0,0.0,0,0.0,0,0.0,0.0
d6e1za_,b.69.4.0,0.5681818181818182,45,0.809524,28,0.761905,28,-0.2413421818181818,-0.19372318181818182
d4rnca1,c.69.1.0,0.0,13,0.0,0,0.0,0,0.0,0.0
d1t4wa_,b.2.5.2,0.0,0,0.0,11,0.0,11,0.0,0.0
d7buga2,d.129.3.3,0.0,2,0.74359,42,0.128205,42,-0.74359,-0.128205
d1gvea_,c.1.7.1,0.0,0,0.923077,19,0.923077,19,-0.923077,-0.923077
d1g5ba_,d.159.1.3,0.0,0,0.0,0,0.0,0,0.0,0.0
d3rlfa2,b.40.6.3,0.0,0,0.625,12,0.75,12,-0.625,-0.75
d4ddda_,c.94.1.0,0.0,11,0.0,0,0.0,0,0.0,0.0
d4rm4a_,a.104.1.0,0.06451612903225806,32,0.0,0,0.0,0,0.06451612903225806,0.06451612903225806
d6d71a_,c.37.1.0,0.0,6,0.0,0,0.0,0,0.0,0.0
d5c5ca_,c.93.1.0,0.0,10,0.0,0,0.0,0,0.0,0.0
d1cl1a_,c.67.1.3,0.0,16,0.992308,143,0.992308,143,-0.992308,-0.992308
d2d2sa1,a.118.17.2,0.0,0,0.8,6,0.2,6,-0.8,-0.2
d3u4ja1,c.82.1.0,0.058823529411764705,18,0.0,0,0.0,0,0.058823529411764705,0.058823529411764705
d2ddfa_,d.92.1.10,0.0,0,0.0,0,0.0,0,0.0,0.0
d1fvga_,d.58.28.1,0.0,2,0.5,3,0.5,3,-0.5,-0.5
d1qrea_,b.81.1.5,0.0,2,0.869565,24,0.956522,24,-0.869565,-0.956522
d2vi7a_,d.108.1.0,0.0,3,0.0,0,0.0,0,0.0,0.0
d6ygia_,a.62.1.0,0.0,0,0.0,0,0.0,0,0.0,0.0
d3mqda2,c.95.1.0,0.0,2,0.0,0,0.0,0,0.0,0.0
d4knua2,b.6.1.0,0.0,4,0.735294,51,0.571429,52,-0.735294,-0.571429
d4cr2s1,a.118.8.9,0.0,4,0.363636,63,0.472727,63,-0.363636,-0.472727
d2z67a1,c.67.1.9,0.0,14,0.992908,143,0.992908,143,-0.992908,-0.992908
d3neva_,c.1.10.0,0.0,8,0.771429,65,0.885714,65,-0.771429,-0.885714
d3gmxa_,d.98.1.0,0.0,0,0.0,0,0.0,0,0.0,0.0
d2oxca_,c.37.1.0,0.0,7,0.0,0,0.0,0,0.0,0.0
d1qg8a_,c.68.1.1,0.0,6,0.0,0,0.0,0,0.0,0.0
d3l3ua_,c.55.3.2,0.5,3,0.137931,61,0.0344828,61,0.362069,0.4655172
d6ofua_,c.1.10.0,0.0,4,0.771429,65,0.885714,65,-0.771429,-0.885714
d6d8kd1,b.18.1.0,0.0,2,0.0,0,0.0,0,0.0,0.0
d2mysb_,a.39.1.5,0.0,2,0.622642,73,0.773585,73,-0.622642,-0.773585
d1ofwa_,a.138.1.1,0.0,2,0.0,0,0.0,0,0.0,0.0
d6gt9a_,c.93.1.0,0.0,4,0.0,0,0.0,0,0.0,0.0
d1qhla_,c.37.1.12,0.0,6,0.0,0,0.0,0,0.0,0.0
d1wzva1,d.20.1.1,0.0,3,0.0,0,0.0,0,0.0,0.0
d4l1ga_,c.6.2.0,0.0,2,0.857143,17,0.533333,18,-0.857143,-0.533333
d2qgma1,c.150.1.3,0.0,3,0.0,0,0.0,0,0.0,0.0
d5um7a_,c.47.1.0,0.0,6,0.673684,215,0.621053,215,-0.673684,-0.621053
d3ci3a1,a.25.2.0,0.0,3,0.666667,6,0.333333,6,-0.666667,-0.333333
d3f0da_,d.79.5.0,0.0,2,0.5,3,0.5,3,-0.5,-0.5
d1wiya_,a.104.1.1,0.0,12,0.0,0,0.0,0,0.0,0.0
d2ou3a1,a.287.1.1,0.0,0,0.0,0,0.0,0,0.0,0.0
d6muqa_,e.3.1.0,0.0,7,0.0,0,0.0,0,0.0,0.0
d2jbwa1,c.69.1.41,0.07692307692307693,14,0.0,0,0.0,0,0.07692307692307693,0.07692307692307693
d1uura2,b.2.5.5,0.0,2,0.0,11,0.0,11,0.0,0.0
d4n5ma_,c.2.1.0,0.0,20,0.0,0,0.0,0,0.0,0.0
d4a8ta1,c.78.1.0,0.0,2,0.428571,21,0.428571,21,-0.428571,-0.428571
d1zsoa1,b.166.1.1,0.0,2,0.0,0,0.0,0,0.0,0.0
d2wsda1,b.6.1.0,0.0,0,0.617647,51,0.371429,52,-0.617647,-0.371429
d2y24a2,c.1.8.3,0.0,5,0.383178,135,0.523364,135,-0.383178,-0.523364
g1htr.1,b.50.1.2,0.42857142857142855,8,0.0,0,0.0,0,0.42857142857142855,0.42857142857142855
d2e7ja_,c.67.1.9,0.0,17,0.992908,143,0.992908,143,-0.992908,-0.992908
d1d2zb_,a.77.1.2,0.0,0,0.0,0,0.0,0,0.0,0.0
d1x8pa_,b.60.1.1,0.0,0,0.0,0,0.0,0,0.0,0.0
d1teda2,c.95.1.2,0.3333333333333333,4,0.0,0,0.0,0,0.3333333333333333,0.3333333333333333
d6m5na_,c.2.1.0,0.0,30,0.0,0,0.0,0,0.0,0.0
d2htia1,b.45.1.1,0.0,3,0.928571,46,0.928571,46,-0.928571,-0.928571
d4dvqa_,a.104.1.0,0.0,11,0.0,0,0.0,0,0.0,0.0
d4dqla1,b.43.4.0,0.0,2,0.642857,23,0.285714,23,-0.642857,-0.285714
d5hc0a_,c.69.1.0,0.1,11,0.0,0,0.0,0,0.1,0.1
d4k2ha_,c.23.16.0,0.0,0,0.37931,42,0.310345,42,-0.37931,-0.310345
d4kqia_,c.39.1.1,0.6,6,0.0,0,0.0,0,0.6,0.6
d1k6da_,c.124.1.2,0.0,5,0.0,0,0.0,0,0.0,0.0
d2r5fa1,c.124.1.8,0.0,4,0.0,0,0.0,0,0.0,0.0
d1j2ra_,c.33.1.3,0.0,3,0.0,0,0.0,0,0.0,0.0
d1sffa_,c.67.1.4,0.0,24,0.977099,143,0.992366,143,-0.977099,-0.992366
d2wjpa3,c.59.1.0,0.0,0,0.0,0,0.0,0,0.0,0.0
d1cbua_,c.37.1.11,0.0,10,0.0,0,0.0,0,0.0,0.0
d3vaya_,c.108.1.0,0.0,11,0.0,0,0.0,0,0.0,0.0
d3b82a4,d.14.1.1,0.0,0,0.0,0,0.0,0,0.0,0.0
d4kala_,c.72.1.0,0.0,3,0.941176,51,0.941176,51,-0.941176,-0.941176
d5odqf_,e.18.1.0,0.0,4,0.0,0,0.0,0,0.0,0.0
d6kv2a1,b.42.4.0,0.0,0,0.857143,17,0.75,18,-0.857143,-0.75
d1ve2a1,c.90.1.1,0.0,0,0.0,0,0.0,0,0.0,0.0
d2v8qe2,d.37.1.1,0.0,3,0.0,0,0.0,0,0.0,0.0
d6xukl_,b.1.1.0,0.2,11,0.902655,239,0.964602,239,-0.702655,-0.764602
d4gcva_,a.4.5.0,0.0,8,0.44382,252,0.410112,252,-0.44382,-0.410112
d1wkya1,b.18.1.31,0.0,2,0.0,0,0.0,0,0.0,0.0
d1seta2,d.104.1.1,0.0,3,0.0,0,0.0,0,0.0,0.0
d1o7fa2,b.82.3.2,0.0,0,0.95,31,0.95,31,-0.95,-0.95
d2bw0a2,c.65.1.1,0.0,0,0.0,0,0.0,0,0.0,0.0
d2f48a_,c.89.1.1,0.0,0,0.0,0,0.0,0,0.0,0.0
d2ac3a1,d.144.1.0,0.043478260869565216,24,0.0,0,0.0,0,0.043478260869565216,0.043478260869565216
d4d02a2,c.23.5.0,0.0,0,0.954545,37,0.909091,37,-0.954545,-0.909091
d2pq6a1,c.87.1.10,0.0,2,0.0,0,0.0,0,0.0,0.0
d1d3ya_,e.12.1.1,0.0,0,0.0,0,0.0,0,0.0,0.0
d4rxua_,c.93.1.0,0.0,5,0.0,0,0.0,0,0.0,0.0
d1u0ma2,c.95.1.2,0.5,3,0.0,0,0.0,0,0.5,0.5
d3wkga_,a.102.1.0,0.0,8,0.952381,28,0.952381,28,-0.952381,-0.952381
d6ksra1,c.55.1.0,0.0,2,0.396552,102,0.310345,102,-0.396552,-0.310345
d1t2wa_,b.100.1.1,0.0,0,0.0,0,0.0,0,0.0,0.0
d2pbdp_,d.110.1.1,0.0,0,0.666667,4,0.666667,4,-0.666667,-0.666667
d2l5pa_,b.60.1.0,0.0,3,0.0,0,0.0,0,0.0,0.0
d3ucxa_,c.2.1.0,0.16666666666666666,19,0.0,0,0.0,0,0.16666666666666666,0.16666666666666666
d2j01n1,c.21.1.1,0.0,0,0.0,0,0.0,0,0.0,0.0
d1hz4a_,a.118.8.2,0.0,4,0.0,0,0.0,0,0.0,0.0
d1hg8a_,b.80.1.3,0.0,3,0.894737,22,0.842105,22,-0.894737,-0.842105
d1c4xa_,c.69.1.10,0.0,13,0.0,0,0.0,0,0.0,0.0
d2owna1,d.38.1.8,0.0,5,0.0,0,0.0,0,0.0,0.0
d2xpwa2,a.121.1.1,0.0,0,0.0,0,0.0,0,0.0,0.0
d2z3ta_,a.104.1.0,0.1111111111111111,10,0.0,0,0.0,0,0.1111111111111111,0.1111111111111111
d1xzpa1,a.24.25.1,0.0,0,0.0,0,0.0,0,0.0,0.0
d3w5ja1,c.37.1.0,0.0,9,0.0,0,0.0,0,0.0,0.0
d3ctpa_,c.93.1.0,0.0,8,0.0,0,0.0,0,0.0,0.0
d1n7va_,b.126.1.1,0.0,0,0.0,0,0.0,0,0.0,0.0
d1zgma2,a.45.1.1,0.0,0,0.0,0,0.0,0,0.0,0.0
d1v9ma_,f.40.1.1,0.0,0,0.0,0,0.0,0,0.0,0.0
d1k66a1,c.23.1.1,0.0,3,0.9375,100,0.95,100,-0.9375,-0.95
d2g5ca2,c.2.1.6,0.0,10,0.0,0,0.0,0,0.0,0.0
d3olla_,a.123.1.1,0.0,6,0.0,0,0.0,0,0.0,0.0
d3i4ka2,c.1.11.0,0.0,3,0.923077,43,0.923077,43,-0.923077,-0.923077
d4duna1,d.21.1.0,0.0,0,0.0,0,0.0,0,0.0,0.0
d1ri6a1,b.69.11.1,0.0,0,0.0,0,0.0,0,0.0,0.0
d3k86a_,b.45.1.0,0.0,3,0.724138,46,0.931034,46,-0.724138,-0.931034
d1n9pa_,b.1.18.16,0.0,0,0.0,92,0.0,92,0.0,0.0
d4ue8a1,d.86.1.0,0.0,2,0.0,0,0.0,0,0.0,0.0
d7cm1a_,b.68.1.0,0.0,0,0.923077,16,0.692308,16,-0.923077,-0.692308
d1nyaa_,a.39.1.5,0.0,9,0.773585,73,0.735849,73,-0.773585,-0.735849
d4rz4a1,c.1.10.1,0.0,6,0.822222,65,0.933333,65,-0.822222,-0.933333
d3edha_,d.92.1.0,0.0,4,0.133333,42,0.1,42,-0.133333,-0.1
d2c42a4,c.64.1.1,0.0,0,0.0,0,0.0,0,0.0,0.0
d4ry9a_,c.93.1.0,0.0,8,0.0,0,0.0,0,0.0,0.0
d2x4da_,c.108.1.0,0.6,6,0.0,0,0.0,0,0.6,0.6
d4x9xa_,c.119.1.0,0.0,9,0.0,0,0.0,0,0.0,0.0
d2foka2,a.4.5.12,0.0,0,0.364,252,0.356,252,-0.364,-0.356
d4ri5a1,c.45.1.0,0.0,10,0.0,0,0.0,0,0.0,0.0
d4qlxa_,d.90.1.0,0.0,2,0.0,0,0.0,0,0.0,0.0
d3h90a1,f.59.1.1,0.0,0,0.0,0,0.0,0,0.0,0.0
d1pvma4,d.37.1.1,0.0,0,0.0,0,0.0,0,0.0,0.0
d3ff1a1,c.80.1.2,0.0,0,0.0,0,0.0,0,0.0,0.0
d3jvda_,c.93.1.0,0.0,4,0.0,0,0.0,0,0.0,0.0
d1fcda1,c.3.1.5,0.0,4,0.0,0,0.0,0,0.0,0.0
d4x7ka_,d.144.1.0,0.0,23,0.0,0,0.0,0,0.0,0.0
g1lq8.3,e.1.1.1,0.0,11,0.0,0,0.0,0,0.0,0.0
d1s5ja2,e.8.1.1,0.0,3,0.0,0,0.0,0,0.0,0.0
d1f0la2,d.166.1.1,0.0,0,0.0,0,0.0,0,0.0,0.0
d2a1ka_,b.40.4.7,0.0,0,0.0,130,0.015748,130,0.0,-0.015748
d3k6ma2,c.124.1.3,0.0,2,0.0,0,0.0,0,0.0,0.0
d3g0ma_,d.224.1.1,0.0,0,0.0,0,0.0,0,0.0,0.0
d1hu3a1,a.118.1.14,0.0,4,0.27451,59,0.333333,59,-0.27451,-0.333333
d4hmsa_,b.45.1.1,0.0,3,0.392857,46,0.321429,46,-0.392857,-0.321429
d4i3ta_,c.82.1.0,0.0,7,0.0,0,0.0,0,0.0,0.0
d3o4wa1,c.55.1.0,0.0,7,0.327586,102,0.275862,102,-0.327586,-0.275862
d2azea1,e.63.1.1,0.0,0,0.0,0,0.0,0,0.0,0.0
d2nwia1,d.190.1.3,0.0,0,0.0,0,0.0,0,0.0,0.0
d2oyoa1,a.152.1.3,0.0,2,0.0,0,0.0,0,0.0,0.0
d6m35a_,d.58.4.17,0.0,2,0.0,0,0.0,0,0.0,0.0
d3kzoa2,c.78.1.0,0.0,3,0.571429,21,0.571429,21,-0.571429,-0.571429
d3wj2a_,c.69.1.0,0.0,10,0.0,0,0.0,0,0.0,0.0
d6m0qa_,a.138.1.3,0.0,3,0.0,0,0.0,0,0.0,0.0
d3ioga_,d.157.1.1,0.0,5,0.0,0,0.0,0,0.0,0.0
d3i3ga_,d.108.1.0,0.0,0,0.0,0,0.0,0,0.0,0.0
d1pzsa_,b.1.8.1,0.0,0,0.666667,6,0.666667,6,-0.666667,-0.666667
d1t36b1,c.8.3.1,0.0,0,0.0,0,0.0,0,0.0,0.0
d1ss4a1,d.32.1.6,0.0,0,0.0,0,0.0,0,0.0,0.0
d5lhma1,c.66.1.0,0.0,7,0.0,0,0.0,0,0.0,0.0
d4mpoa_,d.113.1.0,0.0,0,0.0,0,0.0,0,0.0,0.0
d1qf8a_,g.41.4.1,0.0,0,0.0,0,0.0,0,0.0,0.0
d1bu8a2,c.69.1.19,0.0,15,0.0,0,0.0,0,0.0,0.0
d1k55a_,e.3.1.1,0.0,5,0.0,0,0.0,0,0.0,0.0
d7bbra_,c.94.1.0,0.0,8,0.0,0,0.0,0,0.0,0.0
d6rqqa_,b.74.1.0,0.0,3,0.0,0,0.0,0,0.0,0.0
d6tita_,e.76.1.2,1.0,5,0.0,0,0.0,0,1.0,1.0
d2jioa2,c.81.1.1,0.5,5,0.0,0,0.0,0,0.5,0.5
d6krwa_,c.45.1.0,0.0,10,0.0,0,0.0,0,0.0,0.0
d2o55a_,c.1.18.0,0.0,2,0.625,16,0.5,16,-0.625,-0.5
d3aala_,c.1.15.1,0.0,0,0.916667,13,0.916667,13,-0.916667,-0.916667
d2uv4a1,d.37.1.0,0.0,3,0.0,0,0.0,0,0.0,0.0
d5yxma_,c.10.3.1,0.0,0,0.0,0,0.0,0,0.0,0.0
d6qssa2,d.162.1.0,0.0,5,0.0,0,0.0,0,0.0,0.0
d2dbya1,c.37.1.0,0.0,9,0.0,0,0.0,0,0.0,0.0
d1cjca2,c.4.1.1,0.0,0,0.0,0,0.0,0,0.0,0.0
d3a40x_,a.123.1.1,0.3333333333333333,4,0.0,0,0.0,0,0.3333333333333333,0.3333333333333333
d1qw9a2,c.1.8.3,0.0,9,0.560748,135,0.476636,135,-0.560748,-0.476636
d2y9ma1,d.20.1.0,0.0,0,0.0,0,0.0,0,0.0,0.0
d1um8a_,c.37.1.20,0.0,18,0.0,0,0.0,0,0.0,0.0
d6xqya1,e.3.1.0,0.0,4,0.0,0,0.0,0,0.0,0.0
d2va1a_,c.73.1.0,0.0,3,0.0,0,0.0,0,0.0,0.0
d5lvoa_,d.144.1.0,0.0,17,0.0,0,0.0,0,0.0,0.0
d5ut3a_,d.144.1.0,0.0,13,0.0,0,0.0,0,0.0,0.0
d3brma_,e.3.1.2,0.0,7,0.0,0,0.0,0,0.0,0.0
d6uk1a_,c.37.1.0,0.0,14,0.0,0,0.0,0,0.0,0.0
d4g8ta2,c.1.11.2,0.0,4,0.969697,43,0.969697,43,-0.969697,-0.969697
d1ilea3,c.26.1.1,0.16666666666666666,7,0.114286,53,0.114286,53,0.05238066666666666,0.05238066666666666
d1nxca_,a.102.2.1,0.0,3,0.0,0,0.0,0,0.0,0.0
d6cbra1,a.236.1.1,0.0,0,0.0,0,0.0,0,0.0,0.0
d2bcoa1,c.56.5.7,0.0,4,0.363636,36,0.205882,37,-0.363636,-0.205882
d3fdxa1,c.26.2.0,0.0,2,0.148148,39,0.259259,39,-0.148148,-0.259259
d3jtxa1,c.67.1.0,0.058823529411764705,18,0.980769,143,0.980769,143,-0.9219454705882353,-0.9219454705882353
d1kbla3,d.142.1.5,0.0,5,0.0,0,0.0,0,0.0,0.0
d1z0sa_,e.52.1.1,0.0,0,0.0,0,0.0,0,0.0,0.0
d1ne9a1,d.108.1.4,0.0,0,0.0,0,0.0,0,0.0,0.0
d1s3ea1,c.3.1.2,0.0,7,0.0,0,0.0,0,0.0,0.0
d2jexa_,b.91.1.0,0.0,0,0.0,0,0.0,0,0.0,0.0
d2a2ja1,b.45.1.1,0.5,3,0.428571,46,0.535714,46,0.07142900000000002,-0.035714000000000024
d3eoja_,b.75.1.1,0.0,0,0.0,0,0.0,0,0.0,0.0
d3hdca1,c.47.1.0,0.0,8,0.547368,215,0.589474,215,-0.547368,-0.589474
d2uw1a_,a.25.1.2,0.0,8,0.111111,55,0.622222,55,-0.111111,-0.622222
d1ckqa_,c.52.1.1,0.0,2,0.0,0,0.0,0,0.0,0.0
d1yoea1,c.70.1.0,1.0,4,0.0,0,0.0,0,1.0,1.0
d2eo4a_,d.13.1.0,0.0,0,0.833333,18,0.833333,18,-0.833333,-0.833333
d4zm3a_,c.67.1.0,0.07407407407407407,28,0.980769,143,0.980769,143,-0.9066949259259259,-0.9066949259259259
d2nxpa1,d.379.1.1,0.0,0,0.0,0,0.0,0,0.0,0.0
d1auka_,c.76.1.2,0.0,5,0.0,0,0.0,0,0.0,0.0
d1u6za3,c.55.1.8,0.0,3,0.565657,102,0.181818,102,-0.565657,-0.181818
d2arsa1,d.104.1.3,0.0,2,0.0,0,0.0,0,0.0,0.0
d2nn6e1,d.14.1.4,0.0,0,0.0,0,0.0,0,0.0,0.0
d1f5na1,a.114.1.1,0.0,2,0.0,0,0.0,0,0.0,0.0
d4cj9a_,a.298.1.1,0.0,0,0.0,0,0.0,0,0.0,0.0
d3guva_,c.53.1.0,0.0,2,0.5,4,0.0,4,-0.5,0.0
d2gjxa2,d.92.2.1,0.0,2,0.8,8,0.0,8,-0.8,0.0
d2q13a1,a.238.1.1,0.0,0,0.0,0,0.0,0,0.0,0.0
d1ye8a1,c.37.1.11,0.0,11,0.0,0,0.0,0,0.0,0.0
d2z4ua_,d.165.1.1,0.0,4,0.0,0,0.0,0,0.0,0.0
d6v7ga2,b.82.1.2,0.0,3,0.95082,65,0.983607,65,-0.95082,-0.983607
d4jbua1,e.46.1.1,0.0,0,0.0,0,0.0,0,0.0,0.0
d3mnga_,c.47.1.10,0.0,0,0.221649,215,0.427835,215,-0.221649,-0.427835
d1rlla2,d.3.1.4,0.0,4,0.0,0,0.0,0,0.0,0.0
d1lg7a_,d.213.1.1,0.0,0,0.0,0,0.0,0,0.0,0.0
d6cr2a1,a.104.1.0,0.0,12,0.0,0,0.0,0,0.0,0.0
d3rlfg_,f.58.1.1,0.0,2,0.0,0,0.0,0,0.0,0.0
d1lqua2,c.4.1.1,0.0,2,0.0,0,0.0,0,0.0,0.0
d4x30a_,e.1.1.0,0.0,7,0.0,0,0.0,0,0.0,0.0
d1ps9a2,c.3.1.1,0.0,3,0.0,0,0.0,0,0.0,0.0
d4fkza1,c.87.1.3,0.0,5,0.0,0,0.0,0,0.0,0.0
d1e8ca2,c.59.1.1,0.0,0,0.0,0,0.0,0,0.0,0.0
d1j8qa_,c.23.5.1,0.0,0,0.935484,37,0.967742,37,-0.935484,-0.967742
d2cj4a_,a.29.6.1,0.0,0,0.5,3,0.5,3,-0.5,-0.5
d1p4ca_,c.1.4.1,0.0,8,0.888889,27,0.888889,27,-0.888889,-0.888889
d1g5ca_,c.53.2.1,0.3333333333333333,4,0.9,13,0.9,13,-0.5666666666666667,-0.5666666666666667
d2o6qa_,c.10.2.0,0.3333333333333333,13,0.823529,32,0.823529,32,-0.49019566666666664,-0.49019566666666664
d1ktga_,d.113.1.1,0.0,0,0.0,0,0.0,0,0.0,0.0
d2i9da_,c.43.1.0,0.0,0,0.0,0,0.0,0,0.0,0.0
d4h2da_,c.23.5.0,0.0,0,0.954545,37,0.954545,37,-0.954545,-0.954545
d2feaa1,c.108.1.20,0.0,4,0.0,0,0.0,0,0.0,0.0
d2j5ia_,c.14.1.0,0.16666666666666666,7,0.0,0,0.0,0,0.16666666666666666,0.16666666666666666
d1sddb3,b.18.1.2,0.0,0,0.0,0,0.0,0,0.0,0.0
d2pjua1,c.92.3.1,0.0,0,0.0,0,0.0,0,0.0,0.0
d2yu1a_,b.82.2.14,0.0,3,0.473684,42,0.0263158,42,-0.473684,-0.0263158
d1musa1,c.55.3.4,0.0,4,0.0,0,0.0,0,0.0,0.0
d1ae9a_,d.163.1.1,0.0,0,0.0,0,0.0,0,0.0,0.0
d2a3la1,c.1.9.1,0.0,10,0.189655,60,0.896552,60,-0.189655,-0.896552
d1i9sa_,c.45.1.1,0.0,4,0.0,0,0.0,0,0.0,0.0
d4f5la1,c.67.1.1,0.0,15,0.968992,143,0.992248,143,-0.968992,-0.992248
d1is9a_,a.102.1.2,0.0,0,0.947368,28,0.947368,28,-0.947368,-0.947368
d2ap2a1,b.1.1.1,0.18181818181818182,12,0.676923,239,0.979487,239,-0.49510481818181823,-0.7976688181818181
d1sqja2,b.69.13.1,0.0,4,0.857143,8,0.857143,8,-0.857143,-0.857143
d3p8ka1,d.160.1.0,0.0,0,0.0,0,0.0,0,0.0,0.0
d1n62b1,d.41.1.1,0.0,0,0.666667,6,0.666667,6,-0.666667,-0.666667
d1el6a_,d.182.1.1,0.0,0,0.0,0,0.0,0,0.0,0.0
d1bd0a1,b.49.2.2,0.0,0,0.0,8,0.0,8,0.0,0.0
d1ka9h_,c.23.16.1,0.0,2,0.551724,42,0.206897,42,-0.551724,-0.206897
d4h05a1,d.144.1.0,0.0,6,0.0,0,0.0,0,0.0,0.0
d4edpa_,c.94.1.0,0.0,10,0.0,0,0.0,0,0.0,0.0
d1wl6a1,c.55.2.1,0.0,0,0.0,0,0.0,0,0.0,0.0
d1fx2a_,d.58.29.1,0.0,0,0.9,13,0.9,13,-0.9,-0.9
d5szva_,d.38.1.0,0.0,2,0.0,0,0.0,0,0.0,0.0
d2rioa_,d.144.1.7,0.0,19,0.0,0,0.0,0,0.0,0.0
d1yoca1,d.38.1.5,0.0,3,0.0,0,0.0,0,0.0,0.0
d1wrua1,b.106.1.1,0.0,0,0.0,0,0.0,0,0.0,0.0
d3ziwa1,f.8.1.3,0.0,2,0.0,0,0.0,0,0.0,0.0
d6mgla2,b.69.13.0,0.0,4,0.666667,8,0.666667,8,-0.666667,-0.666667
d3ooxa_,b.82.2.0,0.0,2,0.4,42,0.166667,42,-0.4,-0.166667
d1b35a_,b.121.4.1,0.0,2,0.741935,39,0.71875,44,-0.741935,-0.71875
d2fpoa1,c.66.1.46,0.0,7,0.0,0,0.0,0,0.0,0.0
d1njfa_,c.37.1.20,0.0,13,0.0,0,0.0,0,0.0,0.0
d3ewia_,c.108.1.0,0.0,6,0.0,0,0.0,0,0.0,0.0
d5gtqa_,b.68.6.0,0.0,0,0.0,0,0.0,0,0.0,0.0
d3k6ma1,c.124.1.2,0.0,4,0.0,0,0.0,0,0.0,0.0
d1z70x_,d.169.1.7,0.0,0,0.0,0,0.0,0,0.0,0.0
d3fw2a1,c.47.1.0,0.0,2,0.547368,215,0.494737,215,-0.547368,-0.494737
d1gl6a_,c.37.1.11,0.0,16,0.0,0,0.0,0,0.0,0.0
d3hdoa1,c.67.1.0,0.0,14,0.980769,143,0.980769,143,-0.980769,-0.980769
d3nfwa_,b.45.1.0,0.0,0,0.827586,46,0.931034,46,-0.827586,-0.931034
d1h77a_,c.7.1.3,0.0,0,0.0,0,0.0,0,0.0,0.0
d1tqyb2,c.95.1.1,0.0,2,0.0,0,0.0,0,0.0,0.0
d2fuka1,c.69.1.36,0.0,9,0.0,0,0.0,0,0.0,0.0
d5a62a_,c.69.1.0,0.0,13,0.0,0,0.0,0,0.0,0.0
g1gk9.1,d.153.1.2,0.0,8,0.0,0,0.0,42,0.0,0.0
d1lkia_,a.26.1.1,0.0,0,0.0,0,0.0,0,0.0,0.0
d3oqpa_,c.33.1.0,0.0,2,0.0,0,0.0,0,0.0,0.0
d1cb8a3,b.30.5.2,0.0,4,0.608696,26,0.0833333,27,-0.608696,-0.0833333
d5dl7a_,f.4.7.0,0.3333333333333333,7,0.75,6,0.75,6,-0.4166666666666667,-0.4166666666666667
d4doia_,d.36.1.0,0.0,0,0.0,0,0.0,0,0.0,0.0
d5m1ea1,b.45.1.3,0.0,0,0.0,0,0.0,0,0.0,0.0
d1k9oi_,e.1.1.1,0.0,6,0.0,0,0.0,0,0.0,0.0
d1wvfa2,d.145.1.1,0.0,2,0.0,0,0.0,0,0.0,0.0
d3p1ta_,c.67.1.0,0.0,10,0.980769,143,0.980769,143,-0.980769,-0.980769
d3knza1,c.80.1.0,0.0,2,0.0,0,0.0,0,0.0,0.0
d2wcja_,a.39.2.0,0.0,0,0.833333,13,0.833333,13,-0.833333,-0.833333
d2b71a1,b.62.1.1,0.0,0,0.0,0,0.0,0,0.0,0.0
d1luca_,c.1.16.1,0.0,3,0.923077,14,0.923077,14,-0.923077,-0.923077
d1kz1a_,c.16.1.1,0.0,0,0.0,0,0.0,0,0.0,0.0
d4b8ja_,a.118.1.0,0.0,9,0.653061,59,0.469388,59,-0.653061,-0.469388
d1dcia_,c.14.1.3,0.0,11,0.0,0,0.0,0,0.0,0.0
d2g17a1,c.2.1.3,0.0,8,0.0,0,0.0,0,0.0,0.0
d1b5ea_,d.117.1.1,0.0,0,0.0,0,0.0,0,0.0,0.0
d4e6ma2,c.1.11.2,0.0,0,0.969697,43,0.969697,43,-0.969697,-0.969697
d1hlra8,d.133.1.0,0.0,3,0.0,0,0.0,0,0.0,0.0
d3md9a_,c.92.2.0,0.0,6,0.692308,38,0.923077,38,-0.692308,-0.923077
d4leja1,b.82.1.0,0.0,2,0.9375,65,0.979167,65,-0.9375,-0.979167
d1xzza1,b.42.6.2,0.0,0,0.75,5,0.75,5,-0.75,-0.75
d1x9ma2,e.8.1.1,0.0,2,0.0,0,0.0,0,0.0,0.0
d4e2aa_,d.108.1.0,0.0,0,0.0,0,0.0,0,0.0,0.0
d6bcoa2,f.14.1.4,0.0,7,0.0,0,0.0,0,0.0,0.0
d6i9wa_,c.2.1.0,0.1111111111111111,19,0.0,0,0.0,0,0.1111111111111111,0.1111111111111111
d3g68a1,c.80.1.0,0.0,2,0.0,0,0.0,0,0.0,0.0
d3ljqa_,d.153.1.5,0.0,3,0.0,0,0.6,42,0.0,-0.6
d4zhta_,c.87.1.0,0.0,2,0.0,0,0.0,0,0.0,0.0
d3mama_,c.94.1.1,0.0,10,0.0,0,0.0,0,0.0,0.0
d1uf2c2,b.19.1.1,0.0,0,0.0,0,0.0,0,0.0,0.0
d2vuaa1,b.29.1.6,0.0,3,0.0,0,0.0,0,0.0,0.0
d1moja_,a.25.1.1,0.0,2,0.454545,55,0.757576,55,-0.454545,-0.757576
d3loqa1,c.26.2.0,0.0,2,0.185185,39,0.259259,39,-0.185185,-0.259259
d2fa1a1,d.190.1.2,0.0,0,0.0,0,0.0,0,0.0,0.0
d1gkya_,c.37.1.1,0.0,9,0.0,0,0.0,0,0.0,0.0
d6g8ua_,d.92.1.0,0.0,9,0.166667,42,0.1,42,-0.166667,-0.1
d3cwna_,c.1.10.1,0.0,4,0.155556,65,0.822222,65,-0.155556,-0.822222
d1f7ua2,c.26.1.1,0.0,7,0.171429,53,0.0,53,-0.171429,0.0
d2zfga_,f.4.3.1,0.0,3,0.933333,18,0.933333,18,-0.933333,-0.933333
d2btoa2,d.79.2.1,0.0,0,0.666667,8,0.0,8,-0.666667,0.0
d4ooza1,c.1.8.0,0.14285714285714285,8,0.53125,135,0.635417,135,-0.38839285714285715,-0.49255985714285716
d4kuia_,b.34.12.0,0.0,0,0.0,0,0.0,0,0.0,0.0
d1y0ka1,c.52.1.31,0.0,2,0.0,0,0.0,0,0.0,0.0
d1yula_,c.26.1.0,0.0,2,0.3125,53,0.3125,53,-0.3125,-0.3125
d7m32a2,c.4.1.1,0.0,2,0.0,0,0.0,0,0.0,0.0
d2vyoa_,c.6.2.0,0.0,0,0.785714,17,0.533333,18,-0.785714,-0.533333
d3vx0a1,c.1.8.1,0.0,7,0.601852,135,0.685185,135,-0.601852,-0.685185
d1wpxb1,b.17.1.1,0.0,0,0.0,0,0.0,0,0.0,0.0
d3hvva_,c.47.1.10,0.0,3,0.195876,215,0.536082,215,-0.195876,-0.536082
d2sqca2,a.102.4.2,0.0,0,0.5,13,0.545455,14,-0.5,-0.545455
d1reqb1,c.1.19.1,0.0,0,0.5,5,0.5,5,-0.5,-0.5
d3l57a_,d.89.1.0,0.0,0,0.0,0,0.0,0,0.0,0.0
d5m0na1,a.104.1.0,0.0,11,0.0,0,0.0,0,0.0,0.0
d5ompa3,a.118.8.0,0.0,0,0.651163,63,0.674419,63,-0.651163,-0.674419
d1dmla1,d.131.1.2,0.0,0,0.0,0,0.0,0,0.0,0.0
d3pfta_,b.45.1.0,0.0,0,0.551724,46,0.931034,46,-0.551724,-0.931034
d2hzqa_,b.60.1.0,0.0,3,0.0,0,0.0,0,0.0,0.0
d3o4pa_,b.68.6.1,0.0,0,0.5,6,0.75,6,-0.5,-0.75
d4uxua_,b.96.1.0,0.0,0,0.0,0,0.0,0,0.0,0.0
d4lw2a1,c.67.1.0,0.0,23,0.980769,143,0.980769,143,-0.980769,-0.980769
d4x00a_,c.69.1.0,0.0,15,0.0,0,0.0,0,0.0,0.0
d1zq9a1,c.66.1.24,0.0,9,0.0,0,0.0,0,0.0,0.0
d5wqpa1,c.2.1.0,0.0,32,0.0,0,0.0,0,0.0,0.0
d2gf2a1,c.2.1.0,0.0,14,0.0,0,0.0,0,0.0,0.0
d1h0aa_,a.118.9.1,0.0,0,0.0,0,0.0,0,0.0,0.0
d1g6ha_,c.37.1.12,0.1111111111111111,19,0.0,0,0.0,0,0.1111111111111111,0.1111111111111111
d2d0oa2,c.55.1.6,0.0,3,0.435644,102,0.425743,102,-0.435644,-0.425743
d1kcgc_,d.19.1.1,0.0,2,0.0,0,0.0,0,0.0,0.0
d2ot9a1,c.52.1.33,0.0,0,0.0212766,48,0.0212766,48,-0.0212766,-0.0212766
d3kl2a1,c.33.1.0,0.0,4,0.0,0,0.0,0,0.0,0.0
d6n59a3,c.96.1.1,0.0,0,0.0,0,0.0,0,0.0,0.0
d1f0la3,f.1.2.1,0.0,0,0.0,0,0.0,0,0.0,0.0
d1aoza2,b.6.1.3,0.0,2,0.277778,51,0.324324,52,-0.277778,-0.324324
d4ogqb_,f.32.1.1,0.0,2,0.0,0,0.0,0,0.0,0.0
d1u9ca_,c.23.16.2,0.0,2,0.371429,42,0.342857,42,-0.371429,-0.342857
d2j84a_,a.127.1.0,0.0,2,0.0,0,0.0,0,0.0,0.0
d1ydga1,c.23.5.8,0.0,0,0.857143,37,0.942857,37,-0.857143,-0.942857
d1jjcb5,d.104.1.1,0.0,2,0.0,0,0.0,0,0.0,0.0
d2fsqa1,d.61.1.4,0.0,0,0.0,0,0.0,0,0.0,0.0
d3sr7a_,c.1.4.0,0.0,8,0.8,27,0.9,27,-0.8,-0.9
d7n63a1,c.67.1.0,0.0,17,0.980769,143,0.980769,143,-0.980769,-0.980769
d6u1pa_,c.44.1.0,0.0,2,0.75,13,0.75,13,-0.75,-0.75
d2bjqa1,b.169.1.1,0.0,0,0.0,0,0.0,0,0.0,0.0
d2p51a_,c.55.3.0,0.0,3,0.38,61,0.22,61,-0.38,-0.22
d4oxxa_,c.23.5.0,0.0,4,0.954545,37,0.954545,37,-0.954545,-0.954545
d1k7ca_,c.23.10.4,0.0,0,0.0,0,0.0,0,0.0,0.0
d3ja861,b.40.4.11,0.0,4,0.153226,130,0.169355,130,-0.153226,-0.169355
d4hl7a1,d.41.2.0,0.0,0,0.555556,17,0.444444,17,-0.555556,-0.444444
d2j7qa1,d.3.1.20,0.0,2,0.0,0,0.0,0,0.0,0.0
d4ur7a_,c.1.10.0,0.0,5,0.8,65,0.857143,65,-0.8,-0.857143
d2ayua1,d.305.1.1,0.0,0,0.0,0,0.0,0,0.0,0.0
d1mpra_,f.4.3.2,0.0,2,0.882353,18,0.941176,18,-0.882353,-0.941176
d2al1a1,c.1.11.1,0.0,3,0.0,0,0.0,0,0.0,0.0
d2gpya_,c.66.1.0,0.1111111111111111,10,0.0,0,0.0,0,0.1111111111111111,0.1111111111111111
d6a6ya_,b.1.22.0,0.0,0,0.0,0,0.0,0,0.0,0.0
d1vnsa_,a.111.1.3,0.0,0,0.0,0,0.0,0,0.0,0.0
d4b0na1,c.95.1.0,0.0,4,0.0,0,0.0,0,0.0,0.0
d6zjka1,a.25.1.0,0.0,4,0.243902,55,0.243902,55,-0.243902,-0.243902
d4gm5a_,c.56.5.2,0.0,4,0.0,0,0.0,0,0.0,0.0
d6rl5a_,c.67.1.0,0.0,17,0.980769,143,0.980769,143,-0.980769,-0.980769
d1o54a1,c.66.1.13,0.0,11,0.0,0,0.0,0,0.0,0.0
d6m64a1,b.26.1.1,0.0,2,0.0,0,0.0,0,0.0,0.0
d2wi8a1,c.92.2.4,0.0,3,0.833333,38,0.944444,38,-0.833333,-0.944444
d5dkva1,c.93.1.0,0.0,9,0.0,0,0.0,0,0.0,0.0
d3tnya_,c.92.2.0,0.0,3,0.692308,38,0.923077,38,-0.692308,-0.923077
d1kb0a2,b.70.1.1,0.0,2,0.666667,4,0.666667,4,-0.666667,-0.666667
d1usca_,b.45.1.2,0.0,2,0.761905,46,0.952381,46,-0.761905,-0.952381
d1ry6a_,c.37.1.9,0.0,8,0.0,0,0.0,0,0.0,0.0
d3jr7a_,c.119.1.0,0.0,2,0.0,0,0.0,0,0.0,0.0
d5ddta_,c.68.1.0,0.0,8,0.0,0,0.0,0,0.0,0.0
d2hj2a3,d.130.1.1,0.0,0,0.0,0,0.0,0,0.0,0.0
d2xe4a1,c.69.1.0,0.0,10,0.0,0,0.0,0,0.0,0.0
d1ff9a1,c.2.1.3,0.0,8,0.0,0,0.0,0,0.0,0.0
d6cw5a_,c.72.1.0,0.0,3,0.941176,51,0.941176,51,-0.941176,-0.941176
d3ecma_,a.211.1.0,0.0,6,0.0,0,0.0,0,0.0,0.0
d2pjqa1,a.211.1.1,0.0,4,0.0,0,0.0,0,0.0,0.0
d2e2ra_,a.123.1.1,0.0,4,0.0,0,0.0,0,0.0,0.0
d2pzma1,c.2.1.0,0.0,26,0.0,0,0.0,0,0.0,0.0
d1vcoa1,c.23.16.1,0.0,4,0.172414,42,0.137931,42,-0.172414,-0.137931
d2e18a_,c.26.2.0,0.0,3,0.444444,39,0.407407,39,-0.444444,-0.407407
d2vhea_,b.81.1.8,0.0,0,0.0,0,0.0,0,0.0,0.0
d3p3oa1,a.104.1.0,0.0,18,0.0,0,0.0,0,0.0,0.0
d3pnlb1,a.208.1.0,0.0,2,0.0,0,0.0,0,0.0,0.0
d1h05a_,c.23.13.1,0.0,0,0.0,0,0.0,0,0.0,0.0
d1h3na2,b.51.1.1,0.0,0,0.0,0,0.0,0,0.0,0.0
d5hmla1,c.120.1.2,0.0,2,0.0,0,0.0,0,0.0,0.0
d5jbxa_,c.14.1.0,0.0,13,0.0,0,0.0,0,0.0,0.0
d6ewja_,c.67.1.0,0.1875,17,0.980769,143,0.980769,143,-0.793269,-0.793269
d3c8wa1,d.347.1.1,0.0,0,0.0,0,0.0,0,0.0,0.0
d1cr1a_,c.37.1.11,0.0,16,0.0,0,0.0,0,0.0,0.0
d3rbaa_,c.26.1.3,0.0,3,0.347826,53,0.282609,53,-0.347826,-0.282609
d3vo3a_,d.144.1.7,0.0,17,0.0,0,0.0,0,0.0,0.0
d6hcwa2,d.104.1.0,0.0,3,0.0,0,0.0,0,0.0,0.0
d1knxa2,c.91.1.2,1.0,2,0.0,0,0.0,0,1.0,1.0
d2z39a1,d.2.1.1,0.0,5,0.0,0,0.0,0,0.0,0.0
d2nwha_,c.72.1.0,0.0,4,0.882353,51,0.941176,51,-0.882353,-0.941176
d4wqna_,b.122.1.0,0.0,0,0.0,0,0.0,0,0.0,0.0
d2g6ta1,c.147.1.1,0.0,0,0.0,0,0.0,0,0.0,0.0
d1uf2c1,a.115.1.3,0.0,0,0.0,0,0.0,0,0.0,0.0
d1y1xa_,a.39.1.8,0.3,11,0.746479,73,0.859155,73,-0.446479,-0.5591550000000001
d2bh1a2,c.55.1.11,0.0,0,0.0,0,0.0,0,0.0,0.0
d2cvba1,c.47.1.10,0.2,6,0.417526,215,0.597938,215,-0.217526,-0.39793799999999996
d4htga1,c.94.1.0,0.0,7,0.0,0,0.0,0,0.0,0.0
d2c4ea_,c.72.1.0,0.0,4,0.941176,51,0.941176,51,-0.941176,-0.941176
d5xega_,b.82.2.0,0.0,2,0.566667,42,0.1,42,-0.566667,-0.1
d5m17a_,c.1.34.0,0.0,0,0.0,0,0.0,0,0.0,0.0
d1gu3a_,b.18.1.14,0.0,3,0.0,0,0.0,0,0.0,0.0
d4rk6a_,c.93.1.0,0.16666666666666666,7,0.0,0,0.0,0,0.16666666666666666,0.16666666666666666
d1p3da2,c.59.1.1,0.0,0,0.0,0,0.0,0,0.0,0.0
d2fexa1,c.23.16.2,0.0,0,0.371429,42,0.342857,42,-0.371429,-0.342857
d1ykwa2,d.58.9.1,0.0,0,0.75,7,0.0,7,-0.75,0.0
d1rhsa1,c.46.1.2,1.0,2,0.0,0,0.0,0,1.0,1.0
d6hcwa1,b.40.4.0,0.0,2,0.339623,130,0.283019,130,-0.339623,-0.283019
d1gsoa3,d.142.1.2,0.0,0,0.681818,29,0.727273,29,-0.681818,-0.727273
d4l2ib_,c.26.2.0,0.0,0,0.222222,39,0.185185,39,-0.222222,-0.185185
d1evsa_,a.26.1.1,0.0,2,0.0,0,0.0,0,0.0,0.0
d1hxna_,b.66.1.1,0.0,2,0.0,0,0.0,0,0.0,0.0
d1vl1a_,c.124.1.1,0.0,2,0.0,0,0.0,0,0.0,0.0
d1i1ip_,d.92.1.5,0.0,9,0.075,42,0.05,42,-0.075,-0.05
d2ptfa1,b.45.1.4,0.0,2,0.818182,46,0.931818,46,-0.818182,-0.931818
d1inja_,c.68.1.13,0.0,3,0.0,0,0.0,0,0.0,0.0
d2dtge2,b.1.2.1,0.0,4,0.962963,118,0.962963,118,-0.962963,-0.962963
d2jdca1,d.108.1.1,0.0,0,0.0,0,0.0,0,0.0,0.0
d3zyqa1,a.118.9.0,0.0,0,0.75,11,0.875,11,-0.75,-0.875
d3k69a_,a.4.5.0,0.0,2,0.466292,252,0.47191,252,-0.466292,-0.47191
d1o6la_,d.144.1.7,0.08,26,0.0,0,0.0,0,0.08,0.08
d5a7ga_,c.69.1.1,0.0,22,0.0,0,0.0,0,0.0,0.0
d1i5pa1,b.18.1.3,0.0,2,0.0,0,0.0,0,0.0,0.0
d1i39a_,c.55.3.1,0.0,3,0.0178571,61,0.0,61,-0.0178571,0.0
d2gvka1,d.58.4.14,0.5,3,0.176471,52,0.0588235,52,0.323529,0.44117649999999997
d6l1ma_,d.129.3.0,1.0,2,0.677419,42,0.83871,42,0.322581,0.16129000000000004
d2q4za_,c.56.5.7,0.0,4,0.393939,36,0.0882353,37,-0.393939,-0.0882353
d1tkia_,d.144.1.7,0.0,23,0.0,0,0.0,0,0.0,0.0
d1gkpa2,c.1.9.6,0.5,3,0.654545,60,0.945455,60,-0.15454500000000004,-0.44545500000000005
d4jyla1,c.14.1.0,0.0,9,0.0,0,0.0,0,0.0,0.0
d1p3ca_,b.47.1.1,0.0,2,0.0,0,0.0,0,0.0,0.0
d5o9zv_,a.118.1.2,0.0,13,0.561404,59,0.54386,59,-0.561404,-0.54386
d6hr4a2,e.3.1.0,0.0,6,0.0,0,0.0,0,0.0,0.0
d2o9aa2,d.110.2.2,0.0,3,0.8,21,0.7,21,-0.8,-0.7
d1vb3a1,c.79.1.1,0.0,3,0.0,0,0.0,0,0.0,0.0
d1ozha1,c.31.1.3,0.0,0,0.0,0,0.0,0,0.0,0.0
d1t6na_,c.37.1.19,0.0,8,0.0,0,0.0,0,0.0,0.0
d1l1da_,b.88.1.3,0.0,0,0.0,0,0.0,0,0.0,0.0
d2q0zx1,a.289.1.1,0.0,0,0.0,0,0.0,0,0.0,0.0
d4kgqa_,b.22.1.0,0.0,2,0.0,0,0.0,0,0.0,0.0
d1hrua_,d.115.1.1,0.0,2,0.0,0,0.0,0,0.0,0.0
d3n40f1,f.10.1.1,0.0,0,0.0,0,0.0,0,0.0,0.0
d2z6oa_,d.20.1.4,0.0,0,0.0,0,0.0,0,0.0,0.0
d1k4ta2,d.163.1.2,0.0,0,0.0,0,0.0,0,0.0,0.0
d1wiwa_,c.80.1.1,0.0,2,0.0,0,0.0,0,0.0,0.0
d1rhca_,c.1.16.3,0.0,2,0.923077,14,0.923077,14,-0.923077,-0.923077
d2r31a2,d.381.1.1,0.0,0,0.0,0,0.0,0,0.0,0.0
d4ogca1,c.55.3.16,0.0,5,0.101695,61,0.0508475,61,-0.101695,-0.0508475
d3is5a1,d.144.1.0,0.0,23,0.0,0,0.0,0,0.0,0.0
d3gaga1,d.90.1.0,0.0,3,0.0,0,0.0,0,0.0,0.0
d2gs5a1,d.310.1.1,0.0,0,0.0,0,0.0,0,0.0,0.0
d4r9va1,c.87.1.0,0.0,4,0.0,0,0.0,0,0.0,0.0
d1sgwa1,c.37.1.12,0.0,12,0.0,0,0.0,0,0.0,0.0
d6rhvg_,f.6.1.0,0.0,2,0.0,0,0.0,0,0.0,0.0
d3e40a_,c.52.1.19,0.0,0,0.0,0,0.0,0,0.0,0.0
d5gmkn1,b.69.4.1,0.0,3,0.692308,28,0.692308,28,-0.692308,-0.692308
d7kn8a2,b.69.13.0,0.0,6,0.666667,8,0.666667,8,-0.666667,-0.666667
d3lo8a2,c.25.1.0,0.0,0,0.0,0,0.0,0,0.0,0.0
d1mf7a1,c.62.1.1,0.0,2,0.0,0,0.0,0,0.0,0.0
d1nlfa_,c.37.1.11,0.0,7,0.0,0,0.0,0,0.0,0.0
d2ekna_,d.58.21.0,1.0,2,0.0,0,0.0,0,1.0,1.0
d1vpla_,c.37.1.12,0.11764705882352941,18,0.0,0,0.0,0,0.11764705882352941,0.11764705882352941
d2i7da_,c.108.1.8,0.0,3,0.0,0,0.0,0,0.0,0.0
d1saza1,c.55.1.2,0.0,0,0.534653,102,0.108911,102,-0.534653,-0.108911
d2beca_,a.39.1.0,0.0,0,0.836735,73,0.612245,73,-0.836735,-0.612245
d1kdka_,b.29.1.4,0.0,0,0.0,0,0.0,0,0.0,0.0
d3ewoa1,c.50.1.0,0.0,0,0.0,0,0.0,0,0.0,0.0
d4jbya_,c.37.1.1,0.0,14,0.0,0,0.0,0,0.0,0.0
d3uf2a_,a.26.1.2,0.0,3,0.0,0,0.0,0,0.0,0.0
d1zcha1,d.90.1.1,0.0,2,0.0,0,0.0,0,0.0,0.0
d1jyka1,c.68.1.13,0.0,3,0.0,0,0.0,0,0.0,0.0
d3kxqa_,c.1.1.0,0.0,0,0.666667,6,0.666667,6,-0.666667,-0.666667
d1wp9a1,c.37.1.19,0.0,13,0.0,0,0.0,0,0.0,0.0
d4mtdb_,a.4.5.0,0.0,3,0.308989,252,0.55618,252,-0.308989,-0.55618
d1g7sa4,c.37.1.8,0.0,7,0.0,0,0.0,0,0.0,0.0
d3gqba4,a.69.1.2,0.0,3,0.6,7,0.0,7,-0.6,0.0
d1a8qa_,c.69.1.12,0.13333333333333333,16,0.0,0,0.0,0,0.13333333333333333,0.13333333333333333
d5le5m_,d.153.1.0,0.0,2,0.535714,37,0.515152,42,-0.535714,-0.515152
d2v84a_,c.94.1.0,0.0,12,0.0,0,0.0,0,0.0,0.0
d5k87a2,d.21.1.0,0.0,0,0.0,0,0.0,0,0.0,0.0
d5epfa1,c.47.1.0,0.0,2,0.347368,215,0.494737,215,-0.347368,-0.494737
d6sxta1,b.29.1.21,0.0,4,0.0,0,0.0,0,0.0,0.0
d3o83a_,e.23.1.0,0.6666666666666666,4,0.0,0,0.0,0,0.6666666666666666,0.6666666666666666
d2ousa1,a.211.1.0,0.5,5,0.0,0,0.0,0,0.5,0.5
d1kjqa3,d.142.1.2,0.0,0,0.772727,29,0.727273,29,-0.772727,-0.727273
d4e9sa1,b.6.1.3,0.0,0,0.666667,51,0.594595,52,-0.666667,-0.594595
d2ecua_,b.45.1.0,0.0,0,0.758621,46,0.965517,46,-0.758621,-0.965517
d4e01a1,a.29.5.0,0.0,0,0.0,0,0.0,0,0.0,0.0
d2nlra_,b.29.1.11,0.0,3,0.0,0,0.0,0,0.0,0.0
d3rk1a_,c.26.2.1,0.0,2,0.0625,39,0.0,39,-0.0625,0.0
d3lmba_,d.38.1.0,0.0,5,0.0,0,0.0,0,0.0,0.0
d3sx2a_,c.2.1.0,0.06451612903225806,32,0.0,0,0.0,0,0.06451612903225806,0.06451612903225806
d7e7ga_,c.67.1.0,0.0,10,0.961538,143,0.980769,143,-0.961538,-0.980769
d5lp9a_,b.2.3.0,0.0,0,0.5,22,0.5625,22,-0.5,-0.5625
d1zc6a2,c.55.1.5,0.0,4,0.25,102,0.145833,102,-0.25,-0.145833
d1f6ba_,c.37.1.8,0.0,5,0.0,0,0.0,0,0.0,0.0
d3vupa_,c.1.8.0,0.0,19,0.333333,135,0.645833,135,-0.333333,-0.645833
d3i1ia_,c.69.1.0,0.0,13,0.0,0,0.0,0,0.0,0.0
d6khoa_,c.67.1.0,0.0,15,0.980769,143,0.980769,143,-0.980769,-0.980769
d4qa8a_,b.125.1.0,0.0,0,0.0,0,0.0,0,0.0,0.0
d6i6mb2,c.66.1.0,0.0,6,0.0,0,0.0,0,0.0,0.0
d3pr9a_,d.26.1.0,0.0,2,0.4,27,0.466667,27,-0.4,-0.466667
d2o14a2,c.23.10.8,0.0,0,0.0,0,0.0,0,0.0,0.0
d5le5l_,d.153.1.4,0.0,4,0.347826,37,0.25,42,-0.347826,-0.25
d3dgba2,c.1.11.0,0.25,5,0.923077,43,0.923077,43,-0.673077,-0.673077
d6id0c2,b.43.3.0,0.0,0,0.555556,24,0.5,24,-0.555556,-0.5
d2g2ca1,c.57.1.1,0.0,0,0.0,0,0.0,0,0.0,0.0
d6wsha1,c.23.1.0,0.0,8,0.821429,100,0.857143,100,-0.821429,-0.857143
d2fiya1,e.59.1.1,0.0,0,0.0,0,0.0,0,0.0,0.0
d3bwta_,a.118.1.0,0.0,7,0.367347,59,0.285714,59,-0.367347,-0.285714
d1rmga_,b.80.1.3,0.0,4,0.894737,22,0.894737,22,-0.894737,-0.894737
d1yb0a1,d.118.1.1,0.0,0,0.0,0,0.0,0,0.0,0.0
d1i1rb_,a.26.1.1,0.0,3,0.0,0,0.0,0,0.0,0.0
d2huha1,b.7.5.1,0.0,0,0.0,0,0.0,0,0.0,0.0
g1o7d.2,b.30.5.6,0.0,4,0.0,0,0.0,27,0.0,0.0
d1kxga_,b.22.1.1,0.0,0,0.0,0,0.0,0,0.0,0.0
d2p7ia_,c.66.1.41,0.0,5,0.0,0,0.0,0,0.0,0.0
d1poca_,a.133.1.1,0.0,0,0.0,0,0.0,0,0.0,0.0
d1h72c1,d.14.1.5,0.0,0,0.0,0,0.0,0,0.0,0.0
d2gi4a1,c.44.1.0,0.0,5,0.75,13,0.75,13,-0.75,-0.75
d2zy9a3,f.57.1.1,0.0,0,0.0,0,0.0,0,0.0,0.0
d1lqbc_,b.3.3.1,0.0,0,0.0,0,0.0,0,0.0,0.0
d1oisa_,e.15.1.1,0.0,0,0.0,0,0.0,0,0.0,0.0
d1js1x2,c.78.1.1,0.0,3,0.625,21,0.625,21,-0.625,-0.625
d1w2fa_,d.143.1.3,0.0,0,0.0,0,0.0,0,0.0,0.0
d7ehpa_,c.94.1.0,0.0,18,0.0,0,0.0,0,0.0,0.0
d1vlia2,c.1.10.6,0.0,4,0.5625,65,0.9375,65,-0.5625,-0.9375
d4piva3,c.2.1.0,0.0,16,0.0,0,0.0,0,0.0,0.0
d3k1wa1,b.50.1.2,0.0,6,0.0,0,0.0,0,0.0,0.0
d2pi8a_,b.52.1.4,0.0,0,0.333333,8,0.166667,8,-0.333333,-0.166667
d2ooda1,b.92.1.4,0.0,4,0.0,0,0.0,0,0.0,0.0
d5qs9a_,b.2.5.0,0.0,0,0.0,0,0.0,0,0.0,0.0
d1jjcb6,b.153.1.1,0.0,0,0.0,0,0.0,0,0.0,0.0
d1x6ma1,b.88.1.4,0.0,0,0.0,0,0.0,0,0.0,0.0
d2e5wa_,c.66.1.17,0.0,9,0.0,0,0.0,0,0.0,0.0
d3hlya_,c.23.5.0,0.0,0,0.863636,37,0.909091,37,-0.863636,-0.909091
d4m9da_,c.37.1.0,0.0,25,0.0,0,0.0,0,0.0,0.0
d5cfca_,b.121.4.1,0.0,0,0.677419,39,0.4375,44,-0.677419,-0.4375
d1stma_,b.121.7.1,0.0,0,0.0,0,0.0,0,0.0,0.0
d5xjna_,a.104.1.0,0.0,12,0.0,0,0.0,0,0.0,0.0
d7o6ea_,a.25.1.0,0.0,0,0.658537,55,0.829268,55,-0.658537,-0.829268
d3a4ga_,a.104.1.0,0.25,17,0.0,0,0.0,0,0.25,0.25
d7c0da_,c.1.10.0,0.0,0,0.628571,65,0.885714,65,-0.628571,-0.885714
d3bmva4,c.1.8.1,0.0,13,0.416667,135,0.675926,135,-0.416667,-0.675926
d3sjld_,b.69.2.0,0.0,0,0.0,0,0.0,0,0.0,0.0
d1q59a1,f.1.4.1,0.0,2,0.714286,13,0.857143,13,-0.714286,-0.857143
d4pf6a_,c.94.1.0,0.0,14,0.0,0,0.0,0,0.0,0.0
d1p4ua_,b.1.10.2,0.0,0,0.75,5,0.75,5,-0.75,-0.75
d2cqza_,a.211.1.1,0.0,0,0.0,0,0.0,0,0.0,0.0
d4c72a2,c.95.1.0,0.0,6,0.0,0,0.0,0,0.0,0.0
d3fi9a1,c.2.1.0,0.1111111111111111,10,0.0,0,0.0,0,0.1111111111111111,0.1111111111111111
d3brfa3,b.42.7.1,0.0,0,0.0,0,0.0,0,0.0,0.0
d7jj8a_,c.92.2.0,0.0,0,0.615385,38,0.769231,38,-0.615385,-0.769231
d5khlb1,c.92.2.0,0.0,4,0.692308,38,0.923077,38,-0.692308,-0.923077
d4dgta_,c.67.1.0,0.0,16,0.980769,143,0.980769,143,-0.980769,-0.980769
d6wx3a_,c.1.2.4,0.0,4,0.833333,39,0.966667,39,-0.833333,-0.966667
d1ya0a1,a.118.8.1,0.0,6,0.25,63,0.375,63,-0.25,-0.375
d4ua6a_,e.3.1.1,0.0,5,0.0,0,0.0,0,0.0,0.0
d1gy8a_,c.2.1.2,0.0,16,0.0,0,0.0,0,0.0,0.0
d1ft5a_,a.138.1.3,0.0,0,0.0,0,0.0,0,0.0,0.0
d6ci8a1,c.2.1.0,0.0,24,0.0,0,0.0,0,0.0,0.0
d1f32a_,d.62.1.1,0.0,0,0.0,0,0.0,0,0.0,0.0
d2pu3a_,d.4.1.6,0.0,0,0.0,0,0.0,0,0.0,0.0
d4ekfa_,d.3.1.7,0.0,4,0.0,0,0.0,0,0.0,0.0
d1t77a1,a.169.1.1,0.0,0,0.0,0,0.0,0,0.0,0.0
d1s9ha1,c.37.1.20,0.0,12,0.0,0,0.0,0,0.0,0.0
d1x7fa2,c.1.8.12,0.0,9,0.0,0,0.0,0,0.0,0.0
d4cyba_,a.25.1.0,0.0,3,0.585366,55,0.853659,55,-0.585366,-0.853659
d1yu0a2,d.169.1.8,0.0,0,0.0,0,0.0,0,0.0,0.0
d3ru6a1,c.1.2.0,0.0,4,0.909091,39,0.954545,39,-0.909091,-0.954545
d1mx3a1,c.2.1.4,0.0,6,0.0,0,0.0,0,0.0,0.0
d2o5ra2,a.97.1.0,0.0,0,0.0,0,0.0,0,0.0,0.0
d6ftfb1,b.82.3.0,0.0,2,0.933333,31,0.933333,31,-0.933333,-0.933333
d1ecfa1,c.61.1.1,1.0,2,0.0,0,0.0,0,1.0,1.0
d6ltta_,c.2.1.0,0.0,22,0.0,0,0.0,0,0.0,0.0
d4lrsa1,c.1.10.0,0.0,8,0.771429,65,0.885714,65,-0.771429,-0.885714
d1va6a_,d.128.1.4,0.0,0,0.0,0,0.0,0,0.0,0.0
d2a4aa1,c.1.10.1,0.0,4,0.755556,65,0.888889,65,-0.755556,-0.888889
d1u5ta1,a.4.5.54,0.0,2,0.42915,252,0.619433,252,-0.42915,-0.619433
d1pmia_,b.82.1.3,0.0,4,0.793651,65,0.984127,65,-0.793651,-0.984127
d1pprm1,a.131.1.1,0.0,0,0.0,0,0.0,0,0.0,0.0
d1saza2,c.55.1.2,0.0,0,0.425743,102,0.237624,102,-0.425743,-0.237624
d1fp2a2,c.66.1.12,0.0,11,0.0,0,0.0,0,0.0,0.0
d2uuia1,f.56.1.1,0.0,0,0.0,0,0.0,0,0.0,0.0
d2b1xa2,d.129.3.3,0.0,2,0.769231,42,0.0512821,42,-0.769231,-0.0512821
d2hala_,b.47.1.4,0.0,2,0.0,0,0.0,0,0.0,0.0
d1exra_,a.39.1.5,0.2857142857142857,8,0.773585,73,0.849057,73,-0.48787071428571427,-0.5633427142857143
d4a02a_,b.1.18.0,0.0,0,0.171875,92,0.0,92,-0.171875,0.0
d1nh1a_,e.45.1.1,0.0,0,0.0,0,0.0,0,0.0,0.0
d1r89a2,d.218.1.7,0.0,0,0.0,0,0.0,0,0.0,0.0
d2pg0a2,a.29.3.0,0.0,0,0.75,19,0.75,19,-0.75,-0.75
d1v5da_,a.102.1.2,0.0,8,0.947368,28,0.947368,28,-0.947368,-0.947368
d5w1ua_,c.69.1.0,0.045454545454545456,23,0.0,0,0.0,0,0.045454545454545456,0.045454545454545456
d1v2da_,c.67.1.1,0.09090909090909091,12,0.992248,143,0.992248,143,-0.9013389090909091,-0.9013389090909091
d3ukna_,b.82.3.0,0.0,0,0.933333,31,0.933333,31,-0.933333,-0.933333
d2f4ia1,b.40.11.1,0.0,0,0.0,0,0.0,0,0.0,0.0
d5zioa_,d.157.1.0,0.5,5,0.0,0,0.0,0,0.5,0.5
d2d4za3,d.37.1.1,0.0,2,0.0,0,0.0,0,0.0,0.0
d2ahua2,c.124.1.2,0.0,4,0.0,0,0.0,0,0.0,0.0
d1pbwa_,a.116.1.1,0.0,0,0.0,0,0.0,0,0.0,0.0
d1v9ta_,b.62.1.1,0.0,0,0.0,0,0.0,0,0.0,0.0
d1x9ma1,c.55.3.5,0.0,3,0.136364,61,0.0454545,61,-0.136364,-0.0454545
d1akoa_,d.151.1.1,0.0,2,0.0,0,0.0,0,0.0,0.0
d1xkra_,d.252.1.1,0.0,0,0.0,0,0.0,0,0.0,0.0
d4jera_,d.35.1.0,0.0,0,0.0,0,0.0,0,0.0,0.0
d2eyqa6,d.315.1.1,0.0,0,0.0,0,0.0,0,0.0,0.0
d2xwva1,c.94.1.1,0.0,19,0.0,0,0.0,0,0.0,0.0
d4kqpa_,c.94.1.0,0.0,6,0.0,0,0.0,0,0.0,0.0
d1h4vb2,d.104.1.1,0.0,2,0.0,0,0.0,0,0.0,0.0
d4psya_,c.71.1.1,0.0,2,0.0,0,0.0,0,0.0,0.0
d1vkfa_,c.1.29.1,0.0,0,0.0,0,0.0,0,0.0,0.0
d2hi7b1,a.29.15.1,0.0,0,0.0,0,0.0,0,0.0,0.0
d1udxa2,c.37.1.8,0.0,11,0.0,0,0.0,0,0.0,0.0
d2gova1,d.60.1.4,0.0,0,0.0,0,0.0,0,0.0,0.0
d3mmga_,b.47.1.0,0.0,0,0.0,0,0.0,0,0.0,0.0
d2apla1,a.258.1.1,0.0,0,0.0,0,0.0,0,0.0,0.0
d5cjja1,c.65.1.0,0.0,0,0.0,0,0.0,0,0.0,0.0
d5zlra1,c.87.1.0,0.0,5,0.0,0,0.0,0,0.0,0.0
d4cqmb1,c.2.1.0,0.05555555555555555,19,0.0,0,0.0,0,0.05555555555555555,0.05555555555555555
d1n57a_,c.23.16.2,0.0,4,0.342857,42,0.342857,42,-0.342857,-0.342857
d1n8ja_,c.47.1.10,0.0,4,0.350515,215,0.520619,215,-0.350515,-0.520619
d6ifka3,d.58.53.7,0.0,0,0.0,17,0.0,17,0.0,0.0
d5maca1,d.58.9.0,0.0,2,0.8,7,0.0,7,-0.8,0.0
d2bgha2,c.43.1.4,0.0,3,0.0,0,0.0,0,0.0,0.0
d4f1wa_,c.56.2.1,0.0,2,0.9,20,0.9,20,-0.9,-0.9
d2pu6a_,c.69.1.10,0.25,9,0.0,0,0.0,0,0.25,0.25
d1ek8a_,d.67.3.1,0.0,0,0.0,0,0.0,0,0.0,0.0
d1zjja_,c.108.1.0,0.0,6,0.0,0,0.0,0,0.0,0.0
d6ui4a_,c.37.1.0,0.03571428571428571,29,0.0,0,0.0,0,0.03571428571428571,0.03571428571428571
d1qy9a2,d.21.1.2,0.0,0,0.0,0,0.0,0,0.0,0.0
d2b5ga_,d.108.1.1,0.0,0,0.0,0,0.0,0,0.0,0.0
d1f9ya_,d.58.30.1,0.0,0,0.0,0,0.0,0,0.0,0.0
d3ovpa_,c.1.2.0,0.0,2,0.954545,39,0.954545,39,-0.954545,-0.954545
d2fsra1,d.108.1.1,0.0,3,0.0,0,0.0,0,0.0,0.0
d2bi0a1,d.38.1.4,0.0,2,0.0,0,0.0,0,0.0,0.0
d1r6la1,d.14.1.4,0.0,0,0.0,0,0.0,0,0.0,0.0
d1d9ta_,c.124.1.1,0.0,0,0.0,0,0.0,0,0.0,0.0
d2yvta1,d.159.1.6,0.0,2,0.0,0,0.0,0,0.0,0.0
d4lcba_,c.37.1.0,0.0,10,0.0,0,0.0,0,0.0,0.0
d2v1oa_,d.38.1.0,0.0,3,0.0,0,0.0,0,0.0,0.0
d1o20a_,c.82.1.1,0.5,5,0.0,0,0.0,0,0.5,0.5
d1u6gc_,a.118.1.2,0.0,15,0.578947,59,0.473684,59,-0.578947,-0.473684
d1x1ia3,b.30.5.0,0.2,6,0.73913,26,0.166667,27,-0.5391299999999999,0.033333
d1p7ba1,b.1.18.16,0.0,3,0.0,92,0.0,92,0.0,0.0
d2ps5a_,a.128.1.5,0.0,2,0.0,0,0.0,0,0.0,0.0
d3mjja1,b.23.3.0,0.0,0,0.0,0,0.0,0,0.0,0.0
d2cula1,c.3.1.7,0.0,7,0.0,0,0.0,0,0.0,0.0
d4wwha_,c.93.1.0,0.0,11,0.0,0,0.0,0,0.0,0.0
d1s6ca_,a.39.1.5,0.0,3,0.830189,73,0.867925,73,-0.830189,-0.867925
d1gaia_,a.102.1.1,0.0,4,0.925926,28,0.962963,28,-0.925926,-0.962963
d1qqea_,a.118.8.1,0.0,8,0.475,63,0.575,63,-0.475,-0.575
d1imva_,e.1.1.1,0.2,11,0.0,0,0.0,0,0.2,0.2
d1q35a_,c.94.1.1,0.0,9,0.0,0,0.0,0,0.0,0.0
d1g8fa1,b.122.1.3,0.0,2,0.0,0,0.0,0,0.0,0.0
d2p65a_,c.37.1.20,0.0,8,0.0,0,0.0,0,0.0,0.0
d5eeha2,c.66.1.12,0.0,11,0.0,0,0.0,0,0.0,0.0
d4m3sa_,d.108.1.1,0.0,0,0.0,0,0.0,0,0.0,0.0
d1kcma_,d.129.3.4,0.0,2,0.0,0,0.0,0,0.0,0.0
d1euva1,d.3.1.7,0.0,0,0.0,0,0.0,0,0.0,0.0
d3pgva_,c.108.1.0,0.0,3,0.0,0,0.0,0,0.0,0.0
d1dk8a_,a.91.1.1,0.0,0,0.0,0,0.0,0,0.0,0.0
d4f32a1,c.95.1.0,0.4,6,0.0,0,0.0,0,0.4,0.4
d3szaa_,c.82.1.1,0.09090909090909091,12,0.0,0,0.0,0,0.09090909090909091,0.09090909090909091
d3m00a1,a.102.4.0,0.0,2,0.363636,13,0.0,14,-0.363636,0.0
d2ovja1,a.116.1.0,0.0,3,0.0,0,0.0,0,0.0,0.0
d3so8a_,d.211.1.0,0.0,6,0.9,32,0.9,32,-0.9,-0.9
d3ck1a1,d.38.1.0,0.0,4,0.0,0,0.0,0,0.0,0.0
d6cafa_,c.1.8.5,0.0,6,0.243902,135,0.560976,135,-0.243902,-0.560976
d2q4wa2,d.58.32.0,0.0,0,0.857143,8,0.714286,8,-0.857143,-0.714286
d4kt7a1,c.68.1.0,0.0,4,0.0,0,0.0,0,0.0,0.0
d6zcsa1,d.144.1.7,0.0,15,0.0,0,0.0,0,0.0,0.0
d1jb7a3,b.40.4.3,0.0,0,0.12037,130,0.0,130,-0.12037,0.0
d4ttra_,c.37.1.0,0.0,14,0.0,0,0.0,0,0.0,0.0
d1ur4a_,c.1.8.3,0.0,11,0.439252,135,0.514019,135,-0.439252,-0.514019
d2gupa2,c.55.1.10,0.0,3,0.306818,102,0.204545,102,-0.306818,-0.204545
d1ep3a_,c.1.4.1,0.0,6,0.888889,27,0.888889,27,-0.888889,-0.888889
d7db2a2,a.45.1.0,0.0,4,0.0,0,0.0,0,0.0,0.0
d1xcra1,d.290.1.2,0.0,0,0.0,0,0.0,0,0.0,0.0
d1r8ea2,d.60.1.1,0.0,0,0.0,0,0.0,0,0.0,0.0
d3raoa1,c.1.16.0,0.0,4,0.875,14,0.875,14,-0.875,-0.875
d1lnsa2,b.18.1.13,0.0,2,0.0,0,0.0,0,0.0,0.0
d3tg7a1,b.121.2.2,0.0,2,0.0,6,0.0,6,0.0,0.0
d4x5pa_,b.2.3.2,0.0,0,0.0714286,22,0.0,22,-0.0714286,0.0
d1un8a1,a.208.1.1,0.0,0,0.0,0,0.0,0,0.0,0.0
d3m8ua_,c.94.1.0,0.10526315789473684,20,0.0,0,0.0,0,0.10526315789473684,0.10526315789473684
d1y3ta1,b.82.1.5,0.0,3,0.984375,65,0.984375,65,-0.984375,-0.984375
d4rega_,d.58.53.0,0.0,0,0.125,17,0.0625,17,-0.125,-0.0625
d2w79a_,c.1.2.1,0.0,0,0.891892,39,0.972973,39,-0.891892,-0.972973
d5jsca2,a.29.3.0,0.0,2,0.75,19,0.75,19,-0.75,-0.75
d6u2sa_,f.6.1.1,0.0,2,0.0,0,0.0,0,0.0,0.0
d7cfua_,c.34.1.0,0.0,0,0.0,0,0.0,0,0.0,0.0
d4ovda1,d.175.1.0,0.0,0,0.0,0,0.0,0,0.0,0.0
d5lhfa_,c.1.2.0,0.0,2,0.954545,39,0.954545,39,-0.954545,-0.954545
d4pxha_,a.104.1.0,0.05555555555555555,19,0.0,0,0.0,0,0.05555555555555555,0.05555555555555555
d5n2pa_,c.1.2.0,0.0,5,0.954545,39,0.954545,39,-0.954545,-0.954545
d4uasa_,c.108.1.0,0.0,3,0.0,0,0.0,0,0.0,0.0
d3no6a1,a.132.1.0,0.0,0,0.0,0,0.0,0,0.0,0.0
d1atza_,c.62.1.1,0.0,0,0.0,0,0.0,0,0.0,0.0
d3eyea_,c.38.1.0,0.0,0,0.0,0,0.0,0,0.0,0.0
d1h7sa1,d.14.1.3,0.0,0,0.0,0,0.0,0,0.0,0.0
d1i1na_,c.66.1.7,0.0,8,0.0,0,0.0,0,0.0,0.0
d2ooda2,c.1.9.9,0.0,3,0.596491,60,0.947368,60,-0.596491,-0.947368
d1yc0a_,b.47.1.2,0.0,12,0.0,0,0.0,0,0.0,0.0
d6a97a1,d.19.1.0,0.0,0,0.0,0,0.0,0,0.0,0.0
d1w36d1,c.37.1.19,0.0,13,0.0,0,0.0,0,0.0,0.0
d1kkoa2,d.54.1.1,0.0,0,0.0,0,0.0,0,0.0,0.0
d4zv9a1,c.69.1.0,0.0,12,0.0,0,0.0,0,0.0,0.0
d1f3ub_,b.65.1.1,0.0,0,0.0,0,0.0,0,0.0,0.0
d5ik4a1,b.29.1.4,0.3333333333333333,4,0.0,0,0.0,0,0.3333333333333333,0.3333333333333333
d2h4va1,c.45.1.0,0.0,6,0.0,0,0.0,0,0.0,0.0
d4iyja_,c.23.10.0,0.0,0,0.785714,20,0.714286,20,-0.785714,-0.714286
d3ozua1,a.1.1.0,0.0,2,0.888889,57,0.972222,57,-0.888889,-0.972222
d6j33a4,c.1.8.1,0.0,12,0.314815,135,0.5,135,-0.314815,-0.5
d4zo4a1,c.37.1.0,0.0,5,0.0,0,0.0,0,0.0,0.0
d4fu0a2,d.142.1.0,0.0,3,0.772727,29,0.772727,29,-0.772727,-0.772727
d3kdse2,a.269.1.1,0.0,0,0.0,0,0.0,0,0.0,0.0
d1thfd_,c.1.2.1,0.0,2,0.972973,39,0.972973,39,-0.972973,-0.972973
d1vkka_,d.109.1.2,0.0,2,0.888889,24,0.944444,24,-0.888889,-0.944444
d3ewra_,c.50.1.0,0.0,0,0.0,0,0.0,0,0.0,0.0
d6u1va1,e.6.1.0,0.0,4,0.0,0,0.0,0,0.0,0.0
d3r9fa_,d.108.1.0,0.0,4,0.0,0,0.0,0,0.0,0.0
d1uaia_,b.29.1.18,0.0,2,0.0,0,0.0,0,0.0,0.0
d2ad6a_,b.70.1.1,0.0,3,0.666667,4,0.666667,4,-0.666667,-0.666667
d2bdwa_,d.144.1.0,0.047619047619047616,22,0.0,0,0.0,0,0.047619047619047616,0.047619047619047616
d1p1ma2,c.1.9.9,0.0,7,0.666667,60,0.929825,60,-0.666667,-0.929825
d3bq9a1,d.58.65.0,0.0,0,0.0,0,0.0,0,0.0,0.0
d3rofa1,c.44.1.0,0.0,6,0.75,13,0.75,13,-0.75,-0.75
d1qdla_,d.161.1.1,0.0,2,0.0,0,0.0,0,0.0,0.0
d1ybfa_,c.56.2.1,0.0,2,0.9,20,0.9,20,-0.9,-0.9
d4gmua2,c.91.1.1,0.0,0,0.0,0,0.0,0,0.0,0.0
d2xw9a_,b.47.1.2,0.0,2,0.0,0,0.0,0,0.0,0.0
d5ef9a1,d.397.1.1,0.0,2,0.0,0,0.0,0,0.0,0.0
d1gq6a_,c.42.1.1,0.0,8,0.0,0,0.0,0,0.0,0.0
d1np7a1,a.99.1.1,0.0,3,0.0,0,0.0,0,0.0,0.0
d6hn1a3,a.126.1.0,0.0,0,0.0,0,0.0,0,0.0,0.0
d2vk8a1,c.36.1.0,0.0,0,0.0,0,0.0,0,0.0,0.0
d2h6fb1,a.102.4.3,0.0,2,0.636364,13,0.416667,14,-0.636364,-0.416667
d1iooa_,d.124.1.1,0.0,3,0.0,0,0.0,0,0.0,0.0
d1smba_,d.111.1.1,0.0,0,0.0,0,0.0,0,0.0,0.0
d5zrta_,b.166.1.0,0.0,2,0.0,0,0.0,0,0.0,0.0
d3cz5a_,c.23.1.0,0.2,11,0.785714,100,0.857143,100,-0.5857140000000001,-0.657143
d2p10a1,c.1.12.9,0.0,3,0.0,0,0.0,0,0.0,0.0
d3typa1,d.63.1.2,0.0,2,0.0,0,0.0,0,0.0,0.0
d2wt3a1,c.1.8.7,0.0,14,0.0451128,135,0.293233,135,-0.0451128,-0.293233
d2e1va1,c.43.1.4,0.0,0,0.0,0,0.0,0,0.0,0.0
d3a99a_,d.144.1.7,0.0,7,0.0,0,0.0,0,0.0,0.0
d2i1oa2,c.1.17.1,0.0,0,0.875,10,0.875,10,-0.875,-0.875
d1wdya_,d.211.1.1,0.0,16,0.928571,32,0.928571,32,-0.928571,-0.928571
d4h0pa1,c.55.1.0,0.0,0,0.258621,102,0.241379,102,-0.258621,-0.241379
d5aa5c_,e.18.1.0,0.0,2,0.0,0,0.0,0,0.0,0.0
d1sg4a1,c.14.1.3,0.0,5,0.0,0,0.0,0,0.0,0.0
d1y2ka_,a.211.1.2,0.2,6,0.0,0,0.0,0,0.2,0.2
d1mgpa1,c.119.1.1,0.0,2,0.0,0,0.0,0,0.0,0.0
d1wyza1,c.90.1.1,0.0,3,0.0,0,0.0,0,0.0,0.0
d1u04a4,c.55.3.15,0.0,0,0.101695,61,0.0,61,-0.101695,0.0
d6zeqa_,c.56.5.0,0.0,4,0.735294,36,0.685714,37,-0.735294,-0.685714
d7bvza2,c.55.1.0,0.0,4,0.5,102,0.37931,102,-0.5,-0.37931
d2xkra_,a.104.1.0,0.0,7,0.0,0,0.0,0,0.0,0.0
d1cs1a_,c.67.1.3,0.0,22,0.969231,143,0.992308,143,-0.969231,-0.992308
d6jh7a_,c.2.1.0,0.03225806451612903,32,0.0,0,0.0,0,0.03225806451612903,0.03225806451612903
d6erda1,d.108.1.0,0.0,4,0.0,0,0.0,0,0.0,0.0
d6azya1,a.174.1.0,0.0,0,0.0,0,0.0,0,0.0,0.0
d1ysra_,d.122.1.3,0.0,0,0.0,0,0.0,0,0.0,0.0
d1vjza_,c.1.8.3,0.0,7,0.485981,135,0.579439,135,-0.485981,-0.579439
d1sqja1,b.69.13.1,0.0,4,0.857143,8,0.857143,8,-0.857143,-0.857143
d4okia1,c.2.1.1,0.0,12,0.0,0,0.0,0,0.0,0.0
d2ajaa1,a.118.24.1,0.0,0,0.0,0,0.0,0,0.0,0.0
d1efpa1,c.26.2.3,0.0,0,0.0285714,39,0.0285714,39,-0.0285714,-0.0285714
d1ohea1,c.45.1.1,0.0,0,0.0,0,0.0,0,0.0,0.0
d2zhna_,b.29.1.0,0.0,2,0.0,0,0.0,0,0.0,0.0
d5mdmc_,e.76.1.0,1.0,5,0.0,0,0.0,0,1.0,1.0
d2qzsa_,c.87.1.0,0.0,5,0.0,0,0.0,0,0.0,0.0
d6w9ga_,b.22.1.1,0.0,3,0.0,0,0.0,0,0.0,0.0
d2e8ba_,c.68.1.8,0.0,3,0.0,0,0.0,0,0.0,0.0
d3cw9a_,e.23.1.1,0.16666666666666666,13,0.0,0,0.0,0,0.16666666666666666,0.16666666666666666
d1oedc_,f.36.1.1,0.0,0,0.0,0,0.0,0,0.0,0.0
d1jlya1,b.42.3.1,0.0,0,0.0,0,0.0,0,0.0,0.0
d6dw1b_,b.96.1.0,0.0,2,0.0,0,0.0,0,0.0,0.0
d2pl3a1,c.37.1.0,0.07692307692307693,14,0.0,0,0.0,0,0.07692307692307693,0.07692307692307693
d2ddha1,a.29.3.2,0.0,2,0.722222,19,0.833333,19,-0.722222,-0.833333
d1p5zb_,c.37.1.1,0.0,8,0.0,0,0.0,0,0.0,0.0
d1xg5a1,c.2.1.2,0.0,22,0.0,0,0.0,0,0.0,0.0
d6mw8a_,c.68.1.0,0.0,3,0.0,0,0.0,0,0.0,0.0
d1c8ba_,c.56.1.2,0.0,0,0.0,0,0.0,0,0.0,0.0
d2d4aa2,d.162.1.0,0.0,4,0.0,0,0.0,0,0.0,0.0
d3tvta2,c.37.1.1,0.0,11,0.0,0,0.0,0,0.0,0.0
d3wg3a1,b.29.1.0,0.0,2,0.0,0,0.0,0,0.0,0.0
d4h17a1,c.33.1.0,0.0,0,0.0,0,0.0,0,0.0,0.0
d2q4ha1,d.13.1.2,0.0,3,0.733333,18,0.666667,18,-0.733333,-0.666667
d2hqsa2,c.51.2.1,0.0,0,0.0,0,0.0,0,0.0,0.0
d2i02a1,b.45.1.1,0.0,0,0.892857,46,0.928571,46,-0.892857,-0.928571
d5n0ka1,b.6.1.0,0.0,2,0.588235,51,0.371429,52,-0.588235,-0.371429
d6xhha_,d.110.2.0,0.0,0,0.909091,21,0.727273,21,-0.909091,-0.727273
d3h1da1,d.148.1.0,0.0,0,0.0,0,0.0,0,0.0,0.0
d1pyya3,d.175.1.1,0.0,2,0.0,0,0.0,0,0.0,0.0
d2d40a1,b.82.1.23,0.2,6,0.920635,65,0.984127,65,-0.7206349999999999,-0.784127
d6jt6a_,b.1.9.0,0.0,2,0.5,5,0.25,5,-0.5,-0.25
d3kasa1,c.56.5.5,0.0,6,0.771429,36,0.583333,37,-0.771429,-0.583333
d1g8fa2,c.26.1.5,0.5,5,0.307692,53,0.0961538,53,0.19230799999999998,0.4038462
d1r0ua_,b.60.1.5,0.0,0,0.0,0,0.0,0,0.0,0.0
d2q46a2,c.2.1.2,0.0,9,0.0,0,0.0,0,0.0,0.0
d2a7ka1,c.14.1.3,0.0,4,0.0,0,0.0,0,0.0,0.0
d5mlna_,c.2.1.0,0.0,21,0.0,0,0.0,0,0.0,0.0
d2ghta_,c.108.1.16,0.0,2,0.0,0,0.0,0,0.0,0.0
d3iam9_,d.58.1.5,0.0,0,0.769231,24,0.692308,24,-0.769231,-0.692308
d4ht2a_,b.74.1.1,0.0,6,0.0,0,0.0,0,0.0,0.0
d1hdoa_,c.2.1.2,0.0,11,0.0,0,0.0,0,0.0,0.0
d1zdya_,d.313.1.1,0.0,2,0.0,0,0.0,0,0.0,0.0
d3m5va_,c.1.10.0,0.2222222222222222,10,0.542857,65,0.885714,65,-0.3206347777777778,-0.6634917777777778
d3kd6a1,c.72.1.0,0.0,2,0.823529,51,0.941176,51,-0.823529,-0.941176
d4uw2a1,a.211.1.1,0.0,4,0.0,0,0.0,0,0.0,0.0
d1ssxa_,b.47.1.1,0.0,0,0.0,0,0.0,0,0.0,0.0
d1o6va2,c.10.2.1,0.6944444444444444,37,0.8,32,0.8,32,-0.10555555555555562,-0.10555555555555562
d4kema2,c.1.11.0,0.0,5,0.923077,43,0.923077,43,-0.923077,-0.923077
d1d7la1,c.3.1.2,0.0,4,0.0,0,0.0,0,0.0,0.0
d3brsa_,c.93.1.0,0.0,14,0.0,0,0.0,0,0.0,0.0
d4gv8a_,b.85.4.0,0.0,0,0.888889,15,0.888889,15,-0.888889,-0.888889
d1np6a_,c.37.1.10,0.0,10,0.0,0,0.0,0,0.0,0.0
d3dhoa_,b.81.1.3,0.0,2,0.826087,24,0.956522,24,-0.826087,-0.956522
d6tgua_,d.144.1.7,0.058823529411764705,18,0.0,0,0.0,0,0.058823529411764705,0.058823529411764705
d1lb6a_,b.8.1.1,0.0,0,0.0,0,0.0,0,0.0,0.0
d2cw9a1,d.17.4.13,0.0,2,0.92,76,0.88,76,-0.92,-0.88
d5c6ka_,d.163.1.1,0.0,0,0.0,0,0.0,0,0.0,0.0
d4hjla1,b.33.1.0,0.0,0,0.0,0,0.0,0,0.0,0.0
d2gp4a2,d.334.1.1,0.0,0,0.0,0,0.0,0,0.0,0.0
d1ntva_,b.55.1.2,0.0,2,0.407895,86,0.973684,86,-0.407895,-0.973684
d3emla1,f.13.1.4,0.0,15,0.0,0,0.0,0,0.0,0.0
d2o1ba_,c.67.1.0,0.0,21,0.980769,143,0.980769,143,-0.980769,-0.980769
d1p0ka_,c.1.4.1,0.0,6,0.888889,27,0.888889,27,-0.888889,-0.888889
d3a8gb_,b.34.4.4,0.0,0,0.75,5,0.0,5,-0.75,0.0
d2pt0a_,c.45.1.4,0.0,3,0.0,0,0.0,0,0.0,0.0
d3kjxa2,c.93.1.0,0.0,12,0.0,0,0.0,0,0.0,0.0
d1vj0a2,c.2.1.1,0.0,8,0.0,0,0.0,0,0.0,0.0
d4cvba_,b.70.1.0,0.0,0,0.666667,4,0.666667,4,-0.666667,-0.666667
d1nfpa_,c.1.16.2,0.0,2,0.0,0,0.0,0,0.0,0.0
d2c42a1,c.36.1.8,0.0,0,0.0,0,0.0,0,0.0,0.0
d2wtkc1,d.144.1.0,0.125,17,0.0,0,0.0,0,0.125,0.125
d2hbwa2,d.3.1.16,0.0,0,0.0,0,0.0,0,0.0,0.0
d4lsoa_,d.17.4.0,0.0,3,0.446429,76,0.946429,76,-0.446429,-0.946429
d1y0ga_,b.61.6.1,0.0,2,0.666667,4,0.666667,4,-0.666667,-0.666667
d1g9ra_,c.68.1.4,0.0,3,0.0,0,0.0,0,0.0,0.0
d6m6ta_,c.1.8.1,0.0,9,0.324074,135,0.5,135,-0.324074,-0.5
d6vk6c_,a.23.3.1,0.0,0,0.0,0,0.0,0,0.0,0.0
d1owla2,c.28.1.1,0.0,0,0.0,0,0.0,0,0.0,0.0
d2giab1,d.18.1.4,0.0,0,0.0,0,0.0,0,0.0,0.0
d2lsna1,c.55.3.1,0.0,2,0.285714,61,0.107143,61,-0.285714,-0.107143
d5iaia_,c.94.1.0,0.0,20,0.0,0,0.0,0,0.0,0.0
d2fdbm1,b.42.1.1,0.0,0,0.909091,16,0.909091,16,-0.909091,-0.909091
d2yzha1,c.47.1.0,0.0,2,0.326316,215,0.578947,215,-0.326316,-0.578947
d2i5ea1,c.68.1.21,0.0,0,0.0,0,0.0,0,0.0,0.0
d2f6ua1,c.1.4.1,0.0,3,0.777778,27,0.888889,27,-0.777778,-0.888889
d1k04a_,a.24.14.1,0.0,0,0.0,0,0.0,0,0.0,0.0
d4n7ia1,b.29.1.0,0.0,2,0.0,0,0.0,0,0.0,0.0
d2basa2,d.110.6.2,0.0,0,0.666667,11,0.666667,11,-0.666667,-0.666667
d1q6oa_,c.1.2.3,0.0,6,0.941176,39,0.970588,39,-0.941176,-0.970588
d2giaa1,d.18.1.4,0.0,0,0.0,0,0.0,0,0.0,0.0
d2zp1a1,c.26.1.1,0.0,3,0.314286,53,0.257143,53,-0.314286,-0.257143
d1yb3a1,d.296.1.2,0.0,0,0.0,0,0.0,0,0.0,0.0
d4e01a2,d.122.1.4,0.0,2,0.0,0,0.0,0,0.0,0.0
d1dofa_,a.127.1.1,0.0,4,0.0,0,0.0,0,0.0,0.0
d4rjza_,c.94.1.0,0.0,9,0.0,0,0.0,0,0.0,0.0
d2hoea2,c.55.1.10,0.0,6,0.227273,102,0.272727,102,-0.227273,-0.272727
d3mdqa2,c.55.1.0,0.0,0,0.706897,102,0.344828,102,-0.706897,-0.344828
d6tvba1,b.19.1.0,0.0,3,0.0,0,0.0,0,0.0,0.0
d6u66a_,b.22.1.1,0.0,3,0.0,0,0.0,0,0.0,0.0
d3hqna3,c.49.1.1,0.0,2,0.5,5,0.0,5,-0.5,0.0
d3kzga_,c.94.1.0,0.0,13,0.0,0,0.0,0,0.0,0.0
d2pgca1,d.58.4.23,0.0,0,0.0,0,0.0,0,0.0,0.0
d1xkta1,c.69.1.22,0.0,12,0.0,0,0.0,0,0.0,0.0
d2b4va1,a.160.1.4,0.0,0,0.0,0,0.0,0,0.0,0.0
d5lxea_,c.1.16.0,0.0,2,0.875,14,0.875,14,-0.875,-0.875
d3ljsa1,c.72.1.0,0.0,4,0.941176,51,0.941176,51,-0.941176,-0.941176
d3cnxa1,d.17.4.17,0.0,2,0.0,0,0.0,0,0.0,0.0
d6jyyb_,c.72.1.0,0.0,3,0.647059,51,0.882353,51,-0.647059,-0.882353
d1lm5a_,d.211.2.1,0.0,0,0.0,0,0.0,0,0.0,0.0
d7aaca2,d.166.1.0,0.0,0,0.0,0,0.0,0,0.0,0.0
d5w83a_,c.97.3.1,0.0,0,0.5,6,0.5,6,-0.5,-0.5
d1k8ka2,c.55.1.1,0.0,2,0.361702,102,0.191489,102,-0.361702,-0.191489
d2fz4a1,c.37.1.19,0.0,11,0.0,0,0.0,0,0.0,0.0
d2cc0a1,c.6.2.3,0.0,0,0.692308,17,0.428571,18,-0.692308,-0.428571
d4ubta1,c.95.1.0,0.0,5,0.0,0,0.0,0,0.0,0.0
d1gqpa_,b.18.1.9,0.0,2,0.0,0,0.0,0,0.0,0.0
d1kmva_,c.71.1.1,0.0,3,0.0,0,0.0,0,0.0,0.0
d2i3oa1,d.153.1.6,0.5,3,0.0,37,0.0,42,0.5,0.5
d1vaja1,d.309.1.1,0.0,0,0.0,0,0.0,0,0.0,0.0
d1z72a_,a.132.1.0,0.0,3,0.0,0,0.0,0,0.0,0.0
d1ynpa1,c.1.7.0,0.4,6,0.875,19,0.875,19,-0.475,-0.475
g1mhm.1,d.156.1.1,0.0,0,0.0,0,0.0,0,0.0,0.0
d1vpja_,c.8.9.1,0.0,0,0.0,0,0.0,0,0.0,0.0
d1xs5a_,c.94.1.1,0.0,12,0.0,0,0.0,0,0.0,0.0
d1wkqa1,c.97.1.2,0.0,0,0.666667,24,0.611111,24,-0.666667,-0.611111
d1b3ua_,a.118.1.2,0.0,11,0.701754,59,0.508772,59,-0.701754,-0.508772
d1w5sa2,c.37.1.20,0.0,8,0.0,0,0.0,0,0.0,0.0
d3bofa1,c.1.21.2,0.0,0,0.888889,10,0.888889,10,-0.888889,-0.888889
d3l0ob2,c.37.1.0,0.0,6,0.0,0,0.0,0,0.0,0.0
d6zk911,c.142.1.0,0.0,0,0.0,0,0.0,0,0.0,0.0
d1xyza_,c.1.8.3,0.25,9,0.420561,135,0.64486,135,-0.17056100000000002,-0.39486
d1sr9a2,c.1.10.5,0.0,6,0.625,65,0.859375,65,-0.625,-0.859375
d1fo8a_,c.68.1.10,0.0,2,0.0,0,0.0,0,0.0,0.0
d3zzha_,c.73.1.0,0.0,3,0.0,0,0.0,0,0.0,0.0
d4wyda_,c.67.1.0,0.0,24,0.980769,143,0.980769,143,-0.980769,-0.980769
d1q6wa_,d.38.1.4,0.0,3,0.0,0,0.0,0,0.0,0.0
d7m32a3,c.3.1.1,0.0,4,0.0,0,0.0,0,0.0,0.0
d1aa6a1,b.52.2.2,0.0,0,0.9,15,0.8,15,-0.9,-0.8
d1gqea_,e.38.1.1,0.0,0,0.0,0,0.0,0,0.0,0.0
d1azza_,b.47.1.2,0.0,4,0.0,0,0.0,0,0.0,0.0
d3c20a1,c.73.1.3,0.0,4,0.0,0,0.0,0,0.0,0.0
d4oh3a_,f.38.1.3,0.0,9,0.0,0,0.0,0,0.0,0.0
d1v4pa_,d.67.1.2,0.0,0,0.5,3,0.5,3,-0.5,-0.5
d2i0ka2,d.145.1.0,0.0,2,0.0,0,0.0,0,0.0,0.0
d4g78a1,a.24.10.0,0.0,0,0.0,0,0.0,0,0.0,0.0
d2ocga_,c.69.1.0,0.0,9,0.0,0,0.0,0,0.0,0.0
d2zs0c_,a.1.1.0,0.0,3,0.861111,57,0.972222,57,-0.861111,-0.972222
d2nlya1,c.6.2.7,0.0,2,0.0,0,0.0,0,0.0,0.0
d1nupa_,c.26.1.3,0.0,2,0.195652,53,0.217391,53,-0.195652,-0.217391
d1kkoa1,c.1.11.2,0.0,4,0.969697,43,0.969697,43,-0.969697,-0.969697
d1tf5a3,c.37.1.19,0.0,6,0.0,0,0.0,0,0.0,0.0
d6bpla1,f.37.1.1,0.5,5,0.0,0,0.0,0,0.5,0.5
d2a9ua1,a.118.23.1,0.0,0,0.0,0,0.0,0,0.0,0.0
d3rkva_,a.118.8.0,0.0,3,0.534884,63,0.581395,63,-0.534884,-0.581395
d4gnia1,c.55.1.0,0.0,3,0.258621,102,0.0517241,102,-0.258621,-0.0517241
d2phna_,d.340.1.1,0.0,0,0.0,0,0.0,0,0.0,0.0
d5y5qa_,b.85.4.0,0.0,0,0.888889,15,0.888889,15,-0.888889,-0.888889
d1h54a2,b.30.5.3,0.0,2,0.04,26,0.0769231,27,-0.04,-0.0769231
d1yloa2,c.56.5.4,0.0,5,0.6,36,0.2,37,-0.6,-0.2
d3s40a_,e.52.1.0,0.0,2,0.0,0,0.0,0,0.0,0.0
d4wisa2,d.58.64.1,0.0,0,0.0,0,0.0,0,0.0,0.0
d2ehza2,d.32.1.0,0.3333333333333333,4,0.0,0,0.0,0,0.3333333333333333,0.3333333333333333
d5zgoa_,c.61.1.0,0.0,4,0.0,0,0.0,0,0.0,0.0
d1edta_,c.1.8.5,0.0,12,0.0731707,135,0.471545,135,-0.0731707,-0.471545
d1yfsa2,d.104.1.1,0.0,2,0.0,0,0.0,0,0.0,0.0
d3fega_,d.144.1.8,0.0,11,0.0,0,0.0,0,0.0,0.0
d1oyga_,b.67.2.2,0.0,2,0.0,0,0.0,0,0.0,0.0
d1z0wa_,d.14.1.0,0.25,5,0.0,0,0.0,0,0.25,0.25
d3tria1,c.2.1.0,0.0,10,0.0,0,0.0,0,0.0,0.0
g1f2t.1,c.37.1.12,0.0,19,0.0,0,0.0,0,0.0,0.0
d2fpna1,d.129.10.1,0.0,0,0.0,0,0.0,0,0.0,0.0
d2c9ja_,d.22.1.0,0.0,2,0.0,0,0.0,0,0.0,0.0
d3hl0a_,e.22.1.0,0.0,3,0.0,0,0.0,0,0.0,0.0
d1c1da1,c.2.1.7,0.0,15,0.0,0,0.0,0,0.0,0.0
d3otia1,c.87.1.13,0.0,3,0.0,0,0.0,0,0.0,0.0
d1u6ma1,d.108.1.1,0.0,2,0.0,0,0.0,0,0.0,0.0
d2a2ma1,a.132.1.3,0.0,0,0.0,0,0.0,0,0.0,0.0
d3ty4a_,c.77.1.0,0.0,4,0.0,0,0.0,0,0.0,0.0
d4i1da1,c.94.1.0,0.0,15,0.0,0,0.0,0,0.0,0.0
d2g5gx1,c.150.1.1,0.0,0,0.0,0,0.0,0,0.0,0.0
d1g6oa_,c.37.1.11,0.0,17,0.0,0,0.0,0,0.0,0.0
d2qjfa1,b.122.1.0,0.0,2,0.0,0,0.0,0,0.0,0.0
d5nx7a1,a.128.1.0,0.0,3,0.0,0,0.0,0,0.0,0.0
d1tvia_,d.92.1.15,0.0,2,0.025,42,0.0,42,-0.025,0.0
d4gq4a1,d.389.1.1,0.0,0,0.0,0,0.0,0,0.0,0.0
d1fm0e_,d.41.5.1,0.0,0,0.0,0,0.0,0,0.0,0.0
d1wywa_,c.18.1.2,0.0,0,0.0,0,0.0,0,0.0,0.0
d5voga1,c.61.1.0,0.0,2,0.0,0,0.0,0,0.0,0.0
d3beua_,b.47.1.1,0.0,4,0.0,0,0.0,0,0.0,0.0
d3r0sa_,b.81.1.0,0.0,2,0.846154,24,0.846154,24,-0.846154,-0.846154
d1saya2,c.23.12.2,0.0,0,0.0,11,0.0,11,0.0,0.0
d1d2na_,c.37.1.20,0.0,11,0.0,0,0.0,0,0.0,0.0
d2oeba1,a.70.2.1,0.0,0,0.0,0,0.0,0,0.0,0.0
d1wvta_,a.25.2.0,0.0,2,0.666667,6,0.333333,6,-0.666667,-0.333333
d1fmja_,c.37.1.5,0.0,18,0.0,0,0.0,0,0.0,0.0
d1l5ja3,c.83.1.1,0.0,2,0.0,0,0.0,0,0.0,0.0
d3o22a_,b.60.1.0,0.0,2,0.0,0,0.0,0,0.0,0.0
d2nrka1,d.218.1.14,0.0,2,0.0,0,0.0,0,0.0,0.0
d2j3wa_,d.110.4.3,0.0,0,0.0,0,0.0,0,0.0,0.0
d3mk1a_,c.76.1.1,0.0,3,0.0,0,0.0,0,0.0,0.0
d1v7za_,c.125.1.1,0.0,0,0.0,0,0.0,0,0.0,0.0
d4bvqa1,d.79.1.3,0.0,2,0.0,0,0.0,0,0.0,0.0
d3obfa1,d.110.2.0,0.0,0,0.727273,21,0.181818,21,-0.727273,-0.181818
d7buga1,b.33.1.0,0.0,0,0.0,0,0.0,0,0.0,0.0
d1z5za1,c.37.1.19,0.0,15,0.0,0,0.0,0,0.0,0.0
d3stya_,c.69.1.0,0.0,7,0.0,0,0.0,0,0.0,0.0
d1nrwa_,c.108.1.10,0.0,7,0.0,0,0.0,0,0.0,0.0
d1w66a1,d.104.1.3,0.0,2,0.0,0,0.0,0,0.0,0.0
d1jb7b_,b.40.4.3,0.0,2,0.268519,130,0.25,130,-0.268519,-0.25
d1gvua_,b.50.1.2,0.0,3,0.0,0,0.0,0,0.0,0.0
d1q1ua_,b.42.1.1,0.0,0,0.909091,16,0.909091,16,-0.909091,-0.909091
d1n7ka_,c.1.10.1,0.0,8,0.8,65,0.933333,65,-0.8,-0.933333
d3kb2a1,c.37.1.1,0.0,5,0.0,0,0.0,0,0.0,0.0
d1m1jb1,d.171.1.1,0.0,2,0.0,0,0.0,0,0.0,0.0
d1k2aa_,d.5.1.1,0.0,0,0.0,0,0.0,0,0.0,0.0
d2pbla1,c.69.1.2,0.0,10,0.0,0,0.0,0,0.0,0.0
d1yvra1,a.118.25.1,0.0,0,0.0,0,0.0,0,0.0,0.0
d2je8a4,b.18.1.5,0.0,0,0.0,0,0.0,0,0.0,0.0
d1wcwa1,c.113.1.1,0.0,0,0.0,0,0.0,0,0.0,0.0
d4zpca_,e.8.1.4,0.0,4,0.0,0,0.0,0,0.0,0.0
d2zkmx4,c.1.18.1,0.0,2,0.0,0,0.0,0,0.0,0.0
d2b0ta_,c.77.1.2,0.0,2,0.0,0,0.0,0,0.0,0.0
d1wa5c_,a.118.1.1,0.0,22,0.545455,59,0.454545,59,-0.545455,-0.454545
d3m00a2,a.128.1.3,0.0,7,0.0,0,0.0,0,0.0,0.0
d2atza1,d.264.1.3,0.0,0,0.0,0,0.0,0,0.0,0.0
d2cm5a_,b.7.1.2,0.0,0,0.761905,28,0.809524,28,-0.761905,-0.809524
d2pyya_,c.94.1.0,0.0,13,0.0,0,0.0,0,0.0,0.0
d3bwva_,c.108.1.0,0.0,5,0.0,0,0.0,0,0.0,0.0
d2x1ya1,a.98.1.1,0.0,0,0.0,0,0.0,0,0.0,0.0
d6byfa1,c.45.1.1,0.0,0,0.0,0,0.0,0,0.0,0.0
d1xnfa_,a.118.8.1,0.0,2,0.425,63,0.525,63,-0.425,-0.525
d1xuva1,d.129.3.5,0.0,3,0.818182,42,0.757576,42,-0.818182,-0.757576
d2dbna_,b.82.2.12,0.0,3,0.0,0,0.0,0,0.0,0.0
d2hcma1,c.45.1.0,0.0,0,0.0,0,0.0,0,0.0,0.0
d2vk8a3,c.36.1.0,0.0,4,0.0,0,0.0,0,0.0,0.0
d7lola_,c.42.1.0,0.0,3,0.0,0,0.0,0,0.0,0.0
d3g91a1,d.151.1.0,0.0,3,0.0,0,0.0,0,0.0,0.0
d1cz3a_,c.71.1.1,0.0,3,0.0,0,0.0,0,0.0,0.0
d1nn5a_,c.37.1.1,0.0,6,0.0,0,0.0,0,0.0,0.0
d2vhla2,c.1.9.10,0.0,4,0.758621,60,0.87931,60,-0.758621,-0.87931
d2ggca_,d.127.1.1,0.0,2,0.0,0,0.0,0,0.0,0.0
d1dc1a_,c.52.1.11,0.0,3,0.0,0,0.0,0,0.0,0.0
d4gnra_,c.93.1.0,0.0,12,0.0,0,0.0,0,0.0,0.0
d5r0db2,a.118.29.1,0.0,0,0.0,0,0.0,0,0.0,0.0
d1vkwa1,d.90.1.2,0.0,2,0.0,0,0.0,0,0.0,0.0
d6otva2,d.21.1.0,0.0,0,0.0,0,0.0,0,0.0,0.0
d2a6za1,b.29.1.13,0.0,4,0.0,0,0.0,0,0.0,0.0
d1gtta2,d.177.1.1,0.0,4,0.0,0,0.0,0,0.0,0.0
d5ycza_,b.42.4.0,0.0,0,0.857143,17,0.75,18,-0.857143,-0.75
d1lwha2,c.1.8.1,0.0,23,0.305556,135,0.75,135,-0.305556,-0.75
d2wsda3,b.6.1.0,0.0,2,0.764706,51,0.6,52,-0.764706,-0.6
d4kqca1,c.93.1.0,0.0,5,0.0,0,0.0,0,0.0,0.0
d1u7la_,e.57.1.1,0.0,0,0.0,0,0.0,0,0.0,0.0
d1q0ua_,c.37.1.19,0.0,16,0.0,0,0.0,0,0.0,0.0
d5kina_,c.1.2.0,0.0,6,0.863636,39,0.954545,39,-0.863636,-0.954545
d3ea0a1,c.37.1.0,0.0,13,0.0,0,0.0,0,0.0,0.0
d6sxta2,b.42.8.0,0.0,0,0.0,0,0.0,0,0.0,0.0
d3vava_,c.1.12.8,0.0,4,0.0,0,0.0,0,0.0,0.0
d1svba2,f.10.1.1,0.0,0,0.0,0,0.0,0,0.0,0.0
d1q8ia2,e.8.1.1,0.0,2,0.0,0,0.0,0,0.0,0.0
d4m9ca_,b.81.1.0,0.0,0,0.384615,24,0.461538,24,-0.384615,-0.461538
d3ka8a_,a.25.1.1,0.0,0,0.454545,55,0.757576,55,-0.454545,-0.757576
d3ju8a1,c.82.1.0,0.0,10,0.0,0,0.0,0,0.0,0.0
d1ff9a2,d.81.1.2,0.0,2,0.0,30,0.0,30,0.0,0.0
d6m09a_,b.45.1.0,0.0,3,0.689655,46,0.965517,46,-0.689655,-0.965517
d4he8m_,f.72.1.1,0.6521739130434783,162,0.0,0,0.0,0,0.6521739130434783,0.6521739130434783
d3f9ma1,c.55.1.0,0.0,3,0.431034,102,0.310345,102,-0.431034,-0.310345
d2oq5a_,b.47.1.0,0.0,6,0.0,0,0.0,0,0.0,0.0
d1zzma1,c.1.9.12,0.0,7,0.77193,60,0.929825,60,-0.77193,-0.929825
d1t36a5,d.142.1.2,0.0,3,0.772727,29,0.681818,29,-0.772727,-0.681818
d1h5qa_,c.2.1.2,0.0,21,0.0,0,0.0,0,0.0,0.0
d1vj7a2,d.218.1.8,0.0,0,0.0,0,0.0,0,0.0,0.0
d5bnza2,b.53.1.0,0.0,0,0.0,0,0.0,0,0.0,0.0
d1kbla1,c.1.12.2,0.0,0,0.0,0,0.0,0,0.0,0.0
d1fmca_,c.2.1.2,0.030303030303030304,34,0.0,0,0.0,0,0.030303030303030304,0.030303030303030304
d2x63a_,c.130.1.1,0.0,0,0.0,0,0.0,0,0.0,0.0
d3sk3a2,c.55.1.0,0.6666666666666666,4,0.413793,102,0.275862,102,0.2528736666666666,0.39080466666666663
d1ilwa_,c.33.1.3,0.0,3,0.0,0,0.0,0,0.0,0.0
d5le5a_,d.153.1.4,0.5,3,0.304348,37,0.25,42,0.195652,0.25
d4z9ha_,a.24.2.0,0.0,0,0.0,0,0.0,0,0.0,0.0
d4m1ha1,a.25.1.2,0.0,5,0.0222222,55,0.0444444,55,-0.0222222,-0.0444444
d1bd8a_,d.211.1.1,0.0,4,0.928571,32,0.928571,32,-0.928571,-0.928571
d1vfha1,b.49.2.2,0.0,2,0.0,8,0.0,8,0.0,0.0
d6rnka_,f.13.1.0,0.0,6,0.0,0,0.0,0,0.0,0.0
d2imqx_,d.151.1.2,0.0,0,0.0,0,0.0,0,0.0,0.0
d3kfla2,a.27.1.0,0.0,0,0.0,0,0.0,0,0.0,0.0
d2c0ua2,e.6.1.1,0.0,0,0.0,0,0.0,0,0.0,0.0
d1nqua_,c.16.1.1,0.0,0,0.0,0,0.0,0,0.0,0.0
d6foha_,d.177.1.1,0.0,0,0.0,0,0.0,0,0.0,0.0
d5ik2g_,c.49.2.0,0.0,2,0.666667,4,0.333333,4,-0.666667,-0.333333
d6r5ha_,b.50.1.0,0.0,5,0.0,0,0.0,0,0.0,0.0
d1rqga1,a.27.1.1,0.0,0,0.0,0,0.0,0,0.0,0.0
d1rx0a2,e.6.1.1,0.0,5,0.0,0,0.0,0,0.0,0.0
d2bw4a1,b.6.1.3,0.0,0,0.777778,51,0.621622,52,-0.777778,-0.621622
d3ed5a_,c.108.1.0,0.0,3,0.0,0,0.0,0,0.0,0.0
d3bqoa_,a.146.1.1,0.0,0,0.0,0,0.0,0,0.0,0.0
d1pmhx_,b.18.1.18,0.0,5,0.0,0,0.0,0,0.0,0.0
d7jv7a_,d.144.1.0,0.0625,33,0.0,0,0.0,0,0.0625,0.0625
d4yv7a_,c.93.1.0,0.0,13,0.0,0,0.0,0,0.0,0.0
d1t3ta5,d.79.4.1,0.0,0,0.8,11,0.0,11,-0.8,0.0
d3beca2,e.3.1.1,0.0,3,0.0,0,0.0,0,0.0,0.0
d1j3ba2,c.109.1.1,0.0,2,0.0,0,0.0,0,0.0,0.0
d4p2fa_,d.58.29.0,0.0,0,0.833333,13,0.833333,13,-0.833333,-0.833333
d5opfa_,b.1.18.0,0.0,2,0.140625,92,0.0,92,-0.140625,0.0
d1rxqa_,a.213.1.1,0.0,0,0.0,0,0.0,0,0.0,0.0
d6gqza_,b.60.1.1,0.0,3,0.0,0,0.0,0,0.0,0.0
d1akya1,c.37.1.1,0.0,9,0.0,0,0.0,0,0.0,0.0
d5ktia1,d.169.1.0,0.0,0,0.0,0,0.0,0,0.0,0.0
d3a74a1,b.40.4.1,0.0,2,0.314961,130,0.385827,130,-0.314961,-0.385827
d1njra_,c.50.1.2,0.0,0,0.0,0,0.0,0,0.0,0.0
d3odga_,c.56.2.0,0.0,3,0.916667,20,0.916667,20,-0.916667,-0.916667
d2czra1,c.52.4.1,0.0,0,0.0,0,0.0,0,0.0,0.0
d4qhea_,d.151.1.1,0.6666666666666666,4,0.0,0,0.0,0,0.6666666666666666,0.6666666666666666
d1ufoa_,c.69.1.27,0.0,15,0.0,0,0.0,0,0.0,0.0
d2opib_,c.74.1.0,0.0,0,0.0,0,0.0,0,0.0,0.0
d2ddra1,d.151.1.3,0.0,0,0.0,0,0.0,0,0.0,0.0
d4mx6a_,c.94.1.0,0.0,10,0.0,0,0.0,0,0.0,0.0
d6raha1,f.37.1.0,0.0,7,0.0,0,0.0,0,0.0,0.0
d1mkya1,c.37.1.8,0.0,7,0.0,0,0.0,0,0.0,0.0
d3ipla1,e.23.1.0,0.5,7,0.0,0,0.0,0,0.5,0.5
d2f20a1,d.303.1.1,0.0,0,0.0,0,0.0,0,0.0,0.0
d4v0fa1,b.18.1.30,0.0,0,0.0,0,0.0,0,0.0,0.0
d5foka1,f.4.3.0,0.0,3,0.916667,18,0.916667,18,-0.916667,-0.916667
d1ddba_,f.1.4.1,0.0,0,0.571429,13,0.714286,13,-0.571429,-0.714286
d3hxia1,d.86.1.0,0.0,0,0.0,0,0.0,0,0.0,0.0
d3afma_,c.2.1.0,0.04,26,0.0,0,0.0,0,0.04,0.04
d1v93a_,c.1.23.1,0.0,5,0.333333,4,0.333333,4,-0.333333,-0.333333
d1zbpa1,e.61.1.1,0.0,0,0.0,0,0.0,0,0.0,0.0
d2vboa_,d.95.2.1,0.0,2,0.6,12,0.4,12,-0.6,-0.4
d4yuca2,c.95.1.0,0.0,3,0.0,0,0.0,0,0.0,0.0
d1jyha_,d.60.1.3,0.0,0,0.0,0,0.0,0,0.0,0.0
d1nnla_,c.108.1.4,0.0,3,0.0,0,0.0,0,0.0,0.0
d1ga2a2,b.2.2.2,1.0,2,0.4,22,0.4,22,0.6,0.6
d1ijba_,c.62.1.1,0.0,0,0.0,0,0.0,0,0.0,0.0
d6pyma_,b.47.1.1,0.25,5,0.0,0,0.0,0,0.25,0.25
d3b6ha1,a.104.1.0,0.0,14,0.0,0,0.0,0,0.0,0.0
d5idqa1,c.2.1.0,0.0,24,0.0,0,0.0,0,0.0,0.0
d5gvya_,b.77.3.0,0.0,0,0.75,5,0.6,6,-0.75,-0.6
d3c07a2,a.121.1.1,0.0,0,0.0,0,0.0,0,0.0,0.0
d1ux6a1,b.29.1.16,0.0,3,0.0,0,0.0,0,0.0,0.0
d1ii7a_,d.159.1.4,0.0,2,0.0,0,0.0,0,0.0,0.0
d1gdha1,c.2.1.4,0.0,14,0.0,0,0.0,0,0.0,0.0
d2pbja1,a.45.1.1,0.0,3,0.0,0,0.0,0,0.0,0.0
d3ck2a1,d.159.1.7,0.0,2,0.0,0,0.0,0,0.0,0.0
d1reqb2,c.23.6.1,0.0,0,0.0,0,0.0,0,0.0,0.0
d2akoa1,c.73.1.3,0.0,3,0.0,0,0.0,0,0.0,0.0
d2j01f1,c.22.1.1,0.0,0,0.0,0,0.0,0,0.0,0.0
d1guda_,c.93.1.1,0.0,8,0.0,0,0.0,0,0.0,0.0
d1z2ia_,c.122.1.0,0.0,5,0.0,0,0.0,0,0.0,0.0
d3ju4a1,b.68.1.2,0.0,2,0.0,0,0.0,0,0.0,0.0
d2duma_,c.26.2.0,0.0,4,0.111111,39,0.259259,39,-0.111111,-0.259259
d2j13a1,c.6.2.3,0.0,2,0.846154,17,0.428571,18,-0.846154,-0.428571
d4dqqa1,c.55.3.0,0.0,0,0.26,61,0.22,61,-0.26,-0.22
d5m29a_,c.92.2.2,0.0,3,0.742857,38,0.942857,38,-0.742857,-0.942857
d3tg0a_,c.76.1.1,0.0,2,0.0,0,0.0,0,0.0,0.0
d1t5ia_,c.37.1.19,0.125,9,0.0,0,0.0,0,0.125,0.125
g1avo.1,a.24.8.1,0.0,0,0.0,0,0.0,0,0.0,0.0
d3wi7a_,c.69.1.0,0.0,12,0.0,0,0.0,0,0.0,0.0
d2y7ia_,c.94.1.0,0.0,14,0.0,0,0.0,0,0.0,0.0
d7jqya_,c.69.1.0,0.0,11,0.0,0,0.0,0,0.0,0.0
d3hwua_,d.290.1.0,0.0,0,0.0,0,0.0,0,0.0,0.0
d1wdja_,c.52.1.27,0.0,2,0.0,0,0.0,0,0.0,0.0
d2c71a1,c.6.2.3,0.0,0,0.769231,17,0.428571,18,-0.769231,-0.428571
d3gkba1,c.14.1.0,0.0,7,0.0,0,0.0,0,0.0,0.0
d3rjta1,c.23.10.0,0.0,3,0.785714,20,0.857143,20,-0.785714,-0.857143
d2o5ua2,d.38.1.1,0.0,2,0.0,0,0.0,0,0.0,0.0
d1lw7a1,c.26.1.3,0.0,0,0.217391,53,0.173913,53,-0.217391,-0.173913
d2x55a1,f.4.4.0,0.0,0,0.0,0,0.0,0,0.0,0.0
d2jgqa_,c.1.1.0,0.0,0,0.666667,6,0.666667,6,-0.666667,-0.666667
d4e3ya_,d.4.1.2,0.0,0,0.0,0,0.0,0,0.0,0.0
d2ktea1,d.129.3.5,0.0,0,0.69697,42,0.757576,42,-0.69697,-0.757576
d5dysa_,f.13.1.2,0.0,12,0.0,0,0.0,0,0.0,0.0
d3m5ka_,d.90.1.0,0.0,4,0.0,0,0.0,0,0.0,0.0
d1ynba1,a.211.1.1,0.0,3,0.0,0,0.0,0,0.0,0.0
d6fyqa_,c.67.1.0,0.14285714285714285,29,0.942308,143,0.980769,143,-0.7994508571428571,-0.8379118571428572
d5cgea1,c.72.1.0,0.0,4,0.882353,51,0.882353,51,-0.882353,-0.882353
d2cy2a1,d.108.1.1,0.0,4,0.0,0,0.0,0,0.0,0.0
d3lnua2,d.14.1.0,0.0,4,0.0,0,0.0,0,0.0,0.0
d2g2jc_,c.37.1.0,0.0,12,0.0,0,0.0,0,0.0,0.0
d1nvmb2,d.81.1.1,0.0,0,0.227273,30,0.0,30,-0.227273,0.0
d2jd4a1,b.29.1.0,0.25,5,0.0,0,0.0,0,0.25,0.25
d4krea3,c.55.3.0,0.0,4,0.22,61,0.08,61,-0.22,-0.08
d4j7aa_,c.69.1.0,0.0,12,0.0,0,0.0,0,0.0,0.0
d2dwka_,a.256.1.1,0.0,0,0.0,0,0.0,0,0.0,0.0
d1fc6a4,c.14.1.2,0.0,2,0.0,0,0.0,0,0.0,0.0
d2qrde1,d.37.1.1,0.0,0,0.0,0,0.0,0,0.0,0.0
d3qvma_,c.69.1.0,0.0,9,0.0,0,0.0,0,0.0,0.0
d5b5eo_,f.4.1.4,0.0,0,0.0,0,0.0,0,0.0,0.0
d1hwma_,d.165.1.1,0.0,6,0.0,0,0.0,0,0.0,0.0
d1ilr1_,b.42.1.2,0.0,0,0.923077,16,0.923077,16,-0.923077,-0.923077
d1nsza1,b.30.5.4,0.0,2,0.541667,26,0.12,27,-0.541667,-0.12
d1jfua_,c.47.1.10,0.3333333333333333,4,0.541237,215,0.561856,215,-0.20790366666666665,-0.2285226666666667
d4nmwa_,c.69.1.26,0.0,8,0.0,0,0.0,0,0.0,0.0
d1l6ra1,c.108.1.10,0.0,5,0.0,0,0.0,0,0.0,0.0
d2p0sa1,c.94.1.3,0.0,7,0.0,0,0.0,0,0.0,0.0
d2w70a2,d.142.1.2,0.0,2,0.772727,29,0.681818,29,-0.772727,-0.681818
d1zj9a2,d.58.36.1,0.0,2,0.857143,8,0.857143,8,-0.857143,-0.857143
d4yn5a_,c.1.8.3,0.0,12,0.504673,135,0.588785,135,-0.504673,-0.588785
d1ofda3,d.153.1.1,0.0,0,0.0,37,0.0,42,0.0,0.0
d1uxoa_,c.69.1.31,0.0,4,0.0,0,0.0,0,0.0,0.0
d1piwa2,c.2.1.1,0.0,12,0.0,0,0.0,0,0.0,0.0
d6l1oa_,c.67.1.0,0.09523809523809523,22,0.980769,143,0.980769,143,-0.8855309047619048,-0.8855309047619048
d2zs0d_,a.1.1.0,0.0,3,0.888889,57,0.972222,57,-0.888889,-0.972222
d3uksa_,e.7.1.0,0.4,6,0.0,0,0.0,0,0.4,0.4
d3ik4a2,c.1.11.0,0.0,4,0.923077,43,0.923077,43,-0.923077,-0.923077
d7bipa_,c.1.16.0,0.0,2,0.875,14,0.875,14,-0.875,-0.875
d3no3a1,c.1.18.0,0.0,0,0.625,16,0.5,16,-0.625,-0.5
d2hv2a2,d.108.1.10,0.0,2,0.0,0,0.0,0,0.0,0.0
d1guxa_,a.74.1.3,0.0,0,0.0,0,0.0,0,0.0,0.0
d2p5sa_,c.37.1.0,0.0,12,0.0,0,0.0,0,0.0,0.0
d1bvp11,a.115.1.1,0.0,0,0.0,0,0.0,0,0.0,0.0
d1w36c1,c.37.1.19,0.0,13,0.0,0,0.0,0,0.0,0.0
d5zuia2,c.37.1.0,0.0,10,0.0,0,0.0,0,0.0,0.0
d1tdja1,c.79.1.1,0.0,5,0.0,0,0.0,0,0.0,0.0
d2pbea1,a.160.1.5,0.0,0,0.0,0,0.0,0,0.0,0.0
d6hn1a2,a.126.1.0,0.0,2,0.0,0,0.0,0,0.0,0.0
d4iuja_,e.77.1.1,0.0,2,0.0,0,0.0,0,0.0,0.0
d1h3fa1,c.26.1.1,0.0,6,0.371429,53,0.257143,53,-0.371429,-0.257143
d1mxra_,a.25.1.2,0.0,8,0.0666667,55,0.133333,55,-0.0666667,-0.133333
d4jwva1,c.14.1.0,0.0,9,0.0,0,0.0,0,0.0,0.0
d1pj3a1,c.2.1.7,0.0,11,0.0,0,0.0,0,0.0,0.0
d2nxya1,d.172.1.1,0.0,0,0.0,0,0.0,0,0.0,0.0
d2c2ia1,d.38.1.4,0.0,2,0.0,0,0.0,0,0.0,0.0
d3edea2,c.1.8.1,0.0,14,0.5,135,0.87037,135,-0.5,-0.87037
d1u0bb1,a.27.1.1,0.0,2,0.0,0,0.0,0,0.0,0.0
d1u09a1,e.8.1.4,0.0,6,0.0,0,0.0,0,0.0,0.0
d2weia1,d.144.1.0,0.11904761904761904,43,0.0,0,0.0,0,0.11904761904761904,0.11904761904761904
d2jaha_,c.2.1.0,0.0,15,0.0,0,0.0,0,0.0,0.0
d5ohka_,d.3.1.0,0.0,3,0.0,0,0.0,0,0.0,0.0
d5a0yb1,d.58.31.2,1.0,3,0.25,5,0.25,5,0.75,0.75
d4pfya1,c.94.1.1,0.0,16,0.0,0,0.0,0,0.0,0.0
d6hsaa1,c.23.13.0,0.0,0,0.0,0,0.0,0,0.0,0.0
d6ueza1,a.104.1.0,0.25,9,0.0,0,0.0,0,0.25,0.25
d1vz6a_,d.154.1.2,0.0,0,0.0,0,0.0,0,0.0,0.0
d4p79a1,f.63.1.1,0.0,3,0.0,0,0.0,0,0.0,0.0
d1y8xa1,d.20.1.1,0.0,7,0.0,0,0.0,0,0.0,0.0
d2yyua_,c.1.2.3,0.0,4,0.705882,39,0.970588,39,-0.705882,-0.970588
d4pj3a3,c.37.1.19,0.0,22,0.0,0,0.0,0,0.0,0.0
d1npya1,c.2.1.7,0.0,13,0.0,0,0.0,0,0.0,0.0
d2g84a1,c.97.1.2,0.0,2,0.555556,24,0.333333,24,-0.555556,-0.333333
d3zsja_,b.29.1.3,0.0,0,0.0,0,0.0,0,0.0,0.0
d1xrta2,c.1.9.6,0.0,3,0.672727,60,0.945455,60,-0.672727,-0.945455
d6pypa1,c.2.1.0,0.0,6,0.0,0,0.0,0,0.0,0.0
d4kfna1,d.41.2.0,0.0,0,0.444444,17,0.333333,17,-0.444444,-0.333333
d1m3sa1,c.80.1.3,0.0,0,0.0,0,0.0,0,0.0,0.0
d1vr0a1,c.148.1.1,0.0,0,0.0,0,0.0,0,0.0,0.0
d3gi1a_,c.92.2.0,0.0,5,0.769231,38,0.923077,38,-0.769231,-0.923077
d2f9yb1,c.14.1.4,0.0,5,0.0,0,0.0,0,0.0,0.0
d2c1xa1,c.87.1.10,0.2,6,0.0,0,0.0,0,0.2,0.2
d1pgua1,b.69.4.1,0.25,5,0.615385,28,0.769231,28,-0.36538499999999996,-0.519231
d4m1ba_,c.6.2.0,0.0,0,0.785714,17,0.466667,18,-0.785714,-0.466667
d1vkha1,c.69.1.32,0.0,5,0.0,0,0.0,0,0.0,0.0
d4am1a2,d.128.1.2,0.0,0,0.0,0,0.0,0,0.0,0.0
g1d2v.1,a.93.1.2,0.0,2,0.0,0,0.0,0,0.0,0.0
d4my5a_,c.67.1.0,0.0,18,0.980769,143,0.980769,143,-0.980769,-0.980769
d4nqra_,c.93.1.0,0.0,8,0.0,0,0.0,0,0.0,0.0
d1dypa_,b.29.1.2,0.0,3,0.0,0,0.0,0,0.0,0.0
d7cmna2,d.96.1.4,0.0,0,0.857143,18,0.714286,18,-0.857143,-0.714286
d1t0ba_,c.23.16.6,0.0,2,0.0,0,0.0,0,0.0,0.0
d1fn9a_,d.196.1.1,0.0,0,0.0,0,0.0,0,0.0,0.0
d7ne5a1,b.69.7.0,0.0,2,0.5,7,0.5,7,-0.5,-0.5
d4mzaa_,b.68.1.1,0.0,2,0.666667,16,0.166667,16,-0.666667,-0.166667
d1nuia1,e.13.1.2,0.0,0,0.0,0,0.0,0,0.0,0.0
d1r89a3,d.58.16.2,0.0,0,0.0,0,0.0,0,0.0,0.0
d2yjtd_,c.37.1.0,0.2727272727272727,12,0.0,0,0.0,0,0.2727272727272727,0.2727272727272727
d4l1fa1,e.6.1.0,1.0,3,0.0,0,0.0,0,1.0,1.0
d1e7ua3,d.15.1.5,0.0,3,0.971014,78,0.913043,78,-0.971014,-0.913043
d4fkma_,c.92.2.0,0.0,6,0.615385,38,0.769231,38,-0.615385,-0.769231
d3bwha_,d.165.1.1,0.0,3,0.0,0,0.0,0,0.0,0.0
d1iknd_,d.211.1.1,0.0,4,0.928571,32,0.928571,32,-0.928571,-0.928571
d4demf_,a.128.1.1,0.0,3,0.0,0,0.0,0,0.0,0.0
d2fiwa1,d.108.1.1,0.0,5,0.0,0,0.0,0,0.0,0.0
d4euoa_,c.94.1.0,0.0,14,0.0,0,0.0,0,0.0,0.0
d2cf7a_,a.25.1.1,0.0,2,0.484848,55,0.757576,55,-0.484848,-0.757576
d3c7xa_,b.66.1.0,0.0,2,0.0,0,0.0,0,0.0,0.0
d1w7ja2,c.37.1.9,0.037037037037037035,28,0.0,0,0.0,0,0.037037037037037035,0.037037037037037035
d2m72a1,c.47.1.0,0.0,0,0.547368,215,0.610526,215,-0.547368,-0.610526
d1egua1,a.102.3.2,0.0,2,0.0,6,0.5,6,0.0,-0.5
d4q34a_,c.69.1.0,0.0,9,0.0,0,0.0,0,0.0,0.0
d3ul4a_,b.2.2.0,0.0,4,0.545455,22,0.545455,22,-0.545455,-0.545455
d3ryce1,a.137.10.1,0.0,0,0.0,0,0.0,0,0.0,0.0
d2aioa_,d.157.1.1,0.0,5,0.0,0,0.0,0,0.0,0.0
d6ktha1,a.39.1.0,0.0,2,0.693878,73,0.795918,73,-0.693878,-0.795918
d2yxda_,c.66.1.0,0.0,7,0.0,0,0.0,0,0.0,0.0
d3sfxa_,a.118.6.0,0.0,2,0.666667,5,0.666667,5,-0.666667,-0.666667
d6ifka2,d.58.53.7,0.0,2,0.0,17,0.0,17,0.0,0.0
d1tl2a_,b.67.1.1,0.0,0,0.0,0,0.0,0,0.0,0.0
d2wt3a2,c.23.11.1,0.0,0,0.5,3,0.5,3,-0.5,-0.5
d1i2aa_,e.24.1.1,0.0,2,0.0,0,0.0,0,0.0,0.0
d3i9la_,c.23.14.3,0.0,0,0.0,8,0.0,8,0.0,0.0
d2o57a1,c.66.1.18,0.0,4,0.0,0,0.0,0,0.0,0.0
d3n6qa_,c.1.7.0,0.0,4,0.875,19,0.875,19,-0.875,-0.875
d5swca1,c.53.2.0,0.0,0,0.8,13,0.8,13,-0.8,-0.8
d4fc3e_,b.1.28.0,0.0,0,0.666667,7,0.666667,7,-0.666667,-0.666667
d3zpya_,b.29.1.0,0.0,0,0.0,0,0.0,0,0.0,0.0
d2ps1a_,c.61.1.0,0.0,2,0.0,0,0.0,0,0.0,0.0
d3ar4a3,c.108.1.7,0.0,3,0.0,0,0.0,0,0.0,0.0
d1l3ia_,c.66.1.22,0.0,9,0.0,0,0.0,0,0.0,0.0
d1o75a3,b.120.1.1,0.0,0,0.0,0,0.0,0,0.0,0.0
d3c0na2,f.8.1.1,0.0,0,0.0,0,0.0,0,0.0,0.0
d6s98a_,d.20.1.1,0.0,6,0.0,0,0.0,0,0.0,0.0
d1kxpd1,a.126.1.1,0.0,2,0.0,0,0.0,0,0.0,0.0
d1hw7a_,d.193.1.1,0.0,0,0.0,0,0.0,0,0.0,0.0
d6eqea1,c.69.1.0,0.0,3,0.0,0,0.0,0,0.0,0.0
d1oi7a2,c.23.4.1,0.0,0,0.0,0,0.0,0,0.0,0.0
d1eera_,a.26.1.2,0.0,0,0.0,0,0.0,0,0.0,0.0
d4cvqa_,c.67.1.0,0.0,23,0.980769,143,0.980769,143,-0.980769,-0.980769
d5eq7a_,e.7.1.0,0.0,2,0.0,0,0.0,0,0.0,0.0
d1g2oa_,c.56.2.1,0.5,5,0.9,20,0.9,20,-0.4,-0.4
d3fn1b_,d.20.1.0,0.0,2,0.0,0,0.0,0,0.0,0.0
d1uwva2,c.66.1.40,0.0,6,0.0,0,0.0,0,0.0,0.0
d2hr3a1,a.4.5.28,0.0,3,0.512931,252,0.336207,252,-0.512931,-0.336207
d1kola1,b.35.1.2,0.0,0,0.0,20,0.0,20,0.0,0.0
d1zema1,c.2.1.2,0.0,23,0.0,0,0.0,0,0.0,0.0
d1knwa1,b.49.2.3,0.0,0,0.4,8,0.2,8,-0.4,-0.2
d1n12a_,b.2.3.2,0.0,2,0.285714,22,0.285714,22,-0.285714,-0.285714
d3zqua_,c.34.1.0,0.0,2,0.0,0,0.0,0,0.0,0.0
d6hrla_,b.68.11.0,0.0,2,0.5,4,0.5,4,-0.5,-0.5
d4i43b4,e.8.1.8,0.0,8,0.0,0,0.0,0,0.0,0.0
d1viaa_,c.37.1.2,0.0,8,0.0,0,0.0,0,0.0,0.0
d1wdda1,c.1.14.1,0.0,0,0.5,5,0.5,5,-0.5,-0.5
d2nyta1,c.97.1.6,0.0,3,0.227273,24,0.0,24,-0.227273,0.0
d2pv4a1,a.286.1.1,0.0,0,0.0,0,0.0,0,0.0,0.0
d1vmea2,d.157.1.3,0.0,0,0.0,0,0.0,0,0.0,0.0
d3w94a_,b.47.1.2,0.0,6,0.0,0,0.0,0,0.0,0.0
d1vq8l1,c.12.1.1,0.0,0,0.0,0,0.0,0,0.0,0.0
d1wixa1,a.40.3.1,0.0,0,0.0,0,0.0,0,0.0,0.0
d2c8ee_,d.166.1.1,0.0,2,0.0,0,0.0,0,0.0,0.0
d4bcda2,c.69.1.4,0.0,7,0.0,0,0.0,0,0.0,0.0
d6ihea2,d.162.1.0,0.0,5,0.0,0,0.0,0,0.0,0.0
d6uwwa_,c.71.1.1,0.0,0,0.0,0,0.0,0,0.0,0.0
d3gt5a1,a.102.1.0,0.0,7,0.952381,28,0.952381,28,-0.952381,-0.952381
d2ex0a1,c.87.1.9,0.0,3,0.0,0,0.0,0,0.0,0.0
d2gf3a1,c.3.1.2,0.0,3,0.0,0,0.0,0,0.0,0.0
d3oama_,c.68.1.13,0.0,4,0.0,0,0.0,0,0.0,0.0
d1zx5a1,b.82.1.3,0.0,2,0.809524,65,0.968254,65,-0.809524,-0.968254
d1xr4a2,c.124.1.2,0.0,0,0.0,0,0.0,0,0.0,0.0
d4gbua_,c.1.4.1,0.6,6,0.555556,27,0.888889,27,0.04444399999999993,-0.28888900000000006
d4im7a2,a.100.1.0,0.0,2,0.0,0,0.0,0,0.0,0.0
d2ixma1,a.268.1.1,0.0,3,0.0,0,0.0,0,0.0,0.0
d1cfza_,c.56.1.1,0.0,0,0.0,0,0.0,0,0.0,0.0
d1o98a1,c.105.1.1,0.0,0,0.0,0,0.0,0,0.0,0.0
d1ehia2,d.142.1.1,0.0,7,0.821429,29,0.821429,29,-0.821429,-0.821429
d5a5wa_,c.1.2.0,0.0,0,0.954545,39,0.954545,39,-0.954545,-0.954545
d5yu3a_,c.2.1.0,0.0,27,0.0,0,0.0,0,0.0,0.0
d2ozza1,c.94.1.1,0.0,11,0.0,0,0.0,0,0.0,0.0
d1ihga1,a.118.8.1,0.0,6,0.375,63,0.475,63,-0.375,-0.475
d1pw4a1,f.38.1.1,0.0,83,0.0,0,0.0,0,0.0,0.0
d1pd0a3,c.62.1.2,0.0,0,0.0,0,0.0,0,0.0,0.0
d6cnga_,c.119.1.0,0.0,2,0.0,0,0.0,0,0.0,0.0
d3h7ma_,c.94.1.0,0.0,18,0.0,0,0.0,0,0.0,0.0
d3awua1,a.86.1.3,0.0,0,0.0,0,0.0,0,0.0,0.0
d2dfka2,b.55.1.1,0.0,2,0.866667,86,0.977778,86,-0.866667,-0.977778
d4jq6a_,f.13.1.0,0.20833333333333334,25,0.0,0,0.0,0,0.20833333333333334,0.20833333333333334
g1or0.1,d.153.1.2,0.0,4,0.0,0,0.0,42,0.0,0.0
d1uynx_,f.4.5.1,0.0,0,0.0,0,0.0,0,0.0,0.0
d3u9wa1,b.98.1.1,0.0,0,0.0,0,0.0,0,0.0,0.0
d1xqba_,e.56.1.1,0.0,0,0.0,0,0.0,0,0.0,0.0
d3pnua1,c.1.9.0,0.2,6,0.625,60,0.95,60,-0.425,-0.75
d1edza2,c.58.1.2,0.0,0,0.0,0,0.0,0,0.0,0.0
d3d1ka_,a.1.1.2,0.0,3,0.818182,57,0.939394,57,-0.818182,-0.939394
d6l0aa_,c.1.9.0,0.0,8,0.65,60,0.9,60,-0.65,-0.9
d1ur1a1,c.1.8.3,0.0,11,0.429907,135,0.551402,135,-0.429907,-0.551402
d1nkta2,a.172.1.1,0.0,2,0.0,0,0.0,0,0.0,0.0
d4ygra1,c.108.1.0,0.0,7,0.0,0,0.0,0,0.0,0.0
d3orka1,d.144.1.7,0.15384615384615385,14,0.0,0,0.0,0,0.15384615384615385,0.15384615384615385
d6nyta1,b.7.1.0,0.0,0,0.9,28,0.85,28,-0.9,-0.85
d1nria_,c.80.1.3,0.0,0,0.0,0,0.0,0,0.0,0.0
d3ep1a_,d.118.1.0,0.0,0,0.0,0,0.0,0,0.0,0.0
d1t3ta2,c.23.16.1,0.0,0,0.62069,42,0.310345,42,-0.62069,-0.310345
d2fbha1,a.4.5.28,0.0,0,0.607759,252,0.387931,252,-0.607759,-0.387931
d3rkra_,c.2.1.0,0.0,20,0.0,0,0.0,0,0.0,0.0
g1m93.1,e.1.1.1,0.0,4,0.0,0,0.0,0,0.0,0.0
d1yvua1,b.34.14.1,0.0,0,0.5,4,0.0,4,-0.5,0.0
d2c6qa1,c.1.5.0,0.0,0,0.666667,4,0.666667,4,-0.666667,-0.666667
d6vwxa_,f.14.1.0,0.3333333333333333,10,0.5,13,0.666667,13,-0.16666666666666669,-0.3333336666666667
d3pe6a_,c.69.1.0,0.0,10,0.0,0,0.0,0,0.0,0.0
d2fg1a2,c.50.1.2,0.0,0,0.0,0,0.0,0,0.0,0.0
d2nqra2,b.103.1.1,0.0,2,0.0,0,0.0,0,0.0,0.0
d4bpza1,b.29.1.0,0.0,4,0.0,0,0.0,0,0.0,0.0
d5wjpa1,c.94.1.0,0.125,9,0.0,0,0.0,0,0.125,0.125
d4adba_,c.67.1.0,0.25,21,0.980769,143,0.980769,143,-0.730769,-0.730769
d3gowa_,c.14.1.0,0.0,15,0.0,0,0.0,0,0.0,0.0
d5ggya1,c.92.2.0,0.0,2,0.769231,38,0.923077,38,-0.769231,-0.923077
d2olua1,d.2.1.10,0.0,6,0.0,0,0.0,0,0.0,0.0
d2eyqa3,c.37.1.19,0.1,11,0.0,0,0.0,0,0.1,0.1
d3fe3a_,d.144.1.0,0.12,26,0.0,0,0.0,0,0.12,0.12
d2slia2,b.68.1.1,0.0,3,0.0,16,0.333333,16,0.0,-0.333333
d4cu7a1,b.18.1.5,0.0,0,0.0,0,0.0,0,0.0,0.0
d5c9ga1,c.14.1.0,0.25,13,0.0,0,0.0,0,0.25,0.25
d3hs3a1,c.93.1.0,0.0,6,0.0,0,0.0,0,0.0,0.0
d6a1ia1,a.102.4.0,0.0,2,0.0,0,0.0,14,0.0,0.0
d4jbea_,c.82.1.0,0.0,9,0.0,0,0.0,0,0.0,0.0
d3szva1,f.4.7.2,0.4,6,0.0,0,0.0,0,0.4,0.4
d2ofka_,a.96.1.4,0.0,0,0.0,0,0.0,0,0.0,0.0
d1qs1a1,d.166.1.1,0.0,0,0.0,0,0.0,0,0.0,0.0
d1vhqa_,c.23.16.2,0.0,3,0.342857,42,0.342857,42,-0.342857,-0.342857
d6ovqa_,c.1.7.0,0.0,4,0.875,19,0.875,19,-0.875,-0.875
d4s1ha1,c.72.1.0,0.0,7,0.882353,51,0.882353,51,-0.882353,-0.882353
d1szha1,a.226.1.1,0.0,0,0.0,0,0.0,0,0.0,0.0
d3gu3a_,c.66.1.49,0.0,4,0.0,0,0.0,0,0.0,0.0
d1z1wa2,d.92.1.13,0.0,5,0.225,42,0.05,42,-0.225,-0.05
d2i7xa1,d.157.1.10,0.0,3,0.0,0,0.0,0,0.0,0.0
d3c3ya_,c.66.1.1,0.0,10,0.0,0,0.0,0,0.0,0.0
d5ll1a2,d.96.1.0,0.0,0,0.923077,18,0.692308,18,-0.923077,-0.692308
d1vloa2,d.250.1.1,0.0,2,0.0,0,0.0,0,0.0,0.0
d3d6nb2,c.78.1.0,0.0,2,0.571429,21,0.571429,21,-0.571429,-0.571429
d1fx3a_,d.33.1.1,0.0,0,0.0,0,0.0,0,0.0,0.0
d1q47a_,b.69.12.1,0.0,0,0.0,0,0.0,0,0.0,0.0
d3l81a_,b.2.7.0,0.0,0,0.0,0,0.0,0,0.0,0.0
d3k9ca_,c.93.1.0,0.0,5,0.0,0,0.0,0,0.0,0.0
d5xvta2,c.36.1.0,0.0,2,0.0,0,0.0,0,0.0,0.0
d1w36b3,c.52.1.24,0.0,2,0.0,0,0.0,0,0.0,0.0
d2geya1,d.17.4.9,0.0,0,0.959459,76,0.972973,76,-0.959459,-0.972973
d6tt2a_,b.55.1.1,0.0,0,0.933333,86,0.977778,86,-0.933333,-0.977778
d4a8ta2,c.78.1.0,1.0,2,0.571429,21,0.571429,21,0.42857100000000004,0.42857100000000004
d3umoa_,c.72.1.0,0.0,2,0.941176,51,0.941176,51,-0.941176,-0.941176
d6rk0a_,b.45.1.0,0.0,2,0.896552,46,0.896552,46,-0.896552,-0.896552
d2g8ya_,c.122.1.0,0.0,3,0.0,0,0.0,0,0.0,0.0
d1seza1,c.3.1.2,0.0,4,0.0,0,0.0,0,0.0,0.0
d2ehja1,c.61.1.0,0.0,4,0.0,0,0.0,0,0.0,0.0
d1zcca1,c.1.18.3,0.0,0,0.692308,16,0.692308,16,-0.692308,-0.692308
d5zi2a2,d.162.1.0,0.0,2,0.0,0,0.0,0,0.0,0.0
d1ad2a_,e.24.1.1,0.0,0,0.0,0,0.0,0,0.0,0.0
d1gpja2,c.2.1.7,0.0,7,0.0,0,0.0,0,0.0,0.0
d1kp8a1,a.129.1.1,0.0,0,0.0,0,0.0,0,0.0,0.0
d1qzya2,d.127.1.1,0.0,0,0.0,0,0.0,0,0.0,0.0
d1h30a1,b.29.1.4,0.0,3,0.0,0,0.0,0,0.0,0.0
d3og2a4,b.18.1.0,0.0,2,0.0,0,0.0,0,0.0,0.0
d6lxua_,c.67.1.0,0.16666666666666666,25,0.961538,143,0.980769,143,-0.7948713333333334,-0.8141023333333334
d5d7wa1,d.92.1.0,0.0,2,0.233333,42,0.0666667,42,-0.233333,-0.0666667
d2q9ua2,c.23.5.1,0.0,0,0.935484,37,0.935484,37,-0.935484,-0.935484
d2ab4a2,d.265.1.2,1.0,2,0.0,0,0.0,0,1.0,1.0
d1j83a_,b.18.1.12,0.0,3,0.0,0,0.0,0,0.0,0.0
d4q6ba_,c.93.1.0,0.0,8,0.0,0,0.0,0,0.0,0.0
d2qp2a1,f.69.1.2,0.0,0,0.0,0,0.0,0,0.0,0.0
d6l86c_,b.82.2.0,0.0,3,0.333333,42,0.3,42,-0.333333,-0.3
d2au7a_,b.40.5.1,0.0,0,0.0,0,0.0,0,0.0,0.0
d1ybta_,d.58.29.0,0.0,0,0.833333,13,0.833333,13,-0.833333,-0.833333
d4nn3a_,c.94.1.0,0.0,19,0.0,0,0.0,0,0.0,0.0
d4h31a1,c.78.1.0,0.0,3,0.428571,21,0.428571,21,-0.428571,-0.428571
d2ct8a2,a.27.1.0,0.0,2,0.0,0,0.0,0,0.0,0.0
d3l60a_,c.43.1.0,0.0,3,0.0,0,0.0,0,0.0,0.0
d1ebua1,c.2.1.3,0.0,7,0.0,0,0.0,0,0.0,0.0
d2j16a_,c.45.1.0,0.0,2,0.0,0,0.0,0,0.0,0.0
d1vcha1,c.61.1.1,0.0,3,0.0,0,0.0,0,0.0,0.0
d3bvfa1,a.25.1.1,0.0,2,0.484848,55,0.757576,55,-0.484848,-0.757576
d4wwxx_,f.66.1.2,0.0,0,0.0,0,0.0,0,0.0,0.0
d2p39a_,b.42.1.0,0.0,0,0.909091,16,0.909091,16,-0.909091,-0.909091
d1vjpa3,c.2.1.3,0.0,9,0.0,0,0.0,0,0.0,0.0
d1u8va2,e.6.1.1,0.0,0,0.0,0,0.0,0,0.0,0.0
d2wnha1,c.60.1.0,0.0,3,0.0,0,0.0,0,0.0,0.0
d3igra_,d.108.1.0,0.0,0,0.0,0,0.0,0,0.0,0.0
d2wgpa_,c.45.1.0,0.0,0,0.0,0,0.0,0,0.0,0.0
d6fcta_,c.94.1.0,0.25,9,0.0,0,0.0,0,0.25,0.25
d3uwca_,c.67.1.0,0.0625,17,0.980769,143,0.980769,143,-0.918269,-0.918269
d3cmco1,c.2.1.3,0.0,6,0.0,0,0.0,0,0.0,0.0
d3fiqa_,b.60.1.0,0.0,0,0.0,0,0.0,0,0.0,0.0
d4ck4a_,b.60.1.1,0.0,2,0.0,0,0.0,0,0.0,0.0
d4im7a1,c.2.1.0,0.0,21,0.0,0,0.0,0,0.0,0.0
d1yc9a_,f.5.1.0,0.0,2,0.0,0,0.0,0,0.0,0.0
d2bu9a_,b.82.2.1,0.0,3,0.538462,42,0.179487,42,-0.538462,-0.179487
d2b30a1,c.108.1.10,0.0,7,0.0,0,0.0,0,0.0,0.0
d1wb4a2,c.69.1.2,0.0,9,0.0,0,0.0,0,0.0,0.0
d1k20a_,c.107.1.1,0.0,3,0.0,0,0.0,0,0.0,0.0
d2xfra_,c.1.8.1,0.0,20,0.731481,135,0.759259,135,-0.731481,-0.759259
d2qxfa_,c.55.3.5,0.0,2,0.25,61,0.0909091,61,-0.25,-0.0909091
d3ktza_,d.165.1.0,0.0,3,0.0,0,0.0,0,0.0,0.0
d1kf6a2,c.3.1.4,0.0,8,0.0,0,0.0,0,0.0,0.0
d1ij5a_,a.39.1.9,0.4,6,0.0,0,0.0,0,0.4,0.4
d5buva1,b.82.1.0,0.0,3,0.6875,65,0.958333,65,-0.6875,-0.958333
d2plra_,c.37.1.0,0.0,7,0.0,0,0.0,0,0.0,0.0
d1j09a1,a.97.1.1,0.0,2,0.0,0,0.0,0,0.0,0.0
d4za3a_,d.165.1.0,0.2,11,0.0,0,0.0,0,0.2,0.2
d2q1sa_,c.2.1.0,0.0,14,0.0,0,0.0,0,0.0,0.0
d2jaka1,a.118.1.20,0.0,3,0.0,0,0.0,0,0.0,0.0
d3w06a_,c.69.1.0,0.0,10,0.0,0,0.0,0,0.0,0.0
d1uaya_,c.2.1.2,0.1,21,0.0,0,0.0,0,0.1,0.1
d1j5xa_,c.80.1.1,0.0,3,0.0,0,0.0,0,0.0,0.0
d7eama_,d.318.1.1,0.0,0,0.0,0,0.0,0,0.0,0.0
d2aeea1,c.61.1.1,0.0,4,0.0,0,0.0,0,0.0,0.0
d2bgka1,c.2.1.2,0.0,18,0.0,0,0.0,0,0.0,0.0
d2ibna1,a.211.1.4,0.0,3,0.0,0,0.0,0,0.0,0.0
d1jz8a4,b.30.5.1,0.0,3,0.6,26,0.115385,27,-0.6,-0.115385
d3uxya_,c.2.1.0,0.02702702702702703,38,0.0,0,0.0,0,0.02702702702702703,0.02702702702702703
d2wu9a1,c.95.1.0,0.0,3,0.0,0,0.0,0,0.0,0.0
d1f0la1,b.2.1.1,0.0,0,0.0,0,0.0,0,0.0,0.0
d3weoa4,b.150.1.1,0.0,0,0.0,0,0.0,0,0.0,0.0
d5y9ea_,b.121.6.1,0.0,0,0.5,3,0.0,3,-0.5,0.0
d3ffra1,c.67.1.0,0.0,13,0.980769,143,0.980769,143,-0.980769,-0.980769
d2j01t1,b.34.5.6,0.0,0,0.0,0,0.0,0,0.0,0.0
d2dapa2,d.81.1.3,0.0,2,0.0,30,0.0,30,0.0,0.0
d1f15a_,b.121.4.5,0.0,0,0.184211,39,0.232558,44,-0.184211,-0.232558
d1z63a1,c.37.1.19,0.0,13,0.0,0,0.0,0,0.0,0.0
d1n52a3,a.118.1.14,0.0,6,0.0588235,59,0.0,59,-0.0588235,0.0
d6ovba2,b.77.2.0,0.0,2,0.8,6,0.0,6,-0.8,0.0
d4nnoa_,c.92.2.0,0.0,5,0.461538,38,0.846154,38,-0.461538,-0.846154
d6gvda2,c.1.8.13,0.0,12,0.725191,135,0.877863,135,-0.725191,-0.877863
d2yivx_,e.26.1.2,0.0,2,0.0,0,0.0,0,0.0,0.0
d2b5la2,b.69.4.3,0.0,2,0.807692,28,0.884615,28,-0.807692,-0.884615
d3duwa_,c.66.1.0,0.0,7,0.0,0,0.0,0,0.0,0.0
d1bd0a2,c.1.6.1,0.0,0,0.5,10,0.5,10,-0.5,-0.5
d1lf7a_,b.60.1.1,0.0,0,0.0,0,0.0,0,0.0,0.0
d1hkva1,b.49.2.3,0.0,0,0.4,8,0.0,8,-0.4,0.0
d3weoa2,c.1.8.13,0.0,10,0.671756,135,0.793893,135,-0.671756,-0.793893
d2r0ha_,b.29.1.0,0.0,2,0.0,0,0.0,0,0.0,0.0
d1c1da2,c.58.1.1,0.0,0,0.0,0,0.0,0,0.0,0.0
d1xa6a2,d.93.1.1,0.0,0,0.0,0,0.0,0,0.0,0.0
d3na8a_,c.1.10.0,0.0,7,0.6,65,0.857143,65,-0.6,-0.857143
d1s9ca2,d.38.1.4,0.0,0,0.0,0,0.0,0,0.0,0.0
d1uh9a_,b.50.1.2,0.0,3,0.0,0,0.0,0,0.0,0.0
d2zs0a_,a.1.1.0,0.0,2,0.944444,57,0.972222,57,-0.944444,-0.972222
d2aj7a1,b.158.1.1,0.0,0,0.0,0,0.0,0,0.0,0.0
d2quya_,d.153.1.0,0.0,5,0.5,37,0.0,42,-0.5,0.0
d1zq1a2,c.88.1.1,0.0,2,0.0,0,0.0,0,0.0,0.0
d3iaca_,c.1.9.0,0.0,11,0.375,60,0.7,60,-0.375,-0.7
d2nv0a_,c.23.16.1,0.0,4,0.448276,42,0.275862,42,-0.448276,-0.275862
d3njxa3,b.18.1.25,0.0,3,0.0,0,0.0,0,0.0,0.0
d1dysa_,c.6.1.1,0.0,2,0.5,4,0.5,4,-0.5,-0.5
d6kwaa_,b.82.2.0,0.0,0,0.566667,42,0.2,42,-0.566667,-0.2
d1elka_,a.118.9.2,0.0,0,0.7,11,0.9,11,-0.7,-0.9
d1id0a_,d.122.1.3,0.0,0,0.0,0,0.0,0,0.0,0.0
d2bjra2,b.169.1.1,0.0,0,0.0,0,0.0,0,0.0,0.0
d2wlva_,a.73.1.1,0.0,0,0.0,0,0.0,0,0.0,0.0
d1i4ta_,a.238.1.2,0.0,0,0.0,0,0.0,0,0.0,0.0
d2aexa_,d.248.1.0,0.0,0,0.0,0,0.0,0,0.0,0.0
d2ho4a_,c.108.1.0,0.0,2,0.0,0,0.0,0,0.0,0.0
d1n62b2,d.133.1.1,0.0,2,0.0,0,0.0,0,0.0,0.0
d2r8qa_,a.211.1.0,0.2,6,0.0,0,0.0,0,0.2,0.2
d2acva_,c.87.1.10,0.3333333333333333,4,0.0,0,0.0,0,0.3333333333333333,0.3333333333333333
d1hjsa_,c.1.8.3,0.0,9,0.476636,135,0.485981,135,-0.476636,-0.485981
d1sqga1,a.79.1.3,0.0,0,0.0,0,0.0,0,0.0,0.0
d2h8ga_,c.56.2.0,0.0,3,0.916667,20,0.916667,20,-0.916667,-0.916667
d4dyea2,c.1.11.0,0.0,3,0.923077,43,0.923077,43,-0.923077,-0.923077
d1ispa_,c.69.1.18,0.0,6,0.0,0,0.0,0,0.0,0.0
d1l7ua_,e.3.1.1,0.0,4,0.0,0,0.0,0,0.0,0.0
d6hy3a1,b.29.1.0,0.0,3,0.0,0,0.0,0,0.0,0.0
d2nr9a1,f.51.1.1,0.0,4,0.0,0,0.0,0,0.0,0.0
d1l1ja_,b.47.1.1,0.6,6,0.0,0,0.0,0,0.6,0.6
d3ai3a_,c.2.1.0,0.03225806451612903,32,0.0,0,0.0,0,0.03225806451612903,0.03225806451612903
d3ldza_,a.118.9.0,0.0,0,0.625,11,0.875,11,-0.625,-0.875
d1uf2a_,e.28.1.2,0.0,2,0.0,0,0.0,0,0.0,0.0
d1gm5a4,c.37.1.19,0.0,18,0.0,0,0.0,0,0.0,0.0
d1kkha2,d.58.26.3,0.0,3,0.909091,12,0.727273,12,-0.909091,-0.727273
d2uuqa_,a.104.1.0,0.0,15,0.0,0,0.0,0,0.0,0.0
d2d29a2,e.6.1.1,0.0,3,0.0,0,0.0,0,0.0,0.0
d1m7sa_,e.5.1.1,0.0,3,0.0,0,0.0,0,0.0,0.0
d1dcsa_,b.82.2.1,0.0,3,0.384615,42,0.230769,42,-0.384615,-0.230769
d6wyia_,c.14.1.0,0.0,10,0.0,0,0.0,0,0.0,0.0
d1nuwa_,e.7.1.1,0.0,0,0.0,0,0.0,0,0.0,0.0
d3s3ta1,c.26.2.0,0.0,0,0.185185,39,0.259259,39,-0.185185,-0.259259
d1xkia_,b.60.1.1,0.0,2,0.0,0,0.0,0,0.0,0.0
d1tqyb1,c.95.1.1,0.0,6,0.0,0,0.0,0,0.0,0.0
d1vfga1,a.173.1.1,0.0,0,0.0,0,0.0,0,0.0,0.0
d2xsta_,b.60.1.0,0.0,0,0.0,0,0.0,0,0.0,0.0
d1oywa2,c.37.1.19,0.0,8,0.0,0,0.0,0,0.0,0.0
d5muaa1,b.42.2.0,0.0,0,0.933333,19,0.933333,19,-0.933333,-0.933333
d3og2a2,b.71.1.0,0.0,0,0.0,0,0.0,0,0.0,0.0
d1a12a_,b.69.5.1,0.0,0,0.0,0,0.0,0,0.0,0.0
d2bwpa_,c.67.1.4,0.0,13,0.992366,143,0.992366,143,-0.992366,-0.992366
d3pdia_,c.92.2.0,0.0,3,0.538462,38,0.307692,38,-0.538462,-0.307692
d2voka1,b.29.1.22,0.0,6,0.0,0,0.0,0,0.0,0.0
d2wb0x3,g.51.1.1,0.0,0,0.0,0,0.0,0,0.0,0.0
d1auoa_,c.69.1.14,0.0,7,0.0,0,0.0,0,0.0,0.0
d1xsza2,d.129.9.1,0.0,0,0.0,0,0.0,0,0.0,0.0
d1gr8a_,c.117.1.1,0.0,2,0.0,0,0.0,0,0.0,0.0
d4zsya_,c.67.1.4,0.0,16,0.977099,143,0.992366,143,-0.977099,-0.992366
d2naca1,c.2.1.4,0.0,7,0.0,0,0.0,0,0.0,0.0
d4uyba2,c.13.1.0,0.0,0,0.5,3,0.5,3,-0.5,-0.5
d1ji0a_,c.37.1.12,0.07142857142857142,15,0.0,0,0.0,0,0.07142857142857142,0.07142857142857142
d6w1ia1,c.61.1.1,0.0,3,0.0,0,0.0,0,0.0,0.0
d1q9ca_,a.22.1.3,0.0,3,0.0,0,0.0,0,0.0,0.0
d3c8ca1,d.110.6.4,0.0,0,0.875,11,0.75,11,-0.875,-0.75
d2imla1,b.45.1.4,0.0,2,0.772727,46,0.886364,46,-0.772727,-0.886364
d3f8la_,d.190.1.0,0.0,0,0.0,0,0.0,0,0.0,0.0
d1i8ta1,c.4.1.3,0.0,3,0.0,0,0.0,0,0.0,0.0
d7do7a1,c.2.1.0,0.04,26,0.0,0,0.0,0,0.04,0.04
d2a61a1,a.4.5.28,0.0,0,0.681034,252,0.323276,252,-0.681034,-0.323276
d5q22a_,d.157.1.15,0.0,3,0.0,0,0.0,0,0.0,0.0
d1zbta1,e.38.1.0,0.0,0,0.0,0,0.0,0,0.0,0.0
d2ri9a_,a.102.2.1,0.0,4,0.0,0,0.0,0,0.0,0.0
d2gyqa1,a.25.1.4,0.0,2,0.0,0,0.0,0,0.0,0.0
d1xqoa_,a.96.1.6,0.0,2,0.0,0,0.0,0,0.0,0.0
d2cuna_,c.86.1.0,0.0,0,0.0,0,0.0,0,0.0,0.0
d3fk9a1,d.113.1.0,0.0,2,0.0,0,0.0,0,0.0,0.0
d5fmol1,b.121.4.2,0.0,2,0.606061,39,0.473684,44,-0.606061,-0.473684
d1gvca_,c.94.1.2,0.0,7,0.0,0,0.0,0,0.0,0.0
d3qlla_,c.1.12.0,0.0,2,0.769231,19,0.692308,19,-0.769231,-0.692308
d4a82a1,f.37.1.1,0.0,5,0.0,0,0.0,0,0.0,0.0
d3edna2,d.21.1.0,0.0,2,0.0,0,0.0,0,0.0,0.0
d5le5h_,d.153.1.4,0.0,2,0.304348,37,0.25,42,-0.304348,-0.25
d1r2qa_,c.37.1.8,0.0,7,0.0,0,0.0,0,0.0,0.0
d1ro5a1,d.108.1.3,0.0,3,0.0,0,0.0,0,0.0,0.0
d5j92a_,b.82.2.0,0.0,4,0.333333,42,0.266667,42,-0.333333,-0.266667
d4yuca1,c.95.1.0,0.0,2,0.0,0,0.0,0,0.0,0.0
d2k5ga1,d.129.3.5,0.0,0,0.787879,42,0.757576,42,-0.787879,-0.757576
d1okga1,c.46.1.2,0.0,0,0.0,0,0.0,0,0.0,0.0
d5af7a2,a.29.3.0,0.0,0,0.75,19,0.75,19,-0.75,-0.75
d3ge5a_,d.90.1.0,0.0,4,0.0,0,0.0,0,0.0,0.0
d1w4ta1,d.3.1.5,0.0,2,0.0,0,0.0,0,0.0,0.0
d1l1oc_,b.40.4.3,0.0,3,0.222222,130,0.00925926,130,-0.222222,-0.00925926
d5ldqa_,d.61.1.0,0.0,0,0.0,0,0.0,0,0.0,0.0
d6ll8a_,c.107.1.0,0.0,3,0.0,0,0.0,0,0.0,0.0
d4jjja_,a.102.1.2,0.0,5,0.842105,28,0.947368,28,-0.842105,-0.947368
d1xuba2,d.21.1.2,0.0,0,0.0,0,0.0,0,0.0,0.0
d4tm5a_,e.17.1.0,0.0,0,0.0,0,0.0,0,0.0,0.0
d6hs4a1,f.64.1.1,0.0,0,0.0,0,0.0,0,0.0,0.0
d4e3za_,c.2.1.0,0.0,21,0.0,0,0.0,0,0.0,0.0
d1io7a_,a.104.1.1,0.2,21,0.0,0,0.0,0,0.2,0.2
d3r5ga_,d.58.29.0,0.0,3,0.833333,13,0.833333,13,-0.833333,-0.833333
d1o0wa1,a.149.1.1,0.0,2,0.0,0,0.0,0,0.0,0.0
d1w0pa1,b.29.1.8,0.0,2,0.0,0,0.0,0,0.0,0.0
d4kg3a_,d.113.1.0,0.0,2,0.0,0,0.0,0,0.0,0.0
d5vkqa2,f.14.1.3,0.0,2,0.0,0,0.0,0,0.0,0.0
d2i2wa_,c.80.1.0,0.0,2,0.0,0,0.0,0,0.0,0.0
d2q7ra1,f.56.1.1,0.0,0,0.0,0,0.0,0,0.0,0.0
d4zl8a_,c.47.1.0,0.0,2,0.421053,215,0.284211,215,-0.421053,-0.284211
d7dh8a_,a.4.5.0,0.0,0,0.398876,252,0.455056,252,-0.398876,-0.455056
d6suka_,d.92.1.4,0.0,4,0.0,0,0.0,0,0.0,0.0
d1zl0a2,c.23.16.7,0.0,3,0.0,0,0.0,0,0.0,0.0
d6u7ia1,b.18.1.0,0.0,3,0.0,0,0.0,0,0.0,0.0
d1nwwa_,d.17.4.8,0.0,2,0.986667,76,0.973333,76,-0.986667,-0.973333
d4c2ma_,e.29.1.2,0.45454545454545453,12,0.0,0,0.0,0,0.45454545454545453,0.45454545454545453
d2x6ta_,c.2.1.2,0.0,16,0.0,0,0.0,0,0.0,0.0
d3h7ia1,c.120.1.2,0.0,0,0.0,0,0.0,0,0.0,0.0
d4u9hl_,e.18.1.1,0.0,6,0.0,0,0.0,0,0.0,0.0
d3bpva_,a.4.5.0,0.0,5,0.623596,252,0.286517,252,-0.623596,-0.286517
d2z1aa1,d.114.1.1,0.0,0,0.0,0,0.0,0,0.0,0.0
d1jvna2,c.23.16.1,0.0,2,0.413793,42,0.206897,42,-0.413793,-0.206897
d3b95a1,d.211.1.0,0.0,4,0.9,32,0.9,32,-0.9,-0.9
d1vbia_,c.122.1.0,0.0,7,0.0,0,0.0,0,0.0,0.0
d3jb9a5,d.394.1.1,0.0,0,0.0,0,0.0,0,0.0,0.0
d1d5ra2,c.45.1.1,0.0,0,0.0,0,0.0,0,0.0,0.0
d6lm1a1,f.13.1.0,0.0,42,0.0,0,0.0,0,0.0,0.0
d2f9fa1,c.87.1.8,0.0,0,0.0,0,0.0,0,0.0,0.0
d4oy3a1,c.56.2.0,0.0,0,0.916667,20,0.916667,20,-0.916667,-0.916667
d4hgxa_,c.1.15.4,0.0,2,0.909091,13,0.909091,13,-0.909091,-0.909091
d7ndva_,b.96.1.1,0.0,0,0.0,0,0.0,0,0.0,0.0
d6dnzb_,c.66.1.0,0.14285714285714285,15,0.0,0,0.0,0,0.14285714285714285,0.14285714285714285
d1k3la1,a.45.1.1,0.0,3,0.0,0,0.0,0,0.0,0.0
d1k3ka_,f.1.4.1,0.0,0,0.714286,13,0.857143,13,-0.714286,-0.857143
d1wd5a_,c.61.1.1,0.0,4,0.0,0,0.0,0,0.0,0.0
d1n81a_,a.185.1.1,0.0,0,0.0,0,0.0,0,0.0,0.0
d2p62a1,e.67.1.1,0.0,0,0.0,0,0.0,0,0.0,0.0
d1zroa1,a.264.1.1,0.0,2,0.0,0,0.0,0,0.0,0.0
d3rqia_,c.23.1.0,0.0,4,0.821429,100,0.857143,100,-0.821429,-0.857143
d1ipaa1,c.116.1.1,0.0,0,0.0,0,0.0,0,0.0,0.0
d2uxqa_,c.77.1.0,0.0,3,0.0,0,0.0,0,0.0,0.0
d1id1a_,c.2.1.9,0.0,7,0.0,0,0.0,0,0.0,0.0
d3gf3a1,c.14.1.4,0.0,4,0.0,0,0.0,0,0.0,0.0
d1brta_,c.69.1.12,0.0,7,0.0,0,0.0,0,0.0,0.0
d4zcra_,c.26.1.0,0.0,2,0.1875,53,0.28125,53,-0.1875,-0.28125
d4o8ma_,c.94.1.0,0.0,14,0.0,0,0.0,0,0.0,0.0
d4h03a1,d.166.1.1,0.0,2,0.0,0,0.0,0,0.0,0.0
d6e85a1,c.77.1.0,0.0,5,0.0,0,0.0,0,0.0,0.0
d2pnwa1,b.52.1.4,0.0,0,0.166667,8,0.166667,8,-0.166667,-0.166667
d1zsxa1,c.1.7.1,0.0,4,0.923077,19,0.923077,19,-0.923077,-0.923077
d3g7na_,c.69.1.0,0.0,9,0.0,0,0.0,0,0.0,0.0
d4ioja_,c.37.1.10,0.0,17,0.0,0,0.0,0,0.0,0.0
d1t5oa1,c.124.1.5,0.0,5,0.0,0,0.0,0,0.0,0.0
d2wsda2,b.6.1.0,0.0,4,0.647059,51,0.285714,52,-0.647059,-0.285714
d1a8da2,b.42.4.2,0.0,2,0.9375,17,0.882353,18,-0.9375,-0.882353
d1vjoa_,c.67.1.3,0.0,19,0.992308,143,0.992308,143,-0.992308,-0.992308
d6nw7a1,c.116.1.0,0.0,7,0.0,0,0.0,0,0.0,0.0
d2plwa_,c.66.1.0,0.0,6,0.0,0,0.0,0,0.0,0.0
d1sfla_,c.1.10.1,0.0,5,0.755556,65,0.866667,65,-0.755556,-0.866667
d3qxza1,c.14.1.0,0.0,7,0.0,0,0.0,0,0.0,0.0
d1r30a_,c.1.28.1,0.0,0,0.0,0,0.0,0,0.0,0.0
d1vkna2,d.81.1.1,0.0,3,0.136364,30,0.0,30,-0.136364,0.0
d3qtya2,d.139.1.0,0.0,3,0.0,0,0.0,0,0.0,0.0
d3hnaa1,b.85.7.0,0.0,3,0.333333,8,0.333333,8,-0.333333,-0.333333
d4ep8c2,c.1.9.2,0.0,3,0.0,0,0.0,0,0.0,0.0
d6vbga_,f.38.1.2,0.0,78,0.0,0,0.0,0,0.0,0.0
d1dmga_,c.22.1.1,0.0,0,0.0,0,0.0,0,0.0,0.0
d1td6a_,a.234.1.1,0.0,0,0.0,0,0.0,0,0.0,0.0
d1nyoa_,b.118.1.1,0.0,0,0.0,0,0.0,0,0.0,0.0
d6saea_,a.24.5.1,0.0,0,0.0,0,0.0,0,0.0,0.0
d4rn7a1,c.56.5.0,0.0,5,0.5,36,0.171429,37,-0.5,-0.171429
d5h02a_,c.66.1.0,0.0,7,0.0,0,0.0,0,0.0,0.0
d3rfba_,d.110.2.0,0.0,0,0.818182,21,0.545455,21,-0.818182,-0.545455
d2c0ka_,a.1.1.0,0.0,0,0.861111,57,0.972222,57,-0.861111,-0.972222
d2zptx_,c.37.1.5,0.2727272727272727,12,0.0,0,0.0,0,0.2727272727272727,0.2727272727272727
d3rita2,c.1.11.0,0.0,2,0.923077,43,0.923077,43,-0.923077,-0.923077
d4oteb_,c.94.1.0,0.0,10,0.0,0,0.0,0,0.0,0.0
d3sgza_,c.1.4.1,0.0,6,0.888889,27,0.888889,27,-0.888889,-0.888889
d1i4na_,c.1.2.4,0.3333333333333333,4,0.966667,39,0.966667,39,-0.6333336666666667,-0.6333336666666667
d4e29a_,d.58.60.1,0.0,0,0.0,0,0.0,0,0.0,0.0
d4m85a1,d.108.1.0,0.0,2,0.0,0,0.0,0,0.0,0.0
d4utua1,c.1.2.0,0.0,2,0.909091,39,0.954545,39,-0.909091,-0.954545
d5vkqa1,d.211.1.1,0.45,21,0.928571,32,0.928571,32,-0.478571,-0.478571
d2vz8a4,c.19.1.1,0.0,0,0.0,0,0.0,0,0.0,0.0
d1ldja3,e.40.1.1,0.0,0,0.0,0,0.0,0,0.0,0.0
d1p9oa_,c.72.3.1,0.0,0,0.5,3,0.5,3,-0.5,-0.5
d2gdqa1,c.1.11.2,0.0,8,0.969697,43,0.969697,43,-0.969697,-0.969697
d1zd9a1,c.37.1.8,0.0,4,0.0,0,0.0,0,0.0,0.0
d1idpa_,d.17.4.1,0.0,4,0.0,0,0.0,0,0.0,0.0
d2qp2a2,b.77.4.1,0.0,0,0.0,0,0.0,0,0.0,0.0
d3imka1,c.129.1.5,0.0,2,0.0,0,0.0,0,0.0,0.0
d2vn6a_,b.2.2.2,0.0,3,0.466667,22,0.4,22,-0.466667,-0.4
d1lwuc1,d.171.1.1,0.0,2,0.0,0,0.0,0,0.0,0.0
d1tl9a_,d.3.1.3,0.0,2,0.0,0,0.0,0,0.0,0.0
d1geqa_,c.1.2.4,0.0,2,0.866667,39,0.966667,39,-0.866667,-0.966667
d1mpga1,a.96.1.3,0.0,0,0.0,0,0.0,0,0.0,0.0
d6lyia_,c.66.1.0,0.0,12,0.0,0,0.0,0,0.0,0.0
d4fzra1,c.87.1.0,0.0,6,0.0,0,0.0,0,0.0,0.0
d2amha1,c.51.4.2,0.0,0,0.875,9,0.875,9,-0.875,-0.875
d2h4ta3,c.43.1.0,0.0,2,0.0,0,0.0,0,0.0,0.0
d4p32a_,c.37.1.0,0.0,15,0.0,0,0.0,0,0.0,0.0
d2pg3a1,c.26.2.1,0.0,0,0.28125,39,0.15625,39,-0.28125,-0.15625
d1ylla1,b.82.1.17,0.0,3,0.0,0,0.0,0,0.0,0.0
d1wwma1,a.132.1.3,0.0,0,0.0,0,0.0,0,0.0,0.0
d1gpra_,b.84.3.1,1.0,2,0.5,3,0.0,3,0.5,1.0
d3wsfa1,c.135.1.0,0.5,3,0.0,0,0.0,0,0.5,0.5
d4wk7a_,d.92.1.0,0.0,0,0.2,42,0.1,42,-0.2,-0.1
d1snga1,e.1.1.1,0.0,6,0.0,0,0.0,0,0.0,0.0
d1c02a_,a.24.10.2,0.0,0,0.857143,8,0.625,9,-0.857143,-0.625
d1vjfa_,d.116.1.1,0.0,0,0.0,0,0.0,0,0.0,0.0
d1v71a1,c.79.1.1,0.0,3,0.0,0,0.0,0,0.0,0.0
d6sw4a_,c.93.1.0,0.0,9,0.0,0,0.0,0,0.0,0.0
d1yoxa1,b.82.5.2,0.0,0,0.0,3,0.0,3,0.0,0.0
d4fega1,c.36.1.0,0.0,2,0.0,0,0.0,0,0.0,0.0
d3rqsa1,c.2.1.6,0.0,6,0.0,0,0.0,0,0.0,0.0
d3hr7a_,c.37.1.0,0.0,6,0.0,0,0.0,0,0.0,0.0
d4dvca1,c.47.1.13,0.0,3,0.490566,215,0.226415,215,-0.490566,-0.226415
d1i4wa_,c.66.1.24,0.0,5,0.0,0,0.0,0,0.0,0.0
d1ftra2,d.58.33.1,0.0,0,0.0,0,0.0,0,0.0,0.0
d3cu7af,b.40.3.3,0.0,0,0.5,6,0.75,6,-0.5,-0.75
d3laoa_,c.14.1.0,0.0,10,0.0,0,0.0,0,0.0,0.0
d6cojb_,c.124.1.0,0.0,4,0.0,0,0.0,0,0.0,0.0
d2h1ta1,b.178.1.1,0.0,0,0.0,0,0.0,0,0.0,0.0
d1m2xa_,d.157.1.1,0.0,6,0.0,0,0.0,0,0.0,0.0
d3evha1,a.102.3.1,0.0,0,0.0,0,0.0,0,0.0,0.0
d2egha3,d.81.1.3,0.0,0,0.0,30,0.0,30,0.0,0.0
d1lo7a_,d.38.1.1,0.0,3,0.0,0,0.0,0,0.0,0.0
d3mgxa_,a.104.1.0,0.0,8,0.0,0,0.0,0,0.0,0.0
d5hn1a_,b.42.1.0,0.0,2,0.909091,16,0.909091,16,-0.909091,-0.909091
d2fywa1,c.135.1.1,0.0,0,0.0,0,0.0,0,0.0,0.0
d2h8aa1,f.56.1.1,0.0,0,0.0,0,0.0,0,0.0,0.0
d4u5ia_,c.1.8.0,0.0,7,0.635417,135,0.520833,135,-0.635417,-0.520833
d6ddba_,c.108.1.0,0.0,11,0.0,0,0.0,0,0.0,0.0
d6mt1a_,b.40.5.1,0.0,2,0.0,0,0.0,0,0.0,0.0
d4l3ma_,c.1.8.0,0.0,6,0.729167,135,0.802083,135,-0.729167,-0.802083
d4jspa1,d.144.1.4,0.0,9,0.0,0,0.0,0,0.0,0.0
d5ljla1,c.23.5.0,0.0,4,0.954545,37,0.954545,37,-0.954545,-0.954545
d5vg0a_,b.1.18.0,0.0,2,0.203125,92,0.015625,92,-0.203125,-0.015625
d1ffya2,b.51.1.1,0.0,0,0.0,0,0.0,0,0.0,0.0
d1y9za_,c.41.1.1,0.0,0,0.0,0,0.0,0,0.0,0.0
d3qvea1,b.145.1.0,0.0,0,0.0,0,0.0,0,0.0,0.0
d7csna1,c.56.3.0,0.0,2,0.5,4,0.5,4,-0.5,-0.5
d1igna2,a.4.1.6,0.0,3,0.0267857,113,0.0,113,-0.0267857,0.0
d1xi9a1,c.67.1.1,0.0,18,0.992248,143,0.992248,143,-0.992248,-0.992248
d2f8ya_,d.211.1.1,0.0,5,0.928571,32,0.928571,32,-0.928571,-0.928571
d2vp8a_,c.1.21.0,0.0,2,0.75,10,0.75,10,-0.75,-0.75
d1ja9a_,c.2.1.2,0.038461538461538464,27,0.0,0,0.0,0,0.038461538461538464,0.038461538461538464
d4xlla_,c.23.16.0,0.0,0,0.62069,42,0.310345,42,-0.62069,-0.310345
d2c1ia2,d.341.1.1,0.0,0,0.0,0,0.0,0,0.0,0.0
d2heka1,a.211.1.1,0.0,2,0.0,0,0.0,0,0.0,0.0
d4eada2,c.27.1.1,0.0,2,0.0,0,0.0,0,0.0,0.0
d2pifa1,d.382.1.1,0.0,0,0.0,0,0.0,0,0.0,0.0
d6izha_,d.79.1.0,1.0,2,0.75,16,0.5,16,0.25,0.5
d5dmha_,c.146.1.0,0.0,0,0.0,0,0.0,0,0.0,0.0
d4k2na1,c.14.1.0,0.0,4,0.0,0,0.0,0,0.0,0.0
d3pt9a1,b.34.12.1,0.0,0,0.5,3,0.5,3,-0.5,-0.5
d6l8xa_,c.87.1.0,0.0,4,0.0,0,0.0,0,0.0,0.0
d1hnja2,c.95.1.2,0.0,3,0.0,0,0.0,0,0.0,0.0
d3k4ha1,c.93.1.0,0.1,11,0.0,0,0.0,0,0.1,0.1
d1nfva_,a.25.1.1,0.0,2,0.545455,55,0.787879,55,-0.545455,-0.787879
d1lqla_,d.227.1.1,0.0,0,0.0,0,0.0,0,0.0,0.0
d4ffua1,d.38.1.0,0.0,0,0.0,0,0.0,0,0.0,0.0
d2ftwa2,c.1.9.6,0.0,8,0.745455,60,0.927273,60,-0.745455,-0.927273
d1yw6a1,c.56.5.7,0.0,0,0.333333,36,0.294118,37,-0.333333,-0.294118
d6l25a1,c.1.9.0,0.0,5,0.775,60,0.925,60,-0.775,-0.925
d3broa1,a.4.5.28,0.0,2,0.586207,252,0.224138,252,-0.586207,-0.224138
d1lj8a3,a.100.1.9,0.0,2,0.0,0,0.0,0,0.0,0.0
d2ap1a1,c.55.1.10,0.0,6,0.386364,102,0.238636,102,-0.386364,-0.238636
g1fiw.1,b.47.1.2,0.0,8,0.0,0,0.0,0,0.0,0.0
d5d9aa3,e.77.1.1,0.0,2,0.0,0,0.0,0,0.0,0.0
d6ziwi_,d.144.1.0,0.0,17,0.0,0,0.0,0,0.0,0.0
d2w11a1,c.108.1.0,0.0,6,0.0,0,0.0,0,0.0,0.0
d3cj1a1,c.55.1.15,0.0,4,0.207921,102,0.0792079,102,-0.207921,-0.0792079
d1yi8a_,c.26.1.0,0.0,4,0.46875,53,0.3125,53,-0.46875,-0.3125
d1xwta1,a.102.1.2,0.0,5,0.842105,28,0.947368,28,-0.842105,-0.947368
d3eofa1,d.90.1.0,0.0,0,0.0,0,0.0,0,0.0,0.0
d3gg7a1,c.1.9.0,0.0,10,0.675,60,0.95,60,-0.675,-0.95
d4oeca_,c.1.18.0,0.0,4,0.625,16,0.5,16,-0.625,-0.5
d3cx5a1,d.185.1.1,0.0,0,0.0,0,0.0,0,0.0,0.0
d1juva_,c.71.1.1,0.0,2,0.0,0,0.0,0,0.0,0.0
g1wht.1,c.69.1.5,0.0,16,0.0,0,0.0,0,0.0,0.0
d1wmya_,d.169.1.1,0.0,3,0.0,0,0.0,0,0.0,0.0
d1ykwa1,c.1.14.1,0.0,3,0.5,5,0.5,5,-0.5,-0.5
d2qu7a_,c.93.1.0,0.07142857142857142,15,0.0,0,0.0,0,0.07142857142857142,0.07142857142857142
d2q4oa_,c.129.1.1,0.3333333333333333,4,0.0,0,0.0,0,0.3333333333333333,0.3333333333333333
d4coga_,c.8.8.0,0.0,0,0.0,0,0.0,0,0.0,0.0
d1x9na3,d.142.2.1,0.0,2,0.875,10,0.375,10,-0.875,-0.375
d3v4na2,c.95.1.2,1.0,3,0.0,0,0.0,0,1.0,1.0
d3jqka_,d.58.21.0,1.0,2,0.0,0,0.0,0,1.0,1.0
d1k5na2,d.19.1.1,0.0,2,0.0,0,0.0,0,0.0,0.0
d5ixga_,b.61.6.0,0.0,2,0.666667,4,0.666667,4,-0.666667,-0.666667
d5yh4a_,b.42.4.0,0.0,2,0.857143,17,0.75,18,-0.857143,-0.75
d1zb1a_,a.118.8.1,0.0,2,0.2,63,0.05,63,-0.2,-0.05
d1wmsa_,c.37.1.8,0.0,9,0.0,0,0.0,0,0.0,0.0
d1twia1,b.49.2.3,0.0,0,0.4,8,0.2,8,-0.4,-0.2
d3mx3a_,a.118.8.0,0.0,5,0.0697674,63,0.0465116,63,-0.0697674,-0.0465116
d1squa_,d.252.1.1,0.0,0,0.0,0,0.0,0,0.0,0.0
d6vg3a_,d.144.1.0,0.0,13,0.0,0,0.0,0,0.0,0.0
d2wu2a1,c.3.1.4,0.0,9,0.0,0,0.0,0,0.0,0.0
d3dzza_,c.67.1.0,0.0,14,0.980769,143,0.980769,143,-0.980769,-0.980769
d2wz1a_,d.58.29.0,0.0,2,0.833333,13,0.833333,13,-0.833333,-0.833333
d2r9ea_,a.103.1.1,0.0,3,0.0,0,0.0,0,0.0,0.0
d1t4ba2,d.81.1.1,0.0,2,0.0,30,0.0,30,0.0,0.0
d1vmoa_,b.77.1.1,0.0,0,0.0,0,0.0,0,0.0,0.0
d3grfa1,c.78.1.0,0.0,0,0.428571,21,0.428571,21,-0.428571,-0.428571
d1qusa_,d.2.1.6,0.0,0,0.0,0,0.0,0,0.0,0.0
d1uoca_,c.55.3.9,0.0,6,0.0,0,0.0,0,0.0,0.0
d3nzea1,c.124.1.0,0.0,0,0.0,0,0.0,0,0.0,0.0
d5ubia_,c.94.1.0,0.0,3,0.0,0,0.0,0,0.0,0.0
d3ov9a_,a.299.1.1,0.0,0,0.0,0,0.0,0,0.0,0.0
d2b5ua2,b.110.1.1,0.0,0,0.0,0,0.0,0,0.0,0.0
d2piba_,c.108.1.0,0.0,2,0.0,0,0.0,0,0.0,0.0
d1lvla1,c.3.1.5,0.0,6,0.0,0,0.0,0,0.0,0.0
d3pfda1,e.6.1.0,0.0,3,0.0,0,0.0,0,0.0,0.0
d1a6ca2,b.121.4.2,0.0,2,0.606061,39,0.578947,44,-0.606061,-0.578947
d3gbva_,c.93.1.0,0.0,7,0.0,0,0.0,0,0.0,0.0
d1x1na1,c.1.8.1,0.0,14,0.203704,135,0.435185,135,-0.203704,-0.435185
d1mg7a1,d.14.1.6,0.0,2,0.0,0,0.0,0,0.0,0.0
d2ckfb_,d.17.4.0,0.0,2,0.946429,76,0.946429,76,-0.946429,-0.946429
d3jxya1,a.118.1.0,0.0,2,0.510204,59,0.55102,59,-0.510204,-0.55102
d3sy7a1,f.4.7.1,0.0,5,0.8,6,0.8,6,-0.8,-0.8
d1w2za1,b.30.2.1,0.0,0,0.0,0,0.0,0,0.0,0.0
d2a8aa_,d.92.1.7,0.0,8,0.05,42,0.05,42,-0.05,-0.05
d5d3xa1,b.55.1.0,0.0,3,0.917808,86,0.986301,86,-0.917808,-0.986301
d2aota_,c.66.1.19,0.0,4,0.0,0,0.0,0,0.0,0.0
d5e68a_,d.185.1.2,0.0,0,0.0,0,0.0,0,0.0,0.0
d3tewa1,f.60.1.1,0.0,0,0.0,0,0.0,0,0.0,0.0
d1zbsa1,c.55.1.5,0.0,0,0.354167,102,0.197917,102,-0.354167,-0.197917
d5b5ed_,f.26.1.1,0.0,3,0.0,0,0.0,0,0.0,0.0
d3eg4a_,b.81.1.2,0.0,0,0.0,0,0.0,0,0.0,0.0
d2no4a1,c.108.1.0,0.0,4,0.0,0,0.0,0,0.0,0.0
d1reqa1,c.1.19.1,0.0,0,0.5,5,0.5,5,-0.5,-0.5
d7miwa1,a.127.1.1,0.0,3,0.0,0,0.0,0,0.0,0.0
d3lf6a_,d.112.1.1,0.0,0,0.0,0,0.0,0,0.0,0.0
d3mmca3,d.134.1.1,0.0,0,0.0,0,0.0,0,0.0,0.0
d1k94a_,a.39.1.8,0.0,0,0.830986,73,0.84507,73,-0.830986,-0.84507
d2b4va2,d.218.1.10,0.0,0,0.0,0,0.0,0,0.0,0.0
d6i03a_,c.108.1.6,0.0,7,0.0,0,0.0,0,0.0,0.0
d5dzsa2,c.2.1.0,0.0,13,0.0,0,0.0,0,0.0,0.0
d7l6sa2,d.14.1.0,0.0,2,0.0,0,0.0,0,0.0,0.0
d1fg7a_,c.67.1.1,0.0,16,0.992248,143,0.992248,143,-0.992248,-0.992248
d4c72a1,c.95.1.0,0.0,7,0.0,0,0.0,0,0.0,0.0
d1knza_,e.34.1.1,0.0,0,0.0,0,0.0,0,0.0,0.0
d1xg4a_,c.1.12.7,0.0,0,0.75,19,0.8125,19,-0.75,-0.8125
g1kve.1,d.70.1.2,0.0,0,0.0,0,0.0,0,0.0,0.0
d1cg5b_,a.1.1.2,0.0,0,0.787879,57,0.939394,57,-0.787879,-0.939394
d1zsqa2,c.45.1.3,0.0,2,0.0,0,0.0,0,0.0,0.0
d2h29a_,c.26.1.3,0.0,2,0.282609,53,0.23913,53,-0.282609,-0.23913
d1omoa_,c.2.1.13,0.0,20,0.0,0,0.0,0,0.0,0.0
d5tkma_,c.97.1.6,0.0,0,0.5,24,0.0,24,-0.5,0.0
d3toya2,c.1.11.0,0.0,5,0.923077,43,0.923077,43,-0.923077,-0.923077
g1ku8.1,b.77.3.1,0.0,0,0.0,0,0.0,6,0.0,0.0
d2wy8a_,a.102.4.4,0.0,3,0.727273,13,0.416667,14,-0.727273,-0.416667
d3txna1,a.118.8.9,0.0,4,0.545455,63,0.581818,63,-0.545455,-0.581818
d2pbka_,b.57.1.1,0.0,0,0.0,0,0.0,0,0.0,0.0
d6q4ra1,b.98.1.0,0.0,0,0.0,0,0.0,0,0.0,0.0
d2hcfa1,c.108.1.6,0.0,4,0.0,0,0.0,0,0.0,0.0
d1tzva_,a.79.1.1,0.0,0,0.0,0,0.0,0,0.0,0.0
d5b1ya_,c.2.1.0,0.0,11,0.0,0,0.0,0,0.0,0.0
d1nrjb_,c.37.1.8,0.0,12,0.0,0,0.0,0,0.0,0.0
d2nxoa1,c.94.1.1,0.0,12,0.0,0,0.0,0,0.0,0.0
d1twfh_,b.40.4.8,0.0,3,0.0,0,0.0,0,0.0,0.0
d1ks8a1,a.102.1.2,0.0,6,0.736842,28,0.631579,28,-0.736842,-0.631579
d3npka1,a.128.1.0,0.5,7,0.0,0,0.0,0,0.5,0.5
d1c0da_,c.1.8.3,0.0,12,0.514019,135,0.635514,135,-0.514019,-0.635514
d4lfla_,c.121.1.0,0.0,0,0.0,0,0.0,0,0.0,0.0
d4ikva_,f.38.1.3,0.0,94,0.0,0,0.0,0,0.0,0.0
d1rz1a_,b.45.1.2,0.0,0,0.809524,46,0.785714,46,-0.809524,-0.785714
d7ci0a_,c.69.1.0,0.0,11,0.0,0,0.0,0,0.0,0.0
d3jb9x4,c.37.1.19,0.0,9,0.0,0,0.0,0,0.0,0.0
d4rk0a_,c.93.1.0,0.0,15,0.0,0,0.0,0,0.0,0.0
d4cnca_,c.10.2.0,0.0,0,0.823529,32,0.823529,32,-0.823529,-0.823529
d2hf2a_,c.108.1.10,0.0,6,0.0,0,0.0,0,0.0,0.0
g1f8v.1,b.121.4.4,0.0,4,0.0,0,0.0,44,0.0,0.0
d3h0oa_,b.29.1.2,0.0,4,0.0,0,0.0,0,0.0,0.0
d5uofa1,c.87.1.0,0.0,7,0.0,0,0.0,0,0.0,0.0
d4wisa1,f.68.1.1,0.0,0,0.0,0,0.0,0,0.0,0.0
d2a19b1,d.144.1.0,0.0,17,0.0,0,0.0,0,0.0,0.0
d2p6pa1,c.87.1.13,0.0,6,0.0,0,0.0,0,0.0,0.0
d2gvia1,d.81.3.1,0.0,0,0.0,0,0.0,0,0.0,0.0
d3rqza1,d.159.1.0,0.0,0,0.0,0,0.0,0,0.0,0.0
d3i94a_,d.248.2.1,0.0,0,0.0,0,0.0,0,0.0,0.0
d2waga1,c.1.8.0,0.0,4,0.0729167,135,0.28125,135,-0.0729167,-0.28125
d2cvza2,c.2.1.6,0.0,11,0.0,0,0.0,0,0.0,0.0
g1ko6.1,b.119.1.1,0.0,0,0.0,0,0.0,0,0.0,0.0
d3wctd_,a.1.1.0,0.0,4,0.722222,57,0.972222,57,-0.722222,-0.972222
d2dw4a2,c.3.1.2,0.0,5,0.0,0,0.0,0,0.0,0.0
d1ig0a2,c.100.1.1,0.0,0,0.0,0,0.0,0,0.0,0.0
d3n74a_,c.2.1.0,0.023809523809523808,43,0.0,0,0.0,0,0.023809523809523808,0.023809523809523808
d1izma_,a.199.1.1,0.0,0,0.0,0,0.0,0,0.0,0.0
d4feva_,d.144.1.0,0.0,8,0.0,0,0.0,0,0.0,0.0
d4e2ba_,c.1.4.0,0.0,5,0.8,27,0.95,27,-0.8,-0.95
d1cbfa1,c.90.1.1,0.0,2,0.0,0,0.0,0,0.0,0.0
d2p9ja_,c.108.1.0,0.0,4,0.0,0,0.0,0,0.0,0.0
d2o8na_,c.104.1.0,0.0,0,0.0,0,0.0,0,0.0,0.0
d2b0ca1,c.108.1.2,0.0,5,0.0,0,0.0,0,0.0,0.0
d4jhca_,c.51.4.0,0.0,0,0.875,9,0.875,9,-0.875,-0.875
d4g3qa1,c.68.1.0,0.0,3,0.0,0,0.0,0,0.0,0.0
d3t4na_,d.129.6.2,0.0,0,0.5,4,0.5,4,-0.5,-0.5
d2zgya1,c.55.1.1,0.0,3,0.265957,102,0.180851,102,-0.265957,-0.180851
d4hwga1,c.87.1.0,0.0,2,0.0,0,0.0,0,0.0,0.0
d6l33a_,c.94.1.0,0.0,6,0.0,0,0.0,0,0.0,0.0
d1u4ga_,d.92.1.2,0.0,4,0.0731707,42,0.0243902,42,-0.0731707,-0.0243902
d2rkqa1,d.118.1.0,0.0,2,0.0,0,0.0,0,0.0,0.0
d2wica_,c.37.1.8,0.0,17,0.0,0,0.0,0,0.0,0.0
d4u1tb_,c.67.1.0,0.05555555555555555,19,0.980769,143,0.980769,143,-0.9252134444444444,-0.9252134444444444
d1bgca_,a.26.1.1,0.0,2,0.0,0,0.0,0,0.0,0.0
d1sfna_,b.82.1.11,0.0,5,0.904762,65,0.984127,65,-0.904762,-0.984127
d2nlka2,c.45.1.0,0.0,2,0.0,0,0.0,0,0.0,0.0
d7b1sb1,d.58.31.0,0.6666666666666666,4,0.5,5,0.25,5,0.16666666666666663,0.41666666666666663
d2icua_,d.303.1.0,0.0,0,0.0,0,0.0,0,0.0,0.0
d2p6ra3,c.37.1.19,0.0,9,0.0,0,0.0,0,0.0,0.0
d1fcda2,c.3.1.5,0.0,2,0.0,0,0.0,0,0.0,0.0
d1umma_,a.3.1.0,0.0,0,0.0,0,0.0,0,0.0,0.0
d1udxa1,b.117.1.1,0.0,0,0.0,0,0.0,0,0.0,0.0
d1g5ia2,d.104.1.1,0.0,2,0.0,0,0.0,0,0.0,0.0
d6a1ia2,a.128.1.0,0.0,5,0.0,0,0.0,0,0.0,0.0
d2jafa_,f.13.1.1,0.0,20,0.0,0,0.0,0,0.0,0.0
d3brfa2,b.2.5.8,0.0,2,0.0,0,0.0,0,0.0,0.0
d1e5da2,d.157.1.3,0.0,6,0.0,0,0.0,0,0.0,0.0
d6ag8a_,b.81.1.0,0.0,2,0.769231,24,0.923077,24,-0.769231,-0.923077
d2igia_,c.55.3.5,0.0,0,0.204545,61,0.0454545,61,-0.204545,-0.0454545
d3or5a_,c.47.1.0,0.2,11,0.547368,215,0.6,215,-0.34736799999999995,-0.39999999999999997
d1xdna_,d.142.2.4,0.0,2,0.777778,10,0.444444,10,-0.777778,-0.444444
d7c0ya1,c.94.1.0,0.0,17,0.0,0,0.0,0,0.0,0.0
d6aska_,c.1.16.4,0.5,7,0.923077,14,0.923077,14,-0.42307700000000004,-0.42307700000000004
d1r5ta_,c.97.1.1,0.0,0,0.65,24,0.55,24,-0.65,-0.55
d6xepa2,d.139.1.0,0.0,0,0.0,0,0.0,0,0.0,0.0
d2kvaa1,b.64.1.1,0.0,0,0.0,0,0.0,0,0.0,0.0
d7odca1,b.49.2.3,0.0,0,0.4,8,0.0,8,-0.4,0.0
d3sfda3,a.7.3.1,0.0,0,0.0,0,0.0,0,0.0,0.0
d2pkha1,d.190.1.2,0.0,0,0.0,0,0.0,0,0.0,0.0
d1dd5a_,d.67.3.1,1.0,3,0.0,0,0.0,0,1.0,1.0
d6ftfb2,b.82.3.0,0.0,0,0.933333,31,0.933333,31,-0.933333,-0.933333
d1gs9a_,a.24.1.1,0.0,0,0.0,0,0.0,0,0.0,0.0
d3qvpa2,d.16.1.1,0.0,0,0.0,0,0.0,0,0.0,0.0
d1z6om1,a.25.1.1,0.0,0,0.484848,55,0.69697,55,-0.484848,-0.69697
d1a73a_,d.4.1.3,0.0,0,0.0,0,0.0,0,0.0,0.0
d1ibja_,c.67.1.3,0.05263157894736842,20,0.976923,143,0.992308,143,-0.9242914210526316,-0.9396764210526316
d2l3ya_,a.26.1.0,0.0,0,0.0,0,0.0,0,0.0,0.0
d1zj9a4,d.134.1.1,0.0,0,0.0,0,0.0,0,0.0,0.0
d2hhpa3,d.58.16.1,0.0,0,0.0,3,0.5,3,0.0,-0.5
d2w15a_,d.92.1.9,0.0,2,0.0731707,42,0.0487805,42,-0.0731707,-0.0487805
d4pmda1,c.1.8.0,0.38461538461538464,14,0.385417,135,0.552083,135,-0.0008016153846153729,-0.16746761538461535
d1vfra_,d.90.1.1,0.0,2,0.0,0,0.0,0,0.0,0.0
d1y60a_,d.14.1.12,0.0,2,0.0,0,0.0,0,0.0,0.0
d1ep3b2,c.25.1.3,0.0,0,0.0,0,0.0,0,0.0,0.0
d6nqia_,c.55.3.0,0.0,2,0.04,61,0.0,61,-0.04,0.0
d3f7la_,b.1.8.1,0.0,0,0.666667,6,0.666667,6,-0.666667,-0.666667
d4b15a_,c.1.8.0,0.0,8,0.697917,135,0.46875,135,-0.697917,-0.46875
g1n13.1,d.155.1.2,0.0,0,0.0,0,0.0,0,0.0,0.0
d3mwpa2,a.300.1.1,0.0,0,0.0,0,0.0,0,0.0,0.0
d3q62a1,d.38.1.2,0.0,4,0.0,0,0.0,0,0.0,0.0
d3vzha1,d.58.53.2,0.0,0,0.125,17,0.0,17,-0.125,0.0
d1s6ia_,a.39.1.5,0.4444444444444444,10,0.735849,73,0.811321,73,-0.29140455555555556,-0.36687655555555554
d2qfaa_,g.52.1.1,0.0,0,0.0,0,0.0,0,0.0,0.0
d7a3ha_,c.1.8.3,0.0,9,0.495327,135,0.570093,135,-0.495327,-0.570093
d3iteb_,e.23.1.0,0.0,6,0.0,0,0.0,0,0.0,0.0
d7cfva_,b.86.1.0,0.0,0,0.0,0,0.0,0,0.0,0.0
d2jjna_,a.104.1.0,0.0,18,0.0,0,0.0,0,0.0,0.0
d1s58a_,b.121.5.2,0.0,0,0.333333,7,0.333333,7,-0.333333,-0.333333
d4al0a_,f.56.1.0,0.0,0,0.0,0,0.0,0,0.0,0.0
d2hq9a1,b.45.1.1,0.0,3,0.892857,46,0.678571,46,-0.892857,-0.678571
d6t0ya_,d.194.1.2,0.0,2,0.0,0,0.0,0,0.0,0.0
d3ak8a_,a.25.1.1,0.0,3,0.484848,55,0.757576,55,-0.484848,-0.757576
d5pn0a_,b.82.2.14,0.0,5,0.631579,42,0.0526316,42,-0.631579,-0.0526316
d1e3pa3,d.14.1.4,0.0,0,0.0,0,0.0,0,0.0,0.0
d1tlta1,c.2.1.3,0.0,7,0.0,0,0.0,0,0.0,0.0
d1lama2,c.50.1.1,0.0,0,0.0,0,0.0,0,0.0,0.0
d1xtta1,c.61.1.1,0.3333333333333333,4,0.0,0,0.0,0,0.3333333333333333,0.3333333333333333
d3c7bb5,d.134.1.1,0.0,0,0.0,0,0.0,0,0.0,0.0
d4wwxb3,f.66.1.1,0.0,0,0.0,0,0.0,0,0.0,0.0
d4i6na1,d.3.1.0,0.0,2,0.0,0,0.0,0,0.0,0.0
d1l1la_,c.7.1.4,0.0,2,0.0,0,0.0,0,0.0,0.0
d3lqca_,b.18.1.8,0.0,2,0.0,0,0.0,0,0.0,0.0
d3f0wa1,b.55.1.2,0.0,2,0.789474,86,0.973684,86,-0.789474,-0.973684
d4euka_,c.23.1.0,0.125,17,0.785714,100,0.857143,100,-0.660714,-0.732143
d1ydya_,c.1.18.3,0.0,2,0.692308,16,0.692308,16,-0.692308,-0.692308
d3evfa_,c.66.1.0,0.0,7,0.0,0,0.0,0,0.0,0.0
d4nvra_,c.69.1.0,0.0,8,0.0,0,0.0,0,0.0,0.0
d4dnga_,c.82.1.0,0.0,14,0.0,0,0.0,0,0.0,0.0
d2fvka2,c.1.9.6,0.0,8,0.781818,60,0.909091,60,-0.781818,-0.909091
d6bzra_,c.37.1.0,0.0,12,0.0,0,0.0,0,0.0,0.0
d4gdha_,c.23.16.0,0.0,4,0.344828,42,0.310345,42,-0.344828,-0.310345
d2dpwa1,c.68.1.19,0.0,4,0.0,0,0.0,0,0.0,0.0
d1us0a_,c.1.7.1,0.0,4,0.923077,19,0.923077,19,-0.923077,-0.923077
d1w8ra_,c.1.10.1,0.0,9,0.511111,65,0.933333,65,-0.511111,-0.933333
d1usub_,d.83.2.1,0.0,0,0.0,0,0.0,0,0.0,0.0
d3irva_,c.33.1.0,0.0,3,0.0,0,0.0,0,0.0,0.0
d4hs9a_,c.69.1.18,0.0,11,0.0,0,0.0,0,0.0,0.0
d1i5pa3,f.1.3.1,0.0,0,0.5,3,0.5,3,-0.5,-0.5
d6p2la1,b.69.13.0,0.0,4,0.333333,8,0.666667,8,-0.333333,-0.666667
d5m49a_,c.67.1.0,0.0,21,0.980769,143,0.980769,143,-0.980769,-0.980769
d1txka2,b.30.5.9,0.0,3,0.0,0,0.0,0,0.0,0.0
d1u6ea1,c.95.1.2,0.0,2,0.0,0,0.0,0,0.0,0.0
d1i7ka_,d.20.1.1,0.3333333333333333,7,0.0,0,0.0,0,0.3333333333333333,0.3333333333333333
d4yoza2,a.74.1.0,0.0,0,0.0,0,0.0,0,0.0,0.0
d5nl9a1,a.4.5.0,0.0,3,0.573034,252,0.544944,252,-0.573034,-0.544944
d1k8wa5,d.265.1.2,0.0,0,0.0,0,0.0,0,0.0,0.0
d2lrba_,d.109.1.0,0.0,0,0.733333,24,0.666667,24,-0.733333,-0.666667
d3n20b_,a.25.1.2,0.0,5,0.0222222,55,0.0444444,55,-0.0222222,-0.0444444
d6r3za_,c.92.2.0,0.0,5,0.538462,38,0.846154,38,-0.538462,-0.846154
d1vk3a2,d.79.4.1,0.0,0,0.8,11,0.8,11,-0.8,-0.8
d2o8ia1,a.288.1.1,0.0,0,0.0,0,0.0,0,0.0,0.0
d2c81a_,c.67.1.0,0.058823529411764705,18,0.980769,143,0.980769,143,-0.9219454705882353,-0.9219454705882353
d2enga_,b.52.1.1,0.0,2,0.0,0,0.0,0,0.0,0.0
d4xdaa_,c.72.1.0,0.0,8,0.941176,51,0.941176,51,-0.941176,-0.941176
d1gvnb_,c.37.1.21,0.0,10,0.0,0,0.0,0,0.0,0.0
d4ooxa1,b.121.4.0,0.0,3,0.0,39,0.0,44,0.0,0.0
d2a2la1,d.110.9.1,0.0,0,0.0,0,0.0,0,0.0,0.0
d2bjqa2,b.169.1.1,0.0,0,0.0,0,0.0,0,0.0,0.0
d3coka1,d.144.1.0,0.09090909090909091,23,0.0,0,0.0,0,0.09090909090909091,0.09090909090909091
d4aiaa1,a.96.1.0,0.0,0,0.0,0,0.0,0,0.0,0.0
d3n37a_,a.25.1.2,0.0,4,0.0222222,55,0.0444444,55,-0.0222222,-0.0444444
d2nxca1,c.66.1.39,0.0,6,0.0,0,0.0,0,0.0,0.0
d6nfea2,c.61.1.0,0.0,3,0.0,0,0.0,0,0.0,0.0
d1rtqa_,c.56.5.4,0.0,5,0.7,36,0.4,37,-0.7,-0.4
d3rkol_,f.72.1.1,0.48148148148148145,28,0.0,0,0.0,0,0.48148148148148145,0.48148148148148145
d1k8ea2,c.27.1.1,0.0,0,0.0,0,0.0,0,0.0,0.0
d2oola1,d.110.2.1,0.0,0,0.875,21,0.5625,21,-0.875,-0.5625
d6t40a_,b.121.4.1,0.0,2,0.741935,39,0.6875,44,-0.741935,-0.6875
d3eg5b_,a.118.1.23,0.0,9,0.0,0,0.0,0,0.0,0.0
d3fc6b_,a.123.1.1,0.0,3,0.0,0,0.0,0,0.0,0.0
d1m8pa3,c.37.1.15,0.0,16,0.0,0,0.0,0,0.0,0.0
d1vq8w1,d.59.1.1,0.0,0,0.0,0,0.0,0,0.0,0.0
d3l7ya_,c.108.1.0,0.0,11,0.0,0,0.0,0,0.0,0.0
d3ve9a_,c.1.2.0,0.0,3,0.954545,39,0.954545,39,-0.954545,-0.954545
d1vg0a1,c.3.1.3,0.0,7,0.0,0,0.0,0,0.0,0.0
d4jxqa_,d.108.1.0,0.0,4,0.0,0,0.0,0,0.0,0.0
d6ux9a1,d.143.1.2,0.0,2,0.0,0,0.0,0,0.0,0.0
d1pc6a_,d.262.1.1,0.0,0,0.0,0,0.0,0,0.0,0.0
d4j15a2,d.104.1.0,0.0,5,0.0,0,0.0,0,0.0,0.0
d6gfaa2,c.55.1.0,0.0,2,0.603448,102,0.310345,102,-0.603448,-0.310345
d1gz2a_,d.169.1.1,0.0,2,0.0,0,0.0,0,0.0,0.0
d3kg2a3,f.14.2.1,0.0,0,0.0,0,0.0,0,0.0,0.0
d1qbaa2,b.2.2.3,0.0,0,0.0,0,0.0,0,0.0,0.0
d6jx5a_,d.148.1.0,0.0,0,0.0,0,0.0,0,0.0,0.0
d1fftc2,f.25.1.1,0.0,0,0.0,0,0.0,0,0.0,0.0
d1tqha_,c.69.1.29,0.0,10,0.0,0,0.0,0,0.0,0.0
d2ebfx2,c.150.1.2,0.0,0,0.0,0,0.0,0,0.0,0.0
d3cu9a_,b.67.2.1,0.0,2,0.0,0,0.0,0,0.0,0.0
d1hp1a2,d.159.1.2,0.0,0,0.0,0,0.0,0,0.0,0.0
d2awia2,a.118.8.4,0.0,3,0.0,0,0.0,0,0.0,0.0
d1bvyf_,c.23.5.1,0.0,0,0.967742,37,0.967742,37,-0.967742,-0.967742
d6mfba_,c.67.1.3,0.0,18,0.984615,143,0.992308,143,-0.984615,-0.992308
d3tn7a_,c.2.1.0,0.0,18,0.0,0,0.0,0,0.0,0.0
d2ehga_,c.55.3.0,0.0,2,0.2,61,0.1,61,-0.2,-0.1
d7d6aa_,c.1.8.0,0.0,24,0.447917,135,0.635417,135,-0.447917,-0.635417
d2ox7a1,b.172.1.1,0.0,0,0.0,0,0.0,0,0.0,0.0
d1xp2b1,d.65.1.5,0.0,0,0.0,0,0.0,0,0.0,0.0
d1pbua_,d.58.46.1,0.0,0,0.0,0,0.0,0,0.0,0.0
d2f5va1,c.3.1.2,0.0,2,0.0,0,0.0,0,0.0,0.0
d1tj2a2,c.1.23.2,0.0,2,0.0,0,0.0,0,0.0,0.0
d1booa_,c.66.1.11,0.0,5,0.0,0,0.0,0,0.0,0.0
d1ocya_,d.231.1.1,0.0,0,0.0,0,0.0,0,0.0,0.0
d1dusa_,c.66.1.4,0.0,3,0.0,0,0.0,0,0.0,0.0
d3k7ib_,d.65.1.2,0.0,0,0.0,0,0.0,0,0.0,0.0
d2a6pa_,c.60.1.0,0.0,0,0.0,0,0.0,0,0.0,0.0
d3l4ya1,b.30.5.0,0.0,0,0.173913,26,0.125,27,-0.173913,-0.125
d3lgia_,b.47.1.1,0.0,3,0.0,0,0.0,0,0.0,0.0
d3wd6a2,a.45.1.0,0.0,2,0.0,0,0.0,0,0.0,0.0
d5ilga1,c.2.1.0,0.0,16,0.0,0,0.0,0,0.0,0.0
d1o4ya_,b.29.1.2,0.0,5,0.0,0,0.0,0,0.0,0.0
d3ipca1,c.93.1.0,0.0,8,0.0,0,0.0,0,0.0,0.0
d1yira2,d.41.2.2,0.0,2,0.214286,17,0.214286,17,-0.214286,-0.214286
d1s8na_,c.23.1.1,0.0,6,0.85,100,0.95,100,-0.85,-0.95
d6i96a_,f.4.3.0,0.0,7,0.833333,18,0.916667,18,-0.833333,-0.916667
d2sqca1,a.102.4.2,0.0,0,0.6,13,0.545455,14,-0.6,-0.545455
d4uw2a2,d.58.53.7,0.0,2,0.0,17,0.0,17,0.0,0.0
d6yr3a_,c.1.10.1,0.0,3,0.688889,65,0.911111,65,-0.688889,-0.911111
d1b25a2,d.152.1.1,0.0,0,0.0,0,0.0,0,0.0,0.0
d1af7a2,c.66.1.8,0.0,5,0.0,0,0.0,0,0.0,0.0
d1g5ga1,f.12.1.1,0.0,0,0.0,0,0.0,0,0.0,0.0
d1wlma1,a.39.1.11,0.0,0,0.319444,73,0.361111,73,-0.319444,-0.361111
d2jepa_,c.1.8.0,0.18181818181818182,12,0.791667,135,0.604167,135,-0.6098488181818182,-0.4223488181818182
d1opoa_,b.121.4.7,0.0,3,0.794118,39,0.615385,44,-0.794118,-0.615385
d5otna_,d.113.1.1,0.5,3,0.0,0,0.0,0,0.5,0.5
d1ve1a1,c.79.1.1,0.14285714285714285,8,0.0,0,0.0,0,0.14285714285714285,0.14285714285714285
d5bq9a1,a.211.1.6,0.0,4,0.0,0,0.0,0,0.0,0.0
d4rwea_,c.93.1.0,0.0,6,0.0,0,0.0,0,0.0,0.0
d5epea_,c.66.1.21,0.0,6,0.0,0,0.0,0,0.0,0.0
d2wmfa1,c.37.1.12,0.0,19,0.0,0,0.0,0,0.0,0.0
d2bbha1,d.328.1.1,0.0,0,0.0,0,0.0,0,0.0,0.0
d5ihwa1,b.2.3.0,0.0,0,0.125,22,0.0625,22,-0.125,-0.0625
d6dcda_,a.104.1.0,0.2,21,0.0,0,0.0,0,0.2,0.2
d1hwxa4,c.2.1.7,0.0,13,0.0,0,0.0,0,0.0,0.0
d4eloa_,c.94.1.0,0.0,12,0.0,0,0.0,0,0.0,0.0
d3sh4a_,b.29.1.0,0.0,3,0.0,0,0.0,0,0.0,0.0
d1uira_,c.66.1.17,0.0,9,0.0,0,0.0,0,0.0,0.0
d6m4ja_,c.67.1.0,0.16666666666666666,13,0.980769,143,0.980769,143,-0.8141023333333334,-0.8141023333333334
d3f9ma2,c.55.1.0,0.0,3,0.224138,102,0.0517241,102,-0.224138,-0.0517241
d3vlaa_,b.50.1.0,0.0,0,0.0,0,0.0,0,0.0,0.0
d1tf5a4,c.37.1.19,0.0,11,0.0,0,0.0,0,0.0,0.0
d2cfoa2,a.97.1.0,0.0,2,0.0,0,0.0,0,0.0,0.0
d1qexa_,b.32.1.1,0.0,0,0.0,0,0.0,0,0.0,0.0
d5um2a1,c.94.1.1,0.0,9,0.0,0,0.0,0,0.0,0.0
d7nz9a_,c.97.1.0,0.0,0,0.8,24,0.7,24,-0.8,-0.7
d1yjqa2,c.2.1.6,0.0,11,0.0,0,0.0,0,0.0,0.0
d1foea1,a.87.1.1,0.0,3,0.0,0,0.0,0,0.0,0.0
d1k9xa_,d.92.1.5,0.0,8,0.1,42,0.05,42,-0.1,-0.05
d4kvfa_,c.93.1.0,0.0,15,0.0,0,0.0,0,0.0,0.0
d3h4ta1,c.87.1.5,0.0,3,0.0,0,0.0,0,0.0,0.0
d1wbaa_,b.42.4.1,0.0,0,0.928571,17,0.928571,18,-0.928571,-0.928571
d6fnua1,c.1.23.0,0.6666666666666666,4,0.0,0,0.0,0,0.6666666666666666,0.6666666666666666
d1dlca2,b.77.2.1,0.0,0,0.666667,6,0.0,6,-0.666667,0.0
d1ig3a2,c.100.1.1,0.0,0,0.0,0,0.0,0,0.0,0.0
d3pzwa1,b.12.1.1,0.0,0,0.0,0,0.0,0,0.0,0.0
d2y1ha1,c.1.9.0,0.0,4,0.8,60,0.925,60,-0.8,-0.925
d3nzbx_,c.71.1.1,0.0,2,0.0,0,0.0,0,0.0,0.0
d5ci5a_,c.94.1.0,0.0,18,0.0,0,0.0,0,0.0,0.0
d3tuia_,f.58.1.1,0.0,4,0.0,0,0.0,0,0.0,0.0
d1odha_,d.239.1.1,0.0,0,0.0,0,0.0,0,0.0,0.0
d1biaa3,d.104.1.2,0.0,2,0.0,0,0.0,0,0.0,0.0
d2giya1,b.1.1.1,0.0,4,0.338462,239,0.938462,239,-0.338462,-0.938462
d5zeea_,c.42.1.0,0.4,6,0.0,0,0.0,0,0.4,0.4
d1z1nx_,a.138.1.0,0.0,0,0.0,0,0.0,0,0.0,0.0
d2q35a1,c.14.1.0,0.0,3,0.0,0,0.0,0,0.0,0.0
d3a2ba_,c.67.1.0,0.0,16,0.980769,143,0.980769,143,-0.980769,-0.980769
d4zevb_,c.108.1.0,0.0,8,0.0,0,0.0,0,0.0,0.0
d5laua1,c.50.1.0,0.0,0,0.0,0,0.0,0,0.0,0.0
d5jc8a_,c.2.1.0,0.09523809523809523,22,0.0,0,0.0,0,0.09523809523809523,0.09523809523809523
d1sfsa_,c.1.8.8,0.0,7,0.0970149,135,0.261194,135,-0.0970149,-0.261194
d2io8a2,d.3.1.15,0.0,0,0.0,0,0.0,0,0.0,0.0
d3nv7a_,c.26.1.0,0.0,3,0.21875,53,0.3125,53,-0.21875,-0.3125
d2q4ma_,d.23.1.2,0.0,0,0.0,0,0.0,0,0.0,0.0
d4w88a_,c.1.8.0,0.0,13,0.604167,135,0.59375,135,-0.604167,-0.59375
d1g0sa_,d.113.1.1,0.0,4,0.0,0,0.0,0,0.0,0.0
d1o50a3,d.37.1.1,0.0,3,0.0,0,0.0,0,0.0,0.0
d3lbfa_,c.66.1.0,0.0,11,0.0,0,0.0,0,0.0,0.0
d2a2ka_,c.46.1.1,0.0,0,0.0,0,0.0,0,0.0,0.0
d1xd3a_,d.3.1.6,0.0,2,0.0,0,0.0,0,0.0,0.0
d1zswa2,d.32.1.10,0.0,0,0.0,0,0.0,0,0.0,0.0
d4ahca2,e.8.1.0,0.0,2,0.0,0,0.0,0,0.0,0.0
d3bzca3,a.294.1.1,0.0,0,0.0,0,0.0,0,0.0,0.0
d5ndea_,d.157.1.0,0.0,6,0.0,0,0.0,0,0.0,0.0
d3wlia2,c.23.11.0,0.0,0,0.0,0,0.0,0,0.0,0.0
d3uaoa_,c.33.1.0,0.0,0,0.0,0,0.0,0,0.0,0.0
d2efja_,c.66.1.0,0.0,9,0.0,0,0.0,0,0.0,0.0
d4pp8c_,d.19.1.1,0.0,0,0.0,0,0.0,0,0.0,0.0
g1jjo.1,e.1.1.1,0.2857142857142857,15,0.0,0,0.0,0,0.2857142857142857,0.2857142857142857
d1bf2a3,c.1.8.1,0.0,10,0.388889,135,0.768519,135,-0.388889,-0.768519
d2nyua_,c.66.1.0,0.0,0,0.0,0,0.0,0,0.0,0.0
d1g8pa_,c.37.1.20,0.0,25,0.0,0,0.0,0,0.0,0.0
d3up9a_,c.94.1.0,0.16666666666666666,7,0.0,0,0.0,0,0.16666666666666666,0.16666666666666666
d3cx5d1,a.3.1.3,0.0,2,0.0,0,0.0,0,0.0,0.0
d4y8wa1,a.104.1.0,0.0,15,0.0,0,0.0,0,0.0,0.0
d1siga1,a.177.1.1,0.0,2,0.0,0,0.0,0,0.0,0.0
d2basa1,c.1.33.1,0.0,0,0.0,0,0.0,0,0.0,0.0
d2r8ea_,c.108.1.0,0.0,4,0.0,0,0.0,0,0.0,0.0
d1yrba2,c.37.1.10,0.0,13,0.0,0,0.0,0,0.0,0.0
d2rada1,c.150.1.3,0.0,3,0.0,0,0.0,0,0.0,0.0
d2arca_,b.82.4.1,0.0,0,0.0,0,0.0,0,0.0,0.0
d1ug9a4,b.30.5.5,0.0,3,0.4,26,0.115385,27,-0.4,-0.115385
d1tm9a_,a.225.1.1,0.0,0,0.0,0,0.0,0,0.0,0.0
d3aa0a_,e.43.1.1,0.0,0,0.0,0,0.0,0,0.0,0.0
d1hn0a1,a.102.3.2,0.0,0,0.5,6,0.5,6,-0.5,-0.5
d6j5ya1,d.177.1.0,0.5,3,0.0,0,0.0,0,0.5,0.5
d1hp1a1,d.114.1.1,0.0,2,0.0,0,0.0,0,0.0,0.0
d6h5wa_,d.92.1.5,0.0,9,0.05,42,0.05,42,-0.05,-0.05
d2pefa_,e.1.1.0,0.0,8,0.0,0,0.0,0,0.0,0.0
d1hc1a2,a.86.1.1,0.0,0,0.0,0,0.0,0,0.0,0.0
d1nzya_,c.14.1.3,0.1111111111111111,10,0.0,0,0.0,0,0.1111111111111111,0.1111111111111111
d3s52a_,d.177.1.1,0.5,3,0.0,0,0.0,0,0.5,0.5
d3l51b1,d.215.1.0,0.0,0,0.0,0,0.0,0,0.0,0.0
d1x8ba_,d.144.1.0,0.0,13,0.0,0,0.0,0,0.0,0.0
d2a5yb3,c.37.1.20,0.0,11,0.0,0,0.0,0,0.0,0.0
d3t4xa1,c.2.1.0,0.0,20,0.0,0,0.0,0,0.0,0.0
d2kvka1,d.109.1.0,0.0,2,0.6,24,0.933333,24,-0.6,-0.933333
d5kbxb_,c.23.1.0,0.16666666666666666,7,0.821429,100,0.857143,100,-0.6547623333333333,-0.6904763333333334
d3ibva_,a.118.1.19,0.0,24,0.637931,59,0.482759,59,-0.637931,-0.482759
d1vr6a2,c.1.10.4,0.0,6,0.761905,65,0.952381,65,-0.761905,-0.952381
d4cr2t1,a.118.8.9,0.0,2,0.181818,63,0.309091,63,-0.181818,-0.309091
d3qvpa1,c.3.1.2,0.0,4,0.0,0,0.0,0,0.0,0.0
d2pqca_,d.68.2.2,0.0,2,0.666667,4,0.333333,4,-0.666667,-0.333333
d1kola2,c.2.1.1,0.0,13,0.0,0,0.0,0,0.0,0.0
d1uwca1,c.69.1.17,0.0,5,0.0,0,0.0,0,0.0,0.0
d1jwqa_,c.56.5.6,0.0,4,0.571429,36,0.111111,37,-0.571429,-0.111111
d1xg2b1,a.29.6.0,0.0,0,0.0,0,0.0,0,0.0,0.0
d1sk7a_,a.132.1.2,0.0,2,0.0,0,0.0,0,0.0,0.0
d2dlxa1,c.47.1.24,0.0,2,0.0,0,0.0,0,0.0,0.0
d3ieia_,c.66.1.0,0.0,5,0.0,0,0.0,0,0.0,0.0
d2deba1,c.43.1.0,1.0,2,0.0,0,0.0,0,1.0,1.0
d3q1si_,a.26.1.3,0.0,2,0.0,0,0.0,0,0.0,0.0
d1sraa_,a.39.1.3,0.0,0,0.0,0,0.0,0,0.0,0.0
d1knga_,c.47.1.10,0.0,5,0.443299,215,0.541237,215,-0.443299,-0.541237
d1jcla1,c.1.10.1,0.0,3,0.911111,65,0.866667,65,-0.911111,-0.866667
d1i7qb_,c.23.16.1,0.0,4,0.206897,42,0.241379,42,-0.206897,-0.241379
d1vhea2,c.56.5.4,0.0,7,0.45,36,0.25,37,-0.45,-0.25
d6wgya1,a.103.1.0,0.0,2,0.0,0,0.0,0,0.0,0.0
d2f8aa1,c.47.1.10,0.0,4,0.252577,215,0.57732,215,-0.252577,-0.57732
d3wp4a_,b.29.1.0,0.6666666666666666,4,0.0,0,0.0,0,0.6666666666666666,0.6666666666666666
d1n00a1,a.65.1.1,0.0,0,0.0,0,0.0,0,0.0,0.0
d1zjca1,e.60.1.1,0.0,4,0.0,0,0.0,0,0.0,0.0
d3nhqa3,d.110.2.4,0.0,0,0.0,0,0.0,0,0.0,0.0
d5k39a1,b.2.2.0,0.0,0,0.545455,22,0.545455,22,-0.545455,-0.545455
d2hnba_,c.23.5.0,0.25,5,0.863636,37,0.954545,37,-0.613636,-0.704545
d2cdna2,c.37.1.1,0.0,5,0.0,0,0.0,0,0.0,0.0
d1rhsa2,c.46.1.2,0.0,0,0.0,0,0.0,0,0.0,0.0
d3qsda_,d.3.1.0,1.0,2,0.0,0,0.0,0,1.0,1.0
d2bzva1,b.21.1.0,0.0,0,0.0,0,0.0,0,0.0,0.0
d4hnka_,c.14.1.0,0.0,2,0.0,0,0.0,0,0.0,0.0
d5z1fa1,f.68.1.2,0.0,0,0.0,0,0.0,0,0.0,0.0
d4jf8a_,d.17.4.0,0.0,2,0.428571,76,0.964286,76,-0.428571,-0.964286
d1jsxa_,c.66.1.20,0.0,4,0.0,0,0.0,0,0.0,0.0
d3u0va_,c.69.1.0,0.0,6,0.0,0,0.0,0,0.0,0.0
d1kdga1,c.3.1.2,0.0,5,0.0,0,0.0,0,0.0,0.0
d6njka_,e.3.1.0,0.0,7,0.0,0,0.0,0,0.0,0.0
d2iyva2,c.37.1.2,0.0,6,0.0,0,0.0,0,0.0,0.0
d1d2ia_,c.52.1.5,0.0,0,0.0,0,0.0,0,0.0,0.0
d1oxxk2,c.37.1.12,0.20689655172413793,30,0.0,0,0.0,0,0.20689655172413793,0.20689655172413793
d1p5sa_,a.40.1.1,0.0,0,0.888889,17,0.888889,17,-0.888889,-0.888889
d3hzra_,c.26.1.0,0.0,6,0.34375,53,0.3125,53,-0.34375,-0.3125
d2pvua_,c.94.1.0,0.0,15,0.0,0,0.0,0,0.0,0.0
d2euia1,d.108.1.1,0.0,2,0.0,0,0.0,0,0.0,0.0
d1vqta1,c.1.2.3,0.0,0,0.794118,39,0.970588,39,-0.794118,-0.970588
d5uq6a_,d.159.1.1,0.0,3,0.0,0,0.0,0,0.0,0.0
d6wu7a_,a.39.1.0,0.0,8,0.77551,73,0.77551,73,-0.77551,-0.77551
d2bgha1,c.43.1.4,0.0,2,0.0,0,0.0,0,0.0,0.0
d1s1da_,b.67.3.1,0.0,0,0.0,0,0.0,0,0.0,0.0
d3tc2a_,b.42.4.0,0.0,0,0.857143,17,0.75,18,-0.857143,-0.75
d1mtza_,c.69.1.7,0.0,14,0.0,0,0.0,0,0.0,0.0
d2ddha3,e.6.1.2,0.0,2,0.0,0,0.0,0,0.0,0.0
d4dhga2,c.1.11.0,0.0,3,0.923077,43,0.923077,43,-0.923077,-0.923077
d1tq5a1,b.82.1.12,0.0,2,0.875,65,0.984375,65,-0.875,-0.984375
d2im9a1,d.3.1.13,0.0,0,0.0,0,0.0,0,0.0,0.0
d4in0a_,c.47.1.0,0.0,3,0.663158,215,0.631579,215,-0.663158,-0.631579
d2wnsa_,c.61.1.0,0.0,2,0.0,0,0.0,0,0.0,0.0
d1dpja_,b.50.1.2,0.0,4,0.0,0,0.0,0,0.0,0.0
d2rjla_,b.22.1.0,0.5,3,0.0,0,0.0,0,0.5,0.5
d1huwa_,a.26.1.1,0.0,2,0.0,0,0.0,0,0.0,0.0
d4xq7a1,d.218.1.0,0.0,2,0.0,0,0.0,0,0.0,0.0
d1clca1,a.102.1.2,0.0,6,0.736842,28,0.736842,28,-0.736842,-0.736842
d5h7fa_,d.61.1.0,0.0,0,0.0,0,0.0,0,0.0,0.0
d2ogka1,d.77.1.2,0.0,0,0.0,0,0.0,0,0.0,0.0
d1iz0a2,c.2.1.1,0.0,18,0.0,0,0.0,0,0.0,0.0
d3fdja_,c.119.1.0,0.0,0,0.0,0,0.0,0,0.0,0.0
d2a5yb1,a.4.5.80,0.0,4,0.0,0,0.0,0,0.0,0.0
d3og2a1,c.1.8.0,0.0,15,0.447917,135,0.666667,135,-0.447917,-0.666667
d5xkaa_,d.144.1.0,0.0,11,0.0,0,0.0,0,0.0,0.0
d2axla1,a.4.5.43,0.0,2,0.164,252,0.344,252,-0.164,-0.344
d1ewqa3,c.55.6.1,0.0,0,0.0,0,0.0,0,0.0,0.0
d1jtgb_,d.98.1.1,0.0,0,0.0,0,0.0,0,0.0,0.0
d1gqia2,d.92.2.2,0.0,0,0.714286,8,0.285714,8,-0.714286,-0.285714
d3s9da_,a.26.1.3,0.0,0,0.0,0,0.0,0,0.0,0.0
d3thaa1,c.1.2.0,0.0,5,0.863636,39,0.954545,39,-0.863636,-0.954545
d6t6ka1,a.175.1.1,0.0,0,0.0,0,0.0,0,0.0,0.0
d6m9za_,d.22.1.0,0.0,2,0.0,0,0.0,0,0.0,0.0
d5vpsa1,c.2.1.0,0.0,22,0.0,0,0.0,0,0.0,0.0
d4pj3a1,b.49.4.1,0.0,0,0.0,0,0.0,0,0.0,0.0
d3tnja_,c.26.2.0,0.0,3,0.185185,39,0.259259,39,-0.185185,-0.259259
d2astb2,c.10.1.3,0.0,0,0.0,0,0.0,0,0.0,0.0
d3kcgi_,e.1.1.1,0.0,7,0.0,0,0.0,0,0.0,0.0
d5ruba2,d.58.9.1,0.0,2,0.75,7,0.0,7,-0.75,0.0
d4rj2a_,c.56.2.1,0.0,3,0.9,20,0.9,20,-0.9,-0.9
d2v0sa_,d.151.1.1,0.0,0,0.0,0,0.0,0,0.0,0.0
d4k3ya_,b.68.1.0,0.0,2,0.615385,16,0.692308,16,-0.615385,-0.692308
d3fxka1,d.219.1.1,0.0,0,0.0,0,0.0,0,0.0,0.0
d1zc0a_,c.45.1.0,0.0,7,0.0,0,0.0,0,0.0,0.0
d1j6ua2,c.59.1.1,0.0,0,0.0,0,0.0,0,0.0,0.0
d6lgta1,d.32.1.3,0.0,0,0.0,0,0.0,0,0.0,0.0
d5yvra1,e.22.1.0,0.0,0,0.0,0,0.0,0,0.0,0.0
d2vuaa2,b.42.4.2,0.0,0,0.9375,17,0.882353,18,-0.9375,-0.882353
d4a25a_,a.25.1.0,0.0,2,0.585366,55,0.804878,55,-0.585366,-0.804878
d1xoua_,a.231.1.1,0.0,0,0.0,0,0.0,0,0.0,0.0
d3mwpa1,c.55.3.5,0.0,0,0.204545,61,0.0,61,-0.204545,0.0
d1asta_,d.92.1.8,0.0,2,0.0,0,0.0,0,0.0,0.0
d3l6xa_,a.118.1.0,0.0,10,0.591837,59,0.44898,59,-0.591837,-0.44898
d6hcpa_,f.4.3.0,0.0,5,0.916667,18,0.916667,18,-0.916667,-0.916667
d1es5a_,e.3.1.1,0.0,4,0.0,0,0.0,0,0.0,0.0
d7kesa_,c.140.1.0,0.0,0,0.0,0,0.0,0,0.0,0.0
d3oida1,c.2.1.0,0.0,23,0.0,0,0.0,0,0.0,0.0
d3mc1a1,c.108.1.0,0.0,10,0.0,0,0.0,0,0.0,0.0
d3bwza_,b.2.2.2,0.0,0,0.4,22,0.4,22,-0.4,-0.4
d1sr9a3,d.270.1.1,0.0,0,0.0,0,0.0,0,0.0,0.0
d6q4wa_,b.67.2.0,0.0,2,0.166667,8,0.0,8,-0.166667,0.0
d2ozbb1,a.183.1.1,0.0,0,0.0,0,0.0,0,0.0,0.0
d3njxa1,b.30.5.10,0.0,0,0.0,0,0.0,0,0.0,0.0
d1wp5a1,b.68.10.1,0.0,4,0.5,3,0.5,3,-0.5,-0.5
d1wlsa_,c.88.1.0,0.0,4,0.0,0,0.0,0,0.0,0.0
d1u7pa_,c.108.1.17,0.0,5,0.0,0,0.0,0,0.0,0.0
d4ybra1,c.26.1.0,0.3333333333333333,4,0.25,53,0.21875,53,0.08333333333333331,0.11458333333333331
d1b25a1,a.110.1.1,0.0,0,0.0,0,0.0,0,0.0,0.0
d3t2ca_,d.280.1.1,0.0,0,0.0,0,0.0,0,0.0,0.0
d2wq7a1,c.28.1.0,0.0,2,0.0,0,0.0,0,0.0,0.0
d2eo5a_,c.67.1.0,0.0,29,0.980769,143,0.980769,143,-0.980769,-0.980769
d2bgga3,c.55.3.15,0.0,3,0.169492,61,0.0169492,61,-0.169492,-0.0169492
g1aht.1,b.47.1.2,0.0,8,0.0,0,0.0,0,0.0,0.0
d3ir1a_,c.94.1.0,0.0,11,0.0,0,0.0,0,0.0,0.0
d1wzda_,a.132.1.1,0.0,2,0.0,0,0.0,0,0.0,0.0
d6ycma_,a.104.1.0,0.0,6,0.0,0,0.0,0,0.0,0.0
d5jowa1,b.67.2.0,0.0,2,0.666667,8,0.666667,8,-0.666667,-0.666667
d1nbaa_,c.33.1.3,0.0,2,0.0,0,0.0,0,0.0,0.0
d1zupa1,c.55.3.11,0.0,3,0.0,0,0.0,0,0.0,0.0
d2hsja1,c.23.10.3,0.0,0,0.947368,20,0.842105,20,-0.947368,-0.842105
d5yqwa_,c.94.1.0,0.0,22,0.0,0,0.0,0,0.0,0.0
d3lqya_,c.33.1.0,0.0,2,0.0,0,0.0,0,0.0,0.0
d1rypd_,d.153.1.4,0.0,4,0.391304,37,0.25,42,-0.391304,-0.25
d1a6ja_,d.112.1.1,0.0,2,0.0,0,0.0,0,0.0,0.0
d2cxna_,c.80.1.2,0.0,5,0.0,0,0.0,0,0.0,0.0
d1vj0a1,b.35.1.2,0.0,0,0.0,20,0.0,20,0.0,0.0
d3cj1a2,c.55.1.15,0.0,4,0.168317,102,0.0,102,-0.168317,0.0
d1gnya_,b.18.1.11,0.0,4,0.0,0,0.0,0,0.0,0.0
d2iwra_,c.37.1.8,0.0,7,0.0,0,0.0,0,0.0,0.0
d2qa9e_,b.47.1.1,0.0,0,0.0,0,0.0,0,0.0,0.0
d1ulya_,a.4.5.58,0.0,4,0.0,0,0.0,0,0.0,0.0
d6y3bb_,b.47.1.3,0.0,6,0.0,0,0.0,0,0.0,0.0
d2bkaa1,c.2.1.2,0.0,14,0.0,0,0.0,0,0.0,0.0
d2zfya_,d.3.1.0,0.0,2,0.0,0,0.0,0,0.0,0.0
d1yksa2,c.37.1.14,0.0,16,0.0,0,0.0,0,0.0,0.0
d2qiya_,d.17.4.2,0.0,0,0.914286,76,0.942857,76,-0.914286,-0.942857
d6jifa_,e.17.1.0,0.0,2,0.0,0,0.0,0,0.0,0.0
d1zgka1,b.68.11.1,1.0,4,0.0,0,0.0,0,1.0,1.0
d1thza2,c.97.1.4,0.0,3,0.26087,24,0.0,24,-0.26087,0.0
d2gb4a_,c.66.1.36,0.0,6,0.0,0,0.0,0,0.0,0.0
d3gd6a2,c.1.11.0,0.0,5,0.923077,43,0.923077,43,-0.923077,-0.923077
d3eufa_,c.56.2.0,0.0,2,0.916667,20,0.916667,20,-0.916667,-0.916667
d4ilgc_,c.97.3.0,0.0,0,0.0,0,0.0,0,0.0,0.0
d3hola2,f.4.1.3,0.0,0,0.142857,8,0.142857,8,-0.142857,-0.142857
d6qpqa1,c.37.1.0,0.0,14,0.0,0,0.0,0,0.0,0.0
d1enoa_,c.2.1.2,0.19047619047619047,22,0.0,0,0.0,0,0.19047619047619047,0.19047619047619047
d3khpc1,d.38.1.0,0.0,2,0.0,0,0.0,0,0.0,0.0
d6dvra_,c.66.1.6,0.17647058823529413,18,0.0,0,0.0,0,0.17647058823529413,0.17647058823529413
d2qcva_,c.72.1.0,0.0,2,0.941176,51,0.941176,51,-0.941176,-0.941176
d2gana1,d.108.1.1,0.0,4,0.0,0,0.0,0,0.0,0.0
d6th2a1,c.72.3.0,0.0,2,0.0,0,0.0,0,0.0,0.0
d2v9ya2,d.139.1.0,0.6666666666666666,4,0.0,0,0.0,0,0.6666666666666666,0.6666666666666666
d4h0oa1,c.55.1.0,0.0,5,0.362069,102,0.0517241,102,-0.362069,-0.0517241
d4pzka_,c.116.1.0,0.0,0,0.0,0,0.0,0,0.0,0.0
d1tf5a2,a.172.1.1,0.0,4,0.0,0,0.0,0,0.0,0.0
d3thra_,c.66.1.5,0.0,8,0.0,0,0.0,0,0.0,0.0
d5c7qa_,d.113.1.0,0.0,0,0.0,0,0.0,0,0.0,0.0
d3mpod_,c.108.1.0,0.3333333333333333,4,0.0,0,0.0,0,0.3333333333333333,0.3333333333333333
d3ijwa1,c.140.1.0,0.0,0,0.0,0,0.0,0,0.0,0.0
d4gqph_,b.1.1.1,0.0,13,0.666667,239,0.974359,239,-0.666667,-0.974359
d1ia6a_,a.102.1.2,0.0,8,0.789474,28,0.684211,28,-0.789474,-0.684211
d4hi8a_,d.211.1.0,0.0,2,0.9,32,0.9,32,-0.9,-0.9
d7ldqa1,d.90.1.0,0.0,0,0.0,0,0.0,0,0.0,0.0
d1t0ia_,c.23.5.4,0.0,2,0.882353,37,0.941176,37,-0.882353,-0.941176
d2p5zx3,b.106.1.1,0.0,0,0.0,0,0.0,0,0.0,0.0
d6e20b_,b.29.1.0,0.0,3,0.0,0,0.0,0,0.0,0.0
d6fexa_,d.144.1.0,0.0,18,0.0,0,0.0,0,0.0,0.0
d1wyua_,c.67.1.7,0.0,21,0.992958,143,0.992958,143,-0.992958,-0.992958
d5je8a1,c.2.1.0,0.0,9,0.0,0,0.0,0,0.0,0.0
d5lu5a_,c.80.1.0,0.0,2,0.0,0,0.0,0,0.0,0.0
d3qr3a1,c.1.8.0,0.0,8,0.552083,135,0.510417,135,-0.552083,-0.510417
d5k0ua_,b.121.4.0,0.0,4,0.766667,39,0.657143,44,-0.766667,-0.657143
d2bjua1,b.50.1.2,0.0,5,0.0,0,0.0,0,0.0,0.0
d3gb3a_,d.22.1.0,0.0,2,0.0,0,0.0,0,0.0,0.0
d4ep6a_,a.104.1.0,0.0,7,0.0,0,0.0,0,0.0,0.0
d1a17a_,a.118.8.1,0.0,3,0.425,63,0.4,63,-0.425,-0.4
d3x0ia_,d.113.1.1,0.0,4,0.0,0,0.0,0,0.0,0.0
d1fjra_,b.102.1.1,0.0,0,0.0,0,0.0,0,0.0,0.0
d1yc5a1,c.31.1.5,0.0,6,0.0,0,0.0,0,0.0,0.0
d1jeyb2,c.62.1.4,0.0,0,0.0,0,0.0,0,0.0,0.0
d1knca_,a.152.1.1,0.0,0,0.0,0,0.0,0,0.0,0.0
d3ntxa_,c.88.1.1,0.0,2,0.0,0,0.0,0,0.0,0.0
d5yloa_,c.14.1.0,0.0,8,0.0,0,0.0,0,0.0,0.0
d4g7hf1,a.177.1.0,0.0,2,0.0,0,0.0,0,0.0,0.0
d2hxva1,c.71.1.2,0.0,3,0.0,0,0.0,0,0.0,0.0
d3oxpa1,d.112.1.0,0.0,2,0.0,0,0.0,0,0.0,0.0
d7m6ba_,c.66.1.0,0.0,8,0.0,0,0.0,0,0.0,0.0
d1h0hb_,d.58.1.5,0.0,2,0.0,24,0.692308,24,0.0,-0.692308
d1o1za1,c.1.18.3,0.0,0,0.769231,16,0.692308,16,-0.769231,-0.692308
d1sumb_,a.7.12.1,0.0,0,0.666667,5,0.666667,5,-0.666667,-0.666667
d5izda1,c.82.1.0,0.14285714285714285,15,0.0,0,0.0,0,0.14285714285714285,0.14285714285714285
d1d5ta1,c.3.1.3,0.0,4,0.0,0,0.0,0,0.0,0.0
d1utwa1,b.67.2.3,0.0,2,0.428571,8,0.285714,8,-0.428571,-0.285714
d2fgea2,d.185.1.1,0.0,0,0.0,0,0.0,0,0.0,0.0
d3d03a_,d.159.1.11,0.0,2,0.0,0,0.0,0,0.0,0.0
d1mw5a1,d.259.1.1,0.0,0,0.0,0,0.0,0,0.0,0.0
d5n4fa2,b.69.7.1,0.0,3,0.833333,7,0.666667,7,-0.833333,-0.666667
d3qowa_,c.66.1.31,0.0,12,0.0,0,0.0,0,0.0,0.0
d2q37a1,a.288.1.1,0.0,2,0.0,0,0.0,0,0.0,0.0
d6fgca2,c.57.1.0,0.0,0,0.0,0,0.0,0,0.0,0.0
d2wu2a3,a.7.3.1,0.0,0,0.0,0,0.0,0,0.0,0.0
d6omza_,c.1.21.0,0.0,2,0.75,10,0.75,10,-0.75,-0.75
d2xwla1,c.68.1.0,0.0,4,0.0,0,0.0,0,0.0,0.0
d2auaa1,d.166.1.6,0.0,0,0.0,0,0.0,0,0.0,0.0
d1jnra3,d.168.1.1,0.0,0,0.0,0,0.0,0,0.0,0.0
d3htna_,d.290.1.0,0.0,0,0.0,0,0.0,0,0.0,0.0
d1kz7a2,b.55.1.1,0.0,3,0.866667,86,0.955556,86,-0.866667,-0.955556
d1pkha_,b.85.4.1,0.0,2,0.875,15,0.875,15,-0.875,-0.875
d1n7ha_,c.2.1.2,0.0,11,0.0,0,0.0,0,0.0,0.0
d2jgba_,d.86.1.0,0.0,0,0.0,0,0.0,0,0.0,0.0
d1on0a1,d.108.1.1,0.0,2,0.0,0,0.0,0,0.0,0.0
d1dbha1,a.87.1.1,0.0,2,0.0,0,0.0,0,0.0,0.0
d2d59a_,c.2.1.8,0.0,8,0.0,0,0.0,0,0.0,0.0
d4an8a_,e.81.1.1,0.0,0,0.0,0,0.0,0,0.0,0.0
d1r9la_,c.94.1.1,0.0,8,0.0,0,0.0,0,0.0,0.0
d4q9aa_,c.23.10.0,0.0,3,0.785714,20,0.857143,20,-0.785714,-0.857143
d6k4xa_,d.157.1.0,0.0,2,0.0,0,0.0,0,0.0,0.0
d2aama1,c.1.8.15,0.0,11,0.0,0,0.0,0,0.0,0.0
d6zmbb_,a.25.1.7,0.0,2,0.0,0,0.0,0,0.0,0.0
d1inpa_,e.7.1.1,0.0,0,0.0,0,0.0,0,0.0,0.0
d5buwa_,d.38.1.0,0.0,3,0.0,0,0.0,0,0.0,0.0
d2xvla2,b.179.1.3,0.0,0,0.0,0,0.0,0,0.0,0.0
d1q1da2,d.14.1.3,0.0,3,0.0,0,0.0,0,0.0,0.0
d1gz6a_,c.2.1.2,0.0,34,0.0,0,0.0,0,0.0,0.0
d6ih0a2,d.14.1.7,0.0,0,0.0,0,0.0,0,0.0,0.0
d5fwaa_,c.66.1.0,0.1111111111111111,10,0.0,0,0.0,0,0.1111111111111111,0.1111111111111111
d6g77a_,d.144.1.0,0.0,20,0.0,0,0.0,0,0.0,0.0
d4ep4a_,c.55.3.6,0.0,2,0.166667,61,0.1,61,-0.166667,-0.1
d6s6fa_,a.103.1.0,0.0,0,0.0,0,0.0,0,0.0,0.0
d3rgaa2,d.17.4.0,0.0,4,0.946429,76,0.964286,76,-0.946429,-0.964286
d1s2xa1,a.47.3.1,0.0,0,0.0,0,0.0,0,0.0,0.0
d1ekja_,c.53.2.1,0.0,0,0.9,13,0.9,13,-0.9,-0.9
d4qiia_,c.14.1.3,0.0,6,0.0,0,0.0,0,0.0,0.0
d1j98a_,d.185.1.2,0.0,0,0.0,0,0.0,0,0.0,0.0
d1f8fa1,b.35.1.2,0.0,0,0.0,20,0.0,20,0.0,0.0
d1howa_,d.144.1.7,0.0,19,0.0,0,0.0,0,0.0,0.0
d6q27a2,c.55.1.0,0.0,3,0.413793,102,0.275862,102,-0.413793,-0.275862
d2nvwa1,c.2.1.3,0.0,6,0.0,0,0.0,0,0.0,0.0
d3h7aa_,c.2.1.0,0.0,15,0.0,0,0.0,0,0.0,0.0
d4weca1,c.2.1.0,0.044444444444444446,46,0.0,0,0.0,0,0.044444444444444446,0.044444444444444446
d6oz7a_,c.2.1.0,0.0,31,0.0,0,0.0,0,0.0,0.0
d3juia1,a.118.1.0,0.0,7,0.0612245,59,0.0816327,59,-0.0612245,-0.0816327
d3ugua1,b.1.18.11,0.0,0,0.0,92,0.0,92,0.0,0.0
d1qh5a_,d.157.1.2,0.0,0,0.0,0,0.0,0,0.0,0.0
d5z37a_,d.165.1.1,0.0,7,0.0,0,0.0,0,0.0,0.0
d2f3oa_,c.7.1.0,0.2,6,0.0,0,0.0,0,0.2,0.2
d1mw7a_,e.39.1.1,0.0,2,0.0,0,0.0,0,0.0,0.0
d6g7na1,c.94.1.0,0.0,11,0.0,0,0.0,0,0.0,0.0
d1txga1,a.100.1.6,0.0,2,0.0,0,0.0,0,0.0,0.0
d4yw2a1,b.29.1.0,0.0,2,0.0,0,0.0,0,0.0,0.0
d1ko5a_,c.37.1.17,0.0,8,0.0,0,0.0,0,0.0,0.0
d2bz6h_,b.47.1.2,0.0,0,0.0,0,0.0,0,0.0,0.0
d3ezsa1,c.67.1.0,0.0,19,0.980769,143,0.980769,143,-0.980769,-0.980769
d1c7na_,c.67.1.3,0.0,17,0.992308,143,0.992308,143,-0.992308,-0.992308
d2z1na_,c.2.1.0,0.06666666666666667,31,0.0,0,0.0,0,0.06666666666666667,0.06666666666666667
d1s2wa_,c.1.12.7,0.0,3,0.75,19,0.8125,19,-0.75,-0.8125
d2zxeb2,b.1.32.1,0.0,0,0.0,0,0.0,0,0.0,0.0
d6dnta_,c.2.1.0,0.0,17,0.0,0,0.0,0,0.0,0.0
d2fa5a_,a.4.5.0,0.0,3,0.522472,252,0.252809,252,-0.522472,-0.252809
d1es9a_,c.23.10.3,0.0,2,0.947368,20,0.842105,20,-0.947368,-0.842105
d6q78a_,c.1.8.0,0.0,14,0.28125,135,0.59375,135,-0.28125,-0.59375
d1vlra1,d.13.1.3,0.0,0,0.0,0,0.0,0,0.0,0.0
d3bx1c_,b.42.4.1,0.0,0,0.928571,17,0.928571,18,-0.928571,-0.928571
d4odda_,b.60.1.0,0.0,2,0.0,0,0.0,0,0.0,0.0
d4g0xa1,c.44.3.0,0.0,0,0.75,6,0.0,6,-0.75,0.0
d1xp4a2,e.3.1.1,0.0,5,0.0,0,0.0,0,0.0,0.0
d4zjpa1,c.93.1.1,0.1,11,0.0,0,0.0,0,0.1,0.1
d2f02a2,c.72.1.0,0.0,4,0.823529,51,0.941176,51,-0.823529,-0.941176
d1urja_,e.58.1.1,0.0,0,0.0,0,0.0,0,0.0,0.0
d2py6a1,c.66.1.56,0.0,13,0.0,0,0.0,0,0.0,0.0
d1e48p_,c.74.1.1,0.0,0,0.0,0,0.0,0,0.0,0.0
d4jcca_,c.92.2.0,0.0,10,0.692308,38,0.846154,38,-0.692308,-0.846154
d2bs2c_,f.21.2.1,0.0,0,0.0,0,0.0,0,0.0,0.0
d3vdpa_,e.49.1.1,0.0,0,0.0,0,0.0,0,0.0,0.0
d1joga_,a.24.16.2,0.0,0,0.0,6,0.0,6,0.0,0.0
d1p35a_,b.28.1.1,0.0,0,0.0,0,0.0,0,0.0,0.0
d3lsna1,a.128.1.0,0.16666666666666666,7,0.0,0,0.0,0,0.16666666666666666,0.16666666666666666
d2vrna_,c.23.16.0,0.0,2,0.517241,42,0.344828,42,-0.517241,-0.344828
d16vpa_,d.180.1.1,0.0,0,0.0,0,0.0,0,0.0,0.0
d5o9ze2,d.58.10.3,0.0,0,0.909091,12,0.454545,12,-0.909091,-0.454545
d4c1ha_,d.157.1.1,0.0,4,0.0,0,0.0,0,0.0,0.0
d7crja_,f.13.1.0,0.0,10,0.0,0,0.0,0,0.0,0.0
d2pw6a1,c.56.6.1,0.0,2,0.0,0,0.0,0,0.0,0.0
d1m2oa3,c.62.1.2,0.0,0,0.0,0,0.0,0,0.0,0.0
d1t36a2,c.24.1.1,0.0,0,0.0,0,0.0,0,0.0,0.0
d5mzwb_,c.124.1.0,0.0,3,0.0,0,0.0,0,0.0,0.0
d1x8xa_,c.26.1.1,0.0,7,0.285714,53,0.228571,53,-0.285714,-0.228571
d4b2oa_,d.159.1.0,0.0,3,0.0,0,0.0,0,0.0,0.0
d1yqea1,c.56.7.1,0.0,0,0.0,0,0.0,0,0.0,0.0
d1ivsa2,a.27.1.1,0.0,0,0.0,0,0.0,0,0.0,0.0
d2gu0a1,d.216.1.0,0.0,2,0.0,0,0.0,0,0.0,0.0
d3iam6_,e.19.1.2,0.0,0,0.0,0,0.0,0,0.0,0.0
d1ra0a2,c.1.9.5,0.0,5,0.0,0,0.0,0,0.0,0.0
d2cmga_,c.66.1.0,0.0,8,0.0,0,0.0,0,0.0,0.0
d2hboa1,d.38.1.5,0.0,0,0.0,0,0.0,0,0.0,0.0
d3szya_,c.76.1.0,0.0,0,0.0,0,0.0,0,0.0,0.0
d3n0pa_,a.26.1.1,0.0,0,0.0,0,0.0,0,0.0,0.0
d3zpga2,c.71.1.0,0.0,0,0.0,0,0.0,0,0.0,0.0
d1z2ua1,d.20.1.1,0.2,6,0.0,0,0.0,0,0.2,0.2
d1bg6a1,a.100.1.5,0.0,2,0.0,0,0.0,0,0.0,0.0
d4ghga1,d.32.1.3,0.0,2,0.0,0,0.0,0,0.0,0.0
d3k2wa1,c.82.1.0,0.13333333333333333,16,0.0,0,0.0,0,0.13333333333333333,0.13333333333333333
d4k3wa_,c.14.1.0,0.0,8,0.0,0,0.0,0,0.0,0.0
d1azsa_,d.58.29.1,0.0,2,0.9,13,0.9,13,-0.9,-0.9
d1t35a_,c.129.1.1,0.5,3,0.0,0,0.0,0,0.5,0.5
d1qwoa_,c.60.1.2,0.0,2,0.0,0,0.0,0,0.0,0.0
d2q4wa1,d.145.1.0,0.0,0,0.0,0,0.0,0,0.0,0.0
d4ovja_,c.94.1.0,0.0,13,0.0,0,0.0,0,0.0,0.0
d1oy5a_,c.116.1.4,0.0,5,0.0,0,0.0,0,0.0,0.0
d1ju2a1,c.3.1.2,0.0,0,0.0,0,0.0,0,0.0,0.0
d1jvwa_,d.26.1.1,0.0,0,0.529412,27,0.529412,27,-0.529412,-0.529412
d1s99a_,d.58.48.2,0.0,0,0.0,0,0.0,0,0.0,0.0
d2ihya1,c.37.1.0,0.0,24,0.0,0,0.0,0,0.0,0.0
d1xdya_,d.176.1.1,0.0,0,0.0,0,0.0,0,0.0,0.0
d6mfla1,c.92.2.0,0.0,4,0.846154,38,0.923077,38,-0.846154,-0.923077
d2j2ja_,b.21.1.0,0.0,0,0.0,0,0.0,0,0.0,0.0
d3gema_,c.2.1.0,0.0,9,0.0,0,0.0,0,0.0,0.0
d2lxxa_,d.109.1.0,0.0,2,0.733333,24,0.733333,24,-0.733333,-0.733333
d2q3oa_,c.1.4.1,0.0,10,0.555556,27,0.888889,27,-0.555556,-0.888889
d7l1vr_,f.13.1.0,0.0,9,0.0,0,0.0,0,0.0,0.0
d3i44a_,c.82.1.0,0.0,18,0.0,0,0.0,0,0.0,0.0
d2v2ga_,c.47.1.10,0.0,2,0.314433,215,0.489691,215,-0.314433,-0.489691
d2nn6a1,d.14.1.4,0.0,3,0.0,0,0.0,0,0.0,0.0
d4nmka_,c.82.1.0,0.05263157894736842,20,0.0,0,0.0,0,0.05263157894736842,0.05263157894736842
d1r8ia_,a.8.7.1,0.0,0,0.0,0,0.0,0,0.0,0.0
d2pgwa2,c.1.11.0,0.0,4,0.923077,43,0.923077,43,-0.923077,-0.923077
d7b7uh_,b.40.4.0,0.0,3,0.0188679,130,0.0849057,130,-0.0188679,-0.0849057
d2w40a1,c.55.1.0,0.6,6,0.448276,102,0.431034,102,0.15172399999999997,0.168966
d2ebfx3,d.3.1.17,0.0,0,0.0,0,0.0,0,0.0,0.0
d3afha2,a.97.1.0,0.0,0,0.0,0,0.0,0,0.0,0.0
d3qfta2,c.25.1.0,0.0,0,0.0,0,0.0,0,0.0,0.0
d1sr8a_,e.54.1.1,0.0,0,0.0,0,0.0,0,0.0,0.0
d1nh8a1,c.94.1.1,0.0,5,0.0,0,0.0,0,0.0,0.0
d2dt8a_,c.119.1.0,0.0,5,0.0,0,0.0,0,0.0,0.0
d1ti6a1,b.52.2.2,0.0,2,0.9,15,0.7,15,-0.9,-0.7
d2tpsa1,c.1.3.1,0.0,2,0.5,3,0.5,3,-0.5,-0.5
d6ildb1,b.40.4.0,0.0,2,0.349057,130,0.264151,130,-0.349057,-0.264151
d1ut7a1,b.143.1.1,0.0,0,0.0,0,0.0,0,0.0,0.0
d1xpna1,b.3.7.1,0.0,0,0.0,0,0.0,0,0.0,0.0
d6wfia_,d.32.1.0,0.0,0,0.0,0,0.0,0,0.0,0.0
d2go7a1,c.108.1.6,0.0,4,0.0,0,0.0,0,0.0,0.0
d1h32a1,a.3.1.8,0.0,0,0.0,0,0.0,0,0.0,0.0
d1x7yb1,c.36.1.7,0.0,4,0.0,0,0.0,0,0.0,0.0
d2cyga1,c.1.8.3,0.125,9,0.149533,135,0.504673,135,-0.024533,-0.37967300000000004
d6xkga_,c.37.1.0,0.0,10,0.0,0,0.0,0,0.0,0.0
d6rdps_,c.49.2.0,0.0,3,0.666667,4,0.333333,4,-0.666667,-0.333333
d4jxja_,c.66.1.0,0.0,7,0.0,0,0.0,0,0.0,0.0
d2ccla2,b.2.2.2,0.0,2,0.466667,22,0.4,22,-0.466667,-0.4
d1orda2,c.67.1.5,0.0,12,0.0,0,0.0,0,0.0,0.0
d2pwaa_,c.41.1.1,0.0,0,0.0,0,0.0,0,0.0,0.0
d2nu8b2,d.142.1.4,0.0,2,0.75,29,0.714286,29,-0.75,-0.714286
d1zvfa1,b.82.1.20,0.0,3,0.828125,65,0.984375,65,-0.828125,-0.984375
d1zmba1,c.23.10.7,0.0,0,0.789474,20,0.736842,20,-0.789474,-0.736842
d2w3xb_,d.38.1.0,0.0,3,0.0,0,0.0,0,0.0,0.0
d3rysa_,c.1.9.0,0.0,5,0.65,60,0.925,60,-0.65,-0.925
d4hzia_,c.37.1.0,0.0,9,0.0,0,0.0,0,0.0,0.0
d3cn5a_,f.19.1.0,0.35294117647058826,18,0.0,0,0.0,0,0.35294117647058826,0.35294117647058826
d3zqxa1,b.2.2.0,0.0,2,0.272727,22,0.181818,22,-0.272727,-0.181818
d2egza_,c.1.10.0,0.0,3,0.542857,65,0.828571,65,-0.542857,-0.828571
d2b7ka_,c.47.1.10,0.0,6,0.42268,215,0.510309,215,-0.42268,-0.510309
d4xcha_,d.185.1.2,0.0,0,0.0,0,0.0,0,0.0,0.0
d2a9ga1,d.126.1.4,0.0,2,0.0,0,0.0,0,0.0,0.0
d2p4hx_,c.2.1.0,0.0,17,0.0,0,0.0,0,0.0,0.0
d1p49a_,c.76.1.2,0.0,5,0.0,0,0.0,0,0.0,0.0
d3bnja_,a.138.1.3,0.0,3,0.0,0,0.0,0,0.0,0.0
d1xhna1,b.45.1.1,0.0,0,0.607143,46,0.928571,46,-0.607143,-0.928571
d3poza_,d.144.1.7,0.13333333333333333,16,0.0,0,0.0,0,0.13333333333333333,0.13333333333333333
d3o0da_,c.69.1.0,0.0,8,0.0,0,0.0,0,0.0,0.0
d1je5a_,b.40.4.7,0.0,0,0.188976,130,0.0551181,130,-0.188976,-0.0551181
d6ltfa_,c.77.1.0,0.0,2,0.0,0,0.0,0,0.0,0.0
d4ieua_,b.82.1.19,0.0,0,0.828125,65,0.9375,65,-0.828125,-0.9375
d1oz9a_,d.92.1.15,0.0,3,0.1,42,0.0,42,-0.1,0.0
d3mxma_,c.55.3.5,0.0,3,0.113636,61,0.0681818,61,-0.113636,-0.0681818
d3lwka1,b.11.1.0,0.0,2,0.0,0,0.0,0,0.0,0.0
d1xdpa2,d.322.1.2,0.0,0,0.0,0,0.0,0,0.0,0.0
d4oo8a3,d.393.1.1,0.0,0,0.0,0,0.0,0,0.0,0.0
d1r2ja1,a.29.3.1,0.0,0,0.733333,19,0.733333,19,-0.733333,-0.733333
d5c2za1,b.47.1.1,0.0,5,0.0,0,0.0,0,0.0,0.0
d1ns5a_,c.116.1.3,0.0,0,0.0,0,0.0,0,0.0,0.0
d1fpqa2,c.66.1.12,0.0,11,0.0,0,0.0,0,0.0,0.0
d1yaro_,a.24.8.1,0.0,0,0.0,0,0.0,0,0.0,0.0
d1fp3a_,a.102.1.3,0.0,5,0.925926,28,0.962963,28,-0.925926,-0.962963
d2fxua1,c.55.1.1,0.0,2,0.212766,102,0.0744681,102,-0.212766,-0.0744681
d1jhda1,b.122.1.3,0.0,2,0.0,0,0.0,0,0.0,0.0
d1yb5a2,c.2.1.1,0.0,12,0.0,0,0.0,0,0.0,0.0
d3d7na_,c.23.5.0,0.0,0,0.954545,37,0.909091,37,-0.954545,-0.909091
d1ltqa1,c.108.1.9,0.0,4,0.0,0,0.0,0,0.0,0.0
d3cmia_,c.47.1.0,1.0,3,0.484211,215,0.589474,215,0.515789,0.41052599999999995
d6s7ja_,a.127.1.0,0.0,2,0.0,0,0.0,0,0.0,0.0
d3tzta1,c.68.1.0,0.0,2,0.0,0,0.0,0,0.0,0.0
d5x4sa_,b.29.1.26,0.0,2,0.0,0,0.0,0,0.0,0.0
d1tfea_,d.43.1.1,0.0,2,0.0,0,0.0,0,0.0,0.0
d1xvxa_,c.94.1.1,0.0,9,0.0,0,0.0,0,0.0,0.0
d1tuga1,c.78.1.1,0.5,3,0.9375,21,0.5625,21,-0.4375,-0.0625
d4hdea1,c.47.1.0,0.0,3,0.221053,215,0.305263,215,-0.221053,-0.305263
d3rota_,c.93.1.0,0.0,4,0.0,0,0.0,0,0.0,0.0
d2e01a1,d.3.1.1,0.0,6,0.0,0,0.0,0,0.0,0.0
d1yaka_,a.132.1.3,0.0,2,0.0,0,0.0,0,0.0,0.0
d2f5va2,d.16.1.1,0.0,0,0.0,0,0.0,0,0.0,0.0
d3b0ga1,d.58.36.0,0.0,2,0.8,8,0.8,8,-0.8,-0.8
d3e9na_,c.2.1.0,0.0,9,0.0,0,0.0,0,0.0,0.0
d1v8aa_,c.72.1.2,0.0,3,0.82,51,0.94,51,-0.82,-0.94
d1alua_,a.26.1.1,0.0,3,0.0,0,0.0,0,0.0,0.0
d3l20a1,d.32.1.0,0.0,0,0.0,0,0.0,0,0.0,0.0
d1k8ke_,a.148.1.1,0.0,0,0.0,0,0.0,0,0.0,0.0
d2hg4a6,c.19.1.1,0.0,0,0.0,0,0.0,0,0.0,0.0
d3v5wa2,d.144.1.7,0.08333333333333333,13,0.0,0,0.0,0,0.08333333333333333,0.08333333333333333
d1svia_,c.37.1.8,0.0,8,0.0,0,0.0,0,0.0,0.0
d1r3na1,c.56.5.4,0.0,0,0.8,36,0.35,37,-0.8,-0.35
d2ckra_,c.1.8.0,0.0,6,0.447917,135,0.458333,135,-0.447917,-0.458333
d1xsqa_,b.82.1.14,0.0,4,0.0,0,0.0,0,0.0,0.0
d3kffa_,b.60.1.1,0.0,0,0.0,0,0.0,0,0.0,0.0
d4qmea4,a.118.1.27,0.0,7,0.0,0,0.0,0,0.0,0.0
d3ksma1,c.93.1.0,0.0,8,0.0,0,0.0,0,0.0,0.0
d1w3ba_,a.118.8.1,0.0,9,0.475,63,0.525,63,-0.475,-0.525
d2zdha2,d.142.1.0,0.0,5,0.818182,29,0.818182,29,-0.818182,-0.818182
d3gj0a1,c.37.1.8,0.0,10,0.0,0,0.0,0,0.0,0.0
d5eo4a_,d.38.1.0,0.0,2,0.0,0,0.0,0,0.0,0.0
d2bjka_,c.82.1.1,0.0,6,0.0,0,0.0,0,0.0,0.0
d1wu7a2,d.104.1.1,0.0,2,0.0,0,0.0,0,0.0,0.0
d2w5aa1,d.144.1.7,0.16666666666666666,7,0.0,0,0.0,0,0.16666666666666666,0.16666666666666666
d6hwra2,d.159.1.1,0.0,2,0.0,0,0.0,0,0.0,0.0
d1v3wa_,b.81.1.5,0.0,0,0.869565,24,0.913043,24,-0.869565,-0.913043
d5l9sa_,c.94.1.0,0.0,12,0.0,0,0.0,0,0.0,0.0
d1sa3a_,c.52.1.23,0.0,0,0.0,0,0.0,0,0.0,0.0
d2hv0a_,d.108.1.0,0.0,5,0.0,0,0.0,0,0.0,0.0
d6fmea1,c.1.8.1,0.0,8,0.212963,135,0.611111,135,-0.212963,-0.611111
d1gy0a_,d.166.1.3,0.0,2,0.0,0,0.0,0,0.0,0.0
d5kwra1,b.22.1.0,0.0,3,0.0,0,0.0,0,0.0,0.0
d1n4wa1,c.3.1.2,0.0,7,0.0,0,0.0,0,0.0,0.0
d1jaka2,d.92.2.1,0.0,2,0.8,8,0.6,8,-0.8,-0.6
d3ci0j1,d.24.1.5,0.0,0,0.0,0,0.0,0,0.0,0.0
d1twfb_,e.29.1.1,0.0,8,0.0,0,0.0,0,0.0,0.0
d1ciya2,b.77.2.1,0.0,0,0.666667,6,0.0,6,-0.666667,0.0
d1ehya1,c.69.1.11,0.0,10,0.0,0,0.0,0,0.0,0.0
d5xz3a1,d.118.1.0,0.0,2,0.0,0,0.0,0,0.0,0.0
d1ldfa_,f.19.1.1,0.0,38,0.0,0,0.0,0,0.0,0.0
d3r32a_,d.38.1.5,0.0,4,0.0,0,0.0,0,0.0,0.0
d2plca_,c.1.18.2,0.0,3,0.266667,16,0.0666667,16,-0.266667,-0.0666667
d4atma_,a.238.1.0,0.0,0,0.0,0,0.0,0,0.0,0.0
d3tqra_,c.65.1.0,0.0,2,0.0,0,0.0,0,0.0,0.0
d4wp6a_,c.10.2.0,0.0,4,0.529412,32,0.529412,32,-0.529412,-0.529412
d1g61a_,d.126.1.1,0.0,2,0.0,0,0.0,0,0.0,0.0
d1dt9a3,d.91.1.1,0.0,2,0.0,0,0.0,0,0.0,0.0
d5zzra_,c.1.4.0,0.0,4,0.8,27,0.95,27,-0.8,-0.95
d2n8za1,a.39.1.0,0.0,0,0.591837,73,0.897959,73,-0.591837,-0.897959
d5hpja_,b.74.1.0,0.0,4,0.0,0,0.0,0,0.0,0.0
d1wdka3,c.2.1.6,0.0,11,0.0,0,0.0,0,0.0,0.0
d1nq7a_,a.123.1.1,0.0,2,0.0,0,0.0,0,0.0,0.0
d3a4ua_,b.29.1.13,0.0,3,0.0,0,0.0,0,0.0,0.0
d1pn2a1,d.38.1.4,0.0,0,0.0,0,0.0,0,0.0,0.0
d1deua_,d.3.1.1,0.0,3,0.0,0,0.0,0,0.0,0.0
d1jixa_,c.87.1.1,0.0,3,0.0,0,0.0,0,0.0,0.0
d2piga_,b.81.1.7,0.0,2,0.0,0,0.0,0,0.0,0.0
d1h0ba_,b.29.1.11,0.0,4,0.0,0,0.0,0,0.0,0.0
d1xeaa1,c.2.1.3,0.0,12,0.0,0,0.0,0,0.0,0.0
d4q7ka_,c.37.1.0,0.0,15,0.0,0,0.0,0,0.0,0.0
d3u0oa2,d.139.1.0,0.0,0,0.0,0,0.0,0,0.0,0.0
d4jbda_,d.21.1.0,0.0,2,0.0,0,0.0,0,0.0,0.0
d1ixha_,c.94.1.1,0.0,14,0.0,0,0.0,0,0.0,0.0
d4oy7a_,b.1.18.0,0.0,0,0.1875,92,0.0,92,-0.1875,0.0
d3f4wa_,c.1.2.0,0.0,0,0.954545,39,0.954545,39,-0.954545,-0.954545
d2wqma_,d.144.1.0,0.1111111111111111,10,0.0,0,0.0,0,0.1111111111111111,0.1111111111111111
d4iuwa_,d.92.1.0,0.0,8,0.0666667,42,0.0333333,42,-0.0666667,-0.0333333
d1gkma_,a.127.1.2,0.0,3,0.0,0,0.0,0,0.0,0.0
d4e2za_,c.66.1.60,0.0625,17,0.0,0,0.0,0,0.0625,0.0625
d5vcca_,a.104.1.1,0.0,6,0.0,0,0.0,0,0.0,0.0
d2qk9a1,c.55.3.0,0.0,0,0.26,61,0.08,61,-0.26,-0.08
d1u7za_,c.72.3.1,0.0,2,0.5,3,0.5,3,-0.5,-0.5
d1vpaa1,c.68.1.13,0.0,3,0.0,0,0.0,0,0.0,0.0
d3czha1,a.104.1.1,0.0,11,0.0,0,0.0,0,0.0,0.0
d2f2ha4,c.1.8.13,0.0,9,0.549618,135,0.900763,135,-0.549618,-0.900763
d2kb2a1,d.58.10.0,0.0,0,0.857143,12,0.571429,12,-0.857143,-0.571429
d2r6ia1,d.381.1.1,0.0,0,0.0,0,0.0,0,0.0,0.0
d4uqra_,d.174.1.1,0.0,2,0.0,0,0.0,0,0.0,0.0
d7at0a_,c.69.1.0,0.0,7,0.0,0,0.0,0,0.0,0.0
d2g3wa1,c.52.1.33,0.0,2,0.0212766,48,0.0212766,48,-0.0212766,-0.0212766
d4o1ea1,c.1.21.0,0.0,0,0.75,10,0.75,10,-0.75,-0.75
d6xp1a1,c.2.1.0,0.0,6,0.0,0,0.0,0,0.0,0.0
d2fnja1,b.29.1.22,0.0,2,0.0,0,0.0,0,0.0,0.0
d1ykga1,c.23.5.2,0.0,2,0.916667,37,0.972222,37,-0.916667,-0.972222
d1cvra2,c.17.1.2,0.0,2,0.0,0,0.0,0,0.0,0.0
d2ab0a1,c.23.16.2,0.0,2,0.371429,42,0.342857,42,-0.371429,-0.342857
d4xuoa_,b.18.1.0,0.0,2,0.0,0,0.0,0,0.0,0.0
d2pula_,d.144.1.6,0.0,11,0.0,0,0.0,0,0.0,0.0
d4r3va_,d.92.1.0,0.0,2,0.166667,42,0.0666667,42,-0.166667,-0.0666667
d1j09a2,c.26.1.1,0.0,4,0.257143,53,0.142857,53,-0.257143,-0.142857
d2vpaa_,b.45.1.1,0.0,0,0.392857,46,0.821429,46,-0.392857,-0.821429
d1s7ka_,d.108.1.0,0.0,3,0.0,0,0.0,0,0.0,0.0
d6n96a_,c.14.1.3,0.0,6,0.0,0,0.0,0,0.0,0.0
d1vl4a_,d.283.1.1,0.0,3,0.0,0,0.0,0,0.0,0.0
d2bfwa1,c.87.1.8,0.0,3,0.0,0,0.0,0,0.0,0.0
d1g4wr2,c.45.1.2,0.0,2,0.0,0,0.0,0,0.0,0.0
d7cb9a_,a.104.1.0,0.0,8,0.0,0,0.0,0,0.0,0.0
d1qlwa_,c.69.1.15,0.0,10,0.0,0,0.0,0,0.0,0.0
d1ko7a2,c.91.1.2,0.5,3,0.0,0,0.0,0,0.5,0.5
d3ks6a1,c.1.18.0,0.0,2,0.5,16,0.5,16,-0.5,-0.5
d1sg9a_,c.66.1.30,0.0,12,0.0,0,0.0,0,0.0,0.0
d1w9ca_,a.118.1.19,0.0,7,0.344828,59,0.465517,59,-0.344828,-0.465517
d1jyea_,c.93.1.1,0.0,5,0.0,0,0.0,0,0.0,0.0
d6v4wa_,e.3.1.0,0.0,0,0.0,0,0.0,0,0.0,0.0
d2b6ca1,a.118.1.17,0.0,0,0.37931,59,0.448276,59,-0.37931,-0.448276
d2v2ff_,e.3.1.1,0.0,4,0.0,0,0.0,0,0.0,0.0
d1t3ga_,c.23.2.0,0.0,0,0.5,4,0.5,4,-0.5,-0.5
d1o94a2,c.3.1.1,0.0,3,0.0,0,0.0,0,0.0,0.0
d2pywa_,d.144.1.0,0.0,6,0.0,0,0.0,0,0.0,0.0
d2hk8a2,c.2.1.7,0.0,8,0.0,0,0.0,0,0.0,0.0
d2yyda1,d.79.4.1,0.0,2,0.8,11,0.8,11,-0.8,-0.8
d1sw6a_,d.211.1.1,0.0,4,0.928571,32,0.928571,32,-0.928571,-0.928571
d2b8ec1,c.108.1.7,0.0,3,0.0,0,0.0,0,0.0,0.0
d1tkea2,d.67.1.1,0.0,0,0.0,0,0.0,0,0.0,0.0
d2onfa1,d.227.1.1,0.0,2,0.0,0,0.0,0,0.0,0.0
d3fcya_,c.69.1.0,0.07142857142857142,15,0.0,0,0.0,0,0.07142857142857142,0.07142857142857142
d1yf9a1,d.20.1.1,0.0,5,0.0,0,0.0,0,0.0,0.0
d3rf1a1,d.104.1.1,0.0,2,0.0,0,0.0,0,0.0,0.0
d1ws6a1,c.66.1.46,0.0,6,0.0,0,0.0,0,0.0,0.0
d6ksra2,c.55.1.0,0.0,4,0.189655,102,0.103448,102,-0.189655,-0.103448
d3d8ua_,c.93.1.0,0.0,8,0.0,0,0.0,0,0.0,0.0
d2vnga1,b.18.1.33,0.0,3,0.0,0,0.0,0,0.0,0.0
d4ixna1,c.37.1.10,0.0,12,0.0,0,0.0,0,0.0,0.0
d2biba1,b.109.1.1,0.0,0,0.0,0,0.0,0,0.0,0.0
d3cjwa1,a.123.1.0,0.0,3,0.0,0,0.0,0,0.0,0.0
d1na6a2,c.52.1.22,0.0,2,0.0,0,0.0,0,0.0,0.0
d2d28c1,d.52.10.1,0.0,0,0.0,0,0.0,0,0.0,0.0
d3e6ma_,a.4.5.0,0.0,0,0.567416,252,0.370787,252,-0.567416,-0.370787
d2d37a1,b.45.1.0,0.0,2,0.758621,46,0.965517,46,-0.758621,-0.965517
d1s9ua1,a.184.1.1,0.0,2,0.0,0,0.0,0,0.0,0.0
d2yexa_,d.144.1.7,0.16666666666666666,7,0.0,0,0.0,0,0.16666666666666666,0.16666666666666666
d5f7va_,c.94.1.0,0.1111111111111111,10,0.0,0,0.0,0,0.1111111111111111,0.1111111111111111
d6khid_,f.72.1.0,0.19607843137254902,52,0.0,0,0.0,0,0.19607843137254902,0.19607843137254902
d1yfsa1,a.203.1.1,0.0,0,0.0,0,0.0,0,0.0,0.0
d1m5ya1,a.223.1.2,0.0,0,0.0,0,0.0,0,0.0,0.0
d6hava1,c.2.1.0,0.0,8,0.0,0,0.0,0,0.0,0.0
d4ovda2,e.3.1.0,0.0,4,0.0,0,0.0,0,0.0,0.0
d7k0va1,d.144.1.0,0.0,11,0.0,0,0.0,0,0.0,0.0
d2ogga1,d.190.1.2,0.0,0,0.0,0,0.0,0,0.0,0.0
d4avsa_,b.29.1.5,0.0,3,0.0,0,0.0,0,0.0,0.0
d4kzka_,c.93.1.0,0.0,9,0.0,0,0.0,0,0.0,0.0
d5y1fa1,c.2.1.0,0.0,8,0.0,0,0.0,0,0.0,0.0
d4c82a_,d.79.5.0,0.0,0,0.5,3,0.5,3,-0.5,-0.5
d3ge6a_,d.90.1.0,0.0,2,0.0,0,0.0,0,0.0,0.0
d1ojta1,c.3.1.5,0.0,8,0.0,0,0.0,0,0.0,0.0
d1aoea_,c.71.1.1,0.8,6,0.0,0,0.0,0,0.8,0.8
d6gz0a_,c.94.1.0,0.0,7,0.0,0,0.0,0,0.0,0.0
d6f9oa1,c.69.1.0,0.0,7,0.0,0,0.0,0,0.0,0.0
d1y2oa1,a.238.1.3,0.0,0,0.0,0,0.0,0,0.0,0.0
d3guya1,c.2.1.0,0.0,13,0.0,0,0.0,0,0.0,0.0
d2igsa1,d.2.1.11,0.0,2,0.0,0,0.0,0,0.0,0.0
d1upka_,a.118.1.15,0.0,5,0.0,0,0.0,0,0.0,0.0
d2ihta2,c.36.1.5,0.0,0,0.0,0,0.0,0,0.0,0.0
d2dkja_,c.67.1.4,0.0,16,0.992366,143,0.992366,143,-0.992366,-0.992366
d2c78a3,c.37.1.8,0.0,11,0.0,0,0.0,0,0.0,0.0
d5c05a2,a.128.1.0,0.0,4,0.0,0,0.0,0,0.0,0.0
d3dvwa_,c.47.1.0,0.0,2,0.610526,215,0.368421,215,-0.610526,-0.368421
d2b9va2,c.69.1.21,0.0,12,0.0,0,0.0,0,0.0,0.0
d2q4xa_,a.132.1.3,0.0,2,0.0,0,0.0,0,0.0,0.0
d1vq8m1,d.12.1.2,0.0,0,0.0,0,0.0,0,0.0,0.0
d5mp7a2,c.61.1.0,0.0,0,0.0,0,0.0,0,0.0,0.0
d4nzuh_,b.1.1.1,0.0,6,0.841026,239,0.979487,239,-0.841026,-0.979487
d3r44a1,e.23.1.0,0.0,16,0.0,0,0.0,0,0.0,0.0
d6avxa_,c.69.1.0,0.0,12,0.0,0,0.0,0,0.0,0.0
d1kl7a_,c.79.1.1,0.0,5,0.0,0,0.0,0,0.0,0.0
d1ni5a1,c.26.2.5,0.0,0,0.421053,39,0.157895,39,-0.421053,-0.157895
d1vlua1,c.82.1.1,0.5,5,0.0,0,0.0,0,0.5,0.5
d5i97a_,d.17.4.0,0.0,2,0.410714,76,0.946429,76,-0.410714,-0.946429
d3eaaa_,b.157.1.0,0.0,0,0.0,0,0.0,0,0.0,0.0
d1op4a_,b.1.6.1,0.0,0,0.727273,25,0.909091,25,-0.727273,-0.909091
d3pmea2,b.42.4.0,0.0,4,0.857143,17,0.75,18,-0.857143,-0.75
d1vava_,b.29.1.18,0.0,3,0.0,0,0.0,0,0.0,0.0
d1a0ia2,d.142.2.1,0.0,0,0.875,10,0.0,10,-0.875,0.0
d3hgma_,c.26.2.0,0.0,0,0.222222,39,0.259259,39,-0.222222,-0.259259
d1h80a_,b.80.1.8,0.0,4,0.0,0,0.0,0,0.0,0.0
d1yeya1,c.1.11.2,0.0,6,0.969697,43,0.969697,43,-0.969697,-0.969697
d1lnsa1,a.40.2.1,0.0,0,0.0,0,0.0,0,0.0,0.0
d6vvga_,d.144.1.0,0.0,19,0.0,0,0.0,0,0.0,0.0
d5ufha_,c.93.1.0,0.0,9,0.0,0,0.0,0,0.0,0.0
d2ycfa_,d.144.1.0,0.0,25,0.0,0,0.0,0,0.0,0.0
d3bjka_,d.38.1.1,0.0,3,0.0,0,0.0,0,0.0,0.0
d2p3ra3,c.55.1.4,1.0,3,0.534653,102,0.326733,102,0.46534699999999996,0.6732670000000001
d2rema_,c.47.1.0,0.0,2,0.357895,215,0.189474,215,-0.357895,-0.189474
d2b9ha_,d.144.1.0,0.0,29,0.0,0,0.0,0,0.0,0.0
d4g3ha_,c.42.1.0,0.0,2,0.0,0,0.0,0,0.0,0.0
d1vjxa1,a.25.1.1,0.0,2,0.484848,55,0.727273,55,-0.484848,-0.727273
d1v7ra_,c.51.4.1,0.0,2,0.833333,9,0.666667,9,-0.833333,-0.666667
d2j5ga_,c.14.1.0,0.0,2,0.0,0,0.0,0,0.0,0.0
d3mh9a1,b.125.1.0,0.0,0,0.0,0,0.0,0,0.0,0.0
d2wsba_,c.2.1.0,0.0,27,0.0,0,0.0,0,0.0,0.0
d5hsga_,c.93.1.0,0.0,10,0.0,0,0.0,0,0.0,0.0
d4k60a_,b.47.1.2,0.0,3,0.0,0,0.0,0,0.0,0.0
d2z48a1,b.42.2.1,0.0,3,0.875,19,0.875,19,-0.875,-0.875
d3dy8a2,a.211.1.2,0.0,2,0.0,0,0.0,0,0.0,0.0
d5zx8a1,c.56.3.0,0.0,2,0.5,4,0.5,4,-0.5,-0.5
d1lbva_,e.7.1.1,0.0,3,0.0,0,0.0,0,0.0,0.0
d4ogga1,c.23.16.0,0.0,5,0.448276,42,0.310345,42,-0.448276,-0.310345
d1zpda1,c.31.1.3,0.0,0,0.0,0,0.0,0,0.0,0.0
d1oeda_,f.36.1.1,0.0,0,0.0,0,0.0,0,0.0,0.0
d1bg6a2,c.2.1.6,0.0625,17,0.0,0,0.0,0,0.0625,0.0625
d1yx0a1,d.108.1.1,0.0,4,0.0,0,0.0,0,0.0,0.0
d3li9a_,d.110.6.4,0.0,2,0.875,11,0.625,11,-0.875,-0.625
d3ndca1,c.90.1.0,0.0,3,0.0,0,0.0,0,0.0,0.0
d1ta3a_,c.1.8.5,0.0,3,0.560976,135,0.520325,135,-0.560976,-0.520325
d3rppa_,c.47.1.13,0.0,2,0.0707547,215,0.0424528,215,-0.0707547,-0.0424528
d1gz0a1,c.116.1.1,0.0,0,0.0,0,0.0,0,0.0,0.0
d3vw9a_,d.32.1.1,0.0,3,0.0,0,0.0,0,0.0,0.0
d1a7ja_,c.37.1.6,0.0,15,0.0,0,0.0,0,0.0,0.0
d2okva_,c.110.1.0,0.0,0,0.0,0,0.0,0,0.0,0.0
d6blga_,c.67.1.0,0.0,14,0.980769,143,0.980769,143,-0.980769,-0.980769
d2fm9a1,a.257.1.1,0.0,0,0.0,0,0.0,0,0.0,0.0
d6rw7a1,b.1.18.0,0.0,3,0.1875,92,0.0,92,-0.1875,0.0
d3mi9a_,d.144.1.7,0.15384615384615385,14,0.0,0,0.0,0,0.15384615384615385,0.15384615384615385
d3oxna_,c.94.1.0,0.0,8,0.0,0,0.0,0,0.0,0.0
d3awma_,a.104.1.0,0.0,8,0.0,0,0.0,0,0.0,0.0
d6s6ca_,f.13.1.1,0.0,11,0.0,0,0.0,0,0.0,0.0
d1k75a_,c.82.1.2,0.0,3,0.0,0,0.0,0,0.0,0.0
d2esna2,c.94.1.1,0.0,15,0.0,0,0.0,0,0.0,0.0
d2z9ia2,b.47.1.1,0.5,7,0.0,0,0.0,0,0.5,0.5
d1dzfa1,c.52.3.1,0.0,0,0.0,0,0.0,0,0.0,0.0
d1tjxa1,b.7.1.2,0.0,4,0.666667,28,0.809524,28,-0.666667,-0.809524
d4krea2,c.44.3.0,0.0,2,0.75,6,0.0,6,-0.75,0.0
d2geca1,b.148.1.1,0.0,0,0.0,0,0.0,0,0.0,0.0
d2dc4a_,d.63.1.2,0.0,2,0.0,0,0.0,0,0.0,0.0
d3dkra_,c.69.1.0,0.0,11,0.0,0,0.0,0,0.0,0.0
d1eq9a_,b.47.1.2,0.0,5,0.0,0,0.0,0,0.0,0.0
d1k0ea_,d.161.1.1,0.0,2,0.0,0,0.0,0,0.0,0.0
d1c8za_,d.23.1.1,0.0,0,0.0,0,0.0,0,0.0,0.0
d1dmla2,d.131.1.2,0.0,0,0.0,0,0.0,0,0.0,0.0
d3nd5a_,c.26.1.0,0.0,4,0.34375,53,0.21875,53,-0.34375,-0.21875
d3ziza_,c.1.8.3,0.0,7,0.747664,135,0.785047,135,-0.747664,-0.785047
d4b5na_,c.1.4.0,0.14285714285714285,8,0.7,27,0.95,27,-0.5571428571428572,-0.8071428571428572
d2ji7a2,c.36.1.5,0.0,2,0.0,0,0.0,0,0.0,0.0
d3v8ha_,d.117.1.0,0.0,0,0.0,0,0.0,0,0.0,0.0
d3pt8a_,a.1.1.0,0.0,2,0.833333,57,0.972222,57,-0.833333,-0.972222
d1q0sa_,c.66.1.28,0.0,5,0.0,0,0.0,0,0.0,0.0
d1pdkb_,b.2.3.2,0.0,0,0.214286,22,0.285714,22,-0.214286,-0.285714
d7rcaa1,d.258.1.1,1.0,2,0.0,0,0.0,0,1.0,1.0
d1ujpa_,c.1.2.4,0.0,6,0.9,39,0.966667,39,-0.9,-0.966667
d1ax8a_,a.26.1.1,0.0,2,0.0,0,0.0,0,0.0,0.0
d1i5pa2,b.77.2.1,0.0,0,0.666667,6,0.0,6,-0.666667,0.0
d2olra1,c.91.1.1,0.0,0,0.0,0,0.0,0,0.0,0.0
d1t17a_,d.129.3.6,0.0,2,0.725,42,0.8,42,-0.725,-0.8
d4wk5a1,a.128.1.0,0.2727272727272727,12,0.0,0,0.0,0,0.2727272727272727,0.2727272727272727
d1i7da_,e.10.1.1,0.0,2,0.0,0,0.0,0,0.0,0.0
d1lf9a2,b.30.5.5,0.0,2,0.68,26,0.115385,27,-0.68,-0.115385
d4qqwa3,c.37.1.19,0.0,24,0.0,0,0.0,0,0.0,0.0
d3pt9a3,c.66.1.26,0.0,9,0.0,0,0.0,0,0.0,0.0
d1oo0a_,d.232.1.1,0.0,0,0.0,0,0.0,0,0.0,0.0
d5d9ac3,d.397.1.1,0.0,0,0.0,0,0.0,0,0.0,0.0
d2ot3a_,a.222.1.1,0.0,0,0.0,0,0.0,0,0.0,0.0
d6h4ea_,c.1.10.0,0.0,3,0.771429,65,0.885714,65,-0.771429,-0.885714
d1jl0a_,d.156.1.1,0.0,0,0.0,0,0.0,0,0.0,0.0
d3ir4a2,a.45.1.1,0.0,0,0.0,0,0.0,0,0.0,0.0
d3tl8a_,d.144.1.0,0.0,10,0.0,0,0.0,0,0.0,0.0
d1oy3d_,d.211.1.1,0.0,2,0.928571,32,0.928571,32,-0.928571,-0.928571
d3dfra_,c.71.1.1,0.0,2,0.0,0,0.0,0,0.0,0.0
d4a6ra_,c.67.1.0,0.4166666666666667,37,0.980769,143,0.980769,143,-0.5641023333333333,-0.5641023333333333
d3tuic1,c.37.1.12,0.25,21,0.0,0,0.0,0,0.25,0.25
d1woha1,c.42.1.1,0.0,5,0.0,0,0.0,0,0.0,0.0
d3qvsa1,c.2.1.3,0.0,15,0.0,0,0.0,0,0.0,0.0
d1h6ua2,c.10.2.1,0.5,19,0.733333,32,0.8,32,-0.233333,-0.30000000000000004
d5x14a1,a.4.5.0,0.0,2,0.252809,252,0.123596,252,-0.252809,-0.123596
d1rtra_,a.128.1.1,0.4444444444444444,10,0.0,0,0.0,0,0.4444444444444444,0.4444444444444444
d1vdwa_,e.7.1.1,0.0,0,0.0,0,0.0,0,0.0,0.0
d5x2ba_,c.37.1.0,0.0,14,0.0,0,0.0,0,0.0,0.0
d3mexa_,a.4.5.28,0.0,4,0.560345,252,0.331897,252,-0.560345,-0.331897
d5m1ea2,d.333.1.0,0.0,0,0.0,0,0.0,0,0.0,0.0
d1vbka2,d.308.1.1,0.0,2,0.0,0,0.0,0,0.0,0.0
d2py5a2,e.8.1.1,0.0,4,0.0,0,0.0,0,0.0,0.0
d1ceoa_,c.1.8.3,0.0,8,0.495327,135,0.588785,135,-0.495327,-0.588785
d1lj9a_,a.4.5.28,0.0,8,0.521552,252,0.323276,252,-0.521552,-0.323276
d3qnma1,c.108.1.0,0.0,6,0.0,0,0.0,0,0.0,0.0
d1tn3a_,d.169.1.1,0.0,0,0.0,0,0.0,0,0.0,0.0
d5w15a1,c.69.1.0,0.0,10,0.0,0,0.0,0,0.0,0.0
d6xrub2,c.23.4.1,0.0,0,0.0,0,0.0,0,0.0,0.0
d1kn0a_,d.50.1.3,0.0,0,0.0,0,0.0,0,0.0,0.0
d2ooia1,d.190.1.2,0.0,0,0.0,0,0.0,0,0.0,0.0
d1xfda2,c.69.1.24,0.0,10,0.0,0,0.0,0,0.0,0.0
d4fn4a_,c.2.1.0,0.0,36,0.0,0,0.0,0,0.0,0.0
d4hl7a2,c.1.17.0,0.0,2,0.875,10,0.625,10,-0.875,-0.625
d6ifka1,a.211.1.1,0.0,2,0.0,0,0.0,0,0.0,0.0
d3pdfa2,d.3.1.1,0.0,4,0.0,0,0.0,0,0.0,0.0
d2oyra1,c.66.1.55,0.0,6,0.0,0,0.0,0,0.0,0.0
d1w1ha_,b.55.1.1,0.0,2,0.711111,86,0.955556,86,-0.711111,-0.955556
d7luya_,c.37.1.0,0.0,12,0.0,0,0.0,0,0.0,0.0
d1cyxa_,b.6.1.2,0.0,2,0.816327,51,0.34,52,-0.816327,-0.34
d2p1aa1,a.213.1.2,0.0,0,0.0,0,0.0,0,0.0,0.0
d2g1pa_,c.66.1.28,0.0,5,0.0,0,0.0,0,0.0,0.0
d2gfqa1,c.56.7.1,0.0,0,0.0,0,0.0,0,0.0,0.0
d4b9ca1,b.2.2.0,0.5,3,0.181818,22,0.181818,22,0.31818199999999996,0.31818199999999996
d1e5ra_,b.82.2.4,0.0,0,0.0,0,0.0,0,0.0,0.0
d1vyra_,c.1.4.1,0.5714285714285714,8,0.777778,27,0.888889,27,-0.20634942857142857,-0.31746042857142864
d1efvb_,c.26.2.3,0.0,2,0.0857143,39,0.0285714,39,-0.0857143,-0.0285714
d1o89a2,c.2.1.1,0.0,19,0.0,0,0.0,0,0.0,0.0
d2zbxa1,a.104.1.0,0.09523809523809523,22,0.0,0,0.0,0,0.09523809523809523,0.09523809523809523
d3moya_,c.14.1.0,0.0,9,0.0,0,0.0,0,0.0,0.0
d4dqqa2,e.8.1.1,0.0,2,0.0,0,0.0,0,0.0,0.0
d1tzfa1,c.68.1.13,0.0,0,0.0,0,0.0,0,0.0,0.0
d2pora_,f.4.3.1,0.0,2,0.933333,18,0.933333,18,-0.933333,-0.933333
d2hbja2,c.55.3.5,0.0,2,0.0909091,61,0.0454545,61,-0.0909091,-0.0454545
d1sq4a_,b.82.1.11,0.0,4,0.825397,65,0.984127,65,-0.825397,-0.984127
d4ywea_,c.82.1.0,0.0,18,0.0,0,0.0,0,0.0,0.0
d2g17a2,d.81.1.1,0.0,0,0.0454545,30,0.0,30,-0.0454545,0.0
d1vmia1,c.77.1.5,0.5,3,0.0,0,0.0,0,0.5,0.5
d1sx5a_,c.52.1.2,0.0,0,0.0,0,0.0,0,0.0,0.0
d1oe4a_,c.18.1.3,0.0,0,0.0,0,0.0,0,0.0,0.0
d2ez6a1,a.149.1.1,0.0,2,0.0,0,0.0,0,0.0,0.0
d3nhea_,d.3.1.9,0.0,3,0.0,0,0.0,0,0.0,0.0
d4q25a_,a.7.12.0,0.0,0,0.75,5,0.75,5,-0.75,-0.75
d1dpga2,d.81.1.5,0.0,0,0.0,30,0.0,30,0.0,0.0
d1yc61_,b.121.4.5,0.0,0,0.0526316,39,0.0,44,-0.0526316,0.0
d2ha9a1,c.7.1.5,0.0,0,0.0,0,0.0,0,0.0,0.0
d1lsha3,f.7.1.1,0.0,0,0.0,0,0.0,0,0.0,0.0
d5z0qa_,c.67.1.0,0.0,18,0.980769,143,0.980769,143,-0.980769,-0.980769
d6r8ga1,c.2.1.0,0.0,7,0.0,0,0.0,0,0.0,0.0
d2y28a_,d.118.1.1,0.0,0,0.0,0,0.0,0,0.0,0.0
d1g73a_,a.7.4.1,0.0,0,0.0,0,0.0,0,0.0,0.0
d3ipia_,a.128.1.0,0.0,7,0.0,0,0.0,0,0.0,0.0
d3tb5a_,d.127.1.0,0.0,2,0.0,0,0.0,0,0.0,0.0
d6ba1a1,c.70.1.0,0.0,0,0.0,0,0.0,0,0.0,0.0
d3lx3a_,d.96.1.2,0.0,0,0.352941,18,0.117647,18,-0.352941,-0.117647
d2oqma1,a.213.1.3,0.0,0,0.0,0,0.0,0,0.0,0.0
d1ad1a_,c.1.21.1,0.0,2,0.0,0,0.0,0,0.0,0.0
d4prsa_,c.94.1.0,0.0,23,0.0,0,0.0,0,0.0,0.0
d5jlaa_,c.2.1.0,0.15625,33,0.0,0,0.0,0,0.15625,0.15625
d1euha_,c.82.1.1,0.07142857142857142,15,0.0,0,0.0,0,0.07142857142857142,0.07142857142857142
d5br4a1,e.22.1.2,0.0,0,0.0,0,0.0,0,0.0,0.0
d1hnja1,c.95.1.2,0.0,3,0.0,0,0.0,0,0.0,0.0
d1edza1,c.2.1.7,0.0,8,0.0,0,0.0,0,0.0,0.0
d2o14a1,b.18.1.32,0.0,2,0.0,0,0.0,0,0.0,0.0
d1yxma1,c.2.1.2,0.0,37,0.0,0,0.0,0,0.0,0.0
d1wuca_,d.165.1.0,0.0,7,0.0,0,0.0,0,0.0,0.0
d2df7a1,b.121.4.9,0.0,4,0.0,0,0.0,0,0.0,0.0
d3bpka1,b.45.1.0,0.0,2,0.758621,46,0.896552,46,-0.758621,-0.896552
d3hoaa_,d.92.1.0,0.0,9,0.133333,42,0.1,42,-0.133333,-0.1
d4dz6a1,d.58.6.0,0.0,2,0.666667,5,0.666667,5,-0.666667,-0.666667
d1u14a1,c.51.4.3,0.0,0,0.0,0,0.0,0,0.0,0.0
d1kqfa1,b.52.2.2,0.0,0,0.9,15,0.5,15,-0.9,-0.5
d1bjta_,e.11.1.1,0.0,0,0.0,0,0.0,0,0.0,0.0
d1h21a_,a.138.1.3,0.0,3,0.0,0,0.0,0,0.0,0.0
d3l6ua_,c.93.1.0,0.0,6,0.0,0,0.0,0,0.0,0.0
d4kfna2,c.1.17.2,0.0,2,0.857143,10,0.428571,10,-0.857143,-0.428571
d6g15a_,c.37.1.0,0.0,18,0.0,0,0.0,0,0.0,0.0
d1yb2a1,c.66.1.13,0.0,8,0.0,0,0.0,0,0.0,0.0
d4g26a1,a.118.8.10,0.0,4,0.0,0,0.0,0,0.0,0.0
d2byoa1,b.125.1.3,0.0,0,0.0,0,0.0,0,0.0,0.0
d1dcea1,a.118.6.1,0.0,0,0.75,5,0.75,5,-0.75,-0.75
d1nt2b_,a.183.1.1,0.0,2,0.0,0,0.0,0,0.0,0.0
d1omza_,c.68.1.15,0.0,4,0.0,0,0.0,0,0.0,0.0
d3bila_,c.93.1.0,0.0,7,0.0,0,0.0,0,0.0,0.0
d4izea_,b.42.1.0,0.0,2,0.909091,16,0.909091,16,-0.909091,-0.909091
d1t3qb2,d.133.1.1,0.0,2,0.0,0,0.0,0,0.0,0.0
d1gl4a1,d.22.1.2,0.0,0,0.0,0,0.0,0,0.0,0.0
d6vxca_,c.7.1.0,0.3333333333333333,10,0.0,0,0.0,0,0.3333333333333333,0.3333333333333333
d4e9sa3,b.6.1.3,0.0,0,0.583333,51,0.513514,52,-0.583333,-0.513514
d1qzfa1,c.71.1.1,0.6,6,0.0,0,0.0,0,0.6,0.6
d2vz8a1,c.95.1.1,0.0,2,0.0,0,0.0,0,0.0,0.0
d2hx5a1,d.38.1.1,0.0,0,0.0,0,0.0,0,0.0,0.0
d1xv2a_,d.290.1.1,0.0,0,0.0,0,0.0,0,0.0,0.0
d1ii5a1,c.94.1.1,0.0,11,0.0,0,0.0,0,0.0,0.0
d7c8sa1,c.45.1.0,0.0,2,0.0,0,0.0,0,0.0,0.0
d1p4oa_,d.144.1.7,0.0,13,0.0,0,0.0,0,0.0,0.0
d1wdkc1,c.95.1.1,0.0,2,0.0,0,0.0,0,0.0,0.0
d2e7ya_,d.157.1.7,0.0,5,0.0,0,0.0,0,0.0,0.0
d7kp3a_,b.121.5.0,0.0,0,0.0,0,0.0,0,0.0,0.0
d1v25a_,e.23.1.1,0.0,8,0.0,0,0.0,0,0.0,0.0
d2vk9a1,c.68.1.22,0.0,5,0.0,0,0.0,0,0.0,0.0
d5e3xa_,d.92.1.0,0.0,6,0.2,42,0.1,42,-0.2,-0.1
d2ihta3,c.36.1.9,0.0,4,0.0,0,0.0,0,0.0,0.0
d5hy0a_,d.79.1.0,0.0,2,0.375,16,0.125,16,-0.375,-0.125
d2z0ma2,c.37.1.0,0.2,11,0.0,0,0.0,0,0.2,0.2
d3dr4a1,c.67.1.0,0.0,15,0.980769,143,0.980769,143,-0.980769,-0.980769
d1lqua1,c.3.1.1,0.0,5,0.0,0,0.0,0,0.0,0.0
d1jhna4,b.29.1.12,0.0,2,0.0,0,0.0,0,0.0,0.0
d1yuda1,b.82.1.16,0.0,4,0.873016,65,0.920635,65,-0.873016,-0.920635
d1p16a1,b.40.4.6,0.0,0,0.44,130,0.0,130,-0.44,0.0
d1r9da_,c.7.1.1,0.5,11,0.0,0,0.0,0,0.5,0.5
d4r3na2,d.81.1.1,0.0,0,0.181818,30,0.0,30,-0.181818,0.0
d3iw0a_,a.104.1.0,0.16666666666666666,25,0.0,0,0.0,0,0.16666666666666666,0.16666666666666666
d3ni8a1,d.129.3.0,0.0,2,0.903226,42,0.806452,42,-0.903226,-0.806452
d6su5a_,d.118.1.0,0.0,0,0.0,0,0.0,0,0.0,0.0
d3r1za2,c.1.11.0,0.0,5,0.923077,43,0.923077,43,-0.923077,-0.923077
d3fcxa_,c.69.1.0,0.0,6,0.0,0,0.0,0,0.0,0.0
d3weca_,a.104.1.0,0.0,8,0.0,0,0.0,0,0.0,0.0
d2i0za1,c.3.1.8,0.0,5,0.0,0,0.0,0,0.0,0.0
d3r1ia_,c.2.1.0,0.05,21,0.0,0,0.0,0,0.05,0.05
d1ex2a_,c.51.4.2,0.0,0,0.875,9,0.875,9,-0.875,-0.875
d7kb2a1,d.211.1.0,0.0,4,0.9,32,0.9,32,-0.9,-0.9
d6pbza2,c.55.1.0,0.0,0,0.741379,102,0.310345,102,-0.741379,-0.310345
d1sura_,c.26.2.2,0.0,2,0.368421,39,0.263158,39,-0.368421,-0.263158
d2vhja_,c.37.1.11,0.0,12,0.0,0,0.0,0,0.0,0.0
d3zxya1,c.41.1.0,0.0,0,0.0,0,0.0,0,0.0,0.0
g1sc3.1,c.17.1.1,0.0,0,0.0,0,0.0,0,0.0,0.0
d2znda_,a.39.1.0,0.0,7,0.714286,73,0.795918,73,-0.714286,-0.795918
d1jqba1,b.35.1.2,0.0,2,0.0,20,0.0,20,0.0,0.0
d6vana_,a.39.1.0,0.0,0,0.653061,73,0.836735,73,-0.653061,-0.836735
d1rq5a1,a.102.1.2,0.0,3,0.736842,28,0.789474,28,-0.736842,-0.789474
d2bkla1,b.69.7.0,0.0,3,0.5,7,0.5,7,-0.5,-0.5
d1f08a1,d.89.1.2,0.0,0,0.0,0,0.0,0,0.0,0.0
d1wkca_,c.124.1.6,0.0,3,0.0,0,0.0,0,0.0,0.0
d1ofda1,b.80.4.1,0.0,0,0.0,0,0.0,0,0.0,0.0
d1ux5a_,a.207.1.1,0.0,2,0.0,0,0.0,0,0.0,0.0
d1zunb3,c.37.1.8,0.0,8,0.0,0,0.0,0,0.0,0.0
d1w7ca3,d.17.2.1,0.0,0,0.0,0,0.0,0,0.0,0.0
d2a1xa1,b.82.2.9,0.0,3,0.707317,42,0.390244,42,-0.707317,-0.390244
d1m6ia1,c.3.1.5,0.0,4,0.0,0,0.0,0,0.0,0.0
d2l65a1,d.129.3.5,0.0,0,0.69697,42,0.757576,42,-0.69697,-0.757576
d5csma_,a.130.1.2,0.0,3,0.0,0,0.0,0,0.0,0.0
d5u4ha1,d.68.2.0,0.0,2,0.0,0,0.0,0,0.0,0.0
d3hmaa_,d.118.1.0,0.0,0,0.0,0,0.0,0,0.0,0.0
d6kp3a_,a.118.8.0,0.0,7,0.0697674,63,0.0232558,63,-0.0697674,-0.0232558
d2hqya1,d.108.1.4,0.0,0,0.0,0,0.0,0,0.0,0.0
d1wzaa2,c.1.8.1,0.2631578947368421,20,0.481481,135,0.861111,135,-0.2183231052631579,-0.5979531052631579
d7loea_,d.2.1.3,0.0,0,0.0,0,0.0,0,0.0,0.0
d1lc0a1,c.2.1.3,0.0,4,0.0,0,0.0,0,0.0,0.0
d2q4ha2,d.13.1.2,0.0,0,0.933333,18,0.866667,18,-0.933333,-0.866667
d2f6ka1,c.1.9.15,0.0,3,0.758621,60,0.931034,60,-0.758621,-0.931034
d3kbra_,c.94.1.0,0.0,13,0.0,0,0.0,0,0.0,0.0
d3g14a_,d.90.1.0,0.6666666666666666,4,0.0,0,0.0,0,0.6666666666666666,0.6666666666666666
d2r55a1,d.129.3.0,0.5,3,0.709677,42,0.806452,42,-0.209677,-0.30645199999999995
d4wp9a1,d.58.29.0,0.0,0,0.833333,13,0.833333,13,-0.833333,-0.833333
d7mdha2,d.162.1.1,0.0,0,0.0,0,0.0,0,0.0,0.0
d2e5fa_,c.80.1.0,0.0,0,0.0,0,0.0,0,0.0,0.0
d5fyza1,b.82.2.14,0.0,3,0.947368,42,0.0263158,42,-0.947368,-0.0263158
d3viia_,c.1.8.0,0.05263157894736842,20,0.5,135,0.677083,135,-0.4473684210526316,-0.6244514210526315
d3ehma_,a.118.8.0,0.0,10,0.0697674,63,0.0465116,63,-0.0697674,-0.0465116
d1i3na_,c.2.1.2,0.0,21,0.0,0,0.0,0,0.0,0.0
d2bmxa1,c.47.1.10,0.0,6,0.42268,215,0.494845,215,-0.42268,-0.494845
d1r4xa1,b.1.10.3,0.0,0,0.0,0,0.0,0,0.0,0.0
d3ewma1,c.72.1.0,0.0,3,0.823529,51,0.941176,51,-0.823529,-0.941176
d3plza_,a.123.1.1,0.3333333333333333,4,0.0,0,0.0,0,0.3333333333333333,0.3333333333333333
d1gtma2,c.58.1.1,0.0,2,0.0,0,0.0,0,0.0,0.0
d4gt9a1,d.207.1.1,0.0,0,0.0,0,0.0,0,0.0,0.0
d2zkmx1,a.39.1.7,0.0,0,0.0,73,0.223881,73,0.0,-0.223881
d1xg9a3,c.65.1.1,0.0,0,0.0,0,0.0,0,0.0,0.0
d3doda_,c.67.1.0,0.18181818181818182,23,0.980769,143,0.980769,143,-0.7989508181818181,-0.7989508181818181
d1cmxa_,d.3.1.6,0.0,0,0.0,0,0.0,0,0.0,0.0
d5gv0a1,b.180.1.0,0.0,2,0.0,0,0.0,0,0.0,0.0
d6wgsa_,a.25.2.0,0.0,0,0.666667,6,0.333333,6,-0.666667,-0.333333
d3jbra3,f.14.1.2,0.5555555555555556,10,0.333333,13,0.555556,13,0.2222225555555556,-4.4444444446956055e-7
d1jz8a5,c.1.8.3,0.0,9,0.364486,135,0.429907,135,-0.364486,-0.429907
d2r7ja2,d.216.1.1,0.0,2,0.0,0,0.0,0,0.0,0.0
d5dqpa_,c.1.16.0,0.0,2,0.875,14,0.875,14,-0.875,-0.875
d6eo0a1,c.31.1.5,0.0,5,0.0,0,0.0,0,0.0,0.0
d3mbda_,c.1.10.0,0.0,5,0.485714,65,0.657143,65,-0.485714,-0.657143
d1yrva1,d.20.1.1,0.0,0,0.0,0,0.0,0,0.0,0.0
d2cala_,b.6.1.1,0.0,0,0.756098,51,0.52381,52,-0.756098,-0.52381
d1g3ka_,d.153.1.4,0.0,2,0.391304,37,0.25,42,-0.391304,-0.25
d1dnpa2,c.28.1.1,0.0,2,0.0,0,0.0,0,0.0,0.0
d3hp0a_,c.14.1.0,0.0,7,0.0,0,0.0,0,0.0,0.0
d3cdda2,b.106.1.1,0.0,0,0.0,0,0.0,0,0.0,0.0
d4lw8a_,c.2.1.0,0.0,18,0.0,0,0.0,0,0.0,0.0
d1w94a1,c.51.1.2,0.0,0,0.833333,13,0.0833333,13,-0.833333,-0.0833333
d1vq8r1,d.55.1.1,0.0,0,0.0,0,0.0,0,0.0,0.0
d1fepa_,f.4.3.3,0.0,7,0.933333,18,0.933333,18,-0.933333,-0.933333
d4ca1a_,b.8.1.2,0.0,2,0.0,0,0.0,0,0.0,0.0
d1v8da_,c.140.1.1,0.0,0,0.0,0,0.0,0,0.0,0.0
d6l69a_,a.104.1.1,0.05555555555555555,19,0.0,0,0.0,0,0.05555555555555555,0.05555555555555555
d1rjwa2,c.2.1.1,0.0,22,0.0,0,0.0,0,0.0,0.0
d3q27a_,c.94.1.1,0.0,23,0.0,0,0.0,0,0.0,0.0
d4pbha1,c.94.1.0,0.0,10,0.0,0,0.0,0,0.0,0.0
d6pr1a3,c.90.1.1,0.0,2,0.0,0,0.0,0,0.0,0.0
d2cc3a1,d.17.4.26,0.5,5,0.0,0,0.0,0,0.5,0.5
d1f3va_,d.58.22.1,0.0,0,0.0,0,0.0,0,0.0,0.0
d4lflb_,c.121.1.0,0.0,0,0.0,0,0.0,0,0.0,0.0
d2i9ia1,c.51.6.1,0.0,0,0.0,0,0.0,0,0.0,0.0
d5troa1,d.175.1.0,0.0,2,0.0,0,0.0,0,0.0,0.0
d1xk7a2,c.123.1.1,0.0,3,0.0,0,0.0,0,0.0,0.0
d4guda1,c.23.16.0,0.0,0,0.586207,42,0.586207,42,-0.586207,-0.586207
d3phha2,c.2.1.0,0.0,7,0.0,0,0.0,0,0.0,0.0
d1x3la_,c.118.1.0,0.0,0,0.0,0,0.0,0,0.0,0.0
d1wnya_,b.51.1.1,0.0,0,0.0,0,0.0,0,0.0,0.0
d2pr9a1,b.2.7.1,0.0,0,0.0,0,0.0,0,0.0,0.0
d7bmla_,a.24.12.0,0.0,0,0.0,0,0.0,0,0.0,0.0
d1ccwb_,c.1.19.2,0.0,0,0.0,0,0.0,0,0.0,0.0
d1rifa_,c.37.1.23,0.0,13,0.0,0,0.0,0,0.0,0.0
d5my6a2,g.3.9.0,0.0,2,0.4,7,0.4,7,-0.4,-0.4
d4rm7a2,a.29.3.0,0.0,0,0.75,19,0.75,19,-0.75,-0.75
d1y6za_,d.14.1.0,0.0,3,0.0,0,0.0,0,0.0,0.0
d3d37a2,b.106.1.1,0.0,0,0.0,0,0.0,0,0.0,0.0
d3uqza2,c.129.1.4,0.0,0,0.0,0,0.0,0,0.0,0.0
d1yvra2,c.62.1.5,0.0,0,0.0,0,0.0,0,0.0,0.0
d3jcla3,e.83.1.1,0.0,0,0.0,0,0.0,0,0.0,0.0
d1vmka_,c.56.2.1,0.3333333333333333,7,0.9,20,0.9,20,-0.5666666666666667,-0.5666666666666667
d3mgka_,c.23.16.0,0.0,2,0.310345,42,0.310345,42,-0.310345,-0.310345
d4z4ja1,a.102.1.0,0.0,6,0.904762,28,0.952381,28,-0.904762,-0.952381
d1lw7a2,c.37.1.1,0.0,8,0.0,0,0.0,0,0.0,0.0
d2plga1,d.198.1.2,0.0,0,0.0,0,0.0,0,0.0,0.0
d1f2na_,b.121.4.7,0.0,0,0.852941,39,0.589744,44,-0.852941,-0.589744
d2icha1,b.176.1.1,0.0,0,0.0,0,0.0,0,0.0,0.0
d3c0ua1,c.52.1.0,0.0,2,0.0425532,48,0.0425532,48,-0.0425532,-0.0425532
d1odza_,c.1.8.3,0.0,16,0.317757,135,0.53271,135,-0.317757,-0.53271
d1ly1a_,c.37.1.1,0.0,3,0.0,0,0.0,0,0.0,0.0
d1wcha_,c.45.1.2,0.0,4,0.0,0,0.0,0,0.0,0.0
d3nl1a_,b.82.1.23,0.0,2,0.936508,65,0.984127,65,-0.936508,-0.984127
d3b8xa_,c.67.1.0,0.0,9,0.980769,143,0.980769,143,-0.980769,-0.980769
d2imja1,d.17.4.23,0.0,2,0.0,0,0.0,0,0.0,0.0
d4e9ox_,b.74.1.0,0.0,2,0.0,0,0.0,0,0.0,0.0
d1zh8a2,d.81.1.5,0.0,0,0.0434783,30,0.0434783,30,-0.0434783,-0.0434783
d2ycix1,c.1.21.2,0.0,0,0.888889,10,0.888889,10,-0.888889,-0.888889
d1te5a_,d.153.1.1,0.0,3,0.0,37,0.571429,42,0.0,-0.571429
d1pl8a1,b.35.1.2,0.0,0,0.0,20,0.0,20,0.0,0.0
d3grua_,c.66.1.0,0.25,9,0.0,0,0.0,0,0.25,0.25
d4e4ra1,c.77.1.5,1.0,2,0.0,0,0.0,0,1.0,1.0
d3ja832,c.37.1.27,0.0,27,0.0,0,0.0,0,0.0,0.0
d2olra2,c.109.1.1,0.0,0,0.0,0,0.0,0,0.0,0.0
d2nwqa_,c.2.1.0,0.0,31,0.0,0,0.0,0,0.0,0.0
d3pe8a_,c.14.1.0,0.0,8,0.0,0,0.0,0,0.0,0.0
d1v4aa2,d.218.1.9,0.0,0,0.0,0,0.0,0,0.0,0.0
d6d5xa_,a.25.2.0,0.0,0,0.666667,6,0.333333,6,-0.666667,-0.333333
d1mnna_,b.2.5.7,0.0,0,0.0,0,0.0,0,0.0,0.0
d1jhna3,b.104.1.1,0.0,2,0.0,0,0.0,0,0.0,0.0
d6rhvh_,f.6.1.0,0.0,0,0.0,0,0.0,0,0.0,0.0
d2xaua2,c.37.1.0,0.0,7,0.0,0,0.0,0,0.0,0.0
d1it2a_,a.1.1.2,0.0,2,0.727273,57,0.939394,57,-0.727273,-0.939394
d2gi3a1,c.117.1.1,0.0,3,0.0,0,0.0,0,0.0,0.0
d1lkoa1,a.25.1.1,0.0,2,0.515152,55,0.878788,55,-0.515152,-0.878788
d6lfna_,c.87.1.0,0.0,9,0.0,0,0.0,0,0.0,0.0
d5b5eb_,f.55.1.1,0.0,0,0.0,0,0.0,0,0.0,0.0
d3oiga1,c.2.1.2,0.0,14,0.0,0,0.0,0,0.0,0.0
d3r3qa_,d.20.1.2,0.0,0,0.0,0,0.0,0,0.0,0.0
d2fbeb2,b.29.1.22,0.0,4,0.0,0,0.0,0,0.0,0.0
d2z6ra_,c.90.1.1,0.0,0,0.0,0,0.0,0,0.0,0.0
d1tq8a1,c.26.2.4,0.0,2,0.181818,39,0.242424,39,-0.181818,-0.242424
d2ew8a1,c.2.1.2,0.03333333333333333,31,0.0,0,0.0,0,0.03333333333333333,0.03333333333333333
d5dl5a1,f.4.7.0,0.0,3,0.75,6,0.75,6,-0.75,-0.75
d5o95a2,c.116.1.0,0.0,3,0.0,0,0.0,0,0.0,0.0
d4du5a_,c.72.1.0,0.0,9,0.882353,51,0.941176,51,-0.882353,-0.941176
d6xk1a_,c.33.1.0,0.0,2,0.0,0,0.0,0,0.0,0.0
d1zpda2,c.36.1.5,0.0,2,0.0,0,0.0,0,0.0,0.0
d3ebya1,d.17.4.4,0.0,0,0.930556,76,0.972222,76,-0.930556,-0.972222
d1ukza_,c.37.1.1,0.0,10,0.0,0,0.0,0,0.0,0.0
d1qo0d_,c.23.1.3,0.0,0,0.0,0,0.0,0,0.0,0.0
d4qhqa_,c.94.1.0,0.16666666666666666,7,0.0,0,0.0,0,0.16666666666666666,0.16666666666666666
d2iqia1,c.51.6.2,0.0,0,0.0,0,0.0,0,0.0,0.0
d2c1ia1,c.6.2.3,0.0,2,0.769231,17,0.428571,18,-0.769231,-0.428571
d3daaa_,e.17.1.1,0.0,0,0.0,0,0.0,0,0.0,0.0
d1k0wa_,c.74.1.1,0.0,0,0.0,0,0.0,0,0.0,0.0
d1mbaa_,a.1.1.2,0.0,2,0.727273,57,0.939394,57,-0.727273,-0.939394
d1u3da2,c.28.1.1,0.0,2,0.0,0,0.0,0,0.0,0.0
d1k8kd2,d.198.2.1,0.0,0,0.0,0,0.0,0,0.0,0.0
d3iam2_,c.47.1.21,0.0,2,0.0,0,0.0,0,0.0,0.0
d2z61a_,c.67.1.0,0.0,29,0.980769,143,0.980769,143,-0.980769,-0.980769
d4bt7a_,d.290.1.0,0.0,0,0.0,0,0.0,0,0.0,0.0
d1nxua_,c.122.1.1,0.0,2,0.0,0,0.0,0,0.0,0.0
d1j93a_,c.1.22.1,0.0,5,0.8,6,0.8,6,-0.8,-0.8
d2w1va_,d.160.1.0,0.0,0,0.0,0,0.0,0,0.0,0.0
d2bs2a2,c.3.1.4,0.0,5,0.0,0,0.0,0,0.0,0.0
d2gj4a_,c.87.1.4,0.0,4,0.0,0,0.0,0,0.0,0.0
d4c2mc1,d.74.3.1,0.0,0,0.75,6,0.75,6,-0.75,-0.75
d1z24a1,b.60.1.1,0.0,0,0.0,0,0.0,0,0.0,0.0
d4czua1,d.144.1.0,0.0,18,0.0,0,0.0,0,0.0,0.0
d1iwga8,f.35.1.1,0.0,2,0.0,0,0.0,0,0.0,0.0
d6hr4a1,d.175.1.0,0.0,0,0.0,0,0.0,0,0.0,0.0
d3ndna_,c.67.1.0,0.0,25,0.961538,143,0.980769,143,-0.961538,-0.980769
d3ftba_,c.67.1.0,0.0,10,0.980769,143,0.980769,143,-0.980769,-0.980769
d4izba_,c.14.1.0,0.14285714285714285,8,0.0,0,0.0,0,0.14285714285714285,0.14285714285714285
d1k7ka1,c.51.4.1,0.0,2,0.833333,9,0.833333,9,-0.833333,-0.833333
d6fywa_,b.19.1.2,0.0,0,0.0,0,0.0,0,0.0,0.0
d2ayia1,e.60.1.1,0.0,4,0.0,0,0.0,0,0.0,0.0
d6fiya1,d.58.4.0,0.0,3,0.2,52,0.142857,52,-0.2,-0.142857
d1uc4a_,c.1.19.3,0.0,0,0.0,0,0.0,0,0.0,0.0
d3c3da1,c.143.1.1,0.0,0,0.0,0,0.0,0,0.0,0.0
d2fbaa_,a.102.1.1,0.0,7,0.925926,28,0.962963,28,-0.925926,-0.962963
d4w8ya1,a.211.1.8,0.0,2,0.0,0,0.0,0,0.0,0.0
d1ydxa2,d.287.1.2,0.0,0,0.0,0,0.0,0,0.0,0.0
d2h0aa_,c.93.1.0,0.0,8,0.0,0,0.0,0,0.0,0.0
d3bwka_,d.3.1.1,0.0,0,0.0,0,0.0,0,0.0,0.0
d5qina_,d.144.1.0,0.0,14,0.0,0,0.0,0,0.0,0.0
d1j30a_,a.25.1.1,0.0,2,0.212121,55,0.848485,55,-0.212121,-0.848485
d2qyfa_,d.135.1.1,0.0,0,0.0,0,0.0,0,0.0,0.0
d2vxra2,b.42.4.0,0.0,3,0.857143,17,0.75,18,-0.857143,-0.75
d7m13a1,c.2.1.0,0.0,13,0.0,0,0.0,0,0.0,0.0
d1vl2a2,d.210.1.1,0.0,4,0.0,0,0.0,0,0.0,0.0
d2nzya_,c.87.1.11,0.0,4,0.0,0,0.0,0,0.0,0.0
d1xiya1,c.47.1.10,0.0,3,0.170103,215,0.494845,215,-0.170103,-0.494845
d2ofca_,b.97.1.2,0.0,0,0.0,0,0.0,0,0.0,0.0
d5dufa1,c.14.1.0,0.0,12,0.0,0,0.0,0,0.0,0.0
d1j54a_,c.55.3.5,0.0,2,0.522727,61,0.113636,61,-0.522727,-0.113636
d1k4ma_,c.26.1.3,0.0,7,0.304348,53,0.217391,53,-0.304348,-0.217391
d3obsa1,d.20.1.2,0.0,2,0.0,0,0.0,0,0.0,0.0
d3mpia1,e.6.1.0,0.0,6,0.0,0,0.0,0,0.0,0.0
d3kxpa_,c.69.1.0,0.0,9,0.0,0,0.0,0,0.0,0.0
d4g3ma2,c.71.1.2,0.0,2,0.0,0,0.0,0,0.0,0.0
d2nr8a_,c.37.1.0,0.0,19,0.0,0,0.0,0,0.0,0.0
d4r9fa_,c.94.1.0,0.0,18,0.0,0,0.0,0,0.0,0.0
d3ajda_,c.66.1.0,0.0,8,0.0,0,0.0,0,0.0,0.0
d1lv7a_,c.37.1.20,0.18181818181818182,23,0.0,0,0.0,0,0.18181818181818182,0.18181818181818182
d2jc4a_,d.151.1.0,0.0,0,0.0,0,0.0,0,0.0,0.0
d4kpoa1,c.70.1.0,0.0,3,0.0,0,0.0,0,0.0,0.0
d1ynfa1,d.126.1.7,0.0,0,0.0,0,0.0,0,0.0,0.0
d1rh8a_,b.7.1.2,0.0,2,0.619048,28,0.809524,28,-0.619048,-0.809524
d1by5a_,f.4.3.3,0.0,10,0.933333,18,0.933333,18,-0.933333,-0.933333
d1l8aa3,c.48.1.1,0.0,0,0.0,0,0.0,0,0.0,0.0
d1rd5a_,c.1.2.4,0.0,8,0.933333,39,0.966667,39,-0.933333,-0.966667
d1js1x1,c.78.1.1,0.0,0,0.3125,21,0.25,21,-0.3125,-0.25
d7ckva1,d.110.2.0,0.0,0,0.727273,21,0.636364,21,-0.727273,-0.636364
d2fh5b1,c.37.1.8,0.0,8,0.0,0,0.0,0,0.0,0.0
d3cu3a1,d.17.4.28,0.0,2,0.986111,76,0.958333,76,-0.986111,-0.958333
d1jx4a2,e.8.1.7,0.0,3,0.0,0,0.0,0,0.0,0.0
d1l5za1,c.23.1.1,0.0,3,0.925,100,0.95,100,-0.925,-0.95
d1vtz0_,b.121.7.1,0.0,0,0.0,0,0.0,0,0.0,0.0
d3boea_,c.154.1.1,0.0,0,0.0,0,0.0,0,0.0,0.0
d2i7va_,d.157.1.10,0.0,3,0.0,0,0.0,0,0.0,0.0
d3q31a_,b.74.1.0,0.0,0,0.0,0,0.0,0,0.0,0.0
d2p6ra2,a.289.1.2,0.0,0,0.0,0,0.0,0,0.0,0.0
d6dtsa1,c.94.1.0,0.0,24,0.0,0,0.0,0,0.0,0.0
d1orua_,b.58.1.2,0.0,0,0.0,0,0.0,0,0.0,0.0
d3aama_,c.1.15.0,0.0,0,0.909091,13,0.909091,13,-0.909091,-0.909091
d1piwa1,b.35.1.2,0.0,2,0.0,20,0.0,20,0.0,0.0
d1xdpa3,d.136.1.4,0.0,2,0.0,0,0.0,0,0.0,0.0
d1hlba_,a.1.1.2,0.0,0,0.636364,57,0.939394,57,-0.636364,-0.939394
d5ruba1,c.1.14.1,0.0,0,0.5,5,0.5,5,-0.5,-0.5
d6zgxa2,d.58.26.7,0.0,0,0.818182,12,0.636364,12,-0.818182,-0.636364
d6agsa2,c.2.1.0,0.0,18,0.0,0,0.0,0,0.0,0.0
d2xfwa1,c.1.10.1,0.0,10,0.866667,65,0.911111,65,-0.866667,-0.911111
d3tkta_,a.104.1.0,0.0,20,0.0,0,0.0,0,0.0,0.0
d1mrza2,c.26.1.3,0.0,0,0.217391,53,0.0869565,53,-0.217391,-0.0869565
d2gufa_,f.4.3.3,0.0,3,0.866667,18,0.933333,18,-0.866667,-0.933333
d2buja1,d.144.1.0,0.0,12,0.0,0,0.0,0,0.0,0.0
d1o65a1,b.58.1.2,0.0,2,0.0,0,0.0,0,0.0,0.0
d2gu0a2,d.13.2.0,0.0,0,0.0,0,0.0,0,0.0,0.0
d4f0fa1,d.144.1.0,0.0,12,0.0,0,0.0,0,0.0,0.0
d3ju7a_,c.67.1.0,0.0,12,0.980769,143,0.980769,143,-0.980769,-0.980769
d4pf4a1,d.144.1.7,0.0,13,0.0,0,0.0,0,0.0,0.0
d3r9za_,d.18.1.0,0.0,0,0.0,0,0.0,0,0.0,0.0
d1yq2a4,b.30.5.1,0.0,4,0.64,26,0.0384615,27,-0.64,-0.0384615
d1kqpa_,c.26.2.1,0.0,4,0.25,39,0.25,39,-0.25,-0.25
d3u3ga_,c.55.3.0,0.0,3,0.12,61,0.12,61,-0.12,-0.12
d1kdga2,d.16.1.1,0.0,0,0.0,0,0.0,0,0.0,0.0
d5cfja_,d.113.1.0,0.0,0,0.0,0,0.0,0,0.0,0.0
d2rbka_,c.108.1.10,0.0,5,0.0,0,0.0,0,0.0,0.0
d4gv2a2,d.166.1.0,0.0,0,0.0,0,0.0,0,0.0,0.0
d4i0na_,f.6.1.0,0.0,2,0.0,0,0.0,0,0.0,0.0
d5k2ia1,c.47.1.0,0.0,0,0.231579,215,0.463158,215,-0.231579,-0.463158
d6gwua_,c.53.2.0,0.0,2,0.8,13,0.8,13,-0.8,-0.8
d3bhga_,a.127.1.0,0.0,2,0.0,0,0.0,0,0.0,0.0
d6euaa1,d.171.1.0,0.0,2,0.0,0,0.0,0,0.0,0.0
d1v2xa_,c.116.1.1,0.0,0,0.0,0,0.0,0,0.0,0.0
d3pvka_,b.50.1.2,0.0,3,0.0,0,0.0,0,0.0,0.0
d5x4ba_,c.37.1.0,0.0,12,0.0,0,0.0,0,0.0,0.0
d6m2oa_,e.23.1.0,0.0,9,0.0,0,0.0,0,0.0,0.0
d1on3a1,c.14.1.4,0.0,3,0.0,0,0.0,0,0.0,0.0
d1s4ca_,b.82.2.7,0.0,2,0.0,0,0.0,0,0.0,0.0
d1je0a_,c.56.2.1,0.0,0,0.9,20,0.9,20,-0.9,-0.9
d3sxua_,c.128.1.1,0.0,0,0.0,0,0.0,0,0.0,0.0
d2x7xa_,c.93.1.0,0.14285714285714285,8,0.0,0,0.0,0,0.14285714285714285,0.14285714285714285
d2wqpa1,c.1.10.6,0.0,7,0.59375,65,0.875,65,-0.59375,-0.875
d1hw1a2,a.78.1.1,0.0,0,0.0,0,0.0,0,0.0,0.0
d1kxpd2,a.126.1.1,0.0,0,0.0,0,0.0,0,0.0,0.0
d4fjqa2,a.128.1.0,0.0,8,0.0,0,0.0,0,0.0,0.0
d2hx1a1,c.108.1.0,0.0,7,0.0,0,0.0,0,0.0,0.0
d4m98a_,b.81.1.0,0.0,0,0.615385,24,0.538462,24,-0.615385,-0.538462
d3epqa2,c.55.1.10,0.0,3,0.375,102,0.238636,102,-0.375,-0.238636
d6dxsa1,c.1.9.0,0.0,2,0.75,60,0.95,60,-0.75,-0.95
d3lf2a_,c.2.1.0,0.047619047619047616,22,0.0,0,0.0,0,0.047619047619047616,0.047619047619047616
d1q4ga1,a.93.1.2,0.0,2,0.0,0,0.0,0,0.0,0.0
d1m7ga_,c.37.1.4,0.0,15,0.0,0,0.0,0,0.0,0.0
d1y0ya3,c.56.5.4,0.0,4,0.65,36,0.35,37,-0.65,-0.35
d2f9ia1,c.14.1.0,0.0,5,0.0,0,0.0,0,0.0,0.0
d1vqqa3,e.3.1.1,0.0,2,0.0,0,0.0,0,0.0,0.0
d6huha1,e.3.1.0,0.0,8,0.0,0,0.0,0,0.0,0.0
d1npea_,b.68.5.1,0.0,0,0.0,0,0.0,0,0.0,0.0
d3fvsa_,c.67.1.1,0.045454545454545456,23,0.992248,143,0.992248,143,-0.9467934545454546,-0.9467934545454546
d3cjia_,b.121.4.0,0.0,0,0.633333,39,0.628571,44,-0.633333,-0.628571
d1w25a2,c.23.1.1,0.0,3,0.9125,100,0.95,100,-0.9125,-0.95
d4a2ba2,c.55.1.1,0.0,0,0.606383,102,0.425532,102,-0.606383,-0.425532
d4o5ma2,a.29.3.0,0.0,0,0.75,19,0.75,19,-0.75,-0.75
d3qfta1,b.43.4.1,0.0,0,0.428571,23,0.666667,23,-0.428571,-0.666667
d5y4fa_,d.211.1.0,0.3076923076923077,14,0.9,32,0.9,32,-0.5923076923076923,-0.5923076923076923
d4p13a1,e.6.1.1,0.0,10,0.0,0,0.0,0,0.0,0.0
d5d9ac6,e.82.1.1,0.0,0,0.0,0,0.0,0,0.0,0.0
d1x91a_,a.29.6.1,0.0,0,0.5,3,0.5,3,-0.5,-0.5
d4j25a1,b.82.2.0,0.0,4,0.5,42,0.2,42,-0.5,-0.2
d3c3pa1,c.66.1.0,0.0,5,0.0,0,0.0,0,0.0,0.0
d4i9ba_,c.82.1.0,0.2,11,0.0,0,0.0,0,0.2,0.2
d1j7na1,d.92.1.14,0.0,2,0.0487805,42,0.0,42,-0.0487805,0.0
d1x3za_,d.3.1.4,0.0,2,0.0,0,0.0,0,0.0,0.0
d1qfta_,b.60.1.1,0.0,2,0.0,0,0.0,0,0.0,0.0
d7c6ca_,d.2.1.0,0.0,2,0.0,0,0.0,0,0.0,0.0
d5xbxa1,b.52.1.0,0.0,0,0.428571,8,0.0,8,-0.428571,0.0
d5xw2a_,a.104.1.0,0.13043478260869565,24,0.0,0,0.0,0,0.13043478260869565,0.13043478260869565
d6lona_,c.7.1.0,0.2,11,0.0,0,0.0,0,0.2,0.2
d1aepa_,a.63.1.1,0.0,0,0.0,0,0.0,0,0.0,0.0
d1cjxa2,d.32.1.3,0.0,0,0.0,0,0.0,0,0.0,0.0
d1px5a2,d.218.1.6,0.0,2,0.0,0,0.0,0,0.0,0.0
d2gp4a1,c.8.2.2,0.0,0,0.0,0,0.0,0,0.0,0.0
d1rrka1,b.47.1.2,0.0,0,0.0,0,0.0,0,0.0,0.0
d4rkqa1,c.93.1.0,0.0,6,0.0,0,0.0,0,0.0,0.0
d1s0ka4,b.29.1.15,0.0,0,0.0,0,0.0,0,0.0,0.0
d1z94a1,d.129.3.5,0.0,0,0.757576,42,0.757576,42,-0.757576,-0.757576
d2wuha_,b.18.1.0,0.0,4,0.0,0,0.0,0,0.0,0.0
d1hyea1,c.2.1.5,0.0,4,0.0,0,0.0,0,0.0,0.0
d3ejxd1,d.21.1.1,0.0,0,0.0,0,0.0,0,0.0,0.0
d1ixma_,d.123.1.1,0.0,0,0.0,0,0.0,0,0.0,0.0
d2nlza1,d.153.1.6,0.0,6,0.0,37,0.0,42,0.0,0.0
d12asa_,d.104.1.1,0.0,3,0.0,0,0.0,0,0.0,0.0
d1wmda2,c.41.1.1,0.0,2,0.0,0,0.0,0,0.0,0.0
d4uava_,c.108.1.0,0.0,4,0.0,0,0.0,0,0.0,0.0
d2lf2a1,d.129.3.0,0.5,3,0.806452,42,0.806452,42,-0.30645199999999995,-0.30645199999999995
d7coia_,c.53.2.0,0.0,2,0.8,13,0.8,13,-0.8,-0.8
d1pzxa_,c.119.1.1,0.0,2,0.0,0,0.0,0,0.0,0.0
d1c3ka_,b.77.3.1,0.0,0,0.666667,5,0.666667,6,-0.666667,-0.666667
d1q5da_,a.104.1.1,0.2,21,0.0,0,0.0,0,0.2,0.2
d2qjfa2,c.26.1.0,0.0,3,0.3125,53,0.25,53,-0.3125,-0.25
d5joza2,b.29.1.0,0.0,6,0.0,0,0.0,0,0.0,0.0
d4yhva_,d.58.10.3,0.0,0,0.909091,12,0.909091,12,-0.909091,-0.909091
d6qgra_,e.18.1.0,0.0,2,0.0,0,0.0,0,0.0,0.0
d2o11a_,d.258.1.0,0.0,0,0.0,0,0.0,0,0.0,0.0
d6xrka1,c.1.8.0,0.0,9,0.791667,135,0.625,135,-0.791667,-0.625
d3bzca5,c.55.3.13,0.0,0,0.0,0,0.0,0,0.0,0.0
d2b06a1,d.113.1.1,0.0,2,0.0,0,0.0,0,0.0,0.0
d1u5ea1,b.55.1.1,0.0,0,0.933333,86,0.977778,86,-0.933333,-0.977778
d3fdba1,c.67.1.0,0.0,14,0.980769,143,0.980769,143,-0.980769,-0.980769
d6n1na1,e.3.1.0,0.0,5,0.0,0,0.0,0,0.0,0.0
d1tf7a1,c.37.1.11,0.0,19,0.0,0,0.0,0,0.0,0.0
d1s14a_,d.122.1.2,0.0,2,0.0,0,0.0,0,0.0,0.0
d6tora_,c.67.1.0,0.0,17,0.961538,143,0.980769,143,-0.961538,-0.980769
d3ge3a_,a.25.1.2,0.0,5,0.0666667,55,0.0444444,55,-0.0666667,-0.0444444
d5azsa_,f.5.1.0,1.0,4,0.0,0,0.0,0,1.0,1.0
d1tqia2,d.144.1.9,0.0,0,0.0,0,0.0,0,0.0,0.0
d3bwga2,d.190.1.2,0.0,0,0.0,0,0.0,0,0.0,0.0
d5jioa_,c.87.1.0,0.0,9,0.0,0,0.0,0,0.0,0.0
d4c2mc2,d.181.1.1,0.0,0,0.0,0,0.0,0,0.0,0.0
d1u9ya1,c.61.1.2,0.0,2,0.0,0,0.0,0,0.0,0.0
d4uula2,d.162.1.0,0.0,0,0.0,0,0.0,0,0.0,0.0
d1wmxa_,b.18.1.24,0.0,2,0.0,0,0.0,0,0.0,0.0
d3a9sa2,b.43.2.0,0.0,0,0.0,0,0.0,0,0.0,0.0
d3o7qa_,f.38.1.4,0.0,30,0.0,0,0.0,0,0.0,0.0
d2pgfa_,c.1.9.1,0.0,7,0.344828,60,0.931034,60,-0.344828,-0.931034
d1jx6a_,c.93.1.1,0.0,10,0.0,0,0.0,0,0.0,0.0
d1b8da_,a.1.1.3,0.0,3,0.518519,57,0.833333,57,-0.518519,-0.833333
d4cr2i2,c.37.1.20,0.16666666666666666,13,0.0,0,0.0,0,0.16666666666666666,0.16666666666666666
d6k63a2,c.97.1.1,0.0,0,0.1,24,0.6,24,-0.1,-0.6
d1vdma1,c.61.1.1,0.0,2,0.0,0,0.0,0,0.0,0.0
d3dr6a_,d.108.1.1,0.0,2,0.0,0,0.0,0,0.0,0.0
d1fvka_,c.47.1.13,0.0,3,0.221698,215,0.0707547,215,-0.221698,-0.0707547
d3qu5a_,c.108.1.0,0.0,8,0.0,0,0.0,0,0.0,0.0
d2j3xa2,d.166.1.0,0.0,0,0.0,0,0.0,0,0.0,0.0
d6tbnb1,b.69.4.0,0.0,8,0.904762,28,0.714286,28,-0.904762,-0.714286
d4r6ha_,c.94.1.0,0.0,12,0.0,0,0.0,0,0.0,0.0
d3maea_,c.43.1.0,0.0,0,0.0,0,0.0,0,0.0,0.0
d3wlia1,c.1.8.7,0.0,9,0.0676692,135,0.323308,135,-0.0676692,-0.323308
d1v7va2,b.30.5.3,0.0,0,0.52,26,0.115385,27,-0.52,-0.115385
d1p16a2,d.142.2.3,0.0,2,0.888889,10,0.222222,10,-0.888889,-0.222222
d1t9fa1,b.42.6.1,0.0,0,0.75,5,0.75,5,-0.75,-0.75
d2r42a2,d.58.26.3,0.0,0,0.727273,12,0.545455,12,-0.727273,-0.545455
d2bogx_,c.6.1.1,0.0,0,0.5,4,0.5,4,-0.5,-0.5
d3ttva1,e.5.1.1,0.0,4,0.0,0,0.0,0,0.0,0.0
d3mmha_,d.110.2.0,0.0,0,0.727273,21,0.545455,21,-0.727273,-0.545455
d6rz0a_,d.157.1.0,0.0,3,0.0,0,0.0,0,0.0,0.0
d4wbta1,c.67.1.0,0.0,16,0.980769,143,0.980769,143,-0.980769,-0.980769
d1i36a2,c.2.1.6,0.0,10,0.0,0,0.0,0,0.0,0.0
d3sdwa_,c.121.1.0,0.0,0,0.0,0,0.0,0,0.0,0.0
d6w4ha1,c.66.1.25,0.0,7,0.0,0,0.0,0,0.0,0.0
d1ml4a2,c.78.1.1,0.0,3,0.625,21,0.625,21,-0.625,-0.625
d1iqra2,c.28.1.1,0.0,2,0.0,0,0.0,0,0.0,0.0
d3mhra1,a.118.7.1,0.0,0,0.0,0,0.0,0,0.0,0.0
d6nkha_,c.2.1.0,0.0,32,0.0,0,0.0,0,0.0,0.0
d1hyha2,d.162.1.1,0.0,2,0.0,0,0.0,0,0.0,0.0
d2etja1,c.55.3.1,0.0,2,0.0357143,61,0.0,61,-0.0357143,0.0
d1li4a1,c.2.1.4,0.0,5,0.0,0,0.0,0,0.0,0.0
d1oqva_,d.24.1.2,0.0,0,0.0,0,0.0,0,0.0,0.0
d3nf4a1,e.6.1.0,0.0,2,0.0,0,0.0,0,0.0,0.0
d2q0ta1,a.152.1.1,0.0,0,0.0,0,0.0,0,0.0,0.0
d3fzqa_,c.108.1.0,0.0,5,0.0,0,0.0,0,0.0,0.0
d6k92a_,c.72.1.0,0.0,5,0.823529,51,0.882353,51,-0.823529,-0.882353
d1or4a_,a.1.1.2,0.0,2,0.666667,57,0.969697,57,-0.666667,-0.969697
d1vq8c1,c.22.1.1,0.0,0,0.0,0,0.0,0,0.0,0.0
d1a1va2,c.37.1.14,0.0,13,0.0,0,0.0,0,0.0,0.0
d1z8ha_,c.23.10.6,0.0,0,0.0,0,0.0,0,0.0,0.0
d6egka_,a.128.1.0,0.0,2,0.0,0,0.0,0,0.0,0.0
d5eyna_,c.72.1.0,0.0,4,0.941176,51,0.941176,51,-0.941176,-0.941176
d1zm8a_,d.4.1.2,0.0,0,0.0,0,0.0,0,0.0,0.0
d2m2ua_,d.218.1.2,0.0,0,0.0,0,0.0,0,0.0,0.0
d3c96a1,c.3.1.2,0.0,2,0.0,0,0.0,0,0.0,0.0
d4fkba_,c.69.1.18,0.0,10,0.0,0,0.0,0,0.0,0.0
d2ns9a1,d.129.3.10,0.0,3,0.829268,42,0.804878,42,-0.829268,-0.804878
d5u4na_,c.1.10.0,0.0,5,0.685714,65,0.828571,65,-0.685714,-0.828571
d3rlsa1,b.7.1.3,0.0,2,0.0,0,0.0,0,0.0,0.0
d1sefa_,b.82.1.11,0.0,4,0.873016,65,0.984127,65,-0.873016,-0.984127
d5dd8a_,a.4.5.28,0.0,3,0.37069,252,0.25431,252,-0.37069,-0.25431
d3p3va_,c.38.1.0,0.0,0,0.0,0,0.0,0,0.0,0.0
d1j97a_,c.108.1.4,0.0,4,0.0,0,0.0,0,0.0,0.0
d4n9sa1,d.96.1.4,0.0,2,0.785714,18,0.857143,18,-0.785714,-0.857143
d2hi4a_,a.104.1.0,0.18181818181818182,12,0.0,0,0.0,0,0.18181818181818182,0.18181818181818182
d6c2ca_,d.157.1.5,0.0,7,0.0,0,0.0,0,0.0,0.0
d2i49a_,c.94.1.1,0.0,15,0.0,0,0.0,0,0.0,0.0
d4a8ua_,d.129.3.1,0.0,0,0.85,42,0.8,42,-0.85,-0.8
d3q72a_,c.37.1.8,0.0,4,0.0,0,0.0,0,0.0,0.0
d1umda_,c.36.1.11,0.0,3,0.0,0,0.0,0,0.0,0.0
d1s4na_,c.68.1.16,0.0,5,0.0,0,0.0,0,0.0,0.0
d3ldfa2,c.66.1.51,0.0,9,0.0,0,0.0,0,0.0,0.0
d6gx2a1,c.68.1.9,0.0,2,0.0,0,0.0,0,0.0,0.0
d1nt2a_,c.66.1.3,0.0,6,0.0,0,0.0,0,0.0,0.0
d2q9ua1,d.157.1.3,0.0,4,0.0,0,0.0,0,0.0,0.0
d1vk3a3,d.139.1.1,0.0,0,0.0,0,0.0,0,0.0,0.0
d1hyea2,d.162.1.1,0.0,3,0.0,0,0.0,0,0.0,0.0
d1wl6a2,d.127.1.1,0.0,0,0.0,0,0.0,0,0.0,0.0
d4ds2a_,d.20.1.0,0.0,0,0.0,0,0.0,0,0.0,0.0
d3anua2,c.1.6.1,0.0,3,0.5,10,0.5,10,-0.5,-0.5
d4n2ka2,b.2.9.0,0.0,0,0.0,0,0.0,0,0.0,0.0
d6ut9a1,b.29.1.0,0.0,0,0.0,0,0.0,0,0.0,0.0
d1ngvb_,c.111.1.2,1.0,2,0.0,0,0.0,0,1.0,1.0
d5xd6a1,d.144.1.0,0.0,13,0.0,0,0.0,0,0.0,0.0
d1uara1,c.46.1.2,0.0,0,0.0,0,0.0,0,0.0,0.0
d1x51a1,d.113.1.3,0.0,0,0.0,0,0.0,0,0.0,0.0
d2czca2,c.2.1.3,0.0,9,0.0,0,0.0,0,0.0,0.0
d2hiya1,d.356.1.1,0.0,0,0.0,0,0.0,0,0.0,0.0
d1ub0a_,c.72.1.2,0.3333333333333333,4,0.96,51,0.94,51,-0.6266666666666667,-0.6066666666666667
d4flma_,c.69.1.34,0.0,7,0.0,0,0.0,0,0.0,0.0
d1uana_,c.134.1.1,0.0,0,0.0,0,0.0,0,0.0,0.0
d3idaa1,c.69.1.21,0.0,8,0.0,0,0.0,0,0.0,0.0
d3tava1,d.127.1.0,0.0,2,0.0,0,0.0,0,0.0,0.0
d3tvqa_,d.129.3.6,0.0,2,0.825,42,0.8,42,-0.825,-0.8
d1ds1a_,b.82.2.2,0.0,0,0.0,0,0.0,0,0.0,0.0
d6tyya_,b.86.1.1,0.0,0,0.0,0,0.0,0,0.0,0.0
d1n40a_,a.104.1.1,0.0,14,0.0,0,0.0,0,0.0,0.0
d2j01e1,b.43.3.2,0.0,0,0.0,24,0.0434783,24,0.0,-0.0434783
d3ocaa_,d.167.1.0,0.0,4,0.0,0,0.0,0,0.0,0.0
d3x1xa_,c.37.1.8,0.0,6,0.0,0,0.0,0,0.0,0.0
d2mr3a1,a.118.8.9,0.0,4,0.0727273,63,0.290909,63,-0.0727273,-0.290909
d3eyna_,e.23.1.0,0.0,8,0.0,0,0.0,0,0.0,0.0
d1s3ja_,a.4.5.28,0.0,2,0.685345,252,0.344828,252,-0.685345,-0.344828
d6ensa_,b.17.1.1,0.0,0,0.0,0,0.0,0,0.0,0.0
d1zcza2,c.97.1.4,0.0,3,0.347826,24,0.0,24,-0.347826,0.0
d6jmpa_,f.69.1.1,0.5,7,0.0,0,0.0,0,0.5,0.5
d1cjaa_,d.144.1.3,0.0,9,0.0,0,0.0,0,0.0,0.0
d1wdha_,c.108.1.22,0.0,4,0.0,0,0.0,0,0.0,0.0
d1wmaa1,c.2.1.2,0.0,16,0.0,0,0.0,0,0.0,0.0
d1k8kc_,b.69.4.1,0.0,3,0.769231,28,0.692308,28,-0.769231,-0.692308
d2gz6a_,a.102.1.0,0.0,8,0.904762,28,0.904762,28,-0.904762,-0.904762
d1zp6a1,c.37.1.25,0.0,8,0.0,0,0.0,0,0.0,0.0
d5umha_,b.3.6.0,0.0,0,0.666667,4,0.666667,4,-0.666667,-0.666667
d5qoqa_,d.113.1.0,0.0,2,0.0,0,0.0,0,0.0,0.0
d5h68a_,c.37.1.0,0.0,16,0.0,0,0.0,0,0.0,0.0
d1x9fd_,a.1.1.2,0.0,2,0.939394,57,0.939394,57,-0.939394,-0.939394
d4wsoa_,c.26.1.0,0.16666666666666666,7,0.25,53,0.3125,53,-0.08333333333333334,-0.14583333333333334
d1f0xa2,d.145.1.1,0.0,0,0.0,0,0.0,0,0.0,0.0
d1pmma_,c.67.1.6,0.0,20,0.0,0,0.0,0,0.0,0.0
d1guia_,b.18.1.14,0.0,3,0.0,0,0.0,0,0.0,0.0
d1deka_,c.37.1.1,0.0,9,0.0,0,0.0,0,0.0,0.0
d3ld9b1,c.37.1.0,0.0,8,0.0,0,0.0,0,0.0,0.0
d1tqja_,c.1.2.2,0.0,2,0.0,0,0.0,0,0.0,0.0
d3dyda_,c.67.1.0,0.0,15,0.980769,143,0.980769,143,-0.980769,-0.980769
d2q3sa2,c.55.3.5,0.0,2,0.0909091,61,0.0454545,61,-0.0909091,-0.0454545
d4ka0a_,c.47.1.0,0.0,7,0.642105,215,0.6,215,-0.642105,-0.6
d2c0ua1,a.29.3.1,1.0,2,0.733333,19,0.733333,19,0.266667,0.266667
d2rbca_,c.72.1.0,0.0,4,0.941176,51,0.941176,51,-0.941176,-0.941176
d1x7ga_,c.2.1.2,0.06060606060606061,34,0.0,0,0.0,0,0.06060606060606061,0.06060606060606061
d2yzsa_,e.79.1.1,0.0,0,0.0,0,0.0,0,0.0,0.0
d1fmta2,c.65.1.1,0.0,0,0.0,0,0.0,0,0.0,0.0
d1xjva1,b.40.4.3,0.0,0,0.296296,130,0.175926,130,-0.296296,-0.175926
d6k02a1,d.305.1.0,0.0,0,0.0,0,0.0,0,0.0,0.0
d4jf5a_,e.3.1.0,0.0,6,0.0,0,0.0,0,0.0,0.0
d7ng2a1,b.122.1.0,0.0,2,0.0,0,0.0,0,0.0,0.0
d2trcp_,c.47.1.6,0.0,4,0.0,0,0.0,0,0.0,0.0
d1szna2,c.1.8.1,0.0,10,0.574074,135,0.694444,135,-0.574074,-0.694444
d3drwa1,c.72.1.3,0.0,6,0.0,0,0.0,0,0.0,0.0
d2znra1,c.97.3.1,0.0,0,0.5,6,0.5,6,-0.5,-0.5
d3dlsa_,d.144.1.0,0.0,12,0.0,0,0.0,0,0.0,0.0
d3ftda_,c.66.1.0,0.0,10,0.0,0,0.0,0,0.0,0.0
d6ifda_,c.68.1.0,0.0,2,0.0,0,0.0,0,0.0,0.0
d1gdoa_,d.153.1.1,0.0,4,0.0,37,0.0571429,42,0.0,-0.0571429
d5wyda_,c.14.1.0,0.0,11,0.0,0,0.0,0,0.0,0.0
d2z0da1,d.3.1.22,0.0,2,0.0,0,0.0,0,0.0,0.0
d5iz4a_,c.2.1.0,0.0,17,0.0,0,0.0,0,0.0,0.0
d5bnca_,b.45.1.0,0.0,3,0.931034,46,0.931034,46,-0.931034,-0.931034
d3goda_,e.79.1.1,1.0,2,0.0,0,0.0,0,1.0,1.0
d2b7ca3,c.37.1.8,0.0,8,0.0,0,0.0,0,0.0,0.0
d3dtha_,e.17.1.0,0.0,2,0.0,0,0.0,0,0.0,0.0
d3b4wa_,c.82.1.0,0.0,16,0.0,0,0.0,0,0.0,0.0
d1iwga7,f.35.1.1,0.0,2,0.0,0,0.0,0,0.0,0.0
d1s5ja1,c.55.3.5,0.0,5,0.0909091,61,0.0227273,61,-0.0909091,-0.0227273
d4af1a1,d.91.1.0,0.0,2,0.0,0,0.0,0,0.0,0.0
d1n7za_,b.127.1.1,0.0,0,0.0,0,0.0,0,0.0,0.0
d3eb2a_,c.1.10.0,0.0,5,0.8,65,0.885714,65,-0.8,-0.885714
d5xtfa_,c.2.1.0,0.0,18,0.0,0,0.0,0,0.0,0.0
d1i43a_,c.67.1.3,0.0,9,0.992308,143,0.992308,143,-0.992308,-0.992308
d2g0da_,a.102.6.1,0.0,0,0.0,0,0.0,0,0.0,0.0
d1q44a_,c.37.1.5,0.0,12,0.0,0,0.0,0,0.0,0.0
d1ztca1,d.157.1.11,0.0,6,0.0,0,0.0,0,0.0,0.0
d1huxa_,c.55.1.5,0.0,4,0.65625,102,0.583333,102,-0.65625,-0.583333
d1gmla_,c.8.5.2,0.0,0,0.5,3,0.0,3,-0.5,0.0
d3gzyb_,d.17.4.4,0.0,0,0.958333,76,0.972222,76,-0.958333,-0.972222
d2ff7a2,c.37.1.12,0.0,20,0.0,0,0.0,0,0.0,0.0
d3vlva_,c.94.1.1,0.0,16,0.0,0,0.0,0,0.0,0.0
d4z0ta_,c.2.1.0,0.0,20,0.0,0,0.0,0,0.0,0.0
d1mzpa1,e.24.1.1,0.0,2,0.0,0,0.0,0,0.0,0.0
d1dnla_,b.45.1.1,0.0,3,0.357143,46,0.321429,46,-0.357143,-0.321429
d3cx5b2,d.185.1.1,0.0,0,0.0,0,0.0,0,0.0,0.0
d4gmua1,c.109.1.1,0.0,0,0.0,0,0.0,0,0.0,0.0
d1z7ma1,d.104.1.1,0.0,2,0.0,0,0.0,0,0.0,0.0
d1ps9a3,c.4.1.1,0.0,0,0.0,0,0.0,0,0.0,0.0
d5le5i_,d.153.1.0,0.0,4,0.571429,37,0.484848,42,-0.571429,-0.484848
d1ilea1,a.27.1.1,0.0,0,0.0,0,0.0,0,0.0,0.0
d1mk4a1,d.108.1.1,0.0,3,0.0,0,0.0,0,0.0,0.0
d2wq7a2,a.99.1.0,0.0,4,0.0,0,0.0,0,0.0,0.0
d1nxma_,b.82.1.1,0.0,0,0.854839,65,0.967742,65,-0.854839,-0.967742
d5xkca_,c.1.16.0,0.75,5,0.875,14,0.875,14,-0.125,-0.125
d3heia_,b.18.1.0,0.0,2,0.0,0,0.0,0,0.0,0.0
d3lhsa1,c.92.2.0,0.0,2,0.846154,38,0.923077,38,-0.846154,-0.923077
d4i3fa1,c.69.1.0,0.0,7,0.0,0,0.0,0,0.0,0.0
d4ewga1,c.95.1.0,0.0,3,0.0,0,0.0,0,0.0,0.0
d5xn9a1,b.60.1.0,0.0,4,0.0,0,0.0,0,0.0,0.0
d2b5la1,b.69.4.3,0.0,3,0.653846,28,0.769231,28,-0.653846,-0.769231
d2g7la2,a.121.1.1,0.0,0,0.0,0,0.0,0,0.0,0.0
d5teaa_,b.40.5.1,0.0,0,0.0,0,0.0,0,0.0,0.0
d6d8za1,a.87.1.1,0.0,2,0.0,0,0.0,0,0.0,0.0
d3ztpa_,d.58.6.0,0.0,2,0.666667,5,0.666667,5,-0.666667,-0.666667
d5zhha_,e.7.1.0,0.0,5,0.0,0,0.0,0,0.0,0.0
d1hkva2,c.1.6.1,0.0,0,0.5,10,0.5,10,-0.5,-0.5
d4ohfa1,c.108.1.23,0.0,8,0.0,0,0.0,0,0.0,0.0
d6vr6a_,c.82.1.0,0.0,17,0.0,0,0.0,0,0.0,0.0
d3fdua1,c.14.1.0,0.09090909090909091,23,0.0,0,0.0,0,0.09090909090909091,0.09090909090909091
d3hjea1,c.1.8.0,0.0,22,0.479167,135,0.479167,135,-0.479167,-0.479167
d2grja1,c.37.1.1,0.0,10,0.0,0,0.0,0,0.0,0.0
d6qqma1,b.74.1.0,0.0,2,0.0,0,0.0,0,0.0,0.0
d1upsa1,b.29.1.2,0.0,5,0.0,0,0.0,0,0.0,0.0
d3cs3a_,c.93.1.0,0.0,6,0.0,0,0.0,0,0.0,0.0
d3n6wa2,b.82.2.5,0.0,0,0.425,42,0.2,42,-0.425,-0.2
d4hpna2,c.1.11.0,0.0,4,0.923077,43,0.923077,43,-0.923077,-0.923077
d1j4aa2,c.23.12.1,0.0,0,0.0,11,0.0,11,0.0,0.0
d3enda_,c.37.1.0,0.0,11,0.0,0,0.0,0,0.0,0.0
d7bx9a_,c.23.5.4,0.0,0,0.941176,37,0.941176,37,-0.941176,-0.941176
d1itva_,b.66.1.1,0.0,0,0.0,0,0.0,0,0.0,0.0
d2h6ra_,c.1.1.1,0.0,0,0.8,6,0.8,6,-0.8,-0.8
d2cwsa1,b.29.1.0,0.0,0,0.0,0,0.0,0,0.0,0.0
d1gxja_,d.215.1.1,0.0,0,0.0,0,0.0,0,0.0,0.0
d5s75a_,d.144.1.7,0.0,7,0.0,0,0.0,0,0.0,0.0
d4fc7a_,c.2.1.0,0.05555555555555555,37,0.0,0,0.0,0,0.05555555555555555,0.05555555555555555
d6ndia_,c.93.1.0,0.0,9,0.0,0,0.0,0,0.0,0.0
d3soka_,d.24.1.0,0.0,2,0.0,0,0.0,0,0.0,0.0
d1nqza_,d.113.1.1,0.0,3,0.0,0,0.0,0,0.0,0.0
d1xkpa1,a.243.1.3,0.0,0,0.0,0,0.0,0,0.0,0.0
d1q0ra_,c.69.1.28,0.0,13,0.0,0,0.0,0,0.0,0.0
d1v1aa_,c.72.1.1,0.0,11,0.976744,51,0.976744,51,-0.976744,-0.976744
d2ahfa_,a.102.1.7,0.0,3,0.0,0,0.0,0,0.0,0.0
d2i79a_,d.108.1.0,0.0,5,0.0,0,0.0,0,0.0,0.0
d1gvfa_,c.1.10.2,0.0,3,0.796875,65,0.9375,65,-0.796875,-0.9375
d3mxta1,c.26.1.0,0.0,4,0.40625,53,0.03125,53,-0.40625,-0.03125
d1zuoa1,d.20.1.1,0.0,0,0.0,0,0.0,0,0.0,0.0
d4yt3a_,a.104.1.0,0.26666666666666666,31,0.0,0,0.0,0,0.26666666666666666,0.26666666666666666
d1rg8a1,b.42.1.1,0.0,0,0.909091,16,0.909091,16,-0.909091,-0.909091
d3t64a_,b.85.4.1,0.0,0,0.875,15,0.875,15,-0.875,-0.875
d1bgva2,c.58.1.1,0.0,0,0.0,0,0.0,0,0.0,0.0
d1dceb_,a.102.4.3,0.0,3,0.545455,13,0.583333,14,-0.545455,-0.583333
d1k3ra2,c.116.1.2,0.0,0,0.0,0,0.0,0,0.0,0.0
d3qz6a1,c.1.12.0,0.0,4,0.846154,19,0.692308,19,-0.846154,-0.692308
d1uxya1,d.145.1.2,0.0,0,0.0,0,0.0,0,0.0,0.0
d4pofa1,b.40.4.0,0.0,4,0.188679,130,0.179245,130,-0.188679,-0.179245
d6lsva_,b.82.2.0,0.5,3,0.533333,42,0.166667,42,-0.033332999999999946,0.333333
d3ejxa2,d.21.1.1,0.0,3,0.0,0,0.0,0,0.0,0.0
d1gwma1,b.18.1.19,0.0,2,0.0,0,0.0,0,0.0,0.0
d2z1aa2,d.159.1.2,0.0,3,0.0,0,0.0,0,0.0,0.0
d2v25a_,c.94.1.0,0.0,17,0.0,0,0.0,0,0.0,0.0
d2nqha_,c.1.15.1,0.0,2,0.916667,13,0.916667,13,-0.916667,-0.916667
d2eu9a_,d.144.1.0,0.0,18,0.0,0,0.0,0,0.0,0.0
d2r7ja1,d.13.2.1,0.0,0,0.0,0,0.0,0,0.0,0.0
d2ex3b1,a.263.1.1,0.0,0,0.0,0,0.0,0,0.0,0.0
d2izra_,d.144.1.7,0.0,10,0.0,0,0.0,0,0.0,0.0
d1xwya1,c.1.9.12,0.0,5,0.701754,60,0.912281,60,-0.701754,-0.912281
g1o7d.3,c.6.2.1,0.0,0,0.0,0,0.0,18,0.0,0.0
d1c1ka_,a.120.1.1,0.0,0,0.0,0,0.0,0,0.0,0.0
d5ewta_,d.151.1.0,0.6666666666666666,4,0.0,0,0.0,0,0.6666666666666666,0.6666666666666666
d3eo8a1,d.90.1.0,0.0,0,0.0,0,0.0,0,0.0,0.0
d2fgea4,d.185.1.1,0.0,2,0.0,0,0.0,0,0.0,0.0
d1nrza_,c.38.1.1,0.0,0,0.0,0,0.0,0,0.0,0.0
d1gpma2,c.23.16.1,0.0,5,0.172414,42,0.275862,42,-0.172414,-0.275862
d5jx5a_,c.6.1.0,0.0,0,0.0,0,0.0,0,0.0,0.0
d1wuba_,b.61.6.1,0.0,0,0.666667,4,0.666667,4,-0.666667,-0.666667
d6wfna_,d.108.1.0,1.0,2,0.0,0,0.0,0,1.0,1.0
d1ho8a_,a.118.1.9,0.0,6,0.0,0,0.0,0,0.0,0.0
d3ii9a2,a.29.3.0,0.0,0,0.75,19,0.75,19,-0.75,-0.75
d3icca1,c.2.1.0,0.058823529411764705,18,0.0,0,0.0,0,0.058823529411764705,0.058823529411764705
d4af1a3,d.79.3.0,0.0,2,0.0,0,0.0,0,0.0,0.0
d1l5ja1,a.118.15.1,0.0,0,0.0,0,0.0,0,0.0,0.0
d5o2da_,c.50.1.0,0.0,2,0.0,0,0.0,0,0.0,0.0
d6c3ma2,d.134.1.0,0.0,0,0.0,0,0.0,0,0.0,0.0
d3otga1,c.87.1.0,0.0,6,0.0,0,0.0,0,0.0,0.0
d1q33a_,d.113.1.1,0.0,0,0.0,0,0.0,0,0.0,0.0
d1m5wa_,c.1.24.1,0.0,0,0.0,0,0.0,0,0.0,0.0
d3rm3a_,c.69.1.0,0.0,12,0.0,0,0.0,0,0.0,0.0
d3bo5a_,b.85.7.0,0.0,3,0.333333,8,0.333333,8,-0.333333,-0.333333
d3ubta_,c.66.1.26,0.0,4,0.0,0,0.0,0,0.0,0.0
d1q5za_,a.196.1.1,0.0,0,0.0,0,0.0,0,0.0,0.0
d1ohta_,d.118.1.1,0.0,0,0.0,0,0.0,0,0.0,0.0
d6v4ma_,f.1.4.0,0.0,2,0.75,13,0.625,13,-0.75,-0.625
d2p19a1,d.190.1.2,0.0,0,0.0,0,0.0,0,0.0,0.0
d4cjxa2,c.2.1.0,0.0,13,0.0,0,0.0,0,0.0,0.0
d2qeea1,c.1.9.8,0.0,5,0.474576,60,0.898305,60,-0.474576,-0.898305
d4p5aa_,d.207.1.0,0.0,0,0.0,0,0.0,0,0.0,0.0
d1ueka1,d.14.1.5,0.0,2,0.0,0,0.0,0,0.0,0.0
d2hoqa_,c.108.1.0,0.0,3,0.0,0,0.0,0,0.0,0.0
d5hdia_,a.104.1.0,0.05,21,0.0,0,0.0,0,0.05,0.05
d2b5lc_,d.384.1.1,0.0,0,0.0,0,0.0,0,0.0,0.0
d2a9sa1,c.51.5.1,0.0,0,0.0,0,0.0,0,0.0,0.0
d1ps9a1,c.1.4.1,0.6,11,0.888889,27,0.888889,27,-0.28888900000000006,-0.28888900000000006
d1poib_,c.124.1.3,0.0,2,0.0,0,0.0,0,0.0,0.0
d1x54a2,d.104.1.0,0.0,4,0.0,0,0.0,0,0.0,0.0
d1osna_,c.37.1.1,0.0,19,0.0,0,0.0,0,0.0,0.0
d2zbla1,a.102.1.3,0.0,4,0.925926,28,0.962963,28,-0.925926,-0.962963
d2yzqa1,d.37.1.1,0.2,6,0.0,0,0.0,0,0.2,0.2
d2c1wa1,d.294.1.1,0.0,0,0.0,0,0.0,0,0.0,0.0
d1vrma1,d.96.2.1,0.0,0,0.0,0,0.0,0,0.0,0.0
d4dlla1,c.2.1.0,0.0,12,0.0,0,0.0,0,0.0,0.0
d1xvwa1,c.47.1.10,0.0,2,0.335052,215,0.484536,215,-0.335052,-0.484536
d1ezwa_,c.1.16.3,0.0,0,0.923077,14,0.923077,14,-0.923077,-0.923077
d4n4ua1,c.94.1.0,0.0,12,0.0,0,0.0,0,0.0,0.0
d3w8ea_,c.2.1.2,0.0,24,0.0,0,0.0,0,0.0,0.0
d3cjna_,a.4.5.0,0.0,2,0.432584,252,0.353933,252,-0.432584,-0.353933
d2lcka_,f.42.1.0,0.0,0,0.0,0,0.0,0,0.0,0.0
d1xvia_,c.108.1.10,0.0,3,0.0,0,0.0,0,0.0,0.0
d6vjua1,c.79.1.0,0.25,5,0.0,0,0.0,0,0.25,0.25
d1pjaa_,c.69.1.13,0.0,11,0.0,0,0.0,0,0.0,0.0
d3orha_,c.66.1.16,0.0,2,0.0,0,0.0,0,0.0,0.0
d1lshb_,f.7.1.1,0.0,0,0.0,0,0.0,0,0.0,0.0
d2wkka_,b.29.1.3,0.0,0,0.0,0,0.0,0,0.0,0.0
d3dl2a2,d.162.1.0,0.0,2,0.0,0,0.0,0,0.0,0.0
d3iu1a2,d.108.1.0,0.0,5,0.0,0,0.0,0,0.0,0.0
d4zota1,b.42.4.0,0.0,2,0.857143,17,0.625,18,-0.857143,-0.625
d4e3ra_,c.67.1.0,0.0,32,0.980769,143,0.980769,143,-0.980769,-0.980769
d4kwda_,a.128.1.4,0.0,2,0.0,0,0.0,0,0.0,0.0
d3ieka_,d.157.1.10,0.0,5,0.0,0,0.0,0,0.0,0.0
d2hr2a1,a.118.8.8,0.0,3,0.0,0,0.0,0,0.0,0.0
d2o3aa1,c.116.1.8,0.0,0,0.0,0,0.0,0,0.0,0.0
d5x7fa_,c.66.1.0,0.0,6,0.0,0,0.0,0,0.0,0.0
d2lkca1,c.37.1.0,0.0,6,0.0,0,0.0,0,0.0,0.0
d7k46a2,c.78.1.0,1.0,2,0.571429,21,0.571429,21,0.42857100000000004,0.42857100000000004
d1q40a_,d.17.4.2,0.0,0,0.942857,76,0.957143,76,-0.942857,-0.957143
d5axwa3,d.393.1.1,0.0,0,0.0,0,0.0,0,0.0,0.0
d1wbha1,c.1.10.1,0.3,11,0.711111,65,0.866667,65,-0.41111100000000006,-0.566667
d4m1qa2,d.162.1.0,0.0,2,0.0,0,0.0,0,0.0,0.0
d1szia_,a.24.23.1,0.0,0,0.0,0,0.0,0,0.0,0.0
d3jcla1,d.318.1.1,0.0,0,0.0,0,0.0,0,0.0,0.0
d1iq4a_,d.77.1.1,0.0,0,0.0,0,0.0,0,0.0,0.0
d1yaca_,c.33.1.3,0.0,0,0.0,0,0.0,0,0.0,0.0
d2bvca2,d.128.1.0,0.0,3,0.0,0,0.0,0,0.0,0.0
d5ybya_,b.67.4.1,0.0,2,0.0,0,0.0,0,0.0,0.0
d3gr3a_,d.90.1.0,0.0,2,0.0,0,0.0,0,0.0,0.0
d5yc6u_,b.47.1.2,0.0,4,0.0,0,0.0,0,0.0,0.0
d3k7ya_,c.67.1.0,0.0,9,0.961538,143,0.980769,143,-0.961538,-0.980769
d1tme3_,b.121.4.1,0.0,3,0.709677,39,0.71875,44,-0.709677,-0.71875
d1pbga_,c.1.8.4,0.0,11,0.526718,135,0.732824,135,-0.526718,-0.732824
d3mkva2,c.1.9.18,0.0,4,0.0508475,60,0.864407,60,-0.0508475,-0.864407
d1xjva2,b.40.4.3,0.0,0,0.203704,130,0.240741,130,-0.203704,-0.240741
d6xs4a_,c.7.1.0,0.2727272727272727,12,0.0,0,0.0,0,0.2727272727272727,0.2727272727272727
d2bw3a2,c.55.3.12,0.0,7,0.0,0,0.0,0,0.0,0.0
d3hhtb_,b.34.4.4,0.0,0,0.5,5,0.0,5,-0.5,0.0
d4myba_,c.68.1.0,0.0,0,0.0,0,0.0,0,0.0,0.0
d2o16a3,d.37.1.1,0.0,2,0.0,0,0.0,0,0.0,0.0
d4gv2a1,a.41.1.0,0.0,0,0.0,0,0.0,0,0.0,0.0
d4q4w3_,b.121.4.1,0.0,5,0.741935,39,0.6875,44,-0.741935,-0.6875
d6q4ga_,d.144.1.7,0.1,31,0.0,0,0.0,0,0.1,0.1
d3ar4a4,d.220.1.1,0.0,0,0.0,0,0.0,0,0.0,0.0
d2gdza1,c.2.1.2,0.0625,49,0.0,0,0.0,0,0.0625,0.0625
d1zd1a_,c.37.1.0,0.0,13,0.0,0,0.0,0,0.0,0.0
d1lc5a_,c.67.1.1,0.0,25,0.992248,143,0.992248,143,-0.992248,-0.992248
d6zm8a_,c.1.8.0,0.0,6,0.104167,135,0.375,135,-0.104167,-0.375
d6ye8a_,c.94.1.1,0.08333333333333333,13,0.0,0,0.0,0,0.08333333333333333,0.08333333333333333
d2q4ia_,b.159.1.1,0.0,0,0.0,0,0.0,0,0.0,0.0
d2q4ea1,c.2.1.3,0.25,5,0.0,0,0.0,0,0.25,0.25
d7ebca_,c.1.12.7,0.0,0,0.4375,19,0.4375,19,-0.4375,-0.4375
d1p1ja1,c.2.1.3,0.0,26,0.0,0,0.0,0,0.0,0.0
d1vgya1,c.56.5.4,0.0,3,0.55,36,0.2,37,-0.55,-0.2
d2gaua2,b.82.3.2,0.0,4,0.95,31,0.95,31,-0.95,-0.95
d1usya_,d.104.1.1,0.0,2,0.0,0,0.0,0,0.0,0.0
d1ve3a1,c.66.1.43,0.0,9,0.0,0,0.0,0,0.0,0.0
d3jsla_,d.142.2.2,0.0,0,0.0,0,0.0,0,0.0,0.0
d2xz4a_,d.118.1.0,0.0,2,0.0,0,0.0,0,0.0,0.0
d1p3da3,c.72.2.1,0.0,0,0.8,8,0.8,8,-0.8,-0.8
d2yyda2,d.139.1.1,0.0,0,0.0,0,0.0,0,0.0,0.0
d3srea_,b.68.6.2,0.0,0,0.0,0,0.0,0,0.0,0.0
d2etha1,a.4.5.28,0.0,2,0.521552,252,0.362069,252,-0.521552,-0.362069
d1rtwa_,a.132.1.3,0.0,2,0.0,0,0.0,0,0.0,0.0
d3peaa_,c.14.1.0,0.0,17,0.0,0,0.0,0,0.0,0.0
d1oc7a_,c.6.1.1,0.0,2,0.5,4,0.5,4,-0.5,-0.5
d1vkna1,c.2.1.3,0.0,6,0.0,0,0.0,0,0.0,0.0
d1mw9x_,e.10.1.1,0.0,0,0.0,0,0.0,0,0.0,0.0
d1qdda_,d.169.1.1,0.0,3,0.0,0,0.0,0,0.0,0.0
d3sq7a1,d.136.1.3,0.0,0,0.0,0,0.0,0,0.0,0.0
d5b3ka_,c.23.5.0,0.0,2,0.909091,37,0.909091,37,-0.909091,-0.909091
d3olja1,a.25.1.2,0.0,3,0.0444444,55,0.0444444,55,-0.0444444,-0.0444444
d4d7sa_,b.82.3.0,0.0,2,0.933333,31,0.933333,31,-0.933333,-0.933333
d5kc8a_,c.93.1.0,0.0,13,0.0,0,0.0,0,0.0,0.0
d3d06a_,b.2.5.2,0.0,0,0.0,11,0.0,11,0.0,0.0
d2icsa2,c.1.9.14,0.0,3,0.0,0,0.0,0,0.0,0.0
d1naza_,a.1.1.2,0.0,2,0.909091,57,0.939394,57,-0.909091,-0.939394
d3abza2,c.23.11.1,0.0,0,0.5,3,0.5,3,-0.5,-0.5
d2idra_,d.86.1.0,0.0,0,0.0,0,0.0,0,0.0,0.0
d1hc7a2,d.104.1.1,0.0,2,0.0,0,0.0,0,0.0,0.0
d3e96a_,c.1.10.0,0.0,5,0.657143,65,0.857143,65,-0.657143,-0.857143
d1twfc1,d.74.3.1,0.0,0,0.75,6,0.75,6,-0.75,-0.75
d2q2ba_,d.38.1.0,0.0,2,0.0,0,0.0,0,0.0,0.0
d1qama_,c.66.1.24,0.0,4,0.0,0,0.0,0,0.0,0.0
d2i0ma_,a.7.12.0,0.0,0,0.75,5,0.5,5,-0.75,-0.5
d3ncia2,e.8.1.1,0.0,4,0.0,0,0.0,0,0.0,0.0
d1fd9a_,d.26.1.1,0.0,2,0.588235,27,0.529412,27,-0.588235,-0.529412
d3equa1,d.175.1.0,0.0,0,0.0,0,0.0,0,0.0,0.0
d3c8ta_,a.127.1.0,0.0,6,0.0,0,0.0,0,0.0,0.0
d1yrea1,d.108.1.1,0.0,0,0.0,0,0.0,0,0.0,0.0
d6srta1,d.118.1.0,0.0,0,0.0,0,0.0,0,0.0,0.0
d1nexb2,b.69.4.1,0.0,7,0.692308,28,0.692308,28,-0.692308,-0.692308
d4xdqa_,b.29.1.0,0.0,4,0.0,0,0.0,0,0.0,0.0
d1n4ka2,b.42.6.1,0.0,0,0.75,5,0.75,5,-0.75,-0.75
d6bxda_,c.10.2.0,0.45454545454545453,12,0.882353,32,0.823529,32,-0.4278075454545455,-0.3689835454545454
d3hsqa_,b.81.1.0,0.0,2,0.846154,24,0.846154,24,-0.846154,-0.846154
d2vpja_,b.68.11.0,0.75,5,0.5,4,0.5,4,0.25,0.25
d1z3ix1,c.37.1.19,0.0,16,0.0,0,0.0,0,0.0,0.0
d3l3ba_,c.23.16.0,0.0,4,0.344828,42,0.310345,42,-0.344828,-0.310345
d3blxa_,c.77.1.0,0.0,2,0.0,0,0.0,0,0.0,0.0
d3p09a_,e.3.1.0,0.0,4,0.0,0,0.0,0,0.0,0.0
d2pbfa_,c.66.1.0,0.0,8,0.0,0,0.0,0,0.0,0.0
d1aqca_,b.55.1.2,0.0,2,0.789474,86,0.973684,86,-0.789474,-0.973684
d1nsta_,c.37.1.5,0.0,19,0.0,0,0.0,0,0.0,0.0
d1nrhx3,c.2.1.5,0.0,14,0.0,0,0.0,0,0.0,0.0
d3pzsa_,c.72.1.5,0.0,7,0.86,51,0.94,51,-0.86,-0.94
d5h3ha_,c.69.1.0,0.11764705882352941,18,0.0,0,0.0,0,0.11764705882352941,0.11764705882352941
d6k63a1,c.97.1.1,0.0,2,0.75,24,0.55,24,-0.75,-0.55
d5jsca1,e.6.1.0,0.0,4,0.0,0,0.0,0,0.0,0.0
d7mf4a1,c.58.1.0,0.0,2,0.0,0,0.0,0,0.0,0.0
d6u1va2,a.29.3.0,0.0,0,0.625,19,0.75,19,-0.625,-0.75
d1t62a1,b.122.1.4,0.0,0,0.0,0,0.0,0,0.0,0.0
d3krua_,c.1.4.0,0.0,7,0.9,27,0.95,27,-0.9,-0.95
d1zu2a1,a.118.8.1,0.0,4,0.275,63,0.3,63,-0.275,-0.3
d2bs2a1,a.7.3.1,0.0,0,0.0,0,0.0,0,0.0,0.0
d1dk0a_,d.35.1.1,0.0,0,0.0,0,0.0,0,0.0,0.0
d2hlca_,b.47.1.2,0.0,9,0.0,0,0.0,0,0.0,0.0
d4bgqa_,d.144.1.0,0.0,19,0.0,0,0.0,0,0.0,0.0
d2ebna_,c.1.8.5,0.0,14,0.308943,135,0.495935,135,-0.308943,-0.495935
d3iuga1,a.116.1.0,0.0,0,0.0,0,0.0,0,0.0,0.0
d3a04a_,c.26.1.0,0.0,3,0.4375,53,0.25,53,-0.4375,-0.25
d4olta_,d.2.1.7,0.0,2,0.0,0,0.0,0,0.0,0.0
d1t9ha2,c.37.1.8,0.0,17,0.0,0,0.0,0,0.0,0.0
d1z45a1,b.30.5.4,0.0,2,0.708333,26,0.2,27,-0.708333,-0.2
d6r8ga2,d.162.1.0,0.3333333333333333,4,0.0,0,0.0,0,0.3333333333333333,0.3333333333333333
d6xpga_,c.23.10.0,0.0,0,0.714286,20,0.714286,20,-0.714286,-0.714286
d5jowa2,b.29.1.0,0.0,5,0.0,0,0.0,0,0.0,0.0
d1sp3a_,a.138.1.3,0.0,3,0.0,0,0.0,0,0.0,0.0
d4emta1,d.387.1.1,0.0,2,0.0,0,0.0,0,0.0,0.0
d2wkxa2,d.118.1.1,0.0,0,0.0,0,0.0,0,0.0,0.0
d4nx1b_,c.94.1.0,0.0,8,0.0,0,0.0,0,0.0,0.0
d1u5ua_,e.5.1.2,0.0,0,0.0,0,0.0,0,0.0,0.0
d4hr3a2,a.29.3.0,0.0,2,0.75,19,0.75,19,-0.75,-0.75
d3a7ia_,d.144.1.0,0.058823529411764705,18,0.0,0,0.0,0,0.058823529411764705,0.058823529411764705
d1r2ja2,e.6.1.1,0.0,2,0.0,0,0.0,0,0.0,0.0
d2gnxa2,d.109.3.1,0.0,0,0.0,0,0.0,0,0.0,0.0
d1vkya_,e.53.1.1,0.0,0,0.0,0,0.0,0,0.0,0.0
d2q58a_,a.128.1.0,0.0,2,0.0,0,0.0,0,0.0,0.0
d1o9ia_,a.25.1.3,0.0,2,0.648148,55,0.925926,55,-0.648148,-0.925926
d6y04a_,c.53.2.0,0.0,3,0.8,13,0.8,13,-0.8,-0.8
d1yara_,d.153.1.4,0.0,3,0.434783,37,0.25,42,-0.434783,-0.25
d1x7ya_,c.36.1.11,0.0,4,0.0,0,0.0,0,0.0,0.0
d4ijna1,c.55.1.0,0.0,3,0.448276,102,0.275862,102,-0.448276,-0.275862
d3ucea_,c.2.1.0,0.0,18,0.0,0,0.0,0,0.0,0.0
d6gfaa1,c.55.1.0,0.0,0,0.172414,102,0.0344828,102,-0.172414,-0.0344828
d2v3ia_,b.29.1.10,0.0,4,0.0,0,0.0,0,0.0,0.0
d6yz4a_,d.144.1.0,0.047619047619047616,22,0.0,0,0.0,0,0.047619047619047616,0.047619047619047616
d1jz8a3,b.18.1.5,0.0,2,0.0,0,0.0,0,0.0,0.0
d2j82a_,d.219.1.0,0.0,2,0.0,0,0.0,0,0.0,0.0
d3e61a1,c.93.1.0,0.0,4,0.0,0,0.0,0,0.0,0.0
d1rk6a3,c.1.9.11,0.0,3,0.0,0,0.0,0,0.0,0.0
d3ksva_,d.13.1.0,0.0,3,0.916667,18,0.75,18,-0.916667,-0.75
d3nvvb1,d.145.1.3,0.0,2,0.0,0,0.0,0,0.0,0.0
d1c4oa1,c.37.1.19,0.0,18,0.0,0,0.0,0,0.0,0.0
d2xuaa_,c.69.1.0,0.0,5,0.0,0,0.0,0,0.0,0.0
d2d29a1,a.29.3.1,0.0,0,0.733333,19,0.733333,19,-0.733333,-0.733333
d4imra1,c.2.1.0,0.038461538461538464,27,0.0,0,0.0,0,0.038461538461538464,0.038461538461538464
d5wpha_,d.108.1.0,0.0,3,0.0,0,0.0,0,0.0,0.0
d6h1na1,f.1.4.0,0.0,0,0.875,13,0.75,13,-0.875,-0.75
d3r8ja_,d.60.1.0,0.0,0,0.0,0,0.0,0,0.0,0.0
d1vkba1,d.269.1.1,0.0,0,0.0,0,0.0,0,0.0,0.0
d1o22a_,d.238.1.1,0.0,0,0.0,0,0.0,0,0.0,0.0
d1wb9a1,a.113.1.1,0.0,0,0.0,0,0.0,0,0.0,0.0
d4f7ya_,e.3.1.1,0.0,5,0.0,0,0.0,0,0.0,0.0
d2z43a_,c.37.1.11,0.0,7,0.0,0,0.0,0,0.0,0.0
d1nx4a_,b.82.2.8,0.0,2,0.512195,42,0.219512,42,-0.512195,-0.219512
d5lqda1,c.87.1.0,0.0,7,0.0,0,0.0,0,0.0,0.0
d5bt9a1,c.2.1.0,0.0,12,0.0,0,0.0,0,0.0,0.0
d1rlla1,b.1.18.9,0.0,0,0.292135,92,0.011236,92,-0.292135,-0.011236
d4hlca_,c.37.1.0,0.13333333333333333,16,0.0,0,0.0,0,0.13333333333333333,0.13333333333333333
d7apea_,c.94.1.0,0.0,14,0.0,0,0.0,0,0.0,0.0
d5ffga2,b.1.15.0,0.0,0,0.0,4,0.0,4,0.0,0.0
d1xe7a1,b.82.1.16,0.0,0,0.873016,65,0.825397,65,-0.873016,-0.825397
d1u02a1,c.108.1.15,0.0,4,0.0,0,0.0,0,0.0,0.0
d1ovma1,c.31.1.3,0.0,2,0.0,0,0.0,0,0.0,0.0
d1d02a_,c.52.1.8,0.0,0,0.0,0,0.0,0,0.0,0.0
d1paqa_,a.118.1.14,0.0,4,0.0196078,59,0.0392157,59,-0.0196078,-0.0392157
d4l7ga_,b.50.1.2,0.0,3,0.0,0,0.0,0,0.0,0.0
d6f4ja_,c.10.2.0,0.0,4,0.823529,32,0.823529,32,-0.823529,-0.823529
d4f0zb_,a.39.1.5,0.0,10,0.886792,73,0.849057,73,-0.886792,-0.849057
d4eo7a1,c.23.2.0,0.0,0,0.5,4,0.5,4,-0.5,-0.5
d2j01p1,c.12.1.1,0.0,0,0.0,0,0.0,0,0.0,0.0
d1pv9a2,d.127.1.1,0.0,2,0.0,0,0.0,0,0.0,0.0
d4piva1,c.66.1.0,0.0,8,0.0,0,0.0,0,0.0,0.0
d3cx5c2,f.21.1.2,0.0,2,0.0,3,0.0,3,0.0,0.0
d2vz8ab,c.2.1.1,0.0,8,0.0,0,0.0,0,0.0,0.0
d1wica1,b.1.11.2,0.0,0,0.75,6,0.75,6,-0.75,-0.75
d2gqfa2,e.74.1.1,0.0,0,0.0,0,0.0,0,0.0,0.0
d1w36b2,c.37.1.19,0.0,17,0.0,0,0.0,0,0.0,0.0
d1k1xa2,b.30.5.8,0.0,0,0.0,0,0.0,0,0.0,0.0
d1pfva2,c.26.1.1,0.0,6,0.2,53,0.142857,53,-0.2,-0.142857
d1j8ua_,d.178.1.1,0.0,0,0.0,0,0.0,0,0.0,0.0
d1f35a_,b.94.1.1,0.0,0,0.0,0,0.0,0,0.0,0.0
d1keaa_,a.96.1.2,0.0,0,0.0,0,0.0,0,0.0,0.0
d1zroa2,a.264.1.1,0.0,0,0.0,0,0.0,0,0.0,0.0
d1pp9b2,d.185.1.1,0.0,0,0.0,0,0.0,0,0.0,0.0
d6wjaa_,c.2.1.0,0.0,31,0.0,0,0.0,0,0.0,0.0
d6w6aa1,c.1.24.0,0.0,0,0.0,0,0.0,0,0.0,0.0
d3l6ea1,c.2.1.0,0.0,11,0.0,0,0.0,0,0.0,0.0
d3w9ec_,b.1.1.1,0.0,5,0.482051,239,0.0,239,-0.482051,0.0
d3peya2,c.37.1.0,0.14285714285714285,15,0.0,0,0.0,0,0.14285714285714285,0.14285714285714285
d4iyma_,c.82.1.0,0.0,12,0.0,0,0.0,0,0.0,0.0
d5y4za1,c.37.1.14,0.0,17,0.0,0,0.0,0,0.0,0.0
d2hafa1,d.310.1.1,0.0,0,0.0,0,0.0,0,0.0,0.0
d4bega1,b.17.1.0,0.0,0,0.0,0,0.0,0,0.0,0.0
d1h30a2,b.29.1.4,0.0,2,0.0,0,0.0,0,0.0,0.0
d4oqpa_,c.124.1.0,0.0,0,0.0,0,0.0,0,0.0,0.0
d4e9ea_,a.96.1.2,0.0,0,0.0,0,0.0,0,0.0,0.0
d2a0ua1,c.124.1.5,0.0,3,0.0,0,0.0,0,0.0,0.0
d1ct5a_,c.1.6.2,0.0,0,0.0,0,0.0,0,0.0,0.0
d1w99a2,b.77.2.1,0.0,2,0.666667,6,0.0,6,-0.666667,0.0
d1vefa1,c.67.1.4,0.06451612903225806,32,0.992366,143,0.992366,143,-0.9278498709677419,-0.9278498709677419
d3cq5a_,c.67.1.0,0.0,8,0.980769,143,0.980769,143,-0.980769,-0.980769
d4zura_,d.165.1.1,0.0,0,0.0,0,0.0,0,0.0,0.0
d3wj7a_,c.2.1.0,0.0,18,0.0,0,0.0,0,0.0,0.0
d1y14a_,a.60.8.2,0.0,0,0.0,11,0.0,11,0.0,0.0
d4f2da2,b.43.2.0,0.0,0,0.0,0,0.0,0,0.0,0.0
d2z98a_,c.23.5.3,0.0,3,0.916667,37,0.944444,37,-0.916667,-0.944444
d2nlia_,c.1.4.0,0.0,4,0.95,27,0.95,27,-0.95,-0.95
d1ylka1,c.53.2.0,0.0,3,0.8,13,0.8,13,-0.8,-0.8
d3smqa_,c.66.1.6,0.18181818181818182,12,0.0,0,0.0,0,0.18181818181818182,0.18181818181818182
d1egua3,b.30.5.2,0.25,5,0.826087,26,0.0833333,27,-0.576087,0.1666667
d3ckca_,a.118.8.6,0.0,2,0.225806,63,0.112903,63,-0.225806,-0.112903
d1nvmb1,c.2.1.3,0.0,9,0.0,0,0.0,0,0.0,0.0
d5l8ha_,d.3.1.0,0.0,4,0.0,0,0.0,0,0.0,0.0
d6cnza_,a.130.1.0,0.0,0,0.0,0,0.0,0,0.0,0.0
d4pz0a_,c.93.1.1,0.0,5,0.0,0,0.0,0,0.0,0.0
d6qu6a_,b.21.1.0,0.0,0,0.0,0,0.0,0,0.0,0.0
d4bd8a_,f.1.4.0,0.0,2,0.25,13,0.625,13,-0.25,-0.625
d1lrza3,d.108.1.4,0.0,2,0.0,0,0.0,0,0.0,0.0
d2fn3a1,c.31.1.3,0.0,2,0.0,0,0.0,0,0.0,0.0
d5uyja1,d.144.1.0,0.0,15,0.0,0,0.0,0,0.0,0.0
d3fhua_,d.24.1.1,0.0,0,0.0,0,0.0,0,0.0,0.0
d1okca_,f.42.1.1,0.0,0,0.0,0,0.0,0,0.0,0.0
d3zs3a_,b.25.1.0,0.0,2,0.0,0,0.0,0,0.0,0.0
d3hu5a_,c.33.1.0,0.0,2,0.0,0,0.0,0,0.0,0.0
d6lr1a_,c.1.16.0,0.0,3,0.875,14,0.875,14,-0.875,-0.875
d2ptda_,c.1.18.2,0.0,3,0.533333,16,0.0666667,16,-0.533333,-0.0666667
d2olua2,e.3.1.1,0.0,5,0.0,0,0.0,0,0.0,0.0
d4pbqa_,c.94.1.0,0.0,16,0.0,0,0.0,0,0.0,0.0
d6noka1,c.119.1.0,0.0,2,0.0,0,0.0,0,0.0,0.0
d2fcoa_,c.52.1.28,0.0,0,0.0,0,0.0,0,0.0,0.0
d6fs8a1,c.52.1.34,0.6666666666666666,4,0.0434783,48,0.0,48,0.6231883666666667,0.6666666666666666
d3l8aa_,c.67.1.0,0.0,27,0.980769,143,0.980769,143,-0.980769,-0.980769
d3r3sa_,c.2.1.0,0.0,27,0.0,0,0.0,0,0.0,0.0
d3h05a_,c.26.1.0,0.0,2,0.3125,53,0.3125,53,-0.3125,-0.3125
d3hfia_,d.190.1.0,0.0,2,0.0,0,0.0,0,0.0,0.0
d3r4sa2,b.42.4.0,0.0,2,0.857143,17,0.75,18,-0.857143,-0.75
d2nsfa1,a.213.1.4,0.0,0,0.0,0,0.0,0,0.0,0.0
d2d2ya_,a.255.1.1,0.0,0,0.0,0,0.0,0,0.0,0.0
d6fdfa_,c.66.1.0,0.0,8,0.0,0,0.0,0,0.0,0.0
d1k28a2,b.108.1.2,0.0,0,0.0,0,0.0,0,0.0,0.0
d3nioa_,c.42.1.0,0.0,4,0.0,0,0.0,0,0.0,0.0
d3mena1,d.165.1.0,0.0,0,0.0,0,0.0,0,0.0,0.0
d4rnla_,b.30.5.0,0.0,2,0.695652,26,0.25,27,-0.695652,-0.25
d2cfta_,c.108.1.0,0.0,7,0.0,0,0.0,0,0.0,0.0
d4kmra_,c.93.1.0,0.0,8,0.0,0,0.0,0,0.0,0.0
d3fr7a2,a.100.1.2,0.0,0,0.0,0,0.0,0,0.0,0.0
d2b0ra_,b.80.5.0,0.0,0,0.0,0,0.0,0,0.0,0.0
d1pyya4,e.3.1.1,0.0,0,0.0,0,0.0,0,0.0,0.0
d1e19a_,c.73.1.1,0.0,0,0.0,0,0.0,0,0.0,0.0
d2yfia1,b.33.1.0,0.0,2,0.0,0,0.0,0,0.0,0.0
d1u5ka2,g.45.1.2,0.0,0,0.0,0,0.0,0,0.0,0.0
d1ojza_,d.166.1.1,0.0,3,0.0,0,0.0,0,0.0,0.0
d1xjua1,d.2.1.3,0.0,0,0.0,0,0.0,0,0.0,0.0
d1jfib_,a.22.1.3,0.0,0,0.0,0,0.0,0,0.0,0.0
d1cjya2,c.19.1.2,0.0,2,0.0,0,0.0,0,0.0,0.0
d1nd6a_,c.60.1.2,0.0,2,0.0,0,0.0,0,0.0,0.0
d1ovma3,c.36.1.9,0.0,3,0.0,0,0.0,0,0.0,0.0
d3sc6a_,c.2.1.0,0.0,17,0.0,0,0.0,0,0.0,0.0
d6pe6a2,c.55.1.0,0.0,3,0.413793,102,0.344828,102,-0.413793,-0.344828
d4pcha_,b.121.6.0,0.0,0,0.0,0,0.0,0,0.0,0.0
d2qs8a2,c.1.9.18,0.0,6,0.0677966,60,0.779661,60,-0.0677966,-0.779661
d1m3ya1,b.121.2.3,0.0,0,0.4,6,0.0,6,-0.4,0.0
d5c54a_,c.1.10.0,0.0,5,0.628571,65,0.885714,65,-0.628571,-0.885714
d4jaqa2,c.95.1.0,0.0,3,0.0,0,0.0,0,0.0,0.0
d3wkqa1,b.6.1.0,0.0,2,0.823529,51,0.6,52,-0.823529,-0.6
d7coha_,f.24.1.1,0.0,29,0.0,0,0.0,0,0.0,0.0
d2zhja_,a.65.1.1,0.0,0,0.0,0,0.0,0,0.0,0.0
d1uc4b_,c.51.3.1,0.0,0,0.0,0,0.0,0,0.0,0.0
d1o89a1,b.35.1.2,0.0,0,0.0,20,0.0,20,0.0,0.0
d5u4qa1,c.2.1.0,0.0,22,0.0,0,0.0,0,0.0,0.0
d1t4ba1,c.2.1.3,0.0,4,0.0,0,0.0,0,0.0,0.0
d6melb1,d.142.1.0,0.0,4,0.772727,29,0.681818,29,-0.772727,-0.681818
d2xola1,a.184.1.1,0.0,0,0.0,0,0.0,0,0.0,0.0
d4h3za1,c.116.1.0,0.5,5,0.0,0,0.0,0,0.5,0.5
d6zk94_,e.18.1.0,0.0,2,0.0,0,0.0,0,0.0,0.0
d1odfa_,c.37.1.6,0.0,12,0.0,0,0.0,0,0.0,0.0
d1z2aa_,c.37.1.0,0.0,11,0.0,0,0.0,0,0.0,0.0
d2p97a1,d.157.1.12,0.0,2,0.0,0,0.0,0,0.0,0.0
d5gmza_,a.62.1.1,0.0,0,0.0,0,0.0,0,0.0,0.0
d1sjwa_,d.17.4.9,0.0,4,0.797297,76,0.972973,76,-0.797297,-0.972973
d4pmza_,c.1.8.0,0.0,6,0.572917,135,0.520833,135,-0.572917,-0.520833
d2iu4a1,c.119.1.0,1.0,3,0.0,0,0.0,0,1.0,1.0
d6xoka_,c.69.1.17,0.2,6,0.0,0,0.0,0,0.2,0.2
d3ivza_,d.160.1.2,0.0,0,0.0,0,0.0,0,0.0,0.0
d6i2mb_,a.118.17.0,0.0,0,0.75,6,0.5,6,-0.75,-0.5
d1pcia_,d.3.1.1,0.0,5,0.0,0,0.0,0,0.0,0.0
d2pida_,c.26.1.0,0.0,5,0.34375,53,0.21875,53,-0.34375,-0.21875
d1zt2a1,d.264.1.1,0.0,0,0.0,0,0.0,0,0.0,0.0
d2hona_,a.211.1.1,0.0,4,0.0,0,0.0,0,0.0,0.0
d7odca2,c.1.6.1,0.0,0,0.5,10,0.5,10,-0.5,-0.5
d4g7hd_,e.29.1.2,0.4444444444444444,10,0.0,0,0.0,0,0.4444444444444444,0.4444444444444444
d6uzta2,c.45.1.0,0.0,4,0.0,0,0.0,0,0.0,0.0
d6udva_,f.1.4.1,0.0,0,0.571429,13,0.857143,13,-0.571429,-0.857143
d3g46a_,a.1.1.2,0.0,2,0.787879,57,0.939394,57,-0.787879,-0.939394
d1d5ya3,d.60.1.2,0.0,0,0.0,0,0.0,0,0.0,0.0
d4mwia_,d.144.1.0,0.0,13,0.0,0,0.0,0,0.0,0.0
d4p7xa1,b.82.2.0,0.0,0,0.166667,42,0.0333333,42,-0.166667,-0.0333333
d1qdea_,c.37.1.19,0.0,14,0.0,0,0.0,0,0.0,0.0
d2f71a_,c.45.1.2,0.0,9,0.0,0,0.0,0,0.0,0.0
d6fdyu_,d.144.1.0,0.0,10,0.0,0,0.0,0,0.0,0.0
d3v5wa1,a.91.1.0,0.0,0,0.0,0,0.0,0,0.0,0.0
d4f21a1,c.69.1.0,0.0,11,0.0,0,0.0,0,0.0,0.0
d3i9sa_,d.108.1.0,0.0,3,0.0,0,0.0,0,0.0,0.0
d3d3ba_,a.79.1.1,0.0,0,0.0,0,0.0,0,0.0,0.0
d2hpsa_,a.39.1.0,0.0,3,0.77551,73,0.612245,73,-0.77551,-0.612245
d2g3ma2,c.1.8.13,0.0,7,0.419847,135,0.816794,135,-0.419847,-0.816794
d1bf2a1,b.1.18.2,0.0,2,0.0769231,92,0.025641,92,-0.0769231,-0.025641
d1sgoa_,d.82.3.1,0.0,0,0.0,0,0.0,0,0.0,0.0
d1g5qa_,c.34.1.1,0.0,0,0.0,0,0.0,0,0.0,0.0
d1vl8a_,c.2.1.2,0.0,30,0.0,0,0.0,0,0.0,0.0
d2ah5a1,c.108.1.6,0.0,4,0.0,0,0.0,0,0.0,0.0
d1ybha1,c.31.1.3,0.0,0,0.0,0,0.0,0,0.0,0.0
d4wuva_,c.2.1.0,0.0,15,0.0,0,0.0,0,0.0,0.0
d5u4oa_,c.94.1.0,0.0,24,0.0,0,0.0,0,0.0,0.0
d1taza_,a.211.1.2,0.6666666666666666,4,0.0,0,0.0,0,0.6666666666666666,0.6666666666666666
d1kbva1,b.6.1.3,0.0,0,0.861111,51,0.567568,52,-0.861111,-0.567568
d1aola_,b.20.1.1,0.0,0,0.0,0,0.0,0,0.0,0.0
d4qi3a1,b.1.9.0,0.0,0,0.5,5,0.25,5,-0.5,-0.25
d1qsaa1,a.118.5.1,0.0,0,0.0,0,0.0,0,0.0,0.0
d3puaa_,b.82.2.14,0.0,3,0.263158,42,0.0526316,42,-0.263158,-0.0526316
d3tsaa1,c.87.1.0,0.0,7,0.0,0,0.0,0,0.0,0.0
d2wtga_,a.1.1.0,0.0,2,0.722222,57,0.972222,57,-0.722222,-0.972222
d1lmla_,d.92.1.3,0.0,4,0.0,0,0.0,0,0.0,0.0
d5hkea_,d.153.1.0,0.0,5,0.285714,37,0.0,42,-0.285714,0.0
d1e3pa4,d.14.1.4,0.0,0,0.0,0,0.0,0,0.0,0.0
d1daba_,b.80.1.7,0.0,2,0.0,0,0.0,0,0.0,0.0
d3ivma1,b.69.7.0,0.0,2,0.5,7,0.75,7,-0.5,-0.75
d1hnua_,c.14.1.3,0.0,7,0.0,0,0.0,0,0.0,0.0
d1jkga_,d.17.4.2,0.0,0,0.942857,76,0.985714,76,-0.942857,-0.985714
d1dj0a_,d.265.1.1,0.0,0,0.0,0,0.0,0,0.0,0.0
d4irxa1,c.93.1.0,0.0,9,0.0,0,0.0,0,0.0,0.0
d2hjva_,c.37.1.0,0.0,10,0.0,0,0.0,0,0.0,0.0
d6mgla1,b.69.13.0,0.0,2,0.666667,8,0.666667,8,-0.666667,-0.666667
d2i3da1,c.69.1.36,0.0,4,0.0,0,0.0,0,0.0,0.0
d6avya_,c.69.1.0,0.0,3,0.0,0,0.0,0,0.0,0.0
d4udga_,b.67.2.4,0.0,2,0.0,0,0.0,0,0.0,0.0
d1pp9a2,d.185.1.1,0.0,0,0.0,0,0.0,0,0.0,0.0
d7cywa_,c.87.1.0,0.0,4,0.0,0,0.0,0,0.0,0.0
d6ixla_,c.77.1.0,0.0,0,0.0,0,0.0,0,0.0,0.0
d1pbyb_,b.69.2.2,0.0,3,0.5,5,0.5,5,-0.5,-0.5
d2dr1a_,c.67.1.0,0.0,18,0.980769,143,0.980769,143,-0.980769,-0.980769
d2mv2a_,d.109.1.0,0.0,0,0.666667,24,0.8,24,-0.666667,-0.8
d6nfea1,c.61.1.0,0.0,2,0.0,0,0.0,0,0.0,0.0
d3d02a_,c.93.1.0,0.0,10,0.0,0,0.0,0,0.0,0.0
d2f4da_,c.45.1.1,0.0,6,0.0,0,0.0,0,0.0,0.0
d5id6a5,e.84.1.1,0.0,0,0.0,0,0.0,0,0.0,0.0
d1pj5a2,c.3.1.2,0.0,8,0.0,0,0.0,0,0.0,0.0
d2b5la4,b.69.4.3,0.0,4,0.846154,28,0.846154,28,-0.846154,-0.846154
d4paka1,c.94.1.0,0.0,15,0.0,0,0.0,0,0.0,0.0
d1xrua1,b.82.1.13,0.0,3,0.0,0,0.0,0,0.0,0.0
d1tqya2,c.95.1.1,0.0,0,0.0,0,0.0,0,0.0,0.0
d1d8wa_,c.1.15.2,0.0,2,0.0,0,0.0,0,0.0,0.0
d1b63a2,d.122.1.2,1.0,2,0.0,0,0.0,0,1.0,1.0
d1pu6a_,a.96.1.5,0.0,0,0.0,0,0.0,0,0.0,0.0
d1hn0a2,b.18.1.17,0.0,0,0.0,0,0.0,0,0.0,0.0
d1ldja2,a.118.17.1,0.0,0,0.0,0,0.0,0,0.0,0.0
d1sg6a_,e.22.1.1,0.0,0,0.0,0,0.0,0,0.0,0.0
d1v6za2,c.116.1.5,0.0,0,0.0,0,0.0,0,0.0,0.0
d1lucb_,c.1.16.1,0.0,0,0.923077,14,0.923077,14,-0.923077,-0.923077
d1qhqa_,b.6.1.1,0.0,4,0.829268,51,0.571429,52,-0.829268,-0.571429
d7ld8a1,c.69.1.0,0.0,7,0.0,0,0.0,0,0.0,0.0
d2fura1,b.45.1.1,0.0,3,0.964286,46,0.928571,46,-0.964286,-0.928571
d1xmxa1,c.52.1.26,0.0,2,0.0,0,0.0,0,0.0,0.0
d4agka_,b.47.1.3,0.0,3,0.0,0,0.0,0,0.0,0.0
d6jc0b_,d.41.5.0,0.0,0,0.5,6,0.5,6,-0.5,-0.5
d2gx8a1,c.135.1.1,0.25,5,0.0,0,0.0,0,0.25,0.25
d1bkpa_,d.117.1.1,0.0,0,0.0,0,0.0,0,0.0,0.0
d1w32a_,c.1.8.3,0.0,6,0.299065,135,0.476636,135,-0.299065,-0.476636
d1vq0a1,d.193.1.1,0.0,0,0.0,0,0.0,0,0.0,0.0
d4i7ga1,e.8.1.2,0.0,3,0.0,0,0.0,0,0.0,0.0
d4c2la_,b.80.1.0,0.0,3,0.842105,22,0.894737,22,-0.842105,-0.894737
d1texa_,c.37.1.5,0.0,11,0.0,0,0.0,0,0.0,0.0
d3u26a1,c.108.1.1,0.0,4,0.0,0,0.0,0,0.0,0.0
d3b1qa_,c.72.1.0,0.0,6,0.882353,51,0.941176,51,-0.882353,-0.941176
d3nc3a_,a.104.1.0,0.0,13,0.0,0,0.0,0,0.0,0.0
d1ne9a2,d.108.1.4,0.0,3,0.0,0,0.0,0,0.0,0.0
d4cvra_,a.25.1.1,0.5,3,0.575758,55,0.757576,55,-0.07575799999999999,-0.257576
d4ee6a_,d.313.1.0,0.0,2,0.0,0,0.0,0,0.0,0.0
d1ffya3,c.26.1.1,0.0,5,0.171429,53,0.0857143,53,-0.171429,-0.0857143
d4yfia_,d.144.1.0,0.0,17,0.0,0,0.0,0,0.0,0.0
d2w9ha_,c.71.1.0,0.0,2,0.0,0,0.0,0,0.0,0.0
d3pzya_,c.57.1.0,0.0,0,0.0,0,0.0,0,0.0,0.0
d1vdra_,c.71.1.1,0.0,2,0.0,0,0.0,0,0.0,0.0
d2vd3a1,c.94.1.0,0.0,6,0.0,0,0.0,0,0.0,0.0
d3t9ja_,a.25.1.1,0.0,2,0.454545,55,0.757576,55,-0.454545,-0.757576
d1dcfa_,c.23.1.2,0.0,0,0.0,0,0.0,0,0.0,0.0
d2ckwa_,e.8.1.0,0.0,7,0.0,0,0.0,0,0.0,0.0
d2ge3a1,d.108.1.1,0.0,2,0.0,0,0.0,0,0.0,0.0
d6y8ya4,d.129.2.0,0.0,0,0.0,0,0.0,0,0.0,0.0
d1k92a2,d.210.1.1,0.0,2,0.0,0,0.0,0,0.0,0.0
d1q3ea_,b.82.3.2,0.0,4,0.95,31,0.95,31,-0.95,-0.95
d5cvda1,c.66.1.42,0.0,7,0.0,0,0.0,0,0.0,0.0
d2iksa_,c.93.1.0,0.0,10,0.0,0,0.0,0,0.0,0.0
d4k29a_,c.14.1.0,0.0,3,0.0,0,0.0,0,0.0,0.0
d2ftwa1,b.92.1.3,0.0,4,0.0,0,0.0,0,0.0,0.0
d6cxtb1,e.6.1.0,0.0,0,0.0,0,0.0,0,0.0,0.0
d6z8mb_,e.18.1.1,0.0,2,0.0,0,0.0,0,0.0,0.0
d6tszu1,d.144.1.0,0.0,15,0.0,0,0.0,0,0.0,0.0
d2c2aa2,d.122.1.3,0.0,2,0.0,0,0.0,0,0.0,0.0
d4cd5a_,c.1.8.0,0.0,14,0.395833,135,0.5625,135,-0.395833,-0.5625
d3fefa2,d.162.1.2,0.0,0,0.0,0,0.0,0,0.0,0.0
d2fcta1,b.82.2.9,0.0,2,0.731707,42,0.170732,42,-0.731707,-0.170732
d1guqa1,d.13.1.2,0.0,0,0.666667,18,0.666667,18,-0.666667,-0.666667
d1wwia1,a.22.1.4,0.0,3,0.0,0,0.0,0,0.0,0.0
d4r1sa_,c.2.1.0,0.0,15,0.0,0,0.0,0,0.0,0.0
d1t6ex_,b.50.1.2,0.0,0,0.0,0,0.0,0,0.0,0.0
d2rj2a1,b.18.1.21,0.0,4,0.0,0,0.0,0,0.0,0.0
d2i71a1,e.72.1.1,0.0,0,0.0,0,0.0,0,0.0,0.0
d1ml9a_,b.85.7.1,0.0,2,0.333333,8,0.333333,8,-0.333333,-0.333333
d5gzca_,b.29.1.0,0.0,3,0.0,0,0.0,0,0.0,0.0
d1juha_,b.82.1.5,0.0,0,0.984375,65,0.984375,65,-0.984375,-0.984375
d1ou5a1,a.173.1.1,0.0,2,0.0,0,0.0,0,0.0,0.0
d1qjpa_,f.4.1.1,0.0,0,0.428571,8,0.285714,8,-0.428571,-0.285714
d3bjsa2,c.1.11.0,0.0,6,0.923077,43,0.923077,43,-0.923077,-0.923077
d5j90a_,a.118.8.0,0.0,6,0.0697674,63,0.0465116,63,-0.0697674,-0.0465116
d3t90a_,d.108.1.0,0.0,3,0.0,0,0.0,0,0.0,0.0
d1gvza_,b.47.1.2,0.0,4,0.0,0,0.0,0,0.0,0.0
d2e11a_,d.160.1.0,0.0,0,0.0,0,0.0,0,0.0,0.0
d1vmea1,c.23.5.1,0.0,2,0.935484,37,0.935484,37,-0.935484,-0.935484
d1lj8a4,c.2.1.6,0.0,16,0.0,0,0.0,0,0.0,0.0
d1k6ka_,a.174.1.1,0.0,0,0.0,0,0.0,0,0.0,0.0
d2eufa1,a.74.1.1,0.0,0,0.0,0,0.0,0,0.0,0.0
d3iam32,d.58.1.0,0.0,0,0.26087,24,0.217391,24,-0.26087,-0.217391
d5r0db1,b.182.1.1,0.0,0,0.0,0,0.0,0,0.0,0.0
d3t0ja_,e.7.1.0,0.0,5,0.0,0,0.0,0,0.0,0.0
d1mija_,a.4.1.1,0.0,0,0.0,113,0.0,113,0.0,0.0
d3im6a_,b.42.6.2,0.0,0,0.75,5,0.75,5,-0.75,-0.75
d1w9aa_,b.45.1.1,0.0,0,0.928571,46,0.892857,46,-0.928571,-0.892857
d1wu4a1,a.102.1.2,0.0,5,0.894737,28,0.947368,28,-0.894737,-0.947368
d4g7hc_,e.29.1.1,0.0,3,0.0,0,0.0,0,0.0,0.0
d6bk0a_,c.87.1.0,0.0,2,0.0,0,0.0,0,0.0,0.0
d1zn6a1,d.303.1.1,0.0,0,0.0,0,0.0,0,0.0,0.0
d2hkja3,d.122.1.2,0.0,0,0.0,0,0.0,0,0.0,0.0
d2g6za1,c.45.1.0,0.3333333333333333,4,0.0,0,0.0,0,0.3333333333333333,0.3333333333333333
d1rfea_,b.45.1.1,0.0,0,0.607143,46,0.928571,46,-0.607143,-0.928571
d2f8la1,c.66.1.45,0.0,9,0.0,0,0.0,0,0.0,0.0
d6lfka2,c.23.16.0,0.0,3,0.275862,42,0.344828,42,-0.275862,-0.344828
d1i7na2,d.142.1.3,0.0,3,0.0,0,0.0,0,0.0,0.0
d2ilaa_,b.42.1.2,0.0,0,0.923077,16,0.923077,16,-0.923077,-0.923077
d3claa_,c.43.1.1,0.0,0,0.0,0,0.0,0,0.0,0.0
d1g2na_,a.123.1.1,0.0,4,0.0,0,0.0,0,0.0,0.0
d2scpa_,a.39.1.5,0.0,4,0.603774,73,0.698113,73,-0.603774,-0.698113
d5t5da_,c.38.1.0,0.0,0,0.0,0,0.0,0,0.0,0.0
d4zsia1,d.190.1.0,0.0,0,0.0,0,0.0,0,0.0,0.0
d6seqa_,d.144.1.0,0.05555555555555555,19,0.0,0,0.0,0,0.05555555555555555,0.05555555555555555
d1hr6a2,d.185.1.1,0.0,0,0.0,0,0.0,0,0.0,0.0
d2f6qa1,c.14.1.3,0.0,6,0.0,0,0.0,0,0.0,0.0
d1cfra_,c.52.1.7,0.0,2,0.0212766,48,0.0425532,48,-0.0212766,-0.0425532
d7a19a1,c.1.9.0,0.0,4,0.625,60,0.95,60,-0.625,-0.95
d1qdlb_,c.23.16.1,0.0,5,0.275862,42,0.586207,42,-0.275862,-0.586207
d1nnfa_,c.94.1.1,0.125,9,0.0,0,0.0,0,0.125,0.125
d4bn4a_,c.31.1.0,0.0,3,0.0,0,0.0,0,0.0,0.0
d2yc3a1,c.68.1.13,0.0,5,0.0,0,0.0,0,0.0,0.0
d3r20a_,c.37.1.0,0.0,10,0.0,0,0.0,0,0.0,0.0
d1f13a1,b.1.18.9,0.0,0,0.280899,92,0.0,92,-0.280899,0.0
d1mbma_,b.47.1.3,0.0,3,0.0,0,0.0,0,0.0,0.0
d1kaga_,c.37.1.2,0.0,8,0.0,0,0.0,0,0.0,0.0
d1w2ya_,a.204.1.1,0.0,0,0.0,0,0.0,0,0.0,0.0
d2b69a1,c.2.1.2,0.0,15,0.0,0,0.0,0,0.0,0.0
d1ddga1,b.43.4.1,0.0,2,0.619048,23,0.714286,23,-0.619048,-0.714286
d4wbja_,c.47.1.0,0.0,5,0.284211,215,0.515789,215,-0.284211,-0.515789
d1twya_,c.94.1.1,0.0,11,0.0,0,0.0,0,0.0,0.0
d1k28a3,d.2.1.3,0.0,2,0.0,0,0.0,0,0.0,0.0
d2rcya1,c.2.1.0,0.0,9,0.0,0,0.0,0,0.0,0.0
d2fn3a3,c.36.1.0,0.0,4,0.0,0,0.0,0,0.0,0.0
d2hxva2,c.97.1.2,0.0,0,0.833333,24,0.222222,24,-0.833333,-0.222222
d1ofda2,c.1.4.1,0.0,7,0.555556,27,0.888889,27,-0.555556,-0.888889
d4do4a1,c.1.8.1,0.0,9,0.5,135,0.490741,135,-0.5,-0.490741
d4u9hs_,e.19.1.1,0.0,0,0.0,0,0.0,0,0.0,0.0
d5nt7b_,c.37.1.0,0.3333333333333333,10,0.0,0,0.0,0,0.3333333333333333,0.3333333333333333
d1rh1a1,b.110.1.1,0.0,0,0.0,0,0.0,0,0.0,0.0
g1pvc.1,b.121.4.1,0.0,0,0.0,0,0.0,44,0.0,0.0
d6w04a_,c.108.1.0,0.0,4,0.0,0,0.0,0,0.0,0.0
d4ew1a1,c.65.1.1,0.0,4,0.0,0,0.0,0,0.0,0.0
d5er6a1,c.2.1.0,0.0,35,0.0,0,0.0,0,0.0,0.0
d3fdea1,b.122.1.12,0.0,0,0.0,0,0.0,0,0.0,0.0
d1o5za2,c.72.2.2,0.0,0,0.857143,8,0.428571,8,-0.857143,-0.428571
d6yd4a1,c.41.1.1,0.0,0,0.0,0,0.0,0,0.0,0.0
d2ps2a2,c.1.11.0,0.0,5,0.923077,43,0.923077,43,-0.923077,-0.923077
d1t36b2,c.23.16.1,0.0,2,0.241379,42,0.413793,42,-0.241379,-0.413793
d5b6ka1,c.2.1.0,0.0,14,0.0,0,0.0,0,0.0,0.0
d6v9mb1,a.117.1.1,0.0,0,0.0,0,0.0,0,0.0,0.0
d1kgda_,c.37.1.1,0.0,4,0.0,0,0.0,0,0.0,0.0
d1g5aa2,c.1.8.1,0.0,17,0.407407,135,0.75,135,-0.407407,-0.75
d6qh5b_,a.118.1.10,0.0,9,0.568966,59,0.603448,59,-0.568966,-0.603448
d2yvaa_,c.80.1.3,0.0,0,0.0,0,0.0,0,0.0,0.0
d2guja1,b.106.1.3,0.0,2,0.0,0,0.0,0,0.0,0.0
d1h2ea_,c.60.1.1,0.0,0,0.0,0,0.0,0,0.0,0.0
d1jaka1,c.1.8.6,0.0,15,0.416667,135,0.674242,135,-0.416667,-0.674242
d1wvqa_,d.256.1.0,0.0,0,0.0,0,0.0,0,0.0,0.0
d3tr9a_,c.1.21.0,0.0,3,0.75,10,0.75,10,-0.75,-0.75
d2xzga1,b.69.6.1,0.0,0,0.0,0,0.0,0,0.0,0.0
d6v54a_,d.157.1.0,0.0,2,0.0,0,0.0,0,0.0,0.0
d1ti6a2,c.81.1.1,0.0,4,0.0,0,0.0,0,0.0,0.0
d1by1a1,a.87.1.1,0.0,0,0.0,0,0.0,0,0.0,0.0
d4wpga1,c.2.1.0,0.0,8,0.0,0,0.0,0,0.0,0.0
d6jbra_,c.87.1.0,0.0,7,0.0,0,0.0,0,0.0,0.0
d1ij7a_,b.47.1.2,0.0,3,0.0,0,0.0,0,0.0,0.0
d4i71a1,c.70.1.1,0.0,3,0.0,0,0.0,0,0.0,0.0
d2wzba_,c.86.1.1,0.0,2,0.0,0,0.0,0,0.0,0.0
d2wqfa_,d.90.1.0,0.0,0,0.0,0,0.0,0,0.0,0.0
d2jnfa_,a.39.1.0,0.0,5,0.795918,73,0.795918,73,-0.795918,-0.795918
d1ckma2,d.142.2.3,0.0,2,0.888889,10,0.444444,10,-0.888889,-0.444444
d2hr7a3,c.10.2.0,0.0,3,0.117647,32,0.117647,32,-0.117647,-0.117647
d5j6ca_,d.90.1.0,0.0,2,0.0,0,0.0,0,0.0,0.0
d1dbqa_,c.93.1.1,0.0,5,0.0,0,0.0,0,0.0,0.0
d1pzla_,a.123.1.1,0.0,5,0.0,0,0.0,0,0.0,0.0
d6l8ia_,a.104.1.0,0.0,12,0.0,0,0.0,0,0.0,0.0
d1vpba_,d.283.1.1,0.3333333333333333,4,0.0,0,0.0,0,0.3333333333333333,0.3333333333333333
d2elca2,c.27.1.1,0.0,2,0.0,0,0.0,0,0.0,0.0
d2ejaa_,c.1.22.0,1.0,6,0.666667,6,0.666667,6,0.333333,0.333333
d3cswa1,e.17.1.0,0.0,2,0.0,0,0.0,0,0.0,0.0
d3t0ha_,d.122.1.1,0.0,0,0.0,0,0.0,0,0.0,0.0
d3ivva1,b.8.1.1,0.0,0,0.0,0,0.0,0,0.0,0.0
d1zkla_,a.211.1.0,0.0,4,0.0,0,0.0,0,0.0,0.0
d2zcta_,c.47.1.10,0.0,3,0.28866,215,0.505155,215,-0.28866,-0.505155
d1dpba_,c.43.1.1,0.0,4,0.0,0,0.0,0,0.0,0.0
d1rjda1,c.66.1.37,0.0,2,0.0,0,0.0,0,0.0,0.0
d1kf6b1,a.1.2.1,0.0,0,0.333333,5,0.666667,5,-0.333333,-0.666667
d4az1a_,c.45.1.0,0.0,8,0.0,0,0.0,0,0.0,0.0
d5idha1,d.104.1.0,0.0,0,0.0,0,0.0,0,0.0,0.0
d1zcza1,c.24.1.3,0.0,0,0.0,0,0.0,0,0.0,0.0
d7cohc_,f.25.1.1,0.0,0,0.0,0,0.0,0,0.0,0.0
d4crwb_,c.37.1.0,0.0,15,0.0,0,0.0,0,0.0,0.0
d2hoxa_,c.67.1.1,0.0,12,0.984496,143,0.992248,143,-0.984496,-0.992248
d5jica1,c.55.1.14,0.0,0,0.0,0,0.0,0,0.0,0.0
d1t4ha_,d.144.1.7,0.0,11,0.0,0,0.0,0,0.0,0.0
d3qe2a1,c.23.5.0,0.25,5,0.818182,37,0.954545,37,-0.568182,-0.704545
d2o2xa1,c.108.1.19,0.0,7,0.0,0,0.0,0,0.0,0.0
d2fxaa1,a.4.5.28,0.0,2,0.405172,252,0.323276,252,-0.405172,-0.323276
d4b9da1,d.144.1.0,0.2777777777777778,19,0.0,0,0.0,0,0.2777777777777778,0.2777777777777778
d1uf9a_,c.37.1.1,0.0,8,0.0,0,0.0,0,0.0,0.0
d3e0ia_,c.1.10.4,0.0,5,0.333333,65,0.777778,65,-0.333333,-0.777778
d2v8qa1,d.129.6.2,0.0,0,0.5,4,0.5,4,-0.5,-0.5
d3x29a_,f.63.1.1,0.0,3,0.0,0,0.0,0,0.0,0.0
d1gjwa2,c.1.8.1,0.0,12,0.12963,135,0.472222,135,-0.12963,-0.472222
d1yq2a3,b.18.1.5,0.0,5,0.0,0,0.0,0,0.0,0.0
d1rz3a_,c.37.1.6,0.0,5,0.0,0,0.0,0,0.0,0.0
d2bm5a_,b.80.8.1,0.0,0,0.5,4,0.5,4,-0.5,-0.5
d6mwdb1,f.14.1.2,0.3076923076923077,14,0.333333,13,0.555556,13,-0.02564069230769228,-0.24786369230769234
d1ztva1,c.1.32.1,0.0,0,0.0,0,0.0,0,0.0,0.0
d3sq7a2,d.136.1.3,0.0,0,0.0,0,0.0,0,0.0,0.0
d2gk6a3,c.37.1.19,0.0,12,0.0,0,0.0,0,0.0,0.0
d3lhla_,c.42.1.0,0.0,2,0.0,0,0.0,0,0.0,0.0
d1fjha_,c.2.1.2,0.08,26,0.0,0,0.0,0,0.08,0.08
d3iq0a_,c.72.1.0,0.0,5,0.941176,51,0.941176,51,-0.941176,-0.941176
d6vqpa_,d.169.1.0,0.0,2,0.0,0,0.0,0,0.0,0.0
d4yi8a_,a.39.1.5,0.0,6,0.641509,73,0.867925,73,-0.641509,-0.867925
d2x9va_,c.2.1.0,0.09090909090909091,12,0.0,0,0.0,0,0.09090909090909091,0.09090909090909091
d2naca2,c.23.12.1,0.0,0,0.25,11,0.0,11,-0.25,0.0
d3iam33,c.81.1.1,0.0,3,0.0,0,0.0,0,0.0,0.0
d2imha1,d.153.1.7,0.0,0,0.0,0,0.0,0,0.0,0.0
d6gnea_,c.87.1.0,0.0,5,0.0,0,0.0,0,0.0,0.0
d1zyla1,d.144.1.6,0.0,5,0.0,0,0.0,0,0.0,0.0
d4ep8c1,b.92.1.1,0.0,2,0.0,0,0.0,0,0.0,0.0
d1f0xa1,d.58.32.2,0.0,0,0.0,0,0.0,0,0.0,0.0
d2veza_,d.108.1.0,0.0,3,0.0,0,0.0,0,0.0,0.0
d4pz3a_,d.169.1.4,0.0,0,0.0,0,0.0,0,0.0,0.0
d6kiha_,c.87.1.0,0.0,5,0.0,0,0.0,0,0.0,0.0
d1ki1b2,b.55.1.1,0.0,2,0.444444,86,0.955556,86,-0.444444,-0.955556
d1soua1,c.124.1.6,0.0,2,0.0,0,0.0,0,0.0,0.0
d1tz9a1,c.1.15.6,0.0,0,0.0,0,0.0,0,0.0,0.0
d5lhaa_,c.67.1.0,0.1,31,0.980769,143,0.980769,143,-0.880769,-0.880769
d3q4da2,c.1.11.0,0.0,6,0.923077,43,0.923077,43,-0.923077,-0.923077
d2vpia1,c.23.16.0,0.0,3,0.586207,42,0.586207,42,-0.586207,-0.586207
d1uuna_,f.6.1.2,0.0,0,0.0,0,0.0,0,0.0,0.0
d1k0da1,a.45.1.1,0.0,3,0.0,0,0.0,0,0.0,0.0
d5nbpa_,b.29.1.0,0.0,5,0.0,0,0.0,0,0.0,0.0
d5ysea1,c.94.1.0,0.07142857142857142,15,0.0,0,0.0,0,0.07142857142857142,0.07142857142857142
d6txia_,a.25.1.1,0.0,0,0.545455,55,0.757576,55,-0.545455,-0.757576
d2uy6b1,b.2.3.2,0.0,0,0.214286,22,0.285714,22,-0.214286,-0.285714
d4wpka1,c.18.1.0,0.0,0,0.0,0,0.0,0,0.0,0.0
d2h6fa1,a.118.6.1,0.0,3,0.75,5,0.75,5,-0.75,-0.75
d3i4fa_,c.2.1.0,0.05,41,0.0,0,0.0,0,0.05,0.05
d1hyha1,c.2.1.5,0.0,15,0.0,0,0.0,0,0.0,0.0
d3pt9a2,b.34.12.1,0.0,0,0.5,3,0.5,3,-0.5,-0.5
d1vmda1,c.24.1.2,0.0,0,0.0,0,0.0,0,0.0,0.0
d2xg5b_,b.2.3.2,0.0,0,0.285714,22,0.285714,22,-0.285714,-0.285714
d1ogqa_,c.10.2.8,0.0,0,0.0,0,0.0,0,0.0,0.0
d2ciwa2,a.39.3.1,0.0,0,0.0,0,0.0,0,0.0,0.0
d2vfra2,d.145.1.1,0.0,2,0.0,0,0.0,0,0.0,0.0
d6smza1,c.2.1.0,0.0,12,0.0,0,0.0,0,0.0,0.0
d2w4la_,c.97.1.0,0.0,2,0.8,24,0.4,24,-0.8,-0.4
d3loma1,a.128.1.0,0.16666666666666666,7,0.0,0,0.0,0,0.16666666666666666,0.16666666666666666
d5c1ta2,c.37.1.0,0.0,10,0.0,0,0.0,0,0.0,0.0
d1n8fa_,c.1.10.4,0.0,5,0.0793651,65,0.634921,65,-0.0793651,-0.634921
d4iwka_,a.25.1.1,0.0,2,0.424242,55,0.757576,55,-0.424242,-0.757576
d4fe3a1,c.108.1.21,0.0,7,0.0,0,0.0,0,0.0,0.0
d4cl2a_,c.92.2.0,0.0,3,0.538462,38,0.846154,38,-0.538462,-0.846154
d4jg3a1,d.151.1.0,0.0,2,0.0,0,0.0,0,0.0,0.0
d1hn0a4,b.30.5.2,0.25,5,0.478261,26,0.0416667,27,-0.228261,0.2083333
d3giua_,c.56.4.0,0.0,0,0.5,3,0.5,3,-0.5,-0.5
d2icya2,c.68.1.5,0.0,5,0.0,0,0.0,0,0.0,0.0
d3fi9a2,d.162.1.0,0.0,2,0.0,0,0.0,0,0.0,0.0
d3ibxa1,a.132.1.0,0.0,2,0.0,0,0.0,0,0.0,0.0
d7b7rb_,d.144.1.7,0.13043478260869565,24,0.0,0,0.0,0,0.13043478260869565,0.13043478260869565
d7k72a_,d.142.2.0,0.0,0,0.0,0,0.0,0,0.0,0.0
d2fmpa3,d.218.1.2,0.0,0,0.0,0,0.0,0,0.0,0.0
d3s6ja_,c.108.1.0,0.0,7,0.0,0,0.0,0,0.0,0.0
d1xrsb1,c.23.6.1,0.0,0,0.0,0,0.0,0,0.0,0.0
d4a5sa2,c.69.1.0,0.09090909090909091,12,0.0,0,0.0,0,0.09090909090909091,0.09090909090909091
d3d3ha_,d.2.1.10,0.5,5,0.0,0,0.0,0,0.5,0.5
d4qeca_,c.2.1.0,0.09090909090909091,34,0.0,0,0.0,0,0.09090909090909091,0.09090909090909091
d2c1fa1,b.29.1.0,0.0,2,0.0,0,0.0,0,0.0,0.0
d5tifa1,c.23.10.5,0.0,3,0.842105,20,0.842105,20,-0.842105,-0.842105
d2nr4a1,b.45.1.4,0.0,0,0.863636,46,0.886364,46,-0.863636,-0.886364
d4dk2a_,a.204.1.0,0.0,2,0.0,0,0.0,0,0.0,0.0
d1qz9a_,c.67.1.3,0.0,15,0.992308,143,0.992308,143,-0.992308,-0.992308
d1noxa_,d.90.1.1,0.0,0,0.0,0,0.0,0,0.0,0.0
d1w98b2,a.74.1.1,0.0,0,0.0,0,0.0,0,0.0,0.0
d6dqha_,d.157.1.0,0.0,6,0.0,0,0.0,0,0.0,0.0
d1lbaa_,d.118.1.1,0.0,0,0.0,0,0.0,0,0.0,0.0
d4ryaa_,c.94.1.0,0.058823529411764705,18,0.0,0,0.0,0,0.058823529411764705,0.058823529411764705
d1j0aa_,c.79.1.1,0.3333333333333333,7,0.0,0,0.0,0,0.3333333333333333,0.3333333333333333
d4jxha1,a.118.3.0,0.0,0,0.0,0,0.0,0,0.0,0.0
d4adya2,a.118.28.1,0.0,0,0.0,0,0.0,0,0.0,0.0
d2ag4a2,b.95.1.1,0.0,0,0.0,0,0.0,0,0.0,0.0
d5nx5a_,a.128.1.0,0.0,0,0.0,0,0.0,0,0.0,0.0
d1tx4a_,a.116.1.1,0.0,0,0.0,0,0.0,0,0.0,0.0
d1qwya_,b.84.3.2,0.0,0,0.0,0,0.0,0,0.0,0.0
d3pxva_,d.90.1.0,0.0,2,0.0,0,0.0,0,0.0,0.0
d2nrac1,a.4.5.10,0.0,0,0.0403226,252,0.0725806,252,-0.0403226,-0.0725806
d4dxha1,b.35.1.2,0.0,2,0.0,20,0.0,20,0.0,0.0
d1um0a_,d.258.1.1,1.0,2,0.0,0,0.0,0,1.0,1.0
d6b1pa2,a.97.1.0,0.0,0,0.0,0,0.0,0,0.0,0.0
d1w27a_,a.127.1.2,0.0,2,0.0,0,0.0,0,0.0,0.0
d3riqa_,b.80.1.0,1.0,5,0.263158,22,0.842105,22,0.736842,0.157895
d2nyca1,d.37.1.1,0.0,2,0.0,0,0.0,0,0.0,0.0
d1v9na_,c.122.1.0,0.0,7,0.0,0,0.0,0,0.0,0.0
d3tbka2,c.37.1.0,0.0,17,0.0,0,0.0,0,0.0,0.0
d5hc8a_,c.101.1.0,0.0,0,0.0,0,0.0,0,0.0,0.0
d4isba_,e.23.1.0,0.0,10,0.0,0,0.0,0,0.0,0.0
d1uw4b_,a.118.1.14,0.0,2,0.0588235,59,0.352941,59,-0.0588235,-0.352941
d2osoa2,d.278.1.3,0.0,0,0.0,0,0.0,0,0.0,0.0
d7k5za2,d.210.1.0,0.0,4,0.0,0,0.0,0,0.0,0.0
d1h0ka2,c.2.1.1,0.0,9,0.0,0,0.0,0,0.0,0.0
d1u0ma1,c.95.1.2,0.0,2,0.0,0,0.0,0,0.0,0.0
d1vb5a_,c.124.1.5,0.0,4,0.0,0,0.0,0,0.0,0.0
d2oo3a1,c.66.1.59,0.0,7,0.0,0,0.0,0,0.0,0.0
d1i58a_,d.122.1.3,0.0,0,0.0,0,0.0,0,0.0,0.0
d2bbva_,b.121.4.4,0.0,4,0.0,0,0.372093,44,0.0,-0.372093
d1xvpb_,a.123.1.1,0.0,3,0.0,0,0.0,0,0.0,0.0
d1wy7a1,c.66.1.32,0.1111111111111111,10,0.0,0,0.0,0,0.1111111111111111,0.1111111111111111
d1bg1a3,d.93.1.1,0.0,0,0.0,0,0.0,0,0.0,0.0
d1wp0a1,c.47.1.10,0.0,3,0.391753,215,0.536082,215,-0.391753,-0.536082
d1c4oa2,c.37.1.19,0.0,9,0.0,0,0.0,0,0.0,0.0
d3o4fa_,c.66.1.0,0.14285714285714285,8,0.0,0,0.0,0,0.14285714285714285,0.14285714285714285
d4y1ra1,c.23.16.0,0.0,3,0.344828,42,0.310345,42,-0.344828,-0.310345
d5x7va_,d.305.1.0,0.0,0,0.0,0,0.0,0,0.0,0.0
d2zzva_,c.94.1.0,0.0,18,0.0,0,0.0,0,0.0,0.0
d2wnya_,d.77.1.0,0.0,0,0.0,0,0.0,0,0.0,0.0
d4xjca_,b.85.4.0,0.0,0,0.888889,15,0.888889,15,-0.888889,-0.888889
d4hdra_,c.39.1.0,0.0,3,0.0,0,0.0,0,0.0,0.0
d2q3ua_,d.126.1.6,0.5,5,0.0,0,0.0,0,0.5,0.5
d3hn3a1,b.18.1.5,0.0,3,0.0,0,0.0,0,0.0,0.0
d1bama_,c.52.1.3,0.0,0,0.0,0,0.0,0,0.0,0.0
d1mv5a_,c.37.1.12,0.15789473684210525,20,0.0,0,0.0,0,0.15789473684210525,0.15789473684210525
d2g5da1,b.52.1.4,0.0,0,0.166667,8,0.166667,8,-0.166667,-0.166667
d1uz5a2,b.103.1.1,0.0,2,0.0,0,0.0,0,0.0,0.0
d3vhva1,a.123.1.1,0.0,2,0.0,0,0.0,0,0.0,0.0
d2hkta_,a.285.1.1,0.0,0,0.0,0,0.0,0,0.0,0.0
d1r6bx3,c.37.1.20,0.0,20,0.0,0,0.0,0,0.0,0.0
d1flca2,c.23.10.2,0.0,0,0.0,0,0.0,0,0.0,0.0
d6koga1,c.95.1.0,0.0,2,0.0,0,0.0,0,0.0,0.0
d5xv0a1,c.71.1.0,0.0,2,0.0,0,0.0,0,0.0,0.0
d5b5ec_,f.55.1.1,0.0,0,0.0,0,0.0,0,0.0,0.0
d1s7ma_,b.144.1.1,0.0,0,0.0,0,0.0,0,0.0,0.0
d1e7ua2,b.7.1.1,0.0,0,0.684211,28,0.842105,28,-0.684211,-0.842105
d1ne2a_,c.66.1.32,0.0,3,0.0,0,0.0,0,0.0,0.0
d1iq0a2,c.26.1.1,0.0,6,0.2,53,0.0,53,-0.2,0.0
d2f6ia1,c.14.1.1,0.0,4,0.0,0,0.0,0,0.0,0.0
d3b5ea1,c.69.1.14,0.0,8,0.0,0,0.0,0,0.0,0.0
d1wzla3,c.1.8.1,0.0,22,0.481481,135,0.75,135,-0.481481,-0.75
d3imia_,d.13.1.1,0.0,3,0.933333,18,0.866667,18,-0.933333,-0.866667
d1wtea_,c.52.1.29,0.0,0,0.0,0,0.0,0,0.0,0.0
d3jbra2,f.14.1.2,0.0,10,0.555556,13,0.444444,13,-0.555556,-0.444444
d2iuwa1,b.82.2.10,0.0,2,0.487805,42,0.121951,42,-0.487805,-0.121951
d1kw3b2,d.32.1.3,0.5,3,0.0,0,0.0,0,0.5,0.5
d1qwga_,c.1.27.1,0.0,0,0.0,0,0.0,0,0.0,0.0
d1y08a_,d.3.1.12,0.0,2,0.0,0,0.0,0,0.0,0.0
d5umsa_,b.55.1.0,0.0,3,0.383562,86,0.958904,86,-0.383562,-0.958904
d2nt2a_,c.45.1.0,0.0,0,0.0,0,0.0,0,0.0,0.0
d3tbka1,c.37.1.0,0.0,8,0.0,0,0.0,0,0.0,0.0
d1c4za_,d.148.1.1,0.0,0,0.0,0,0.0,0,0.0,0.0
d3peya1,c.37.1.0,0.0,14,0.0,0,0.0,0,0.0,0.0
d3tg7a2,b.121.2.2,0.0,0,0.4,6,0.0,6,-0.4,0.0
d4wjka_,b.69.8.0,0.0,0,0.0,0,0.0,0,0.0,0.0
d4if2a_,c.1.9.0,0.0,5,0.65,60,0.95,60,-0.65,-0.95
d1ee6a_,b.80.1.1,0.0,3,0.894737,22,0.842105,22,-0.894737,-0.842105
d3v3ea_,a.123.1.1,0.0,2,0.0,0,0.0,0,0.0,0.0
d1lqsl_,a.26.1.3,0.0,2,0.0,0,0.0,0,0.0,0.0
d3pg1a_,d.144.1.0,0.0,17,0.0,0,0.0,0,0.0,0.0
d4xmra1,d.110.6.4,0.0,2,0.875,11,0.75,11,-0.875,-0.75
d4hswa_,a.1.1.2,0.0,0,0.727273,57,0.939394,57,-0.727273,-0.939394
d7cyla_,a.118.1.1,0.0,10,0.527273,59,0.436364,59,-0.527273,-0.436364
d2d5ba1,a.27.1.0,0.0,3,0.0,0,0.0,0,0.0,0.0
d3fjoa1,c.23.5.0,0.0,3,0.954545,37,0.954545,37,-0.954545,-0.954545
d5c1ma_,f.13.1.0,0.0,4,0.0,0,0.0,0,0.0,0.0
d1c7ja_,c.69.1.1,0.043478260869565216,24,0.0,0,0.0,0,0.043478260869565216,0.043478260869565216
d3kjra1,c.71.1.0,0.0,2,0.0,0,0.0,0,0.0,0.0
d1yspa1,d.110.2.0,0.0,2,0.818182,21,0.454545,21,-0.818182,-0.454545
d1w26a1,a.223.1.1,0.0,0,0.0,0,0.0,0,0.0,0.0
d3e9da_,c.60.1.0,0.0,0,0.0,0,0.0,0,0.0,0.0
d1mkya2,c.37.1.8,0.0,11,0.0,0,0.0,0,0.0,0.0
d1wura_,d.96.1.1,0.0,2,0.882353,18,0.764706,18,-0.882353,-0.764706
d1gkra2,c.1.9.6,0.2,6,0.763636,60,0.927273,60,-0.563636,-0.7272730000000001
d2xq1a_,e.5.1.1,0.3333333333333333,4,0.0,0,0.0,0,0.3333333333333333,0.3333333333333333
d7bwua_,b.68.1.1,0.0,2,0.666667,16,0.166667,16,-0.666667,-0.166667
d1w61a1,d.21.1.0,0.0,3,0.0,0,0.0,0,0.0,0.0
d1kuta_,d.143.1.1,0.0,0,0.0,0,0.0,0,0.0,0.0
d4r3fa_,b.62.1.0,0.0,0,0.0,0,0.0,0,0.0,0.0
d3snra_,c.93.1.0,0.75,5,0.0,0,0.0,0,0.75,0.75
d6e3aa_,d.166.1.0,0.0,2,0.0,0,0.0,0,0.0,0.0
d1c0pa1,c.4.1.2,0.0,0,0.0,0,0.0,0,0.0,0.0
d5aoha_,d.169.1.0,0.0,2,0.0,0,0.0,0,0.0,0.0
d4mcoa1,c.94.1.1,0.0,13,0.0,0,0.0,0,0.0,0.0
d2y7pa1,c.94.1.1,0.0,8,0.0,0,0.0,0,0.0,0.0
d1m65a_,c.6.3.1,0.0,0,0.5,3,0.0,3,-0.5,0.0
d4he8n_,f.72.1.1,0.0,176,0.0,0,0.0,0,0.0,0.0
d3mu9a_,d.118.1.1,0.0,0,0.0,0,0.0,0,0.0,0.0
d3q3ya1,b.47.1.4,0.0,4,0.0,0,0.0,0,0.0,0.0
d1vz5a_,b.82.2.5,0.0,4,0.525,42,0.225,42,-0.525,-0.225
d1vf7a_,f.46.1.1,0.0,0,0.0,0,0.0,0,0.0,0.0
d5xz7a1,c.89.1.1,0.0,0,0.0,0,0.0,0,0.0,0.0
d3ia8a_,b.60.1.0,0.0,2,0.0,0,0.0,0,0.0,0.0
d1amua_,e.23.1.1,0.0,6,0.0,0,0.0,0,0.0,0.0
d1wy5a1,c.26.2.5,0.0,0,0.315789,39,0.263158,39,-0.315789,-0.263158
d1gzsb_,a.168.1.1,0.0,0,0.0,0,0.0,0,0.0,0.0
d3piua_,c.67.1.4,0.0,11,0.992366,143,0.992366,143,-0.992366,-0.992366
d7ac8b_,c.23.16.1,0.0,4,0.413793,42,0.206897,42,-0.413793,-0.206897
d1pc3a_,c.94.1.1,0.0,13,0.0,0,0.0,0,0.0,0.0
d4myla_,c.42.1.1,0.0,0,0.0,0,0.0,0,0.0,0.0
d5wm2a1,e.23.1.0,0.25,9,0.0,0,0.0,0,0.25,0.25
d3feua1,c.47.1.0,0.0,2,0.178947,215,0.0842105,215,-0.178947,-0.0842105
d1utya_,b.147.1.1,0.0,0,0.0,0,0.0,0,0.0,0.0
d2fgea1,d.185.1.1,0.0,2,0.0,0,0.0,0,0.0,0.0
d1m0za_,c.10.2.7,0.0,7,0.851852,32,0.777778,32,-0.851852,-0.777778
d1sl6a_,d.169.1.1,0.0,3,0.0,0,0.0,0,0.0,0.0
d1vhna1,c.1.4.1,0.0,3,0.888889,27,0.888889,27,-0.888889,-0.888889
d1chua2,c.3.1.4,0.0,6,0.0,0,0.0,0,0.0,0.0
d3pima1,d.58.28.0,0.0,0,0.0,0,0.0,0,0.0,0.0
d3nv0b_,d.17.4.0,0.0,0,0.964286,76,0.964286,76,-0.964286,-0.964286
d1c8na_,b.121.4.7,0.0,2,0.764706,39,0.615385,44,-0.764706,-0.615385
d1v72a1,c.67.1.1,0.0,13,0.992248,143,0.992248,143,-0.992248,-0.992248
d3m2pa1,c.2.1.0,0.0,10,0.0,0,0.0,0,0.0,0.0
d1v33a_,d.264.1.1,0.0,0,0.0,0,0.0,0,0.0,0.0
d1s70b_,d.211.1.1,0.0,6,0.928571,32,0.928571,32,-0.928571,-0.928571
d1up7a2,d.162.1.2,0.0,4,0.0,0,0.0,0,0.0,0.0
d3dmba1,b.45.1.0,0.0,0,0.827586,46,0.827586,46,-0.827586,-0.827586
d1h2sa_,f.13.1.1,0.0,39,0.0,0,0.0,0,0.0,0.0
d4m5ra1,c.52.1.34,1.0,3,0.0217391,48,0.0434783,48,0.9782609,0.9565217
d3kdaa1,c.69.1.0,0.0,12,0.0,0,0.0,0,0.0,0.0
d3tn4a_,c.1.9.0,0.0,6,0.725,60,0.925,60,-0.725,-0.925
d1jfba_,a.104.1.1,0.0,6,0.0,0,0.0,0,0.0,0.0
d3geta1,c.67.1.0,0.0,15,0.980769,143,0.980769,143,-0.980769,-0.980769
d5hdma_,c.67.1.4,0.0,19,0.992366,143,0.992366,143,-0.992366,-0.992366
d2essa1,d.38.1.8,0.0,4,0.0,0,0.0,0,0.0,0.0
d2wk1a_,c.66.1.61,0.0,5,0.0,0,0.0,0,0.0,0.0
d1xi3a_,c.1.3.1,0.0,0,0.5,3,0.5,3,-0.5,-0.5
d1vlaa1,d.227.1.2,0.0,2,0.0,0,0.0,0,0.0,0.0
d1wu2a3,c.57.1.2,0.0,0,0.0,0,0.0,0,0.0,0.0
d1jeya1,b.131.1.1,0.0,0,0.0,0,0.0,0,0.0,0.0
d1l1qa1,c.61.1.1,0.0,3,0.0,0,0.0,0,0.0,0.0
d1su1a_,d.159.1.7,0.0,4,0.0,0,0.0,0,0.0,0.0
d3brqa_,c.93.1.0,0.0,13,0.0,0,0.0,0,0.0,0.0
d6i8xa1,b.60.1.0,0.0,0,0.0,0,0.0,0,0.0,0.0
d1kxoa_,b.60.1.1,0.0,2,0.0,0,0.0,0,0.0,0.0
d1cola_,f.1.1.1,0.0,0,0.0,0,0.0,0,0.0,0.0
d4fkea1,b.98.1.0,0.0,0,0.0,0,0.0,0,0.0,0.0
d1twda_,c.1.30.1,0.0,0,0.0,0,0.0,0,0.0,0.0
d2f9zc1,d.194.1.3,0.0,0,0.0,0,0.0,0,0.0,0.0
d3urra1,d.112.1.0,0.0,2,0.0,0,0.0,0,0.0,0.0
d6wbsa_,c.37.1.12,0.0,11,0.0,0,0.0,0,0.0,0.0
d1rwaa1,a.102.3.2,0.0,4,0.5,6,0.5,6,-0.5,-0.5
d4iv1a_,b.121.4.1,0.0,2,0.548387,39,0.3125,44,-0.548387,-0.3125
d6o9ua2,b.1.18.16,0.0,2,0.0333333,92,0.0,92,-0.0333333,0.0
d5jgya_,c.1.7.0,0.0,5,0.875,19,0.875,19,-0.875,-0.875
d1jnra1,a.7.3.1,0.0,0,0.0,0,0.0,0,0.0,0.0
d1itua_,c.1.9.7,0.0,6,0.0,0,0.0,0,0.0,0.0
d3s5oa_,c.1.10.0,0.0,5,0.685714,65,0.885714,65,-0.685714,-0.885714
d3e10a_,d.90.1.0,0.0,2,0.0,0,0.0,0,0.0,0.0
d6nsia_,c.92.2.0,0.0,4,0.384615,38,0.923077,38,-0.384615,-0.923077
d2bvfa1,d.145.1.1,0.0,2,0.0,0,0.0,0,0.0,0.0
d1t94a2,e.8.1.7,0.0,0,0.0,0,0.0,0,0.0,0.0
d3dz1a1,c.1.10.0,0.0,7,0.8,65,0.857143,65,-0.8,-0.857143
d1o5ha_,a.191.1.1,0.0,0,0.0,0,0.0,0,0.0,0.0
d1llaa2,a.86.1.1,0.0,0,0.0,0,0.0,0,0.0,0.0
d3mfqa_,c.92.2.0,0.0,4,0.384615,38,0.769231,38,-0.384615,-0.769231
d4kefa1,d.109.1.2,0.0,3,0.777778,24,0.944444,24,-0.777778,-0.944444
d1u0bb2,c.26.1.1,0.0,5,0.257143,53,0.171429,53,-0.257143,-0.171429
d5z48a1,c.56.4.0,0.0,0,0.5,3,0.5,3,-0.5,-0.5
d6yv5a1,b.47.1.0,0.0,0,0.0,0,0.0,0,0.0,0.0
d1pn1a_,a.192.1.1,0.0,0,0.0,0,0.0,0,0.0,0.0
d1stza2,d.110.2.3,0.0,0,0.0,0,0.0,0,0.0,0.0
d2ew0a1,d.310.1.1,0.0,0,0.0,0,0.0,0,0.0,0.0
d4m7oa_,c.92.2.0,0.0,3,0.769231,38,0.923077,38,-0.769231,-0.923077
d4ypoa2,a.100.1.0,0.0,0,0.0,0,0.0,0,0.0,0.0
d1vrba1,b.82.2.11,0.0,0,0.0,0,0.0,0,0.0,0.0
d2vzsa4,b.18.1.5,0.0,2,0.0,0,0.0,0,0.0,0.0
d1n52a2,a.118.1.14,0.0,4,0.156863,59,0.0392157,59,-0.156863,-0.0392157
d3qy1a_,c.53.2.1,0.0,4,0.9,13,0.9,13,-0.9,-0.9
d3mr7a1,d.58.29.0,0.0,0,0.666667,13,0.833333,13,-0.666667,-0.833333
d3jbra1,f.14.1.2,0.0,11,0.555556,13,0.333333,13,-0.555556,-0.333333
d1mg7a2,d.58.26.6,0.0,2,0.0,0,0.0,0,0.0,0.0
d1m2oa4,d.109.2.1,0.0,0,0.0,0,0.0,0,0.0,0.0
d6qwta_,e.8.1.0,0.0,5,0.0,0,0.0,0,0.0,0.0
d1zkpa1,d.157.1.9,0.0,3,0.0,0,0.0,0,0.0,0.0
d2gk6a1,c.37.1.19,0.0,6,0.0,0,0.0,0,0.0,0.0
d1iu4a_,d.3.1.8,0.0,6,0.0,0,0.0,0,0.0,0.0
d2ozlb1,c.36.1.7,0.0,2,0.0,0,0.0,0,0.0,0.0
d1kwga3,c.23.16.5,0.0,2,0.0,0,0.0,0,0.0,0.0
d4ikca1,c.45.1.0,0.0,4,0.0,0,0.0,0,0.0,0.0
d3myba_,c.14.1.0,0.0,3,0.0,0,0.0,0,0.0,0.0
d1te2a_,c.108.1.6,0.0,3,0.0,0,0.0,0,0.0,0.0
d4el4a_,d.92.1.7,0.0,5,0.05,42,0.05,42,-0.05,-0.05
d4pe3a_,c.94.1.0,0.0,11,0.0,0,0.0,0,0.0,0.0
d1uk8a_,c.69.1.10,0.14285714285714285,15,0.0,0,0.0,0,0.14285714285714285,0.14285714285714285
d2fvka1,b.92.1.3,0.0,0,0.0,0,0.0,0,0.0,0.0
d6vhva_,e.23.1.0,0.0,5,0.0,0,0.0,0,0.0,0.0
d4r3na1,c.2.1.3,0.0,7,0.0,0,0.0,0,0.0,0.0
d5z0ua2,c.1.8.1,0.0,13,0.435185,135,0.712963,135,-0.435185,-0.712963
d1y0pa2,c.3.1.4,0.0,3,0.0,0,0.0,0,0.0,0.0
d1t6ca2,c.55.1.8,1.0,2,0.505051,102,0.383838,102,0.494949,0.616162
d2a73b8,b.40.3.3,0.0,0,0.75,6,0.75,6,-0.75,-0.75
d1qhda2,b.19.1.1,0.0,0,0.0,0,0.0,0,0.0,0.0
d1vlpa2,c.1.17.2,0.0,0,0.857143,10,0.571429,10,-0.857143,-0.571429
d2zgya2,c.55.1.1,0.5,3,0.617021,102,0.361702,102,-0.11702100000000004,0.13829799999999998
d4r7ya2,c.37.1.0,0.0,24,0.0,0,0.0,0,0.0,0.0
d1eoka_,c.1.8.5,0.0,5,0.333333,135,0.601626,135,-0.333333,-0.601626
d7k3ta_,b.47.1.4,0.0,0,0.0,0,0.0,0,0.0,0.0
d3lrta1,c.61.1.0,0.0,3,0.0,0,0.0,0,0.0,0.0
d4nfna_,d.144.1.0,0.0,7,0.0,0,0.0,0,0.0,0.0
d2hmta_,c.2.1.9,0.0,4,0.0,0,0.0,0,0.0,0.0
d2q07a2,c.18.1.4,0.0,0,0.0,0,0.0,0,0.0,0.0
d4yoza1,a.74.1.0,0.0,0,0.0,0,0.0,0,0.0,0.0
d6arha_,c.1.10.0,0.0,4,0.714286,65,0.885714,65,-0.714286,-0.885714
d5tv2a1,c.37.1.0,0.0,22,0.0,0,0.0,0,0.0,0.0
d2arha1,d.108.1.9,0.0,2,0.0,0,0.0,0,0.0,0.0
d3drna_,c.47.1.0,0.0,2,0.326316,215,0.536842,215,-0.326316,-0.536842
d4nbua_,c.2.1.0,0.14893617021276595,48,0.0,0,0.0,0,0.14893617021276595,0.14893617021276595
d5i1ua_,a.128.1.0,0.0,3,0.0,0,0.0,0,0.0,0.0
d1ug9a3,b.1.9.3,0.0,2,0.0,0,0.0,0,0.0,0.0
d3le2a1,e.1.1.0,0.0,12,0.0,0,0.0,0,0.0,0.0
d7bora_,c.14.1.0,0.0,7,0.0,0,0.0,0,0.0,0.0
d2hkea1,d.14.1.0,0.0,2,0.0,0,0.0,0,0.0,0.0
d2d69a1,c.1.14.1,0.5,3,0.5,5,0.5,5,0.0,0.0
d1ca4a1,b.8.1.1,0.0,2,0.0,0,0.0,0,0.0,0.0
d1qs1a2,d.166.1.1,0.0,0,0.0,0,0.0,0,0.0,0.0
d1f20a2,c.25.1.4,0.0,0,0.0,0,0.0,0,0.0,0.0
d1eura_,b.68.1.1,0.0,2,0.0,16,0.333333,16,0.0,-0.333333
d2p2wa_,a.103.1.0,0.0,3,0.0,0,0.0,0,0.0,0.0
d1u0ka2,d.21.1.2,0.0,0,0.0,0,0.0,0,0.0,0.0
d2om6a_,c.108.1.0,0.0,11,0.0,0,0.0,0,0.0,0.0
d1uara2,c.46.1.2,0.0,0,0.0,0,0.0,0,0.0,0.0
d4lv5b_,c.37.1.8,0.0,21,0.0,0,0.0,0,0.0,0.0
d5jsia_,f.13.1.0,0.0,16,0.0,0,0.0,0,0.0,0.0
d1wrva_,e.17.1.0,0.0,0,0.0,0,0.0,0,0.0,0.0
d1yx1a1,c.1.15.7,0.0,2,0.0,0,0.0,0,0.0,0.0
d4uw2a3,d.58.53.7,1.0,2,0.0,17,0.0,17,1.0,1.0
d3rycb2,d.79.2.1,0.0,0,0.666667,8,0.0,8,-0.666667,0.0
d1w6ka1,a.102.4.2,0.0,0,0.6,13,0.545455,14,-0.6,-0.545455
d6lbpa2,c.61.1.0,1.0,2,0.0,0,0.0,0,1.0,1.0
d4k6lg_,d.166.1.0,0.0,0,0.0,0,0.0,0,0.0,0.0
d6ku0a_,a.118.27.1,0.0,0,0.0,0,0.0,0,0.0,0.0
d3vvfa1,c.94.1.0,0.0,10,0.0,0,0.0,0,0.0,0.0
d3kzoa1,c.78.1.0,1.0,2,0.428571,21,0.428571,21,0.571429,0.571429
d1d0ba_,c.10.2.1,0.4166666666666667,13,0.766667,32,0.8,32,-0.3500003333333333,-0.38333333333333336
d3ixra1,c.47.1.0,0.0,2,0.410526,215,0.494737,215,-0.410526,-0.494737
d2x3ea2,c.95.1.0,0.25,5,0.0,0,0.0,0,0.25,0.25
d1fnna2,c.37.1.20,0.0,14,0.0,0,0.0,0,0.0,0.0
d7cc3a1,c.101.1.0,0.0,2,0.0,0,0.0,0,0.0,0.0
d6ilsa_,c.72.1.0,0.0,4,0.941176,51,0.941176,51,-0.941176,-0.941176
d6xnba_,c.2.1.0,0.05405405405405406,38,0.0,0,0.0,0,0.05405405405405406,0.05405405405405406
d3b57a1,a.211.1.1,0.0,3,0.0,0,0.0,0,0.0,0.0
d1nd4a_,d.144.1.6,0.0,5,0.0,0,0.0,0,0.0,0.0
d5mifa_,c.69.1.0,0.07692307692307693,14,0.0,0,0.0,0,0.07692307692307693,0.07692307692307693
d2io8a3,d.142.1.8,0.0,3,0.0,0,0.0,0,0.0,0.0
d4iwna_,c.66.1.14,0.0,7,0.0,0,0.0,0,0.0,0.0
d3mu7a_,c.1.8.0,0.16666666666666666,7,0.291667,135,0.489583,135,-0.12500033333333335,-0.32291633333333336
d4al4a2,d.162.1.1,0.0,2,0.0,0,0.0,0,0.0,0.0
d4umsa1,b.2.2.0,0.0,0,0.545455,22,0.545455,22,-0.545455,-0.545455
d1vl5a_,c.66.1.41,0.0,2,0.0,0,0.0,0,0.0,0.0
d2jena_,b.29.1.0,0.0,3,0.0,0,0.0,0,0.0,0.0
d4n08a_,c.72.1.0,0.0,2,0.941176,51,0.941176,51,-0.941176,-0.941176
d2hjsa1,c.2.1.3,0.0,7,0.0,0,0.0,0,0.0,0.0
d4gvqa_,d.147.1.0,0.0,0,0.0,0,0.0,0,0.0,0.0
d6l27a_,d.22.1.1,0.0,0,0.0,0,0.0,0,0.0,0.0
d3iam5_,d.307.1.1,0.0,0,0.0,0,0.0,0,0.0,0.0
d1cgme_,a.24.5.1,0.0,0,0.0,0,0.0,0,0.0,0.0
d6m0rb_,f.40.1.1,0.0,0,0.0,0,0.0,0,0.0,0.0
d4gvoa_,c.94.1.0,0.09090909090909091,12,0.0,0,0.0,0,0.09090909090909091,0.09090909090909091
d1v7va1,a.102.1.4,0.0,3,0.777778,28,0.962963,28,-0.777778,-0.962963
d3flka_,c.77.1.0,0.0,3,0.0,0,0.0,0,0.0,0.0
d2j3xa1,d.166.1.0,0.0,0,0.0,0,0.0,0,0.0,0.0
d3pxla2,b.6.1.0,0.0,3,0.588235,51,0.428571,52,-0.588235,-0.428571
d1sqha_,d.108.1.5,0.0,2,0.0,0,0.0,0,0.0,0.0
d6zcwa_,b.70.1.0,0.0,2,0.666667,4,0.666667,4,-0.666667,-0.666667
d6wk3a_,a.1.1.0,0.0,0,0.777778,57,0.972222,57,-0.777778,-0.972222
d3bbla1,c.93.1.0,0.08333333333333333,13,0.0,0,0.0,0,0.08333333333333333,0.08333333333333333
d5f6ea_,d.20.1.1,0.0,4,0.0,0,0.0,0,0.0,0.0
d3frxa_,b.69.4.0,0.0,8,0.857143,28,0.761905,28,-0.857143,-0.761905
d5ckla1,a.265.1.1,0.0,0,0.0,0,0.0,0,0.0,0.0
d2ap3a1,a.24.27.1,0.0,0,0.0,0,0.0,0,0.0,0.0
d1y1pa1,c.2.1.2,0.0,29,0.0,0,0.0,0,0.0,0.0
d1y93a_,d.92.1.11,0.0,0,0.0,0,0.0,0,0.0,0.0
d1rl4a_,d.167.1.1,0.0,3,0.0,0,0.0,0,0.0,0.0
d2efka1,a.238.1.4,0.0,0,0.0,0,0.0,0,0.0,0.0
d3h49a_,c.72.1.0,0.0,9,0.941176,51,0.941176,51,-0.941176,-0.941176
d3k1za1,c.108.1.0,0.0,3,0.0,0,0.0,0,0.0,0.0
d1wr8a_,c.108.1.10,0.0,2,0.0,0,0.0,0,0.0,0.0
d2xaua1,c.37.1.0,0.0,10,0.0,0,0.0,0,0.0,0.0
d3cmna1,d.92.1.16,0.0,7,0.0,0,0.0,0,0.0,0.0
d1io0a_,c.10.1.1,0.0,2,0.666667,5,0.666667,5,-0.666667,-0.666667
d3k7pa_,c.121.1.0,0.0,0,0.0,0,0.0,0,0.0,0.0
d2zbta_,c.1.2.6,0.0,4,0.0,0,0.0,0,0.0,0.0
d2hi2a_,d.24.1.1,0.0,2,0.0,0,0.0,0,0.0,0.0
d5ik4a2,b.29.1.4,0.0,3,0.0,0,0.0,0,0.0,0.0
d7jurb_,d.144.1.0,0.0,10,0.0,0,0.0,0,0.0,0.0
d3v5wb_,b.69.4.1,0.0,3,0.615385,28,0.692308,28,-0.615385,-0.692308
d1ybea1,c.1.17.2,0.0,2,0.857143,10,0.571429,10,-0.857143,-0.571429
d2qkga1,f.1.3.0,0.0,2,0.0,0,0.0,0,0.0,0.0
d2onka1,c.37.1.12,0.2727272727272727,12,0.0,0,0.0,0,0.2727272727272727,0.2727272727272727
d7m1la_,c.14.1.0,0.0,3,0.0,0,0.0,0,0.0,0.0
d2gqwa1,c.3.1.5,0.0,0,0.0,0,0.0,0,0.0,0.0
d2ka3a_,b.22.1.0,0.0,0,0.0,0,0.0,0,0.0,0.0
d2h1va_,c.92.1.1,0.0,2,0.5,5,0.5,5,-0.5,-0.5
d5my3a1,a.116.1.0,0.0,0,0.0,0,0.0,0,0.0,0.0
d1uufa2,c.2.1.1,0.05263157894736842,20,0.0,0,0.0,0,0.05263157894736842,0.05263157894736842
d3v0sa1,c.1.7.0,0.0,5,0.875,19,0.875,19,-0.875,-0.875
d4rpoa_,c.94.1.0,0.0,7,0.0,0,0.0,0,0.0,0.0
d1uuya_,c.57.1.1,0.0,0,0.0,0,0.0,0,0.0,0.0
d3msua1,a.103.1.0,0.0,3,0.0,0,0.0,0,0.0,0.0
d3bq9a2,c.129.1.0,0.0,0,0.0,0,0.0,0,0.0,0.0
d3sila_,b.68.1.1,0.0,0,0.166667,16,0.333333,16,-0.166667,-0.333333
d5lj3n2,g.100.1.1,0.0,0,0.0,0,0.0,0,0.0,0.0
d6jixa_,c.67.1.0,0.0,19,0.980769,143,0.980769,143,-0.980769,-0.980769
d1n2xa2,c.66.1.23,0.0,8,0.0,0,0.0,0,0.0,0.0
d3sxpa_,c.2.1.0,0.0,21,0.0,0,0.0,0,0.0,0.0
d1byia_,c.37.1.10,0.0,8,0.0,0,0.0,0,0.0,0.0
d5o3za_,c.2.1.0,0.0,19,0.0,0,0.0,0,0.0,0.0
d7cbea_,c.23.16.0,0.0,4,0.62069,42,0.655172,42,-0.62069,-0.655172
d4hjlb_,d.17.4.4,0.0,2,0.902778,76,0.958333,76,-0.902778,-0.958333
d2a4va1,c.47.1.10,0.0,0,0.293814,215,0.541237,215,-0.293814,-0.541237
d6ly5a_,f.29.1.1,0.0,0,0.0,0,0.0,0,0.0,0.0
d4ymha_,c.66.1.0,0.0,3,0.0,0,0.0,0,0.0,0.0
d1udda_,a.132.1.3,0.0,0,0.0,0,0.0,0,0.0,0.0
d1v5va2,d.250.1.1,0.0,2,0.0,0,0.0,0,0.0,0.0
d2oemb2,c.1.14.0,0.0,3,0.0,0,0.0,0,0.0,0.0
d3jwne_,b.2.3.0,0.0,0,0.4375,22,0.5625,22,-0.4375,-0.5625
d4n7ta1,c.76.1.5,0.0,2,0.0,0,0.0,0,0.0,0.0
d3m31a1,a.227.1.1,0.0,0,0.0,0,0.0,0,0.0,0.0
d1o7fa1,a.4.5.31,0.0,4,0.0160643,252,0.196787,252,-0.0160643,-0.196787
d4onea_,c.2.1.0,0.0,23,0.0,0,0.0,0,0.0,0.0
d1unld_,a.74.1.1,0.0,3,0.0,0,0.0,0,0.0,0.0
d2qzca_,a.132.1.0,0.0,2,0.0,0,0.0,0,0.0,0.0
d6thoa1,d.3.1.14,0.0,2,0.0,0,0.0,0,0.0,0.0
d1xk5a_,d.142.2.5,0.0,2,0.0,0,0.0,0,0.0,0.0
d2yima_,c.123.1.1,0.0,0,0.0,0,0.0,0,0.0,0.0
d1iu8a_,c.56.4.1,0.0,0,0.0,0,0.0,0,0.0,0.0
d2ixoa1,a.268.1.1,0.0,2,0.0,0,0.0,0,0.0,0.0
d3p1ga_,c.55.3.0,0.0,2,0.18,61,0.06,61,-0.18,-0.06
d6u6ca_,c.1.2.0,0.0,4,0.863636,39,0.954545,39,-0.863636,-0.954545
d4g81a_,c.2.1.0,0.0,18,0.0,0,0.0,0,0.0,0.0
d2b34a_,c.33.1.0,0.0,0,0.0,0,0.0,0,0.0,0.0
d4f53a_,a.118.8.0,0.0,7,0.0465116,63,0.0232558,63,-0.0465116,-0.0232558
d2ffya_,e.3.1.1,0.0,5,0.0,0,0.0,0,0.0,0.0
d5t5qa_,c.2.1.0,0.05263157894736842,20,0.0,0,0.0,0,0.05263157894736842,0.05263157894736842
d5wdda_,f.1.4.0,0.0,3,0.75,13,0.75,13,-0.75,-0.75
d4qmea1,b.98.1.1,0.0,0,0.0,0,0.0,0,0.0,0.0
d2dawa1,d.20.1.3,0.0,2,0.0,0,0.0,0,0.0,0.0
d1au1a_,a.26.1.3,0.0,2,0.0,0,0.0,0,0.0,0.0
d3lg3a_,c.1.12.7,0.0,2,0.75,19,0.8125,19,-0.75,-0.8125
d4m3pa_,c.1.26.1,0.0,0,0.0,0,0.0,0,0.0,0.0
d6fmga_,c.54.1.0,0.0,0,0.0,0,0.0,0,0.0,0.0
d5b7xa1,a.39.1.0,0.0,12,0.489796,73,0.673469,73,-0.489796,-0.673469
d1ejea_,b.45.1.2,0.0,4,0.833333,46,0.928571,46,-0.833333,-0.928571
d2nr7a1,d.2.1.9,0.0,0,0.0,0,0.0,0,0.0,0.0
d3bcba_,c.67.1.9,0.0,14,0.992908,143,0.992908,143,-0.992908,-0.992908
d4n91a_,c.94.1.0,0.0,15,0.0,0,0.0,0,0.0,0.0
d3gl3a1,c.47.1.0,0.14285714285714285,8,0.578947,215,0.6,215,-0.43608985714285714,-0.45714285714285713
d3p0ya1,c.10.2.5,1.0,2,0.129032,32,0.0967742,32,0.870968,0.9032258
d4pfia_,c.94.1.0,0.0,13,0.0,0,0.0,0,0.0,0.0
d3sl7a1,d.37.1.0,0.2,6,0.0,0,0.0,0,0.2,0.2
d1to3a1,c.1.10.1,0.0,9,0.444444,65,0.933333,65,-0.444444,-0.933333
d2vvga_,c.37.1.0,0.0,16,0.0,0,0.0,0,0.0,0.0
d5vn5a_,c.1.9.0,0.0,7,0.8,60,0.95,60,-0.8,-0.95
d2dg1a2,b.68.6.1,0.0,0,0.75,6,0.5,6,-0.75,-0.5
d2bhga1,b.47.1.4,0.0,2,0.0,0,0.0,0,0.0,0.0
d1ixca2,c.94.1.1,0.0,9,0.0,0,0.0,0,0.0,0.0
d1nhya1,a.45.1.1,0.0,0,0.0,0,0.0,0,0.0,0.0
d1v3ya_,d.167.1.1,0.2,6,0.0,0,0.0,0,0.2,0.2
d5visa_,c.1.21.0,0.0,5,0.75,10,0.75,10,-0.75,-0.75
d7dhfa1,c.44.1.0,0.0,0,0.75,13,0.75,13,-0.75,-0.75
