superfamily,n_domains,avg_disorder_propensity,avg_charge_fraction,avg_hydrophobic_fraction,avg_proline_fraction,avg_complexity
f.23.21,1,3.8333333333333335,0.45901639344262296,0.36065573770491804,0.0,0.7397813236505899
a.154.1,1,3.0476190476190474,0.29896907216494845,0.4054982817869416,0.01718213058419244,0.8221694828272685
a.137.5,1,3.0,0.4222222222222222,0.3111111111111111,0.0,0.8685266348190391
a.2.8,1,3.0,0.4722222222222222,0.3472222222222222,0.0,0.7904029808027322
a.137.15,1,2.901639344262295,0.25,0.45,0.05714285714285714,0.8448475333086668
g.16.3,1,2.8125,0.36,0.16,0.02666666666666667,0.8407857899617625
a.94.1,1,2.757575757575758,0.40559440559440557,0.3076923076923077,0.006993006993006993,0.8816757760519501
a.7.6,2,2.6647727272727275,0.32465834818775996,0.40873440285204987,0.010932857991681522,0.8310560342809694
g.88.1,1,2.55,0.30120481927710846,0.25301204819277107,0.024096385542168676,0.8406473019646488
b.117.1,1,2.526315789473684,0.30128205128205127,0.3269230769230769,0.03205128205128205,0.8704488998953941
a.7.16,1,2.5238095238095237,0.3132530120481928,0.39759036144578314,0.012048192771084338,0.8517994740515427
c.9.2,1,2.5,0.38028169014084506,0.2746478873239437,0.04225352112676056,0.9020542114792531
a.34.3,1,2.5,0.3620689655172414,0.3620689655172414,0.034482758620689655,0.8224145756352061
a.239.1,1,2.4705882352941178,0.41333333333333333,0.32,0.04,0.8746077725894856
b.104.1,2,2.4425675675675675,0.41940532081377147,0.24139280125195617,0.18877151799687011,0.8176204860892335
a.2.16,1,2.4166666666666665,0.46808510638297873,0.3404255319148936,0.0,0.7970593511030708
g.40.1,4,2.4035714285714285,0.3710221454173067,0.1461757552483359,0.097097414234511,0.8194098680927664
d.390.1,2,2.402745995423341,0.23108800482218203,0.41161844484629295,0.06216094032549729,0.8510791910876745
g.82.1,1,2.4,0.2727272727272727,0.35064935064935066,0.025974025974025976,0.8886358892660836
a.137.10,1,2.3947368421052633,0.4326241134751773,0.3333333333333333,0.03546099290780142,0.8679218584966716
c.12.1,3,2.3910675381263617,0.32672622592813183,0.32293296274237315,0.03886969757130567,0.8783615224055555
b.101.1,1,2.375,0.3333333333333333,0.21875,0.08333333333333333,0.8774755967481653
d.186.1,1,2.3333333333333335,0.3225806451612903,0.4032258064516129,0.0,0.8636063625723004
a.2.7,5,2.3263091049817057,0.4015257610606448,0.38466618652665163,0.03533505254435487,0.7884256725579663
a.282.1,1,2.303030303030303,0.2076923076923077,0.4307692307692308,0.06923076923076923,0.8996404945481068
a.171.1,1,2.27027027027027,0.36496350364963503,0.35766423357664234,0.0072992700729927005,0.8864957339210963
a.5.1,3,2.2611111111111115,0.28821428571428576,0.48753968253968255,0.020555555555555553,0.7979333295695739
f.50.1,1,2.257142857142857,0.203125,0.2734375,0.1015625,0.9203453089415172
a.137.7,1,2.25,0.3448275862068966,0.3103448275862069,0.0,0.7800001585625616
d.301.1,2,2.2336601307189543,0.3515625,0.3515625,0.046875,0.8549153392079678
b.72.3,1,2.2222222222222223,0.3333333333333333,0.30303030303030304,0.09090909090909091,0.8848487867734074
a.68.1,1,2.2142857142857144,0.2523364485981308,0.3177570093457944,0.018691588785046728,0.9132336992394536
a.25.3,4,2.2007660455486544,0.22726355873946236,0.3794004848221716,0.01227409638554217,0.8678636047328886
a.21.1,16,2.196035635685558,0.3731242694222277,0.35554817612338036,0.05428973860844671,0.898044368015318
a.137.14,1,2.176470588235294,0.38095238095238093,0.31746031746031744,0.031746031746031744,0.8955580155058505
g.88.2,1,2.1666666666666665,0.41025641025641024,0.28205128205128205,0.02564102564102564,0.7644171007896098
a.2.10,3,2.1615737203972496,0.3125925925925926,0.4511111111111111,0.007407407407407408,0.7995153410701129
a.215.1,1,2.1555555555555554,0.17365269461077845,0.40119760479041916,0.03592814371257485,0.888430442317737
d.362.1,1,2.1481481481481484,0.3402061855670103,0.3917525773195876,0.010309278350515464,0.8435750444868548
a.8.4,3,2.13743194540296,0.34652777777777777,0.40109126984126986,0.0076388888888888895,0.8749268241954113
a.4.7,2,2.1306818181818183,0.2703624733475479,0.3800639658848614,0.058422174840085286,0.8957399439880444
b.85.2,1,2.130434782608696,0.18947368421052632,0.43157894736842106,0.05263157894736842,0.8732543071528506
d.29.1,1,2.130434782608696,0.3780487804878049,0.4146341463414634,0.04878048780487805,0.860656260900769
a.46.2,4,2.130266523085207,0.25525854154370775,0.4659239950160666,0.03700734474391763,0.8568808407792441
d.58.23,3,2.1277777777777778,0.2099222350230415,0.43755280337941627,0.056177995391705066,0.8565791906875134
d.270.1,1,2.125,0.17763157894736842,0.4342105263157895,0.05921052631578947,0.8786878909631415
b.81.3,1,2.0943396226415096,0.164021164021164,0.4126984126984127,0.042328042328042326,0.8653415272843898
a.216.1,3,2.084236646206086,0.21217207585592465,0.43284561537482497,0.014656484663357514,0.8766419205270881
a.137.1,1,2.076923076923077,0.4489795918367347,0.24489795918367346,0.02040816326530612,0.8598828113474543
a.63.1,2,2.0731292517006805,0.24460587447830537,0.37103315221670996,0.018840066146940705,0.8620988426763811
a.2.21,1,2.0625,0.3269230769230769,0.40384615384615385,0.0,0.8498563745731582
a.25.6,1,2.0555555555555554,0.34375,0.390625,0.015625,0.8873983769862421
a.147.1,1,2.05,0.3582089552238806,0.40298507462686567,0.05970149253731343,0.9018693917542292
a.155.1,2,2.0416666666666665,0.3702127659574468,0.3702127659574468,0.02127659574468085,0.8365580275573541
b.2.10,1,2.0285714285714285,0.13793103448275862,0.4206896551724138,0.0896551724137931,0.872610368669299
c.8.1,1,2.027027027027027,0.22556390977443608,0.39849624060150374,0.03759398496240601,0.9003764953574364
a.24.3,9,2.0269189903491176,0.26031893406911,0.4418851086999073,0.03388946698069799,0.899829497627768
a.24.1,1,2.0238095238095237,0.3333333333333333,0.4097222222222222,0.006944444444444444,0.8501574433511815
a.24.23,1,2.0153846153846153,0.2168141592920354,0.37610619469026546,0.04424778761061947,0.9248216980666201
d.386.1,1,2.0,0.20238095238095238,0.40476190476190477,0.08333333333333333,0.8984164392415194
f.1.5,1,2.0,0.20279720279720279,0.40559440559440557,0.04895104895104895,0.8789796942206047
a.5.6,2,1.9984848484848485,0.3121031746031746,0.3871031746031746,0.023412698412698413,0.8738529452011204
b.61.4,2,1.9852941176470589,0.2687130407718643,0.40495642701525053,0.02606598194833489,0.9011712645553331
g.41.8,10,1.9805050401767659,0.33215253727123756,0.2706766549639182,0.05167916000438525,0.8827711354755138
a.17.1,2,1.9761904761904763,0.36455669224211423,0.23380221653878944,0.05104433077578858,0.8875835348975711
a.2.14,1,1.9666666666666666,0.41346153846153844,0.34615384615384615,0.038461538461538464,0.9124967689932884
d.245.1,1,1.9655172413793103,0.29,0.32,0.04,0.9237105904649133
d.247.1,1,1.9642857142857142,0.3655913978494624,0.3225806451612903,0.06451612903225806,0.9133296703688963
g.84.1,1,1.96,0.3516483516483517,0.17582417582417584,0.054945054945054944,0.824449253562314
a.38.1,7,1.9542507325510847,0.34861573621040226,0.3209702135351143,0.01974937894744074,0.872444585899719
f.48.1,1,1.95,0.3049645390070922,0.3829787234042553,0.0,0.883447544462225
a.140.4,1,1.9375,0.35185185185185186,0.3333333333333333,0.018518518518518517,0.9041545832484059
g.60.1,1,1.9375,0.24074074074074073,0.2037037037037037,0.07407407407407407,0.9178798896546225
a.38.2,1,1.9375,0.38333333333333336,0.3333333333333333,0.0,0.8540853908427327
a.5.7,3,1.9342047930283224,0.2515151515151515,0.4362054612054613,0.052369852369852365,0.9014630342717407
a.2.9,1,1.9285714285714286,0.2391304347826087,0.43478260869565216,0.021739130434782608,0.8261789467204472
a.2.2,3,1.9180035650623886,0.3544877780171898,0.37953506188800307,0.021920563097033687,0.8412460777694865
d.50.5,1,1.9166666666666667,0.2619047619047619,0.40476190476190477,0.03571428571428571,0.906603007263834
d.55.1,2,1.9085526315789474,0.30242424242424243,0.41848484848484846,0.03696969696969697,0.9067126980734176
a.159.2,6,1.9080877699298753,0.41711223630866495,0.3444366067133924,0.027999059472273758,0.8837266106847476
a.2.1,3,1.9075962018990504,0.3971264740884994,0.37506653683868874,0.021205236395109812,0.8743107226347459
d.58.13,1,1.90625,0.2692307692307692,0.4326923076923077,0.10576923076923077,0.846827221323312
a.187.1,1,1.90625,0.3431372549019608,0.35294117647058826,0.09803921568627451,0.8899952209869452
b.55.2,1,1.9047619047619047,0.33783783783783783,0.3783783783783784,0.013513513513513514,0.8709446137718158
d.52.1,2,1.9008333333333334,0.23413461538461539,0.4115384615384615,0.037980769230769235,0.8881322893388978
b.120.1,1,1.894736842105263,0.29,0.4,0.015,0.9252484042888248
f.4.5,1,1.8941176470588235,0.18394648829431437,0.3779264214046823,0.010033444816053512,0.8989023849680329
a.9.1,2,1.8928571428571428,0.2944444444444444,0.4263888888888889,0.061111111111111116,0.8241134348129278
a.2.5,2,1.8927231807951987,0.27826575785257535,0.40780690042864165,0.007518796992481203,0.8592454138356947
b.148.1,2,1.8899787910922587,0.22134387351778656,0.3116412572934312,0.08606248823640128,0.925689971892573
a.60.10,1,1.8888888888888888,0.3902439024390244,0.4146341463414634,0.0,0.8586521551045394
a.137.13,1,1.8888888888888888,0.5081967213114754,0.36065573770491804,0.06557377049180328,0.7606483582390092
a.47.4,1,1.8867924528301887,0.3333333333333333,0.4,0.03333333333333333,0.8993425174336668
g.5.1,2,1.884313725490196,0.3005518328734726,0.22960189199842335,0.04552621206148995,0.8749565133560908
g.25.1,1,1.8823529411764706,0.38181818181818183,0.12727272727272726,0.07272727272727272,0.8584610503186227
d.184.1,5,1.8814411764705885,0.233883527655183,0.38450876095118897,0.04180713830885097,0.8860958835052894
a.181.1,1,1.88,0.2978723404255319,0.4148936170212766,0.031914893617021274,0.9255886196499177
a.8.7,1,1.8679245283018868,0.22994652406417113,0.3689839572192513,0.0213903743315508,0.8960598849220599
g.2.1,1,1.8666666666666667,0.25,0.3333333333333333,0.0,0.9064198117952896
d.10.1,6,1.860037131413943,0.31337786753078506,0.3509017098111665,0.06622736664185357,0.9036687257739855
a.7.5,2,1.853125,0.4340376927470017,0.36088901580049493,0.01951265943270512,0.8536247109575812
d.378.1,1,1.85,0.2923076923076923,0.3384615384615385,0.03076923076923077,0.9207678033567042
a.37.1,2,1.8499999999999999,0.3653592617007251,0.3004284772577456,0.006756756756756757,0.8672906295929532
a.7.4,1,1.8444444444444446,0.2229299363057325,0.4267515923566879,0.012738853503184714,0.892418969764428
a.60.11,1,1.8421052631578947,0.4,0.3384615384615385,0.0,0.9020147768638337
a.164.1,1,1.84,0.27710843373493976,0.37349397590361444,0.024096385542168676,0.8561046879331631
a.13.1,2,1.8374384236453203,0.4051146384479718,0.3641975308641975,0.01710758377425044,0.866047340588263
a.118.23,1,1.8372093023255813,0.40298507462686567,0.34328358208955223,0.029850746268656716,0.8932865880992966
d.41.4,3,1.830682219865677,0.2931700063483367,0.40073908072924214,0.03670818110057153,0.9334501222919345
a.24.22,1,1.8235294117647058,0.28205128205128205,0.39316239316239315,0.05982905982905983,0.9470582186651175
a.24.17,2,1.8196078431372549,0.22794117647058823,0.505718954248366,0.05201525054466231,0.8592696368146502
g.54.1,2,1.8106060606060606,0.25709887102292167,0.19628806021211087,0.05148819705781731,0.8966935282065215
a.36.1,4,1.806246156999385,0.30981226499473463,0.3939745914568065,0.02651432775273269,0.894231924724421
a.8.10,1,1.8,0.3146067415730337,0.4157303370786517,0.011235955056179775,0.8828826507591186
d.371.1,1,1.794871794871795,0.3,0.4,0.007692307692307693,0.8761115208448845
a.39.4,1,1.7916666666666667,0.25925925925925924,0.4074074074074074,0.06172839506172839,0.8965225721829229
a.5.8,1,1.7916666666666667,0.3466666666666667,0.37333333333333335,0.06666666666666667,0.8912980845509162
a.136.1,2,1.7883995703544575,0.2800366695427092,0.42854831751509925,0.043518119068162206,0.9191665020881062
a.151.1,1,1.7878787878787878,0.4215686274509804,0.39215686274509803,0.029411764705882353,0.8502878791957599
a.144.1,5,1.7832432432432435,0.22227283038591966,0.42974751503846964,0.06124808957297316,0.8815421521607639
a.168.1,2,1.781748670212766,0.21800065876152835,0.4095520421607378,0.05778985507246377,0.9167711904633391
c.151.1,3,1.7815126050420167,0.25334475415031815,0.4656406300075843,0.03557919638890782,0.8444600552184908
b.3.8,2,1.7786547700754975,0.3463455149501661,0.32973421926910296,0.05592469545957918,0.9122053170338367
d.58.39,1,1.7777777777777777,0.35664335664335667,0.4195804195804196,0.0,0.8824832413756397
b.9.1,1,1.7777777777777777,0.18518518518518517,0.20987654320987653,0.1111111111111111,0.8595519056906701
a.24.9,12,1.7739271940194394,0.26957510696724984,0.4148873316224542,0.03552689080472101,0.9128294663513764
c.1.3,3,1.7706128061436281,0.27232137026540226,0.44536290452909527,0.04144521448918936,0.8940781008763264
g.96.1,2,1.7692307692307692,0.3412653975363942,0.36758118701007836,0.02379619260918253,0.8580164265914936
a.24.12,1,1.7692307692307692,0.2981366459627329,0.37888198757763975,0.0,0.8282337870069039
a.144.2,1,1.7692307692307692,0.3418803418803419,0.4188034188034188,0.017094017094017096,0.8953581734049908
a.2.6,2,1.7678571428571428,0.29334038054968287,0.39640591966173366,0.011627906976744186,0.8306978797578065
g.95.1,1,1.7647058823529411,0.34,0.24,0.04,0.8401973148069111
d.384.1,1,1.7619047619047619,0.2318840579710145,0.28502415458937197,0.08695652173913043,0.9400564503440463
a.7.14,3,1.761764416936831,0.3233945445355402,0.38180862182699804,0.026017973562243526,0.8937750554646343
d.336.1,1,1.7551020408163265,0.30625,0.4,0.0375,0.9572527914592651
d.50.2,2,1.752857142857143,0.3038461538461539,0.3555631868131868,0.03523351648351648,0.9232999835986302
f.46.1,2,1.7502228561240862,0.22385257900628608,0.4230775854645656,0.04150520967880823,0.9113713432230772
d.129.5,1,1.75,0.32051282051282054,0.4230769230769231,0.0641025641025641,0.8239670769263918
a.24.27,1,1.75,0.4756756756756757,0.3081081081081081,0.005405405405405406,0.8292686946708974
a.165.1,1,1.75,0.3939393939393939,0.30303030303030304,0.04040404040404041,0.8956342023806516
d.230.8,1,1.75,0.25,0.23076923076923078,0.038461538461538464,0.9007406310728472
a.60.5,1,1.75,0.32954545454545453,0.42045454545454547,0.022727272727272728,0.8949799550718917
d.99.1,2,1.7477678571428572,0.26449614215571665,0.43307224690203416,0.021451952303016133,0.8590898572028993
b.34.3,4,1.7472527472527473,0.3826763267025206,0.3110788704939631,0.04634988066696905,0.8514302870181094
d.258.1,3,1.7471540962352547,0.23856306148224374,0.39726528034705577,0.04469334221593038,0.931446630290834
a.138.1,22,1.7466250965091914,0.24873588338733593,0.30299759210612814,0.056420734267755,0.9325697230520241
d.48.1,2,1.7391304347826086,0.3444915254237288,0.4286723163841808,0.016807909604519774,0.8656519386338322
a.137.2,1,1.7391304347826086,0.3333333333333333,0.2898550724637681,0.07246376811594203,0.913790656181539
a.7.13,1,1.7391304347826086,0.2647058823529412,0.4264705882352941,0.058823529411764705,0.842838665655865
g.41.16,2,1.7388663967611335,0.3458333333333333,0.31212121212121213,0.07670454545454546,0.8921540352174179
d.201.1,4,1.7348276556375997,0.38484651943136516,0.367299707249798,0.04736351191659721,0.8889206208946341
g.35.1,6,1.7328751803751803,0.20186480234990498,0.36381198472110055,0.06398262606853446,0.9047503115660186
a.176.1,1,1.7321428571428572,0.2138728323699422,0.4277456647398844,0.03468208092485549,0.928009957428186
a.140.3,3,1.7319688109161795,0.2988815616661828,0.3738680823413933,0.028209807418467365,0.8653919045526174
d.355.1,1,1.7307692307692308,0.3974358974358974,0.3717948717948718,0.05128205128205128,0.8918228137791067
a.24.11,3,1.7307295854206608,0.19187396351575456,0.4031923714759536,0.02690713101160862,0.9007991707007429
a.3.1,44,1.729949593825895,0.23903510235586395,0.3834498558554042,0.05424633385317366,0.9191273320737756
a.47.2,5,1.7298406098406098,0.3478446676004568,0.34426834346760354,0.025375111780494942,0.9096197678903343
a.48.5,1,1.7297297297297298,0.29508196721311475,0.45081967213114754,0.02459016393442623,0.9056373110751756
a.137.3,2,1.7291666666666665,0.3858359133126935,0.381062951496388,0.06449948400412797,0.8789211350486228
a.161.1,1,1.7272727272727273,0.2571428571428571,0.38571428571428573,0.04285714285714286,0.9205695355922973
a.294.1,1,1.7254901960784315,0.3117283950617284,0.4351851851851852,0.037037037037037035,0.9127493002867676
d.79.9,2,1.7200854700854702,0.23784813655937298,0.45191920443632083,0.058381610334892656,0.9220809661199378
d.222.1,3,1.7160894660894659,0.30558209906035994,0.4036868928173276,0.010949195731804426,0.880485112040892
g.73.1,1,1.7142857142857142,0.22916666666666666,0.22916666666666666,0.125,0.8969035707811785
b.34.19,1,1.7142857142857142,0.2571428571428571,0.34285714285714286,0.05714285714285714,0.9205695355922973
d.53.1,1,1.7142857142857142,0.21782178217821782,0.4752475247524752,0.0297029702970297,0.8912771855640442
a.8.8,1,1.7142857142857142,0.19801980198019803,0.3564356435643564,0.039603960396039604,0.9220678292598904
d.41.3,3,1.713545847188778,0.2621051009400524,0.4343350285097858,0.047680690399137,0.8639918163638639
a.140.5,1,1.7073170731707317,0.25190839694656486,0.366412213740458,0.11450381679389313,0.9383110396427757
a.25.4,2,1.7067448680351904,0.2404483293387847,0.49309178062878894,0.05618215141688989,0.8926808147044873
d.211.2,2,1.7065936337329475,0.28305956528953047,0.3910320225651236,0.035631325701012115,0.9242991268713353
a.47.5,1,1.7045454545454546,0.2923076923076923,0.4076923076923077,0.03076923076923077,0.8473893639497002
d.94.1,4,1.7029283679283678,0.22701520473622586,0.44567728689457276,0.020560612806939427,0.893392573759469
d.212.1,3,1.7009022370535163,0.24358738904193447,0.4031297826752372,0.07551270278543006,0.9064561895592975
d.52.9,2,1.7007407407407407,0.2804878048780488,0.38414634146341464,0.07317073170731707,0.876952636646543
f.5.1,5,1.697669373892852,0.20981681135567326,0.43745878482307976,0.02840448311319904,0.8994120906785428
d.87.2,6,1.6962154650278383,0.2539038167216798,0.4781986587211839,0.02538426156864132,0.8896079332338241
g.41.2,3,1.6952380952380952,0.29775244563020453,0.2885035168566578,0.08714528256124181,0.9032687515878823
c.140.1,4,1.694574411842453,0.24295646482252312,0.43981055355852355,0.06469448677659566,0.9150504814305382
e.73.1,1,1.6904761904761905,0.1928020565552699,0.4524421593830334,0.07197943444730077,0.9138010317806838
c.22.1,4,1.6897204057643087,0.29289439295081815,0.4031694424220362,0.042746292381121286,0.9147621305250431
g.48.1,1,1.6896551724137931,0.2826086956521739,0.34782608695652173,0.05434782608695652,0.9348434776768514
a.4.9,2,1.6875,0.3795842711505362,0.42618826956176353,0.028531709254600822,0.870989276813791
d.58.22,1,1.6851851851851851,0.25949367088607594,0.44936708860759494,0.0379746835443038,0.8741669868990407
a.180.1,1,1.6842105263157894,0.30303030303030304,0.3787878787878788,0.030303030303030304,0.9157221798332508
a.88.1,1,1.6829268292682926,0.24242424242424243,0.44696969696969696,0.022727272727272728,0.9354948705643348
a.4.8,1,1.68,0.3835616438356164,0.3698630136986301,0.0410958904109589,0.8476583067519035
a.131.1,1,1.68,0.24358974358974358,0.47435897435897434,0.04487179487179487,0.9005953733244882
b.1.7,2,1.676984126984127,0.12227307398932113,0.4061022120518688,0.03493516399694889,0.8659204090577688
b.54.1,1,1.673913043478261,0.3237410071942446,0.34532374100719426,0.04316546762589928,0.9521347434801468
b.61.3,2,1.672737955346651,0.294458915462941,0.40385981529718207,0.030369405635803932,0.898545077668793
c.40.1,1,1.671875,0.16666666666666666,0.43434343434343436,0.05555555555555555,0.9389934089104633
a.7.2,2,1.671875,0.24990751017388085,0.4662412134665187,0.009618941916389196,0.9024105099227882
a.235.1,1,1.6703296703296704,0.23161764705882354,0.4117647058823529,0.07720588235294118,0.9272822934518643
a.75.1,2,1.6689793401171755,0.304426145136387,0.4261966031909418,0.0405901526848516,0.9297245011483272
a.223.1,1,1.6666666666666667,0.3621621621621622,0.41621621621621624,0.016216216216216217,0.8816906617948974
d.289.1,3,1.6659943977591036,0.2539359627784856,0.37104280088034286,0.054035870110815086,0.9365104404272119
b.39.1,2,1.6631701631701632,0.29967709885742677,0.39052409339294586,0.043219076005961254,0.8999134874276292
c.1.5,2,1.662411286134672,0.21210320024120255,0.4327001765947366,0.03347977774906319,0.9235527417933338
e.38.1,2,1.662084498291395,0.3194388715701102,0.37783573567085404,0.022238340689527455,0.9367093961016948
a.208.1,3,1.6587301587301588,0.200827893376853,0.43611134292743836,0.02252964930826008,0.918234966890516
c.55.6,2,1.6574754901960784,0.26054257319366103,0.43237980123556274,0.054011102157758076,0.8934613862709202
b.155.1,1,1.6571428571428573,0.297029702970297,0.40594059405940597,0.04950495049504951,0.8579127752262724
a.20.1,5,1.6556923076923078,0.2559273595436814,0.3892698839014864,0.060311123163917665,0.9037367252201939
a.29.9,1,1.6538461538461537,0.28859060402684567,0.4429530201342282,0.03355704697986577,0.9027871617730513
a.55.1,9,1.6537049531508563,0.2799044628597194,0.39440420053686637,0.04205965053117744,0.8936622462926136
c.117.1,4,1.6519354293441513,0.21906782385923199,0.4311843662821836,0.061952931913695476,0.930900710022008
c.134.1,3,1.6503106627779554,0.24371326720812772,0.43560350021436656,0.054810746440702385,0.9166719282114021
g.3.19,1,1.65,0.234375,0.140625,0.0,0.8360891254134745
d.382.1,1,1.65,0.1953125,0.4296875,0.0859375,0.9424252384169571
a.174.1,4,1.6486748545572076,0.2348805474210347,0.42693904325589754,0.03509495001837796,0.8893440212115743
a.48.1,2,1.646839223494276,0.26747737556561085,0.39066742081447964,0.06001131221719457,0.9116511105831249
d.81.4,3,1.6443136808990466,0.3433348602840128,0.42821852203011046,0.03394091766184789,0.8461422229199028
d.242.1,1,1.6428571428571428,0.3026315789473684,0.5,0.039473684210526314,0.8044842363173368
a.298.1,3,1.6427608121588584,0.15974576517206815,0.43352016168660706,0.04186048001844351,0.8694557940263067
c.98.1,2,1.642156862745098,0.24876237623762376,0.49257425742574257,0.049752475247524755,0.8779283556541584
a.153.1,2,1.641025641025641,0.22163120567375888,0.35076832151300236,0.06294326241134751,0.8222511128963029
c.127.1,1,1.6404494382022472,0.32978723404255317,0.45390070921985815,0.05673758865248227,0.9080138806722471
a.64.2,1,1.64,0.22857142857142856,0.5142857142857142,0.014285714285714285,0.8253312584698012
d.230.6,2,1.6370967741935485,0.2629349816849817,0.4275412087912088,0.01591117216117216,0.8966227875793531
a.34.2,1,1.6363636363636365,0.16129032258064516,0.5161290322580645,0.0,0.7319784914431665
b.34.5,16,1.6360730891734598,0.29289423885625065,0.35648034432048215,0.048813617669385155,0.8947058879695861
b.153.1,2,1.6341880341880342,0.22240694185386425,0.4325075014191874,0.07162841618684616,0.9042472689132128
a.293.1,1,1.6333333333333333,0.28865979381443296,0.4742268041237113,0.020618556701030927,0.9303773093982263
e.59.1,1,1.6326530612244898,0.2206896551724138,0.44482758620689655,0.07241379310344828,0.8993702097921321
d.233.1,2,1.6326219512195121,0.2107672587438198,0.35945797472990293,0.062259659403039735,0.9430651223717843
d.357.1,2,1.6321510297482837,0.18129960317460317,0.4725322420634921,0.05915178571428571,0.9128981761124821
b.3.7,1,1.6304347826086956,0.20666666666666667,0.35333333333333333,0.06666666666666667,0.931224148940831
e.75.1,1,1.62987012987013,0.2604166666666667,0.36875,0.035416666666666666,0.9573942678483338
d.57.1,1,1.6296296296296295,0.25925925925925924,0.43209876543209874,0.037037037037037035,0.9275496139583117
d.15.8,1,1.6296296296296295,0.3815789473684211,0.3815789473684211,0.039473684210526314,0.8843057922748924
a.2.19,2,1.6294117647058823,0.2994214079074253,0.33381549341047895,0.01639344262295082,0.8761144756773238
c.1.24,2,1.6293664383561643,0.24154314584936595,0.4519690835480309,0.040736775186535956,0.9062508634449291
d.50.1,18,1.6292560945623882,0.28156256006453523,0.38003391506348666,0.04590162440831149,0.9163247468344361
d.26.1,27,1.6238147127247853,0.2768554179268366,0.3795437516984969,0.050194640216336066,0.9130836153231011
a.71.1,2,1.6208333333333333,0.3402122641509434,0.3960298742138365,0.01985062893081761,0.8965778830577884
a.23.1,1,1.6206896551724137,0.4105263157894737,0.3894736842105263,0.0,0.8585851556688027
a.118.5,1,1.6206896551724137,0.25555555555555554,0.42,0.042222222222222223,0.9451893894443837
a.29.11,1,1.619047619047619,0.2661290322580645,0.4838709677419355,0.024193548387096774,0.8424181409559137
a.283.1,1,1.6176470588235294,0.3137254901960784,0.37254901960784315,0.029411764705882353,0.9012327127027828
a.4.13,8,1.6164697994288955,0.36639966579165983,0.379442420284946,0.03339745857291514,0.8678052988086322
a.24.24,1,1.6153846153846154,0.28695652173913044,0.3739130434782609,0.02608695652173913,0.9281489192036287
d.129.8,1,1.6153846153846154,0.23387096774193547,0.4274193548387097,0.03225806451612903,0.9331538502772313
c.142.1,1,1.6144578313253013,0.2612244897959184,0.3673469387755102,0.04897959183673469,0.9422404954112624
a.7.1,11,1.614335107552488,0.32257849403022126,0.37327686832282564,0.014971258582272079,0.9109942442279472
d.58.33,2,1.6136363636363638,0.24662162162162163,0.42567567567567566,0.05067567567567568,0.9229690030473491
a.24.8,1,1.6133333333333333,0.23684210526315788,0.41228070175438597,0.02631578947368421,0.9339198499100694
a.46.1,1,1.6129032258064515,0.28888888888888886,0.4222222222222222,0.044444444444444446,0.9355595612472829
a.191.1,1,1.6119402985074627,0.335,0.435,0.02,0.9109264502963424
d.24.1,13,1.6110416044764972,0.21081801532532335,0.39688016796248377,0.04009175129681551,0.9071913982971664
a.2.15,2,1.6107142857142858,0.3646235842771486,0.339307128580946,0.029513657561625585,0.909154685944831
d.154.1,2,1.6091122827016244,0.21949708993405728,0.42429957844510285,0.04388323140478419,0.9101295077863816
d.325.1,5,1.609090909090909,0.2931910598764531,0.3362122671336154,0.041532775588955365,0.8949633529443458
g.32.1,3,1.6082070707070706,0.308656330749354,0.3772609819121447,0.0335594315245478,0.877702480294281
d.47.1,2,1.6074074074074074,0.18571428571428572,0.44166666666666665,0.09047619047619047,0.8897530156421666
a.113.1,2,1.6072762189267045,0.3251851851851852,0.4297643097643098,0.045791245791245785,0.876901381703745
a.28.2,1,1.6071428571428572,0.32926829268292684,0.3780487804878049,0.04878048780487805,0.9139528628285023
a.81.1,1,1.606060606060606,0.2549019607843137,0.4117647058823529,0.049019607843137254,0.9272272068970162
d.381.1,2,1.6050249687890137,0.26175919132632264,0.4677590282872748,0.06086247656313687,0.9117987382812591
a.254.1,1,1.6037735849056605,0.20754716981132076,0.48427672955974843,0.06289308176100629,0.8885671246545019
b.1.8,6,1.603332050588149,0.20013232123723582,0.34893248364405566,0.057032333073636664,0.9107515464146667
a.238.1,8,1.6022243308119755,0.3016166845957081,0.38675752141925557,0.020419769116320333,0.932078741214773
c.1.20,2,1.6007874015748031,0.2744888686960473,0.4101923368165985,0.05101847645009844,0.9514285956132706
b.103.1,3,1.6002405206564798,0.23475544922913347,0.41965709728867623,0.07210038986354776,0.9178170096898634
d.50.4,1,1.6,0.26262626262626265,0.37373737373737376,0.030303030303030304,0.9394930088577781
d.78.1,1,1.6,0.3472222222222222,0.375,0.041666666666666664,0.8846541424660933
a.299.1,1,1.6,0.24081632653061225,0.4530612244897959,0.044897959183673466,0.9503513755408061
d.350.1,1,1.6,0.2962962962962963,0.3611111111111111,0.08333333333333333,0.9229884392192289
b.34.15,1,1.6,0.27884615384615385,0.38461538461538464,0.04807692307692308,0.9268492985735681
d.58.50,1,1.6,0.2755102040816326,0.5306122448979592,0.04081632653061224,0.8574870069527863
a.73.1,8,1.599176468516473,0.190975933519376,0.4033616031407315,0.07986425611328604,0.930100507320356
d.187.1,1,1.5957446808510638,0.25,0.36363636363636365,0.07575757575757576,0.9439831971686533
a.11.1,3,1.593333333333333,0.2973944270243591,0.404422705629591,0.036622100281624714,0.9322546402244827
a.118.15,1,1.5925925925925926,0.25625,0.4875,0.06875,0.9018030623046872
a.221.1,1,1.5925925925925926,0.40789473684210525,0.39473684210526316,0.0,0.8643207305036288
a.46.3,1,1.5925925925925926,0.47435897435897434,0.358974358974359,0.01282051282051282,0.8233228363344982
a.140.6,1,1.5909090909090908,0.36507936507936506,0.3492063492063492,0.06349206349206349,0.8733626979070018
c.1.31,2,1.5906976744186045,0.22747851568930888,0.4627029073787495,0.054747950347370844,0.9040766678037571
a.52.1,7,1.5906975023329522,0.18193553870503143,0.35081455922527516,0.058522046797480756,0.8835524200700497
d.68.7,3,1.5884926787252371,0.3374946374946375,0.33324753324753326,0.032303732303732305,0.9092600606528763
c.23.8,2,1.5871657754010695,0.2005040322580645,0.4570564516129032,0.05080645161290323,0.9205822664767738
a.196.1,1,1.5869565217391304,0.2689655172413793,0.38620689655172413,0.05517241379310345,0.9416405315771746
d.150.1,7,1.5863199575011266,0.2524865612560488,0.43585415967356755,0.03720234978828823,0.899857835768693
d.261.1,1,1.5838509316770186,0.26875,0.41458333333333336,0.04791666666666667,0.9448755647327992
g.41.1,1,1.5833333333333333,0.2571428571428571,0.2,0.11428571428571428,0.8627455995114881
f.23.3,1,1.5833333333333333,0.2857142857142857,0.5285714285714286,0.014285714285714285,0.8893646475831343
c.113.1,2,1.582879762493815,0.23678266178266177,0.44398656898656896,0.06257631257631258,0.8941797655283831
d.64.1,2,1.5825,0.3144324265268218,0.3586802141374413,0.01327433628318584,0.8732336698248261
g.20.1,3,1.5819444444444446,0.2844937008619873,0.15633702756464904,0.08061949417448139,0.8706161190458562
d.12.1,6,1.5813201676204773,0.3418396184217733,0.3897710853669825,0.033411979546691055,0.894894285964316
c.51.3,3,1.581102052069794,0.18397756246186858,0.41385031247813386,0.06580300926693157,0.9177620563608277
e.81.1,1,1.5798816568047338,0.2718052738336714,0.4239350912778905,0.07505070993914807,0.9041280887540064
d.303.1,5,1.5752732240437157,0.26264018350237156,0.417555843450421,0.07822064476334314,0.9529790329436203
c.122.1,9,1.5740382432549203,0.21477298671992026,0.43520273215613836,0.05462610359726655,0.9289574018592057
a.102.5,2,1.5726092089728454,0.2087203302373581,0.4071207430340557,0.047342621259029924,0.9421667599533905
f.45.1,1,1.5714285714285714,0.3484848484848485,0.3333333333333333,0.07575757575757576,0.9050706964029517
a.7.7,4,1.5713768051106778,0.354853125698276,0.36095068667388575,0.022605665274411726,0.8932133668185158
d.67.3,4,1.5706168831168832,0.31758401466377584,0.39748069793614804,0.050155575048410325,0.9029409188708761
d.11.1,2,1.5701754385964912,0.26130582249858675,0.3535895986433013,0.057801017524024875,0.8970233376851644
e.45.1,1,1.568421052631579,0.25517241379310346,0.4,0.04482758620689655,0.9498157693809621
c.154.1,1,1.5671641791044777,0.22488038277511962,0.4019138755980861,0.05263157894736842,0.9487121075116424
a.137.12,1,1.5666666666666667,0.32608695652173914,0.358695652173913,0.043478260869565216,0.9029262362419695
c.55.4,7,1.5659130918996789,0.2564220018419476,0.4130360866491767,0.030430331103454823,0.911967225101389
c.1.14,5,1.564357593461833,0.23849426760240497,0.43244300655244877,0.0531969367468248,0.9411317233540208
c.39.1,4,1.562302812318009,0.17203315152504006,0.487092096777953,0.051156405634503174,0.9023334183091646
c.21.1,2,1.562062937062937,0.3059327186138413,0.39846995642922284,0.06429222818927957,0.9152468014583499
c.146.1,2,1.560744627686157,0.1964277896948737,0.4573884778706825,0.038685264632491355,0.904515245806295
d.67.2,2,1.5603345280764636,0.2808613184079602,0.4545242537313433,0.08939676616915423,0.887396574821651
a.4.1,113,1.5600157022798498,0.2883118531573795,0.39168435556160547,0.033966534599314264,0.9033093448440993
d.279.1,1,1.56,0.34177215189873417,0.34177215189873417,0.05063291139240506,0.9582826829000648
a.60.2,15,1.5598040482014761,0.2901457997407641,0.4196724214462995,0.041676824490901536,0.8711447714711086
b.40.1,1,1.558139534883721,0.3178294573643411,0.4108527131782946,0.031007751937984496,0.921921678824667
a.16.1,4,1.556094348659004,0.32425751511590906,0.3881078492570561,0.021121575971212454,0.9004298059470334
d.58.3,7,1.5557715745042293,0.289504471324289,0.3997396249367385,0.030821913346203635,0.9001798769025537
e.54.1,1,1.5555555555555556,0.3049645390070922,0.41843971631205673,0.031914893617021274,0.9157653432570448
a.237.1,1,1.5555555555555556,0.29333333333333333,0.41333333333333333,0.05333333333333334,0.9215732682580339
a.193.1,1,1.5555555555555556,0.3448275862068966,0.39655172413793105,0.034482758620689655,0.9000130578927205
a.295.1,1,1.554054054054054,0.28444444444444444,0.44,0.022222222222222223,0.9200609913220396
b.114.1,1,1.5517241379310345,0.345679012345679,0.32098765432098764,0.037037037037037035,0.8811768430721514
a.276.1,1,1.5517241379310345,0.3411764705882353,0.38823529411764707,0.023529411764705882,0.9349504677301946
a.137.4,1,1.5517241379310345,0.2840909090909091,0.36363636363636365,0.06818181818181818,0.9386038327634849
b.72.1,9,1.5496116537783202,0.23054309262356554,0.32197467330476487,0.09138094430015355,0.8909639325366522
e.6.1,22,1.5485300576027685,0.23030058140065116,0.41105930892716036,0.047918971161690596,0.9379799431672929
a.137.11,1,1.5483870967741935,0.45977011494252873,0.3103448275862069,0.0,0.8050220018168047
b.92.1,2,1.5476190476190477,0.20014903129657227,0.43040238450074514,0.0518628912071535,0.853232258083056
c.51.5,1,1.5471698113207548,0.17964071856287425,0.4431137724550898,0.023952095808383235,0.9035630618021943
a.28.3,7,1.5464486333597562,0.2543043930859057,0.38669999468318794,0.07359882414504262,0.9227710373098009
b.1.31,1,1.5454545454545454,0.319672131147541,0.36065573770491804,0.040983606557377046,0.9119783035409905
d.319.1,1,1.5454545454545454,0.2440944881889764,0.49606299212598426,0.07086614173228346,0.8868148228939371
b.157.1,3,1.5438336870663525,0.2364814118408379,0.3713585022271996,0.024496058109989668,0.9485196059827743
d.98.1,2,1.543363499245852,0.16688311688311688,0.3911255411255411,0.05108225108225108,0.9490576112601306
d.66.1,7,1.5413381124711176,0.2842873635347405,0.41155446129215295,0.03152107323818381,0.9041278988124039
d.243.1,2,1.5410410410410411,0.3281077278665461,0.27856496834489,0.05165310019093559,0.9139524652917015
d.58.42,2,1.5397727272727273,0.2893352462936394,0.40506934481109513,0.057867049258727876,0.924721442157161
d.52.3,7,1.5397269563473177,0.2958562164110242,0.42749728057519204,0.03999880221676173,0.8804023959189081
d.76.2,2,1.5392857142857141,0.31896551724137934,0.3793103448275862,0.08620689655172414,0.9062402314305271
d.107.1,4,1.5392743997862512,0.23829092330695453,0.40180260628453707,0.05676370564523671,0.9363293819456706
a.69.3,2,1.5392156862745099,0.2501356483993489,0.5051003798155181,0.041779706999457406,0.8978404804340401
d.280.1,1,1.5390625,0.2570694087403599,0.4473007712082262,0.07197943444730077,0.9379675529308055
g.28.1,5,1.5388478570543789,0.22729372967610367,0.2545806617552498,0.08251933640756189,0.9329963447651334
b.34.8,1,1.5384615384615385,0.1864406779661017,0.4067796610169492,0.059322033898305086,0.9370154447249706
d.74.4,4,1.5375313283208019,0.30893703357042046,0.45800290815608213,0.04858791687086183,0.8684720178768137
e.24.1,3,1.5368340943683407,0.30100599813650125,0.4127576869322152,0.05670256397457655,0.9138713465295988
d.68.1,3,1.5364396654719237,0.3522466937415391,0.39694366343850884,0.032784025825262936,0.9076092164516608
d.385.1,1,1.5357142857142858,0.30409356725146197,0.3742690058479532,0.03508771929824561,0.9467576727775361
a.2.3,10,1.5343665967787143,0.28802384933038755,0.3881367368519189,0.04048837254330152,0.9165111862934081
d.377.1,1,1.5342465753424657,0.2169811320754717,0.4669811320754717,0.09433962264150944,0.892883380911516
d.84.1,2,1.5340909090909092,0.16822353326778106,0.3977794165847263,0.06760078662733529,0.9285090754108358
b.1.33,2,1.5337037037037038,0.2515923566878981,0.39490445859872614,0.07643312101910828,0.9354817891480819
a.270.1,1,1.5333333333333334,0.32142857142857145,0.39285714285714285,0.03571428571428571,0.9230626283357978
a.29.12,2,1.5332532051282053,0.2649350649350649,0.40144300144300143,0.05353535353535353,0.9552428587244155
a.56.1,4,1.5325815470643056,0.20366126669954387,0.36229993523924386,0.0625013004068798,0.9466470072900728
g.45.1,2,1.5322003577817531,0.20528349169886184,0.4096272319097839,0.07873029132296126,0.9267522363277227
a.259.1,1,1.5319148936170213,0.17829457364341086,0.4186046511627907,0.015503875968992248,0.8622526852073786
b.51.1,4,1.5318642674875818,0.28636990694013886,0.41881301866804443,0.06642155095763344,0.9036254084858621
c.1.12,18,1.5314836114611179,0.22645181846882162,0.45547955966830805,0.04578895160383806,0.9322870505415719
d.58.15,1,1.53125,0.3163265306122449,0.3469387755102041,0.061224489795918366,0.9093038935060189
d.58.52,2,1.5298408488063662,0.2501232944270919,0.40950189051454877,0.006493506493506494,0.8854068815526491
d.229.1,2,1.5297297297297296,0.3395334928229665,0.42811004784689,0.03367224880382775,0.8671133556712571
g.77.1,2,1.5293772032902468,0.2024883059266046,0.3294835318512803,0.04475092829242417,0.9244184917160436
d.235.1,2,1.5284900284900287,0.3633238501659554,0.3972854433380749,0.020092460881934567,0.8578969644405271
g.36.1,1,1.5277777777777777,0.29464285714285715,0.32142857142857145,0.05357142857142857,0.9706985088529322
b.82.7,2,1.527027027027027,0.2595008051529791,0.37620772946859904,0.040257648953301126,0.911431800068021
d.58.31,5,1.525927830786309,0.26203495496137325,0.4082703663479464,0.05576910564229458,0.9436087100048525
c.95.1,57,1.525786012367738,0.21014476231939666,0.43022913487146464,0.04781898277946361,0.9241762040683311
a.4.12,4,1.5256578947368422,0.3199465254911601,0.41792358312362937,0.025804098768946133,0.9082163664109005
b.110.1,2,1.5256410256410255,0.1900321497667008,0.3868996813474451,0.09146324115170137,0.923119703603249
a.24.18,1,1.525,0.2767857142857143,0.4017857142857143,0.05357142857142857,0.9057091419377048
a.288.1,3,1.5243589743589743,0.24496578690127077,0.42450309547083737,0.032974910394265235,0.9395021727266064
b.52.1,8,1.5243506823548558,0.2116913994673501,0.369304897359036,0.06849408803299062,0.9397884802590716
b.176.1,1,1.5238095238095237,0.22560975609756098,0.40853658536585363,0.06097560975609756,0.9475740046598744
b.178.1,1,1.5238095238095237,0.27956989247311825,0.41935483870967744,0.053763440860215055,0.9152729467079644
g.2.2,1,1.5238095238095237,0.2909090909090909,0.2909090909090909,0.01818181818181818,0.8398443869294818
f.53.1,1,1.5238095238095237,0.3333333333333333,0.4083333333333333,0.05,0.9146199499243783
d.51.1,28,1.5224735603806325,0.27071908623639673,0.38748848385603524,0.045026464155745786,0.9021794787658642
c.72.3,3,1.5222832722832722,0.22604130265323077,0.45943274189735894,0.04775645108442795,0.9208456173561919
g.3.1,3,1.5217592592592595,0.1782165440702026,0.17336430507162212,0.0469479932894567,0.7901673634289081
g.90.1,1,1.5217391304347827,0.27692307692307694,0.24615384615384617,0.046153846153846156,0.9087786188990512
d.168.1,5,1.5216091788033008,0.2558239933582399,0.4060066807986248,0.07023109525278118,0.9391710912243296
b.1.3,3,1.5210573476702507,0.16645622895622894,0.396969696969697,0.0654040404040404,0.8810316148788839
g.41.6,1,1.52,0.38028169014084506,0.30985915492957744,0.014084507042253521,0.9255541556695975
c.51.4,9,1.519573610421036,0.24955869342201728,0.4225182002054778,0.05162499812051632,0.9296791212576826
a.130.1,10,1.5179961204542045,0.3136033843772643,0.4205048795008298,0.04729622060559677,0.8940949945300659
d.393.1,3,1.517196236127135,0.32489572480445217,0.37541051013651194,0.0348047244547258,0.9285661257532306
c.41.1,11,1.516249633896777,0.15305931532358136,0.39529143137809686,0.05060921732963435,0.9199283673646075
a.49.1,1,1.5161290322580645,0.3111111111111111,0.4222222222222222,0.011111111111111112,0.8967900451877586
d.348.1,4,1.5154725047913904,0.25554739800429455,0.3882112858405962,0.017748989516230895,0.9178287634774688
a.41.1,3,1.5144756227087404,0.26956315289648625,0.3987654320987654,0.058131528964862296,0.9216791724978632
e.58.1,1,1.514360313315927,0.19162210338680927,0.44295900178253117,0.053475935828877004,0.9410791652856028
b.27.1,1,1.5138888888888888,0.28125,0.29910714285714285,0.026785714285714284,0.9117442133469305
b.1.16,1,1.5135135135135136,0.23853211009174313,0.3577981651376147,0.045871559633027525,0.9477388021498956
a.279.1,1,1.5135135135135136,0.2920353982300885,0.39823008849557523,0.017699115044247787,0.9334419828902635
d.152.1,1,1.513157894736842,0.22857142857142856,0.43333333333333335,0.05238095238095238,0.9093188477318481
a.60.6,4,1.5126088069636456,0.25817585372593155,0.3965824004744607,0.03652723768188221,0.9104501923587358
d.75.2,2,1.5125,0.23786231884057973,0.44257246376811593,0.07228260869565217,0.9181804696923304
d.146.1,2,1.5115384615384615,0.22916397467373045,0.3718180643493991,0.05110479390102081,0.9449835207984738
a.23.2,1,1.511111111111111,0.3284671532846715,0.4233576642335766,0.0364963503649635,0.9114530601537458
e.51.1,1,1.5108695652173914,0.22202166064981949,0.4223826714801444,0.04512635379061372,0.9561409064298826
g.94.1,2,1.5105820105820107,0.21800090456806875,0.3456580732700136,0.03765264586160109,0.9088666820216248
b.42.5,5,1.510360731208443,0.24139506141167702,0.3584270302641944,0.0244446628994478,0.9181466415716155
a.118.13,1,1.510204081632653,0.2867132867132867,0.3986013986013986,0.027972027972027972,0.9228471654996676
d.65.1,5,1.5088935574229692,0.22730582084925502,0.38064719520046353,0.04586941915110213,0.952592399980427
d.338.1,1,1.506578947368421,0.279445727482679,0.3695150115473441,0.050808314087759814,0.9387777360572012
c.1.30,1,1.5060240963855422,0.2145748987854251,0.44534412955465585,0.044534412955465584,0.9456035498403732
b.46.1,6,1.5059164553572177,0.24291266705440218,0.4046350393877658,0.05494577241391582,0.9189271142728637
g.3.15,5,1.504799944525345,0.2819327731092437,0.19716164468486447,0.06978815817825106,0.8574574728914808
a.35.1,37,1.503932988834548,0.25691466144592284,0.4238655270571192,0.035836453206735154,0.8995124150119659
g.79.1,2,1.501602564102564,0.26794258373205737,0.3069890635680109,0.06544771018455228,0.9461321063074898
b.76.1,2,1.5012345679012347,0.2867779204107831,0.32133076593923837,0.0020325203252032522,0.8471455774480154
d.59.1,2,1.5009881422924902,0.303030303030303,0.3984848484848485,0.05606060606060606,0.8898386971597295
f.7.1,3,1.500110323934927,0.19816364216958135,0.41954693524544906,0.047422332949230046,0.9506304806597257
a.12.1,1,1.5,0.3333333333333333,0.3974358974358974,0.038461538461538464,0.9429868075566712
b.34.17,1,1.5,0.23157894736842105,0.4,0.07368421052631578,0.9180844334741023
d.97.1,1,1.5,0.3069306930693069,0.38613861386138615,0.07920792079207921,0.9369385395639894
d.8.1,1,1.5,0.28,0.44,0.05,0.9226357032486424
b.173.1,1,1.5,0.24242424242424243,0.48484848484848486,0.06060606060606061,0.8953879996681328
a.247.1,1,1.5,0.23711340206185566,0.41237113402061853,0.05154639175257732,0.9411049101505504
a.206.1,1,1.5,0.21574344023323616,0.4139941690962099,0.052478134110787174,0.9586078450392568
a.60.13,1,1.5,0.38613861386138615,0.40594059405940597,0.039603960396039604,0.8878118515446799
c.76.1,7,1.4994549505803734,0.2068336115421218,0.40569629135563623,0.06792633936382915,0.9468854997596304
d.58.21,2,1.499401913875598,0.28523854511100616,0.4536136041568257,0.041237600377893244,0.8864529519401338
d.176.1,2,1.4991443588803324,0.22040578671563577,0.40823517116794317,0.09882653289738881,0.9421414382402018
a.29.3,19,1.496792237188774,0.2250567958362241,0.4715496590495808,0.019300255246061347,0.9235958911266868
d.133.1,5,1.494241445245935,0.20676953129209935,0.4198500483258695,0.05223829359269162,0.9533185975500922
a.8.5,2,1.4918300653594772,0.33384674624566807,0.4131690412013862,0.018867924528301886,0.8682452479465338
a.281.1,3,1.4906444906444907,0.2816723597211402,0.41962539035709767,0.014749339139583045,0.9010209462904046
d.275.1,1,1.4901960784313726,0.24489795918367346,0.41496598639455784,0.013605442176870748,0.9119773654588744
d.244.1,2,1.489695340501792,0.32085726004922066,0.3741796554552912,0.019585726004922067,0.8981066699634972
a.140.2,6,1.488081798375916,0.33183762553510454,0.38353884341279304,0.022280575011667445,0.8466538973009957
g.80.1,3,1.4876543209876543,0.2647954770400313,0.29353494523043144,0.054075072152772574,0.9204438901593992
c.49.2,4,1.4875449366738567,0.2586389038955768,0.42282568146577765,0.029400314442941812,0.9343529179138005
d.79.7,9,1.4866275981724486,0.2802042024678,0.37296356586415247,0.037767172450472335,0.9207864663518374
d.149.1,1,1.4857142857142858,0.27722772277227725,0.3910891089108911,0.08415841584158416,0.9501517202817309
c.47.2,1,1.4857142857142858,0.25263157894736843,0.4105263157894737,0.031578947368421054,0.8930985709240787
d.82.5,1,1.4848484848484849,0.33,0.39,0.03,0.932727502637596
a.263.1,1,1.4848484848484849,0.328042328042328,0.3862433862433862,0.031746031746031744,0.9362532163343914
a.69.4,2,1.4843189964157706,0.3018849206349206,0.4141865079365079,0.020039682539682538,0.9201953330162272
b.53.1,4,1.4842338041659644,0.2868448185939527,0.40908834649309667,0.06924743857450438,0.9256882512045678
d.41.1,6,1.484203971695103,0.22960437276958987,0.4571019346535734,0.05860530783346585,0.9056475080103809
d.254.1,5,1.4834421921921923,0.23086885237866506,0.3378692003803511,0.05555777481513432,0.9344362608801792
a.69.1,7,1.4824527299452777,0.28947944026276085,0.4325078464348028,0.03184894171252665,0.926317814260627
d.306.1,3,1.4822445107075088,0.2575399637766753,0.43645168910937865,0.03832978974722419,0.8998689114537196
e.10.1,3,1.4821855210995125,0.28969408720608253,0.4058381262895366,0.04534825062825129,0.9524966494572903
d.315.1,1,1.4821428571428572,0.3291139240506329,0.37341772151898733,0.056962025316455694,0.9186810813822235
b.84.5,1,1.4814814814814814,0.33766233766233766,0.4025974025974026,0.06493506493506493,0.8371721832279285
c.14.1,67,1.4812136146730361,0.2312998256358469,0.45105757120291173,0.04277861342958302,0.9257307312538605
c.128.1,1,1.4807692307692308,0.2808219178082192,0.4315068493150685,0.0410958904109589,0.9321716313942494
a.5.2,34,1.4804534947156853,0.24812402405317768,0.40835340645730944,0.03312808229711195,0.87941993659356
g.1.1,1,1.48,0.24285714285714285,0.34285714285714286,0.07142857142857142,0.9214004942115136
a.286.1,1,1.48,0.2916666666666667,0.4652777777777778,0.013888888888888888,0.9230791247441426
e.32.1,1,1.48,0.20506329113924052,0.3569620253164557,0.010126582278481013,0.8764348131409347
a.269.1,1,1.4794520547945205,0.31840796019900497,0.4079601990049751,0.03482587064676617,0.913598932516077
c.141.1,2,1.478398908076672,0.21179599943254362,0.43257908923251526,0.03600510710739112,0.9242696027507216
d.248.1,1,1.4782608695652173,0.2767857142857143,0.3630952380952381,0.05357142857142857,0.9717295050834291
e.78.1,1,1.4782608695652173,0.2995169082125604,0.42028985507246375,0.033816425120772944,0.9330400559739616
c.19.1,3,1.4780174595141702,0.23212659161993962,0.3919439978627062,0.05797837302180911,0.9485207900859223
d.230.7,1,1.4761904761904763,0.125,0.44642857142857145,0.05357142857142857,0.8779266990209699
f.23.16,1,1.4736842105263157,0.25477707006369427,0.4585987261146497,0.044585987261146494,0.927792710412674
g.34.1,1,1.4736842105263157,0.4074074074074074,0.37037037037037035,0.018518518518518517,0.849323382051731
b.130.1,1,1.4736842105263157,0.211864406779661,0.3644067796610169,0.0423728813559322,0.9168732944130706
a.30.1,1,1.4736842105263157,0.3050847457627119,0.4067796610169492,0.0,0.8830119569780668
g.63.1,1,1.4736842105263157,0.22413793103448276,0.20689655172413793,0.017241379310344827,0.8980574133488398
d.367.1,3,1.4719298245614034,0.24970618034447822,0.4238095238095238,0.04127659574468085,0.8780847184048661
c.55.5,5,1.4708875338753389,0.22703590140017926,0.4497964791984024,0.03967971436186952,0.9008420876084603
a.23.4,1,1.4705882352941178,0.22105263157894736,0.4105263157894737,0.06315789473684211,0.8887843887036916
a.93.1,7,1.4705393442427321,0.22664268223643277,0.3966069595615607,0.06154395784594047,0.9395931148264207
b.65.1,4,1.4694402194402194,0.27540124724864595,0.34593010355116083,0.04670064488812585,0.927303806654296
f.4.1,8,1.4688913072276735,0.22917243566770515,0.3810789982449055,0.037114219547783635,0.9229288146133375
d.74.5,1,1.46875,0.32142857142857145,0.44047619047619047,0.047619047619047616,0.8666184926754544
d.116.1,5,1.4677628621507373,0.23076652071414444,0.45183266840686886,0.054934653834601666,0.8999197644953364
g.38.1,5,1.4676298701298702,0.31903183537329877,0.21869471991423212,0.06199678370410078,0.8584163022540183
a.24.7,1,1.4666666666666666,0.29545454545454547,0.4090909090909091,0.022727272727272728,0.9547029002345552
b.6.2,2,1.466534316505956,0.18220180045011253,0.32748812203050764,0.07086146536634158,0.9192353350182301
a.6.1,17,1.4663850131284855,0.29548952231212783,0.3886656195373433,0.03819115389376824,0.9109434669996014
d.41.5,6,1.4661840305584979,0.2714397570515563,0.43971945133837326,0.04513308175477951,0.9245907353686599
d.250.1,5,1.4652705359817475,0.2483140441046192,0.4327495273642078,0.04172420560377107,0.9466046915489011
a.200.1,1,1.4651162790697674,0.3870967741935484,0.4112903225806452,0.024193548387096774,0.8802774337483021
d.95.1,1,1.4642857142857142,0.2222222222222222,0.43209876543209874,0.012345679012345678,0.8966961499840488
b.30.6,1,1.463235294117647,0.25316455696202533,0.35443037974683544,0.04050632911392405,0.92650817432621
d.58.26,12,1.4619123974804111,0.2685681274999489,0.419241248790289,0.045100870273920846,0.9088826899523729
b.144.1,1,1.4615384615384615,0.23417721518987342,0.31645569620253167,0.0189873417721519,0.8835947074273648
a.2.18,1,1.4615384615384615,0.36363636363636365,0.4025974025974026,0.012987012987012988,0.9174865398145543
d.58.11,10,1.4612458164436977,0.25672288199237187,0.4235478847912276,0.06714790204466368,0.8934404269872903
c.138.1,1,1.4607843137254901,0.30985915492957744,0.4225352112676056,0.03873239436619718,0.8859541236482275
c.8.10,1,1.46,0.18840579710144928,0.427536231884058,0.050724637681159424,0.9197255062679637
a.290.1,1,1.46,0.33783783783783783,0.42567567567567566,0.033783783783783786,0.8943499047750809
g.22.1,5,1.45891994478951,0.2741336541125013,0.19484997375267074,0.07766989576614114,0.86679319247643
c.46.1,21,1.4586344185885607,0.2442587047636098,0.41427051966984124,0.05690772506747162,0.9324336087452411
a.47.1,2,1.4576074332171893,0.2383816293056315,0.3734736650264261,0.04465099325678877,0.8951045630586774
c.123.1,6,1.4568607046622668,0.21123921675637033,0.42369425435186314,0.06172623128491638,0.9524340860386489
g.67.1,1,1.4545454545454546,0.22580645161290322,0.25806451612903225,0.12903225806451613,0.8663271313423814
d.297.1,1,1.4545454545454546,0.30158730158730157,0.373015873015873,0.031746031746031744,0.9364661329507931
b.7.3,2,1.4545454545454546,0.30222463374932174,0.3542051003798155,0.057135105805751485,0.9123573208928737
g.85.1,3,1.4543128654970758,0.22741636700446768,0.2722930514692528,0.055174167302313754,0.8808771429756573
a.60.4,5,1.4541432632965814,0.2847882851387886,0.46619090256477846,0.03484908099203521,0.8645390368594251
c.1.6,10,1.4538448129192945,0.22920395717744996,0.43501417578668206,0.04330212611751225,0.9294099310239001
c.1.11,43,1.453459412112914,0.24044818509594856,0.4342704373322067,0.04820665349375034,0.9390233422627922
a.257.1,1,1.4533333333333334,0.24186046511627907,0.4186046511627907,0.04186046511627907,0.9297890286951337
d.61.1,6,1.45141842348469,0.25446652928918906,0.41018197775462295,0.061988735805461596,0.928370035585396
e.60.1,2,1.4510333271271643,0.26264924438507137,0.4323077565333556,0.04160056775486349,0.9330633753122803
d.35.1,2,1.4507982583454282,0.14717773776809123,0.3688208724217442,0.027796203291323162,0.8990230623831157
c.81.1,9,1.450508411168386,0.22966269255218041,0.40696451942485934,0.056713368507934105,0.9638913234029274
d.175.1,6,1.4503342089968883,0.283564535661201,0.3769860099764338,0.039164683726300845,0.9248548661909766
a.7.8,4,1.4503128450496872,0.32216751007319455,0.40088249018225414,0.022076038143603052,0.890573207217434
c.82.1,35,1.4502723121018681,0.2241566672730238,0.4358288839785096,0.04973468800011849,0.9397419829721301
d.202.1,2,1.45,0.31313131313131315,0.4134199134199134,0.016955266955266956,0.8890572970522435
d.248.2,1,1.449438202247191,0.20987654320987653,0.4074074074074074,0.06995884773662552,0.949374871250019
g.23.1,3,1.449323725234157,0.2291808751794332,0.27796722461466516,0.08074007677468384,0.9165352684133588
d.283.1,3,1.4492528305028305,0.24892387499426374,0.39775978306048554,0.03274336507029613,0.9378967295976364
d.68.5,3,1.4485714285714286,0.3392540655148561,0.38797680006221585,0.0289610373663077,0.863307129226451
d.58.56,5,1.4483065953654188,0.20884304351067118,0.4921737929740064,0.03691423061337221,0.87506824227077
a.23.3,1,1.4482758620689655,0.31547619047619047,0.43452380952380953,0.041666666666666664,0.9215448894237032
d.335.1,1,1.4473684210526316,0.22131147540983606,0.3360655737704918,0.03278688524590164,0.9279056538087858
a.70.1,1,1.4473684210526316,0.22857142857142856,0.4857142857142857,0.02857142857142857,0.9122718498107438
c.44.2,5,1.4471683163597628,0.23393013889491693,0.45881971913037034,0.030904821878202343,0.909918858906518
c.23.17,2,1.4470383947520742,0.2062246963562753,0.4866143724696356,0.05711032388663967,0.9146454110450102
c.131.1,2,1.4465552178318135,0.27106089139987444,0.46691776522285,0.036001255492780916,0.9102486352755486
c.23.4,4,1.4457195796979079,0.2277433080945754,0.45308274763574624,0.04036201321315676,0.9078947954985088
e.22.1,10,1.4454045116603378,0.22922571886730111,0.4482586922236066,0.05018971809655611,0.9209854105366198
d.58.60,3,1.4452136752136753,0.26433008417052123,0.40776209103321115,0.04289187118919597,0.9303450367835092
b.84.1,9,1.444629199428062,0.27870635369269614,0.4137184256511372,0.0439663855649865,0.87559408242444
b.85.3,1,1.4444444444444444,0.30327868852459017,0.3524590163934426,0.03278688524590164,0.8965091382657909
b.57.1,3,1.4441941888005212,0.22466831600061613,0.4296307257242445,0.06660678528717967,0.9102657327377544
d.27.1,3,1.4431153890082962,0.32953839021868686,0.4233703711246823,0.040695988493941966,0.9118000338884721
d.230.2,2,1.4429347826086958,0.32536764705882354,0.44715073529411764,0.0,0.8365124499247665
d.161.1,6,1.4426585796902442,0.23730097222497246,0.4270062618400237,0.050102812482052984,0.941139629648945
d.110.5,1,1.4423076923076923,0.25,0.4166666666666667,0.02976190476190476,0.9440246451915898
c.51.2,2,1.4420833333333334,0.1638503150967598,0.42209023478891305,0.0705760972617255,0.9168929899216139
d.18.1,7,1.441396295581617,0.2736274887963938,0.4195041789277725,0.04215528810729019,0.9265188619521777
d.58.44,2,1.4408602150537635,0.17915984198863089,0.4103478177088351,0.03979188746507371,0.9056818406481311
d.268.1,4,1.4408536585365854,0.29582591373807604,0.42910369367379114,0.0572947265542813,0.9128039717849206
b.35.1,3,1.4408425338657895,0.25718300523629617,0.40580566050241923,0.06221647776231192,0.8743219498369289
e.62.1,2,1.4404761904761905,0.2362759643916914,0.44240625842999726,0.034596708929053144,0.9442603777971598
e.56.1,1,1.4404761904761905,0.23376623376623376,0.3852813852813853,0.08658008658008658,0.9618011255553569
c.1.19,5,1.4376896781131148,0.24659147889839766,0.42612331203760706,0.043996406372653986,0.948228371136304
a.278.1,4,1.4375157602158928,0.28978586674885,0.3884723601456471,0.051902201828579256,0.9386977338379823
a.203.1,1,1.4375,0.34101382488479265,0.41935483870967744,0.03225806451612903,0.9090086086645849
d.239.1,1,1.4363636363636363,0.2911392405063291,0.2911392405063291,0.056962025316455694,0.97329655296179
d.58.20,2,1.4362934362934363,0.233022533022533,0.4326728826728827,0.03527583527583528,0.9294889959786459
a.4.14,3,1.4357753357753358,0.2777126928142046,0.4145462124013166,0.032770971552331774,0.8802052279301015
b.2.7,2,1.435616574147502,0.24488344315756982,0.38448324453451077,0.06796800558291842,0.9290793154308619
d.100.1,2,1.4352941176470588,0.3048281505728314,0.46481178396072015,0.020253682487725043,0.8511630059128614
d.194.1,5,1.4350177445839292,0.22642895409200964,0.41116352288097097,0.04646363538035592,0.9289849986199478
d.231.1,1,1.434782608695652,0.21212121212121213,0.3181818181818182,0.050505050505050504,0.951715341147576
a.43.1,17,1.433788308608619,0.3168428698280266,0.40208216575178546,0.022114154420120116,0.8841347934597865
a.29.16,2,1.432777777777778,0.30609438870308436,0.422445187662579,0.017094017094017096,0.89514724425752
f.68.2,1,1.4324324324324325,0.27722772277227725,0.38613861386138615,0.0594059405940594,0.9469315678567876
d.370.1,1,1.4318181818181819,0.21666666666666667,0.4,0.06666666666666667,0.9481247885078594
e.61.1,1,1.431578947368421,0.25757575757575757,0.42803030303030304,0.026515151515151516,0.9277602743741039
a.301.1,2,1.430952380952381,0.32417582417582413,0.3846153846153846,0.016483516483516484,0.8928333194792029
c.51.1,13,1.43035801706244,0.2850706495677994,0.4114178804139415,0.03944414674635306,0.9093483428424449
a.97.1,9,1.4299522896594703,0.3012934547077918,0.4521710964442799,0.04449686708915082,0.8926709849823052
b.121.3,3,1.4293874147532684,0.24444444444444444,0.3873015873015873,0.05396825396825397,0.917865173216041
d.220.1,4,1.4291302315349503,0.2763764782282857,0.4100490637629226,0.035013853141308934,0.9100336054130442
a.10.2,1,1.4285714285714286,0.33962264150943394,0.39622641509433965,0.018867924528301886,0.8787967582412477
d.304.1,2,1.4285714285714286,0.27130281690140845,0.4793133802816901,0.07191901408450704,0.8407832956782391
a.267.1,1,1.4285714285714286,0.3642611683848797,0.39862542955326463,0.044673539518900345,0.9147140217078739
a.159.1,1,1.4285714285714286,0.3055555555555556,0.3888888888888889,0.08333333333333333,0.8933119361579758
a.60.14,3,1.427668845315904,0.3647425475728296,0.3913106520726511,0.03713118483034366,0.9003745742472514
a.60.3,3,1.4270833333333333,0.35899436564589066,0.38007169123327467,0.03347135955831608,0.8498331353943728
c.1.25,1,1.4266666666666667,0.24507658643326038,0.3982494529540481,0.037199124726477024,0.9605094291002153
d.292.1,1,1.4264705882352942,0.18681318681318682,0.45604395604395603,0.07142857142857142,0.9115466754165445
d.50.3,3,1.4264069264069263,0.2884979998904049,0.3741611412497488,0.0428918479551391,0.9177789363785925
d.109.1,24,1.4262498019776615,0.2870710434942416,0.39832378889865766,0.035456064767391895,0.9305138358100454
a.175.1,1,1.4262295081967213,0.15204678362573099,0.49122807017543857,0.04678362573099415,0.9252046467651437
a.114.1,2,1.4253968253968254,0.21523809523809523,0.37642857142857145,0.06357142857142857,0.8709365326980003
b.113.1,6,1.4245575403512714,0.2739714330709035,0.4032263472430743,0.06780383779607232,0.903916431252812
c.23.6,5,1.424009688020669,0.2569059583148182,0.4210647664025256,0.03300372410566759,0.9223688412013844
b.38.2,1,1.4230769230769231,0.3108108108108108,0.4594594594594595,0.02702702702702703,0.8913185802602729
a.277.1,2,1.4228329809725158,0.21153290297716543,0.3911744869447924,0.05381057905385875,0.8977982453326525
d.153.2,1,1.4225352112676057,0.21782178217821782,0.4405940594059406,0.04455445544554455,0.9288004478489823
d.265.1,9,1.422378135946945,0.2743471679631289,0.40752870592705015,0.04795133259091707,0.9362535527878754
c.1.13,1,1.4216867469879517,0.23756906077348067,0.4240331491712707,0.03729281767955801,0.9445990298779269
a.91.1,8,1.421620863440638,0.2900573643779866,0.4104557709719995,0.04445537946575956,0.936547547980318
d.17.3,3,1.4213525266156843,0.20677966101694914,0.4078154425612053,0.05574387947269303,0.881498857405315
a.274.1,1,1.4210526315789473,0.3076923076923077,0.40384615384615385,0.038461538461538464,0.8873048986584459
c.86.1,3,1.4209970616514056,0.2461653397721294,0.44165683469825606,0.040521452945908046,0.9204211971769585
d.68.2,3,1.42098224220901,0.21412947576564403,0.4334180545764657,0.04477282129059142,0.9286148673635964
a.183.1,4,1.4205992677944768,0.2981261775340227,0.43587607959672703,0.036467098149683755,0.9204464863707515
e.5.1,5,1.4202973383262731,0.25664239725188076,0.36389717898012924,0.06780753699857446,0.9570252636685511
d.62.1,1,1.42,0.19727891156462585,0.36054421768707484,0.10884353741496598,0.9521829359574009
a.99.1,5,1.4198264990095617,0.24359500664131067,0.42135805504203827,0.06020013760374602,0.949067684607888
b.61.6,4,1.4190119202831069,0.27406162669413137,0.37923348344900876,0.04116400328876876,0.9295809025712374
b.125.1,6,1.418890383315586,0.20179820410450253,0.37414592848747524,0.054810440876681264,0.9218555079425509
d.101.1,15,1.4186041007040375,0.25283366387908396,0.43984273146085356,0.04081814740864577,0.8942058534860224
c.49.1,5,1.4185773217253779,0.2291649693237499,0.4257126054966639,0.03975280121358241,0.9285311630784736
a.118.26,2,1.4169089147286822,0.3309206541490006,0.44748637189582074,0.03525136281041793,0.8588029063330115
a.108.1,2,1.4166666666666667,0.3081081081081081,0.5306306306306307,0.0,0.7733810815849855
d.96.2,2,1.415479582146249,0.2484703169424682,0.4589311216802274,0.04047272774917128,0.9219751591240363
d.83.2,1,1.4150943396226414,0.29577464788732394,0.38028169014084506,0.028169014084507043,0.9138042493375363
c.77.1,16,1.4149965156997026,0.2287065167476819,0.44139566344971437,0.046244888215248324,0.93352920664073
c.6.1,4,1.4148383340571637,0.16699079905601644,0.40800232376319334,0.06144055220142177,0.9515627628226807
c.48.1,8,1.4147571118907711,0.24617895289085118,0.44684857056671257,0.05059115629786228,0.9235934062443464
d.206.1,2,1.414651493598862,0.2701941747572816,0.38975728155339806,0.05427184466019418,0.9194506534777328
a.205.1,1,1.4142857142857144,0.3482587064676617,0.39303482587064675,0.029850746268656716,0.9560043440835722
b.1.2,118,1.413820605020965,0.2091956151908434,0.3623264319240067,0.07598928522219019,0.9248339508971805
c.92.2,38,1.4128552055542731,0.24717636658278766,0.4174651432220769,0.048626549998200944,0.9307076887389036
d.43.1,5,1.4127096527478653,0.25506436666840526,0.43646998345430826,0.029140581115793707,0.8941135213528056
b.94.1,1,1.4107142857142858,0.29012345679012347,0.3950617283950617,0.043209876543209874,0.9344564623978262
c.103.1,3,1.4106449106449108,0.28052481673436985,0.3981883550450576,0.04202269225381706,0.9084787717767816
c.1.26,2,1.4103542767664905,0.269608843537415,0.40819727891156465,0.053061224489795916,0.946532116745662
c.118.1,1,1.4102564102564104,0.28440366972477066,0.42201834862385323,0.03211009174311927,0.9064581825427654
a.7.3,6,1.40946035970907,0.3120620962893708,0.39079358568666683,0.03806897824211107,0.9447096246039902
a.34.1,2,1.4090909090909092,0.3774193548387097,0.4133640552995392,0.016129032258064516,0.849331765761254
b.171.1,1,1.4090909090909092,0.3728813559322034,0.4067796610169492,0.0847457627118644,0.8438858524503998
g.66.1,6,1.4090530656707128,0.27239151570027736,0.30198831421126476,0.07149625118259165,0.9051546136817623
b.36.1,88,1.4086996866683337,0.23299074802094166,0.3899148741827829,0.03928378273597123,0.9046913086044058
b.15.1,13,1.408683692541685,0.2990768045819454,0.3824459213643911,0.05129055798404247,0.9130361003649393
e.37.1,2,1.4081996434937611,0.28359636537541844,0.4140363462458154,0.040769966523194645,0.9245433193270689
b.34.21,1,1.4081632653061225,0.26666666666666666,0.362962962962963,0.044444444444444446,0.9556161692893228
a.24.14,1,1.4081632653061225,0.2323943661971831,0.44366197183098594,0.06338028169014084,0.9054018964824538
b.34.6,7,1.4074152355274037,0.2236417107533152,0.4383900900988569,0.051725590242881474,0.9032865772464997
c.8.7,1,1.4074074074074074,0.20512820512820512,0.4166666666666667,0.038461538461538464,0.8913838869489924
b.4.1,6,1.4072603952485105,0.2770998917382414,0.3470355199329671,0.08296743851466988,0.898513042203844
c.92.1,5,1.4068424272356856,0.24879689683352688,0.42757740411905176,0.056921728273811534,0.9450611705706324
c.1.16,14,1.4068215390866192,0.23872833911610553,0.42680587658634517,0.04790475825791297,0.9491839426113893
e.71.1,1,1.40625,0.35,0.40555555555555556,0.06111111111111111,0.9322457078167187
c.8.9,1,1.40625,0.2640449438202247,0.4606741573033708,0.0449438202247191,0.9360278459316272
d.139.1,13,1.4060236920487101,0.24815798508923065,0.4236977340835386,0.03994144576505888,0.9133877521833399
d.58.49,2,1.4057142857142857,0.30420761670761676,0.35749385749385754,0.01812039312039312,0.8907841210838688
c.51.6,2,1.4055555555555554,0.22391834867049673,0.415933702781026,0.048998423915806597,0.9329661212911984
d.234.1,1,1.4054054054054055,0.2553191489361702,0.32978723404255317,0.11702127659574468,0.9052953315880394
d.203.1,1,1.4047619047619047,0.34210526315789475,0.38596491228070173,0.08771929824561403,0.9347353324674847
d.92.2,8,1.4046252751573487,0.22720925498890998,0.39654317570702124,0.06456518834002703,0.9113593715791172
d.58.28,3,1.4044806417687772,0.25524373583899773,0.36013997178906215,0.05784838842240881,0.9623587711149945
d.262.1,1,1.4038461538461537,0.24822695035460993,0.41843971631205673,0.03546099290780142,0.9461254829476344
a.156.1,6,1.4035305761961112,0.28883439730889554,0.40325258552098564,0.05224847730372161,0.8903267585553977
c.36.1,29,1.403293283732467,0.19791562387156605,0.43648868238668276,0.05218920311449112,0.9433527901049591
a.118.25,1,1.4031007751937985,0.29526462395543174,0.3955431754874652,0.03064066852367688,0.9545140892427005
c.96.1,1,1.4031007751937985,0.25205479452054796,0.40273972602739727,0.043835616438356165,0.9588890201481779
a.4.3,5,1.4027823933156174,0.27532847032583063,0.3994501730781191,0.05098216002057997,0.9374818065834288
e.15.1,1,1.4024390243902438,0.3004484304932735,0.3632286995515695,0.08071748878923767,0.9508483620574156
a.103.1,6,1.402317288581061,0.23776257525972033,0.44332650071661744,0.04885399663350989,0.9501043709339437
b.41.1,4,1.402305854241338,0.27556423306423306,0.4105092887124137,0.045149193430443435,0.8989680152953099
d.361.1,2,1.4021739130434783,0.2875,0.4,0.023214285714285715,0.8861992391140363
a.231.1,2,1.4019774011299435,0.2870535714285714,0.40922619047619047,0.012202380952380952,0.8683041079946947
d.58.34,2,1.4019396551724137,0.23907553378740337,0.4355246039641846,0.05343613683324405,0.9227492014942216
a.143.1,2,1.400608519269777,0.3149696048632219,0.4276849037487335,0.067629179331307,0.9140435070313
b.156.1,1,1.4,0.2079207920792079,0.4158415841584158,0.04950495049504951,0.946229022125278
b.81.2,1,1.4,0.125,0.23863636363636365,0.03409090909090909,0.848856903885498
d.30.1,1,1.4,0.23880597014925373,0.3582089552238806,0.029850746268656716,0.9086316998289067
g.47.1,1,1.4,0.2619047619047619,0.30952380952380953,0.09523809523809523,0.9315355932144924
b.1.19,1,1.4,0.13846153846153847,0.4230769230769231,0.06923076923076923,0.9167959093901054
a.8.1,4,1.3997801321485532,0.23671473730789594,0.3831557519757641,0.016554222888555722,0.8391587162022345
d.129.7,2,1.3997326203208558,0.25888902559055116,0.45500123031496065,0.054933562992125984,0.8997523338892413
a.22.1,23,1.3995726491825176,0.2909282907121272,0.4374440580674908,0.03035424387632794,0.9011892318598186
b.169.1,3,1.3994627090602325,0.2347612958226769,0.3949914748508099,0.07046035805626599,0.955299269498319
g.3.9,7,1.3989016837910622,0.20860520687650605,0.23670108785403896,0.09308933383914848,0.8761365036966874
c.23.5,37,1.3982836561532075,0.23900099418482115,0.42745541683158106,0.036296474368809346,0.928514538672706
e.82.1,2,1.3971269694161261,0.28725812107494664,0.39315088144346333,0.04397653734578724,0.9614364575329497
d.79.3,11,1.3970986942479675,0.2759699533763306,0.4351858681057101,0.028240947268196107,0.9016629987513263
d.227.1,9,1.3965124992885154,0.2335449480378865,0.4142939514595018,0.04268270470012308,0.9352046396784355
a.24.2,2,1.3964784456587735,0.21035508458821342,0.4115448968209704,0.01829336307863915,0.9388799046161749
d.26.3,7,1.3956375183223213,0.1799952465244669,0.36391377745009656,0.06039120297527627,0.9110571023812414
d.255.1,1,1.3953488372093024,0.22950819672131148,0.3524590163934426,0.03278688524590164,0.9646949095943262
d.25.1,3,1.3953405017921146,0.2989291410344042,0.36781639413218364,0.03131079446868921,0.9417999420605426
c.1.23,4,1.3950398641434483,0.2430658174913025,0.43447870119841003,0.05612317317802247,0.9444337966388944
d.52.6,2,1.3949843260188088,0.28096420172458847,0.39933368173504047,0.034295793049385945,0.9295441668482549
d.309.1,1,1.394736842105263,0.31527093596059114,0.39901477832512317,0.11822660098522167,0.9090799394671053
f.52.1,1,1.394736842105263,0.3238095238095238,0.4095238095238095,0.0,0.8993340328017382
a.246.2,2,1.3943977591036414,0.2834189288334556,0.4045854732208364,0.043837123991195895,0.8977877628455682
b.49.3,6,1.3941086134844252,0.29698312681884914,0.3857253229054984,0.05087813641466227,0.9035188404575988
a.152.1,9,1.3938423263812494,0.24461970575228464,0.4706374630232007,0.03477816323387228,0.9199261161183926
g.89.1,1,1.3928571428571428,0.3170731707317073,0.25609756097560976,0.012195121951219513,0.9211053078084738
e.11.1,3,1.392200295027984,0.2873316752929578,0.43228361452801867,0.04393610943066478,0.9186175300968956
a.121.1,34,1.391024885654773,0.23576373205119103,0.4653071191796025,0.03878688917945995,0.8983665188656584
d.79.1,16,1.3904782994853218,0.21517611556969096,0.4543814558452462,0.04865535842315449,0.9196495501461542
e.19.1,2,1.3893859649122806,0.19049572248915975,0.43358724950193367,0.07877651470760577,0.9520474009992088
d.192.1,1,1.3888888888888888,0.39361702127659576,0.39361702127659576,0.02127659574468085,0.8914556924060474
b.40.10,1,1.3888888888888888,0.2641509433962264,0.32075471698113206,0.02830188679245283,0.9063619199372998
b.43.3,24,1.3884502294124887,0.2837311495201274,0.38934780019800447,0.04873692014102212,0.9073855486004611
d.106.1,13,1.3881897106648171,0.25866793874775124,0.42758023298409703,0.033176484234342114,0.9032005903070213
b.159.2,2,1.3876040703052728,0.17293233082706766,0.40601503759398494,0.011278195488721804,0.9265537218871589
b.1.18,92,1.3873329932715155,0.21502928859740383,0.38277913997229474,0.06197128848879851,0.9195045530665387
a.230.1,1,1.3870967741935485,0.24691358024691357,0.49382716049382713,0.04938271604938271,0.9083417165048984
d.173.1,2,1.3864978423801952,0.2972386587771203,0.4350098619329389,0.047140039447731756,0.9323846902978357
b.1.32,1,1.3863636363636365,0.2742616033755274,0.3670886075949367,0.05907172995780591,0.9553841614817832
a.104.1,73,1.3863218304023976,0.2460699503576466,0.4256577673602583,0.06406711380762987,0.9405574060719842
d.188.1,2,1.386111111111111,0.3134556574923547,0.4203582350371341,0.050982961992136304,0.8986950113814589
b.1.11,6,1.3854664196757926,0.2573506740053344,0.3717086733518867,0.08332947072714277,0.9409973139214672
a.217.1,4,1.3850781102955017,0.30146548943718754,0.3797351233671989,0.0654931808233695,0.9024742809570505
e.29.1,6,1.384915773143449,0.2650796936000614,0.3937940249451324,0.04883224787066046,0.9533193091876034
f.23.1,1,1.3846153846153846,0.3006993006993007,0.4405594405594406,0.04195804195804196,0.9408213619708442
c.79.1,20,1.383972748677675,0.2200434001312504,0.43193627648039107,0.04741396250273119,0.937886129307959
a.118.8,63,1.3839285241840984,0.27435058596201195,0.42325015233936664,0.030234999045568384,0.9250291765662011
a.127.1,13,1.3838107580551158,0.23032568443564608,0.4357636458596494,0.03739137786376866,0.9380137571126845
a.24.13,5,1.3832806445283758,0.3326625644823026,0.4412126337511307,0.013931183758769967,0.858558593073108
g.41.3,16,1.383140766303961,0.2664014975738702,0.31664062352426503,0.05923027356848695,0.9106818737810272
c.56.7,2,1.3814102564102564,0.2839965789606077,0.42027217386929616,0.02832419379181969,0.9435543322387834
a.8.6,2,1.3811188811188813,0.3734787018255578,0.35233265720081136,0.014477687626774849,0.9084817505248506
a.118.4,1,1.380952380952381,0.22916666666666666,0.43452380952380953,0.03571428571428571,0.9302254523223431
b.59.1,1,1.380952380952381,0.2672413793103448,0.3879310344827586,0.017241379310344827,0.9318836847894919
a.162.1,1,1.380952380952381,0.28688524590163933,0.4344262295081967,0.0,0.9114218989225048
c.153.1,1,1.380952380952381,0.24662162162162163,0.3783783783783784,0.05405405405405406,0.9557035019172331
c.90.1,8,1.3806194498497786,0.23359949770451735,0.45812167696608347,0.049571578457190894,0.9065343725327211
a.111.1,4,1.380348245515439,0.2120895144478358,0.4100358633895219,0.06494652862793107,0.9439136409688244
c.1.15,13,1.3802051932654178,0.25628167400345275,0.42372221275541155,0.03989937510700741,0.9410853573273346
d.91.1,2,1.379983388704319,0.2644927536231884,0.37318840579710144,0.057971014492753624,0.9405523784049067
d.58.19,8,1.3797229701193114,0.2164667944934194,0.41076649720456604,0.0466742992977143,0.9339265785800062
b.7.2,4,1.3783828916181857,0.21990519433944733,0.3651289510680181,0.08195549048773944,0.9178101973007018
b.105.1,3,1.3783068783068781,0.2861058401855366,0.3734450769555134,0.06261859582542695,0.9109787101281825
d.341.1,1,1.3780487804878048,0.3153153153153153,0.3738738738738739,0.02252252252252252,0.9004901252537757
b.34.16,1,1.3777777777777778,0.27419354838709675,0.3790322580645161,0.04838709677419355,0.9382026643828836
b.17.1,5,1.3776395908679082,0.19853781167800505,0.39820690899603356,0.08338791851272728,0.9442062130881961
b.106.1,14,1.3773894521563428,0.25297803120075374,0.4002879169725806,0.03670911156852031,0.9343153925108971
a.246.3,1,1.3770491803278688,0.19767441860465115,0.43023255813953487,0.03488372093023256,0.9233254590486445
e.53.1,1,1.3770491803278688,0.3132530120481928,0.42168674698795183,0.060240963855421686,0.9236092071573745
d.180.1,1,1.376,0.23314606741573032,0.4438202247191011,0.0702247191011236,0.927693752431732
c.24.1,5,1.3755632360471073,0.25510270660860057,0.4386375066937808,0.038097864643547204,0.9269728660908687
d.127.1,7,1.3752497408155018,0.25022243301738734,0.4091654077689535,0.04068239363966824,0.9400025200761543
c.110.1,5,1.3751276399473742,0.25061359680259254,0.41521680270686945,0.036710896653457926,0.9399008701586032
a.14.1,1,1.375,0.29850746268656714,0.373134328358209,0.07462686567164178,0.8976587194066155
a.246.1,2,1.375,0.28689721131581597,0.42547568710359407,0.027232457465015604,0.9140476495109112
d.58.12,2,1.375,0.29057428214731584,0.42459425717852683,0.03913857677902621,0.8922752422139217
f.28.1,2,1.375,0.3650696150696151,0.32043407043407046,0.02108927108927109,0.8684423930036935
a.15.1,1,1.375,0.29850746268656714,0.34328358208955223,0.0,0.7974680424504611
d.142.1,26,1.3740925551958787,0.25416561013493627,0.4253698124847096,0.04713393906098286,0.9390024638592861
c.1.4,27,1.373914879574778,0.23529297640810168,0.43280038432918894,0.04478747172372092,0.9395020272417585
d.224.1,9,1.3731158209336345,0.2593417809286564,0.44737580574767144,0.032949168426710425,0.9261803626145136
a.60.8,11,1.3725304395527387,0.2808308240998112,0.41924572651700304,0.04498255040524159,0.9123993955981443
f.43.1,4,1.3721340388007055,0.1836464240725743,0.43850548666667344,0.07998954388368003,0.9369895739017641
g.37.1,70,1.372114537072431,0.269382905435003,0.3015482405400338,0.03944930959952648,0.8808688702467679
b.34.10,7,1.372108768432298,0.23185898145131198,0.3898619006903313,0.05215213999809598,0.9105610180037972
d.395.1,1,1.372093023255814,0.3130434782608696,0.3565217391304348,0.06086956521739131,0.922329705215374
a.177.1,5,1.371631939137118,0.29526992108387456,0.43347971227040993,0.03004707032614009,0.9160657899240391
c.1.21,10,1.370754257202408,0.2357343232715568,0.44739138696476094,0.05044308077658137,0.9252866352434272
a.57.1,1,1.3703703703703705,0.2894736842105263,0.3815789473684211,0.05263157894736842,0.8849920034588232
g.16.2,3,1.369869687005237,0.17062000238691966,0.28308867406611765,0.08525778732545651,0.9134764700820965
a.118.19,1,1.3695652173913044,0.3,0.39166666666666666,0.03333333333333333,0.920731910098787
c.56.8,1,1.3695652173913044,0.241635687732342,0.39776951672862454,0.055762081784386616,0.9366552672353119
c.8.5,3,1.3687608970304679,0.31416192699217077,0.4056575017018748,0.03150786729826286,0.9194754296227052
g.62.1,1,1.368421052631579,0.28846153846153844,0.2692307692307692,0.057692307692307696,0.9156956301681576
c.83.1,3,1.3680404719082706,0.2213160765614005,0.40702505936986827,0.05975056107883433,0.9588718893133602
d.207.1,2,1.3676289926289926,0.2638888888888889,0.44777934714375395,0.04201977401129943,0.9438651916009282
a.243.1,3,1.3676242590059278,0.25063219352559457,0.43093285732879644,0.04696128744352094,0.9196528594267557
b.1.17,2,1.367600422832981,0.2221582441403604,0.40739737162986045,0.07404145779704646,0.9403720387076333
c.55.7,3,1.367426181942311,0.2265696556884296,0.44965620444547644,0.05851942154624148,0.9052026870385546
c.116.1,19,1.367059931653355,0.26838411247681876,0.42462190975257397,0.04862494451699654,0.9267661733690334
d.120.1,9,1.366875914970289,0.24772986859868582,0.3799254874043407,0.05100271338180838,0.9373531687699885
a.255.1,1,1.3653846153846154,0.22857142857142856,0.44285714285714284,0.05,0.9375094235188381
b.44.2,5,1.364870478983382,0.26121473638005593,0.41742548593920015,0.05332604852824152,0.8942570939929938
f.1.1,2,1.3643835616438356,0.25587840597467765,0.48216056946146213,0.010487776416360348,0.8970573723166124
d.14.1,52,1.363998579068369,0.24760853375341613,0.4153196392069332,0.04252266658707698,0.9163265309059085
c.59.1,7,1.3638526844226184,0.24108402715308014,0.443267292916513,0.039600215624452186,0.9179109466863264
d.388.1,2,1.363824289405685,0.2217560975609756,0.3951219512195122,0.07265040650406504,0.944452436896186
a.92.1,1,1.3636363636363635,0.3333333333333333,0.4444444444444444,0.026143790849673203,0.9188881727582037
d.236.1,1,1.3636363636363635,0.36065573770491804,0.36065573770491804,0.00819672131147541,0.9030535465230018
g.87.1,1,1.3636363636363635,0.1875,0.375,0.03125,0.9036797874656345
d.115.1,5,1.3631603258507397,0.25696169373402106,0.4024069803118257,0.06845703441671076,0.9301408319579474
a.296.1,1,1.3628318584070795,0.22333333333333333,0.4266666666666667,0.05,0.9420187473455603
b.34.4,5,1.3626418951418953,0.2475532974398368,0.4100632694092445,0.0556135107981941,0.9314998658859304
b.42.6,5,1.3624108055152697,0.22689122616806276,0.3550061403895715,0.034139010170616775,0.9542923171202867
d.113.1,43,1.3622028320822055,0.26869008321169485,0.4182183000538962,0.052859968518482583,0.9293466604099059
a.31.1,2,1.361842105263158,0.3082051282051282,0.41794871794871796,0.07128205128205128,0.8525379373889371
d.397.1,3,1.3617358934169277,0.26472580281526764,0.4003369639751646,0.018436663027605413,0.9437933949935404
b.24.1,6,1.3612534959667,0.22245703401326114,0.38738075949981443,0.03426953342127013,0.9109886140011101
a.29.17,1,1.3611111111111112,0.22935779816513763,0.44954128440366975,0.08256880733944955,0.9075217406097096
e.39.1,3,1.3607006020799126,0.2951597986456374,0.39625600736711847,0.03776158885091347,0.9181973049500401
c.57.1,11,1.3606447973695717,0.22059196530670508,0.42172104090551304,0.05148842569090415,0.9079403548270304
b.151.1,2,1.3603896103896105,0.2690105359596885,0.4178882272102611,0.02370590929912964,0.8820734355248829
a.5.10,1,1.36,0.25,0.4117647058823529,0.04411764705882353,0.9207125263239712
a.89.1,2,1.3595398902490503,0.17825692554601913,0.4541553276114716,0.03507780336333822,0.9391406574649341
d.58.53,17,1.3590128264016312,0.2699514986010808,0.4232429402038608,0.04868674779305864,0.9187450025160271
a.118.14,2,1.358974358974359,0.30600038587690526,0.441989838574828,0.030194867837159946,0.9093386466167539
b.40.13,1,1.358974358974359,0.3888888888888889,0.3333333333333333,0.018518518518518517,0.907583915155093
g.99.1,1,1.3584905660377358,0.34265734265734266,0.3146853146853147,0.04895104895104895,0.9540935937536391
b.45.1,46,1.3579923663973934,0.23274316592772684,0.41934048008192926,0.05158815993039482,0.9352800076508173
d.81.3,2,1.3576585059635908,0.24764301693831897,0.403723234260147,0.0536313518696069,0.9559161605436097
a.61.1,6,1.3572882059800664,0.22663386719867754,0.39433371275164153,0.07674460022086821,0.9253138597841951
b.61.2,5,1.3565710767065446,0.2188276328584112,0.37765763328119056,0.03730027198804944,0.9087461349239915
d.58.6,5,1.3563685852016036,0.2686316186482842,0.42679934345754333,0.04553916068549711,0.9434438811220257
c.93.1,98,1.356146219441085,0.22253491889793228,0.434558855851807,0.042779659617714696,0.9296222526936555
d.213.1,1,1.3559322033898304,0.2235294117647059,0.4411764705882353,0.058823529411764705,0.9673771971742912
a.100.1,40,1.3557720581183925,0.22688420822910826,0.45180269371354465,0.03518260246891608,0.9222936058072712
c.129.1,11,1.3557436471805682,0.2291230379622418,0.4388564683450623,0.04636772409110737,0.929558111552161
d.128.1,7,1.355623960539927,0.2553802081156551,0.3945114244318833,0.048276373131071706,0.9604748788763898
b.40.15,4,1.3555672268907561,0.20094674260271178,0.44285151091954683,0.050962569736639055,0.9013029512616522
d.129.2,3,1.355194805194805,0.26702174325413763,0.41409843742590224,0.05511986057760706,0.9141224818955581
d.380.1,1,1.3548387096774193,0.23369565217391305,0.3804347826086957,0.043478260869565216,0.9376043253434533
a.29.6,3,1.354530631260191,0.2197361092087842,0.3835712002921974,0.040362203046766805,0.9245229206634876
c.94.1,187,1.3531777003401015,0.23958159124339773,0.4268564320645245,0.048020888950006696,0.9352126478989152
a.77.1,25,1.3524352512906561,0.28130110594425684,0.41462099092997273,0.03211393385438118,0.911174553901089
c.1.7,19,1.352431447148166,0.2432056235209028,0.4147348852602111,0.05019769387376136,0.9485536843329848
d.198.3,2,1.3522727272727273,0.25604864794928195,0.39507051364989,0.059774873851727264,0.9256199024545355
a.118.7,3,1.351903752704122,0.31900264658112193,0.4005150803357081,0.014729615178045672,0.9224827346680327
d.219.1,7,1.3518339355886735,0.23223352511667827,0.40667905909447866,0.028786942843997573,0.9247137112837694
d.4.1,11,1.351509346349075,0.2572604488899294,0.3454587133397939,0.04146705890441472,0.9418843022159731
a.182.1,4,1.3514073705592173,0.33198702637261956,0.4216715201884693,0.02501881421372947,0.8751065905587707
f.27.1,2,1.3511904761904763,0.3560606060606061,0.41414141414141414,0.046897546897546896,0.9194439423273486
c.99.1,1,1.351063829787234,0.22992700729927007,0.4306569343065693,0.04744525547445255,0.9574686081939304
d.162.1,27,1.3503285831967882,0.2521676650119214,0.42379828933719993,0.035238997078479654,0.9306835000297066
e.13.1,2,1.349702380952381,0.24804272823779194,0.4059348460721869,0.03329020700636943,0.9528704611685532
d.82.2,4,1.3496407598973321,0.27375465190662174,0.3959446301864692,0.04496602619433213,0.9160932496131766
c.1.10,65,1.3488468313930115,0.22662149491810568,0.4472771870651516,0.04527846756787014,0.9329405366570245
b.1.1,239,1.3485328831039942,0.2177564998212061,0.3661594750392416,0.057500169692622984,0.931438170514523
d.74.1,3,1.3484405458089668,0.3034722222222222,0.42944444444444446,0.01847222222222222,0.9259580855281141
c.26.2,39,1.34763736814686,0.2588290734441833,0.44025813762197585,0.04115318687192803,0.9173010055566991
d.129.3,42,1.3476259285090495,0.25547529172560146,0.4006085201211911,0.05166854603603749,0.9382468029599151
d.45.1,4,1.347373949579832,0.2718137254901961,0.4549066742081448,0.03451168929110106,0.882810977164369
d.177.1,10,1.3473685540465024,0.21729337846956492,0.41601464513941655,0.0659094823221245,0.9500963033151111
b.40.12,1,1.3461538461538463,0.375,0.3888888888888889,0.027777777777777776,0.872858976285322
f.42.1,2,1.3461079884176461,0.1902529864858632,0.4687110834371108,0.028850145288501453,0.9426047442160729
b.85.6,4,1.345711504846655,0.2673362368392489,0.3985359068190394,0.0470924883575486,0.9019022647377682
d.58.32,8,1.344833930850081,0.24197259229556659,0.4315291255798507,0.06262170290355984,0.9483466868840081
b.80.6,1,1.3448275862068966,0.2033898305084746,0.39951573849878935,0.029055690072639227,0.9450401619335087
c.25.1,15,1.3445877566861915,0.2445682595921644,0.41443202548914987,0.05425466939248105,0.9494748572648523
e.23.1,26,1.344008901838986,0.21810778520696716,0.43189392458172143,0.05666306189509417,0.9421013366139536
b.84.4,6,1.343815348125693,0.23310538885065304,0.39201540953784225,0.05253086270658553,0.8792852728099355
d.166.1,25,1.3437858594424845,0.25843712397518176,0.385080470176498,0.04154082179645736,0.9261119391798887
a.39.1,73,1.3437839709633332,0.30259392076827046,0.39731448950150217,0.026495930661230488,0.9170941564920106
g.52.1,5,1.343553636809451,0.26858294520905307,0.3688710131575267,0.06454428075078696,0.9603174613308318
d.225.1,2,1.3433035714285713,0.22282608695652173,0.43354743083003955,0.03878458498023715,0.9247163356479577
c.60.1,15,1.343061465534195,0.22365109611969045,0.40534499915521477,0.05068352076013816,0.9447956098320024
b.88.1,7,1.3428887346112446,0.28667622713769775,0.3982555492066539,0.038447862437119305,0.9377679420219811
d.90.1,31,1.342705521824021,0.2562161993425704,0.4311287209448696,0.04914127853051548,0.9441868919996104
c.107.1,3,1.3425855222390395,0.23448536143033297,0.47225120090395234,0.046125938156298694,0.9150288932117595
e.3.1,49,1.3422934436161662,0.21704923117451957,0.4124657718770204,0.040435883559609115,0.9361693492386393
d.314.1,1,1.3421052631578947,0.26262626262626265,0.40404040404040403,0.050505050505050504,0.9274367654432532
a.25.1,55,1.342095483877442,0.2640180437430883,0.44002344753578637,0.027024015897139368,0.9304115796996407
a.79.1,5,1.341924803063114,0.28592955719648966,0.4564804510367436,0.032038440525335596,0.9050650418738216
c.56.1,2,1.3417008196721312,0.24896842035206812,0.4344198196399454,0.05512295763868091,0.9176951303700944
d.87.1,13,1.34155323089017,0.21785265234208676,0.4307159708845068,0.05265261960313054,0.9214747855222798
b.111.1,1,1.3404255319148937,0.3333333333333333,0.425,0.025,0.8764575457469027
d.340.1,1,1.3402061855670102,0.31451612903225806,0.42338709677419356,0.036290322580645164,0.8916586475100915
b.80.4,1,1.3402061855670102,0.1865671641791045,0.3805970149253731,0.04477611940298507,0.9407947499685032
c.8.2,6,1.3400083344991434,0.25353559034308665,0.4123732457458846,0.04730169726377396,0.9206762222892282
b.40.8,2,1.3385416666666665,0.23670684154555122,0.37925381070542363,0.07878411910669975,0.930952566295139
a.172.1,3,1.3376592554996314,0.3587782587782588,0.42303992303992305,0.012746512746512747,0.9230143420288784
d.52.7,5,1.337658517193401,0.29551897814828854,0.45936832133383854,0.02930680813439434,0.8922745545494669
d.183.1,1,1.336734693877551,0.21071428571428572,0.42142857142857143,0.03571428571428571,0.951297008780265
a.50.1,2,1.3362068965517242,0.34281756180733164,0.3286445012787724,0.02919863597612958,0.9270723539332719
c.72.1,51,1.3361753040082758,0.22237721032842914,0.4392032395445354,0.0403272041802429,0.9331898435190209
e.40.1,2,1.3357375050792362,0.2751831501831502,0.40617534639273767,0.021858576206402296,0.936735143378101
e.77.1,2,1.3349013389711064,0.2806978882317258,0.38304708826205647,0.04896970730967547,0.9658165688375606
d.153.1,37,1.3348510346617768,0.22486952344912212,0.4256013512978309,0.03629791528694592,0.943415211318789
c.56.4,3,1.334785718215327,0.18990672167994024,0.43465123852557447,0.08439550821855273,0.9260982851028818
b.82.5,3,1.3343810022699494,0.2246559546669679,0.4087065589818894,0.009960841899167891,0.9123819983586946
b.84.2,10,1.3340103109790786,0.2284700092137227,0.40869696194603444,0.045522901266862516,0.9140245105520372
d.28.1,1,1.3333333333333333,0.27380952380952384,0.36904761904761907,0.047619047619047616,0.9285042796825324
a.258.1,1,1.3333333333333333,0.2483221476510067,0.40268456375838924,0.06040268456375839,0.9224653452201912
c.8.3,1,1.3333333333333333,0.2119205298013245,0.40397350993377484,0.033112582781456956,0.9300951750720918
d.366.1,1,1.3333333333333333,0.32142857142857145,0.40476190476190477,0.03571428571428571,0.9269173963525673
d.129.4,1,1.3333333333333333,0.2158273381294964,0.4244604316546763,0.050359712230215826,0.9486321324099752
a.4.15,1,1.3333333333333333,0.3064516129032258,0.3387096774193548,0.016129032258064516,0.9137112662829342
d.195.1,1,1.3333333333333333,0.21138211382113822,0.37398373983739835,0.0,0.878414074817232
b.128.1,1,1.3333333333333333,0.2413793103448276,0.4224137931034483,0.034482758620689655,0.9341933788312256
a.7.17,1,1.3333333333333333,0.32786885245901637,0.4098360655737705,0.0,0.8664041821384814
a.159.4,1,1.3333333333333333,0.40298507462686567,0.34328358208955223,0.05970149253731343,0.8392537924795281
b.1.9,5,1.3325660304607674,0.15949985023918103,0.3806105707408052,0.05884954007975447,0.9251325679291558
c.32.1,3,1.3317232924025149,0.21458613902413756,0.39622224524327493,0.035671121240374325,0.9374333168306413
a.1.1,57,1.3316268995891256,0.22982056035651222,0.4470403263686691,0.03201821143251183,0.9274215083074059
e.63.1,3,1.3313131313131314,0.2530689984886339,0.3608807521317931,0.044728475120813425,0.9350761988563755
d.334.1,1,1.3311258278145695,0.1722488038277512,0.43779904306220097,0.045454545454545456,0.9464293932613831
a.24.16,6,1.33111171179913,0.257515496882977,0.45300594212876044,0.03274643715900018,0.9208129570438125
a.65.1,3,1.331067812706231,0.28358338769297675,0.4106689860114518,0.019714430673334785,0.9215673201445126
c.23.11,2,1.3309311943852613,0.23356141522029372,0.39956608811748995,0.061832443257676895,0.9257280557007646
a.27.1,15,1.33072245129667,0.26573809510109453,0.4637031248379277,0.049568972194222106,0.9136486423663058
g.18.1,32,1.3305798852753226,0.20436915647309686,0.3118929277370356,0.08684791005943064,0.9217729140531471
f.4.3,18,1.3301915136991036,0.20298128851149944,0.39130219849202763,0.031197618392879274,0.9326346056644343
d.58.7,129,1.329735602276401,0.2630231345620493,0.3964318124867831,0.03701728191189601,0.9253644666641974
d.79.2,8,1.3288648607265479,0.25019443026387667,0.4359407178539482,0.04074895567964347,0.928891014527089
c.16.1,3,1.3287348272642392,0.2209020709020709,0.4692352092352092,0.031000351000351003,0.9140257800416488
d.185.1,22,1.3279083227672261,0.22923556668184217,0.4112928621885098,0.042793792997941366,0.9379813851451267
b.143.1,1,1.3278688524590163,0.26993865030674846,0.39263803680981596,0.06748466257668712,0.960578567136376
d.2.1,22,1.3269609165905112,0.23271980215396848,0.39423995300624637,0.03544559534629212,0.9423019585761562
b.122.1,37,1.3269129986095187,0.26988055488216905,0.42039803407594983,0.04584078559553377,0.9102847726003971
c.1.2,39,1.3265135758107784,0.24675692824752987,0.4535774428037233,0.04448088981016503,0.9223067703621288
d.17.6,5,1.326325764889112,0.2914598664561981,0.44760325188791805,0.037048252147298365,0.9216403785477801
d.58.47,1,1.3255813953488371,0.3629032258064516,0.4274193548387097,0.008064516129032258,0.8933500765843175
a.5.4,1,1.325,0.2631578947368421,0.3684210526315789,0.06140350877192982,0.9318758827259612
d.54.1,39,1.324334332519137,0.20699975924208594,0.46096610920896464,0.04344625207802339,0.9208814511589603
d.34.1,1,1.3243243243243243,0.2828282828282828,0.42424242424242425,0.020202020202020204,0.9425753429062861
d.230.5,1,1.3243243243243243,0.27184466019417475,0.4854368932038835,0.0,0.8706932920216524
d.63.1,6,1.3240672120414752,0.31313428412462035,0.400536062707705,0.041638582629696795,0.9161950301409432
f.10.1,3,1.3240327706347124,0.1997758342005802,0.3889614628991866,0.04379570310630324,0.9572678466111993
d.305.1,5,1.3233077728438407,0.32847922275304664,0.3701417758141571,0.04422489761982521,0.9322790716640881
g.53.1,2,1.3232323232323233,0.2065410593672236,0.2759213176916696,0.054508828060196704,0.9118125453426662
d.58.29,13,1.3227295855963308,0.24094433472546972,0.4183415929775697,0.03223878278564606,0.9386306645375855
d.111.1,4,1.3226555942242217,0.20294428584717628,0.3545724262951041,0.04307808592114648,0.9526827830226873
a.292.1,1,1.3225806451612903,0.375,0.4125,0.0125,0.8515180475417227
b.42.1,16,1.3221165837539448,0.2301952305430541,0.3816530247036179,0.05541679012302322,0.9464225048130901
c.87.1,41,1.3218727210480568,0.22480620003249527,0.433764372853228,0.0577226218801221,0.9382735849409736
d.36.1,1,1.3214285714285714,0.23076923076923078,0.416289592760181,0.049773755656108594,0.9181125955611552
d.60.1,5,1.321355081717856,0.2379950861302645,0.40009686225013946,0.06476442593129061,0.9496073354857526
c.67.1,143,1.320728123127217,0.22745419414264678,0.4372100624266967,0.04787877253344688,0.9439463162304056
a.126.1,6,1.3204686519546696,0.29949407317828364,0.3524061093860252,0.052560711448419846,0.9201300498678155
g.51.1,2,1.3202774377804978,0.20208333333333334,0.3861111111111111,0.05347222222222222,0.9541186491702358
d.141.1,6,1.3198907445292318,0.26945205729893756,0.36579856042310716,0.04584889600339744,0.8919224182638441
b.1.27,4,1.3198051948051948,0.28533755670852445,0.38306138306138304,0.04006723563175176,0.9183568835410252
b.55.1,83,1.319772783456727,0.2658641487431475,0.39480069053123035,0.03611684069676733,0.9444384345933259
b.49.1,5,1.319461131461131,0.24196058198506104,0.415550098536424,0.036816412171660096,0.8732825466515944
a.102.3,6,1.319427865662471,0.22494841009152722,0.4337740550875772,0.04055409552036044,0.9464041932925674
b.2.5,11,1.319180102268399,0.23800918835138596,0.3650370088688745,0.06275703445827223,0.9562876804380743
d.313.1,2,1.3191798941798942,0.22587901439645625,0.43273578811369506,0.059489202657807314,0.9443099622877995
d.21.1,23,1.319083224093045,0.20848369365114988,0.42302647599228094,0.05318437853945578,0.936454014511594
d.346.1,1,1.3181818181818181,0.25217391304347825,0.41739130434782606,0.05217391304347826,0.8831441963572494
d.241.2,1,1.3181818181818181,0.26495726495726496,0.4358974358974359,0.042735042735042736,0.9170467790818349
b.3.6,4,1.317921491513086,0.2227884164659349,0.3970638403977226,0.06985547741083403,0.947047229259323
d.118.1,14,1.317396021900033,0.20849121238320864,0.39474195829107844,0.05707295791656869,0.957501877789776
d.198.4,2,1.3170731707317074,0.22026590010779734,0.40682716492993176,0.06762486525332376,0.9564372987865393
c.80.1,17,1.3166511878502718,0.22056976082626242,0.44515866247696767,0.0383158301550451,0.929507346103
f.71.1,3,1.3164840344055613,0.30934833496941777,0.41196439208974134,0.032305536677657794,0.9279130457698574
a.198.1,1,1.3164556962025316,0.1509433962264151,0.4528301886792453,0.02830188679245283,0.9132833504944625
a.110.1,2,1.316134446158033,0.27227569558354736,0.4152455819999381,0.048673826251121904,0.9490227564770533
d.68.3,4,1.3159584565313152,0.2792908568225024,0.40192244464396365,0.08050915329396342,0.9217603217831547
g.10.1,3,1.315954415954416,0.27409419544251,0.3305895103647913,0.03024378867075496,0.9271297281564465
d.9.2,1,1.3157894736842106,0.21818181818181817,0.41818181818181815,0.03636363636363636,0.8906796655526373
a.146.1,2,1.3157894736842106,0.2872975277067349,0.4281756180733163,0.019501278772378516,0.9447085594836266
c.64.1,1,1.315217391304348,0.23715415019762845,0.41106719367588934,0.043478260869565216,0.9473201660766537
d.134.1,6,1.3151750205893153,0.25608824495732374,0.3929616814560297,0.060514423376425354,0.9437142094462113
a.137.8,2,1.314935064935065,0.16756756756756758,0.5232432432432432,0.0,0.808900793088141
d.58.17,16,1.3139679037755163,0.22769275781867948,0.4138731662605447,0.02533505141978048,0.8914756697079973
c.112.1,1,1.313868613138686,0.2356164383561644,0.410958904109589,0.06575342465753424,0.9558899430272665
b.43.4,23,1.3135667749217357,0.23438470784859183,0.39885612569160583,0.056732882988720805,0.9345873293001568
d.15.7,2,1.313397129186603,0.2639600409836066,0.3994620901639344,0.00819672131147541,0.8462038287115989
b.30.5,25,1.312601294614397,0.21650933320826915,0.38769599001877425,0.05012144068005342,0.9396404287900879
f.15.1,1,1.3125,0.32608695652173914,0.391304347826087,0.0,0.870876068844062
b.83.1,2,1.3125,0.14459459459459462,0.3506756756756757,0.08851351351351351,0.8124121716513719
c.55.3,56,1.3121268432307176,0.2526880544506908,0.4231326204488588,0.04419570335612217,0.9351224052529383
b.82.1,65,1.3116957777696203,0.2332583197487018,0.40222391485086767,0.05582887718649359,0.9429062636505247
c.33.1,23,1.3115374402496152,0.2131541404161357,0.43600264686800433,0.04952980294311427,0.938231314763086
b.84.3,3,1.3113288846964564,0.21430245797334405,0.366926193824928,0.04944131895608689,0.8926775930802234
f.23.12,4,1.310924369747899,0.17096725248899164,0.45743466531510013,0.06437871519393258,0.8715798018103261
c.69.1,152,1.3107680635968395,0.205435186273546,0.4277374121878667,0.05627426419140189,0.9460349576090683
a.4.5,252,1.3106842233419551,0.2737141654185202,0.41328034567560223,0.03276722224150729,0.9073703505100363
g.72.1,2,1.310144927536232,0.31535685645549316,0.31194867682437855,0.01744186046511628,0.9220403853902643
d.210.1,4,1.310075713788612,0.2441144056078446,0.39842710012936855,0.04433406259374531,0.9496976029351362
g.41.9,2,1.3100490196078431,0.3325350036845984,0.37122328666175386,0.01694915254237288,0.8863239263816857
d.58.48,6,1.3097686578711245,0.2858643715634484,0.4312783934563451,0.025782319796099056,0.9107416343617106
c.1.9,59,1.3096645868088486,0.23356309742887213,0.42344798337167616,0.04834068144457138,0.9478051434879471
a.280.1,3,1.3093947606142728,0.2686909581646424,0.42996769312558786,0.027371897108739218,0.9305943391080002
b.34.2,71,1.3090117155846708,0.2719748611734454,0.39083285424568437,0.04764205243000275,0.9158401109348954
d.79.5,3,1.3089856011015042,0.24559049615653392,0.4326694619147449,0.04023060796645702,0.8936648508772075
b.75.1,1,1.3088235294117647,0.21944444444444444,0.3861111111111111,0.04722222222222222,0.9534263714342525
c.56.5,19,1.3085682285333164,0.22121890977142175,0.4091668079948497,0.044989637137389155,0.9455925435823404
b.116.1,1,1.3082706766917294,0.18059299191374664,0.38544474393531,0.0673854447439353,0.9573455678567473
d.81.1,28,1.3080633268773902,0.2303086255887198,0.41587875744770075,0.042903063599752274,0.9296001964210511
a.30.8,1,1.3076923076923077,0.22857142857142856,0.44285714285714284,0.05714285714285714,0.9137669450918148
c.18.1,8,1.307149155666732,0.23318061907407214,0.40437656704033553,0.06755272003253929,0.944216999301805
b.52.2,15,1.3069541097304955,0.23702207778482362,0.40139085359165977,0.046170737509736694,0.9268383735401321
c.55.1,101,1.3067936254338182,0.22556684659423232,0.4284921635668373,0.038813065711368715,0.9242048804731671
c.1.22,6,1.306697712645133,0.24270010612842705,0.4409445647842957,0.06117761213462225,0.9388853545968839
f.4.4,2,1.3063402718776551,0.2228359806006031,0.35898611748030185,0.024158919414682956,0.9374621893136124
c.1.17,10,1.3061941907620098,0.268549561653436,0.40802174513084494,0.03343917544720227,0.9376394582316043
a.287.1,2,1.305238774055595,0.2480113636363636,0.4774621212121212,0.023200757575757576,0.9317130359585152
c.133.1,3,1.305235638114895,0.23670046941877318,0.46880189649506,0.05326503776365815,0.9253109445485223
d.49.1,3,1.3051668247944337,0.2862356112262956,0.3949251937700578,0.018598846881047848,0.9212542144559324
b.132.1,1,1.3043478260869565,0.23809523809523808,0.38095238095238093,0.03968253968253968,0.9614874710463575
d.58.14,4,1.3040003695491502,0.3398565226955009,0.4133392899668598,0.0393299059966878,0.9136164327945486
c.56.6,2,1.3038819875776397,0.17483481608657198,0.4217522501430727,0.09349149367878883,0.9594388751786807
e.18.1,6,1.3033639178090588,0.23942138318815287,0.41691049288795673,0.05763531979666081,0.9638493031525871
a.170.1,1,1.3026315789473684,0.23979591836734693,0.4030612244897959,0.05612244897959184,0.9633220929084512
e.17.1,10,1.3012999301511277,0.2302799738485859,0.43262439050940066,0.0500064701406955,0.9469373109745056
d.190.1,16,1.3009956503824143,0.26138299405902604,0.41741025715218655,0.04319315905453934,0.9219475015679732
b.87.1,5,1.3008720930232558,0.24011074907375063,0.4129914911676245,0.05709135748739709,0.9320651519880105
c.124.1,31,1.300773412592529,0.234321298631141,0.42934258264709113,0.043633415565444346,0.9331829226932034
b.40.4,129,1.3007069866763217,0.2704797732043376,0.4005691816244462,0.04291201354553981,0.912813225798082
c.72.2,8,1.3006499063737078,0.21197774659878055,0.43552159478567665,0.03382136104180795,0.9347643377487864
d.15.10,5,1.3000983274596467,0.2691459849959985,0.414413172904759,0.040857334620026664,0.9116411865973781
d.68.8,1,1.3,0.25316455696202533,0.3924050632911392,0.0379746835443038,0.9274642326948148
c.126.1,1,1.3,0.17272727272727273,0.44545454545454544,0.09090909090909091,0.9234462188771244
e.47.1,1,1.3,0.2552083333333333,0.3958333333333333,0.057291666666666664,0.9539959173425311
c.145.1,1,1.3,0.30666666666666664,0.4633333333333333,0.04666666666666667,0.9386351417799572
d.112.1,7,1.299500566904601,0.22990547220387225,0.43800491160553795,0.05309893413029438,0.9230893264691613
d.211.1,32,1.2993865085392355,0.22268503560025688,0.4268041158124283,0.035255208184508446,0.9179016934572939
c.119.1,16,1.2988970990735291,0.23626406264985675,0.42920528910581335,0.03308050549718344,0.9357880989371015
b.1.26,4,1.298758259284575,0.19750016999574044,0.3870444256293083,0.04355808248443487,0.873148023267551
e.34.1,1,1.2982456140350878,0.2929936305732484,0.4012738853503185,0.01910828025477707,0.932416482218764
a.47.6,1,1.2982456140350878,0.27607361963190186,0.4233128834355828,0.006134969325153374,0.9224941439131907
a.118.18,2,1.2978896103896105,0.2627576545927557,0.36857828983104146,0.005703422053231939,0.8975258114573879
d.52.2,1,1.297872340425532,0.2605042016806723,0.47058823529411764,0.058823529411764705,0.8890154986705913
d.307.1,1,1.2972972972972974,0.3010204081632653,0.41836734693877553,0.08163265306122448,0.9116995520527799
c.37.1,333,1.2954601631627318,0.2584859767602969,0.41995203663320735,0.03992177220401481,0.9332478536214299
d.401.1,1,1.2954545454545454,0.2540983606557377,0.38524590163934425,0.07377049180327869,0.9343142314540323
b.165.1,1,1.2954545454545454,0.23333333333333334,0.4583333333333333,0.05,0.9354794611581528
e.44.1,1,1.2951807228915662,0.255863539445629,0.4093816631130064,0.04904051172707889,0.9605701706700863
b.82.2,42,1.2949441935533132,0.24581496577249698,0.4003669012239882,0.06180195833372199,0.9571798924070013
c.23.15,2,1.2945701357466062,0.2835421175750421,0.45516057803720955,0.04911348680614766,0.9360631796847382
c.44.1,13,1.2944320270047116,0.26125851078762946,0.3955517246480197,0.0369016491806912,0.9454834158160627
c.23.16,42,1.294055678192637,0.23045452080187984,0.4339235382292484,0.04896803251798142,0.9329702827057773
d.58.51,2,1.2939102564102565,0.30256410256410254,0.4064102564102564,0.033760683760683766,0.8912881071874468
b.34.13,21,1.2938995987071795,0.3353290842401935,0.36161300092436655,0.03234601574224606,0.9051644174754891
c.97.1,24,1.2938669201751793,0.22927151645604926,0.42186460716988705,0.04481486314098165,0.9351231578270741
d.17.1,18,1.2933301003307212,0.2567699368425341,0.37942512050384425,0.04158186512962645,0.9295392658837329
d.218.1,29,1.2931595319425706,0.2976831161742574,0.4128293207731618,0.036113380616829574,0.9277316480695865
b.14.1,1,1.293103448275862,0.310126582278481,0.3291139240506329,0.04430379746835443,0.9611357084498228
b.1.14,7,1.2930825507156232,0.16117928622576552,0.383950252516123,0.042944220610079666,0.8639888060724836
b.1.12,1,1.2926829268292683,0.23684210526315788,0.3684210526315789,0.06140350877192982,0.953904902627758
d.122.1,18,1.2919195258178435,0.24637230352827993,0.39963506835911117,0.04689016678481823,0.9316027549125471
g.74.1,3,1.2916666666666667,0.16709401709401708,0.2770940170940171,0.07529914529914529,0.8426061353413591
e.8.1,28,1.2914323095345355,0.24944618882828987,0.40969026732106556,0.05208996778859089,0.9564996001293745
d.198.5,2,1.2913533834586466,0.2605322468793343,0.41002080443828015,0.036884535367545074,0.9379394252584953
d.85.1,3,1.2913461538461537,0.1914618930440509,0.40751876369489787,0.04390261748248786,0.9129914836212908
d.110.9,1,1.290909090909091,0.13380281690140844,0.44366197183098594,0.014084507042253521,0.9160696568477674
d.163.1,6,1.2904830463653993,0.24825858492512998,0.4196025475111247,0.03144692035302163,0.9378400882475207
a.25.5,1,1.2903225806451613,0.4024390243902439,0.36585365853658536,0.0,0.8827031822630845
a.118.22,1,1.2903225806451613,0.2754491017964072,0.3712574850299401,0.029940119760479042,0.9501919352560204
d.104.1,27,1.2899384853980804,0.2608037476493078,0.4240603587138356,0.045100283995009385,0.9379094437181986
d.167.1,12,1.2895541291780865,0.2748100127935393,0.4218759427926126,0.05764306240389474,0.9287750938924999
a.209.1,2,1.2892307692307692,0.23809278350515464,0.42962199312714777,0.028848797250859107,0.9349306090512761
d.327.1,1,1.288888888888889,0.2773109243697479,0.42016806722689076,0.06722689075630252,0.9392834786546747
a.140.1,3,1.288613691090471,0.30722639933166246,0.33761487050960737,0.06328320802005012,0.8716601406402357
d.110.1,4,1.2884531590413943,0.19578008133479546,0.4272036915921808,0.03974247123149054,0.9387965488862533
a.148.1,1,1.2878787878787878,0.26436781609195403,0.3793103448275862,0.06896551724137931,0.9611930141866551
a.24.10,9,1.2874954182295724,0.2532227857857743,0.4324403220981183,0.021001830108759924,0.9167480435588968
b.23.1,9,1.2872301846449927,0.21168976639298043,0.3668995134691235,0.07732591058294426,0.9436690583059839
b.80.8,4,1.2870415678546379,0.2338293370391307,0.4170541444689975,0.008098402053320086,0.8718439657948021
d.58.4,52,1.2867128068903133,0.2529964032732829,0.4389586500370589,0.04276462961323631,0.9297167121368785
g.41.5,7,1.28655644487563,0.26578784285551205,0.3393964893964894,0.0795113073308562,0.8983533706629087
c.85.1,2,1.2858391608391608,0.23431449147360556,0.41636235477953665,0.031825361777294656,0.9598204338342211
c.67.2,1,1.2857142857142858,0.16494845360824742,0.4329896907216495,0.07216494845360824,0.9171893709419985
d.230.4,1,1.2857142857142858,0.23076923076923078,0.4423076923076923,0.038461538461538464,0.894538372975345
a.4.2,1,1.2857142857142858,0.19318181818181818,0.4659090909090909,0.045454545454545456,0.9074322204974733
b.76.2,1,1.2857142857142858,0.24358974358974358,0.3974358974358974,0.05128205128205128,0.9269511080761897
b.2.1,1,1.2857142857142858,0.2129032258064516,0.33548387096774196,0.05161290322580645,0.9419439899311789
g.65.1,1,1.2857142857142858,0.2571428571428571,0.2,0.02857142857142857,0.8206709392020289
e.26.1,3,1.2853884436062655,0.22207990310178505,0.4343877502456264,0.046486399941613764,0.9480163320775787
a.60.9,3,1.2853479853479854,0.25991612554112553,0.4244153911564626,0.02854340599876314,0.9272858472920148
d.240.1,5,1.2847268881423415,0.3008518994528663,0.3872710582927915,0.03245188625079386,0.9214683327599168
a.60.16,2,1.2844076655052263,0.228809218950064,0.45921895006402047,0.05998719590268886,0.8921370853092236
f.4.7,6,1.2841428876054797,0.2251993745697833,0.39292857277221477,0.02877752595669576,0.9350971223548762
d.129.6,4,1.2820663353060524,0.2541725338903863,0.3899756413332812,0.04639961575497606,0.9572829127968623
d.32.1,45,1.2819025497827548,0.24432712178687205,0.42278676620060873,0.045620952415280046,0.9395371446571105
a.8.3,4,1.2817827130852342,0.27751134593239857,0.4546128835602519,0.03556357108988688,0.933359351732626
b.1.20,2,1.281364636830521,0.24099883855981416,0.42189314750290363,0.03019744483159117,0.911013786498113
d.331.1,1,1.28125,0.2857142857142857,0.47619047619047616,0.05952380952380952,0.9093862878902927
c.73.1,14,1.2809407382035147,0.23560788958760354,0.4487952701913765,0.034498657568369694,0.9183850845403523
e.48.1,1,1.2807881773399015,0.1583629893238434,0.47330960854092524,0.07473309608540925,0.9271845955730024
b.34.9,19,1.2805732641223995,0.255632376970659,0.3959593304605811,0.05890421422070107,0.9312416661093171
c.7.1,12,1.2801951229749078,0.23856938312402007,0.41715542861188837,0.041341592369192964,0.959470292971957
b.25.1,2,1.2797619047619047,0.15843081887858007,0.3166263278203577,0.08212316794406346,0.9287329718658655
d.80.1,26,1.2795454392504222,0.2120412891243899,0.42493110100976667,0.04976102019306939,0.9166710074000048
c.155.1,1,1.2792792792792793,0.2669039145907473,0.398576512455516,0.03914590747330961,0.9343067395978787
c.23.3,1,1.2790697674418605,0.2972972972972973,0.44144144144144143,0.06306306306306306,0.8943653041895375
a.1.2,5,1.2790661908068794,0.24121250971546954,0.37240069531201025,0.05130995737578784,0.9619517731573278
c.78.1,20,1.278834605828669,0.25163594109868226,0.4349099349588433,0.03761432066112604,0.9423617947380649
d.17.4,76,1.2788137559590453,0.24302546843830802,0.42216681401409784,0.03793146275834395,0.9365045242628074
c.42.1,15,1.2784681823224835,0.2323714190754951,0.4201141587923306,0.051682734278897906,0.9373332239864961
d.285.1,2,1.27834008097166,0.27830615942028986,0.32291666666666663,0.02694746376811594,0.9196817531335457
a.173.1,3,1.277839465992776,0.3078597710840955,0.45455365413680465,0.04413399409785854,0.9101606997202851
e.76.1,3,1.2777863867710766,0.21704130443412328,0.3733105738822066,0.05885865322271181,0.970848898346581
d.383.1,1,1.2777777777777777,0.2131979695431472,0.40609137055837563,0.05583756345177665,0.9427142908999706
c.1.18,16,1.2775513510687535,0.25450500576082113,0.41782640607004784,0.045818164798177304,0.9374610568969778
c.58.1,19,1.2772380711166127,0.25148174510200133,0.4190527128366891,0.04373216685521877,0.9299222323954848
c.109.1,4,1.2771741765417017,0.25225248943010903,0.40947983096126533,0.05843735186607134,0.9552025940963634
a.250.1,2,1.2764689578713968,0.2419117372991912,0.39438667113943865,0.026706176152670617,0.9230890772350575
b.93.1,3,1.2763115021179539,0.1406162464985994,0.4294701213818861,0.05239262371615313,0.8963956835229355
d.74.2,2,1.2761290322580645,0.22420262664165103,0.45028142589118203,0.043933708567854904,0.8961015476382457
a.192.1,1,1.2753623188405796,0.23295454545454544,0.39204545454545453,0.045454545454545456,0.9352911933604278
d.209.1,1,1.275,0.16,0.4,0.05,0.9320645809210186
d.58.55,1,1.275,0.1810344827586207,0.4482758620689655,0.034482758620689655,0.9324576425680039
e.7.1,15,1.274622360976988,0.23828405803839284,0.4275905079006082,0.03673770594518641,0.939976366726327
d.221.1,1,1.2745098039215685,0.23880597014925373,0.40298507462686567,0.05223880597014925,0.9303433991409861
c.20.1,1,1.2745098039215685,0.35877862595419846,0.4580152671755725,0.022900763358778626,0.8906900049799676
a.207.1,2,1.2744887525562372,0.30655102160466685,0.4061867909594583,0.029658781109840823,0.9334119649228851
b.145.1,2,1.2740384615384617,0.2222570711678832,0.35954607664233573,0.0643533302919708,0.9395937154228788
a.42.1,3,1.2736652236652237,0.26731283422459895,0.39913101604278073,0.05305258467023174,0.9232879943570134
d.93.1,33,1.2735102241993939,0.23951010038975545,0.3829669553032506,0.04826545439257631,0.9442644548615646
b.77.3,5,1.2734440851446727,0.15043936593610885,0.38472291714602525,0.0381754310468701,0.8984127122047088
a.204.1,11,1.2732756631655804,0.3181283764828789,0.4284651110611452,0.026734365701928216,0.9095392279690675
d.77.1,8,1.273074857808252,0.3100490699724756,0.4122806906093108,0.03700779535777889,0.919025490683941
a.2.20,1,1.2727272727272727,0.23728813559322035,0.3898305084745763,0.03389830508474576,0.8640745466320591
d.399.1,1,1.2727272727272727,0.2631578947368421,0.3894736842105263,0.06315789473684211,0.9537738952334779
a.30.3,1,1.2727272727272727,0.3333333333333333,0.4074074074074074,0.0,0.8383360923063088
d.140.1,2,1.2726415094339623,0.2856887298747764,0.43243887895050687,0.03861061419200954,0.9196151271531792
a.76.1,2,1.2724867724867726,0.36059743954480794,0.3664651493598862,0.02631578947368421,0.8945596907546348
g.12.1,5,1.2723076923076924,0.31481657877006713,0.16484329623864508,0.033627999907069675,0.8547345067717027
d.58.36,8,1.271650310561601,0.2644266419800609,0.40327967412891624,0.04253282604310172,0.9275371271365158
b.1.4,18,1.2713586871290956,0.2244078560671045,0.40729574953651,0.039974897157294596,0.9027265668513917
d.170.1,3,1.2710301394511923,0.20536339348220536,0.3505950595059506,0.03787664480733788,0.9238922625599297
d.345.1,1,1.2708333333333333,0.216,0.432,0.048,0.951985319983004
c.78.2,8,1.270526092028639,0.2750776834695349,0.44301104363315047,0.0349339072497011,0.908088370185358
d.143.1,6,1.270239919272427,0.2954306805612667,0.39701683570372115,0.03822796308992662,0.9440321135579669
d.100.2,3,1.2699335232668565,0.1925938925938926,0.3857220857220858,0.07213057213057213,0.929405555673064
c.98.2,3,1.2695920654221207,0.2423244068592906,0.412221047686164,0.04460300681230914,0.902310394197471
d.52.8,4,1.2693223443223445,0.25962367578221235,0.42865314732692783,0.067485064055186,0.889864639176727
c.52.3,1,1.2692307692307692,0.2517985611510791,0.39568345323741005,0.06474820143884892,0.9602517298635633
a.18.1,1,1.2692307692307692,0.2846715328467153,0.43795620437956206,0.0364963503649635,0.9464438729562368
d.102.1,1,1.2692307692307692,0.24817518248175183,0.40875912408759124,0.08759124087591241,0.9612494589240087
d.81.2,2,1.2685185185185186,0.22120051085568326,0.4367816091954023,0.03920817369093231,0.9009057261967074
c.26.1,47,1.2685120732548945,0.2530012035101048,0.42635215782444863,0.05016897953347618,0.942230772679417
c.53.1,4,1.2684669811320755,0.28597216111177726,0.42608072833782473,0.007928086344894494,0.9126278939447585
d.271.1,1,1.2682926829268293,0.30701754385964913,0.45614035087719296,0.03508771929824561,0.9114978213953762
a.60.12,4,1.2679951690821256,0.26245930548019536,0.389661331162959,0.016503888587448,0.9045252704581777
b.3.4,5,1.2678862658145298,0.19214275944485773,0.4184685868818825,0.051093773446098625,0.9325050823089782
d.329.1,1,1.2678571428571428,0.3188405797101449,0.43478260869565216,0.007246376811594203,0.8942170157225912
d.22.1,7,1.267782252590615,0.2214534336521243,0.37344923824314114,0.05627524384871192,0.9518702067962711
b.61.1,6,1.2677749119345416,0.12408668919799777,0.3799032566859288,0.02165605235638457,0.9059581669613884
e.43.1,2,1.2676767676767677,0.2713991769547325,0.3681069958847737,0.03888888888888889,0.9582452458523243
b.74.1,13,1.2676271315395413,0.20855115050302173,0.3774935538031442,0.06218804646006268,0.9519972714801093
c.65.1,8,1.2674704848137472,0.22358123966606405,0.4328799435852673,0.05321405784966685,0.9362644701308489
b.1.23,3,1.267307731990673,0.18928118716671039,0.39177648832939943,0.07750691166185855,0.9427379621925628
a.33.1,1,1.2666666666666666,0.2972972972972973,0.35135135135135137,0.08108108108108109,0.854915448330058
b.1.13,2,1.2666666666666666,0.26995142262317834,0.4104788341429563,0.0532616238723109,0.9227594801751899
d.375.1,1,1.2666666666666666,0.3058823529411765,0.38823529411764707,0.011764705882352941,0.9485484379559916
c.149.1,4,1.266541182807014,0.30260442555274353,0.45086755688695457,0.041999993359868565,0.8904459908122218
b.62.1,9,1.266449154979827,0.22946616847902496,0.38049050658699596,0.05780966007437922,0.9346656302951012
d.19.1,18,1.2658368704368879,0.2366876200928264,0.3796946467489506,0.03506519843132687,0.9511874141198009
b.23.3,1,1.2654867256637168,0.23745819397993312,0.43478260869565216,0.03678929765886288,0.9203795989302765
c.52.1,48,1.2652582134670056,0.2710689737849338,0.41218021165094587,0.04208679967322201,0.9375127375618063
d.1.1,5,1.2650849963045085,0.19540873152450333,0.32672908861093247,0.05589033351749706,0.9274253806404067
a.28.1,16,1.2642866959931058,0.30036236112201276,0.45307776410778344,0.025709008430155066,0.8675420242909339
d.40.1,3,1.263892021956538,0.2575474634298163,0.4082633053221289,0.07251789604730781,0.8788082284007736
g.55.1,1,1.263157894736842,0.08695652173913043,0.2826086956521739,0.021739130434782608,0.845258564715816
c.125.1,1,1.263157894736842,0.2140077821011673,0.44357976653696496,0.06614785992217899,0.9507111900092944
b.154.1,1,1.263157894736842,0.21212121212121213,0.37373737373737376,0.06060606060606061,0.9530093164269117
b.108.1,6,1.262595217126319,0.18387205695622674,0.3343764708168269,0.021017148226450552,0.8533476697720864
a.2.17,4,1.262076167076167,0.3073202807066223,0.38203111660121236,0.019974912134665186,0.8988470516721327
c.8.4,2,1.26187265917603,0.1855389268162512,0.38832306700171226,0.07999955524917166,0.9437651106378682
a.7.15,2,1.2614861032331253,0.3131061598951507,0.4247706422018349,0.01852337265181302,0.9079884527453175
b.47.1,54,1.2613325484280353,0.1845417176085571,0.3839126085021353,0.04783507075467998,0.9392502279342781
b.3.5,7,1.2600335978993218,0.28853889253529824,0.34110693549867593,0.026304324149981104,0.8890184698035891
d.291.1,1,1.2592592592592593,0.32894736842105265,0.3815789473684211,0.05263157894736842,0.8729154281514998
a.241.1,1,1.2592592592592593,0.29411764705882354,0.36764705882352944,0.029411764705882353,0.9163428381317434
g.83.1,4,1.2590811965811965,0.29441288312640307,0.34416930101861604,0.011116965226554268,0.9148524240379132
a.189.1,2,1.2590579710144927,0.1509259259259259,0.425,0.08703703703703704,0.8246334194625087
c.120.1,12,1.2588400574477705,0.2766653572939855,0.46063572031407346,0.033703312672124085,0.9172615238816411
a.5.3,3,1.2588159588159586,0.31024087024087027,0.42333000333000337,0.06273282273282274,0.9002851103874446
e.2.1,1,1.2586206896551724,0.2459016393442623,0.4131147540983607,0.05573770491803279,0.938957997480985
d.58.10,12,1.258178657748995,0.2622306546331059,0.39780642818843887,0.035632524097838715,0.932002540274978
c.121.1,6,1.258092451352534,0.24941668974765677,0.43580072135281017,0.02473122067580667,0.9307979478942974
c.6.2,17,1.2580423236644995,0.2403096820497448,0.41028229084104606,0.050922759206675494,0.9488839127290973
a.297.1,1,1.2571428571428571,0.30927835051546393,0.38144329896907214,0.020618556701030927,0.9477595894490631
d.15.1,78,1.2570409088512378,0.2591656965874301,0.3916856647171871,0.04582066217824114,0.9135795234162924
d.79.4,11,1.2569520144396766,0.21094523849492866,0.4388935257866767,0.050088335549646736,0.926265948337461
d.228.1,1,1.2564102564102564,0.22018348623853212,0.41284403669724773,0.03669724770642202,0.945657565754573
d.293.1,1,1.255813953488372,0.27927927927927926,0.4144144144144144,0.02702702702702703,0.9421438456080745
b.20.1,1,1.255813953488372,0.15789473684210525,0.3201754385964912,0.08771929824561403,0.9524033710212926
d.86.1,6,1.2557596936438025,0.2565440201296141,0.38762198549935406,0.0426260872792768,0.958573774971459
b.131.1,3,1.2554829309111784,0.236566387184205,0.4276063759461454,0.07141405822490075,0.9421598430504803
d.130.1,6,1.2554657442173087,0.25503211051906943,0.40873672177085046,0.0360320009459854,0.937022604218547
b.181.1,2,1.2550675675675675,0.25976116303219104,0.3617860851505711,0.028920041536863967,0.9059581481011236
b.179.1,6,1.2550102382579469,0.24078252820104284,0.3550312799295439,0.05242142035276265,0.9289452257133707
d.193.1,3,1.2549625468164793,0.23554066904550233,0.43352381945728974,0.04190567066299112,0.9286477303085033
d.110.3,22,1.2545668065568256,0.2281199646105632,0.4136783578294162,0.04962925170821463,0.9318962630458206
c.56.3,4,1.2542302456798173,0.21252203941485875,0.41104157778058437,0.05314097040896271,0.9261571329142217
a.184.1,4,1.2531451272304932,0.22545560119786207,0.4674146328317267,0.0450404320499206,0.9291216626941174
d.94.2,2,1.2522435897435897,0.2919917688416359,0.4120294949841379,0.027865900711652233,0.9040110241324574
d.160.1,7,1.2518152690954516,0.23764871472245025,0.42787139731502377,0.04531527643173717,0.9572543264066743
d.38.1,77,1.2514678075984154,0.2230809424793558,0.43629370061584294,0.04377007708899376,0.9305612034540449
d.189.1,13,1.2502709516756363,0.285212652914409,0.39239045518642723,0.05425241705059481,0.9357192069694528
c.88.1,5,1.250100991480656,0.22026295223933906,0.43280449968071455,0.04286875706578548,0.9385716322996543
a.214.1,1,1.25,0.23076923076923078,0.4423076923076923,0.0,0.894538372975345
a.34.4,1,1.25,0.25396825396825395,0.47619047619047616,0.047619047619047616,0.8800489963762466
g.70.1,1,1.25,0.21666666666666667,0.25,0.03333333333333333,0.8741880026177204
b.98.1,5,1.2497472324515617,0.22460859718997925,0.40715230134419167,0.06242340184087756,0.9481439779186276
a.132.1,17,1.2496285307787627,0.2524239315781629,0.46158436864246816,0.03224013728462577,0.9357134022174081
a.48.3,2,1.2495265151515151,0.34754689754689755,0.38463203463203466,0.012049062049062049,0.8636148218320563
d.157.1,40,1.248737166068029,0.2260373545571727,0.4167436195756629,0.04817677504064084,0.9432679756538143
b.60.1,51,1.2478643590610305,0.25947013335852864,0.3822758843252124,0.034972967185038124,0.9361617499733539
c.1.1,6,1.2475465686698235,0.22111072411421687,0.4410376461811867,0.03608236384133769,0.9276517878784354
d.174.1,2,1.2474475190839693,0.2634486769409712,0.39543736286975606,0.04841523698749636,0.973771356716081
d.13.1,18,1.2473757316841683,0.23614885019580573,0.40696960303960367,0.05778176593808201,0.9457678685242039
a.45.1,63,1.2472593768588454,0.25432517556622747,0.44818302688182515,0.04802465175739245,0.9318114780138821
d.110.2,21,1.2464924878331252,0.2337584992970827,0.43036302466964477,0.03989458871101327,0.9311657721699569
b.134.1,2,1.246212121212121,0.3031786395422759,0.3672917991099809,0.03219961856325493,0.9466187894308795
a.213.1,7,1.2461966604823747,0.2261719064369272,0.4423481008034406,0.03452924768430909,0.9344704620568203
b.129.2,2,1.2459627329192546,0.30028929604628735,0.42613307618129215,0.07396335583413693,0.8938447606236246
c.101.1,8,1.2453231566059875,0.2634000192925207,0.4234914483117254,0.039292388099053596,0.9477139901760899
b.85.1,3,1.2449192782526117,0.252791394335512,0.4281045751633987,0.0642020697167756,0.897463701665966
d.68.4,2,1.2448830409356724,0.290270618556701,0.38853092783505155,0.031035223367697595,0.9000236838664406
e.68.1,1,1.2446808510638299,0.2459016393442623,0.430327868852459,0.028688524590163935,0.9535155880621166
a.117.1,1,1.2446808510638299,0.2785862785862786,0.3804573804573805,0.07276507276507277,0.9539690907266554
b.64.1,6,1.2446628826969384,0.22445511904633142,0.3485601268486307,0.04346765828487603,0.9541291273849609
c.143.1,2,1.2445279202485011,0.24443259710586446,0.40615892358466615,0.04475247524752475,0.938335094726146
c.105.1,1,1.244186046511628,0.2692307692307692,0.4017094017094017,0.042735042735042736,0.9585086104435232
d.58.40,2,1.2437965260545907,0.2118993993993994,0.44575825825825827,0.08896396396396397,0.8753305190774212
b.40.9,1,1.2432432432432432,0.21,0.4,0.04,0.916041107556058
b.152.1,1,1.2429906542056075,0.11945392491467577,0.3651877133105802,0.040955631399317405,0.9090489766264644
b.147.1,1,1.2413793103448276,0.24183006535947713,0.40522875816993464,0.0718954248366013,0.9645173186823965
b.34.1,6,1.2394436891470633,0.2847732648416815,0.4301879862939371,0.043309885211375264,0.8618002458914952
a.190.1,2,1.2393939393939393,0.23989514628784034,0.4824961948249619,0.04591577879249112,0.8586669705908403
c.50.1,14,1.2389874820321416,0.2336789718950418,0.427121342254463,0.038793463344063035,0.9322048170238402
d.286.1,2,1.23868778280543,0.2851526364477336,0.424722479185939,0.0431313598519889,0.8835624245232849
d.52.10,2,1.2386792452830189,0.26529806553493884,0.4681208053691275,0.038195815238847214,0.8944686890436031
d.323.1,2,1.2385531135531136,0.234163153697163,0.45687592571493674,0.04528882306027116,0.9306402946839927
d.58.8,3,1.2384135472370765,0.18292814377125163,0.3769340819786186,0.0638288698787861,0.9587439538567004
e.65.1,1,1.2383720930232558,0.24565217391304348,0.3847826086956522,0.06304347826086956,0.9623247743422799
a.25.2,6,1.2383431861178809,0.2623329740311328,0.4335313747682836,0.03403331634416054,0.9296462120834487
a.266.1,3,1.2382971759153536,0.23801449500038754,0.42523004861195696,0.040706515921615526,0.9534731654592398
g.26.1,1,1.2380952380952381,0.3333333333333333,0.27450980392156865,0.0196078431372549,0.8075983409928927
b.162.1,1,1.2380952380952381,0.27218934911242604,0.3668639053254438,0.029585798816568046,0.9295739038659384
d.17.2,10,1.237995364054091,0.25848277772050754,0.41672522420158725,0.0626760307010181,0.9205255015741927
d.171.1,5,1.2375182128668176,0.22852930722558903,0.35670432502499777,0.034555262047869385,0.9590733512127715
a.102.1,28,1.237294986454859,0.2246311300623119,0.4217984172272106,0.041859572031004495,0.9535618279907635
d.9.1,20,1.2370063008314447,0.2509820451252746,0.3554972921448853,0.0631597630902958,0.923987781203089
g.39.1,65,1.2369664070152282,0.2390348271420822,0.3409355221924226,0.0391807416762005,0.8830268696534465
g.46.1,11,1.2355389708330884,0.1835597283614206,0.09914409933447481,0.049140917253027244,0.7077538042225718
g.3.17,1,1.2352941176470589,0.21951219512195122,0.3170731707317073,0.04878048780487805,0.904494423047118
a.2.13,1,1.2352941176470589,0.2087912087912088,0.42857142857142855,0.06593406593406594,0.9316402245483616
a.2.12,1,1.2352941176470589,0.35714285714285715,0.40476190476190477,0.023809523809523808,0.8261033072386288
d.136.1,12,1.2352498636163347,0.2304280690623878,0.4191301734910933,0.04731523055921883,0.9448463426199508
a.149.1,4,1.2347186147186149,0.2909148639748971,0.4590079575247352,0.016876908369450334,0.9015847311647882
a.4.10,2,1.2345588235294118,0.2606060606060606,0.396969696969697,0.047474747474747475,0.9463147098255502
e.52.1,6,1.2344533485799778,0.24574922432917898,0.4254180407056829,0.045862675094728085,0.9262760556743103
a.24.5,2,1.234417714598141,0.1883782679738562,0.42463235294117646,0.05100081699346405,0.9031621245615251
b.77.1,1,1.234375,0.2147239263803681,0.3374233128834356,0.03067484662576687,0.9441615282662059
e.12.1,1,1.2342342342342343,0.28187919463087246,0.412751677852349,0.04697986577181208,0.9506008167934592
a.102.4,12,1.2341680141804439,0.23187173862426871,0.4275951081960138,0.04100981761827068,0.9494103154752972
f.23.13,2,1.2333333333333334,0.19268817204301075,0.4217204301075269,0.07225806451612904,0.9310968083894604
a.118.12,1,1.2333333333333334,0.18471337579617833,0.4713375796178344,0.05732484076433121,0.9041781133857001
a.233.1,1,1.2333333333333334,0.23809523809523808,0.4166666666666667,0.017857142857142856,0.9606701706919633
b.86.1,6,1.2333084543107917,0.24502564527044532,0.41358694105531263,0.0414253628770877,0.9378046455969012
a.218.1,2,1.233019853709509,0.35338137472283815,0.41186252771618626,0.028824833702882482,0.9039835466688807
g.3.14,2,1.2328947368421053,0.18862745098039216,0.2280392156862745,0.11862745098039217,0.8589374293581811
a.118.21,1,1.2325581395348837,0.3611111111111111,0.3611111111111111,0.027777777777777776,0.9151998371750945
b.6.1,51,1.232302858480329,0.19407165223673745,0.3995568652743459,0.06527441194523297,0.9370276058189679
b.85.4,15,1.231975014819906,0.2233065225071444,0.40877241297379024,0.0548769799120257,0.9264785540874987
a.96.1,11,1.2317545229741844,0.24975527216192273,0.4340384826938925,0.04976788791303863,0.9496025050781526
f.64.1,1,1.2314814814814814,0.21875,0.3645833333333333,0.052083333333333336,0.9663847035714042
d.31.1,5,1.2312440653230128,0.2504317289816154,0.4230177399938742,0.05182186638554302,0.9069375572071522
c.47.1,215,1.2311443847193189,0.2530566716412592,0.4208448712611274,0.05209542883966234,0.9332023625265393
a.29.10,1,1.2307692307692308,0.2871287128712871,0.44554455445544555,0.039603960396039604,0.9167966187931652
a.128.1,30,1.2301356129086554,0.2531470111812244,0.4413747695323112,0.035674830265851276,0.9425328515573085
b.11.1,20,1.2296818803567535,0.2045839730702852,0.35858759193455014,0.04210670104325891,0.923251471402649
d.145.1,24,1.229614483588281,0.23185290780216564,0.4266264903765136,0.04689878881926419,0.9202484568684062
a.7.12,5,1.2292660151559072,0.26920296590152626,0.4911479346807971,0.017689799723064496,0.9060113713620348
g.68.1,13,1.2290025763709975,0.24064687529663092,0.2785400441632944,0.05656426454686284,0.9050726102713503
d.322.1,3,1.2289747501417982,0.27327262271970826,0.42487280185709286,0.060997339438844195,0.9393837988510144
d.337.1,1,1.2285714285714286,0.34782608695652173,0.4673913043478261,0.021739130434782608,0.8827912616348064
d.58.2,1,1.2285714285714286,0.25274725274725274,0.3956043956043956,0.054945054945054944,0.9246601452795408
d.354.1,1,1.2285714285714286,0.23333333333333334,0.43333333333333335,0.0,0.9046152676095813
a.210.1,1,1.2285714285714286,0.2755102040816326,0.3673469387755102,0.061224489795918366,0.9255871636633299
d.74.3,3,1.228483802951888,0.2948297535115046,0.3772708226717081,0.03718195233197693,0.9344821222498308
f.66.1,2,1.228169014084507,0.24139114321500266,0.38958186778305853,0.048178714204828166,0.9688393180621373
a.260.1,2,1.2280941949616648,0.23400695967357094,0.4108807901213385,0.0429403280376187,0.965732039293874
d.269.1,3,1.2275999194603846,0.25155618668120894,0.40779092222936136,0.043261683773651465,0.9359502950409437
a.98.1,2,1.227416440831075,0.24493147581832597,0.43623286895458147,0.025314305130818893,0.9441830159435483
b.80.3,1,1.2272727272727273,0.17757009345794392,0.4205607476635514,0.018691588785046728,0.8750083657486533
a.220.1,1,1.2272727272727273,0.19834710743801653,0.4132231404958678,0.0743801652892562,0.9482852161743642
b.73.1,1,1.2272727272727273,0.1864406779661017,0.4915254237288136,0.05084745762711865,0.8842881762955809
a.66.1,3,1.2272141706924315,0.28545307253441227,0.437647148173464,0.04185049400360405,0.9389300751173927
c.84.1,6,1.2265548525320915,0.22453459245462418,0.42811270211152525,0.0502942927141399,0.9340761905713336
d.205.1,1,1.2258064516129032,0.25301204819277107,0.39759036144578314,0.060240963855421686,0.9498095374007207
d.208.1,2,1.2255555555555555,0.3725806451612903,0.42569124423963134,0.012096774193548387,0.8905873738208656
a.60.7,5,1.225553523296111,0.3162214035839223,0.4038709216820161,0.044648018847719,0.9061059229255001
d.246.1,1,1.225,0.2523364485981308,0.38317757009345793,0.056074766355140186,0.9384371670971648
d.364.1,1,1.225,0.27358490566037735,0.39622641509433965,0.02830188679245283,0.9294848923793078
b.80.1,22,1.2248543697051981,0.1733034762972681,0.374409186419834,0.03624874152865902,0.9318306765889194
f.69.1,5,1.2248328510751234,0.24012953335825915,0.39104459793823704,0.03401372532012308,0.937789967494496
g.8.1,14,1.2247265251109758,0.2540031560383062,0.2855341092321449,0.044498460537661114,0.8999887999100157
a.229.1,1,1.2244897959183674,0.2900763358778626,0.4351145038167939,0.05343511450381679,0.9010649290774317
c.45.1,38,1.2242347208634126,0.23367266154708377,0.40950571947938513,0.047417136796826645,0.9586101382684223
c.108.1,100,1.2240350604204924,0.25770759821160927,0.4349870512602041,0.040722434946516686,0.9367739296744466
d.137.1,3,1.223985803985804,0.2841064544210919,0.44110738023186724,0.025874338459837776,0.915450849359177
d.344.1,5,1.2232081686429512,0.2523544501037439,0.42772982169817564,0.04618723339233225,0.9036481365178931
a.11.2,4,1.2230193315098976,0.2923840139458857,0.395900008444514,0.03797017340929468,0.9370407546944434
d.387.1,2,1.222458035886552,0.2660463742430956,0.404947570521341,0.04618224782159208,0.9447781476895025
b.164.1,1,1.2222222222222223,0.2268041237113402,0.4329896907216495,0.08247422680412371,0.9188755550309774
g.2.3,1,1.2222222222222223,0.42,0.2,0.02,0.8554954774697715
b.5.1,1,1.2222222222222223,0.17567567567567569,0.3783783783783784,0.04054054054054054,0.9105134838430853
d.58.46,1,1.2222222222222223,0.24074074074074073,0.4074074074074074,0.043209876543209874,0.9566278028112323
c.92.3,1,1.2222222222222223,0.21505376344086022,0.4731182795698925,0.026881720430107527,0.9321058165926529
c.56.2,20,1.2221975455347702,0.21488429965024786,0.440988251915468,0.04260667730195769,0.9346202608241961
d.169.1,57,1.2220486150505145,0.21423622110893198,0.36583902593595047,0.039440219531697567,0.9514047373599954
g.14.1,7,1.221392851811571,0.20742933687518983,0.32076221945644673,0.07827160203157633,0.9253158268629226
c.74.1,9,1.2208711810968635,0.23682199178544,0.4307511136358105,0.04828427616597593,0.9426582137475735
d.343.1,1,1.2205882352941178,0.32432432432432434,0.40540540540540543,0.04864864864864865,0.9454750558411509
f.1.4,13,1.2205036121667143,0.22814708423732633,0.4350070684083796,0.02872718297145121,0.9472931491201528
d.287.1,5,1.2205021349888492,0.28370960679052193,0.3885542906146623,0.044533050282534,0.9218619808990127
d.58.38,2,1.22,0.30147058823529416,0.4117647058823529,0.051470588235294115,0.9253722029418594
d.310.1,3,1.2198493056146422,0.20838026097708193,0.4373665318707911,0.0671979324793938,0.9477446852327417
d.391.1,9,1.2195398952686007,0.2663873387344225,0.4074614506075826,0.027199128148307702,0.8992604354071987
a.24.29,2,1.2192307692307693,0.373191899710704,0.41920374707259955,0.008403361344537815,0.8823081641159531
b.163.1,2,1.2190476190476192,0.156864869550143,0.394881685013435,0.030033804281875704,0.9068475234879547
d.82.4,1,1.21875,0.2857142857142857,0.35714285714285715,0.05952380952380952,0.9579096014711361
d.92.1,42,1.2184861181231685,0.23766452328139606,0.40081448153304705,0.043051862480589356,0.9365523796420067
c.23.10,19,1.2182665060097173,0.2282897558281636,0.42193718249358136,0.045152769630693305,0.9444851400278806
d.58.16,3,1.2178731762065096,0.3073890324911754,0.3999122945174809,0.047114983740515294,0.9444148712004422
b.34.11,5,1.2177556275791226,0.2639355130474842,0.39146450079431877,0.0229996941067203,0.8959806748124006
c.97.3,6,1.2172091685504116,0.23855350437070247,0.4027829696374365,0.04669729202640713,0.9426251571626407
d.156.1,3,1.216378842185294,0.2484565939111394,0.4106897647806738,0.037515010242282966,0.9525067080689148
a.124.1,4,1.2161462445229543,0.23308962560286897,0.39642971897004353,0.02830135793802311,0.9560005884068442
d.6.1,3,1.2154817404817404,0.2407684971465515,0.39282385977258977,0.031032561568719447,0.9476179200243952
b.34.12,3,1.214638250472517,0.2962595286547884,0.37464706884104687,0.054327851716197896,0.9535765393204425
d.108.1,101,1.2144806534685497,0.2485184657108303,0.43351230527097206,0.03546064537574626,0.9399648420889894
b.18.1,79,1.2136539151900338,0.20850890909659708,0.38626510222709354,0.04519617738109305,0.9314124371563142
c.1.28,3,1.2135492859630792,0.25774694336293286,0.4041561382649194,0.03814755338346426,0.9566451087377744
b.58.1,5,1.2134669589622644,0.24433815403824094,0.39468852005073385,0.03845733132896274,0.9292093350743492
b.33.1,17,1.2132378263678638,0.22710468441006607,0.4034950603119479,0.0576529887889171,0.9413402936430089
a.95.1,1,1.2131147540983607,0.21656050955414013,0.4267515923566879,0.03821656050955414,0.9418487565312003
b.40.6,12,1.2129807625910989,0.2691713182142247,0.42846528178871895,0.03294477239426389,0.8811900731108925
a.222.1,1,1.2127659574468086,0.2885375494071146,0.383399209486166,0.05138339920948617,0.9656046757772786
b.1.6,25,1.2123956664432674,0.22834757391391894,0.38692466010016324,0.06133136755622263,0.9144453731100932
c.1.34,1,1.2121212121212122,0.20916905444126074,0.40114613180515757,0.06017191977077364,0.9666889357380269
c.43.1,22,1.2117711935040552,0.21081996086962543,0.430490208658427,0.05380166501769478,0.9470603976783996
a.4.6,30,1.2113424777502853,0.2782404692496864,0.4153382108308276,0.033587927349581555,0.9082272258419163
f.40.1,2,1.2112332112332114,0.25869338058243607,0.45140611512425605,0.0334196538094589,0.9093255268192968
b.44.1,6,1.2109439821716035,0.23998051628739692,0.43845845162375213,0.04903729693086755,0.9127742190438791
e.80.1,3,1.210809620596206,0.29748379951331977,0.38293224815365035,0.04029088992188623,0.9228107546470906
d.237.1,1,1.2105263157894737,0.28421052631578947,0.45263157894736844,0.05263157894736842,0.9299613838298213
d.16.1,24,1.2096854188911264,0.21729125195680143,0.4085647859563702,0.0646265530497456,0.9377115751234032
a.23.6,2,1.2096774193548387,0.30906553041434026,0.4058918601234205,0.012048192771084338,0.9095362158520223
a.118.11,2,1.2094512195121951,0.3480392156862745,0.43137254901960786,0.058823529411764705,0.9025506379265449
d.204.1,5,1.2094280399907,0.30328408433671594,0.40311898627688103,0.02286134917713865,0.9124251786008809
d.68.6,4,1.209399306601602,0.30365276526597407,0.4265171869039128,0.0178800210401334,0.8879663123067079
d.196.1,1,1.2093023255813953,0.2054794520547945,0.410958904109589,0.052054794520547946,0.975316531951436
a.256.1,1,1.208955223880597,0.2485207100591716,0.47337278106508873,0.029585798816568046,0.9240310244118896
b.40.5,5,1.208345258718084,0.28604710293614943,0.4116294940810966,0.0687843564892926,0.9431200420740522
d.368.1,1,1.2083333333333333,0.3387096774193548,0.3709677419354839,0.016129032258064516,0.8767045152996221
d.272.1,1,1.2083333333333333,0.2,0.44,0.064,0.9452559678168719
d.296.1,2,1.2083333333333333,0.30803212851405626,0.4259036144578313,0.03950086058519793,0.9289638105906108
e.25.1,2,1.2079226508964611,0.25883411289672587,0.3898995624218378,0.04282832012105549,0.9445732892760197
g.24.1,18,1.2078872361147344,0.22048360386286464,0.24231987396995544,0.0707722975566752,0.8601742128539784
d.58.1,24,1.2075940342142262,0.2616483258868849,0.3605136478530657,0.07272126038385913,0.9225635569864955
c.66.1,157,1.2069918845133971,0.2511643184068832,0.427407464924706,0.045391904206672065,0.9411144891733124
a.51.1,1,1.206896551724138,0.25333333333333335,0.3333333333333333,0.05333333333333334,0.9746455793840089
e.41.1,1,1.206896551724138,0.3005893909626719,0.3654223968565815,0.03143418467583497,0.9275250788320387
a.29.14,2,1.206831119544592,0.2773395721925134,0.39906417112299464,0.04037433155080214,0.9092476600007604
c.111.1,4,1.206598270052858,0.21162207802817437,0.41428242350417166,0.046833592773456445,0.9432424260520235
d.394.1,1,1.2064777327935223,0.2672811059907834,0.4039938556067588,0.06912442396313365,0.9693997865691795
a.39.2,13,1.2064689546144967,0.2879712646589858,0.3770437904470449,0.04239463837964187,0.9391958490548407
b.19.1,9,1.2063956330236414,0.16541006413293818,0.39425188286971213,0.05960523058434178,0.9407212752472002
d.374.1,1,1.2058823529411764,0.225,0.55,0.1,0.8269195328199451
g.3.10,4,1.2057947177726926,0.19655570510554604,0.2923809944621185,0.030671909979969363,0.8566178237894428
d.67.1,3,1.2053756185335134,0.3194988715292632,0.3951675720418127,0.02870105761253493,0.9397107859585098
a.48.2,2,1.2051724137931035,0.24563177827509036,0.4421372008951627,0.04217593389567912,0.9456097875120588
b.137.1,3,1.20510477582846,0.31418563380862957,0.4084452790216188,0.029047412696119903,0.9140376115626717
d.284.1,5,1.2047903928596528,0.31406592161896846,0.4264960733972664,0.031050555010194065,0.9059910735840286
d.124.1,8,1.20476529278239,0.2089982461347828,0.3441870715299388,0.05749378467005067,0.9553836000447462
a.211.1,34,1.2046991137188205,0.2506962050796238,0.4271630682517464,0.036177916939029886,0.9457269179711081
d.79.6,1,1.2045454545454546,0.26666666666666666,0.4083333333333333,0.05,0.9553519699477849
b.121.4,39,1.204531159932738,0.16210060325778752,0.41452820797267764,0.06957785876957205,0.9429363413279228
a.24.15,3,1.204468070321729,0.27456803821852366,0.3712818616119587,0.05015133302511943,0.9507364038076264
c.15.1,8,1.204465167600761,0.2393877440492781,0.39915726407193697,0.05027234760876133,0.9400058630911973
b.150.1,5,1.2042770217444172,0.225707414778295,0.3891079515001092,0.03310470737056676,0.9164149736129087
b.146.1,1,1.2040816326530612,0.22137404580152673,0.42748091603053434,0.07633587786259542,0.9348761815452018
d.151.1,14,1.2032745014685062,0.2415127097522862,0.4029364617190016,0.0453858365975167,0.9519245958118704
e.79.1,4,1.2031577891470733,0.24917102852491704,0.43920797728156313,0.035527153480846264,0.9376496517409204
a.102.2,4,1.2031253676882634,0.22890680464666863,0.41416630592128156,0.039576980424416736,0.9592676692691897
d.144.1,130,1.2026450277826408,0.25686758325391873,0.41574125530115613,0.047561801228444604,0.9566224718666553
d.389.1,1,1.2023809523809523,0.215311004784689,0.4688995215311005,0.023923444976076555,0.9271406790544254
d.217.1,3,1.2022939454881378,0.2684878732160056,0.36444269328430084,0.0335259609491288,0.9470429991267423
b.126.1,1,1.201834862385321,0.16216216216216217,0.42162162162162165,0.0936936936936937,0.9388097692826699
c.68.1,43,1.2015294903690743,0.2445367923555162,0.4311273463251826,0.045321852860478344,0.9324428028123386
d.110.7,5,1.2014043655197928,0.22416284979102183,0.45827653276955604,0.030599711035443577,0.9062487126233647
a.39.3,2,1.2007672634271098,0.17271880819366853,0.3969506517690875,0.0821927374301676,0.9347159355665404
d.126.1,15,1.200339433749028,0.24795757683465194,0.41084795405586383,0.05222927274873972,0.9465915695396245
a.30.5,1,1.2,0.3709677419354839,0.43548387096774194,0.0,0.8651935179555861
c.132.1,1,1.2,0.15337423312883436,0.4785276073619632,0.0736196319018405,0.9284151877460591
d.110.10,1,1.2,0.2268041237113402,0.41237113402061853,0.061855670103092786,0.9151961247064029
g.29.1,1,1.2,0.08163265306122448,0.32653061224489793,0.061224489795918366,0.9011478174493187
b.1.24,1,1.2,0.17647058823529413,0.3382352941176471,0.058823529411764705,0.9338953101617133
g.42.1,1,1.2,0.32432432432432434,0.2972972972972973,0.0,0.7908701157631802
e.46.1,1,1.2,0.2876712328767123,0.3835616438356164,0.017123287671232876,0.9294204528828165
g.30.1,1,1.2,0.16393442622950818,0.3114754098360656,0.13114754098360656,0.9146865792149098
f.1.2,1,1.2,0.2,0.4388888888888889,0.03888888888888889,0.9376348642877393
b.100.1,3,1.1997709352010926,0.31374676803034374,0.35008759671157147,0.029949313211089016,0.930023235652027
d.58.9,7,1.1988084913911443,0.24144711550471792,0.46025570182355624,0.04456082920206176,0.9373771499887471
g.17.1,17,1.198187851464196,0.21635148128571616,0.34292348408389495,0.06595154874566113,0.940048366681459
c.55.2,3,1.197789566755084,0.27142193230902906,0.4373690377722636,0.03540627532563017,0.9253372662291608
d.182.1,1,1.1973684210526316,0.16826923076923078,0.3894230769230769,0.04807692307692308,0.9345847756668413
d.276.1,1,1.1967213114754098,0.2804878048780488,0.4146341463414634,0.024390243902439025,0.9297495614583855
d.58.30,1,1.1967213114754098,0.22151898734177214,0.43670886075949367,0.0759493670886076,0.9437178556871869
a.261.1,1,1.1967213114754098,0.22972972972972974,0.43243243243243246,0.060810810810810814,0.9262840957576577
b.16.1,1,1.196078431372549,0.2857142857142857,0.39849624060150374,0.05263157894736842,0.9491520493800671
d.241.1,2,1.195887445887446,0.33149276466108146,0.4147943640517898,0.019801980198019802,0.8677563725453823
a.70.2,2,1.1955391351943077,0.28541816870944486,0.45683129055515503,0.026856524873828405,0.9157406732890214
b.34.7,3,1.1955266955266957,0.28896952104499274,0.3833575229801645,0.07772133526850507,0.8735087379073819
d.3.1,54,1.19544552290788,0.22791165497986304,0.3964285211618338,0.04184833777708183,0.954963734876121
a.119.1,2,1.1950334821428572,0.23724819164657385,0.42131523683596483,0.06089160249928703,0.9674221664876179
d.290.1,10,1.194918589876083,0.20662750193126106,0.401903911508692,0.04141068048231352,0.936273570469741
e.1.1,22,1.1948549279204796,0.2263539090889416,0.4267961983452376,0.04471781930769484,0.9432331016407635
e.49.1,1,1.1948051948051948,0.28426395939086296,0.4213197969543147,0.04568527918781726,0.9319759845592139
c.136.1,2,1.1947055912914397,0.34259259259259256,0.45394736842105265,0.017787524366471734,0.9017900839044947
a.134.1,1,1.1944444444444444,0.11224489795918367,0.40816326530612246,0.04081632653061224,0.8813333257527658
a.87.1,10,1.193867466406552,0.2870197375066537,0.4066533462069348,0.03475273001165692,0.9431966225385343
e.50.1,3,1.192694136154243,0.2987977114063419,0.4396222488595878,0.03737277883217349,0.9279579372336539
b.32.1,1,1.1926605504587156,0.19791666666666666,0.3888888888888889,0.020833333333333332,0.9329574196552805
a.109.1,1,1.1923076923076923,0.24,0.37333333333333335,0.09333333333333334,0.9396329836713363
d.82.3,1,1.1923076923076923,0.2733812949640288,0.41007194244604317,0.02158273381294964,0.9309846516587289
d.129.10,1,1.1923076923076923,0.2523364485981308,0.3878504672897196,0.02336448598130841,0.9591345065542394
d.72.1,1,1.1923076923076923,0.24285714285714285,0.4142857142857143,0.07142857142857142,0.9260608134792858
d.402.1,2,1.1916666666666667,0.2217873450750163,0.4069634703196347,0.0666992824527071,0.9112074034554006
d.7.1,5,1.1911764705882353,0.1696624803767661,0.3986917844060701,0.044446624803767654,0.8765579810168278
b.85.7,8,1.1907467123095525,0.25036310531571904,0.38153483329253957,0.05413065376817929,0.9598972541527775
b.45.2,3,1.1906129274058699,0.24963622236349506,0.3923995196722469,0.04335899790445245,0.9117956855041974
f.23.11,1,1.1904761904761905,0.32653061224489793,0.40816326530612246,0.08163265306122448,0.8727067716651594
d.110.8,1,1.1904761904761905,0.1794871794871795,0.39316239316239315,0.08547008547008547,0.9284716554127134
a.118.9,11,1.1903036012729842,0.26348734699549053,0.4035866857848973,0.033145871777240814,0.945086560734474
b.34.14,4,1.190154005252227,0.2889438149937097,0.4001354105024744,0.05685869260049978,0.9365449463945347
c.115.1,1,1.1896551724137931,0.25,0.48026315789473684,0.05921052631578947,0.9223919312006564
c.62.1,17,1.189284495091283,0.23541756837386643,0.4133112618268434,0.039887237000880205,0.9393047971361572
d.89.1,7,1.1884431473309023,0.2199094220222675,0.4272210967810591,0.03544691167695275,0.9472738587362988
b.72.2,3,1.188421052631579,0.0801213123793769,0.41927672088962414,0.06399228012131238,0.8789609679977511
c.1.29,1,1.1884057971014492,0.27906976744186046,0.4883720930232558,0.03488372093023256,0.9011827058168201
b.40.3,6,1.1882645187704712,0.2358137785492568,0.38095765687998356,0.05117205491981822,0.9527309243514918
c.23.1,100,1.1881380991109163,0.2617550633868629,0.45335380174831175,0.04042816808534691,0.9138801361864732
b.170.1,2,1.1880479251899474,0.22389477530142493,0.37195834855681403,0.03317500913408842,0.9200339666602746
c.71.1,20,1.1878755398552852,0.25136251657847225,0.41575655946800916,0.049476460606543635,0.9385941580387298
g.98.1,1,1.1875,0.1797752808988764,0.38202247191011235,0.033707865168539325,0.8906383742711556
d.164.1,1,1.1875,0.272,0.368,0.032,0.9640077627602041
d.15.4,22,1.1874816604044167,0.24485354872202594,0.3832904923292585,0.04376015885751886,0.9272844614280319
b.124.1,6,1.1874345354720997,0.23564573488825272,0.4047088024943759,0.036890324913679266,0.9213841698481757
b.141.1,2,1.1868902439024391,0.2048659384309831,0.4358490566037736,0.059880834160873884,0.9234058192181882
b.133.1,1,1.1866666666666668,0.1658291457286432,0.35678391959798994,0.06030150753768844,0.9342044234353604
d.129.1,6,1.1864684484650452,0.22428377204047878,0.4560701059313455,0.047236772375532775,0.9256320711425595
b.77.2,6,1.1857934857934858,0.15648736093294088,0.3714358050586972,0.06021924951408855,0.9288109393335319
b.142.1,3,1.185511834765566,0.26024357569114603,0.386982503146186,0.045076929322453614,0.9481518869886618
d.110.6,11,1.1852824730285236,0.23483625761599047,0.41330824669948857,0.03960565733424753,0.9317016194409831
d.58.65,1,1.1851851851851851,0.27205882352941174,0.4117647058823529,0.022058823529411766,0.9154662682193443
d.396.1,2,1.184322033898305,0.2167816702052371,0.4026008492569002,0.05644019815994338,0.9464486831861101
g.75.1,1,1.1842105263157894,0.3870967741935484,0.18548387096774194,0.07258064516129033,0.8323903556764952
c.6.3,3,1.1826433910267846,0.2857988200979825,0.43839288828192835,0.039550144000176216,0.9426786566506413
a.54.1,1,1.1818181818181819,0.23595505617977527,0.4606741573033708,0.02247191011235955,0.9487806722642704
g.69.1,1,1.1818181818181819,0.17647058823529413,0.27450980392156865,0.11764705882352941,0.8667829895181604
d.311.1,1,1.1818181818181819,0.26506024096385544,0.42168674698795183,0.04819277108433735,0.9250608761337217
g.71.1,1,1.1818181818181819,0.125,0.25,0.25,0.6581231513627398
d.200.1,1,1.1818181818181819,0.4,0.27058823529411763,0.03529411764705882,0.8969957224424658
g.16.1,2,1.1818181818181819,0.22641509433962265,0.3113207547169811,0.10377358490566038,0.9257545714407436
b.127.1,1,1.180327868852459,0.24390243902439024,0.3871951219512195,0.08536585365853659,0.9652471059373804
d.324.1,1,1.18,0.2803030303030303,0.4090909090909091,0.030303030303030304,0.9468807082790602
a.300.1,1,1.1796875,0.2289156626506024,0.4006024096385542,0.024096385542168676,0.9348002914693746
a.118.30,2,1.1796558704453441,0.32013771599324414,0.4104326360919839,0.04513446797453553,0.9415028925588493
d.376.1,1,1.1794871794871795,0.23008849557522124,0.40707964601769914,0.035398230088495575,0.9219385486515104
a.118.3,3,1.1789521271533265,0.281675954966019,0.38560264671680233,0.04007236555614813,0.9422040851897847
g.9.1,17,1.1788822602153508,0.23827212276257087,0.27221327286927965,0.054358917298394545,0.8470454889963721
d.109.3,1,1.1785714285714286,0.2328767123287671,0.4041095890410959,0.0684931506849315,0.9419140972460677
d.373.1,1,1.1777777777777778,0.2702702702702703,0.45045045045045046,0.036036036036036036,0.9057142300761094
b.29.1,97,1.1774923885932134,0.20281322710811836,0.3878295910213343,0.045431527578889117,0.9435539953220744
d.259.1,1,1.1774193548387097,0.2012987012987013,0.474025974025974,0.05194805194805195,0.9194564298024405
a.289.1,3,1.176894201894202,0.2761053517632465,0.4218500797448166,0.03461146553251816,0.9447253486607269
a.166.1,1,1.1764705882352942,0.29069767441860467,0.4186046511627907,0.023255813953488372,0.9187805264296777
d.67.4,1,1.1764705882352942,0.2125,0.4125,0.05,0.9062554820499173
b.30.2,5,1.1762900139714336,0.21820266795749407,0.38182034696046563,0.06168597430098308,0.9630915421640827
b.61.7,3,1.1753366922328123,0.25415069187378814,0.37433484267583284,0.029750297461660496,0.9319697027021211
d.131.1,34,1.1752407657980184,0.2540882759805958,0.43095519758211925,0.03842401280970389,0.9117490008163687
c.89.1,2,1.1748560597932984,0.2516486117843334,0.4065617567156271,0.027727677514626146,0.9373199014183273
b.89.1,5,1.174392419175028,0.23975440883544316,0.3295293515182009,0.01859820986034578,0.9184930030977396
b.121.5,7,1.174172537823035,0.15214671366817886,0.38168542272296724,0.06840363558633843,0.9543656081993672
a.78.1,2,1.1730392156862743,0.2320747520976354,0.4486556064073226,0.02040427154843631,0.932397423674881
d.129.9,1,1.1724137931034482,0.22435897435897437,0.3717948717948718,0.04487179487179487,0.9128735865094963
a.236.1,2,1.1721925133689841,0.2698386745149335,0.38761717898408543,0.044310006540222366,0.913123582788713
c.8.6,1,1.171875,0.1728395061728395,0.4567901234567901,0.08024691358024691,0.9055892716240911
c.1.8,128,1.1716630773403192,0.2221172434113482,0.41578770078362143,0.04651099138735911,0.9571850370304147
b.177.1,1,1.1710526315789473,0.19289340101522842,0.39086294416243655,0.030456852791878174,0.9504872463276149
d.320.1,1,1.1710526315789473,0.19900497512437812,0.43781094527363185,0.029850746268656716,0.928814117489508
b.7.4,1,1.170731707317073,0.24770642201834864,0.3394495412844037,0.06422018348623854,0.9248904213724397
d.347.1,2,1.1707170717071707,0.21216666666666667,0.4436969696969697,0.07040909090909091,0.9468140681267259
d.114.1,3,1.1705948372615038,0.23501950490356924,0.42324325938612883,0.04962983734407519,0.9267981400050816
a.83.1,2,1.169172932330827,0.2825995365493996,0.4069412260374974,0.045660417105540335,0.9080902331203673
f.8.1,3,1.1685961460855527,0.20955863837808283,0.3685034101700769,0.03754402105096549,0.9291619587495058
d.98.2,2,1.1676074685193227,0.30952380952380953,0.3849206349206349,0.03968253968253968,0.9305901303480014
f.23.22,1,1.1666666666666667,0.2222222222222222,0.4888888888888889,0.044444444444444446,0.8748136229928984
a.178.1,1,1.1666666666666667,0.288135593220339,0.3220338983050847,0.06779661016949153,0.9195228274864014
a.7.10,1,1.1666666666666667,0.24242424242424243,0.4393939393939394,0.015151515151515152,0.9382379074021194
a.253.1,1,1.1666666666666667,0.37719298245614036,0.42105263157894735,0.008771929824561403,0.8947501144707983
b.82.3,31,1.1664472403215793,0.26103580365242995,0.4239298296820277,0.0319262676989929,0.9320634504056917
b.2.3,22,1.1661675752551048,0.18861021082864857,0.3757423137782754,0.03987713370052382,0.9079976419729675
a.86.1,5,1.1654255882811282,0.23977557145162026,0.382284556329303,0.05702392363395564,0.9629654136207467
d.75.1,3,1.1653804599475228,0.31484104794449624,0.4346090918504712,0.01469607538573056,0.8735084344209688
b.97.1,2,1.165151515151515,0.20638297872340428,0.40725430597771023,0.02137791286727457,0.9462988968245714
g.27.1,6,1.1645899880420005,0.21452519573962348,0.2893907050670446,0.040033215140888916,0.897674751963522
d.15.2,14,1.1644142894570997,0.2786165648758442,0.39752142568889626,0.04352251911712557,0.9155700776111642
c.61.1,37,1.1641654084226123,0.2552620982616366,0.4467257553825194,0.04282998168755189,0.9214220323125712
d.181.1,3,1.1640947704777491,0.25382523139503166,0.379519942104905,0.05044049292716029,0.9389069015552586
e.74.1,2,1.1640625,0.2344874460259076,0.404305933152087,0.05069566608028146,0.9422309222176204
f.55.1,2,1.1640059249506254,0.15304437113582242,0.47404801957485854,0.05818277150285102,0.946688881771638
b.63.1,2,1.163752913752914,0.2575641679415264,0.42848036715961246,0.07355940846506884,0.9217394366007079
b.55.3,1,1.1636363636363636,0.2755905511811024,0.3779527559055118,0.07086614173228346,0.9268543550001473
a.118.1,59,1.1625628582664733,0.24135925779017017,0.43516173588053714,0.0390624635749898,0.9375451894703968
d.58.62,1,1.162162162162162,0.3050847457627119,0.4689265536723164,0.022598870056497175,0.8895822945446296
b.34.18,1,1.1612903225806452,0.1625,0.45,0.05,0.8929673686270564
d.288.1,4,1.160877410877411,0.2752684358475627,0.422867219785014,0.07551265951258529,0.9201101253638451
d.186.2,1,1.16,0.2833333333333333,0.4166666666666667,0.08333333333333333,0.9232133575175239
b.34.20,1,1.16,0.23076923076923078,0.36923076923076925,0.06153846153846154,0.9302855583494308
d.43.2,1,1.16,0.25384615384615383,0.4307692307692308,0.015384615384615385,0.9156542154573192
d.20.1,28,1.1597659735474832,0.23075655988435687,0.39664177655810323,0.07699153521102024,0.9480561050562512
d.392.1,2,1.1595588235294119,0.2685805422647528,0.408133971291866,0.04609250398724083,0.9520098567088146
b.80.7,1,1.1590909090909092,0.17333333333333334,0.4,0.008888888888888889,0.8816777503036265
d.360.1,1,1.1590909090909092,0.2702702702702703,0.38738738738738737,0.04504504504504504,0.955690043391892
d.142.2,10,1.1589102034574048,0.26741674071974464,0.4104607790428463,0.05024733559754242,0.9505688549314609
d.178.1,2,1.1583715596330275,0.23139427843081717,0.43872444885049333,0.0669935797573526,0.9562091630177723
b.7.1,28,1.1578117053738508,0.25785597910857394,0.3870575204298462,0.048656357810289146,0.9406776287413127
d.264.1,4,1.1569597876447155,0.28296378995754556,0.39478771734267043,0.04075389503065565,0.9478217910501291
c.67.3,1,1.1568627450980393,0.21912350597609562,0.4342629482071713,0.06772908366533864,0.9579877738409515
b.31.1,2,1.1563596491228072,0.1737735849056604,0.41811320754716985,0.10798742138364781,0.908008425260056
d.317.1,1,1.15625,0.24358974358974358,0.3974358974358974,0.038461538461538464,0.9262779543014263
d.17.5,1,1.15625,0.2891566265060241,0.3855421686746988,0.04819277108433735,0.8901132873338098
d.15.12,1,1.15625,0.2891566265060241,0.4457831325301205,0.04819277108433735,0.914414619682768
e.64.1,1,1.15625,0.16666666666666666,0.42948717948717946,0.04487179487179487,0.9542236278527291
e.66.1,1,1.1559633027522935,0.19285714285714287,0.41785714285714287,0.05,0.9746340357540897
a.24.26,3,1.1552436577467866,0.31003325942350335,0.39939024390243905,0.025369549150036957,0.9322867304795768
b.138.1,2,1.1551724137931034,0.11410488245931283,0.4096745027124774,0.08001808318264014,0.8726109434659908
b.159.1,1,1.1549295774647887,0.20689655172413793,0.42528735632183906,0.06896551724137931,0.9238828885338807
d.165.1,14,1.1545543613821192,0.20004154763490872,0.42535506330078343,0.04065528582900414,0.9362397076197119
g.11.1,1,1.1538461538461537,0.1111111111111111,0.18518518518518517,0.14814814814814814,0.7478019340392131
d.277.1,1,1.1538461538461537,0.2708333333333333,0.4583333333333333,0.052083333333333336,0.9396105058995077
d.363.1,1,1.1538461538461537,0.3053435114503817,0.40458015267175573,0.06870229007633588,0.9530364245975161
f.30.1,1,1.1538461538461537,0.08620689655172414,0.5344827586206896,0.06896551724137931,0.8276124828407639
d.274.1,1,1.1538461538461537,0.3191489361702128,0.425531914893617,0.031914893617021274,0.877861636455066
c.34.1,6,1.1535646739031582,0.18156550387083717,0.4653279622646473,0.05326442185663289,0.9348895095196399
d.252.1,2,1.1528822055137846,0.22392490372272145,0.4569801026957638,0.04412708600770218,0.909680671404906
d.299.1,1,1.1521739130434783,0.23728813559322035,0.4576271186440678,0.0423728813559322,0.9420429677536867
c.17.1,5,1.1510249568347464,0.22864415252171474,0.3906630355484333,0.04169767581421309,0.9669832606543641
b.38.4,2,1.1501623376623376,0.3611111111111111,0.37830687830687826,0.01904761904761905,0.8882242509351315
f.23.5,1,1.15,0.16326530612244897,0.46938775510204084,0.08163265306122448,0.9471937342131839
g.50.2,2,1.15,0.27337803552011597,0.3137006161652773,0.03787604204421892,0.9181445707203345
a.8.11,2,1.15,0.3827027027027027,0.4228828828828829,0.0,0.8795041754510666
g.41.11,7,1.1487898588462497,0.23755360463252714,0.25856922144418215,0.06774723291126183,0.8680534924581396
a.5.9,1,1.1481481481481481,0.3,0.4,0.014285714285714285,0.9046750578050003
a.72.1,1,1.1470588235294117,0.1952662721893491,0.44970414201183434,0.04142011834319527,0.9436357473741984
c.54.1,10,1.14676223061598,0.20843349052605076,0.4661355658656975,0.027036668403734986,0.9049461995488371
d.58.59,1,1.1458333333333333,0.3305084745762712,0.4152542372881356,0.03389830508474576,0.8972515345259515
d.281.1,1,1.1454545454545455,0.18120805369127516,0.348993288590604,0.026845637583892617,0.9243220854001294
a.26.1,33,1.1437796785002428,0.24305607309905347,0.39094736130046076,0.03685727623371898,0.9376704643553578
g.3.13,2,1.1433566433566433,0.23380750605326878,0.20883777239709445,0.12091404358353511,0.8506224447063977
a.123.1,20,1.1432609597696601,0.22475006442892234,0.4444355224901921,0.04559748590861171,0.9436955160803633
c.91.1,5,1.143105562747072,0.24055818303433507,0.4180288760298052,0.04345248758230315,0.9294595921332711
a.194.1,6,1.1429520771626034,0.26596923342839857,0.39878334485639383,0.01538818310143174,0.8590030607459557
d.214.1,1,1.1428571428571428,0.3068181818181818,0.4090909090909091,0.022727272727272728,0.8871506789328832
g.41.18,1,1.1428571428571428,0.2112676056338028,0.352112676056338,0.04225352112676056,0.9218219696005564
d.96.1,18,1.1424805364260366,0.2581805519588053,0.41579392084830175,0.03240103215528973,0.932974406142466
d.251.1,1,1.1414141414141414,0.2796934865900383,0.37547892720306514,0.04980842911877394,0.9623547001768652
b.43.5,6,1.1413967828861447,0.2824668402962898,0.4192877023130137,0.04494037872904888,0.9243386931238424
c.8.8,3,1.1408730158730158,0.24055282904387765,0.43731045623628745,0.07644101902413923,0.913975491192993
d.273.1,4,1.1408311051693405,0.2570604398119824,0.4069539578333862,0.04330322621458543,0.9259285026343529
d.88.1,2,1.140625,0.296106048053024,0.39362054681027336,0.01764705882352941,0.9227982611836879
b.43.2,2,1.139992807049092,0.2210997442455243,0.42058823529411765,0.05767263427109974,0.9604196638250189
a.24.20,1,1.1388888888888888,0.3448275862068966,0.45977011494252873,0.022988505747126436,0.8980110930729807
e.70.1,1,1.1386138613861385,0.1593625498007968,0.44223107569721115,0.03187250996015936,0.9334646777895929
d.359.1,1,1.1384615384615384,0.30303030303030304,0.43636363636363634,0.04242424242424243,0.9422671890814047
d.260.1,1,1.1382978723404256,0.21311475409836064,0.35655737704918034,0.0778688524590164,0.9544422802716813
d.298.1,5,1.1382827324478177,0.31305294322535704,0.40805816788575405,0.03848659003831418,0.9250499534373496
b.3.1,8,1.1380957397539209,0.19586000621254224,0.39858135550132645,0.04618564233343321,0.9130010606857041
f.6.1,7,1.1377831087088908,0.23217521660119841,0.33980217599521173,0.036262863796754176,0.9359871260342972
b.121.6,3,1.1374048794147502,0.1954492377322652,0.3763244060153858,0.06369968685670037,0.9554527835675444
c.1.27,1,1.1372549019607843,0.33067729083665337,0.41434262948207173,0.0199203187250996,0.9142075171056694
d.73.1,3,1.1364202594719413,0.23615400860589744,0.4381154140598189,0.059345934197442864,0.9592988086730534
b.149.1,2,1.1360225140712945,0.14948453608247422,0.422680412371134,0.05154639175257732,0.9076560103566196
a.29.2,31,1.1358142894648926,0.2885682494409336,0.41026077640315306,0.051833339131142256,0.9386431671028498
d.215.1,2,1.1336421952957947,0.26328720811384543,0.43246324396572056,0.018810441072411352,0.9198176546582474
g.3.8,1,1.1333333333333333,0.0,0.2777777777777778,0.05555555555555555,0.8008740692159101
b.42.8,1,1.1333333333333333,0.17391304347826086,0.36024844720496896,0.031055900621118012,0.9242507775553056
a.226.1,1,1.1333333333333333,0.3356164383561644,0.3150684931506849,0.03424657534246575,0.9293717430872659
a.137.9,1,1.1333333333333333,0.17721518987341772,0.4177215189873418,0.0759493670886076,0.9306283018229231
c.23.14,8,1.1319653748595542,0.25426589040436753,0.41504516595676544,0.05063814665222611,0.9567084117272568
d.249.1,1,1.131578947368421,0.23157894736842105,0.45263157894736844,0.021052631578947368,0.9162983650385785
a.273.1,1,1.1304347826086956,0.23636363636363636,0.4909090909090909,0.01818181818181818,0.8789815236372025
a.118.17,6,1.130168961538176,0.2833377782528724,0.4056101798544544,0.018057494200936518,0.9411653642564458
b.175.1,1,1.1296296296296295,0.2545454545454545,0.4,0.048484848484848485,0.9281527132514187
d.83.1,3,1.1293825222396652,0.1769657827138594,0.43354374345230057,0.0710443861712589,0.9394310300800622
b.71.1,46,1.129304373235047,0.20912224758983058,0.41890670445088846,0.043613335800476036,0.9071784026896665
a.275.1,1,1.1290322580645162,0.2702702702702703,0.44594594594594594,0.0,0.9042685982600774
c.135.1,6,1.1290161667839629,0.23063234495725682,0.4350468291761505,0.040067108049280535,0.9335170815701623
c.102.1,1,1.1282051282051282,0.25252525252525254,0.3939393939393939,0.010101010101010102,0.9213229537105546
b.42.4,17,1.127896524118667,0.2193565022532488,0.377586986601384,0.05522852788395516,0.942484401260793
d.312.1,1,1.1272727272727272,0.3076923076923077,0.4461538461538462,0.03076923076923077,0.9242186698792079
d.351.1,1,1.126984126984127,0.25609756097560976,0.40853658536585363,0.042682926829268296,0.9679131755054716
a.29.5,2,1.125,0.24368069145466406,0.4010110893672537,0.047782126549249834,0.943737190336291
b.168.1,1,1.125,0.28225806451612906,0.3951612903225806,0.008064516129032258,0.9447677782952031
a.48.4,1,1.125,0.2823529411764706,0.4117647058823529,0.0,0.906336801087355
b.26.1,22,1.124577731422588,0.22051982557846486,0.37827087567731665,0.04338698136697085,0.9248812230481304
b.81.1,24,1.1245772051231158,0.20566600368205434,0.4127454103129647,0.04360522425638344,0.9257916730583217
d.109.2,2,1.123931623931624,0.21774025866012392,0.4325903439098432,0.05549548800266145,0.9381469596572386
b.37.1,4,1.123849628503884,0.19806049761353256,0.33635289681601177,0.06197259535736063,0.9228346558101571
d.198.2,3,1.1237322515212982,0.2752121772714733,0.4318144199406066,0.02925774467325511,0.9342066327836481
d.44.1,8,1.123299333325932,0.23985107847311032,0.4489777834884644,0.03219503712281528,0.938779619629267
c.10.1,5,1.122908721795708,0.24230761095961237,0.39212083643816936,0.029852909475676797,0.9134864838670648
b.50.1,19,1.1205380150852906,0.17851107508305647,0.4003966283626477,0.048085735247338855,0.9177379245264078
b.22.1,21,1.1204905596689332,0.18020279345242957,0.4163316694195831,0.04688658961895033,0.942057158855584
c.114.1,9,1.119477252630534,0.250594197328496,0.45441787772212927,0.02823509738025893,0.9154247237703808
g.41.4,1,1.1194029850746268,0.23121387283236994,0.3930635838150289,0.07514450867052024,0.9748453585425303
b.1.29,17,1.1193420073328766,0.21712399199959345,0.40584581272408793,0.0573538368263609,0.9270771700876013
a.2.11,9,1.119188152944603,0.19817168249907638,0.4076681964837957,0.05540493713745571,0.939313047567309
f.31.1,2,1.1190635451505018,0.1296672490147483,0.4618494291634502,0.06709868768536952,0.9139567262602744
b.161.1,1,1.119047619047619,0.21487603305785125,0.39669421487603307,0.03305785123966942,0.9239145391951318
d.58.18,32,1.1190192410258764,0.22863840985635506,0.4411712722752255,0.023072741348852045,0.8940996530740678
b.8.1,4,1.1187829618959988,0.2275490922036859,0.4100151709480574,0.04675127949607539,0.9622011147315994
b.1.5,8,1.1183513352697125,0.24450824038090777,0.4213552830905376,0.052902605202086075,0.9179234599323692
a.118.28,2,1.1176470588235294,0.26259314456035765,0.4267845213011974,0.03177963924148209,0.9241010192974508
a.199.1,1,1.1176470588235294,0.21764705882352942,0.4117647058823529,0.023529411764705882,0.9203075243820082
d.15.13,1,1.1176470588235294,0.1744186046511628,0.4186046511627907,0.05813953488372093,0.9283580658570655
b.160.1,3,1.1161197259285973,0.17718056775752253,0.3827186973790175,0.06888887363643019,0.9363753959179203
d.148.1,3,1.1158829979194218,0.2600284827735808,0.41454828396004867,0.035482933914306465,0.9586358338590343
a.118.6,4,1.1150860858330525,0.26607275692575433,0.4234803163313449,0.04586509700784817,0.9524611286406632
a.80.1,13,1.1144565404412945,0.23626394035057485,0.4573397873417988,0.035711493376537715,0.9109321056718365
d.125.1,1,1.1142857142857143,0.2484472049689441,0.4161490683229814,0.06832298136645963,0.9373773489175672
d.39.1,1,1.1142857142857143,0.2727272727272727,0.4318181818181818,0.011363636363636364,0.9596695144799222
d.13.2,2,1.1140350877192984,0.25372495900762815,0.3907820631638982,0.02689456049048264,0.9612287685391854
c.1.32,2,1.1139523336643498,0.25387855387855385,0.43224289224289225,0.05248157248157248,0.9553758374986067
a.60.1,29,1.11362794090312,0.2562508799200526,0.4226465015874529,0.03602527446877923,0.9211048700492626
d.64.2,3,1.1128173628173628,0.24859733134522377,0.41620667737187206,0.01916542409818203,0.9192227675619895
b.121.7,3,1.1116845878136201,0.15718470551958064,0.40311825470243595,0.044628173501901534,0.9307184634983044
d.147.1,1,1.110236220472441,0.24126984126984127,0.4634920634920635,0.047619047619047616,0.9434444292952638
b.91.1,3,1.1102209837842023,0.23094049633389735,0.38605376950554615,0.01239095694679451,0.9598128957985853
a.133.1,5,1.109873795672115,0.2229511057301515,0.3269631829024897,0.04516870608773061,0.9400560847496537
d.294.1,2,1.1094248094248096,0.2616919465511015,0.4154478150957024,0.03218671000361141,0.9519638116931124
g.76.1,2,1.1091216216216215,0.22376237623762377,0.32621156852527355,0.06623241271495571,0.9608516069296027
a.284.1,2,1.1089901477832513,0.22236559139784945,0.45387096774193547,0.03612903225806452,0.8982764593098418
b.123.1,2,1.1085470085470086,0.21743095362167797,0.3898731978461004,0.08515719993051937,0.952008092272557
d.15.3,12,1.108317088066277,0.27759944954946375,0.42990014029697093,0.03391812799051482,0.8665067893729804
a.265.1,1,1.1081081081081081,0.29444444444444445,0.4222222222222222,0.016666666666666666,0.9440680958504919
g.44.1,33,1.1073929799937965,0.2407689740211427,0.3310813244205452,0.05951684161609405,0.9250116982231155
b.109.1,2,1.1070077463520087,0.24339660684967018,0.4049313016677708,0.019860587032289656,0.9287479183247336
b.1.15,3,1.1065572913399002,0.2195749938845785,0.3920029800048366,0.04871422826864924,0.9483829955644337
a.59.1,2,1.1065270935960592,0.24331496223719126,0.4073280261277812,0.06419677485201061,0.9073941617171377
e.57.1,1,1.10625,0.24484536082474226,0.42783505154639173,0.041237113402061855,0.9384925450552384
a.195.1,1,1.106060606060606,0.23270440251572327,0.4716981132075472,0.018867924528301886,0.9222165555884878
c.150.1,4,1.1053286004898908,0.2455993128353863,0.4066770622852928,0.03914611000851176,0.9431550805347626
d.117.1,4,1.105008075952386,0.25020444974618755,0.4158823044716212,0.037389843845845795,0.9654975682087217
b.2.2,22,1.1047588711823577,0.20235825738125318,0.3976482572032072,0.036635085068227935,0.9035026014331424
b.95.1,1,1.1044776119402986,0.2037037037037037,0.37037037037037035,0.09876543209876543,0.9145060104511541
a.62.1,2,1.1037037037037036,0.22942260442260443,0.45036382536382535,0.055353430353430357,0.9455223433294769
d.58.54,2,1.1029411764705883,0.2487302860197808,0.38712910986367277,0.057738572574178026,0.9197777142013661
a.302.1,1,1.1025641025641026,0.30851063829787234,0.3829787234042553,0.05319148936170213,0.9313630731931661
d.330.1,1,1.1025641025641026,0.27,0.38,0.05,0.9631705686480165
b.1.25,1,1.1016949152542372,0.2582781456953642,0.4304635761589404,0.0728476821192053,0.9176805282761445
c.104.1,2,1.101335520149953,0.21075809043386287,0.4263877306104184,0.06357423265463864,0.9297740485114483
c.13.2,5,1.101156462585034,0.26646871512063075,0.452910944114388,0.014304931879791974,0.9080790205543179
g.3.7,31,1.1005898929576337,0.24279237335258644,0.24970953589222397,0.03707625131777005,0.8421900620362469
d.339.1,1,1.1,0.3125,0.4140625,0.0703125,0.9301698483716176
c.10.3,1,1.1,0.29381443298969073,0.42783505154639173,0.02577319587628866,0.908297543737107
c.144.1,1,1.1,0.22988505747126436,0.4425287356321839,0.028735632183908046,0.9375255736260582
b.140.1,3,1.099993065668123,0.1972030109979095,0.3905398147459574,0.043656164530709037,0.923595970819476
g.50.1,21,1.0998220481251213,0.25159188334546156,0.31891306863154467,0.049995849614452866,0.9324244846031304
d.159.1,25,1.0997301985066188,0.23770986227522983,0.4222952769313877,0.04987632061790972,0.9474733013713431
d.76.1,2,1.0995370370370372,0.24404466501240696,0.42431761786600497,0.04764267990074442,0.927956566180631
a.40.1,17,1.0992773821204385,0.23431331104396713,0.4199935476329008,0.044325739334035164,0.9438375173765299
b.1.10,5,1.099195292266821,0.1669740675381446,0.40710120685473417,0.07804369098497076,0.9259153172997134
a.60.15,2,1.0982142857142856,0.29942084942084946,0.40347490347490345,0.034555984555984555,0.919510559302917
a.101.1,3,1.0981767180925666,0.2639921722113503,0.4112850619699935,0.05120678408349641,0.9244590960924511
d.105.1,3,1.0980804362074494,0.2340118413709471,0.40256535063242094,0.03835227868763034,0.9399904978889534
c.53.2,13,1.0980412181424142,0.22901132686960884,0.41496941297546797,0.03933259461828919,0.9449239457241334
d.223.1,4,1.0978660433743825,0.1905486709770115,0.40501257183908046,0.045167923850574714,0.9274203308857978
g.41.17,2,1.096875,0.2955840455840456,0.37773029439696104,0.07573599240265907,0.9187927930665292
a.29.13,4,1.0963940960999783,0.2770126639529624,0.43730387407456606,0.02903241790623066,0.9202355042667182
a.169.1,1,1.096,0.20723684210526316,0.41776315789473684,0.0625,0.9596011071973284
a.141.1,2,1.0957446808510638,0.20278275244524038,0.35259677641548426,0.09539881526381044,0.9631832934984739
e.55.1,1,1.0955882352941178,0.24107142857142858,0.41369047619047616,0.050595238095238096,0.9544461607707261
d.170.2,1,1.0952380952380953,0.2,0.34285714285714286,0.05714285714285714,0.9776069785354533
d.42.1,22,1.0949062414042765,0.24315602309500803,0.4300224319749785,0.03548551114768632,0.9293128256108506
d.79.8,1,1.0943396226415094,0.234375,0.4375,0.0390625,0.9345903583632763
b.38.3,1,1.09375,0.36486486486486486,0.4189189189189189,0.02702702702702703,0.8673136659532231
d.278.1,4,1.0929811811558063,0.28936089754339245,0.4365637331161319,0.034302610857798135,0.9331088338935394
d.41.2,17,1.091686610613597,0.24594085884733788,0.44677377319160083,0.03198769518861699,0.9084559525220353
g.3.18,1,1.0909090909090908,0.25,0.16666666666666666,0.125,0.7956453231160215
d.82.1,1,1.0909090909090908,0.20930232558139536,0.46511627906976744,0.046511627906976744,0.9088882007597286
d.70.1,1,1.0888888888888888,0.13333333333333333,0.2761904761904762,0.01904761904761905,0.8993112769870582
a.30.6,1,1.088235294117647,0.3291139240506329,0.45569620253164556,0.012658227848101266,0.8625471297413155
b.48.1,1,1.088235294117647,0.2375,0.4375,0.025,0.9334385704166753
a.19.1,2,1.0879120879120878,0.2905220928288851,0.45247116509723073,0.04114893854126038,0.9438962540133641
d.58.5,16,1.0871793575204076,0.26023030219091337,0.4528551029407061,0.04091338976749903,0.8958474148976391
a.10.1,4,1.0871040723981902,0.1678431721194879,0.30279160739687055,0.09084281650071124,0.8566386381970937
d.129.11,1,1.0869565217391304,0.23893805309734514,0.45132743362831856,0.061946902654867256,0.9520705186823479
b.121.1,4,1.0865598112048125,0.19174802039844488,0.3967333772294759,0.06212907081032526,0.9530950309193799
d.23.1,2,1.0854700854700856,0.2515124288709194,0.4029649595687331,0.03662773285414794,0.9564879408141947
a.188.1,1,1.0851063829787233,0.2962962962962963,0.4351851851851852,0.037037037037037035,0.9093900604301312
b.40.14,3,1.0838945005611673,0.25562556626307553,0.44578425720012077,0.03866238365867721,0.9075203650681942
g.41.14,1,1.0833333333333333,0.20689655172413793,0.3448275862068966,0.06896551724137931,0.833894427540002
a.224.1,1,1.0833333333333333,0.23,0.465,0.055,0.957169245702666
d.52.4,1,1.0833333333333333,0.25555555555555554,0.4444444444444444,0.08888888888888889,0.8747275973731109
f.70.1,1,1.0828025477707006,0.13368983957219252,0.40106951871657753,0.0374331550802139,0.9189024991803777
f.60.1,1,1.0824742268041236,0.23673469387755103,0.363265306122449,0.03877551020408163,0.9342185985799002
c.70.1,8,1.0814136273461823,0.2136621252640051,0.44667906325589085,0.05585094781063344,0.9480052995452638
a.186.1,2,1.0795454545454546,0.29285714285714287,0.45952380952380956,0.02857142857142857,0.9121254293991765
b.3.3,1,1.0793650793650793,0.24,0.36666666666666664,0.09333333333333334,0.925551550833789
b.45.3,1,1.0789473684210527,0.2736842105263158,0.4105263157894737,0.031578947368421054,0.9071864758001192
d.15.5,4,1.0789425789425788,0.28684493234686004,0.3808271187871719,0.049253100891635204,0.9149564733701141
d.5.1,8,1.0785176251906021,0.20420258457721027,0.2999912920481015,0.05650919033196685,0.9457739454162635
g.4.1,2,1.0773809523809523,0.17544642857142856,0.16383928571428572,0.061160714285714284,0.805352565652067
g.3.4,3,1.076109391124871,0.1956697298802562,0.25680868838763576,0.055109997215260366,0.8136972714236869
b.82.4,1,1.0724637681159421,0.19254658385093168,0.4409937888198758,0.07453416149068323,0.9413384646871379
g.19.1,3,1.0721611721611721,0.24329291697712752,0.24230395809343178,0.03876357560568087,0.8594368176871948
d.342.1,1,1.0714285714285714,0.34210526315789475,0.4473684210526316,0.046052631578947366,0.8952321111169851
a.53.1,2,1.0695488721804511,0.33859134262655904,0.409024211298606,0.02127659574468085,0.8332608714552505
d.256.1,1,1.0694444444444444,0.27607361963190186,0.4601226993865031,0.049079754601226995,0.9096213152238999
d.58.57,3,1.0693447075800016,0.24226038560922283,0.43224965215662886,0.0415551580202743,0.9540308579257916
f.23.2,1,1.0689655172413792,0.1527777777777778,0.375,0.09722222222222222,0.9066736647049713
b.2.9,1,1.0684931506849316,0.2681564245810056,0.41899441340782123,0.055865921787709494,0.9559974981690833
b.1.28,7,1.0684527357686187,0.27779742381397904,0.39138980862787903,0.03155365653618835,0.9243901835021459
c.13.1,3,1.0683059724277226,0.2492026783902831,0.4203763227213813,0.06114498082672287,0.9475463866789728
a.116.1,13,1.0682453377681074,0.22515512767502846,0.43700067291484085,0.05406771472007556,0.9450040946528069
d.232.1,1,1.0677966101694916,0.3055555555555556,0.3888888888888889,0.04861111111111111,0.9512410346335813
d.257.1,1,1.0677966101694916,0.28,0.4533333333333333,0.04,0.9185937200760859
g.59.1,1,1.0666666666666667,0.25,0.3333333333333333,0.08333333333333333,0.9165631757957897
d.403.1,1,1.0666666666666667,0.19753086419753085,0.2222222222222222,0.012345679012345678,0.8263227719515632
a.252.1,2,1.0666666666666667,0.3140350877192982,0.3874337005303957,0.02603019175846593,0.8963283435945832
a.69.2,2,1.0663763066202092,0.22392165200520903,0.38930820953039036,0.05663486326308236,0.9523386391906628
b.21.1,7,1.0663015716770483,0.15299196787586508,0.38036803270974306,0.057405398600053004,0.9408027835883456
d.267.1,1,1.064516129032258,0.27710843373493976,0.3855421686746988,0.03614457831325301,0.915197054207058
c.106.1,2,1.0642857142857143,0.22439440618581613,0.4516808626313882,0.04868158753171439,0.9348095715696414
e.84.1,1,1.064039408866995,0.3375,0.4166666666666667,0.008333333333333333,0.9073601146421096
b.158.1,1,1.0634920634920635,0.22297297297297297,0.46621621621621623,0.060810810810810814,0.9112628410728312
b.118.1,3,1.0626629430574657,0.18641198263526426,0.41150627731847694,0.042376598171604225,0.9183736339942697
a.85.1,2,1.0625,0.2648430873621713,0.41825699745547074,0.02915606446140797,0.9505667078094313
g.81.1,2,1.0625,0.39813242784380304,0.3521505376344086,0.008064516129032258,0.8740036671529208
f.47.1,1,1.0625,0.1962962962962963,0.4148148148148148,0.03333333333333333,0.9502314284579685
b.12.1,5,1.0622408963585435,0.2511528252915812,0.39898298254757586,0.02481916017801185,0.9291036571068062
b.121.2,6,1.061575219862829,0.1704507756438245,0.4225162695559282,0.04856822951237652,0.9425010766094418
a.160.1,6,1.0611836733811664,0.24232810182937103,0.4332462730186552,0.049091069662492846,0.9460436722885576
d.58.25,1,1.0606060606060606,0.16455696202531644,0.3291139240506329,0.0,0.8912898762445817
d.321.1,2,1.0602968460111317,0.2670921420023933,0.42935779816513764,0.02269644994016753,0.9195740837645096
a.268.1,3,1.059586954589887,0.2251090369233829,0.433751722570288,0.052342837659293366,0.9677000586147257
a.71.2,2,1.0592391304347826,0.22434443335450505,0.45676435895109335,0.03810906451320206,0.9303621938829615
f.23.7,1,1.0588235294117647,0.125,0.475,0.1,0.8899822625973746
b.61.8,1,1.0588235294117647,0.24390243902439024,0.35365853658536583,0.036585365853658534,0.9539743902541029
g.102.1,1,1.0588235294117647,0.3053435114503817,0.4198473282442748,0.03816793893129771,0.9314321101162525
g.41.13,1,1.0588235294117647,0.2777777777777778,0.3055555555555556,0.08333333333333333,0.8885116012260244
f.20.1,1,1.0585106382978724,0.12837837837837837,0.545045045045045,0.04279279279279279,0.9101703247246354
d.58.24,2,1.056980056980057,0.314124487004104,0.45468536251709984,0.026333789329685362,0.853069622247713
b.107.1,2,1.055952380952381,0.28996138996139,0.43166023166023165,0.02142857142857143,0.8779541079751458
b.49.4,3,1.0556060159727676,0.24710277315736373,0.3969659786036957,0.057675492414946516,0.9510760830737958
c.23.13,2,1.054218426501035,0.19933489827856027,0.4473787167449139,0.027924491392801253,0.9078641712074087
d.58.58,5,1.0534560889658775,0.28695009891179657,0.4560860747526185,0.02243870641057847,0.8959563717021389
g.43.1,7,1.051828688464633,0.2674905430480664,0.316668850153003,0.03977844079300274,0.900401718711401
a.84.1,1,1.0517241379310345,0.2246376811594203,0.4855072463768116,0.036231884057971016,0.9287328331549733
a.242.1,1,1.0512820512820513,0.23333333333333334,0.45555555555555555,0.03333333333333333,0.918360560685456
g.101.1,1,1.0512820512820513,0.26666666666666666,0.3111111111111111,0.044444444444444446,0.9158403765591676
a.74.1,25,1.0507540523137964,0.23299380886524948,0.4424345500831304,0.04079544583636543,0.935150307876818
b.40.2,20,1.0502244031871228,0.25110908240354135,0.373102547586614,0.027748012860573084,0.9207813461469072
f.23.6,1,1.05,0.18181818181818182,0.5,0.06818181818181818,0.9153954497265152
b.7.5,1,1.0491803278688525,0.2585034013605442,0.47619047619047616,0.05442176870748299,0.9320146155942626
d.17.7,1,1.0476190476190477,0.3644859813084112,0.4485981308411215,0.028037383177570093,0.9013311561641304
b.3.2,3,1.0474074074074073,0.21481338505378553,0.37853642742844335,0.06297234865230034,0.9065749134218702
d.226.1,1,1.0465116279069768,0.29896907216494845,0.3711340206185567,0.010309278350515464,0.9318259926887827
f.29.1,1,1.0463576158940397,0.12264150943396226,0.4784366576819407,0.03638814016172507,0.9584521501908356
b.42.7,1,1.0461538461538462,0.2111801242236025,0.4161490683229814,0.012422360248447204,0.9588469498803207
g.58.1,1,1.0454545454545454,0.09803921568627451,0.21568627450980393,0.0392156862745098,0.7986418788619646
d.238.1,1,1.044776119402985,0.31543624161073824,0.42953020134228187,0.040268456375838924,0.8942862018234726
a.30.2,3,1.0444730444730446,0.3178360291844053,0.42123568884984525,0.00939503586618422,0.8787586396228112
g.7.1,18,1.0443006741897558,0.2441232036421384,0.2626169770454148,0.04964392206346856,0.9109105351968433
b.35.2,1,1.0434782608695652,0.36363636363636365,0.38181818181818183,0.03636363636363636,0.8772039101719883
c.9.1,2,1.0433125433125434,0.28888888888888886,0.4388888888888889,0.027777777777777776,0.9301347324556057
b.115.1,1,1.0425531914893618,0.11504424778761062,0.40707964601769914,0.02654867256637168,0.8702753057409551
a.64.1,9,1.0423702100540353,0.2568319702168741,0.3882805726804789,0.036510794486650094,0.9089784243519657
c.148.1,1,1.0421052631578946,0.2978723404255319,0.42127659574468085,0.01276595744680851,0.9150743301393996
a.159.5,1,1.0416666666666667,0.34375,0.421875,0.046875,0.9175855700831989
d.58.27,1,1.0408163265306123,0.319672131147541,0.4098360655737705,0.02459016393442623,0.9485215814262152
d.316.1,2,1.04,0.2773109243697479,0.4369747899159664,0.03361344537815126,0.9328381836062678
a.29.7,1,1.04,0.22826086956521738,0.42934782608695654,0.04891304347826087,0.9766994524871119
a.234.1,1,1.04,0.21678321678321677,0.46853146853146854,0.055944055944055944,0.9076422551257258
a.272.1,1,1.04,0.3114754098360656,0.47540983606557374,0.0,0.9026080787335882
g.41.10,2,1.0399305555555556,0.2188235294117647,0.31803921568627447,0.11372549019607843,0.9215981368956112
e.42.1,1,1.0386100386100385,0.1935483870967742,0.45468509984639016,0.047619047619047616,0.9667304207061923
g.3.11,37,1.0367710842273365,0.20843368182163752,0.2526565581235673,0.0578349505614858,0.8730629399510605
a.179.1,1,1.0357142857142858,0.30303030303030304,0.4393939393939394,0.06060606060606061,0.9293050206922003
b.81.4,1,1.0344827586206897,0.2835820895522388,0.47761194029850745,0.029850746268656716,0.8177186799135884
b.80.2,1,1.0333333333333334,0.0975609756097561,0.14634146341463414,0.024390243902439025,0.7745253832427865
c.52.2,4,1.033180894308943,0.314306004119254,0.45019635173006817,0.02981235850510821,0.9114820147943394
b.139.1,2,1.0329670329670328,0.28063785008903996,0.4367006637526307,0.02428363283147159,0.8215021503843523
e.72.1,1,1.0314465408805031,0.27586206896551724,0.4350132625994695,0.023872679045092837,0.9303599203573595
a.58.1,1,1.0294117647058822,0.2222222222222222,0.49382716049382713,0.0,0.9048878414126402
b.40.16,4,1.0287289168868117,0.2456560283687943,0.36876952465383317,0.03319613306315434,0.9209145326170032
f.68.1,1,1.0285714285714285,0.17782426778242677,0.49372384937238495,0.04184100418410042,0.9593789452203927
b.80.5,3,1.0278384060068173,0.24265962404846977,0.36841696442442134,0.0335171663818549,0.9210922981719474
d.266.1,1,1.0277777777777777,0.34065934065934067,0.45054945054945056,0.01098901098901099,0.8610941209097067
g.13.1,2,1.0273809523809523,0.16570048309178742,0.2961352657004831,0.07657004830917874,0.8410946926704808
a.240.1,2,1.027027027027027,0.2931034482758621,0.45438218390804597,0.0334051724137931,0.8925742493491884
c.1.33,1,1.0267857142857142,0.26053639846743293,0.4674329501915709,0.03065134099616858,0.9223346839596611
b.136.1,2,1.0258503401360544,0.21016771488469602,0.4632317368166425,0.05394291243347847,0.9386570548622253
d.15.15,1,1.0256410256410255,0.28888888888888886,0.43333333333333335,0.06666666666666667,0.9091222380218317
a.264.1,3,1.0252320825229684,0.34792591501686615,0.3378387438373553,0.02008654001248308,0.9409207260580303
d.135.1,1,1.0238095238095237,0.25380710659898476,0.41624365482233505,0.030456852791878174,0.939356130828094
g.61.1,2,1.0238095238095237,0.3516042780748663,0.2823529411764706,0.05668449197860963,0.8524632860497727
d.37.1,31,1.0233367907200919,0.26498734626379344,0.44465027907921806,0.034729065072867334,0.9112278478774594
a.24.21,1,1.0227272727272727,0.3434343434343434,0.43434343434343436,0.04040404040404041,0.8859391445913625
b.78.1,5,1.0223889555822328,0.18803752134260607,0.3712240378342074,0.024532448769736905,0.9221789811317598
d.15.11,1,1.0222222222222221,0.27722772277227725,0.39603960396039606,0.039603960396039604,0.9255825832369996
a.219.1,1,1.0222222222222221,0.30357142857142855,0.48214285714285715,0.008928571428571428,0.9156677823919834
c.52.4,1,1.021505376344086,0.2889908256880734,0.42660550458715596,0.013761467889908258,0.9389632309442284
f.23.43,4,1.0206293706293705,0.21792240719479528,0.4604389909427222,0.04635783992127276,0.8773232740658623
g.3.6,29,1.0194712911964967,0.22332316964687707,0.251585861694184,0.05839152528808244,0.8145639876748018
b.166.1,2,1.0192307692307692,0.27852564102564104,0.3766025641025641,0.022115384615384617,0.9516307980343937
a.24.30,4,1.018067240459701,0.36517971611189975,0.42644255728565406,0.021864948798425644,0.8806156657309103
b.167.1,2,1.0177536231884057,0.188,0.4157037037037037,0.05762962962962963,0.9295087616824358
b.96.1,6,1.0171481557102242,0.24326010262114695,0.4035481179761496,0.04717001194156811,0.9533640623626143
e.27.1,1,1.0169491525423728,0.241635687732342,0.4349442379182156,0.03717472118959108,0.9534863190447586
d.333.1,1,1.0147058823529411,0.24550898203592814,0.46107784431137727,0.0718562874251497,0.95913950963195
c.44.3,6,1.0128702349153573,0.2422575059357096,0.42093201889783033,0.04052716380641216,0.9302593667010365
b.180.1,2,1.0115135255980325,0.17751953516329394,0.3892005610098177,0.022099779603285914,0.9376435685977047
f.54.1,5,1.0097491030436376,0.18248400327603204,0.4769311742943021,0.04297841066247532,0.9315955880176723
a.29.8,2,1.0095108695652173,0.25261261261261264,0.4262162162162162,0.028513513513513514,0.9096435473903954
e.67.1,1,1.009433962264151,0.3029045643153527,0.45228215767634855,0.03319502074688797,0.9161257801379066
f.22.1,1,1.0068027210884354,0.09259259259259259,0.595679012345679,0.040123456790123455,0.8629857203029342
c.26.3,2,1.0062962962962962,0.2953431372549019,0.41693899782135074,0.023965141612200435,0.9020671947820629
b.42.2,19,1.0024813910065706,0.19496565223392445,0.36692043235388416,0.03315477431712264,0.9329483908726622
g.31.1,2,1.0017543859649123,0.2486681887366819,0.3240106544901066,0.08295281582952815,0.8838241446302941
d.369.1,3,1.001168770453483,0.2659916023062814,0.4163055905116753,0.0375161415023729,0.912155099108174
e.28.1,2,1.0006441802014912,0.2075656425350165,0.45642718589182674,0.051371593961682255,0.9579974556454558
a.7.11,1,1.0,0.26666666666666666,0.45555555555555555,0.022222222222222223,0.9105273766584181
g.86.1,1,1.0,0.14049586776859505,0.34710743801652894,0.049586776859504134,0.9437562090588866
a.249.1,1,1.0,0.19469026548672566,0.48672566371681414,0.02654867256637168,0.9539620727275205
a.23.7,1,1.0,0.2537313432835821,0.417910447761194,0.014925373134328358,0.9265448319014002
a.30.4,1,1.0,0.21739130434782608,0.45652173913043476,0.06521739130434782,0.9352955460820179
b.182.1,1,1.0,0.2631578947368421,0.3881578947368421,0.039473684210526314,0.9626454912418049
g.64.1,1,1.0,0.2972972972972973,0.1891891891891892,0.0,0.831556645227439
d.356.1,1,1.0,0.2611111111111111,0.4666666666666667,0.016666666666666666,0.9338693482389294
f.17.4,1,1.0,0.05,0.7,0.0,0.7248615264446205
d.52.5,1,1.0,0.2345679012345679,0.4567901234567901,0.08641975308641975,0.8681433106262312
a.60.17,1,1.0,0.28169014084507044,0.4225352112676056,0.014084507042253521,0.9335852395037161
f.4.2,1,1.0,0.19066147859922178,0.4163424124513619,0.038910505836575876,0.9520582025119373
a.244.1,1,1.0,0.25,0.45454545454545453,0.022727272727272728,0.9253338209425228
a.248.1,1,1.0,0.25316455696202533,0.45569620253164556,0.06329113924050633,0.896727859745032
d.400.1,1,1.0,0.20149253731343283,0.3880597014925373,0.06716417910447761,0.8993999239204774
b.135.1,1,1.0,0.24786324786324787,0.3418803418803419,0.02564102564102564,0.9211620363790557
f.23.8,1,1.0,0.09523809523809523,0.6428571428571429,0.0,0.8520436273599564
b.38.1,27,0.9999308324134532,0.25627316436927305,0.40760008268005016,0.028182107418299716,0.9016410942028883
d.308.1,4,0.9998063990711366,0.28641014300457024,0.41050163925219213,0.03637096944040774,0.9267144285116231
d.110.4,7,0.9977676335853343,0.2317275041900395,0.44323808805304404,0.022758353885635685,0.9397913540412018
a.158.1,4,0.9957402677306286,0.2599874776611543,0.4312509753580508,0.05005889904100279,0.8960601030457633
a.24.19,3,0.9951874366767983,0.2850875138935721,0.45377499281905265,0.008374389619472232,0.9112765947137862
b.1.30,4,0.9941368879187216,0.23894869328307583,0.4278093268679148,0.04718466360846263,0.9234788181770162
d.15.9,3,0.9939983461722592,0.2736390143868756,0.42663975135377613,0.05552885385625941,0.9383455216473467
c.10.2,32,0.992976872769443,0.20615945126092577,0.38802222167711775,0.05118508002171579,0.9137857253094107
b.129.1,3,0.9917784401390959,0.30399588246303577,0.442503360386572,0.04528014564510915,0.8928071005447258
f.63.1,3,0.9912617162617163,0.10933205690487242,0.5247159033566801,0.027507898381684787,0.9192535861358794
a.118.16,1,0.9897959183673469,0.248868778280543,0.45701357466063347,0.00904977375565611,0.9371062828034762
c.38.1,5,0.9885799368541907,0.24967927569270976,0.4281648792293993,0.03363669353875133,0.9323557471624898
d.15.6,10,0.9859131067588436,0.30122666999196,0.36166397663940675,0.02485601981319133,0.9050767581149815
g.49.1,8,0.9858309565972065,0.24019621070219205,0.3308124369084426,0.025839735987346114,0.9103610373309183
a.40.3,1,0.984375,0.2119205298013245,0.41721854304635764,0.026490066225165563,0.9518946863183215
a.23.5,2,0.9821428571428572,0.3133019114951558,0.43571615606179626,0.007462686567164179,0.9103510053235739
d.398.1,1,0.9821428571428571,0.2619047619047619,0.48412698412698413,0.007936507936507936,0.9288154086731891
a.90.1,1,0.9818181818181818,0.22580645161290322,0.43548387096774194,0.024193548387096774,0.9364462083273043
f.23.14,2,0.9807692307692308,0.2174589700056593,0.49632144878324846,0.008064516129032258,0.9011549070555686
d.198.1,11,0.9797472891428419,0.20252789433785948,0.4461111541051381,0.03937914112958885,0.9211706444991701
d.15.14,1,0.9787234042553191,0.26785714285714285,0.41964285714285715,0.03571428571428571,0.9279879366776648
d.172.1,1,0.9781021897810219,0.17088607594936708,0.34810126582278483,0.04113924050632911,0.959661379828496
d.58.43,1,0.9777777777777777,0.297029702970297,0.42574257425742573,0.0297029702970297,0.9215369060578247
d.230.3,2,0.9766666666666668,0.2577276524644946,0.31746031746031744,0.03341687552213868,0.9481230849737691
a.135.1,1,0.972972972972973,0.23333333333333334,0.35555555555555557,0.011111111111111112,0.8979609633546505
a.145.1,1,0.972972972972973,0.17346938775510204,0.4489795918367347,0.01020408163265306,0.9129676590551492
d.123.1,1,0.9714285714285714,0.2681564245810056,0.4245810055865922,0.01675977653631285,0.9434120378560944
a.8.9,1,0.96875,0.2054794520547945,0.4520547945205479,0.0,0.8701054632636989
d.71.1,2,0.9679089026915114,0.3115203761755486,0.41418495297805646,0.04584639498432602,0.8737624019755288
a.102.6,1,0.967741935483871,0.2591687041564792,0.4400977995110024,0.012224938875305624,0.9193055208114671
a.24.28,2,0.9667874396135265,0.270516717325228,0.45918367346938777,0.020625271385149805,0.9167392856475671
b.88.2,3,0.9658143717257017,0.23794113522069282,0.37592322333754086,0.04681292701007794,0.9610697613898808
g.97.1,1,0.9655172413793104,0.265625,0.296875,0.0625,0.9217111102237676
a.291.1,1,0.9642857142857143,0.2558139534883721,0.4418604651162791,0.023255813953488372,0.925463818626167
f.56.1,4,0.964025828736751,0.1491697053316251,0.5431531487139056,0.04529663940080812,0.9104339559892598
c.100.1,2,0.9633870967741935,0.2455896672203448,0.3939372243542013,0.04658056016954007,0.9454471850518906
g.41.15,1,0.9629629629629629,0.24242424242424243,0.30303030303030304,0.030303030303030304,0.9272701670053607
d.95.2,12,0.9599511695828036,0.2613829557294761,0.43319701914174963,0.02746050096181947,0.9133159176425228
b.1.21,1,0.9591836734693877,0.19298245614035087,0.40350877192982454,0.043859649122807015,0.9152696883840828
g.91.1,2,0.9583333333333333,0.19576923076923075,0.41307692307692306,0.039230769230769236,0.8932283592017903
b.183.1,1,0.9574468085106383,0.22727272727272727,0.4,0.02727272727272727,0.9428575537787154
a.262.1,1,0.9565217391304348,0.3188405797101449,0.4251207729468599,0.028985507246376812,0.9049817113605997
f.59.1,1,0.9545454545454546,0.10945273631840796,0.5771144278606966,0.01990049751243781,0.9048532126418242
g.100.1,1,0.95,0.2446043165467626,0.34532374100719426,0.050359712230215826,0.9488038141325248
a.285.1,2,0.949878983461073,0.2448317650413459,0.45362845737097235,0.03286284573709723,0.923087869612059
a.185.1,1,0.9493670886075949,0.34946236559139787,0.42473118279569894,0.03225806451612903,0.9282620373873623
f.65.1,1,0.9479166666666666,0.15283842794759825,0.5087336244541485,0.03275109170305677,0.9584435488473135
f.23.32,1,0.9473684210526315,0.05,0.625,0.025,0.8084222206406992
a.142.1,2,0.9455058619192358,0.3070296627387241,0.4410402275497765,0.013368549370174725,0.9176480676599259
f.23.26,1,0.9444444444444444,0.13513513513513514,0.5405405405405406,0.05405405405405406,0.8190497147863708
d.58.41,1,0.9423076923076923,0.17647058823529413,0.35294117647058826,0.025210084033613446,0.9189409273295909
f.37.1,6,0.9418936466317916,0.1749064085594408,0.5230736874509937,0.028454853932501273,0.9267020122709725
d.295.1,3,0.9417077175697867,0.2922077922077922,0.44612794612794615,0.030784030784030785,0.9076812196960081
f.19.1,7,0.9400114411385532,0.08752697745087368,0.5520624180308737,0.0444521972374815,0.9032310615908917
d.282.1,1,0.9397590361445783,0.291005291005291,0.41798941798941797,0.015873015873015872,0.9409688311140235
f.41.1,3,0.9394989906798953,0.1339247908497773,0.5416304455379176,0.04448005650019715,0.9201551706024006
f.23.38,2,0.9392361111111112,0.1298372513562387,0.5564195298372514,0.060216998191681734,0.8825326691548079
b.90.1,1,0.9375,0.14423076923076922,0.4519230769230769,0.057692307692307696,0.9039865409278645
a.251.1,1,0.9354838709677419,0.265625,0.40625,0.015625,0.8834348396613282
a.118.27,3,0.93497481069077,0.22757206855813542,0.4451176202875004,0.03060731432234415,0.9493490748311428
d.263.1,1,0.9333333333333333,0.38095238095238093,0.3904761904761905,0.02857142857142857,0.883525419121702
b.28.1,1,0.9328358208955224,0.26755852842809363,0.3979933110367893,0.026755852842809364,0.9459884127788268
d.326.1,3,0.932473544973545,0.2766234641234641,0.40640503140503137,0.029333591833591837,0.9429471673891943
b.172.1,3,0.929112554112554,0.28495486714952767,0.4237970412555234,0.024110136470868026,0.9417233957218188
a.47.3,1,0.9259259259259259,0.2681564245810056,0.40782122905027934,0.0223463687150838,0.9290357002967916
b.40.11,1,0.9259259259259259,0.2727272727272727,0.4659090909090909,0.028409090909090908,0.92689233649922
a.245.1,1,0.9259259259259259,0.36065573770491804,0.4098360655737705,0.01639344262295082,0.878933251646122
b.77.4,1,0.9253731343283582,0.25,0.3881578947368421,0.05263157894736842,0.9375533841588299
a.30.7,1,0.9230769230769231,0.3508771929824561,0.42105263157894735,0.0,0.8601473035330617
a.32.1,3,0.923015873015873,0.3322210987529491,0.4388068756319515,0.007751937984496124,0.8667906168319317
d.230.1,3,0.9222752163928635,0.26524090462143557,0.4383225550260949,0.04891933287950987,0.9155026648403757
f.49.1,1,0.9217877094972067,0.09852216748768473,0.5689655172413793,0.04187192118226601,0.9017642830445678
a.232.1,1,0.9215686274509803,0.25,0.4482758620689655,0.017241379310344827,0.919020042340317
f.26.1,4,0.919021127173523,0.11374065169879113,0.5191293294290087,0.04988610028607433,0.9409735065541452
a.202.1,1,0.9183673469387755,0.3286384976525822,0.43661971830985913,0.004694835680751174,0.9086911452491845
c.152.1,1,0.9166666666666666,0.2682926829268293,0.4634146341463415,0.03414634146341464,0.9090408567904387
d.365.1,1,0.9152542372881356,0.20610687022900764,0.45038167938931295,0.04580152671755725,0.9310230802037841
d.199.1,1,0.9148936170212766,0.2962962962962963,0.42592592592592593,0.0,0.911678582793994
d.103.1,2,0.9147927689594357,0.18351196693764477,0.45878559425950316,0.035662382487851405,0.9288702275657308
d.352.1,1,0.9130434782608695,0.2962962962962963,0.39814814814814814,0.046296296296296294,0.9405573041404721
a.227.1,1,0.9119496855345912,0.2682926829268293,0.4092140921409214,0.02168021680216802,0.9567605443080304
d.328.1,1,0.9117647058823529,0.31896551724137934,0.41810344827586204,0.04741379310344827,0.9225518443223448
f.38.1,8,0.9098832444181288,0.11577507110420278,0.5617433212550492,0.04031554955534237,0.9323413301993656
b.40.7,4,0.9096443890964439,0.265384446371445,0.472565050471908,0.032041010489250996,0.8890412375532608
g.2.4,1,0.9090909090909091,0.2608695652173913,0.30434782608695654,0.043478260869565216,0.8503868616555845
g.33.1,1,0.9090909090909091,0.19148936170212766,0.3829787234042553,0.10638297872340426,0.8981240008664633
b.174.1,1,0.9090909090909091,0.2714285714285714,0.4142857142857143,0.02857142857142857,0.8681355330182009
f.62.1,1,0.9090909090909091,0.1724137931034483,0.6120689655172413,0.0,0.8801387827770826
f.44.1,2,0.9070713583886023,0.09162086903100439,0.5877711965703525,0.020674043257898005,0.8996471359809919
d.353.1,2,0.90625,0.1725030964981421,0.4131291521225087,0.09024884585069248,0.9284567950402269
f.61.1,2,0.9042071197411004,0.10700428933515305,0.5860791577305517,0.03308637161240008,0.9154185571589977
f.73.1,2,0.9034090909090908,0.12342105263157896,0.6157894736842104,0.005,0.8458234957133026
a.225.1,1,0.9032258064516129,0.21897810218978103,0.40145985401459855,0.021897810218978103,0.9245058239226693
a.150.1,1,0.9024390243902439,0.3146067415730337,0.39325842696629215,0.0,0.8938680788303769
b.112.1,1,0.9024390243902439,0.24752475247524752,0.4158415841584158,0.0297029702970297,0.9344675331664254
b.38.5,1,0.9024390243902439,0.25,0.43478260869565216,0.010869565217391304,0.911134803112651
a.159.3,1,0.9024390243902439,0.330188679245283,0.46226415094339623,0.018867924528301886,0.9053998430496558
a.120.1,1,0.9019607843137255,0.2903225806451613,0.4700460829493088,0.009216589861751152,0.9265080317560567
d.33.1,2,0.8986042692939245,0.21134107827656212,0.41893187457703585,0.044101060230092484,0.9409786340177556
f.36.1,2,0.8959899749373433,0.17821077600813284,0.47582175533717386,0.04702643171806167,0.9433517619391226
a.118.20,1,0.8933333333333333,0.30434782608695654,0.422360248447205,0.0,0.9114657303481137
f.1.3,3,0.8930989856865353,0.19609972661777839,0.4564427775836486,0.029008913695943533,0.9480389443306237
a.118.24,1,0.8924050632911392,0.1907514450867052,0.48554913294797686,0.03468208092485549,0.9471271757998786
a.24.4,1,0.8913043478260869,0.25663716814159293,0.39823008849557523,0.02654867256637168,0.9549432930865688
f.72.1,8,0.8901892792971672,0.09816638535584538,0.6061349541892675,0.04933503263687795,0.8896118196612549
f.17.1,3,0.890122265122265,0.08551052695631008,0.6001015316677967,0.03751177871659799,0.8562036259273006
g.3.2,3,0.888888888888889,0.22000232991612304,0.26645503261882575,0.08018794656725692,0.8586294055778539
f.4.6,1,0.8879310344827587,0.1856060606060606,0.4166666666666667,0.026515151515151516,0.9475199543634271
d.318.1,2,0.8861439312567132,0.15963855421686746,0.3741141034727144,0.05350815024805103,0.9485233950365779
f.23.4,1,0.8846153846153846,0.17857142857142858,0.42857142857142855,0.03571428571428571,0.9415794380404433
g.41.7,2,0.8815384615384616,0.2961108971890643,0.3417404697728148,0.03927608779360801,0.8600447585533342
f.21.3,1,0.8811881188118812,0.12444444444444444,0.5511111111111111,0.03111111111111111,0.938857073463787
a.40.2,1,0.8787878787878788,0.2482758620689655,0.4827586206896552,0.027586206896551724,0.9427093032740144
d.121.1,1,0.8787878787878788,0.24675324675324675,0.42857142857142855,0.03896103896103896,0.9530628003599507
f.23.25,2,0.8786764705882353,0.10477941176470588,0.6369485294117647,0.0,0.7476971298958317
d.58.61,1,0.8780487804878049,0.2696629213483146,0.43820224719101125,0.02247191011235955,0.880878499646072
g.3.3,4,0.8772321428571428,0.1286269027648338,0.23925908667287976,0.07328362845604225,0.7916759232376933
b.42.3,2,0.8764822134387351,0.1939296266451786,0.4115184886740084,0.03673113080848778,0.9638546544581728
c.23.2,4,0.8698758662947939,0.26058776991865507,0.42933344790366446,0.051036970036843404,0.9495956679094134
a.118.29,1,0.8676470588235294,0.19594594594594594,0.4391891891891892,0.033783783783783786,0.9518312176705931
g.3.16,2,0.8616071428571428,0.10476190476190475,0.3404761904761905,0.07857142857142857,0.8494070953413664
b.24.2,2,0.8615867579908676,0.2126570583887657,0.35866592756836657,0.027365114560236513,0.9363269598059205
a.271.1,2,0.8597826086956522,0.19227272727272726,0.4031818181818182,0.0740909090909091,0.9199138948303635
b.1.22,2,0.8560439560439561,0.2540332588731695,0.4465955158434682,0.06116075122031935,0.9319006730643824
b.56.1,3,0.8533950617283951,0.29404561569455595,0.36872380910480756,0.005649717514124294,0.8989240715755624
c.147.1,1,0.8531468531468531,0.2983606557377049,0.4163934426229508,0.02622950819672131,0.9400352024882859
b.102.1,1,0.8518518518518519,0.2712765957446808,0.3882978723404255,0.0425531914893617,0.9640072267645909
g.21.1,1,0.8478260869565217,0.14678899082568808,0.25688073394495414,0.05504587155963303,0.9436103195213964
f.3.1,9,0.8462313932420572,0.12830606345292397,0.5762732581800368,0.0351856274510359,0.8833233083981781
f.23.15,1,0.8461538461538461,0.16981132075471697,0.5471698113207547,0.05660377358490566,0.89220452806829
f.23.40,1,0.8421052631578947,0.10526315789473684,0.5526315789473685,0.02631578947368421,0.8115425209916287
a.157.1,1,0.84,0.2727272727272727,0.43636363636363634,0.03636363636363636,0.9094608178897634
f.17.6,2,0.8395833333333333,0.16322115384615385,0.5194711538461538,0.015625,0.8445760271472132
f.21.2,7,0.838960337472577,0.1245902057838305,0.5780653425019064,0.042261346245517396,0.9103367301098361
a.4.11,1,0.8387096774193549,0.2923076923076923,0.4153846153846154,0.03076923076923077,0.9370494003846485
d.26.2,1,0.8378378378378378,0.2976190476190476,0.38095238095238093,0.03571428571428571,0.9191070345631259
d.216.1,2,0.8350183823529411,0.23943661971830987,0.4507042253521127,0.03873239436619719,0.9440731310433552
f.67.1,2,0.8329113924050633,0.2009858116823291,0.505850377740925,0.032868067072047175,0.9450920551959072
d.300.1,2,0.8316017316017317,0.26490192344315366,0.45905541801561606,0.0253285088554561,0.8719387711864854
f.58.1,4,0.8314685770957303,0.10306129056129057,0.5955076302298524,0.0531067440789663,0.897211405018032
b.61.5,1,0.8301886792452831,0.2033898305084746,0.3983050847457627,0.01694915254237288,0.9547127424144973
f.23.28,2,0.8285714285714285,0.20535714285714285,0.5714285714285714,0.026785714285714284,0.844364997843977
a.228.1,1,0.8269230769230769,0.19444444444444445,0.3425925925925926,0.037037037037037035,0.9241866038047102
f.17.2,4,0.8246466768525592,0.13210370785118825,0.5768968520592261,0.04440898345153664,0.8812463024835502
d.379.1,3,0.8229166666666666,0.23614483043565918,0.4388346958276908,0.026725841054474536,0.9330121834848457
b.40.17,1,0.8214285714285714,0.1864406779661017,0.4067796610169492,0.0847457627118644,0.8466821700109268
d.302.1,1,0.82,0.1826086956521739,0.4608695652173913,0.043478260869565216,0.9235660398656753
g.3.12,1,0.8181818181818182,0.25,0.2916666666666667,0.041666666666666664,0.8149268408793349
f.34.1,1,0.8181818181818182,0.09302325581395349,0.686046511627907,0.0,0.7942783224020742
f.73.3,2,0.8135593220338984,0.13177339901477833,0.6316194581280787,0.034636699507389165,0.8691689310003798
f.23.19,1,0.8125,0.12903225806451613,0.6129032258064516,0.03225806451612903,0.8344964864881502
d.349.1,1,0.8108108108108109,0.23376623376623376,0.37662337662337664,0.05194805194805195,0.8790765430364624
b.85.5,1,0.803921568627451,0.20588235294117646,0.4411764705882353,0.0196078431372549,0.9472834832909705
d.253.1,1,0.8,0.21666666666666667,0.38333333333333336,0.03333333333333333,0.8783540269697296
f.23.18,1,0.8,0.14634146341463414,0.6097560975609756,0.07317073170731707,0.8614046212567386
c.130.1,1,0.796875,0.21705426356589147,0.437984496124031,0.031007751937984496,0.9260378500933661
a.139.1,6,0.7967540906137397,0.2581043493463822,0.4799130774881639,0.014448114282405047,0.8631800883395053
d.372.1,1,0.7931034482758621,0.3125,0.40625,0.03125,0.9119026858114142
f.23.41,1,0.7857142857142857,0.07142857142857142,0.6785714285714286,0.03571428571428571,0.7568248128926319
d.197.1,1,0.7843137254901961,0.25,0.4519230769230769,0.028846153846153848,0.9279104269297999
g.3.5,1,0.782608695652174,0.15217391304347827,0.30434782608695654,0.06521739130434782,0.8907564825886336
f.21.1,3,0.7815713772024452,0.12521534317645608,0.5479981539171571,0.040412901891041325,0.9469902077859937
f.24.1,2,0.7773174399298268,0.09140505696652382,0.5801964799684731,0.06248900429975862,0.9208921478019905
f.13.1,18,0.7639697389033547,0.12300847981347868,0.5679013995308949,0.03266577804552611,0.9256100155579975
f.16.1,1,0.7627118644067796,0.16101694915254236,0.5338983050847458,0.025423728813559324,0.8833334091979494
a.212.1,1,0.7619047619047619,0.3137254901960784,0.37254901960784315,0.0,0.8853833727861882
f.14.1,13,0.7616791088937303,0.14679957092666138,0.5588679937369524,0.03405324300997696,0.9138863092263283
a.29.15,1,0.76,0.12080536912751678,0.6308724832214765,0.06040268456375839,0.9158067884701071
f.51.1,2,0.7539245548266167,0.11609517963109123,0.581528252798971,0.024394165278143178,0.9291585513646683
a.163.1,1,0.75,0.28205128205128205,0.41025641025641024,0.01282051282051282,0.936757793193211
f.73.2,2,0.74585672280139,0.0912202380952381,0.6684523809523809,0.03050595238095238,0.8470779185981518
b.82.6,2,0.7448979591836735,0.18970588235294117,0.38026960784313724,0.03915441176470588,0.9103370059092348
a.8.2,1,0.7446808510638298,0.26136363636363635,0.45454545454545453,0.0,0.8621434551058756
d.332.1,1,0.7333333333333333,0.26595744680851063,0.48936170212765956,0.010638297872340425,0.8899077104997023
f.23.30,1,0.7333333333333333,0.1388888888888889,0.5,0.027777777777777776,0.8885116012260244
e.69.1,1,0.7318181818181818,0.2329059829059829,0.43162393162393164,0.021367521367521368,0.9379256047323823
d.358.1,1,0.7301587301587301,0.25984251968503935,0.4251968503937008,0.0,0.9133466348006803
f.23.23,1,0.7272727272727273,0.1794871794871795,0.5641025641025641,0.02564102564102564,0.8122645227142108
f.57.1,1,0.7222222222222222,0.12643678160919541,0.5919540229885057,0.040229885057471264,0.8534735942123213
f.23.36,1,0.7142857142857143,0.13513513513513514,0.7027027027027027,0.10810810810810811,0.7893151911640397
g.6.1,1,0.7142857142857143,0.225,0.25,0.025,0.8106802378785669
f.32.1,2,0.705945945945946,0.11845709068776628,0.5786670724284845,0.08571718401298438,0.9058175655251242
f.25.1,2,0.7045177045177045,0.08624572344203368,0.5482547312805855,0.031635702221644794,0.9360773853795805
f.23.33,1,0.696969696969697,0.14285714285714285,0.5555555555555556,0.047619047619047616,0.9007462256950726
f.23.35,1,0.6842105263157895,0.08823529411764706,0.5882352941176471,0.029411764705882353,0.8377213821276636
g.93.1,1,0.6785714285714286,0.2727272727272727,0.3090909090909091,0.01818181818181818,0.8721128381595649
f.17.3,1,0.6666666666666666,0.171875,0.625,0.046875,0.8645886411222772
g.92.1,1,0.6341463414634146,0.25,0.4375,0.025,0.9409073224918846
f.23.37,1,0.631578947368421,0.2,0.5428571428571428,0.05714285714285714,0.8646659993824687
f.23.17,1,0.6190476190476191,0.05263157894736842,0.6842105263157895,0.07894736842105263,0.8526723578428332
f.23.10,3,0.5833333333333334,0.1498860398860399,0.6369230769230769,0.008547008547008546,0.8325510644332718
f.23.42,1,0.5833333333333334,0.12195121951219512,0.5609756097560976,0.024390243902439025,0.8542876253395133
f.23.9,1,0.5789473684210527,0.0967741935483871,0.7096774193548387,0.03225806451612903,0.7684062632399027
f.18.1,1,0.5773195876288659,0.08771929824561403,0.6257309941520468,0.05847953216374269,0.8954786224064144
f.17.5,1,0.5675675675675675,0.06451612903225806,0.6935483870967742,0.03225806451612903,0.841801454777373
f.23.31,1,0.5652173913043478,0.10810810810810811,0.5405405405405406,0.08108108108108109,0.8083593788178519
f.23.34,1,0.5,0.13333333333333333,0.6666666666666666,0.06666666666666667,0.7445417977483677
f.23.27,1,0.4444444444444444,0.034482758620689655,0.6896551724137931,0.0,0.7831146650975512
f.23.20,1,0.42105263157894735,0.07407407407407407,0.8148148148148148,0.0,0.7576162011096546
f.23.24,2,0.41547619047619044,0.049107142857142856,0.7544642857142857,0.0,0.6853044055908497
