case_id,gene,query,feature_type,feature_start,feature_end,species,target,tool,arm,outcome,outcome_on_human,query_start,query_end,target_start,target_end,other_target,other_target_start,other_target_end,iou,target_protein_length
0,ROS1,P08922,BINDING,1951,1959,yeast,P38070,kmerseek chosen arm,kmerseek.sdm12_k6_lcTrue,lands,lands,1950,1959,133,142,,,,0.8,525
0,ROS1,P08922,BINDING,1951,1959,yeast,P38070,kmerseek best other alphabet,kmerseek.wwmj5_k8_lcTrue,best call on another target,lands,1951,1960,,,P23293,66,75,0.8,525
0,ROS1,P08922,BINDING,1951,1959,yeast,P38070,phmmer,hmmer3_phmmer.default,best call on another target,spills,1950,2045,,,P22209,14,147,0.084,525
0,ROS1,P08922,BINDING,1951,1959,yeast,P38070,MMseqs2,mmseqs2_seqseq.s7,best call on another target,spills,1951,2107,,,P29295,15,154,0.051,525
0,ROS1,P08922,BINDING,1951,1959,yeast,P38070,MMseqs2 iterative,mmseqs2_iterative.s7,best call on another target,spills,1938,2091,,,Q03656,146,306,0.052,525
0,ROS1,P08922,BINDING,1951,1959,yeast,P38070,Foldseek,foldseek.3di_aa,best call on another target,spills,1945,2211,,,P21965,35,321,0.03,525
0,ROS1,P08922,BINDING,1951,1959,yeast,P38070,ProstT5,prostt5.3di_from_seq,best call on another target,spills,1945,2210,,,Q12222,41,322,0.03,525
0,ROS1,P08922,BINDING,1951,1959,yeast,P38070,Reseek,reseek.verysensitive,best call on another target,spills,1945,2057,,,P30402,69,203,0.071,525
0,ROS1,P08922,BINDING,1951,1959,yeast,P38070,Kyte-Doolittle scan,kd_scan,no call,no call,,,,,,,,,525
1,ROS1,P08922,BINDING,1951,1959,worm,Q11112,kmerseek chosen arm,kmerseek.sdm12_k6_lcTrue,lands,lands,1951,1959,31,39,,,,0.889,328
1,ROS1,P08922,BINDING,1951,1959,worm,Q11112,kmerseek best other alphabet,kmerseek.protein20_k5_lcTrue,lands,lands,1952,1959,32,39,,,,1.0,328
1,ROS1,P08922,BINDING,1951,1959,worm,Q11112,phmmer,hmmer3_phmmer.default,best call on another target,spills,1944,2012,,,Q19192,587,697,0.118,328
1,ROS1,P08922,BINDING,1951,1959,worm,Q11112,MMseqs2,mmseqs2_seqseq.s7,best call on another target,spills,1951,2154,,,O61847,51,239,0.039,328
1,ROS1,P08922,BINDING,1951,1959,worm,Q11112,MMseqs2 iterative,mmseqs2_iterative.s7,best call on another target,spills,1945,2089,,,Q03563,422,565,0.056,328
1,ROS1,P08922,BINDING,1951,1959,worm,Q11112,Foldseek,foldseek.3di_aa,best call on another target,spills,1943,2211,,,P34556,20,306,0.03,328
1,ROS1,P08922,BINDING,1951,1959,worm,Q11112,ProstT5,prostt5.3di_from_seq,best call on another target,spills,1935,2202,,,Q09537,194,445,0.03,328
1,ROS1,P08922,BINDING,1951,1959,worm,Q11112,Reseek,reseek.verysensitive,best call on another target,spills,1924,2027,,,O62251,12,210,0.078,328
1,ROS1,P08922,BINDING,1951,1959,worm,Q11112,Kyte-Doolittle scan,kd_scan,no call,no call,,,,,,,,,328
2,MARCKS,P29966,REGION,152,176,zebrafish,Q6PD99,kmerseek chosen arm,kmerseek.hp_thomas_dill2_k19_lcTrue,lands,lands,150,176,87,113,,,,0.889,213
2,MARCKS,P29966,REGION,152,176,zebrafish,Q6PD99,kmerseek best other alphabet,kmerseek.wwmj5_k10_lcTrue,lands,lands,153,176,90,113,,,,1.0,213
2,MARCKS,P29966,REGION,152,176,zebrafish,Q6PD99,phmmer,hmmer3_phmmer.default,best call on another target,spills,147,265,,,Q6NWH2,81,207,0.203,213
2,MARCKS,P29966,REGION,152,176,zebrafish,Q6PD99,MMseqs2,mmseqs2_seqseq.s7,best call on another target,spills,1,178,,,Q6NWH2,1,118,0.136,213
2,MARCKS,P29966,REGION,152,176,zebrafish,Q6PD99,MMseqs2 iterative,mmseqs2_iterative.s7,best call on another target,spills,1,178,,,Q6NWH2,1,118,0.136,213
2,MARCKS,P29966,REGION,152,176,zebrafish,Q6PD99,Foldseek,foldseek.3di_aa,best call on another target,spills,37,281,,,Q503Z8,215,462,0.098,213
2,MARCKS,P29966,REGION,152,176,zebrafish,Q6PD99,ProstT5,prostt5.3di_from_seq,best call on another target,spills,120,309,,,O42370,3,171,0.127,213
2,MARCKS,P29966,REGION,152,176,zebrafish,Q6PD99,Reseek,reseek.verysensitive,best call on another target,"inside, lower IoU",148,177,,,A8E534,147,170,0.828,213
2,MARCKS,P29966,REGION,152,176,zebrafish,Q6PD99,Kyte-Doolittle scan,kd_scan,no call,no call,,,,,,,,,213
3,COL9A1,P20849,DOMAIN,587,643,zebrafish,Q5U3G1,kmerseek chosen arm,kmerseek.hp_thomas_dill_no_c2_k19_lcTrue,lands,lands,585,614,46,75,,,,0.458,271
3,COL9A1,P20849,DOMAIN,587,643,zebrafish,Q5U3G1,kmerseek best other alphabet,kmerseek.hp_kyte_doolittle2_k22_lcTrue,best call on another target,lands,601,629,,,A5PN28,217,245,0.518,271
3,COL9A1,P20849,DOMAIN,587,643,zebrafish,Q5U3G1,phmmer,hmmer3_phmmer.default,equal or higher IoU,equal or higher IoU,578,660,26,126,,,,0.683,271
3,COL9A1,P20849,DOMAIN,587,643,zebrafish,Q5U3G1,MMseqs2,mmseqs2_seqseq.s7,best call on another target,spills,536,751,,,A5PN28,128,339,0.26,271
3,COL9A1,P20849,DOMAIN,587,643,zebrafish,Q5U3G1,MMseqs2 iterative,mmseqs2_iterative.s7,best call on another target,spills,538,755,,,A5PN28,130,322,0.258,271
3,COL9A1,P20849,DOMAIN,587,643,zebrafish,Q5U3G1,Foldseek,foldseek.3di_aa,best call on another target,spills,411,756,,,A5PN28,1,344,0.162,271
3,COL9A1,P20849,DOMAIN,587,643,zebrafish,Q5U3G1,ProstT5,prostt5.3di_from_seq,best call on another target,spills,51,919,,,C7DZK3,36,1042,0.065,271
3,COL9A1,P20849,DOMAIN,587,643,zebrafish,Q5U3G1,Reseek,reseek.verysensitive,best call on another target,spills,566,701,,,B8A5I7,4,129,0.415,271
3,COL9A1,P20849,DOMAIN,587,643,zebrafish,Q5U3G1,Kyte-Doolittle scan,kd_scan,no call,no call,,,,,,,,,271
4,COL12A1,Q99715,DOMAIN,2802,2852,zebrafish,A5PN28,kmerseek chosen arm,kmerseek.hp_thomas_dill_no_c2_k19_lcTrue,lands,lands,2820,2848,216,244,,,,0.58,489
4,COL12A1,Q99715,DOMAIN,2802,2852,zebrafish,A5PN28,kmerseek best other alphabet,kmerseek.hp_thomas_dill2_k19_lcTrue,lands,lands,2820,2848,216,244,,,,0.58,489
4,COL12A1,Q99715,DOMAIN,2802,2852,zebrafish,A5PN28,phmmer,hmmer3_phmmer.default,best call on another target,equal or higher IoU,2799,2878,,,Q5U3G1,22,120,0.633,489
4,COL12A1,Q99715,DOMAIN,2802,2852,zebrafish,A5PN28,MMseqs2,mmseqs2_seqseq.s7,no call,no call,,,,,,,,,489
4,COL12A1,Q99715,DOMAIN,2802,2852,zebrafish,A5PN28,MMseqs2 iterative,mmseqs2_iterative.s7,no call,no call,,,,,,,,,489
4,COL12A1,Q99715,DOMAIN,2802,2852,zebrafish,A5PN28,Foldseek,foldseek.3di_aa,no call,no call,,,,,,,,,489
4,COL12A1,Q99715,DOMAIN,2802,2852,zebrafish,A5PN28,ProstT5,prostt5.3di_from_seq,best call on another target,spills,2487,3062,,,A0MSJ1,19,761,0.087,489
4,COL12A1,Q99715,DOMAIN,2802,2852,zebrafish,A5PN28,Reseek,reseek.verysensitive,no call,no call,,,,,,,,,489
4,COL12A1,Q99715,DOMAIN,2802,2852,zebrafish,A5PN28,Kyte-Doolittle scan,kd_scan,no call,no call,,,,,,,,,489
5,ROS1,P08922,BINDING,1951,1959,zebrafish,Q8JFR5,kmerseek chosen arm,kmerseek.sdm12_k6_lcTrue,lands,lands,1951,1959,586,594,,,,0.889,976
5,ROS1,P08922,BINDING,1951,1959,zebrafish,Q8JFR5,kmerseek best other alphabet,kmerseek.hsdm17_k5_lcTrue,lands,lands,1951,1959,586,594,,,,0.889,976
5,ROS1,P08922,BINDING,1951,1959,zebrafish,Q8JFR5,phmmer,hmmer3_phmmer.default,best call on another target,spills,1940,2042,,,Q5MD89,835,971,0.078,976
5,ROS1,P08922,BINDING,1951,1959,zebrafish,Q8JFR5,MMseqs2,mmseqs2_seqseq.s7,best call on another target,spills,1951,2107,,,Q6DBX4,29,169,0.051,976
5,ROS1,P08922,BINDING,1951,1959,zebrafish,Q8JFR5,MMseqs2 iterative,mmseqs2_iterative.s7,best call on another target,"inside, lower IoU",1950,1962,,,Q9YHZ5,35,47,0.667,976
5,ROS1,P08922,BINDING,1951,1959,zebrafish,Q8JFR5,Foldseek,foldseek.3di_aa,best call on another target,spills,1943,2212,,,A8WIP6,2,283,0.03,976
5,ROS1,P08922,BINDING,1951,1959,zebrafish,Q8JFR5,ProstT5,prostt5.3di_from_seq,best call on another target,spills,1944,2224,,,Q4VSN1,613,877,0.029,976
5,ROS1,P08922,BINDING,1951,1959,zebrafish,Q8JFR5,Reseek,reseek.verysensitive,best call on another target,spills,1863,2028,,,E7FDV5,4,271,0.048,976
5,ROS1,P08922,BINDING,1951,1959,zebrafish,Q8JFR5,Kyte-Doolittle scan,kd_scan,no call,no call,,,,,,,,,976
6,COL12A1,Q99715,DOMAIN,2802,2852,chicken,P13944,kmerseek chosen arm,kmerseek.hp_thomas_dill_no_c2_k19_lcTrue,lands,lands,2819,2848,2823,2852,,,,0.6,3124
6,COL12A1,Q99715,DOMAIN,2802,2852,chicken,P13944,kmerseek best other alphabet,kmerseek.dayhoff6_k11_lcTrue,lands,lands,2806,2849,2810,2853,,,,0.88,3124
6,COL12A1,Q99715,DOMAIN,2802,2852,chicken,P13944,phmmer,hmmer3_phmmer.default,best call on another target,equal or higher IoU,2801,2877,,,Q2LK94,32,125,0.658,3124
6,COL12A1,Q99715,DOMAIN,2802,2852,chicken,P13944,MMseqs2,mmseqs2_seqseq.s7,best call on another target,spills,2505,3053,,,P12106,41,583,0.091,3124
6,COL12A1,Q99715,DOMAIN,2802,2852,chicken,P13944,MMseqs2 iterative,mmseqs2_iterative.s7,best call on another target,spills,2505,3042,,,P12106,41,587,0.093,3124
6,COL12A1,Q99715,DOMAIN,2802,2852,chicken,P13944,Foldseek,foldseek.3di_aa,no call,no call,,,,,,,,,3124
6,COL12A1,Q99715,DOMAIN,2802,2852,chicken,P13944,ProstT5,prostt5.3di_from_seq,best call on another target,spills,2595,2853,,,Q9PV94,15,239,0.194,3124
6,COL12A1,Q99715,DOMAIN,2802,2852,chicken,P13944,Reseek,reseek.verysensitive,no call,no call,,,,,,,,,3124
6,COL12A1,Q99715,DOMAIN,2802,2852,chicken,P13944,Kyte-Doolittle scan,kd_scan,no call,no call,,,,,,,,,3124
7,COL9A1,P20849,DOMAIN,655,712,chicken,P12106,kmerseek chosen arm,kmerseek.hp_thomas_dill_no_c2_k19_lcTrue,lands,lands,669,700,667,698,,,,0.561,920
7,COL9A1,P20849,DOMAIN,655,712,chicken,P12106,kmerseek best other alphabet,kmerseek.hp_kyte_doolittle2_k19_lcTrue,lands,lands,669,700,667,698,,,,0.561,920
7,COL9A1,P20849,DOMAIN,655,712,chicken,P12106,phmmer,hmmer3_phmmer.default,spills,spills,1,918,1,920,,,,0.062,920
7,COL9A1,P20849,DOMAIN,655,712,chicken,P12106,MMseqs2,mmseqs2_seqseq.s7,spills,spills,1,917,1,915,,,,0.062,920
7,COL9A1,P20849,DOMAIN,655,712,chicken,P12106,MMseqs2 iterative,mmseqs2_iterative.s7,spills,spills,1,917,1,915,,,,0.062,920
7,COL9A1,P20849,DOMAIN,655,712,chicken,P12106,Foldseek,foldseek.3di_aa,best call on another target,spills,43,738,,,P32018,1226,1866,0.082,920
7,COL9A1,P20849,DOMAIN,655,712,chicken,P12106,ProstT5,prostt5.3di_from_seq,best call on another target,spills,44,786,,,P32018,1227,1888,0.077,920
7,COL9A1,P20849,DOMAIN,655,712,chicken,P12106,Reseek,reseek.verysensitive,best call on another target,spills,653,776,,,Q7T0L4,79,253,0.463,920
7,COL9A1,P20849,DOMAIN,655,712,chicken,P12106,Kyte-Doolittle scan,kd_scan,no call,no call,,,,,,,,,920
8,COL12A1,Q99715,DOMAIN,2941,2990,chicken,P13944,kmerseek chosen arm,kmerseek.hp_thomas_dill_no_c2_k19_lcTrue,lands,lands,2956,2985,2960,2989,,,,0.612,3124
8,COL12A1,Q99715,DOMAIN,2941,2990,chicken,P13944,kmerseek best other alphabet,kmerseek.dayhoff6_k17_lcTrue,lands,lands,2947,2993,2951,2997,,,,0.846,3124
8,COL12A1,Q99715,DOMAIN,2941,2990,chicken,P13944,phmmer,hmmer3_phmmer.default,best call on another target,spills,2745,3050,,,P12106,622,915,0.161,3124
8,COL12A1,Q99715,DOMAIN,2941,2990,chicken,P13944,MMseqs2,mmseqs2_seqseq.s7,best call on another target,spills,2505,3053,,,P12106,41,583,0.089,3124
8,COL12A1,Q99715,DOMAIN,2941,2990,chicken,P13944,MMseqs2 iterative,mmseqs2_iterative.s7,best call on another target,spills,2505,3042,,,P12106,41,587,0.091,3124
8,COL12A1,Q99715,DOMAIN,2941,2990,chicken,P13944,Foldseek,foldseek.3di_aa,no call,no call,,,,,,,,,3124
8,COL12A1,Q99715,DOMAIN,2941,2990,chicken,P13944,ProstT5,prostt5.3di_from_seq,best call on another target,spills,2530,3039,,,D0PRN4,73,581,0.096,3124
8,COL12A1,Q99715,DOMAIN,2941,2990,chicken,P13944,Reseek,reseek.verysensitive,no call,no call,,,,,,,,,3124
8,COL12A1,Q99715,DOMAIN,2941,2990,chicken,P13944,Kyte-Doolittle scan,kd_scan,no call,no call,,,,,,,,,3124
9,PHACTR2,O75167,REPEAT,477,502,chicken,Q801X6,kmerseek chosen arm,kmerseek.hp_kyte_doolittle2_k19_lcTrue,lands,lands,475,499,341,365,,,,0.786,501
9,PHACTR2,O75167,REPEAT,477,502,chicken,Q801X6,kmerseek best other alphabet,kmerseek.hp_thomas_dill2_k19_lcTrue,lands,lands,475,499,341,365,,,,0.786,501
9,PHACTR2,O75167,REPEAT,477,502,chicken,Q801X6,phmmer,hmmer3_phmmer.default,spills,spills,441,634,250,501,,,,0.13,501
9,PHACTR2,O75167,REPEAT,477,502,chicken,Q801X6,MMseqs2,mmseqs2_seqseq.s7,spills,spills,446,634,308,501,,,,0.133,501
9,PHACTR2,O75167,REPEAT,477,502,chicken,Q801X6,MMseqs2 iterative,mmseqs2_iterative.s7,spills,spills,455,634,320,501,,,,0.14,501
9,PHACTR2,O75167,REPEAT,477,502,chicken,Q801X6,Foldseek,foldseek.3di_aa,spills,spills,69,634,2,501,,,,0.044,501
9,PHACTR2,O75167,REPEAT,477,502,chicken,Q801X6,ProstT5,prostt5.3di_from_seq,spills,spills,68,634,1,501,,,,0.044,501
9,PHACTR2,O75167,REPEAT,477,502,chicken,Q801X6,Reseek,reseek.verysensitive,best call on another target,spills,484,571,,,Q5ZIJ9,718,907,0.191,501
9,PHACTR2,O75167,REPEAT,477,502,chicken,Q801X6,Kyte-Doolittle scan,kd_scan,no call,no call,,,,,,,,,501
10,ADGRB3,O60242,DOMAIN,291,343,chicken,P35440,kmerseek chosen arm,kmerseek.hp_thomas_dill_no_c2_k19_lcTrue,lands,lands,291,318,387,414,,,,0.509,1178
10,ADGRB3,O60242,DOMAIN,291,343,chicken,P35440,kmerseek best other alphabet,kmerseek.hp_thomas_dill2_k21_lcTrue,best call on another target,lands,292,318,,,Q2PC93,3703,3729,0.519,1178
10,ADGRB3,O60242,DOMAIN,291,343,chicken,P35440,phmmer,hmmer3_phmmer.default,best call on another target,spills,294,399,,,Q2PC93,2555,2737,0.454,1178
10,ADGRB3,O60242,DOMAIN,291,343,chicken,P35440,MMseqs2,mmseqs2_seqseq.s7,best call on another target,spills,303,423,,,P19336,130,245,0.303,1178
10,ADGRB3,O60242,DOMAIN,291,343,chicken,P35440,MMseqs2 iterative,mmseqs2_iterative.s7,best call on another target,equal or higher IoU,295,336,,,P28686,204,240,0.788,1178
10,ADGRB3,O60242,DOMAIN,291,343,chicken,P35440,Foldseek,foldseek.3di_aa,best call on another target,spills,295,569,,,Q90W79,702,990,0.173,1178
10,ADGRB3,O60242,DOMAIN,291,343,chicken,P35440,ProstT5,prostt5.3di_from_seq,best call on another target,spills,65,561,,,Q9W770,200,778,0.105,1178
10,ADGRB3,O60242,DOMAIN,291,343,chicken,P35440,Reseek,reseek.verysensitive,best call on another target,spills,229,334,,,Q5ZKB1,11,63,0.377,1178
10,ADGRB3,O60242,DOMAIN,291,343,chicken,P35440,Kyte-Doolittle scan,kd_scan,no call,no call,,,,,,,,,1178
11,DAAM2,Q86T65,DOMAIN,1016,1048,chicken,A0A1D5P556,kmerseek chosen arm,kmerseek.hp_thomas_dill_no_c2_k19_lcTrue,lands,lands,1018,1053,1025,1060,,,,0.838,1075
11,DAAM2,Q86T65,DOMAIN,1016,1048,chicken,A0A1D5P556,kmerseek best other alphabet,kmerseek.hp_pbotc_1st_ed2_k18_lcTrue,best call on another target,lands,1024,1046,,,O93574,779,801,0.719,1075
11,DAAM2,Q86T65,DOMAIN,1016,1048,chicken,A0A1D5P556,phmmer,hmmer3_phmmer.default,spills,spills,1,1068,1,1075,,,,0.03,1075
11,DAAM2,Q86T65,DOMAIN,1016,1048,chicken,A0A1D5P556,MMseqs2,mmseqs2_seqseq.s7,spills,spills,1,1068,1,1075,,,,0.03,1075
11,DAAM2,Q86T65,DOMAIN,1016,1048,chicken,A0A1D5P556,MMseqs2 iterative,mmseqs2_iterative.s7,spills,spills,1,1068,1,1075,,,,0.03,1075
11,DAAM2,Q86T65,DOMAIN,1016,1048,chicken,A0A1D5P556,Foldseek,foldseek.3di_aa,best call on another target,spills,822,1051,,,Q5ZL19,14,230,0.14,1075
11,DAAM2,Q86T65,DOMAIN,1016,1048,chicken,A0A1D5P556,ProstT5,prostt5.3di_from_seq,spills,spills,1,1068,1,1075,,,,0.03,1075
11,DAAM2,Q86T65,DOMAIN,1016,1048,chicken,A0A1D5P556,Reseek,reseek.verysensitive,best call on another target,spills,991,1068,,,O42413,1,103,0.416,1075
11,DAAM2,Q86T65,DOMAIN,1016,1048,chicken,A0A1D5P556,Kyte-Doolittle scan,kd_scan,no call,no call,,,,,,,,,1075
12,ROS1,P08922,BINDING,1951,1959,chicken,Q9PUF6,kmerseek chosen arm,kmerseek.sdm12_k6_lcTrue,lands,lands,1950,1959,598,607,,,,0.8,1087
12,ROS1,P08922,BINDING,1951,1959,chicken,Q9PUF6,kmerseek best other alphabet,kmerseek.hsdm17_k5_lcTrue,lands,lands,1950,1959,598,607,,,,0.8,1087
12,ROS1,P08922,BINDING,1951,1959,chicken,Q9PUF6,phmmer,hmmer3_phmmer.default,best call on another target,spills,1940,2049,,,Q8QHL3,794,934,0.073,1087
12,ROS1,P08922,BINDING,1951,1959,chicken,Q9PUF6,MMseqs2,mmseqs2_seqseq.s7,best call on another target,spills,1929,2107,,,E1C2I2,16,174,0.045,1087
12,ROS1,P08922,BINDING,1951,1959,chicken,Q9PUF6,MMseqs2 iterative,mmseqs2_iterative.s7,best call on another target,spills,1951,2154,,,Q9I9E0,30,214,0.039,1087
12,ROS1,P08922,BINDING,1951,1959,chicken,Q9PUF6,Foldseek,foldseek.3di_aa,best call on another target,spills,1943,2213,,,P13863,2,283,0.03,1087
12,ROS1,P08922,BINDING,1951,1959,chicken,Q9PUF6,ProstT5,prostt5.3di_from_seq,best call on another target,spills,1937,2209,,,Q5ZJH6,8,262,0.029,1087
12,ROS1,P08922,BINDING,1951,1959,chicken,Q9PUF6,Reseek,reseek.verysensitive,best call on another target,spills,1903,2033,,,O73930,9,86,0.062,1087
12,ROS1,P08922,BINDING,1951,1959,chicken,Q9PUF6,Kyte-Doolittle scan,kd_scan,no call,no call,,,,,,,,,1087
13,TNFAIP3,P21580,ZN_FING,515,548,mouse,Q60769,kmerseek chosen arm,kmerseek.hp_thomas_dill_no_c2_k19_lcTrue,lands,lands,513,545,498,530,,,,0.833,775
13,TNFAIP3,P21580,ZN_FING,515,548,mouse,Q60769,kmerseek best other alphabet,kmerseek.dayhoff6_k8_lcTrue,lands,lands,517,549,502,534,,,,0.941,775
13,TNFAIP3,P21580,ZN_FING,515,548,mouse,Q60769,phmmer,hmmer3_phmmer.default,spills,spills,1,790,1,775,,,,0.042,775
13,TNFAIP3,P21580,ZN_FING,515,548,mouse,Q60769,MMseqs2,mmseqs2_seqseq.s7,spills,spills,1,790,1,775,,,,0.042,775
13,TNFAIP3,P21580,ZN_FING,515,548,mouse,Q60769,MMseqs2 iterative,mmseqs2_iterative.s7,spills,spills,1,790,1,775,,,,0.042,775
13,TNFAIP3,P21580,ZN_FING,515,548,mouse,Q60769,Foldseek,foldseek.3di_aa,best call on another target,spills,369,551,,,Q9DB38,3,148,0.181,775
13,TNFAIP3,P21580,ZN_FING,515,548,mouse,Q60769,ProstT5,prostt5.3di_from_seq,best call on another target,spills,385,547,,,P23204,2,188,0.196,775
13,TNFAIP3,P21580,ZN_FING,515,548,mouse,Q60769,Reseek,reseek.verysensitive,best call on another target,spills,481,545,,,P61514,14,82,0.448,775
13,TNFAIP3,P21580,ZN_FING,515,548,mouse,Q60769,Kyte-Doolittle scan,kd_scan,no call,no call,,,,,,,,,775
14,CARMIL1,Q5VZK9,REGION,1055,1089,mouse,Q6EDY6,kmerseek chosen arm,kmerseek.hp_thomas_dill2_k19_lcTrue,lands,lands,1060,1091,1062,1093,,,,0.833,1374
14,CARMIL1,Q5VZK9,REGION,1055,1089,mouse,Q6EDY6,kmerseek best other alphabet,kmerseek.hp_kyte_doolittle2_k19_lcTrue,lands,lands,1055,1091,1057,1093,,,,0.919,1374
14,CARMIL1,Q5VZK9,REGION,1055,1089,mouse,Q6EDY6,phmmer,hmmer3_phmmer.default,best call on another target,spills,1014,1313,,,Q3V3V9,919,1288,0.114,1374
14,CARMIL1,Q5VZK9,REGION,1055,1089,mouse,Q6EDY6,MMseqs2,mmseqs2_seqseq.s7,spills,spills,1,1371,1,1374,,,,0.025,1374
14,CARMIL1,Q5VZK9,REGION,1055,1089,mouse,Q6EDY6,MMseqs2 iterative,mmseqs2_iterative.s7,spills,spills,1,1371,1,1374,,,,0.025,1374
14,CARMIL1,Q5VZK9,REGION,1055,1089,mouse,Q6EDY6,Foldseek,foldseek.3di_aa,best call on another target,spills,844,1217,,,Q9DBM1,542,915,0.091,1374
14,CARMIL1,Q5VZK9,REGION,1055,1089,mouse,Q6EDY6,ProstT5,prostt5.3di_from_seq,best call on another target,spills,887,1108,,,Q8BM15,1,221,0.154,1374
14,CARMIL1,Q5VZK9,REGION,1055,1089,mouse,Q6EDY6,Reseek,reseek.verysensitive,best call on another target,"inside, lower IoU",1044,1096,,,Q9EPA7,112,145,0.654,1374
14,CARMIL1,Q5VZK9,REGION,1055,1089,mouse,Q6EDY6,Kyte-Doolittle scan,kd_scan,no call,no call,,,,,,,,,1374
15,AK9,Q5TCS8,REGION,160,205,mouse,G3UYQ4,kmerseek chosen arm,kmerseek.hp_thomas_dill2_k19_lcTrue,lands,lands,160,206,161,207,,,,0.957,1894
15,AK9,Q5TCS8,REGION,160,205,mouse,G3UYQ4,kmerseek best other alphabet,kmerseek.hp_kyte_doolittle2_k20_lcTrue,lands,lands,160,207,161,208,,,,0.938,1894
15,AK9,Q5TCS8,REGION,160,205,mouse,G3UYQ4,phmmer,hmmer3_phmmer.default,best call on another target,spills,33,188,,,Q32M07,50,218,0.163,1894
15,AK9,Q5TCS8,REGION,160,205,mouse,G3UYQ4,MMseqs2,mmseqs2_seqseq.s7,best call on another target,spills,34,179,,,Q32M07,61,197,0.111,1894
15,AK9,Q5TCS8,REGION,160,205,mouse,G3UYQ4,MMseqs2 iterative,mmseqs2_iterative.s7,spills,spills,1,1911,1,1894,,,,0.024,1894
15,AK9,Q5TCS8,REGION,160,205,mouse,G3UYQ4,Foldseek,foldseek.3di_aa,best call on another target,spills,28,283,,,Q9WUR9,3,213,0.176,1894
15,AK9,Q5TCS8,REGION,160,205,mouse,G3UYQ4,ProstT5,prostt5.3di_from_seq,best call on another target,spills,29,286,,,Q9WTP6,14,229,0.175,1894
15,AK9,Q5TCS8,REGION,160,205,mouse,G3UYQ4,Reseek,reseek.verysensitive,best call on another target,spills,179,274,,,Q9D115,5,70,0.228,1894
15,AK9,Q5TCS8,REGION,160,205,mouse,G3UYQ4,Kyte-Doolittle scan,kd_scan,no call,no call,,,,,,,,,1894
16,PHACTR1,Q9C0D0,REPEAT,422,447,mouse,Q8BYK5,kmerseek chosen arm,kmerseek.hp_kyte_doolittle2_k19_lcTrue,lands,lands,424,451,402,429,,,,0.828,558
16,PHACTR1,Q9C0D0,REPEAT,422,447,mouse,Q8BYK5,kmerseek best other alphabet,kmerseek.gbmr4_k12_lcTrue,lands,lands,424,451,402,429,,,,0.828,558
16,PHACTR1,Q9C0D0,REPEAT,422,447,mouse,Q8BYK5,phmmer,hmmer3_phmmer.default,spills,spills,259,580,165,558,,,,0.078,558
16,PHACTR1,Q9C0D0,REPEAT,422,447,mouse,Q8BYK5,MMseqs2,mmseqs2_seqseq.s7,best call on another target,spills,84,580,,,Q501J7,8,694,0.05,558
16,PHACTR1,Q9C0D0,REPEAT,422,447,mouse,Q8BYK5,MMseqs2 iterative,mmseqs2_iterative.s7,best call on another target,spills,84,580,,,Q501J7,5,694,0.05,558
16,PHACTR1,Q9C0D0,REPEAT,422,447,mouse,Q8BYK5,Foldseek,foldseek.3di_aa,best call on another target,spills,67,580,,,Q501J7,1,694,0.049,558
16,PHACTR1,Q9C0D0,REPEAT,422,447,mouse,Q8BYK5,ProstT5,prostt5.3di_from_seq,best call on another target,spills,237,570,,,Q9JMB1,13,304,0.075,558
16,PHACTR1,Q9C0D0,REPEAT,422,447,mouse,Q8BYK5,Reseek,reseek.verysensitive,best call on another target,spills,403,437,,,Q76MZ3,4,27,0.341,558
16,PHACTR1,Q9C0D0,REPEAT,422,447,mouse,Q8BYK5,Kyte-Doolittle scan,kd_scan,no call,no call,,,,,,,,,558
17,HIVEP1,P15822,REGION,335,373,mouse,Q03172,kmerseek chosen arm,kmerseek.hp_thomas_dill2_k19_lcTrue,lands,lands,329,370,330,371,,,,0.778,2688
17,HIVEP1,P15822,REGION,335,373,mouse,Q03172,kmerseek best other alphabet,kmerseek.hp_kyte_doolittle2_k19_lcTrue,lands,lands,340,370,341,371,,,,0.816,2688
17,HIVEP1,P15822,REGION,335,373,mouse,Q03172,phmmer,hmmer3_phmmer.default,best call on another target,spills,343,459,,,Q4VBD9,246,378,0.242,2688
17,HIVEP1,P15822,REGION,335,373,mouse,Q03172,MMseqs2,mmseqs2_seqseq.s7,best call on another target,spills,368,456,,,Q60980,223,313,0.041,2688
17,HIVEP1,P15822,REGION,335,373,mouse,Q03172,MMseqs2 iterative,mmseqs2_iterative.s7,best call on another target,spills,342,464,,,Q9Z1D8,307,427,0.24,2688
17,HIVEP1,P15822,REGION,335,373,mouse,Q03172,Foldseek,foldseek.3di_aa,best call on another target,spills,336,458,,,Q02526,1,139,0.301,2688
17,HIVEP1,P15822,REGION,335,373,mouse,Q03172,ProstT5,prostt5.3di_from_seq,best call on another target,spills,331,458,,,Q02526,9,139,0.299,2688
17,HIVEP1,P15822,REGION,335,373,mouse,Q03172,Reseek,reseek.verysensitive,best call on another target,"inside, lower IoU",327,369,,,Q3TXS7,277,316,0.739,2688
17,HIVEP1,P15822,REGION,335,373,mouse,Q03172,Kyte-Doolittle scan,kd_scan,no call,no call,,,,,,,,,2688
18,RIMS1,Q86UR5,REGION,1445,1495,mouse,Q9EQZ7,kmerseek chosen arm,kmerseek.hp_thomas_dill2_k19_lcTrue,lands,lands,1450,1485,1287,1322,,,,0.72,1530
18,RIMS1,Q86UR5,REGION,1445,1495,mouse,Q9EQZ7,kmerseek best other alphabet,kmerseek.dayhoff6_k8_lcTrue,best call on another target,lands,1443,1496,,,Q99NE5,1214,1267,0.926,1530
18,RIMS1,Q86UR5,REGION,1445,1495,mouse,Q9EQZ7,phmmer,hmmer3_phmmer.default,best call on another target,spills,1390,1689,,,Q80U57,4,307,0.167,1530
18,RIMS1,Q86UR5,REGION,1445,1495,mouse,Q9EQZ7,MMseqs2,mmseqs2_seqseq.s7,best call on another target,spills,1393,1689,,,Q80U57,15,306,0.169,1530
18,RIMS1,Q86UR5,REGION,1445,1495,mouse,Q9EQZ7,MMseqs2 iterative,mmseqs2_iterative.s7,best call on another target,spills,1393,1689,,,Q80U57,15,306,0.169,1530
18,RIMS1,Q86UR5,REGION,1445,1495,mouse,Q9EQZ7,Foldseek,foldseek.3di_aa,best call on another target,spills,1447,1640,,,Q9Z2R6,2,231,0.246,1530
18,RIMS1,Q86UR5,REGION,1445,1495,mouse,Q9EQZ7,ProstT5,prostt5.3di_from_seq,best call on another target,spills,1354,1638,,,P28301,55,406,0.176,1530
18,RIMS1,Q86UR5,REGION,1445,1495,mouse,Q9EQZ7,Reseek,reseek.verysensitive,best call on another target,spills,1405,1518,,,Q9D273,5,78,0.442,1530
18,RIMS1,Q86UR5,REGION,1445,1495,mouse,Q9EQZ7,Kyte-Doolittle scan,kd_scan,no call,no call,,,,,,,,,1530
19,ZBTB12,Q9Y330,ZN_FING,359,381,mouse,E9Q3T6,kmerseek chosen arm,kmerseek.hp_thomas_dill_no_c2_k19_lcTrue,lands,lands,359,383,451,475,,,,0.88,561
19,ZBTB12,Q9Y330,ZN_FING,359,381,mouse,E9Q3T6,kmerseek best other alphabet,kmerseek.hp_thomas_dill2_k19_lcTrue,best call on another target,lands,360,381,,,Q9D0B1,138,159,1.0,561
19,ZBTB12,Q9Y330,ZN_FING,359,381,mouse,E9Q3T6,phmmer,hmmer3_phmmer.default,best call on another target,equal or higher IoU,359,381,,,Q5NBY9,594,655,1.0,561
19,ZBTB12,Q9Y330,ZN_FING,359,381,mouse,E9Q3T6,MMseqs2,mmseqs2_seqseq.s7,best call on another target,spills,359,409,,,Q8C6P8,140,190,0.44,561
19,ZBTB12,Q9Y330,ZN_FING,359,381,mouse,E9Q3T6,MMseqs2 iterative,mmseqs2_iterative.s7,best call on another target,equal or higher IoU,358,382,,,P0CL69,459,489,0.917,561
19,ZBTB12,Q9Y330,ZN_FING,359,381,mouse,E9Q3T6,Foldseek,foldseek.3di_aa,best call on another target,spills,360,443,,,A2AJ77,244,327,0.25,561
19,ZBTB12,Q9Y330,ZN_FING,359,381,mouse,E9Q3T6,ProstT5,prostt5.3di_from_seq,best call on another target,spills,330,442,,,Q8K1K9,222,337,0.196,561
19,ZBTB12,Q9Y330,ZN_FING,359,381,mouse,E9Q3T6,Reseek,reseek.verysensitive,best call on another target,spills,316,393,,,Q63871,4,40,0.286,561
19,ZBTB12,Q9Y330,ZN_FING,359,381,mouse,E9Q3T6,Kyte-Doolittle scan,kd_scan,no call,no call,,,,,,,,,561
20,PRRC2A,P48634,REPEAT,2057,2106,mouse,Q7TSC1,kmerseek chosen arm,kmerseek.hp_kyte_doolittle2_k19_lcTrue,lands,lands,2071,2110,2072,2111,,,,0.679,2158
20,PRRC2A,P48634,REPEAT,2057,2106,mouse,Q7TSC1,kmerseek best other alphabet,kmerseek.hp_thomas_dill_no_c2_k19_lcTrue,best call on another target,lands,2057,2082,,,P47741,21,46,0.5,2158
20,PRRC2A,P48634,REPEAT,2057,2106,mouse,Q7TSC1,phmmer,hmmer3_phmmer.default,spills,spills,1,2157,1,2158,,,,0.023,2158
20,PRRC2A,P48634,REPEAT,2057,2106,mouse,Q7TSC1,MMseqs2,mmseqs2_seqseq.s7,spills,spills,1,2157,1,2158,,,,0.023,2158
20,PRRC2A,P48634,REPEAT,2057,2106,mouse,Q7TSC1,MMseqs2 iterative,mmseqs2_iterative.s7,spills,spills,1,2157,1,2158,,,,0.023,2158
20,PRRC2A,P48634,REPEAT,2057,2106,mouse,Q7TSC1,Foldseek,foldseek.3di_aa,spills,spills,1,2157,1,2158,,,,0.023,2158
20,PRRC2A,P48634,REPEAT,2057,2106,mouse,Q7TSC1,ProstT5,prostt5.3di_from_seq,best call on another target,spills,1788,2146,,,Q9DA15,10,402,0.137,2158
20,PRRC2A,P48634,REPEAT,2057,2106,mouse,Q7TSC1,Reseek,reseek.verysensitive,best call on another target,spills,1962,2145,,,Q9CYU6,347,474,0.268,2158
20,PRRC2A,P48634,REPEAT,2057,2106,mouse,Q7TSC1,Kyte-Doolittle scan,kd_scan,no call,no call,,,,,,,,,2158
21,PHACTR2,O75167,REPEAT,477,502,mouse,Q8BYK5,kmerseek chosen arm,kmerseek.hp_kyte_doolittle2_k19_lcTrue,lands,lands,479,508,402,431,,,,0.774,558
21,PHACTR2,O75167,REPEAT,477,502,mouse,Q8BYK5,kmerseek best other alphabet,kmerseek.hp_thomas_dill2_k19_lcTrue,lands,lands,479,508,402,431,,,,0.774,558
21,PHACTR2,O75167,REPEAT,477,502,mouse,Q8BYK5,phmmer,hmmer3_phmmer.default,best call on another target,spills,437,634,,,Q501J7,398,694,0.127,558
21,PHACTR2,O75167,REPEAT,477,502,mouse,Q8BYK5,MMseqs2,mmseqs2_seqseq.s7,best call on another target,spills,21,634,,,Q501J7,24,694,0.041,558
21,PHACTR2,O75167,REPEAT,477,502,mouse,Q8BYK5,MMseqs2 iterative,mmseqs2_iterative.s7,spills,spills,475,634,398,558,,,,0.157,558
21,PHACTR2,O75167,REPEAT,477,502,mouse,Q8BYK5,Foldseek,foldseek.3di_aa,best call on another target,spills,3,634,,,Q2M3X8,82,580,0.04,558
21,PHACTR2,O75167,REPEAT,477,502,mouse,Q8BYK5,ProstT5,prostt5.3di_from_seq,best call on another target,spills,294,623,,,Q9DA15,7,286,0.076,558
21,PHACTR2,O75167,REPEAT,477,502,mouse,Q8BYK5,Reseek,reseek.verysensitive,best call on another target,spills,428,502,,,P50715,29,80,0.338,558
21,PHACTR2,O75167,REPEAT,477,502,mouse,Q8BYK5,Kyte-Doolittle scan,kd_scan,no call,no call,,,,,,,,,558
22,ROS1,P08922,BINDING,1951,1959,mouse,P26618,kmerseek chosen arm,kmerseek.sdm12_k6_lcTrue,lands,lands,1950,1959,598,607,,,,0.8,1089
22,ROS1,P08922,BINDING,1951,1959,mouse,P26618,kmerseek best other alphabet,kmerseek.mmseqs12_k6_lcTrue,best call on another target,lands,1951,1959,,,P05622,605,613,0.889,1089
22,ROS1,P08922,BINDING,1951,1959,mouse,P26618,phmmer,hmmer3_phmmer.default,best call on another target,spills,1949,2010,,,Q9Z2R9,163,234,0.131,1089
22,ROS1,P08922,BINDING,1951,1959,mouse,P26618,MMseqs2,mmseqs2_seqseq.s7,best call on another target,spills,1937,2109,,,Q5SYL1,86,247,0.047,1089
22,ROS1,P08922,BINDING,1951,1959,mouse,P26618,MMseqs2 iterative,mmseqs2_iterative.s7,best call on another target,spills,1951,1968,,,Q6PCN3,40,55,0.471,1089
22,ROS1,P08922,BINDING,1951,1959,mouse,P26618,Foldseek,foldseek.3di_aa,best call on another target,spills,1943,2212,,,Q9JHU3,2,283,0.03,1089
22,ROS1,P08922,BINDING,1951,1959,mouse,P26618,ProstT5,prostt5.3di_from_seq,best call on another target,spills,1845,2105,,,Q5SYL1,9,243,0.031,1089
22,ROS1,P08922,BINDING,1951,1959,mouse,P26618,Reseek,reseek.verysensitive,best call on another target,spills,1945,2065,,,Q9CQA9,31,189,0.067,1089
22,ROS1,P08922,BINDING,1951,1959,mouse,P26618,Kyte-Doolittle scan,kd_scan,no call,no call,,,,,,,,,1089
23,MYB,P10242,DNA_BIND,115,138,arabidopsis,Q6R032,kmerseek chosen arm,kmerseek.hp_kyte_doolittle2_k19_lcTrue,lands,lands,114,138,149,173,,,,0.92,548
23,MYB,P10242,DNA_BIND,115,138,arabidopsis,Q6R032,kmerseek best other alphabet,kmerseek.hp_thomas_dill2_k19_lcTrue,lands,lands,114,138,149,173,,,,0.92,548
23,MYB,P10242,DNA_BIND,115,138,arabidopsis,Q6R032,phmmer,hmmer3_phmmer.default,best call on another target,spills,93,181,,,P92948,2,117,0.261,548
23,MYB,P10242,DNA_BIND,115,138,arabidopsis,Q6R032,MMseqs2,mmseqs2_seqseq.s7,best call on another target,"inside, lower IoU",95,136,,,F4I7L1,8,55,0.488,548
23,MYB,P10242,DNA_BIND,115,138,arabidopsis,Q6R032,MMseqs2 iterative,mmseqs2_iterative.s7,best call on another target,"inside, lower IoU",95,136,,,F4I7L1,8,55,0.488,548
23,MYB,P10242,DNA_BIND,115,138,arabidopsis,Q6R032,Foldseek,foldseek.3di_aa,best call on another target,spills,87,225,,,O64399,9,148,0.167,548
23,MYB,P10242,DNA_BIND,115,138,arabidopsis,Q6R032,ProstT5,prostt5.3di_from_seq,best call on another target,spills,87,217,,,O49608,9,146,0.177,548
23,MYB,P10242,DNA_BIND,115,138,arabidopsis,Q6R032,Reseek,reseek.verysensitive,best call on another target,spills,109,219,,,O80542,21,141,0.209,548
23,MYB,P10242,DNA_BIND,115,138,arabidopsis,Q6R032,Kyte-Doolittle scan,kd_scan,no call,no call,,,,,,,,,548
24,ATF6B,Q99941,REGION,327,347,arabidopsis,P42777,kmerseek chosen arm,kmerseek.hp_thomas_dill2_k19_lcTrue,lands,lands,325,347,187,209,,,,0.87,270
24,ATF6B,Q99941,REGION,327,347,arabidopsis,P42777,kmerseek best other alphabet,kmerseek.hp_lehninger2_k18_lcTrue,best call on another target,lands,327,347,,,Q9SZF7,14,34,0.952,270
24,ATF6B,Q99941,REGION,327,347,arabidopsis,P42777,phmmer,hmmer3_phmmer.default,best call on another target,"inside, lower IoU",327,367,,,Q9LXX4,166,275,0.5,270
24,ATF6B,Q99941,REGION,327,347,arabidopsis,P42777,MMseqs2,mmseqs2_seqseq.s7,best call on another target,spills,326,367,,,Q9FUD3,121,162,0.488,270
24,ATF6B,Q99941,REGION,327,347,arabidopsis,P42777,MMseqs2 iterative,mmseqs2_iterative.s7,best call on another target,spills,326,367,,,Q39237,83,124,0.488,270
24,ATF6B,Q99941,REGION,327,347,arabidopsis,P42777,Foldseek,foldseek.3di_aa,best call on another target,spills,314,421,,,Q9SI15,17,130,0.187,270
24,ATF6B,Q99941,REGION,327,347,arabidopsis,P42777,ProstT5,prostt5.3di_from_seq,best call on another target,spills,196,432,,,Q9LDD1,1,261,0.085,270
24,ATF6B,Q99941,REGION,327,347,arabidopsis,P42777,Reseek,reseek.verysensitive,best call on another target,"inside, lower IoU",319,342,,,Q9FNN7,477,502,0.536,270
24,ATF6B,Q99941,REGION,327,347,arabidopsis,P42777,Kyte-Doolittle scan,kd_scan,no call,no call,,,,,,,,,270
25,EHMT2,Q96KQ7,REPEAT,850,879,arabidopsis,Q38898,kmerseek chosen arm,kmerseek.hp_kyte_doolittle2_k19_lcTrue,lands,lands,848,876,571,599,,,,0.812,802
25,EHMT2,Q96KQ7,REPEAT,850,879,arabidopsis,Q38898,kmerseek best other alphabet,kmerseek.hp_pbotc_1st_ed2_k18_lcTrue,lands,lands,850,881,573,604,,,,0.906,802
25,EHMT2,Q96KQ7,REPEAT,850,879,arabidopsis,Q38898,phmmer,hmmer3_phmmer.default,best call on another target,equal or higher IoU,850,880,,,Q6AWW5,9,65,0.967,802
25,EHMT2,Q96KQ7,REPEAT,850,879,arabidopsis,Q38898,MMseqs2,mmseqs2_seqseq.s7,best call on another target,spills,792,887,,,Q9SZI3,272,364,0.305,802
25,EHMT2,Q96KQ7,REPEAT,850,879,arabidopsis,Q38898,MMseqs2 iterative,mmseqs2_iterative.s7,best call on another target,spills,822,884,,,Q9SMX5,687,749,0.468,802
25,EHMT2,Q96KQ7,REPEAT,850,879,arabidopsis,Q38898,Foldseek,foldseek.3di_aa,best call on another target,spills,784,892,,,Q93Z30,43,155,0.269,802
25,EHMT2,Q96KQ7,REPEAT,850,879,arabidopsis,Q38898,ProstT5,prostt5.3di_from_seq,best call on another target,spills,790,938,,,O22265,132,289,0.196,802
25,EHMT2,Q96KQ7,REPEAT,850,879,arabidopsis,Q38898,Reseek,reseek.verysensitive,best call on another target,spills,741,908,,,Q9FF09,24,159,0.174,802
25,EHMT2,Q96KQ7,REPEAT,850,879,arabidopsis,Q38898,Kyte-Doolittle scan,kd_scan,no call,no call,,,,,,,,,802
26,BRPF3,Q9ULD4,ZN_FING,266,299,arabidopsis,P0CB22,kmerseek chosen arm,kmerseek.hp_thomas_dill_no_c2_k19_lcTrue,lands,lands,276,298,692,714,,,,0.697,1083
26,BRPF3,Q9ULD4,ZN_FING,266,299,arabidopsis,P0CB22,kmerseek best other alphabet,kmerseek.hp_kyte_doolittle2_k19_lcTrue,lands,lands,276,298,692,714,,,,0.697,1083
26,BRPF3,Q9ULD4,ZN_FING,266,299,arabidopsis,P0CB22,phmmer,hmmer3_phmmer.default,spills,spills,214,362,614,807,,,,0.223,1083
26,BRPF3,Q9ULD4,ZN_FING,266,299,arabidopsis,P0CB22,MMseqs2,mmseqs2_seqseq.s7,best call on another target,spills,223,292,,,F4IXE7,732,800,0.342,1083
26,BRPF3,Q9ULD4,ZN_FING,266,299,arabidopsis,P0CB22,MMseqs2 iterative,mmseqs2_iterative.s7,best call on another target,spills,273,354,,,F4I443,357,431,0.295,1083
26,BRPF3,Q9ULD4,ZN_FING,266,299,arabidopsis,P0CB22,Foldseek,foldseek.3di_aa,best call on another target,spills,257,424,,,Q9SLC4,57,184,0.198,1083
26,BRPF3,Q9ULD4,ZN_FING,266,299,arabidopsis,P0CB22,ProstT5,prostt5.3di_from_seq,best call on another target,spills,214,393,,,Q8GZ42,609,782,0.184,1083
26,BRPF3,Q9ULD4,ZN_FING,266,299,arabidopsis,P0CB22,Reseek,reseek.verysensitive,best call on another target,"inside, lower IoU",263,329,,,Q3ECU8,10,77,0.5,1083
26,BRPF3,Q9ULD4,ZN_FING,266,299,arabidopsis,P0CB22,Kyte-Doolittle scan,kd_scan,no call,no call,,,,,,,,,1083
27,KCNK17,Q96T54,INTRAMEM,211,230,arabidopsis,P92960,kmerseek chosen arm,kmerseek.mmseqs12_k7_lcTrue,lands,lands,217,226,285,294,,,,0.526,662
27,KCNK17,Q96T54,INTRAMEM,211,230,arabidopsis,P92960,kmerseek best other alphabet,kmerseek.gbmr4_k12_lcTrue,lands,lands,212,228,280,296,,,,0.895,662
27,KCNK17,Q96T54,INTRAMEM,211,230,arabidopsis,P92960,phmmer,hmmer3_phmmer.default,best call on another target,equal or higher IoU,202,231,,,Q9M8S6,260,334,0.655,662
27,KCNK17,Q96T54,INTRAMEM,211,230,arabidopsis,P92960,MMseqs2,mmseqs2_seqseq.s7,best call on another target,"inside, lower IoU",200,226,,,Q94A76,249,276,0.5,662
27,KCNK17,Q96T54,INTRAMEM,211,230,arabidopsis,P92960,MMseqs2 iterative,mmseqs2_iterative.s7,no call,no call,,,,,,,,,662
27,KCNK17,Q96T54,INTRAMEM,211,230,arabidopsis,P92960,Foldseek,foldseek.3di_aa,best call on another target,spills,122,268,,,Q9XFR0,52,175,0.13,662
27,KCNK17,Q96T54,INTRAMEM,211,230,arabidopsis,P92960,ProstT5,prostt5.3di_from_seq,best call on another target,spills,122,272,,,Q9XFR0,52,181,0.127,662
27,KCNK17,Q96T54,INTRAMEM,211,230,arabidopsis,P92960,Reseek,reseek.verysensitive,best call on another target,spills,135,261,,,Q9SAH5,3,151,0.151,662
27,KCNK17,Q96T54,INTRAMEM,211,230,arabidopsis,P92960,Kyte-Doolittle scan,kd_scan,no call,no call,,,,,,,,,662
28,KCNK16,Q96T55,INTRAMEM,202,221,arabidopsis,P92960,kmerseek chosen arm,kmerseek.mmseqs12_k7_lcTrue,lands,lands,208,217,285,294,,,,0.526,662
28,KCNK16,Q96T55,INTRAMEM,202,221,arabidopsis,P92960,kmerseek best other alphabet,kmerseek.gbmr4_k12_lcTrue,lands,lands,203,219,280,296,,,,0.895,662
28,KCNK16,Q96T55,INTRAMEM,202,221,arabidopsis,P92960,phmmer,hmmer3_phmmer.default,best call on another target,spills,179,239,,,Q9S6Z8,238,329,0.317,662
28,KCNK16,Q96T55,INTRAMEM,202,221,arabidopsis,P92960,MMseqs2,mmseqs2_seqseq.s7,best call on another target,spills,191,234,,,Q94A76,249,293,0.442,662
28,KCNK16,Q96T55,INTRAMEM,202,221,arabidopsis,P92960,MMseqs2 iterative,mmseqs2_iterative.s7,best call on another target,equal or higher IoU,191,226,,,Q9FWX6,60,95,0.543,662
28,KCNK16,Q96T55,INTRAMEM,202,221,arabidopsis,P92960,Foldseek,foldseek.3di_aa,best call on another target,spills,114,263,,,Q9XFR0,52,180,0.128,662
28,KCNK16,Q96T55,INTRAMEM,202,221,arabidopsis,P92960,ProstT5,prostt5.3di_from_seq,best call on another target,spills,115,278,,,Q9XFR0,53,195,0.117,662
28,KCNK16,Q96T55,INTRAMEM,202,221,arabidopsis,P92960,Reseek,reseek.verysensitive,best call on another target,spills,127,259,,,Q9SAH5,3,151,0.144,662
28,KCNK16,Q96T55,INTRAMEM,202,221,arabidopsis,P92960,Kyte-Doolittle scan,kd_scan,no call,no call,,,,,,,,,662
29,SGK1,O00141,BINDING,104,112,arabidopsis,P25859,kmerseek chosen arm,kmerseek.sdm12_k6_lcTrue,lands,lands,104,112,10,18,,,,0.889,309
29,SGK1,O00141,BINDING,104,112,arabidopsis,P25859,kmerseek best other alphabet,kmerseek.mmseqs12_k5_lcTrue,best call on another target,lands,104,112,,,Q9LFG1,620,628,0.889,309
29,SGK1,O00141,BINDING,104,112,arabidopsis,P25859,phmmer,hmmer3_phmmer.default,best call on another target,spills,76,132,,,Q9LX30,394,495,0.143,309
29,SGK1,O00141,BINDING,104,112,arabidopsis,P25859,MMseqs2,mmseqs2_seqseq.s7,best call on another target,spills,104,243,,,Q94A51,466,602,0.058,309
29,SGK1,O00141,BINDING,104,112,arabidopsis,P25859,MMseqs2 iterative,mmseqs2_iterative.s7,best call on another target,spills,94,120,,,P0DH87,520,546,0.308,309
29,SGK1,O00141,BINDING,104,112,arabidopsis,P25859,Foldseek,foldseek.3di_aa,best call on another target,spills,102,270,,,F4J3H7,84,254,0.048,309
29,SGK1,O00141,BINDING,104,112,arabidopsis,P25859,ProstT5,prostt5.3di_from_seq,best call on another target,spills,45,183,,,O23346,26,187,0.058,309
29,SGK1,O00141,BINDING,104,112,arabidopsis,P25859,Reseek,reseek.verysensitive,best call on another target,spills,92,181,,,Q9FM54,16,109,0.09,309
29,SGK1,O00141,BINDING,104,112,arabidopsis,P25859,Kyte-Doolittle scan,kd_scan,no call,no call,,,,,,,,,309
30,MAP3K7,O43318,BINDING,42,50,arabidopsis,Q39202,kmerseek chosen arm,kmerseek.sdm12_k6_lcTrue,lands,lands,42,50,537,545,,,,0.889,832
30,MAP3K7,O43318,BINDING,42,50,arabidopsis,Q39202,kmerseek best other alphabet,kmerseek.wass14_k5_lcTrue,best call on another target,lands,43,50,,,Q0WPH8,15,22,1.0,832
30,MAP3K7,O43318,BINDING,42,50,arabidopsis,Q39202,phmmer,hmmer3_phmmer.default,best call on another target,spills,42,95,,,Q9C5S2,408,486,0.151,832
30,MAP3K7,O43318,BINDING,42,50,arabidopsis,Q39202,MMseqs2,mmseqs2_seqseq.s7,best call on another target,spills,42,176,,,Q9LUL2,94,232,0.06,832
30,MAP3K7,O43318,BINDING,42,50,arabidopsis,Q39202,MMseqs2 iterative,mmseqs2_iterative.s7,best call on another target,spills,17,55,,,P0DH87,505,543,0.211,832
30,MAP3K7,O43318,BINDING,42,50,arabidopsis,Q39202,Foldseek,foldseek.3di_aa,best call on another target,spills,32,177,,,F4J3H7,81,225,0.055,832
30,MAP3K7,O43318,BINDING,42,50,arabidopsis,Q39202,ProstT5,prostt5.3di_from_seq,best call on another target,spills,41,191,,,F4J3H7,85,235,0.053,832
30,MAP3K7,O43318,BINDING,42,50,arabidopsis,Q39202,Reseek,reseek.verysensitive,best call on another target,spills,32,106,,,O49686,51,143,0.108,832
30,MAP3K7,O43318,BINDING,42,50,arabidopsis,Q39202,Kyte-Doolittle scan,kd_scan,no call,no call,,,,,,,,,832
31,MAP3K5,Q99683,BINDING,686,694,arabidopsis,P24100,kmerseek chosen arm,kmerseek.sdm12_k6_lcTrue,lands,lands,686,695,10,19,,,,0.8,294
31,MAP3K5,Q99683,BINDING,686,694,arabidopsis,P24100,kmerseek best other alphabet,kmerseek.hsdm17_k5_lcTrue,best call on another target,lands,686,694,,,Q84TI6,31,39,0.889,294
31,MAP3K5,Q99683,BINDING,686,694,arabidopsis,P24100,phmmer,hmmer3_phmmer.default,best call on another target,spills,684,754,,,Q9LX30,405,516,0.114,294
31,MAP3K5,Q99683,BINDING,686,694,arabidopsis,P24100,MMseqs2,mmseqs2_seqseq.s7,best call on another target,spills,686,827,,,O64639,98,246,0.057,294
31,MAP3K5,Q99683,BINDING,686,694,arabidopsis,P24100,MMseqs2 iterative,mmseqs2_iterative.s7,best call on another target,spills,679,702,,,P0DH87,523,546,0.348,294
31,MAP3K5,Q99683,BINDING,686,694,arabidopsis,P24100,Foldseek,foldseek.3di_aa,best call on another target,spills,685,833,,,F4J3H7,85,234,0.054,294
31,MAP3K5,Q99683,BINDING,686,694,arabidopsis,P24100,ProstT5,prostt5.3di_from_seq,best call on another target,spills,685,852,,,F4J3H7,85,254,0.048,294
31,MAP3K5,Q99683,BINDING,686,694,arabidopsis,P24100,Reseek,reseek.verysensitive,best call on another target,spills,644,788,,,Q9ZPY1,9,116,0.056,294
31,MAP3K5,Q99683,BINDING,686,694,arabidopsis,P24100,Kyte-Doolittle scan,kd_scan,no call,no call,,,,,,,,,294
32,MAPK13,O15264,BINDING,31,39,arabidopsis,Q8GYF5,kmerseek chosen arm,kmerseek.sdm12_k6_lcTrue,lands,lands,31,39,320,328,,,,0.889,622
32,MAPK13,O15264,BINDING,31,39,arabidopsis,Q8GYF5,kmerseek best other alphabet,kmerseek.mmseqs12_k5_lcTrue,best call on another target,lands,31,39,,,C0LGP4,708,716,0.889,622
32,MAPK13,O15264,BINDING,31,39,arabidopsis,Q8GYF5,phmmer,hmmer3_phmmer.default,best call on another target,spills,31,87,,,Q9LX30,422,498,0.143,622
32,MAPK13,O15264,BINDING,31,39,arabidopsis,Q8GYF5,MMseqs2,mmseqs2_seqseq.s7,best call on another target,spills,31,173,,,Q9LW62,15,154,0.056,622
32,MAPK13,O15264,BINDING,31,39,arabidopsis,Q8GYF5,MMseqs2 iterative,mmseqs2_iterative.s7,best call on another target,spills,17,45,,,P0DH87,512,544,0.286,622
32,MAPK13,O15264,BINDING,31,39,arabidopsis,Q8GYF5,Foldseek,foldseek.3di_aa,best call on another target,spills,30,171,,,Q9STJ8,104,246,0.057,622
32,MAPK13,O15264,BINDING,31,39,arabidopsis,Q8GYF5,ProstT5,prostt5.3di_from_seq,best call on another target,spills,23,168,,,Q9LEW8,49,248,0.055,622
32,MAPK13,O15264,BINDING,31,39,arabidopsis,Q8GYF5,Reseek,reseek.verysensitive,best call on another target,spills,13,92,,,Q9ZV05,92,188,0.101,622
32,MAPK13,O15264,BINDING,31,39,arabidopsis,Q8GYF5,Kyte-Doolittle scan,kd_scan,no call,no call,,,,,,,,,622
33,MAPK14,Q16539,BINDING,30,38,arabidopsis,Q8GYF5,kmerseek chosen arm,kmerseek.sdm12_k6_lcTrue,lands,lands,30,38,320,328,,,,0.889,622
33,MAPK14,Q16539,BINDING,30,38,arabidopsis,Q8GYF5,kmerseek best other alphabet,kmerseek.mmseqs12_k5_lcTrue,best call on another target,lands,30,38,,,C0LGP4,708,716,0.889,622
33,MAPK14,Q16539,BINDING,30,38,arabidopsis,Q8GYF5,phmmer,hmmer3_phmmer.default,best call on another target,spills,30,87,,,C0LGK9,527,617,0.14,622
33,MAPK14,Q16539,BINDING,30,38,arabidopsis,Q8GYF5,MMseqs2,mmseqs2_seqseq.s7,best call on another target,spills,14,158,,,F4IVI0,212,355,0.056,622
33,MAPK14,Q16539,BINDING,30,38,arabidopsis,Q8GYF5,MMseqs2 iterative,mmseqs2_iterative.s7,best call on another target,spills,16,44,,,P0DH87,516,544,0.286,622
33,MAPK14,Q16539,BINDING,30,38,arabidopsis,Q8GYF5,Foldseek,foldseek.3di_aa,best call on another target,spills,24,170,,,Q9LEW8,51,250,0.055,622
33,MAPK14,Q16539,BINDING,30,38,arabidopsis,Q8GYF5,ProstT5,prostt5.3di_from_seq,best call on another target,spills,22,168,,,Q9LEW8,49,248,0.055,622
33,MAPK14,Q16539,BINDING,30,38,arabidopsis,Q8GYF5,Reseek,reseek.verysensitive,best call on another target,spills,26,108,,,Q9SBJ1,256,355,0.098,622
33,MAPK14,Q16539,BINDING,30,38,arabidopsis,Q8GYF5,Kyte-Doolittle scan,kd_scan,no call,no call,,,,,,,,,622
34,TTK,P33981,BINDING,531,539,arabidopsis,Q84VX4,kmerseek chosen arm,kmerseek.sdm12_k6_lcTrue,lands,lands,531,539,406,414,,,,0.889,777
34,TTK,P33981,BINDING,531,539,arabidopsis,Q84VX4,kmerseek best other alphabet,kmerseek.hsdm17_k5_lcTrue,lands,lands,531,539,406,414,,,,0.889,777
34,TTK,P33981,BINDING,531,539,arabidopsis,Q84VX4,phmmer,hmmer3_phmmer.default,spills,spills,518,601,384,489,,,,0.096,777
34,TTK,P33981,BINDING,531,539,arabidopsis,Q84VX4,MMseqs2,mmseqs2_seqseq.s7,best call on another target,spills,531,668,,,Q9SAH3,87,228,0.058,777
34,TTK,P33981,BINDING,531,539,arabidopsis,Q84VX4,MMseqs2 iterative,mmseqs2_iterative.s7,best call on another target,spills,499,547,,,P0DH87,507,546,0.167,777
34,TTK,P33981,BINDING,531,539,arabidopsis,Q84VX4,Foldseek,foldseek.3di_aa,best call on another target,spills,530,666,,,Q9SAH3,86,226,0.059,777
34,TTK,P33981,BINDING,531,539,arabidopsis,Q84VX4,ProstT5,prostt5.3di_from_seq,best call on another target,spills,530,786,,,Q9SYQ8,697,964,0.031,777
34,TTK,P33981,BINDING,531,539,arabidopsis,Q84VX4,Reseek,reseek.verysensitive,best call on another target,spills,525,604,,,Q8VYI3,99,288,0.101,777
34,TTK,P33981,BINDING,531,539,arabidopsis,Q84VX4,Kyte-Doolittle scan,kd_scan,no call,no call,,,,,,,,,777
35,MAP3K5,Q99683,BINDING,686,694,yeast,P00546,kmerseek chosen arm,kmerseek.sdm12_k6_lcTrue,lands,lands,686,695,14,23,,,,0.8,298
35,MAP3K5,Q99683,BINDING,686,694,yeast,P00546,kmerseek best other alphabet,kmerseek.mmseqs12_k5_lcTrue,best call on another target,lands,687,695,,,P27636,32,40,0.889,298
35,MAP3K5,Q99683,BINDING,686,694,yeast,P00546,phmmer,hmmer3_phmmer.default,best call on another target,spills,686,713,,,Q03785,14,77,0.296,298
35,MAP3K5,Q99683,BINDING,686,694,yeast,P00546,MMseqs2,mmseqs2_seqseq.s7,best call on another target,spills,685,811,,,P36003,454,588,0.063,298
35,MAP3K5,Q99683,BINDING,686,694,yeast,P00546,MMseqs2 iterative,mmseqs2_iterative.s7,best call on another target,spills,686,811,,,P23291,75,196,0.064,298
35,MAP3K5,Q99683,BINDING,686,694,yeast,P00546,Foldseek,foldseek.3di_aa,best call on another target,spills,557,757,,,Q06151,14,274,0.04,298
35,MAP3K5,Q99683,BINDING,686,694,yeast,P00546,ProstT5,prostt5.3di_from_seq,best call on another target,spills,528,759,,,Q06151,1,278,0.035,298
35,MAP3K5,Q99683,BINDING,686,694,yeast,P00546,Reseek,reseek.verysensitive,best call on another target,spills,638,756,,,Q04344,24,121,0.068,298
35,MAP3K5,Q99683,BINDING,686,694,yeast,P00546,Kyte-Doolittle scan,kd_scan,no call,no call,,,,,,,,,298
36,SGK1,O00141,BINDING,104,112,yeast,P06782,kmerseek chosen arm,kmerseek.sdm12_k6_lcTrue,lands,lands,104,112,61,69,,,,0.889,633
36,SGK1,O00141,BINDING,104,112,yeast,P06782,kmerseek best other alphabet,kmerseek.hsdm17_k5_lcTrue,lands,lands,104,112,61,69,,,,0.889,633
36,SGK1,O00141,BINDING,104,112,yeast,P06782,phmmer,hmmer3_phmmer.default,best call on another target,spills,101,129,,,P23561,406,451,0.286,633
36,SGK1,O00141,BINDING,104,112,yeast,P06782,MMseqs2,mmseqs2_seqseq.s7,best call on another target,spills,104,281,,,P22211,444,625,0.045,633
36,SGK1,O00141,BINDING,104,112,yeast,P06782,MMseqs2 iterative,mmseqs2_iterative.s7,best call on another target,spills,85,229,,,Q03656,144,301,0.056,633
36,SGK1,O00141,BINDING,104,112,yeast,P06782,Foldseek,foldseek.3di_aa,best call on another target,spills,103,338,,,P27697,193,483,0.034,633
36,SGK1,O00141,BINDING,104,112,yeast,P06782,ProstT5,prostt5.3di_from_seq,best call on another target,spills,101,257,,,P15179,54,318,0.051,633
36,SGK1,O00141,BINDING,104,112,yeast,P06782,Reseek,reseek.verysensitive,best call on another target,spills,81,178,,,P07807,4,208,0.082,633
36,SGK1,O00141,BINDING,104,112,yeast,P06782,Kyte-Doolittle scan,kd_scan,no call,no call,,,,,,,,,633
37,MAPK13,O15264,BINDING,31,39,yeast,P15442,kmerseek chosen arm,kmerseek.sdm12_k6_lcTrue,lands,lands,31,39,605,613,,,,0.889,1659
37,MAPK13,O15264,BINDING,31,39,yeast,P15442,kmerseek best other alphabet,kmerseek.mmseqs12_k5_lcTrue,best call on another target,lands,31,39,,,P23561,421,429,0.889,1659
37,MAPK13,O15264,BINDING,31,39,yeast,P15442,phmmer,hmmer3_phmmer.default,best call on another target,spills,31,58,,,P38070,122,171,0.296,1659
37,MAPK13,O15264,BINDING,31,39,yeast,P15442,MMseqs2,mmseqs2_seqseq.s7,best call on another target,spills,31,172,,,P53894,358,497,0.057,1659
37,MAPK13,O15264,BINDING,31,39,yeast,P15442,MMseqs2 iterative,mmseqs2_iterative.s7,best call on another target,spills,31,172,,,P53894,358,497,0.057,1659
37,MAPK13,O15264,BINDING,31,39,yeast,P15442,Foldseek,foldseek.3di_aa,best call on another target,spills,21,237,,,P53323,13,245,0.037,1659
37,MAPK13,O15264,BINDING,31,39,yeast,P15442,ProstT5,prostt5.3di_from_seq,best call on another target,spills,24,108,,,P38145,11,70,0.095,1659
37,MAPK13,O15264,BINDING,31,39,yeast,P15442,Reseek,reseek.verysensitive,best call on another target,spills,16,108,,,P38340,112,229,0.087,1659
37,MAPK13,O15264,BINDING,31,39,yeast,P15442,Kyte-Doolittle scan,kd_scan,no call,no call,,,,,,,,,1659
38,MAPK14,Q16539,BINDING,30,38,yeast,P15442,kmerseek chosen arm,kmerseek.sdm12_k6_lcTrue,lands,lands,30,38,605,613,,,,0.889,1659
38,MAPK14,Q16539,BINDING,30,38,yeast,P15442,kmerseek best other alphabet,kmerseek.mmseqs12_k5_lcTrue,best call on another target,lands,30,38,,,P23561,421,429,0.889,1659
38,MAPK14,Q16539,BINDING,30,38,yeast,P15442,phmmer,hmmer3_phmmer.default,best call on another target,spills,19,41,,,P32581,21,60,0.364,1659
38,MAPK14,Q16539,BINDING,30,38,yeast,P15442,MMseqs2,mmseqs2_seqseq.s7,best call on another target,spills,30,177,,,P29295,15,158,0.054,1659
38,MAPK14,Q16539,BINDING,30,38,yeast,P15442,MMseqs2 iterative,mmseqs2_iterative.s7,best call on another target,spills,30,178,,,P36003,455,613,0.054,1659
38,MAPK14,Q16539,BINDING,30,38,yeast,P15442,Foldseek,foldseek.3di_aa,best call on another target,spills,22,185,,,P36003,447,627,0.049,1659
38,MAPK14,Q16539,BINDING,30,38,yeast,P15442,ProstT5,prostt5.3di_from_seq,best call on another target,spills,26,261,,,Q08732,216,454,0.034,1659
38,MAPK14,Q16539,BINDING,30,38,yeast,P15442,Reseek,reseek.verysensitive,best call on another target,spills,26,108,,,Q04751,142,282,0.098,1659
38,MAPK14,Q16539,BINDING,30,38,yeast,P15442,Kyte-Doolittle scan,kd_scan,no call,no call,,,,,,,,,1659
39,MAP3K7,O43318,BINDING,42,50,yeast,Q03785,kmerseek chosen arm,kmerseek.sdm12_k6_lcTrue,lands,lands,42,50,18,26,,,,0.889,461
39,MAP3K7,O43318,BINDING,42,50,yeast,Q03785,kmerseek best other alphabet,kmerseek.mmseqs12_k5_lcTrue,best call on another target,lands,43,50,,,P25333,323,330,1.0,461
39,MAP3K7,O43318,BINDING,42,50,yeast,Q03785,phmmer,hmmer3_phmmer.default,best call on another target,spills,41,74,,,P38970,501,551,0.242,461
39,MAP3K7,O43318,BINDING,42,50,yeast,Q03785,MMseqs2,mmseqs2_seqseq.s7,best call on another target,spills,34,177,,,P43565,792,938,0.056,461
39,MAP3K7,O43318,BINDING,42,50,yeast,Q03785,MMseqs2 iterative,mmseqs2_iterative.s7,best call on another target,spills,38,192,,,P36003,451,620,0.052,461
39,MAP3K7,O43318,BINDING,42,50,yeast,Q03785,Foldseek,foldseek.3di_aa,best call on another target,spills,38,104,,,P38145,112,169,0.121,461
39,MAP3K7,O43318,BINDING,42,50,yeast,Q03785,ProstT5,prostt5.3di_from_seq,best call on another target,spills,35,245,,,P53323,16,245,0.038,461
39,MAP3K7,O43318,BINDING,42,50,yeast,Q03785,Reseek,reseek.verysensitive,best call on another target,spills,35,109,,,P49435,57,166,0.108,461
39,MAP3K7,O43318,BINDING,42,50,yeast,Q03785,Kyte-Doolittle scan,kd_scan,no call,no call,,,,,,,,,461
40,TTK,P33981,BINDING,531,539,yeast,P47116,kmerseek chosen arm,kmerseek.sdm12_k6_lcTrue,lands,lands,531,539,261,269,,,,0.889,818
40,TTK,P33981,BINDING,531,539,yeast,P47116,kmerseek best other alphabet,kmerseek.hsdm17_k5_lcTrue,lands,lands,531,539,261,269,,,,0.889,818
40,TTK,P33981,BINDING,531,539,yeast,P47116,phmmer,hmmer3_phmmer.default,best call on another target,spills,525,547,,,P38623,144,197,0.364,818
40,TTK,P33981,BINDING,531,539,yeast,P47116,MMseqs2,mmseqs2_seqseq.s7,best call on another target,spills,525,668,,,P43565,794,940,0.056,818
40,TTK,P33981,BINDING,531,539,yeast,P47116,MMseqs2 iterative,mmseqs2_iterative.s7,best call on another target,spills,521,660,,,Q03656,154,307,0.058,818
40,TTK,P33981,BINDING,531,539,yeast,P47116,Foldseek,foldseek.3di_aa,best call on another target,spills,525,748,,,P53323,17,247,0.036,818
40,TTK,P33981,BINDING,531,539,yeast,P47116,ProstT5,prostt5.3di_from_seq,best call on another target,spills,525,787,,,P53323,17,252,0.031,818
40,TTK,P33981,BINDING,531,539,yeast,P47116,Reseek,reseek.verysensitive,best call on another target,spills,519,608,,,P00358,190,313,0.09,818
40,TTK,P33981,BINDING,531,539,yeast,P47116,Kyte-Doolittle scan,kd_scan,no call,no call,,,,,,,,,818
41,MAP3K4,Q9Y6R4,BINDING,1349,1357,yeast,P06782,kmerseek chosen arm,kmerseek.sdm12_k6_lcTrue,lands,lands,1349,1357,61,69,,,,0.889,633
41,MAP3K4,Q9Y6R4,BINDING,1349,1357,yeast,P06782,kmerseek best other alphabet,kmerseek.mmseqs12_k5_lcTrue,best call on another target,lands,1350,1357,,,Q01919,53,60,1.0,633
41,MAP3K4,Q9Y6R4,BINDING,1349,1357,yeast,P06782,phmmer,hmmer3_phmmer.default,best call on another target,spills,1343,1362,,,P38623,156,189,0.421,633
41,MAP3K4,Q9Y6R4,BINDING,1349,1357,yeast,P06782,MMseqs2,mmseqs2_seqseq.s7,best call on another target,spills,1349,1485,,,P43565,800,940,0.059,633
41,MAP3K4,Q9Y6R4,BINDING,1349,1357,yeast,P06782,MMseqs2 iterative,mmseqs2_iterative.s7,best call on another target,spills,1349,1485,,,P43565,800,940,0.059,633
41,MAP3K4,Q9Y6R4,BINDING,1349,1357,yeast,P06782,Foldseek,foldseek.3di_aa,best call on another target,spills,1343,1597,,,Q12505,10,329,0.031,633
41,MAP3K4,Q9Y6R4,BINDING,1349,1357,yeast,P06782,ProstT5,prostt5.3di_from_seq,best call on another target,spills,1343,1591,,,Q06151,15,310,0.032,633
41,MAP3K4,Q9Y6R4,BINDING,1349,1357,yeast,P06782,Reseek,reseek.verysensitive,best call on another target,spills,1307,1409,,,P39979,32,133,0.078,633
41,MAP3K4,Q9Y6R4,BINDING,1349,1357,yeast,P06782,Kyte-Doolittle scan,kd_scan,no call,no call,,,,,,,,,633
42,HIVEP1,P15822,ZN_FING,2116,2140,worm,Q7JM44,kmerseek chosen arm,kmerseek.hp_thomas_dill_no_c2_k19_lcTrue,lands,lands,2116,2138,1475,1497,,,,0.88,2242
42,HIVEP1,P15822,ZN_FING,2116,2140,worm,Q7JM44,kmerseek best other alphabet,kmerseek.hp_thomas_dill2_k19_lcTrue,lands,lands,2116,2138,1475,1497,,,,0.88,2242
42,HIVEP1,P15822,ZN_FING,2116,2140,worm,Q7JM44,phmmer,hmmer3_phmmer.default,"inside, lower IoU","inside, lower IoU",2112,2147,1781,1953,,,,0.686,2242
42,HIVEP1,P15822,ZN_FING,2116,2140,worm,Q7JM44,MMseqs2,mmseqs2_seqseq.s7,best call on another target,spills,2090,2140,,,Q19418,89,138,0.48,2242
42,HIVEP1,P15822,ZN_FING,2116,2140,worm,Q7JM44,MMseqs2 iterative,mmseqs2_iterative.s7,best call on another target,spills,2090,2140,,,Q19418,89,138,0.48,2242
42,HIVEP1,P15822,ZN_FING,2116,2140,worm,Q7JM44,Foldseek,foldseek.3di_aa,no call,no call,,,,,,,,,2242
42,HIVEP1,P15822,ZN_FING,2116,2140,worm,Q7JM44,ProstT5,prostt5.3di_from_seq,best call on another target,spills,2030,2153,,,Q22678,35,166,0.195,2242
42,HIVEP1,P15822,ZN_FING,2116,2140,worm,Q7JM44,Reseek,reseek.verysensitive,no call,no call,,,,,,,,,2242
42,HIVEP1,P15822,ZN_FING,2116,2140,worm,Q7JM44,Kyte-Doolittle scan,kd_scan,no call,no call,,,,,,,,,2242
43,KCNK5,O95279,INTRAMEM,190,215,worm,O17185,kmerseek chosen arm,kmerseek.mmseqs12_k7_lcTrue,lands,lands,202,211,197,206,,,,0.4,329
43,KCNK5,O95279,INTRAMEM,190,215,worm,O17185,kmerseek best other alphabet,kmerseek.hp_pbotc_1st_ed2_k18_lcTrue,best call on another target,lands,192,212,,,Q18120,255,275,0.84,329
43,KCNK5,O95279,INTRAMEM,190,215,worm,O17185,phmmer,hmmer3_phmmer.default,best call on another target,equal or higher IoU,167,210,,,Q18120,222,301,0.417,329
43,KCNK5,O95279,INTRAMEM,190,215,worm,O17185,MMseqs2,mmseqs2_seqseq.s7,best call on another target,spills,82,208,,,Q18120,113,271,0.135,329
43,KCNK5,O95279,INTRAMEM,190,215,worm,O17185,MMseqs2 iterative,mmseqs2_iterative.s7,spills,spills,83,211,78,206,,,,0.159,329
43,KCNK5,O95279,INTRAMEM,190,215,worm,O17185,Foldseek,foldseek.3di_aa,best call on another target,spills,44,352,,,Q11122,449,692,0.081,329
43,KCNK5,O95279,INTRAMEM,190,215,worm,O17185,ProstT5,prostt5.3di_from_seq,best call on another target,spills,87,401,,,G5EBK1,275,663,0.08,329
43,KCNK5,O95279,INTRAMEM,190,215,worm,O17185,Reseek,reseek.verysensitive,best call on another target,spills,1,279,,,P53993,1,469,0.09,329
43,KCNK5,O95279,INTRAMEM,190,215,worm,O17185,Kyte-Doolittle scan,kd_scan,no call,no call,,,,,,,,,329
44,KCNK16,Q96T55,INTRAMEM,202,221,worm,O17185,kmerseek chosen arm,kmerseek.mmseqs12_k7_lcTrue,lands,lands,207,219,193,205,,,,0.684,329
44,KCNK16,Q96T55,INTRAMEM,202,221,worm,O17185,kmerseek best other alphabet,kmerseek.gbmr4_k12_lcTrue,best call on another target,lands,203,219,,,P34410,401,417,0.895,329
44,KCNK16,Q96T55,INTRAMEM,202,221,worm,O17185,phmmer,hmmer3_phmmer.default,best call on another target,spills,183,248,,,Q19907,219,322,0.292,329
44,KCNK16,Q96T55,INTRAMEM,202,221,worm,O17185,MMseqs2,mmseqs2_seqseq.s7,best call on another target,spills,93,249,,,Q19907,112,313,0.122,329
44,KCNK16,Q96T55,INTRAMEM,202,221,worm,O17185,MMseqs2 iterative,mmseqs2_iterative.s7,best call on another target,spills,93,245,,,P34410,265,436,0.125,329
44,KCNK16,Q96T55,INTRAMEM,202,221,worm,O17185,Foldseek,foldseek.3di_aa,best call on another target,spills,100,236,,,G5EFJ9,332,471,0.14,329
44,KCNK16,Q96T55,INTRAMEM,202,221,worm,O17185,ProstT5,prostt5.3di_from_seq,best call on another target,spills,71,237,,,G5EFJ9,300,472,0.114,329
44,KCNK16,Q96T55,INTRAMEM,202,221,worm,O17185,Reseek,reseek.verysensitive,best call on another target,spills,128,284,,,Q11190,390,488,0.122,329
44,KCNK16,Q96T55,INTRAMEM,202,221,worm,O17185,Kyte-Doolittle scan,kd_scan,no call,no call,,,,,,,,,329
45,KCNK17,Q96T54,INTRAMEM,211,230,worm,O17185,kmerseek chosen arm,kmerseek.mmseqs12_k7_lcTrue,lands,lands,216,228,193,205,,,,0.684,329
45,KCNK17,Q96T54,INTRAMEM,211,230,worm,O17185,kmerseek best other alphabet,kmerseek.hp_lehninger_c_nonpolar2_k18_lcTrue,lands,lands,210,230,187,207,,,,0.905,329
45,KCNK17,Q96T54,INTRAMEM,211,230,worm,O17185,phmmer,hmmer3_phmmer.default,best call on another target,equal or higher IoU,207,229,,,Q23435,315,410,0.783,329
45,KCNK17,Q96T54,INTRAMEM,211,230,worm,O17185,MMseqs2,mmseqs2_seqseq.s7,best call on another target,spills,101,263,,,P34410,265,445,0.117,329
45,KCNK17,Q96T54,INTRAMEM,211,230,worm,O17185,MMseqs2 iterative,mmseqs2_iterative.s7,best call on another target,spills,177,263,,,Q9XXD1,383,465,0.221,329
45,KCNK17,Q96T54,INTRAMEM,211,230,worm,O17185,Foldseek,foldseek.3di_aa,best call on another target,spills,55,272,,,Q23435,94,403,0.088,329
45,KCNK17,Q96T54,INTRAMEM,211,230,worm,O17185,ProstT5,prostt5.3di_from_seq,best call on another target,spills,100,273,,,Q9XXD1,308,475,0.11,329
45,KCNK17,Q96T54,INTRAMEM,211,230,worm,O17185,Reseek,reseek.verysensitive,best call on another target,spills,136,247,,,Q11190,390,503,0.171,329
45,KCNK17,Q96T54,INTRAMEM,211,230,worm,O17185,Kyte-Doolittle scan,kd_scan,no call,no call,,,,,,,,,329
46,GUCA1A,P43080,DOMAIN,87,122,worm,P36609,kmerseek chosen arm,kmerseek.hp_thomas_dill_no_c2_k19_lcTrue,lands,lands,89,119,100,130,,,,0.886,190
46,GUCA1A,P43080,DOMAIN,87,122,worm,P36609,kmerseek best other alphabet,kmerseek.hp_pbotc_1st_ed2_k18_lcTrue,best call on another target,lands,89,119,,,G5EDN6,89,119,0.886,190
46,GUCA1A,P43080,DOMAIN,87,122,worm,P36609,phmmer,hmmer3_phmmer.default,best call on another target,"inside, lower IoU",93,120,,,O16305,5,48,0.771,190
46,GUCA1A,P43080,DOMAIN,87,122,worm,P36609,MMseqs2,mmseqs2_seqseq.s7,best call on another target,spills,77,159,,,Q03603,160,243,0.427,190
46,GUCA1A,P43080,DOMAIN,87,122,worm,P36609,MMseqs2 iterative,mmseqs2_iterative.s7,best call on another target,spills,83,160,,,P34368,44,112,0.455,190
46,GUCA1A,P43080,DOMAIN,87,122,worm,P36609,Foldseek,foldseek.3di_aa,best call on another target,spills,64,171,,,Q03603,147,255,0.327,190
46,GUCA1A,P43080,DOMAIN,87,122,worm,P36609,ProstT5,prostt5.3di_from_seq,best call on another target,spills,87,162,,,Q22908,1,64,0.467,190
46,GUCA1A,P43080,DOMAIN,87,122,worm,P36609,Reseek,reseek.verysensitive,best call on another target,"inside, lower IoU",69,120,,,Q9NEW6,122,175,0.623,190
46,GUCA1A,P43080,DOMAIN,87,122,worm,P36609,Kyte-Doolittle scan,kd_scan,no call,no call,,,,,,,,,190
47,KCNK16,Q96T55,INTRAMEM,98,116,worm,Q9XXD1,kmerseek chosen arm,kmerseek.mmseqs12_k7_lcTrue,lands,lands,107,116,429,438,,,,0.556,503
47,KCNK16,Q96T55,INTRAMEM,98,116,worm,Q9XXD1,kmerseek best other alphabet,kmerseek.hp_lehninger_hpc3_k16_lcTrue,best call on another target,lands,97,116,,,P34410,269,288,0.9,503
47,KCNK16,Q96T55,INTRAMEM,98,116,worm,Q9XXD1,phmmer,hmmer3_phmmer.default,best call on another target,spills,89,140,,,Q19907,11,166,0.353,503
47,KCNK16,Q96T55,INTRAMEM,98,116,worm,Q9XXD1,MMseqs2,mmseqs2_seqseq.s7,best call on another target,spills,89,140,,,Q11122,486,537,0.353,503
47,KCNK16,Q96T55,INTRAMEM,98,116,worm,Q9XXD1,MMseqs2 iterative,mmseqs2_iterative.s7,equal or higher IoU,equal or higher IoU,94,123,416,445,,,,0.621,503
47,KCNK16,Q96T55,INTRAMEM,98,116,worm,Q9XXD1,Foldseek,foldseek.3di_aa,best call on another target,spills,100,236,,,G5EFJ9,332,471,0.116,503
47,KCNK16,Q96T55,INTRAMEM,98,116,worm,Q9XXD1,ProstT5,prostt5.3di_from_seq,best call on another target,spills,71,237,,,G5EFJ9,300,472,0.108,503
47,KCNK16,Q96T55,INTRAMEM,98,116,worm,Q9XXD1,Reseek,reseek.verysensitive,best call on another target,spills,1,237,,,P53993,1,276,0.076,503
47,KCNK16,Q96T55,INTRAMEM,98,116,worm,Q9XXD1,Kyte-Doolittle scan,kd_scan,no call,no call,,,,,,,,,503
48,KCNK17,Q96T54,INTRAMEM,106,124,worm,Q9XXD1,kmerseek chosen arm,kmerseek.mmseqs12_k7_lcTrue,lands,lands,115,124,429,438,,,,0.556,503
48,KCNK17,Q96T54,INTRAMEM,106,124,worm,Q9XXD1,kmerseek best other alphabet,kmerseek.dayhoff6_k10_lcTrue,best call on another target,lands,108,124,,,G5EFJ9,332,348,0.944,503
48,KCNK17,Q96T54,INTRAMEM,106,124,worm,Q9XXD1,phmmer,hmmer3_phmmer.default,best call on another target,spills,99,144,,,Q95V25,278,366,0.4,503
48,KCNK17,Q96T54,INTRAMEM,106,124,worm,Q9XXD1,MMseqs2,mmseqs2_seqseq.s7,"inside, lower IoU","inside, lower IoU",111,131,425,445,,,,0.52,503
48,KCNK17,Q96T54,INTRAMEM,106,124,worm,Q9XXD1,MMseqs2 iterative,mmseqs2_iterative.s7,best call on another target,"inside, lower IoU",106,141,,,Q95V25,306,341,0.514,503
48,KCNK17,Q96T54,INTRAMEM,106,124,worm,Q9XXD1,Foldseek,foldseek.3di_aa,best call on another target,spills,55,272,,,Q23435,94,403,0.083,503
48,KCNK17,Q96T54,INTRAMEM,106,124,worm,Q9XXD1,ProstT5,prostt5.3di_from_seq,best call on another target,spills,93,211,,,G5EFJ9,310,426,0.153,503
48,KCNK17,Q96T54,INTRAMEM,106,124,worm,Q9XXD1,Reseek,reseek.verysensitive,best call on another target,spills,22,259,,,P53993,4,275,0.076,503
48,KCNK17,Q96T54,INTRAMEM,106,124,worm,Q9XXD1,Kyte-Doolittle scan,kd_scan,no call,no call,,,,,,,,,503
49,SGK1,O00141,BINDING,104,112,worm,H2L099,kmerseek chosen arm,kmerseek.sdm12_k6_lcTrue,lands,lands,104,112,40,48,,,,0.889,653
49,SGK1,O00141,BINDING,104,112,worm,H2L099,kmerseek best other alphabet,kmerseek.hsdm17_k5_lcTrue,best call on another target,lands,105,112,,,Q968Y9,1253,1260,1.0,653
49,SGK1,O00141,BINDING,104,112,worm,H2L099,phmmer,hmmer3_phmmer.default,best call on another target,spills,89,137,,,Q3Y416,92,173,0.167,653
49,SGK1,O00141,BINDING,104,112,worm,H2L099,MMseqs2,mmseqs2_seqseq.s7,best call on another target,spills,83,230,,,Q03563,412,563,0.054,653
49,SGK1,O00141,BINDING,104,112,worm,H2L099,MMseqs2 iterative,mmseqs2_iterative.s7,best call on another target,spills,98,243,,,Q20085,106,245,0.055,653
49,SGK1,O00141,BINDING,104,112,worm,H2L099,Foldseek,foldseek.3di_aa,best call on another target,spills,96,351,,,G5ECJ6,281,534,0.031,653
49,SGK1,O00141,BINDING,104,112,worm,H2L099,ProstT5,prostt5.3di_from_seq,best call on another target,spills,96,356,,,G5ECH7,2,287,0.031,653
49,SGK1,O00141,BINDING,104,112,worm,H2L099,Reseek,reseek.verysensitive,best call on another target,spills,87,164,,,Q17427,12,141,0.104,653
49,SGK1,O00141,BINDING,104,112,worm,H2L099,Kyte-Doolittle scan,kd_scan,no call,no call,,,,,,,,,653
50,ZSCAN16,Q9H4T2,ZN_FING,236,258,worm,Q9XW26,kmerseek chosen arm,kmerseek.hp_thomas_dill_no_c2_k19_lcTrue,lands,lands,239,263,349,373,,,,0.741,412
50,ZSCAN16,Q9H4T2,ZN_FING,236,258,worm,Q9XW26,kmerseek best other alphabet,kmerseek.gbmr4_k14_lcTrue,best call on another target,lands,238,256,,,A0A5E4M3Q4,67,85,0.864,412
50,ZSCAN16,Q9H4T2,ZN_FING,236,258,worm,Q9XW26,phmmer,hmmer3_phmmer.default,best call on another target,equal or higher IoU,233,259,,,Q11107,1536,1594,0.846,412
50,ZSCAN16,Q9H4T2,ZN_FING,236,258,worm,Q9XW26,MMseqs2,mmseqs2_seqseq.s7,best call on another target,spills,235,293,,,G5EFF4,588,642,0.379,412
50,ZSCAN16,Q9H4T2,ZN_FING,236,258,worm,Q9XW26,MMseqs2 iterative,mmseqs2_iterative.s7,best call on another target,equal or higher IoU,234,258,,,Q11107,1554,1578,0.917,412
50,ZSCAN16,Q9H4T2,ZN_FING,236,258,worm,Q9XW26,Foldseek,foldseek.3di_aa,best call on another target,spills,236,317,,,A0A5E4M3Q4,20,118,0.272,412
50,ZSCAN16,Q9H4T2,ZN_FING,236,258,worm,Q9XW26,ProstT5,prostt5.3di_from_seq,best call on another target,spills,235,316,,,A0A5E4M3Q4,19,117,0.272,412
50,ZSCAN16,Q9H4T2,ZN_FING,236,258,worm,Q9XW26,Reseek,reseek.verysensitive,best call on another target,spills,235,291,,,Q8MQA7,13,52,0.393,412
50,ZSCAN16,Q9H4T2,ZN_FING,236,258,worm,Q9XW26,Kyte-Doolittle scan,kd_scan,no call,no call,,,,,,,,,412
51,ZSCAN26,Q16670,ZN_FING,394,416,worm,A0A5E4M3Q4,kmerseek chosen arm,kmerseek.hp_thomas_dill_no_c2_k19_lcTrue,lands,lands,396,417,67,88,,,,0.913,554
51,ZSCAN26,Q16670,ZN_FING,394,416,worm,A0A5E4M3Q4,kmerseek best other alphabet,kmerseek.hp_kyte_doolittle2_k19_lcTrue,lands,lands,396,417,67,88,,,,0.913,554
51,ZSCAN26,Q16670,ZN_FING,394,416,worm,A0A5E4M3Q4,phmmer,hmmer3_phmmer.default,best call on another target,spills,393,442,,,Q19418,76,159,0.449,554
51,ZSCAN26,Q16670,ZN_FING,394,416,worm,A0A5E4M3Q4,MMseqs2,mmseqs2_seqseq.s7,best call on another target,spills,396,441,,,Q19418,89,134,0.426,554
51,ZSCAN26,Q16670,ZN_FING,394,416,worm,A0A5E4M3Q4,MMseqs2 iterative,mmseqs2_iterative.s7,best call on another target,spills,396,441,,,Q19418,89,134,0.426,554
51,ZSCAN26,Q16670,ZN_FING,394,416,worm,A0A5E4M3Q4,Foldseek,foldseek.3di_aa,best call on another target,spills,394,474,,,Q22678,77,161,0.275,554
51,ZSCAN26,Q16670,ZN_FING,394,416,worm,A0A5E4M3Q4,ProstT5,prostt5.3di_from_seq,best call on another target,spills,258,453,,,H2KYH4,1,204,0.113,554
51,ZSCAN26,Q16670,ZN_FING,394,416,worm,A0A5E4M3Q4,Reseek,reseek.verysensitive,best call on another target,spills,369,428,,,Q11072,143,199,0.373,554
51,ZSCAN26,Q16670,ZN_FING,394,416,worm,A0A5E4M3Q4,Kyte-Doolittle scan,kd_scan,no call,no call,,,,,,,,,554
52,ELOVL4,Q9GZR5,TRANSMEM,127,147,worm,Q20303,kmerseek chosen arm,kmerseek.hp_lehninger_c_nonpolar2_k18_lcTrue,lands,lands,129,150,114,135,,,,0.826,274
52,ELOVL4,Q9GZR5,TRANSMEM,127,147,worm,Q20303,kmerseek best other alphabet,kmerseek.hp_lehninger2_k18_lcTrue,lands,lands,129,150,114,135,,,,0.826,274
52,ELOVL4,Q9GZR5,TRANSMEM,127,147,worm,Q20303,phmmer,hmmer3_phmmer.default,best call on another target,spills,49,271,,,G5EEE5,42,283,0.09,274
52,ELOVL4,Q9GZR5,TRANSMEM,127,147,worm,Q20303,MMseqs2,mmseqs2_seqseq.s7,best call on another target,spills,66,280,,,Q20300,43,257,0.093,274
52,ELOVL4,Q9GZR5,TRANSMEM,127,147,worm,Q20303,MMseqs2 iterative,mmseqs2_iterative.s7,best call on another target,spills,133,230,,,Q20300,112,204,0.136,274
52,ELOVL4,Q9GZR5,TRANSMEM,127,147,worm,Q20303,Foldseek,foldseek.3di_aa,best call on another target,spills,76,204,,,Q22361,10,141,0.156,274
52,ELOVL4,Q9GZR5,TRANSMEM,127,147,worm,Q20303,ProstT5,prostt5.3di_from_seq,best call on another target,spills,111,268,,,O17554,358,471,0.127,274
52,ELOVL4,Q9GZR5,TRANSMEM,127,147,worm,Q20303,Reseek,reseek.verysensitive,best call on another target,spills,76,197,,,Q17638,4,58,0.165,274
52,ELOVL4,Q9GZR5,TRANSMEM,127,147,worm,Q20303,Kyte-Doolittle scan,kd_scan,no call,no call,,,,,,,,,274
53,MAPK13,O15264,BINDING,31,39,worm,Q8I113,kmerseek chosen arm,kmerseek.sdm12_k6_lcTrue,lands,lands,30,39,208,217,,,,0.8,707
53,MAPK13,O15264,BINDING,31,39,worm,Q8I113,kmerseek best other alphabet,kmerseek.protein20_k5_lcTrue,lands,lands,32,39,210,217,,,,1.0,707
53,MAPK13,O15264,BINDING,31,39,worm,Q8I113,phmmer,hmmer3_phmmer.default,best call on another target,spills,23,47,,,P34891,135,278,0.333,707
53,MAPK13,O15264,BINDING,31,39,worm,Q8I113,MMseqs2,mmseqs2_seqseq.s7,best call on another target,spills,31,173,,,P42168,22,161,0.056,707
53,MAPK13,O15264,BINDING,31,39,worm,Q8I113,MMseqs2 iterative,mmseqs2_iterative.s7,best call on another target,spills,31,173,,,P42168,22,161,0.056,707
53,MAPK13,O15264,BINDING,31,39,worm,Q8I113,Foldseek,foldseek.3di_aa,best call on another target,spills,23,153,,,Q22942,74,185,0.062,707
53,MAPK13,O15264,BINDING,31,39,worm,Q8I113,ProstT5,prostt5.3di_from_seq,best call on another target,spills,11,108,,,Q965W1,70,149,0.082,707
53,MAPK13,O15264,BINDING,31,39,worm,Q8I113,Reseek,reseek.verysensitive,best call on another target,spills,8,91,,,Q9XWE6,108,195,0.096,707
53,MAPK13,O15264,BINDING,31,39,worm,Q8I113,Kyte-Doolittle scan,kd_scan,no call,no call,,,,,,,,,707
54,BRPF3,Q9ULD4,ZN_FING,266,299,worm,P34447,kmerseek chosen arm,kmerseek.hp_thomas_dill_no_c2_k19_lcTrue,lands,lands,277,301,80,104,,,,0.657,867
54,BRPF3,Q9ULD4,ZN_FING,266,299,worm,P34447,kmerseek best other alphabet,kmerseek.hp_kyte_doolittle2_k19_lcTrue,lands,lands,275,299,78,102,,,,0.758,867
54,BRPF3,Q9ULD4,ZN_FING,266,299,worm,P34447,phmmer,hmmer3_phmmer.default,best call on another target,spills,211,292,,,Q23590,1084,1195,0.295,867
54,BRPF3,Q9ULD4,ZN_FING,266,299,worm,P34447,MMseqs2,mmseqs2_seqseq.s7,best call on another target,spills,242,335,,,Q11107,1589,1695,0.355,867
54,BRPF3,Q9ULD4,ZN_FING,266,299,worm,P34447,MMseqs2 iterative,mmseqs2_iterative.s7,best call on another target,spills,265,357,,,Q9U297,638,763,0.359,867
54,BRPF3,Q9ULD4,ZN_FING,266,299,worm,P34447,Foldseek,foldseek.3di_aa,best call on another target,spills,66,386,,,Q9U297,441,782,0.103,867
54,BRPF3,Q9ULD4,ZN_FING,266,299,worm,P34447,ProstT5,prostt5.3di_from_seq,best call on another target,spills,8,295,,,P28515,79,299,0.1,867
54,BRPF3,Q9ULD4,ZN_FING,266,299,worm,P34447,Reseek,reseek.verysensitive,best call on another target,spills,175,309,,,Q9U2A8,15,72,0.246,867
54,BRPF3,Q9ULD4,ZN_FING,266,299,worm,P34447,Kyte-Doolittle scan,kd_scan,no call,no call,,,,,,,,,867
55,MAPK14,Q16539,BINDING,30,38,worm,Q8I113,kmerseek chosen arm,kmerseek.sdm12_k6_lcTrue,lands,lands,30,38,209,217,,,,0.889,707
55,MAPK14,Q16539,BINDING,30,38,worm,Q8I113,kmerseek best other alphabet,kmerseek.protein20_k5_lcTrue,lands,lands,31,38,210,217,,,,1.0,707
55,MAPK14,Q16539,BINDING,30,38,worm,Q8I113,phmmer,hmmer3_phmmer.default,best call on another target,spills,21,55,,,Q3Y416,105,169,0.235,707
55,MAPK14,Q16539,BINDING,30,38,worm,Q8I113,MMseqs2,mmseqs2_seqseq.s7,best call on another target,spills,20,180,,,P42168,12,168,0.05,707
55,MAPK14,Q16539,BINDING,30,38,worm,Q8I113,MMseqs2 iterative,mmseqs2_iterative.s7,best call on another target,spills,30,171,,,Q20085,112,245,0.057,707
55,MAPK14,Q16539,BINDING,30,38,worm,Q8I113,Foldseek,foldseek.3di_aa,best call on another target,spills,3,157,,,Q27536,67,221,0.052,707
55,MAPK14,Q16539,BINDING,30,38,worm,Q8I113,ProstT5,prostt5.3di_from_seq,best call on another target,spills,23,301,,,P34649,245,507,0.029,707
55,MAPK14,Q16539,BINDING,30,38,worm,Q8I113,Reseek,reseek.verysensitive,best call on another target,spills,28,106,,,Q18425,356,461,0.103,707
55,MAPK14,Q16539,BINDING,30,38,worm,Q8I113,Kyte-Doolittle scan,kd_scan,no call,no call,,,,,,,,,707
56,GUCA1A,P43080,DOMAIN,51,86,worm,G5EBX9,kmerseek chosen arm,kmerseek.hp_thomas_dill_no_c2_k19_lcTrue,lands,lands,53,73,671,691,,,,0.6,707
56,GUCA1A,P43080,DOMAIN,51,86,worm,G5EBX9,kmerseek best other alphabet,kmerseek.hp_lehninger2_k18_lcTrue,lands,lands,53,73,671,691,,,,0.6,707
56,GUCA1A,P43080,DOMAIN,51,86,worm,G5EBX9,phmmer,hmmer3_phmmer.default,best call on another target,equal or higher IoU,54,84,,,Q95PZ2,453,520,0.857,707
56,GUCA1A,P43080,DOMAIN,51,86,worm,G5EBX9,MMseqs2,mmseqs2_seqseq.s7,"inside, lower IoU","inside, lower IoU",24,83,639,701,,,,0.516,707
56,GUCA1A,P43080,DOMAIN,51,86,worm,G5EBX9,MMseqs2 iterative,mmseqs2_iterative.s7,best call on another target,equal or higher IoU,48,81,,,Q94263,305,338,0.789,707
56,GUCA1A,P43080,DOMAIN,51,86,worm,G5EBX9,Foldseek,foldseek.3di_aa,best call on another target,spills,13,122,,,P34356,11,134,0.321,707
56,GUCA1A,P43080,DOMAIN,51,86,worm,G5EBX9,ProstT5,prostt5.3di_from_seq,best call on another target,spills,1,82,,,P34550,26,112,0.365,707
56,GUCA1A,P43080,DOMAIN,51,86,worm,G5EBX9,Reseek,reseek.verysensitive,best call on another target,"inside, lower IoU",29,97,,,Q95ZK7,260,340,0.515,707
56,GUCA1A,P43080,DOMAIN,51,86,worm,G5EBX9,Kyte-Doolittle scan,kd_scan,no call,no call,,,,,,,,,707
57,TPBG,Q13641,REPEAT,141,163,worm,G5EFX6,kmerseek chosen arm,kmerseek.hp_kyte_doolittle2_k19_lcTrue,lands,lands,138,159,724,745,,,,0.692,1410
57,TPBG,Q13641,REPEAT,141,163,worm,G5EFX6,kmerseek best other alphabet,kmerseek.hp_lehninger_hpc3_k16_lcTrue,best call on another target,lands,141,159,,,P45969,57,75,0.783,1410
57,TPBG,Q13641,REPEAT,141,163,worm,G5EFX6,phmmer,hmmer3_phmmer.default,best call on another target,spills,122,168,,,Q93373,55,120,0.478,1410
57,TPBG,Q13641,REPEAT,141,163,worm,G5EFX6,MMseqs2,mmseqs2_seqseq.s7,best call on another target,spills,82,284,,,Q93373,74,306,0.109,1410
57,TPBG,Q13641,REPEAT,141,163,worm,G5EFX6,MMseqs2 iterative,mmseqs2_iterative.s7,best call on another target,spills,62,182,,,G5EG78,17,124,0.183,1410
57,TPBG,Q13641,REPEAT,141,163,worm,G5EFX6,Foldseek,foldseek.3di_aa,best call on another target,spills,74,240,,,Q9BLB6,23,146,0.133,1410
57,TPBG,Q13641,REPEAT,141,163,worm,G5EFX6,ProstT5,prostt5.3di_from_seq,best call on another target,spills,122,289,,,Q9BLB6,23,144,0.132,1410
57,TPBG,Q13641,REPEAT,141,163,worm,G5EFX6,Reseek,reseek.verysensitive,best call on another target,spills,4,199,,,G5EBU3,304,577,0.113,1410
57,TPBG,Q13641,REPEAT,141,163,worm,G5EFX6,Kyte-Doolittle scan,kd_scan,no call,no call,,,,,,,,,1410
58,NFKBIL1,Q9UBC1,REPEAT,97,130,worm,Q18297,kmerseek chosen arm,kmerseek.hp_kyte_doolittle2_k19_lcTrue,lands,lands,98,119,541,562,,,,0.667,1211
58,NFKBIL1,Q9UBC1,REPEAT,97,130,worm,Q18297,kmerseek best other alphabet,kmerseek.hp_lehninger_c_nonpolar2_k18_lcTrue,best call on another target,lands,113,134,,,Q03601,805,826,0.486,1211
58,NFKBIL1,Q9UBC1,REPEAT,97,130,worm,Q18297,phmmer,hmmer3_phmmer.default,best call on another target,"inside, lower IoU",93,148,,,P17221,39,103,0.6,1211
58,NFKBIL1,Q9UBC1,REPEAT,97,130,worm,Q18297,MMseqs2,mmseqs2_seqseq.s7,best call on another target,equal or higher IoU,95,138,,,Q9TXQ1,1169,1208,0.767,1211
58,NFKBIL1,Q9UBC1,REPEAT,97,130,worm,Q18297,MMseqs2 iterative,mmseqs2_iterative.s7,best call on another target,"inside, lower IoU",85,136,,,P41882,844,894,0.647,1211
58,NFKBIL1,Q9UBC1,REPEAT,97,130,worm,Q18297,Foldseek,foldseek.3di_aa,best call on another target,spills,69,142,,,G5EGA3,32,104,0.452,1211
58,NFKBIL1,Q9UBC1,REPEAT,97,130,worm,Q18297,ProstT5,prostt5.3di_from_seq,best call on another target,spills,68,143,,,Q19013,484,556,0.44,1211
58,NFKBIL1,Q9UBC1,REPEAT,97,130,worm,Q18297,Reseek,reseek.verysensitive,best call on another target,spills,89,163,,,G5EFX6,576,661,0.446,1211
58,NFKBIL1,Q9UBC1,REPEAT,97,130,worm,Q18297,Kyte-Doolittle scan,kd_scan,no call,no call,,,,,,,,,1211
59,LATS1,O95835,BINDING,711,719,worm,O45797,kmerseek chosen arm,kmerseek.sdm12_k6_lcTrue,lands,lands,711,719,508,516,,,,0.889,908
59,LATS1,O95835,BINDING,711,719,worm,O45797,kmerseek best other alphabet,kmerseek.hsdm17_k5_lcTrue,lands,lands,711,719,508,516,,,,0.889,908
59,LATS1,O95835,BINDING,711,719,worm,O45797,phmmer,hmmer3_phmmer.default,best call on another target,spills,705,746,,,P34891,116,214,0.195,908
59,LATS1,O95835,BINDING,711,719,worm,O45797,MMseqs2,mmseqs2_seqseq.s7,best call on another target,spills,708,836,,,Q03563,425,563,0.062,908
59,LATS1,O95835,BINDING,711,719,worm,O45797,MMseqs2 iterative,mmseqs2_iterative.s7,best call on another target,spills,709,849,,,O01798,221,365,0.057,908
59,LATS1,O95835,BINDING,711,719,worm,O45797,Foldseek,foldseek.3di_aa,best call on another target,spills,698,959,,,P32742,2,260,0.031,908
59,LATS1,O95835,BINDING,711,719,worm,O45797,ProstT5,prostt5.3di_from_seq,best call on another target,spills,592,852,,,P34649,101,412,0.031,908
59,LATS1,O95835,BINDING,711,719,worm,O45797,Reseek,reseek.verysensitive,best call on another target,spills,699,783,,,Q09581,115,279,0.095,908
59,LATS1,O95835,BINDING,711,719,worm,O45797,Kyte-Doolittle scan,kd_scan,no call,no call,,,,,,,,,908
60,MAP3K7,O43318,BINDING,42,50,worm,P39745,kmerseek chosen arm,kmerseek.sdm12_k6_lcTrue,lands,lands,42,50,102,110,,,,0.889,444
60,MAP3K7,O43318,BINDING,42,50,worm,P39745,kmerseek best other alphabet,kmerseek.hsdm17_k5_lcTrue,best call on another target,lands,42,48,,,Q9TZM3,1700,1706,0.667,444
60,MAP3K7,O43318,BINDING,42,50,worm,P39745,phmmer,hmmer3_phmmer.default,best call on another target,spills,30,54,,,P34891,123,248,0.333,444
60,MAP3K7,O43318,BINDING,42,50,worm,P39745,MMseqs2,mmseqs2_seqseq.s7,best call on another target,spills,42,219,,,P42168,22,210,0.045,444
60,MAP3K7,O43318,BINDING,42,50,worm,P39745,MMseqs2 iterative,mmseqs2_iterative.s7,best call on another target,spills,36,173,,,Q03563,422,572,0.058,444
60,MAP3K7,O43318,BINDING,42,50,worm,P39745,Foldseek,foldseek.3di_aa,best call on another target,spills,36,281,,,Q9XTR1,103,383,0.033,444
60,MAP3K7,O43318,BINDING,42,50,worm,P39745,ProstT5,prostt5.3di_from_seq,best call on another target,spills,40,288,,,Q9XTR1,106,387,0.032,444
60,MAP3K7,O43318,BINDING,42,50,worm,P39745,Reseek,reseek.verysensitive,best call on another target,spills,27,105,,,Q965W1,25,149,0.103,444
60,MAP3K7,O43318,BINDING,42,50,worm,P39745,Kyte-Doolittle scan,kd_scan,no call,no call,,,,,,,,,444
61,MYB,P10242,DNA_BIND,115,138,fly,P04197,kmerseek chosen arm,kmerseek.hp_kyte_doolittle2_k19_lcTrue,lands,lands,111,138,155,182,,,,0.821,657
61,MYB,P10242,DNA_BIND,115,138,fly,P04197,kmerseek best other alphabet,kmerseek.wwmj5_k10_lcTrue,lands,lands,122,140,166,184,,,,0.68,657
61,MYB,P10242,DNA_BIND,115,138,fly,P04197,phmmer,hmmer3_phmmer.default,spills,spills,39,197,72,262,,,,0.146,657
61,MYB,P10242,DNA_BIND,115,138,fly,P04197,MMseqs2,mmseqs2_seqseq.s7,spills,spills,32,530,69,526,,,,0.046,657
61,MYB,P10242,DNA_BIND,115,138,fly,P04197,MMseqs2 iterative,mmseqs2_iterative.s7,spills,spills,42,196,87,240,,,,0.149,657
61,MYB,P10242,DNA_BIND,115,138,fly,P04197,Foldseek,foldseek.3di_aa,best call on another target,spills,21,428,,,P09083,1,449,0.057,657
61,MYB,P10242,DNA_BIND,115,138,fly,P04197,ProstT5,prostt5.3di_from_seq,best call on another target,spills,1,216,,,P24350,172,396,0.107,657
61,MYB,P10242,DNA_BIND,115,138,fly,P04197,Reseek,reseek.verysensitive,best call on another target,spills,94,219,,,Q06943,9,98,0.184,657
61,MYB,P10242,DNA_BIND,115,138,fly,P04197,Kyte-Doolittle scan,kd_scan,no call,no call,,,,,,,,,657
62,PPARD,Q03181,ZN_FING,111,133,fly,P16376,kmerseek chosen arm,kmerseek.hp_thomas_dill_no_c2_k19_lcTrue,lands,lands,109,134,236,261,,,,0.846,746
62,PPARD,Q03181,ZN_FING,111,133,fly,P16376,kmerseek best other alphabet,kmerseek.hp_kyte_doolittle2_k19_lcTrue,lands,lands,112,134,239,261,,,,0.957,746
62,PPARD,Q03181,ZN_FING,111,133,fly,P16376,phmmer,hmmer3_phmmer.default,best call on another target,spills,71,143,,,P34021,209,365,0.306,746
62,PPARD,Q03181,ZN_FING,111,133,fly,P16376,MMseqs2,mmseqs2_seqseq.s7,best call on another target,spills,74,148,,,P33244,508,583,0.297,746
62,PPARD,Q03181,ZN_FING,111,133,fly,P16376,MMseqs2 iterative,mmseqs2_iterative.s7,best call on another target,spills,74,143,,,Q24143,7,77,0.319,746
62,PPARD,Q03181,ZN_FING,111,133,fly,P16376,Foldseek,foldseek.3di_aa,best call on another target,spills,71,167,,,P13054,11,118,0.229,746
62,PPARD,Q03181,ZN_FING,111,133,fly,P16376,ProstT5,prostt5.3di_from_seq,best call on another target,spills,63,169,,,P13054,3,120,0.208,746
62,PPARD,Q03181,ZN_FING,111,133,fly,P16376,Reseek,reseek.verysensitive,best call on another target,spills,71,165,,,Q9TVQ5,12,105,0.234,746
62,PPARD,Q03181,ZN_FING,111,133,fly,P16376,Kyte-Doolittle scan,kd_scan,no call,no call,,,,,,,,,746
63,ZNF165,P49910,ZN_FING,456,478,fly,Q9VQ56,kmerseek chosen arm,kmerseek.hp_thomas_dill_no_c2_k19_lcTrue,lands,lands,457,480,375,398,,,,0.917,611
63,ZNF165,P49910,ZN_FING,456,478,fly,Q9VQ56,kmerseek best other alphabet,kmerseek.hp_lehninger2_k18_lcTrue,lands,lands,457,479,375,397,,,,0.957,611
63,ZNF165,P49910,ZN_FING,456,478,fly,Q9VQ56,phmmer,hmmer3_phmmer.default,best call on another target,spills,429,479,,,P39770,1285,1345,0.44,611
63,ZNF165,P49910,ZN_FING,456,478,fly,Q9VQ56,MMseqs2,mmseqs2_seqseq.s7,best call on another target,spills,428,477,,,Q8IN81,894,939,0.42,611
63,ZNF165,P49910,ZN_FING,456,478,fly,Q9VQ56,MMseqs2 iterative,mmseqs2_iterative.s7,best call on another target,spills,405,482,,,Q9VZN4,671,750,0.286,611
63,ZNF165,P49910,ZN_FING,456,478,fly,Q9VQ56,Foldseek,foldseek.3di_aa,best call on another target,spills,295,480,,,Q9VH70,470,650,0.119,611
63,ZNF165,P49910,ZN_FING,456,478,fly,Q9VQ56,ProstT5,prostt5.3di_from_seq,best call on another target,spills,281,478,,,Q1LZ24,409,583,0.112,611
63,ZNF165,P49910,ZN_FING,456,478,fly,Q9VQ56,Reseek,reseek.verysensitive,best call on another target,spills,402,485,,,Q9VMU4,5,92,0.265,611
63,ZNF165,P49910,ZN_FING,456,478,fly,Q9VQ56,Kyte-Doolittle scan,kd_scan,no call,no call,,,,,,,,,611
64,PRDM1,O75626,ZN_FING,631,653,fly,Q9VLK8,kmerseek chosen arm,kmerseek.hp_thomas_dill_no_c2_k19_lcTrue,lands,lands,632,655,295,318,,,,0.917,558
64,PRDM1,O75626,ZN_FING,631,653,fly,Q9VLK8,kmerseek best other alphabet,kmerseek.hp_lehninger2_k19_lcTrue,best call on another target,lands,632,653,,,P39413,213,234,1.0,558
64,PRDM1,O75626,ZN_FING,631,653,fly,Q9VLK8,phmmer,hmmer3_phmmer.default,best call on another target,equal or higher IoU,631,652,,,P08970,580,629,0.955,558
64,PRDM1,O75626,ZN_FING,631,653,fly,Q9VLK8,MMseqs2,mmseqs2_seqseq.s7,best call on another target,"inside, lower IoU",628,662,,,Q9VZV5,178,211,0.647,558
64,PRDM1,O75626,ZN_FING,631,653,fly,Q9VLK8,MMseqs2 iterative,mmseqs2_iterative.s7,best call on another target,spills,603,654,,,Q8IRH5,416,470,0.431,558
64,PRDM1,O75626,ZN_FING,631,653,fly,Q9VLK8,Foldseek,foldseek.3di_aa,best call on another target,spills,567,662,,,Q7JUR5,2,106,0.232,558
64,PRDM1,O75626,ZN_FING,631,653,fly,Q9VLK8,ProstT5,prostt5.3di_from_seq,best call on another target,spills,575,732,,,Q9VR05,182,346,0.14,558
64,PRDM1,O75626,ZN_FING,631,653,fly,Q9VLK8,Reseek,reseek.verysensitive,best call on another target,spills,633,735,,,Q9TVQ5,16,106,0.192,558
64,PRDM1,O75626,ZN_FING,631,653,fly,Q9VLK8,Kyte-Doolittle scan,kd_scan,no call,no call,,,,,,,,,558
65,SLC35B3,Q9H1N7,TRANSMEM,324,346,fly,Q9VVD9,kmerseek chosen arm,kmerseek.hp_lehninger_c_nonpolar2_k18_lcTrue,lands,lands,322,345,315,338,,,,0.84,396
65,SLC35B3,Q9H1N7,TRANSMEM,324,346,fly,Q9VVD9,kmerseek best other alphabet,kmerseek.hp_kyte_doolittle2_k19_lcTrue,best call on another target,lands,326,348,,,Q9VWV9,298,320,0.875,396
65,SLC35B3,Q9H1N7,TRANSMEM,324,346,fly,Q9VVD9,phmmer,hmmer3_phmmer.default,best call on another target,spills,99,377,,,Q9W429,5,339,0.079,396
65,SLC35B3,Q9H1N7,TRANSMEM,324,346,fly,Q9VVD9,MMseqs2,mmseqs2_seqseq.s7,best call on another target,spills,100,377,,,Q9W429,26,333,0.079,396
65,SLC35B3,Q9H1N7,TRANSMEM,324,346,fly,Q9VVD9,MMseqs2 iterative,mmseqs2_iterative.s7,best call on another target,spills,160,347,,,Q9VDD7,100,289,0.118,396
65,SLC35B3,Q9H1N7,TRANSMEM,324,346,fly,Q9VVD9,Foldseek,foldseek.3di_aa,best call on another target,spills,171,378,,,O76767,4,197,0.106,396
65,SLC35B3,Q9H1N7,TRANSMEM,324,346,fly,Q9VVD9,ProstT5,prostt5.3di_from_seq,best call on another target,spills,165,351,,,Q95T12,26,184,0.118,396
65,SLC35B3,Q9H1N7,TRANSMEM,324,346,fly,Q9VVD9,Reseek,reseek.verysensitive,best call on another target,spills,279,370,,,Q9VYY2,20,102,0.242,396
65,SLC35B3,Q9H1N7,TRANSMEM,324,346,fly,Q9VVD9,Kyte-Doolittle scan,kd_scan,spills,spills,299,332,,,,,,0.17,396
66,KCNK16,Q96T55,INTRAMEM,202,221,fly,P08510,kmerseek chosen arm,kmerseek.mmseqs12_k7_lcTrue,lands,lands,208,217,438,447,,,,0.526,655
66,KCNK16,Q96T55,INTRAMEM,202,221,fly,P08510,kmerseek best other alphabet,kmerseek.gbmr7_k10_lcTrue,best call on another target,lands,203,219,,,Q03720,292,308,0.895,655
66,KCNK16,Q96T55,INTRAMEM,202,221,fly,P08510,phmmer,hmmer3_phmmer.default,best call on another target,spills,14,252,,,Q94526,3,287,0.08,655
66,KCNK16,Q96T55,INTRAMEM,202,221,fly,P08510,MMseqs2,mmseqs2_seqseq.s7,best call on another target,spills,13,251,,,Q94526,5,261,0.08,655
66,KCNK16,Q96T55,INTRAMEM,202,221,fly,P08510,MMseqs2 iterative,mmseqs2_iterative.s7,best call on another target,spills,17,250,,,Q94526,9,260,0.082,655
66,KCNK16,Q96T55,INTRAMEM,202,221,fly,P08510,Foldseek,foldseek.3di_aa,best call on another target,spills,97,304,,,Q7KVW5,698,927,0.092,655
66,KCNK16,Q96T55,INTRAMEM,202,221,fly,P08510,ProstT5,prostt5.3di_from_seq,best call on another target,spills,45,261,,,P35500,1561,1870,0.088,655
66,KCNK16,Q96T55,INTRAMEM,202,221,fly,P08510,Reseek,reseek.verysensitive,best call on another target,spills,10,294,,,Q7Z020,745,1072,0.067,655
66,KCNK16,Q96T55,INTRAMEM,202,221,fly,P08510,Kyte-Doolittle scan,kd_scan,no call,no call,,,,,,,,,655
67,KCNK17,Q96T54,INTRAMEM,211,230,fly,P08510,kmerseek chosen arm,kmerseek.mmseqs12_k7_lcTrue,lands,lands,217,226,438,447,,,,0.526,655
67,KCNK17,Q96T54,INTRAMEM,211,230,fly,P08510,kmerseek best other alphabet,kmerseek.gbmr7_k10_lcTrue,best call on another target,lands,212,228,,,Q03720,292,308,0.895,655
67,KCNK17,Q96T54,INTRAMEM,211,230,fly,P08510,phmmer,hmmer3_phmmer.default,best call on another target,spills,23,268,,,Q94526,2,282,0.078,655
67,KCNK17,Q96T54,INTRAMEM,211,230,fly,P08510,MMseqs2,mmseqs2_seqseq.s7,spills,spills,177,268,387,482,,,,0.209,655
67,KCNK17,Q96T54,INTRAMEM,211,230,fly,P08510,MMseqs2 iterative,mmseqs2_iterative.s7,best call on another target,spills,23,269,,,Q94526,7,270,0.077,655
67,KCNK17,Q96T54,INTRAMEM,211,230,fly,P08510,Foldseek,foldseek.3di_aa,best call on another target,spills,18,269,,,Q94526,2,270,0.076,655
67,KCNK17,Q96T54,INTRAMEM,211,230,fly,P08510,ProstT5,prostt5.3di_from_seq,spills,spills,100,322,308,537,,,,0.086,655
67,KCNK17,Q96T54,INTRAMEM,211,230,fly,P08510,Reseek,reseek.verysensitive,best call on another target,spills,21,314,,,Q7Z020,749,1082,0.065,655
67,KCNK17,Q96T54,INTRAMEM,211,230,fly,P08510,Kyte-Doolittle scan,kd_scan,no call,no call,,,,,,,,,655
68,KCNK5,O95279,INTRAMEM,190,215,fly,Q94526,kmerseek chosen arm,kmerseek.mmseqs12_k7_lcTrue,lands,lands,202,210,216,224,,,,0.36,1001
68,KCNK5,O95279,INTRAMEM,190,215,fly,Q94526,kmerseek best other alphabet,kmerseek.gbmr4_k12_lcTrue,best call on another target,lands,194,209,,,P08510,433,448,0.64,1001
68,KCNK5,O95279,INTRAMEM,190,215,fly,Q94526,phmmer,hmmer3_phmmer.default,spills,spills,7,243,3,280,,,,0.106,1001
68,KCNK5,O95279,INTRAMEM,190,215,fly,Q94526,MMseqs2,mmseqs2_seqseq.s7,spills,spills,3,243,4,262,,,,0.104,1001
68,KCNK5,O95279,INTRAMEM,190,215,fly,Q94526,MMseqs2 iterative,mmseqs2_iterative.s7,spills,spills,3,238,4,257,,,,0.106,1001
68,KCNK5,O95279,INTRAMEM,190,215,fly,Q94526,Foldseek,foldseek.3di_aa,spills,spills,3,482,4,628,,,,0.052,1001
68,KCNK5,O95279,INTRAMEM,190,215,fly,Q94526,ProstT5,prostt5.3di_from_seq,spills,spills,1,493,2,496,,,,0.051,1001
68,KCNK5,O95279,INTRAMEM,190,215,fly,Q94526,Reseek,reseek.verysensitive,best call on another target,spills,11,486,,,Q02280,237,1110,0.053,1001
68,KCNK5,O95279,INTRAMEM,190,215,fly,Q94526,Kyte-Doolittle scan,kd_scan,no call,no call,,,,,,,,,1001
69,ZNF76,P36508,ZN_FING,345,368,fly,Q9VQU9,kmerseek chosen arm,kmerseek.hp_thomas_dill_no_c2_k19_lcTrue,lands,lands,342,364,291,313,,,,0.704,744
69,ZNF76,P36508,ZN_FING,345,368,fly,Q9VQU9,kmerseek best other alphabet,kmerseek.hp_pbotc_1st_ed2_k18_lcTrue,best call on another target,lands,343,365,,,P41073,224,246,0.769,744
69,ZNF76,P36508,ZN_FING,345,368,fly,Q9VQU9,phmmer,hmmer3_phmmer.default,best call on another target,equal or higher IoU,339,369,,,P20385,64,110,0.767,744
69,ZNF76,P36508,ZN_FING,345,368,fly,Q9VQU9,MMseqs2,mmseqs2_seqseq.s7,best call on another target,spills,306,368,,,Q86P48,312,374,0.371,744
69,ZNF76,P36508,ZN_FING,345,368,fly,Q9VQU9,MMseqs2 iterative,mmseqs2_iterative.s7,best call on another target,spills,311,368,,,Q86P48,317,374,0.404,744
69,ZNF76,P36508,ZN_FING,345,368,fly,Q9VQU9,Foldseek,foldseek.3di_aa,best call on another target,spills,286,375,,,Q7JUR5,9,107,0.258,744
69,ZNF76,P36508,ZN_FING,345,368,fly,Q9VQU9,ProstT5,prostt5.3di_from_seq,best call on another target,spills,132,375,,,Q86P48,173,381,0.095,744
69,ZNF76,P36508,ZN_FING,345,368,fly,Q9VQU9,Reseek,reseek.verysensitive,best call on another target,spills,313,368,,,Q9VQS6,21,78,0.418,744
69,ZNF76,P36508,ZN_FING,345,368,fly,Q9VQU9,Kyte-Doolittle scan,kd_scan,no call,no call,,,,,,,,,744
70,SGK1,O00141,BINDING,104,112,fly,Q9NI63,kmerseek chosen arm,kmerseek.sdm12_k6_lcTrue,lands,lands,104,112,108,116,,,,0.889,533
70,SGK1,O00141,BINDING,104,112,fly,Q9NI63,kmerseek best other alphabet,kmerseek.mmseqs12_k5_lcTrue,best call on another target,lands,105,112,,,Q8INB9,273,280,1.0,533
70,SGK1,O00141,BINDING,104,112,fly,Q9NI63,phmmer,hmmer3_phmmer.default,best call on another target,spills,94,151,,,Q9NIV1,578,711,0.14,533
70,SGK1,O00141,BINDING,104,112,fly,Q9NI63,MMseqs2,mmseqs2_seqseq.s7,best call on another target,spills,103,291,,,P04412,943,1134,0.043,533
70,SGK1,O00141,BINDING,104,112,fly,Q9NI63,MMseqs2 iterative,mmseqs2_iterative.s7,best call on another target,spills,97,228,,,P54350,238,367,0.061,533
70,SGK1,O00141,BINDING,104,112,fly,Q9NI63,Foldseek,foldseek.3di_aa,best call on another target,spills,93,350,,,P83104,5,263,0.031,533
70,SGK1,O00141,BINDING,104,112,fly,Q9NI63,ProstT5,prostt5.3di_from_seq,best call on another target,spills,93,349,,,P83104,5,266,0.031,533
70,SGK1,O00141,BINDING,104,112,fly,Q9NI63,Reseek,reseek.verysensitive,best call on another target,spills,100,197,,,Q9W0Y2,12,145,0.082,533
70,SGK1,O00141,BINDING,104,112,fly,Q9NI63,Kyte-Doolittle scan,kd_scan,no call,no call,,,,,,,,,533
71,MAP3K5,Q99683,BINDING,686,694,fly,P23572,kmerseek chosen arm,kmerseek.sdm12_k6_lcTrue,lands,lands,686,695,10,19,,,,0.8,297
71,MAP3K5,Q99683,BINDING,686,694,fly,P23572,kmerseek best other alphabet,kmerseek.mmseqs12_k5_lcTrue,best call on another target,lands,686,694,,,Q9W354,31,39,0.889,297
71,MAP3K5,Q99683,BINDING,686,694,fly,P23572,phmmer,hmmer3_phmmer.default,best call on another target,spills,685,747,,,Q9NIV1,620,724,0.129,297
71,MAP3K5,Q99683,BINDING,686,694,fly,P23572,MMseqs2,mmseqs2_seqseq.s7,best call on another target,spills,686,874,,,P23573,14,199,0.043,297
71,MAP3K5,Q99683,BINDING,686,694,fly,P23572,MMseqs2 iterative,mmseqs2_iterative.s7,best call on another target,spills,686,829,,,Q9V6K3,447,605,0.056,297
71,MAP3K5,Q99683,BINDING,686,694,fly,P23572,Foldseek,foldseek.3di_aa,best call on another target,spills,684,933,,,P83104,15,263,0.032,297
71,MAP3K5,Q99683,BINDING,686,694,fly,P23572,ProstT5,prostt5.3di_from_seq,best call on another target,spills,684,932,,,P83103,252,562,0.032,297
71,MAP3K5,Q99683,BINDING,686,694,fly,P23572,Reseek,reseek.verysensitive,best call on another target,spills,669,778,,,Q9W0Y2,4,145,0.073,297
71,MAP3K5,Q99683,BINDING,686,694,fly,P23572,Kyte-Doolittle scan,kd_scan,no call,no call,,,,,,,,,297
72,KCNK17,Q96T54,INTRAMEM,106,124,fly,P08510,kmerseek chosen arm,kmerseek.mmseqs12_k7_lcTrue,lands,lands,115,124,441,450,,,,0.556,655
72,KCNK17,Q96T54,INTRAMEM,106,124,fly,P08510,kmerseek best other alphabet,kmerseek.dayhoff6_k10_lcTrue,lands,lands,113,124,439,450,,,,0.667,655
72,KCNK17,Q96T54,INTRAMEM,106,124,fly,P08510,phmmer,hmmer3_phmmer.default,best call on another target,spills,97,146,,,Q03720,266,351,0.367,655
72,KCNK17,Q96T54,INTRAMEM,106,124,fly,P08510,MMseqs2,mmseqs2_seqseq.s7,best call on another target,spills,93,141,,,Q03720,281,326,0.375,655
72,KCNK17,Q96T54,INTRAMEM,106,124,fly,P08510,MMseqs2 iterative,mmseqs2_iterative.s7,spills,spills,102,140,428,466,,,,0.474,655
72,KCNK17,Q96T54,INTRAMEM,106,124,fly,P08510,Foldseek,foldseek.3di_aa,best call on another target,spills,18,269,,,Q94526,2,270,0.072,655
72,KCNK17,Q96T54,INTRAMEM,106,124,fly,P08510,ProstT5,prostt5.3di_from_seq,best call on another target,spills,18,220,,,Q02280,368,560,0.089,655
72,KCNK17,Q96T54,INTRAMEM,106,124,fly,P08510,Reseek,reseek.verysensitive,best call on another target,spills,21,314,,,Q7Z020,749,1082,0.061,655
72,KCNK17,Q96T54,INTRAMEM,106,124,fly,P08510,Kyte-Doolittle scan,kd_scan,no call,no call,,,,,,,,,655
73,KCNK16,Q96T55,INTRAMEM,98,116,fly,P08510,kmerseek chosen arm,kmerseek.mmseqs12_k7_lcTrue,lands,lands,107,116,441,450,,,,0.556,655
73,KCNK16,Q96T55,INTRAMEM,98,116,fly,P08510,kmerseek best other alphabet,kmerseek.gbmr4_k12_lcTrue,best call on another target,lands,104,118,,,Q94526,101,115,0.65,655
73,KCNK16,Q96T55,INTRAMEM,98,116,fly,P08510,phmmer,hmmer3_phmmer.default,best call on another target,spills,92,134,,,Q03720,236,339,0.429,655
73,KCNK16,Q96T55,INTRAMEM,98,116,fly,P08510,MMseqs2,mmseqs2_seqseq.s7,spills,spills,98,141,432,480,,,,0.419,655
73,KCNK16,Q96T55,INTRAMEM,98,116,fly,P08510,MMseqs2 iterative,mmseqs2_iterative.s7,best call on another target,spills,94,132,,,Q7KVW5,695,733,0.474,655
73,KCNK16,Q96T55,INTRAMEM,98,116,fly,P08510,Foldseek,foldseek.3di_aa,best call on another target,spills,100,211,,,Q02280,445,560,0.142,655
73,KCNK16,Q96T55,INTRAMEM,98,116,fly,P08510,ProstT5,prostt5.3di_from_seq,best call on another target,spills,76,211,,,Q02280,411,560,0.133,655
73,KCNK16,Q96T55,INTRAMEM,98,116,fly,P08510,Reseek,reseek.verysensitive,best call on another target,spills,10,294,,,Q7Z020,745,1072,0.063,655
73,KCNK16,Q96T55,INTRAMEM,98,116,fly,P08510,Kyte-Doolittle scan,kd_scan,no call,no call,,,,,,,,,655
74,MAPK13,O15264,BINDING,31,39,fly,O62618,kmerseek chosen arm,kmerseek.sdm12_k6_lcTrue,lands,lands,31,39,31,39,,,,0.889,366
74,MAPK13,O15264,BINDING,31,39,fly,O62618,kmerseek best other alphabet,kmerseek.mmseqs12_k5_lcTrue,best call on another target,lands,31,39,,,P11346,435,443,0.889,366
74,MAPK13,O15264,BINDING,31,39,fly,O62618,phmmer,hmmer3_phmmer.default,best call on another target,spills,31,92,,,Q9NIV1,640,737,0.131,366
74,MAPK13,O15264,BINDING,31,39,fly,O62618,MMseqs2,mmseqs2_seqseq.s7,best call on another target,spills,31,156,,,P54350,245,367,0.064,366
74,MAPK13,O15264,BINDING,31,39,fly,O62618,MMseqs2 iterative,mmseqs2_iterative.s7,best call on another target,spills,31,156,,,P54350,245,367,0.064,366
74,MAPK13,O15264,BINDING,31,39,fly,O62618,Foldseek,foldseek.3di_aa,best call on another target,spills,24,264,,,P83103,247,554,0.033,366
74,MAPK13,O15264,BINDING,31,39,fly,O62618,ProstT5,prostt5.3di_from_seq,best call on another target,spills,28,264,,,P83103,251,554,0.034,366
74,MAPK13,O15264,BINDING,31,39,fly,O62618,Reseek,reseek.verysensitive,best call on another target,spills,24,111,,,Q27869,140,223,0.092,366
74,MAPK13,O15264,BINDING,31,39,fly,O62618,Kyte-Doolittle scan,kd_scan,no call,no call,,,,,,,,,366
75,LATS1,O95835,BINDING,711,719,fly,P04412,kmerseek chosen arm,kmerseek.sdm12_k6_lcTrue,lands,lands,711,719,944,952,,,,0.889,1426
75,LATS1,O95835,BINDING,711,719,fly,P04412,kmerseek best other alphabet,kmerseek.mmseqs12_k6_lcTrue,best call on another target,lands,712,719,,,Q9VA38,726,733,1.0,1426
75,LATS1,O95835,BINDING,711,719,fly,P04412,phmmer,hmmer3_phmmer.default,best call on another target,spills,703,773,,,Q9NIV1,636,710,0.114,1426
75,LATS1,O95835,BINDING,711,719,fly,P04412,MMseqs2,mmseqs2_seqseq.s7,best call on another target,spills,711,850,,,Q9VBW3,476,632,0.058,1426
75,LATS1,O95835,BINDING,711,719,fly,P04412,MMseqs2 iterative,mmseqs2_iterative.s7,best call on another target,spills,702,834,,,P54350,236,367,0.061,1426
75,LATS1,O95835,BINDING,711,719,fly,P04412,Foldseek,foldseek.3di_aa,best call on another target,spills,709,1012,,,Q05652,217,497,0.026,1426
75,LATS1,O95835,BINDING,711,719,fly,P04412,ProstT5,prostt5.3di_from_seq,best call on another target,spills,698,1005,,,Q9VEZ5,27,346,0.026,1426
75,LATS1,O95835,BINDING,711,719,fly,P04412,Reseek,reseek.verysensitive,best call on another target,spills,712,783,,,P17719,15,179,0.097,1426
75,LATS1,O95835,BINDING,711,719,fly,P04412,Kyte-Doolittle scan,kd_scan,no call,no call,,,,,,,,,1426
76,MAP3K4,Q9Y6R4,BINDING,1349,1357,fly,P05130,kmerseek chosen arm,kmerseek.sdm12_k6_lcTrue,lands,lands,1349,1357,356,364,,,,0.889,679
76,MAP3K4,Q9Y6R4,BINDING,1349,1357,fly,P05130,kmerseek best other alphabet,kmerseek.hsdm17_k5_lcTrue,best call on another target,lands,1352,1358,,,P00522,380,386,0.667,679
76,MAP3K4,Q9Y6R4,BINDING,1349,1357,fly,P05130,phmmer,hmmer3_phmmer.default,best call on another target,spills,1349,1406,,,Q9NIV1,634,707,0.14,679
76,MAP3K4,Q9Y6R4,BINDING,1349,1357,fly,P05130,MMseqs2,mmseqs2_seqseq.s7,best call on another target,spills,1349,1542,,,P18431,60,252,0.041,679
76,MAP3K4,Q9Y6R4,BINDING,1349,1357,fly,P05130,MMseqs2 iterative,mmseqs2_iterative.s7,best call on another target,spills,1347,1472,,,P54350,243,370,0.064,679
76,MAP3K4,Q9Y6R4,BINDING,1349,1357,fly,P05130,Foldseek,foldseek.3di_aa,best call on another target,spills,1343,1597,,,P83104,10,264,0.031,679
76,MAP3K4,Q9Y6R4,BINDING,1349,1357,fly,P05130,ProstT5,prostt5.3di_from_seq,best call on another target,spills,1346,1602,,,Q9VT57,24,336,0.031,679
76,MAP3K4,Q9Y6R4,BINDING,1349,1357,fly,P05130,Reseek,reseek.verysensitive,best call on another target,spills,1329,1427,,,Q9NHD5,23,154,0.082,679
76,MAP3K4,Q9Y6R4,BINDING,1349,1357,fly,P05130,Kyte-Doolittle scan,kd_scan,no call,no call,,,,,,,,,679
77,ZBTB24,O43167,ZN_FING,350,372,zebrafish,Q52KB5,kmerseek chosen arm,kmerseek.hp_thomas_dill_no_c2_k19_lcTrue,lands,lands,352,376,295,319,,,,0.808,672
77,ZBTB24,O43167,ZN_FING,350,372,zebrafish,Q52KB5,kmerseek best other alphabet,kmerseek.gbmr4_k13_lcTrue,lands,lands,352,373,295,316,,,,0.913,672
77,ZBTB24,O43167,ZN_FING,350,372,zebrafish,Q52KB5,phmmer,hmmer3_phmmer.default,best call on another target,spills,322,373,,,A0A0R4IYX6,580,661,0.431,672
77,ZBTB24,O43167,ZN_FING,350,372,zebrafish,Q52KB5,MMseqs2,mmseqs2_seqseq.s7,best call on another target,spills,319,400,,,Q5XJQ7,171,252,0.272,672
77,ZBTB24,O43167,ZN_FING,350,372,zebrafish,Q52KB5,MMseqs2 iterative,mmseqs2_iterative.s7,best call on another target,spills,319,400,,,Q5XJQ7,171,252,0.272,672
77,ZBTB24,O43167,ZN_FING,350,372,zebrafish,Q52KB5,Foldseek,foldseek.3di_aa,best call on another target,spills,270,515,,,Q9W747,10,285,0.09,672
77,ZBTB24,O43167,ZN_FING,350,372,zebrafish,Q52KB5,ProstT5,prostt5.3di_from_seq,best call on another target,spills,278,515,,,A7Y7X5,462,701,0.093,672
77,ZBTB24,O43167,ZN_FING,350,372,zebrafish,Q52KB5,Reseek,reseek.verysensitive,best call on another target,spills,299,503,,,Q7SXR3,136,388,0.108,672
77,ZBTB24,O43167,ZN_FING,350,372,zebrafish,Q52KB5,Kyte-Doolittle scan,kd_scan,no call,no call,,,,,,,,,672
78,LRFN2,Q9ULH4,REPEAT,198,219,zebrafish,Q6PGX3,kmerseek chosen arm,kmerseek.hp_kyte_doolittle2_k19_lcTrue,lands,lands,196,218,195,217,,,,0.833,584
78,LRFN2,Q9ULH4,REPEAT,198,219,zebrafish,Q6PGX3,kmerseek best other alphabet,kmerseek.hp_lehninger2_k18_lcTrue,lands,lands,199,219,77,97,,,,1.0,584
78,LRFN2,Q9ULH4,REPEAT,198,219,zebrafish,Q6PGX3,phmmer,hmmer3_phmmer.default,best call on another target,spills,83,221,,,E7FE13,274,429,0.152,584
78,LRFN2,Q9ULH4,REPEAT,198,219,zebrafish,Q6PGX3,MMseqs2,mmseqs2_seqseq.s7,best call on another target,spills,55,214,,,Q1L8Y7,384,537,0.098,584
78,LRFN2,Q9ULH4,REPEAT,198,219,zebrafish,Q6PGX3,MMseqs2 iterative,mmseqs2_iterative.s7,best call on another target,spills,153,247,,,A2BHJ4,30,135,0.223,584
78,LRFN2,Q9ULH4,REPEAT,198,219,zebrafish,Q6PGX3,Foldseek,foldseek.3di_aa,best call on another target,spills,100,240,,,Q6NUW5,17,147,0.15,584
78,LRFN2,Q9ULH4,REPEAT,198,219,zebrafish,Q6PGX3,ProstT5,prostt5.3di_from_seq,best call on another target,spills,43,257,,,Q1L8Y7,160,407,0.098,584
78,LRFN2,Q9ULH4,REPEAT,198,219,zebrafish,Q6PGX3,Reseek,reseek.verysensitive,best call on another target,spills,68,235,,,Q6DHB1,21,182,0.126,584
78,LRFN2,Q9ULH4,REPEAT,198,219,zebrafish,Q6PGX3,Kyte-Doolittle scan,kd_scan,no call,no call,,,,,,,,,584
79,STXBP5,Q5T5C0,REPEAT,240,272,zebrafish,Q5SQE2,kmerseek chosen arm,kmerseek.hp_kyte_doolittle2_k19_lcTrue,lands,lands,245,274,259,288,,,,0.824,1159
79,STXBP5,Q5T5C0,REPEAT,240,272,zebrafish,Q5SQE2,kmerseek best other alphabet,kmerseek.hp_thomas_dill2_k19_lcTrue,best call on another target,lands,243,269,,,Q5XJS5,116,142,0.844,1159
79,STXBP5,Q5T5C0,REPEAT,240,272,zebrafish,Q5SQE2,phmmer,hmmer3_phmmer.default,best call on another target,equal or higher IoU,239,269,,,Q6PBY0,183,237,0.879,1159
79,STXBP5,Q5T5C0,REPEAT,240,272,zebrafish,Q5SQE2,MMseqs2,mmseqs2_seqseq.s7,best call on another target,spills,214,286,,,E7FEV0,1926,2007,0.444,1159
79,STXBP5,Q5T5C0,REPEAT,240,272,zebrafish,Q5SQE2,MMseqs2 iterative,mmseqs2_iterative.s7,best call on another target,"inside, lower IoU",216,267,,,Q7T394,128,180,0.482,1159
79,STXBP5,Q5T5C0,REPEAT,240,272,zebrafish,Q5SQE2,Foldseek,foldseek.3di_aa,best call on another target,spills,140,319,,,A0A0N9E2K8,354,559,0.179,1159
79,STXBP5,Q5T5C0,REPEAT,240,272,zebrafish,Q5SQE2,ProstT5,prostt5.3di_from_seq,best call on another target,spills,51,279,,,A0A0N9E2K8,354,579,0.14,1159
79,STXBP5,Q5T5C0,REPEAT,240,272,zebrafish,Q5SQE2,Reseek,reseek.verysensitive,best call on another target,spills,210,307,,,Q7T3P8,69,117,0.33,1159
79,STXBP5,Q5T5C0,REPEAT,240,272,zebrafish,Q5SQE2,Kyte-Doolittle scan,kd_scan,no call,no call,,,,,,,,,1159
80,STXBP5,Q5T5C0,REPEAT,344,378,zebrafish,Q5SQE2,kmerseek chosen arm,kmerseek.hp_kyte_doolittle2_k19_lcTrue,lands,lands,357,378,371,392,,,,0.647,1159
80,STXBP5,Q5T5C0,REPEAT,344,378,zebrafish,Q5SQE2,kmerseek best other alphabet,kmerseek.hp_lehninger2_k20_lcTrue,lands,lands,350,378,364,392,,,,0.853,1159
80,STXBP5,Q5T5C0,REPEAT,344,378,zebrafish,Q5SQE2,phmmer,hmmer3_phmmer.default,best call on another target,spills,42,499,,,Q7SZE3,6,550,0.074,1159
80,STXBP5,Q5T5C0,REPEAT,344,378,zebrafish,Q5SQE2,MMseqs2,mmseqs2_seqseq.s7,best call on another target,spills,46,1019,,,Q7SZE3,21,920,0.035,1159
80,STXBP5,Q5T5C0,REPEAT,344,378,zebrafish,Q5SQE2,MMseqs2 iterative,mmseqs2_iterative.s7,best call on another target,spills,46,1019,,,Q7SZE3,21,920,0.035,1159
80,STXBP5,Q5T5C0,REPEAT,344,378,zebrafish,Q5SQE2,Foldseek,foldseek.3di_aa,best call on another target,spills,64,383,,,Q803V5,6,304,0.107,1159
80,STXBP5,Q5T5C0,REPEAT,344,378,zebrafish,Q5SQE2,ProstT5,prostt5.3di_from_seq,best call on another target,spills,71,378,,,Q803V5,14,299,0.111,1159
80,STXBP5,Q5T5C0,REPEAT,344,378,zebrafish,Q5SQE2,Reseek,reseek.verysensitive,best call on another target,spills,180,385,,,Q6DHB1,28,181,0.166,1159
80,STXBP5,Q5T5C0,REPEAT,344,378,zebrafish,Q5SQE2,Kyte-Doolittle scan,kd_scan,no call,no call,,,,,,,,,1159
81,RIPPLY2,Q5TAB7,REGION,77,112,zebrafish,Q2WG79,kmerseek chosen arm,kmerseek.hp_thomas_dill2_k19_lcTrue,lands,lands,75,109,51,85,,,,0.842,109
81,RIPPLY2,Q5TAB7,REGION,77,112,zebrafish,Q2WG79,kmerseek best other alphabet,kmerseek.hp_lehninger2_k18_lcTrue,lands,lands,75,114,51,90,,,,0.875,109
81,RIPPLY2,Q5TAB7,REGION,77,112,zebrafish,Q2WG79,phmmer,hmmer3_phmmer.default,spills,spills,36,123,5,104,,,,0.402,109
81,RIPPLY2,Q5TAB7,REGION,77,112,zebrafish,Q2WG79,MMseqs2,mmseqs2_seqseq.s7,spills,spills,37,120,20,96,,,,0.422,109
81,RIPPLY2,Q5TAB7,REGION,77,112,zebrafish,Q2WG79,MMseqs2 iterative,mmseqs2_iterative.s7,spills,spills,37,120,20,96,,,,0.422,109
81,RIPPLY2,Q5TAB7,REGION,77,112,zebrafish,Q2WG79,Foldseek,foldseek.3di_aa,best call on another target,"inside, lower IoU",47,111,,,Q8JHF2,87,143,0.523,109
81,RIPPLY2,Q5TAB7,REGION,77,112,zebrafish,Q2WG79,ProstT5,prostt5.3di_from_seq,best call on another target,spills,22,128,,,Q2WG80,8,122,0.33,109
81,RIPPLY2,Q5TAB7,REGION,77,112,zebrafish,Q2WG79,Reseek,reseek.verysensitive,best call on another target,"inside, lower IoU",77,119,,,Q503P2,129,177,0.833,109
81,RIPPLY2,Q5TAB7,REGION,77,112,zebrafish,Q2WG79,Kyte-Doolittle scan,kd_scan,no call,no call,,,,,,,,,109
82,PAK1IP1,Q9NWT1,REPEAT,73,113,zebrafish,Q6TNS2,kmerseek chosen arm,kmerseek.hp_kyte_doolittle2_k19_lcTrue,lands,lands,74,99,79,104,,,,0.65,368
82,PAK1IP1,Q9NWT1,REPEAT,73,113,zebrafish,Q6TNS2,kmerseek best other alphabet,kmerseek.hp_lehninger2_k18_lcTrue,lands,lands,74,109,79,114,,,,0.9,368
82,PAK1IP1,Q9NWT1,REPEAT,73,113,zebrafish,Q6TNS2,phmmer,hmmer3_phmmer.default,best call on another target,equal or higher IoU,77,113,,,A1L271,42,141,0.9,368
82,PAK1IP1,Q9NWT1,REPEAT,73,113,zebrafish,Q6TNS2,MMseqs2,mmseqs2_seqseq.s7,best call on another target,spills,39,120,,,Q1LUT1,293,392,0.494,368
82,PAK1IP1,Q9NWT1,REPEAT,73,113,zebrafish,Q6TNS2,MMseqs2 iterative,mmseqs2_iterative.s7,best call on another target,equal or higher IoU,55,111,,,Q5XJS5,125,182,0.655,368
82,PAK1IP1,Q9NWT1,REPEAT,73,113,zebrafish,Q6TNS2,Foldseek,foldseek.3di_aa,best call on another target,spills,45,279,,,Q6PFM9,33,284,0.171,368
82,PAK1IP1,Q9NWT1,REPEAT,73,113,zebrafish,Q6TNS2,ProstT5,prostt5.3di_from_seq,best call on another target,spills,45,285,,,Q7ZUW6,13,268,0.167,368
82,PAK1IP1,Q9NWT1,REPEAT,73,113,zebrafish,Q6TNS2,Reseek,reseek.verysensitive,best call on another target,spills,40,187,,,Q6P9Z4,66,150,0.272,368
82,PAK1IP1,Q9NWT1,REPEAT,73,113,zebrafish,Q6TNS2,Kyte-Doolittle scan,kd_scan,no call,no call,,,,,,,,,368
83,PPARD,Q03181,ZN_FING,111,133,zebrafish,Q06726,kmerseek chosen arm,kmerseek.hp_thomas_dill_no_c2_k19_lcTrue,lands,lands,109,134,90,115,,,,0.846,403
83,PPARD,Q03181,ZN_FING,111,133,zebrafish,Q06726,kmerseek best other alphabet,kmerseek.hp_kyte_doolittle2_k19_lcTrue,lands,lands,112,134,93,115,,,,0.957,403
83,PPARD,Q03181,ZN_FING,111,133,zebrafish,Q06726,phmmer,hmmer3_phmmer.default,best call on another target,spills,73,147,,,Q9PTN2,26,176,0.297,403
83,PPARD,Q03181,ZN_FING,111,133,zebrafish,Q06726,MMseqs2,mmseqs2_seqseq.s7,best call on another target,spills,74,156,,,Q4V8R7,41,124,0.268,403
83,PPARD,Q03181,ZN_FING,111,133,zebrafish,Q06726,MMseqs2 iterative,mmseqs2_iterative.s7,best call on another target,spills,74,149,,,Q4V8R7,41,117,0.293,403
83,PPARD,Q03181,ZN_FING,111,133,zebrafish,Q06726,Foldseek,foldseek.3di_aa,best call on another target,spills,56,409,,,Q4V8R7,25,416,0.062,403
83,PPARD,Q03181,ZN_FING,111,133,zebrafish,Q06726,ProstT5,prostt5.3di_from_seq,best call on another target,spills,25,170,,,Q567J8,53,232,0.152,403
83,PPARD,Q03181,ZN_FING,111,133,zebrafish,Q06726,Reseek,reseek.verysensitive,best call on another target,spills,69,149,,,Q7ZUV1,156,218,0.275,403
83,PPARD,Q03181,ZN_FING,111,133,zebrafish,Q06726,Kyte-Doolittle scan,kd_scan,no call,no call,,,,,,,,,403
84,PHF10,Q8WUB8,ZN_FING,379,436,zebrafish,A9LMC0,kmerseek chosen arm,kmerseek.hp_thomas_dill_no_c2_k19_lcTrue,lands,lands,385,416,282,313,,,,0.561,391
84,PHF10,Q8WUB8,ZN_FING,379,436,zebrafish,A9LMC0,kmerseek best other alphabet,kmerseek.dayhoff6_k10_lcTrue,best call on another target,lands,385,421,,,Q6NWE1,377,413,0.649,391
84,PHF10,Q8WUB8,ZN_FING,379,436,zebrafish,A9LMC0,phmmer,hmmer3_phmmer.default,"inside, lower IoU","inside, lower IoU",371,480,188,385,,,,0.523,391
84,PHF10,Q8WUB8,ZN_FING,379,436,zebrafish,A9LMC0,MMseqs2,mmseqs2_seqseq.s7,best call on another target,equal or higher IoU,379,478,,,A0A286Y9D1,287,374,0.576,391
84,PHF10,Q8WUB8,ZN_FING,379,436,zebrafish,A9LMC0,MMseqs2 iterative,mmseqs2_iterative.s7,best call on another target,equal or higher IoU,395,436,,,Q6P2A1,333,374,0.719,391
84,PHF10,Q8WUB8,ZN_FING,379,436,zebrafish,A9LMC0,Foldseek,foldseek.3di_aa,best call on another target,spills,332,495,,,Q90415,2,138,0.35,391
84,PHF10,Q8WUB8,ZN_FING,379,436,zebrafish,A9LMC0,ProstT5,prostt5.3di_from_seq,best call on another target,spills,368,498,,,Q566M8,255,361,0.438,391
84,PHF10,Q8WUB8,ZN_FING,379,436,zebrafish,A9LMC0,Reseek,reseek.verysensitive,best call on another target,"inside, lower IoU",378,483,,,A6H8I0,44,146,0.543,391
84,PHF10,Q8WUB8,ZN_FING,379,436,zebrafish,A9LMC0,Kyte-Doolittle scan,kd_scan,no call,no call,,,,,,,,,391
85,DLL1,O00548,DOMAIN,447,478,zebrafish,Q8UWJ4,kmerseek chosen arm,kmerseek.hp_thomas_dill_no_c2_k19_lcTrue,lands,lands,455,479,453,477,,,,0.75,717
85,DLL1,O00548,DOMAIN,447,478,zebrafish,Q8UWJ4,kmerseek best other alphabet,kmerseek.gbmr4_k13_lcTrue,lands,lands,451,480,449,478,,,,0.848,717
85,DLL1,O00548,DOMAIN,447,478,zebrafish,Q8UWJ4,phmmer,hmmer3_phmmer.default,best call on another target,equal or higher IoU,447,479,,,A1XQX8,161,244,0.969,717
85,DLL1,O00548,DOMAIN,447,478,zebrafish,Q8UWJ4,MMseqs2,mmseqs2_seqseq.s7,best call on another target,equal or higher IoU,447,478,,,A1XQX0,669,701,1.0,717
85,DLL1,O00548,DOMAIN,447,478,zebrafish,Q8UWJ4,MMseqs2 iterative,mmseqs2_iterative.s7,best call on another target,equal or higher IoU,447,478,,,A1XQX0,669,701,1.0,717
85,DLL1,O00548,DOMAIN,447,478,zebrafish,Q8UWJ4,Foldseek,foldseek.3di_aa,best call on another target,spills,326,516,,,Q1L8P7,271,427,0.163,717
85,DLL1,O00548,DOMAIN,447,478,zebrafish,Q8UWJ4,ProstT5,prostt5.3di_from_seq,best call on another target,spills,404,638,,,A8WGB1,34,293,0.132,717
85,DLL1,O00548,DOMAIN,447,478,zebrafish,Q8UWJ4,Reseek,reseek.verysensitive,best call on another target,spills,404,518,,,Q6NWI4,5,84,0.272,717
85,DLL1,O00548,DOMAIN,447,478,zebrafish,Q8UWJ4,Kyte-Doolittle scan,kd_scan,no call,no call,,,,,,,,,717
86,ZNF165,P49910,ZN_FING,456,478,zebrafish,Q25C93,kmerseek chosen arm,kmerseek.hp_thomas_dill_no_c2_k19_lcTrue,lands,lands,457,480,304,327,,,,0.917,429
86,ZNF165,P49910,ZN_FING,456,478,zebrafish,Q25C93,kmerseek best other alphabet,kmerseek.gbmr4_k13_lcTrue,best call on another target,lands,456,478,,,Q52KB5,321,343,0.957,429
86,ZNF165,P49910,ZN_FING,456,478,zebrafish,Q25C93,phmmer,hmmer3_phmmer.default,best call on another target,"inside, lower IoU",451,479,,,A2BID7,299,349,0.786,429
86,ZNF165,P49910,ZN_FING,456,478,zebrafish,Q25C93,MMseqs2,mmseqs2_seqseq.s7,best call on another target,spills,397,479,,,Q5XJQ7,171,253,0.268,429
86,ZNF165,P49910,ZN_FING,456,478,zebrafish,Q25C93,MMseqs2 iterative,mmseqs2_iterative.s7,best call on another target,spills,429,481,,,F1QQA8,700,752,0.423,429
86,ZNF165,P49910,ZN_FING,456,478,zebrafish,Q25C93,Foldseek,foldseek.3di_aa,spills,spills,139,480,3,383,,,,0.065,429
86,ZNF165,P49910,ZN_FING,456,478,zebrafish,Q25C93,ProstT5,prostt5.3di_from_seq,best call on another target,spills,297,481,,,Q9W747,125,313,0.12,429
86,ZNF165,P49910,ZN_FING,456,478,zebrafish,Q25C93,Reseek,reseek.verysensitive,best call on another target,spills,346,485,,,Q7ZW16,31,172,0.158,429
86,ZNF165,P49910,ZN_FING,456,478,zebrafish,Q25C93,Kyte-Doolittle scan,kd_scan,no call,no call,,,,,,,,,429
87,PHACTR1,Q9C0D0,REPEAT,138,163,zebrafish,Q6PEI3,kmerseek chosen arm,kmerseek.hp_kyte_doolittle2_k19_lcTrue,lands,lands,139,168,62,91,,,,0.833,754
87,PHACTR1,Q9C0D0,REPEAT,138,163,zebrafish,Q6PEI3,kmerseek best other alphabet,kmerseek.hp_thomas_dill2_k19_lcTrue,lands,lands,139,162,62,85,,,,0.96,754
87,PHACTR1,Q9C0D0,REPEAT,138,163,zebrafish,Q6PEI3,phmmer,hmmer3_phmmer.default,best call on another target,spills,92,181,,,F1QIC4,10,123,0.281,754
87,PHACTR1,Q9C0D0,REPEAT,138,163,zebrafish,Q6PEI3,MMseqs2,mmseqs2_seqseq.s7,best call on another target,spills,95,580,,,F1QIC4,29,725,0.052,754
87,PHACTR1,Q9C0D0,REPEAT,138,163,zebrafish,Q6PEI3,MMseqs2 iterative,mmseqs2_iterative.s7,no call,no call,,,,,,,,,754
87,PHACTR1,Q9C0D0,REPEAT,138,163,zebrafish,Q6PEI3,Foldseek,foldseek.3di_aa,spills,spills,79,580,1,754,,,,0.05,754
87,PHACTR1,Q9C0D0,REPEAT,138,163,zebrafish,Q6PEI3,ProstT5,prostt5.3di_from_seq,spills,spills,97,580,19,754,,,,0.052,754
87,PHACTR1,Q9C0D0,REPEAT,138,163,zebrafish,Q6PEI3,Reseek,reseek.verysensitive,best call on another target,spills,90,211,,,A2BHJ4,1,183,0.207,754
87,PHACTR1,Q9C0D0,REPEAT,138,163,zebrafish,Q6PEI3,Kyte-Doolittle scan,kd_scan,no call,no call,,,,,,,,,754
88,EHMT2,Q96KQ7,REPEAT,750,780,zebrafish,Q502K3,kmerseek chosen arm,kmerseek.hp_kyte_doolittle2_k19_lcTrue,lands,lands,755,775,177,197,,,,0.7,1071
88,EHMT2,Q96KQ7,REPEAT,750,780,zebrafish,Q502K3,kmerseek best other alphabet,kmerseek.hp_thomas_dill_no_c2_k19_lcTrue,best call on another target,lands,758,778,,,Q6P9Z4,48,68,0.7,1071
88,EHMT2,Q96KQ7,REPEAT,750,780,zebrafish,Q502K3,phmmer,hmmer3_phmmer.default,best call on another target,"inside, lower IoU",747,793,,,X1WE18,863,960,0.652,1071
88,EHMT2,Q96KQ7,REPEAT,750,780,zebrafish,Q502K3,MMseqs2,mmseqs2_seqseq.s7,best call on another target,spills,722,810,,,Q7T2B9,6,93,0.341,1071
88,EHMT2,Q96KQ7,REPEAT,750,780,zebrafish,Q502K3,MMseqs2 iterative,mmseqs2_iterative.s7,best call on another target,spills,750,813,,,Q5XJ13,192,255,0.476,1071
88,EHMT2,Q96KQ7,REPEAT,750,780,zebrafish,Q502K3,Foldseek,foldseek.3di_aa,best call on another target,spills,722,807,,,Q7T3Y0,16,104,0.353,1071
88,EHMT2,Q96KQ7,REPEAT,750,780,zebrafish,Q502K3,ProstT5,prostt5.3di_from_seq,best call on another target,spills,747,880,,,Q7ZUV0,55,170,0.226,1071
88,EHMT2,Q96KQ7,REPEAT,750,780,zebrafish,Q502K3,Reseek,reseek.verysensitive,best call on another target,spills,744,911,,,Q6TGW5,41,202,0.18,1071
88,EHMT2,Q96KQ7,REPEAT,750,780,zebrafish,Q502K3,Kyte-Doolittle scan,kd_scan,no call,no call,,,,,,,,,1071
89,ZSCAN9,O15535,ZN_FING,310,332,zebrafish,Q7T3H2,kmerseek chosen arm,kmerseek.hp_thomas_dill_no_c2_k19_lcTrue,lands,lands,309,335,251,277,,,,0.815,453
89,ZSCAN9,O15535,ZN_FING,310,332,zebrafish,Q7T3H2,kmerseek best other alphabet,kmerseek.gbmr4_k13_lcTrue,best call on another target,lands,309,325,,,Q1LY51,282,298,0.625,453
89,ZSCAN9,O15535,ZN_FING,310,332,zebrafish,Q7T3H2,phmmer,hmmer3_phmmer.default,best call on another target,"inside, lower IoU",305,333,,,A2BID7,305,360,0.786,453
89,ZSCAN9,O15535,ZN_FING,310,332,zebrafish,Q7T3H2,MMseqs2,mmseqs2_seqseq.s7,best call on another target,"inside, lower IoU",306,343,,,A0JMD2,915,954,0.595,453
89,ZSCAN9,O15535,ZN_FING,310,332,zebrafish,Q7T3H2,MMseqs2 iterative,mmseqs2_iterative.s7,spills,spills,284,333,226,275,,,,0.449,453
89,ZSCAN9,O15535,ZN_FING,310,332,zebrafish,Q7T3H2,Foldseek,foldseek.3di_aa,best call on another target,spills,238,391,,,Q9W747,160,313,0.144,453
89,ZSCAN9,O15535,ZN_FING,310,332,zebrafish,Q7T3H2,ProstT5,prostt5.3di_from_seq,best call on another target,spills,249,389,,,Q1LYE3,225,375,0.157,453
89,ZSCAN9,O15535,ZN_FING,310,332,zebrafish,Q7T3H2,Reseek,reseek.verysensitive,best call on another target,spills,306,366,,,Q6DGQ0,10,83,0.367,453
89,ZSCAN9,O15535,ZN_FING,310,332,zebrafish,Q7T3H2,Kyte-Doolittle scan,kd_scan,no call,no call,,,,,,,,,453
90,KCNK16,Q96T55,INTRAMEM,98,116,zebrafish,Q5VSE6,kmerseek chosen arm,kmerseek.mmseqs12_k7_lcTrue,lands,lands,103,112,107,116,,,,0.556,412
90,KCNK16,Q96T55,INTRAMEM,98,116,zebrafish,Q5VSE6,kmerseek best other alphabet,kmerseek.funcgroups8_k10_lcTrue,lands,lands,99,112,103,116,,,,0.778,412
90,KCNK16,Q96T55,INTRAMEM,98,116,zebrafish,Q5VSE6,phmmer,hmmer3_phmmer.default,spills,spills,12,142,10,170,,,,0.138,412
90,KCNK16,Q96T55,INTRAMEM,98,116,zebrafish,Q5VSE6,MMseqs2,mmseqs2_seqseq.s7,spills,spills,13,285,21,315,,,,0.066,412
90,KCNK16,Q96T55,INTRAMEM,98,116,zebrafish,Q5VSE6,MMseqs2 iterative,mmseqs2_iterative.s7,spills,spills,13,219,21,249,,,,0.087,412
90,KCNK16,Q96T55,INTRAMEM,98,116,zebrafish,Q5VSE6,Foldseek,foldseek.3di_aa,spills,spills,1,309,3,338,,,,0.058,412
90,KCNK16,Q96T55,INTRAMEM,98,116,zebrafish,Q5VSE6,ProstT5,prostt5.3di_from_seq,spills,spills,1,298,3,327,,,,0.061,412
90,KCNK16,Q96T55,INTRAMEM,98,116,zebrafish,Q5VSE6,Reseek,reseek.verysensitive,best call on another target,spills,49,304,,,Q6PBN5,1,375,0.071,412
90,KCNK16,Q96T55,INTRAMEM,98,116,zebrafish,Q5VSE6,Kyte-Doolittle scan,kd_scan,no call,no call,,,,,,,,,412
91,CDC40,O60508,REPEAT,286,326,zebrafish,Q7T394,kmerseek chosen arm,kmerseek.hp_kyte_doolittle2_k19_lcTrue,lands,lands,300,320,161,181,,,,0.525,410
91,CDC40,O60508,REPEAT,286,326,zebrafish,Q7T394,kmerseek best other alphabet,kmerseek.hp_lehninger_c_nonpolar2_k18_lcTrue,best call on another target,lands,296,318,,,A4IGH4,197,219,0.575,410
91,CDC40,O60508,REPEAT,286,326,zebrafish,Q7T394,phmmer,hmmer3_phmmer.default,best call on another target,equal or higher IoU,284,326,,,F1QHZ6,530,625,0.952,410
91,CDC40,O60508,REPEAT,286,326,zebrafish,Q7T394,MMseqs2,mmseqs2_seqseq.s7,best call on another target,spills,287,377,,,Q6NWH1,170,252,0.429,410
91,CDC40,O60508,REPEAT,286,326,zebrafish,Q7T394,MMseqs2 iterative,mmseqs2_iterative.s7,best call on another target,equal or higher IoU,285,321,,,Q05AM5,197,234,0.854,410
91,CDC40,O60508,REPEAT,286,326,zebrafish,Q7T394,Foldseek,foldseek.3di_aa,best call on another target,spills,286,536,,,Q6DHG0,7,232,0.16,410
91,CDC40,O60508,REPEAT,286,326,zebrafish,Q7T394,ProstT5,prostt5.3di_from_seq,best call on another target,spills,286,555,,,Q68EI0,36,315,0.149,410
91,CDC40,O60508,REPEAT,286,326,zebrafish,Q7T394,Reseek,reseek.verysensitive,best call on another target,spills,300,364,,,Q7T2B9,57,101,0.333,410
91,CDC40,O60508,REPEAT,286,326,zebrafish,Q7T394,Kyte-Doolittle scan,kd_scan,no call,no call,,,,,,,,,410
92,MAP3K5,Q99683,BINDING,686,694,zebrafish,Q32PP3,kmerseek chosen arm,kmerseek.sdm12_k6_lcTrue,lands,lands,686,695,14,23,,,,0.8,341
92,MAP3K5,Q99683,BINDING,686,694,zebrafish,Q32PP3,kmerseek best other alphabet,kmerseek.mmseqs12_k5_lcTrue,lands,lands,687,695,15,23,,,,0.889,341
92,MAP3K5,Q99683,BINDING,686,694,zebrafish,Q32PP3,phmmer,hmmer3_phmmer.default,spills,spills,686,713,10,73,,,,0.296,341
92,MAP3K5,Q99683,BINDING,686,694,zebrafish,Q32PP3,MMseqs2,mmseqs2_seqseq.s7,best call on another target,spills,686,827,,,Q6DBX4,29,169,0.057,341
92,MAP3K5,Q99683,BINDING,686,694,zebrafish,Q32PP3,MMseqs2 iterative,mmseqs2_iterative.s7,best call on another target,spills,686,827,,,Q6DBX4,29,169,0.057,341
92,MAP3K5,Q99683,BINDING,686,694,zebrafish,Q32PP3,Foldseek,foldseek.3di_aa,best call on another target,spills,685,938,,,Q9DGE1,30,309,0.032,341
92,MAP3K5,Q99683,BINDING,686,694,zebrafish,Q32PP3,ProstT5,prostt5.3di_from_seq,spills,spills,666,941,1,333,,,,0.029,341
92,MAP3K5,Q99683,BINDING,686,694,zebrafish,Q32PP3,Reseek,reseek.verysensitive,best call on another target,spills,682,862,,,Q8JGR6,15,152,0.044,341
92,MAP3K5,Q99683,BINDING,686,694,zebrafish,Q32PP3,Kyte-Doolittle scan,kd_scan,no call,no call,,,,,,,,,341
93,MAPK14,Q16539,BINDING,30,38,zebrafish,O42376,kmerseek chosen arm,kmerseek.sdm12_k6_lcTrue,lands,lands,30,39,31,40,,,,0.8,363
93,MAPK14,Q16539,BINDING,30,38,zebrafish,O42376,kmerseek best other alphabet,kmerseek.mmseqs12_k5_lcTrue,lands,lands,30,39,31,40,,,,0.8,363
93,MAPK14,Q16539,BINDING,30,38,zebrafish,O42376,phmmer,hmmer3_phmmer.default,best call on another target,spills,23,88,,,Q32PP3,3,85,0.123,363
93,MAPK14,Q16539,BINDING,30,38,zebrafish,O42376,MMseqs2,mmseqs2_seqseq.s7,best call on another target,spills,22,173,,,Q6DBX4,21,169,0.053,363
93,MAPK14,Q16539,BINDING,30,38,zebrafish,O42376,MMseqs2 iterative,mmseqs2_iterative.s7,best call on another target,spills,20,180,,,Q7T2E3,5,161,0.05,363
93,MAPK14,Q16539,BINDING,30,38,zebrafish,O42376,Foldseek,foldseek.3di_aa,best call on another target,spills,3,185,,,Q6DBX4,1,189,0.044,363
93,MAPK14,Q16539,BINDING,30,38,zebrafish,O42376,ProstT5,prostt5.3di_from_seq,best call on another target,spills,22,196,,,Q6DBX4,21,203,0.046,363
93,MAPK14,Q16539,BINDING,30,38,zebrafish,O42376,Reseek,reseek.verysensitive,best call on another target,spills,22,108,,,Q6DBY2,43,153,0.093,363
93,MAPK14,Q16539,BINDING,30,38,zebrafish,O42376,Kyte-Doolittle scan,kd_scan,no call,no call,,,,,,,,,363
94,MAP3K7,O43318,BINDING,42,50,zebrafish,Q9DGE0,kmerseek chosen arm,kmerseek.sdm12_k6_lcTrue,lands,lands,42,50,86,94,,,,0.889,361
94,MAP3K7,O43318,BINDING,42,50,zebrafish,Q9DGE0,kmerseek best other alphabet,kmerseek.mmseqs12_k5_lcTrue,best call on another target,lands,42,50,,,Q32PP3,14,22,0.889,361
94,MAP3K7,O43318,BINDING,42,50,zebrafish,Q9DGE0,phmmer,hmmer3_phmmer.default,best call on another target,spills,37,111,,,Q32PP3,3,101,0.108,361
94,MAP3K7,O43318,BINDING,42,50,zebrafish,Q9DGE0,MMseqs2,mmseqs2_seqseq.s7,best call on another target,spills,42,177,,,Q6DBX4,29,166,0.059,361
94,MAP3K7,O43318,BINDING,42,50,zebrafish,Q9DGE0,MMseqs2 iterative,mmseqs2_iterative.s7,best call on another target,spills,42,177,,,Q6DBX4,29,166,0.059,361
94,MAP3K7,O43318,BINDING,42,50,zebrafish,Q9DGE0,Foldseek,foldseek.3di_aa,best call on another target,spills,37,289,,,Q4VSN1,615,873,0.032,361
94,MAP3K7,O43318,BINDING,42,50,zebrafish,Q9DGE0,ProstT5,prostt5.3di_from_seq,best call on another target,spills,36,290,,,Q4VSN1,614,874,0.031,361
94,MAP3K7,O43318,BINDING,42,50,zebrafish,Q9DGE0,Reseek,reseek.verysensitive,best call on another target,spills,28,99,,,Q6TEN1,4,150,0.113,361
94,MAP3K7,O43318,BINDING,42,50,zebrafish,Q9DGE0,Kyte-Doolittle scan,kd_scan,no call,no call,,,,,,,,,361
95,GUCA1A,P43080,DOMAIN,131,166,chicken,P79880,kmerseek chosen arm,kmerseek.hp_thomas_dill_no_c2_k19_lcTrue,lands,lands,139,168,137,166,,,,0.757,199
95,GUCA1A,P43080,DOMAIN,131,166,chicken,P79880,kmerseek best other alphabet,kmerseek.gbmr4_k12_lcTrue,lands,lands,139,168,137,166,,,,0.757,199
95,GUCA1A,P43080,DOMAIN,131,166,chicken,P79880,phmmer,hmmer3_phmmer.default,best call on another target,spills,96,160,,,P07090,12,103,0.414,199
95,GUCA1A,P43080,DOMAIN,131,166,chicken,P79880,MMseqs2,mmseqs2_seqseq.s7,best call on another target,spills,91,162,,,Q5ZM44,114,182,0.413,199
95,GUCA1A,P43080,DOMAIN,131,166,chicken,P79880,MMseqs2 iterative,mmseqs2_iterative.s7,best call on another target,spills,90,173,,,P19179,14,95,0.422,199
95,GUCA1A,P43080,DOMAIN,131,166,chicken,P79880,Foldseek,foldseek.3di_aa,best call on another target,spills,91,185,,,Q98953,11,91,0.372,199
95,GUCA1A,P43080,DOMAIN,131,166,chicken,P79880,ProstT5,prostt5.3di_from_seq,best call on another target,spills,57,162,,,P19753,10,109,0.284,199
95,GUCA1A,P43080,DOMAIN,131,166,chicken,P79880,Reseek,reseek.verysensitive,best call on another target,"inside, lower IoU",132,187,,,Q5F3Z7,332,447,0.607,199
95,GUCA1A,P43080,DOMAIN,131,166,chicken,P79880,Kyte-Doolittle scan,kd_scan,no call,no call,,,,,,,,,199
96,PAK1IP1,Q9NWT1,REPEAT,196,235,chicken,Q5ZKU8,kmerseek chosen arm,kmerseek.hp_kyte_doolittle2_k19_lcTrue,lands,lands,204,229,197,222,,,,0.667,369
96,PAK1IP1,Q9NWT1,REPEAT,196,235,chicken,Q5ZKU8,kmerseek best other alphabet,kmerseek.gbmr4_k12_lcTrue,lands,lands,204,234,197,227,,,,0.795,369
96,PAK1IP1,Q9NWT1,REPEAT,196,235,chicken,Q5ZKU8,phmmer,hmmer3_phmmer.default,best call on another target,spills,214,281,,,Q5ZKH3,158,234,0.247,369
96,PAK1IP1,Q9NWT1,REPEAT,196,235,chicken,Q5ZKU8,MMseqs2,mmseqs2_seqseq.s7,best call on another target,spills,215,277,,,Q5ZJW8,60,124,0.247,369
96,PAK1IP1,Q9NWT1,REPEAT,196,235,chicken,Q5ZKU8,MMseqs2 iterative,mmseqs2_iterative.s7,best call on another target,spills,215,277,,,Q5ZJW8,60,124,0.247,369
96,PAK1IP1,Q9NWT1,REPEAT,196,235,chicken,Q5ZKU8,Foldseek,foldseek.3di_aa,best call on another target,spills,62,225,,,Q5ZJU2,296,450,0.168,369
96,PAK1IP1,Q9NWT1,REPEAT,196,235,chicken,Q5ZKU8,ProstT5,prostt5.3di_from_seq,best call on another target,spills,80,247,,,Q90611,473,660,0.234,369
96,PAK1IP1,Q9NWT1,REPEAT,196,235,chicken,Q5ZKU8,Reseek,reseek.verysensitive,best call on another target,spills,49,239,,,Q9DF58,95,335,0.205,369
96,PAK1IP1,Q9NWT1,REPEAT,196,235,chicken,Q5ZKU8,Kyte-Doolittle scan,kd_scan,no call,no call,,,,,,,,,369
97,SCGN,O76038,DOMAIN,12,47,chicken,P07090,kmerseek chosen arm,kmerseek.hp_thomas_dill_no_c2_k19_lcTrue,lands,lands,16,38,18,40,,,,0.657,269
97,SCGN,O76038,DOMAIN,12,47,chicken,P07090,kmerseek best other alphabet,kmerseek.hp_lehninger2_k18_lcTrue,best call on another target,lands,22,44,,,O42401,370,392,0.657,269
97,SCGN,O76038,DOMAIN,12,47,chicken,P07090,phmmer,hmmer3_phmmer.default,best call on another target,"inside, lower IoU",9,24,,,P62167,34,63,0.316,269
97,SCGN,O76038,DOMAIN,12,47,chicken,P07090,MMseqs2,mmseqs2_seqseq.s7,best call on another target,spills,9,89,,,P43305,36,109,0.438,269
97,SCGN,O76038,DOMAIN,12,47,chicken,P07090,MMseqs2 iterative,mmseqs2_iterative.s7,best call on another target,spills,17,132,,,P20111,761,855,0.25,269
97,SCGN,O76038,DOMAIN,12,47,chicken,P07090,Foldseek,foldseek.3di_aa,best call on another target,spills,1,178,,,P02612,1,163,0.198,269
97,SCGN,O76038,DOMAIN,12,47,chicken,P07090,ProstT5,prostt5.3di_from_seq,best call on another target,spills,3,86,,,P24479,2,82,0.422,269
97,SCGN,O76038,DOMAIN,12,47,chicken,P07090,Reseek,reseek.verysensitive,best call on another target,"inside, lower IoU",3,65,,,Q90922,467,597,0.565,269
97,SCGN,O76038,DOMAIN,12,47,chicken,P07090,Kyte-Doolittle scan,kd_scan,no call,no call,,,,,,,,,269
98,KCNK16,Q96T55,INTRAMEM,202,221,chicken,O73606,kmerseek chosen arm,kmerseek.mmseqs12_k7_lcTrue,lands,lands,208,217,413,422,,,,0.526,518
98,KCNK16,Q96T55,INTRAMEM,202,221,chicken,O73606,kmerseek best other alphabet,kmerseek.gbmr7_k11_lcTrue,best call on another target,lands,203,220,,,Q8AYS8,302,319,0.947,518
98,KCNK16,Q96T55,INTRAMEM,202,221,chicken,O73606,phmmer,hmmer3_phmmer.default,best call on another target,spills,176,238,,,Q8QFV0,204,333,0.306,518
98,KCNK16,Q96T55,INTRAMEM,202,221,chicken,O73606,MMseqs2,mmseqs2_seqseq.s7,best call on another target,spills,195,238,,,Q8QFV0,276,319,0.442,518
98,KCNK16,Q96T55,INTRAMEM,202,221,chicken,O73606,MMseqs2 iterative,mmseqs2_iterative.s7,no call,no call,,,,,,,,,518
98,KCNK16,Q96T55,INTRAMEM,202,221,chicken,O73606,Foldseek,foldseek.3di_aa,best call on another target,spills,146,250,,,P52186,65,183,0.183,518
98,KCNK16,Q96T55,INTRAMEM,202,221,chicken,O73606,ProstT5,prostt5.3di_from_seq,spills,spills,95,299,297,511,,,,0.093,518
98,KCNK16,Q96T55,INTRAMEM,202,221,chicken,O73606,Reseek,reseek.verysensitive,best call on another target,spills,161,309,,,P52186,63,426,0.128,518
98,KCNK16,Q96T55,INTRAMEM,202,221,chicken,O73606,Kyte-Doolittle scan,kd_scan,no call,no call,,,,,,,,,518
99,GABRR2,P28476,TRANSMEM,444,464,chicken,P24045,kmerseek chosen arm,kmerseek.hp_lehninger_c_nonpolar2_k18_lcTrue,lands,lands,441,461,463,483,,,,0.708,488
99,GABRR2,P28476,TRANSMEM,444,464,chicken,P24045,kmerseek best other alphabet,kmerseek.funcgroups8_k10_lcTrue,lands,lands,445,461,467,483,,,,0.85,488
99,GABRR2,P28476,TRANSMEM,444,464,chicken,P24045,phmmer,hmmer3_phmmer.default,best call on another target,"inside, lower IoU",435,463,,,P19019,374,475,0.655,488
99,GABRR2,P28476,TRANSMEM,444,464,chicken,P24045,MMseqs2,mmseqs2_seqseq.s7,best call on another target,spills,61,464,,,Q90845,40,442,0.05,488
99,GABRR2,P28476,TRANSMEM,444,464,chicken,P24045,MMseqs2 iterative,mmseqs2_iterative.s7,best call on another target,spills,61,464,,,Q90845,40,442,0.05,488
99,GABRR2,P28476,TRANSMEM,444,464,chicken,P24045,Foldseek,foldseek.3di_aa,best call on another target,spills,61,464,,,P19019,45,474,0.05,488
99,GABRR2,P28476,TRANSMEM,444,464,chicken,P24045,ProstT5,prostt5.3di_from_seq,best call on another target,spills,56,464,,,P19019,42,474,0.049,488
99,GABRR2,P28476,TRANSMEM,444,464,chicken,P24045,Reseek,reseek.verysensitive,best call on another target,spills,420,465,,,P02707,7,58,0.444,488
99,GABRR2,P28476,TRANSMEM,444,464,chicken,P24045,Kyte-Doolittle scan,kd_scan,no call,no call,,,,,,,,,488
100,KCNK17,Q96T54,INTRAMEM,211,230,chicken,O73606,kmerseek chosen arm,kmerseek.mmseqs12_k7_lcTrue,lands,lands,217,226,413,422,,,,0.526,518
100,KCNK17,Q96T54,INTRAMEM,211,230,chicken,O73606,kmerseek best other alphabet,kmerseek.gbmr7_k11_lcTrue,best call on another target,lands,212,229,,,Q8AYS8,302,319,0.947,518
100,KCNK17,Q96T54,INTRAMEM,211,230,chicken,O73606,phmmer,hmmer3_phmmer.default,no call,no call,,,,,,,,,518
100,KCNK17,Q96T54,INTRAMEM,211,230,chicken,O73606,MMseqs2,mmseqs2_seqseq.s7,best call on another target,spills,204,248,,,Q8QFV0,276,332,0.432,518
100,KCNK17,Q96T54,INTRAMEM,211,230,chicken,O73606,MMseqs2 iterative,mmseqs2_iterative.s7,no call,no call,,,,,,,,,518
100,KCNK17,Q96T54,INTRAMEM,211,230,chicken,O73606,Foldseek,foldseek.3di_aa,best call on another target,spills,175,270,,,F1NHE9,80,187,0.2,518
100,KCNK17,Q96T54,INTRAMEM,211,230,chicken,O73606,ProstT5,prostt5.3di_from_seq,best call on another target,spills,98,326,,,P36381,1,299,0.083,518
100,KCNK17,Q96T54,INTRAMEM,211,230,chicken,O73606,Reseek,reseek.verysensitive,best call on another target,spills,131,286,,,P28238,13,256,0.123,518
100,KCNK17,Q96T54,INTRAMEM,211,230,chicken,O73606,Kyte-Doolittle scan,kd_scan,no call,no call,,,,,,,,,518
101,RREB1,Q92766,ZN_FING,125,147,chicken,Q90850,kmerseek chosen arm,kmerseek.hp_thomas_dill_no_c2_k19_lcTrue,lands,lands,122,145,499,522,,,,0.769,676
101,RREB1,Q92766,ZN_FING,125,147,chicken,Q90850,kmerseek best other alphabet,kmerseek.mmseqs12_k5_lcTrue,best call on another target,lands,127,146,,,O57415,108,127,0.909,676
101,RREB1,Q92766,ZN_FING,125,147,chicken,Q90850,phmmer,hmmer3_phmmer.default,best call on another target,spills,98,148,,,O42410,111,171,0.44,676
101,RREB1,Q92766,ZN_FING,125,147,chicken,Q90850,MMseqs2,mmseqs2_seqseq.s7,best call on another target,spills,63,147,,,O93567,356,437,0.262,676
101,RREB1,Q92766,ZN_FING,125,147,chicken,Q90850,MMseqs2 iterative,mmseqs2_iterative.s7,best call on another target,spills,65,147,,,O42409,169,249,0.268,676
101,RREB1,Q92766,ZN_FING,125,147,chicken,Q90850,Foldseek,foldseek.3di_aa,best call on another target,spills,76,151,,,Q5ZMM5,1,66,0.293,676
101,RREB1,Q92766,ZN_FING,125,147,chicken,Q90850,ProstT5,prostt5.3di_from_seq,best call on another target,spills,79,367,,,P58267,18,243,0.076,676
101,RREB1,Q92766,ZN_FING,125,147,chicken,Q90850,Reseek,reseek.verysensitive,best call on another target,spills,75,196,,,Q5ZLY5,113,245,0.182,676
101,RREB1,Q92766,ZN_FING,125,147,chicken,Q90850,Kyte-Doolittle scan,kd_scan,no call,no call,,,,,,,,,676
102,KCNK5,O95279,INTRAMEM,85,112,chicken,Q9PT84,kmerseek chosen arm,kmerseek.mmseqs12_k7_lcTrue,lands,lands,97,106,620,629,,,,0.37,1202
102,KCNK5,O95279,INTRAMEM,85,112,chicken,Q9PT84,kmerseek best other alphabet,kmerseek.hp_lehninger_c_nonpolar2_k18_lcTrue,best call on another target,lands,96,116,,,O73606,415,435,0.548,1202
102,KCNK5,O95279,INTRAMEM,85,112,chicken,Q9PT84,phmmer,hmmer3_phmmer.default,equal or higher IoU,equal or higher IoU,86,125,599,684,,,,0.65,1202
102,KCNK5,O95279,INTRAMEM,85,112,chicken,Q9PT84,MMseqs2,mmseqs2_seqseq.s7,equal or higher IoU,equal or higher IoU,88,122,611,645,,,,0.649,1202
102,KCNK5,O95279,INTRAMEM,85,112,chicken,Q9PT84,MMseqs2 iterative,mmseqs2_iterative.s7,equal or higher IoU,equal or higher IoU,88,122,611,645,,,,0.649,1202
102,KCNK5,O95279,INTRAMEM,85,112,chicken,Q9PT84,Foldseek,foldseek.3di_aa,best call on another target,spills,52,243,,,Q8AYS8,115,344,0.141,1202
102,KCNK5,O95279,INTRAMEM,85,112,chicken,Q9PT84,ProstT5,prostt5.3di_from_seq,no call,no call,,,,,,,,,1202
102,KCNK5,O95279,INTRAMEM,85,112,chicken,Q9PT84,Reseek,reseek.verysensitive,best call on another target,spills,1,253,,,O73707,1,177,0.107,1202
102,KCNK5,O95279,INTRAMEM,85,112,chicken,Q9PT84,Kyte-Doolittle scan,kd_scan,no call,no call,,,,,,,,,1202
103,MAP3K5,Q99683,BINDING,686,694,chicken,P13863,kmerseek chosen arm,kmerseek.sdm12_k6_lcTrue,lands,lands,686,695,10,19,,,,0.8,303
103,MAP3K5,Q99683,BINDING,686,694,chicken,P13863,kmerseek best other alphabet,kmerseek.hsdm17_k5_lcTrue,lands,lands,686,695,10,19,,,,0.8,303
103,MAP3K5,Q99683,BINDING,686,694,chicken,P13863,phmmer,hmmer3_phmmer.default,best call on another target,spills,685,762,,,Q9PUF6,576,692,0.104,303
103,MAP3K5,Q99683,BINDING,686,694,chicken,P13863,MMseqs2,mmseqs2_seqseq.s7,best call on another target,spills,686,827,,,E1C2I2,36,174,0.057,303
103,MAP3K5,Q99683,BINDING,686,694,chicken,P13863,MMseqs2 iterative,mmseqs2_iterative.s7,best call on another target,spills,686,828,,,P67962,23,163,0.056,303
103,MAP3K5,Q99683,BINDING,686,694,chicken,P13863,Foldseek,foldseek.3di_aa,best call on another target,spills,572,756,,,P40220,39,137,0.043,303
103,MAP3K5,Q99683,BINDING,686,694,chicken,P13863,ProstT5,prostt5.3di_from_seq,spills,spills,672,949,3,296,,,,0.029,303
103,MAP3K5,Q99683,BINDING,686,694,chicken,P13863,Reseek,reseek.verysensitive,best call on another target,spills,633,783,,,Q8AXL1,4,140,0.053,303
103,MAP3K5,Q99683,BINDING,686,694,chicken,P13863,Kyte-Doolittle scan,kd_scan,no call,no call,,,,,,,,,303
104,CDC40,O60508,REPEAT,286,326,chicken,Q9PTR5,kmerseek chosen arm,kmerseek.hp_kyte_doolittle2_k19_lcTrue,lands,lands,300,320,161,181,,,,0.525,410
104,CDC40,O60508,REPEAT,286,326,chicken,Q9PTR5,kmerseek best other alphabet,kmerseek.hp_pbotc_1st_ed2_k18_lcTrue,best call on another target,lands,299,320,,,Q5ZMA2,275,296,0.55,410
104,CDC40,O60508,REPEAT,286,326,chicken,Q9PTR5,phmmer,hmmer3_phmmer.default,best call on another target,equal or higher IoU,285,319,,,Q5R1S9,11,107,0.805,410
104,CDC40,O60508,REPEAT,286,326,chicken,Q9PTR5,MMseqs2,mmseqs2_seqseq.s7,best call on another target,spills,286,368,,,Q5ZK69,132,212,0.488,410
104,CDC40,O60508,REPEAT,286,326,chicken,Q9PTR5,MMseqs2 iterative,mmseqs2_iterative.s7,best call on another target,equal or higher IoU,286,359,,,Q5ZKH3,193,268,0.548,410
104,CDC40,O60508,REPEAT,286,326,chicken,Q9PTR5,Foldseek,foldseek.3di_aa,best call on another target,spills,286,551,,,Q5ZHN3,10,360,0.151,410
104,CDC40,O60508,REPEAT,286,326,chicken,Q9PTR5,ProstT5,prostt5.3di_from_seq,best call on another target,spills,286,579,,,O93277,146,562,0.137,410
104,CDC40,O60508,REPEAT,286,326,chicken,Q9PTR5,Reseek,reseek.verysensitive,best call on another target,spills,203,411,,,Q5ZJ56,7,166,0.192,410
104,CDC40,O60508,REPEAT,286,326,chicken,Q9PTR5,Kyte-Doolittle scan,kd_scan,no call,no call,,,,,,,,,410
105,HTR1B,P28222,TRANSMEM,348,370,mouse,P61168,kmerseek chosen arm,kmerseek.hp_lehninger_c_nonpolar2_k18_lcTrue,lands,lands,348,370,406,428,,,,0.957,444
105,HTR1B,P28222,TRANSMEM,348,370,mouse,P61168,kmerseek best other alphabet,kmerseek.funcgroups8_k10_lcTrue,best call on another target,lands,349,370,,,Q61224,333,354,1.0,444
105,HTR1B,P28222,TRANSMEM,348,370,mouse,P61168,phmmer,hmmer3_phmmer.default,best call on another target,"inside, lower IoU",350,380,,,Q99MT6,225,311,0.625,444
105,HTR1B,P28222,TRANSMEM,348,370,mouse,P61168,MMseqs2,mmseqs2_seqseq.s7,best call on another target,"inside, lower IoU",353,387,,,Q60886,279,311,0.436,444
105,HTR1B,P28222,TRANSMEM,348,370,mouse,P61168,MMseqs2 iterative,mmseqs2_iterative.s7,best call on another target,spills,322,380,,,O88319,316,380,0.379,444
105,HTR1B,P28222,TRANSMEM,348,370,mouse,P61168,Foldseek,foldseek.3di_aa,best call on another target,spills,47,379,,,B2RPY5,41,350,0.066,444
105,HTR1B,P28222,TRANSMEM,348,370,mouse,P61168,ProstT5,prostt5.3di_from_seq,best call on another target,spills,49,385,,,Q8VFL5,30,312,0.065,444
105,HTR1B,P28222,TRANSMEM,348,370,mouse,P61168,Reseek,reseek.verysensitive,best call on another target,spills,343,389,,,Q78IK2,9,58,0.478,444
105,HTR1B,P28222,TRANSMEM,348,370,mouse,P61168,Kyte-Doolittle scan,kd_scan,no call,no call,,,,,,,,,444
106,SCUBE3,Q8IX30,DOMAIN,318,356,mouse,Q6NZL8,kmerseek chosen arm,kmerseek.hp_thomas_dill_no_c2_k19_lcTrue,lands,lands,323,347,358,382,,,,0.658,1018
106,SCUBE3,Q8IX30,DOMAIN,318,356,mouse,Q6NZL8,kmerseek best other alphabet,kmerseek.dayhoff6_k10_lcTrue,lands,lands,316,347,351,382,,,,0.707,1018
106,SCUBE3,Q8IX30,DOMAIN,318,356,mouse,Q6NZL8,phmmer,hmmer3_phmmer.default,best call on another target,equal or higher IoU,301,355,,,Q9WVH9,270,345,0.673,1018
106,SCUBE3,Q8IX30,DOMAIN,318,356,mouse,Q6NZL8,MMseqs2,mmseqs2_seqseq.s7,best call on another target,equal or higher IoU,326,356,,,Q9WU60,98,132,0.789,1018
106,SCUBE3,Q8IX30,DOMAIN,318,356,mouse,Q6NZL8,MMseqs2 iterative,mmseqs2_iterative.s7,best call on another target,"inside, lower IoU",303,386,,,Q91XD7,232,335,0.458,1018
106,SCUBE3,Q8IX30,DOMAIN,318,356,mouse,Q6NZL8,Foldseek,foldseek.3di_aa,best call on another target,spills,184,390,,,Q9CYA0,126,350,0.184,1018
106,SCUBE3,Q8IX30,DOMAIN,318,356,mouse,Q6NZL8,ProstT5,prostt5.3di_from_seq,best call on another target,spills,261,442,,,Q9Z0G4,38,212,0.21,1018
106,SCUBE3,Q8IX30,DOMAIN,318,356,mouse,Q6NZL8,Reseek,reseek.verysensitive,best call on another target,spills,303,423,,,Q45HK4,9,112,0.317,1018
106,SCUBE3,Q8IX30,DOMAIN,318,356,mouse,Q6NZL8,Kyte-Doolittle scan,kd_scan,no call,no call,,,,,,,,,1018
107,CCR6,P51684,TRANSMEM,84,104,mouse,O88410,kmerseek chosen arm,kmerseek.hp_lehninger_c_nonpolar2_k18_lcTrue,lands,lands,84,105,90,111,,,,0.909,367
107,CCR6,P51684,TRANSMEM,84,104,mouse,O88410,kmerseek best other alphabet,kmerseek.polarity4_k12_lcTrue,best call on another target,lands,85,104,,,Q9JL21,81,100,1.0,367
107,CCR6,P51684,TRANSMEM,84,104,mouse,O88410,phmmer,hmmer3_phmmer.default,best call on another target,spills,46,150,,,P32240,26,170,0.192,367
107,CCR6,P51684,TRANSMEM,84,104,mouse,O88410,MMseqs2,mmseqs2_seqseq.s7,best call on another target,spills,78,122,,,Q8R4T9,596,643,0.455,367
107,CCR6,P51684,TRANSMEM,84,104,mouse,O88410,MMseqs2 iterative,mmseqs2_iterative.s7,best call on another target,spills,85,143,,,Q8BXS7,70,129,0.322,367
107,CCR6,P51684,TRANSMEM,84,104,mouse,O88410,Foldseek,foldseek.3di_aa,best call on another target,spills,41,184,,,Q9D7S1,10,172,0.14,367
107,CCR6,P51684,TRANSMEM,84,104,mouse,O88410,ProstT5,prostt5.3di_from_seq,best call on another target,spills,2,185,,,P20490,18,193,0.109,367
107,CCR6,P51684,TRANSMEM,84,104,mouse,O88410,Reseek,reseek.verysensitive,best call on another target,spills,34,105,,,Q9JI60,172,230,0.282,367
107,CCR6,P51684,TRANSMEM,84,104,mouse,O88410,Kyte-Doolittle scan,kd_scan,"inside, lower IoU","inside, lower IoU",81,107,,,,,,0.769,367
108,ZKSCAN3,Q9BRR0,ZN_FING,314,336,mouse,Q91VW9,kmerseek chosen arm,kmerseek.hp_thomas_dill_no_c2_k19_lcTrue,lands,lands,315,338,314,337,,,,0.917,553
108,ZKSCAN3,Q9BRR0,ZN_FING,314,336,mouse,Q91VW9,kmerseek best other alphabet,kmerseek.hp_lehninger2_k18_lcTrue,lands,lands,315,338,314,337,,,,0.917,553
108,ZKSCAN3,Q9BRR0,ZN_FING,314,336,mouse,Q91VW9,phmmer,hmmer3_phmmer.default,best call on another target,"inside, lower IoU",313,338,,,Q3UH06,1220,1284,0.88,553
108,ZKSCAN3,Q9BRR0,ZN_FING,314,336,mouse,Q91VW9,MMseqs2,mmseqs2_seqseq.s7,best call on another target,spills,316,369,,,Q8BZ97,626,679,0.364,553
108,ZKSCAN3,Q9BRR0,ZN_FING,314,336,mouse,Q91VW9,MMseqs2 iterative,mmseqs2_iterative.s7,best call on another target,"inside, lower IoU",316,334,,,Q69Z99,292,310,0.818,553
108,ZKSCAN3,Q9BRR0,ZN_FING,314,336,mouse,Q91VW9,Foldseek,foldseek.3di_aa,best call on another target,spills,288,400,,,A2AJ77,212,329,0.196,553
108,ZKSCAN3,Q9BRR0,ZN_FING,314,336,mouse,Q91VW9,ProstT5,prostt5.3di_from_seq,best call on another target,spills,279,392,,,Q9DB38,67,172,0.195,553
108,ZKSCAN3,Q9BRR0,ZN_FING,314,336,mouse,Q91VW9,Reseek,reseek.verysensitive,best call on another target,spills,311,384,,,P60898,13,106,0.301,553
108,ZKSCAN3,Q9BRR0,ZN_FING,314,336,mouse,Q91VW9,Kyte-Doolittle scan,kd_scan,no call,no call,,,,,,,,,553
109,BRPF3,Q9ULD4,ZN_FING,212,262,mouse,G5E8P1,kmerseek chosen arm,kmerseek.hp_thomas_dill_no_c2_k19_lcTrue,lands,lands,205,263,207,265,,,,0.847,1058
109,BRPF3,Q9ULD4,ZN_FING,212,262,mouse,G5E8P1,kmerseek best other alphabet,kmerseek.hp_lehninger2_k18_lcTrue,lands,lands,222,262,224,264,,,,0.82,1058
109,BRPF3,Q9ULD4,ZN_FING,212,262,mouse,G5E8P1,phmmer,hmmer3_phmmer.default,best call on another target,equal or higher IoU,212,262,,,Q02395,86,176,1.0,1058
109,BRPF3,Q9ULD4,ZN_FING,212,262,mouse,G5E8P1,MMseqs2,mmseqs2_seqseq.s7,best call on another target,equal or higher IoU,215,261,,,Q9QX66,328,374,0.92,1058
109,BRPF3,Q9ULD4,ZN_FING,212,262,mouse,G5E8P1,MMseqs2 iterative,mmseqs2_iterative.s7,best call on another target,equal or higher IoU,214,262,,,A6H619,187,235,0.96,1058
109,BRPF3,Q9ULD4,ZN_FING,212,262,mouse,G5E8P1,Foldseek,foldseek.3di_aa,best call on another target,spills,207,356,,,Q9CR50,8,176,0.336,1058
109,BRPF3,Q9ULD4,ZN_FING,212,262,mouse,G5E8P1,ProstT5,prostt5.3di_from_seq,best call on another target,spills,17,266,,,Q9D8M7,233,484,0.201,1058
109,BRPF3,Q9ULD4,ZN_FING,212,262,mouse,G5E8P1,Reseek,reseek.verysensitive,best call on another target,"inside, lower IoU",198,255,,,Q6ZWU9,14,79,0.672,1058
109,BRPF3,Q9ULD4,ZN_FING,212,262,mouse,G5E8P1,Kyte-Doolittle scan,kd_scan,no call,no call,,,,,,,,,1058
110,STXBP5,Q5T5C0,REPEAT,344,378,mouse,Q5DQR4,kmerseek chosen arm,kmerseek.hp_kyte_doolittle2_k19_lcTrue,lands,lands,337,378,349,390,,,,0.81,1185
110,STXBP5,Q5T5C0,REPEAT,344,378,mouse,Q5DQR4,kmerseek best other alphabet,kmerseek.funcgroups8_k10_lcTrue,lands,lands,344,378,356,390,,,,0.971,1185
110,STXBP5,Q5T5C0,REPEAT,344,378,mouse,Q5DQR4,phmmer,hmmer3_phmmer.default,best call on another target,spills,235,460,,,Q9ERF3,7,65,0.151,1185
110,STXBP5,Q5T5C0,REPEAT,344,378,mouse,Q5DQR4,MMseqs2,mmseqs2_seqseq.s7,best call on another target,spills,206,382,,,A6H603,878,1022,0.193,1185
110,STXBP5,Q5T5C0,REPEAT,344,378,mouse,Q5DQR4,MMseqs2 iterative,mmseqs2_iterative.s7,best call on another target,spills,39,1019,,,Q3TJ91,14,926,0.035,1185
110,STXBP5,Q5T5C0,REPEAT,344,378,mouse,Q5DQR4,Foldseek,foldseek.3di_aa,best call on another target,spills,119,388,,,A2APT9,499,744,0.126,1185
110,STXBP5,Q5T5C0,REPEAT,344,378,mouse,Q5DQR4,ProstT5,prostt5.3di_from_seq,best call on another target,spills,135,394,,,P29788,144,466,0.131,1185
110,STXBP5,Q5T5C0,REPEAT,344,378,mouse,Q5DQR4,Reseek,reseek.verysensitive,best call on another target,spills,180,385,,,Q05A62,4,181,0.166,1185
110,STXBP5,Q5T5C0,REPEAT,344,378,mouse,Q5DQR4,Kyte-Doolittle scan,kd_scan,no call,no call,,,,,,,,,1185
111,ZKSCAN3,Q9BRR0,ZN_FING,426,448,mouse,Q6PGE4,kmerseek chosen arm,kmerseek.hp_thomas_dill_no_c2_k19_lcTrue,lands,lands,427,448,341,362,,,,1.0,1016
111,ZKSCAN3,Q9BRR0,ZN_FING,426,448,mouse,Q6PGE4,kmerseek best other alphabet,kmerseek.hp_thomas_dill2_k19_lcTrue,lands,lands,427,448,341,362,,,,1.0,1016
111,ZKSCAN3,Q9BRR0,ZN_FING,426,448,mouse,Q6PGE4,phmmer,hmmer3_phmmer.default,best call on another target,"inside, lower IoU",421,453,,,Q99LH4,6,43,0.688,1016
111,ZKSCAN3,Q9BRR0,ZN_FING,426,448,mouse,Q6PGE4,MMseqs2,mmseqs2_seqseq.s7,best call on another target,spills,375,448,,,Q60843,278,353,0.301,1016
111,ZKSCAN3,Q9BRR0,ZN_FING,426,448,mouse,Q6PGE4,MMseqs2 iterative,mmseqs2_iterative.s7,best call on another target,spills,395,447,,,O35914,684,745,0.396,1016
111,ZKSCAN3,Q9BRR0,ZN_FING,426,448,mouse,Q6PGE4,Foldseek,foldseek.3di_aa,best call on another target,spills,277,457,,,Q8CCH7,208,394,0.122,1016
111,ZKSCAN3,Q9BRR0,ZN_FING,426,448,mouse,Q6PGE4,ProstT5,prostt5.3di_from_seq,best call on another target,spills,288,489,,,Q9ERU3,7,219,0.109,1016
111,ZKSCAN3,Q9BRR0,ZN_FING,426,448,mouse,Q6PGE4,Reseek,reseek.verysensitive,best call on another target,spills,404,477,,,Q9D115,26,68,0.301,1016
111,ZKSCAN3,Q9BRR0,ZN_FING,426,448,mouse,Q6PGE4,Kyte-Doolittle scan,kd_scan,no call,no call,,,,,,,,,1016
112,ZKSCAN4,Q969J2,ZN_FING,320,342,mouse,Q91VW9,kmerseek chosen arm,kmerseek.hp_thomas_dill_no_c2_k19_lcTrue,lands,lands,321,344,314,337,,,,0.917,553
112,ZKSCAN4,Q969J2,ZN_FING,320,342,mouse,Q91VW9,kmerseek best other alphabet,kmerseek.dayhoff6_k10_lcTrue,lands,lands,321,344,314,337,,,,0.917,553
112,ZKSCAN4,Q969J2,ZN_FING,320,342,mouse,Q91VW9,phmmer,hmmer3_phmmer.default,best call on another target,equal or higher IoU,320,342,,,Q9JMC2,406,481,1.0,553
112,ZKSCAN4,Q969J2,ZN_FING,320,342,mouse,Q91VW9,MMseqs2,mmseqs2_seqseq.s7,best call on another target,spills,321,375,,,Q8BZ97,625,679,0.382,553
112,ZKSCAN4,Q969J2,ZN_FING,320,342,mouse,Q91VW9,MMseqs2 iterative,mmseqs2_iterative.s7,best call on another target,spills,320,386,,,Q8CII0,331,398,0.333,553
112,ZKSCAN4,Q969J2,ZN_FING,320,342,mouse,Q91VW9,Foldseek,foldseek.3di_aa,best call on another target,spills,287,406,,,A2AJ77,226,329,0.185,553
112,ZKSCAN4,Q969J2,ZN_FING,320,342,mouse,Q91VW9,ProstT5,prostt5.3di_from_seq,best call on another target,spills,290,434,,,A2AJ77,208,364,0.153,553
112,ZKSCAN4,Q969J2,ZN_FING,320,342,mouse,Q91VW9,Reseek,reseek.verysensitive,best call on another target,spills,306,360,,,Q6ZWY3,13,68,0.407,553
112,ZKSCAN4,Q969J2,ZN_FING,320,342,mouse,Q91VW9,Kyte-Doolittle scan,kd_scan,no call,no call,,,,,,,,,553
113,KCNK17,Q96T54,INTRAMEM,211,230,mouse,O35111,kmerseek chosen arm,kmerseek.mmseqs12_k7_lcTrue,lands,lands,216,228,194,206,,,,0.684,409
113,KCNK17,Q96T54,INTRAMEM,211,230,mouse,O35111,kmerseek best other alphabet,kmerseek.polarity4_k10_lcTrue,best call on another target,lands,211,230,,,O88454,203,222,0.95,409
113,KCNK17,Q96T54,INTRAMEM,211,230,mouse,O35111,phmmer,hmmer3_phmmer.default,best call on another target,spills,207,267,,,Q6VV64,300,386,0.317,409
113,KCNK17,Q96T54,INTRAMEM,211,230,mouse,O35111,MMseqs2,mmseqs2_seqseq.s7,best call on another target,spills,189,235,,,A2BDX4,380,438,0.413,409
113,KCNK17,Q96T54,INTRAMEM,211,230,mouse,O35111,MMseqs2 iterative,mmseqs2_iterative.s7,best call on another target,"inside, lower IoU",207,235,,,D3Z649,228,256,0.679,409
113,KCNK17,Q96T54,INTRAMEM,211,230,mouse,O35111,Foldseek,foldseek.3di_aa,best call on another target,spills,98,258,,,Q99NH7,203,389,0.119,409
113,KCNK17,Q96T54,INTRAMEM,211,230,mouse,O35111,ProstT5,prostt5.3di_from_seq,best call on another target,spills,107,272,,,Q9D2C7,57,236,0.115,409
113,KCNK17,Q96T54,INTRAMEM,211,230,mouse,O35111,Reseek,reseek.verysensitive,best call on another target,spills,165,270,,,Q9CQR7,2,86,0.181,409
113,KCNK17,Q96T54,INTRAMEM,211,230,mouse,O35111,Kyte-Doolittle scan,kd_scan,no call,no call,,,,,,,,,409
114,KCNK5,O95279,INTRAMEM,85,112,mouse,O35219,kmerseek chosen arm,kmerseek.mmseqs12_k7_lcTrue,lands,lands,97,106,625,634,,,,0.37,1162
114,KCNK5,O95279,INTRAMEM,85,112,mouse,O35219,kmerseek best other alphabet,kmerseek.hp_thomas_dill2_k19_lcTrue,best call on another target,lands,89,109,,,O35111,84,104,0.778,1162
114,KCNK5,O95279,INTRAMEM,85,112,mouse,O35219,phmmer,hmmer3_phmmer.default,best call on another target,equal or higher IoU,86,124,,,Q7TSH7,327,417,0.667,1162
114,KCNK5,O95279,INTRAMEM,85,112,mouse,O35219,MMseqs2,mmseqs2_seqseq.s7,best call on another target,equal or higher IoU,87,116,,,D3Z649,231,260,0.806,1162
114,KCNK5,O95279,INTRAMEM,85,112,mouse,O35219,MMseqs2 iterative,mmseqs2_iterative.s7,best call on another target,equal or higher IoU,88,116,,,Q920E3,422,450,0.774,1162
114,KCNK5,O95279,INTRAMEM,85,112,mouse,O35219,Foldseek,foldseek.3di_aa,best call on another target,spills,35,123,,,Q61743,69,157,0.307,1162
114,KCNK5,O95279,INTRAMEM,85,112,mouse,O35219,ProstT5,prostt5.3di_from_seq,best call on another target,spills,4,256,,,Q6VV64,33,381,0.107,1162
114,KCNK5,O95279,INTRAMEM,85,112,mouse,O35219,Reseek,reseek.verysensitive,best call on another target,spills,48,255,,,D3Z1U7,31,109,0.13,1162
114,KCNK5,O95279,INTRAMEM,85,112,mouse,O35219,Kyte-Doolittle scan,kd_scan,no call,no call,,,,,,,,,1162
115,HTR1E,P28566,TRANSMEM,323,345,mouse,P51436,kmerseek chosen arm,kmerseek.hp_lehninger_c_nonpolar2_k18_lcTrue,lands,lands,324,345,348,369,,,,1.0,387
115,HTR1E,P28566,TRANSMEM,323,345,mouse,P51436,kmerseek best other alphabet,kmerseek.dayhoff6_k10_lcTrue,best call on another target,lands,324,345,,,Q02284,327,348,1.0,387
115,HTR1E,P28566,TRANSMEM,323,345,mouse,P51436,phmmer,hmmer3_phmmer.default,best call on another target,"inside, lower IoU",323,359,,,Q8VG13,258,314,0.611,387
115,HTR1E,P28566,TRANSMEM,323,345,mouse,P51436,MMseqs2,mmseqs2_seqseq.s7,best call on another target,spills,304,359,,,Q91ZZ5,634,689,0.4,387
115,HTR1E,P28566,TRANSMEM,323,345,mouse,P51436,MMseqs2 iterative,mmseqs2_iterative.s7,best call on another target,"inside, lower IoU",317,358,,,Q7TQQ0,263,301,0.537,387
115,HTR1E,P28566,TRANSMEM,323,345,mouse,P51436,Foldseek,foldseek.3di_aa,best call on another target,spills,22,359,,,B2RPY5,43,355,0.065,387
115,HTR1E,P28566,TRANSMEM,323,345,mouse,P51436,ProstT5,prostt5.3di_from_seq,best call on another target,spills,22,359,,,B2RPY5,43,355,0.065,387
115,HTR1E,P28566,TRANSMEM,323,345,mouse,P51436,Reseek,reseek.verysensitive,best call on another target,spills,319,365,,,Q78IK2,10,58,0.478,387
115,HTR1E,P28566,TRANSMEM,323,345,mouse,P51436,Kyte-Doolittle scan,kd_scan,no call,no call,,,,,,,,,387
116,ZNF165,P49910,ZN_FING,456,478,mouse,Q0VDQ9,kmerseek chosen arm,kmerseek.hp_thomas_dill_no_c2_k19_lcTrue,lands,lands,457,480,317,340,,,,0.917,475
116,ZNF165,P49910,ZN_FING,456,478,mouse,Q0VDQ9,kmerseek best other alphabet,kmerseek.gbmr4_k13_lcTrue,best call on another target,lands,457,478,,,A2A761,353,374,1.0,475
116,ZNF165,P49910,ZN_FING,456,478,mouse,Q0VDQ9,phmmer,hmmer3_phmmer.default,best call on another target,equal or higher IoU,456,479,,,Q3TXZ1,195,235,0.957,475
116,ZNF165,P49910,ZN_FING,456,478,mouse,Q0VDQ9,MMseqs2,mmseqs2_seqseq.s7,best call on another target,spills,428,478,,,Q7TSH3,34,84,0.44,475
116,ZNF165,P49910,ZN_FING,456,478,mouse,Q0VDQ9,MMseqs2 iterative,mmseqs2_iterative.s7,best call on another target,spills,428,478,,,Q7TSH3,34,84,0.44,475
116,ZNF165,P49910,ZN_FING,456,478,mouse,Q0VDQ9,Foldseek,foldseek.3di_aa,best call on another target,spills,321,479,,,Q8VHT7,6,185,0.139,475
116,ZNF165,P49910,ZN_FING,456,478,mouse,Q0VDQ9,ProstT5,prostt5.3di_from_seq,best call on another target,spills,318,481,,,D3YYM0,52,189,0.135,475
116,ZNF165,P49910,ZN_FING,456,478,mouse,Q0VDQ9,Reseek,reseek.verysensitive,best call on another target,spills,403,483,,,Q9CWQ2,21,143,0.275,475
116,ZNF165,P49910,ZN_FING,456,478,mouse,Q0VDQ9,Kyte-Doolittle scan,kd_scan,no call,no call,,,,,,,,,475
117,ZSCAN26,Q16670,ZN_FING,450,472,mouse,Q80W31,kmerseek chosen arm,kmerseek.hp_thomas_dill_no_c2_k19_lcTrue,lands,lands,448,472,485,509,,,,0.88,679
117,ZSCAN26,Q16670,ZN_FING,450,472,mouse,Q80W31,kmerseek best other alphabet,kmerseek.hp_kyte_doolittle2_k19_lcTrue,best call on another target,lands,451,473,,,Q8BI67,726,748,0.957,679
117,ZSCAN26,Q16670,ZN_FING,450,472,mouse,Q80W31,phmmer,hmmer3_phmmer.default,best call on another target,equal or higher IoU,449,472,,,Q9WTJ4,24,54,0.957,679
117,ZSCAN26,Q16670,ZN_FING,450,472,mouse,Q80W31,MMseqs2,mmseqs2_seqseq.s7,best call on another target,"inside, lower IoU",443,473,,,Q61103,202,232,0.733,679
117,ZSCAN26,Q16670,ZN_FING,450,472,mouse,Q80W31,MMseqs2 iterative,mmseqs2_iterative.s7,best call on another target,spills,394,473,,,E9PZZ1,620,700,0.278,679
117,ZSCAN26,Q16670,ZN_FING,450,472,mouse,Q80W31,Foldseek,foldseek.3di_aa,best call on another target,spills,395,470,,,Q6NZQ6,89,164,0.26,679
117,ZSCAN26,Q16670,ZN_FING,450,472,mouse,Q80W31,ProstT5,prostt5.3di_from_seq,best call on another target,spills,278,478,,,P24399,2,201,0.11,679
117,ZSCAN26,Q16670,ZN_FING,450,472,mouse,Q80W31,Reseek,reseek.verysensitive,best call on another target,"inside, lower IoU",450,478,,,Q9D115,39,76,0.786,679
117,ZSCAN26,Q16670,ZN_FING,450,472,mouse,Q80W31,Kyte-Doolittle scan,kd_scan,no call,no call,,,,,,,,,679
118,ZNF76,P36508,ZN_FING,165,189,mouse,O70230,kmerseek chosen arm,kmerseek.hp_thomas_dill_no_c2_k19_lcTrue,lands,lands,161,187,233,259,,,,0.759,638
118,ZNF76,P36508,ZN_FING,165,189,mouse,O70230,kmerseek best other alphabet,kmerseek.hp_lehninger_c_nonpolar2_k18_lcTrue,best call on another target,lands,166,187,,,Q8BXX2,385,406,0.917,638
118,ZNF76,P36508,ZN_FING,165,189,mouse,O70230,phmmer,hmmer3_phmmer.default,best call on another target,"inside, lower IoU",167,196,,,Q8K083,599,687,0.71,638
118,ZNF76,P36508,ZN_FING,165,189,mouse,O70230,MMseqs2,mmseqs2_seqseq.s7,best call on another target,spills,164,249,,,P46099,274,357,0.282,638
118,ZNF76,P36508,ZN_FING,165,189,mouse,O70230,MMseqs2 iterative,mmseqs2_iterative.s7,best call on another target,equal or higher IoU,165,189,,,Q9JMC2,231,253,1.0,638
118,ZNF76,P36508,ZN_FING,165,189,mouse,O70230,Foldseek,foldseek.3di_aa,best call on another target,spills,100,249,,,Q99JB0,168,300,0.161,638
118,ZNF76,P36508,ZN_FING,165,189,mouse,O70230,ProstT5,prostt5.3di_from_seq,best call on another target,spills,74,250,,,Q99JB0,136,301,0.136,638
118,ZNF76,P36508,ZN_FING,165,189,mouse,O70230,Reseek,reseek.verysensitive,best call on another target,spills,133,196,,,Q9CWY9,119,190,0.381,638
118,ZNF76,P36508,ZN_FING,165,189,mouse,O70230,Kyte-Doolittle scan,kd_scan,no call,no call,,,,,,,,,638
119,ZKSCAN8,Q15776,ZN_FING,378,400,mouse,P08042,kmerseek chosen arm,kmerseek.hp_thomas_dill_no_c2_k19_lcTrue,lands,lands,376,400,236,260,,,,0.88,402
119,ZKSCAN8,Q15776,ZN_FING,378,400,mouse,P08042,kmerseek best other alphabet,kmerseek.hp_kyte_doolittle2_k19_lcTrue,lands,lands,379,400,239,260,,,,1.0,402
119,ZKSCAN8,Q15776,ZN_FING,378,400,mouse,P08042,phmmer,hmmer3_phmmer.default,best call on another target,"inside, lower IoU",375,402,,,Q9WTJ2,206,255,0.815,402
119,ZKSCAN8,Q15776,ZN_FING,378,400,mouse,P08042,MMseqs2,mmseqs2_seqseq.s7,best call on another target,spills,365,437,,,Q8BMD2,147,215,0.306,402
119,ZKSCAN8,Q15776,ZN_FING,378,400,mouse,P08042,MMseqs2 iterative,mmseqs2_iterative.s7,best call on another target,spills,352,400,,,Q9JMC2,205,253,0.458,402
119,ZKSCAN8,Q15776,ZN_FING,378,400,mouse,P08042,Foldseek,foldseek.3di_aa,best call on another target,spills,260,430,,,Q8C1M2,2,173,0.129,402
119,ZKSCAN8,Q15776,ZN_FING,378,400,mouse,P08042,ProstT5,prostt5.3di_from_seq,best call on another target,spills,259,422,,,Q62445,585,753,0.135,402
119,ZKSCAN8,Q15776,ZN_FING,378,400,mouse,P08042,Reseek,reseek.verysensitive,best call on another target,spills,352,420,,,P60898,17,106,0.324,402
119,ZKSCAN8,Q15776,ZN_FING,378,400,mouse,P08042,Kyte-Doolittle scan,kd_scan,no call,no call,,,,,,,,,402
120,ZSCAN9,O15535,ZN_FING,282,304,mouse,Q571J5,kmerseek chosen arm,kmerseek.hp_thomas_dill_no_c2_k19_lcTrue,lands,lands,282,305,442,465,,,,0.917,560
120,ZSCAN9,O15535,ZN_FING,282,304,mouse,Q571J5,kmerseek best other alphabet,kmerseek.hp_kyte_doolittle2_k19_lcTrue,best call on another target,lands,283,305,,,Q62396,254,276,0.957,560
120,ZSCAN9,O15535,ZN_FING,282,304,mouse,Q571J5,phmmer,hmmer3_phmmer.default,best call on another target,"inside, lower IoU",279,304,,,Q6A085,809,866,0.88,560
120,ZSCAN9,O15535,ZN_FING,282,304,mouse,Q571J5,MMseqs2,mmseqs2_seqseq.s7,best call on another target,spills,256,304,,,Q9QYE3,379,427,0.458,560
120,ZSCAN9,O15535,ZN_FING,282,304,mouse,Q571J5,MMseqs2 iterative,mmseqs2_iterative.s7,best call on another target,"inside, lower IoU",264,308,,,Q9Z248,303,349,0.5,560
120,ZSCAN9,O15535,ZN_FING,282,304,mouse,Q571J5,Foldseek,foldseek.3di_aa,best call on another target,spills,238,334,,,Q3KNM2,2,95,0.229,560
120,ZSCAN9,O15535,ZN_FING,282,304,mouse,Q571J5,ProstT5,prostt5.3di_from_seq,best call on another target,spills,238,362,,,Q9D0D5,56,224,0.177,560
120,ZSCAN9,O15535,ZN_FING,282,304,mouse,Q571J5,Reseek,reseek.verysensitive,best call on another target,"inside, lower IoU",276,316,,,Q8BUB4,253,318,0.55,560
120,ZSCAN9,O15535,ZN_FING,282,304,mouse,Q571J5,Kyte-Doolittle scan,kd_scan,no call,no call,,,,,,,,,560
121,ADGRF5,Q8IZF2,TRANSMEM,1245,1265,mouse,Q9D2L6,kmerseek chosen arm,kmerseek.hp_lehninger_c_nonpolar2_k18_lcTrue,lands,lands,1244,1266,635,657,,,,0.87,698
121,ADGRF5,Q8IZF2,TRANSMEM,1245,1265,mouse,Q9D2L6,kmerseek best other alphabet,kmerseek.hp_lehninger_hpc3_k16_lcTrue,best call on another target,lands,1245,1265,,,Q8BJ03,267,287,0.952,698
121,ADGRF5,Q8IZF2,TRANSMEM,1245,1265,mouse,Q9D2L6,phmmer,hmmer3_phmmer.default,best call on another target,spills,1224,1276,,,Q8JZZ7,1052,1192,0.385,698
121,ADGRF5,Q8IZF2,TRANSMEM,1245,1265,mouse,Q9D2L6,MMseqs2,mmseqs2_seqseq.s7,best call on another target,spills,1092,1282,,,Q60755,278,461,0.105,698
121,ADGRF5,Q8IZF2,TRANSMEM,1245,1265,mouse,Q9D2L6,MMseqs2 iterative,mmseqs2_iterative.s7,best call on another target,spills,1223,1290,,,Q60748,314,381,0.299,698
121,ADGRF5,Q8IZF2,TRANSMEM,1245,1265,mouse,Q9D2L6,Foldseek,foldseek.3di_aa,best call on another target,spills,1104,1316,,,Q9CXT7,47,242,0.094,698
121,ADGRF5,Q8IZF2,TRANSMEM,1245,1265,mouse,Q9D2L6,ProstT5,prostt5.3di_from_seq,best call on another target,spills,1082,1292,,,Q5FWC3,5,180,0.095,698
121,ADGRF5,Q8IZF2,TRANSMEM,1245,1265,mouse,Q9D2L6,Reseek,reseek.verysensitive,best call on another target,"inside, lower IoU",1242,1279,,,Q99M08,37,65,0.541,698
121,ADGRF5,Q8IZF2,TRANSMEM,1245,1265,mouse,Q9D2L6,Kyte-Doolittle scan,kd_scan,"inside, lower IoU","inside, lower IoU",1243,1271,,,,,,0.714,698
122,ZNF391,Q9UJN7,ZN_FING,333,355,mouse,Q80W31,kmerseek chosen arm,kmerseek.hp_thomas_dill_no_c2_k19_lcTrue,lands,lands,331,355,485,509,,,,0.88,679
122,ZNF391,Q9UJN7,ZN_FING,333,355,mouse,Q80W31,kmerseek best other alphabet,kmerseek.hp_lehninger2_k19_lcTrue,best call on another target,lands,334,356,,,P10751,422,444,0.957,679
122,ZNF391,Q9UJN7,ZN_FING,333,355,mouse,Q80W31,phmmer,hmmer3_phmmer.default,best call on another target,spills,304,355,,,Q62255,411,483,0.431,679
122,ZNF391,Q9UJN7,ZN_FING,333,355,mouse,Q80W31,MMseqs2,mmseqs2_seqseq.s7,best call on another target,spills,303,355,,,Q9QYE3,375,427,0.423,679
122,ZNF391,Q9UJN7,ZN_FING,333,355,mouse,Q80W31,MMseqs2 iterative,mmseqs2_iterative.s7,best call on another target,"inside, lower IoU",329,355,,,Q68FE9,918,944,0.846,679
122,ZNF391,Q9UJN7,ZN_FING,333,355,mouse,Q80W31,Foldseek,foldseek.3di_aa,best call on another target,spills,110,357,,,Q4VA44,4,251,0.089,679
122,ZNF391,Q9UJN7,ZN_FING,333,355,mouse,Q80W31,ProstT5,prostt5.3di_from_seq,best call on another target,spills,222,357,,,Q9ESX4,90,233,0.163,679
122,ZNF391,Q9UJN7,ZN_FING,333,355,mouse,Q80W31,Reseek,reseek.verysensitive,best call on another target,spills,283,356,,,Q9D115,26,76,0.301,679
122,ZNF391,Q9UJN7,ZN_FING,333,355,mouse,Q80W31,Kyte-Doolittle scan,kd_scan,no call,no call,,,,,,,,,679
123,ZSCAN9,O15535,ZN_FING,254,276,mouse,P08043,kmerseek chosen arm,kmerseek.hp_thomas_dill_no_c2_k19_lcTrue,lands,lands,255,281,101,127,,,,0.815,459
123,ZSCAN9,O15535,ZN_FING,254,276,mouse,P08043,kmerseek best other alphabet,kmerseek.hp_lehninger2_k18_lcTrue,best call on another target,lands,255,277,,,Q8R2V3,554,576,0.957,459
123,ZSCAN9,O15535,ZN_FING,254,276,mouse,P08043,phmmer,hmmer3_phmmer.default,best call on another target,equal or higher IoU,252,276,,,Q2MHN3,1690,1790,0.917,459
123,ZSCAN9,O15535,ZN_FING,254,276,mouse,P08043,MMseqs2,mmseqs2_seqseq.s7,best call on another target,spills,248,300,,,Q7TQG0,598,652,0.423,459
123,ZSCAN9,O15535,ZN_FING,254,276,mouse,P08043,MMseqs2 iterative,mmseqs2_iterative.s7,best call on another target,equal or higher IoU,254,276,,,Q0VEE6,616,638,1.0,459
123,ZSCAN9,O15535,ZN_FING,254,276,mouse,P08043,Foldseek,foldseek.3di_aa,best call on another target,spills,238,334,,,Q3KNM2,2,95,0.229,459
123,ZSCAN9,O15535,ZN_FING,254,276,mouse,P08043,ProstT5,prostt5.3di_from_seq,best call on another target,spills,154,278,,,Q8C1M2,59,173,0.177,459
123,ZSCAN9,O15535,ZN_FING,254,276,mouse,P08043,Reseek,reseek.verysensitive,best call on another target,spills,236,288,,,Q6ZWU9,13,60,0.423,459
123,ZSCAN9,O15535,ZN_FING,254,276,mouse,P08043,Kyte-Doolittle scan,kd_scan,no call,no call,,,,,,,,,459
124,ZNF391,Q9UJN7,ZN_FING,165,187,mouse,Q8BGS3,kmerseek chosen arm,kmerseek.hp_thomas_dill_no_c2_k19_lcTrue,lands,lands,163,187,513,537,,,,0.88,561
124,ZNF391,Q9UJN7,ZN_FING,165,187,mouse,Q8BGS3,kmerseek best other alphabet,kmerseek.hp_lehninger_hpc3_k16_lcTrue,lands,lands,166,187,516,537,,,,1.0,561
124,ZNF391,Q9UJN7,ZN_FING,165,187,mouse,Q8BGS3,phmmer,hmmer3_phmmer.default,best call on another target,equal or higher IoU,164,187,,,Q61329,2524,2569,0.957,561
124,ZNF391,Q9UJN7,ZN_FING,165,187,mouse,Q8BGS3,MMseqs2,mmseqs2_seqseq.s7,best call on another target,equal or higher IoU,162,187,,,P16951,4,31,0.88,561
124,ZNF391,Q9UJN7,ZN_FING,165,187,mouse,Q8BGS3,MMseqs2 iterative,mmseqs2_iterative.s7,best call on another target,spills,137,187,,,Q9CWH1,275,326,0.44,561
124,ZNF391,Q9UJN7,ZN_FING,165,187,mouse,Q8BGS3,Foldseek,foldseek.3di_aa,best call on another target,spills,75,195,,,A2AJ77,225,329,0.183,561
124,ZNF391,Q9UJN7,ZN_FING,165,187,mouse,Q8BGS3,ProstT5,prostt5.3di_from_seq,best call on another target,spills,57,189,,,Q8BLM0,223,354,0.167,561
124,ZNF391,Q9UJN7,ZN_FING,165,187,mouse,Q8BGS3,Reseek,reseek.verysensitive,best call on another target,spills,83,184,,,Q9CY62,11,143,0.183,561
124,ZNF391,Q9UJN7,ZN_FING,165,187,mouse,Q8BGS3,Kyte-Doolittle scan,kd_scan,no call,no call,,,,,,,,,561
125,ELOVL5,Q9NYP7,TRANSMEM,168,187,mouse,Q9EQC4,kmerseek chosen arm,kmerseek.hp_lehninger_c_nonpolar2_k18_lcTrue,lands,lands,167,187,182,202,,,,0.905,312
125,ELOVL5,Q9NYP7,TRANSMEM,168,187,mouse,Q9EQC4,kmerseek best other alphabet,kmerseek.polarity4_k10_lcTrue,lands,lands,168,187,183,202,,,,0.95,312
125,ELOVL5,Q9NYP7,TRANSMEM,168,187,mouse,Q9EQC4,phmmer,hmmer3_phmmer.default,best call on another target,spills,180,246,,,Q61115,965,1058,0.09,312
125,ELOVL5,Q9NYP7,TRANSMEM,168,187,mouse,Q9EQC4,MMseqs2,mmseqs2_seqseq.s7,best call on another target,spills,27,223,,,O35949,30,224,0.097,312
125,ELOVL5,Q9NYP7,TRANSMEM,168,187,mouse,Q9EQC4,MMseqs2 iterative,mmseqs2_iterative.s7,best call on another target,spills,30,186,,,Q920L5,28,183,0.115,312
125,ELOVL5,Q9NYP7,TRANSMEM,168,187,mouse,Q9EQC4,Foldseek,foldseek.3di_aa,best call on another target,spills,165,299,,,Q8VE49,172,317,0.142,312
125,ELOVL5,Q9NYP7,TRANSMEM,168,187,mouse,Q9EQC4,ProstT5,prostt5.3di_from_seq,best call on another target,spills,65,190,,,Q9CPV0,7,139,0.152,312
125,ELOVL5,Q9NYP7,TRANSMEM,168,187,mouse,Q9EQC4,Reseek,reseek.verysensitive,best call on another target,spills,160,247,,,Q9JI60,158,228,0.218,312
125,ELOVL5,Q9NYP7,TRANSMEM,168,187,mouse,Q9EQC4,Kyte-Doolittle scan,kd_scan,no call,no call,,,,,,,,,312
126,ZSCAN26,Q16670,ZN_FING,394,416,mouse,Q569E7,kmerseek chosen arm,kmerseek.hp_thomas_dill_no_c2_k19_lcTrue,lands,lands,395,416,337,358,,,,1.0,569
126,ZSCAN26,Q16670,ZN_FING,394,416,mouse,Q569E7,kmerseek best other alphabet,kmerseek.hp_lehninger2_k18_lcTrue,best call on another target,lands,395,416,,,Q6NV66,1226,1247,1.0,569
126,ZSCAN26,Q16670,ZN_FING,394,416,mouse,Q569E7,phmmer,hmmer3_phmmer.default,best call on another target,"inside, lower IoU",391,417,,,Q7TSH3,476,547,0.846,569
126,ZSCAN26,Q16670,ZN_FING,394,416,mouse,Q569E7,MMseqs2,mmseqs2_seqseq.s7,best call on another target,"inside, lower IoU",396,416,,,Q8BZ97,626,646,0.909,569
126,ZSCAN26,Q16670,ZN_FING,394,416,mouse,Q569E7,MMseqs2 iterative,mmseqs2_iterative.s7,best call on another target,spills,390,441,,,Q9JJN2,1364,1415,0.431,569
126,ZSCAN26,Q16670,ZN_FING,394,416,mouse,Q569E7,Foldseek,foldseek.3di_aa,best call on another target,spills,395,469,,,A2AJ77,244,318,0.28,569
126,ZSCAN26,Q16670,ZN_FING,394,416,mouse,Q569E7,ProstT5,prostt5.3di_from_seq,best call on another target,spills,258,418,,,D3YYM0,36,188,0.138,569
126,ZSCAN26,Q16670,ZN_FING,394,416,mouse,Q569E7,Reseek,reseek.verysensitive,best call on another target,"inside, lower IoU",396,408,,,Q4V9W2,15,27,0.545,569
126,ZSCAN26,Q16670,ZN_FING,394,416,mouse,Q569E7,Kyte-Doolittle scan,kd_scan,no call,no call,,,,,,,,,569
127,PRDM1,O75626,ZN_FING,631,653,mouse,P10076,kmerseek chosen arm,kmerseek.hp_thomas_dill_no_c2_k19_lcTrue,lands,lands,632,655,639,662,,,,0.917,861
127,PRDM1,O75626,ZN_FING,631,653,mouse,P10076,kmerseek best other alphabet,kmerseek.hp_kyte_doolittle2_k19_lcTrue,best call on another target,lands,632,653,,,Q811F1,518,539,1.0,861
127,PRDM1,O75626,ZN_FING,631,653,mouse,P10076,phmmer,hmmer3_phmmer.default,best call on another target,equal or higher IoU,630,654,,,Q9D2D7,1193,1226,0.917,861
127,PRDM1,O75626,ZN_FING,631,653,mouse,P10076,MMseqs2,mmseqs2_seqseq.s7,best call on another target,"inside, lower IoU",633,664,,,Q0VEE6,486,522,0.606,861
127,PRDM1,O75626,ZN_FING,631,653,mouse,P10076,MMseqs2 iterative,mmseqs2_iterative.s7,best call on another target,spills,605,653,,,Q9Z248,295,345,0.458,861
127,PRDM1,O75626,ZN_FING,631,653,mouse,P10076,Foldseek,foldseek.3di_aa,best call on another target,spills,575,707,,,Q569E7,433,565,0.167,861
127,PRDM1,O75626,ZN_FING,631,653,mouse,P10076,ProstT5,prostt5.3di_from_seq,best call on another target,spills,561,683,,,D3YYM0,46,188,0.18,861
127,PRDM1,O75626,ZN_FING,631,653,mouse,P10076,Reseek,reseek.verysensitive,best call on another target,spills,623,734,,,Q9Z199,1,105,0.198,861
127,PRDM1,O75626,ZN_FING,631,653,mouse,P10076,Kyte-Doolittle scan,kd_scan,no call,no call,,,,,,,,,861
128,ZNF391,Q9UJN7,ZN_FING,277,299,mouse,Q8BI67,kmerseek chosen arm,kmerseek.hp_thomas_dill_no_c2_k19_lcTrue,lands,lands,278,301,489,512,,,,0.917,892
128,ZNF391,Q9UJN7,ZN_FING,277,299,mouse,Q8BI67,kmerseek best other alphabet,kmerseek.hp_lehninger2_k18_lcTrue,best call on another target,lands,278,299,,,Q0VDQ9,317,338,1.0,892
128,ZNF391,Q9UJN7,ZN_FING,277,299,mouse,Q8BI67,phmmer,hmmer3_phmmer.default,best call on another target,equal or higher IoU,276,299,,,Q8BI66,193,236,0.957,892
128,ZNF391,Q9UJN7,ZN_FING,277,299,mouse,Q8BI67,MMseqs2,mmseqs2_seqseq.s7,best call on another target,spills,251,310,,,O88842,534,579,0.373,892
128,ZNF391,Q9UJN7,ZN_FING,277,299,mouse,Q8BI67,MMseqs2 iterative,mmseqs2_iterative.s7,best call on another target,spills,226,299,,,Q8BXJ2,1026,1114,0.301,892
128,ZNF391,Q9UJN7,ZN_FING,277,299,mouse,Q8BI67,Foldseek,foldseek.3di_aa,best call on another target,spills,106,305,,,P24399,3,201,0.111,892
128,ZNF391,Q9UJN7,ZN_FING,277,299,mouse,Q8BI67,ProstT5,prostt5.3di_from_seq,best call on another target,spills,222,357,,,Q9ESX4,90,233,0.163,892
128,ZNF391,Q9UJN7,ZN_FING,277,299,mouse,Q8BI67,Reseek,reseek.verysensitive,best call on another target,spills,247,310,,,Q9CWY9,133,212,0.349,892
128,ZNF391,Q9UJN7,ZN_FING,277,299,mouse,Q8BI67,Kyte-Doolittle scan,kd_scan,no call,no call,,,,,,,,,892
129,ZSCAN31,Q96LW9,ZN_FING,267,289,mouse,A2A935,kmerseek chosen arm,kmerseek.hp_thomas_dill_no_c2_k19_lcTrue,lands,lands,264,287,421,444,,,,0.769,1275
129,ZSCAN31,Q96LW9,ZN_FING,267,289,mouse,A2A935,kmerseek best other alphabet,kmerseek.gbmr4_k13_lcTrue,best call on another target,lands,268,290,,,Q8CF60,657,679,0.957,1275
129,ZSCAN31,Q96LW9,ZN_FING,267,289,mouse,A2A935,phmmer,hmmer3_phmmer.default,best call on another target,equal or higher IoU,266,289,,,Q63ZV0,359,403,0.957,1275
129,ZSCAN31,Q96LW9,ZN_FING,267,289,mouse,A2A935,MMseqs2,mmseqs2_seqseq.s7,best call on another target,spills,241,289,,,Q03172,409,457,0.458,1275
129,ZSCAN31,Q96LW9,ZN_FING,267,289,mouse,A2A935,MMseqs2 iterative,mmseqs2_iterative.s7,best call on another target,spills,241,289,,,A2A884,187,235,0.458,1275
129,ZSCAN31,Q96LW9,ZN_FING,267,289,mouse,A2A935,Foldseek,foldseek.3di_aa,best call on another target,spills,222,325,,,A2AJ77,220,329,0.214,1275
129,ZSCAN31,Q96LW9,ZN_FING,267,289,mouse,A2A935,ProstT5,prostt5.3di_from_seq,best call on another target,spills,267,345,,,Q9DB38,92,172,0.282,1275
129,ZSCAN31,Q96LW9,ZN_FING,267,289,mouse,A2A935,Reseek,reseek.verysensitive,best call on another target,"inside, lower IoU",269,301,,,Q63871,19,40,0.588,1275
129,ZSCAN31,Q96LW9,ZN_FING,267,289,mouse,A2A935,Kyte-Doolittle scan,kd_scan,no call,no call,,,,,,,,,1275
130,ZKSCAN8,Q15776,ZN_FING,434,456,mouse,Q80W31,kmerseek chosen arm,kmerseek.hp_thomas_dill_no_c2_k19_lcTrue,lands,lands,432,456,485,509,,,,0.88,679
130,ZKSCAN8,Q15776,ZN_FING,434,456,mouse,Q80W31,kmerseek best other alphabet,kmerseek.hp_kyte_doolittle2_k20_lcTrue,best call on another target,lands,433,456,,,Q07231,441,464,0.917,679
130,ZKSCAN8,Q15776,ZN_FING,434,456,mouse,Q80W31,phmmer,hmmer3_phmmer.default,best call on another target,"inside, lower IoU",431,453,,,Q5F293,201,238,0.76,679
130,ZKSCAN8,Q15776,ZN_FING,434,456,mouse,Q80W31,MMseqs2,mmseqs2_seqseq.s7,best call on another target,spills,413,484,,,Q03172,386,457,0.31,679
130,ZKSCAN8,Q15776,ZN_FING,434,456,mouse,Q80W31,MMseqs2 iterative,mmseqs2_iterative.s7,best call on another target,spills,406,474,,,Q9R0G7,999,1067,0.324,679
130,ZKSCAN8,Q15776,ZN_FING,434,456,mouse,Q80W31,Foldseek,foldseek.3di_aa,best call on another target,spills,324,515,,,E9Q3T6,372,561,0.115,679
130,ZKSCAN8,Q15776,ZN_FING,434,456,mouse,Q80W31,ProstT5,prostt5.3di_from_seq,best call on another target,spills,296,464,,,A2AJ77,203,364,0.131,679
130,ZKSCAN8,Q15776,ZN_FING,434,456,mouse,Q80W31,Reseek,reseek.verysensitive,best call on another target,spills,352,484,,,Q3UWA4,12,115,0.167,679
130,ZKSCAN8,Q15776,ZN_FING,434,456,mouse,Q80W31,Kyte-Doolittle scan,kd_scan,no call,no call,,,,,,,,,679
131,ZKSCAN4,Q969J2,ZN_FING,432,454,mouse,Q6PGE4,kmerseek chosen arm,kmerseek.hp_thomas_dill_no_c2_k19_lcTrue,lands,lands,433,454,341,362,,,,1.0,1016
131,ZKSCAN4,Q969J2,ZN_FING,432,454,mouse,Q6PGE4,kmerseek best other alphabet,kmerseek.gbmr7_k11_lcTrue,best call on another target,lands,433,454,,,Q8BZW4,241,262,1.0,1016
131,ZKSCAN4,Q969J2,ZN_FING,432,454,mouse,Q6PGE4,phmmer,hmmer3_phmmer.default,best call on another target,"inside, lower IoU",431,454,,,Q63ZV0,363,401,0.957,1016
131,ZKSCAN4,Q969J2,ZN_FING,432,454,mouse,Q6PGE4,MMseqs2,mmseqs2_seqseq.s7,best call on another target,spills,381,454,,,Q60793,407,482,0.301,1016
131,ZKSCAN4,Q969J2,ZN_FING,432,454,mouse,Q6PGE4,MMseqs2 iterative,mmseqs2_iterative.s7,best call on another target,spills,400,455,,,Q8K327,695,751,0.4,1016
131,ZKSCAN4,Q969J2,ZN_FING,432,454,mouse,Q6PGE4,Foldseek,foldseek.3di_aa,best call on another target,spills,290,474,,,Q9ERU3,2,217,0.12,1016
131,ZKSCAN4,Q969J2,ZN_FING,432,454,mouse,Q6PGE4,ProstT5,prostt5.3di_from_seq,best call on another target,spills,269,454,,,Q9DB38,20,172,0.119,1016
131,ZKSCAN4,Q969J2,ZN_FING,432,454,mouse,Q6PGE4,Reseek,reseek.verysensitive,best call on another target,spills,410,463,,,Q9D115,26,70,0.415,1016
131,ZKSCAN4,Q969J2,ZN_FING,432,454,mouse,Q6PGE4,Kyte-Doolittle scan,kd_scan,no call,no call,,,,,,,,,1016
132,ZSCAN12,O43309,ZN_FING,274,296,mouse,Q80W31,kmerseek chosen arm,kmerseek.hp_thomas_dill_no_c2_k19_lcTrue,lands,lands,272,296,485,509,,,,0.88,679
132,ZSCAN12,O43309,ZN_FING,274,296,mouse,Q80W31,kmerseek best other alphabet,kmerseek.hp_lehninger2_k18_lcTrue,best call on another target,lands,275,296,,,Q5RJ54,271,292,1.0,679
132,ZSCAN12,O43309,ZN_FING,274,296,mouse,Q80W31,phmmer,hmmer3_phmmer.default,best call on another target,equal or higher IoU,276,296,,,Q569E7,23,226,0.909,679
132,ZSCAN12,O43309,ZN_FING,274,296,mouse,Q80W31,MMseqs2,mmseqs2_seqseq.s7,best call on another target,spills,279,352,,,Q60843,278,353,0.218,679
132,ZSCAN12,O43309,ZN_FING,274,296,mouse,Q80W31,MMseqs2 iterative,mmseqs2_iterative.s7,best call on another target,spills,279,329,,,Q9DCK4,142,195,0.309,679
132,ZSCAN12,O43309,ZN_FING,274,296,mouse,Q80W31,Foldseek,foldseek.3di_aa,best call on another target,spills,246,340,,,Q8BX32,152,241,0.234,679
132,ZSCAN12,O43309,ZN_FING,274,296,mouse,Q80W31,ProstT5,prostt5.3di_from_seq,best call on another target,spills,221,352,,,Q9DB38,20,172,0.168,679
132,ZSCAN12,O43309,ZN_FING,274,296,mouse,Q80W31,Reseek,reseek.verysensitive,best call on another target,spills,241,308,,,Q63871,4,40,0.328,679
132,ZSCAN12,O43309,ZN_FING,274,296,mouse,Q80W31,Kyte-Doolittle scan,kd_scan,no call,no call,,,,,,,,,679
133,ZKSCAN8,Q15776,ZN_FING,490,512,mouse,Q80W31,kmerseek chosen arm,kmerseek.hp_thomas_dill_no_c2_k19_lcTrue,lands,lands,488,512,485,509,,,,0.88,679
133,ZKSCAN8,Q15776,ZN_FING,490,512,mouse,Q80W31,kmerseek best other alphabet,kmerseek.hp_kyte_doolittle2_k20_lcTrue,best call on another target,lands,489,512,,,Q07231,441,464,0.917,679
133,ZKSCAN8,Q15776,ZN_FING,490,512,mouse,Q80W31,phmmer,hmmer3_phmmer.default,best call on another target,equal or higher IoU,489,512,,,Q8BY46,125,251,0.957,679
133,ZKSCAN8,Q15776,ZN_FING,490,512,mouse,Q80W31,MMseqs2,mmseqs2_seqseq.s7,best call on another target,spills,460,512,,,Q9QYE3,375,427,0.423,679
133,ZKSCAN8,Q15776,ZN_FING,490,512,mouse,Q80W31,MMseqs2 iterative,mmseqs2_iterative.s7,best call on another target,spills,460,512,,,Q9QYE3,375,427,0.423,679
133,ZKSCAN8,Q15776,ZN_FING,490,512,mouse,Q80W31,Foldseek,foldseek.3di_aa,best call on another target,spills,324,515,,,E9Q3T6,372,561,0.115,679
133,ZKSCAN8,Q15776,ZN_FING,490,512,mouse,Q80W31,ProstT5,prostt5.3di_from_seq,best call on another target,spills,347,542,,,P24399,3,198,0.113,679
133,ZKSCAN8,Q15776,ZN_FING,490,512,mouse,Q80W31,Reseek,reseek.verysensitive,best call on another target,spills,492,578,,,P63271,16,117,0.227,679
133,ZKSCAN8,Q15776,ZN_FING,490,512,mouse,Q80W31,Kyte-Doolittle scan,kd_scan,no call,no call,,,,,,,,,679
134,CARMIL1,Q5VZK9,REPEAT,245,269,mouse,Q3UFQ8,kmerseek chosen arm,kmerseek.hp_kyte_doolittle2_k19_lcTrue,lands,lands,242,270,239,267,,,,0.828,1375
134,CARMIL1,Q5VZK9,REPEAT,245,269,mouse,Q3UFQ8,kmerseek best other alphabet,kmerseek.hp_pbotc_1st_ed2_k21_lcTrue,lands,lands,248,270,245,267,,,,0.88,1375
134,CARMIL1,Q5VZK9,REPEAT,245,269,mouse,Q3UFQ8,phmmer,hmmer3_phmmer.default,best call on another target,spills,245,332,,,Q14BP6,149,247,0.276,1375
134,CARMIL1,Q5VZK9,REPEAT,245,269,mouse,Q3UFQ8,MMseqs2,mmseqs2_seqseq.s7,best call on another target,spills,246,378,,,A6H639,332,457,0.173,1375
134,CARMIL1,Q5VZK9,REPEAT,245,269,mouse,Q3UFQ8,MMseqs2 iterative,mmseqs2_iterative.s7,best call on another target,spills,240,372,,,A6H639,327,451,0.182,1375
134,CARMIL1,Q5VZK9,REPEAT,245,269,mouse,Q3UFQ8,Foldseek,foldseek.3di_aa,best call on another target,spills,231,529,,,Q3TAA7,69,329,0.081,1375
134,CARMIL1,Q5VZK9,REPEAT,245,269,mouse,Q3UFQ8,ProstT5,prostt5.3di_from_seq,best call on another target,spills,250,441,,,Q7TT36,51,185,0.097,1375
134,CARMIL1,Q5VZK9,REPEAT,245,269,mouse,Q3UFQ8,Reseek,reseek.verysensitive,best call on another target,spills,167,353,,,P62774,2,93,0.129,1375
134,CARMIL1,Q5VZK9,REPEAT,245,269,mouse,Q3UFQ8,Kyte-Doolittle scan,kd_scan,no call,no call,,,,,,,,,1375
135,ZNF391,Q9UJN7,ZN_FING,305,327,mouse,Q07230,kmerseek chosen arm,kmerseek.hp_thomas_dill_no_c2_k19_lcTrue,lands,lands,306,327,447,468,,,,1.0,614
135,ZNF391,Q9UJN7,ZN_FING,305,327,mouse,Q07230,kmerseek best other alphabet,kmerseek.hp_pbotc_1st_ed2_k18_lcTrue,lands,lands,306,327,447,468,,,,1.0,614
135,ZNF391,Q9UJN7,ZN_FING,305,327,mouse,Q07230,phmmer,hmmer3_phmmer.default,best call on another target,"inside, lower IoU",304,340,,,Q8CCH7,814,896,0.611,614
135,ZNF391,Q9UJN7,ZN_FING,305,327,mouse,Q07230,MMseqs2,mmseqs2_seqseq.s7,best call on another target,spills,303,355,,,Q9QYE3,375,427,0.423,614
135,ZNF391,Q9UJN7,ZN_FING,305,327,mouse,Q07230,MMseqs2 iterative,mmseqs2_iterative.s7,best call on another target,spills,303,351,,,Q61329,1553,1624,0.458,614
135,ZNF391,Q9UJN7,ZN_FING,305,327,mouse,Q07230,Foldseek,foldseek.3di_aa,best call on another target,spills,110,357,,,Q4VA44,4,251,0.089,614
135,ZNF391,Q9UJN7,ZN_FING,305,327,mouse,Q07230,ProstT5,prostt5.3di_from_seq,best call on another target,spills,222,357,,,Q9ESX4,90,233,0.163,614
135,ZNF391,Q9UJN7,ZN_FING,305,327,mouse,Q07230,Reseek,reseek.verysensitive,best call on another target,spills,296,349,,,Q9Z199,1,50,0.415,614
135,ZNF391,Q9UJN7,ZN_FING,305,327,mouse,Q07230,Kyte-Doolittle scan,kd_scan,no call,no call,,,,,,,,,614
136,ZSCAN23,Q3MJ62,ZN_FING,277,299,mouse,Q80W31,kmerseek chosen arm,kmerseek.hp_thomas_dill_no_c2_k19_lcTrue,lands,lands,275,299,485,509,,,,0.88,679
136,ZSCAN23,Q3MJ62,ZN_FING,277,299,mouse,Q80W31,kmerseek best other alphabet,kmerseek.hp_kyte_doolittle2_k20_lcTrue,best call on another target,lands,278,300,,,P16374,429,451,0.957,679
136,ZSCAN23,Q3MJ62,ZN_FING,277,299,mouse,Q80W31,phmmer,hmmer3_phmmer.default,best call on another target,equal or higher IoU,277,300,,,O88286,1066,1109,0.957,679
136,ZSCAN23,Q3MJ62,ZN_FING,277,299,mouse,Q80W31,MMseqs2,mmseqs2_seqseq.s7,best call on another target,spills,251,299,,,Q9QYE3,379,427,0.458,679
136,ZSCAN23,Q3MJ62,ZN_FING,277,299,mouse,Q80W31,MMseqs2 iterative,mmseqs2_iterative.s7,best call on another target,"inside, lower IoU",259,303,,,Q9Z248,303,349,0.5,679
136,ZSCAN23,Q3MJ62,ZN_FING,277,299,mouse,Q80W31,Foldseek,foldseek.3di_aa,best call on another target,spills,219,340,,,A2AJ77,211,334,0.182,679
136,ZSCAN23,Q3MJ62,ZN_FING,277,299,mouse,Q80W31,ProstT5,prostt5.3di_from_seq,best call on another target,spills,249,389,,,Q80YR4,115,270,0.157,679
136,ZSCAN23,Q3MJ62,ZN_FING,277,299,mouse,Q80W31,Reseek,reseek.verysensitive,best call on another target,spills,221,311,,,Q6ZWU9,4,60,0.244,679
136,ZSCAN23,Q3MJ62,ZN_FING,277,299,mouse,Q80W31,Kyte-Doolittle scan,kd_scan,no call,no call,,,,,,,,,679
137,ZSCAN16,Q9H4T2,ZN_FING,264,286,mouse,Q7TSH9,kmerseek chosen arm,kmerseek.hp_thomas_dill_no_c2_k19_lcTrue,lands,lands,264,288,509,533,,,,0.88,737
137,ZSCAN16,Q9H4T2,ZN_FING,264,286,mouse,Q7TSH9,kmerseek best other alphabet,kmerseek.hp_lehninger2_k18_lcTrue,best call on another target,lands,265,285,,,Q5D1E7,300,320,0.955,737
137,ZSCAN16,Q9H4T2,ZN_FING,264,286,mouse,Q7TSH9,phmmer,hmmer3_phmmer.default,best call on another target,"inside, lower IoU",259,292,,,Q3URR7,329,375,0.667,737
137,ZSCAN16,Q9H4T2,ZN_FING,264,286,mouse,Q7TSH9,MMseqs2,mmseqs2_seqseq.s7,best call on another target,spills,238,286,,,Q9QYE3,379,427,0.458,737
137,ZSCAN16,Q9H4T2,ZN_FING,264,286,mouse,Q7TSH9,MMseqs2 iterative,mmseqs2_iterative.s7,best call on another target,spills,238,286,,,Q7TSH3,36,84,0.458,737
137,ZSCAN16,Q9H4T2,ZN_FING,264,286,mouse,Q7TSH9,Foldseek,foldseek.3di_aa,best call on another target,spills,236,343,,,Q8BJ90,175,282,0.206,737
137,ZSCAN16,Q9H4T2,ZN_FING,264,286,mouse,Q7TSH9,ProstT5,prostt5.3di_from_seq,best call on another target,spills,234,341,,,O89091,366,469,0.206,737
137,ZSCAN16,Q9H4T2,ZN_FING,264,286,mouse,Q7TSH9,Reseek,reseek.verysensitive,best call on another target,spills,250,322,,,Q8R2V5,3,105,0.306,737
137,ZSCAN16,Q9H4T2,ZN_FING,264,286,mouse,Q7TSH9,Kyte-Doolittle scan,kd_scan,no call,no call,,,,,,,,,737
138,ZSCAN12,O43309,ZN_FING,497,519,mouse,Q7TSH9,kmerseek chosen arm,kmerseek.hp_thomas_dill_no_c2_k19_lcTrue,lands,lands,497,520,704,727,,,,0.917,737
138,ZSCAN12,O43309,ZN_FING,497,519,mouse,Q7TSH9,kmerseek best other alphabet,kmerseek.gbmr4_k16_lcTrue,best call on another target,lands,498,520,,,Q80YP6,328,350,0.957,737
138,ZSCAN12,O43309,ZN_FING,497,519,mouse,Q7TSH9,phmmer,hmmer3_phmmer.default,best call on another target,equal or higher IoU,496,519,,,Q9JJN2,2330,2458,0.957,737
138,ZSCAN12,O43309,ZN_FING,497,519,mouse,Q7TSH9,MMseqs2,mmseqs2_seqseq.s7,best call on another target,spills,461,519,,,Q9JMC2,197,253,0.379,737
138,ZSCAN12,O43309,ZN_FING,497,519,mouse,Q7TSH9,MMseqs2 iterative,mmseqs2_iterative.s7,best call on another target,equal or higher IoU,497,519,,,Q0VEE6,616,638,1.0,737
138,ZSCAN12,O43309,ZN_FING,497,519,mouse,Q7TSH9,Foldseek,foldseek.3di_aa,best call on another target,spills,423,555,,,A2AJ77,209,329,0.167,737
138,ZSCAN12,O43309,ZN_FING,497,519,mouse,Q7TSH9,ProstT5,prostt5.3di_from_seq,best call on another target,spills,421,581,,,A2AJ77,201,361,0.138,737
138,ZSCAN12,O43309,ZN_FING,497,519,mouse,Q7TSH9,Reseek,reseek.verysensitive,best call on another target,spills,470,570,,,Q99PQ2,15,132,0.22,737
138,ZSCAN12,O43309,ZN_FING,497,519,mouse,Q7TSH9,Kyte-Doolittle scan,kd_scan,no call,no call,,,,,,,,,737
139,KCNK16,Q96T55,INTRAMEM,98,116,mouse,O88454,kmerseek chosen arm,kmerseek.mmseqs12_k7_lcTrue,lands,lands,96,113,92,109,,,,0.714,398
139,KCNK16,Q96T55,INTRAMEM,98,116,mouse,O88454,kmerseek best other alphabet,kmerseek.dayhoff6_k10_lcTrue,best call on another target,lands,96,116,,,P97438,145,165,0.857,398
139,KCNK16,Q96T55,INTRAMEM,98,116,mouse,O88454,phmmer,hmmer3_phmmer.default,best call on another target,"inside, lower IoU",96,131,,,A6H8H5,316,453,0.514,398
139,KCNK16,Q96T55,INTRAMEM,98,116,mouse,O88454,MMseqs2,mmseqs2_seqseq.s7,best call on another target,"inside, lower IoU",97,132,,,O35219,615,650,0.514,398
139,KCNK16,Q96T55,INTRAMEM,98,116,mouse,O88454,MMseqs2 iterative,mmseqs2_iterative.s7,best call on another target,spills,94,132,,,P58390,604,642,0.474,398
139,KCNK16,Q96T55,INTRAMEM,98,116,mouse,O88454,Foldseek,foldseek.3di_aa,best call on another target,spills,49,135,,,O54982,204,303,0.209,398
139,KCNK16,Q96T55,INTRAMEM,98,116,mouse,O88454,ProstT5,prostt5.3di_from_seq,best call on another target,spills,85,168,,,O35219,599,700,0.217,398
139,KCNK16,Q96T55,INTRAMEM,98,116,mouse,O88454,Reseek,reseek.verysensitive,best call on another target,spills,83,177,,,D3Z1U7,33,107,0.191,398
139,KCNK16,Q96T55,INTRAMEM,98,116,mouse,O88454,Kyte-Doolittle scan,kd_scan,no call,no call,,,,,,,,,398
140,ZNF391,Q9UJN7,ZN_FING,221,243,mouse,Q80W31,kmerseek chosen arm,kmerseek.hp_thomas_dill_no_c2_k19_lcTrue,lands,lands,219,243,485,509,,,,0.88,679
140,ZNF391,Q9UJN7,ZN_FING,221,243,mouse,Q80W31,kmerseek best other alphabet,kmerseek.hp_kyte_doolittle2_k20_lcTrue,best call on another target,lands,222,244,,,P16374,429,451,0.957,679
140,ZNF391,Q9UJN7,ZN_FING,221,243,mouse,Q80W31,phmmer,hmmer3_phmmer.default,best call on another target,"inside, lower IoU",219,246,,,Q60821,680,739,0.815,679
140,ZNF391,Q9UJN7,ZN_FING,221,243,mouse,Q80W31,MMseqs2,mmseqs2_seqseq.s7,best call on another target,spills,221,271,,,Q03172,407,457,0.44,679
140,ZNF391,Q9UJN7,ZN_FING,221,243,mouse,Q80W31,MMseqs2 iterative,mmseqs2_iterative.s7,best call on another target,spills,193,244,,,Q505G8,814,865,0.431,679
140,ZNF391,Q9UJN7,ZN_FING,221,243,mouse,Q80W31,Foldseek,foldseek.3di_aa,best call on another target,spills,76,245,,,Q00899,229,409,0.13,679
140,ZNF391,Q9UJN7,ZN_FING,221,243,mouse,Q80W31,ProstT5,prostt5.3di_from_seq,best call on another target,spills,222,357,,,Q9ESX4,90,233,0.154,679
140,ZNF391,Q9UJN7,ZN_FING,221,243,mouse,Q80W31,Reseek,reseek.verysensitive,best call on another target,"inside, lower IoU",216,255,,,Q6ZWY3,25,60,0.564,679
140,ZNF391,Q9UJN7,ZN_FING,221,243,mouse,Q80W31,Kyte-Doolittle scan,kd_scan,no call,no call,,,,,,,,,679
141,TRIM31,Q9BZY9,ZN_FING,90,131,mouse,Q99PN3,kmerseek chosen arm,kmerseek.hp_thomas_dill_no_c2_k19_lcTrue,lands,lands,102,128,109,135,,,,0.659,545
141,TRIM31,Q9BZY9,ZN_FING,90,131,mouse,Q99PN3,kmerseek best other alphabet,kmerseek.hp_thomas_dill2_k19_lcTrue,lands,lands,102,128,109,135,,,,0.659,545
141,TRIM31,Q9BZY9,ZN_FING,90,131,mouse,Q99PN3,phmmer,hmmer3_phmmer.default,best call on another target,"inside, lower IoU",85,150,,,Q80VI1,120,303,0.631,545
141,TRIM31,Q9BZY9,ZN_FING,90,131,mouse,Q99PN3,MMseqs2,mmseqs2_seqseq.s7,best call on another target,"inside, lower IoU",53,135,,,Q8BGX0,139,223,0.5,545
141,TRIM31,Q9BZY9,ZN_FING,90,131,mouse,Q99PN3,MMseqs2 iterative,mmseqs2_iterative.s7,best call on another target,equal or higher IoU,95,134,,,Q8R2Q0,225,263,0.818,545
141,TRIM31,Q9BZY9,ZN_FING,90,131,mouse,Q99PN3,Foldseek,foldseek.3di_aa,best call on another target,spills,13,133,,,P39429,31,147,0.342,545
141,TRIM31,Q9BZY9,ZN_FING,90,131,mouse,Q99PN3,ProstT5,prostt5.3di_from_seq,best call on another target,spills,2,131,,,O70445,30,153,0.318,545
141,TRIM31,Q9BZY9,ZN_FING,90,131,mouse,Q99PN3,Reseek,reseek.verysensitive,best call on another target,spills,59,143,,,Q9CWQ2,4,144,0.488,545
141,TRIM31,Q9BZY9,ZN_FING,90,131,mouse,Q99PN3,Kyte-Doolittle scan,kd_scan,no call,no call,,,,,,,,,545
142,ZNF322,Q6U7Q0,ZN_FING,155,177,mouse,Q8R0T2,kmerseek chosen arm,kmerseek.hp_thomas_dill_no_c2_k19_lcTrue,lands,lands,157,181,487,511,,,,0.808,568
142,ZNF322,Q6U7Q0,ZN_FING,155,177,mouse,Q8R0T2,kmerseek best other alphabet,kmerseek.gbmr4_k14_lcTrue,best call on another target,lands,157,177,,,Q99LI5,344,364,0.955,568
142,ZNF322,Q6U7Q0,ZN_FING,155,177,mouse,Q8R0T2,phmmer,hmmer3_phmmer.default,best call on another target,equal or higher IoU,154,177,,,Q9JMC2,342,385,0.957,568
142,ZNF322,Q6U7Q0,ZN_FING,155,177,mouse,Q8R0T2,MMseqs2,mmseqs2_seqseq.s7,best call on another target,spills,154,200,,,Q7TMA2,519,559,0.478,568
142,ZNF322,Q6U7Q0,ZN_FING,155,177,mouse,Q8R0T2,MMseqs2 iterative,mmseqs2_iterative.s7,best call on another target,spills,128,177,,,Q9QYE3,378,427,0.449,568
142,ZNF322,Q6U7Q0,ZN_FING,155,177,mouse,Q8R0T2,Foldseek,foldseek.3di_aa,best call on another target,spills,124,179,,,Q91X45,415,471,0.4,568
142,ZNF322,Q6U7Q0,ZN_FING,155,177,mouse,Q8R0T2,ProstT5,prostt5.3di_from_seq,best call on another target,spills,96,235,,,Q9WUF2,353,467,0.158,568
142,ZNF322,Q6U7Q0,ZN_FING,155,177,mouse,Q8R0T2,Reseek,reseek.verysensitive,best call on another target,spills,123,186,,,Q7TQG0,602,658,0.349,568
142,ZNF322,Q6U7Q0,ZN_FING,155,177,mouse,Q8R0T2,Kyte-Doolittle scan,kd_scan,no call,no call,,,,,,,,,568
143,KCNK5,O95279,INTRAMEM,190,215,mouse,Q3LS21,kmerseek chosen arm,kmerseek.mmseqs12_k7_lcTrue,lands,lands,202,211,198,207,,,,0.4,402
143,KCNK5,O95279,INTRAMEM,190,215,mouse,Q3LS21,kmerseek best other alphabet,kmerseek.hp_lehninger2_k18_lcTrue,best call on another target,lands,192,212,,,Q6VV64,324,344,0.84,402
143,KCNK5,O95279,INTRAMEM,190,215,mouse,Q3LS21,phmmer,hmmer3_phmmer.default,best call on another target,equal or higher IoU,181,241,,,Q8R1P5,193,294,0.417,402
143,KCNK5,O95279,INTRAMEM,190,215,mouse,Q3LS21,MMseqs2,mmseqs2_seqseq.s7,best call on another target,equal or higher IoU,189,216,,,Q6ZPR4,267,294,0.926,402
143,KCNK5,O95279,INTRAMEM,190,215,mouse,Q3LS21,MMseqs2 iterative,mmseqs2_iterative.s7,best call on another target,equal or higher IoU,189,217,,,Q6ZPR4,267,295,0.893,402
143,KCNK5,O95279,INTRAMEM,190,215,mouse,Q3LS21,Foldseek,foldseek.3di_aa,best call on another target,spills,43,257,,,Q8R4F0,297,509,0.117,402
143,KCNK5,O95279,INTRAMEM,190,215,mouse,Q3LS21,ProstT5,prostt5.3di_from_seq,best call on another target,spills,4,256,,,Q6VV64,33,381,0.099,402
143,KCNK5,O95279,INTRAMEM,190,215,mouse,Q3LS21,Reseek,reseek.verysensitive,best call on another target,spills,110,257,,,Q9D103,37,106,0.17,402
143,KCNK5,O95279,INTRAMEM,190,215,mouse,Q3LS21,Kyte-Doolittle scan,kd_scan,no call,no call,,,,,,,,,402
144,ZSCAN31,Q96LW9,ZN_FING,239,261,mouse,P08043,kmerseek chosen arm,kmerseek.hp_thomas_dill_no_c2_k19_lcTrue,lands,lands,240,263,297,320,,,,0.917,459
144,ZSCAN31,Q96LW9,ZN_FING,239,261,mouse,P08043,kmerseek best other alphabet,kmerseek.gbmr4_k20_lcTrue,best call on another target,lands,240,262,,,Q8BQN6,269,291,0.957,459
144,ZSCAN31,Q96LW9,ZN_FING,239,261,mouse,P08043,phmmer,hmmer3_phmmer.default,best call on another target,equal or higher IoU,240,261,,,Q569E7,122,231,0.955,459
144,ZSCAN31,Q96LW9,ZN_FING,239,261,mouse,P08043,MMseqs2,mmseqs2_seqseq.s7,best call on another target,spills,241,289,,,Q03172,409,457,0.4,459
144,ZSCAN31,Q96LW9,ZN_FING,239,261,mouse,P08043,MMseqs2 iterative,mmseqs2_iterative.s7,best call on another target,equal or higher IoU,239,261,,,Q0VEE6,616,638,1.0,459
144,ZSCAN31,Q96LW9,ZN_FING,239,261,mouse,P08043,Foldseek,foldseek.3di_aa,best call on another target,spills,222,325,,,A2AJ77,220,329,0.214,459
144,ZSCAN31,Q96LW9,ZN_FING,239,261,mouse,P08043,ProstT5,prostt5.3di_from_seq,best call on another target,spills,236,318,,,Q60843,268,354,0.268,459
144,ZSCAN31,Q96LW9,ZN_FING,239,261,mouse,P08043,Reseek,reseek.verysensitive,best call on another target,spills,197,273,,,Q6ZWU9,13,60,0.289,459
144,ZSCAN31,Q96LW9,ZN_FING,239,261,mouse,P08043,Kyte-Doolittle scan,kd_scan,no call,no call,,,,,,,,,459
145,ZKSCAN3,Q9BRR0,ZN_FING,480,502,mouse,P10077,kmerseek chosen arm,kmerseek.hp_thomas_dill_no_c2_k19_lcTrue,lands,lands,482,506,711,735,,,,0.808,819
145,ZKSCAN3,Q9BRR0,ZN_FING,480,502,mouse,P10077,kmerseek best other alphabet,kmerseek.gbmr4_k12_lcTrue,best call on another target,lands,480,502,,,Q5RJ54,438,460,0.957,819
145,ZKSCAN3,Q9BRR0,ZN_FING,480,502,mouse,P10077,phmmer,hmmer3_phmmer.default,best call on another target,"inside, lower IoU",476,505,,,Q9QYE3,155,210,0.759,819
145,ZKSCAN3,Q9BRR0,ZN_FING,480,502,mouse,P10077,MMseqs2,mmseqs2_seqseq.s7,best call on another target,spills,398,513,,,Q9CWH1,275,361,0.191,819
145,ZKSCAN3,Q9BRR0,ZN_FING,480,502,mouse,P10077,MMseqs2 iterative,mmseqs2_iterative.s7,best call on another target,equal or higher IoU,480,502,,,Q8BXJ2,1092,1114,1.0,819
145,ZKSCAN3,Q9BRR0,ZN_FING,480,502,mouse,P10077,Foldseek,foldseek.3di_aa,best call on another target,spills,339,534,,,Q9WTJ4,26,258,0.113,819
145,ZKSCAN3,Q9BRR0,ZN_FING,480,502,mouse,P10077,ProstT5,prostt5.3di_from_seq,best call on another target,spills,314,531,,,P24399,6,197,0.101,819
145,ZKSCAN3,Q9BRR0,ZN_FING,480,502,mouse,P10077,Reseek,reseek.verysensitive,best call on another target,"inside, lower IoU",471,514,,,Q6ZWY3,8,60,0.512,819
145,ZKSCAN3,Q9BRR0,ZN_FING,480,502,mouse,P10077,Kyte-Doolittle scan,kd_scan,no call,no call,,,,,,,,,819
146,ZNF165,P49910,ZN_FING,400,422,mouse,Q6P9Y7,kmerseek chosen arm,kmerseek.hp_thomas_dill_no_c2_k19_lcTrue,lands,lands,397,418,473,494,,,,0.692,530
146,ZNF165,P49910,ZN_FING,400,422,mouse,Q6P9Y7,kmerseek best other alphabet,kmerseek.hp_kyte_doolittle2_k19_lcTrue,best call on another target,lands,401,422,,,Q569E7,337,358,1.0,530
146,ZNF165,P49910,ZN_FING,400,422,mouse,Q6P9Y7,phmmer,hmmer3_phmmer.default,best call on another target,equal or higher IoU,393,423,,,Q6KAS7,863,925,0.733,530
146,ZNF165,P49910,ZN_FING,400,422,mouse,Q6P9Y7,MMseqs2,mmseqs2_seqseq.s7,best call on another target,spills,377,450,,,Q9EPW2,327,402,0.301,530
146,ZNF165,P49910,ZN_FING,400,422,mouse,Q6P9Y7,MMseqs2 iterative,mmseqs2_iterative.s7,best call on another target,spills,372,422,,,Q03172,407,457,0.44,530
146,ZNF165,P49910,ZN_FING,400,422,mouse,Q6P9Y7,Foldseek,foldseek.3di_aa,best call on another target,spills,320,422,,,Q9DB38,79,172,0.216,530
146,ZNF165,P49910,ZN_FING,400,422,mouse,Q6P9Y7,ProstT5,prostt5.3di_from_seq,best call on another target,spills,317,422,,,Q9DB38,69,172,0.21,530
146,ZNF165,P49910,ZN_FING,400,422,mouse,Q6P9Y7,Reseek,reseek.verysensitive,best call on another target,spills,396,482,,,Q9D534,11,144,0.256,530
146,ZNF165,P49910,ZN_FING,400,422,mouse,Q6P9Y7,Kyte-Doolittle scan,kd_scan,no call,no call,,,,,,,,,530
147,DLL1,O00548,DOMAIN,447,478,mouse,Q9CQW3,kmerseek chosen arm,kmerseek.hp_thomas_dill_no_c2_k19_lcTrue,lands,lands,445,478,89,122,,,,0.912,399
147,DLL1,O00548,DOMAIN,447,478,mouse,Q9CQW3,kmerseek best other alphabet,kmerseek.hp_thomas_dill2_k19_lcTrue,lands,lands,445,478,89,122,,,,0.912,399
147,DLL1,O00548,DOMAIN,447,478,mouse,Q9CQW3,phmmer,hmmer3_phmmer.default,best call on another target,"inside, lower IoU",446,481,,,Q70UZ7,284,341,0.886,399
147,DLL1,O00548,DOMAIN,447,478,mouse,Q9CQW3,MMseqs2,mmseqs2_seqseq.s7,best call on another target,equal or higher IoU,447,478,,,E9Q7X7,694,726,1.0,399
147,DLL1,O00548,DOMAIN,447,478,mouse,Q9CQW3,MMseqs2 iterative,mmseqs2_iterative.s7,best call on another target,equal or higher IoU,447,478,,,E9Q7X7,694,726,1.0,399
147,DLL1,O00548,DOMAIN,447,478,mouse,Q9CQW3,Foldseek,foldseek.3di_aa,best call on another target,"inside, lower IoU",444,481,,,P22437,35,74,0.838,399
147,DLL1,O00548,DOMAIN,447,478,mouse,Q9CQW3,ProstT5,prostt5.3di_from_seq,best call on another target,"inside, lower IoU",444,482,,,P22437,35,75,0.816,399
147,DLL1,O00548,DOMAIN,447,478,mouse,Q9CQW3,Reseek,reseek.verysensitive,best call on another target,"inside, lower IoU",419,487,,,P58321,78,207,0.456,399
147,DLL1,O00548,DOMAIN,447,478,mouse,Q9CQW3,Kyte-Doolittle scan,kd_scan,no call,no call,,,,,,,,,399
148,ZSCAN26,Q16670,ZN_FING,310,332,mouse,A2A761,kmerseek chosen arm,kmerseek.hp_thomas_dill_no_c2_k19_lcTrue,lands,lands,308,330,406,428,,,,0.8,587
148,ZSCAN26,Q16670,ZN_FING,310,332,mouse,A2A761,kmerseek best other alphabet,kmerseek.hp_lehninger_c_nonpolar2_k18_lcTrue,best call on another target,lands,312,333,,,Q62396,412,433,0.913,587
148,ZSCAN26,Q16670,ZN_FING,310,332,mouse,A2A761,phmmer,hmmer3_phmmer.default,best call on another target,equal or higher IoU,309,332,,,Q3TTC2,250,288,0.957,587
148,ZSCAN26,Q16670,ZN_FING,310,332,mouse,A2A761,MMseqs2,mmseqs2_seqseq.s7,best call on another target,equal or higher IoU,307,333,,,Q9QX66,192,217,0.846,587
148,ZSCAN26,Q16670,ZN_FING,310,332,mouse,A2A761,MMseqs2 iterative,mmseqs2_iterative.s7,best call on another target,spills,310,356,,,Q8C0P7,604,652,0.478,587
148,ZSCAN26,Q16670,ZN_FING,310,332,mouse,A2A761,Foldseek,foldseek.3di_aa,best call on another target,spills,310,426,,,Q3UZD5,474,595,0.19,587
148,ZSCAN26,Q16670,ZN_FING,310,332,mouse,A2A761,ProstT5,prostt5.3di_from_seq,best call on another target,spills,254,377,,,Q6NZQ6,48,180,0.179,587
148,ZSCAN26,Q16670,ZN_FING,310,332,mouse,A2A761,Reseek,reseek.verysensitive,best call on another target,spills,268,344,,,Q6ZWY3,11,60,0.289,587
148,ZSCAN26,Q16670,ZN_FING,310,332,mouse,A2A761,Kyte-Doolittle scan,kd_scan,no call,no call,,,,,,,,,587
149,WDR27,A2RRH5,REPEAT,112,151,mouse,Q8C5V5,kmerseek chosen arm,kmerseek.hp_kyte_doolittle2_k19_lcTrue,lands,lands,114,146,113,145,,,,0.846,780
149,WDR27,A2RRH5,REPEAT,112,151,mouse,Q8C5V5,kmerseek best other alphabet,kmerseek.hp_pbotc_1st_ed2_k18_lcTrue,lands,lands,114,146,113,145,,,,0.846,780
149,WDR27,A2RRH5,REPEAT,112,151,mouse,Q8C5V5,phmmer,hmmer3_phmmer.default,best call on another target,spills,126,182,,,O88879,797,868,0.357,780
149,WDR27,A2RRH5,REPEAT,112,151,mouse,Q8C5V5,MMseqs2,mmseqs2_seqseq.s7,best call on another target,spills,50,157,,,Q8CBE3,347,435,0.364,780
149,WDR27,A2RRH5,REPEAT,112,151,mouse,Q8C5V5,MMseqs2 iterative,mmseqs2_iterative.s7,best call on another target,spills,64,197,,,O54929,146,271,0.293,780
149,WDR27,A2RRH5,REPEAT,112,151,mouse,Q8C5V5,Foldseek,foldseek.3di_aa,best call on another target,spills,33,248,,,Q8C828,201,426,0.181,780
149,WDR27,A2RRH5,REPEAT,112,151,mouse,Q8C5V5,ProstT5,prostt5.3di_from_seq,best call on another target,spills,42,203,,,Q8K3F2,354,549,0.242,780
149,WDR27,A2RRH5,REPEAT,112,151,mouse,Q8C5V5,Reseek,reseek.verysensitive,best call on another target,spills,69,197,,,Q9Z2G0,57,219,0.305,780
149,WDR27,A2RRH5,REPEAT,112,151,mouse,Q8C5V5,Kyte-Doolittle scan,kd_scan,no call,no call,,,,,,,,,780
150,MYO6,Q9UM54,REGION,273,317,mouse,Q64331,kmerseek chosen arm,kmerseek.hp_thomas_dill2_k19_lcTrue,lands,lands,265,309,265,309,,,,0.679,1265
150,MYO6,Q9UM54,REGION,273,317,mouse,Q64331,kmerseek best other alphabet,kmerseek.hp_kyte_doolittle2_k19_lcTrue,lands,lands,282,309,282,309,,,,0.636,1265
150,MYO6,Q9UM54,REGION,273,317,mouse,Q64331,phmmer,hmmer3_phmmer.default,best call on another target,spills,67,761,,,Q5SUA5,7,736,0.063,1265
150,MYO6,Q9UM54,REGION,273,317,mouse,Q64331,MMseqs2,mmseqs2_seqseq.s7,best call on another target,spills,72,733,,,Q5SV80,50,679,0.067,1265
150,MYO6,Q9UM54,REGION,273,317,mouse,Q64331,MMseqs2 iterative,mmseqs2_iterative.s7,best call on another target,spills,76,719,,,Q5SYD0,28,640,0.068,1265
150,MYO6,Q9UM54,REGION,273,317,mouse,Q64331,Foldseek,foldseek.3di_aa,best call on another target,spills,286,442,,,Q8VE62,120,269,0.183,1265
150,MYO6,Q9UM54,REGION,273,317,mouse,Q64331,ProstT5,prostt5.3di_from_seq,best call on another target,spills,193,436,,,Q3V3Z3,173,426,0.181,1265
150,MYO6,Q9UM54,REGION,273,317,mouse,Q64331,Reseek,reseek.verysensitive,best call on another target,spills,227,336,,,Q9JJU8,4,109,0.404,1265
150,MYO6,Q9UM54,REGION,273,317,mouse,Q64331,Kyte-Doolittle scan,kd_scan,no call,no call,,,,,,,,,1265
151,ZKSCAN4,Q969J2,ZN_FING,487,509,mouse,P10077,kmerseek chosen arm,kmerseek.hp_thomas_dill_no_c2_k19_lcTrue,lands,lands,489,513,711,735,,,,0.808,819
151,ZKSCAN4,Q969J2,ZN_FING,487,509,mouse,P10077,kmerseek best other alphabet,kmerseek.gbmr4_k15_lcTrue,best call on another target,lands,487,509,,,Q8BPP0,428,450,0.957,819
151,ZKSCAN4,Q969J2,ZN_FING,487,509,mouse,P10077,phmmer,hmmer3_phmmer.default,best call on another target,"inside, lower IoU",480,506,,,Q7TS63,88,148,0.655,819
151,ZKSCAN4,Q969J2,ZN_FING,487,509,mouse,P10077,MMseqs2,mmseqs2_seqseq.s7,best call on another target,spills,349,513,,,P81183,113,268,0.134,819
151,ZKSCAN4,Q969J2,ZN_FING,487,509,mouse,P10077,MMseqs2 iterative,mmseqs2_iterative.s7,best call on another target,equal or higher IoU,487,512,,,Q8BMD2,183,209,0.88,819
151,ZKSCAN4,Q969J2,ZN_FING,487,509,mouse,P10077,Foldseek,foldseek.3di_aa,best call on another target,spills,345,545,,,Q9WTJ4,26,262,0.11,819
151,ZKSCAN4,Q969J2,ZN_FING,487,509,mouse,P10077,ProstT5,prostt5.3di_from_seq,best call on another target,spills,314,524,,,A2A935,276,461,0.105,819
151,ZKSCAN4,Q969J2,ZN_FING,487,509,mouse,P10077,Reseek,reseek.verysensitive,best call on another target,spills,466,521,,,Q63871,5,40,0.4,819
151,ZKSCAN4,Q969J2,ZN_FING,487,509,mouse,P10077,Kyte-Doolittle scan,kd_scan,no call,no call,,,,,,,,,819
152,OR5V1,Q9UGF6,TRANSMEM,55,75,mouse,Q8VFT4,kmerseek chosen arm,kmerseek.hp_lehninger_c_nonpolar2_k18_lcTrue,lands,lands,54,75,54,75,,,,0.909,313
152,OR5V1,Q9UGF6,TRANSMEM,55,75,mouse,Q8VFT4,kmerseek best other alphabet,kmerseek.hp_pbotc_1st_ed2_k18_lcTrue,best call on another target,lands,54,75,,,Q8VFC9,54,75,0.909,313
152,OR5V1,Q9UGF6,TRANSMEM,55,75,mouse,Q8VFT4,phmmer,hmmer3_phmmer.default,best call on another target,spills,31,89,,,P21729,258,341,0.345,313
152,OR5V1,Q9UGF6,TRANSMEM,55,75,mouse,Q8VFT4,MMseqs2,mmseqs2_seqseq.s7,best call on another target,spills,12,305,,,Q60883,12,305,0.068,313
152,OR5V1,Q9UGF6,TRANSMEM,55,75,mouse,Q8VFT4,MMseqs2 iterative,mmseqs2_iterative.s7,best call on another target,spills,12,301,,,Q60883,12,300,0.069,313
152,OR5V1,Q9UGF6,TRANSMEM,55,75,mouse,Q8VFT4,Foldseek,foldseek.3di_aa,best call on another target,spills,10,307,,,Q8VBV9,9,308,0.067,313
152,OR5V1,Q9UGF6,TRANSMEM,55,75,mouse,Q8VFT4,ProstT5,prostt5.3di_from_seq,best call on another target,spills,7,307,,,Q60878,5,302,0.067,313
152,OR5V1,Q9UGF6,TRANSMEM,55,75,mouse,Q8VFT4,Reseek,reseek.verysensitive,best call on another target,spills,33,73,,,Q8VEL0,161,210,0.429,313
152,OR5V1,Q9UGF6,TRANSMEM,55,75,mouse,Q8VFT4,Kyte-Doolittle scan,kd_scan,no call,no call,,,,,,,,,313
153,ZKSCAN4,Q969J2,ZN_FING,515,537,mouse,Q07230,kmerseek chosen arm,kmerseek.hp_thomas_dill_no_c2_k19_lcTrue,lands,lands,511,537,386,412,,,,0.815,614
153,ZKSCAN4,Q969J2,ZN_FING,515,537,mouse,Q07230,kmerseek best other alphabet,kmerseek.hp_kyte_doolittle2_k19_lcTrue,best call on another target,lands,516,538,,,O70433,6,28,0.957,614
153,ZKSCAN4,Q969J2,ZN_FING,515,537,mouse,Q07230,phmmer,hmmer3_phmmer.default,best call on another target,"inside, lower IoU",509,537,,,Q3UTQ7,314,386,0.786,614
153,ZKSCAN4,Q969J2,ZN_FING,515,537,mouse,Q07230,MMseqs2,mmseqs2_seqseq.s7,best call on another target,spills,350,537,,,E9Q6W4,214,410,0.118,614
153,ZKSCAN4,Q969J2,ZN_FING,515,537,mouse,Q07230,MMseqs2 iterative,mmseqs2_iterative.s7,best call on another target,equal or higher IoU,515,537,,,Q0VEE6,616,638,1.0,614
153,ZKSCAN4,Q969J2,ZN_FING,515,537,mouse,Q07230,Foldseek,foldseek.3di_aa,best call on another target,spills,345,545,,,Q9WTJ4,26,262,0.11,614
153,ZKSCAN4,Q969J2,ZN_FING,515,537,mouse,Q07230,ProstT5,prostt5.3di_from_seq,best call on another target,spills,315,538,,,P24399,1,197,0.099,614
153,ZKSCAN4,Q969J2,ZN_FING,515,537,mouse,Q07230,Reseek,reseek.verysensitive,best call on another target,spills,434,536,,,Q8VH31,11,76,0.204,614
153,ZKSCAN4,Q969J2,ZN_FING,515,537,mouse,Q07230,Kyte-Doolittle scan,kd_scan,no call,no call,,,,,,,,,614
154,KCNK17,Q96T54,INTRAMEM,106,124,mouse,Q8CFS6,kmerseek chosen arm,kmerseek.mmseqs12_k7_lcTrue,lands,lands,113,122,471,480,,,,0.556,562
154,KCNK17,Q96T54,INTRAMEM,106,124,mouse,Q8CFS6,kmerseek best other alphabet,kmerseek.dayhoff6_k10_lcTrue,best call on another target,lands,108,124,,,Q60603,455,471,0.944,562
154,KCNK17,Q96T54,INTRAMEM,106,124,mouse,Q8CFS6,phmmer,hmmer3_phmmer.default,best call on another target,equal or higher IoU,102,128,,,O88932,95,162,0.692,562
154,KCNK17,Q96T54,INTRAMEM,106,124,mouse,Q8CFS6,MMseqs2,mmseqs2_seqseq.s7,best call on another target,"inside, lower IoU",106,141,,,Q9JK97,274,309,0.514,562
154,KCNK17,Q96T54,INTRAMEM,106,124,mouse,Q8CFS6,MMseqs2 iterative,mmseqs2_iterative.s7,best call on another target,equal or higher IoU,106,132,,,Q9Z0V1,357,383,0.692,562
154,KCNK17,Q96T54,INTRAMEM,106,124,mouse,Q8CFS6,Foldseek,foldseek.3di_aa,best call on another target,spills,98,258,,,Q99NH7,203,389,0.113,562
154,KCNK17,Q96T54,INTRAMEM,106,124,mouse,Q8CFS6,ProstT5,prostt5.3di_from_seq,best call on another target,spills,93,221,,,Q9WVJ0,444,607,0.141,562
154,KCNK17,Q96T54,INTRAMEM,106,124,mouse,Q8CFS6,Reseek,reseek.verysensitive,best call on another target,spills,1,149,,,D3Z1U7,1,99,0.122,562
154,KCNK17,Q96T54,INTRAMEM,106,124,mouse,Q8CFS6,Kyte-Doolittle scan,kd_scan,no call,no call,,,,,,,,,562
155,ZKSCAN3,Q9BRR0,ZN_FING,398,420,mouse,P10077,kmerseek chosen arm,kmerseek.hp_thomas_dill_no_c2_k19_lcTrue,lands,lands,400,424,711,735,,,,0.808,819
155,ZKSCAN3,Q9BRR0,ZN_FING,398,420,mouse,P10077,kmerseek best other alphabet,kmerseek.hp_lehninger2_k18_lcTrue,best call on another target,lands,399,420,,,Q8BZ34,307,328,1.0,819
155,ZKSCAN3,Q9BRR0,ZN_FING,398,420,mouse,P10077,phmmer,hmmer3_phmmer.default,best call on another target,equal or higher IoU,396,421,,,Q569E7,194,235,0.88,819
155,ZKSCAN3,Q9BRR0,ZN_FING,398,420,mouse,P10077,MMseqs2,mmseqs2_seqseq.s7,best call on another target,"inside, lower IoU",402,431,,,Q99PQ1,29,58,0.545,819
155,ZKSCAN3,Q9BRR0,ZN_FING,398,420,mouse,P10077,MMseqs2 iterative,mmseqs2_iterative.s7,best call on another target,equal or higher IoU,395,421,,,Q9QX66,192,217,0.846,819
155,ZKSCAN3,Q9BRR0,ZN_FING,398,420,mouse,P10077,Foldseek,foldseek.3di_aa,best call on another target,spills,272,420,,,O35615,207,382,0.149,819
155,ZKSCAN3,Q9BRR0,ZN_FING,398,420,mouse,P10077,ProstT5,prostt5.3di_from_seq,best call on another target,spills,286,428,,,A2AJ77,210,364,0.155,819
155,ZKSCAN3,Q9BRR0,ZN_FING,398,420,mouse,P10077,Reseek,reseek.verysensitive,best call on another target,spills,395,488,,,Q9D823,13,89,0.237,819
155,ZKSCAN3,Q9BRR0,ZN_FING,398,420,mouse,P10077,Kyte-Doolittle scan,kd_scan,no call,no call,,,,,,,,,819
156,DLL1,O00548,DOMAIN,177,221,mouse,Q61483,kmerseek chosen arm,kmerseek.hp_thomas_dill_no_c2_k19_lcTrue,lands,lands,189,222,188,221,,,,0.733,722
156,DLL1,O00548,DOMAIN,177,221,mouse,Q61483,kmerseek best other alphabet,kmerseek.hsdm17_k10_lcTrue,lands,lands,173,205,172,204,,,,0.571,722
156,DLL1,O00548,DOMAIN,177,221,mouse,Q61483,phmmer,hmmer3_phmmer.default,best call on another target,equal or higher IoU,176,236,,,A2AVA0,733,803,0.733,722
156,DLL1,O00548,DOMAIN,177,221,mouse,Q61483,MMseqs2,mmseqs2_seqseq.s7,best call on another target,spills,188,259,,,Q7TN16,608,671,0.402,722
156,DLL1,O00548,DOMAIN,177,221,mouse,Q61483,MMseqs2 iterative,mmseqs2_iterative.s7,best call on another target,equal or higher IoU,186,224,,,O35674,656,688,0.745,722
156,DLL1,O00548,DOMAIN,177,221,mouse,Q61483,Foldseek,foldseek.3di_aa,best call on another target,spills,124,225,,,Q9R159,576,679,0.436,722
156,DLL1,O00548,DOMAIN,177,221,mouse,Q61483,ProstT5,prostt5.3di_from_seq,best call on another target,"inside, lower IoU",154,228,,,Q9R1V4,618,720,0.595,722
156,DLL1,O00548,DOMAIN,177,221,mouse,Q61483,Reseek,reseek.verysensitive,best call on another target,"inside, lower IoU",177,241,,,Q9EPV8,4,65,0.688,722
156,DLL1,O00548,DOMAIN,177,221,mouse,Q61483,Kyte-Doolittle scan,kd_scan,no call,no call,,,,,,,,,722
157,ZSCAN16,Q9H4T2,ZN_FING,292,314,mouse,Q7TNU6,kmerseek chosen arm,kmerseek.hp_thomas_dill_no_c2_k19_lcTrue,lands,lands,290,313,368,391,,,,0.84,535
157,ZSCAN16,Q9H4T2,ZN_FING,292,314,mouse,Q7TNU6,kmerseek best other alphabet,kmerseek.hp_kyte_doolittle2_k21_lcTrue,best call on another target,lands,293,316,,,Q9Z1D9,328,351,0.917,535
157,ZSCAN16,Q9H4T2,ZN_FING,292,314,mouse,Q7TNU6,phmmer,hmmer3_phmmer.default,best call on another target,equal or higher IoU,291,315,,,Q569E7,162,235,0.917,535
157,ZSCAN16,Q9H4T2,ZN_FING,292,314,mouse,Q7TNU6,MMseqs2,mmseqs2_seqseq.s7,best call on another target,"inside, lower IoU",290,328,,,Q61103,207,246,0.579,535
157,ZSCAN16,Q9H4T2,ZN_FING,292,314,mouse,Q7TNU6,MMseqs2 iterative,mmseqs2_iterative.s7,best call on another target,spills,289,338,,,Q61329,1408,1457,0.449,535
157,ZSCAN16,Q9H4T2,ZN_FING,292,314,mouse,Q7TNU6,Foldseek,foldseek.3di_aa,best call on another target,spills,236,343,,,Q8BJ90,175,282,0.206,535
157,ZSCAN16,Q9H4T2,ZN_FING,292,314,mouse,Q7TNU6,ProstT5,prostt5.3di_from_seq,best call on another target,spills,234,341,,,O89091,366,469,0.206,535
157,ZSCAN16,Q9H4T2,ZN_FING,292,314,mouse,Q7TNU6,Reseek,reseek.verysensitive,best call on another target,spills,290,348,,,Q9D823,14,75,0.379,535
157,ZSCAN16,Q9H4T2,ZN_FING,292,314,mouse,Q7TNU6,Kyte-Doolittle scan,kd_scan,no call,no call,,,,,,,,,535
158,ZKSCAN4,Q969J2,ZN_FING,404,426,mouse,P10077,kmerseek chosen arm,kmerseek.hp_thomas_dill_no_c2_k19_lcTrue,lands,lands,406,430,711,735,,,,0.808,819
158,ZKSCAN4,Q969J2,ZN_FING,404,426,mouse,P10077,kmerseek best other alphabet,kmerseek.hp_lehninger2_k18_lcTrue,best call on another target,lands,405,426,,,Q8BZ34,307,328,1.0,819
158,ZKSCAN4,Q969J2,ZN_FING,404,426,mouse,P10077,phmmer,hmmer3_phmmer.default,best call on another target,equal or higher IoU,402,426,,,Q569E7,97,233,0.917,819
158,ZKSCAN4,Q969J2,ZN_FING,404,426,mouse,P10077,MMseqs2,mmseqs2_seqseq.s7,best call on another target,equal or higher IoU,401,427,,,P58269,195,220,0.846,819
158,ZKSCAN4,Q969J2,ZN_FING,404,426,mouse,P10077,MMseqs2 iterative,mmseqs2_iterative.s7,best call on another target,"inside, lower IoU",391,430,,,Q9Z248,308,349,0.564,819
158,ZKSCAN4,Q969J2,ZN_FING,404,426,mouse,P10077,Foldseek,foldseek.3di_aa,best call on another target,spills,333,428,,,Q9CPW7,27,134,0.232,819
158,ZKSCAN4,Q969J2,ZN_FING,404,426,mouse,P10077,ProstT5,prostt5.3di_from_seq,best call on another target,spills,290,434,,,A2AJ77,208,364,0.153,819
158,ZKSCAN4,Q969J2,ZN_FING,404,426,mouse,P10077,Reseek,reseek.verysensitive,best call on another target,spills,363,431,,,Q9Z199,1,82,0.324,819
158,ZKSCAN4,Q969J2,ZN_FING,404,426,mouse,P10077,Kyte-Doolittle scan,kd_scan,no call,no call,,,,,,,,,819
159,WDR27,A2RRH5,REPEAT,155,194,mouse,Q8C5V5,kmerseek chosen arm,kmerseek.hp_kyte_doolittle2_k19_lcTrue,lands,lands,165,193,164,192,,,,0.744,780
159,WDR27,A2RRH5,REPEAT,155,194,mouse,Q8C5V5,kmerseek best other alphabet,kmerseek.hp_thomas_dill2_k19_lcTrue,lands,lands,165,193,164,192,,,,0.744,780
159,WDR27,A2RRH5,REPEAT,155,194,mouse,Q8C5V5,phmmer,hmmer3_phmmer.default,best call on another target,equal or higher IoU,155,193,,,P68040,2,53,0.974,780
159,WDR27,A2RRH5,REPEAT,155,194,mouse,Q8C5V5,MMseqs2,mmseqs2_seqseq.s7,best call on another target,equal or higher IoU,162,192,,,Q920M5,79,109,0.769,780
159,WDR27,A2RRH5,REPEAT,155,194,mouse,Q8C5V5,MMseqs2 iterative,mmseqs2_iterative.s7,best call on another target,equal or higher IoU,160,197,,,P63005,104,140,0.81,780
159,WDR27,A2RRH5,REPEAT,155,194,mouse,Q8C5V5,Foldseek,foldseek.3di_aa,best call on another target,spills,171,248,,,Q9DAI9,11,66,0.247,780
159,WDR27,A2RRH5,REPEAT,155,194,mouse,Q8C5V5,ProstT5,prostt5.3di_from_seq,best call on another target,spills,42,203,,,Q8K3F2,354,549,0.242,780
159,WDR27,A2RRH5,REPEAT,155,194,mouse,Q8C5V5,Reseek,reseek.verysensitive,best call on another target,"inside, lower IoU",149,209,,,Q9D738,88,128,0.65,780
159,WDR27,A2RRH5,REPEAT,155,194,mouse,Q8C5V5,Kyte-Doolittle scan,kd_scan,no call,no call,,,,,,,,,780
160,ZSCAN23,Q3MJ62,ZN_FING,249,271,mouse,Q6PGE4,kmerseek chosen arm,kmerseek.hp_thomas_dill_no_c2_k19_lcTrue,lands,lands,251,274,905,928,,,,0.84,1016
160,ZSCAN23,Q3MJ62,ZN_FING,249,271,mouse,Q6PGE4,kmerseek best other alphabet,kmerseek.gbmr4_k12_lcTrue,best call on another target,lands,251,271,,,Q6A085,179,199,0.955,1016
160,ZSCAN23,Q3MJ62,ZN_FING,249,271,mouse,Q6PGE4,phmmer,hmmer3_phmmer.default,best call on another target,equal or higher IoU,248,273,,,Q8BY46,198,253,0.88,1016
160,ZSCAN23,Q3MJ62,ZN_FING,249,271,mouse,Q6PGE4,MMseqs2,mmseqs2_seqseq.s7,best call on another target,spills,233,282,,,Q64267,78,128,0.449,1016
160,ZSCAN23,Q3MJ62,ZN_FING,249,271,mouse,Q6PGE4,MMseqs2 iterative,mmseqs2_iterative.s7,best call on another target,equal or higher IoU,249,271,,,Q0VEE6,616,638,1.0,1016
160,ZSCAN23,Q3MJ62,ZN_FING,249,271,mouse,Q6PGE4,Foldseek,foldseek.3di_aa,best call on another target,spills,219,340,,,A2AJ77,211,334,0.182,1016
160,ZSCAN23,Q3MJ62,ZN_FING,249,271,mouse,Q6PGE4,ProstT5,prostt5.3di_from_seq,best call on another target,spills,249,389,,,Q80YR4,115,270,0.157,1016
160,ZSCAN23,Q3MJ62,ZN_FING,249,271,mouse,Q6PGE4,Reseek,reseek.verysensitive,best call on another target,spills,221,283,,,Q63871,7,40,0.355,1016
160,ZSCAN23,Q3MJ62,ZN_FING,249,271,mouse,Q6PGE4,Kyte-Doolittle scan,kd_scan,no call,no call,,,,,,,,,1016
161,ZKSCAN8,Q15776,ZN_FING,406,428,mouse,P08043,kmerseek chosen arm,kmerseek.hp_thomas_dill_no_c2_k19_lcTrue,lands,lands,403,426,237,260,,,,0.769,459
161,ZKSCAN8,Q15776,ZN_FING,406,428,mouse,P08043,kmerseek best other alphabet,kmerseek.gbmr4_k14_lcTrue,best call on another target,lands,407,429,,,Q9QXT9,291,313,0.957,459
161,ZKSCAN8,Q15776,ZN_FING,406,428,mouse,P08043,phmmer,hmmer3_phmmer.default,best call on another target,equal or higher IoU,405,428,,,Q569E7,156,234,0.957,459
161,ZKSCAN8,Q15776,ZN_FING,406,428,mouse,P08043,MMseqs2,mmseqs2_seqseq.s7,best call on another target,spills,365,437,,,Q8BMD2,147,215,0.306,459
161,ZKSCAN8,Q15776,ZN_FING,406,428,mouse,P08043,MMseqs2 iterative,mmseqs2_iterative.s7,best call on another target,spills,378,430,,,Q69Z99,273,314,0.423,459
161,ZKSCAN8,Q15776,ZN_FING,406,428,mouse,P08043,Foldseek,foldseek.3di_aa,best call on another target,spills,260,430,,,Q8C1M2,2,173,0.129,459
161,ZKSCAN8,Q15776,ZN_FING,406,428,mouse,P08043,ProstT5,prostt5.3di_from_seq,best call on another target,spills,296,464,,,A2AJ77,203,364,0.131,459
161,ZKSCAN8,Q15776,ZN_FING,406,428,mouse,P08043,Reseek,reseek.verysensitive,best call on another target,spills,352,420,,,P60898,17,106,0.184,459
161,ZKSCAN8,Q15776,ZN_FING,406,428,mouse,P08043,Kyte-Doolittle scan,kd_scan,no call,no call,,,,,,,,,459
162,ZSCAN12,O43309,ZN_FING,469,491,mouse,Q8C827,kmerseek chosen arm,kmerseek.hp_thomas_dill_no_c2_k19_lcTrue,lands,lands,467,491,465,489,,,,0.88,914
162,ZSCAN12,O43309,ZN_FING,469,491,mouse,Q8C827,kmerseek best other alphabet,kmerseek.hp_pbotc_1st_ed2_k18_lcTrue,lands,lands,468,491,466,489,,,,0.917,914
162,ZSCAN12,O43309,ZN_FING,469,491,mouse,Q8C827,phmmer,hmmer3_phmmer.default,best call on another target,spills,449,494,,,Q9Z248,242,381,0.489,914
162,ZSCAN12,O43309,ZN_FING,469,491,mouse,Q8C827,MMseqs2,mmseqs2_seqseq.s7,best call on another target,spills,440,491,,,Q9QYE3,375,427,0.431,914
162,ZSCAN12,O43309,ZN_FING,469,491,mouse,Q8C827,MMseqs2 iterative,mmseqs2_iterative.s7,best call on another target,"inside, lower IoU",466,487,,,Q61103,206,227,0.72,914
162,ZSCAN12,O43309,ZN_FING,469,491,mouse,Q8C827,Foldseek,foldseek.3di_aa,best call on another target,spills,441,505,,,P86448,27,99,0.344,914
162,ZSCAN12,O43309,ZN_FING,469,491,mouse,Q8C827,ProstT5,prostt5.3di_from_seq,best call on another target,spills,421,581,,,A2AJ77,201,361,0.138,914
162,ZSCAN12,O43309,ZN_FING,469,491,mouse,Q8C827,Reseek,reseek.verysensitive,best call on another target,spills,470,570,,,Q99PQ2,15,132,0.208,914
162,ZSCAN12,O43309,ZN_FING,469,491,mouse,Q8C827,Kyte-Doolittle scan,kd_scan,no call,no call,,,,,,,,,914
163,ZSCAN23,Q3MJ62,ZN_FING,333,355,mouse,Q07230,kmerseek chosen arm,kmerseek.hp_thomas_dill_no_c2_k19_lcTrue,lands,lands,329,353,386,410,,,,0.741,614
163,ZSCAN23,Q3MJ62,ZN_FING,333,355,mouse,Q07230,kmerseek best other alphabet,kmerseek.gbmr4_k19_lcTrue,best call on another target,lands,335,355,,,Q8JZL0,274,294,0.955,614
163,ZSCAN23,Q3MJ62,ZN_FING,333,355,mouse,Q07230,phmmer,hmmer3_phmmer.default,best call on another target,equal or higher IoU,333,355,,,Q2MHN3,1742,1790,1.0,614
163,ZSCAN23,Q3MJ62,ZN_FING,333,355,mouse,Q07230,MMseqs2,mmseqs2_seqseq.s7,best call on another target,spills,304,369,,,Q9CWH1,274,339,0.338,614
163,ZSCAN23,Q3MJ62,ZN_FING,333,355,mouse,Q07230,MMseqs2 iterative,mmseqs2_iterative.s7,best call on another target,spills,307,355,,,Q7TSH3,36,84,0.458,614
163,ZSCAN23,Q3MJ62,ZN_FING,333,355,mouse,Q07230,Foldseek,foldseek.3di_aa,best call on another target,spills,239,382,,,Q8K1K9,215,362,0.154,614
163,ZSCAN23,Q3MJ62,ZN_FING,333,355,mouse,Q07230,ProstT5,prostt5.3di_from_seq,best call on another target,spills,249,389,,,Q80YR4,115,270,0.157,614
163,ZSCAN23,Q3MJ62,ZN_FING,333,355,mouse,Q07230,Reseek,reseek.verysensitive,best call on another target,spills,307,384,,,Q80V85,11,79,0.286,614
163,ZSCAN23,Q3MJ62,ZN_FING,333,355,mouse,Q07230,Kyte-Doolittle scan,kd_scan,no call,no call,,,,,,,,,614
164,AHI1,Q8N157,REPEAT,695,735,mouse,Q8K3E5,kmerseek chosen arm,kmerseek.hp_kyte_doolittle2_k19_lcTrue,lands,lands,710,732,560,582,,,,0.575,1047
164,AHI1,Q8N157,REPEAT,695,735,mouse,Q8K3E5,kmerseek best other alphabet,kmerseek.hp_thomas_dill2_k19_lcTrue,best call on another target,lands,706,730,,,Q69ZN6,507,531,0.625,1047
164,AHI1,Q8N157,REPEAT,695,735,mouse,Q8K3E5,phmmer,hmmer3_phmmer.default,best call on another target,equal or higher IoU,696,736,,,Q9D0R9,148,224,0.951,1047
164,AHI1,Q8N157,REPEAT,695,735,mouse,Q8K3E5,MMseqs2,mmseqs2_seqseq.s7,best call on another target,spills,653,739,,,Q8C570,85,168,0.465,1047
164,AHI1,Q8N157,REPEAT,695,735,mouse,Q8K3E5,MMseqs2 iterative,mmseqs2_iterative.s7,best call on another target,equal or higher IoU,691,740,,,Q8BL74,603,652,0.816,1047
164,AHI1,Q8N157,REPEAT,695,735,mouse,Q8K3E5,Foldseek,foldseek.3di_aa,best call on another target,spills,622,877,,,Q8C828,175,421,0.157,1047
164,AHI1,Q8N157,REPEAT,695,735,mouse,Q8K3E5,ProstT5,prostt5.3di_from_seq,best call on another target,spills,623,882,,,Q8R179,256,528,0.154,1047
164,AHI1,Q8N157,REPEAT,695,735,mouse,Q8K3E5,Reseek,reseek.verysensitive,best call on another target,spills,630,757,,,Q9Z2X2,70,173,0.315,1047
164,AHI1,Q8N157,REPEAT,695,735,mouse,Q8K3E5,Kyte-Doolittle scan,kd_scan,no call,no call,,,,,,,,,1047
165,ZNF322,Q6U7Q0,ZN_FING,239,261,mouse,Q9ERR8,kmerseek chosen arm,kmerseek.hp_thomas_dill_no_c2_k19_lcTrue,lands,lands,237,262,368,393,,,,0.846,581
165,ZNF322,Q6U7Q0,ZN_FING,239,261,mouse,Q9ERR8,kmerseek best other alphabet,kmerseek.mmseqs12_k7_lcTrue,best call on another target,lands,236,261,,,Q8BZ89,246,271,0.846,581
165,ZNF322,Q6U7Q0,ZN_FING,239,261,mouse,Q9ERR8,phmmer,hmmer3_phmmer.default,best call on another target,equal or higher IoU,239,262,,,Q3TXZ1,199,235,0.957,581
165,ZNF322,Q6U7Q0,ZN_FING,239,261,mouse,Q9ERR8,MMseqs2,mmseqs2_seqseq.s7,best call on another target,spills,241,285,,,Q91X45,420,464,0.435,581
165,ZNF322,Q6U7Q0,ZN_FING,239,261,mouse,Q9ERR8,MMseqs2 iterative,mmseqs2_iterative.s7,best call on another target,spills,241,285,,,Q91X45,420,464,0.435,581
165,ZNF322,Q6U7Q0,ZN_FING,239,261,mouse,Q9ERR8,Foldseek,foldseek.3di_aa,best call on another target,spills,208,289,,,Q8CFA7,253,338,0.272,581
165,ZNF322,Q6U7Q0,ZN_FING,239,261,mouse,Q9ERR8,ProstT5,prostt5.3di_from_seq,best call on another target,spills,237,396,,,Q8R0S1,5,144,0.138,581
165,ZNF322,Q6U7Q0,ZN_FING,239,261,mouse,Q9ERR8,Reseek,reseek.verysensitive,best call on another target,spills,189,296,,,Q8R331,68,150,0.206,581
165,ZNF322,Q6U7Q0,ZN_FING,239,261,mouse,Q9ERR8,Kyte-Doolittle scan,kd_scan,no call,no call,,,,,,,,,581
166,RNF217,Q8TC41,ZN_FING,423,452,mouse,Q9Z1K6,kmerseek chosen arm,kmerseek.hp_thomas_dill_no_c2_k19_lcTrue,lands,lands,421,450,294,323,,,,0.844,492
166,RNF217,Q8TC41,ZN_FING,423,452,mouse,Q9Z1K6,kmerseek best other alphabet,kmerseek.hp_lehninger_c_nonpolar2_k18_lcTrue,best call on another target,lands,425,451,,,Q8BTH6,260,286,0.931,492
166,RNF217,Q8TC41,ZN_FING,423,452,mouse,Q9Z1K6,phmmer,hmmer3_phmmer.default,best call on another target,"inside, lower IoU",415,454,,,Q9JI90,372,456,0.744,492
166,RNF217,Q8TC41,ZN_FING,423,452,mouse,Q9Z1K6,MMseqs2,mmseqs2_seqseq.s7,best call on another target,"inside, lower IoU",397,455,,,Q9EQZ7,103,162,0.5,492
166,RNF217,Q8TC41,ZN_FING,423,452,mouse,Q9Z1K6,MMseqs2 iterative,mmseqs2_iterative.s7,best call on another target,spills,421,492,,,Q3UH06,66,151,0.408,492
166,RNF217,Q8TC41,ZN_FING,423,452,mouse,Q9Z1K6,Foldseek,foldseek.3di_aa,best call on another target,spills,390,449,,,P61514,1,65,0.419,492
166,RNF217,Q8TC41,ZN_FING,423,452,mouse,Q9Z1K6,ProstT5,prostt5.3di_from_seq,best call on another target,spills,284,460,,,Q7TSG3,231,391,0.165,492
166,RNF217,Q8TC41,ZN_FING,423,452,mouse,Q9Z1K6,Reseek,reseek.verysensitive,best call on another target,"inside, lower IoU",410,449,,,Q6ZWU9,14,64,0.619,492
166,RNF217,Q8TC41,ZN_FING,423,452,mouse,Q9Z1K6,Kyte-Doolittle scan,kd_scan,no call,no call,,,,,,,,,492
167,PRDM13,Q9H4Q3,ZN_FING,601,623,mouse,P10076,kmerseek chosen arm,kmerseek.hp_thomas_dill_no_c2_k19_lcTrue,lands,lands,599,623,440,464,,,,0.88,861
167,PRDM13,Q9H4Q3,ZN_FING,601,623,mouse,P10076,kmerseek best other alphabet,kmerseek.hp_lehninger2_k18_lcTrue,best call on another target,lands,603,623,,,Q9WTJ4,476,496,0.955,861
167,PRDM13,Q9H4Q3,ZN_FING,601,623,mouse,P10076,phmmer,hmmer3_phmmer.default,best call on another target,equal or higher IoU,601,624,,,Q6NXK2,991,1029,0.957,861
167,PRDM13,Q9H4Q3,ZN_FING,601,623,mouse,P10076,MMseqs2,mmseqs2_seqseq.s7,best call on another target,spills,575,623,,,Q8R0A2,401,449,0.458,861
167,PRDM13,Q9H4Q3,ZN_FING,601,623,mouse,P10076,MMseqs2 iterative,mmseqs2_iterative.s7,best call on another target,"inside, lower IoU",601,627,,,Q8C1M2,149,175,0.846,861
167,PRDM13,Q9H4Q3,ZN_FING,601,623,mouse,P10076,Foldseek,foldseek.3di_aa,best call on another target,spills,574,653,,,Q9CXE0,515,594,0.278,861
167,PRDM13,Q9H4Q3,ZN_FING,601,623,mouse,P10076,ProstT5,prostt5.3di_from_seq,best call on another target,spills,573,656,,,P10751,113,194,0.265,861
167,PRDM13,Q9H4Q3,ZN_FING,601,623,mouse,P10076,Reseek,reseek.verysensitive,best call on another target,spills,602,651,,,P61514,4,81,0.42,861
167,PRDM13,Q9H4Q3,ZN_FING,601,623,mouse,P10076,Kyte-Doolittle scan,kd_scan,no call,no call,,,,,,,,,861
168,LRFN2,Q9ULH4,REPEAT,125,146,mouse,Q80XU8,kmerseek chosen arm,kmerseek.hp_kyte_doolittle2_k19_lcTrue,lands,lands,124,148,120,144,,,,0.84,636
168,LRFN2,Q9ULH4,REPEAT,125,146,mouse,Q80XU8,kmerseek best other alphabet,kmerseek.hp_pbotc_1st_ed2_k18_lcTrue,best call on another target,lands,125,147,,,P58682,704,726,0.913,636
168,LRFN2,Q9ULH4,REPEAT,125,146,mouse,Q80XU8,phmmer,hmmer3_phmmer.default,best call on another target,spills,95,146,,,Q52KR2,373,442,0.412,636
168,LRFN2,Q9ULH4,REPEAT,125,146,mouse,Q80XU8,MMseqs2,mmseqs2_seqseq.s7,best call on another target,spills,116,213,,,Q8BXA7,288,381,0.216,636
168,LRFN2,Q9ULH4,REPEAT,125,146,mouse,Q80XU8,MMseqs2 iterative,mmseqs2_iterative.s7,best call on another target,spills,102,164,,,Q0P5X1,986,1045,0.339,636
168,LRFN2,Q9ULH4,REPEAT,125,146,mouse,Q80XU8,Foldseek,foldseek.3di_aa,best call on another target,spills,81,183,,,Q80YS5,59,156,0.206,636
168,LRFN2,Q9ULH4,REPEAT,125,146,mouse,Q80XU8,ProstT5,prostt5.3di_from_seq,best call on another target,spills,98,203,,,Q9EST5,40,146,0.2,636
168,LRFN2,Q9ULH4,REPEAT,125,146,mouse,Q80XU8,Reseek,reseek.verysensitive,best call on another target,spills,98,204,,,Q64G17,18,120,0.198,636
168,LRFN2,Q9ULH4,REPEAT,125,146,mouse,Q80XU8,Kyte-Doolittle scan,kd_scan,no call,no call,,,,,,,,,636
169,CRISP2,P16562,DOMAIN,205,238,mouse,P16563,kmerseek chosen arm,kmerseek.hp_thomas_dill_no_c2_k19_lcTrue,lands,lands,208,242,208,242,,,,0.838,243
169,CRISP2,P16562,DOMAIN,205,238,mouse,P16563,kmerseek best other alphabet,kmerseek.gbmr4_k13_lcTrue,lands,lands,208,243,208,243,,,,0.816,243
169,CRISP2,P16562,DOMAIN,205,238,mouse,P16563,phmmer,hmmer3_phmmer.default,spills,spills,6,243,1,243,,,,0.139,243
169,CRISP2,P16562,DOMAIN,205,238,mouse,P16563,MMseqs2,mmseqs2_seqseq.s7,best call on another target,spills,150,242,,,Q8K4G1,764,845,0.359,243
169,CRISP2,P16562,DOMAIN,205,238,mouse,P16563,MMseqs2 iterative,mmseqs2_iterative.s7,best call on another target,spills,150,224,,,Q70E20,315,385,0.216,243
169,CRISP2,P16562,DOMAIN,205,238,mouse,P16563,Foldseek,foldseek.3di_aa,best call on another target,spills,107,224,,,Q3UEB3,216,336,0.145,243
169,CRISP2,P16562,DOMAIN,205,238,mouse,P16563,ProstT5,prostt5.3di_from_seq,best call on another target,"inside, lower IoU",179,236,,,Q8BLI0,1696,1742,0.525,243
169,CRISP2,P16562,DOMAIN,205,238,mouse,P16563,Reseek,reseek.verysensitive,best call on another target,"inside, lower IoU",197,240,,,P56565,25,65,0.767,243
169,CRISP2,P16562,DOMAIN,205,238,mouse,P16563,Kyte-Doolittle scan,kd_scan,no call,no call,,,,,,,,,243
170,ZSCAN9,O15535,ZN_FING,338,360,mouse,P08043,kmerseek chosen arm,kmerseek.hp_thomas_dill_no_c2_k19_lcTrue,lands,lands,334,358,292,316,,,,0.741,459
170,ZSCAN9,O15535,ZN_FING,338,360,mouse,P08043,kmerseek best other alphabet,kmerseek.gbmr4_k19_lcTrue,best call on another target,lands,339,361,,,Q8BI67,726,748,0.957,459
170,ZSCAN9,O15535,ZN_FING,338,360,mouse,P08043,phmmer,hmmer3_phmmer.default,best call on another target,equal or higher IoU,338,360,,,Q9JMC2,346,385,1.0,459
170,ZSCAN9,O15535,ZN_FING,338,360,mouse,P08043,MMseqs2,mmseqs2_seqseq.s7,best call on another target,spills,333,387,,,O35914,682,745,0.407,459
170,ZSCAN9,O15535,ZN_FING,338,360,mouse,P08043,MMseqs2 iterative,mmseqs2_iterative.s7,best call on another target,spills,310,371,,,Q9JKD9,350,410,0.361,459
170,ZSCAN9,O15535,ZN_FING,338,360,mouse,P08043,Foldseek,foldseek.3di_aa,best call on another target,spills,252,384,,,Q8K1K9,223,359,0.167,459
170,ZSCAN9,O15535,ZN_FING,338,360,mouse,P08043,ProstT5,prostt5.3di_from_seq,best call on another target,spills,238,362,,,Q9D0D5,56,224,0.177,459
170,ZSCAN9,O15535,ZN_FING,338,360,mouse,P08043,Reseek,reseek.verysensitive,best call on another target,spills,307,394,,,Q9D534,12,159,0.253,459
170,ZSCAN9,O15535,ZN_FING,338,360,mouse,P08043,Kyte-Doolittle scan,kd_scan,no call,no call,,,,,,,,,459
171,ZKSCAN8,Q15776,ZN_FING,518,540,mouse,Q8BI99,kmerseek chosen arm,kmerseek.hp_thomas_dill_no_c2_k19_lcTrue,lands,lands,519,541,233,255,,,,0.957,563
171,ZKSCAN8,Q15776,ZN_FING,518,540,mouse,Q8BI99,kmerseek best other alphabet,kmerseek.hp_kyte_doolittle2_k19_lcTrue,lands,lands,518,541,232,255,,,,0.917,563
171,ZKSCAN8,Q15776,ZN_FING,518,540,mouse,Q8BI99,phmmer,hmmer3_phmmer.default,best call on another target,equal or higher IoU,518,540,,,O88286,1060,1108,1.0,563
171,ZKSCAN8,Q15776,ZN_FING,518,540,mouse,Q8BI99,MMseqs2,mmseqs2_seqseq.s7,best call on another target,spills,515,560,,,Q8R4C2,557,602,0.489,563
171,ZKSCAN8,Q15776,ZN_FING,518,540,mouse,Q8BI99,MMseqs2 iterative,mmseqs2_iterative.s7,best call on another target,spills,515,568,,,Q8R0A2,396,449,0.415,563
171,ZKSCAN8,Q15776,ZN_FING,518,540,mouse,Q8BI99,Foldseek,foldseek.3di_aa,best call on another target,spills,375,573,,,P24399,3,201,0.111,563
171,ZKSCAN8,Q15776,ZN_FING,518,540,mouse,Q8BI99,ProstT5,prostt5.3di_from_seq,best call on another target,spills,347,542,,,P24399,3,198,0.113,563
171,ZKSCAN8,Q15776,ZN_FING,518,540,mouse,Q8BI99,Reseek,reseek.verysensitive,best call on another target,spills,520,568,,,Q8VH31,11,75,0.4,563
171,ZKSCAN8,Q15776,ZN_FING,518,540,mouse,Q8BI99,Kyte-Doolittle scan,kd_scan,no call,no call,,,,,,,,,563
172,ZNF322,Q6U7Q0,ZN_FING,127,149,mouse,Q07230,kmerseek chosen arm,kmerseek.hp_thomas_dill_no_c2_k19_lcTrue,lands,lands,127,149,446,468,,,,0.957,614
172,ZNF322,Q6U7Q0,ZN_FING,127,149,mouse,Q07230,kmerseek best other alphabet,kmerseek.hp_kyte_doolittle2_k19_lcTrue,lands,lands,127,149,446,468,,,,0.957,614
172,ZNF322,Q6U7Q0,ZN_FING,127,149,mouse,Q07230,phmmer,hmmer3_phmmer.default,best call on another target,"inside, lower IoU",124,150,,,Q99KE8,562,610,0.846,614
172,ZNF322,Q6U7Q0,ZN_FING,127,149,mouse,Q07230,MMseqs2,mmseqs2_seqseq.s7,best call on another target,spills,129,182,,,Q8BZ97,626,679,0.364,614
172,ZNF322,Q6U7Q0,ZN_FING,127,149,mouse,Q07230,MMseqs2 iterative,mmseqs2_iterative.s7,best call on another target,spills,127,177,,,Q8K083,130,180,0.44,614
172,ZNF322,Q6U7Q0,ZN_FING,127,149,mouse,Q07230,Foldseek,foldseek.3di_aa,best call on another target,spills,124,179,,,Q91X45,415,471,0.4,614
172,ZNF322,Q6U7Q0,ZN_FING,127,149,mouse,Q07230,ProstT5,prostt5.3di_from_seq,best call on another target,spills,10,149,,,Q52KG4,376,517,0.158,614
172,ZNF322,Q6U7Q0,ZN_FING,127,149,mouse,Q07230,Reseek,reseek.verysensitive,best call on another target,"inside, lower IoU",124,149,,,O88522,385,410,0.88,614
172,ZNF322,Q6U7Q0,ZN_FING,127,149,mouse,Q07230,Kyte-Doolittle scan,kd_scan,no call,no call,,,,,,,,,614
173,TPBG,Q13641,REPEAT,172,204,mouse,Q9Z0L0,kmerseek chosen arm,kmerseek.hp_kyte_doolittle2_k19_lcTrue,lands,lands,177,201,177,201,,,,0.781,426
173,TPBG,Q13641,REPEAT,172,204,mouse,Q9Z0L0,kmerseek best other alphabet,kmerseek.hp_pbotc_1st_ed2_k18_lcTrue,lands,lands,177,201,177,201,,,,0.781,426
173,TPBG,Q13641,REPEAT,172,204,mouse,Q9Z0L0,phmmer,hmmer3_phmmer.default,best call on another target,spills,175,268,,,P58682,79,190,0.302,426
173,TPBG,Q13641,REPEAT,172,204,mouse,Q9Z0L0,MMseqs2,mmseqs2_seqseq.s7,best call on another target,spills,172,265,,,Q9EST5,16,120,0.344,426
173,TPBG,Q13641,REPEAT,172,204,mouse,Q9Z0L0,MMseqs2 iterative,mmseqs2_iterative.s7,best call on another target,spills,144,220,,,Q3UFQ8,275,344,0.421,426
173,TPBG,Q13641,REPEAT,172,204,mouse,Q9Z0L0,Foldseek,foldseek.3di_aa,best call on another target,spills,172,293,,,Q8C7B6,62,198,0.264,426
173,TPBG,Q13641,REPEAT,172,204,mouse,Q9Z0L0,ProstT5,prostt5.3di_from_seq,best call on another target,spills,114,268,,,Q64G17,13,123,0.208,426
173,TPBG,Q13641,REPEAT,172,204,mouse,Q9Z0L0,Reseek,reseek.verysensitive,best call on another target,"inside, lower IoU",187,213,,,P97429,106,160,0.415,426
173,TPBG,Q13641,REPEAT,172,204,mouse,Q9Z0L0,Kyte-Doolittle scan,kd_scan,no call,no call,,,,,,,,,426
174,MAPK13,O15264,BINDING,31,39,mouse,P05622,kmerseek chosen arm,kmerseek.sdm12_k6_lcTrue,lands,lands,31,39,605,613,,,,0.889,1098
174,MAPK13,O15264,BINDING,31,39,mouse,P05622,kmerseek best other alphabet,kmerseek.mmseqs12_k5_lcTrue,best call on another target,lands,31,39,,,P04627,314,322,0.889,1098
174,MAPK13,O15264,BINDING,31,39,mouse,P05622,phmmer,hmmer3_phmmer.default,best call on another target,spills,30,57,,,Q9R0G8,20,70,0.296,1098
174,MAPK13,O15264,BINDING,31,39,mouse,P05622,MMseqs2,mmseqs2_seqseq.s7,best call on another target,spills,31,159,,,P47810,304,434,0.062,1098
174,MAPK13,O15264,BINDING,31,39,mouse,P05622,MMseqs2 iterative,mmseqs2_iterative.s7,best call on another target,spills,31,156,,,P47810,304,431,0.064,1098
174,MAPK13,O15264,BINDING,31,39,mouse,P05622,Foldseek,foldseek.3di_aa,best call on another target,spills,3,143,,,Q9ER35,4,114,0.057,1098
174,MAPK13,O15264,BINDING,31,39,mouse,P05622,ProstT5,prostt5.3di_from_seq,best call on another target,spills,5,108,,,P22935,46,136,0.078,1098
174,MAPK13,O15264,BINDING,31,39,mouse,P05622,Reseek,reseek.verysensitive,best call on another target,spills,24,74,,,P40224,45,91,0.16,1098
174,MAPK13,O15264,BINDING,31,39,mouse,P05622,Kyte-Doolittle scan,kd_scan,no call,no call,,,,,,,,,1098
175,ZSCAN31,Q96LW9,ZN_FING,351,373,mouse,Q8BI67,kmerseek chosen arm,kmerseek.hp_thomas_dill_no_c2_k19_lcTrue,lands,lands,348,369,778,799,,,,0.692,892
175,ZSCAN31,Q96LW9,ZN_FING,351,373,mouse,Q8BI67,kmerseek best other alphabet,kmerseek.hp_thomas_dill2_k19_lcTrue,lands,lands,348,369,778,799,,,,0.692,892
175,ZSCAN31,Q96LW9,ZN_FING,351,373,mouse,Q8BI67,phmmer,hmmer3_phmmer.default,best call on another target,equal or higher IoU,344,374,,,Q3UTQ7,332,380,0.733,892
175,ZSCAN31,Q96LW9,ZN_FING,351,373,mouse,Q8BI67,MMseqs2,mmseqs2_seqseq.s7,best call on another target,"inside, lower IoU",348,390,,,Q9DAZ9,16,59,0.524,892
175,ZSCAN31,Q96LW9,ZN_FING,351,373,mouse,Q8BI67,MMseqs2 iterative,mmseqs2_iterative.s7,best call on another target,spills,323,374,,,Q505G8,814,865,0.431,892
175,ZSCAN31,Q96LW9,ZN_FING,351,373,mouse,Q8BI67,Foldseek,foldseek.3di_aa,best call on another target,spills,268,402,,,Q8CIV7,119,258,0.164,892
175,ZSCAN31,Q96LW9,ZN_FING,351,373,mouse,Q8BI67,ProstT5,prostt5.3di_from_seq,best call on another target,spills,295,387,,,Q8BN78,492,581,0.239,892
175,ZSCAN31,Q96LW9,ZN_FING,351,373,mouse,Q8BI67,Reseek,reseek.verysensitive,best call on another target,spills,325,385,,,Q9CPX9,23,77,0.367,892
175,ZSCAN31,Q96LW9,ZN_FING,351,373,mouse,Q8BI67,Kyte-Doolittle scan,kd_scan,no call,no call,,,,,,,,,892
176,SGK1,O00141,BINDING,104,112,mouse,O08648,kmerseek chosen arm,kmerseek.sdm12_k6_lcTrue,lands,lands,104,112,1338,1346,,,,0.889,1597
176,SGK1,O00141,BINDING,104,112,mouse,O08648,kmerseek best other alphabet,kmerseek.protein20_k5_lcTrue,best call on another target,lands,105,112,,,P16054,415,422,1.0,1597
176,SGK1,O00141,BINDING,104,112,mouse,O08648,phmmer,hmmer3_phmmer.default,best call on another target,spills,97,129,,,Q9QZ05,578,651,0.25,1597
176,SGK1,O00141,BINDING,104,112,mouse,O08648,MMseqs2,mmseqs2_seqseq.s7,best call on another target,spills,100,245,,,Q62371,565,732,0.055,1597
176,SGK1,O00141,BINDING,104,112,mouse,O08648,MMseqs2 iterative,mmseqs2_iterative.s7,best call on another target,spills,98,229,,,O54781,79,219,0.061,1597
176,SGK1,O00141,BINDING,104,112,mouse,O08648,Foldseek,foldseek.3di_aa,best call on another target,spills,96,217,,,Q9ER35,12,118,0.066,1597
176,SGK1,O00141,BINDING,104,112,mouse,O08648,ProstT5,prostt5.3di_from_seq,best call on another target,spills,53,125,,,P40224,11,71,0.111,1597
176,SGK1,O00141,BINDING,104,112,mouse,O08648,Reseek,reseek.verysensitive,best call on another target,spills,97,177,,,Q9DAK9,67,121,0.1,1597
176,SGK1,O00141,BINDING,104,112,mouse,O08648,Kyte-Doolittle scan,kd_scan,no call,no call,,,,,,,,,1597
177,MAP3K5,Q99683,BINDING,686,694,mouse,Q8C078,kmerseek chosen arm,kmerseek.sdm12_k6_lcTrue,lands,lands,686,694,171,179,,,,0.889,588
177,MAP3K5,Q99683,BINDING,686,694,mouse,Q8C078,kmerseek best other alphabet,kmerseek.mmseqs12_k5_lcTrue,best call on another target,lands,687,695,,,Q80ZW0,214,222,0.889,588
177,MAP3K5,Q99683,BINDING,686,694,mouse,Q8C078,phmmer,hmmer3_phmmer.default,best call on another target,spills,686,713,,,Q8QZR7,7,92,0.296,588
177,MAP3K5,Q99683,BINDING,686,694,mouse,Q8C078,MMseqs2,mmseqs2_seqseq.s7,best call on another target,spills,686,811,,,Q9Z0G2,84,219,0.064,588
177,MAP3K5,Q99683,BINDING,686,694,mouse,Q8C078,MMseqs2 iterative,mmseqs2_iterative.s7,best call on another target,spills,686,811,,,P0C5K0,49,171,0.064,588
177,MAP3K5,Q99683,BINDING,686,694,mouse,Q8C078,Foldseek,foldseek.3di_aa,best call on another target,spills,644,847,,,Q5SYL1,42,264,0.039,588
177,MAP3K5,Q99683,BINDING,686,694,mouse,Q8C078,ProstT5,prostt5.3di_from_seq,best call on another target,spills,641,856,,,Q5SYL1,45,273,0.037,588
177,MAP3K5,Q99683,BINDING,686,694,mouse,Q8C078,Reseek,reseek.verysensitive,best call on another target,spills,656,727,,,Q9Z126,26,103,0.113,588
177,MAP3K5,Q99683,BINDING,686,694,mouse,Q8C078,Kyte-Doolittle scan,kd_scan,no call,no call,,,,,,,,,588
178,MAP3K7,O43318,BINDING,42,50,mouse,O09110,kmerseek chosen arm,kmerseek.sdm12_k6_lcTrue,lands,lands,42,50,70,78,,,,0.889,347
178,MAP3K7,O43318,BINDING,42,50,mouse,O09110,kmerseek best other alphabet,kmerseek.mmseqs12_k5_lcTrue,best call on another target,lands,42,50,,,Q80ZW0,213,221,0.889,347
178,MAP3K7,O43318,BINDING,42,50,mouse,O09110,phmmer,hmmer3_phmmer.default,best call on another target,spills,42,97,,,Q80ZW0,207,295,0.145,347
178,MAP3K7,O43318,BINDING,42,50,mouse,O09110,MMseqs2,mmseqs2_seqseq.s7,best call on another target,spills,42,164,,,P0C5K0,49,171,0.066,347
178,MAP3K7,O43318,BINDING,42,50,mouse,O09110,MMseqs2 iterative,mmseqs2_iterative.s7,best call on another target,spills,34,65,,,Q9Z0R0,438,469,0.258,347
178,MAP3K7,O43318,BINDING,42,50,mouse,O09110,Foldseek,foldseek.3di_aa,best call on another target,spills,28,177,,,Q5SYL1,89,242,0.054,347
178,MAP3K7,O43318,BINDING,42,50,mouse,O09110,ProstT5,prostt5.3di_from_seq,best call on another target,spills,36,288,,,O08648,1332,1589,0.032,347
178,MAP3K7,O43318,BINDING,42,50,mouse,O09110,Reseek,reseek.verysensitive,best call on another target,spills,40,110,,,P70349,30,118,0.114,347
178,MAP3K7,O43318,BINDING,42,50,mouse,O09110,Kyte-Doolittle scan,kd_scan,no call,no call,,,,,,,,,347
179,MAPK14,Q16539,BINDING,30,38,mouse,P05622,kmerseek chosen arm,kmerseek.sdm12_k6_lcTrue,lands,lands,30,38,605,613,,,,0.889,1098
179,MAPK14,Q16539,BINDING,30,38,mouse,P05622,kmerseek best other alphabet,kmerseek.mmseqs12_k5_lcTrue,best call on another target,lands,30,38,,,P04627,314,322,0.889,1098
179,MAPK14,Q16539,BINDING,30,38,mouse,P05622,phmmer,hmmer3_phmmer.default,best call on another target,spills,22,57,,,Q8VBY2,103,167,0.229,1098
179,MAPK14,Q16539,BINDING,30,38,mouse,P05622,MMseqs2,mmseqs2_seqseq.s7,best call on another target,spills,24,159,,,P47810,298,434,0.059,1098
179,MAPK14,Q16539,BINDING,30,38,mouse,P05622,MMseqs2 iterative,mmseqs2_iterative.s7,best call on another target,spills,24,156,,,P47810,298,431,0.061,1098
179,MAPK14,Q16539,BINDING,30,38,mouse,P05622,Foldseek,foldseek.3di_aa,best call on another target,spills,27,171,,,Q99PW4,27,177,0.056,1098
179,MAPK14,Q16539,BINDING,30,38,mouse,P05622,ProstT5,prostt5.3di_from_seq,best call on another target,spills,8,107,,,P62965,52,135,0.081,1098
179,MAPK14,Q16539,BINDING,30,38,mouse,P05622,Reseek,reseek.verysensitive,best call on another target,spills,24,72,,,Q9Z126,59,102,0.167,1098
179,MAPK14,Q16539,BINDING,30,38,mouse,P05622,Kyte-Doolittle scan,kd_scan,no call,no call,,,,,,,,,1098
180,MAP3K4,Q9Y6R4,BINDING,1349,1357,mouse,Q02111,kmerseek chosen arm,kmerseek.sdm12_k6_lcTrue,lands,lands,1349,1358,386,395,,,,0.8,707
180,MAP3K4,Q9Y6R4,BINDING,1349,1357,mouse,Q02111,kmerseek best other alphabet,kmerseek.mmseqs12_k5_lcTrue,best call on another target,lands,1350,1357,,,P35546,732,739,1.0,707
180,MAP3K4,Q9Y6R4,BINDING,1349,1357,mouse,Q02111,phmmer,hmmer3_phmmer.default,best call on another target,spills,1349,1408,,,Q9Z2R9,150,274,0.136,707
180,MAP3K4,Q9Y6R4,BINDING,1349,1357,mouse,Q02111,MMseqs2,mmseqs2_seqseq.s7,best call on another target,spills,1347,1483,,,Q9Z0H0,56,192,0.059,707
180,MAP3K4,Q9Y6R4,BINDING,1349,1357,mouse,Q02111,MMseqs2 iterative,mmseqs2_iterative.s7,best call on another target,spills,1348,1471,,,Q66JT0,213,342,0.065,707
180,MAP3K4,Q9Y6R4,BINDING,1349,1357,mouse,Q02111,Foldseek,foldseek.3di_aa,best call on another target,spills,1268,1513,,,Q5SYL1,8,267,0.033,707
180,MAP3K4,Q9Y6R4,BINDING,1349,1357,mouse,Q02111,ProstT5,prostt5.3di_from_seq,best call on another target,spills,1343,1571,,,Q8C0P0,34,228,0.035,707
180,MAP3K4,Q9Y6R4,BINDING,1349,1357,mouse,Q02111,Reseek,reseek.verysensitive,best call on another target,spills,1342,1420,,,Q05816,10,132,0.103,707
180,MAP3K4,Q9Y6R4,BINDING,1349,1357,mouse,Q02111,Kyte-Doolittle scan,kd_scan,no call,no call,,,,,,,,,707
181,GRM4,Q14833,TRANSMEM,786,808,fly,P91685,kmerseek chosen arm,kmerseek.hp_lehninger_c_nonpolar2_k18_lcTrue,lands,lands,785,808,817,840,,,,0.917,976
181,GRM4,Q14833,TRANSMEM,786,808,fly,P91685,kmerseek best other alphabet,kmerseek.funcgroups8_k10_lcTrue,lands,lands,787,808,819,840,,,,1.0,976
181,GRM4,Q14833,TRANSMEM,786,808,fly,P91685,phmmer,hmmer3_phmmer.default,spills,spills,433,859,459,933,,,,0.052,976
181,GRM4,Q14833,TRANSMEM,786,808,fly,P91685,MMseqs2,mmseqs2_seqseq.s7,spills,spills,42,875,38,911,,,,0.026,976
181,GRM4,Q14833,TRANSMEM,786,808,fly,P91685,MMseqs2 iterative,mmseqs2_iterative.s7,best call on another target,spills,555,841,,,Q9VKA4,485,753,0.077,976
181,GRM4,Q14833,TRANSMEM,786,808,fly,P91685,Foldseek,foldseek.3di_aa,best call on another target,spills,657,860,,,Q9VRX6,116,367,0.108,976
181,GRM4,Q14833,TRANSMEM,786,808,fly,P91685,ProstT5,prostt5.3di_from_seq,best call on another target,spills,649,845,,,P27716,184,353,0.112,976
181,GRM4,Q14833,TRANSMEM,786,808,fly,P91685,Reseek,reseek.verysensitive,best call on another target,"inside, lower IoU",782,808,,,C0HJH3,2,23,0.846,976
181,GRM4,Q14833,TRANSMEM,786,808,fly,P91685,Kyte-Doolittle scan,kd_scan,"inside, lower IoU","inside, lower IoU",787,807,,,,,,0.909,976
182,SLC26A8,Q96RN1,TRANSMEM,393,413,zebrafish,Q7T2C4,kmerseek chosen arm,kmerseek.hp_lehninger_c_nonpolar2_k18_lcTrue,lands,lands,390,413,375,398,,,,0.833,739
182,SLC26A8,Q96RN1,TRANSMEM,393,413,zebrafish,Q7T2C4,kmerseek best other alphabet,kmerseek.polarity4_k15_lcTrue,lands,lands,392,408,377,393,,,,0.682,739
182,SLC26A8,Q96RN1,TRANSMEM,393,413,zebrafish,Q7T2C4,phmmer,hmmer3_phmmer.default,spills,spills,20,571,5,585,,,,0.036,739
182,SLC26A8,Q96RN1,TRANSMEM,393,413,zebrafish,Q7T2C4,MMseqs2,mmseqs2_seqseq.s7,spills,spills,23,793,16,724,,,,0.026,739
182,SLC26A8,Q96RN1,TRANSMEM,393,413,zebrafish,Q7T2C4,MMseqs2 iterative,mmseqs2_iterative.s7,spills,spills,64,566,53,551,,,,0.04,739
182,SLC26A8,Q96RN1,TRANSMEM,393,413,zebrafish,Q7T2C4,Foldseek,foldseek.3di_aa,best call on another target,spills,226,483,,,Q0P483,37,321,0.078,739
182,SLC26A8,Q96RN1,TRANSMEM,393,413,zebrafish,Q7T2C4,ProstT5,prostt5.3di_from_seq,best call on another target,spills,94,471,,,Q5W8I8,68,495,0.053,739
182,SLC26A8,Q96RN1,TRANSMEM,393,413,zebrafish,Q7T2C4,Reseek,reseek.verysensitive,best call on another target,spills,391,505,,,A5PLC9,3,76,0.175,739
182,SLC26A8,Q96RN1,TRANSMEM,393,413,zebrafish,Q7T2C4,Kyte-Doolittle scan,kd_scan,"inside, lower IoU","inside, lower IoU",393,411,,,,,,0.9,739
