gene,query,feature_type,swissprot_description,criterion6_class,feature_start,feature_end,feature_length_aa,231_type_split,species,species_mya,target,kmerseek_chosen_arm,kmerseek_iou,frac_call_inside_feature,frac_feature_covered,kmerseek_best_other_alphabet_arm,kmerseek_other_arm_iou,n_kmerseek_arms_landed,n_kmerseek_alphabets_landed,kmerseek_arms_landed,n_identical,region_length_aa,identity_pct_region,enclosing_pfam_domain,enclosing_pfam_identity_pct,kd_scan_landed,kd_scan_best_iou,mean_plddt_feature,frac_plddt_lt70_feature,disorder_fraction_feature,criterion7_low_plddt_or_disordered,admitted_under,Foldseek_iou,Foldseek_category,ProstT5_iou,ProstT5_category,Reseek_iou,Reseek_category,phmmer_iou,phmmer_category,MMseqs2_iou,MMseqs2_category,MMseqs2 iterative_iou,MMseqs2 iterative_category
ROS1,P08922,BINDING,ligand: ATP,BINDING,1951,1959,9,held out,yeast,900,P38070,kmerseek.sdm12_k6_lcTrue,0.9,0.9,1.0,kmerseek.wwmj5_k8_lcTrue,0.9,4,2,kmerseek.sdm12_k6_lcTrue;kmerseek.sdm12_k7_lcTrue;kmerseek.sdm12_k8_lcTrue;kmerseek.wwmj5_k8_lcTrue,6,10,60.0,PF07714,,false,,67.4,0.6666666666666666,0.0,true,all criteria,0.034,spills,0.034,spills,0.08,spills,0.094,spills,0.057,spills,0.058,spills
ROS1,P08922,BINDING,ligand: ATP,BINDING,1951,1959,9,held out,worm,650,Q11112,kmerseek.sdm12_k6_lcTrue,1.0,1.0,1.0,kmerseek.hsdm17_k5_lcTrue,1.0,10,5,kmerseek.hsdm17_k5_lcTrue;kmerseek.hsdm17_k6_lcTrue;kmerseek.hsdm17_k7_lcTrue;kmerseek.protein20_k5_lcTrue;kmerseek.protein20_k6_lcTrue;kmerseek.sdm12_k6_lcTrue;kmerseek.sdm12_k7_lcTrue;kmerseek.uniprot18_k5_lcTrue;kmerseek.uniprot18_k6_lcTrue;kmerseek.wass14_k5_lcTrue,8,9,88.9,PF07714,47.5,false,,67.4,0.6666666666666666,0.0,true,all criteria,0.033,spills,0.034,spills,0.087,spills,0.13,spills,0.044,spills,0.062,spills
MARCKS,P29966,REGION,Calmodulin-binding (PSD),REGION (named),152,176,25,composition,zebrafish,430,Q6PD99,kmerseek.hp_thomas_dill2_k19_lcTrue,0.926,0.926,1.0,kmerseek.hp_lehninger2_k18_lcTrue,1.0,66,9,kmerseek.gbmr4_k13_lcTrue;kmerseek.gbmr4_k14_lcTrue;kmerseek.gbmr4_k15_lcTrue;kmerseek.gbmr4_k16_lcTrue;kmerseek.gbmr4_k17_lcTrue;kmerseek.gbmr4_k18_lcTrue;kmerseek.gbmr4_k19_lcTrue;kmerseek.gbmr4_k20_lcTrue;kmerseek.gbmr4_k21_lcTrue;kmerseek.hp_kyte_doolittle2_k19_lcTrue;kmerseek.hp_kyte_doolittle2_k20_lcTrue;kmerseek.hp_kyte_doolittle2_k21_lcTrue;kmerseek.hp_kyte_doolittle2_k22_lcTrue;kmerseek.hp_kyte_doolittle2_k23_lcTrue;kmerseek.hp_kyte_doolittle2_k24_lcTrue;kmerseek.hp_kyte_doolittle2_k25_lcTrue;kmerseek.hp_lehninger2_k18_lcTrue;kmerseek.hp_lehninger2_k19_lcTrue;kmerseek.hp_lehninger2_k20_lcTrue;kmerseek.hp_lehninger2_k21_lcTrue;kmerseek.hp_lehninger2_k22_lcTrue;kmerseek.hp_lehninger2_k23_lcTrue;kmerseek.hp_lehninger_c_nonpolar2_k18_lcTrue;kmerseek.hp_lehninger_c_nonpolar2_k19_lcTrue;kmerseek.hp_lehninger_c_nonpolar2_k20_lcTrue;kmerseek.hp_lehninger_c_nonpolar2_k21_lcTrue;kmerseek.hp_lehninger_c_nonpolar2_k22_lcTrue;kmerseek.hp_lehninger_c_nonpolar2_k23_lcTrue;kmerseek.hp_lehninger_hpc3_k16_lcTrue;kmerseek.hp_lehninger_hpc3_k17_lcTrue;kmerseek.hp_lehninger_hpc3_k18_lcTrue;kmerseek.hp_lehninger_hpc3_k19_lcTrue;kmerseek.hp_lehninger_hpc3_k20_lcTrue;kmerseek.hp_lehninger_hpc3_k21_lcTrue;kmerseek.hp_lehninger_hpc3_k22_lcTrue;kmerseek.hp_lehninger_hpc3_k23_lcTrue;kmerseek.hp_pbotc_1st_ed2_k18_lcTrue;kmerseek.hp_pbotc_1st_ed2_k19_lcTrue;kmerseek.hp_pbotc_1st_ed2_k20_lcTrue;kmerseek.hp_pbotc_1st_ed2_k21_lcTrue;kmerseek.hp_pbotc_1st_ed2_k22_lcTrue;kmerseek.hp_pbotc_1st_ed2_k23_lcTrue;kmerseek.hp_thomas_dill2_k19_lcTrue;kmerseek.hp_thomas_dill2_k20_lcTrue;kmerseek.hp_thomas_dill2_k21_lcTrue;kmerseek.hp_thomas_dill2_k22_lcTrue;kmerseek.hp_thomas_dill2_k23_lcTrue;kmerseek.hp_thomas_dill2_k24_lcTrue;kmerseek.hp_thomas_dill2_k25_lcTrue;kmerseek.hp_thomas_dill_no_c2_k19_lcTrue;kmerseek.hp_thomas_dill_no_c2_k20_lcTrue;kmerseek.hp_thomas_dill_no_c2_k21_lcTrue;kmerseek.hp_thomas_dill_no_c2_k22_lcTrue;kmerseek.hp_thomas_dill_no_c2_k23_lcTrue;kmerseek.hp_thomas_dill_no_c2_k24_lcTrue;kmerseek.hp_thomas_dill_no_c2_k25_lcTrue;kmerseek.wwmj5_k10_lcTrue;kmerseek.wwmj5_k11_lcTrue;kmerseek.wwmj5_k12_lcTrue;kmerseek.wwmj5_k13_lcTrue;kmerseek.wwmj5_k14_lcTrue;kmerseek.wwmj5_k15_lcTrue;kmerseek.wwmj5_k16_lcTrue;kmerseek.wwmj5_k17_lcTrue;kmerseek.wwmj5_k8_lcTrue;kmerseek.wwmj5_k9_lcTrue,17,27,63.0,PF02063,28.6,false,,70.1,0.36,1.0,true,"criteria 5 and 3 loosened (structure tool inside, lower IoU)",0.102,spills,0.132,spills,0.833,"inside, lower IoU",0.21,spills,0.14,spills,0.14,spills
COL9A1,P20849,DOMAIN,Collagen-like 6,DOMAIN,587,643,57,held out,zebrafish,430,Q5U3G1,kmerseek.hp_thomas_dill_no_c2_k19_lcTrue,0.475,0.933,0.491,kmerseek.hp_kyte_doolittle2_k22_lcTrue,0.509,34,4,kmerseek.hp_kyte_doolittle2_k19_lcTrue;kmerseek.hp_kyte_doolittle2_k20_lcTrue;kmerseek.hp_kyte_doolittle2_k21_lcTrue;kmerseek.hp_kyte_doolittle2_k22_lcTrue;kmerseek.hp_kyte_doolittle2_k23_lcTrue;kmerseek.hp_kyte_doolittle2_k24_lcTrue;kmerseek.hp_kyte_doolittle2_k25_lcTrue;kmerseek.hp_kyte_doolittle2_k26_lcTrue;kmerseek.hp_lehninger_c_nonpolar2_k18_lcTrue;kmerseek.hp_lehninger_c_nonpolar2_k19_lcTrue;kmerseek.hp_lehninger_c_nonpolar2_k20_lcTrue;kmerseek.hp_lehninger_c_nonpolar2_k21_lcTrue;kmerseek.hp_lehninger_c_nonpolar2_k22_lcTrue;kmerseek.hp_lehninger_c_nonpolar2_k23_lcTrue;kmerseek.hp_thomas_dill2_k19_lcTrue;kmerseek.hp_thomas_dill2_k20_lcTrue;kmerseek.hp_thomas_dill2_k21_lcTrue;kmerseek.hp_thomas_dill2_k22_lcTrue;kmerseek.hp_thomas_dill2_k23_lcTrue;kmerseek.hp_thomas_dill2_k24_lcTrue;kmerseek.hp_thomas_dill2_k25_lcTrue;kmerseek.hp_thomas_dill2_k26_lcTrue;kmerseek.hp_thomas_dill_no_c2_k19_lcTrue;kmerseek.hp_thomas_dill_no_c2_k20_lcTrue;kmerseek.hp_thomas_dill_no_c2_k21_lcTrue;kmerseek.hp_thomas_dill_no_c2_k22_lcTrue;kmerseek.hp_thomas_dill_no_c2_k23_lcTrue;kmerseek.hp_thomas_dill_no_c2_k24_lcTrue;kmerseek.hp_thomas_dill_no_c2_k25_lcTrue;kmerseek.hp_thomas_dill_no_c2_k26_lcTrue;kmerseek.hp_thomas_dill_no_c2_k27_lcTrue;kmerseek.hp_thomas_dill_no_c2_k28_lcTrue;kmerseek.hp_thomas_dill_no_c2_k29_lcTrue;kmerseek.hp_thomas_dill_no_c2_k30_lcTrue,16,30,53.3,,,false,,52.1,1.0,1.0,true,all criteria,0.165,spills,0.066,spills,0.419,spills,0.687,equal or higher IoU,0.264,spills,0.261,spills
COL12A1,Q99715,DOMAIN,Collagen-like 2,DOMAIN,2802,2852,51,held out,zebrafish,430,A5PN28,kmerseek.hp_thomas_dill_no_c2_k19_lcTrue,0.569,1.0,0.569,kmerseek.hp_thomas_dill2_k19_lcTrue,0.569,26,3,kmerseek.hp_kyte_doolittle2_k19_lcTrue;kmerseek.hp_kyte_doolittle2_k20_lcTrue;kmerseek.hp_kyte_doolittle2_k21_lcTrue;kmerseek.hp_kyte_doolittle2_k22_lcTrue;kmerseek.hp_kyte_doolittle2_k23_lcTrue;kmerseek.hp_kyte_doolittle2_k24_lcTrue;kmerseek.hp_kyte_doolittle2_k25_lcTrue;kmerseek.hp_thomas_dill2_k19_lcTrue;kmerseek.hp_thomas_dill2_k20_lcTrue;kmerseek.hp_thomas_dill2_k21_lcTrue;kmerseek.hp_thomas_dill2_k22_lcTrue;kmerseek.hp_thomas_dill2_k23_lcTrue;kmerseek.hp_thomas_dill2_k24_lcTrue;kmerseek.hp_thomas_dill2_k25_lcTrue;kmerseek.hp_thomas_dill2_k26_lcTrue;kmerseek.hp_thomas_dill_no_c2_k19_lcTrue;kmerseek.hp_thomas_dill_no_c2_k20_lcTrue;kmerseek.hp_thomas_dill_no_c2_k21_lcTrue;kmerseek.hp_thomas_dill_no_c2_k22_lcTrue;kmerseek.hp_thomas_dill_no_c2_k23_lcTrue;kmerseek.hp_thomas_dill_no_c2_k24_lcTrue;kmerseek.hp_thomas_dill_no_c2_k25_lcTrue;kmerseek.hp_thomas_dill_no_c2_k26_lcTrue;kmerseek.hp_thomas_dill_no_c2_k27_lcTrue;kmerseek.hp_thomas_dill_no_c2_k28_lcTrue;kmerseek.hp_thomas_dill_no_c2_k29_lcTrue,15,29,51.7,PF01391,44.9,false,,,,1.0,true,all criteria,0.0,no call,0.089,spills,0.0,no call,0.638,equal or higher IoU,0.0,no call,0.0,no call
ROS1,P08922,BINDING,ligand: ATP,BINDING,1951,1959,9,held out,zebrafish,430,Q8JFR5,kmerseek.sdm12_k6_lcTrue,1.0,1.0,1.0,kmerseek.hsdm17_k5_lcTrue,1.0,7,2,kmerseek.hsdm17_k5_lcTrue;kmerseek.hsdm17_k6_lcTrue;kmerseek.hsdm17_k7_lcTrue;kmerseek.hsdm17_k8_lcTrue;kmerseek.sdm12_k6_lcTrue;kmerseek.sdm12_k7_lcTrue;kmerseek.sdm12_k8_lcTrue,8,9,88.9,PF07714,54.5,false,,67.4,0.6666666666666666,0.0,true,all criteria,0.033,spills,0.032,spills,0.054,spills,0.087,spills,0.057,spills,0.692,"inside, lower IoU"
COL12A1,Q99715,DOMAIN,Collagen-like 2,DOMAIN,2802,2852,51,held out,chicken,300,P13944,kmerseek.hp_thomas_dill_no_c2_k19_lcTrue,0.588,1.0,0.588,kmerseek.dayhoff6_k11_lcTrue,0.863,93,11,kmerseek.dayhoff6_k10_lcTrue;kmerseek.dayhoff6_k11_lcTrue;kmerseek.dayhoff6_k12_lcTrue;kmerseek.dayhoff6_k13_lcTrue;kmerseek.dayhoff6_k14_lcTrue;kmerseek.dayhoff6_k15_lcTrue;kmerseek.dayhoff6_k16_lcTrue;kmerseek.dayhoff6_k17_lcTrue;kmerseek.gbmr4_k12_lcTrue;kmerseek.gbmr4_k13_lcTrue;kmerseek.gbmr4_k14_lcTrue;kmerseek.gbmr4_k15_lcTrue;kmerseek.gbmr4_k16_lcTrue;kmerseek.gbmr4_k17_lcTrue;kmerseek.gbmr4_k18_lcTrue;kmerseek.gbmr4_k19_lcTrue;kmerseek.gbmr4_k20_lcTrue;kmerseek.gbmr4_k21_lcTrue;kmerseek.hp_kyte_doolittle2_k19_lcTrue;kmerseek.hp_kyte_doolittle2_k20_lcTrue;kmerseek.hp_kyte_doolittle2_k21_lcTrue;kmerseek.hp_kyte_doolittle2_k22_lcTrue;kmerseek.hp_kyte_doolittle2_k23_lcTrue;kmerseek.hp_lehninger2_k18_lcTrue;kmerseek.hp_lehninger2_k19_lcTrue;kmerseek.hp_lehninger2_k20_lcTrue;kmerseek.hp_lehninger2_k21_lcTrue;kmerseek.hp_lehninger2_k22_lcTrue;kmerseek.hp_lehninger2_k23_lcTrue;kmerseek.hp_lehninger2_k24_lcTrue;kmerseek.hp_lehninger2_k25_lcTrue;kmerseek.hp_lehninger2_k26_lcTrue;kmerseek.hp_lehninger2_k27_lcTrue;kmerseek.hp_lehninger2_k28_lcTrue;kmerseek.hp_lehninger2_k29_lcTrue;kmerseek.hp_lehninger_c_nonpolar2_k18_lcTrue;kmerseek.hp_lehninger_c_nonpolar2_k19_lcTrue;kmerseek.hp_lehninger_c_nonpolar2_k20_lcTrue;kmerseek.hp_lehninger_c_nonpolar2_k21_lcTrue;kmerseek.hp_lehninger_c_nonpolar2_k22_lcTrue;kmerseek.hp_lehninger_c_nonpolar2_k23_lcTrue;kmerseek.hp_lehninger_c_nonpolar2_k24_lcTrue;kmerseek.hp_lehninger_c_nonpolar2_k25_lcTrue;kmerseek.hp_lehninger_c_nonpolar2_k26_lcTrue;kmerseek.hp_lehninger_c_nonpolar2_k27_lcTrue;kmerseek.hp_lehninger_c_nonpolar2_k28_lcTrue;kmerseek.hp_lehninger_c_nonpolar2_k29_lcTrue;kmerseek.hp_lehninger_hpc3_k16_lcTrue;kmerseek.hp_lehninger_hpc3_k17_lcTrue;kmerseek.hp_lehninger_hpc3_k18_lcTrue;kmerseek.hp_lehninger_hpc3_k19_lcTrue;kmerseek.hp_lehninger_hpc3_k20_lcTrue;kmerseek.hp_lehninger_hpc3_k21_lcTrue;kmerseek.hp_lehninger_hpc3_k22_lcTrue;kmerseek.hp_lehninger_hpc3_k23_lcTrue;kmerseek.hp_lehninger_hpc3_k24_lcTrue;kmerseek.hp_lehninger_hpc3_k25_lcTrue;kmerseek.hp_lehninger_hpc3_k26_lcTrue;kmerseek.hp_lehninger_hpc3_k27_lcTrue;kmerseek.hp_pbotc_1st_ed2_k18_lcTrue;kmerseek.hp_pbotc_1st_ed2_k19_lcTrue;kmerseek.hp_pbotc_1st_ed2_k20_lcTrue;kmerseek.hp_pbotc_1st_ed2_k21_lcTrue;kmerseek.hp_pbotc_1st_ed2_k22_lcTrue;kmerseek.hp_pbotc_1st_ed2_k23_lcTrue;kmerseek.hp_pbotc_1st_ed2_k24_lcTrue;kmerseek.hp_pbotc_1st_ed2_k25_lcTrue;kmerseek.hp_pbotc_1st_ed2_k26_lcTrue;kmerseek.hp_pbotc_1st_ed2_k27_lcTrue;kmerseek.hp_pbotc_1st_ed2_k28_lcTrue;kmerseek.hp_pbotc_1st_ed2_k29_lcTrue;kmerseek.hp_thomas_dill2_k19_lcTrue;kmerseek.hp_thomas_dill2_k20_lcTrue;kmerseek.hp_thomas_dill_no_c2_k19_lcTrue;kmerseek.hp_thomas_dill_no_c2_k20_lcTrue;kmerseek.hp_thomas_dill_no_c2_k21_lcTrue;kmerseek.hp_thomas_dill_no_c2_k22_lcTrue;kmerseek.hp_thomas_dill_no_c2_k23_lcTrue;kmerseek.hp_thomas_dill_no_c2_k24_lcTrue;kmerseek.hp_thomas_dill_no_c2_k25_lcTrue;kmerseek.mmseqs12_k10_lcTrue;kmerseek.mmseqs12_k11_lcTrue;kmerseek.mmseqs12_k12_lcTrue;kmerseek.mmseqs12_k13_lcTrue;kmerseek.mmseqs12_k14_lcTrue;kmerseek.mmseqs12_k6_lcTrue;kmerseek.mmseqs12_k7_lcTrue;kmerseek.mmseqs12_k8_lcTrue;kmerseek.mmseqs12_k9_lcTrue;kmerseek.polarity4_k16_lcTrue;kmerseek.polarity4_k17_lcTrue;kmerseek.polarity4_k18_lcTrue;kmerseek.polarity4_k19_lcTrue,27,30,90.0,PF01391,40.2,false,,,,1.0,true,all criteria,0.0,no call,0.197,spills,0.0,no call,0.662,equal or higher IoU,0.093,spills,0.095,spills
COL9A1,P20849,DOMAIN,Collagen-like 7,DOMAIN,655,712,58,held out,chicken,300,P12106,kmerseek.hp_thomas_dill_no_c2_k19_lcTrue,0.552,1.0,0.552,kmerseek.hp_kyte_doolittle2_k19_lcTrue,0.552,92,8,kmerseek.hp_kyte_doolittle2_k19_lcTrue;kmerseek.hp_kyte_doolittle2_k20_lcTrue;kmerseek.hp_kyte_doolittle2_k21_lcTrue;kmerseek.hp_kyte_doolittle2_k22_lcTrue;kmerseek.hp_kyte_doolittle2_k23_lcTrue;kmerseek.hp_kyte_doolittle2_k24_lcTrue;kmerseek.hp_kyte_doolittle2_k25_lcTrue;kmerseek.hp_kyte_doolittle2_k26_lcTrue;kmerseek.hp_kyte_doolittle2_k27_lcTrue;kmerseek.hp_kyte_doolittle2_k28_lcTrue;kmerseek.hp_kyte_doolittle2_k29_lcTrue;kmerseek.hp_kyte_doolittle2_k30_lcTrue;kmerseek.hp_lehninger2_k18_lcTrue;kmerseek.hp_lehninger2_k19_lcTrue;kmerseek.hp_lehninger2_k20_lcTrue;kmerseek.hp_lehninger2_k21_lcTrue;kmerseek.hp_lehninger2_k22_lcTrue;kmerseek.hp_lehninger2_k23_lcTrue;kmerseek.hp_lehninger2_k24_lcTrue;kmerseek.hp_lehninger2_k25_lcTrue;kmerseek.hp_lehninger2_k26_lcTrue;kmerseek.hp_lehninger2_k27_lcTrue;kmerseek.hp_lehninger2_k28_lcTrue;kmerseek.hp_lehninger2_k29_lcTrue;kmerseek.hp_lehninger_c_nonpolar2_k18_lcTrue;kmerseek.hp_lehninger_c_nonpolar2_k19_lcTrue;kmerseek.hp_lehninger_c_nonpolar2_k20_lcTrue;kmerseek.hp_lehninger_c_nonpolar2_k21_lcTrue;kmerseek.hp_lehninger_c_nonpolar2_k22_lcTrue;kmerseek.hp_lehninger_c_nonpolar2_k23_lcTrue;kmerseek.hp_lehninger_c_nonpolar2_k24_lcTrue;kmerseek.hp_lehninger_c_nonpolar2_k25_lcTrue;kmerseek.hp_lehninger_c_nonpolar2_k26_lcTrue;kmerseek.hp_lehninger_c_nonpolar2_k27_lcTrue;kmerseek.hp_lehninger_c_nonpolar2_k28_lcTrue;kmerseek.hp_lehninger_c_nonpolar2_k29_lcTrue;kmerseek.hp_lehninger_hpc3_k16_lcTrue;kmerseek.hp_lehninger_hpc3_k17_lcTrue;kmerseek.hp_lehninger_hpc3_k18_lcTrue;kmerseek.hp_lehninger_hpc3_k19_lcTrue;kmerseek.hp_lehninger_hpc3_k20_lcTrue;kmerseek.hp_lehninger_hpc3_k21_lcTrue;kmerseek.hp_lehninger_hpc3_k22_lcTrue;kmerseek.hp_lehninger_hpc3_k23_lcTrue;kmerseek.hp_lehninger_hpc3_k24_lcTrue;kmerseek.hp_lehninger_hpc3_k25_lcTrue;kmerseek.hp_lehninger_hpc3_k26_lcTrue;kmerseek.hp_lehninger_hpc3_k27_lcTrue;kmerseek.hp_pbotc_1st_ed2_k18_lcTrue;kmerseek.hp_pbotc_1st_ed2_k19_lcTrue;kmerseek.hp_pbotc_1st_ed2_k20_lcTrue;kmerseek.hp_pbotc_1st_ed2_k21_lcTrue;kmerseek.hp_pbotc_1st_ed2_k22_lcTrue;kmerseek.hp_pbotc_1st_ed2_k23_lcTrue;kmerseek.hp_pbotc_1st_ed2_k24_lcTrue;kmerseek.hp_pbotc_1st_ed2_k25_lcTrue;kmerseek.hp_pbotc_1st_ed2_k26_lcTrue;kmerseek.hp_pbotc_1st_ed2_k27_lcTrue;kmerseek.hp_pbotc_1st_ed2_k28_lcTrue;kmerseek.hp_pbotc_1st_ed2_k29_lcTrue;kmerseek.hp_thomas_dill2_k19_lcTrue;kmerseek.hp_thomas_dill2_k20_lcTrue;kmerseek.hp_thomas_dill2_k21_lcTrue;kmerseek.hp_thomas_dill2_k22_lcTrue;kmerseek.hp_thomas_dill2_k23_lcTrue;kmerseek.hp_thomas_dill2_k24_lcTrue;kmerseek.hp_thomas_dill2_k25_lcTrue;kmerseek.hp_thomas_dill2_k26_lcTrue;kmerseek.hp_thomas_dill2_k27_lcTrue;kmerseek.hp_thomas_dill2_k28_lcTrue;kmerseek.hp_thomas_dill2_k29_lcTrue;kmerseek.hp_thomas_dill2_k30_lcTrue;kmerseek.hp_thomas_dill_no_c2_k19_lcTrue;kmerseek.hp_thomas_dill_no_c2_k20_lcTrue;kmerseek.hp_thomas_dill_no_c2_k21_lcTrue;kmerseek.hp_thomas_dill_no_c2_k22_lcTrue;kmerseek.hp_thomas_dill_no_c2_k23_lcTrue;kmerseek.hp_thomas_dill_no_c2_k24_lcTrue;kmerseek.hp_thomas_dill_no_c2_k25_lcTrue;kmerseek.hp_thomas_dill_no_c2_k26_lcTrue;kmerseek.hp_thomas_dill_no_c2_k27_lcTrue;kmerseek.hp_thomas_dill_no_c2_k28_lcTrue;kmerseek.hp_thomas_dill_no_c2_k29_lcTrue;kmerseek.hp_thomas_dill_no_c2_k30_lcTrue;kmerseek.polarity4_k12_lcTrue;kmerseek.polarity4_k13_lcTrue;kmerseek.polarity4_k14_lcTrue;kmerseek.polarity4_k15_lcTrue;kmerseek.polarity4_k16_lcTrue;kmerseek.polarity4_k17_lcTrue;kmerseek.polarity4_k18_lcTrue;kmerseek.polarity4_k19_lcTrue,25,32,78.1,PF01391,41.9,false,,46.8,1.0,1.0,true,all criteria,0.083,spills,0.078,spills,0.468,spills,0.063,spills,0.063,spills,0.063,spills
COL12A1,Q99715,DOMAIN,Collagen-like 4,DOMAIN,2941,2990,50,held out,chicken,300,P13944,kmerseek.hp_thomas_dill_no_c2_k19_lcTrue,0.6,1.0,0.6,kmerseek.dayhoff6_k17_lcTrue,0.83,73,9,kmerseek.dayhoff6_k10_lcTrue;kmerseek.dayhoff6_k11_lcTrue;kmerseek.dayhoff6_k12_lcTrue;kmerseek.dayhoff6_k13_lcTrue;kmerseek.dayhoff6_k14_lcTrue;kmerseek.dayhoff6_k15_lcTrue;kmerseek.dayhoff6_k16_lcTrue;kmerseek.dayhoff6_k17_lcTrue;kmerseek.dayhoff6_k8_lcTrue;kmerseek.dayhoff6_k9_lcTrue;kmerseek.gbmr4_k12_lcTrue;kmerseek.gbmr4_k13_lcTrue;kmerseek.gbmr4_k14_lcTrue;kmerseek.gbmr4_k15_lcTrue;kmerseek.gbmr4_k16_lcTrue;kmerseek.gbmr4_k17_lcTrue;kmerseek.gbmr4_k18_lcTrue;kmerseek.gbmr4_k19_lcTrue;kmerseek.gbmr4_k20_lcTrue;kmerseek.gbmr4_k21_lcTrue;kmerseek.hp_kyte_doolittle2_k19_lcTrue;kmerseek.hp_kyte_doolittle2_k20_lcTrue;kmerseek.hp_kyte_doolittle2_k21_lcTrue;kmerseek.hp_kyte_doolittle2_k22_lcTrue;kmerseek.hp_kyte_doolittle2_k23_lcTrue;kmerseek.hp_kyte_doolittle2_k24_lcTrue;kmerseek.hp_kyte_doolittle2_k25_lcTrue;kmerseek.hp_kyte_doolittle2_k26_lcTrue;kmerseek.hp_kyte_doolittle2_k27_lcTrue;kmerseek.hp_kyte_doolittle2_k28_lcTrue;kmerseek.hp_kyte_doolittle2_k29_lcTrue;kmerseek.hp_kyte_doolittle2_k30_lcTrue;kmerseek.hp_lehninger2_k18_lcTrue;kmerseek.hp_lehninger2_k19_lcTrue;kmerseek.hp_lehninger2_k20_lcTrue;kmerseek.hp_lehninger2_k21_lcTrue;kmerseek.hp_lehninger_c_nonpolar2_k18_lcTrue;kmerseek.hp_lehninger_c_nonpolar2_k19_lcTrue;kmerseek.hp_lehninger_c_nonpolar2_k20_lcTrue;kmerseek.hp_lehninger_c_nonpolar2_k21_lcTrue;kmerseek.hp_lehninger_hpc3_k17_lcTrue;kmerseek.hp_lehninger_hpc3_k18_lcTrue;kmerseek.hp_lehninger_hpc3_k19_lcTrue;kmerseek.hp_lehninger_hpc3_k20_lcTrue;kmerseek.hp_lehninger_hpc3_k21_lcTrue;kmerseek.hp_thomas_dill2_k19_lcTrue;kmerseek.hp_thomas_dill2_k20_lcTrue;kmerseek.hp_thomas_dill2_k21_lcTrue;kmerseek.hp_thomas_dill2_k22_lcTrue;kmerseek.hp_thomas_dill2_k23_lcTrue;kmerseek.hp_thomas_dill2_k24_lcTrue;kmerseek.hp_thomas_dill2_k25_lcTrue;kmerseek.hp_thomas_dill2_k26_lcTrue;kmerseek.hp_thomas_dill2_k27_lcTrue;kmerseek.hp_thomas_dill2_k28_lcTrue;kmerseek.hp_thomas_dill2_k29_lcTrue;kmerseek.hp_thomas_dill2_k30_lcTrue;kmerseek.hp_thomas_dill_no_c2_k19_lcTrue;kmerseek.hp_thomas_dill_no_c2_k20_lcTrue;kmerseek.hp_thomas_dill_no_c2_k21_lcTrue;kmerseek.hp_thomas_dill_no_c2_k22_lcTrue;kmerseek.hp_thomas_dill_no_c2_k23_lcTrue;kmerseek.hp_thomas_dill_no_c2_k24_lcTrue;kmerseek.hp_thomas_dill_no_c2_k25_lcTrue;kmerseek.hp_thomas_dill_no_c2_k26_lcTrue;kmerseek.hp_thomas_dill_no_c2_k27_lcTrue;kmerseek.hp_thomas_dill_no_c2_k28_lcTrue;kmerseek.hp_thomas_dill_no_c2_k29_lcTrue;kmerseek.hp_thomas_dill_no_c2_k30_lcTrue;kmerseek.mmseqs12_k11_lcTrue;kmerseek.mmseqs12_k12_lcTrue;kmerseek.mmseqs12_k13_lcTrue;kmerseek.mmseqs12_k14_lcTrue,27,30,90.0,PF01391,82.7,false,,,,1.0,true,all criteria,0.0,no call,0.098,spills,0.0,no call,0.163,spills,0.091,spills,0.093,spills
PHACTR2,O75167,REPEAT,RPEL 2,REPEAT,477,502,26,composition,chicken,300,Q801X6,kmerseek.hp_kyte_doolittle2_k19_lcTrue,0.821,0.92,0.885,kmerseek.hp_thomas_dill2_k19_lcTrue,0.821,39,7,kmerseek.dayhoff6_k10_lcTrue;kmerseek.dayhoff6_k11_lcTrue;kmerseek.dayhoff6_k12_lcTrue;kmerseek.dayhoff6_k13_lcTrue;kmerseek.dayhoff6_k14_lcTrue;kmerseek.dayhoff6_k15_lcTrue;kmerseek.dayhoff6_k16_lcTrue;kmerseek.dayhoff6_k17_lcTrue;kmerseek.dayhoff6_k8_lcTrue;kmerseek.dayhoff6_k9_lcTrue;kmerseek.funcgroups8_k10_lcTrue;kmerseek.funcgroups8_k11_lcTrue;kmerseek.funcgroups8_k12_lcTrue;kmerseek.funcgroups8_k7_lcTrue;kmerseek.funcgroups8_k8_lcTrue;kmerseek.funcgroups8_k9_lcTrue;kmerseek.hp_kyte_doolittle2_k19_lcTrue;kmerseek.hp_kyte_doolittle2_k20_lcTrue;kmerseek.hp_kyte_doolittle2_k21_lcTrue;kmerseek.hp_kyte_doolittle2_k22_lcTrue;kmerseek.hp_kyte_doolittle2_k23_lcTrue;kmerseek.hp_pbotc_1st_ed2_k18_lcTrue;kmerseek.hp_pbotc_1st_ed2_k19_lcTrue;kmerseek.hp_pbotc_1st_ed2_k20_lcTrue;kmerseek.hp_pbotc_1st_ed2_k21_lcTrue;kmerseek.hp_pbotc_1st_ed2_k22_lcTrue;kmerseek.hp_thomas_dill2_k19_lcTrue;kmerseek.hp_thomas_dill2_k20_lcTrue;kmerseek.hp_thomas_dill2_k21_lcTrue;kmerseek.hp_thomas_dill2_k22_lcTrue;kmerseek.hp_thomas_dill2_k23_lcTrue;kmerseek.polarity4_k10_lcTrue;kmerseek.polarity4_k11_lcTrue;kmerseek.polarity4_k12_lcTrue;kmerseek.wwmj5_k10_lcTrue;kmerseek.wwmj5_k11_lcTrue;kmerseek.wwmj5_k12_lcTrue;kmerseek.wwmj5_k8_lcTrue;kmerseek.wwmj5_k9_lcTrue,19,25,76.0,,,false,,93.3,0.0,1.0,true,all criteria,0.046,spills,0.046,spills,0.2,spills,0.134,spills,0.138,spills,0.144,spills
ADGRB3,O60242,DOMAIN,TSP type-1 1,DOMAIN,291,343,53,held out,chicken,300,P35440,kmerseek.hp_thomas_dill_no_c2_k19_lcTrue,0.528,1.0,0.528,kmerseek.hp_thomas_dill2_k19_lcTrue,0.528,22,2,kmerseek.hp_thomas_dill2_k19_lcTrue;kmerseek.hp_thomas_dill2_k20_lcTrue;kmerseek.hp_thomas_dill2_k21_lcTrue;kmerseek.hp_thomas_dill2_k22_lcTrue;kmerseek.hp_thomas_dill2_k23_lcTrue;kmerseek.hp_thomas_dill2_k24_lcTrue;kmerseek.hp_thomas_dill2_k25_lcTrue;kmerseek.hp_thomas_dill2_k26_lcTrue;kmerseek.hp_thomas_dill2_k27_lcTrue;kmerseek.hp_thomas_dill2_k28_lcTrue;kmerseek.hp_thomas_dill2_k29_lcTrue;kmerseek.hp_thomas_dill_no_c2_k19_lcTrue;kmerseek.hp_thomas_dill_no_c2_k20_lcTrue;kmerseek.hp_thomas_dill_no_c2_k21_lcTrue;kmerseek.hp_thomas_dill_no_c2_k22_lcTrue;kmerseek.hp_thomas_dill_no_c2_k23_lcTrue;kmerseek.hp_thomas_dill_no_c2_k24_lcTrue;kmerseek.hp_thomas_dill_no_c2_k25_lcTrue;kmerseek.hp_thomas_dill_no_c2_k26_lcTrue;kmerseek.hp_thomas_dill_no_c2_k27_lcTrue;kmerseek.hp_thomas_dill_no_c2_k28_lcTrue;kmerseek.hp_thomas_dill_no_c2_k29_lcTrue,16,28,57.1,PF00090,100.0,false,,64.7,0.5660377358490566,0.132,true,all criteria,0.176,spills,0.107,spills,0.383,spills,0.459,spills,0.308,spills,0.792,equal or higher IoU
DAAM2,Q86T65,DOMAIN,DAD,DOMAIN,1016,1048,33,held out,chicken,300,A0A1D5P556,kmerseek.hp_thomas_dill_no_c2_k19_lcTrue,0.816,0.861,0.939,kmerseek.hp_pbotc_1st_ed2_k18_lcTrue,0.697,16,2,kmerseek.hp_pbotc_1st_ed2_k18_lcTrue;kmerseek.hp_pbotc_1st_ed2_k19_lcTrue;kmerseek.hp_pbotc_1st_ed2_k20_lcTrue;kmerseek.hp_pbotc_1st_ed2_k21_lcTrue;kmerseek.hp_thomas_dill_no_c2_k19_lcTrue;kmerseek.hp_thomas_dill_no_c2_k20_lcTrue;kmerseek.hp_thomas_dill_no_c2_k21_lcTrue;kmerseek.hp_thomas_dill_no_c2_k22_lcTrue;kmerseek.hp_thomas_dill_no_c2_k23_lcTrue;kmerseek.hp_thomas_dill_no_c2_k24_lcTrue;kmerseek.hp_thomas_dill_no_c2_k25_lcTrue;kmerseek.hp_thomas_dill_no_c2_k26_lcTrue;kmerseek.hp_thomas_dill_no_c2_k27_lcTrue;kmerseek.hp_thomas_dill_no_c2_k28_lcTrue;kmerseek.hp_thomas_dill_no_c2_k29_lcTrue;kmerseek.hp_thomas_dill_no_c2_k30_lcTrue,32,36,88.9,,,false,,64.2,0.5151515151515151,1.0,true,all criteria,0.143,spills,0.031,spills,0.423,spills,0.031,spills,0.031,spills,0.031,spills
ROS1,P08922,BINDING,ligand: ATP,BINDING,1951,1959,9,held out,chicken,300,Q9PUF6,kmerseek.sdm12_k6_lcTrue,0.9,0.9,1.0,kmerseek.hsdm17_k5_lcTrue,0.9,7,2,kmerseek.hsdm17_k5_lcTrue;kmerseek.hsdm17_k6_lcTrue;kmerseek.hsdm17_k7_lcTrue;kmerseek.hsdm17_k8_lcTrue;kmerseek.sdm12_k6_lcTrue;kmerseek.sdm12_k7_lcTrue;kmerseek.sdm12_k8_lcTrue,8,10,80.0,PF07714,77.8,false,,67.4,0.6666666666666666,0.0,true,all criteria,0.033,spills,0.033,spills,0.069,spills,0.082,spills,0.05,spills,0.044,spills
TNFAIP3,P21580,ZN_FING,A20-type 3,ZN_FING,515,548,34,held out,mouse,100,Q60769,kmerseek.hp_thomas_dill_no_c2_k19_lcTrue,0.861,0.939,0.912,kmerseek.dayhoff6_k8_lcTrue,0.914,156,18,kmerseek.dayhoff6_k8_lcTrue;kmerseek.funcgroups8_k10_lcTrue;kmerseek.funcgroups8_k11_lcTrue;kmerseek.funcgroups8_k12_lcTrue;kmerseek.funcgroups8_k13_lcTrue;kmerseek.funcgroups8_k14_lcTrue;kmerseek.funcgroups8_k15_lcTrue;kmerseek.funcgroups8_k16_lcTrue;kmerseek.funcgroups8_k7_lcTrue;kmerseek.funcgroups8_k8_lcTrue;kmerseek.funcgroups8_k9_lcTrue;kmerseek.gbmr4_k12_lcTrue;kmerseek.gbmr4_k13_lcTrue;kmerseek.gbmr4_k14_lcTrue;kmerseek.gbmr4_k15_lcTrue;kmerseek.gbmr4_k16_lcTrue;kmerseek.gbmr4_k17_lcTrue;kmerseek.gbmr4_k18_lcTrue;kmerseek.gbmr4_k19_lcTrue;kmerseek.gbmr4_k20_lcTrue;kmerseek.gbmr4_k21_lcTrue;kmerseek.gbmr7_k11_lcTrue;kmerseek.gbmr7_k12_lcTrue;kmerseek.gbmr7_k13_lcTrue;kmerseek.gbmr7_k14_lcTrue;kmerseek.gbmr7_k15_lcTrue;kmerseek.gbmr7_k16_lcTrue;kmerseek.gbmr7_k17_lcTrue;kmerseek.gbmr7_k18_lcTrue;kmerseek.hp_kyte_doolittle2_k19_lcTrue;kmerseek.hp_kyte_doolittle2_k20_lcTrue;kmerseek.hp_kyte_doolittle2_k21_lcTrue;kmerseek.hp_kyte_doolittle2_k22_lcTrue;kmerseek.hp_kyte_doolittle2_k23_lcTrue;kmerseek.hp_kyte_doolittle2_k24_lcTrue;kmerseek.hp_kyte_doolittle2_k25_lcTrue;kmerseek.hp_kyte_doolittle2_k26_lcTrue;kmerseek.hp_kyte_doolittle2_k27_lcTrue;kmerseek.hp_kyte_doolittle2_k28_lcTrue;kmerseek.hp_kyte_doolittle2_k29_lcTrue;kmerseek.hp_kyte_doolittle2_k30_lcTrue;kmerseek.hp_lehninger2_k18_lcTrue;kmerseek.hp_lehninger2_k19_lcTrue;kmerseek.hp_lehninger2_k20_lcTrue;kmerseek.hp_lehninger2_k21_lcTrue;kmerseek.hp_lehninger2_k22_lcTrue;kmerseek.hp_lehninger2_k23_lcTrue;kmerseek.hp_lehninger2_k24_lcTrue;kmerseek.hp_lehninger_c_nonpolar2_k18_lcTrue;kmerseek.hp_lehninger_c_nonpolar2_k19_lcTrue;kmerseek.hp_lehninger_c_nonpolar2_k20_lcTrue;kmerseek.hp_lehninger_c_nonpolar2_k21_lcTrue;kmerseek.hp_lehninger_c_nonpolar2_k22_lcTrue;kmerseek.hp_lehninger_c_nonpolar2_k23_lcTrue;kmerseek.hp_lehninger_c_nonpolar2_k24_lcTrue;kmerseek.hp_lehninger_c_nonpolar2_k25_lcTrue;kmerseek.hp_lehninger_hpc3_k16_lcTrue;kmerseek.hp_lehninger_hpc3_k17_lcTrue;kmerseek.hp_pbotc_1st_ed2_k18_lcTrue;kmerseek.hp_pbotc_1st_ed2_k19_lcTrue;kmerseek.hp_pbotc_1st_ed2_k20_lcTrue;kmerseek.hp_pbotc_1st_ed2_k21_lcTrue;kmerseek.hp_pbotc_1st_ed2_k22_lcTrue;kmerseek.hp_thomas_dill2_k19_lcTrue;kmerseek.hp_thomas_dill2_k20_lcTrue;kmerseek.hp_thomas_dill2_k21_lcTrue;kmerseek.hp_thomas_dill2_k22_lcTrue;kmerseek.hp_thomas_dill2_k23_lcTrue;kmerseek.hp_thomas_dill2_k24_lcTrue;kmerseek.hp_thomas_dill2_k25_lcTrue;kmerseek.hp_thomas_dill2_k26_lcTrue;kmerseek.hp_thomas_dill2_k27_lcTrue;kmerseek.hp_thomas_dill2_k28_lcTrue;kmerseek.hp_thomas_dill2_k29_lcTrue;kmerseek.hp_thomas_dill2_k30_lcTrue;kmerseek.hp_thomas_dill_no_c2_k19_lcTrue;kmerseek.hp_thomas_dill_no_c2_k20_lcTrue;kmerseek.hp_thomas_dill_no_c2_k21_lcTrue;kmerseek.hp_thomas_dill_no_c2_k22_lcTrue;kmerseek.hp_thomas_dill_no_c2_k23_lcTrue;kmerseek.hp_thomas_dill_no_c2_k24_lcTrue;kmerseek.hp_thomas_dill_no_c2_k25_lcTrue;kmerseek.hp_thomas_dill_no_c2_k26_lcTrue;kmerseek.hp_thomas_dill_no_c2_k27_lcTrue;kmerseek.hp_thomas_dill_no_c2_k28_lcTrue;kmerseek.hp_thomas_dill_no_c2_k29_lcTrue;kmerseek.hp_thomas_dill_no_c2_k30_lcTrue;kmerseek.hsdm17_k10_lcTrue;kmerseek.hsdm17_k11_lcTrue;kmerseek.hsdm17_k12_lcTrue;kmerseek.hsdm17_k13_lcTrue;kmerseek.hsdm17_k14_lcTrue;kmerseek.hsdm17_k5_lcTrue;kmerseek.hsdm17_k6_lcTrue;kmerseek.hsdm17_k7_lcTrue;kmerseek.hsdm17_k8_lcTrue;kmerseek.hsdm17_k9_lcTrue;kmerseek.mmseqs12_k10_lcTrue;kmerseek.mmseqs12_k11_lcTrue;kmerseek.mmseqs12_k12_lcTrue;kmerseek.mmseqs12_k13_lcTrue;kmerseek.mmseqs12_k14_lcTrue;kmerseek.mmseqs12_k5_lcTrue;kmerseek.mmseqs12_k6_lcTrue;kmerseek.mmseqs12_k7_lcTrue;kmerseek.mmseqs12_k8_lcTrue;kmerseek.mmseqs12_k9_lcTrue;kmerseek.protein20_k10_lcTrue;kmerseek.protein20_k11_lcTrue;kmerseek.protein20_k12_lcTrue;kmerseek.protein20_k13_lcTrue;kmerseek.protein20_k5_lcTrue;kmerseek.protein20_k6_lcTrue;kmerseek.protein20_k7_lcTrue;kmerseek.protein20_k8_lcTrue;kmerseek.protein20_k9_lcTrue;kmerseek.sdm12_k10_lcTrue;kmerseek.sdm12_k11_lcTrue;kmerseek.sdm12_k12_lcTrue;kmerseek.sdm12_k13_lcTrue;kmerseek.sdm12_k14_lcTrue;kmerseek.sdm12_k15_lcTrue;kmerseek.sdm12_k6_lcTrue;kmerseek.sdm12_k7_lcTrue;kmerseek.sdm12_k8_lcTrue;kmerseek.sdm12_k9_lcTrue;kmerseek.uniprot18_k10_lcTrue;kmerseek.uniprot18_k11_lcTrue;kmerseek.uniprot18_k12_lcTrue;kmerseek.uniprot18_k13_lcTrue;kmerseek.uniprot18_k14_lcTrue;kmerseek.uniprot18_k5_lcTrue;kmerseek.uniprot18_k6_lcTrue;kmerseek.uniprot18_k7_lcTrue;kmerseek.uniprot18_k8_lcTrue;kmerseek.uniprot18_k9_lcTrue;kmerseek.wass14_k10_lcTrue;kmerseek.wass14_k11_lcTrue;kmerseek.wass14_k12_lcTrue;kmerseek.wass14_k13_lcTrue;kmerseek.wass14_k14_lcTrue;kmerseek.wass14_k5_lcTrue;kmerseek.wass14_k6_lcTrue;kmerseek.wass14_k7_lcTrue;kmerseek.wass14_k8_lcTrue;kmerseek.wass14_k9_lcTrue;kmerseek.wwmj5_k10_lcTrue;kmerseek.wwmj5_k11_lcTrue;kmerseek.wwmj5_k12_lcTrue;kmerseek.wwmj5_k13_lcTrue;kmerseek.wwmj5_k14_lcTrue;kmerseek.wwmj5_k15_lcTrue;kmerseek.wwmj5_k16_lcTrue;kmerseek.wwmj5_k17_lcTrue;kmerseek.wwmj5_k8_lcTrue;kmerseek.wwmj5_k9_lcTrue,29,33,87.9,,,false,,69.1,0.4411764705882353,0.235,true,criterion 5 loosened (mouse allowed),0.186,spills,0.201,spills,0.456,spills,0.043,spills,0.043,spills,0.043,spills
CARMIL1,Q5VZK9,REGION,Necessary for localization at the cell membrane,REGION (named),1055,1089,35,composition,mouse,100,Q6EDY6,kmerseek.hp_thomas_dill2_k19_lcTrue,0.811,0.938,0.857,kmerseek.hp_kyte_doolittle2_k19_lcTrue,0.946,145,14,kmerseek.dayhoff6_k10_lcTrue;kmerseek.dayhoff6_k11_lcTrue;kmerseek.dayhoff6_k12_lcTrue;kmerseek.dayhoff6_k13_lcTrue;kmerseek.dayhoff6_k14_lcTrue;kmerseek.dayhoff6_k15_lcTrue;kmerseek.dayhoff6_k16_lcTrue;kmerseek.dayhoff6_k17_lcTrue;kmerseek.dayhoff6_k8_lcTrue;kmerseek.dayhoff6_k9_lcTrue;kmerseek.funcgroups8_k10_lcTrue;kmerseek.funcgroups8_k11_lcTrue;kmerseek.funcgroups8_k12_lcTrue;kmerseek.funcgroups8_k13_lcTrue;kmerseek.funcgroups8_k14_lcTrue;kmerseek.funcgroups8_k15_lcTrue;kmerseek.funcgroups8_k16_lcTrue;kmerseek.funcgroups8_k7_lcTrue;kmerseek.funcgroups8_k8_lcTrue;kmerseek.funcgroups8_k9_lcTrue;kmerseek.gbmr4_k12_lcTrue;kmerseek.gbmr4_k13_lcTrue;kmerseek.gbmr4_k14_lcTrue;kmerseek.gbmr4_k15_lcTrue;kmerseek.gbmr4_k16_lcTrue;kmerseek.gbmr4_k17_lcTrue;kmerseek.gbmr4_k18_lcTrue;kmerseek.gbmr4_k19_lcTrue;kmerseek.gbmr4_k20_lcTrue;kmerseek.gbmr4_k21_lcTrue;kmerseek.gbmr7_k11_lcTrue;kmerseek.gbmr7_k12_lcTrue;kmerseek.gbmr7_k13_lcTrue;kmerseek.gbmr7_k14_lcTrue;kmerseek.gbmr7_k15_lcTrue;kmerseek.gbmr7_k16_lcTrue;kmerseek.gbmr7_k17_lcTrue;kmerseek.gbmr7_k18_lcTrue;kmerseek.hp_kyte_doolittle2_k19_lcTrue;kmerseek.hp_kyte_doolittle2_k20_lcTrue;kmerseek.hp_kyte_doolittle2_k21_lcTrue;kmerseek.hp_kyte_doolittle2_k22_lcTrue;kmerseek.hp_kyte_doolittle2_k23_lcTrue;kmerseek.hp_kyte_doolittle2_k24_lcTrue;kmerseek.hp_kyte_doolittle2_k25_lcTrue;kmerseek.hp_kyte_doolittle2_k26_lcTrue;kmerseek.hp_kyte_doolittle2_k27_lcTrue;kmerseek.hp_kyte_doolittle2_k28_lcTrue;kmerseek.hp_kyte_doolittle2_k29_lcTrue;kmerseek.hp_kyte_doolittle2_k30_lcTrue;kmerseek.hp_lehninger2_k18_lcTrue;kmerseek.hp_lehninger2_k19_lcTrue;kmerseek.hp_lehninger2_k20_lcTrue;kmerseek.hp_lehninger2_k21_lcTrue;kmerseek.hp_lehninger2_k22_lcTrue;kmerseek.hp_lehninger2_k23_lcTrue;kmerseek.hp_lehninger2_k24_lcTrue;kmerseek.hp_lehninger2_k25_lcTrue;kmerseek.hp_lehninger2_k26_lcTrue;kmerseek.hp_lehninger2_k27_lcTrue;kmerseek.hp_lehninger_c_nonpolar2_k18_lcTrue;kmerseek.hp_lehninger_c_nonpolar2_k19_lcTrue;kmerseek.hp_lehninger_c_nonpolar2_k20_lcTrue;kmerseek.hp_lehninger_c_nonpolar2_k21_lcTrue;kmerseek.hp_lehninger_c_nonpolar2_k22_lcTrue;kmerseek.hp_lehninger_c_nonpolar2_k23_lcTrue;kmerseek.hp_lehninger_c_nonpolar2_k24_lcTrue;kmerseek.hp_lehninger_c_nonpolar2_k25_lcTrue;kmerseek.hp_lehninger_c_nonpolar2_k26_lcTrue;kmerseek.hp_lehninger_c_nonpolar2_k27_lcTrue;kmerseek.hp_lehninger_hpc3_k16_lcTrue;kmerseek.hp_lehninger_hpc3_k17_lcTrue;kmerseek.hp_lehninger_hpc3_k18_lcTrue;kmerseek.hp_lehninger_hpc3_k19_lcTrue;kmerseek.hp_lehninger_hpc3_k20_lcTrue;kmerseek.hp_lehninger_hpc3_k21_lcTrue;kmerseek.hp_lehninger_hpc3_k22_lcTrue;kmerseek.hp_lehninger_hpc3_k23_lcTrue;kmerseek.hp_lehninger_hpc3_k24_lcTrue;kmerseek.hp_lehninger_hpc3_k25_lcTrue;kmerseek.hp_lehninger_hpc3_k26_lcTrue;kmerseek.hp_lehninger_hpc3_k27_lcTrue;kmerseek.hp_pbotc_1st_ed2_k18_lcTrue;kmerseek.hp_pbotc_1st_ed2_k19_lcTrue;kmerseek.hp_pbotc_1st_ed2_k20_lcTrue;kmerseek.hp_pbotc_1st_ed2_k21_lcTrue;kmerseek.hp_pbotc_1st_ed2_k22_lcTrue;kmerseek.hp_pbotc_1st_ed2_k23_lcTrue;kmerseek.hp_pbotc_1st_ed2_k24_lcTrue;kmerseek.hp_pbotc_1st_ed2_k25_lcTrue;kmerseek.hp_pbotc_1st_ed2_k26_lcTrue;kmerseek.hp_pbotc_1st_ed2_k27_lcTrue;kmerseek.hp_thomas_dill2_k19_lcTrue;kmerseek.hp_thomas_dill2_k20_lcTrue;kmerseek.hp_thomas_dill2_k21_lcTrue;kmerseek.hp_thomas_dill2_k22_lcTrue;kmerseek.hp_thomas_dill2_k23_lcTrue;kmerseek.hp_thomas_dill2_k24_lcTrue;kmerseek.hp_thomas_dill2_k25_lcTrue;kmerseek.hp_thomas_dill2_k26_lcTrue;kmerseek.hp_thomas_dill2_k27_lcTrue;kmerseek.hp_thomas_dill2_k28_lcTrue;kmerseek.hp_thomas_dill2_k29_lcTrue;kmerseek.hp_thomas_dill2_k30_lcTrue;kmerseek.hp_thomas_dill_no_c2_k19_lcTrue;kmerseek.hp_thomas_dill_no_c2_k20_lcTrue;kmerseek.hp_thomas_dill_no_c2_k21_lcTrue;kmerseek.hp_thomas_dill_no_c2_k22_lcTrue;kmerseek.hp_thomas_dill_no_c2_k23_lcTrue;kmerseek.hp_thomas_dill_no_c2_k24_lcTrue;kmerseek.hp_thomas_dill_no_c2_k25_lcTrue;kmerseek.hp_thomas_dill_no_c2_k26_lcTrue;kmerseek.hp_thomas_dill_no_c2_k27_lcTrue;kmerseek.hp_thomas_dill_no_c2_k28_lcTrue;kmerseek.hp_thomas_dill_no_c2_k29_lcTrue;kmerseek.hp_thomas_dill_no_c2_k30_lcTrue;kmerseek.mmseqs12_k10_lcTrue;kmerseek.mmseqs12_k11_lcTrue;kmerseek.mmseqs12_k12_lcTrue;kmerseek.mmseqs12_k13_lcTrue;kmerseek.mmseqs12_k14_lcTrue;kmerseek.mmseqs12_k5_lcTrue;kmerseek.mmseqs12_k6_lcTrue;kmerseek.mmseqs12_k7_lcTrue;kmerseek.mmseqs12_k8_lcTrue;kmerseek.mmseqs12_k9_lcTrue;kmerseek.sdm12_k10_lcTrue;kmerseek.sdm12_k11_lcTrue;kmerseek.sdm12_k12_lcTrue;kmerseek.sdm12_k13_lcTrue;kmerseek.sdm12_k14_lcTrue;kmerseek.sdm12_k15_lcTrue;kmerseek.sdm12_k7_lcTrue;kmerseek.sdm12_k8_lcTrue;kmerseek.sdm12_k9_lcTrue;kmerseek.wwmj5_k10_lcTrue;kmerseek.wwmj5_k11_lcTrue;kmerseek.wwmj5_k12_lcTrue;kmerseek.wwmj5_k13_lcTrue;kmerseek.wwmj5_k14_lcTrue;kmerseek.wwmj5_k15_lcTrue;kmerseek.wwmj5_k16_lcTrue;kmerseek.wwmj5_k17_lcTrue;kmerseek.wwmj5_k8_lcTrue;kmerseek.wwmj5_k9_lcTrue,24,32,75.0,PF16000,80.9,false,,32.5,1.0,1.0,true,"criteria 5 and 3 loosened (structure tool inside, lower IoU)",0.094,spills,0.158,spills,0.66,"inside, lower IoU",0.117,spills,0.026,spills,0.026,spills
AK9,Q5TCS8,REGION,LID 1,REGION (named),160,205,46,composition,mouse,100,G3UYQ4,kmerseek.hp_thomas_dill2_k19_lcTrue,0.979,0.979,1.0,kmerseek.hp_kyte_doolittle2_k20_lcTrue,0.958,109,10,kmerseek.gbmr4_k12_lcTrue;kmerseek.gbmr4_k13_lcTrue;kmerseek.gbmr4_k14_lcTrue;kmerseek.gbmr4_k15_lcTrue;kmerseek.gbmr4_k16_lcTrue;kmerseek.gbmr4_k17_lcTrue;kmerseek.gbmr4_k18_lcTrue;kmerseek.gbmr4_k19_lcTrue;kmerseek.gbmr4_k20_lcTrue;kmerseek.gbmr4_k21_lcTrue;kmerseek.gbmr7_k12_lcTrue;kmerseek.gbmr7_k13_lcTrue;kmerseek.gbmr7_k14_lcTrue;kmerseek.gbmr7_k15_lcTrue;kmerseek.gbmr7_k16_lcTrue;kmerseek.hp_kyte_doolittle2_k19_lcTrue;kmerseek.hp_kyte_doolittle2_k20_lcTrue;kmerseek.hp_kyte_doolittle2_k21_lcTrue;kmerseek.hp_kyte_doolittle2_k22_lcTrue;kmerseek.hp_kyte_doolittle2_k23_lcTrue;kmerseek.hp_kyte_doolittle2_k24_lcTrue;kmerseek.hp_kyte_doolittle2_k25_lcTrue;kmerseek.hp_kyte_doolittle2_k26_lcTrue;kmerseek.hp_kyte_doolittle2_k27_lcTrue;kmerseek.hp_kyte_doolittle2_k28_lcTrue;kmerseek.hp_kyte_doolittle2_k29_lcTrue;kmerseek.hp_kyte_doolittle2_k30_lcTrue;kmerseek.hp_lehninger2_k18_lcTrue;kmerseek.hp_lehninger2_k19_lcTrue;kmerseek.hp_lehninger2_k20_lcTrue;kmerseek.hp_lehninger2_k21_lcTrue;kmerseek.hp_lehninger2_k22_lcTrue;kmerseek.hp_lehninger2_k23_lcTrue;kmerseek.hp_lehninger2_k24_lcTrue;kmerseek.hp_lehninger2_k25_lcTrue;kmerseek.hp_lehninger2_k26_lcTrue;kmerseek.hp_lehninger2_k27_lcTrue;kmerseek.hp_lehninger2_k28_lcTrue;kmerseek.hp_lehninger2_k29_lcTrue;kmerseek.hp_lehninger_c_nonpolar2_k18_lcTrue;kmerseek.hp_lehninger_c_nonpolar2_k19_lcTrue;kmerseek.hp_lehninger_c_nonpolar2_k20_lcTrue;kmerseek.hp_lehninger_c_nonpolar2_k21_lcTrue;kmerseek.hp_lehninger_c_nonpolar2_k22_lcTrue;kmerseek.hp_lehninger_c_nonpolar2_k23_lcTrue;kmerseek.hp_lehninger_c_nonpolar2_k24_lcTrue;kmerseek.hp_lehninger_c_nonpolar2_k25_lcTrue;kmerseek.hp_lehninger_c_nonpolar2_k26_lcTrue;kmerseek.hp_lehninger_c_nonpolar2_k27_lcTrue;kmerseek.hp_lehninger_c_nonpolar2_k28_lcTrue;kmerseek.hp_lehninger_c_nonpolar2_k29_lcTrue;kmerseek.hp_lehninger_hpc3_k16_lcTrue;kmerseek.hp_lehninger_hpc3_k17_lcTrue;kmerseek.hp_lehninger_hpc3_k18_lcTrue;kmerseek.hp_lehninger_hpc3_k19_lcTrue;kmerseek.hp_lehninger_hpc3_k20_lcTrue;kmerseek.hp_lehninger_hpc3_k21_lcTrue;kmerseek.hp_lehninger_hpc3_k22_lcTrue;kmerseek.hp_lehninger_hpc3_k23_lcTrue;kmerseek.hp_lehninger_hpc3_k24_lcTrue;kmerseek.hp_lehninger_hpc3_k25_lcTrue;kmerseek.hp_lehninger_hpc3_k26_lcTrue;kmerseek.hp_lehninger_hpc3_k27_lcTrue;kmerseek.hp_pbotc_1st_ed2_k18_lcTrue;kmerseek.hp_pbotc_1st_ed2_k19_lcTrue;kmerseek.hp_pbotc_1st_ed2_k20_lcTrue;kmerseek.hp_pbotc_1st_ed2_k21_lcTrue;kmerseek.hp_pbotc_1st_ed2_k22_lcTrue;kmerseek.hp_pbotc_1st_ed2_k23_lcTrue;kmerseek.hp_pbotc_1st_ed2_k24_lcTrue;kmerseek.hp_pbotc_1st_ed2_k25_lcTrue;kmerseek.hp_pbotc_1st_ed2_k26_lcTrue;kmerseek.hp_pbotc_1st_ed2_k27_lcTrue;kmerseek.hp_pbotc_1st_ed2_k28_lcTrue;kmerseek.hp_pbotc_1st_ed2_k29_lcTrue;kmerseek.hp_thomas_dill2_k19_lcTrue;kmerseek.hp_thomas_dill2_k20_lcTrue;kmerseek.hp_thomas_dill2_k21_lcTrue;kmerseek.hp_thomas_dill2_k22_lcTrue;kmerseek.hp_thomas_dill2_k23_lcTrue;kmerseek.hp_thomas_dill2_k24_lcTrue;kmerseek.hp_thomas_dill2_k25_lcTrue;kmerseek.hp_thomas_dill2_k26_lcTrue;kmerseek.hp_thomas_dill2_k27_lcTrue;kmerseek.hp_thomas_dill2_k28_lcTrue;kmerseek.hp_thomas_dill2_k29_lcTrue;kmerseek.hp_thomas_dill2_k30_lcTrue;kmerseek.hp_thomas_dill_no_c2_k19_lcTrue;kmerseek.hp_thomas_dill_no_c2_k20_lcTrue;kmerseek.hp_thomas_dill_no_c2_k21_lcTrue;kmerseek.hp_thomas_dill_no_c2_k22_lcTrue;kmerseek.hp_thomas_dill_no_c2_k23_lcTrue;kmerseek.hp_thomas_dill_no_c2_k24_lcTrue;kmerseek.hp_thomas_dill_no_c2_k25_lcTrue;kmerseek.hp_thomas_dill_no_c2_k26_lcTrue;kmerseek.hp_thomas_dill_no_c2_k27_lcTrue;kmerseek.hp_thomas_dill_no_c2_k28_lcTrue;kmerseek.hp_thomas_dill_no_c2_k29_lcTrue;kmerseek.hp_thomas_dill_no_c2_k30_lcTrue;kmerseek.polarity4_k10_lcTrue;kmerseek.polarity4_k11_lcTrue;kmerseek.polarity4_k12_lcTrue;kmerseek.polarity4_k13_lcTrue;kmerseek.polarity4_k14_lcTrue;kmerseek.polarity4_k15_lcTrue;kmerseek.polarity4_k16_lcTrue;kmerseek.polarity4_k17_lcTrue;kmerseek.polarity4_k18_lcTrue;kmerseek.polarity4_k19_lcTrue,32,47,68.1,PF00406,75.2,false,,69.4,0.4782608695652174,0.5,true,criterion 5 loosened (mouse allowed),0.18,spills,0.178,spills,0.235,spills,0.168,spills,0.116,spills,0.024,spills
PHACTR1,Q9C0D0,REPEAT,RPEL 2,REPEAT,422,447,26,composition,mouse,100,Q8BYK5,kmerseek.hp_kyte_doolittle2_k19_lcTrue,0.8,0.857,0.923,kmerseek.gbmr4_k12_lcTrue,0.8,83,10,kmerseek.gbmr4_k12_lcTrue;kmerseek.gbmr4_k13_lcTrue;kmerseek.gbmr4_k14_lcTrue;kmerseek.gbmr4_k15_lcTrue;kmerseek.gbmr4_k16_lcTrue;kmerseek.gbmr4_k17_lcTrue;kmerseek.gbmr4_k18_lcTrue;kmerseek.gbmr4_k19_lcTrue;kmerseek.gbmr4_k20_lcTrue;kmerseek.gbmr4_k21_lcTrue;kmerseek.hp_kyte_doolittle2_k19_lcTrue;kmerseek.hp_kyte_doolittle2_k20_lcTrue;kmerseek.hp_kyte_doolittle2_k21_lcTrue;kmerseek.hp_kyte_doolittle2_k22_lcTrue;kmerseek.hp_kyte_doolittle2_k23_lcTrue;kmerseek.hp_kyte_doolittle2_k24_lcTrue;kmerseek.hp_kyte_doolittle2_k25_lcTrue;kmerseek.hp_kyte_doolittle2_k26_lcTrue;kmerseek.hp_lehninger2_k18_lcTrue;kmerseek.hp_lehninger2_k19_lcTrue;kmerseek.hp_lehninger2_k20_lcTrue;kmerseek.hp_lehninger2_k21_lcTrue;kmerseek.hp_lehninger2_k22_lcTrue;kmerseek.hp_lehninger2_k23_lcTrue;kmerseek.hp_lehninger2_k24_lcTrue;kmerseek.hp_lehninger2_k25_lcTrue;kmerseek.hp_lehninger2_k26_lcTrue;kmerseek.hp_lehninger_c_nonpolar2_k18_lcTrue;kmerseek.hp_lehninger_c_nonpolar2_k19_lcTrue;kmerseek.hp_lehninger_c_nonpolar2_k20_lcTrue;kmerseek.hp_lehninger_c_nonpolar2_k21_lcTrue;kmerseek.hp_lehninger_c_nonpolar2_k22_lcTrue;kmerseek.hp_lehninger_c_nonpolar2_k23_lcTrue;kmerseek.hp_lehninger_c_nonpolar2_k24_lcTrue;kmerseek.hp_lehninger_c_nonpolar2_k25_lcTrue;kmerseek.hp_lehninger_c_nonpolar2_k26_lcTrue;kmerseek.hp_lehninger_hpc3_k16_lcTrue;kmerseek.hp_lehninger_hpc3_k17_lcTrue;kmerseek.hp_lehninger_hpc3_k18_lcTrue;kmerseek.hp_lehninger_hpc3_k19_lcTrue;kmerseek.hp_lehninger_hpc3_k20_lcTrue;kmerseek.hp_lehninger_hpc3_k21_lcTrue;kmerseek.hp_lehninger_hpc3_k22_lcTrue;kmerseek.hp_lehninger_hpc3_k23_lcTrue;kmerseek.hp_lehninger_hpc3_k24_lcTrue;kmerseek.hp_lehninger_hpc3_k25_lcTrue;kmerseek.hp_lehninger_hpc3_k26_lcTrue;kmerseek.hp_pbotc_1st_ed2_k18_lcTrue;kmerseek.hp_pbotc_1st_ed2_k19_lcTrue;kmerseek.hp_pbotc_1st_ed2_k20_lcTrue;kmerseek.hp_pbotc_1st_ed2_k21_lcTrue;kmerseek.hp_pbotc_1st_ed2_k22_lcTrue;kmerseek.hp_pbotc_1st_ed2_k23_lcTrue;kmerseek.hp_pbotc_1st_ed2_k24_lcTrue;kmerseek.hp_pbotc_1st_ed2_k25_lcTrue;kmerseek.hp_pbotc_1st_ed2_k26_lcTrue;kmerseek.hp_thomas_dill2_k19_lcTrue;kmerseek.hp_thomas_dill2_k20_lcTrue;kmerseek.hp_thomas_dill2_k21_lcTrue;kmerseek.hp_thomas_dill2_k22_lcTrue;kmerseek.hp_thomas_dill2_k23_lcTrue;kmerseek.hp_thomas_dill2_k24_lcTrue;kmerseek.hp_thomas_dill2_k25_lcTrue;kmerseek.hp_thomas_dill2_k26_lcTrue;kmerseek.hp_thomas_dill_no_c2_k19_lcTrue;kmerseek.hp_thomas_dill_no_c2_k20_lcTrue;kmerseek.hp_thomas_dill_no_c2_k21_lcTrue;kmerseek.hp_thomas_dill_no_c2_k22_lcTrue;kmerseek.hp_thomas_dill_no_c2_k23_lcTrue;kmerseek.hp_thomas_dill_no_c2_k24_lcTrue;kmerseek.hp_thomas_dill_no_c2_k25_lcTrue;kmerseek.hp_thomas_dill_no_c2_k26_lcTrue;kmerseek.sdm12_k6_lcTrue;kmerseek.wwmj5_k10_lcTrue;kmerseek.wwmj5_k11_lcTrue;kmerseek.wwmj5_k12_lcTrue;kmerseek.wwmj5_k13_lcTrue;kmerseek.wwmj5_k14_lcTrue;kmerseek.wwmj5_k15_lcTrue;kmerseek.wwmj5_k16_lcTrue;kmerseek.wwmj5_k17_lcTrue;kmerseek.wwmj5_k8_lcTrue;kmerseek.wwmj5_k9_lcTrue,21,28,75.0,PF02755,88.4,false,,94.6,0.0,1.0,true,criterion 5 loosened (mouse allowed),0.051,spills,0.078,spills,0.356,spills,0.081,spills,0.052,spills,0.052,spills
HIVEP1,P15822,REGION,Disordered,REGION (unnamed),335,373,39,composition,mouse,100,Q03172,kmerseek.hp_thomas_dill2_k19_lcTrue,0.8,0.857,0.923,kmerseek.hp_kyte_doolittle2_k20_lcTrue,0.8,83,9,kmerseek.gbmr4_k12_lcTrue;kmerseek.gbmr4_k13_lcTrue;kmerseek.gbmr4_k14_lcTrue;kmerseek.gbmr4_k15_lcTrue;kmerseek.gbmr4_k16_lcTrue;kmerseek.gbmr4_k17_lcTrue;kmerseek.gbmr4_k18_lcTrue;kmerseek.hp_kyte_doolittle2_k19_lcTrue;kmerseek.hp_kyte_doolittle2_k20_lcTrue;kmerseek.hp_kyte_doolittle2_k21_lcTrue;kmerseek.hp_kyte_doolittle2_k22_lcTrue;kmerseek.hp_kyte_doolittle2_k23_lcTrue;kmerseek.hp_kyte_doolittle2_k24_lcTrue;kmerseek.hp_kyte_doolittle2_k25_lcTrue;kmerseek.hp_kyte_doolittle2_k26_lcTrue;kmerseek.hp_kyte_doolittle2_k27_lcTrue;kmerseek.hp_kyte_doolittle2_k28_lcTrue;kmerseek.hp_kyte_doolittle2_k29_lcTrue;kmerseek.hp_kyte_doolittle2_k30_lcTrue;kmerseek.hp_lehninger2_k18_lcTrue;kmerseek.hp_lehninger2_k19_lcTrue;kmerseek.hp_lehninger2_k20_lcTrue;kmerseek.hp_lehninger2_k21_lcTrue;kmerseek.hp_lehninger2_k22_lcTrue;kmerseek.hp_lehninger2_k23_lcTrue;kmerseek.hp_lehninger2_k24_lcTrue;kmerseek.hp_lehninger2_k25_lcTrue;kmerseek.hp_lehninger2_k26_lcTrue;kmerseek.hp_lehninger_c_nonpolar2_k18_lcTrue;kmerseek.hp_lehninger_c_nonpolar2_k19_lcTrue;kmerseek.hp_lehninger_c_nonpolar2_k20_lcTrue;kmerseek.hp_lehninger_c_nonpolar2_k21_lcTrue;kmerseek.hp_lehninger_c_nonpolar2_k22_lcTrue;kmerseek.hp_lehninger_c_nonpolar2_k23_lcTrue;kmerseek.hp_lehninger_c_nonpolar2_k24_lcTrue;kmerseek.hp_lehninger_c_nonpolar2_k25_lcTrue;kmerseek.hp_lehninger_c_nonpolar2_k26_lcTrue;kmerseek.hp_lehninger_hpc3_k16_lcTrue;kmerseek.hp_lehninger_hpc3_k17_lcTrue;kmerseek.hp_lehninger_hpc3_k18_lcTrue;kmerseek.hp_lehninger_hpc3_k19_lcTrue;kmerseek.hp_lehninger_hpc3_k20_lcTrue;kmerseek.hp_lehninger_hpc3_k21_lcTrue;kmerseek.hp_lehninger_hpc3_k22_lcTrue;kmerseek.hp_lehninger_hpc3_k23_lcTrue;kmerseek.hp_lehninger_hpc3_k24_lcTrue;kmerseek.hp_lehninger_hpc3_k25_lcTrue;kmerseek.hp_lehninger_hpc3_k26_lcTrue;kmerseek.hp_pbotc_1st_ed2_k18_lcTrue;kmerseek.hp_pbotc_1st_ed2_k19_lcTrue;kmerseek.hp_thomas_dill2_k19_lcTrue;kmerseek.hp_thomas_dill2_k20_lcTrue;kmerseek.hp_thomas_dill2_k21_lcTrue;kmerseek.hp_thomas_dill2_k22_lcTrue;kmerseek.hp_thomas_dill2_k23_lcTrue;kmerseek.hp_thomas_dill2_k24_lcTrue;kmerseek.hp_thomas_dill2_k25_lcTrue;kmerseek.hp_thomas_dill2_k26_lcTrue;kmerseek.hp_thomas_dill2_k27_lcTrue;kmerseek.hp_thomas_dill2_k28_lcTrue;kmerseek.hp_thomas_dill2_k29_lcTrue;kmerseek.hp_thomas_dill2_k30_lcTrue;kmerseek.hp_thomas_dill_no_c2_k19_lcTrue;kmerseek.hp_thomas_dill_no_c2_k20_lcTrue;kmerseek.hp_thomas_dill_no_c2_k21_lcTrue;kmerseek.hp_thomas_dill_no_c2_k22_lcTrue;kmerseek.hp_thomas_dill_no_c2_k23_lcTrue;kmerseek.hp_thomas_dill_no_c2_k24_lcTrue;kmerseek.hp_thomas_dill_no_c2_k25_lcTrue;kmerseek.hp_thomas_dill_no_c2_k26_lcTrue;kmerseek.hp_thomas_dill_no_c2_k27_lcTrue;kmerseek.hp_thomas_dill_no_c2_k28_lcTrue;kmerseek.hp_thomas_dill_no_c2_k29_lcTrue;kmerseek.hp_thomas_dill_no_c2_k30_lcTrue;kmerseek.polarity4_k11_lcTrue;kmerseek.polarity4_k12_lcTrue;kmerseek.polarity4_k13_lcTrue;kmerseek.polarity4_k14_lcTrue;kmerseek.polarity4_k15_lcTrue;kmerseek.polarity4_k16_lcTrue;kmerseek.polarity4_k17_lcTrue;kmerseek.polarity4_k18_lcTrue;kmerseek.polarity4_k19_lcTrue,34,42,81.0,,,false,,37.0,1.0,1.0,true,"criteria 5 and 3 loosened (structure tool inside, lower IoU)",0.306,spills,0.305,spills,0.745,"inside, lower IoU",0.248,spills,0.049,spills,0.246,spills
RIMS1,Q86UR5,REGION,Disordered,REGION (unnamed),1445,1495,51,composition,mouse,100,Q9EQZ7,kmerseek.hp_thomas_dill2_k19_lcTrue,0.706,1.0,0.706,kmerseek.dayhoff6_k8_lcTrue,0.944,78,10,kmerseek.dayhoff6_k8_lcTrue;kmerseek.gbmr4_k12_lcTrue;kmerseek.gbmr4_k13_lcTrue;kmerseek.gbmr4_k14_lcTrue;kmerseek.gbmr4_k15_lcTrue;kmerseek.gbmr4_k16_lcTrue;kmerseek.hp_kyte_doolittle2_k19_lcTrue;kmerseek.hp_kyte_doolittle2_k20_lcTrue;kmerseek.hp_kyte_doolittle2_k21_lcTrue;kmerseek.hp_kyte_doolittle2_k22_lcTrue;kmerseek.hp_kyte_doolittle2_k23_lcTrue;kmerseek.hp_kyte_doolittle2_k24_lcTrue;kmerseek.hp_kyte_doolittle2_k25_lcTrue;kmerseek.hp_kyte_doolittle2_k26_lcTrue;kmerseek.hp_kyte_doolittle2_k27_lcTrue;kmerseek.hp_kyte_doolittle2_k28_lcTrue;kmerseek.hp_kyte_doolittle2_k29_lcTrue;kmerseek.hp_kyte_doolittle2_k30_lcTrue;kmerseek.hp_lehninger2_k18_lcTrue;kmerseek.hp_lehninger2_k19_lcTrue;kmerseek.hp_lehninger2_k20_lcTrue;kmerseek.hp_lehninger2_k21_lcTrue;kmerseek.hp_lehninger2_k22_lcTrue;kmerseek.hp_lehninger2_k23_lcTrue;kmerseek.hp_lehninger2_k24_lcTrue;kmerseek.hp_lehninger_c_nonpolar2_k18_lcTrue;kmerseek.hp_lehninger_c_nonpolar2_k19_lcTrue;kmerseek.hp_lehninger_c_nonpolar2_k20_lcTrue;kmerseek.hp_lehninger_c_nonpolar2_k21_lcTrue;kmerseek.hp_lehninger_c_nonpolar2_k22_lcTrue;kmerseek.hp_lehninger_c_nonpolar2_k23_lcTrue;kmerseek.hp_lehninger_c_nonpolar2_k24_lcTrue;kmerseek.hp_lehninger_hpc3_k16_lcTrue;kmerseek.hp_lehninger_hpc3_k17_lcTrue;kmerseek.hp_lehninger_hpc3_k18_lcTrue;kmerseek.hp_lehninger_hpc3_k19_lcTrue;kmerseek.hp_lehninger_hpc3_k20_lcTrue;kmerseek.hp_lehninger_hpc3_k21_lcTrue;kmerseek.hp_lehninger_hpc3_k22_lcTrue;kmerseek.hp_lehninger_hpc3_k23_lcTrue;kmerseek.hp_lehninger_hpc3_k24_lcTrue;kmerseek.hp_pbotc_1st_ed2_k18_lcTrue;kmerseek.hp_pbotc_1st_ed2_k19_lcTrue;kmerseek.hp_pbotc_1st_ed2_k20_lcTrue;kmerseek.hp_pbotc_1st_ed2_k21_lcTrue;kmerseek.hp_pbotc_1st_ed2_k22_lcTrue;kmerseek.hp_pbotc_1st_ed2_k23_lcTrue;kmerseek.hp_pbotc_1st_ed2_k24_lcTrue;kmerseek.hp_pbotc_1st_ed2_k25_lcTrue;kmerseek.hp_pbotc_1st_ed2_k26_lcTrue;kmerseek.hp_pbotc_1st_ed2_k27_lcTrue;kmerseek.hp_pbotc_1st_ed2_k28_lcTrue;kmerseek.hp_pbotc_1st_ed2_k29_lcTrue;kmerseek.hp_thomas_dill2_k19_lcTrue;kmerseek.hp_thomas_dill2_k20_lcTrue;kmerseek.hp_thomas_dill2_k21_lcTrue;kmerseek.hp_thomas_dill2_k22_lcTrue;kmerseek.hp_thomas_dill2_k23_lcTrue;kmerseek.hp_thomas_dill2_k24_lcTrue;kmerseek.hp_thomas_dill2_k25_lcTrue;kmerseek.hp_thomas_dill2_k26_lcTrue;kmerseek.hp_thomas_dill2_k27_lcTrue;kmerseek.hp_thomas_dill2_k28_lcTrue;kmerseek.hp_thomas_dill2_k29_lcTrue;kmerseek.hp_thomas_dill2_k30_lcTrue;kmerseek.hp_thomas_dill_no_c2_k19_lcTrue;kmerseek.hp_thomas_dill_no_c2_k20_lcTrue;kmerseek.hp_thomas_dill_no_c2_k21_lcTrue;kmerseek.hp_thomas_dill_no_c2_k22_lcTrue;kmerseek.hp_thomas_dill_no_c2_k23_lcTrue;kmerseek.hp_thomas_dill_no_c2_k24_lcTrue;kmerseek.hp_thomas_dill_no_c2_k25_lcTrue;kmerseek.hp_thomas_dill_no_c2_k26_lcTrue;kmerseek.hp_thomas_dill_no_c2_k27_lcTrue;kmerseek.hp_thomas_dill_no_c2_k28_lcTrue;kmerseek.hp_thomas_dill_no_c2_k29_lcTrue;kmerseek.hp_thomas_dill_no_c2_k30_lcTrue;kmerseek.sdm12_k9_lcTrue,24,36,66.7,,,false,,33.3,1.0,1.0,true,criterion 5 loosened (mouse allowed),0.25,spills,0.179,spills,0.447,spills,0.17,spills,0.172,spills,0.172,spills
ZBTB12,Q9Y330,ZN_FING,C2H2-type 2,ZN_FING,359,381,23,held out,mouse,100,E9Q3T6,kmerseek.hp_thomas_dill_no_c2_k19_lcTrue,0.92,0.92,1.0,kmerseek.hp_lehninger2_k19_lcTrue,0.958,52,11,kmerseek.gbmr4_k12_lcTrue;kmerseek.gbmr4_k13_lcTrue;kmerseek.gbmr4_k14_lcTrue;kmerseek.gbmr4_k15_lcTrue;kmerseek.gbmr4_k16_lcTrue;kmerseek.gbmr4_k17_lcTrue;kmerseek.gbmr4_k18_lcTrue;kmerseek.gbmr4_k19_lcTrue;kmerseek.gbmr7_k11_lcTrue;kmerseek.gbmr7_k12_lcTrue;kmerseek.gbmr7_k13_lcTrue;kmerseek.hp_kyte_doolittle2_k19_lcTrue;kmerseek.hp_kyte_doolittle2_k20_lcTrue;kmerseek.hp_kyte_doolittle2_k21_lcTrue;kmerseek.hp_lehninger2_k18_lcTrue;kmerseek.hp_lehninger2_k19_lcTrue;kmerseek.hp_lehninger2_k20_lcTrue;kmerseek.hp_lehninger2_k21_lcTrue;kmerseek.hp_lehninger2_k22_lcTrue;kmerseek.hp_lehninger_c_nonpolar2_k18_lcTrue;kmerseek.hp_lehninger_c_nonpolar2_k19_lcTrue;kmerseek.hp_lehninger_c_nonpolar2_k20_lcTrue;kmerseek.hp_lehninger_c_nonpolar2_k21_lcTrue;kmerseek.hp_lehninger_c_nonpolar2_k22_lcTrue;kmerseek.hp_lehninger_hpc3_k16_lcTrue;kmerseek.hp_lehninger_hpc3_k17_lcTrue;kmerseek.hp_lehninger_hpc3_k18_lcTrue;kmerseek.hp_lehninger_hpc3_k19_lcTrue;kmerseek.hp_lehninger_hpc3_k20_lcTrue;kmerseek.hp_lehninger_hpc3_k21_lcTrue;kmerseek.hp_lehninger_hpc3_k22_lcTrue;kmerseek.hp_pbotc_1st_ed2_k18_lcTrue;kmerseek.hp_pbotc_1st_ed2_k19_lcTrue;kmerseek.hp_pbotc_1st_ed2_k20_lcTrue;kmerseek.hp_thomas_dill2_k19_lcTrue;kmerseek.hp_thomas_dill2_k20_lcTrue;kmerseek.hp_thomas_dill2_k21_lcTrue;kmerseek.hp_thomas_dill2_k22_lcTrue;kmerseek.hp_thomas_dill2_k23_lcTrue;kmerseek.hp_thomas_dill_no_c2_k19_lcTrue;kmerseek.hp_thomas_dill_no_c2_k20_lcTrue;kmerseek.hp_thomas_dill_no_c2_k21_lcTrue;kmerseek.hp_thomas_dill_no_c2_k22_lcTrue;kmerseek.polarity4_k10_lcTrue;kmerseek.polarity4_k11_lcTrue;kmerseek.polarity4_k12_lcTrue;kmerseek.polarity4_k13_lcTrue;kmerseek.polarity4_k14_lcTrue;kmerseek.wwmj5_k10_lcTrue;kmerseek.wwmj5_k11_lcTrue;kmerseek.wwmj5_k8_lcTrue;kmerseek.wwmj5_k9_lcTrue,14,25,56.0,PF00096,100.0,false,,67.2,0.7391304347826086,0.0,true,criterion 5 loosened (mouse allowed),0.259,spills,0.204,spills,0.295,spills,1.0,equal or higher IoU,0.451,spills,0.92,equal or higher IoU
PRRC2A,P48634,REPEAT,3-3,REPEAT,2057,2106,50,composition,mouse,100,Q7TSC1,kmerseek.hp_kyte_doolittle2_k19_lcTrue,0.667,0.9,0.72,kmerseek.hp_thomas_dill_no_c2_k19_lcTrue,0.52,41,7,kmerseek.hp_kyte_doolittle2_k19_lcTrue;kmerseek.hp_kyte_doolittle2_k20_lcTrue;kmerseek.hp_kyte_doolittle2_k21_lcTrue;kmerseek.hp_kyte_doolittle2_k22_lcTrue;kmerseek.hp_kyte_doolittle2_k23_lcTrue;kmerseek.hp_kyte_doolittle2_k24_lcTrue;kmerseek.hp_kyte_doolittle2_k25_lcTrue;kmerseek.hp_kyte_doolittle2_k26_lcTrue;kmerseek.hp_kyte_doolittle2_k27_lcTrue;kmerseek.hp_kyte_doolittle2_k28_lcTrue;kmerseek.hp_kyte_doolittle2_k29_lcTrue;kmerseek.hp_kyte_doolittle2_k30_lcTrue;kmerseek.hp_lehninger2_k18_lcTrue;kmerseek.hp_lehninger2_k19_lcTrue;kmerseek.hp_lehninger2_k20_lcTrue;kmerseek.hp_lehninger_c_nonpolar2_k18_lcTrue;kmerseek.hp_lehninger_c_nonpolar2_k19_lcTrue;kmerseek.hp_lehninger_c_nonpolar2_k20_lcTrue;kmerseek.hp_lehninger_hpc3_k16_lcTrue;kmerseek.hp_lehninger_hpc3_k17_lcTrue;kmerseek.hp_lehninger_hpc3_k18_lcTrue;kmerseek.hp_lehninger_hpc3_k19_lcTrue;kmerseek.hp_lehninger_hpc3_k20_lcTrue;kmerseek.hp_pbotc_1st_ed2_k18_lcTrue;kmerseek.hp_pbotc_1st_ed2_k19_lcTrue;kmerseek.hp_pbotc_1st_ed2_k20_lcTrue;kmerseek.hp_thomas_dill2_k19_lcTrue;kmerseek.hp_thomas_dill2_k20_lcTrue;kmerseek.hp_thomas_dill2_k21_lcTrue;kmerseek.hp_thomas_dill2_k22_lcTrue;kmerseek.hp_thomas_dill2_k23_lcTrue;kmerseek.hp_thomas_dill2_k24_lcTrue;kmerseek.hp_thomas_dill2_k25_lcTrue;kmerseek.hp_thomas_dill2_k26_lcTrue;kmerseek.hp_thomas_dill_no_c2_k19_lcTrue;kmerseek.hp_thomas_dill_no_c2_k20_lcTrue;kmerseek.hp_thomas_dill_no_c2_k21_lcTrue;kmerseek.hp_thomas_dill_no_c2_k22_lcTrue;kmerseek.hp_thomas_dill_no_c2_k23_lcTrue;kmerseek.hp_thomas_dill_no_c2_k24_lcTrue;kmerseek.hp_thomas_dill_no_c2_k25_lcTrue,36,40,90.0,,,false,,35.8,1.0,1.0,true,criterion 5 loosened (mouse allowed),0.023,spills,0.139,spills,0.272,spills,0.023,spills,0.023,spills,0.023,spills
PHACTR2,O75167,REPEAT,RPEL 2,REPEAT,477,502,26,composition,mouse,100,Q8BYK5,kmerseek.hp_kyte_doolittle2_k19_lcTrue,0.75,0.8,0.923,kmerseek.dayhoff6_k10_lcTrue,0.786,36,9,kmerseek.dayhoff6_k10_lcTrue;kmerseek.dayhoff6_k11_lcTrue;kmerseek.dayhoff6_k12_lcTrue;kmerseek.dayhoff6_k13_lcTrue;kmerseek.dayhoff6_k14_lcTrue;kmerseek.dayhoff6_k15_lcTrue;kmerseek.dayhoff6_k16_lcTrue;kmerseek.dayhoff6_k17_lcTrue;kmerseek.dayhoff6_k8_lcTrue;kmerseek.dayhoff6_k9_lcTrue;kmerseek.funcgroups8_k10_lcTrue;kmerseek.funcgroups8_k11_lcTrue;kmerseek.funcgroups8_k12_lcTrue;kmerseek.funcgroups8_k7_lcTrue;kmerseek.funcgroups8_k8_lcTrue;kmerseek.funcgroups8_k9_lcTrue;kmerseek.gbmr7_k11_lcTrue;kmerseek.gbmr7_k12_lcTrue;kmerseek.gbmr7_k13_lcTrue;kmerseek.hp_kyte_doolittle2_k19_lcTrue;kmerseek.hp_pbotc_1st_ed2_k18_lcTrue;kmerseek.hp_pbotc_1st_ed2_k19_lcTrue;kmerseek.hp_pbotc_1st_ed2_k20_lcTrue;kmerseek.hp_pbotc_1st_ed2_k21_lcTrue;kmerseek.hp_pbotc_1st_ed2_k22_lcTrue;kmerseek.hp_thomas_dill2_k19_lcTrue;kmerseek.hp_thomas_dill_no_c2_k19_lcTrue;kmerseek.hp_thomas_dill_no_c2_k20_lcTrue;kmerseek.polarity4_k10_lcTrue;kmerseek.polarity4_k11_lcTrue;kmerseek.polarity4_k12_lcTrue;kmerseek.wwmj5_k10_lcTrue;kmerseek.wwmj5_k11_lcTrue;kmerseek.wwmj5_k12_lcTrue;kmerseek.wwmj5_k8_lcTrue;kmerseek.wwmj5_k9_lcTrue,21,30,70.0,,,false,,93.3,0.0,1.0,true,criterion 5 loosened (mouse allowed),0.041,spills,0.079,spills,0.347,spills,0.131,spills,0.042,spills,0.162,spills
ROS1,P08922,BINDING,ligand: ATP,BINDING,1951,1959,9,held out,mouse,100,P26618,kmerseek.sdm12_k6_lcTrue,0.9,0.9,1.0,kmerseek.mmseqs12_k6_lcTrue,1.0,12,4,kmerseek.hsdm17_k5_lcTrue;kmerseek.hsdm17_k6_lcTrue;kmerseek.hsdm17_k7_lcTrue;kmerseek.hsdm17_k8_lcTrue;kmerseek.mmseqs12_k6_lcTrue;kmerseek.mmseqs12_k7_lcTrue;kmerseek.sdm12_k6_lcTrue;kmerseek.sdm12_k7_lcTrue;kmerseek.sdm12_k8_lcTrue;kmerseek.wass14_k5_lcTrue;kmerseek.wass14_k6_lcTrue;kmerseek.wass14_k7_lcTrue,8,10,80.0,PF07714,93.5,false,,67.4,0.6666666666666666,0.0,true,criterion 5 loosened (mouse allowed),0.033,spills,0.034,spills,0.074,spills,0.145,spills,0.052,spills,0.5,"inside, lower IoU"
MYB,P10242,DNA_BIND,H-T-H motif,DNA_BIND,115,138,24,held out,arabidopsis,1500,Q6R032,kmerseek.hp_kyte_doolittle2_k21_lcTrue,0.889,0.889,1.0,kmerseek.hp_thomas_dill2_k19_lcTrue,0.96,111,16,kmerseek.dayhoff6_k10_lcTrue;kmerseek.dayhoff6_k11_lcTrue;kmerseek.dayhoff6_k12_lcTrue;kmerseek.dayhoff6_k13_lcTrue;kmerseek.dayhoff6_k14_lcTrue;kmerseek.dayhoff6_k15_lcTrue;kmerseek.dayhoff6_k8_lcTrue;kmerseek.dayhoff6_k9_lcTrue;kmerseek.funcgroups8_k10_lcTrue;kmerseek.funcgroups8_k11_lcTrue;kmerseek.funcgroups8_k12_lcTrue;kmerseek.funcgroups8_k13_lcTrue;kmerseek.funcgroups8_k14_lcTrue;kmerseek.funcgroups8_k15_lcTrue;kmerseek.funcgroups8_k7_lcTrue;kmerseek.funcgroups8_k8_lcTrue;kmerseek.funcgroups8_k9_lcTrue;kmerseek.gbmr4_k12_lcTrue;kmerseek.gbmr4_k13_lcTrue;kmerseek.gbmr4_k14_lcTrue;kmerseek.gbmr4_k15_lcTrue;kmerseek.gbmr7_k11_lcTrue;kmerseek.gbmr7_k12_lcTrue;kmerseek.gbmr7_k13_lcTrue;kmerseek.gbmr7_k14_lcTrue;kmerseek.gbmr7_k15_lcTrue;kmerseek.hp_kyte_doolittle2_k19_lcTrue;kmerseek.hp_kyte_doolittle2_k20_lcTrue;kmerseek.hp_kyte_doolittle2_k21_lcTrue;kmerseek.hp_kyte_doolittle2_k22_lcTrue;kmerseek.hp_pbotc_1st_ed2_k18_lcTrue;kmerseek.hp_thomas_dill2_k19_lcTrue;kmerseek.hp_thomas_dill2_k20_lcTrue;kmerseek.hp_thomas_dill2_k21_lcTrue;kmerseek.hp_thomas_dill2_k22_lcTrue;kmerseek.hp_thomas_dill_no_c2_k19_lcTrue;kmerseek.hsdm17_k10_lcTrue;kmerseek.hsdm17_k11_lcTrue;kmerseek.hsdm17_k12_lcTrue;kmerseek.hsdm17_k13_lcTrue;kmerseek.hsdm17_k14_lcTrue;kmerseek.hsdm17_k5_lcTrue;kmerseek.hsdm17_k6_lcTrue;kmerseek.hsdm17_k7_lcTrue;kmerseek.hsdm17_k8_lcTrue;kmerseek.hsdm17_k9_lcTrue;kmerseek.mmseqs12_k10_lcTrue;kmerseek.mmseqs12_k11_lcTrue;kmerseek.mmseqs12_k12_lcTrue;kmerseek.mmseqs12_k13_lcTrue;kmerseek.mmseqs12_k14_lcTrue;kmerseek.mmseqs12_k5_lcTrue;kmerseek.mmseqs12_k6_lcTrue;kmerseek.mmseqs12_k7_lcTrue;kmerseek.mmseqs12_k8_lcTrue;kmerseek.mmseqs12_k9_lcTrue;kmerseek.polarity4_k10_lcTrue;kmerseek.polarity4_k11_lcTrue;kmerseek.polarity4_k12_lcTrue;kmerseek.polarity4_k13_lcTrue;kmerseek.polarity4_k14_lcTrue;kmerseek.polarity4_k15_lcTrue;kmerseek.protein20_k10_lcTrue;kmerseek.protein20_k11_lcTrue;kmerseek.protein20_k12_lcTrue;kmerseek.protein20_k13_lcTrue;kmerseek.protein20_k5_lcTrue;kmerseek.protein20_k6_lcTrue;kmerseek.protein20_k7_lcTrue;kmerseek.protein20_k8_lcTrue;kmerseek.protein20_k9_lcTrue;kmerseek.sdm12_k10_lcTrue;kmerseek.sdm12_k11_lcTrue;kmerseek.sdm12_k12_lcTrue;kmerseek.sdm12_k13_lcTrue;kmerseek.sdm12_k14_lcTrue;kmerseek.sdm12_k15_lcTrue;kmerseek.sdm12_k6_lcTrue;kmerseek.sdm12_k7_lcTrue;kmerseek.sdm12_k8_lcTrue;kmerseek.sdm12_k9_lcTrue;kmerseek.uniprot18_k10_lcTrue;kmerseek.uniprot18_k11_lcTrue;kmerseek.uniprot18_k12_lcTrue;kmerseek.uniprot18_k13_lcTrue;kmerseek.uniprot18_k14_lcTrue;kmerseek.uniprot18_k5_lcTrue;kmerseek.uniprot18_k6_lcTrue;kmerseek.uniprot18_k7_lcTrue;kmerseek.uniprot18_k8_lcTrue;kmerseek.uniprot18_k9_lcTrue;kmerseek.wass14_k10_lcTrue;kmerseek.wass14_k11_lcTrue;kmerseek.wass14_k12_lcTrue;kmerseek.wass14_k13_lcTrue;kmerseek.wass14_k14_lcTrue;kmerseek.wass14_k5_lcTrue;kmerseek.wass14_k6_lcTrue;kmerseek.wass14_k7_lcTrue;kmerseek.wass14_k8_lcTrue;kmerseek.wass14_k9_lcTrue;kmerseek.wwmj5_k10_lcTrue;kmerseek.wwmj5_k11_lcTrue;kmerseek.wwmj5_k12_lcTrue;kmerseek.wwmj5_k13_lcTrue;kmerseek.wwmj5_k14_lcTrue;kmerseek.wwmj5_k15_lcTrue;kmerseek.wwmj5_k16_lcTrue;kmerseek.wwmj5_k17_lcTrue;kmerseek.wwmj5_k8_lcTrue;kmerseek.wwmj5_k9_lcTrue,24,27,88.9,PF00249,90.6,false,,95.5,0.0,0.0,false,all criteria,0.173,spills,0.183,spills,0.216,spills,0.27,spills,0.5,"inside, lower IoU",0.5,"inside, lower IoU"
ATF6B,Q99941,REGION,Basic motif,REGION (named),327,347,21,composition,arabidopsis,1500,P42777,kmerseek.hp_thomas_dill2_k19_lcTrue,0.913,0.913,1.0,kmerseek.hp_lehninger2_k18_lcTrue,1.0,56,15,kmerseek.funcgroups8_k7_lcTrue;kmerseek.gbmr4_k13_lcTrue;kmerseek.gbmr4_k14_lcTrue;kmerseek.gbmr4_k15_lcTrue;kmerseek.gbmr4_k16_lcTrue;kmerseek.gbmr4_k17_lcTrue;kmerseek.gbmr4_k18_lcTrue;kmerseek.gbmr4_k19_lcTrue;kmerseek.gbmr7_k11_lcTrue;kmerseek.gbmr7_k12_lcTrue;kmerseek.gbmr7_k13_lcTrue;kmerseek.gbmr7_k14_lcTrue;kmerseek.gbmr7_k15_lcTrue;kmerseek.gbmr7_k16_lcTrue;kmerseek.hp_kyte_doolittle2_k19_lcTrue;kmerseek.hp_kyte_doolittle2_k20_lcTrue;kmerseek.hp_kyte_doolittle2_k21_lcTrue;kmerseek.hp_lehninger2_k18_lcTrue;kmerseek.hp_lehninger2_k19_lcTrue;kmerseek.hp_lehninger2_k20_lcTrue;kmerseek.hp_lehninger_c_nonpolar2_k18_lcTrue;kmerseek.hp_lehninger_c_nonpolar2_k19_lcTrue;kmerseek.hp_lehninger_c_nonpolar2_k20_lcTrue;kmerseek.hp_lehninger_c_nonpolar2_k21_lcTrue;kmerseek.hp_lehninger_c_nonpolar2_k22_lcTrue;kmerseek.hp_pbotc_1st_ed2_k18_lcTrue;kmerseek.hp_pbotc_1st_ed2_k19_lcTrue;kmerseek.hp_pbotc_1st_ed2_k20_lcTrue;kmerseek.hp_pbotc_1st_ed2_k21_lcTrue;kmerseek.hp_pbotc_1st_ed2_k22_lcTrue;kmerseek.hp_thomas_dill2_k19_lcTrue;kmerseek.hp_thomas_dill2_k20_lcTrue;kmerseek.hp_thomas_dill_no_c2_k19_lcTrue;kmerseek.hp_thomas_dill_no_c2_k20_lcTrue;kmerseek.hp_thomas_dill_no_c2_k21_lcTrue;kmerseek.hp_thomas_dill_no_c2_k22_lcTrue;kmerseek.hsdm17_k5_lcTrue;kmerseek.hsdm17_k6_lcTrue;kmerseek.hsdm17_k7_lcTrue;kmerseek.mmseqs12_k5_lcTrue;kmerseek.mmseqs12_k6_lcTrue;kmerseek.mmseqs12_k7_lcTrue;kmerseek.protein20_k5_lcTrue;kmerseek.protein20_k6_lcTrue;kmerseek.protein20_k7_lcTrue;kmerseek.uniprot18_k5_lcTrue;kmerseek.uniprot18_k6_lcTrue;kmerseek.uniprot18_k7_lcTrue;kmerseek.wass14_k5_lcTrue;kmerseek.wass14_k6_lcTrue;kmerseek.wass14_k7_lcTrue;kmerseek.wwmj5_k10_lcTrue;kmerseek.wwmj5_k11_lcTrue;kmerseek.wwmj5_k12_lcTrue;kmerseek.wwmj5_k8_lcTrue;kmerseek.wwmj5_k9_lcTrue,14,23,60.9,PF00170,52.4,false,,97.2,0.0,0.0,false,"criteria 5 and 3 loosened (structure tool inside, lower IoU)",0.194,spills,0.089,spills,0.552,"inside, lower IoU",0.512,"inside, lower IoU",0.5,"inside, lower IoU",0.5,"inside, lower IoU"
EHMT2,Q96KQ7,REPEAT,ANK 7,REPEAT,850,879,30,composition,arabidopsis,1500,Q38898,kmerseek.hp_kyte_doolittle2_k19_lcTrue,0.844,0.931,0.9,kmerseek.hp_pbotc_1st_ed2_k18_lcTrue,0.938,37,6,kmerseek.hp_kyte_doolittle2_k19_lcTrue;kmerseek.hp_kyte_doolittle2_k20_lcTrue;kmerseek.hp_kyte_doolittle2_k21_lcTrue;kmerseek.hp_kyte_doolittle2_k22_lcTrue;kmerseek.hp_kyte_doolittle2_k23_lcTrue;kmerseek.hp_kyte_doolittle2_k24_lcTrue;kmerseek.hp_kyte_doolittle2_k25_lcTrue;kmerseek.hp_kyte_doolittle2_k26_lcTrue;kmerseek.hp_kyte_doolittle2_k27_lcTrue;kmerseek.hp_kyte_doolittle2_k28_lcTrue;kmerseek.hp_kyte_doolittle2_k29_lcTrue;kmerseek.hp_lehninger2_k18_lcTrue;kmerseek.hp_lehninger_c_nonpolar2_k18_lcTrue;kmerseek.hp_pbotc_1st_ed2_k18_lcTrue;kmerseek.hp_pbotc_1st_ed2_k19_lcTrue;kmerseek.hp_pbotc_1st_ed2_k20_lcTrue;kmerseek.hp_pbotc_1st_ed2_k21_lcTrue;kmerseek.hp_pbotc_1st_ed2_k22_lcTrue;kmerseek.hp_pbotc_1st_ed2_k23_lcTrue;kmerseek.hp_pbotc_1st_ed2_k24_lcTrue;kmerseek.hp_pbotc_1st_ed2_k25_lcTrue;kmerseek.hp_pbotc_1st_ed2_k26_lcTrue;kmerseek.hp_pbotc_1st_ed2_k27_lcTrue;kmerseek.hp_pbotc_1st_ed2_k28_lcTrue;kmerseek.hp_pbotc_1st_ed2_k29_lcTrue;kmerseek.hp_thomas_dill2_k19_lcTrue;kmerseek.hp_thomas_dill2_k20_lcTrue;kmerseek.hp_thomas_dill2_k21_lcTrue;kmerseek.hp_thomas_dill2_k22_lcTrue;kmerseek.hp_thomas_dill2_k23_lcTrue;kmerseek.hp_thomas_dill2_k24_lcTrue;kmerseek.hp_thomas_dill2_k25_lcTrue;kmerseek.hp_thomas_dill_no_c2_k19_lcTrue;kmerseek.hp_thomas_dill_no_c2_k20_lcTrue;kmerseek.hp_thomas_dill_no_c2_k21_lcTrue;kmerseek.hp_thomas_dill_no_c2_k22_lcTrue;kmerseek.hp_thomas_dill_no_c2_k23_lcTrue,15,29,51.7,PF00023,91.8,false,,95.0,0.0,0.0,false,all criteria,0.275,spills,0.201,spills,0.179,spills,0.968,equal or higher IoU,0.312,spills,0.476,spills
BRPF3,Q9ULD4,ZN_FING,C2HC pre-PHD-type,ZN_FING,266,299,34,held out,arabidopsis,1500,P0CB22,kmerseek.hp_thomas_dill_no_c2_k19_lcTrue,0.676,1.0,0.676,kmerseek.hp_kyte_doolittle2_k19_lcTrue,0.676,20,6,kmerseek.gbmr7_k11_lcTrue;kmerseek.gbmr7_k12_lcTrue;kmerseek.gbmr7_k13_lcTrue;kmerseek.gbmr7_k14_lcTrue;kmerseek.hp_kyte_doolittle2_k19_lcTrue;kmerseek.hp_kyte_doolittle2_k20_lcTrue;kmerseek.hp_kyte_doolittle2_k21_lcTrue;kmerseek.hp_lehninger2_k18_lcTrue;kmerseek.hp_thomas_dill2_k19_lcTrue;kmerseek.hp_thomas_dill2_k20_lcTrue;kmerseek.hp_thomas_dill2_k21_lcTrue;kmerseek.hp_thomas_dill_no_c2_k19_lcTrue;kmerseek.hp_thomas_dill_no_c2_k20_lcTrue;kmerseek.hp_thomas_dill_no_c2_k21_lcTrue;kmerseek.polarity4_k10_lcTrue;kmerseek.polarity4_k11_lcTrue;kmerseek.polarity4_k12_lcTrue;kmerseek.polarity4_k13_lcTrue;kmerseek.polarity4_k14_lcTrue;kmerseek.polarity4_k15_lcTrue,17,23,73.9,PF13832,59.3,false,,93.8,0.0,0.0,false,"criteria 5 and 3 loosened (structure tool inside, lower IoU)",0.202,spills,0.189,spills,0.507,"inside, lower IoU",0.228,spills,0.351,spills,0.303,spills
KCNK17,Q96T54,INTRAMEM,Pore-forming; Name=Pore-forming 2,INTRAMEM,211,230,20,composition,arabidopsis,1500,P92960,kmerseek.mmseqs12_k7_lcTrue,0.5,1.0,0.5,kmerseek.gbmr4_k12_lcTrue,0.85,17,5,kmerseek.gbmr4_k12_lcTrue;kmerseek.gbmr4_k13_lcTrue;kmerseek.gbmr4_k14_lcTrue;kmerseek.gbmr4_k15_lcTrue;kmerseek.gbmr7_k11_lcTrue;kmerseek.gbmr7_k12_lcTrue;kmerseek.mmseqs12_k6_lcTrue;kmerseek.mmseqs12_k7_lcTrue;kmerseek.mmseqs12_k8_lcTrue;kmerseek.sdm12_k6_lcTrue;kmerseek.sdm12_k7_lcTrue;kmerseek.sdm12_k8_lcTrue;kmerseek.wwmj5_k10_lcTrue;kmerseek.wwmj5_k11_lcTrue;kmerseek.wwmj5_k12_lcTrue;kmerseek.wwmj5_k8_lcTrue;kmerseek.wwmj5_k9_lcTrue,7,10,70.0,PF07885,69.3,false,,93.8,0.0,0.0,false,all criteria,0.136,spills,0.132,spills,0.157,spills,0.667,equal or higher IoU,0.516,equal or higher IoU,0.0,no call
KCNK16,Q96T55,INTRAMEM,Pore-forming; Name=Pore-forming 2,INTRAMEM,202,221,20,composition,arabidopsis,1500,P92960,kmerseek.mmseqs12_k7_lcTrue,0.5,1.0,0.5,kmerseek.gbmr4_k12_lcTrue,0.85,17,5,kmerseek.gbmr4_k12_lcTrue;kmerseek.gbmr4_k13_lcTrue;kmerseek.gbmr4_k14_lcTrue;kmerseek.gbmr4_k15_lcTrue;kmerseek.gbmr7_k11_lcTrue;kmerseek.gbmr7_k12_lcTrue;kmerseek.mmseqs12_k6_lcTrue;kmerseek.mmseqs12_k7_lcTrue;kmerseek.mmseqs12_k8_lcTrue;kmerseek.sdm12_k6_lcTrue;kmerseek.sdm12_k7_lcTrue;kmerseek.sdm12_k8_lcTrue;kmerseek.wwmj5_k10_lcTrue;kmerseek.wwmj5_k11_lcTrue;kmerseek.wwmj5_k12_lcTrue;kmerseek.wwmj5_k8_lcTrue;kmerseek.wwmj5_k9_lcTrue,6,10,60.0,PF07885,63.1,false,,94.7,0.0,0.0,false,all criteria,0.133,spills,0.122,spills,0.15,spills,0.328,spills,0.455,spills,0.556,equal or higher IoU
SGK1,O00141,BINDING,ligand: ATP,BINDING,104,112,9,held out,arabidopsis,1500,P25859,kmerseek.sdm12_k6_lcTrue,1.0,1.0,1.0,kmerseek.mmseqs12_k5_lcTrue,1.0,14,6,kmerseek.funcgroups8_k7_lcTrue;kmerseek.hsdm17_k5_lcTrue;kmerseek.hsdm17_k6_lcTrue;kmerseek.hsdm17_k7_lcTrue;kmerseek.hsdm17_k8_lcTrue;kmerseek.hsdm17_k9_lcTrue;kmerseek.mmseqs12_k5_lcTrue;kmerseek.mmseqs12_k6_lcTrue;kmerseek.mmseqs12_k7_lcTrue;kmerseek.protein20_k5_lcTrue;kmerseek.sdm12_k6_lcTrue;kmerseek.sdm12_k7_lcTrue;kmerseek.sdm12_k8_lcTrue;kmerseek.uniprot18_k5_lcTrue,5,9,55.6,PF00069,49.3,false,,88.0,0.0,0.0,false,all criteria,0.053,spills,0.065,spills,0.1,spills,0.158,spills,0.064,spills,0.333,spills
MAP3K7,O43318,BINDING,ligand: ATP,BINDING,42,50,9,held out,arabidopsis,1500,Q39202,kmerseek.sdm12_k6_lcTrue,1.0,1.0,1.0,kmerseek.hsdm17_k5_lcTrue,1.0,14,4,kmerseek.hsdm17_k5_lcTrue;kmerseek.hsdm17_k6_lcTrue;kmerseek.hsdm17_k7_lcTrue;kmerseek.hsdm17_k8_lcTrue;kmerseek.mmseqs12_k5_lcTrue;kmerseek.mmseqs12_k6_lcTrue;kmerseek.mmseqs12_k7_lcTrue;kmerseek.mmseqs12_k8_lcTrue;kmerseek.sdm12_k6_lcTrue;kmerseek.sdm12_k7_lcTrue;kmerseek.sdm12_k8_lcTrue;kmerseek.wass14_k5_lcTrue;kmerseek.wass14_k6_lcTrue;kmerseek.wass14_k7_lcTrue,7,9,77.8,PF07714,38.1,false,,79.2,0.2222222222222222,0.0,false,all criteria,0.062,spills,0.06,spills,0.12,spills,0.167,spills,0.067,spills,0.231,spills
MAP3K5,Q99683,BINDING,ligand: ATP,BINDING,686,694,9,held out,arabidopsis,1500,P24100,kmerseek.sdm12_k6_lcTrue,0.9,0.9,1.0,kmerseek.hsdm17_k5_lcTrue,1.0,14,6,kmerseek.hsdm17_k5_lcTrue;kmerseek.hsdm17_k6_lcTrue;kmerseek.hsdm17_k7_lcTrue;kmerseek.hsdm17_k8_lcTrue;kmerseek.mmseqs12_k5_lcTrue;kmerseek.mmseqs12_k6_lcTrue;kmerseek.mmseqs12_k7_lcTrue;kmerseek.mmseqs12_k8_lcTrue;kmerseek.protein20_k5_lcTrue;kmerseek.sdm12_k6_lcTrue;kmerseek.sdm12_k7_lcTrue;kmerseek.sdm12_k8_lcTrue;kmerseek.uniprot18_k5_lcTrue;kmerseek.wass14_k5_lcTrue,7,10,70.0,PF00069,58.7,false,,81.8,0.1111111111111111,0.0,false,all criteria,0.06,spills,0.054,spills,0.062,spills,0.127,spills,0.063,spills,0.375,spills
MAPK13,O15264,BINDING,ligand: ATP,BINDING,31,39,9,held out,arabidopsis,1500,Q8GYF5,kmerseek.sdm12_k6_lcTrue,1.0,1.0,1.0,kmerseek.mmseqs12_k5_lcTrue,1.0,6,2,kmerseek.mmseqs12_k5_lcTrue;kmerseek.mmseqs12_k6_lcTrue;kmerseek.mmseqs12_k7_lcTrue;kmerseek.sdm12_k6_lcTrue;kmerseek.sdm12_k7_lcTrue;kmerseek.sdm12_k8_lcTrue,6,9,66.7,PF00069,54.8,false,,87.2,0.0,0.0,false,all criteria,0.063,spills,0.062,spills,0.112,spills,0.158,spills,0.063,spills,0.31,spills
MAPK14,Q16539,BINDING,ligand: ATP,BINDING,30,38,9,held out,arabidopsis,1500,Q8GYF5,kmerseek.sdm12_k6_lcTrue,1.0,1.0,1.0,kmerseek.mmseqs12_k5_lcTrue,1.0,6,2,kmerseek.mmseqs12_k5_lcTrue;kmerseek.mmseqs12_k6_lcTrue;kmerseek.mmseqs12_k7_lcTrue;kmerseek.sdm12_k6_lcTrue;kmerseek.sdm12_k7_lcTrue;kmerseek.sdm12_k8_lcTrue,6,9,66.7,PF00069,58.2,false,,80.3,0.2222222222222222,0.0,false,all criteria,0.061,spills,0.061,spills,0.108,spills,0.155,spills,0.062,spills,0.31,spills
TTK,P33981,BINDING,ligand: ATP,BINDING,531,539,9,held out,arabidopsis,1500,Q84VX4,kmerseek.sdm12_k6_lcTrue,1.0,1.0,1.0,kmerseek.hsdm17_k5_lcTrue,1.0,5,2,kmerseek.hsdm17_k5_lcTrue;kmerseek.hsdm17_k6_lcTrue;kmerseek.hsdm17_k7_lcTrue;kmerseek.sdm12_k6_lcTrue;kmerseek.sdm12_k7_lcTrue,8,9,88.9,PF00069,44.0,false,,85.5,0.0,0.0,false,all criteria,0.066,spills,0.035,spills,0.112,spills,0.107,spills,0.065,spills,0.184,spills
MAP3K5,Q99683,BINDING,ligand: ATP,BINDING,686,694,9,held out,yeast,900,P00546,kmerseek.sdm12_k6_lcTrue,0.9,0.9,1.0,kmerseek.hsdm17_k5_lcTrue,0.9,11,3,kmerseek.hsdm17_k5_lcTrue;kmerseek.hsdm17_k6_lcTrue;kmerseek.hsdm17_k7_lcTrue;kmerseek.hsdm17_k8_lcTrue;kmerseek.mmseqs12_k5_lcTrue;kmerseek.mmseqs12_k6_lcTrue;kmerseek.mmseqs12_k7_lcTrue;kmerseek.mmseqs12_k8_lcTrue;kmerseek.sdm12_k6_lcTrue;kmerseek.sdm12_k7_lcTrue;kmerseek.sdm12_k8_lcTrue,7,10,70.0,PF00069,44.9,false,,81.8,0.1111111111111111,0.0,false,all criteria,0.045,spills,0.039,spills,0.076,spills,0.321,spills,0.071,spills,0.071,spills
SGK1,O00141,BINDING,ligand: ATP,BINDING,104,112,9,held out,yeast,900,P06782,kmerseek.sdm12_k6_lcTrue,1.0,1.0,1.0,kmerseek.hsdm17_k5_lcTrue,1.0,8,5,kmerseek.hsdm17_k5_lcTrue;kmerseek.hsdm17_k6_lcTrue;kmerseek.hsdm17_k7_lcTrue;kmerseek.protein20_k5_lcTrue;kmerseek.sdm12_k6_lcTrue;kmerseek.sdm12_k7_lcTrue;kmerseek.uniprot18_k5_lcTrue;kmerseek.wass14_k5_lcTrue,7,9,77.8,PF00069,56.5,false,,88.0,0.0,0.0,false,all criteria,0.038,spills,0.057,spills,0.092,spills,0.31,spills,0.051,spills,0.062,spills
MAPK13,O15264,BINDING,ligand: ATP,BINDING,31,39,9,held out,yeast,900,P15442,kmerseek.sdm12_k6_lcTrue,1.0,1.0,1.0,kmerseek.mmseqs12_k5_lcTrue,1.0,6,3,kmerseek.hsdm17_k5_lcTrue;kmerseek.mmseqs12_k5_lcTrue;kmerseek.mmseqs12_k6_lcTrue;kmerseek.mmseqs12_k7_lcTrue;kmerseek.sdm12_k6_lcTrue;kmerseek.sdm12_k7_lcTrue,5,9,55.6,PF00069,54.8,false,,87.2,0.0,0.0,false,all criteria,0.041,spills,0.106,spills,0.097,spills,0.321,spills,0.063,spills,0.063,spills
MAPK14,Q16539,BINDING,ligand: ATP,BINDING,30,38,9,held out,yeast,900,P15442,kmerseek.sdm12_k6_lcTrue,1.0,1.0,1.0,kmerseek.mmseqs12_k5_lcTrue,1.0,6,3,kmerseek.hsdm17_k5_lcTrue;kmerseek.mmseqs12_k5_lcTrue;kmerseek.mmseqs12_k6_lcTrue;kmerseek.mmseqs12_k7_lcTrue;kmerseek.sdm12_k6_lcTrue;kmerseek.sdm12_k7_lcTrue,5,9,55.6,PF00069,58.8,false,,80.3,0.2222222222222222,0.0,false,all criteria,0.055,spills,0.038,spills,0.108,spills,0.391,spills,0.061,spills,0.06,spills
MAP3K7,O43318,BINDING,ligand: ATP,BINDING,42,50,9,held out,yeast,900,Q03785,kmerseek.sdm12_k6_lcTrue,1.0,1.0,1.0,kmerseek.mmseqs12_k5_lcTrue,0.889,5,3,kmerseek.hsdm17_k5_lcTrue;kmerseek.mmseqs12_k5_lcTrue;kmerseek.mmseqs12_k6_lcTrue;kmerseek.sdm12_k6_lcTrue;kmerseek.sdm12_k7_lcTrue,5,9,55.6,PF07714,,false,,79.2,0.2222222222222222,0.0,false,all criteria,0.134,spills,0.043,spills,0.12,spills,0.265,spills,0.062,spills,0.058,spills
TTK,P33981,BINDING,ligand: ATP,BINDING,531,539,9,held out,yeast,900,P47116,kmerseek.sdm12_k6_lcTrue,1.0,1.0,1.0,kmerseek.hsdm17_k5_lcTrue,1.0,5,2,kmerseek.hsdm17_k5_lcTrue;kmerseek.hsdm17_k6_lcTrue;kmerseek.hsdm17_k7_lcTrue;kmerseek.sdm12_k6_lcTrue;kmerseek.sdm12_k7_lcTrue,8,9,88.9,PF00069,56.9,false,,85.5,0.0,0.0,false,all criteria,0.04,spills,0.034,spills,0.1,spills,0.391,spills,0.062,spills,0.064,spills
MAP3K4,Q9Y6R4,BINDING,ligand: ATP,BINDING,1349,1357,9,held out,yeast,900,P06782,kmerseek.sdm12_k6_lcTrue,1.0,1.0,1.0,kmerseek.mmseqs12_k5_lcTrue,0.889,5,2,kmerseek.mmseqs12_k5_lcTrue;kmerseek.mmseqs12_k6_lcTrue;kmerseek.sdm12_k6_lcTrue;kmerseek.sdm12_k7_lcTrue;kmerseek.sdm12_k8_lcTrue,6,9,66.7,PF00069,46.0,false,,78.0,0.3333333333333333,0.0,false,all criteria,0.035,spills,0.036,spills,0.087,spills,0.45,spills,0.066,spills,0.066,spills
HIVEP1,P15822,ZN_FING,C2H2-type 4,ZN_FING,2116,2140,25,held out,worm,650,Q7JM44,kmerseek.hp_thomas_dill_no_c2_k19_lcTrue,0.92,1.0,0.92,kmerseek.hp_thomas_dill2_k19_lcTrue,0.92,97,14,kmerseek.dayhoff6_k10_lcTrue;kmerseek.dayhoff6_k11_lcTrue;kmerseek.dayhoff6_k12_lcTrue;kmerseek.dayhoff6_k13_lcTrue;kmerseek.dayhoff6_k8_lcTrue;kmerseek.dayhoff6_k9_lcTrue;kmerseek.funcgroups8_k10_lcTrue;kmerseek.funcgroups8_k11_lcTrue;kmerseek.funcgroups8_k12_lcTrue;kmerseek.funcgroups8_k7_lcTrue;kmerseek.funcgroups8_k8_lcTrue;kmerseek.funcgroups8_k9_lcTrue;kmerseek.gbmr4_k12_lcTrue;kmerseek.gbmr4_k13_lcTrue;kmerseek.gbmr4_k14_lcTrue;kmerseek.gbmr4_k15_lcTrue;kmerseek.gbmr4_k16_lcTrue;kmerseek.gbmr4_k17_lcTrue;kmerseek.gbmr4_k18_lcTrue;kmerseek.gbmr4_k19_lcTrue;kmerseek.gbmr4_k20_lcTrue;kmerseek.gbmr4_k21_lcTrue;kmerseek.gbmr7_k10_lcTrue;kmerseek.gbmr7_k11_lcTrue;kmerseek.gbmr7_k12_lcTrue;kmerseek.gbmr7_k13_lcTrue;kmerseek.gbmr7_k14_lcTrue;kmerseek.gbmr7_k15_lcTrue;kmerseek.gbmr7_k16_lcTrue;kmerseek.hp_thomas_dill2_k19_lcTrue;kmerseek.hp_thomas_dill2_k20_lcTrue;kmerseek.hp_thomas_dill2_k21_lcTrue;kmerseek.hp_thomas_dill_no_c2_k19_lcTrue;kmerseek.hp_thomas_dill_no_c2_k20_lcTrue;kmerseek.hsdm17_k10_lcTrue;kmerseek.hsdm17_k11_lcTrue;kmerseek.hsdm17_k12_lcTrue;kmerseek.hsdm17_k5_lcTrue;kmerseek.hsdm17_k6_lcTrue;kmerseek.hsdm17_k7_lcTrue;kmerseek.hsdm17_k8_lcTrue;kmerseek.hsdm17_k9_lcTrue;kmerseek.mmseqs12_k10_lcTrue;kmerseek.mmseqs12_k11_lcTrue;kmerseek.mmseqs12_k12_lcTrue;kmerseek.mmseqs12_k13_lcTrue;kmerseek.mmseqs12_k5_lcTrue;kmerseek.mmseqs12_k6_lcTrue;kmerseek.mmseqs12_k7_lcTrue;kmerseek.mmseqs12_k8_lcTrue;kmerseek.mmseqs12_k9_lcTrue;kmerseek.polarity4_k10_lcTrue;kmerseek.polarity4_k11_lcTrue;kmerseek.polarity4_k12_lcTrue;kmerseek.polarity4_k13_lcTrue;kmerseek.protein20_k10_lcTrue;kmerseek.protein20_k11_lcTrue;kmerseek.protein20_k12_lcTrue;kmerseek.protein20_k5_lcTrue;kmerseek.protein20_k6_lcTrue;kmerseek.protein20_k7_lcTrue;kmerseek.protein20_k8_lcTrue;kmerseek.protein20_k9_lcTrue;kmerseek.sdm12_k10_lcTrue;kmerseek.sdm12_k11_lcTrue;kmerseek.sdm12_k12_lcTrue;kmerseek.sdm12_k13_lcTrue;kmerseek.sdm12_k6_lcTrue;kmerseek.sdm12_k7_lcTrue;kmerseek.sdm12_k8_lcTrue;kmerseek.sdm12_k9_lcTrue;kmerseek.uniprot18_k10_lcTrue;kmerseek.uniprot18_k11_lcTrue;kmerseek.uniprot18_k12_lcTrue;kmerseek.uniprot18_k5_lcTrue;kmerseek.uniprot18_k6_lcTrue;kmerseek.uniprot18_k7_lcTrue;kmerseek.uniprot18_k8_lcTrue;kmerseek.uniprot18_k9_lcTrue;kmerseek.wass14_k10_lcTrue;kmerseek.wass14_k11_lcTrue;kmerseek.wass14_k12_lcTrue;kmerseek.wass14_k5_lcTrue;kmerseek.wass14_k6_lcTrue;kmerseek.wass14_k7_lcTrue;kmerseek.wass14_k8_lcTrue;kmerseek.wass14_k9_lcTrue;kmerseek.wwmj5_k10_lcTrue;kmerseek.wwmj5_k11_lcTrue;kmerseek.wwmj5_k12_lcTrue;kmerseek.wwmj5_k13_lcTrue;kmerseek.wwmj5_k14_lcTrue;kmerseek.wwmj5_k15_lcTrue;kmerseek.wwmj5_k16_lcTrue;kmerseek.wwmj5_k17_lcTrue;kmerseek.wwmj5_k8_lcTrue;kmerseek.wwmj5_k9_lcTrue,18,23,78.3,PF00096,67.3,false,,,,0.0,false,all criteria,0.0,no call,0.202,spills,0.0,no call,0.694,"inside, lower IoU",0.49,spills,0.49,spills
KCNK5,O95279,INTRAMEM,Pore-forming; Name=Pore-forming 2,INTRAMEM,190,215,26,composition,worm,650,O17185,kmerseek.mmseqs12_k7_lcTrue,0.385,1.0,0.385,kmerseek.hp_lehninger2_k18_lcTrue,0.821,78,14,kmerseek.dayhoff6_k10_lcTrue;kmerseek.dayhoff6_k11_lcTrue;kmerseek.dayhoff6_k12_lcTrue;kmerseek.dayhoff6_k8_lcTrue;kmerseek.dayhoff6_k9_lcTrue;kmerseek.funcgroups8_k10_lcTrue;kmerseek.funcgroups8_k11_lcTrue;kmerseek.funcgroups8_k12_lcTrue;kmerseek.funcgroups8_k13_lcTrue;kmerseek.funcgroups8_k14_lcTrue;kmerseek.funcgroups8_k7_lcTrue;kmerseek.funcgroups8_k8_lcTrue;kmerseek.funcgroups8_k9_lcTrue;kmerseek.gbmr4_k12_lcTrue;kmerseek.gbmr4_k13_lcTrue;kmerseek.gbmr4_k14_lcTrue;kmerseek.gbmr4_k15_lcTrue;kmerseek.gbmr7_k10_lcTrue;kmerseek.gbmr7_k11_lcTrue;kmerseek.hp_lehninger2_k18_lcTrue;kmerseek.hp_lehninger2_k19_lcTrue;kmerseek.hp_lehninger2_k20_lcTrue;kmerseek.hp_lehninger2_k21_lcTrue;kmerseek.hp_lehninger2_k22_lcTrue;kmerseek.hp_lehninger2_k23_lcTrue;kmerseek.hp_lehninger_c_nonpolar2_k18_lcTrue;kmerseek.hp_lehninger_c_nonpolar2_k19_lcTrue;kmerseek.hp_lehninger_c_nonpolar2_k20_lcTrue;kmerseek.hp_lehninger_c_nonpolar2_k21_lcTrue;kmerseek.hp_lehninger_c_nonpolar2_k22_lcTrue;kmerseek.hp_lehninger_hpc3_k16_lcTrue;kmerseek.hp_lehninger_hpc3_k17_lcTrue;kmerseek.hp_lehninger_hpc3_k18_lcTrue;kmerseek.hp_lehninger_hpc3_k19_lcTrue;kmerseek.hp_lehninger_hpc3_k20_lcTrue;kmerseek.hp_lehninger_hpc3_k21_lcTrue;kmerseek.hp_lehninger_hpc3_k22_lcTrue;kmerseek.hp_pbotc_1st_ed2_k18_lcTrue;kmerseek.hp_pbotc_1st_ed2_k19_lcTrue;kmerseek.hp_pbotc_1st_ed2_k20_lcTrue;kmerseek.hp_pbotc_1st_ed2_k21_lcTrue;kmerseek.hp_pbotc_1st_ed2_k22_lcTrue;kmerseek.hp_pbotc_1st_ed2_k23_lcTrue;kmerseek.hp_thomas_dill2_k19_lcTrue;kmerseek.hp_thomas_dill2_k20_lcTrue;kmerseek.hp_thomas_dill2_k21_lcTrue;kmerseek.hp_thomas_dill2_k22_lcTrue;kmerseek.hp_thomas_dill2_k23_lcTrue;kmerseek.hp_thomas_dill_no_c2_k19_lcTrue;kmerseek.hp_thomas_dill_no_c2_k20_lcTrue;kmerseek.hp_thomas_dill_no_c2_k21_lcTrue;kmerseek.hp_thomas_dill_no_c2_k22_lcTrue;kmerseek.hp_thomas_dill_no_c2_k23_lcTrue;kmerseek.mmseqs12_k6_lcTrue;kmerseek.mmseqs12_k7_lcTrue;kmerseek.mmseqs12_k8_lcTrue;kmerseek.polarity4_k10_lcTrue;kmerseek.polarity4_k11_lcTrue;kmerseek.polarity4_k12_lcTrue;kmerseek.polarity4_k13_lcTrue;kmerseek.polarity4_k14_lcTrue;kmerseek.polarity4_k15_lcTrue;kmerseek.polarity4_k16_lcTrue;kmerseek.polarity4_k17_lcTrue;kmerseek.polarity4_k18_lcTrue;kmerseek.polarity4_k19_lcTrue;kmerseek.sdm12_k10_lcTrue;kmerseek.sdm12_k11_lcTrue;kmerseek.sdm12_k12_lcTrue;kmerseek.sdm12_k13_lcTrue;kmerseek.sdm12_k6_lcTrue;kmerseek.sdm12_k7_lcTrue;kmerseek.sdm12_k8_lcTrue;kmerseek.sdm12_k9_lcTrue;kmerseek.wwmj5_k10_lcTrue;kmerseek.wwmj5_k11_lcTrue;kmerseek.wwmj5_k8_lcTrue;kmerseek.wwmj5_k9_lcTrue,8,10,80.0,PF07885,77.6,false,,95.1,0.0,0.0,false,all criteria,0.084,spills,0.083,spills,0.093,spills,0.429,equal or higher IoU,0.142,spills,0.165,spills
KCNK16,Q96T55,INTRAMEM,Pore-forming; Name=Pore-forming 2,INTRAMEM,202,221,20,composition,worm,650,O17185,kmerseek.mmseqs12_k7_lcTrue,0.65,1.0,0.65,kmerseek.hp_pbotc_1st_ed2_k18_lcTrue,0.909,66,14,kmerseek.dayhoff6_k10_lcTrue;kmerseek.dayhoff6_k11_lcTrue;kmerseek.dayhoff6_k12_lcTrue;kmerseek.dayhoff6_k13_lcTrue;kmerseek.dayhoff6_k14_lcTrue;kmerseek.dayhoff6_k8_lcTrue;kmerseek.dayhoff6_k9_lcTrue;kmerseek.funcgroups8_k10_lcTrue;kmerseek.funcgroups8_k11_lcTrue;kmerseek.funcgroups8_k12_lcTrue;kmerseek.funcgroups8_k13_lcTrue;kmerseek.funcgroups8_k14_lcTrue;kmerseek.funcgroups8_k7_lcTrue;kmerseek.funcgroups8_k8_lcTrue;kmerseek.funcgroups8_k9_lcTrue;kmerseek.gbmr4_k12_lcTrue;kmerseek.gbmr4_k13_lcTrue;kmerseek.gbmr4_k14_lcTrue;kmerseek.gbmr4_k15_lcTrue;kmerseek.gbmr7_k10_lcTrue;kmerseek.gbmr7_k11_lcTrue;kmerseek.gbmr7_k12_lcTrue;kmerseek.gbmr7_k13_lcTrue;kmerseek.gbmr7_k14_lcTrue;kmerseek.gbmr7_k15_lcTrue;kmerseek.hp_lehninger2_k18_lcTrue;kmerseek.hp_lehninger2_k19_lcTrue;kmerseek.hp_lehninger2_k20_lcTrue;kmerseek.hp_lehninger_c_nonpolar2_k18_lcTrue;kmerseek.hp_lehninger_c_nonpolar2_k19_lcTrue;kmerseek.hp_lehninger_c_nonpolar2_k20_lcTrue;kmerseek.hp_lehninger_c_nonpolar2_k21_lcTrue;kmerseek.hp_lehninger_hpc3_k16_lcTrue;kmerseek.hp_lehninger_hpc3_k17_lcTrue;kmerseek.hp_lehninger_hpc3_k18_lcTrue;kmerseek.hp_lehninger_hpc3_k19_lcTrue;kmerseek.hp_lehninger_hpc3_k20_lcTrue;kmerseek.hp_pbotc_1st_ed2_k18_lcTrue;kmerseek.hp_pbotc_1st_ed2_k19_lcTrue;kmerseek.hp_pbotc_1st_ed2_k20_lcTrue;kmerseek.hp_thomas_dill2_k19_lcTrue;kmerseek.hp_thomas_dill2_k20_lcTrue;kmerseek.hp_thomas_dill_no_c2_k19_lcTrue;kmerseek.hp_thomas_dill_no_c2_k20_lcTrue;kmerseek.mmseqs12_k10_lcTrue;kmerseek.mmseqs12_k11_lcTrue;kmerseek.mmseqs12_k6_lcTrue;kmerseek.mmseqs12_k7_lcTrue;kmerseek.mmseqs12_k8_lcTrue;kmerseek.mmseqs12_k9_lcTrue;kmerseek.polarity4_k10_lcTrue;kmerseek.polarity4_k11_lcTrue;kmerseek.polarity4_k12_lcTrue;kmerseek.polarity4_k13_lcTrue;kmerseek.polarity4_k14_lcTrue;kmerseek.sdm12_k10_lcTrue;kmerseek.sdm12_k11_lcTrue;kmerseek.sdm12_k6_lcTrue;kmerseek.sdm12_k7_lcTrue;kmerseek.sdm12_k8_lcTrue;kmerseek.sdm12_k9_lcTrue;kmerseek.wwmj5_k10_lcTrue;kmerseek.wwmj5_k11_lcTrue;kmerseek.wwmj5_k12_lcTrue;kmerseek.wwmj5_k8_lcTrue;kmerseek.wwmj5_k9_lcTrue,11,13,84.6,PF07885,73.5,false,,94.7,0.0,0.0,false,all criteria,0.146,spills,0.12,spills,0.127,spills,0.303,spills,0.127,spills,0.131,spills
KCNK17,Q96T54,INTRAMEM,Pore-forming; Name=Pore-forming 2,INTRAMEM,211,230,20,composition,worm,650,O17185,kmerseek.mmseqs12_k7_lcTrue,0.65,1.0,0.65,kmerseek.hp_lehninger_c_nonpolar2_k18_lcTrue,0.952,60,13,kmerseek.dayhoff6_k10_lcTrue;kmerseek.dayhoff6_k11_lcTrue;kmerseek.dayhoff6_k12_lcTrue;kmerseek.dayhoff6_k13_lcTrue;kmerseek.dayhoff6_k14_lcTrue;kmerseek.dayhoff6_k8_lcTrue;kmerseek.dayhoff6_k9_lcTrue;kmerseek.funcgroups8_k10_lcTrue;kmerseek.funcgroups8_k11_lcTrue;kmerseek.funcgroups8_k12_lcTrue;kmerseek.funcgroups8_k13_lcTrue;kmerseek.funcgroups8_k14_lcTrue;kmerseek.funcgroups8_k7_lcTrue;kmerseek.funcgroups8_k8_lcTrue;kmerseek.funcgroups8_k9_lcTrue;kmerseek.gbmr4_k12_lcTrue;kmerseek.gbmr4_k13_lcTrue;kmerseek.gbmr4_k14_lcTrue;kmerseek.gbmr4_k15_lcTrue;kmerseek.gbmr7_k10_lcTrue;kmerseek.gbmr7_k11_lcTrue;kmerseek.gbmr7_k12_lcTrue;kmerseek.gbmr7_k13_lcTrue;kmerseek.gbmr7_k14_lcTrue;kmerseek.gbmr7_k15_lcTrue;kmerseek.hp_lehninger2_k18_lcTrue;kmerseek.hp_lehninger2_k19_lcTrue;kmerseek.hp_lehninger2_k20_lcTrue;kmerseek.hp_lehninger_c_nonpolar2_k18_lcTrue;kmerseek.hp_lehninger_c_nonpolar2_k19_lcTrue;kmerseek.hp_lehninger_c_nonpolar2_k20_lcTrue;kmerseek.hp_lehninger_hpc3_k16_lcTrue;kmerseek.hp_lehninger_hpc3_k17_lcTrue;kmerseek.hp_lehninger_hpc3_k18_lcTrue;kmerseek.hp_lehninger_hpc3_k19_lcTrue;kmerseek.hp_lehninger_hpc3_k20_lcTrue;kmerseek.hp_pbotc_1st_ed2_k18_lcTrue;kmerseek.hp_pbotc_1st_ed2_k19_lcTrue;kmerseek.hp_thomas_dill2_k19_lcTrue;kmerseek.mmseqs12_k10_lcTrue;kmerseek.mmseqs12_k11_lcTrue;kmerseek.mmseqs12_k6_lcTrue;kmerseek.mmseqs12_k7_lcTrue;kmerseek.mmseqs12_k8_lcTrue;kmerseek.mmseqs12_k9_lcTrue;kmerseek.polarity4_k10_lcTrue;kmerseek.polarity4_k11_lcTrue;kmerseek.polarity4_k12_lcTrue;kmerseek.polarity4_k13_lcTrue;kmerseek.sdm12_k10_lcTrue;kmerseek.sdm12_k11_lcTrue;kmerseek.sdm12_k6_lcTrue;kmerseek.sdm12_k7_lcTrue;kmerseek.sdm12_k8_lcTrue;kmerseek.sdm12_k9_lcTrue;kmerseek.wwmj5_k10_lcTrue;kmerseek.wwmj5_k11_lcTrue;kmerseek.wwmj5_k12_lcTrue;kmerseek.wwmj5_k8_lcTrue;kmerseek.wwmj5_k9_lcTrue,10,13,76.9,PF07885,75.4,false,,93.8,0.0,0.0,false,all criteria,0.092,spills,0.115,spills,0.179,spills,0.792,equal or higher IoU,0.123,spills,0.23,spills
GUCA1A,P43080,DOMAIN,EF-hand 3,DOMAIN,87,122,36,held out,worm,650,P36609,kmerseek.hp_thomas_dill_no_c2_k19_lcTrue,0.861,1.0,0.861,kmerseek.hp_lehninger2_k18_lcTrue,0.868,58,7,kmerseek.hp_kyte_doolittle2_k19_lcTrue;kmerseek.hp_kyte_doolittle2_k20_lcTrue;kmerseek.hp_kyte_doolittle2_k21_lcTrue;kmerseek.hp_kyte_doolittle2_k22_lcTrue;kmerseek.hp_lehninger2_k18_lcTrue;kmerseek.hp_lehninger2_k19_lcTrue;kmerseek.hp_lehninger2_k20_lcTrue;kmerseek.hp_lehninger2_k21_lcTrue;kmerseek.hp_lehninger2_k22_lcTrue;kmerseek.hp_lehninger2_k23_lcTrue;kmerseek.hp_lehninger2_k24_lcTrue;kmerseek.hp_lehninger2_k25_lcTrue;kmerseek.hp_lehninger2_k26_lcTrue;kmerseek.hp_lehninger2_k27_lcTrue;kmerseek.hp_lehninger2_k28_lcTrue;kmerseek.hp_lehninger2_k29_lcTrue;kmerseek.hp_lehninger_c_nonpolar2_k18_lcTrue;kmerseek.hp_lehninger_c_nonpolar2_k19_lcTrue;kmerseek.hp_lehninger_hpc3_k16_lcTrue;kmerseek.hp_lehninger_hpc3_k17_lcTrue;kmerseek.hp_lehninger_hpc3_k18_lcTrue;kmerseek.hp_lehninger_hpc3_k19_lcTrue;kmerseek.hp_pbotc_1st_ed2_k18_lcTrue;kmerseek.hp_pbotc_1st_ed2_k19_lcTrue;kmerseek.hp_pbotc_1st_ed2_k20_lcTrue;kmerseek.hp_pbotc_1st_ed2_k21_lcTrue;kmerseek.hp_pbotc_1st_ed2_k22_lcTrue;kmerseek.hp_pbotc_1st_ed2_k23_lcTrue;kmerseek.hp_pbotc_1st_ed2_k24_lcTrue;kmerseek.hp_pbotc_1st_ed2_k25_lcTrue;kmerseek.hp_pbotc_1st_ed2_k26_lcTrue;kmerseek.hp_pbotc_1st_ed2_k27_lcTrue;kmerseek.hp_pbotc_1st_ed2_k28_lcTrue;kmerseek.hp_pbotc_1st_ed2_k29_lcTrue;kmerseek.hp_thomas_dill2_k19_lcTrue;kmerseek.hp_thomas_dill2_k20_lcTrue;kmerseek.hp_thomas_dill2_k21_lcTrue;kmerseek.hp_thomas_dill2_k22_lcTrue;kmerseek.hp_thomas_dill2_k23_lcTrue;kmerseek.hp_thomas_dill2_k24_lcTrue;kmerseek.hp_thomas_dill2_k25_lcTrue;kmerseek.hp_thomas_dill2_k26_lcTrue;kmerseek.hp_thomas_dill2_k27_lcTrue;kmerseek.hp_thomas_dill2_k28_lcTrue;kmerseek.hp_thomas_dill2_k29_lcTrue;kmerseek.hp_thomas_dill2_k30_lcTrue;kmerseek.hp_thomas_dill_no_c2_k19_lcTrue;kmerseek.hp_thomas_dill_no_c2_k20_lcTrue;kmerseek.hp_thomas_dill_no_c2_k21_lcTrue;kmerseek.hp_thomas_dill_no_c2_k22_lcTrue;kmerseek.hp_thomas_dill_no_c2_k23_lcTrue;kmerseek.hp_thomas_dill_no_c2_k24_lcTrue;kmerseek.hp_thomas_dill_no_c2_k25_lcTrue;kmerseek.hp_thomas_dill_no_c2_k26_lcTrue;kmerseek.hp_thomas_dill_no_c2_k27_lcTrue;kmerseek.hp_thomas_dill_no_c2_k28_lcTrue;kmerseek.hp_thomas_dill_no_c2_k29_lcTrue;kmerseek.hp_thomas_dill_no_c2_k30_lcTrue,19,31,61.3,PF13499,43.3,false,,80.0,0.1111111111111111,0.0,false,"criteria 5 and 3 loosened (structure tool inside, lower IoU)",0.333,spills,0.474,spills,0.63,"inside, lower IoU",0.778,"inside, lower IoU",0.434,spills,0.462,spills
KCNK16,Q96T55,INTRAMEM,Pore-forming; Name=Pore-forming 1,INTRAMEM,98,116,19,composition,worm,650,Q9XXD1,kmerseek.mmseqs12_k7_lcTrue,0.526,1.0,0.526,kmerseek.hp_lehninger_hpc3_k16_lcTrue,0.95,48,13,kmerseek.dayhoff6_k8_lcTrue;kmerseek.funcgroups8_k10_lcTrue;kmerseek.funcgroups8_k11_lcTrue;kmerseek.funcgroups8_k12_lcTrue;kmerseek.funcgroups8_k7_lcTrue;kmerseek.funcgroups8_k8_lcTrue;kmerseek.funcgroups8_k9_lcTrue;kmerseek.gbmr4_k12_lcTrue;kmerseek.gbmr4_k13_lcTrue;kmerseek.gbmr7_k10_lcTrue;kmerseek.gbmr7_k11_lcTrue;kmerseek.hp_lehninger_hpc3_k16_lcTrue;kmerseek.hp_lehninger_hpc3_k17_lcTrue;kmerseek.hsdm17_k5_lcTrue;kmerseek.hsdm17_k6_lcTrue;kmerseek.hsdm17_k7_lcTrue;kmerseek.hsdm17_k8_lcTrue;kmerseek.mmseqs12_k5_lcTrue;kmerseek.mmseqs12_k6_lcTrue;kmerseek.mmseqs12_k7_lcTrue;kmerseek.mmseqs12_k8_lcTrue;kmerseek.polarity4_k10_lcTrue;kmerseek.polarity4_k11_lcTrue;kmerseek.polarity4_k12_lcTrue;kmerseek.polarity4_k13_lcTrue;kmerseek.polarity4_k14_lcTrue;kmerseek.polarity4_k15_lcTrue;kmerseek.polarity4_k16_lcTrue;kmerseek.polarity4_k17_lcTrue;kmerseek.polarity4_k18_lcTrue;kmerseek.protein20_k5_lcTrue;kmerseek.protein20_k6_lcTrue;kmerseek.protein20_k7_lcTrue;kmerseek.protein20_k8_lcTrue;kmerseek.protein20_k9_lcTrue;kmerseek.sdm12_k8_lcTrue;kmerseek.uniprot18_k5_lcTrue;kmerseek.uniprot18_k6_lcTrue;kmerseek.uniprot18_k7_lcTrue;kmerseek.uniprot18_k8_lcTrue;kmerseek.uniprot18_k9_lcTrue;kmerseek.wass14_k5_lcTrue;kmerseek.wass14_k6_lcTrue;kmerseek.wass14_k7_lcTrue;kmerseek.wass14_k8_lcTrue;kmerseek.wass14_k9_lcTrue;kmerseek.wwmj5_k8_lcTrue;kmerseek.wwmj5_k9_lcTrue,7,10,70.0,PF07885,64.6,false,,94.1,0.0,0.0,false,all criteria,0.122,spills,0.114,spills,0.08,spills,0.365,spills,0.365,spills,0.633,equal or higher IoU
KCNK17,Q96T54,INTRAMEM,Pore-forming; Name=Pore-forming 1,INTRAMEM,106,124,19,composition,worm,650,Q9XXD1,kmerseek.mmseqs12_k7_lcTrue,0.526,1.0,0.526,kmerseek.gbmr4_k12_lcTrue,0.947,45,8,kmerseek.dayhoff6_k10_lcTrue;kmerseek.dayhoff6_k11_lcTrue;kmerseek.dayhoff6_k12_lcTrue;kmerseek.dayhoff6_k13_lcTrue;kmerseek.dayhoff6_k14_lcTrue;kmerseek.dayhoff6_k15_lcTrue;kmerseek.dayhoff6_k16_lcTrue;kmerseek.dayhoff6_k8_lcTrue;kmerseek.dayhoff6_k9_lcTrue;kmerseek.funcgroups8_k10_lcTrue;kmerseek.funcgroups8_k11_lcTrue;kmerseek.funcgroups8_k12_lcTrue;kmerseek.funcgroups8_k13_lcTrue;kmerseek.funcgroups8_k14_lcTrue;kmerseek.funcgroups8_k15_lcTrue;kmerseek.funcgroups8_k7_lcTrue;kmerseek.funcgroups8_k8_lcTrue;kmerseek.funcgroups8_k9_lcTrue;kmerseek.gbmr4_k12_lcTrue;kmerseek.gbmr4_k13_lcTrue;kmerseek.gbmr4_k14_lcTrue;kmerseek.gbmr4_k15_lcTrue;kmerseek.gbmr4_k16_lcTrue;kmerseek.hp_lehninger2_k18_lcTrue;kmerseek.hp_lehninger2_k19_lcTrue;kmerseek.hp_lehninger_c_nonpolar2_k18_lcTrue;kmerseek.hp_lehninger_c_nonpolar2_k19_lcTrue;kmerseek.hp_lehninger_hpc3_k16_lcTrue;kmerseek.hp_lehninger_hpc3_k17_lcTrue;kmerseek.hp_lehninger_hpc3_k18_lcTrue;kmerseek.hp_lehninger_hpc3_k19_lcTrue;kmerseek.mmseqs12_k5_lcTrue;kmerseek.mmseqs12_k6_lcTrue;kmerseek.mmseqs12_k7_lcTrue;kmerseek.mmseqs12_k8_lcTrue;kmerseek.sdm12_k10_lcTrue;kmerseek.sdm12_k11_lcTrue;kmerseek.sdm12_k12_lcTrue;kmerseek.sdm12_k13_lcTrue;kmerseek.sdm12_k14_lcTrue;kmerseek.sdm12_k15_lcTrue;kmerseek.sdm12_k6_lcTrue;kmerseek.sdm12_k7_lcTrue;kmerseek.sdm12_k8_lcTrue;kmerseek.sdm12_k9_lcTrue,7,10,70.0,PF07885,60.3,false,,90.3,0.0,0.0,false,all criteria,0.087,spills,0.16,spills,0.08,spills,0.413,spills,0.538,equal or higher IoU,0.528,equal or higher IoU
SGK1,O00141,BINDING,ligand: ATP,BINDING,104,112,9,held out,worm,650,H2L099,kmerseek.sdm12_k6_lcTrue,1.0,1.0,1.0,kmerseek.mmseqs12_k6_lcTrue,1.0,26,6,kmerseek.hsdm17_k5_lcTrue;kmerseek.hsdm17_k6_lcTrue;kmerseek.hsdm17_k7_lcTrue;kmerseek.hsdm17_k8_lcTrue;kmerseek.mmseqs12_k5_lcTrue;kmerseek.mmseqs12_k6_lcTrue;kmerseek.mmseqs12_k7_lcTrue;kmerseek.mmseqs12_k8_lcTrue;kmerseek.protein20_k5_lcTrue;kmerseek.protein20_k6_lcTrue;kmerseek.protein20_k7_lcTrue;kmerseek.protein20_k8_lcTrue;kmerseek.protein20_k9_lcTrue;kmerseek.sdm12_k6_lcTrue;kmerseek.sdm12_k7_lcTrue;kmerseek.sdm12_k8_lcTrue;kmerseek.uniprot18_k5_lcTrue;kmerseek.uniprot18_k6_lcTrue;kmerseek.uniprot18_k7_lcTrue;kmerseek.uniprot18_k8_lcTrue;kmerseek.uniprot18_k9_lcTrue;kmerseek.wass14_k5_lcTrue;kmerseek.wass14_k6_lcTrue;kmerseek.wass14_k7_lcTrue;kmerseek.wass14_k8_lcTrue;kmerseek.wass14_k9_lcTrue,7,9,77.8,PF00069,71.4,false,,88.0,0.0,0.0,false,all criteria,0.035,spills,0.034,spills,0.115,spills,0.184,spills,0.061,spills,0.062,spills
ZSCAN16,Q9H4T2,ZN_FING,C2H2-type 1,ZN_FING,236,258,23,held out,worm,650,Q9XW26,kmerseek.hp_thomas_dill_no_c2_k19_lcTrue,0.714,0.8,0.87,kmerseek.hp_lehninger_hpc3_k16_lcTrue,0.87,25,7,kmerseek.gbmr4_k12_lcTrue;kmerseek.gbmr4_k13_lcTrue;kmerseek.gbmr4_k14_lcTrue;kmerseek.gbmr4_k15_lcTrue;kmerseek.gbmr4_k16_lcTrue;kmerseek.gbmr4_k17_lcTrue;kmerseek.hp_kyte_doolittle2_k19_lcTrue;kmerseek.hp_kyte_doolittle2_k20_lcTrue;kmerseek.hp_lehninger2_k18_lcTrue;kmerseek.hp_lehninger2_k19_lcTrue;kmerseek.hp_lehninger_hpc3_k16_lcTrue;kmerseek.hp_lehninger_hpc3_k17_lcTrue;kmerseek.hp_lehninger_hpc3_k18_lcTrue;kmerseek.hp_pbotc_1st_ed2_k18_lcTrue;kmerseek.hp_pbotc_1st_ed2_k19_lcTrue;kmerseek.hp_pbotc_1st_ed2_k20_lcTrue;kmerseek.hp_pbotc_1st_ed2_k21_lcTrue;kmerseek.hp_pbotc_1st_ed2_k22_lcTrue;kmerseek.hp_pbotc_1st_ed2_k23_lcTrue;kmerseek.hp_pbotc_1st_ed2_k24_lcTrue;kmerseek.hp_pbotc_1st_ed2_k25_lcTrue;kmerseek.hp_thomas_dill2_k19_lcTrue;kmerseek.hp_thomas_dill2_k20_lcTrue;kmerseek.hp_thomas_dill2_k21_lcTrue;kmerseek.hp_thomas_dill_no_c2_k19_lcTrue,14,25,56.0,PF00096,91.8,false,,84.9,0.0,0.043,false,all criteria,0.28,spills,0.28,spills,0.404,spills,0.852,equal or higher IoU,0.39,spills,0.92,equal or higher IoU
ZSCAN26,Q16670,ZN_FING,C2H2-type 6,ZN_FING,394,416,23,held out,worm,650,A0A5E4M3Q4,kmerseek.hp_thomas_dill_no_c2_k19_lcTrue,0.875,0.955,0.913,kmerseek.hp_kyte_doolittle2_k19_lcTrue,0.875,22,7,kmerseek.hp_kyte_doolittle2_k19_lcTrue;kmerseek.hp_lehninger2_k18_lcTrue;kmerseek.hp_lehninger2_k19_lcTrue;kmerseek.hp_lehninger2_k20_lcTrue;kmerseek.hp_lehninger2_k21_lcTrue;kmerseek.hp_lehninger_c_nonpolar2_k18_lcTrue;kmerseek.hp_lehninger_c_nonpolar2_k19_lcTrue;kmerseek.hp_lehninger_c_nonpolar2_k20_lcTrue;kmerseek.hp_lehninger_c_nonpolar2_k21_lcTrue;kmerseek.hp_lehninger_hpc3_k16_lcTrue;kmerseek.hp_lehninger_hpc3_k17_lcTrue;kmerseek.hp_lehninger_hpc3_k18_lcTrue;kmerseek.hp_lehninger_hpc3_k19_lcTrue;kmerseek.hp_lehninger_hpc3_k20_lcTrue;kmerseek.hp_lehninger_hpc3_k21_lcTrue;kmerseek.hp_lehninger_hpc3_k22_lcTrue;kmerseek.hp_pbotc_1st_ed2_k18_lcTrue;kmerseek.hp_pbotc_1st_ed2_k19_lcTrue;kmerseek.hp_pbotc_1st_ed2_k20_lcTrue;kmerseek.hp_thomas_dill2_k19_lcTrue;kmerseek.hp_thomas_dill2_k20_lcTrue;kmerseek.hp_thomas_dill_no_c2_k19_lcTrue,11,22,50.0,PF00096,88.6,false,,85.2,0.0,0.0,false,all criteria,0.284,spills,0.117,spills,0.383,spills,0.46,spills,0.438,spills,0.438,spills
ELOVL4,Q9GZR5,TRANSMEM,Helical,TRANSMEM,127,147,21,composition,worm,650,Q20303,kmerseek.hp_lehninger_c_nonpolar2_k18_lcTrue,0.792,0.864,0.905,kmerseek.hp_lehninger2_k18_lcTrue,0.792,19,5,kmerseek.funcgroups8_k10_lcTrue;kmerseek.funcgroups8_k11_lcTrue;kmerseek.funcgroups8_k7_lcTrue;kmerseek.funcgroups8_k8_lcTrue;kmerseek.funcgroups8_k9_lcTrue;kmerseek.gbmr4_k12_lcTrue;kmerseek.gbmr4_k13_lcTrue;kmerseek.gbmr4_k14_lcTrue;kmerseek.hp_lehninger2_k18_lcTrue;kmerseek.hp_lehninger2_k19_lcTrue;kmerseek.hp_lehninger2_k20_lcTrue;kmerseek.hp_lehninger_c_nonpolar2_k18_lcTrue;kmerseek.hp_lehninger_c_nonpolar2_k19_lcTrue;kmerseek.hp_lehninger_c_nonpolar2_k20_lcTrue;kmerseek.hp_lehninger_hpc3_k16_lcTrue;kmerseek.hp_lehninger_hpc3_k17_lcTrue;kmerseek.hp_lehninger_hpc3_k18_lcTrue;kmerseek.hp_lehninger_hpc3_k19_lcTrue;kmerseek.hp_lehninger_hpc3_k20_lcTrue,12,22,54.5,PF01151,26.1,false,,96.0,0.0,0.0,false,all criteria,0.163,spills,0.133,spills,0.172,spills,0.094,spills,0.098,spills,0.144,spills
MAPK13,O15264,BINDING,ligand: ATP,BINDING,31,39,9,held out,worm,650,Q8I113,kmerseek.sdm12_k6_lcTrue,0.9,0.9,1.0,kmerseek.mmseqs12_k5_lcTrue,1.0,19,6,kmerseek.hsdm17_k5_lcTrue;kmerseek.hsdm17_k6_lcTrue;kmerseek.hsdm17_k7_lcTrue;kmerseek.hsdm17_k8_lcTrue;kmerseek.hsdm17_k9_lcTrue;kmerseek.mmseqs12_k5_lcTrue;kmerseek.mmseqs12_k6_lcTrue;kmerseek.mmseqs12_k7_lcTrue;kmerseek.protein20_k5_lcTrue;kmerseek.protein20_k6_lcTrue;kmerseek.protein20_k7_lcTrue;kmerseek.sdm12_k6_lcTrue;kmerseek.sdm12_k7_lcTrue;kmerseek.sdm12_k8_lcTrue;kmerseek.uniprot18_k5_lcTrue;kmerseek.uniprot18_k6_lcTrue;kmerseek.uniprot18_k7_lcTrue;kmerseek.wass14_k5_lcTrue;kmerseek.wass14_k6_lcTrue,9,10,90.0,PF00069,65.1,false,,87.2,0.0,0.0,false,all criteria,0.069,spills,0.092,spills,0.107,spills,0.36,spills,0.063,spills,0.063,spills
BRPF3,Q9ULD4,ZN_FING,C2HC pre-PHD-type,ZN_FING,266,299,34,held out,worm,650,P34447,kmerseek.hp_thomas_dill_no_c2_k19_lcTrue,0.639,0.92,0.676,kmerseek.hp_kyte_doolittle2_k19_lcTrue,0.735,17,4,kmerseek.hp_kyte_doolittle2_k19_lcTrue;kmerseek.hp_kyte_doolittle2_k20_lcTrue;kmerseek.hp_kyte_doolittle2_k21_lcTrue;kmerseek.hp_kyte_doolittle2_k22_lcTrue;kmerseek.hp_kyte_doolittle2_k23_lcTrue;kmerseek.hp_pbotc_1st_ed2_k18_lcTrue;kmerseek.hp_pbotc_1st_ed2_k19_lcTrue;kmerseek.hp_pbotc_1st_ed2_k20_lcTrue;kmerseek.hp_pbotc_1st_ed2_k21_lcTrue;kmerseek.hp_thomas_dill2_k19_lcTrue;kmerseek.hp_thomas_dill2_k20_lcTrue;kmerseek.hp_thomas_dill2_k21_lcTrue;kmerseek.hp_thomas_dill_no_c2_k19_lcTrue;kmerseek.hp_thomas_dill_no_c2_k20_lcTrue;kmerseek.hp_thomas_dill_no_c2_k21_lcTrue;kmerseek.hp_thomas_dill_no_c2_k22_lcTrue;kmerseek.hp_thomas_dill_no_c2_k23_lcTrue,15,25,60.0,PF13832,53.1,false,,93.8,0.0,0.0,false,all criteria,0.106,spills,0.103,spills,0.252,spills,0.303,spills,0.362,spills,0.366,spills
MAPK14,Q16539,BINDING,ligand: ATP,BINDING,30,38,9,held out,worm,650,Q8I113,kmerseek.sdm12_k6_lcTrue,1.0,1.0,1.0,kmerseek.hsdm17_k5_lcTrue,1.0,17,6,kmerseek.hsdm17_k5_lcTrue;kmerseek.hsdm17_k6_lcTrue;kmerseek.hsdm17_k7_lcTrue;kmerseek.hsdm17_k8_lcTrue;kmerseek.mmseqs12_k5_lcTrue;kmerseek.mmseqs12_k6_lcTrue;kmerseek.mmseqs12_k7_lcTrue;kmerseek.protein20_k5_lcTrue;kmerseek.protein20_k6_lcTrue;kmerseek.protein20_k7_lcTrue;kmerseek.sdm12_k6_lcTrue;kmerseek.sdm12_k7_lcTrue;kmerseek.uniprot18_k5_lcTrue;kmerseek.uniprot18_k6_lcTrue;kmerseek.uniprot18_k7_lcTrue;kmerseek.wass14_k5_lcTrue;kmerseek.wass14_k6_lcTrue,8,9,88.9,PF00069,75.3,false,,80.3,0.2222222222222222,0.0,false,all criteria,0.058,spills,0.032,spills,0.114,spills,0.257,spills,0.056,spills,0.063,spills
GUCA1A,P43080,DOMAIN,EF-hand 2,DOMAIN,51,86,36,held out,worm,650,G5EBX9,kmerseek.hp_thomas_dill_no_c2_k19_lcTrue,0.583,1.0,0.583,kmerseek.hp_lehninger2_k18_lcTrue,0.583,12,6,kmerseek.hp_lehninger2_k18_lcTrue;kmerseek.hp_lehninger2_k19_lcTrue;kmerseek.hp_lehninger_c_nonpolar2_k18_lcTrue;kmerseek.hp_lehninger_c_nonpolar2_k19_lcTrue;kmerseek.hp_lehninger_hpc3_k16_lcTrue;kmerseek.hp_lehninger_hpc3_k17_lcTrue;kmerseek.hp_lehninger_hpc3_k18_lcTrue;kmerseek.hp_lehninger_hpc3_k19_lcTrue;kmerseek.hp_pbotc_1st_ed2_k18_lcTrue;kmerseek.hp_pbotc_1st_ed2_k19_lcTrue;kmerseek.hp_thomas_dill2_k19_lcTrue;kmerseek.hp_thomas_dill_no_c2_k19_lcTrue,11,21,52.4,PF00036,61.0,false,,79.2,0.08333333333333333,0.0,false,"criteria 5 and 3 loosened (structure tool inside, lower IoU)",0.327,spills,0.372,spills,0.522,"inside, lower IoU",0.861,equal or higher IoU,0.524,"inside, lower IoU",0.795,equal or higher IoU
TPBG,Q13641,REPEAT,LRR 3,REPEAT,141,163,23,composition,worm,650,G5EFX6,kmerseek.hp_kyte_doolittle2_k19_lcTrue,0.731,0.864,0.826,kmerseek.hp_lehninger_hpc3_k16_lcTrue,0.826,5,3,kmerseek.hp_kyte_doolittle2_k19_lcTrue;kmerseek.hp_lehninger_hpc3_k16_lcTrue;kmerseek.hp_pbotc_1st_ed2_k18_lcTrue;kmerseek.hp_pbotc_1st_ed2_k19_lcTrue;kmerseek.hp_pbotc_1st_ed2_k20_lcTrue,11,22,50.0,PF13855,59.1,false,,94.6,0.0,0.0,false,all criteria,0.138,spills,0.137,spills,0.117,spills,0.489,spills,0.113,spills,0.19,spills
NFKBIL1,Q9UBC1,REPEAT,ANK 2,REPEAT,97,130,34,composition,worm,650,Q18297,kmerseek.hp_kyte_doolittle2_k19_lcTrue,0.647,1.0,0.647,kmerseek.hp_lehninger_c_nonpolar2_k18_lcTrue,0.474,5,2,kmerseek.hp_kyte_doolittle2_k19_lcTrue;kmerseek.hp_kyte_doolittle2_k20_lcTrue;kmerseek.hp_lehninger_c_nonpolar2_k18_lcTrue;kmerseek.hp_lehninger_c_nonpolar2_k19_lcTrue;kmerseek.hp_lehninger_c_nonpolar2_k20_lcTrue,12,22,54.5,,,false,,81.8,0.029411764705882353,0.0,false,all criteria,0.459,spills,0.447,spills,0.453,spills,0.607,"inside, lower IoU",0.773,equal or higher IoU,0.654,equal or higher IoU
LATS1,O95835,BINDING,ligand: ATP,BINDING,711,719,9,held out,worm,650,O45797,kmerseek.sdm12_k6_lcTrue,1.0,1.0,1.0,kmerseek.hsdm17_k5_lcTrue,1.0,5,2,kmerseek.hsdm17_k5_lcTrue;kmerseek.hsdm17_k6_lcTrue;kmerseek.hsdm17_k7_lcTrue;kmerseek.sdm12_k6_lcTrue;kmerseek.sdm12_k7_lcTrue,6,9,66.7,PF00069,83.6,false,,82.8,0.1111111111111111,0.0,false,all criteria,0.034,spills,0.034,spills,0.106,spills,0.214,spills,0.07,spills,0.064,spills
MAP3K7,O43318,BINDING,ligand: ATP,BINDING,42,50,9,held out,worm,650,P39745,kmerseek.sdm12_k6_lcTrue,1.0,1.0,1.0,kmerseek.hsdm17_k5_lcTrue,0.778,4,2,kmerseek.hsdm17_k5_lcTrue;kmerseek.sdm12_k6_lcTrue;kmerseek.sdm12_k7_lcTrue;kmerseek.sdm12_k8_lcTrue,5,9,55.6,PF07714,35.4,false,,79.2,0.2222222222222222,0.0,false,all criteria,0.037,spills,0.036,spills,0.114,spills,0.36,spills,0.051,spills,0.065,spills
PPARD,Q03181,ZN_FING,NR C4-type,ZN_FING,111,133,23,held out,fly,600,P16376,kmerseek.hp_thomas_dill_no_c2_k19_lcTrue,0.885,0.885,1.0,kmerseek.hp_kyte_doolittle2_k21_lcTrue,0.958,88,15,kmerseek.dayhoff6_k10_lcTrue;kmerseek.dayhoff6_k11_lcTrue;kmerseek.dayhoff6_k12_lcTrue;kmerseek.dayhoff6_k13_lcTrue;kmerseek.dayhoff6_k14_lcTrue;kmerseek.dayhoff6_k15_lcTrue;kmerseek.dayhoff6_k16_lcTrue;kmerseek.dayhoff6_k17_lcTrue;kmerseek.dayhoff6_k8_lcTrue;kmerseek.dayhoff6_k9_lcTrue;kmerseek.funcgroups8_k10_lcTrue;kmerseek.funcgroups8_k11_lcTrue;kmerseek.funcgroups8_k12_lcTrue;kmerseek.funcgroups8_k13_lcTrue;kmerseek.funcgroups8_k14_lcTrue;kmerseek.funcgroups8_k7_lcTrue;kmerseek.funcgroups8_k8_lcTrue;kmerseek.funcgroups8_k9_lcTrue;kmerseek.gbmr4_k12_lcTrue;kmerseek.gbmr4_k13_lcTrue;kmerseek.gbmr4_k14_lcTrue;kmerseek.gbmr4_k15_lcTrue;kmerseek.gbmr4_k16_lcTrue;kmerseek.gbmr4_k17_lcTrue;kmerseek.gbmr4_k18_lcTrue;kmerseek.gbmr4_k19_lcTrue;kmerseek.gbmr4_k20_lcTrue;kmerseek.gbmr7_k10_lcTrue;kmerseek.gbmr7_k11_lcTrue;kmerseek.gbmr7_k12_lcTrue;kmerseek.gbmr7_k13_lcTrue;kmerseek.gbmr7_k14_lcTrue;kmerseek.gbmr7_k15_lcTrue;kmerseek.gbmr7_k16_lcTrue;kmerseek.gbmr7_k17_lcTrue;kmerseek.gbmr7_k18_lcTrue;kmerseek.hp_kyte_doolittle2_k19_lcTrue;kmerseek.hp_kyte_doolittle2_k20_lcTrue;kmerseek.hp_kyte_doolittle2_k21_lcTrue;kmerseek.hp_kyte_doolittle2_k22_lcTrue;kmerseek.hp_lehninger2_k18_lcTrue;kmerseek.hp_lehninger2_k19_lcTrue;kmerseek.hp_lehninger_c_nonpolar2_k18_lcTrue;kmerseek.hp_lehninger_c_nonpolar2_k19_lcTrue;kmerseek.hp_lehninger_c_nonpolar2_k20_lcTrue;kmerseek.hp_lehninger_hpc3_k16_lcTrue;kmerseek.hp_lehninger_hpc3_k17_lcTrue;kmerseek.hp_lehninger_hpc3_k18_lcTrue;kmerseek.hp_lehninger_hpc3_k19_lcTrue;kmerseek.hp_lehninger_hpc3_k20_lcTrue;kmerseek.hp_pbotc_1st_ed2_k18_lcTrue;kmerseek.hp_pbotc_1st_ed2_k19_lcTrue;kmerseek.hp_pbotc_1st_ed2_k20_lcTrue;kmerseek.hp_thomas_dill2_k19_lcTrue;kmerseek.hp_thomas_dill2_k20_lcTrue;kmerseek.hp_thomas_dill2_k21_lcTrue;kmerseek.hp_thomas_dill2_k22_lcTrue;kmerseek.hp_thomas_dill_no_c2_k19_lcTrue;kmerseek.hp_thomas_dill_no_c2_k20_lcTrue;kmerseek.hp_thomas_dill_no_c2_k21_lcTrue;kmerseek.hp_thomas_dill_no_c2_k22_lcTrue;kmerseek.hp_thomas_dill_no_c2_k23_lcTrue;kmerseek.hp_thomas_dill_no_c2_k24_lcTrue;kmerseek.hp_thomas_dill_no_c2_k25_lcTrue;kmerseek.mmseqs12_k10_lcTrue;kmerseek.mmseqs12_k11_lcTrue;kmerseek.mmseqs12_k12_lcTrue;kmerseek.mmseqs12_k5_lcTrue;kmerseek.mmseqs12_k6_lcTrue;kmerseek.mmseqs12_k7_lcTrue;kmerseek.mmseqs12_k8_lcTrue;kmerseek.mmseqs12_k9_lcTrue;kmerseek.polarity4_k10_lcTrue;kmerseek.polarity4_k11_lcTrue;kmerseek.polarity4_k12_lcTrue;kmerseek.sdm12_k10_lcTrue;kmerseek.sdm12_k11_lcTrue;kmerseek.sdm12_k6_lcTrue;kmerseek.sdm12_k7_lcTrue;kmerseek.sdm12_k8_lcTrue;kmerseek.sdm12_k9_lcTrue;kmerseek.wwmj5_k10_lcTrue;kmerseek.wwmj5_k11_lcTrue;kmerseek.wwmj5_k12_lcTrue;kmerseek.wwmj5_k13_lcTrue;kmerseek.wwmj5_k14_lcTrue;kmerseek.wwmj5_k8_lcTrue;kmerseek.wwmj5_k9_lcTrue,13,26,50.0,PF00105,77.6,false,,95.2,0.0,0.0,false,all criteria,0.237,spills,0.215,spills,0.242,spills,0.315,spills,0.307,spills,0.329,spills
ZNF165,P49910,ZN_FING,C2H2-type 6,ZN_FING,456,478,23,held out,fly,600,Q9VQ56,kmerseek.hp_thomas_dill_no_c2_k19_lcTrue,0.88,0.917,0.957,kmerseek.hp_lehninger2_k18_lcTrue,0.917,44,10,kmerseek.dayhoff6_k10_lcTrue;kmerseek.dayhoff6_k8_lcTrue;kmerseek.dayhoff6_k9_lcTrue;kmerseek.funcgroups8_k7_lcTrue;kmerseek.funcgroups8_k8_lcTrue;kmerseek.funcgroups8_k9_lcTrue;kmerseek.gbmr4_k12_lcTrue;kmerseek.gbmr4_k13_lcTrue;kmerseek.gbmr4_k14_lcTrue;kmerseek.gbmr4_k15_lcTrue;kmerseek.gbmr4_k16_lcTrue;kmerseek.gbmr4_k17_lcTrue;kmerseek.gbmr4_k18_lcTrue;kmerseek.gbmr4_k19_lcTrue;kmerseek.gbmr4_k20_lcTrue;kmerseek.gbmr4_k21_lcTrue;kmerseek.hp_lehninger2_k18_lcTrue;kmerseek.hp_lehninger2_k19_lcTrue;kmerseek.hp_lehninger2_k20_lcTrue;kmerseek.hp_lehninger2_k21_lcTrue;kmerseek.hp_lehninger_c_nonpolar2_k18_lcTrue;kmerseek.hp_lehninger_c_nonpolar2_k19_lcTrue;kmerseek.hp_lehninger_c_nonpolar2_k20_lcTrue;kmerseek.hp_lehninger_c_nonpolar2_k21_lcTrue;kmerseek.hp_lehninger_hpc3_k16_lcTrue;kmerseek.hp_lehninger_hpc3_k17_lcTrue;kmerseek.hp_lehninger_hpc3_k18_lcTrue;kmerseek.hp_lehninger_hpc3_k19_lcTrue;kmerseek.hp_lehninger_hpc3_k20_lcTrue;kmerseek.hp_lehninger_hpc3_k21_lcTrue;kmerseek.hp_pbotc_1st_ed2_k18_lcTrue;kmerseek.hp_pbotc_1st_ed2_k19_lcTrue;kmerseek.hp_pbotc_1st_ed2_k20_lcTrue;kmerseek.hp_pbotc_1st_ed2_k21_lcTrue;kmerseek.hp_pbotc_1st_ed2_k22_lcTrue;kmerseek.hp_thomas_dill2_k19_lcTrue;kmerseek.hp_thomas_dill2_k20_lcTrue;kmerseek.hp_thomas_dill2_k21_lcTrue;kmerseek.hp_thomas_dill2_k22_lcTrue;kmerseek.hp_thomas_dill_no_c2_k19_lcTrue;kmerseek.hp_thomas_dill_no_c2_k20_lcTrue;kmerseek.hp_thomas_dill_no_c2_k21_lcTrue;kmerseek.polarity4_k10_lcTrue;kmerseek.polarity4_k11_lcTrue,12,24,50.0,PF00096,86.8,false,,89.8,0.0,0.0,false,all criteria,0.124,spills,0.116,spills,0.274,spills,0.451,spills,0.431,spills,0.295,spills
PRDM1,O75626,ZN_FING,C2H2-type 3,ZN_FING,631,653,23,held out,fly,600,Q9VLK8,kmerseek.hp_thomas_dill_no_c2_k19_lcTrue,0.88,0.917,0.957,kmerseek.hp_lehninger2_k19_lcTrue,0.957,38,8,kmerseek.hp_kyte_doolittle2_k19_lcTrue;kmerseek.hp_kyte_doolittle2_k20_lcTrue;kmerseek.hp_kyte_doolittle2_k21_lcTrue;kmerseek.hp_kyte_doolittle2_k22_lcTrue;kmerseek.hp_kyte_doolittle2_k23_lcTrue;kmerseek.hp_lehninger2_k18_lcTrue;kmerseek.hp_lehninger2_k19_lcTrue;kmerseek.hp_lehninger2_k20_lcTrue;kmerseek.hp_lehninger2_k21_lcTrue;kmerseek.hp_lehninger2_k22_lcTrue;kmerseek.hp_lehninger_c_nonpolar2_k18_lcTrue;kmerseek.hp_lehninger_c_nonpolar2_k19_lcTrue;kmerseek.hp_lehninger_c_nonpolar2_k20_lcTrue;kmerseek.hp_lehninger_c_nonpolar2_k21_lcTrue;kmerseek.hp_lehninger_c_nonpolar2_k22_lcTrue;kmerseek.hp_lehninger_hpc3_k16_lcTrue;kmerseek.hp_lehninger_hpc3_k17_lcTrue;kmerseek.hp_lehninger_hpc3_k18_lcTrue;kmerseek.hp_lehninger_hpc3_k19_lcTrue;kmerseek.hp_lehninger_hpc3_k20_lcTrue;kmerseek.hp_lehninger_hpc3_k21_lcTrue;kmerseek.hp_lehninger_hpc3_k22_lcTrue;kmerseek.hp_pbotc_1st_ed2_k18_lcTrue;kmerseek.hp_pbotc_1st_ed2_k19_lcTrue;kmerseek.hp_pbotc_1st_ed2_k20_lcTrue;kmerseek.hp_pbotc_1st_ed2_k21_lcTrue;kmerseek.hp_pbotc_1st_ed2_k22_lcTrue;kmerseek.hp_thomas_dill2_k19_lcTrue;kmerseek.hp_thomas_dill2_k20_lcTrue;kmerseek.hp_thomas_dill2_k21_lcTrue;kmerseek.hp_thomas_dill2_k22_lcTrue;kmerseek.hp_thomas_dill2_k23_lcTrue;kmerseek.hp_thomas_dill_no_c2_k19_lcTrue;kmerseek.hp_thomas_dill_no_c2_k20_lcTrue;kmerseek.hp_thomas_dill_no_c2_k21_lcTrue;kmerseek.hp_thomas_dill_no_c2_k22_lcTrue;kmerseek.polarity4_k10_lcTrue;kmerseek.polarity4_k11_lcTrue,13,24,54.2,PF13912,67.5,false,,80.3,0.0,0.0,false,all criteria,0.24,spills,0.146,spills,0.2,spills,0.957,equal or higher IoU,0.657,"inside, lower IoU",0.442,spills
SLC35B3,Q9H1N7,TRANSMEM,Helical,TRANSMEM,324,346,23,composition,fly,600,Q9VVD9,kmerseek.hp_lehninger_c_nonpolar2_k18_lcTrue,0.88,0.917,0.957,kmerseek.hp_lehninger2_k18_lcTrue,0.88,34,7,kmerseek.dayhoff6_k8_lcTrue;kmerseek.dayhoff6_k9_lcTrue;kmerseek.funcgroups8_k8_lcTrue;kmerseek.funcgroups8_k9_lcTrue;kmerseek.hp_kyte_doolittle2_k19_lcTrue;kmerseek.hp_kyte_doolittle2_k20_lcTrue;kmerseek.hp_kyte_doolittle2_k21_lcTrue;kmerseek.hp_lehninger2_k18_lcTrue;kmerseek.hp_lehninger2_k19_lcTrue;kmerseek.hp_lehninger2_k20_lcTrue;kmerseek.hp_lehninger2_k21_lcTrue;kmerseek.hp_lehninger2_k22_lcTrue;kmerseek.hp_lehninger_c_nonpolar2_k18_lcTrue;kmerseek.hp_lehninger_c_nonpolar2_k19_lcTrue;kmerseek.hp_lehninger_c_nonpolar2_k20_lcTrue;kmerseek.hp_lehninger_c_nonpolar2_k21_lcTrue;kmerseek.hp_lehninger_c_nonpolar2_k22_lcTrue;kmerseek.hp_lehninger_hpc3_k16_lcTrue;kmerseek.hp_lehninger_hpc3_k17_lcTrue;kmerseek.hp_lehninger_hpc3_k18_lcTrue;kmerseek.hp_lehninger_hpc3_k19_lcTrue;kmerseek.hp_lehninger_hpc3_k20_lcTrue;kmerseek.hp_lehninger_hpc3_k21_lcTrue;kmerseek.hp_lehninger_hpc3_k22_lcTrue;kmerseek.polarity4_k10_lcTrue;kmerseek.polarity4_k11_lcTrue;kmerseek.polarity4_k12_lcTrue;kmerseek.polarity4_k13_lcTrue;kmerseek.polarity4_k14_lcTrue;kmerseek.polarity4_k15_lcTrue;kmerseek.polarity4_k16_lcTrue;kmerseek.polarity4_k17_lcTrue;kmerseek.polarity4_k18_lcTrue;kmerseek.polarity4_k19_lcTrue,16,24,66.7,PF08449,62.6,false,0.1875,79.0,0.17391304347826086,0.0,false,all criteria,0.111,spills,0.123,spills,0.25,spills,0.082,spills,0.083,spills,0.122,spills
KCNK16,Q96T55,INTRAMEM,Pore-forming; Name=Pore-forming 2,INTRAMEM,202,221,20,composition,fly,600,P08510,kmerseek.mmseqs12_k7_lcTrue,0.5,1.0,0.5,kmerseek.gbmr7_k10_lcTrue,0.85,28,9,kmerseek.gbmr4_k12_lcTrue;kmerseek.gbmr4_k13_lcTrue;kmerseek.gbmr4_k14_lcTrue;kmerseek.gbmr7_k10_lcTrue;kmerseek.gbmr7_k11_lcTrue;kmerseek.gbmr7_k12_lcTrue;kmerseek.gbmr7_k13_lcTrue;kmerseek.gbmr7_k14_lcTrue;kmerseek.gbmr7_k15_lcTrue;kmerseek.hsdm17_k5_lcTrue;kmerseek.hsdm17_k6_lcTrue;kmerseek.mmseqs12_k6_lcTrue;kmerseek.mmseqs12_k7_lcTrue;kmerseek.mmseqs12_k8_lcTrue;kmerseek.protein20_k5_lcTrue;kmerseek.protein20_k6_lcTrue;kmerseek.sdm12_k6_lcTrue;kmerseek.sdm12_k7_lcTrue;kmerseek.sdm12_k8_lcTrue;kmerseek.uniprot18_k5_lcTrue;kmerseek.uniprot18_k6_lcTrue;kmerseek.wass14_k5_lcTrue;kmerseek.wass14_k6_lcTrue;kmerseek.wwmj5_k10_lcTrue;kmerseek.wwmj5_k11_lcTrue;kmerseek.wwmj5_k12_lcTrue;kmerseek.wwmj5_k8_lcTrue;kmerseek.wwmj5_k9_lcTrue,5,10,50.0,PF07885,50.1,false,,94.7,0.0,0.0,false,all criteria,0.096,spills,0.092,spills,0.07,spills,0.084,spills,0.084,spills,0.085,spills
KCNK17,Q96T54,INTRAMEM,Pore-forming; Name=Pore-forming 2,INTRAMEM,211,230,20,composition,fly,600,P08510,kmerseek.mmseqs12_k7_lcTrue,0.5,1.0,0.5,kmerseek.gbmr7_k10_lcTrue,0.85,22,6,kmerseek.gbmr4_k12_lcTrue;kmerseek.gbmr4_k13_lcTrue;kmerseek.gbmr4_k14_lcTrue;kmerseek.gbmr7_k10_lcTrue;kmerseek.gbmr7_k11_lcTrue;kmerseek.gbmr7_k12_lcTrue;kmerseek.gbmr7_k13_lcTrue;kmerseek.gbmr7_k14_lcTrue;kmerseek.gbmr7_k15_lcTrue;kmerseek.hsdm17_k5_lcTrue;kmerseek.hsdm17_k6_lcTrue;kmerseek.mmseqs12_k6_lcTrue;kmerseek.mmseqs12_k7_lcTrue;kmerseek.mmseqs12_k8_lcTrue;kmerseek.sdm12_k6_lcTrue;kmerseek.sdm12_k7_lcTrue;kmerseek.sdm12_k8_lcTrue;kmerseek.wwmj5_k10_lcTrue;kmerseek.wwmj5_k11_lcTrue;kmerseek.wwmj5_k12_lcTrue;kmerseek.wwmj5_k8_lcTrue;kmerseek.wwmj5_k9_lcTrue,6,10,60.0,PF07885,65.0,false,,93.8,0.0,0.0,false,all criteria,0.079,spills,0.09,spills,0.068,spills,0.081,spills,0.217,spills,0.081,spills
KCNK5,O95279,INTRAMEM,Pore-forming; Name=Pore-forming 2,INTRAMEM,190,215,26,composition,fly,600,Q94526,kmerseek.mmseqs12_k7_lcTrue,0.346,1.0,0.346,kmerseek.gbmr4_k12_lcTrue,0.615,16,6,kmerseek.dayhoff6_k8_lcTrue;kmerseek.dayhoff6_k9_lcTrue;kmerseek.gbmr4_k12_lcTrue;kmerseek.gbmr4_k13_lcTrue;kmerseek.gbmr4_k14_lcTrue;kmerseek.gbmr7_k10_lcTrue;kmerseek.gbmr7_k11_lcTrue;kmerseek.mmseqs12_k6_lcTrue;kmerseek.mmseqs12_k7_lcTrue;kmerseek.sdm12_k6_lcTrue;kmerseek.sdm12_k7_lcTrue;kmerseek.sdm12_k8_lcTrue;kmerseek.wwmj5_k10_lcTrue;kmerseek.wwmj5_k11_lcTrue;kmerseek.wwmj5_k8_lcTrue;kmerseek.wwmj5_k9_lcTrue,7,9,77.8,PF07885,56.1,false,,95.1,0.0,0.0,false,all criteria,0.054,spills,0.053,spills,0.055,spills,0.11,spills,0.108,spills,0.11,spills
ZNF76,P36508,ZN_FING,C2H2-type 7,ZN_FING,345,368,24,held out,fly,600,Q9VQU9,kmerseek.hp_thomas_dill_no_c2_k19_lcTrue,0.741,0.87,0.833,kmerseek.hp_pbotc_1st_ed2_k18_lcTrue,0.808,13,4,kmerseek.dayhoff6_k8_lcTrue;kmerseek.dayhoff6_k9_lcTrue;kmerseek.gbmr4_k12_lcTrue;kmerseek.gbmr4_k13_lcTrue;kmerseek.gbmr4_k14_lcTrue;kmerseek.gbmr4_k15_lcTrue;kmerseek.gbmr4_k16_lcTrue;kmerseek.gbmr4_k17_lcTrue;kmerseek.hp_pbotc_1st_ed2_k18_lcTrue;kmerseek.hp_pbotc_1st_ed2_k19_lcTrue;kmerseek.hp_pbotc_1st_ed2_k20_lcTrue;kmerseek.hp_pbotc_1st_ed2_k21_lcTrue;kmerseek.hp_thomas_dill_no_c2_k19_lcTrue,12,23,52.2,PF00096,82.3,false,,85.4,0.0,0.125,false,all criteria,0.267,spills,0.098,spills,0.429,spills,0.774,equal or higher IoU,0.381,spills,0.414,spills
SGK1,O00141,BINDING,ligand: ATP,BINDING,104,112,9,held out,fly,600,Q9NI63,kmerseek.sdm12_k6_lcTrue,1.0,1.0,1.0,kmerseek.hsdm17_k5_lcTrue,1.0,13,6,kmerseek.hsdm17_k5_lcTrue;kmerseek.hsdm17_k6_lcTrue;kmerseek.hsdm17_k7_lcTrue;kmerseek.mmseqs12_k5_lcTrue;kmerseek.protein20_k5_lcTrue;kmerseek.protein20_k6_lcTrue;kmerseek.sdm12_k6_lcTrue;kmerseek.sdm12_k7_lcTrue;kmerseek.sdm12_k8_lcTrue;kmerseek.uniprot18_k5_lcTrue;kmerseek.uniprot18_k6_lcTrue;kmerseek.wass14_k5_lcTrue;kmerseek.wass14_k6_lcTrue,6,9,66.7,PF00069,59.6,false,,88.0,0.0,0.0,false,all criteria,0.035,spills,0.035,spills,0.092,spills,0.155,spills,0.048,spills,0.068,spills
MAP3K5,Q99683,BINDING,ligand: ATP,BINDING,686,694,9,held out,fly,600,P23572,kmerseek.sdm12_k6_lcTrue,0.9,0.9,1.0,kmerseek.mmseqs12_k5_lcTrue,1.0,13,6,kmerseek.hsdm17_k5_lcTrue;kmerseek.hsdm17_k6_lcTrue;kmerseek.hsdm17_k7_lcTrue;kmerseek.hsdm17_k8_lcTrue;kmerseek.mmseqs12_k5_lcTrue;kmerseek.mmseqs12_k6_lcTrue;kmerseek.mmseqs12_k7_lcTrue;kmerseek.protein20_k5_lcTrue;kmerseek.sdm12_k6_lcTrue;kmerseek.sdm12_k7_lcTrue;kmerseek.sdm12_k8_lcTrue;kmerseek.uniprot18_k5_lcTrue;kmerseek.wass14_k5_lcTrue,7,10,70.0,PF00069,75.7,false,,81.8,0.1111111111111111,0.0,false,all criteria,0.036,spills,0.036,spills,0.082,spills,0.143,spills,0.048,spills,0.062,spills
KCNK17,Q96T54,INTRAMEM,Pore-forming; Name=Pore-forming 1,INTRAMEM,106,124,19,composition,fly,600,P08510,kmerseek.mmseqs12_k7_lcTrue,0.526,1.0,0.526,kmerseek.dayhoff6_k10_lcTrue,0.632,12,4,kmerseek.dayhoff6_k10_lcTrue;kmerseek.dayhoff6_k11_lcTrue;kmerseek.dayhoff6_k8_lcTrue;kmerseek.dayhoff6_k9_lcTrue;kmerseek.funcgroups8_k7_lcTrue;kmerseek.funcgroups8_k8_lcTrue;kmerseek.mmseqs12_k5_lcTrue;kmerseek.mmseqs12_k6_lcTrue;kmerseek.mmseqs12_k7_lcTrue;kmerseek.mmseqs12_k8_lcTrue;kmerseek.sdm12_k7_lcTrue;kmerseek.sdm12_k8_lcTrue,6,10,60.0,PF07885,55.2,false,,90.3,0.0,0.0,false,all criteria,0.075,spills,0.094,spills,0.065,spills,0.38,spills,0.388,spills,0.487,spills
KCNK16,Q96T55,INTRAMEM,Pore-forming; Name=Pore-forming 1,INTRAMEM,98,116,19,composition,fly,600,P08510,kmerseek.mmseqs12_k7_lcTrue,0.526,1.0,0.526,kmerseek.gbmr4_k12_lcTrue,0.619,9,3,kmerseek.dayhoff6_k10_lcTrue;kmerseek.dayhoff6_k8_lcTrue;kmerseek.dayhoff6_k9_lcTrue;kmerseek.gbmr4_k12_lcTrue;kmerseek.gbmr4_k13_lcTrue;kmerseek.mmseqs12_k5_lcTrue;kmerseek.mmseqs12_k6_lcTrue;kmerseek.mmseqs12_k7_lcTrue;kmerseek.mmseqs12_k8_lcTrue,6,10,60.0,PF07885,60.1,false,,94.1,0.0,0.0,false,all criteria,0.149,spills,0.14,spills,0.067,spills,0.442,spills,0.432,spills,0.487,spills
MAPK13,O15264,BINDING,ligand: ATP,BINDING,31,39,9,held out,fly,600,O62618,kmerseek.sdm12_k6_lcTrue,1.0,1.0,1.0,kmerseek.mmseqs12_k5_lcTrue,1.0,8,4,kmerseek.mmseqs12_k5_lcTrue;kmerseek.mmseqs12_k6_lcTrue;kmerseek.mmseqs12_k7_lcTrue;kmerseek.protein20_k5_lcTrue;kmerseek.sdm12_k6_lcTrue;kmerseek.sdm12_k7_lcTrue;kmerseek.sdm12_k8_lcTrue;kmerseek.uniprot18_k5_lcTrue,8,9,88.9,PF00069,66.5,false,,87.2,0.0,0.0,false,all criteria,0.037,spills,0.038,spills,0.102,spills,0.145,spills,0.071,spills,0.071,spills
LATS1,O95835,BINDING,ligand: ATP,BINDING,711,719,9,held out,fly,600,P04412,kmerseek.sdm12_k6_lcTrue,1.0,1.0,1.0,kmerseek.hsdm17_k5_lcTrue,1.0,8,5,kmerseek.hsdm17_k5_lcTrue;kmerseek.hsdm17_k6_lcTrue;kmerseek.hsdm17_k7_lcTrue;kmerseek.mmseqs12_k6_lcTrue;kmerseek.protein20_k5_lcTrue;kmerseek.sdm12_k6_lcTrue;kmerseek.sdm12_k7_lcTrue;kmerseek.uniprot18_k5_lcTrue,7,9,77.8,PF00069,86.6,false,,82.8,0.1111111111111111,0.0,false,all criteria,0.03,spills,0.029,spills,0.11,spills,0.127,spills,0.064,spills,0.068,spills
MAP3K4,Q9Y6R4,BINDING,ligand: ATP,BINDING,1349,1357,9,held out,fly,600,P05130,kmerseek.sdm12_k6_lcTrue,1.0,1.0,1.0,kmerseek.hsdm17_k5_lcTrue,0.6,2,2,kmerseek.hsdm17_k5_lcTrue;kmerseek.sdm12_k6_lcTrue,5,9,55.6,PF00069,64.7,false,,78.0,0.3333333333333333,0.0,false,all criteria,0.035,spills,0.035,spills,0.091,spills,0.155,spills,0.046,spills,0.071,spills
ZBTB24,O43167,ZN_FING,C2H2-type 3,ZN_FING,350,372,23,held out,zebrafish,430,Q52KB5,kmerseek.hp_thomas_dill_no_c2_k19_lcTrue,0.778,0.84,0.913,kmerseek.gbmr4_k13_lcTrue,0.875,91,14,kmerseek.dayhoff6_k10_lcTrue;kmerseek.dayhoff6_k11_lcTrue;kmerseek.dayhoff6_k12_lcTrue;kmerseek.dayhoff6_k13_lcTrue;kmerseek.dayhoff6_k14_lcTrue;kmerseek.dayhoff6_k15_lcTrue;kmerseek.dayhoff6_k16_lcTrue;kmerseek.dayhoff6_k8_lcTrue;kmerseek.dayhoff6_k9_lcTrue;kmerseek.funcgroups8_k10_lcTrue;kmerseek.funcgroups8_k11_lcTrue;kmerseek.funcgroups8_k12_lcTrue;kmerseek.funcgroups8_k13_lcTrue;kmerseek.funcgroups8_k14_lcTrue;kmerseek.funcgroups8_k15_lcTrue;kmerseek.funcgroups8_k16_lcTrue;kmerseek.funcgroups8_k7_lcTrue;kmerseek.funcgroups8_k8_lcTrue;kmerseek.funcgroups8_k9_lcTrue;kmerseek.gbmr4_k13_lcTrue;kmerseek.gbmr4_k14_lcTrue;kmerseek.gbmr4_k15_lcTrue;kmerseek.gbmr4_k16_lcTrue;kmerseek.gbmr4_k17_lcTrue;kmerseek.gbmr4_k18_lcTrue;kmerseek.gbmr4_k19_lcTrue;kmerseek.gbmr4_k20_lcTrue;kmerseek.hp_kyte_doolittle2_k19_lcTrue;kmerseek.hp_kyte_doolittle2_k20_lcTrue;kmerseek.hp_kyte_doolittle2_k21_lcTrue;kmerseek.hp_kyte_doolittle2_k22_lcTrue;kmerseek.hp_kyte_doolittle2_k23_lcTrue;kmerseek.hp_lehninger2_k18_lcTrue;kmerseek.hp_lehninger2_k19_lcTrue;kmerseek.hp_lehninger2_k20_lcTrue;kmerseek.hp_lehninger_c_nonpolar2_k18_lcTrue;kmerseek.hp_lehninger_c_nonpolar2_k19_lcTrue;kmerseek.hp_lehninger_hpc3_k16_lcTrue;kmerseek.hp_lehninger_hpc3_k17_lcTrue;kmerseek.hp_lehninger_hpc3_k18_lcTrue;kmerseek.hp_lehninger_hpc3_k19_lcTrue;kmerseek.hp_lehninger_hpc3_k20_lcTrue;kmerseek.hp_pbotc_1st_ed2_k18_lcTrue;kmerseek.hp_pbotc_1st_ed2_k19_lcTrue;kmerseek.hp_pbotc_1st_ed2_k20_lcTrue;kmerseek.hp_pbotc_1st_ed2_k21_lcTrue;kmerseek.hp_pbotc_1st_ed2_k22_lcTrue;kmerseek.hp_pbotc_1st_ed2_k23_lcTrue;kmerseek.hp_thomas_dill2_k19_lcTrue;kmerseek.hp_thomas_dill2_k20_lcTrue;kmerseek.hp_thomas_dill2_k21_lcTrue;kmerseek.hp_thomas_dill2_k22_lcTrue;kmerseek.hp_thomas_dill2_k23_lcTrue;kmerseek.hp_thomas_dill_no_c2_k19_lcTrue;kmerseek.hp_thomas_dill_no_c2_k20_lcTrue;kmerseek.hp_thomas_dill_no_c2_k21_lcTrue;kmerseek.hp_thomas_dill_no_c2_k22_lcTrue;kmerseek.hp_thomas_dill_no_c2_k23_lcTrue;kmerseek.mmseqs12_k10_lcTrue;kmerseek.mmseqs12_k11_lcTrue;kmerseek.mmseqs12_k12_lcTrue;kmerseek.mmseqs12_k13_lcTrue;kmerseek.mmseqs12_k14_lcTrue;kmerseek.mmseqs12_k5_lcTrue;kmerseek.mmseqs12_k6_lcTrue;kmerseek.mmseqs12_k7_lcTrue;kmerseek.mmseqs12_k8_lcTrue;kmerseek.mmseqs12_k9_lcTrue;kmerseek.polarity4_k10_lcTrue;kmerseek.polarity4_k11_lcTrue;kmerseek.polarity4_k12_lcTrue;kmerseek.polarity4_k13_lcTrue;kmerseek.polarity4_k14_lcTrue;kmerseek.polarity4_k15_lcTrue;kmerseek.polarity4_k16_lcTrue;kmerseek.polarity4_k17_lcTrue;kmerseek.polarity4_k18_lcTrue;kmerseek.polarity4_k19_lcTrue;kmerseek.sdm12_k10_lcTrue;kmerseek.sdm12_k11_lcTrue;kmerseek.sdm12_k12_lcTrue;kmerseek.sdm12_k13_lcTrue;kmerseek.sdm12_k14_lcTrue;kmerseek.sdm12_k15_lcTrue;kmerseek.sdm12_k6_lcTrue;kmerseek.sdm12_k7_lcTrue;kmerseek.sdm12_k8_lcTrue;kmerseek.sdm12_k9_lcTrue;kmerseek.wwmj5_k10_lcTrue;kmerseek.wwmj5_k8_lcTrue;kmerseek.wwmj5_k9_lcTrue,20,25,80.0,PF00096,91.1,false,,80.3,0.043478260869565216,0.0,false,all criteria,0.093,spills,0.097,spills,0.112,spills,0.442,spills,0.28,spills,0.28,spills
LRFN2,Q9ULH4,REPEAT,LRR 7,REPEAT,198,219,22,composition,zebrafish,430,Q6PGX3,kmerseek.hp_kyte_doolittle2_k19_lcTrue,0.875,0.913,0.955,kmerseek.hp_lehninger2_k19_lcTrue,1.0,91,14,kmerseek.dayhoff6_k10_lcTrue;kmerseek.dayhoff6_k8_lcTrue;kmerseek.dayhoff6_k9_lcTrue;kmerseek.gbmr4_k13_lcTrue;kmerseek.gbmr4_k14_lcTrue;kmerseek.gbmr4_k15_lcTrue;kmerseek.gbmr4_k16_lcTrue;kmerseek.gbmr4_k17_lcTrue;kmerseek.gbmr4_k18_lcTrue;kmerseek.gbmr4_k19_lcTrue;kmerseek.gbmr7_k11_lcTrue;kmerseek.gbmr7_k12_lcTrue;kmerseek.gbmr7_k13_lcTrue;kmerseek.gbmr7_k14_lcTrue;kmerseek.gbmr7_k15_lcTrue;kmerseek.gbmr7_k16_lcTrue;kmerseek.gbmr7_k17_lcTrue;kmerseek.gbmr7_k18_lcTrue;kmerseek.hp_kyte_doolittle2_k19_lcTrue;kmerseek.hp_kyte_doolittle2_k20_lcTrue;kmerseek.hp_kyte_doolittle2_k21_lcTrue;kmerseek.hp_kyte_doolittle2_k22_lcTrue;kmerseek.hp_kyte_doolittle2_k23_lcTrue;kmerseek.hp_kyte_doolittle2_k24_lcTrue;kmerseek.hp_lehninger2_k18_lcTrue;kmerseek.hp_lehninger2_k19_lcTrue;kmerseek.hp_lehninger2_k20_lcTrue;kmerseek.hp_lehninger2_k21_lcTrue;kmerseek.hp_lehninger2_k22_lcTrue;kmerseek.hp_lehninger2_k23_lcTrue;kmerseek.hp_lehninger2_k24_lcTrue;kmerseek.hp_lehninger_c_nonpolar2_k18_lcTrue;kmerseek.hp_lehninger_c_nonpolar2_k19_lcTrue;kmerseek.hp_lehninger_c_nonpolar2_k20_lcTrue;kmerseek.hp_lehninger_c_nonpolar2_k21_lcTrue;kmerseek.hp_lehninger_c_nonpolar2_k22_lcTrue;kmerseek.hp_lehninger_c_nonpolar2_k23_lcTrue;kmerseek.hp_lehninger_c_nonpolar2_k24_lcTrue;kmerseek.hp_lehninger_hpc3_k16_lcTrue;kmerseek.hp_lehninger_hpc3_k17_lcTrue;kmerseek.hp_lehninger_hpc3_k18_lcTrue;kmerseek.hp_lehninger_hpc3_k19_lcTrue;kmerseek.hp_lehninger_hpc3_k20_lcTrue;kmerseek.hp_lehninger_hpc3_k21_lcTrue;kmerseek.hp_lehninger_hpc3_k22_lcTrue;kmerseek.hp_lehninger_hpc3_k23_lcTrue;kmerseek.hp_lehninger_hpc3_k24_lcTrue;kmerseek.hp_pbotc_1st_ed2_k18_lcTrue;kmerseek.hp_pbotc_1st_ed2_k19_lcTrue;kmerseek.hp_pbotc_1st_ed2_k20_lcTrue;kmerseek.hp_pbotc_1st_ed2_k21_lcTrue;kmerseek.hp_pbotc_1st_ed2_k22_lcTrue;kmerseek.hp_pbotc_1st_ed2_k23_lcTrue;kmerseek.hp_pbotc_1st_ed2_k24_lcTrue;kmerseek.hp_thomas_dill2_k19_lcTrue;kmerseek.hp_thomas_dill2_k20_lcTrue;kmerseek.hp_thomas_dill2_k21_lcTrue;kmerseek.hp_thomas_dill2_k22_lcTrue;kmerseek.hp_thomas_dill2_k23_lcTrue;kmerseek.hp_thomas_dill2_k24_lcTrue;kmerseek.hp_thomas_dill_no_c2_k19_lcTrue;kmerseek.hp_thomas_dill_no_c2_k20_lcTrue;kmerseek.hp_thomas_dill_no_c2_k21_lcTrue;kmerseek.hp_thomas_dill_no_c2_k22_lcTrue;kmerseek.hp_thomas_dill_no_c2_k23_lcTrue;kmerseek.hp_thomas_dill_no_c2_k24_lcTrue;kmerseek.mmseqs12_k10_lcTrue;kmerseek.mmseqs12_k5_lcTrue;kmerseek.mmseqs12_k6_lcTrue;kmerseek.mmseqs12_k7_lcTrue;kmerseek.mmseqs12_k8_lcTrue;kmerseek.mmseqs12_k9_lcTrue;kmerseek.polarity4_k10_lcTrue;kmerseek.polarity4_k11_lcTrue;kmerseek.polarity4_k12_lcTrue;kmerseek.polarity4_k13_lcTrue;kmerseek.sdm12_k10_lcTrue;kmerseek.sdm12_k6_lcTrue;kmerseek.sdm12_k7_lcTrue;kmerseek.sdm12_k8_lcTrue;kmerseek.sdm12_k9_lcTrue;kmerseek.wwmj5_k10_lcTrue;kmerseek.wwmj5_k11_lcTrue;kmerseek.wwmj5_k12_lcTrue;kmerseek.wwmj5_k13_lcTrue;kmerseek.wwmj5_k14_lcTrue;kmerseek.wwmj5_k15_lcTrue;kmerseek.wwmj5_k16_lcTrue;kmerseek.wwmj5_k17_lcTrue;kmerseek.wwmj5_k8_lcTrue;kmerseek.wwmj5_k9_lcTrue,17,23,73.9,PF13855,89.1,false,,93.7,0.0,0.0,false,all criteria,0.156,spills,0.102,spills,0.131,spills,0.158,spills,0.103,spills,0.232,spills
STXBP5,Q5T5C0,REPEAT,WD 5,REPEAT,240,272,33,composition,zebrafish,430,Q5SQE2,kmerseek.hp_kyte_doolittle2_k19_lcTrue,0.8,0.933,0.848,kmerseek.hp_thomas_dill2_k19_lcTrue,0.818,91,11,kmerseek.dayhoff6_k10_lcTrue;kmerseek.dayhoff6_k11_lcTrue;kmerseek.dayhoff6_k12_lcTrue;kmerseek.dayhoff6_k13_lcTrue;kmerseek.dayhoff6_k14_lcTrue;kmerseek.dayhoff6_k15_lcTrue;kmerseek.dayhoff6_k16_lcTrue;kmerseek.dayhoff6_k17_lcTrue;kmerseek.dayhoff6_k8_lcTrue;kmerseek.dayhoff6_k9_lcTrue;kmerseek.gbmr4_k13_lcTrue;kmerseek.gbmr4_k14_lcTrue;kmerseek.gbmr4_k15_lcTrue;kmerseek.gbmr4_k16_lcTrue;kmerseek.gbmr4_k17_lcTrue;kmerseek.gbmr4_k18_lcTrue;kmerseek.gbmr4_k19_lcTrue;kmerseek.gbmr4_k20_lcTrue;kmerseek.gbmr4_k21_lcTrue;kmerseek.hp_kyte_doolittle2_k19_lcTrue;kmerseek.hp_kyte_doolittle2_k20_lcTrue;kmerseek.hp_kyte_doolittle2_k21_lcTrue;kmerseek.hp_kyte_doolittle2_k22_lcTrue;kmerseek.hp_kyte_doolittle2_k23_lcTrue;kmerseek.hp_kyte_doolittle2_k24_lcTrue;kmerseek.hp_kyte_doolittle2_k25_lcTrue;kmerseek.hp_kyte_doolittle2_k26_lcTrue;kmerseek.hp_kyte_doolittle2_k27_lcTrue;kmerseek.hp_kyte_doolittle2_k28_lcTrue;kmerseek.hp_lehninger2_k18_lcTrue;kmerseek.hp_lehninger2_k19_lcTrue;kmerseek.hp_lehninger2_k20_lcTrue;kmerseek.hp_lehninger2_k21_lcTrue;kmerseek.hp_lehninger2_k22_lcTrue;kmerseek.hp_lehninger_c_nonpolar2_k18_lcTrue;kmerseek.hp_lehninger_c_nonpolar2_k19_lcTrue;kmerseek.hp_lehninger_c_nonpolar2_k20_lcTrue;kmerseek.hp_lehninger_c_nonpolar2_k21_lcTrue;kmerseek.hp_lehninger_c_nonpolar2_k22_lcTrue;kmerseek.hp_lehninger_hpc3_k16_lcTrue;kmerseek.hp_lehninger_hpc3_k17_lcTrue;kmerseek.hp_lehninger_hpc3_k18_lcTrue;kmerseek.hp_lehninger_hpc3_k19_lcTrue;kmerseek.hp_lehninger_hpc3_k20_lcTrue;kmerseek.hp_lehninger_hpc3_k21_lcTrue;kmerseek.hp_lehninger_hpc3_k22_lcTrue;kmerseek.hp_pbotc_1st_ed2_k18_lcTrue;kmerseek.hp_pbotc_1st_ed2_k19_lcTrue;kmerseek.hp_pbotc_1st_ed2_k20_lcTrue;kmerseek.hp_pbotc_1st_ed2_k21_lcTrue;kmerseek.hp_pbotc_1st_ed2_k22_lcTrue;kmerseek.hp_thomas_dill2_k19_lcTrue;kmerseek.hp_thomas_dill2_k20_lcTrue;kmerseek.hp_thomas_dill2_k21_lcTrue;kmerseek.hp_thomas_dill2_k22_lcTrue;kmerseek.hp_thomas_dill2_k23_lcTrue;kmerseek.hp_thomas_dill2_k24_lcTrue;kmerseek.hp_thomas_dill2_k25_lcTrue;kmerseek.hp_thomas_dill2_k26_lcTrue;kmerseek.hp_thomas_dill2_k27_lcTrue;kmerseek.hp_thomas_dill2_k28_lcTrue;kmerseek.hp_thomas_dill_no_c2_k19_lcTrue;kmerseek.hp_thomas_dill_no_c2_k20_lcTrue;kmerseek.hp_thomas_dill_no_c2_k21_lcTrue;kmerseek.hp_thomas_dill_no_c2_k22_lcTrue;kmerseek.hp_thomas_dill_no_c2_k23_lcTrue;kmerseek.hp_thomas_dill_no_c2_k24_lcTrue;kmerseek.hp_thomas_dill_no_c2_k25_lcTrue;kmerseek.hp_thomas_dill_no_c2_k26_lcTrue;kmerseek.hp_thomas_dill_no_c2_k27_lcTrue;kmerseek.hp_thomas_dill_no_c2_k28_lcTrue;kmerseek.polarity4_k10_lcTrue;kmerseek.polarity4_k11_lcTrue;kmerseek.polarity4_k12_lcTrue;kmerseek.polarity4_k13_lcTrue;kmerseek.polarity4_k14_lcTrue;kmerseek.polarity4_k15_lcTrue;kmerseek.polarity4_k16_lcTrue;kmerseek.polarity4_k17_lcTrue;kmerseek.polarity4_k18_lcTrue;kmerseek.polarity4_k19_lcTrue;kmerseek.sdm12_k10_lcTrue;kmerseek.sdm12_k11_lcTrue;kmerseek.sdm12_k12_lcTrue;kmerseek.sdm12_k13_lcTrue;kmerseek.sdm12_k14_lcTrue;kmerseek.sdm12_k15_lcTrue;kmerseek.sdm12_k6_lcTrue;kmerseek.sdm12_k7_lcTrue;kmerseek.sdm12_k8_lcTrue;kmerseek.sdm12_k9_lcTrue,21,30,70.0,PF00400,100.0,false,,96.7,0.0,0.0,false,all criteria,0.183,spills,0.144,spills,0.337,spills,0.882,equal or higher IoU,0.452,spills,0.491,"inside, lower IoU"
STXBP5,Q5T5C0,REPEAT,WD 7,REPEAT,344,378,35,composition,zebrafish,430,Q5SQE2,kmerseek.hp_kyte_doolittle2_k19_lcTrue,0.629,1.0,0.629,kmerseek.hp_lehninger2_k20_lcTrue,0.829,81,11,kmerseek.gbmr4_k13_lcTrue;kmerseek.gbmr4_k14_lcTrue;kmerseek.gbmr4_k15_lcTrue;kmerseek.gbmr4_k16_lcTrue;kmerseek.gbmr4_k17_lcTrue;kmerseek.gbmr4_k18_lcTrue;kmerseek.gbmr4_k19_lcTrue;kmerseek.gbmr4_k20_lcTrue;kmerseek.gbmr4_k21_lcTrue;kmerseek.gbmr7_k15_lcTrue;kmerseek.gbmr7_k16_lcTrue;kmerseek.gbmr7_k17_lcTrue;kmerseek.gbmr7_k18_lcTrue;kmerseek.hp_kyte_doolittle2_k19_lcTrue;kmerseek.hp_kyte_doolittle2_k20_lcTrue;kmerseek.hp_lehninger2_k18_lcTrue;kmerseek.hp_lehninger2_k19_lcTrue;kmerseek.hp_lehninger2_k20_lcTrue;kmerseek.hp_lehninger2_k21_lcTrue;kmerseek.hp_lehninger2_k22_lcTrue;kmerseek.hp_lehninger2_k23_lcTrue;kmerseek.hp_lehninger2_k24_lcTrue;kmerseek.hp_lehninger2_k25_lcTrue;kmerseek.hp_lehninger2_k26_lcTrue;kmerseek.hp_lehninger2_k27_lcTrue;kmerseek.hp_lehninger_c_nonpolar2_k18_lcTrue;kmerseek.hp_lehninger_c_nonpolar2_k19_lcTrue;kmerseek.hp_lehninger_c_nonpolar2_k20_lcTrue;kmerseek.hp_lehninger_c_nonpolar2_k21_lcTrue;kmerseek.hp_lehninger_c_nonpolar2_k22_lcTrue;kmerseek.hp_lehninger_c_nonpolar2_k23_lcTrue;kmerseek.hp_lehninger_c_nonpolar2_k24_lcTrue;kmerseek.hp_lehninger_c_nonpolar2_k25_lcTrue;kmerseek.hp_lehninger_c_nonpolar2_k26_lcTrue;kmerseek.hp_lehninger_c_nonpolar2_k27_lcTrue;kmerseek.hp_lehninger_hpc3_k16_lcTrue;kmerseek.hp_lehninger_hpc3_k17_lcTrue;kmerseek.hp_lehninger_hpc3_k18_lcTrue;kmerseek.hp_lehninger_hpc3_k19_lcTrue;kmerseek.hp_lehninger_hpc3_k20_lcTrue;kmerseek.hp_lehninger_hpc3_k21_lcTrue;kmerseek.hp_lehninger_hpc3_k22_lcTrue;kmerseek.hp_lehninger_hpc3_k23_lcTrue;kmerseek.hp_lehninger_hpc3_k24_lcTrue;kmerseek.hp_lehninger_hpc3_k25_lcTrue;kmerseek.hp_lehninger_hpc3_k26_lcTrue;kmerseek.hp_lehninger_hpc3_k27_lcTrue;kmerseek.hp_pbotc_1st_ed2_k18_lcTrue;kmerseek.hp_pbotc_1st_ed2_k19_lcTrue;kmerseek.hp_pbotc_1st_ed2_k20_lcTrue;kmerseek.hp_pbotc_1st_ed2_k21_lcTrue;kmerseek.hp_pbotc_1st_ed2_k22_lcTrue;kmerseek.hp_pbotc_1st_ed2_k23_lcTrue;kmerseek.hp_pbotc_1st_ed2_k24_lcTrue;kmerseek.hp_pbotc_1st_ed2_k25_lcTrue;kmerseek.hp_pbotc_1st_ed2_k26_lcTrue;kmerseek.hp_pbotc_1st_ed2_k27_lcTrue;kmerseek.hp_thomas_dill2_k19_lcTrue;kmerseek.hp_thomas_dill2_k20_lcTrue;kmerseek.hp_thomas_dill_no_c2_k19_lcTrue;kmerseek.hp_thomas_dill_no_c2_k20_lcTrue;kmerseek.polarity4_k10_lcTrue;kmerseek.polarity4_k11_lcTrue;kmerseek.polarity4_k12_lcTrue;kmerseek.polarity4_k13_lcTrue;kmerseek.polarity4_k14_lcTrue;kmerseek.polarity4_k15_lcTrue;kmerseek.polarity4_k16_lcTrue;kmerseek.polarity4_k17_lcTrue;kmerseek.polarity4_k18_lcTrue;kmerseek.polarity4_k19_lcTrue;kmerseek.wwmj5_k10_lcTrue;kmerseek.wwmj5_k11_lcTrue;kmerseek.wwmj5_k12_lcTrue;kmerseek.wwmj5_k13_lcTrue;kmerseek.wwmj5_k14_lcTrue;kmerseek.wwmj5_k15_lcTrue;kmerseek.wwmj5_k16_lcTrue;kmerseek.wwmj5_k17_lcTrue;kmerseek.wwmj5_k8_lcTrue;kmerseek.wwmj5_k9_lcTrue,17,22,77.3,PF08366,94.9,false,,95.4,0.0,0.0,false,all criteria,0.109,spills,0.114,spills,0.17,spills,0.076,spills,0.036,spills,0.036,spills
RIPPLY2,Q5TAB7,REGION,Ripply homology domain,REGION (named),77,112,36,composition,zebrafish,430,Q2WG79,kmerseek.hp_thomas_dill2_k19_lcTrue,0.868,0.943,0.917,kmerseek.hp_lehninger2_k18_lcTrue,0.9,71,7,kmerseek.gbmr4_k13_lcTrue;kmerseek.gbmr4_k14_lcTrue;kmerseek.gbmr4_k15_lcTrue;kmerseek.gbmr4_k16_lcTrue;kmerseek.gbmr4_k17_lcTrue;kmerseek.gbmr4_k18_lcTrue;kmerseek.gbmr4_k19_lcTrue;kmerseek.gbmr4_k20_lcTrue;kmerseek.gbmr4_k21_lcTrue;kmerseek.hp_lehninger2_k18_lcTrue;kmerseek.hp_lehninger2_k19_lcTrue;kmerseek.hp_lehninger2_k20_lcTrue;kmerseek.hp_lehninger2_k21_lcTrue;kmerseek.hp_lehninger2_k22_lcTrue;kmerseek.hp_lehninger2_k23_lcTrue;kmerseek.hp_lehninger2_k24_lcTrue;kmerseek.hp_lehninger2_k25_lcTrue;kmerseek.hp_lehninger2_k26_lcTrue;kmerseek.hp_lehninger2_k27_lcTrue;kmerseek.hp_lehninger2_k28_lcTrue;kmerseek.hp_lehninger2_k29_lcTrue;kmerseek.hp_lehninger_c_nonpolar2_k18_lcTrue;kmerseek.hp_lehninger_c_nonpolar2_k19_lcTrue;kmerseek.hp_lehninger_c_nonpolar2_k20_lcTrue;kmerseek.hp_lehninger_c_nonpolar2_k21_lcTrue;kmerseek.hp_lehninger_c_nonpolar2_k22_lcTrue;kmerseek.hp_lehninger_c_nonpolar2_k23_lcTrue;kmerseek.hp_lehninger_c_nonpolar2_k24_lcTrue;kmerseek.hp_lehninger_c_nonpolar2_k25_lcTrue;kmerseek.hp_lehninger_c_nonpolar2_k26_lcTrue;kmerseek.hp_lehninger_c_nonpolar2_k27_lcTrue;kmerseek.hp_lehninger_c_nonpolar2_k28_lcTrue;kmerseek.hp_lehninger_c_nonpolar2_k29_lcTrue;kmerseek.hp_lehninger_hpc3_k16_lcTrue;kmerseek.hp_lehninger_hpc3_k17_lcTrue;kmerseek.hp_lehninger_hpc3_k18_lcTrue;kmerseek.hp_lehninger_hpc3_k19_lcTrue;kmerseek.hp_lehninger_hpc3_k20_lcTrue;kmerseek.hp_lehninger_hpc3_k21_lcTrue;kmerseek.hp_lehninger_hpc3_k22_lcTrue;kmerseek.hp_lehninger_hpc3_k23_lcTrue;kmerseek.hp_lehninger_hpc3_k24_lcTrue;kmerseek.hp_lehninger_hpc3_k25_lcTrue;kmerseek.hp_lehninger_hpc3_k26_lcTrue;kmerseek.hp_lehninger_hpc3_k27_lcTrue;kmerseek.hp_pbotc_1st_ed2_k18_lcTrue;kmerseek.hp_pbotc_1st_ed2_k19_lcTrue;kmerseek.hp_pbotc_1st_ed2_k20_lcTrue;kmerseek.hp_pbotc_1st_ed2_k21_lcTrue;kmerseek.hp_pbotc_1st_ed2_k22_lcTrue;kmerseek.hp_pbotc_1st_ed2_k23_lcTrue;kmerseek.hp_pbotc_1st_ed2_k24_lcTrue;kmerseek.hp_pbotc_1st_ed2_k25_lcTrue;kmerseek.hp_pbotc_1st_ed2_k26_lcTrue;kmerseek.hp_pbotc_1st_ed2_k27_lcTrue;kmerseek.hp_pbotc_1st_ed2_k28_lcTrue;kmerseek.hp_pbotc_1st_ed2_k29_lcTrue;kmerseek.hp_thomas_dill2_k19_lcTrue;kmerseek.hp_thomas_dill2_k20_lcTrue;kmerseek.hp_thomas_dill2_k21_lcTrue;kmerseek.hp_thomas_dill2_k22_lcTrue;kmerseek.hp_thomas_dill2_k23_lcTrue;kmerseek.hp_thomas_dill2_k24_lcTrue;kmerseek.hp_thomas_dill2_k25_lcTrue;kmerseek.hp_thomas_dill2_k26_lcTrue;kmerseek.hp_thomas_dill2_k27_lcTrue;kmerseek.hp_thomas_dill2_k28_lcTrue;kmerseek.hp_thomas_dill2_k29_lcTrue;kmerseek.hp_thomas_dill2_k30_lcTrue;kmerseek.hp_thomas_dill_no_c2_k19_lcTrue;kmerseek.hp_thomas_dill_no_c2_k20_lcTrue,25,35,71.4,PF14998,57.0,false,,83.3,0.1111111111111111,0.056,false,"criteria 5 and 3 loosened (structure tool inside, lower IoU)",0.53,"inside, lower IoU",0.336,spills,0.837,"inside, lower IoU",0.409,spills,0.429,spills,0.429,spills
PAK1IP1,Q9NWT1,REPEAT,WD 2,REPEAT,73,113,41,composition,zebrafish,430,Q6TNS2,kmerseek.hp_kyte_doolittle2_k19_lcTrue,0.634,1.0,0.634,kmerseek.hp_lehninger2_k18_lcTrue,0.878,70,8,kmerseek.gbmr4_k13_lcTrue;kmerseek.gbmr4_k14_lcTrue;kmerseek.gbmr4_k15_lcTrue;kmerseek.gbmr4_k16_lcTrue;kmerseek.gbmr4_k17_lcTrue;kmerseek.gbmr4_k18_lcTrue;kmerseek.gbmr4_k19_lcTrue;kmerseek.gbmr4_k20_lcTrue;kmerseek.gbmr4_k21_lcTrue;kmerseek.hp_kyte_doolittle2_k19_lcTrue;kmerseek.hp_kyte_doolittle2_k20_lcTrue;kmerseek.hp_kyte_doolittle2_k21_lcTrue;kmerseek.hp_kyte_doolittle2_k22_lcTrue;kmerseek.hp_kyte_doolittle2_k23_lcTrue;kmerseek.hp_kyte_doolittle2_k24_lcTrue;kmerseek.hp_lehninger2_k18_lcTrue;kmerseek.hp_lehninger2_k19_lcTrue;kmerseek.hp_lehninger2_k20_lcTrue;kmerseek.hp_lehninger2_k21_lcTrue;kmerseek.hp_lehninger2_k22_lcTrue;kmerseek.hp_lehninger2_k23_lcTrue;kmerseek.hp_lehninger2_k24_lcTrue;kmerseek.hp_lehninger2_k25_lcTrue;kmerseek.hp_lehninger2_k26_lcTrue;kmerseek.hp_lehninger2_k27_lcTrue;kmerseek.hp_lehninger2_k28_lcTrue;kmerseek.hp_lehninger2_k29_lcTrue;kmerseek.hp_lehninger_c_nonpolar2_k18_lcTrue;kmerseek.hp_lehninger_c_nonpolar2_k19_lcTrue;kmerseek.hp_lehninger_c_nonpolar2_k20_lcTrue;kmerseek.hp_lehninger_c_nonpolar2_k21_lcTrue;kmerseek.hp_lehninger_c_nonpolar2_k22_lcTrue;kmerseek.hp_lehninger_c_nonpolar2_k23_lcTrue;kmerseek.hp_lehninger_c_nonpolar2_k24_lcTrue;kmerseek.hp_lehninger_c_nonpolar2_k25_lcTrue;kmerseek.hp_lehninger_c_nonpolar2_k26_lcTrue;kmerseek.hp_lehninger_c_nonpolar2_k27_lcTrue;kmerseek.hp_lehninger_c_nonpolar2_k28_lcTrue;kmerseek.hp_lehninger_c_nonpolar2_k29_lcTrue;kmerseek.hp_lehninger_hpc3_k16_lcTrue;kmerseek.hp_lehninger_hpc3_k17_lcTrue;kmerseek.hp_lehninger_hpc3_k18_lcTrue;kmerseek.hp_lehninger_hpc3_k19_lcTrue;kmerseek.hp_lehninger_hpc3_k20_lcTrue;kmerseek.hp_lehninger_hpc3_k21_lcTrue;kmerseek.hp_lehninger_hpc3_k22_lcTrue;kmerseek.hp_lehninger_hpc3_k23_lcTrue;kmerseek.hp_lehninger_hpc3_k24_lcTrue;kmerseek.hp_lehninger_hpc3_k25_lcTrue;kmerseek.hp_lehninger_hpc3_k26_lcTrue;kmerseek.hp_lehninger_hpc3_k27_lcTrue;kmerseek.hp_pbotc_1st_ed2_k18_lcTrue;kmerseek.hp_pbotc_1st_ed2_k19_lcTrue;kmerseek.hp_pbotc_1st_ed2_k20_lcTrue;kmerseek.hp_pbotc_1st_ed2_k21_lcTrue;kmerseek.hp_pbotc_1st_ed2_k22_lcTrue;kmerseek.hp_pbotc_1st_ed2_k23_lcTrue;kmerseek.hp_pbotc_1st_ed2_k24_lcTrue;kmerseek.hp_pbotc_1st_ed2_k25_lcTrue;kmerseek.hp_thomas_dill2_k19_lcTrue;kmerseek.hp_thomas_dill2_k20_lcTrue;kmerseek.hp_thomas_dill2_k21_lcTrue;kmerseek.hp_thomas_dill2_k22_lcTrue;kmerseek.hp_thomas_dill2_k23_lcTrue;kmerseek.hp_thomas_dill2_k24_lcTrue;kmerseek.hp_thomas_dill_no_c2_k20_lcTrue;kmerseek.hp_thomas_dill_no_c2_k21_lcTrue;kmerseek.hp_thomas_dill_no_c2_k22_lcTrue;kmerseek.hp_thomas_dill_no_c2_k23_lcTrue;kmerseek.hp_thomas_dill_no_c2_k24_lcTrue,19,26,73.1,PF00400,89.8,false,,96.5,0.0,0.0,false,all criteria,0.174,spills,0.17,spills,0.277,spills,0.902,equal or higher IoU,0.5,"inside, lower IoU",0.661,equal or higher IoU
PPARD,Q03181,ZN_FING,NR C4-type,ZN_FING,111,133,23,held out,zebrafish,430,Q06726,kmerseek.hp_thomas_dill_no_c2_k19_lcTrue,0.885,0.885,1.0,kmerseek.hp_lehninger_c_nonpolar2_k22_lcTrue,0.958,67,12,kmerseek.dayhoff6_k8_lcTrue;kmerseek.dayhoff6_k9_lcTrue;kmerseek.funcgroups8_k10_lcTrue;kmerseek.funcgroups8_k11_lcTrue;kmerseek.funcgroups8_k12_lcTrue;kmerseek.funcgroups8_k13_lcTrue;kmerseek.funcgroups8_k14_lcTrue;kmerseek.funcgroups8_k15_lcTrue;kmerseek.funcgroups8_k7_lcTrue;kmerseek.funcgroups8_k8_lcTrue;kmerseek.funcgroups8_k9_lcTrue;kmerseek.gbmr4_k14_lcTrue;kmerseek.gbmr4_k15_lcTrue;kmerseek.gbmr4_k16_lcTrue;kmerseek.hp_kyte_doolittle2_k19_lcTrue;kmerseek.hp_kyte_doolittle2_k20_lcTrue;kmerseek.hp_kyte_doolittle2_k21_lcTrue;kmerseek.hp_kyte_doolittle2_k22_lcTrue;kmerseek.hp_kyte_doolittle2_k23_lcTrue;kmerseek.hp_lehninger2_k18_lcTrue;kmerseek.hp_lehninger2_k19_lcTrue;kmerseek.hp_lehninger2_k20_lcTrue;kmerseek.hp_lehninger2_k21_lcTrue;kmerseek.hp_lehninger2_k22_lcTrue;kmerseek.hp_lehninger2_k23_lcTrue;kmerseek.hp_lehninger2_k24_lcTrue;kmerseek.hp_lehninger_c_nonpolar2_k18_lcTrue;kmerseek.hp_lehninger_c_nonpolar2_k19_lcTrue;kmerseek.hp_lehninger_c_nonpolar2_k20_lcTrue;kmerseek.hp_lehninger_c_nonpolar2_k21_lcTrue;kmerseek.hp_lehninger_c_nonpolar2_k22_lcTrue;kmerseek.hp_lehninger_hpc3_k16_lcTrue;kmerseek.hp_lehninger_hpc3_k17_lcTrue;kmerseek.hp_lehninger_hpc3_k18_lcTrue;kmerseek.hp_lehninger_hpc3_k19_lcTrue;kmerseek.hp_lehninger_hpc3_k20_lcTrue;kmerseek.hp_lehninger_hpc3_k21_lcTrue;kmerseek.hp_pbotc_1st_ed2_k18_lcTrue;kmerseek.hp_pbotc_1st_ed2_k19_lcTrue;kmerseek.hp_pbotc_1st_ed2_k20_lcTrue;kmerseek.hp_pbotc_1st_ed2_k21_lcTrue;kmerseek.hp_pbotc_1st_ed2_k22_lcTrue;kmerseek.hp_thomas_dill2_k19_lcTrue;kmerseek.hp_thomas_dill2_k20_lcTrue;kmerseek.hp_thomas_dill2_k21_lcTrue;kmerseek.hp_thomas_dill2_k22_lcTrue;kmerseek.hp_thomas_dill2_k23_lcTrue;kmerseek.hp_thomas_dill_no_c2_k19_lcTrue;kmerseek.hp_thomas_dill_no_c2_k20_lcTrue;kmerseek.hp_thomas_dill_no_c2_k21_lcTrue;kmerseek.hp_thomas_dill_no_c2_k22_lcTrue;kmerseek.polarity4_k10_lcTrue;kmerseek.polarity4_k11_lcTrue;kmerseek.polarity4_k12_lcTrue;kmerseek.polarity4_k13_lcTrue;kmerseek.polarity4_k14_lcTrue;kmerseek.polarity4_k15_lcTrue;kmerseek.polarity4_k16_lcTrue;kmerseek.wwmj5_k10_lcTrue;kmerseek.wwmj5_k11_lcTrue;kmerseek.wwmj5_k12_lcTrue;kmerseek.wwmj5_k13_lcTrue;kmerseek.wwmj5_k14_lcTrue;kmerseek.wwmj5_k15_lcTrue;kmerseek.wwmj5_k16_lcTrue;kmerseek.wwmj5_k17_lcTrue;kmerseek.wwmj5_k9_lcTrue,13,26,50.0,PF00105,100.0,false,,95.2,0.0,0.0,false,all criteria,0.065,spills,0.158,spills,0.284,spills,0.307,spills,0.277,spills,0.303,spills
PHF10,Q8WUB8,ZN_FING,PHD-type 1; degenerate,ZN_FING,379,436,58,held out,zebrafish,430,A9LMC0,kmerseek.hp_thomas_dill_no_c2_k19_lcTrue,0.552,1.0,0.552,kmerseek.dayhoff6_k10_lcTrue,0.638,58,5,kmerseek.dayhoff6_k10_lcTrue;kmerseek.dayhoff6_k11_lcTrue;kmerseek.dayhoff6_k12_lcTrue;kmerseek.dayhoff6_k13_lcTrue;kmerseek.dayhoff6_k14_lcTrue;kmerseek.dayhoff6_k15_lcTrue;kmerseek.dayhoff6_k16_lcTrue;kmerseek.dayhoff6_k17_lcTrue;kmerseek.dayhoff6_k8_lcTrue;kmerseek.dayhoff6_k9_lcTrue;kmerseek.hp_kyte_doolittle2_k19_lcTrue;kmerseek.hp_kyte_doolittle2_k20_lcTrue;kmerseek.hp_kyte_doolittle2_k21_lcTrue;kmerseek.hp_kyte_doolittle2_k22_lcTrue;kmerseek.hp_kyte_doolittle2_k23_lcTrue;kmerseek.hp_kyte_doolittle2_k24_lcTrue;kmerseek.hp_kyte_doolittle2_k25_lcTrue;kmerseek.hp_kyte_doolittle2_k26_lcTrue;kmerseek.hp_kyte_doolittle2_k27_lcTrue;kmerseek.hp_kyte_doolittle2_k28_lcTrue;kmerseek.hp_kyte_doolittle2_k29_lcTrue;kmerseek.hp_kyte_doolittle2_k30_lcTrue;kmerseek.hp_pbotc_1st_ed2_k18_lcTrue;kmerseek.hp_pbotc_1st_ed2_k19_lcTrue;kmerseek.hp_pbotc_1st_ed2_k20_lcTrue;kmerseek.hp_pbotc_1st_ed2_k21_lcTrue;kmerseek.hp_pbotc_1st_ed2_k22_lcTrue;kmerseek.hp_pbotc_1st_ed2_k23_lcTrue;kmerseek.hp_pbotc_1st_ed2_k24_lcTrue;kmerseek.hp_pbotc_1st_ed2_k25_lcTrue;kmerseek.hp_pbotc_1st_ed2_k26_lcTrue;kmerseek.hp_pbotc_1st_ed2_k27_lcTrue;kmerseek.hp_pbotc_1st_ed2_k28_lcTrue;kmerseek.hp_pbotc_1st_ed2_k29_lcTrue;kmerseek.hp_thomas_dill2_k19_lcTrue;kmerseek.hp_thomas_dill2_k20_lcTrue;kmerseek.hp_thomas_dill2_k21_lcTrue;kmerseek.hp_thomas_dill2_k22_lcTrue;kmerseek.hp_thomas_dill2_k23_lcTrue;kmerseek.hp_thomas_dill2_k24_lcTrue;kmerseek.hp_thomas_dill2_k25_lcTrue;kmerseek.hp_thomas_dill2_k26_lcTrue;kmerseek.hp_thomas_dill2_k27_lcTrue;kmerseek.hp_thomas_dill2_k28_lcTrue;kmerseek.hp_thomas_dill2_k29_lcTrue;kmerseek.hp_thomas_dill2_k30_lcTrue;kmerseek.hp_thomas_dill_no_c2_k19_lcTrue;kmerseek.hp_thomas_dill_no_c2_k20_lcTrue;kmerseek.hp_thomas_dill_no_c2_k21_lcTrue;kmerseek.hp_thomas_dill_no_c2_k22_lcTrue;kmerseek.hp_thomas_dill_no_c2_k23_lcTrue;kmerseek.hp_thomas_dill_no_c2_k24_lcTrue;kmerseek.hp_thomas_dill_no_c2_k25_lcTrue;kmerseek.hp_thomas_dill_no_c2_k26_lcTrue;kmerseek.hp_thomas_dill_no_c2_k27_lcTrue;kmerseek.hp_thomas_dill_no_c2_k28_lcTrue;kmerseek.hp_thomas_dill_no_c2_k29_lcTrue;kmerseek.hp_thomas_dill_no_c2_k30_lcTrue,16,32,50.0,PF00628,91.3,false,,93.9,0.0,0.0,false,"criteria 5 and 3 loosened (structure tool inside, lower IoU)",0.354,spills,0.443,spills,0.547,"inside, lower IoU",0.527,"inside, lower IoU",0.58,equal or higher IoU,0.724,equal or higher IoU
DLL1,O00548,DOMAIN,EGF-like 7; calcium-binding,DOMAIN,447,478,32,held out,zebrafish,430,Q8UWJ4,kmerseek.hp_thomas_dill_no_c2_k19_lcTrue,0.727,0.96,0.75,kmerseek.gbmr4_k13_lcTrue,0.824,49,7,kmerseek.gbmr4_k13_lcTrue;kmerseek.gbmr4_k14_lcTrue;kmerseek.gbmr4_k15_lcTrue;kmerseek.gbmr4_k16_lcTrue;kmerseek.gbmr4_k17_lcTrue;kmerseek.gbmr4_k18_lcTrue;kmerseek.gbmr4_k19_lcTrue;kmerseek.gbmr4_k20_lcTrue;kmerseek.gbmr4_k21_lcTrue;kmerseek.hp_lehninger2_k18_lcTrue;kmerseek.hp_lehninger2_k19_lcTrue;kmerseek.hp_lehninger2_k20_lcTrue;kmerseek.hp_lehninger2_k21_lcTrue;kmerseek.hp_lehninger2_k22_lcTrue;kmerseek.hp_lehninger2_k23_lcTrue;kmerseek.hp_lehninger2_k24_lcTrue;kmerseek.hp_lehninger_c_nonpolar2_k18_lcTrue;kmerseek.hp_lehninger_c_nonpolar2_k19_lcTrue;kmerseek.hp_lehninger_c_nonpolar2_k20_lcTrue;kmerseek.hp_lehninger_c_nonpolar2_k21_lcTrue;kmerseek.hp_lehninger_c_nonpolar2_k22_lcTrue;kmerseek.hp_lehninger_c_nonpolar2_k23_lcTrue;kmerseek.hp_lehninger_c_nonpolar2_k24_lcTrue;kmerseek.hp_lehninger_hpc3_k16_lcTrue;kmerseek.hp_lehninger_hpc3_k17_lcTrue;kmerseek.hp_lehninger_hpc3_k18_lcTrue;kmerseek.hp_lehninger_hpc3_k19_lcTrue;kmerseek.hp_lehninger_hpc3_k20_lcTrue;kmerseek.hp_lehninger_hpc3_k21_lcTrue;kmerseek.hp_lehninger_hpc3_k22_lcTrue;kmerseek.hp_lehninger_hpc3_k23_lcTrue;kmerseek.hp_lehninger_hpc3_k24_lcTrue;kmerseek.hp_pbotc_1st_ed2_k18_lcTrue;kmerseek.hp_pbotc_1st_ed2_k19_lcTrue;kmerseek.hp_pbotc_1st_ed2_k20_lcTrue;kmerseek.hp_pbotc_1st_ed2_k21_lcTrue;kmerseek.hp_pbotc_1st_ed2_k22_lcTrue;kmerseek.hp_pbotc_1st_ed2_k23_lcTrue;kmerseek.hp_pbotc_1st_ed2_k24_lcTrue;kmerseek.hp_thomas_dill2_k19_lcTrue;kmerseek.hp_thomas_dill2_k20_lcTrue;kmerseek.hp_thomas_dill2_k21_lcTrue;kmerseek.hp_thomas_dill2_k22_lcTrue;kmerseek.hp_thomas_dill2_k23_lcTrue;kmerseek.hp_thomas_dill2_k24_lcTrue;kmerseek.hp_thomas_dill_no_c2_k19_lcTrue;kmerseek.hp_thomas_dill_no_c2_k20_lcTrue;kmerseek.hp_thomas_dill_no_c2_k21_lcTrue;kmerseek.hp_thomas_dill_no_c2_k22_lcTrue,18,25,72.0,PF00008,90.8,false,,89.7,0.0,0.0,false,all criteria,0.168,spills,0.136,spills,0.278,spills,0.97,equal or higher IoU,1.0,equal or higher IoU,1.0,equal or higher IoU
ZNF165,P49910,ZN_FING,C2H2-type 6,ZN_FING,456,478,23,held out,zebrafish,430,Q25C93,kmerseek.hp_thomas_dill_no_c2_k19_lcTrue,0.88,0.917,0.957,kmerseek.gbmr4_k13_lcTrue,1.0,39,8,kmerseek.gbmr4_k13_lcTrue;kmerseek.gbmr4_k14_lcTrue;kmerseek.gbmr4_k15_lcTrue;kmerseek.gbmr4_k16_lcTrue;kmerseek.gbmr4_k17_lcTrue;kmerseek.gbmr4_k18_lcTrue;kmerseek.gbmr4_k19_lcTrue;kmerseek.gbmr4_k20_lcTrue;kmerseek.gbmr4_k21_lcTrue;kmerseek.hp_lehninger2_k18_lcTrue;kmerseek.hp_lehninger2_k19_lcTrue;kmerseek.hp_lehninger2_k20_lcTrue;kmerseek.hp_lehninger2_k21_lcTrue;kmerseek.hp_lehninger_c_nonpolar2_k18_lcTrue;kmerseek.hp_lehninger_c_nonpolar2_k19_lcTrue;kmerseek.hp_lehninger_c_nonpolar2_k20_lcTrue;kmerseek.hp_lehninger_c_nonpolar2_k21_lcTrue;kmerseek.hp_lehninger_hpc3_k16_lcTrue;kmerseek.hp_lehninger_hpc3_k17_lcTrue;kmerseek.hp_lehninger_hpc3_k18_lcTrue;kmerseek.hp_lehninger_hpc3_k19_lcTrue;kmerseek.hp_lehninger_hpc3_k20_lcTrue;kmerseek.hp_lehninger_hpc3_k21_lcTrue;kmerseek.hp_pbotc_1st_ed2_k18_lcTrue;kmerseek.hp_pbotc_1st_ed2_k19_lcTrue;kmerseek.hp_pbotc_1st_ed2_k20_lcTrue;kmerseek.hp_pbotc_1st_ed2_k21_lcTrue;kmerseek.hp_pbotc_1st_ed2_k22_lcTrue;kmerseek.hp_thomas_dill2_k19_lcTrue;kmerseek.hp_thomas_dill2_k20_lcTrue;kmerseek.hp_thomas_dill2_k21_lcTrue;kmerseek.hp_thomas_dill2_k22_lcTrue;kmerseek.hp_thomas_dill_no_c2_k19_lcTrue;kmerseek.hp_thomas_dill_no_c2_k20_lcTrue;kmerseek.hp_thomas_dill_no_c2_k21_lcTrue;kmerseek.wwmj5_k10_lcTrue;kmerseek.wwmj5_k11_lcTrue;kmerseek.wwmj5_k12_lcTrue;kmerseek.wwmj5_k9_lcTrue,12,24,50.0,PF00096,80.1,false,,89.8,0.0,0.0,false,all criteria,0.067,spills,0.124,spills,0.164,spills,0.793,"inside, lower IoU",0.277,spills,0.434,spills
PHACTR1,Q9C0D0,REPEAT,RPEL 1,REPEAT,138,163,26,composition,zebrafish,430,Q6PEI3,kmerseek.hp_kyte_doolittle2_k19_lcTrue,0.806,0.833,0.962,kmerseek.hp_thomas_dill2_k19_lcTrue,0.923,28,3,kmerseek.hp_kyte_doolittle2_k19_lcTrue;kmerseek.hp_kyte_doolittle2_k20_lcTrue;kmerseek.hp_kyte_doolittle2_k21_lcTrue;kmerseek.hp_kyte_doolittle2_k22_lcTrue;kmerseek.hp_kyte_doolittle2_k23_lcTrue;kmerseek.hp_kyte_doolittle2_k24_lcTrue;kmerseek.hp_kyte_doolittle2_k25_lcTrue;kmerseek.hp_kyte_doolittle2_k26_lcTrue;kmerseek.hp_kyte_doolittle2_k27_lcTrue;kmerseek.hp_kyte_doolittle2_k28_lcTrue;kmerseek.hp_thomas_dill2_k19_lcTrue;kmerseek.hp_thomas_dill2_k20_lcTrue;kmerseek.hp_thomas_dill2_k21_lcTrue;kmerseek.hp_thomas_dill2_k22_lcTrue;kmerseek.hp_thomas_dill2_k23_lcTrue;kmerseek.hp_thomas_dill2_k24_lcTrue;kmerseek.hp_thomas_dill2_k25_lcTrue;kmerseek.hp_thomas_dill2_k26_lcTrue;kmerseek.hp_thomas_dill2_k27_lcTrue;kmerseek.hp_thomas_dill_no_c2_k19_lcTrue;kmerseek.hp_thomas_dill_no_c2_k20_lcTrue;kmerseek.hp_thomas_dill_no_c2_k21_lcTrue;kmerseek.hp_thomas_dill_no_c2_k22_lcTrue;kmerseek.hp_thomas_dill_no_c2_k23_lcTrue;kmerseek.hp_thomas_dill_no_c2_k24_lcTrue;kmerseek.hp_thomas_dill_no_c2_k25_lcTrue;kmerseek.hp_thomas_dill_no_c2_k26_lcTrue;kmerseek.hp_thomas_dill_no_c2_k27_lcTrue,17,30,56.7,PF02755,64.8,false,,80.7,0.11538461538461539,0.231,false,all criteria,0.052,spills,0.054,spills,0.213,spills,0.289,spills,0.053,spills,0.0,no call
EHMT2,Q96KQ7,REPEAT,ANK 4,REPEAT,750,780,31,composition,zebrafish,430,Q502K3,kmerseek.hp_kyte_doolittle2_k19_lcTrue,0.677,1.0,0.677,kmerseek.hp_thomas_dill_no_c2_k19_lcTrue,0.677,13,6,kmerseek.gbmr4_k13_lcTrue;kmerseek.gbmr4_k14_lcTrue;kmerseek.gbmr4_k15_lcTrue;kmerseek.gbmr4_k16_lcTrue;kmerseek.hp_kyte_doolittle2_k19_lcTrue;kmerseek.hp_lehninger_hpc3_k16_lcTrue;kmerseek.hp_lehninger_hpc3_k17_lcTrue;kmerseek.hp_pbotc_1st_ed2_k18_lcTrue;kmerseek.hp_thomas_dill2_k19_lcTrue;kmerseek.hp_thomas_dill_no_c2_k19_lcTrue;kmerseek.hp_thomas_dill_no_c2_k20_lcTrue;kmerseek.hp_thomas_dill_no_c2_k21_lcTrue;kmerseek.hp_thomas_dill_no_c2_k22_lcTrue,11,21,52.4,PF00023,69.3,false,,95.5,0.0,0.0,false,all criteria,0.36,spills,0.231,spills,0.185,spills,0.66,"inside, lower IoU",0.348,spills,0.484,spills
ZSCAN9,O15535,ZN_FING,C2H2-type 3,ZN_FING,310,332,23,held out,zebrafish,430,Q7T3H2,kmerseek.hp_thomas_dill_no_c2_k19_lcTrue,0.852,0.852,1.0,kmerseek.gbmr4_k13_lcTrue,0.667,11,2,kmerseek.gbmr4_k13_lcTrue;kmerseek.gbmr4_k14_lcTrue;kmerseek.gbmr4_k15_lcTrue;kmerseek.gbmr4_k16_lcTrue;kmerseek.hp_thomas_dill_no_c2_k19_lcTrue;kmerseek.hp_thomas_dill_no_c2_k20_lcTrue;kmerseek.hp_thomas_dill_no_c2_k21_lcTrue;kmerseek.hp_thomas_dill_no_c2_k22_lcTrue;kmerseek.hp_thomas_dill_no_c2_k23_lcTrue;kmerseek.hp_thomas_dill_no_c2_k24_lcTrue;kmerseek.hp_thomas_dill_no_c2_k25_lcTrue,14,27,51.9,PF00096,81.7,false,,84.6,0.0,0.0,false,all criteria,0.149,spills,0.163,spills,0.377,spills,0.793,"inside, lower IoU",0.605,"inside, lower IoU",0.46,spills
KCNK16,Q96T55,INTRAMEM,Pore-forming; Name=Pore-forming 1,INTRAMEM,98,116,19,composition,zebrafish,430,Q5VSE6,kmerseek.mmseqs12_k7_lcTrue,0.526,1.0,0.526,kmerseek.funcgroups8_k10_lcTrue,0.737,11,3,kmerseek.funcgroups8_k10_lcTrue;kmerseek.funcgroups8_k11_lcTrue;kmerseek.funcgroups8_k12_lcTrue;kmerseek.funcgroups8_k7_lcTrue;kmerseek.funcgroups8_k8_lcTrue;kmerseek.funcgroups8_k9_lcTrue;kmerseek.mmseqs12_k6_lcTrue;kmerseek.mmseqs12_k7_lcTrue;kmerseek.mmseqs12_k8_lcTrue;kmerseek.sdm12_k7_lcTrue;kmerseek.sdm12_k8_lcTrue,8,10,80.0,PF07885,72.7,false,,94.1,0.0,0.0,false,all criteria,0.061,spills,0.064,spills,0.074,spills,0.145,spills,0.07,spills,0.092,spills
CDC40,O60508,REPEAT,WD 1,REPEAT,286,326,41,composition,zebrafish,430,Q7T394,kmerseek.hp_kyte_doolittle2_k19_lcTrue,0.512,1.0,0.512,kmerseek.hp_lehninger_c_nonpolar2_k18_lcTrue,0.561,9,4,kmerseek.hp_kyte_doolittle2_k19_lcTrue;kmerseek.hp_lehninger2_k18_lcTrue;kmerseek.hp_lehninger2_k19_lcTrue;kmerseek.hp_lehninger_c_nonpolar2_k18_lcTrue;kmerseek.hp_lehninger_c_nonpolar2_k19_lcTrue;kmerseek.hp_lehninger_c_nonpolar2_k20_lcTrue;kmerseek.hp_lehninger_c_nonpolar2_k21_lcTrue;kmerseek.hp_thomas_dill_no_c2_k19_lcTrue;kmerseek.hp_thomas_dill_no_c2_k20_lcTrue,12,21,57.1,PF00400,61.0,false,,94.7,0.0,0.0,false,all criteria,0.163,spills,0.152,spills,0.342,spills,0.953,equal or higher IoU,0.435,spills,0.857,equal or higher IoU
MAP3K5,Q99683,BINDING,ligand: ATP,BINDING,686,694,9,held out,zebrafish,430,Q32PP3,kmerseek.sdm12_k6_lcTrue,0.9,0.9,1.0,kmerseek.mmseqs12_k5_lcTrue,0.8,9,5,kmerseek.mmseqs12_k5_lcTrue;kmerseek.mmseqs12_k6_lcTrue;kmerseek.mmseqs12_k7_lcTrue;kmerseek.protein20_k5_lcTrue;kmerseek.sdm12_k6_lcTrue;kmerseek.sdm12_k7_lcTrue;kmerseek.sdm12_k8_lcTrue;kmerseek.uniprot18_k5_lcTrue;kmerseek.wass14_k5_lcTrue,6,10,60.0,PF00069,93.8,false,,81.8,0.1111111111111111,0.0,false,all criteria,0.035,spills,0.033,spills,0.05,spills,0.321,spills,0.063,spills,0.063,spills
MAPK14,Q16539,BINDING,ligand: ATP,BINDING,30,38,9,held out,zebrafish,430,O42376,kmerseek.sdm12_k6_lcTrue,0.9,0.9,1.0,kmerseek.mmseqs12_k5_lcTrue,0.9,7,2,kmerseek.mmseqs12_k5_lcTrue;kmerseek.mmseqs12_k6_lcTrue;kmerseek.mmseqs12_k7_lcTrue;kmerseek.mmseqs12_k8_lcTrue;kmerseek.sdm12_k6_lcTrue;kmerseek.sdm12_k7_lcTrue;kmerseek.sdm12_k8_lcTrue,8,10,80.0,PF00069,88.9,false,,80.3,0.2222222222222222,0.0,false,all criteria,0.049,spills,0.051,spills,0.103,spills,0.136,spills,0.059,spills,0.056,spills
MAP3K7,O43318,BINDING,ligand: ATP,BINDING,42,50,9,held out,zebrafish,430,Q9DGE0,kmerseek.sdm12_k6_lcTrue,1.0,1.0,1.0,kmerseek.mmseqs12_k5_lcTrue,1.0,5,2,kmerseek.mmseqs12_k5_lcTrue;kmerseek.mmseqs12_k6_lcTrue;kmerseek.mmseqs12_k7_lcTrue;kmerseek.mmseqs12_k8_lcTrue;kmerseek.sdm12_k6_lcTrue,7,9,77.8,PF07714,38.1,false,,79.2,0.2222222222222222,0.0,false,all criteria,0.036,spills,0.035,spills,0.125,spills,0.12,spills,0.066,spills,0.066,spills
GUCA1A,P43080,DOMAIN,EF-hand 4,DOMAIN,131,166,36,held out,chicken,300,P79880,kmerseek.hp_thomas_dill_no_c2_k19_lcTrue,0.737,0.933,0.778,kmerseek.gbmr4_k12_lcTrue,0.737,140,13,kmerseek.dayhoff6_k10_lcTrue;kmerseek.dayhoff6_k11_lcTrue;kmerseek.dayhoff6_k12_lcTrue;kmerseek.dayhoff6_k13_lcTrue;kmerseek.dayhoff6_k14_lcTrue;kmerseek.dayhoff6_k15_lcTrue;kmerseek.dayhoff6_k16_lcTrue;kmerseek.dayhoff6_k17_lcTrue;kmerseek.dayhoff6_k8_lcTrue;kmerseek.dayhoff6_k9_lcTrue;kmerseek.gbmr4_k12_lcTrue;kmerseek.gbmr4_k13_lcTrue;kmerseek.gbmr4_k14_lcTrue;kmerseek.gbmr4_k15_lcTrue;kmerseek.gbmr4_k16_lcTrue;kmerseek.gbmr4_k17_lcTrue;kmerseek.gbmr4_k18_lcTrue;kmerseek.gbmr4_k19_lcTrue;kmerseek.gbmr4_k20_lcTrue;kmerseek.gbmr4_k21_lcTrue;kmerseek.gbmr7_k10_lcTrue;kmerseek.gbmr7_k11_lcTrue;kmerseek.gbmr7_k12_lcTrue;kmerseek.gbmr7_k13_lcTrue;kmerseek.gbmr7_k14_lcTrue;kmerseek.gbmr7_k15_lcTrue;kmerseek.gbmr7_k16_lcTrue;kmerseek.gbmr7_k17_lcTrue;kmerseek.gbmr7_k18_lcTrue;kmerseek.hp_kyte_doolittle2_k19_lcTrue;kmerseek.hp_kyte_doolittle2_k20_lcTrue;kmerseek.hp_kyte_doolittle2_k21_lcTrue;kmerseek.hp_kyte_doolittle2_k22_lcTrue;kmerseek.hp_kyte_doolittle2_k23_lcTrue;kmerseek.hp_kyte_doolittle2_k24_lcTrue;kmerseek.hp_kyte_doolittle2_k25_lcTrue;kmerseek.hp_kyte_doolittle2_k26_lcTrue;kmerseek.hp_kyte_doolittle2_k27_lcTrue;kmerseek.hp_kyte_doolittle2_k28_lcTrue;kmerseek.hp_kyte_doolittle2_k29_lcTrue;kmerseek.hp_lehninger2_k18_lcTrue;kmerseek.hp_lehninger2_k19_lcTrue;kmerseek.hp_lehninger2_k20_lcTrue;kmerseek.hp_lehninger2_k21_lcTrue;kmerseek.hp_lehninger2_k22_lcTrue;kmerseek.hp_lehninger2_k23_lcTrue;kmerseek.hp_lehninger2_k24_lcTrue;kmerseek.hp_lehninger2_k25_lcTrue;kmerseek.hp_lehninger2_k26_lcTrue;kmerseek.hp_lehninger2_k27_lcTrue;kmerseek.hp_lehninger2_k28_lcTrue;kmerseek.hp_lehninger2_k29_lcTrue;kmerseek.hp_lehninger_c_nonpolar2_k18_lcTrue;kmerseek.hp_lehninger_c_nonpolar2_k19_lcTrue;kmerseek.hp_lehninger_c_nonpolar2_k20_lcTrue;kmerseek.hp_lehninger_c_nonpolar2_k21_lcTrue;kmerseek.hp_lehninger_c_nonpolar2_k22_lcTrue;kmerseek.hp_lehninger_c_nonpolar2_k23_lcTrue;kmerseek.hp_lehninger_c_nonpolar2_k24_lcTrue;kmerseek.hp_lehninger_c_nonpolar2_k25_lcTrue;kmerseek.hp_lehninger_c_nonpolar2_k26_lcTrue;kmerseek.hp_lehninger_c_nonpolar2_k27_lcTrue;kmerseek.hp_lehninger_c_nonpolar2_k28_lcTrue;kmerseek.hp_lehninger_c_nonpolar2_k29_lcTrue;kmerseek.hp_lehninger_hpc3_k16_lcTrue;kmerseek.hp_lehninger_hpc3_k17_lcTrue;kmerseek.hp_lehninger_hpc3_k18_lcTrue;kmerseek.hp_lehninger_hpc3_k19_lcTrue;kmerseek.hp_lehninger_hpc3_k20_lcTrue;kmerseek.hp_lehninger_hpc3_k21_lcTrue;kmerseek.hp_lehninger_hpc3_k22_lcTrue;kmerseek.hp_lehninger_hpc3_k23_lcTrue;kmerseek.hp_lehninger_hpc3_k24_lcTrue;kmerseek.hp_lehninger_hpc3_k25_lcTrue;kmerseek.hp_lehninger_hpc3_k26_lcTrue;kmerseek.hp_lehninger_hpc3_k27_lcTrue;kmerseek.hp_pbotc_1st_ed2_k18_lcTrue;kmerseek.hp_pbotc_1st_ed2_k19_lcTrue;kmerseek.hp_pbotc_1st_ed2_k20_lcTrue;kmerseek.hp_pbotc_1st_ed2_k21_lcTrue;kmerseek.hp_pbotc_1st_ed2_k22_lcTrue;kmerseek.hp_pbotc_1st_ed2_k23_lcTrue;kmerseek.hp_pbotc_1st_ed2_k24_lcTrue;kmerseek.hp_pbotc_1st_ed2_k25_lcTrue;kmerseek.hp_pbotc_1st_ed2_k26_lcTrue;kmerseek.hp_pbotc_1st_ed2_k27_lcTrue;kmerseek.hp_pbotc_1st_ed2_k28_lcTrue;kmerseek.hp_pbotc_1st_ed2_k29_lcTrue;kmerseek.hp_thomas_dill2_k19_lcTrue;kmerseek.hp_thomas_dill2_k20_lcTrue;kmerseek.hp_thomas_dill2_k21_lcTrue;kmerseek.hp_thomas_dill2_k22_lcTrue;kmerseek.hp_thomas_dill2_k23_lcTrue;kmerseek.hp_thomas_dill2_k24_lcTrue;kmerseek.hp_thomas_dill2_k25_lcTrue;kmerseek.hp_thomas_dill2_k26_lcTrue;kmerseek.hp_thomas_dill2_k27_lcTrue;kmerseek.hp_thomas_dill2_k28_lcTrue;kmerseek.hp_thomas_dill2_k29_lcTrue;kmerseek.hp_thomas_dill_no_c2_k19_lcTrue;kmerseek.hp_thomas_dill_no_c2_k20_lcTrue;kmerseek.hp_thomas_dill_no_c2_k21_lcTrue;kmerseek.hp_thomas_dill_no_c2_k22_lcTrue;kmerseek.hp_thomas_dill_no_c2_k23_lcTrue;kmerseek.hp_thomas_dill_no_c2_k24_lcTrue;kmerseek.hp_thomas_dill_no_c2_k25_lcTrue;kmerseek.hp_thomas_dill_no_c2_k26_lcTrue;kmerseek.hp_thomas_dill_no_c2_k27_lcTrue;kmerseek.hp_thomas_dill_no_c2_k28_lcTrue;kmerseek.hp_thomas_dill_no_c2_k29_lcTrue;kmerseek.polarity4_k10_lcTrue;kmerseek.polarity4_k11_lcTrue;kmerseek.polarity4_k12_lcTrue;kmerseek.polarity4_k13_lcTrue;kmerseek.polarity4_k14_lcTrue;kmerseek.polarity4_k15_lcTrue;kmerseek.polarity4_k16_lcTrue;kmerseek.polarity4_k17_lcTrue;kmerseek.polarity4_k18_lcTrue;kmerseek.polarity4_k19_lcTrue;kmerseek.sdm12_k10_lcTrue;kmerseek.sdm12_k11_lcTrue;kmerseek.sdm12_k12_lcTrue;kmerseek.sdm12_k13_lcTrue;kmerseek.sdm12_k14_lcTrue;kmerseek.sdm12_k15_lcTrue;kmerseek.sdm12_k6_lcTrue;kmerseek.sdm12_k7_lcTrue;kmerseek.sdm12_k8_lcTrue;kmerseek.sdm12_k9_lcTrue;kmerseek.wwmj5_k10_lcTrue;kmerseek.wwmj5_k11_lcTrue;kmerseek.wwmj5_k12_lcTrue;kmerseek.wwmj5_k13_lcTrue;kmerseek.wwmj5_k14_lcTrue;kmerseek.wwmj5_k15_lcTrue;kmerseek.wwmj5_k16_lcTrue;kmerseek.wwmj5_k17_lcTrue;kmerseek.wwmj5_k8_lcTrue;kmerseek.wwmj5_k9_lcTrue,25,30,83.3,PF13499,81.1,false,,84.0,0.0,0.0,false,"criteria 5 and 3 loosened (structure tool inside, lower IoU)",0.379,spills,0.291,spills,0.614,"inside, lower IoU",0.423,spills,0.421,spills,0.429,spills
PAK1IP1,Q9NWT1,REPEAT,WD 5,REPEAT,196,235,40,composition,chicken,300,Q5ZKU8,kmerseek.hp_kyte_doolittle2_k19_lcTrue,0.65,1.0,0.65,kmerseek.gbmr4_k12_lcTrue,0.775,119,11,kmerseek.dayhoff6_k10_lcTrue;kmerseek.dayhoff6_k11_lcTrue;kmerseek.dayhoff6_k12_lcTrue;kmerseek.dayhoff6_k13_lcTrue;kmerseek.dayhoff6_k14_lcTrue;kmerseek.dayhoff6_k15_lcTrue;kmerseek.dayhoff6_k16_lcTrue;kmerseek.dayhoff6_k17_lcTrue;kmerseek.dayhoff6_k8_lcTrue;kmerseek.dayhoff6_k9_lcTrue;kmerseek.funcgroups8_k10_lcTrue;kmerseek.funcgroups8_k11_lcTrue;kmerseek.funcgroups8_k12_lcTrue;kmerseek.funcgroups8_k13_lcTrue;kmerseek.funcgroups8_k14_lcTrue;kmerseek.funcgroups8_k15_lcTrue;kmerseek.funcgroups8_k16_lcTrue;kmerseek.funcgroups8_k7_lcTrue;kmerseek.funcgroups8_k8_lcTrue;kmerseek.funcgroups8_k9_lcTrue;kmerseek.gbmr4_k12_lcTrue;kmerseek.gbmr4_k13_lcTrue;kmerseek.gbmr4_k14_lcTrue;kmerseek.gbmr4_k15_lcTrue;kmerseek.gbmr4_k16_lcTrue;kmerseek.gbmr4_k17_lcTrue;kmerseek.gbmr4_k18_lcTrue;kmerseek.gbmr4_k19_lcTrue;kmerseek.gbmr4_k20_lcTrue;kmerseek.gbmr4_k21_lcTrue;kmerseek.hp_kyte_doolittle2_k19_lcTrue;kmerseek.hp_kyte_doolittle2_k20_lcTrue;kmerseek.hp_kyte_doolittle2_k21_lcTrue;kmerseek.hp_kyte_doolittle2_k22_lcTrue;kmerseek.hp_kyte_doolittle2_k23_lcTrue;kmerseek.hp_kyte_doolittle2_k24_lcTrue;kmerseek.hp_kyte_doolittle2_k25_lcTrue;kmerseek.hp_lehninger2_k18_lcTrue;kmerseek.hp_lehninger2_k19_lcTrue;kmerseek.hp_lehninger2_k20_lcTrue;kmerseek.hp_lehninger2_k21_lcTrue;kmerseek.hp_lehninger2_k22_lcTrue;kmerseek.hp_lehninger2_k23_lcTrue;kmerseek.hp_lehninger2_k24_lcTrue;kmerseek.hp_lehninger2_k25_lcTrue;kmerseek.hp_lehninger2_k26_lcTrue;kmerseek.hp_lehninger2_k27_lcTrue;kmerseek.hp_lehninger2_k28_lcTrue;kmerseek.hp_lehninger2_k29_lcTrue;kmerseek.hp_lehninger_c_nonpolar2_k18_lcTrue;kmerseek.hp_lehninger_c_nonpolar2_k19_lcTrue;kmerseek.hp_lehninger_c_nonpolar2_k20_lcTrue;kmerseek.hp_lehninger_c_nonpolar2_k21_lcTrue;kmerseek.hp_lehninger_c_nonpolar2_k22_lcTrue;kmerseek.hp_lehninger_c_nonpolar2_k23_lcTrue;kmerseek.hp_lehninger_c_nonpolar2_k24_lcTrue;kmerseek.hp_lehninger_c_nonpolar2_k25_lcTrue;kmerseek.hp_lehninger_c_nonpolar2_k26_lcTrue;kmerseek.hp_lehninger_c_nonpolar2_k27_lcTrue;kmerseek.hp_lehninger_c_nonpolar2_k28_lcTrue;kmerseek.hp_lehninger_c_nonpolar2_k29_lcTrue;kmerseek.hp_lehninger_hpc3_k16_lcTrue;kmerseek.hp_lehninger_hpc3_k17_lcTrue;kmerseek.hp_lehninger_hpc3_k18_lcTrue;kmerseek.hp_lehninger_hpc3_k19_lcTrue;kmerseek.hp_lehninger_hpc3_k20_lcTrue;kmerseek.hp_lehninger_hpc3_k21_lcTrue;kmerseek.hp_lehninger_hpc3_k22_lcTrue;kmerseek.hp_lehninger_hpc3_k23_lcTrue;kmerseek.hp_lehninger_hpc3_k24_lcTrue;kmerseek.hp_lehninger_hpc3_k25_lcTrue;kmerseek.hp_lehninger_hpc3_k26_lcTrue;kmerseek.hp_lehninger_hpc3_k27_lcTrue;kmerseek.hp_pbotc_1st_ed2_k18_lcTrue;kmerseek.hp_pbotc_1st_ed2_k19_lcTrue;kmerseek.hp_pbotc_1st_ed2_k20_lcTrue;kmerseek.hp_pbotc_1st_ed2_k21_lcTrue;kmerseek.hp_pbotc_1st_ed2_k22_lcTrue;kmerseek.hp_pbotc_1st_ed2_k23_lcTrue;kmerseek.hp_pbotc_1st_ed2_k24_lcTrue;kmerseek.hp_pbotc_1st_ed2_k25_lcTrue;kmerseek.hp_pbotc_1st_ed2_k26_lcTrue;kmerseek.hp_pbotc_1st_ed2_k27_lcTrue;kmerseek.hp_pbotc_1st_ed2_k28_lcTrue;kmerseek.hp_pbotc_1st_ed2_k29_lcTrue;kmerseek.hp_thomas_dill2_k19_lcTrue;kmerseek.hp_thomas_dill2_k20_lcTrue;kmerseek.hp_thomas_dill2_k21_lcTrue;kmerseek.hp_thomas_dill2_k22_lcTrue;kmerseek.hp_thomas_dill2_k23_lcTrue;kmerseek.hp_thomas_dill2_k24_lcTrue;kmerseek.hp_thomas_dill2_k25_lcTrue;kmerseek.hp_thomas_dill2_k26_lcTrue;kmerseek.hp_thomas_dill2_k27_lcTrue;kmerseek.hp_thomas_dill2_k28_lcTrue;kmerseek.hp_thomas_dill2_k29_lcTrue;kmerseek.hp_thomas_dill2_k30_lcTrue;kmerseek.hp_thomas_dill_no_c2_k19_lcTrue;kmerseek.hp_thomas_dill_no_c2_k20_lcTrue;kmerseek.hp_thomas_dill_no_c2_k21_lcTrue;kmerseek.hp_thomas_dill_no_c2_k22_lcTrue;kmerseek.hp_thomas_dill_no_c2_k23_lcTrue;kmerseek.hp_thomas_dill_no_c2_k24_lcTrue;kmerseek.hp_thomas_dill_no_c2_k25_lcTrue;kmerseek.hp_thomas_dill_no_c2_k26_lcTrue;kmerseek.hp_thomas_dill_no_c2_k27_lcTrue;kmerseek.hp_thomas_dill_no_c2_k28_lcTrue;kmerseek.hp_thomas_dill_no_c2_k29_lcTrue;kmerseek.hp_thomas_dill_no_c2_k30_lcTrue;kmerseek.polarity4_k10_lcTrue;kmerseek.polarity4_k11_lcTrue;kmerseek.polarity4_k12_lcTrue;kmerseek.polarity4_k13_lcTrue;kmerseek.polarity4_k14_lcTrue;kmerseek.polarity4_k15_lcTrue;kmerseek.polarity4_k16_lcTrue;kmerseek.polarity4_k17_lcTrue;kmerseek.polarity4_k18_lcTrue;kmerseek.polarity4_k19_lcTrue,18,26,69.2,,,false,,95.7,0.0,0.0,false,all criteria,0.172,spills,0.238,spills,0.209,spills,0.256,spills,0.256,spills,0.256,spills
SCGN,O76038,DOMAIN,EF-hand 1,DOMAIN,12,47,36,held out,chicken,300,P07090,kmerseek.hp_thomas_dill_no_c2_k19_lcTrue,0.639,1.0,0.639,kmerseek.hp_lehninger2_k18_lcTrue,0.639,25,6,kmerseek.gbmr4_k12_lcTrue;kmerseek.gbmr4_k13_lcTrue;kmerseek.gbmr4_k14_lcTrue;kmerseek.gbmr4_k15_lcTrue;kmerseek.gbmr4_k16_lcTrue;kmerseek.hp_lehninger2_k18_lcTrue;kmerseek.hp_lehninger2_k19_lcTrue;kmerseek.hp_lehninger2_k20_lcTrue;kmerseek.hp_lehninger2_k21_lcTrue;kmerseek.hp_lehninger_c_nonpolar2_k18_lcTrue;kmerseek.hp_lehninger_c_nonpolar2_k19_lcTrue;kmerseek.hp_lehninger_c_nonpolar2_k20_lcTrue;kmerseek.hp_lehninger_c_nonpolar2_k21_lcTrue;kmerseek.hp_lehninger_c_nonpolar2_k22_lcTrue;kmerseek.hp_lehninger_c_nonpolar2_k23_lcTrue;kmerseek.hp_pbotc_1st_ed2_k18_lcTrue;kmerseek.hp_pbotc_1st_ed2_k19_lcTrue;kmerseek.hp_pbotc_1st_ed2_k20_lcTrue;kmerseek.hp_pbotc_1st_ed2_k21_lcTrue;kmerseek.hp_thomas_dill2_k19_lcTrue;kmerseek.hp_thomas_dill2_k20_lcTrue;kmerseek.hp_thomas_dill2_k21_lcTrue;kmerseek.hp_thomas_dill_no_c2_k19_lcTrue;kmerseek.hp_thomas_dill_no_c2_k20_lcTrue;kmerseek.hp_thomas_dill_no_c2_k21_lcTrue,14,23,60.9,,,false,,84.0,0.0,0.0,false,"criteria 5 and 3 loosened (structure tool inside, lower IoU)",0.202,spills,0.429,spills,0.571,"inside, lower IoU",0.333,"inside, lower IoU",0.444,spills,0.256,spills
KCNK16,Q96T55,INTRAMEM,Pore-forming; Name=Pore-forming 2,INTRAMEM,202,221,20,composition,chicken,300,O73606,kmerseek.mmseqs12_k7_lcTrue,0.5,1.0,0.5,kmerseek.hp_pbotc_1st_ed2_k18_lcTrue,0.909,24,8,kmerseek.gbmr4_k12_lcTrue;kmerseek.gbmr4_k13_lcTrue;kmerseek.gbmr4_k14_lcTrue;kmerseek.gbmr4_k15_lcTrue;kmerseek.gbmr7_k11_lcTrue;kmerseek.gbmr7_k12_lcTrue;kmerseek.gbmr7_k13_lcTrue;kmerseek.gbmr7_k14_lcTrue;kmerseek.gbmr7_k15_lcTrue;kmerseek.gbmr7_k16_lcTrue;kmerseek.hp_pbotc_1st_ed2_k18_lcTrue;kmerseek.hp_pbotc_1st_ed2_k19_lcTrue;kmerseek.hp_pbotc_1st_ed2_k20_lcTrue;kmerseek.hp_thomas_dill2_k19_lcTrue;kmerseek.hp_thomas_dill_no_c2_k19_lcTrue;kmerseek.hp_thomas_dill_no_c2_k20_lcTrue;kmerseek.hp_thomas_dill_no_c2_k21_lcTrue;kmerseek.mmseqs12_k6_lcTrue;kmerseek.mmseqs12_k7_lcTrue;kmerseek.sdm12_k7_lcTrue;kmerseek.wwmj5_k10_lcTrue;kmerseek.wwmj5_k11_lcTrue;kmerseek.wwmj5_k8_lcTrue;kmerseek.wwmj5_k9_lcTrue,5,10,50.0,PF07885,63.5,false,,94.7,0.0,0.0,false,all criteria,0.19,spills,0.098,spills,0.134,spills,0.317,spills,0.455,spills,0.0,no call
GABRR2,P28476,TRANSMEM,Helical,TRANSMEM,444,464,21,composition,chicken,300,P24045,kmerseek.hp_lehninger_c_nonpolar2_k18_lcTrue,0.75,0.857,0.857,kmerseek.funcgroups8_k10_lcTrue,0.81,23,6,kmerseek.funcgroups8_k10_lcTrue;kmerseek.funcgroups8_k11_lcTrue;kmerseek.funcgroups8_k12_lcTrue;kmerseek.funcgroups8_k13_lcTrue;kmerseek.funcgroups8_k14_lcTrue;kmerseek.funcgroups8_k15_lcTrue;kmerseek.funcgroups8_k7_lcTrue;kmerseek.funcgroups8_k8_lcTrue;kmerseek.funcgroups8_k9_lcTrue;kmerseek.hp_lehninger2_k18_lcTrue;kmerseek.hp_lehninger_c_nonpolar2_k18_lcTrue;kmerseek.hp_lehninger_hpc3_k16_lcTrue;kmerseek.hp_lehninger_hpc3_k17_lcTrue;kmerseek.hp_lehninger_hpc3_k18_lcTrue;kmerseek.hp_lehninger_hpc3_k19_lcTrue;kmerseek.polarity4_k11_lcTrue;kmerseek.polarity4_k12_lcTrue;kmerseek.polarity4_k13_lcTrue;kmerseek.polarity4_k14_lcTrue;kmerseek.wwmj5_k10_lcTrue;kmerseek.wwmj5_k11_lcTrue;kmerseek.wwmj5_k8_lcTrue;kmerseek.wwmj5_k9_lcTrue,14,21,66.7,PF02932,83.3,false,,92.4,0.0,0.048,false,all criteria,0.052,spills,0.051,spills,0.457,spills,0.667,"inside, lower IoU",0.052,spills,0.052,spills
KCNK17,Q96T54,INTRAMEM,Pore-forming; Name=Pore-forming 2,INTRAMEM,211,230,20,composition,chicken,300,O73606,kmerseek.mmseqs12_k7_lcTrue,0.5,1.0,0.5,kmerseek.hp_pbotc_1st_ed2_k18_lcTrue,0.952,20,7,kmerseek.gbmr4_k12_lcTrue;kmerseek.gbmr4_k13_lcTrue;kmerseek.gbmr4_k14_lcTrue;kmerseek.gbmr4_k15_lcTrue;kmerseek.gbmr7_k11_lcTrue;kmerseek.gbmr7_k12_lcTrue;kmerseek.gbmr7_k13_lcTrue;kmerseek.gbmr7_k14_lcTrue;kmerseek.gbmr7_k15_lcTrue;kmerseek.gbmr7_k16_lcTrue;kmerseek.hp_pbotc_1st_ed2_k18_lcTrue;kmerseek.hp_pbotc_1st_ed2_k19_lcTrue;kmerseek.hp_thomas_dill_no_c2_k19_lcTrue;kmerseek.mmseqs12_k6_lcTrue;kmerseek.mmseqs12_k7_lcTrue;kmerseek.sdm12_k7_lcTrue;kmerseek.wwmj5_k10_lcTrue;kmerseek.wwmj5_k11_lcTrue;kmerseek.wwmj5_k8_lcTrue;kmerseek.wwmj5_k9_lcTrue,6,10,60.0,PF07885,62.4,false,,93.8,0.0,0.0,false,all criteria,0.208,spills,0.087,spills,0.128,spills,0.0,no call,0.444,spills,0.0,no call
RREB1,Q92766,ZN_FING,C2H2-type 3,ZN_FING,125,147,23,held out,chicken,300,Q90850,kmerseek.hp_thomas_dill_no_c2_k19_lcTrue,0.808,0.875,0.913,kmerseek.mmseqs12_k5_lcTrue,0.87,19,7,kmerseek.gbmr4_k12_lcTrue;kmerseek.gbmr4_k13_lcTrue;kmerseek.gbmr4_k14_lcTrue;kmerseek.gbmr4_k15_lcTrue;kmerseek.gbmr4_k16_lcTrue;kmerseek.gbmr4_k17_lcTrue;kmerseek.hp_kyte_doolittle2_k19_lcTrue;kmerseek.hp_kyte_doolittle2_k20_lcTrue;kmerseek.hp_kyte_doolittle2_k21_lcTrue;kmerseek.hp_lehninger_hpc3_k16_lcTrue;kmerseek.hp_lehninger_hpc3_k17_lcTrue;kmerseek.hp_thomas_dill2_k19_lcTrue;kmerseek.hp_thomas_dill2_k20_lcTrue;kmerseek.hp_thomas_dill2_k21_lcTrue;kmerseek.hp_thomas_dill_no_c2_k19_lcTrue;kmerseek.hp_thomas_dill_no_c2_k20_lcTrue;kmerseek.mmseqs12_k5_lcTrue;kmerseek.polarity4_k11_lcTrue;kmerseek.polarity4_k12_lcTrue,14,24,58.3,PF00096,100.0,false,,83.0,0.0,0.174,false,all criteria,0.303,spills,0.08,spills,0.189,spills,0.451,spills,0.271,spills,0.277,spills
KCNK5,O95279,INTRAMEM,Pore-forming; Name=Pore-forming 1,INTRAMEM,85,112,28,composition,chicken,300,Q9PT84,kmerseek.mmseqs12_k7_lcTrue,0.357,1.0,0.357,kmerseek.hp_lehninger_c_nonpolar2_k18_lcTrue,0.531,6,3,kmerseek.hp_lehninger_c_nonpolar2_k18_lcTrue;kmerseek.hp_pbotc_1st_ed2_k18_lcTrue;kmerseek.hp_pbotc_1st_ed2_k19_lcTrue;kmerseek.mmseqs12_k6_lcTrue;kmerseek.mmseqs12_k7_lcTrue;kmerseek.mmseqs12_k8_lcTrue,6,10,60.0,PF07885,64.0,false,,94.1,0.0,0.0,false,all criteria,0.146,spills,0.0,no call,0.111,spills,0.659,equal or higher IoU,0.658,equal or higher IoU,0.658,equal or higher IoU
MAP3K5,Q99683,BINDING,ligand: ATP,BINDING,686,694,9,held out,chicken,300,P13863,kmerseek.sdm12_k6_lcTrue,0.9,0.9,1.0,kmerseek.hsdm17_k5_lcTrue,0.9,6,2,kmerseek.hsdm17_k5_lcTrue;kmerseek.hsdm17_k6_lcTrue;kmerseek.hsdm17_k7_lcTrue;kmerseek.hsdm17_k8_lcTrue;kmerseek.sdm12_k6_lcTrue;kmerseek.sdm12_k7_lcTrue,7,10,70.0,PF00069,95.9,false,,81.8,0.1111111111111111,0.0,false,all criteria,0.049,spills,0.032,spills,0.06,spills,0.115,spills,0.063,spills,0.063,spills
CDC40,O60508,REPEAT,WD 1,REPEAT,286,326,41,composition,chicken,300,Q9PTR5,kmerseek.hp_kyte_doolittle2_k19_lcTrue,0.512,1.0,0.512,kmerseek.hp_pbotc_1st_ed2_k18_lcTrue,0.537,4,2,kmerseek.hp_kyte_doolittle2_k19_lcTrue;kmerseek.hp_pbotc_1st_ed2_k18_lcTrue;kmerseek.hp_pbotc_1st_ed2_k19_lcTrue;kmerseek.hp_pbotc_1st_ed2_k20_lcTrue,12,21,57.1,PF00400,100.0,false,,94.7,0.0,0.0,false,all criteria,0.154,spills,0.139,spills,0.196,spills,0.81,equal or higher IoU,0.494,spills,0.554,equal or higher IoU
HTR1B,P28222,TRANSMEM,Helical; Name=7,TRANSMEM,348,370,23,composition,mouse,100,P61168,kmerseek.hp_lehninger_c_nonpolar2_k18_lcTrue,1.0,1.0,1.0,kmerseek.hp_lehninger2_k21_lcTrue,1.0,153,19,kmerseek.dayhoff6_k10_lcTrue;kmerseek.dayhoff6_k11_lcTrue;kmerseek.dayhoff6_k12_lcTrue;kmerseek.dayhoff6_k13_lcTrue;kmerseek.dayhoff6_k14_lcTrue;kmerseek.dayhoff6_k15_lcTrue;kmerseek.dayhoff6_k16_lcTrue;kmerseek.dayhoff6_k17_lcTrue;kmerseek.dayhoff6_k8_lcTrue;kmerseek.dayhoff6_k9_lcTrue;kmerseek.funcgroups8_k10_lcTrue;kmerseek.funcgroups8_k11_lcTrue;kmerseek.funcgroups8_k12_lcTrue;kmerseek.funcgroups8_k13_lcTrue;kmerseek.funcgroups8_k14_lcTrue;kmerseek.funcgroups8_k15_lcTrue;kmerseek.funcgroups8_k16_lcTrue;kmerseek.funcgroups8_k7_lcTrue;kmerseek.funcgroups8_k8_lcTrue;kmerseek.funcgroups8_k9_lcTrue;kmerseek.gbmr4_k12_lcTrue;kmerseek.gbmr4_k13_lcTrue;kmerseek.gbmr4_k14_lcTrue;kmerseek.gbmr4_k15_lcTrue;kmerseek.gbmr4_k16_lcTrue;kmerseek.gbmr4_k17_lcTrue;kmerseek.gbmr4_k18_lcTrue;kmerseek.gbmr4_k19_lcTrue;kmerseek.gbmr4_k20_lcTrue;kmerseek.gbmr4_k21_lcTrue;kmerseek.gbmr7_k11_lcTrue;kmerseek.gbmr7_k12_lcTrue;kmerseek.gbmr7_k13_lcTrue;kmerseek.gbmr7_k14_lcTrue;kmerseek.gbmr7_k15_lcTrue;kmerseek.gbmr7_k16_lcTrue;kmerseek.gbmr7_k17_lcTrue;kmerseek.gbmr7_k18_lcTrue;kmerseek.hp_kyte_doolittle2_k19_lcTrue;kmerseek.hp_kyte_doolittle2_k20_lcTrue;kmerseek.hp_kyte_doolittle2_k21_lcTrue;kmerseek.hp_lehninger2_k18_lcTrue;kmerseek.hp_lehninger2_k19_lcTrue;kmerseek.hp_lehninger2_k20_lcTrue;kmerseek.hp_lehninger2_k21_lcTrue;kmerseek.hp_lehninger2_k22_lcTrue;kmerseek.hp_lehninger2_k23_lcTrue;kmerseek.hp_lehninger2_k24_lcTrue;kmerseek.hp_lehninger_c_nonpolar2_k18_lcTrue;kmerseek.hp_lehninger_c_nonpolar2_k19_lcTrue;kmerseek.hp_lehninger_c_nonpolar2_k20_lcTrue;kmerseek.hp_lehninger_c_nonpolar2_k21_lcTrue;kmerseek.hp_lehninger_c_nonpolar2_k22_lcTrue;kmerseek.hp_lehninger_c_nonpolar2_k23_lcTrue;kmerseek.hp_lehninger_c_nonpolar2_k24_lcTrue;kmerseek.hp_lehninger_c_nonpolar2_k25_lcTrue;kmerseek.hp_lehninger_hpc3_k16_lcTrue;kmerseek.hp_lehninger_hpc3_k17_lcTrue;kmerseek.hp_lehninger_hpc3_k18_lcTrue;kmerseek.hp_lehninger_hpc3_k19_lcTrue;kmerseek.hp_lehninger_hpc3_k20_lcTrue;kmerseek.hp_lehninger_hpc3_k21_lcTrue;kmerseek.hp_lehninger_hpc3_k22_lcTrue;kmerseek.hp_lehninger_hpc3_k23_lcTrue;kmerseek.hp_lehninger_hpc3_k24_lcTrue;kmerseek.hp_pbotc_1st_ed2_k18_lcTrue;kmerseek.hp_pbotc_1st_ed2_k19_lcTrue;kmerseek.hp_pbotc_1st_ed2_k20_lcTrue;kmerseek.hp_pbotc_1st_ed2_k21_lcTrue;kmerseek.hp_thomas_dill2_k19_lcTrue;kmerseek.hp_thomas_dill2_k20_lcTrue;kmerseek.hp_thomas_dill2_k21_lcTrue;kmerseek.hp_thomas_dill2_k22_lcTrue;kmerseek.hp_thomas_dill_no_c2_k19_lcTrue;kmerseek.hp_thomas_dill_no_c2_k20_lcTrue;kmerseek.hp_thomas_dill_no_c2_k21_lcTrue;kmerseek.hsdm17_k10_lcTrue;kmerseek.hsdm17_k11_lcTrue;kmerseek.hsdm17_k12_lcTrue;kmerseek.hsdm17_k13_lcTrue;kmerseek.hsdm17_k14_lcTrue;kmerseek.hsdm17_k5_lcTrue;kmerseek.hsdm17_k6_lcTrue;kmerseek.hsdm17_k7_lcTrue;kmerseek.hsdm17_k8_lcTrue;kmerseek.hsdm17_k9_lcTrue;kmerseek.mmseqs12_k10_lcTrue;kmerseek.mmseqs12_k11_lcTrue;kmerseek.mmseqs12_k12_lcTrue;kmerseek.mmseqs12_k13_lcTrue;kmerseek.mmseqs12_k14_lcTrue;kmerseek.mmseqs12_k5_lcTrue;kmerseek.mmseqs12_k6_lcTrue;kmerseek.mmseqs12_k7_lcTrue;kmerseek.mmseqs12_k8_lcTrue;kmerseek.mmseqs12_k9_lcTrue;kmerseek.polarity4_k10_lcTrue;kmerseek.polarity4_k11_lcTrue;kmerseek.polarity4_k12_lcTrue;kmerseek.polarity4_k13_lcTrue;kmerseek.polarity4_k14_lcTrue;kmerseek.polarity4_k15_lcTrue;kmerseek.polarity4_k16_lcTrue;kmerseek.polarity4_k17_lcTrue;kmerseek.protein20_k10_lcTrue;kmerseek.protein20_k11_lcTrue;kmerseek.protein20_k12_lcTrue;kmerseek.protein20_k13_lcTrue;kmerseek.protein20_k5_lcTrue;kmerseek.protein20_k6_lcTrue;kmerseek.protein20_k7_lcTrue;kmerseek.protein20_k8_lcTrue;kmerseek.protein20_k9_lcTrue;kmerseek.sdm12_k10_lcTrue;kmerseek.sdm12_k11_lcTrue;kmerseek.sdm12_k12_lcTrue;kmerseek.sdm12_k13_lcTrue;kmerseek.sdm12_k14_lcTrue;kmerseek.sdm12_k15_lcTrue;kmerseek.sdm12_k6_lcTrue;kmerseek.sdm12_k7_lcTrue;kmerseek.sdm12_k8_lcTrue;kmerseek.sdm12_k9_lcTrue;kmerseek.uniprot18_k10_lcTrue;kmerseek.uniprot18_k11_lcTrue;kmerseek.uniprot18_k12_lcTrue;kmerseek.uniprot18_k13_lcTrue;kmerseek.uniprot18_k14_lcTrue;kmerseek.uniprot18_k5_lcTrue;kmerseek.uniprot18_k6_lcTrue;kmerseek.uniprot18_k7_lcTrue;kmerseek.uniprot18_k8_lcTrue;kmerseek.uniprot18_k9_lcTrue;kmerseek.wass14_k10_lcTrue;kmerseek.wass14_k11_lcTrue;kmerseek.wass14_k12_lcTrue;kmerseek.wass14_k13_lcTrue;kmerseek.wass14_k14_lcTrue;kmerseek.wass14_k5_lcTrue;kmerseek.wass14_k6_lcTrue;kmerseek.wass14_k7_lcTrue;kmerseek.wass14_k8_lcTrue;kmerseek.wass14_k9_lcTrue;kmerseek.wwmj5_k10_lcTrue;kmerseek.wwmj5_k11_lcTrue;kmerseek.wwmj5_k12_lcTrue;kmerseek.wwmj5_k13_lcTrue;kmerseek.wwmj5_k14_lcTrue;kmerseek.wwmj5_k15_lcTrue;kmerseek.wwmj5_k16_lcTrue;kmerseek.wwmj5_k17_lcTrue;kmerseek.wwmj5_k8_lcTrue;kmerseek.wwmj5_k9_lcTrue,14,23,60.9,PF00001,91.5,false,,94.8,0.0,0.0,false,criterion 5 loosened (mouse allowed),0.069,spills,0.068,spills,0.489,spills,0.636,"inside, lower IoU",0.45,"inside, lower IoU",0.39,spills
SCUBE3,Q8IX30,DOMAIN,EGF-like 8; calcium-binding,DOMAIN,318,356,39,held out,mouse,100,Q6NZL8,kmerseek.hp_thomas_dill_no_c2_k19_lcTrue,0.641,1.0,0.641,kmerseek.dayhoff6_k10_lcTrue,0.732,151,17,kmerseek.dayhoff6_k10_lcTrue;kmerseek.dayhoff6_k11_lcTrue;kmerseek.dayhoff6_k12_lcTrue;kmerseek.dayhoff6_k13_lcTrue;kmerseek.dayhoff6_k14_lcTrue;kmerseek.dayhoff6_k15_lcTrue;kmerseek.dayhoff6_k16_lcTrue;kmerseek.dayhoff6_k17_lcTrue;kmerseek.dayhoff6_k8_lcTrue;kmerseek.dayhoff6_k9_lcTrue;kmerseek.funcgroups8_k10_lcTrue;kmerseek.funcgroups8_k11_lcTrue;kmerseek.funcgroups8_k12_lcTrue;kmerseek.funcgroups8_k13_lcTrue;kmerseek.funcgroups8_k14_lcTrue;kmerseek.funcgroups8_k15_lcTrue;kmerseek.funcgroups8_k16_lcTrue;kmerseek.funcgroups8_k7_lcTrue;kmerseek.funcgroups8_k8_lcTrue;kmerseek.funcgroups8_k9_lcTrue;kmerseek.hp_kyte_doolittle2_k19_lcTrue;kmerseek.hp_kyte_doolittle2_k20_lcTrue;kmerseek.hp_kyte_doolittle2_k21_lcTrue;kmerseek.hp_kyte_doolittle2_k22_lcTrue;kmerseek.hp_kyte_doolittle2_k23_lcTrue;kmerseek.hp_kyte_doolittle2_k24_lcTrue;kmerseek.hp_kyte_doolittle2_k25_lcTrue;kmerseek.hp_kyte_doolittle2_k26_lcTrue;kmerseek.hp_kyte_doolittle2_k27_lcTrue;kmerseek.hp_kyte_doolittle2_k28_lcTrue;kmerseek.hp_kyte_doolittle2_k29_lcTrue;kmerseek.hp_kyte_doolittle2_k30_lcTrue;kmerseek.hp_lehninger2_k18_lcTrue;kmerseek.hp_lehninger2_k19_lcTrue;kmerseek.hp_lehninger2_k20_lcTrue;kmerseek.hp_lehninger2_k21_lcTrue;kmerseek.hp_lehninger2_k22_lcTrue;kmerseek.hp_lehninger2_k23_lcTrue;kmerseek.hp_lehninger2_k24_lcTrue;kmerseek.hp_lehninger2_k25_lcTrue;kmerseek.hp_lehninger2_k26_lcTrue;kmerseek.hp_lehninger2_k27_lcTrue;kmerseek.hp_lehninger2_k28_lcTrue;kmerseek.hp_lehninger2_k29_lcTrue;kmerseek.hp_lehninger_c_nonpolar2_k18_lcTrue;kmerseek.hp_lehninger_c_nonpolar2_k19_lcTrue;kmerseek.hp_lehninger_c_nonpolar2_k20_lcTrue;kmerseek.hp_lehninger_c_nonpolar2_k21_lcTrue;kmerseek.hp_lehninger_c_nonpolar2_k22_lcTrue;kmerseek.hp_lehninger_c_nonpolar2_k23_lcTrue;kmerseek.hp_lehninger_c_nonpolar2_k24_lcTrue;kmerseek.hp_lehninger_c_nonpolar2_k25_lcTrue;kmerseek.hp_lehninger_c_nonpolar2_k26_lcTrue;kmerseek.hp_lehninger_c_nonpolar2_k27_lcTrue;kmerseek.hp_lehninger_c_nonpolar2_k28_lcTrue;kmerseek.hp_lehninger_c_nonpolar2_k29_lcTrue;kmerseek.hp_lehninger_hpc3_k16_lcTrue;kmerseek.hp_lehninger_hpc3_k17_lcTrue;kmerseek.hp_lehninger_hpc3_k18_lcTrue;kmerseek.hp_lehninger_hpc3_k19_lcTrue;kmerseek.hp_lehninger_hpc3_k20_lcTrue;kmerseek.hp_lehninger_hpc3_k21_lcTrue;kmerseek.hp_lehninger_hpc3_k22_lcTrue;kmerseek.hp_lehninger_hpc3_k23_lcTrue;kmerseek.hp_lehninger_hpc3_k24_lcTrue;kmerseek.hp_lehninger_hpc3_k25_lcTrue;kmerseek.hp_lehninger_hpc3_k26_lcTrue;kmerseek.hp_lehninger_hpc3_k27_lcTrue;kmerseek.hp_pbotc_1st_ed2_k18_lcTrue;kmerseek.hp_pbotc_1st_ed2_k19_lcTrue;kmerseek.hp_pbotc_1st_ed2_k20_lcTrue;kmerseek.hp_pbotc_1st_ed2_k21_lcTrue;kmerseek.hp_pbotc_1st_ed2_k22_lcTrue;kmerseek.hp_pbotc_1st_ed2_k23_lcTrue;kmerseek.hp_pbotc_1st_ed2_k24_lcTrue;kmerseek.hp_pbotc_1st_ed2_k25_lcTrue;kmerseek.hp_pbotc_1st_ed2_k26_lcTrue;kmerseek.hp_pbotc_1st_ed2_k27_lcTrue;kmerseek.hp_pbotc_1st_ed2_k28_lcTrue;kmerseek.hp_pbotc_1st_ed2_k29_lcTrue;kmerseek.hp_thomas_dill2_k19_lcTrue;kmerseek.hp_thomas_dill2_k20_lcTrue;kmerseek.hp_thomas_dill2_k21_lcTrue;kmerseek.hp_thomas_dill2_k22_lcTrue;kmerseek.hp_thomas_dill2_k23_lcTrue;kmerseek.hp_thomas_dill2_k24_lcTrue;kmerseek.hp_thomas_dill2_k25_lcTrue;kmerseek.hp_thomas_dill2_k26_lcTrue;kmerseek.hp_thomas_dill2_k27_lcTrue;kmerseek.hp_thomas_dill2_k28_lcTrue;kmerseek.hp_thomas_dill2_k29_lcTrue;kmerseek.hp_thomas_dill2_k30_lcTrue;kmerseek.hp_thomas_dill_no_c2_k19_lcTrue;kmerseek.hp_thomas_dill_no_c2_k20_lcTrue;kmerseek.hp_thomas_dill_no_c2_k21_lcTrue;kmerseek.hp_thomas_dill_no_c2_k22_lcTrue;kmerseek.hp_thomas_dill_no_c2_k23_lcTrue;kmerseek.hp_thomas_dill_no_c2_k24_lcTrue;kmerseek.hp_thomas_dill_no_c2_k25_lcTrue;kmerseek.hp_thomas_dill_no_c2_k26_lcTrue;kmerseek.hp_thomas_dill_no_c2_k27_lcTrue;kmerseek.hp_thomas_dill_no_c2_k28_lcTrue;kmerseek.hp_thomas_dill_no_c2_k29_lcTrue;kmerseek.hp_thomas_dill_no_c2_k30_lcTrue;kmerseek.hsdm17_k5_lcTrue;kmerseek.hsdm17_k6_lcTrue;kmerseek.mmseqs12_k5_lcTrue;kmerseek.mmseqs12_k6_lcTrue;kmerseek.polarity4_k10_lcTrue;kmerseek.polarity4_k11_lcTrue;kmerseek.polarity4_k12_lcTrue;kmerseek.polarity4_k13_lcTrue;kmerseek.polarity4_k14_lcTrue;kmerseek.polarity4_k15_lcTrue;kmerseek.polarity4_k16_lcTrue;kmerseek.polarity4_k17_lcTrue;kmerseek.polarity4_k18_lcTrue;kmerseek.polarity4_k19_lcTrue;kmerseek.protein20_k10_lcTrue;kmerseek.protein20_k11_lcTrue;kmerseek.protein20_k12_lcTrue;kmerseek.protein20_k13_lcTrue;kmerseek.protein20_k6_lcTrue;kmerseek.protein20_k7_lcTrue;kmerseek.protein20_k8_lcTrue;kmerseek.protein20_k9_lcTrue;kmerseek.sdm12_k10_lcTrue;kmerseek.sdm12_k6_lcTrue;kmerseek.sdm12_k7_lcTrue;kmerseek.sdm12_k8_lcTrue;kmerseek.sdm12_k9_lcTrue;kmerseek.uniprot18_k10_lcTrue;kmerseek.uniprot18_k11_lcTrue;kmerseek.uniprot18_k12_lcTrue;kmerseek.uniprot18_k13_lcTrue;kmerseek.uniprot18_k14_lcTrue;kmerseek.uniprot18_k6_lcTrue;kmerseek.uniprot18_k7_lcTrue;kmerseek.uniprot18_k8_lcTrue;kmerseek.uniprot18_k9_lcTrue;kmerseek.wass14_k10_lcTrue;kmerseek.wass14_k11_lcTrue;kmerseek.wass14_k12_lcTrue;kmerseek.wass14_k13_lcTrue;kmerseek.wass14_k14_lcTrue;kmerseek.wass14_k6_lcTrue;kmerseek.wass14_k7_lcTrue;kmerseek.wass14_k8_lcTrue;kmerseek.wass14_k9_lcTrue;kmerseek.wwmj5_k8_lcTrue;kmerseek.wwmj5_k9_lcTrue,21,25,84.0,PF07645,100.0,false,,87.4,0.0,0.0,false,criterion 5 loosened (mouse allowed),0.188,spills,0.214,spills,0.322,spills,0.679,equal or higher IoU,0.795,equal or higher IoU,0.464,spills
CCR6,P51684,TRANSMEM,Helical; Name=2,TRANSMEM,84,104,21,composition,mouse,100,O88410,kmerseek.hp_lehninger_c_nonpolar2_k18_lcTrue,0.955,0.955,1.0,kmerseek.hp_lehninger_hpc3_k16_lcTrue,1.0,147,19,kmerseek.dayhoff6_k10_lcTrue;kmerseek.dayhoff6_k11_lcTrue;kmerseek.dayhoff6_k12_lcTrue;kmerseek.dayhoff6_k13_lcTrue;kmerseek.dayhoff6_k14_lcTrue;kmerseek.dayhoff6_k15_lcTrue;kmerseek.dayhoff6_k16_lcTrue;kmerseek.dayhoff6_k17_lcTrue;kmerseek.dayhoff6_k8_lcTrue;kmerseek.dayhoff6_k9_lcTrue;kmerseek.funcgroups8_k10_lcTrue;kmerseek.funcgroups8_k11_lcTrue;kmerseek.funcgroups8_k12_lcTrue;kmerseek.funcgroups8_k13_lcTrue;kmerseek.funcgroups8_k14_lcTrue;kmerseek.funcgroups8_k7_lcTrue;kmerseek.funcgroups8_k8_lcTrue;kmerseek.funcgroups8_k9_lcTrue;kmerseek.gbmr4_k12_lcTrue;kmerseek.gbmr4_k13_lcTrue;kmerseek.gbmr4_k14_lcTrue;kmerseek.gbmr4_k15_lcTrue;kmerseek.gbmr4_k16_lcTrue;kmerseek.gbmr4_k17_lcTrue;kmerseek.gbmr4_k18_lcTrue;kmerseek.gbmr4_k19_lcTrue;kmerseek.gbmr4_k20_lcTrue;kmerseek.gbmr4_k21_lcTrue;kmerseek.gbmr7_k11_lcTrue;kmerseek.gbmr7_k12_lcTrue;kmerseek.gbmr7_k13_lcTrue;kmerseek.gbmr7_k14_lcTrue;kmerseek.gbmr7_k15_lcTrue;kmerseek.gbmr7_k16_lcTrue;kmerseek.gbmr7_k17_lcTrue;kmerseek.gbmr7_k18_lcTrue;kmerseek.hp_kyte_doolittle2_k19_lcTrue;kmerseek.hp_kyte_doolittle2_k20_lcTrue;kmerseek.hp_kyte_doolittle2_k21_lcTrue;kmerseek.hp_kyte_doolittle2_k22_lcTrue;kmerseek.hp_kyte_doolittle2_k23_lcTrue;kmerseek.hp_lehninger2_k18_lcTrue;kmerseek.hp_lehninger2_k19_lcTrue;kmerseek.hp_lehninger2_k20_lcTrue;kmerseek.hp_lehninger2_k21_lcTrue;kmerseek.hp_lehninger2_k22_lcTrue;kmerseek.hp_lehninger2_k23_lcTrue;kmerseek.hp_lehninger_c_nonpolar2_k18_lcTrue;kmerseek.hp_lehninger_c_nonpolar2_k19_lcTrue;kmerseek.hp_lehninger_c_nonpolar2_k20_lcTrue;kmerseek.hp_lehninger_c_nonpolar2_k21_lcTrue;kmerseek.hp_lehninger_c_nonpolar2_k22_lcTrue;kmerseek.hp_lehninger_c_nonpolar2_k23_lcTrue;kmerseek.hp_lehninger_hpc3_k16_lcTrue;kmerseek.hp_lehninger_hpc3_k17_lcTrue;kmerseek.hp_lehninger_hpc3_k18_lcTrue;kmerseek.hp_lehninger_hpc3_k19_lcTrue;kmerseek.hp_lehninger_hpc3_k20_lcTrue;kmerseek.hp_lehninger_hpc3_k21_lcTrue;kmerseek.hp_lehninger_hpc3_k22_lcTrue;kmerseek.hp_lehninger_hpc3_k23_lcTrue;kmerseek.hp_pbotc_1st_ed2_k18_lcTrue;kmerseek.hp_pbotc_1st_ed2_k19_lcTrue;kmerseek.hp_pbotc_1st_ed2_k20_lcTrue;kmerseek.hp_pbotc_1st_ed2_k21_lcTrue;kmerseek.hp_pbotc_1st_ed2_k22_lcTrue;kmerseek.hp_pbotc_1st_ed2_k23_lcTrue;kmerseek.hp_thomas_dill2_k19_lcTrue;kmerseek.hp_thomas_dill2_k20_lcTrue;kmerseek.hp_thomas_dill2_k21_lcTrue;kmerseek.hp_thomas_dill2_k22_lcTrue;kmerseek.hp_thomas_dill2_k23_lcTrue;kmerseek.hp_thomas_dill_no_c2_k19_lcTrue;kmerseek.hp_thomas_dill_no_c2_k20_lcTrue;kmerseek.hp_thomas_dill_no_c2_k21_lcTrue;kmerseek.hp_thomas_dill_no_c2_k22_lcTrue;kmerseek.hp_thomas_dill_no_c2_k23_lcTrue;kmerseek.hsdm17_k10_lcTrue;kmerseek.hsdm17_k11_lcTrue;kmerseek.hsdm17_k12_lcTrue;kmerseek.hsdm17_k13_lcTrue;kmerseek.hsdm17_k14_lcTrue;kmerseek.hsdm17_k5_lcTrue;kmerseek.hsdm17_k6_lcTrue;kmerseek.hsdm17_k7_lcTrue;kmerseek.hsdm17_k8_lcTrue;kmerseek.hsdm17_k9_lcTrue;kmerseek.mmseqs12_k10_lcTrue;kmerseek.mmseqs12_k5_lcTrue;kmerseek.mmseqs12_k6_lcTrue;kmerseek.mmseqs12_k7_lcTrue;kmerseek.mmseqs12_k8_lcTrue;kmerseek.mmseqs12_k9_lcTrue;kmerseek.polarity4_k10_lcTrue;kmerseek.polarity4_k11_lcTrue;kmerseek.polarity4_k12_lcTrue;kmerseek.polarity4_k13_lcTrue;kmerseek.polarity4_k14_lcTrue;kmerseek.polarity4_k15_lcTrue;kmerseek.polarity4_k16_lcTrue;kmerseek.polarity4_k17_lcTrue;kmerseek.polarity4_k18_lcTrue;kmerseek.polarity4_k19_lcTrue;kmerseek.protein20_k10_lcTrue;kmerseek.protein20_k11_lcTrue;kmerseek.protein20_k12_lcTrue;kmerseek.protein20_k5_lcTrue;kmerseek.protein20_k6_lcTrue;kmerseek.protein20_k7_lcTrue;kmerseek.protein20_k8_lcTrue;kmerseek.protein20_k9_lcTrue;kmerseek.sdm12_k10_lcTrue;kmerseek.sdm12_k11_lcTrue;kmerseek.sdm12_k12_lcTrue;kmerseek.sdm12_k13_lcTrue;kmerseek.sdm12_k14_lcTrue;kmerseek.sdm12_k15_lcTrue;kmerseek.sdm12_k6_lcTrue;kmerseek.sdm12_k7_lcTrue;kmerseek.sdm12_k8_lcTrue;kmerseek.sdm12_k9_lcTrue;kmerseek.uniprot18_k10_lcTrue;kmerseek.uniprot18_k11_lcTrue;kmerseek.uniprot18_k12_lcTrue;kmerseek.uniprot18_k5_lcTrue;kmerseek.uniprot18_k6_lcTrue;kmerseek.uniprot18_k7_lcTrue;kmerseek.uniprot18_k8_lcTrue;kmerseek.uniprot18_k9_lcTrue;kmerseek.wass14_k10_lcTrue;kmerseek.wass14_k11_lcTrue;kmerseek.wass14_k12_lcTrue;kmerseek.wass14_k5_lcTrue;kmerseek.wass14_k6_lcTrue;kmerseek.wass14_k7_lcTrue;kmerseek.wass14_k8_lcTrue;kmerseek.wass14_k9_lcTrue;kmerseek.wwmj5_k10_lcTrue;kmerseek.wwmj5_k11_lcTrue;kmerseek.wwmj5_k12_lcTrue;kmerseek.wwmj5_k13_lcTrue;kmerseek.wwmj5_k14_lcTrue;kmerseek.wwmj5_k15_lcTrue;kmerseek.wwmj5_k16_lcTrue;kmerseek.wwmj5_k17_lcTrue;kmerseek.wwmj5_k8_lcTrue;kmerseek.wwmj5_k9_lcTrue,14,22,63.6,PF00001,80.4,false,0.7777777777777778,96.9,0.0,0.0,false,criterion 5 loosened (mouse allowed),0.146,spills,0.114,spills,0.292,spills,0.2,spills,0.467,spills,0.333,spills
ZKSCAN3,Q9BRR0,ZN_FING,C2H2-type 1,ZN_FING,314,336,23,held out,mouse,100,Q91VW9,kmerseek.hp_thomas_dill_no_c2_k19_lcTrue,0.88,0.917,0.957,kmerseek.hp_kyte_doolittle2_k19_lcTrue,0.92,146,18,kmerseek.dayhoff6_k10_lcTrue;kmerseek.dayhoff6_k11_lcTrue;kmerseek.dayhoff6_k12_lcTrue;kmerseek.dayhoff6_k13_lcTrue;kmerseek.dayhoff6_k14_lcTrue;kmerseek.dayhoff6_k15_lcTrue;kmerseek.dayhoff6_k16_lcTrue;kmerseek.dayhoff6_k17_lcTrue;kmerseek.dayhoff6_k8_lcTrue;kmerseek.dayhoff6_k9_lcTrue;kmerseek.funcgroups8_k10_lcTrue;kmerseek.funcgroups8_k11_lcTrue;kmerseek.funcgroups8_k12_lcTrue;kmerseek.funcgroups8_k13_lcTrue;kmerseek.funcgroups8_k14_lcTrue;kmerseek.funcgroups8_k15_lcTrue;kmerseek.funcgroups8_k16_lcTrue;kmerseek.funcgroups8_k7_lcTrue;kmerseek.funcgroups8_k8_lcTrue;kmerseek.funcgroups8_k9_lcTrue;kmerseek.gbmr4_k12_lcTrue;kmerseek.gbmr4_k13_lcTrue;kmerseek.gbmr4_k14_lcTrue;kmerseek.gbmr4_k15_lcTrue;kmerseek.gbmr4_k16_lcTrue;kmerseek.gbmr4_k17_lcTrue;kmerseek.gbmr4_k18_lcTrue;kmerseek.gbmr4_k19_lcTrue;kmerseek.hp_kyte_doolittle2_k19_lcTrue;kmerseek.hp_kyte_doolittle2_k20_lcTrue;kmerseek.hp_kyte_doolittle2_k21_lcTrue;kmerseek.hp_kyte_doolittle2_k22_lcTrue;kmerseek.hp_kyte_doolittle2_k23_lcTrue;kmerseek.hp_kyte_doolittle2_k24_lcTrue;kmerseek.hp_lehninger2_k18_lcTrue;kmerseek.hp_lehninger2_k19_lcTrue;kmerseek.hp_lehninger2_k20_lcTrue;kmerseek.hp_lehninger2_k21_lcTrue;kmerseek.hp_lehninger2_k22_lcTrue;kmerseek.hp_lehninger_c_nonpolar2_k18_lcTrue;kmerseek.hp_lehninger_c_nonpolar2_k19_lcTrue;kmerseek.hp_lehninger_c_nonpolar2_k20_lcTrue;kmerseek.hp_lehninger_c_nonpolar2_k21_lcTrue;kmerseek.hp_lehninger_c_nonpolar2_k22_lcTrue;kmerseek.hp_lehninger_hpc3_k16_lcTrue;kmerseek.hp_lehninger_hpc3_k17_lcTrue;kmerseek.hp_lehninger_hpc3_k18_lcTrue;kmerseek.hp_lehninger_hpc3_k19_lcTrue;kmerseek.hp_lehninger_hpc3_k20_lcTrue;kmerseek.hp_lehninger_hpc3_k21_lcTrue;kmerseek.hp_lehninger_hpc3_k22_lcTrue;kmerseek.hp_pbotc_1st_ed2_k18_lcTrue;kmerseek.hp_pbotc_1st_ed2_k19_lcTrue;kmerseek.hp_pbotc_1st_ed2_k20_lcTrue;kmerseek.hp_pbotc_1st_ed2_k21_lcTrue;kmerseek.hp_pbotc_1st_ed2_k22_lcTrue;kmerseek.hp_pbotc_1st_ed2_k23_lcTrue;kmerseek.hp_pbotc_1st_ed2_k24_lcTrue;kmerseek.hp_thomas_dill2_k19_lcTrue;kmerseek.hp_thomas_dill2_k20_lcTrue;kmerseek.hp_thomas_dill2_k21_lcTrue;kmerseek.hp_thomas_dill2_k22_lcTrue;kmerseek.hp_thomas_dill2_k23_lcTrue;kmerseek.hp_thomas_dill_no_c2_k19_lcTrue;kmerseek.hp_thomas_dill_no_c2_k20_lcTrue;kmerseek.hp_thomas_dill_no_c2_k21_lcTrue;kmerseek.hp_thomas_dill_no_c2_k22_lcTrue;kmerseek.hsdm17_k10_lcTrue;kmerseek.hsdm17_k11_lcTrue;kmerseek.hsdm17_k12_lcTrue;kmerseek.hsdm17_k13_lcTrue;kmerseek.hsdm17_k14_lcTrue;kmerseek.hsdm17_k5_lcTrue;kmerseek.hsdm17_k6_lcTrue;kmerseek.hsdm17_k7_lcTrue;kmerseek.hsdm17_k8_lcTrue;kmerseek.hsdm17_k9_lcTrue;kmerseek.mmseqs12_k10_lcTrue;kmerseek.mmseqs12_k11_lcTrue;kmerseek.mmseqs12_k12_lcTrue;kmerseek.mmseqs12_k13_lcTrue;kmerseek.mmseqs12_k14_lcTrue;kmerseek.mmseqs12_k5_lcTrue;kmerseek.mmseqs12_k6_lcTrue;kmerseek.mmseqs12_k7_lcTrue;kmerseek.mmseqs12_k8_lcTrue;kmerseek.mmseqs12_k9_lcTrue;kmerseek.polarity4_k10_lcTrue;kmerseek.polarity4_k11_lcTrue;kmerseek.polarity4_k12_lcTrue;kmerseek.polarity4_k13_lcTrue;kmerseek.polarity4_k14_lcTrue;kmerseek.polarity4_k15_lcTrue;kmerseek.polarity4_k16_lcTrue;kmerseek.polarity4_k17_lcTrue;kmerseek.polarity4_k18_lcTrue;kmerseek.polarity4_k19_lcTrue;kmerseek.protein20_k10_lcTrue;kmerseek.protein20_k11_lcTrue;kmerseek.protein20_k12_lcTrue;kmerseek.protein20_k13_lcTrue;kmerseek.protein20_k5_lcTrue;kmerseek.protein20_k6_lcTrue;kmerseek.protein20_k7_lcTrue;kmerseek.protein20_k8_lcTrue;kmerseek.protein20_k9_lcTrue;kmerseek.sdm12_k10_lcTrue;kmerseek.sdm12_k11_lcTrue;kmerseek.sdm12_k12_lcTrue;kmerseek.sdm12_k13_lcTrue;kmerseek.sdm12_k14_lcTrue;kmerseek.sdm12_k15_lcTrue;kmerseek.sdm12_k6_lcTrue;kmerseek.sdm12_k7_lcTrue;kmerseek.sdm12_k8_lcTrue;kmerseek.sdm12_k9_lcTrue;kmerseek.uniprot18_k10_lcTrue;kmerseek.uniprot18_k11_lcTrue;kmerseek.uniprot18_k12_lcTrue;kmerseek.uniprot18_k13_lcTrue;kmerseek.uniprot18_k14_lcTrue;kmerseek.uniprot18_k5_lcTrue;kmerseek.uniprot18_k6_lcTrue;kmerseek.uniprot18_k7_lcTrue;kmerseek.uniprot18_k8_lcTrue;kmerseek.uniprot18_k9_lcTrue;kmerseek.wass14_k10_lcTrue;kmerseek.wass14_k11_lcTrue;kmerseek.wass14_k12_lcTrue;kmerseek.wass14_k13_lcTrue;kmerseek.wass14_k14_lcTrue;kmerseek.wass14_k5_lcTrue;kmerseek.wass14_k6_lcTrue;kmerseek.wass14_k7_lcTrue;kmerseek.wass14_k8_lcTrue;kmerseek.wass14_k9_lcTrue;kmerseek.wwmj5_k10_lcTrue;kmerseek.wwmj5_k11_lcTrue;kmerseek.wwmj5_k12_lcTrue;kmerseek.wwmj5_k13_lcTrue;kmerseek.wwmj5_k14_lcTrue;kmerseek.wwmj5_k15_lcTrue;kmerseek.wwmj5_k16_lcTrue;kmerseek.wwmj5_k17_lcTrue;kmerseek.wwmj5_k8_lcTrue;kmerseek.wwmj5_k9_lcTrue,21,24,87.5,PF00096,99.1,false,,82.9,0.0,0.043,false,criterion 5 loosened (mouse allowed),0.204,spills,0.202,spills,0.311,spills,0.885,equal or higher IoU,0.375,spills,0.826,"inside, lower IoU"
BRPF3,Q9ULD4,ZN_FING,PHD-type 1,ZN_FING,212,262,51,held out,mouse,100,G5E8P1,kmerseek.hp_thomas_dill_no_c2_k19_lcTrue,0.864,0.864,1.0,kmerseek.hp_lehninger2_k18_lcTrue,0.804,142,13,kmerseek.dayhoff6_k10_lcTrue;kmerseek.dayhoff6_k11_lcTrue;kmerseek.dayhoff6_k12_lcTrue;kmerseek.dayhoff6_k13_lcTrue;kmerseek.dayhoff6_k14_lcTrue;kmerseek.dayhoff6_k15_lcTrue;kmerseek.dayhoff6_k16_lcTrue;kmerseek.dayhoff6_k17_lcTrue;kmerseek.dayhoff6_k8_lcTrue;kmerseek.dayhoff6_k9_lcTrue;kmerseek.gbmr4_k12_lcTrue;kmerseek.gbmr4_k13_lcTrue;kmerseek.gbmr4_k14_lcTrue;kmerseek.gbmr4_k15_lcTrue;kmerseek.gbmr4_k16_lcTrue;kmerseek.gbmr4_k17_lcTrue;kmerseek.gbmr4_k18_lcTrue;kmerseek.gbmr4_k19_lcTrue;kmerseek.gbmr4_k20_lcTrue;kmerseek.gbmr4_k21_lcTrue;kmerseek.gbmr7_k11_lcTrue;kmerseek.gbmr7_k12_lcTrue;kmerseek.gbmr7_k13_lcTrue;kmerseek.gbmr7_k14_lcTrue;kmerseek.gbmr7_k15_lcTrue;kmerseek.gbmr7_k16_lcTrue;kmerseek.gbmr7_k17_lcTrue;kmerseek.gbmr7_k18_lcTrue;kmerseek.hp_kyte_doolittle2_k19_lcTrue;kmerseek.hp_kyte_doolittle2_k20_lcTrue;kmerseek.hp_kyte_doolittle2_k21_lcTrue;kmerseek.hp_kyte_doolittle2_k22_lcTrue;kmerseek.hp_kyte_doolittle2_k23_lcTrue;kmerseek.hp_kyte_doolittle2_k24_lcTrue;kmerseek.hp_kyte_doolittle2_k25_lcTrue;kmerseek.hp_kyte_doolittle2_k26_lcTrue;kmerseek.hp_kyte_doolittle2_k27_lcTrue;kmerseek.hp_kyte_doolittle2_k28_lcTrue;kmerseek.hp_kyte_doolittle2_k29_lcTrue;kmerseek.hp_kyte_doolittle2_k30_lcTrue;kmerseek.hp_lehninger2_k18_lcTrue;kmerseek.hp_lehninger2_k19_lcTrue;kmerseek.hp_lehninger2_k20_lcTrue;kmerseek.hp_lehninger2_k21_lcTrue;kmerseek.hp_lehninger2_k22_lcTrue;kmerseek.hp_lehninger2_k23_lcTrue;kmerseek.hp_lehninger2_k24_lcTrue;kmerseek.hp_lehninger2_k25_lcTrue;kmerseek.hp_lehninger2_k26_lcTrue;kmerseek.hp_lehninger2_k27_lcTrue;kmerseek.hp_lehninger2_k28_lcTrue;kmerseek.hp_lehninger2_k29_lcTrue;kmerseek.hp_lehninger_c_nonpolar2_k18_lcTrue;kmerseek.hp_lehninger_c_nonpolar2_k19_lcTrue;kmerseek.hp_lehninger_c_nonpolar2_k20_lcTrue;kmerseek.hp_lehninger_c_nonpolar2_k21_lcTrue;kmerseek.hp_lehninger_c_nonpolar2_k22_lcTrue;kmerseek.hp_lehninger_c_nonpolar2_k23_lcTrue;kmerseek.hp_lehninger_c_nonpolar2_k24_lcTrue;kmerseek.hp_lehninger_c_nonpolar2_k25_lcTrue;kmerseek.hp_lehninger_c_nonpolar2_k26_lcTrue;kmerseek.hp_lehninger_c_nonpolar2_k27_lcTrue;kmerseek.hp_lehninger_c_nonpolar2_k28_lcTrue;kmerseek.hp_lehninger_c_nonpolar2_k29_lcTrue;kmerseek.hp_lehninger_hpc3_k16_lcTrue;kmerseek.hp_lehninger_hpc3_k17_lcTrue;kmerseek.hp_lehninger_hpc3_k18_lcTrue;kmerseek.hp_lehninger_hpc3_k19_lcTrue;kmerseek.hp_lehninger_hpc3_k20_lcTrue;kmerseek.hp_lehninger_hpc3_k21_lcTrue;kmerseek.hp_lehninger_hpc3_k22_lcTrue;kmerseek.hp_lehninger_hpc3_k23_lcTrue;kmerseek.hp_lehninger_hpc3_k24_lcTrue;kmerseek.hp_lehninger_hpc3_k25_lcTrue;kmerseek.hp_lehninger_hpc3_k26_lcTrue;kmerseek.hp_lehninger_hpc3_k27_lcTrue;kmerseek.hp_pbotc_1st_ed2_k18_lcTrue;kmerseek.hp_pbotc_1st_ed2_k19_lcTrue;kmerseek.hp_pbotc_1st_ed2_k20_lcTrue;kmerseek.hp_pbotc_1st_ed2_k21_lcTrue;kmerseek.hp_pbotc_1st_ed2_k22_lcTrue;kmerseek.hp_pbotc_1st_ed2_k23_lcTrue;kmerseek.hp_pbotc_1st_ed2_k24_lcTrue;kmerseek.hp_pbotc_1st_ed2_k25_lcTrue;kmerseek.hp_pbotc_1st_ed2_k26_lcTrue;kmerseek.hp_pbotc_1st_ed2_k27_lcTrue;kmerseek.hp_pbotc_1st_ed2_k28_lcTrue;kmerseek.hp_pbotc_1st_ed2_k29_lcTrue;kmerseek.hp_thomas_dill2_k19_lcTrue;kmerseek.hp_thomas_dill2_k20_lcTrue;kmerseek.hp_thomas_dill2_k21_lcTrue;kmerseek.hp_thomas_dill2_k22_lcTrue;kmerseek.hp_thomas_dill2_k23_lcTrue;kmerseek.hp_thomas_dill2_k24_lcTrue;kmerseek.hp_thomas_dill2_k25_lcTrue;kmerseek.hp_thomas_dill2_k26_lcTrue;kmerseek.hp_thomas_dill2_k27_lcTrue;kmerseek.hp_thomas_dill2_k28_lcTrue;kmerseek.hp_thomas_dill2_k29_lcTrue;kmerseek.hp_thomas_dill2_k30_lcTrue;kmerseek.hp_thomas_dill_no_c2_k19_lcTrue;kmerseek.hp_thomas_dill_no_c2_k20_lcTrue;kmerseek.hp_thomas_dill_no_c2_k21_lcTrue;kmerseek.hp_thomas_dill_no_c2_k22_lcTrue;kmerseek.hp_thomas_dill_no_c2_k23_lcTrue;kmerseek.hp_thomas_dill_no_c2_k24_lcTrue;kmerseek.hp_thomas_dill_no_c2_k25_lcTrue;kmerseek.hp_thomas_dill_no_c2_k26_lcTrue;kmerseek.hp_thomas_dill_no_c2_k27_lcTrue;kmerseek.hp_thomas_dill_no_c2_k28_lcTrue;kmerseek.hp_thomas_dill_no_c2_k29_lcTrue;kmerseek.hp_thomas_dill_no_c2_k30_lcTrue;kmerseek.polarity4_k10_lcTrue;kmerseek.polarity4_k11_lcTrue;kmerseek.polarity4_k12_lcTrue;kmerseek.polarity4_k13_lcTrue;kmerseek.polarity4_k14_lcTrue;kmerseek.polarity4_k15_lcTrue;kmerseek.polarity4_k16_lcTrue;kmerseek.polarity4_k17_lcTrue;kmerseek.polarity4_k18_lcTrue;kmerseek.polarity4_k19_lcTrue;kmerseek.sdm12_k10_lcTrue;kmerseek.sdm12_k11_lcTrue;kmerseek.sdm12_k12_lcTrue;kmerseek.sdm12_k13_lcTrue;kmerseek.sdm12_k14_lcTrue;kmerseek.sdm12_k15_lcTrue;kmerseek.sdm12_k6_lcTrue;kmerseek.sdm12_k7_lcTrue;kmerseek.sdm12_k8_lcTrue;kmerseek.sdm12_k9_lcTrue;kmerseek.wwmj5_k10_lcTrue;kmerseek.wwmj5_k11_lcTrue;kmerseek.wwmj5_k12_lcTrue;kmerseek.wwmj5_k13_lcTrue;kmerseek.wwmj5_k14_lcTrue;kmerseek.wwmj5_k15_lcTrue;kmerseek.wwmj5_k16_lcTrue;kmerseek.wwmj5_k17_lcTrue;kmerseek.wwmj5_k8_lcTrue;kmerseek.wwmj5_k9_lcTrue,51,59,86.4,PF13831,100.0,false,,86.6,0.0196078431372549,0.0,false,"criteria 5 and 3 loosened (structure tool inside, lower IoU)",0.34,spills,0.204,spills,0.677,"inside, lower IoU",1.0,equal or higher IoU,0.922,equal or higher IoU,0.961,equal or higher IoU
STXBP5,Q5T5C0,REPEAT,WD 7,REPEAT,344,378,35,composition,mouse,100,Q5DQR4,kmerseek.hp_kyte_doolittle2_k19_lcTrue,0.833,0.833,1.0,kmerseek.funcgroups8_k10_lcTrue,1.0,137,13,kmerseek.dayhoff6_k10_lcTrue;kmerseek.dayhoff6_k11_lcTrue;kmerseek.dayhoff6_k12_lcTrue;kmerseek.dayhoff6_k13_lcTrue;kmerseek.dayhoff6_k14_lcTrue;kmerseek.dayhoff6_k15_lcTrue;kmerseek.dayhoff6_k16_lcTrue;kmerseek.dayhoff6_k17_lcTrue;kmerseek.dayhoff6_k8_lcTrue;kmerseek.dayhoff6_k9_lcTrue;kmerseek.funcgroups8_k10_lcTrue;kmerseek.funcgroups8_k11_lcTrue;kmerseek.funcgroups8_k12_lcTrue;kmerseek.funcgroups8_k13_lcTrue;kmerseek.funcgroups8_k14_lcTrue;kmerseek.funcgroups8_k15_lcTrue;kmerseek.funcgroups8_k16_lcTrue;kmerseek.funcgroups8_k7_lcTrue;kmerseek.funcgroups8_k8_lcTrue;kmerseek.funcgroups8_k9_lcTrue;kmerseek.gbmr4_k12_lcTrue;kmerseek.gbmr4_k13_lcTrue;kmerseek.gbmr4_k14_lcTrue;kmerseek.gbmr4_k15_lcTrue;kmerseek.gbmr4_k16_lcTrue;kmerseek.gbmr4_k17_lcTrue;kmerseek.gbmr4_k18_lcTrue;kmerseek.gbmr4_k19_lcTrue;kmerseek.gbmr4_k20_lcTrue;kmerseek.gbmr7_k15_lcTrue;kmerseek.gbmr7_k16_lcTrue;kmerseek.gbmr7_k17_lcTrue;kmerseek.gbmr7_k18_lcTrue;kmerseek.hp_kyte_doolittle2_k19_lcTrue;kmerseek.hp_kyte_doolittle2_k20_lcTrue;kmerseek.hp_kyte_doolittle2_k21_lcTrue;kmerseek.hp_kyte_doolittle2_k22_lcTrue;kmerseek.hp_kyte_doolittle2_k23_lcTrue;kmerseek.hp_kyte_doolittle2_k24_lcTrue;kmerseek.hp_kyte_doolittle2_k25_lcTrue;kmerseek.hp_kyte_doolittle2_k26_lcTrue;kmerseek.hp_kyte_doolittle2_k27_lcTrue;kmerseek.hp_kyte_doolittle2_k28_lcTrue;kmerseek.hp_kyte_doolittle2_k29_lcTrue;kmerseek.hp_kyte_doolittle2_k30_lcTrue;kmerseek.hp_lehninger2_k18_lcTrue;kmerseek.hp_lehninger2_k19_lcTrue;kmerseek.hp_lehninger2_k20_lcTrue;kmerseek.hp_lehninger2_k21_lcTrue;kmerseek.hp_lehninger2_k22_lcTrue;kmerseek.hp_lehninger2_k23_lcTrue;kmerseek.hp_lehninger2_k24_lcTrue;kmerseek.hp_lehninger2_k25_lcTrue;kmerseek.hp_lehninger2_k26_lcTrue;kmerseek.hp_lehninger2_k27_lcTrue;kmerseek.hp_lehninger2_k28_lcTrue;kmerseek.hp_lehninger2_k29_lcTrue;kmerseek.hp_lehninger_c_nonpolar2_k18_lcTrue;kmerseek.hp_lehninger_c_nonpolar2_k19_lcTrue;kmerseek.hp_lehninger_c_nonpolar2_k20_lcTrue;kmerseek.hp_lehninger_c_nonpolar2_k21_lcTrue;kmerseek.hp_lehninger_c_nonpolar2_k22_lcTrue;kmerseek.hp_lehninger_c_nonpolar2_k23_lcTrue;kmerseek.hp_lehninger_c_nonpolar2_k24_lcTrue;kmerseek.hp_lehninger_c_nonpolar2_k25_lcTrue;kmerseek.hp_lehninger_c_nonpolar2_k26_lcTrue;kmerseek.hp_lehninger_c_nonpolar2_k27_lcTrue;kmerseek.hp_lehninger_c_nonpolar2_k28_lcTrue;kmerseek.hp_lehninger_c_nonpolar2_k29_lcTrue;kmerseek.hp_lehninger_hpc3_k16_lcTrue;kmerseek.hp_lehninger_hpc3_k17_lcTrue;kmerseek.hp_lehninger_hpc3_k18_lcTrue;kmerseek.hp_lehninger_hpc3_k19_lcTrue;kmerseek.hp_lehninger_hpc3_k20_lcTrue;kmerseek.hp_lehninger_hpc3_k21_lcTrue;kmerseek.hp_lehninger_hpc3_k22_lcTrue;kmerseek.hp_lehninger_hpc3_k23_lcTrue;kmerseek.hp_lehninger_hpc3_k24_lcTrue;kmerseek.hp_lehninger_hpc3_k25_lcTrue;kmerseek.hp_lehninger_hpc3_k26_lcTrue;kmerseek.hp_lehninger_hpc3_k27_lcTrue;kmerseek.hp_pbotc_1st_ed2_k18_lcTrue;kmerseek.hp_pbotc_1st_ed2_k19_lcTrue;kmerseek.hp_pbotc_1st_ed2_k20_lcTrue;kmerseek.hp_pbotc_1st_ed2_k21_lcTrue;kmerseek.hp_pbotc_1st_ed2_k22_lcTrue;kmerseek.hp_pbotc_1st_ed2_k23_lcTrue;kmerseek.hp_pbotc_1st_ed2_k24_lcTrue;kmerseek.hp_pbotc_1st_ed2_k25_lcTrue;kmerseek.hp_pbotc_1st_ed2_k26_lcTrue;kmerseek.hp_pbotc_1st_ed2_k27_lcTrue;kmerseek.hp_pbotc_1st_ed2_k28_lcTrue;kmerseek.hp_pbotc_1st_ed2_k29_lcTrue;kmerseek.hp_thomas_dill2_k19_lcTrue;kmerseek.hp_thomas_dill2_k20_lcTrue;kmerseek.hp_thomas_dill2_k21_lcTrue;kmerseek.hp_thomas_dill2_k22_lcTrue;kmerseek.hp_thomas_dill2_k23_lcTrue;kmerseek.hp_thomas_dill2_k24_lcTrue;kmerseek.hp_thomas_dill2_k25_lcTrue;kmerseek.hp_thomas_dill2_k26_lcTrue;kmerseek.hp_thomas_dill2_k27_lcTrue;kmerseek.hp_thomas_dill2_k28_lcTrue;kmerseek.hp_thomas_dill2_k29_lcTrue;kmerseek.hp_thomas_dill2_k30_lcTrue;kmerseek.hp_thomas_dill_no_c2_k19_lcTrue;kmerseek.hp_thomas_dill_no_c2_k20_lcTrue;kmerseek.hp_thomas_dill_no_c2_k21_lcTrue;kmerseek.hp_thomas_dill_no_c2_k22_lcTrue;kmerseek.hp_thomas_dill_no_c2_k23_lcTrue;kmerseek.hp_thomas_dill_no_c2_k24_lcTrue;kmerseek.hp_thomas_dill_no_c2_k25_lcTrue;kmerseek.hp_thomas_dill_no_c2_k26_lcTrue;kmerseek.hp_thomas_dill_no_c2_k27_lcTrue;kmerseek.hp_thomas_dill_no_c2_k28_lcTrue;kmerseek.hp_thomas_dill_no_c2_k29_lcTrue;kmerseek.hp_thomas_dill_no_c2_k30_lcTrue;kmerseek.polarity4_k10_lcTrue;kmerseek.polarity4_k11_lcTrue;kmerseek.polarity4_k12_lcTrue;kmerseek.polarity4_k13_lcTrue;kmerseek.polarity4_k14_lcTrue;kmerseek.polarity4_k15_lcTrue;kmerseek.polarity4_k16_lcTrue;kmerseek.polarity4_k17_lcTrue;kmerseek.polarity4_k18_lcTrue;kmerseek.polarity4_k19_lcTrue;kmerseek.wwmj5_k10_lcTrue;kmerseek.wwmj5_k11_lcTrue;kmerseek.wwmj5_k12_lcTrue;kmerseek.wwmj5_k13_lcTrue;kmerseek.wwmj5_k14_lcTrue;kmerseek.wwmj5_k15_lcTrue;kmerseek.wwmj5_k16_lcTrue;kmerseek.wwmj5_k17_lcTrue;kmerseek.wwmj5_k8_lcTrue;kmerseek.wwmj5_k9_lcTrue,34,42,81.0,PF08366,98.7,false,,95.4,0.0,0.0,false,criterion 5 loosened (mouse allowed),0.13,spills,0.135,spills,0.17,spills,0.155,spills,0.198,spills,0.036,spills
ZKSCAN3,Q9BRR0,ZN_FING,C2H2-type 5,ZN_FING,426,448,23,held out,mouse,100,Q6PGE4,kmerseek.hp_thomas_dill_no_c2_k19_lcTrue,0.957,1.0,0.957,kmerseek.hp_thomas_dill2_k20_lcTrue,0.958,132,19,kmerseek.dayhoff6_k10_lcTrue;kmerseek.dayhoff6_k11_lcTrue;kmerseek.dayhoff6_k12_lcTrue;kmerseek.dayhoff6_k13_lcTrue;kmerseek.dayhoff6_k14_lcTrue;kmerseek.dayhoff6_k15_lcTrue;kmerseek.dayhoff6_k8_lcTrue;kmerseek.dayhoff6_k9_lcTrue;kmerseek.funcgroups8_k10_lcTrue;kmerseek.funcgroups8_k11_lcTrue;kmerseek.funcgroups8_k12_lcTrue;kmerseek.funcgroups8_k7_lcTrue;kmerseek.funcgroups8_k8_lcTrue;kmerseek.funcgroups8_k9_lcTrue;kmerseek.gbmr4_k12_lcTrue;kmerseek.gbmr4_k13_lcTrue;kmerseek.gbmr4_k14_lcTrue;kmerseek.gbmr4_k15_lcTrue;kmerseek.gbmr4_k16_lcTrue;kmerseek.gbmr4_k17_lcTrue;kmerseek.gbmr4_k18_lcTrue;kmerseek.gbmr4_k19_lcTrue;kmerseek.gbmr4_k20_lcTrue;kmerseek.gbmr4_k21_lcTrue;kmerseek.gbmr7_k11_lcTrue;kmerseek.gbmr7_k12_lcTrue;kmerseek.gbmr7_k13_lcTrue;kmerseek.gbmr7_k14_lcTrue;kmerseek.gbmr7_k15_lcTrue;kmerseek.gbmr7_k16_lcTrue;kmerseek.gbmr7_k17_lcTrue;kmerseek.gbmr7_k18_lcTrue;kmerseek.hp_kyte_doolittle2_k19_lcTrue;kmerseek.hp_kyte_doolittle2_k20_lcTrue;kmerseek.hp_kyte_doolittle2_k21_lcTrue;kmerseek.hp_kyte_doolittle2_k22_lcTrue;kmerseek.hp_kyte_doolittle2_k23_lcTrue;kmerseek.hp_kyte_doolittle2_k24_lcTrue;kmerseek.hp_kyte_doolittle2_k25_lcTrue;kmerseek.hp_lehninger2_k18_lcTrue;kmerseek.hp_lehninger2_k19_lcTrue;kmerseek.hp_lehninger2_k20_lcTrue;kmerseek.hp_lehninger2_k21_lcTrue;kmerseek.hp_lehninger2_k22_lcTrue;kmerseek.hp_lehninger2_k23_lcTrue;kmerseek.hp_lehninger_c_nonpolar2_k18_lcTrue;kmerseek.hp_lehninger_c_nonpolar2_k19_lcTrue;kmerseek.hp_lehninger_c_nonpolar2_k20_lcTrue;kmerseek.hp_lehninger_c_nonpolar2_k21_lcTrue;kmerseek.hp_lehninger_c_nonpolar2_k22_lcTrue;kmerseek.hp_lehninger_c_nonpolar2_k23_lcTrue;kmerseek.hp_lehninger_hpc3_k16_lcTrue;kmerseek.hp_lehninger_hpc3_k17_lcTrue;kmerseek.hp_lehninger_hpc3_k18_lcTrue;kmerseek.hp_lehninger_hpc3_k19_lcTrue;kmerseek.hp_lehninger_hpc3_k20_lcTrue;kmerseek.hp_lehninger_hpc3_k21_lcTrue;kmerseek.hp_lehninger_hpc3_k22_lcTrue;kmerseek.hp_lehninger_hpc3_k23_lcTrue;kmerseek.hp_pbotc_1st_ed2_k18_lcTrue;kmerseek.hp_pbotc_1st_ed2_k19_lcTrue;kmerseek.hp_pbotc_1st_ed2_k20_lcTrue;kmerseek.hp_pbotc_1st_ed2_k21_lcTrue;kmerseek.hp_pbotc_1st_ed2_k22_lcTrue;kmerseek.hp_pbotc_1st_ed2_k23_lcTrue;kmerseek.hp_pbotc_1st_ed2_k24_lcTrue;kmerseek.hp_thomas_dill2_k19_lcTrue;kmerseek.hp_thomas_dill2_k20_lcTrue;kmerseek.hp_thomas_dill2_k21_lcTrue;kmerseek.hp_thomas_dill2_k22_lcTrue;kmerseek.hp_thomas_dill2_k23_lcTrue;kmerseek.hp_thomas_dill_no_c2_k19_lcTrue;kmerseek.hp_thomas_dill_no_c2_k23_lcTrue;kmerseek.hsdm17_k10_lcTrue;kmerseek.hsdm17_k11_lcTrue;kmerseek.hsdm17_k12_lcTrue;kmerseek.hsdm17_k5_lcTrue;kmerseek.hsdm17_k6_lcTrue;kmerseek.hsdm17_k7_lcTrue;kmerseek.hsdm17_k8_lcTrue;kmerseek.hsdm17_k9_lcTrue;kmerseek.mmseqs12_k10_lcTrue;kmerseek.mmseqs12_k11_lcTrue;kmerseek.mmseqs12_k12_lcTrue;kmerseek.mmseqs12_k5_lcTrue;kmerseek.mmseqs12_k6_lcTrue;kmerseek.mmseqs12_k7_lcTrue;kmerseek.mmseqs12_k8_lcTrue;kmerseek.mmseqs12_k9_lcTrue;kmerseek.polarity4_k10_lcTrue;kmerseek.polarity4_k12_lcTrue;kmerseek.protein20_k10_lcTrue;kmerseek.protein20_k11_lcTrue;kmerseek.protein20_k12_lcTrue;kmerseek.protein20_k5_lcTrue;kmerseek.protein20_k6_lcTrue;kmerseek.protein20_k7_lcTrue;kmerseek.protein20_k8_lcTrue;kmerseek.protein20_k9_lcTrue;kmerseek.sdm12_k10_lcTrue;kmerseek.sdm12_k11_lcTrue;kmerseek.sdm12_k12_lcTrue;kmerseek.sdm12_k6_lcTrue;kmerseek.sdm12_k7_lcTrue;kmerseek.sdm12_k8_lcTrue;kmerseek.sdm12_k9_lcTrue;kmerseek.uniprot18_k10_lcTrue;kmerseek.uniprot18_k11_lcTrue;kmerseek.uniprot18_k12_lcTrue;kmerseek.uniprot18_k5_lcTrue;kmerseek.uniprot18_k6_lcTrue;kmerseek.uniprot18_k7_lcTrue;kmerseek.uniprot18_k8_lcTrue;kmerseek.uniprot18_k9_lcTrue;kmerseek.wass14_k10_lcTrue;kmerseek.wass14_k11_lcTrue;kmerseek.wass14_k12_lcTrue;kmerseek.wass14_k5_lcTrue;kmerseek.wass14_k6_lcTrue;kmerseek.wass14_k7_lcTrue;kmerseek.wass14_k8_lcTrue;kmerseek.wass14_k9_lcTrue;kmerseek.wwmj5_k10_lcTrue;kmerseek.wwmj5_k11_lcTrue;kmerseek.wwmj5_k12_lcTrue;kmerseek.wwmj5_k13_lcTrue;kmerseek.wwmj5_k14_lcTrue;kmerseek.wwmj5_k15_lcTrue;kmerseek.wwmj5_k16_lcTrue;kmerseek.wwmj5_k17_lcTrue;kmerseek.wwmj5_k8_lcTrue;kmerseek.wwmj5_k9_lcTrue,11,22,50.0,PF00096,97.2,false,,80.5,0.0,0.043,false,criterion 5 loosened (mouse allowed),0.127,spills,0.114,spills,0.311,spills,0.697,"inside, lower IoU",0.311,spills,0.407,spills
ZKSCAN4,Q969J2,ZN_FING,C2H2-type 1,ZN_FING,320,342,23,held out,mouse,100,Q91VW9,kmerseek.hp_thomas_dill_no_c2_k19_lcTrue,0.88,0.917,0.957,kmerseek.hp_thomas_dill2_k22_lcTrue,0.92,123,18,kmerseek.dayhoff6_k10_lcTrue;kmerseek.dayhoff6_k11_lcTrue;kmerseek.dayhoff6_k12_lcTrue;kmerseek.dayhoff6_k13_lcTrue;kmerseek.dayhoff6_k14_lcTrue;kmerseek.dayhoff6_k15_lcTrue;kmerseek.dayhoff6_k16_lcTrue;kmerseek.dayhoff6_k17_lcTrue;kmerseek.dayhoff6_k8_lcTrue;kmerseek.dayhoff6_k9_lcTrue;kmerseek.funcgroups8_k10_lcTrue;kmerseek.funcgroups8_k11_lcTrue;kmerseek.funcgroups8_k12_lcTrue;kmerseek.funcgroups8_k13_lcTrue;kmerseek.funcgroups8_k14_lcTrue;kmerseek.funcgroups8_k15_lcTrue;kmerseek.funcgroups8_k16_lcTrue;kmerseek.funcgroups8_k7_lcTrue;kmerseek.funcgroups8_k8_lcTrue;kmerseek.funcgroups8_k9_lcTrue;kmerseek.gbmr4_k12_lcTrue;kmerseek.gbmr4_k13_lcTrue;kmerseek.gbmr4_k14_lcTrue;kmerseek.gbmr4_k15_lcTrue;kmerseek.gbmr4_k16_lcTrue;kmerseek.gbmr4_k17_lcTrue;kmerseek.gbmr4_k18_lcTrue;kmerseek.gbmr4_k19_lcTrue;kmerseek.hp_kyte_doolittle2_k19_lcTrue;kmerseek.hp_kyte_doolittle2_k20_lcTrue;kmerseek.hp_kyte_doolittle2_k21_lcTrue;kmerseek.hp_kyte_doolittle2_k22_lcTrue;kmerseek.hp_kyte_doolittle2_k23_lcTrue;kmerseek.hp_lehninger2_k18_lcTrue;kmerseek.hp_lehninger2_k19_lcTrue;kmerseek.hp_lehninger2_k20_lcTrue;kmerseek.hp_lehninger2_k21_lcTrue;kmerseek.hp_lehninger2_k22_lcTrue;kmerseek.hp_lehninger_c_nonpolar2_k18_lcTrue;kmerseek.hp_lehninger_c_nonpolar2_k19_lcTrue;kmerseek.hp_lehninger_c_nonpolar2_k20_lcTrue;kmerseek.hp_lehninger_c_nonpolar2_k21_lcTrue;kmerseek.hp_lehninger_c_nonpolar2_k22_lcTrue;kmerseek.hp_lehninger_hpc3_k16_lcTrue;kmerseek.hp_lehninger_hpc3_k17_lcTrue;kmerseek.hp_lehninger_hpc3_k18_lcTrue;kmerseek.hp_lehninger_hpc3_k19_lcTrue;kmerseek.hp_lehninger_hpc3_k20_lcTrue;kmerseek.hp_lehninger_hpc3_k21_lcTrue;kmerseek.hp_lehninger_hpc3_k22_lcTrue;kmerseek.hp_pbotc_1st_ed2_k18_lcTrue;kmerseek.hp_pbotc_1st_ed2_k19_lcTrue;kmerseek.hp_pbotc_1st_ed2_k20_lcTrue;kmerseek.hp_pbotc_1st_ed2_k21_lcTrue;kmerseek.hp_pbotc_1st_ed2_k22_lcTrue;kmerseek.hp_pbotc_1st_ed2_k23_lcTrue;kmerseek.hp_pbotc_1st_ed2_k24_lcTrue;kmerseek.hp_thomas_dill2_k19_lcTrue;kmerseek.hp_thomas_dill2_k20_lcTrue;kmerseek.hp_thomas_dill2_k21_lcTrue;kmerseek.hp_thomas_dill2_k22_lcTrue;kmerseek.hp_thomas_dill2_k23_lcTrue;kmerseek.hp_thomas_dill_no_c2_k19_lcTrue;kmerseek.hp_thomas_dill_no_c2_k20_lcTrue;kmerseek.hp_thomas_dill_no_c2_k21_lcTrue;kmerseek.hp_thomas_dill_no_c2_k22_lcTrue;kmerseek.hsdm17_k10_lcTrue;kmerseek.hsdm17_k5_lcTrue;kmerseek.hsdm17_k6_lcTrue;kmerseek.hsdm17_k7_lcTrue;kmerseek.hsdm17_k8_lcTrue;kmerseek.hsdm17_k9_lcTrue;kmerseek.mmseqs12_k10_lcTrue;kmerseek.mmseqs12_k11_lcTrue;kmerseek.mmseqs12_k12_lcTrue;kmerseek.mmseqs12_k13_lcTrue;kmerseek.mmseqs12_k14_lcTrue;kmerseek.mmseqs12_k5_lcTrue;kmerseek.mmseqs12_k6_lcTrue;kmerseek.mmseqs12_k7_lcTrue;kmerseek.mmseqs12_k8_lcTrue;kmerseek.mmseqs12_k9_lcTrue;kmerseek.polarity4_k10_lcTrue;kmerseek.polarity4_k11_lcTrue;kmerseek.polarity4_k12_lcTrue;kmerseek.polarity4_k13_lcTrue;kmerseek.polarity4_k14_lcTrue;kmerseek.polarity4_k15_lcTrue;kmerseek.polarity4_k16_lcTrue;kmerseek.polarity4_k17_lcTrue;kmerseek.polarity4_k18_lcTrue;kmerseek.polarity4_k19_lcTrue;kmerseek.protein20_k10_lcTrue;kmerseek.protein20_k5_lcTrue;kmerseek.protein20_k6_lcTrue;kmerseek.protein20_k7_lcTrue;kmerseek.protein20_k8_lcTrue;kmerseek.protein20_k9_lcTrue;kmerseek.sdm12_k10_lcTrue;kmerseek.sdm12_k11_lcTrue;kmerseek.sdm12_k12_lcTrue;kmerseek.sdm12_k13_lcTrue;kmerseek.sdm12_k14_lcTrue;kmerseek.sdm12_k15_lcTrue;kmerseek.sdm12_k6_lcTrue;kmerseek.sdm12_k7_lcTrue;kmerseek.sdm12_k8_lcTrue;kmerseek.sdm12_k9_lcTrue;kmerseek.uniprot18_k10_lcTrue;kmerseek.uniprot18_k5_lcTrue;kmerseek.uniprot18_k6_lcTrue;kmerseek.uniprot18_k7_lcTrue;kmerseek.uniprot18_k8_lcTrue;kmerseek.uniprot18_k9_lcTrue;kmerseek.wass14_k10_lcTrue;kmerseek.wass14_k5_lcTrue;kmerseek.wass14_k6_lcTrue;kmerseek.wass14_k7_lcTrue;kmerseek.wass14_k8_lcTrue;kmerseek.wass14_k9_lcTrue;kmerseek.wwmj5_k10_lcTrue;kmerseek.wwmj5_k8_lcTrue;kmerseek.wwmj5_k9_lcTrue,21,24,87.5,PF00096,98.1,false,,82.0,0.0,0.0,false,criterion 5 loosened (mouse allowed),0.192,spills,0.159,spills,0.418,spills,1.0,equal or higher IoU,0.393,spills,0.343,spills
KCNK17,Q96T54,INTRAMEM,Pore-forming; Name=Pore-forming 2,INTRAMEM,211,230,20,composition,mouse,100,O35111,kmerseek.mmseqs12_k7_lcTrue,0.65,1.0,0.65,kmerseek.polarity4_k10_lcTrue,1.0,122,19,kmerseek.dayhoff6_k10_lcTrue;kmerseek.dayhoff6_k11_lcTrue;kmerseek.dayhoff6_k12_lcTrue;kmerseek.dayhoff6_k13_lcTrue;kmerseek.dayhoff6_k14_lcTrue;kmerseek.dayhoff6_k15_lcTrue;kmerseek.dayhoff6_k16_lcTrue;kmerseek.dayhoff6_k17_lcTrue;kmerseek.dayhoff6_k8_lcTrue;kmerseek.dayhoff6_k9_lcTrue;kmerseek.funcgroups8_k10_lcTrue;kmerseek.funcgroups8_k11_lcTrue;kmerseek.funcgroups8_k12_lcTrue;kmerseek.funcgroups8_k13_lcTrue;kmerseek.funcgroups8_k14_lcTrue;kmerseek.funcgroups8_k15_lcTrue;kmerseek.funcgroups8_k16_lcTrue;kmerseek.funcgroups8_k7_lcTrue;kmerseek.funcgroups8_k8_lcTrue;kmerseek.funcgroups8_k9_lcTrue;kmerseek.gbmr4_k12_lcTrue;kmerseek.gbmr4_k13_lcTrue;kmerseek.gbmr4_k14_lcTrue;kmerseek.gbmr4_k15_lcTrue;kmerseek.gbmr7_k11_lcTrue;kmerseek.gbmr7_k12_lcTrue;kmerseek.gbmr7_k13_lcTrue;kmerseek.gbmr7_k14_lcTrue;kmerseek.gbmr7_k15_lcTrue;kmerseek.gbmr7_k16_lcTrue;kmerseek.gbmr7_k17_lcTrue;kmerseek.gbmr7_k18_lcTrue;kmerseek.hp_kyte_doolittle2_k19_lcTrue;kmerseek.hp_kyte_doolittle2_k20_lcTrue;kmerseek.hp_lehninger2_k18_lcTrue;kmerseek.hp_lehninger2_k19_lcTrue;kmerseek.hp_lehninger2_k20_lcTrue;kmerseek.hp_lehninger2_k21_lcTrue;kmerseek.hp_lehninger_c_nonpolar2_k18_lcTrue;kmerseek.hp_lehninger_c_nonpolar2_k19_lcTrue;kmerseek.hp_lehninger_c_nonpolar2_k20_lcTrue;kmerseek.hp_lehninger_c_nonpolar2_k21_lcTrue;kmerseek.hp_lehninger_hpc3_k16_lcTrue;kmerseek.hp_lehninger_hpc3_k17_lcTrue;kmerseek.hp_lehninger_hpc3_k18_lcTrue;kmerseek.hp_lehninger_hpc3_k19_lcTrue;kmerseek.hp_lehninger_hpc3_k20_lcTrue;kmerseek.hp_lehninger_hpc3_k21_lcTrue;kmerseek.hp_pbotc_1st_ed2_k18_lcTrue;kmerseek.hp_thomas_dill2_k19_lcTrue;kmerseek.hp_thomas_dill_no_c2_k19_lcTrue;kmerseek.hsdm17_k10_lcTrue;kmerseek.hsdm17_k11_lcTrue;kmerseek.hsdm17_k12_lcTrue;kmerseek.hsdm17_k13_lcTrue;kmerseek.hsdm17_k14_lcTrue;kmerseek.hsdm17_k5_lcTrue;kmerseek.hsdm17_k6_lcTrue;kmerseek.hsdm17_k7_lcTrue;kmerseek.hsdm17_k8_lcTrue;kmerseek.hsdm17_k9_lcTrue;kmerseek.mmseqs12_k10_lcTrue;kmerseek.mmseqs12_k11_lcTrue;kmerseek.mmseqs12_k12_lcTrue;kmerseek.mmseqs12_k13_lcTrue;kmerseek.mmseqs12_k14_lcTrue;kmerseek.mmseqs12_k5_lcTrue;kmerseek.mmseqs12_k6_lcTrue;kmerseek.mmseqs12_k7_lcTrue;kmerseek.mmseqs12_k8_lcTrue;kmerseek.mmseqs12_k9_lcTrue;kmerseek.polarity4_k10_lcTrue;kmerseek.polarity4_k11_lcTrue;kmerseek.polarity4_k12_lcTrue;kmerseek.polarity4_k13_lcTrue;kmerseek.polarity4_k14_lcTrue;kmerseek.polarity4_k15_lcTrue;kmerseek.polarity4_k16_lcTrue;kmerseek.polarity4_k17_lcTrue;kmerseek.polarity4_k18_lcTrue;kmerseek.polarity4_k19_lcTrue;kmerseek.protein20_k10_lcTrue;kmerseek.protein20_k11_lcTrue;kmerseek.protein20_k5_lcTrue;kmerseek.protein20_k6_lcTrue;kmerseek.protein20_k7_lcTrue;kmerseek.protein20_k8_lcTrue;kmerseek.protein20_k9_lcTrue;kmerseek.sdm12_k10_lcTrue;kmerseek.sdm12_k11_lcTrue;kmerseek.sdm12_k12_lcTrue;kmerseek.sdm12_k13_lcTrue;kmerseek.sdm12_k14_lcTrue;kmerseek.sdm12_k15_lcTrue;kmerseek.sdm12_k6_lcTrue;kmerseek.sdm12_k7_lcTrue;kmerseek.sdm12_k8_lcTrue;kmerseek.sdm12_k9_lcTrue;kmerseek.uniprot18_k10_lcTrue;kmerseek.uniprot18_k11_lcTrue;kmerseek.uniprot18_k5_lcTrue;kmerseek.uniprot18_k6_lcTrue;kmerseek.uniprot18_k7_lcTrue;kmerseek.uniprot18_k8_lcTrue;kmerseek.uniprot18_k9_lcTrue;kmerseek.wass14_k10_lcTrue;kmerseek.wass14_k11_lcTrue;kmerseek.wass14_k5_lcTrue;kmerseek.wass14_k6_lcTrue;kmerseek.wass14_k7_lcTrue;kmerseek.wass14_k8_lcTrue;kmerseek.wass14_k9_lcTrue;kmerseek.wwmj5_k10_lcTrue;kmerseek.wwmj5_k11_lcTrue;kmerseek.wwmj5_k12_lcTrue;kmerseek.wwmj5_k13_lcTrue;kmerseek.wwmj5_k14_lcTrue;kmerseek.wwmj5_k15_lcTrue;kmerseek.wwmj5_k16_lcTrue;kmerseek.wwmj5_k17_lcTrue;kmerseek.wwmj5_k8_lcTrue;kmerseek.wwmj5_k9_lcTrue,11,13,84.6,PF07885,70.4,false,,93.8,0.0,0.0,false,criterion 5 loosened (mouse allowed),0.124,spills,0.12,spills,0.189,spills,0.328,spills,0.426,spills,0.69,equal or higher IoU
KCNK5,O95279,INTRAMEM,Pore-forming; Name=Pore-forming 1,INTRAMEM,85,112,28,composition,mouse,100,O35219,kmerseek.mmseqs12_k7_lcTrue,0.357,1.0,0.357,kmerseek.polarity4_k11_lcTrue,0.786,119,18,kmerseek.dayhoff6_k10_lcTrue;kmerseek.dayhoff6_k11_lcTrue;kmerseek.dayhoff6_k12_lcTrue;kmerseek.dayhoff6_k13_lcTrue;kmerseek.dayhoff6_k14_lcTrue;kmerseek.dayhoff6_k15_lcTrue;kmerseek.dayhoff6_k16_lcTrue;kmerseek.dayhoff6_k8_lcTrue;kmerseek.dayhoff6_k9_lcTrue;kmerseek.funcgroups8_k10_lcTrue;kmerseek.funcgroups8_k11_lcTrue;kmerseek.funcgroups8_k12_lcTrue;kmerseek.funcgroups8_k13_lcTrue;kmerseek.funcgroups8_k14_lcTrue;kmerseek.funcgroups8_k7_lcTrue;kmerseek.funcgroups8_k8_lcTrue;kmerseek.funcgroups8_k9_lcTrue;kmerseek.gbmr4_k12_lcTrue;kmerseek.gbmr4_k13_lcTrue;kmerseek.gbmr4_k14_lcTrue;kmerseek.gbmr7_k11_lcTrue;kmerseek.gbmr7_k12_lcTrue;kmerseek.hp_lehninger2_k18_lcTrue;kmerseek.hp_lehninger2_k19_lcTrue;kmerseek.hp_lehninger2_k20_lcTrue;kmerseek.hp_lehninger2_k21_lcTrue;kmerseek.hp_lehninger2_k22_lcTrue;kmerseek.hp_lehninger2_k23_lcTrue;kmerseek.hp_lehninger2_k24_lcTrue;kmerseek.hp_lehninger2_k25_lcTrue;kmerseek.hp_lehninger2_k26_lcTrue;kmerseek.hp_lehninger_c_nonpolar2_k18_lcTrue;kmerseek.hp_lehninger_c_nonpolar2_k19_lcTrue;kmerseek.hp_lehninger_c_nonpolar2_k20_lcTrue;kmerseek.hp_lehninger_c_nonpolar2_k21_lcTrue;kmerseek.hp_lehninger_c_nonpolar2_k22_lcTrue;kmerseek.hp_lehninger_c_nonpolar2_k23_lcTrue;kmerseek.hp_lehninger_c_nonpolar2_k24_lcTrue;kmerseek.hp_lehninger_c_nonpolar2_k25_lcTrue;kmerseek.hp_lehninger_c_nonpolar2_k26_lcTrue;kmerseek.hp_lehninger_hpc3_k16_lcTrue;kmerseek.hp_lehninger_hpc3_k17_lcTrue;kmerseek.hp_lehninger_hpc3_k18_lcTrue;kmerseek.hp_lehninger_hpc3_k19_lcTrue;kmerseek.hp_lehninger_hpc3_k20_lcTrue;kmerseek.hp_lehninger_hpc3_k21_lcTrue;kmerseek.hp_lehninger_hpc3_k22_lcTrue;kmerseek.hp_lehninger_hpc3_k23_lcTrue;kmerseek.hp_lehninger_hpc3_k24_lcTrue;kmerseek.hp_lehninger_hpc3_k25_lcTrue;kmerseek.hp_lehninger_hpc3_k26_lcTrue;kmerseek.hp_pbotc_1st_ed2_k18_lcTrue;kmerseek.hp_pbotc_1st_ed2_k19_lcTrue;kmerseek.hp_thomas_dill2_k19_lcTrue;kmerseek.hp_thomas_dill2_k20_lcTrue;kmerseek.hp_thomas_dill2_k21_lcTrue;kmerseek.hp_thomas_dill2_k22_lcTrue;kmerseek.hp_thomas_dill2_k23_lcTrue;kmerseek.hp_thomas_dill2_k24_lcTrue;kmerseek.hp_thomas_dill2_k25_lcTrue;kmerseek.hp_thomas_dill2_k26_lcTrue;kmerseek.hp_thomas_dill2_k27_lcTrue;kmerseek.hp_thomas_dill2_k28_lcTrue;kmerseek.hp_thomas_dill_no_c2_k19_lcTrue;kmerseek.hp_thomas_dill_no_c2_k20_lcTrue;kmerseek.hp_thomas_dill_no_c2_k21_lcTrue;kmerseek.hp_thomas_dill_no_c2_k22_lcTrue;kmerseek.hp_thomas_dill_no_c2_k23_lcTrue;kmerseek.hp_thomas_dill_no_c2_k24_lcTrue;kmerseek.hp_thomas_dill_no_c2_k25_lcTrue;kmerseek.hp_thomas_dill_no_c2_k26_lcTrue;kmerseek.hp_thomas_dill_no_c2_k27_lcTrue;kmerseek.hp_thomas_dill_no_c2_k28_lcTrue;kmerseek.hsdm17_k10_lcTrue;kmerseek.hsdm17_k11_lcTrue;kmerseek.hsdm17_k5_lcTrue;kmerseek.hsdm17_k6_lcTrue;kmerseek.hsdm17_k7_lcTrue;kmerseek.hsdm17_k8_lcTrue;kmerseek.hsdm17_k9_lcTrue;kmerseek.mmseqs12_k10_lcTrue;kmerseek.mmseqs12_k11_lcTrue;kmerseek.mmseqs12_k12_lcTrue;kmerseek.mmseqs12_k13_lcTrue;kmerseek.mmseqs12_k6_lcTrue;kmerseek.mmseqs12_k7_lcTrue;kmerseek.mmseqs12_k8_lcTrue;kmerseek.mmseqs12_k9_lcTrue;kmerseek.polarity4_k10_lcTrue;kmerseek.polarity4_k11_lcTrue;kmerseek.polarity4_k12_lcTrue;kmerseek.polarity4_k13_lcTrue;kmerseek.polarity4_k14_lcTrue;kmerseek.polarity4_k15_lcTrue;kmerseek.polarity4_k16_lcTrue;kmerseek.polarity4_k17_lcTrue;kmerseek.polarity4_k18_lcTrue;kmerseek.polarity4_k19_lcTrue;kmerseek.protein20_k5_lcTrue;kmerseek.protein20_k6_lcTrue;kmerseek.protein20_k7_lcTrue;kmerseek.sdm12_k10_lcTrue;kmerseek.sdm12_k11_lcTrue;kmerseek.sdm12_k6_lcTrue;kmerseek.sdm12_k7_lcTrue;kmerseek.sdm12_k8_lcTrue;kmerseek.sdm12_k9_lcTrue;kmerseek.uniprot18_k5_lcTrue;kmerseek.uniprot18_k6_lcTrue;kmerseek.uniprot18_k7_lcTrue;kmerseek.wass14_k5_lcTrue;kmerseek.wass14_k6_lcTrue;kmerseek.wass14_k7_lcTrue;kmerseek.wwmj5_k10_lcTrue;kmerseek.wwmj5_k11_lcTrue;kmerseek.wwmj5_k12_lcTrue;kmerseek.wwmj5_k13_lcTrue;kmerseek.wwmj5_k8_lcTrue;kmerseek.wwmj5_k9_lcTrue,6,10,60.0,PF07885,100.0,false,,94.1,0.0,0.0,false,criterion 5 loosened (mouse allowed),0.315,spills,0.111,spills,0.135,spills,0.675,equal or higher IoU,0.812,equal or higher IoU,0.781,equal or higher IoU
HTR1E,P28566,TRANSMEM,Helical; Name=7,TRANSMEM,323,345,23,composition,mouse,100,P51436,kmerseek.hp_lehninger_c_nonpolar2_k18_lcTrue,0.957,1.0,0.957,kmerseek.dayhoff6_k10_lcTrue,0.957,117,15,kmerseek.dayhoff6_k10_lcTrue;kmerseek.dayhoff6_k11_lcTrue;kmerseek.dayhoff6_k12_lcTrue;kmerseek.dayhoff6_k13_lcTrue;kmerseek.dayhoff6_k14_lcTrue;kmerseek.dayhoff6_k15_lcTrue;kmerseek.dayhoff6_k16_lcTrue;kmerseek.dayhoff6_k17_lcTrue;kmerseek.dayhoff6_k8_lcTrue;kmerseek.dayhoff6_k9_lcTrue;kmerseek.funcgroups8_k10_lcTrue;kmerseek.funcgroups8_k11_lcTrue;kmerseek.funcgroups8_k12_lcTrue;kmerseek.funcgroups8_k13_lcTrue;kmerseek.funcgroups8_k14_lcTrue;kmerseek.funcgroups8_k15_lcTrue;kmerseek.funcgroups8_k16_lcTrue;kmerseek.funcgroups8_k7_lcTrue;kmerseek.funcgroups8_k8_lcTrue;kmerseek.funcgroups8_k9_lcTrue;kmerseek.gbmr4_k12_lcTrue;kmerseek.gbmr4_k13_lcTrue;kmerseek.gbmr4_k14_lcTrue;kmerseek.gbmr4_k15_lcTrue;kmerseek.gbmr4_k16_lcTrue;kmerseek.gbmr4_k17_lcTrue;kmerseek.gbmr4_k18_lcTrue;kmerseek.gbmr4_k19_lcTrue;kmerseek.gbmr4_k20_lcTrue;kmerseek.gbmr4_k21_lcTrue;kmerseek.gbmr7_k11_lcTrue;kmerseek.gbmr7_k12_lcTrue;kmerseek.gbmr7_k13_lcTrue;kmerseek.gbmr7_k14_lcTrue;kmerseek.gbmr7_k15_lcTrue;kmerseek.gbmr7_k16_lcTrue;kmerseek.gbmr7_k17_lcTrue;kmerseek.gbmr7_k18_lcTrue;kmerseek.hp_kyte_doolittle2_k19_lcTrue;kmerseek.hp_kyte_doolittle2_k20_lcTrue;kmerseek.hp_kyte_doolittle2_k21_lcTrue;kmerseek.hp_kyte_doolittle2_k22_lcTrue;kmerseek.hp_kyte_doolittle2_k23_lcTrue;kmerseek.hp_kyte_doolittle2_k24_lcTrue;kmerseek.hp_lehninger2_k18_lcTrue;kmerseek.hp_lehninger2_k19_lcTrue;kmerseek.hp_lehninger2_k20_lcTrue;kmerseek.hp_lehninger2_k21_lcTrue;kmerseek.hp_lehninger2_k22_lcTrue;kmerseek.hp_lehninger_c_nonpolar2_k18_lcTrue;kmerseek.hp_lehninger_c_nonpolar2_k19_lcTrue;kmerseek.hp_lehninger_c_nonpolar2_k20_lcTrue;kmerseek.hp_lehninger_c_nonpolar2_k21_lcTrue;kmerseek.hp_lehninger_c_nonpolar2_k22_lcTrue;kmerseek.hp_lehninger_hpc3_k16_lcTrue;kmerseek.hp_lehninger_hpc3_k17_lcTrue;kmerseek.hp_lehninger_hpc3_k18_lcTrue;kmerseek.hp_lehninger_hpc3_k19_lcTrue;kmerseek.hp_lehninger_hpc3_k20_lcTrue;kmerseek.hp_lehninger_hpc3_k21_lcTrue;kmerseek.hp_lehninger_hpc3_k22_lcTrue;kmerseek.hp_pbotc_1st_ed2_k18_lcTrue;kmerseek.hp_pbotc_1st_ed2_k19_lcTrue;kmerseek.hp_pbotc_1st_ed2_k20_lcTrue;kmerseek.hp_pbotc_1st_ed2_k21_lcTrue;kmerseek.hp_pbotc_1st_ed2_k22_lcTrue;kmerseek.hp_thomas_dill2_k19_lcTrue;kmerseek.hp_thomas_dill2_k20_lcTrue;kmerseek.hp_thomas_dill2_k21_lcTrue;kmerseek.hp_thomas_dill2_k22_lcTrue;kmerseek.hp_thomas_dill2_k23_lcTrue;kmerseek.hp_thomas_dill2_k24_lcTrue;kmerseek.hp_thomas_dill_no_c2_k19_lcTrue;kmerseek.hp_thomas_dill_no_c2_k20_lcTrue;kmerseek.hp_thomas_dill_no_c2_k21_lcTrue;kmerseek.hp_thomas_dill_no_c2_k22_lcTrue;kmerseek.hp_thomas_dill_no_c2_k23_lcTrue;kmerseek.hp_thomas_dill_no_c2_k24_lcTrue;kmerseek.hsdm17_k10_lcTrue;kmerseek.hsdm17_k11_lcTrue;kmerseek.hsdm17_k12_lcTrue;kmerseek.hsdm17_k13_lcTrue;kmerseek.hsdm17_k14_lcTrue;kmerseek.hsdm17_k5_lcTrue;kmerseek.hsdm17_k6_lcTrue;kmerseek.hsdm17_k7_lcTrue;kmerseek.hsdm17_k8_lcTrue;kmerseek.hsdm17_k9_lcTrue;kmerseek.polarity4_k10_lcTrue;kmerseek.polarity4_k11_lcTrue;kmerseek.polarity4_k12_lcTrue;kmerseek.polarity4_k13_lcTrue;kmerseek.polarity4_k14_lcTrue;kmerseek.polarity4_k15_lcTrue;kmerseek.polarity4_k16_lcTrue;kmerseek.polarity4_k17_lcTrue;kmerseek.polarity4_k18_lcTrue;kmerseek.polarity4_k19_lcTrue;kmerseek.sdm12_k10_lcTrue;kmerseek.sdm12_k11_lcTrue;kmerseek.sdm12_k12_lcTrue;kmerseek.sdm12_k13_lcTrue;kmerseek.sdm12_k14_lcTrue;kmerseek.sdm12_k6_lcTrue;kmerseek.sdm12_k7_lcTrue;kmerseek.sdm12_k8_lcTrue;kmerseek.sdm12_k9_lcTrue;kmerseek.wwmj5_k10_lcTrue;kmerseek.wwmj5_k11_lcTrue;kmerseek.wwmj5_k12_lcTrue;kmerseek.wwmj5_k13_lcTrue;kmerseek.wwmj5_k14_lcTrue;kmerseek.wwmj5_k15_lcTrue;kmerseek.wwmj5_k16_lcTrue;kmerseek.wwmj5_k17_lcTrue;kmerseek.wwmj5_k8_lcTrue;kmerseek.wwmj5_k9_lcTrue,12,22,54.5,PF00001,58.5,false,,94.2,0.0,0.0,false,criterion 5 loosened (mouse allowed),0.068,spills,0.068,spills,0.489,spills,0.622,"inside, lower IoU",0.411,spills,0.548,"inside, lower IoU"
ZNF165,P49910,ZN_FING,C2H2-type 6,ZN_FING,456,478,23,held out,mouse,100,Q0VDQ9,kmerseek.hp_thomas_dill_no_c2_k19_lcTrue,0.88,0.917,0.957,kmerseek.gbmr4_k14_lcTrue,1.0,110,19,kmerseek.dayhoff6_k10_lcTrue;kmerseek.dayhoff6_k11_lcTrue;kmerseek.dayhoff6_k12_lcTrue;kmerseek.dayhoff6_k13_lcTrue;kmerseek.dayhoff6_k14_lcTrue;kmerseek.dayhoff6_k8_lcTrue;kmerseek.dayhoff6_k9_lcTrue;kmerseek.funcgroups8_k10_lcTrue;kmerseek.funcgroups8_k11_lcTrue;kmerseek.funcgroups8_k12_lcTrue;kmerseek.funcgroups8_k13_lcTrue;kmerseek.funcgroups8_k7_lcTrue;kmerseek.funcgroups8_k8_lcTrue;kmerseek.funcgroups8_k9_lcTrue;kmerseek.gbmr4_k12_lcTrue;kmerseek.gbmr4_k13_lcTrue;kmerseek.gbmr4_k14_lcTrue;kmerseek.gbmr4_k15_lcTrue;kmerseek.gbmr4_k16_lcTrue;kmerseek.gbmr4_k17_lcTrue;kmerseek.gbmr4_k18_lcTrue;kmerseek.gbmr4_k19_lcTrue;kmerseek.gbmr4_k20_lcTrue;kmerseek.gbmr4_k21_lcTrue;kmerseek.gbmr7_k11_lcTrue;kmerseek.hp_kyte_doolittle2_k19_lcTrue;kmerseek.hp_kyte_doolittle2_k20_lcTrue;kmerseek.hp_kyte_doolittle2_k21_lcTrue;kmerseek.hp_kyte_doolittle2_k22_lcTrue;kmerseek.hp_lehninger2_k18_lcTrue;kmerseek.hp_lehninger2_k19_lcTrue;kmerseek.hp_lehninger2_k20_lcTrue;kmerseek.hp_lehninger2_k21_lcTrue;kmerseek.hp_lehninger2_k22_lcTrue;kmerseek.hp_lehninger_c_nonpolar2_k18_lcTrue;kmerseek.hp_lehninger_c_nonpolar2_k19_lcTrue;kmerseek.hp_lehninger_c_nonpolar2_k20_lcTrue;kmerseek.hp_lehninger_c_nonpolar2_k21_lcTrue;kmerseek.hp_lehninger_c_nonpolar2_k22_lcTrue;kmerseek.hp_lehninger_hpc3_k16_lcTrue;kmerseek.hp_lehninger_hpc3_k17_lcTrue;kmerseek.hp_lehninger_hpc3_k18_lcTrue;kmerseek.hp_lehninger_hpc3_k19_lcTrue;kmerseek.hp_lehninger_hpc3_k20_lcTrue;kmerseek.hp_lehninger_hpc3_k21_lcTrue;kmerseek.hp_lehninger_hpc3_k22_lcTrue;kmerseek.hp_pbotc_1st_ed2_k18_lcTrue;kmerseek.hp_pbotc_1st_ed2_k19_lcTrue;kmerseek.hp_pbotc_1st_ed2_k20_lcTrue;kmerseek.hp_pbotc_1st_ed2_k21_lcTrue;kmerseek.hp_pbotc_1st_ed2_k22_lcTrue;kmerseek.hp_thomas_dill2_k19_lcTrue;kmerseek.hp_thomas_dill2_k20_lcTrue;kmerseek.hp_thomas_dill2_k21_lcTrue;kmerseek.hp_thomas_dill2_k22_lcTrue;kmerseek.hp_thomas_dill2_k23_lcTrue;kmerseek.hp_thomas_dill2_k24_lcTrue;kmerseek.hp_thomas_dill_no_c2_k19_lcTrue;kmerseek.hp_thomas_dill_no_c2_k20_lcTrue;kmerseek.hp_thomas_dill_no_c2_k21_lcTrue;kmerseek.hp_thomas_dill_no_c2_k22_lcTrue;kmerseek.hp_thomas_dill_no_c2_k23_lcTrue;kmerseek.hp_thomas_dill_no_c2_k24_lcTrue;kmerseek.hsdm17_k10_lcTrue;kmerseek.hsdm17_k6_lcTrue;kmerseek.hsdm17_k7_lcTrue;kmerseek.hsdm17_k8_lcTrue;kmerseek.hsdm17_k9_lcTrue;kmerseek.mmseqs12_k10_lcTrue;kmerseek.mmseqs12_k11_lcTrue;kmerseek.mmseqs12_k12_lcTrue;kmerseek.mmseqs12_k13_lcTrue;kmerseek.mmseqs12_k5_lcTrue;kmerseek.mmseqs12_k6_lcTrue;kmerseek.mmseqs12_k7_lcTrue;kmerseek.mmseqs12_k8_lcTrue;kmerseek.mmseqs12_k9_lcTrue;kmerseek.polarity4_k10_lcTrue;kmerseek.polarity4_k11_lcTrue;kmerseek.polarity4_k12_lcTrue;kmerseek.polarity4_k13_lcTrue;kmerseek.polarity4_k14_lcTrue;kmerseek.polarity4_k15_lcTrue;kmerseek.protein20_k6_lcTrue;kmerseek.protein20_k7_lcTrue;kmerseek.protein20_k8_lcTrue;kmerseek.protein20_k9_lcTrue;kmerseek.sdm12_k10_lcTrue;kmerseek.sdm12_k11_lcTrue;kmerseek.sdm12_k12_lcTrue;kmerseek.sdm12_k13_lcTrue;kmerseek.sdm12_k6_lcTrue;kmerseek.sdm12_k7_lcTrue;kmerseek.sdm12_k8_lcTrue;kmerseek.sdm12_k9_lcTrue;kmerseek.uniprot18_k6_lcTrue;kmerseek.uniprot18_k7_lcTrue;kmerseek.uniprot18_k8_lcTrue;kmerseek.uniprot18_k9_lcTrue;kmerseek.wass14_k6_lcTrue;kmerseek.wass14_k7_lcTrue;kmerseek.wass14_k8_lcTrue;kmerseek.wass14_k9_lcTrue;kmerseek.wwmj5_k10_lcTrue;kmerseek.wwmj5_k11_lcTrue;kmerseek.wwmj5_k12_lcTrue;kmerseek.wwmj5_k13_lcTrue;kmerseek.wwmj5_k14_lcTrue;kmerseek.wwmj5_k8_lcTrue;kmerseek.wwmj5_k9_lcTrue,12,24,50.0,PF00096,87.4,false,,89.8,0.0,0.0,false,criterion 5 loosened (mouse allowed),0.145,spills,0.14,spills,0.284,spills,0.958,equal or higher IoU,0.451,spills,0.451,spills
ZSCAN26,Q16670,ZN_FING,C2H2-type 8,ZN_FING,450,472,23,held out,mouse,100,Q80W31,kmerseek.hp_thomas_dill_no_c2_k19_lcTrue,0.92,0.92,1.0,kmerseek.hp_pbotc_1st_ed2_k19_lcTrue,0.92,106,15,kmerseek.dayhoff6_k10_lcTrue;kmerseek.dayhoff6_k11_lcTrue;kmerseek.dayhoff6_k12_lcTrue;kmerseek.dayhoff6_k13_lcTrue;kmerseek.dayhoff6_k8_lcTrue;kmerseek.dayhoff6_k9_lcTrue;kmerseek.funcgroups8_k10_lcTrue;kmerseek.funcgroups8_k11_lcTrue;kmerseek.funcgroups8_k12_lcTrue;kmerseek.funcgroups8_k13_lcTrue;kmerseek.funcgroups8_k7_lcTrue;kmerseek.funcgroups8_k8_lcTrue;kmerseek.funcgroups8_k9_lcTrue;kmerseek.gbmr4_k12_lcTrue;kmerseek.gbmr4_k13_lcTrue;kmerseek.gbmr4_k14_lcTrue;kmerseek.gbmr4_k15_lcTrue;kmerseek.gbmr4_k16_lcTrue;kmerseek.gbmr4_k17_lcTrue;kmerseek.gbmr4_k18_lcTrue;kmerseek.gbmr4_k19_lcTrue;kmerseek.gbmr4_k20_lcTrue;kmerseek.gbmr4_k21_lcTrue;kmerseek.gbmr7_k11_lcTrue;kmerseek.gbmr7_k12_lcTrue;kmerseek.gbmr7_k13_lcTrue;kmerseek.gbmr7_k14_lcTrue;kmerseek.gbmr7_k15_lcTrue;kmerseek.gbmr7_k16_lcTrue;kmerseek.hp_kyte_doolittle2_k19_lcTrue;kmerseek.hp_kyte_doolittle2_k20_lcTrue;kmerseek.hp_kyte_doolittle2_k21_lcTrue;kmerseek.hp_kyte_doolittle2_k22_lcTrue;kmerseek.hp_kyte_doolittle2_k23_lcTrue;kmerseek.hp_kyte_doolittle2_k24_lcTrue;kmerseek.hp_lehninger2_k18_lcTrue;kmerseek.hp_lehninger2_k19_lcTrue;kmerseek.hp_lehninger2_k20_lcTrue;kmerseek.hp_lehninger2_k21_lcTrue;kmerseek.hp_lehninger2_k22_lcTrue;kmerseek.hp_lehninger2_k23_lcTrue;kmerseek.hp_lehninger2_k24_lcTrue;kmerseek.hp_lehninger2_k25_lcTrue;kmerseek.hp_lehninger_c_nonpolar2_k18_lcTrue;kmerseek.hp_lehninger_c_nonpolar2_k19_lcTrue;kmerseek.hp_lehninger_c_nonpolar2_k20_lcTrue;kmerseek.hp_lehninger_c_nonpolar2_k21_lcTrue;kmerseek.hp_lehninger_c_nonpolar2_k22_lcTrue;kmerseek.hp_lehninger_c_nonpolar2_k23_lcTrue;kmerseek.hp_lehninger_c_nonpolar2_k24_lcTrue;kmerseek.hp_lehninger_c_nonpolar2_k25_lcTrue;kmerseek.hp_lehninger_hpc3_k16_lcTrue;kmerseek.hp_lehninger_hpc3_k17_lcTrue;kmerseek.hp_lehninger_hpc3_k18_lcTrue;kmerseek.hp_lehninger_hpc3_k19_lcTrue;kmerseek.hp_lehninger_hpc3_k20_lcTrue;kmerseek.hp_lehninger_hpc3_k21_lcTrue;kmerseek.hp_lehninger_hpc3_k22_lcTrue;kmerseek.hp_lehninger_hpc3_k23_lcTrue;kmerseek.hp_lehninger_hpc3_k24_lcTrue;kmerseek.hp_lehninger_hpc3_k25_lcTrue;kmerseek.hp_pbotc_1st_ed2_k18_lcTrue;kmerseek.hp_pbotc_1st_ed2_k19_lcTrue;kmerseek.hp_pbotc_1st_ed2_k20_lcTrue;kmerseek.hp_pbotc_1st_ed2_k21_lcTrue;kmerseek.hp_pbotc_1st_ed2_k22_lcTrue;kmerseek.hp_thomas_dill2_k19_lcTrue;kmerseek.hp_thomas_dill2_k20_lcTrue;kmerseek.hp_thomas_dill2_k21_lcTrue;kmerseek.hp_thomas_dill2_k22_lcTrue;kmerseek.hp_thomas_dill2_k23_lcTrue;kmerseek.hp_thomas_dill2_k24_lcTrue;kmerseek.hp_thomas_dill_no_c2_k19_lcTrue;kmerseek.hp_thomas_dill_no_c2_k20_lcTrue;kmerseek.hp_thomas_dill_no_c2_k21_lcTrue;kmerseek.hp_thomas_dill_no_c2_k22_lcTrue;kmerseek.hp_thomas_dill_no_c2_k23_lcTrue;kmerseek.hp_thomas_dill_no_c2_k24_lcTrue;kmerseek.mmseqs12_k10_lcTrue;kmerseek.mmseqs12_k11_lcTrue;kmerseek.mmseqs12_k12_lcTrue;kmerseek.mmseqs12_k13_lcTrue;kmerseek.mmseqs12_k5_lcTrue;kmerseek.mmseqs12_k6_lcTrue;kmerseek.mmseqs12_k7_lcTrue;kmerseek.mmseqs12_k8_lcTrue;kmerseek.mmseqs12_k9_lcTrue;kmerseek.polarity4_k10_lcTrue;kmerseek.polarity4_k11_lcTrue;kmerseek.polarity4_k12_lcTrue;kmerseek.polarity4_k13_lcTrue;kmerseek.sdm12_k10_lcTrue;kmerseek.sdm12_k11_lcTrue;kmerseek.sdm12_k12_lcTrue;kmerseek.sdm12_k13_lcTrue;kmerseek.sdm12_k6_lcTrue;kmerseek.sdm12_k7_lcTrue;kmerseek.sdm12_k8_lcTrue;kmerseek.sdm12_k9_lcTrue;kmerseek.wwmj5_k10_lcTrue;kmerseek.wwmj5_k11_lcTrue;kmerseek.wwmj5_k12_lcTrue;kmerseek.wwmj5_k13_lcTrue;kmerseek.wwmj5_k14_lcTrue;kmerseek.wwmj5_k8_lcTrue;kmerseek.wwmj5_k9_lcTrue,13,25,52.0,PF00096,93.4,false,,88.7,0.0,0.0,false,"criteria 5 and 3 loosened (structure tool inside, lower IoU)",0.269,spills,0.114,spills,0.793,"inside, lower IoU",0.958,equal or higher IoU,0.742,"inside, lower IoU",0.288,spills
ZNF76,P36508,ZN_FING,C2H2-type 1,ZN_FING,165,189,25,held out,mouse,100,O70230,kmerseek.hp_thomas_dill_no_c2_k19_lcTrue,0.793,0.852,0.92,kmerseek.hp_thomas_dill2_k19_lcTrue,0.92,103,17,kmerseek.funcgroups8_k10_lcTrue;kmerseek.funcgroups8_k11_lcTrue;kmerseek.funcgroups8_k12_lcTrue;kmerseek.funcgroups8_k13_lcTrue;kmerseek.funcgroups8_k14_lcTrue;kmerseek.funcgroups8_k15_lcTrue;kmerseek.funcgroups8_k7_lcTrue;kmerseek.funcgroups8_k8_lcTrue;kmerseek.funcgroups8_k9_lcTrue;kmerseek.gbmr7_k11_lcTrue;kmerseek.gbmr7_k12_lcTrue;kmerseek.gbmr7_k13_lcTrue;kmerseek.gbmr7_k14_lcTrue;kmerseek.gbmr7_k15_lcTrue;kmerseek.hp_kyte_doolittle2_k19_lcTrue;kmerseek.hp_kyte_doolittle2_k20_lcTrue;kmerseek.hp_kyte_doolittle2_k21_lcTrue;kmerseek.hp_kyte_doolittle2_k22_lcTrue;kmerseek.hp_kyte_doolittle2_k23_lcTrue;kmerseek.hp_kyte_doolittle2_k24_lcTrue;kmerseek.hp_kyte_doolittle2_k25_lcTrue;kmerseek.hp_lehninger2_k18_lcTrue;kmerseek.hp_lehninger_c_nonpolar2_k18_lcTrue;kmerseek.hp_lehninger_c_nonpolar2_k19_lcTrue;kmerseek.hp_lehninger_c_nonpolar2_k20_lcTrue;kmerseek.hp_lehninger_hpc3_k16_lcTrue;kmerseek.hp_lehninger_hpc3_k17_lcTrue;kmerseek.hp_pbotc_1st_ed2_k18_lcTrue;kmerseek.hp_pbotc_1st_ed2_k19_lcTrue;kmerseek.hp_pbotc_1st_ed2_k20_lcTrue;kmerseek.hp_pbotc_1st_ed2_k21_lcTrue;kmerseek.hp_pbotc_1st_ed2_k22_lcTrue;kmerseek.hp_pbotc_1st_ed2_k23_lcTrue;kmerseek.hp_pbotc_1st_ed2_k24_lcTrue;kmerseek.hp_pbotc_1st_ed2_k25_lcTrue;kmerseek.hp_thomas_dill2_k19_lcTrue;kmerseek.hp_thomas_dill2_k20_lcTrue;kmerseek.hp_thomas_dill2_k21_lcTrue;kmerseek.hp_thomas_dill2_k22_lcTrue;kmerseek.hp_thomas_dill2_k23_lcTrue;kmerseek.hp_thomas_dill2_k24_lcTrue;kmerseek.hp_thomas_dill2_k25_lcTrue;kmerseek.hp_thomas_dill2_k26_lcTrue;kmerseek.hp_thomas_dill_no_c2_k19_lcTrue;kmerseek.hp_thomas_dill_no_c2_k20_lcTrue;kmerseek.hp_thomas_dill_no_c2_k21_lcTrue;kmerseek.hp_thomas_dill_no_c2_k22_lcTrue;kmerseek.hp_thomas_dill_no_c2_k23_lcTrue;kmerseek.hp_thomas_dill_no_c2_k24_lcTrue;kmerseek.hp_thomas_dill_no_c2_k25_lcTrue;kmerseek.hsdm17_k10_lcTrue;kmerseek.hsdm17_k11_lcTrue;kmerseek.hsdm17_k5_lcTrue;kmerseek.hsdm17_k6_lcTrue;kmerseek.hsdm17_k7_lcTrue;kmerseek.hsdm17_k8_lcTrue;kmerseek.hsdm17_k9_lcTrue;kmerseek.mmseqs12_k5_lcTrue;kmerseek.polarity4_k10_lcTrue;kmerseek.polarity4_k11_lcTrue;kmerseek.polarity4_k12_lcTrue;kmerseek.polarity4_k13_lcTrue;kmerseek.polarity4_k14_lcTrue;kmerseek.polarity4_k15_lcTrue;kmerseek.protein20_k10_lcTrue;kmerseek.protein20_k11_lcTrue;kmerseek.protein20_k5_lcTrue;kmerseek.protein20_k6_lcTrue;kmerseek.protein20_k7_lcTrue;kmerseek.protein20_k8_lcTrue;kmerseek.protein20_k9_lcTrue;kmerseek.sdm12_k10_lcTrue;kmerseek.sdm12_k11_lcTrue;kmerseek.sdm12_k12_lcTrue;kmerseek.sdm12_k13_lcTrue;kmerseek.sdm12_k14_lcTrue;kmerseek.sdm12_k15_lcTrue;kmerseek.sdm12_k6_lcTrue;kmerseek.sdm12_k7_lcTrue;kmerseek.sdm12_k8_lcTrue;kmerseek.sdm12_k9_lcTrue;kmerseek.uniprot18_k10_lcTrue;kmerseek.uniprot18_k11_lcTrue;kmerseek.uniprot18_k5_lcTrue;kmerseek.uniprot18_k6_lcTrue;kmerseek.uniprot18_k7_lcTrue;kmerseek.uniprot18_k8_lcTrue;kmerseek.uniprot18_k9_lcTrue;kmerseek.wass14_k10_lcTrue;kmerseek.wass14_k11_lcTrue;kmerseek.wass14_k5_lcTrue;kmerseek.wass14_k6_lcTrue;kmerseek.wass14_k7_lcTrue;kmerseek.wass14_k8_lcTrue;kmerseek.wass14_k9_lcTrue;kmerseek.wwmj5_k10_lcTrue;kmerseek.wwmj5_k11_lcTrue;kmerseek.wwmj5_k12_lcTrue;kmerseek.wwmj5_k13_lcTrue;kmerseek.wwmj5_k14_lcTrue;kmerseek.wwmj5_k15_lcTrue;kmerseek.wwmj5_k8_lcTrue;kmerseek.wwmj5_k9_lcTrue,22,27,81.5,,,false,,85.5,0.0,0.0,false,criterion 5 loosened (mouse allowed),0.167,spills,0.141,spills,0.391,spills,0.719,"inside, lower IoU",0.291,spills,1.0,equal or higher IoU
ZKSCAN8,Q15776,ZN_FING,C2H2-type 3,ZN_FING,378,400,23,held out,mouse,100,P08042,kmerseek.hp_thomas_dill_no_c2_k19_lcTrue,0.92,0.92,1.0,kmerseek.hp_lehninger2_k18_lcTrue,0.958,98,17,kmerseek.dayhoff6_k10_lcTrue;kmerseek.dayhoff6_k11_lcTrue;kmerseek.dayhoff6_k12_lcTrue;kmerseek.dayhoff6_k13_lcTrue;kmerseek.dayhoff6_k8_lcTrue;kmerseek.dayhoff6_k9_lcTrue;kmerseek.funcgroups8_k10_lcTrue;kmerseek.funcgroups8_k11_lcTrue;kmerseek.funcgroups8_k12_lcTrue;kmerseek.funcgroups8_k7_lcTrue;kmerseek.funcgroups8_k8_lcTrue;kmerseek.funcgroups8_k9_lcTrue;kmerseek.gbmr4_k12_lcTrue;kmerseek.gbmr4_k13_lcTrue;kmerseek.gbmr4_k14_lcTrue;kmerseek.gbmr4_k15_lcTrue;kmerseek.gbmr4_k16_lcTrue;kmerseek.gbmr4_k17_lcTrue;kmerseek.gbmr4_k18_lcTrue;kmerseek.gbmr4_k19_lcTrue;kmerseek.gbmr4_k20_lcTrue;kmerseek.hp_kyte_doolittle2_k19_lcTrue;kmerseek.hp_kyte_doolittle2_k20_lcTrue;kmerseek.hp_kyte_doolittle2_k24_lcTrue;kmerseek.hp_kyte_doolittle2_k25_lcTrue;kmerseek.hp_lehninger2_k18_lcTrue;kmerseek.hp_lehninger2_k19_lcTrue;kmerseek.hp_lehninger2_k20_lcTrue;kmerseek.hp_lehninger2_k21_lcTrue;kmerseek.hp_lehninger2_k22_lcTrue;kmerseek.hp_lehninger2_k23_lcTrue;kmerseek.hp_lehninger2_k24_lcTrue;kmerseek.hp_lehninger_c_nonpolar2_k18_lcTrue;kmerseek.hp_lehninger_c_nonpolar2_k19_lcTrue;kmerseek.hp_lehninger_c_nonpolar2_k20_lcTrue;kmerseek.hp_lehninger_c_nonpolar2_k21_lcTrue;kmerseek.hp_lehninger_c_nonpolar2_k22_lcTrue;kmerseek.hp_lehninger_c_nonpolar2_k23_lcTrue;kmerseek.hp_lehninger_c_nonpolar2_k24_lcTrue;kmerseek.hp_lehninger_hpc3_k16_lcTrue;kmerseek.hp_lehninger_hpc3_k17_lcTrue;kmerseek.hp_lehninger_hpc3_k18_lcTrue;kmerseek.hp_lehninger_hpc3_k19_lcTrue;kmerseek.hp_lehninger_hpc3_k20_lcTrue;kmerseek.hp_lehninger_hpc3_k21_lcTrue;kmerseek.hp_lehninger_hpc3_k22_lcTrue;kmerseek.hp_lehninger_hpc3_k23_lcTrue;kmerseek.hp_lehninger_hpc3_k24_lcTrue;kmerseek.hp_pbotc_1st_ed2_k18_lcTrue;kmerseek.hp_pbotc_1st_ed2_k19_lcTrue;kmerseek.hp_pbotc_1st_ed2_k20_lcTrue;kmerseek.hp_thomas_dill2_k19_lcTrue;kmerseek.hp_thomas_dill2_k20_lcTrue;kmerseek.hp_thomas_dill2_k21_lcTrue;kmerseek.hp_thomas_dill2_k22_lcTrue;kmerseek.hp_thomas_dill_no_c2_k19_lcTrue;kmerseek.hp_thomas_dill_no_c2_k20_lcTrue;kmerseek.hp_thomas_dill_no_c2_k21_lcTrue;kmerseek.hp_thomas_dill_no_c2_k22_lcTrue;kmerseek.hsdm17_k5_lcTrue;kmerseek.hsdm17_k6_lcTrue;kmerseek.hsdm17_k7_lcTrue;kmerseek.hsdm17_k8_lcTrue;kmerseek.hsdm17_k9_lcTrue;kmerseek.mmseqs12_k10_lcTrue;kmerseek.mmseqs12_k11_lcTrue;kmerseek.mmseqs12_k7_lcTrue;kmerseek.mmseqs12_k8_lcTrue;kmerseek.mmseqs12_k9_lcTrue;kmerseek.polarity4_k10_lcTrue;kmerseek.polarity4_k11_lcTrue;kmerseek.polarity4_k12_lcTrue;kmerseek.polarity4_k13_lcTrue;kmerseek.polarity4_k14_lcTrue;kmerseek.polarity4_k15_lcTrue;kmerseek.polarity4_k16_lcTrue;kmerseek.protein20_k5_lcTrue;kmerseek.protein20_k6_lcTrue;kmerseek.protein20_k7_lcTrue;kmerseek.protein20_k8_lcTrue;kmerseek.protein20_k9_lcTrue;kmerseek.sdm12_k10_lcTrue;kmerseek.sdm12_k11_lcTrue;kmerseek.sdm12_k6_lcTrue;kmerseek.sdm12_k7_lcTrue;kmerseek.sdm12_k8_lcTrue;kmerseek.sdm12_k9_lcTrue;kmerseek.uniprot18_k10_lcTrue;kmerseek.uniprot18_k5_lcTrue;kmerseek.uniprot18_k6_lcTrue;kmerseek.uniprot18_k7_lcTrue;kmerseek.uniprot18_k8_lcTrue;kmerseek.uniprot18_k9_lcTrue;kmerseek.wass14_k5_lcTrue;kmerseek.wass14_k6_lcTrue;kmerseek.wass14_k7_lcTrue;kmerseek.wass14_k8_lcTrue;kmerseek.wass14_k9_lcTrue,14,25,56.0,PF00096,100.0,false,,85.9,0.0,0.0,false,criterion 5 loosened (mouse allowed),0.135,spills,0.14,spills,0.333,spills,0.821,"inside, lower IoU",0.315,spills,0.469,spills
ZSCAN9,O15535,ZN_FING,C2H2-type 2,ZN_FING,282,304,23,held out,mouse,100,Q571J5,kmerseek.hp_thomas_dill_no_c2_k19_lcTrue,0.958,0.958,1.0,kmerseek.hp_kyte_doolittle2_k21_lcTrue,0.958,93,19,kmerseek.dayhoff6_k10_lcTrue;kmerseek.dayhoff6_k11_lcTrue;kmerseek.dayhoff6_k8_lcTrue;kmerseek.dayhoff6_k9_lcTrue;kmerseek.funcgroups8_k10_lcTrue;kmerseek.funcgroups8_k7_lcTrue;kmerseek.funcgroups8_k8_lcTrue;kmerseek.funcgroups8_k9_lcTrue;kmerseek.gbmr4_k12_lcTrue;kmerseek.gbmr4_k13_lcTrue;kmerseek.gbmr4_k14_lcTrue;kmerseek.gbmr4_k15_lcTrue;kmerseek.gbmr4_k16_lcTrue;kmerseek.gbmr4_k17_lcTrue;kmerseek.gbmr4_k18_lcTrue;kmerseek.gbmr7_k11_lcTrue;kmerseek.gbmr7_k12_lcTrue;kmerseek.gbmr7_k13_lcTrue;kmerseek.gbmr7_k14_lcTrue;kmerseek.hp_kyte_doolittle2_k19_lcTrue;kmerseek.hp_kyte_doolittle2_k20_lcTrue;kmerseek.hp_kyte_doolittle2_k21_lcTrue;kmerseek.hp_kyte_doolittle2_k22_lcTrue;kmerseek.hp_kyte_doolittle2_k23_lcTrue;kmerseek.hp_kyte_doolittle2_k24_lcTrue;kmerseek.hp_lehninger2_k18_lcTrue;kmerseek.hp_lehninger2_k19_lcTrue;kmerseek.hp_lehninger2_k20_lcTrue;kmerseek.hp_lehninger2_k21_lcTrue;kmerseek.hp_lehninger_c_nonpolar2_k18_lcTrue;kmerseek.hp_lehninger_c_nonpolar2_k19_lcTrue;kmerseek.hp_lehninger_c_nonpolar2_k20_lcTrue;kmerseek.hp_lehninger_c_nonpolar2_k21_lcTrue;kmerseek.hp_lehninger_hpc3_k16_lcTrue;kmerseek.hp_lehninger_hpc3_k17_lcTrue;kmerseek.hp_lehninger_hpc3_k18_lcTrue;kmerseek.hp_lehninger_hpc3_k19_lcTrue;kmerseek.hp_lehninger_hpc3_k20_lcTrue;kmerseek.hp_lehninger_hpc3_k21_lcTrue;kmerseek.hp_pbotc_1st_ed2_k18_lcTrue;kmerseek.hp_pbotc_1st_ed2_k19_lcTrue;kmerseek.hp_pbotc_1st_ed2_k20_lcTrue;kmerseek.hp_pbotc_1st_ed2_k21_lcTrue;kmerseek.hp_pbotc_1st_ed2_k22_lcTrue;kmerseek.hp_pbotc_1st_ed2_k23_lcTrue;kmerseek.hp_pbotc_1st_ed2_k24_lcTrue;kmerseek.hp_thomas_dill2_k19_lcTrue;kmerseek.hp_thomas_dill2_k20_lcTrue;kmerseek.hp_thomas_dill2_k21_lcTrue;kmerseek.hp_thomas_dill2_k22_lcTrue;kmerseek.hp_thomas_dill2_k23_lcTrue;kmerseek.hp_thomas_dill2_k24_lcTrue;kmerseek.hp_thomas_dill_no_c2_k19_lcTrue;kmerseek.hp_thomas_dill_no_c2_k20_lcTrue;kmerseek.hp_thomas_dill_no_c2_k21_lcTrue;kmerseek.hp_thomas_dill_no_c2_k22_lcTrue;kmerseek.hp_thomas_dill_no_c2_k23_lcTrue;kmerseek.hp_thomas_dill_no_c2_k24_lcTrue;kmerseek.hsdm17_k10_lcTrue;kmerseek.hsdm17_k11_lcTrue;kmerseek.hsdm17_k7_lcTrue;kmerseek.hsdm17_k8_lcTrue;kmerseek.hsdm17_k9_lcTrue;kmerseek.mmseqs12_k11_lcTrue;kmerseek.mmseqs12_k12_lcTrue;kmerseek.mmseqs12_k13_lcTrue;kmerseek.mmseqs12_k14_lcTrue;kmerseek.mmseqs12_k7_lcTrue;kmerseek.mmseqs12_k8_lcTrue;kmerseek.mmseqs12_k9_lcTrue;kmerseek.polarity4_k10_lcTrue;kmerseek.polarity4_k11_lcTrue;kmerseek.polarity4_k12_lcTrue;kmerseek.polarity4_k13_lcTrue;kmerseek.polarity4_k14_lcTrue;kmerseek.protein20_k7_lcTrue;kmerseek.protein20_k8_lcTrue;kmerseek.protein20_k9_lcTrue;kmerseek.sdm12_k7_lcTrue;kmerseek.sdm12_k8_lcTrue;kmerseek.sdm12_k9_lcTrue;kmerseek.uniprot18_k7_lcTrue;kmerseek.uniprot18_k8_lcTrue;kmerseek.uniprot18_k9_lcTrue;kmerseek.wass14_k7_lcTrue;kmerseek.wass14_k8_lcTrue;kmerseek.wwmj5_k10_lcTrue;kmerseek.wwmj5_k11_lcTrue;kmerseek.wwmj5_k12_lcTrue;kmerseek.wwmj5_k13_lcTrue;kmerseek.wwmj5_k14_lcTrue;kmerseek.wwmj5_k8_lcTrue;kmerseek.wwmj5_k9_lcTrue,13,24,54.2,PF00096,87.4,false,,82.7,0.0,0.0,false,"criteria 5 and 3 loosened (structure tool inside, lower IoU)",0.237,spills,0.184,spills,0.561,"inside, lower IoU",0.885,"inside, lower IoU",0.469,spills,0.511,"inside, lower IoU"
ADGRF5,Q8IZF2,TRANSMEM,Helical; Name=7,TRANSMEM,1245,1265,21,composition,mouse,100,Q9D2L6,kmerseek.hp_lehninger_c_nonpolar2_k18_lcTrue,0.913,0.913,1.0,kmerseek.hp_lehninger_hpc3_k16_lcTrue,1.0,89,15,kmerseek.dayhoff6_k8_lcTrue;kmerseek.dayhoff6_k9_lcTrue;kmerseek.funcgroups8_k10_lcTrue;kmerseek.funcgroups8_k11_lcTrue;kmerseek.funcgroups8_k12_lcTrue;kmerseek.funcgroups8_k13_lcTrue;kmerseek.funcgroups8_k7_lcTrue;kmerseek.funcgroups8_k8_lcTrue;kmerseek.funcgroups8_k9_lcTrue;kmerseek.gbmr4_k12_lcTrue;kmerseek.gbmr4_k13_lcTrue;kmerseek.gbmr4_k14_lcTrue;kmerseek.gbmr4_k15_lcTrue;kmerseek.gbmr4_k16_lcTrue;kmerseek.gbmr4_k17_lcTrue;kmerseek.gbmr4_k18_lcTrue;kmerseek.gbmr4_k19_lcTrue;kmerseek.gbmr7_k11_lcTrue;kmerseek.gbmr7_k12_lcTrue;kmerseek.gbmr7_k13_lcTrue;kmerseek.gbmr7_k14_lcTrue;kmerseek.gbmr7_k15_lcTrue;kmerseek.gbmr7_k16_lcTrue;kmerseek.gbmr7_k17_lcTrue;kmerseek.gbmr7_k18_lcTrue;kmerseek.hp_kyte_doolittle2_k19_lcTrue;kmerseek.hp_kyte_doolittle2_k20_lcTrue;kmerseek.hp_kyte_doolittle2_k21_lcTrue;kmerseek.hp_lehninger2_k18_lcTrue;kmerseek.hp_lehninger2_k19_lcTrue;kmerseek.hp_lehninger2_k20_lcTrue;kmerseek.hp_lehninger2_k21_lcTrue;kmerseek.hp_lehninger2_k22_lcTrue;kmerseek.hp_lehninger2_k23_lcTrue;kmerseek.hp_lehninger_c_nonpolar2_k18_lcTrue;kmerseek.hp_lehninger_c_nonpolar2_k19_lcTrue;kmerseek.hp_lehninger_c_nonpolar2_k20_lcTrue;kmerseek.hp_lehninger_c_nonpolar2_k21_lcTrue;kmerseek.hp_lehninger_c_nonpolar2_k22_lcTrue;kmerseek.hp_lehninger_hpc3_k16_lcTrue;kmerseek.hp_lehninger_hpc3_k17_lcTrue;kmerseek.hp_lehninger_hpc3_k18_lcTrue;kmerseek.hp_lehninger_hpc3_k19_lcTrue;kmerseek.hp_lehninger_hpc3_k20_lcTrue;kmerseek.hp_lehninger_hpc3_k21_lcTrue;kmerseek.hp_lehninger_hpc3_k22_lcTrue;kmerseek.hp_lehninger_hpc3_k23_lcTrue;kmerseek.hp_pbotc_1st_ed2_k18_lcTrue;kmerseek.hp_pbotc_1st_ed2_k19_lcTrue;kmerseek.hp_pbotc_1st_ed2_k20_lcTrue;kmerseek.hp_pbotc_1st_ed2_k21_lcTrue;kmerseek.hp_pbotc_1st_ed2_k22_lcTrue;kmerseek.hp_thomas_dill2_k19_lcTrue;kmerseek.hp_thomas_dill2_k20_lcTrue;kmerseek.hp_thomas_dill2_k21_lcTrue;kmerseek.hp_thomas_dill2_k22_lcTrue;kmerseek.hp_thomas_dill2_k23_lcTrue;kmerseek.hp_thomas_dill_no_c2_k19_lcTrue;kmerseek.hp_thomas_dill_no_c2_k20_lcTrue;kmerseek.hp_thomas_dill_no_c2_k21_lcTrue;kmerseek.hp_thomas_dill_no_c2_k22_lcTrue;kmerseek.hp_thomas_dill_no_c2_k23_lcTrue;kmerseek.hsdm17_k5_lcTrue;kmerseek.hsdm17_k6_lcTrue;kmerseek.hsdm17_k7_lcTrue;kmerseek.hsdm17_k8_lcTrue;kmerseek.hsdm17_k9_lcTrue;kmerseek.polarity4_k11_lcTrue;kmerseek.polarity4_k12_lcTrue;kmerseek.polarity4_k13_lcTrue;kmerseek.polarity4_k14_lcTrue;kmerseek.polarity4_k15_lcTrue;kmerseek.polarity4_k16_lcTrue;kmerseek.polarity4_k17_lcTrue;kmerseek.polarity4_k18_lcTrue;kmerseek.sdm12_k6_lcTrue;kmerseek.sdm12_k7_lcTrue;kmerseek.sdm12_k8_lcTrue;kmerseek.sdm12_k9_lcTrue;kmerseek.wwmj5_k10_lcTrue;kmerseek.wwmj5_k11_lcTrue;kmerseek.wwmj5_k12_lcTrue;kmerseek.wwmj5_k13_lcTrue;kmerseek.wwmj5_k14_lcTrue;kmerseek.wwmj5_k15_lcTrue;kmerseek.wwmj5_k16_lcTrue;kmerseek.wwmj5_k17_lcTrue;kmerseek.wwmj5_k8_lcTrue;kmerseek.wwmj5_k9_lcTrue,19,23,82.6,PF00002,79.4,false,0.7241379310344828,83.4,0.0,0.0,false,"criteria 5 and 3 loosened (structure tool inside, lower IoU)",0.099,spills,0.1,spills,0.553,"inside, lower IoU",0.396,spills,0.11,spills,0.309,spills
ZNF391,Q9UJN7,ZN_FING,C2H2-type 9,ZN_FING,333,355,23,held out,mouse,100,Q80W31,kmerseek.hp_thomas_dill_no_c2_k19_lcTrue,0.92,0.92,1.0,kmerseek.hp_lehninger_c_nonpolar2_k18_lcTrue,1.0,87,14,kmerseek.dayhoff6_k10_lcTrue;kmerseek.dayhoff6_k11_lcTrue;kmerseek.dayhoff6_k8_lcTrue;kmerseek.dayhoff6_k9_lcTrue;kmerseek.funcgroups8_k10_lcTrue;kmerseek.funcgroups8_k7_lcTrue;kmerseek.funcgroups8_k8_lcTrue;kmerseek.funcgroups8_k9_lcTrue;kmerseek.gbmr4_k12_lcTrue;kmerseek.gbmr4_k13_lcTrue;kmerseek.gbmr4_k14_lcTrue;kmerseek.gbmr4_k15_lcTrue;kmerseek.gbmr4_k16_lcTrue;kmerseek.gbmr4_k17_lcTrue;kmerseek.gbmr4_k18_lcTrue;kmerseek.gbmr4_k19_lcTrue;kmerseek.gbmr4_k20_lcTrue;kmerseek.hp_kyte_doolittle2_k19_lcTrue;kmerseek.hp_kyte_doolittle2_k20_lcTrue;kmerseek.hp_kyte_doolittle2_k21_lcTrue;kmerseek.hp_kyte_doolittle2_k22_lcTrue;kmerseek.hp_kyte_doolittle2_k23_lcTrue;kmerseek.hp_kyte_doolittle2_k24_lcTrue;kmerseek.hp_lehninger2_k18_lcTrue;kmerseek.hp_lehninger2_k19_lcTrue;kmerseek.hp_lehninger2_k20_lcTrue;kmerseek.hp_lehninger2_k21_lcTrue;kmerseek.hp_lehninger2_k22_lcTrue;kmerseek.hp_lehninger2_k23_lcTrue;kmerseek.hp_lehninger2_k24_lcTrue;kmerseek.hp_lehninger_c_nonpolar2_k18_lcTrue;kmerseek.hp_lehninger_c_nonpolar2_k19_lcTrue;kmerseek.hp_lehninger_c_nonpolar2_k20_lcTrue;kmerseek.hp_lehninger_c_nonpolar2_k21_lcTrue;kmerseek.hp_lehninger_c_nonpolar2_k22_lcTrue;kmerseek.hp_lehninger_c_nonpolar2_k23_lcTrue;kmerseek.hp_lehninger_c_nonpolar2_k24_lcTrue;kmerseek.hp_lehninger_c_nonpolar2_k25_lcTrue;kmerseek.hp_lehninger_hpc3_k16_lcTrue;kmerseek.hp_lehninger_hpc3_k17_lcTrue;kmerseek.hp_lehninger_hpc3_k18_lcTrue;kmerseek.hp_pbotc_1st_ed2_k18_lcTrue;kmerseek.hp_pbotc_1st_ed2_k19_lcTrue;kmerseek.hp_pbotc_1st_ed2_k20_lcTrue;kmerseek.hp_pbotc_1st_ed2_k21_lcTrue;kmerseek.hp_pbotc_1st_ed2_k22_lcTrue;kmerseek.hp_pbotc_1st_ed2_k23_lcTrue;kmerseek.hp_thomas_dill2_k19_lcTrue;kmerseek.hp_thomas_dill2_k20_lcTrue;kmerseek.hp_thomas_dill2_k21_lcTrue;kmerseek.hp_thomas_dill2_k22_lcTrue;kmerseek.hp_thomas_dill2_k23_lcTrue;kmerseek.hp_thomas_dill2_k24_lcTrue;kmerseek.hp_thomas_dill_no_c2_k19_lcTrue;kmerseek.hp_thomas_dill_no_c2_k20_lcTrue;kmerseek.hp_thomas_dill_no_c2_k21_lcTrue;kmerseek.hp_thomas_dill_no_c2_k22_lcTrue;kmerseek.hp_thomas_dill_no_c2_k23_lcTrue;kmerseek.mmseqs12_k10_lcTrue;kmerseek.mmseqs12_k6_lcTrue;kmerseek.mmseqs12_k7_lcTrue;kmerseek.mmseqs12_k8_lcTrue;kmerseek.mmseqs12_k9_lcTrue;kmerseek.polarity4_k10_lcTrue;kmerseek.polarity4_k11_lcTrue;kmerseek.polarity4_k12_lcTrue;kmerseek.polarity4_k13_lcTrue;kmerseek.polarity4_k14_lcTrue;kmerseek.polarity4_k15_lcTrue;kmerseek.polarity4_k16_lcTrue;kmerseek.polarity4_k17_lcTrue;kmerseek.polarity4_k18_lcTrue;kmerseek.polarity4_k19_lcTrue;kmerseek.sdm12_k10_lcTrue;kmerseek.sdm12_k6_lcTrue;kmerseek.sdm12_k7_lcTrue;kmerseek.sdm12_k8_lcTrue;kmerseek.sdm12_k9_lcTrue;kmerseek.wwmj5_k10_lcTrue;kmerseek.wwmj5_k11_lcTrue;kmerseek.wwmj5_k12_lcTrue;kmerseek.wwmj5_k13_lcTrue;kmerseek.wwmj5_k14_lcTrue;kmerseek.wwmj5_k15_lcTrue;kmerseek.wwmj5_k16_lcTrue;kmerseek.wwmj5_k8_lcTrue;kmerseek.wwmj5_k9_lcTrue,15,25,60.0,PF00096,85.9,false,,94.3,0.0,0.0,false,criterion 5 loosened (mouse allowed),0.093,spills,0.169,spills,0.311,spills,0.442,spills,0.434,spills,0.852,"inside, lower IoU"
ZSCAN9,O15535,ZN_FING,C2H2-type 1,ZN_FING,254,276,23,held out,mouse,100,P08043,kmerseek.hp_thomas_dill_no_c2_k19_lcTrue,0.786,0.815,0.957,kmerseek.hp_lehninger2_k22_lcTrue,0.958,86,16,kmerseek.dayhoff6_k10_lcTrue;kmerseek.dayhoff6_k11_lcTrue;kmerseek.dayhoff6_k13_lcTrue;kmerseek.dayhoff6_k8_lcTrue;kmerseek.dayhoff6_k9_lcTrue;kmerseek.funcgroups8_k10_lcTrue;kmerseek.funcgroups8_k11_lcTrue;kmerseek.funcgroups8_k12_lcTrue;kmerseek.funcgroups8_k13_lcTrue;kmerseek.funcgroups8_k14_lcTrue;kmerseek.funcgroups8_k7_lcTrue;kmerseek.funcgroups8_k8_lcTrue;kmerseek.funcgroups8_k9_lcTrue;kmerseek.gbmr4_k12_lcTrue;kmerseek.gbmr4_k13_lcTrue;kmerseek.gbmr4_k14_lcTrue;kmerseek.gbmr4_k15_lcTrue;kmerseek.gbmr4_k16_lcTrue;kmerseek.gbmr4_k17_lcTrue;kmerseek.gbmr4_k18_lcTrue;kmerseek.gbmr7_k11_lcTrue;kmerseek.hp_kyte_doolittle2_k19_lcTrue;kmerseek.hp_kyte_doolittle2_k20_lcTrue;kmerseek.hp_kyte_doolittle2_k21_lcTrue;kmerseek.hp_kyte_doolittle2_k22_lcTrue;kmerseek.hp_kyte_doolittle2_k23_lcTrue;kmerseek.hp_kyte_doolittle2_k24_lcTrue;kmerseek.hp_lehninger2_k18_lcTrue;kmerseek.hp_lehninger2_k19_lcTrue;kmerseek.hp_lehninger2_k20_lcTrue;kmerseek.hp_lehninger2_k21_lcTrue;kmerseek.hp_lehninger2_k22_lcTrue;kmerseek.hp_lehninger_c_nonpolar2_k18_lcTrue;kmerseek.hp_lehninger_c_nonpolar2_k19_lcTrue;kmerseek.hp_lehninger_c_nonpolar2_k20_lcTrue;kmerseek.hp_lehninger_c_nonpolar2_k21_lcTrue;kmerseek.hp_lehninger_c_nonpolar2_k22_lcTrue;kmerseek.hp_lehninger_hpc3_k16_lcTrue;kmerseek.hp_lehninger_hpc3_k17_lcTrue;kmerseek.hp_lehninger_hpc3_k18_lcTrue;kmerseek.hp_lehninger_hpc3_k19_lcTrue;kmerseek.hp_lehninger_hpc3_k20_lcTrue;kmerseek.hp_lehninger_hpc3_k21_lcTrue;kmerseek.hp_lehninger_hpc3_k22_lcTrue;kmerseek.hp_pbotc_1st_ed2_k18_lcTrue;kmerseek.hp_pbotc_1st_ed2_k19_lcTrue;kmerseek.hp_pbotc_1st_ed2_k20_lcTrue;kmerseek.hp_pbotc_1st_ed2_k21_lcTrue;kmerseek.hp_pbotc_1st_ed2_k22_lcTrue;kmerseek.hp_thomas_dill2_k19_lcTrue;kmerseek.hp_thomas_dill2_k20_lcTrue;kmerseek.hp_thomas_dill2_k21_lcTrue;kmerseek.hp_thomas_dill2_k22_lcTrue;kmerseek.hp_thomas_dill2_k23_lcTrue;kmerseek.hp_thomas_dill_no_c2_k19_lcTrue;kmerseek.hp_thomas_dill_no_c2_k20_lcTrue;kmerseek.hp_thomas_dill_no_c2_k21_lcTrue;kmerseek.hp_thomas_dill_no_c2_k22_lcTrue;kmerseek.hp_thomas_dill_no_c2_k23_lcTrue;kmerseek.hp_thomas_dill_no_c2_k24_lcTrue;kmerseek.mmseqs12_k10_lcTrue;kmerseek.mmseqs12_k8_lcTrue;kmerseek.mmseqs12_k9_lcTrue;kmerseek.polarity4_k10_lcTrue;kmerseek.polarity4_k11_lcTrue;kmerseek.polarity4_k12_lcTrue;kmerseek.polarity4_k13_lcTrue;kmerseek.polarity4_k14_lcTrue;kmerseek.sdm12_k10_lcTrue;kmerseek.sdm12_k11_lcTrue;kmerseek.sdm12_k12_lcTrue;kmerseek.sdm12_k7_lcTrue;kmerseek.sdm12_k8_lcTrue;kmerseek.sdm12_k9_lcTrue;kmerseek.wass14_k10_lcTrue;kmerseek.wass14_k11_lcTrue;kmerseek.wass14_k5_lcTrue;kmerseek.wass14_k6_lcTrue;kmerseek.wass14_k7_lcTrue;kmerseek.wass14_k8_lcTrue;kmerseek.wass14_k9_lcTrue;kmerseek.wwmj5_k10_lcTrue;kmerseek.wwmj5_k11_lcTrue;kmerseek.wwmj5_k12_lcTrue;kmerseek.wwmj5_k8_lcTrue;kmerseek.wwmj5_k9_lcTrue,20,27,74.1,PF00096,99.4,false,,82.9,0.0,0.13,false,criterion 5 loosened (mouse allowed),0.237,spills,0.184,spills,0.434,spills,0.92,equal or higher IoU,0.434,spills,1.0,equal or higher IoU
ZNF391,Q9UJN7,ZN_FING,C2H2-type 3,ZN_FING,165,187,23,held out,mouse,100,Q8BGS3,kmerseek.hp_thomas_dill_no_c2_k19_lcTrue,0.92,0.92,1.0,kmerseek.hp_lehninger_hpc3_k17_lcTrue,1.0,85,18,kmerseek.dayhoff6_k10_lcTrue;kmerseek.dayhoff6_k8_lcTrue;kmerseek.dayhoff6_k9_lcTrue;kmerseek.funcgroups8_k10_lcTrue;kmerseek.funcgroups8_k7_lcTrue;kmerseek.funcgroups8_k8_lcTrue;kmerseek.funcgroups8_k9_lcTrue;kmerseek.gbmr4_k12_lcTrue;kmerseek.gbmr4_k13_lcTrue;kmerseek.gbmr4_k14_lcTrue;kmerseek.gbmr4_k15_lcTrue;kmerseek.gbmr4_k16_lcTrue;kmerseek.gbmr4_k17_lcTrue;kmerseek.gbmr4_k18_lcTrue;kmerseek.gbmr4_k19_lcTrue;kmerseek.gbmr4_k20_lcTrue;kmerseek.gbmr4_k21_lcTrue;kmerseek.hp_kyte_doolittle2_k19_lcTrue;kmerseek.hp_kyte_doolittle2_k20_lcTrue;kmerseek.hp_kyte_doolittle2_k21_lcTrue;kmerseek.hp_kyte_doolittle2_k22_lcTrue;kmerseek.hp_kyte_doolittle2_k23_lcTrue;kmerseek.hp_lehninger2_k18_lcTrue;kmerseek.hp_lehninger2_k19_lcTrue;kmerseek.hp_lehninger2_k20_lcTrue;kmerseek.hp_lehninger2_k21_lcTrue;kmerseek.hp_lehninger2_k22_lcTrue;kmerseek.hp_lehninger2_k23_lcTrue;kmerseek.hp_lehninger_c_nonpolar2_k18_lcTrue;kmerseek.hp_lehninger_c_nonpolar2_k19_lcTrue;kmerseek.hp_lehninger_c_nonpolar2_k20_lcTrue;kmerseek.hp_lehninger_c_nonpolar2_k21_lcTrue;kmerseek.hp_lehninger_c_nonpolar2_k22_lcTrue;kmerseek.hp_lehninger_c_nonpolar2_k23_lcTrue;kmerseek.hp_lehninger_hpc3_k16_lcTrue;kmerseek.hp_lehninger_hpc3_k17_lcTrue;kmerseek.hp_lehninger_hpc3_k18_lcTrue;kmerseek.hp_lehninger_hpc3_k19_lcTrue;kmerseek.hp_lehninger_hpc3_k20_lcTrue;kmerseek.hp_lehninger_hpc3_k21_lcTrue;kmerseek.hp_lehninger_hpc3_k22_lcTrue;kmerseek.hp_lehninger_hpc3_k23_lcTrue;kmerseek.hp_pbotc_1st_ed2_k18_lcTrue;kmerseek.hp_pbotc_1st_ed2_k19_lcTrue;kmerseek.hp_pbotc_1st_ed2_k20_lcTrue;kmerseek.hp_pbotc_1st_ed2_k21_lcTrue;kmerseek.hp_thomas_dill2_k19_lcTrue;kmerseek.hp_thomas_dill2_k20_lcTrue;kmerseek.hp_thomas_dill2_k21_lcTrue;kmerseek.hp_thomas_dill_no_c2_k19_lcTrue;kmerseek.hp_thomas_dill_no_c2_k20_lcTrue;kmerseek.hp_thomas_dill_no_c2_k21_lcTrue;kmerseek.hsdm17_k7_lcTrue;kmerseek.hsdm17_k8_lcTrue;kmerseek.hsdm17_k9_lcTrue;kmerseek.mmseqs12_k10_lcTrue;kmerseek.mmseqs12_k11_lcTrue;kmerseek.mmseqs12_k12_lcTrue;kmerseek.mmseqs12_k13_lcTrue;kmerseek.mmseqs12_k14_lcTrue;kmerseek.mmseqs12_k7_lcTrue;kmerseek.mmseqs12_k8_lcTrue;kmerseek.mmseqs12_k9_lcTrue;kmerseek.polarity4_k10_lcTrue;kmerseek.polarity4_k11_lcTrue;kmerseek.polarity4_k12_lcTrue;kmerseek.polarity4_k13_lcTrue;kmerseek.polarity4_k14_lcTrue;kmerseek.protein20_k7_lcTrue;kmerseek.protein20_k8_lcTrue;kmerseek.protein20_k9_lcTrue;kmerseek.sdm12_k7_lcTrue;kmerseek.sdm12_k8_lcTrue;kmerseek.sdm12_k9_lcTrue;kmerseek.uniprot18_k7_lcTrue;kmerseek.uniprot18_k8_lcTrue;kmerseek.uniprot18_k9_lcTrue;kmerseek.wass14_k7_lcTrue;kmerseek.wass14_k8_lcTrue;kmerseek.wwmj5_k10_lcTrue;kmerseek.wwmj5_k11_lcTrue;kmerseek.wwmj5_k12_lcTrue;kmerseek.wwmj5_k13_lcTrue;kmerseek.wwmj5_k8_lcTrue;kmerseek.wwmj5_k9_lcTrue,17,25,68.0,PF00096,94.2,false,,94.5,0.0,0.0,false,criterion 5 loosened (mouse allowed),0.19,spills,0.173,spills,0.19,spills,0.958,equal or higher IoU,0.885,"inside, lower IoU",0.451,spills
ELOVL5,Q9NYP7,TRANSMEM,Helical,TRANSMEM,168,187,20,composition,mouse,100,Q9EQC4,kmerseek.hp_lehninger_c_nonpolar2_k18_lcTrue,0.952,0.952,1.0,kmerseek.polarity4_k10_lcTrue,1.0,84,15,kmerseek.dayhoff6_k10_lcTrue;kmerseek.dayhoff6_k11_lcTrue;kmerseek.dayhoff6_k12_lcTrue;kmerseek.dayhoff6_k13_lcTrue;kmerseek.dayhoff6_k14_lcTrue;kmerseek.dayhoff6_k15_lcTrue;kmerseek.dayhoff6_k16_lcTrue;kmerseek.dayhoff6_k17_lcTrue;kmerseek.dayhoff6_k8_lcTrue;kmerseek.dayhoff6_k9_lcTrue;kmerseek.funcgroups8_k10_lcTrue;kmerseek.funcgroups8_k11_lcTrue;kmerseek.funcgroups8_k12_lcTrue;kmerseek.funcgroups8_k13_lcTrue;kmerseek.funcgroups8_k14_lcTrue;kmerseek.funcgroups8_k15_lcTrue;kmerseek.funcgroups8_k7_lcTrue;kmerseek.funcgroups8_k8_lcTrue;kmerseek.funcgroups8_k9_lcTrue;kmerseek.gbmr4_k12_lcTrue;kmerseek.gbmr4_k13_lcTrue;kmerseek.gbmr4_k14_lcTrue;kmerseek.gbmr4_k15_lcTrue;kmerseek.gbmr7_k11_lcTrue;kmerseek.gbmr7_k12_lcTrue;kmerseek.gbmr7_k13_lcTrue;kmerseek.gbmr7_k14_lcTrue;kmerseek.gbmr7_k15_lcTrue;kmerseek.hp_lehninger2_k18_lcTrue;kmerseek.hp_lehninger_c_nonpolar2_k18_lcTrue;kmerseek.hp_lehninger_hpc3_k16_lcTrue;kmerseek.hp_lehninger_hpc3_k17_lcTrue;kmerseek.hp_lehninger_hpc3_k18_lcTrue;kmerseek.hp_pbotc_1st_ed2_k18_lcTrue;kmerseek.hp_pbotc_1st_ed2_k19_lcTrue;kmerseek.hp_thomas_dill2_k19_lcTrue;kmerseek.hp_thomas_dill_no_c2_k19_lcTrue;kmerseek.hsdm17_k10_lcTrue;kmerseek.hsdm17_k11_lcTrue;kmerseek.hsdm17_k12_lcTrue;kmerseek.hsdm17_k13_lcTrue;kmerseek.hsdm17_k14_lcTrue;kmerseek.hsdm17_k5_lcTrue;kmerseek.hsdm17_k6_lcTrue;kmerseek.hsdm17_k7_lcTrue;kmerseek.hsdm17_k8_lcTrue;kmerseek.hsdm17_k9_lcTrue;kmerseek.mmseqs12_k10_lcTrue;kmerseek.mmseqs12_k11_lcTrue;kmerseek.mmseqs12_k12_lcTrue;kmerseek.mmseqs12_k13_lcTrue;kmerseek.mmseqs12_k14_lcTrue;kmerseek.mmseqs12_k5_lcTrue;kmerseek.mmseqs12_k6_lcTrue;kmerseek.mmseqs12_k7_lcTrue;kmerseek.mmseqs12_k8_lcTrue;kmerseek.mmseqs12_k9_lcTrue;kmerseek.polarity4_k10_lcTrue;kmerseek.polarity4_k11_lcTrue;kmerseek.polarity4_k12_lcTrue;kmerseek.polarity4_k13_lcTrue;kmerseek.polarity4_k14_lcTrue;kmerseek.polarity4_k15_lcTrue;kmerseek.polarity4_k16_lcTrue;kmerseek.polarity4_k17_lcTrue;kmerseek.polarity4_k18_lcTrue;kmerseek.sdm12_k10_lcTrue;kmerseek.sdm12_k11_lcTrue;kmerseek.sdm12_k12_lcTrue;kmerseek.sdm12_k13_lcTrue;kmerseek.sdm12_k14_lcTrue;kmerseek.sdm12_k15_lcTrue;kmerseek.sdm12_k6_lcTrue;kmerseek.sdm12_k7_lcTrue;kmerseek.sdm12_k8_lcTrue;kmerseek.sdm12_k9_lcTrue;kmerseek.wwmj5_k10_lcTrue;kmerseek.wwmj5_k11_lcTrue;kmerseek.wwmj5_k12_lcTrue;kmerseek.wwmj5_k13_lcTrue;kmerseek.wwmj5_k14_lcTrue;kmerseek.wwmj5_k15_lcTrue;kmerseek.wwmj5_k8_lcTrue;kmerseek.wwmj5_k9_lcTrue,16,21,76.2,PF01151,98.2,false,,94.4,0.0,0.0,false,criterion 5 loosened (mouse allowed),0.148,spills,0.159,spills,0.227,spills,0.101,spills,0.102,spills,0.12,spills
ZSCAN26,Q16670,ZN_FING,C2H2-type 6,ZN_FING,394,416,23,held out,mouse,100,Q569E7,kmerseek.hp_thomas_dill_no_c2_k19_lcTrue,0.957,1.0,0.957,kmerseek.gbmr4_k18_lcTrue,0.958,83,17,kmerseek.dayhoff6_k10_lcTrue;kmerseek.dayhoff6_k11_lcTrue;kmerseek.dayhoff6_k8_lcTrue;kmerseek.dayhoff6_k9_lcTrue;kmerseek.funcgroups8_k7_lcTrue;kmerseek.funcgroups8_k8_lcTrue;kmerseek.funcgroups8_k9_lcTrue;kmerseek.gbmr4_k12_lcTrue;kmerseek.gbmr4_k13_lcTrue;kmerseek.gbmr4_k14_lcTrue;kmerseek.gbmr4_k15_lcTrue;kmerseek.gbmr4_k16_lcTrue;kmerseek.gbmr4_k17_lcTrue;kmerseek.gbmr4_k18_lcTrue;kmerseek.gbmr4_k19_lcTrue;kmerseek.gbmr4_k20_lcTrue;kmerseek.gbmr4_k21_lcTrue;kmerseek.hp_kyte_doolittle2_k19_lcTrue;kmerseek.hp_kyte_doolittle2_k20_lcTrue;kmerseek.hp_kyte_doolittle2_k21_lcTrue;kmerseek.hp_kyte_doolittle2_k22_lcTrue;kmerseek.hp_kyte_doolittle2_k23_lcTrue;kmerseek.hp_kyte_doolittle2_k24_lcTrue;kmerseek.hp_lehninger2_k18_lcTrue;kmerseek.hp_lehninger2_k19_lcTrue;kmerseek.hp_lehninger2_k20_lcTrue;kmerseek.hp_lehninger2_k21_lcTrue;kmerseek.hp_lehninger2_k22_lcTrue;kmerseek.hp_lehninger2_k23_lcTrue;kmerseek.hp_lehninger2_k24_lcTrue;kmerseek.hp_lehninger2_k25_lcTrue;kmerseek.hp_lehninger_c_nonpolar2_k18_lcTrue;kmerseek.hp_lehninger_c_nonpolar2_k19_lcTrue;kmerseek.hp_lehninger_c_nonpolar2_k20_lcTrue;kmerseek.hp_lehninger_c_nonpolar2_k21_lcTrue;kmerseek.hp_lehninger_c_nonpolar2_k22_lcTrue;kmerseek.hp_lehninger_c_nonpolar2_k23_lcTrue;kmerseek.hp_lehninger_c_nonpolar2_k24_lcTrue;kmerseek.hp_lehninger_c_nonpolar2_k25_lcTrue;kmerseek.hp_lehninger_hpc3_k16_lcTrue;kmerseek.hp_lehninger_hpc3_k17_lcTrue;kmerseek.hp_lehninger_hpc3_k18_lcTrue;kmerseek.hp_lehninger_hpc3_k19_lcTrue;kmerseek.hp_lehninger_hpc3_k20_lcTrue;kmerseek.hp_lehninger_hpc3_k21_lcTrue;kmerseek.hp_lehninger_hpc3_k22_lcTrue;kmerseek.hp_lehninger_hpc3_k23_lcTrue;kmerseek.hp_lehninger_hpc3_k24_lcTrue;kmerseek.hp_lehninger_hpc3_k25_lcTrue;kmerseek.hp_pbotc_1st_ed2_k18_lcTrue;kmerseek.hp_pbotc_1st_ed2_k19_lcTrue;kmerseek.hp_thomas_dill2_k19_lcTrue;kmerseek.hp_thomas_dill2_k21_lcTrue;kmerseek.hp_thomas_dill_no_c2_k19_lcTrue;kmerseek.hsdm17_k5_lcTrue;kmerseek.hsdm17_k6_lcTrue;kmerseek.hsdm17_k7_lcTrue;kmerseek.hsdm17_k8_lcTrue;kmerseek.mmseqs12_k5_lcTrue;kmerseek.mmseqs12_k6_lcTrue;kmerseek.mmseqs12_k7_lcTrue;kmerseek.mmseqs12_k8_lcTrue;kmerseek.mmseqs12_k9_lcTrue;kmerseek.protein20_k5_lcTrue;kmerseek.protein20_k6_lcTrue;kmerseek.protein20_k7_lcTrue;kmerseek.protein20_k8_lcTrue;kmerseek.sdm12_k6_lcTrue;kmerseek.sdm12_k7_lcTrue;kmerseek.sdm12_k8_lcTrue;kmerseek.sdm12_k9_lcTrue;kmerseek.uniprot18_k10_lcTrue;kmerseek.uniprot18_k5_lcTrue;kmerseek.uniprot18_k6_lcTrue;kmerseek.uniprot18_k7_lcTrue;kmerseek.uniprot18_k8_lcTrue;kmerseek.uniprot18_k9_lcTrue;kmerseek.wass14_k5_lcTrue;kmerseek.wass14_k6_lcTrue;kmerseek.wass14_k7_lcTrue;kmerseek.wass14_k8_lcTrue;kmerseek.wwmj5_k8_lcTrue;kmerseek.wwmj5_k9_lcTrue,13,22,59.1,PF00096,100.0,false,,85.2,0.0,0.0,false,"criteria 5 and 3 loosened (structure tool inside, lower IoU)",0.289,spills,0.143,spills,0.565,"inside, lower IoU",0.852,"inside, lower IoU",0.913,"inside, lower IoU",0.442,spills
PRDM1,O75626,ZN_FING,C2H2-type 3,ZN_FING,631,653,23,held out,mouse,100,P10076,kmerseek.hp_thomas_dill_no_c2_k19_lcTrue,0.88,0.917,0.957,kmerseek.hp_kyte_doolittle2_k19_lcTrue,0.957,83,13,kmerseek.funcgroups8_k10_lcTrue;kmerseek.funcgroups8_k11_lcTrue;kmerseek.funcgroups8_k12_lcTrue;kmerseek.funcgroups8_k13_lcTrue;kmerseek.funcgroups8_k14_lcTrue;kmerseek.funcgroups8_k15_lcTrue;kmerseek.funcgroups8_k16_lcTrue;kmerseek.funcgroups8_k7_lcTrue;kmerseek.funcgroups8_k8_lcTrue;kmerseek.funcgroups8_k9_lcTrue;kmerseek.gbmr4_k12_lcTrue;kmerseek.gbmr4_k13_lcTrue;kmerseek.gbmr4_k14_lcTrue;kmerseek.gbmr4_k15_lcTrue;kmerseek.gbmr4_k16_lcTrue;kmerseek.gbmr4_k17_lcTrue;kmerseek.gbmr4_k18_lcTrue;kmerseek.hp_kyte_doolittle2_k19_lcTrue;kmerseek.hp_kyte_doolittle2_k20_lcTrue;kmerseek.hp_kyte_doolittle2_k21_lcTrue;kmerseek.hp_kyte_doolittle2_k22_lcTrue;kmerseek.hp_kyte_doolittle2_k23_lcTrue;kmerseek.hp_kyte_doolittle2_k24_lcTrue;kmerseek.hp_kyte_doolittle2_k25_lcTrue;kmerseek.hp_lehninger2_k18_lcTrue;kmerseek.hp_lehninger2_k19_lcTrue;kmerseek.hp_lehninger2_k20_lcTrue;kmerseek.hp_lehninger2_k21_lcTrue;kmerseek.hp_lehninger2_k22_lcTrue;kmerseek.hp_lehninger_c_nonpolar2_k18_lcTrue;kmerseek.hp_lehninger_c_nonpolar2_k19_lcTrue;kmerseek.hp_lehninger_c_nonpolar2_k20_lcTrue;kmerseek.hp_lehninger_c_nonpolar2_k21_lcTrue;kmerseek.hp_lehninger_c_nonpolar2_k22_lcTrue;kmerseek.hp_lehninger_hpc3_k16_lcTrue;kmerseek.hp_lehninger_hpc3_k17_lcTrue;kmerseek.hp_lehninger_hpc3_k18_lcTrue;kmerseek.hp_lehninger_hpc3_k19_lcTrue;kmerseek.hp_lehninger_hpc3_k20_lcTrue;kmerseek.hp_lehninger_hpc3_k21_lcTrue;kmerseek.hp_lehninger_hpc3_k22_lcTrue;kmerseek.hp_pbotc_1st_ed2_k18_lcTrue;kmerseek.hp_pbotc_1st_ed2_k19_lcTrue;kmerseek.hp_pbotc_1st_ed2_k20_lcTrue;kmerseek.hp_pbotc_1st_ed2_k21_lcTrue;kmerseek.hp_pbotc_1st_ed2_k22_lcTrue;kmerseek.hp_pbotc_1st_ed2_k23_lcTrue;kmerseek.hp_pbotc_1st_ed2_k24_lcTrue;kmerseek.hp_thomas_dill2_k19_lcTrue;kmerseek.hp_thomas_dill2_k20_lcTrue;kmerseek.hp_thomas_dill2_k21_lcTrue;kmerseek.hp_thomas_dill2_k22_lcTrue;kmerseek.hp_thomas_dill2_k23_lcTrue;kmerseek.hp_thomas_dill2_k24_lcTrue;kmerseek.hp_thomas_dill2_k25_lcTrue;kmerseek.hp_thomas_dill_no_c2_k19_lcTrue;kmerseek.hp_thomas_dill_no_c2_k20_lcTrue;kmerseek.hp_thomas_dill_no_c2_k21_lcTrue;kmerseek.hp_thomas_dill_no_c2_k22_lcTrue;kmerseek.hp_thomas_dill_no_c2_k23_lcTrue;kmerseek.hp_thomas_dill_no_c2_k24_lcTrue;kmerseek.mmseqs12_k5_lcTrue;kmerseek.polarity4_k10_lcTrue;kmerseek.polarity4_k11_lcTrue;kmerseek.polarity4_k12_lcTrue;kmerseek.polarity4_k13_lcTrue;kmerseek.polarity4_k14_lcTrue;kmerseek.polarity4_k15_lcTrue;kmerseek.polarity4_k16_lcTrue;kmerseek.polarity4_k17_lcTrue;kmerseek.polarity4_k18_lcTrue;kmerseek.polarity4_k19_lcTrue;kmerseek.sdm12_k10_lcTrue;kmerseek.sdm12_k11_lcTrue;kmerseek.sdm12_k12_lcTrue;kmerseek.sdm12_k13_lcTrue;kmerseek.sdm12_k14_lcTrue;kmerseek.sdm12_k15_lcTrue;kmerseek.sdm12_k6_lcTrue;kmerseek.sdm12_k7_lcTrue;kmerseek.sdm12_k8_lcTrue;kmerseek.sdm12_k9_lcTrue;kmerseek.wwmj5_k9_lcTrue,12,24,50.0,PF13912,100.0,false,,80.3,0.0,0.0,false,criterion 5 loosened (mouse allowed),0.173,spills,0.187,spills,0.205,spills,0.92,equal or higher IoU,0.618,"inside, lower IoU",0.469,spills
ZNF391,Q9UJN7,ZN_FING,C2H2-type 7,ZN_FING,277,299,23,held out,mouse,100,Q8BI67,kmerseek.hp_thomas_dill_no_c2_k19_lcTrue,0.88,0.917,0.957,kmerseek.hp_kyte_doolittle2_k19_lcTrue,0.958,83,16,kmerseek.dayhoff6_k10_lcTrue;kmerseek.dayhoff6_k9_lcTrue;kmerseek.funcgroups8_k10_lcTrue;kmerseek.funcgroups8_k11_lcTrue;kmerseek.funcgroups8_k12_lcTrue;kmerseek.funcgroups8_k13_lcTrue;kmerseek.funcgroups8_k14_lcTrue;kmerseek.funcgroups8_k15_lcTrue;kmerseek.funcgroups8_k16_lcTrue;kmerseek.funcgroups8_k7_lcTrue;kmerseek.funcgroups8_k8_lcTrue;kmerseek.funcgroups8_k9_lcTrue;kmerseek.gbmr4_k12_lcTrue;kmerseek.gbmr4_k13_lcTrue;kmerseek.gbmr4_k14_lcTrue;kmerseek.gbmr4_k15_lcTrue;kmerseek.gbmr4_k16_lcTrue;kmerseek.gbmr4_k17_lcTrue;kmerseek.gbmr4_k18_lcTrue;kmerseek.gbmr4_k19_lcTrue;kmerseek.gbmr4_k20_lcTrue;kmerseek.gbmr4_k21_lcTrue;kmerseek.gbmr7_k11_lcTrue;kmerseek.gbmr7_k12_lcTrue;kmerseek.gbmr7_k13_lcTrue;kmerseek.gbmr7_k14_lcTrue;kmerseek.gbmr7_k15_lcTrue;kmerseek.gbmr7_k16_lcTrue;kmerseek.hp_kyte_doolittle2_k19_lcTrue;kmerseek.hp_kyte_doolittle2_k20_lcTrue;kmerseek.hp_kyte_doolittle2_k21_lcTrue;kmerseek.hp_kyte_doolittle2_k22_lcTrue;kmerseek.hp_lehninger2_k18_lcTrue;kmerseek.hp_lehninger2_k19_lcTrue;kmerseek.hp_lehninger2_k20_lcTrue;kmerseek.hp_lehninger2_k21_lcTrue;kmerseek.hp_lehninger2_k22_lcTrue;kmerseek.hp_lehninger2_k23_lcTrue;kmerseek.hp_lehninger2_k24_lcTrue;kmerseek.hp_lehninger_c_nonpolar2_k18_lcTrue;kmerseek.hp_lehninger_c_nonpolar2_k19_lcTrue;kmerseek.hp_lehninger_c_nonpolar2_k20_lcTrue;kmerseek.hp_lehninger_hpc3_k16_lcTrue;kmerseek.hp_lehninger_hpc3_k17_lcTrue;kmerseek.hp_lehninger_hpc3_k18_lcTrue;kmerseek.hp_lehninger_hpc3_k19_lcTrue;kmerseek.hp_lehninger_hpc3_k20_lcTrue;kmerseek.hp_pbotc_1st_ed2_k18_lcTrue;kmerseek.hp_pbotc_1st_ed2_k19_lcTrue;kmerseek.hp_pbotc_1st_ed2_k20_lcTrue;kmerseek.hp_pbotc_1st_ed2_k21_lcTrue;kmerseek.hp_thomas_dill2_k19_lcTrue;kmerseek.hp_thomas_dill2_k20_lcTrue;kmerseek.hp_thomas_dill2_k21_lcTrue;kmerseek.hp_thomas_dill_no_c2_k19_lcTrue;kmerseek.hp_thomas_dill_no_c2_k20_lcTrue;kmerseek.hp_thomas_dill_no_c2_k21_lcTrue;kmerseek.hsdm17_k10_lcTrue;kmerseek.hsdm17_k11_lcTrue;kmerseek.hsdm17_k12_lcTrue;kmerseek.hsdm17_k8_lcTrue;kmerseek.hsdm17_k9_lcTrue;kmerseek.mmseqs12_k7_lcTrue;kmerseek.mmseqs12_k8_lcTrue;kmerseek.polarity4_k10_lcTrue;kmerseek.polarity4_k11_lcTrue;kmerseek.polarity4_k12_lcTrue;kmerseek.polarity4_k13_lcTrue;kmerseek.polarity4_k14_lcTrue;kmerseek.polarity4_k15_lcTrue;kmerseek.polarity4_k16_lcTrue;kmerseek.sdm12_k10_lcTrue;kmerseek.sdm12_k11_lcTrue;kmerseek.sdm12_k7_lcTrue;kmerseek.sdm12_k8_lcTrue;kmerseek.sdm12_k9_lcTrue;kmerseek.wwmj5_k10_lcTrue;kmerseek.wwmj5_k11_lcTrue;kmerseek.wwmj5_k12_lcTrue;kmerseek.wwmj5_k13_lcTrue;kmerseek.wwmj5_k14_lcTrue;kmerseek.wwmj5_k8_lcTrue;kmerseek.wwmj5_k9_lcTrue,17,24,70.8,PF00096,94.9,false,,96.2,0.0,0.0,false,criterion 5 loosened (mouse allowed),0.115,spills,0.169,spills,0.359,spills,0.958,equal or higher IoU,0.383,spills,0.311,spills
ZSCAN31,Q96LW9,ZN_FING,C2H2-type 2,ZN_FING,267,289,23,held out,mouse,100,A2A935,kmerseek.hp_thomas_dill_no_c2_k19_lcTrue,0.808,0.875,0.913,kmerseek.gbmr4_k15_lcTrue,0.958,83,15,kmerseek.dayhoff6_k10_lcTrue;kmerseek.dayhoff6_k11_lcTrue;kmerseek.dayhoff6_k12_lcTrue;kmerseek.dayhoff6_k13_lcTrue;kmerseek.dayhoff6_k14_lcTrue;kmerseek.dayhoff6_k15_lcTrue;kmerseek.dayhoff6_k16_lcTrue;kmerseek.dayhoff6_k8_lcTrue;kmerseek.dayhoff6_k9_lcTrue;kmerseek.gbmr4_k12_lcTrue;kmerseek.gbmr4_k13_lcTrue;kmerseek.gbmr4_k14_lcTrue;kmerseek.gbmr4_k15_lcTrue;kmerseek.gbmr4_k16_lcTrue;kmerseek.gbmr4_k17_lcTrue;kmerseek.gbmr4_k18_lcTrue;kmerseek.gbmr4_k19_lcTrue;kmerseek.gbmr4_k20_lcTrue;kmerseek.gbmr4_k21_lcTrue;kmerseek.gbmr7_k11_lcTrue;kmerseek.gbmr7_k12_lcTrue;kmerseek.gbmr7_k13_lcTrue;kmerseek.hp_kyte_doolittle2_k19_lcTrue;kmerseek.hp_kyte_doolittle2_k20_lcTrue;kmerseek.hp_kyte_doolittle2_k21_lcTrue;kmerseek.hp_kyte_doolittle2_k22_lcTrue;kmerseek.hp_kyte_doolittle2_k23_lcTrue;kmerseek.hp_lehninger2_k18_lcTrue;kmerseek.hp_lehninger2_k19_lcTrue;kmerseek.hp_lehninger2_k20_lcTrue;kmerseek.hp_lehninger2_k21_lcTrue;kmerseek.hp_lehninger_c_nonpolar2_k18_lcTrue;kmerseek.hp_lehninger_c_nonpolar2_k19_lcTrue;kmerseek.hp_lehninger_c_nonpolar2_k20_lcTrue;kmerseek.hp_lehninger_c_nonpolar2_k21_lcTrue;kmerseek.hp_lehninger_hpc3_k16_lcTrue;kmerseek.hp_lehninger_hpc3_k17_lcTrue;kmerseek.hp_lehninger_hpc3_k18_lcTrue;kmerseek.hp_lehninger_hpc3_k19_lcTrue;kmerseek.hp_lehninger_hpc3_k20_lcTrue;kmerseek.hp_lehninger_hpc3_k21_lcTrue;kmerseek.hp_pbotc_1st_ed2_k18_lcTrue;kmerseek.hp_pbotc_1st_ed2_k19_lcTrue;kmerseek.hp_pbotc_1st_ed2_k20_lcTrue;kmerseek.hp_pbotc_1st_ed2_k21_lcTrue;kmerseek.hp_pbotc_1st_ed2_k22_lcTrue;kmerseek.hp_thomas_dill2_k19_lcTrue;kmerseek.hp_thomas_dill2_k20_lcTrue;kmerseek.hp_thomas_dill2_k21_lcTrue;kmerseek.hp_thomas_dill_no_c2_k19_lcTrue;kmerseek.hp_thomas_dill_no_c2_k20_lcTrue;kmerseek.hp_thomas_dill_no_c2_k21_lcTrue;kmerseek.hsdm17_k6_lcTrue;kmerseek.hsdm17_k7_lcTrue;kmerseek.hsdm17_k8_lcTrue;kmerseek.mmseqs12_k10_lcTrue;kmerseek.mmseqs12_k11_lcTrue;kmerseek.mmseqs12_k5_lcTrue;kmerseek.mmseqs12_k6_lcTrue;kmerseek.mmseqs12_k7_lcTrue;kmerseek.mmseqs12_k8_lcTrue;kmerseek.mmseqs12_k9_lcTrue;kmerseek.polarity4_k10_lcTrue;kmerseek.polarity4_k11_lcTrue;kmerseek.polarity4_k12_lcTrue;kmerseek.polarity4_k13_lcTrue;kmerseek.sdm12_k10_lcTrue;kmerseek.sdm12_k11_lcTrue;kmerseek.sdm12_k12_lcTrue;kmerseek.sdm12_k6_lcTrue;kmerseek.sdm12_k7_lcTrue;kmerseek.sdm12_k8_lcTrue;kmerseek.sdm12_k9_lcTrue;kmerseek.wwmj5_k10_lcTrue;kmerseek.wwmj5_k11_lcTrue;kmerseek.wwmj5_k12_lcTrue;kmerseek.wwmj5_k13_lcTrue;kmerseek.wwmj5_k14_lcTrue;kmerseek.wwmj5_k15_lcTrue;kmerseek.wwmj5_k16_lcTrue;kmerseek.wwmj5_k17_lcTrue;kmerseek.wwmj5_k8_lcTrue;kmerseek.wwmj5_k9_lcTrue,12,24,50.0,PF00096,80.5,false,,87.0,0.0,0.0,false,"criteria 5 and 3 loosened (structure tool inside, lower IoU)",0.221,spills,0.291,spills,0.6,"inside, lower IoU",0.958,equal or higher IoU,0.469,spills,0.469,spills
ZKSCAN8,Q15776,ZN_FING,C2H2-type 5,ZN_FING,434,456,23,held out,mouse,100,Q80W31,kmerseek.hp_thomas_dill_no_c2_k19_lcTrue,0.92,0.92,1.0,kmerseek.hp_kyte_doolittle2_k20_lcTrue,0.958,81,19,kmerseek.dayhoff6_k10_lcTrue;kmerseek.dayhoff6_k11_lcTrue;kmerseek.dayhoff6_k12_lcTrue;kmerseek.dayhoff6_k8_lcTrue;kmerseek.dayhoff6_k9_lcTrue;kmerseek.funcgroups8_k10_lcTrue;kmerseek.funcgroups8_k11_lcTrue;kmerseek.funcgroups8_k9_lcTrue;kmerseek.gbmr4_k12_lcTrue;kmerseek.gbmr4_k13_lcTrue;kmerseek.gbmr4_k14_lcTrue;kmerseek.gbmr4_k15_lcTrue;kmerseek.gbmr4_k16_lcTrue;kmerseek.gbmr4_k17_lcTrue;kmerseek.gbmr7_k11_lcTrue;kmerseek.hp_kyte_doolittle2_k19_lcTrue;kmerseek.hp_kyte_doolittle2_k20_lcTrue;kmerseek.hp_kyte_doolittle2_k21_lcTrue;kmerseek.hp_kyte_doolittle2_k22_lcTrue;kmerseek.hp_kyte_doolittle2_k24_lcTrue;kmerseek.hp_lehninger2_k18_lcTrue;kmerseek.hp_lehninger2_k19_lcTrue;kmerseek.hp_lehninger2_k20_lcTrue;kmerseek.hp_lehninger2_k21_lcTrue;kmerseek.hp_lehninger2_k22_lcTrue;kmerseek.hp_lehninger2_k23_lcTrue;kmerseek.hp_lehninger2_k24_lcTrue;kmerseek.hp_lehninger2_k25_lcTrue;kmerseek.hp_lehninger_c_nonpolar2_k18_lcTrue;kmerseek.hp_lehninger_c_nonpolar2_k19_lcTrue;kmerseek.hp_lehninger_c_nonpolar2_k20_lcTrue;kmerseek.hp_lehninger_hpc3_k16_lcTrue;kmerseek.hp_lehninger_hpc3_k17_lcTrue;kmerseek.hp_lehninger_hpc3_k18_lcTrue;kmerseek.hp_lehninger_hpc3_k19_lcTrue;kmerseek.hp_lehninger_hpc3_k20_lcTrue;kmerseek.hp_pbotc_1st_ed2_k18_lcTrue;kmerseek.hp_pbotc_1st_ed2_k19_lcTrue;kmerseek.hp_pbotc_1st_ed2_k20_lcTrue;kmerseek.hp_pbotc_1st_ed2_k21_lcTrue;kmerseek.hp_pbotc_1st_ed2_k22_lcTrue;kmerseek.hp_thomas_dill2_k19_lcTrue;kmerseek.hp_thomas_dill2_k20_lcTrue;kmerseek.hp_thomas_dill2_k21_lcTrue;kmerseek.hp_thomas_dill2_k22_lcTrue;kmerseek.hp_thomas_dill_no_c2_k19_lcTrue;kmerseek.hp_thomas_dill_no_c2_k20_lcTrue;kmerseek.hp_thomas_dill_no_c2_k21_lcTrue;kmerseek.hp_thomas_dill_no_c2_k22_lcTrue;kmerseek.hsdm17_k10_lcTrue;kmerseek.hsdm17_k11_lcTrue;kmerseek.hsdm17_k9_lcTrue;kmerseek.mmseqs12_k10_lcTrue;kmerseek.mmseqs12_k11_lcTrue;kmerseek.mmseqs12_k7_lcTrue;kmerseek.mmseqs12_k8_lcTrue;kmerseek.mmseqs12_k9_lcTrue;kmerseek.polarity4_k10_lcTrue;kmerseek.polarity4_k11_lcTrue;kmerseek.polarity4_k12_lcTrue;kmerseek.polarity4_k13_lcTrue;kmerseek.polarity4_k14_lcTrue;kmerseek.protein20_k10_lcTrue;kmerseek.protein20_k11_lcTrue;kmerseek.protein20_k9_lcTrue;kmerseek.sdm12_k10_lcTrue;kmerseek.sdm12_k11_lcTrue;kmerseek.sdm12_k9_lcTrue;kmerseek.uniprot18_k10_lcTrue;kmerseek.uniprot18_k11_lcTrue;kmerseek.uniprot18_k9_lcTrue;kmerseek.wass14_k10_lcTrue;kmerseek.wass14_k11_lcTrue;kmerseek.wass14_k9_lcTrue;kmerseek.wwmj5_k10_lcTrue;kmerseek.wwmj5_k11_lcTrue;kmerseek.wwmj5_k12_lcTrue;kmerseek.wwmj5_k13_lcTrue;kmerseek.wwmj5_k14_lcTrue;kmerseek.wwmj5_k8_lcTrue;kmerseek.wwmj5_k9_lcTrue,16,25,64.0,PF00096,100.0,false,,87.8,0.0,0.0,false,criterion 5 loosened (mouse allowed),0.12,spills,0.136,spills,0.173,spills,0.769,"inside, lower IoU",0.319,spills,0.333,spills
ZKSCAN4,Q969J2,ZN_FING,C2H2-type 5,ZN_FING,432,454,23,held out,mouse,100,Q6PGE4,kmerseek.hp_thomas_dill_no_c2_k19_lcTrue,0.957,1.0,0.957,kmerseek.gbmr7_k12_lcTrue,1.0,80,13,kmerseek.dayhoff6_k8_lcTrue;kmerseek.dayhoff6_k9_lcTrue;kmerseek.gbmr4_k12_lcTrue;kmerseek.gbmr4_k13_lcTrue;kmerseek.gbmr4_k14_lcTrue;kmerseek.gbmr4_k15_lcTrue;kmerseek.gbmr4_k16_lcTrue;kmerseek.gbmr4_k17_lcTrue;kmerseek.gbmr4_k18_lcTrue;kmerseek.gbmr4_k19_lcTrue;kmerseek.gbmr7_k11_lcTrue;kmerseek.gbmr7_k12_lcTrue;kmerseek.gbmr7_k13_lcTrue;kmerseek.gbmr7_k14_lcTrue;kmerseek.gbmr7_k15_lcTrue;kmerseek.gbmr7_k16_lcTrue;kmerseek.gbmr7_k17_lcTrue;kmerseek.gbmr7_k18_lcTrue;kmerseek.hp_kyte_doolittle2_k19_lcTrue;kmerseek.hp_kyte_doolittle2_k20_lcTrue;kmerseek.hp_kyte_doolittle2_k21_lcTrue;kmerseek.hp_kyte_doolittle2_k22_lcTrue;kmerseek.hp_kyte_doolittle2_k23_lcTrue;kmerseek.hp_kyte_doolittle2_k24_lcTrue;kmerseek.hp_lehninger2_k18_lcTrue;kmerseek.hp_lehninger2_k20_lcTrue;kmerseek.hp_lehninger2_k21_lcTrue;kmerseek.hp_lehninger2_k22_lcTrue;kmerseek.hp_lehninger2_k23_lcTrue;kmerseek.hp_lehninger_c_nonpolar2_k18_lcTrue;kmerseek.hp_lehninger_c_nonpolar2_k19_lcTrue;kmerseek.hp_lehninger_c_nonpolar2_k20_lcTrue;kmerseek.hp_lehninger_c_nonpolar2_k21_lcTrue;kmerseek.hp_lehninger_c_nonpolar2_k22_lcTrue;kmerseek.hp_lehninger_c_nonpolar2_k23_lcTrue;kmerseek.hp_lehninger_c_nonpolar2_k24_lcTrue;kmerseek.hp_lehninger_hpc3_k16_lcTrue;kmerseek.hp_lehninger_hpc3_k17_lcTrue;kmerseek.hp_lehninger_hpc3_k18_lcTrue;kmerseek.hp_lehninger_hpc3_k19_lcTrue;kmerseek.hp_lehninger_hpc3_k20_lcTrue;kmerseek.hp_lehninger_hpc3_k21_lcTrue;kmerseek.hp_lehninger_hpc3_k22_lcTrue;kmerseek.hp_lehninger_hpc3_k23_lcTrue;kmerseek.hp_pbotc_1st_ed2_k18_lcTrue;kmerseek.hp_pbotc_1st_ed2_k19_lcTrue;kmerseek.hp_pbotc_1st_ed2_k20_lcTrue;kmerseek.hp_pbotc_1st_ed2_k21_lcTrue;kmerseek.hp_pbotc_1st_ed2_k22_lcTrue;kmerseek.hp_pbotc_1st_ed2_k23_lcTrue;kmerseek.hp_pbotc_1st_ed2_k24_lcTrue;kmerseek.hp_pbotc_1st_ed2_k25_lcTrue;kmerseek.hp_thomas_dill2_k19_lcTrue;kmerseek.hp_thomas_dill2_k20_lcTrue;kmerseek.hp_thomas_dill2_k21_lcTrue;kmerseek.hp_thomas_dill2_k22_lcTrue;kmerseek.hp_thomas_dill2_k23_lcTrue;kmerseek.hp_thomas_dill2_k24_lcTrue;kmerseek.hp_thomas_dill_no_c2_k19_lcTrue;kmerseek.hp_thomas_dill_no_c2_k20_lcTrue;kmerseek.hp_thomas_dill_no_c2_k21_lcTrue;kmerseek.hp_thomas_dill_no_c2_k22_lcTrue;kmerseek.hp_thomas_dill_no_c2_k23_lcTrue;kmerseek.hp_thomas_dill_no_c2_k24_lcTrue;kmerseek.mmseqs12_k6_lcTrue;kmerseek.mmseqs12_k7_lcTrue;kmerseek.mmseqs12_k8_lcTrue;kmerseek.mmseqs12_k9_lcTrue;kmerseek.polarity4_k10_lcTrue;kmerseek.polarity4_k11_lcTrue;kmerseek.polarity4_k12_lcTrue;kmerseek.wwmj5_k10_lcTrue;kmerseek.wwmj5_k11_lcTrue;kmerseek.wwmj5_k12_lcTrue;kmerseek.wwmj5_k13_lcTrue;kmerseek.wwmj5_k14_lcTrue;kmerseek.wwmj5_k15_lcTrue;kmerseek.wwmj5_k16_lcTrue;kmerseek.wwmj5_k8_lcTrue;kmerseek.wwmj5_k9_lcTrue,11,22,50.0,PF00096,99.4,false,,85.0,0.0,0.087,false,criterion 5 loosened (mouse allowed),0.124,spills,0.124,spills,0.426,spills,0.958,equal or higher IoU,0.311,spills,0.411,spills
ZSCAN12,O43309,ZN_FING,C2H2-type 1,ZN_FING,274,296,23,held out,mouse,100,Q80W31,kmerseek.hp_thomas_dill_no_c2_k19_lcTrue,0.92,0.92,1.0,kmerseek.hp_pbotc_1st_ed2_k19_lcTrue,1.0,80,15,kmerseek.dayhoff6_k10_lcTrue;kmerseek.dayhoff6_k11_lcTrue;kmerseek.dayhoff6_k12_lcTrue;kmerseek.dayhoff6_k13_lcTrue;kmerseek.dayhoff6_k14_lcTrue;kmerseek.dayhoff6_k15_lcTrue;kmerseek.dayhoff6_k16_lcTrue;kmerseek.dayhoff6_k8_lcTrue;kmerseek.dayhoff6_k9_lcTrue;kmerseek.funcgroups8_k7_lcTrue;kmerseek.funcgroups8_k8_lcTrue;kmerseek.funcgroups8_k9_lcTrue;kmerseek.gbmr4_k12_lcTrue;kmerseek.gbmr4_k13_lcTrue;kmerseek.gbmr4_k14_lcTrue;kmerseek.gbmr4_k15_lcTrue;kmerseek.gbmr4_k16_lcTrue;kmerseek.gbmr4_k17_lcTrue;kmerseek.gbmr4_k18_lcTrue;kmerseek.gbmr4_k19_lcTrue;kmerseek.gbmr4_k20_lcTrue;kmerseek.hp_kyte_doolittle2_k19_lcTrue;kmerseek.hp_kyte_doolittle2_k20_lcTrue;kmerseek.hp_kyte_doolittle2_k21_lcTrue;kmerseek.hp_kyte_doolittle2_k22_lcTrue;kmerseek.hp_kyte_doolittle2_k24_lcTrue;kmerseek.hp_lehninger2_k18_lcTrue;kmerseek.hp_lehninger2_k19_lcTrue;kmerseek.hp_lehninger2_k20_lcTrue;kmerseek.hp_lehninger2_k21_lcTrue;kmerseek.hp_lehninger2_k22_lcTrue;kmerseek.hp_lehninger_c_nonpolar2_k18_lcTrue;kmerseek.hp_lehninger_c_nonpolar2_k19_lcTrue;kmerseek.hp_lehninger_c_nonpolar2_k20_lcTrue;kmerseek.hp_lehninger_c_nonpolar2_k21_lcTrue;kmerseek.hp_lehninger_c_nonpolar2_k22_lcTrue;kmerseek.hp_lehninger_hpc3_k16_lcTrue;kmerseek.hp_lehninger_hpc3_k17_lcTrue;kmerseek.hp_lehninger_hpc3_k18_lcTrue;kmerseek.hp_lehninger_hpc3_k19_lcTrue;kmerseek.hp_lehninger_hpc3_k20_lcTrue;kmerseek.hp_lehninger_hpc3_k21_lcTrue;kmerseek.hp_lehninger_hpc3_k22_lcTrue;kmerseek.hp_pbotc_1st_ed2_k18_lcTrue;kmerseek.hp_pbotc_1st_ed2_k19_lcTrue;kmerseek.hp_pbotc_1st_ed2_k20_lcTrue;kmerseek.hp_pbotc_1st_ed2_k21_lcTrue;kmerseek.hp_pbotc_1st_ed2_k22_lcTrue;kmerseek.hp_thomas_dill2_k19_lcTrue;kmerseek.hp_thomas_dill2_k20_lcTrue;kmerseek.hp_thomas_dill2_k21_lcTrue;kmerseek.hp_thomas_dill2_k22_lcTrue;kmerseek.hp_thomas_dill_no_c2_k19_lcTrue;kmerseek.hp_thomas_dill_no_c2_k20_lcTrue;kmerseek.hp_thomas_dill_no_c2_k21_lcTrue;kmerseek.hp_thomas_dill_no_c2_k22_lcTrue;kmerseek.mmseqs12_k7_lcTrue;kmerseek.mmseqs12_k8_lcTrue;kmerseek.mmseqs12_k9_lcTrue;kmerseek.polarity4_k10_lcTrue;kmerseek.polarity4_k11_lcTrue;kmerseek.polarity4_k12_lcTrue;kmerseek.polarity4_k13_lcTrue;kmerseek.sdm12_k6_lcTrue;kmerseek.sdm12_k7_lcTrue;kmerseek.sdm12_k8_lcTrue;kmerseek.sdm12_k9_lcTrue;kmerseek.wass14_k10_lcTrue;kmerseek.wass14_k11_lcTrue;kmerseek.wass14_k12_lcTrue;kmerseek.wass14_k13_lcTrue;kmerseek.wass14_k5_lcTrue;kmerseek.wass14_k6_lcTrue;kmerseek.wass14_k7_lcTrue;kmerseek.wass14_k8_lcTrue;kmerseek.wass14_k9_lcTrue;kmerseek.wwmj5_k10_lcTrue;kmerseek.wwmj5_k11_lcTrue;kmerseek.wwmj5_k8_lcTrue;kmerseek.wwmj5_k9_lcTrue,13,25,52.0,PF00096,93.3,false,,84.4,0.0,0.0,false,criterion 5 loosened (mouse allowed),0.242,spills,0.174,spills,0.338,spills,0.913,"inside, lower IoU",0.228,spills,0.321,spills
ZKSCAN8,Q15776,ZN_FING,C2H2-type 7,ZN_FING,490,512,23,held out,mouse,100,Q80W31,kmerseek.hp_thomas_dill_no_c2_k19_lcTrue,0.92,0.92,1.0,kmerseek.hp_kyte_doolittle2_k20_lcTrue,0.958,80,18,kmerseek.dayhoff6_k10_lcTrue;kmerseek.dayhoff6_k11_lcTrue;kmerseek.dayhoff6_k12_lcTrue;kmerseek.dayhoff6_k13_lcTrue;kmerseek.dayhoff6_k14_lcTrue;kmerseek.dayhoff6_k8_lcTrue;kmerseek.dayhoff6_k9_lcTrue;kmerseek.funcgroups8_k10_lcTrue;kmerseek.funcgroups8_k11_lcTrue;kmerseek.funcgroups8_k12_lcTrue;kmerseek.funcgroups8_k13_lcTrue;kmerseek.funcgroups8_k7_lcTrue;kmerseek.funcgroups8_k8_lcTrue;kmerseek.funcgroups8_k9_lcTrue;kmerseek.gbmr4_k12_lcTrue;kmerseek.gbmr4_k13_lcTrue;kmerseek.gbmr4_k14_lcTrue;kmerseek.gbmr4_k15_lcTrue;kmerseek.gbmr4_k16_lcTrue;kmerseek.gbmr4_k17_lcTrue;kmerseek.gbmr4_k18_lcTrue;kmerseek.gbmr7_k11_lcTrue;kmerseek.gbmr7_k12_lcTrue;kmerseek.gbmr7_k13_lcTrue;kmerseek.hp_kyte_doolittle2_k19_lcTrue;kmerseek.hp_kyte_doolittle2_k20_lcTrue;kmerseek.hp_kyte_doolittle2_k21_lcTrue;kmerseek.hp_kyte_doolittle2_k22_lcTrue;kmerseek.hp_kyte_doolittle2_k24_lcTrue;kmerseek.hp_lehninger2_k18_lcTrue;kmerseek.hp_lehninger2_k19_lcTrue;kmerseek.hp_lehninger2_k20_lcTrue;kmerseek.hp_lehninger2_k21_lcTrue;kmerseek.hp_lehninger2_k22_lcTrue;kmerseek.hp_lehninger_c_nonpolar2_k18_lcTrue;kmerseek.hp_lehninger_c_nonpolar2_k19_lcTrue;kmerseek.hp_lehninger_c_nonpolar2_k20_lcTrue;kmerseek.hp_lehninger_c_nonpolar2_k21_lcTrue;kmerseek.hp_lehninger_c_nonpolar2_k22_lcTrue;kmerseek.hp_lehninger_hpc3_k16_lcTrue;kmerseek.hp_lehninger_hpc3_k17_lcTrue;kmerseek.hp_lehninger_hpc3_k18_lcTrue;kmerseek.hp_lehninger_hpc3_k19_lcTrue;kmerseek.hp_lehninger_hpc3_k20_lcTrue;kmerseek.hp_lehninger_hpc3_k21_lcTrue;kmerseek.hp_lehninger_hpc3_k22_lcTrue;kmerseek.hp_pbotc_1st_ed2_k18_lcTrue;kmerseek.hp_pbotc_1st_ed2_k19_lcTrue;kmerseek.hp_pbotc_1st_ed2_k20_lcTrue;kmerseek.hp_pbotc_1st_ed2_k21_lcTrue;kmerseek.hp_pbotc_1st_ed2_k22_lcTrue;kmerseek.hp_thomas_dill2_k19_lcTrue;kmerseek.hp_thomas_dill2_k20_lcTrue;kmerseek.hp_thomas_dill2_k21_lcTrue;kmerseek.hp_thomas_dill2_k22_lcTrue;kmerseek.hp_thomas_dill_no_c2_k19_lcTrue;kmerseek.hp_thomas_dill_no_c2_k20_lcTrue;kmerseek.hp_thomas_dill_no_c2_k21_lcTrue;kmerseek.hp_thomas_dill_no_c2_k22_lcTrue;kmerseek.hsdm17_k5_lcTrue;kmerseek.mmseqs12_k10_lcTrue;kmerseek.mmseqs12_k11_lcTrue;kmerseek.mmseqs12_k12_lcTrue;kmerseek.mmseqs12_k13_lcTrue;kmerseek.mmseqs12_k14_lcTrue;kmerseek.mmseqs12_k5_lcTrue;kmerseek.mmseqs12_k6_lcTrue;kmerseek.mmseqs12_k7_lcTrue;kmerseek.mmseqs12_k8_lcTrue;kmerseek.mmseqs12_k9_lcTrue;kmerseek.polarity4_k10_lcTrue;kmerseek.protein20_k5_lcTrue;kmerseek.uniprot18_k5_lcTrue;kmerseek.wass14_k5_lcTrue;kmerseek.wwmj5_k10_lcTrue;kmerseek.wwmj5_k11_lcTrue;kmerseek.wwmj5_k12_lcTrue;kmerseek.wwmj5_k13_lcTrue;kmerseek.wwmj5_k8_lcTrue;kmerseek.wwmj5_k9_lcTrue,17,25,68.0,PF00096,100.0,false,,89.8,0.0,0.0,false,criterion 5 loosened (mouse allowed),0.12,spills,0.117,spills,0.236,spills,0.958,equal or higher IoU,0.434,spills,0.434,spills
CARMIL1,Q5VZK9,REPEAT,LRR 1,REPEAT,245,269,25,composition,mouse,100,Q3UFQ8,kmerseek.hp_kyte_doolittle2_k19_lcTrue,0.862,0.862,1.0,kmerseek.hp_pbotc_1st_ed2_k22_lcTrue,0.862,80,12,kmerseek.dayhoff6_k10_lcTrue;kmerseek.dayhoff6_k11_lcTrue;kmerseek.dayhoff6_k12_lcTrue;kmerseek.dayhoff6_k13_lcTrue;kmerseek.dayhoff6_k8_lcTrue;kmerseek.dayhoff6_k9_lcTrue;kmerseek.funcgroups8_k10_lcTrue;kmerseek.funcgroups8_k11_lcTrue;kmerseek.funcgroups8_k12_lcTrue;kmerseek.funcgroups8_k13_lcTrue;kmerseek.funcgroups8_k14_lcTrue;kmerseek.funcgroups8_k15_lcTrue;kmerseek.funcgroups8_k16_lcTrue;kmerseek.funcgroups8_k7_lcTrue;kmerseek.funcgroups8_k8_lcTrue;kmerseek.funcgroups8_k9_lcTrue;kmerseek.gbmr4_k12_lcTrue;kmerseek.gbmr4_k13_lcTrue;kmerseek.hp_kyte_doolittle2_k19_lcTrue;kmerseek.hp_kyte_doolittle2_k20_lcTrue;kmerseek.hp_kyte_doolittle2_k21_lcTrue;kmerseek.hp_kyte_doolittle2_k22_lcTrue;kmerseek.hp_kyte_doolittle2_k23_lcTrue;kmerseek.hp_kyte_doolittle2_k24_lcTrue;kmerseek.hp_kyte_doolittle2_k25_lcTrue;kmerseek.hp_kyte_doolittle2_k26_lcTrue;kmerseek.hp_kyte_doolittle2_k27_lcTrue;kmerseek.hp_lehninger2_k18_lcTrue;kmerseek.hp_lehninger2_k19_lcTrue;kmerseek.hp_lehninger_c_nonpolar2_k18_lcTrue;kmerseek.hp_lehninger_c_nonpolar2_k19_lcTrue;kmerseek.hp_lehninger_hpc3_k16_lcTrue;kmerseek.hp_lehninger_hpc3_k17_lcTrue;kmerseek.hp_lehninger_hpc3_k18_lcTrue;kmerseek.hp_lehninger_hpc3_k19_lcTrue;kmerseek.hp_lehninger_hpc3_k20_lcTrue;kmerseek.hp_pbotc_1st_ed2_k18_lcTrue;kmerseek.hp_pbotc_1st_ed2_k19_lcTrue;kmerseek.hp_pbotc_1st_ed2_k20_lcTrue;kmerseek.hp_pbotc_1st_ed2_k21_lcTrue;kmerseek.hp_pbotc_1st_ed2_k22_lcTrue;kmerseek.hp_pbotc_1st_ed2_k23_lcTrue;kmerseek.hp_pbotc_1st_ed2_k24_lcTrue;kmerseek.hp_pbotc_1st_ed2_k25_lcTrue;kmerseek.hp_pbotc_1st_ed2_k26_lcTrue;kmerseek.hp_pbotc_1st_ed2_k27_lcTrue;kmerseek.hp_thomas_dill2_k19_lcTrue;kmerseek.hp_thomas_dill2_k20_lcTrue;kmerseek.hp_thomas_dill2_k21_lcTrue;kmerseek.hp_thomas_dill2_k22_lcTrue;kmerseek.hp_thomas_dill2_k23_lcTrue;kmerseek.hp_thomas_dill2_k24_lcTrue;kmerseek.hp_thomas_dill2_k25_lcTrue;kmerseek.hp_thomas_dill2_k26_lcTrue;kmerseek.hp_thomas_dill2_k27_lcTrue;kmerseek.hp_thomas_dill_no_c2_k19_lcTrue;kmerseek.hp_thomas_dill_no_c2_k20_lcTrue;kmerseek.hp_thomas_dill_no_c2_k21_lcTrue;kmerseek.hp_thomas_dill_no_c2_k22_lcTrue;kmerseek.hp_thomas_dill_no_c2_k23_lcTrue;kmerseek.hp_thomas_dill_no_c2_k24_lcTrue;kmerseek.hp_thomas_dill_no_c2_k25_lcTrue;kmerseek.hp_thomas_dill_no_c2_k26_lcTrue;kmerseek.hp_thomas_dill_no_c2_k27_lcTrue;kmerseek.polarity4_k10_lcTrue;kmerseek.polarity4_k11_lcTrue;kmerseek.polarity4_k12_lcTrue;kmerseek.polarity4_k13_lcTrue;kmerseek.polarity4_k14_lcTrue;kmerseek.polarity4_k15_lcTrue;kmerseek.polarity4_k16_lcTrue;kmerseek.polarity4_k17_lcTrue;kmerseek.polarity4_k18_lcTrue;kmerseek.wwmj5_k10_lcTrue;kmerseek.wwmj5_k11_lcTrue;kmerseek.wwmj5_k12_lcTrue;kmerseek.wwmj5_k13_lcTrue;kmerseek.wwmj5_k14_lcTrue;kmerseek.wwmj5_k8_lcTrue;kmerseek.wwmj5_k9_lcTrue,19,29,65.5,PF29265,90.8,false,,96.1,0.0,0.0,false,criterion 5 loosened (mouse allowed),0.084,spills,0.102,spills,0.134,spills,0.284,spills,0.179,spills,0.188,spills
ZNF391,Q9UJN7,ZN_FING,C2H2-type 8,ZN_FING,305,327,23,held out,mouse,100,Q07230,kmerseek.hp_thomas_dill_no_c2_k19_lcTrue,0.957,1.0,0.957,kmerseek.hp_pbotc_1st_ed2_k18_lcTrue,0.957,79,16,kmerseek.dayhoff6_k10_lcTrue;kmerseek.dayhoff6_k11_lcTrue;kmerseek.dayhoff6_k12_lcTrue;kmerseek.dayhoff6_k8_lcTrue;kmerseek.dayhoff6_k9_lcTrue;kmerseek.funcgroups8_k10_lcTrue;kmerseek.funcgroups8_k11_lcTrue;kmerseek.funcgroups8_k12_lcTrue;kmerseek.funcgroups8_k13_lcTrue;kmerseek.funcgroups8_k7_lcTrue;kmerseek.funcgroups8_k8_lcTrue;kmerseek.funcgroups8_k9_lcTrue;kmerseek.gbmr4_k12_lcTrue;kmerseek.gbmr4_k13_lcTrue;kmerseek.gbmr4_k14_lcTrue;kmerseek.gbmr7_k11_lcTrue;kmerseek.gbmr7_k12_lcTrue;kmerseek.gbmr7_k13_lcTrue;kmerseek.gbmr7_k14_lcTrue;kmerseek.hp_kyte_doolittle2_k19_lcTrue;kmerseek.hp_kyte_doolittle2_k20_lcTrue;kmerseek.hp_kyte_doolittle2_k21_lcTrue;kmerseek.hp_kyte_doolittle2_k22_lcTrue;kmerseek.hp_kyte_doolittle2_k23_lcTrue;kmerseek.hp_kyte_doolittle2_k24_lcTrue;kmerseek.hp_kyte_doolittle2_k25_lcTrue;kmerseek.hp_lehninger2_k20_lcTrue;kmerseek.hp_lehninger_c_nonpolar2_k18_lcTrue;kmerseek.hp_lehninger_c_nonpolar2_k19_lcTrue;kmerseek.hp_lehninger_c_nonpolar2_k20_lcTrue;kmerseek.hp_lehninger_hpc3_k16_lcTrue;kmerseek.hp_lehninger_hpc3_k19_lcTrue;kmerseek.hp_lehninger_hpc3_k20_lcTrue;kmerseek.hp_pbotc_1st_ed2_k18_lcTrue;kmerseek.hp_pbotc_1st_ed2_k19_lcTrue;kmerseek.hp_pbotc_1st_ed2_k20_lcTrue;kmerseek.hp_pbotc_1st_ed2_k21_lcTrue;kmerseek.hp_pbotc_1st_ed2_k22_lcTrue;kmerseek.hp_pbotc_1st_ed2_k23_lcTrue;kmerseek.hp_thomas_dill2_k19_lcTrue;kmerseek.hp_thomas_dill2_k20_lcTrue;kmerseek.hp_thomas_dill2_k21_lcTrue;kmerseek.hp_thomas_dill2_k22_lcTrue;kmerseek.hp_thomas_dill2_k23_lcTrue;kmerseek.hp_thomas_dill2_k24_lcTrue;kmerseek.hp_thomas_dill_no_c2_k19_lcTrue;kmerseek.hp_thomas_dill_no_c2_k20_lcTrue;kmerseek.hp_thomas_dill_no_c2_k21_lcTrue;kmerseek.hp_thomas_dill_no_c2_k22_lcTrue;kmerseek.hp_thomas_dill_no_c2_k23_lcTrue;kmerseek.hp_thomas_dill_no_c2_k24_lcTrue;kmerseek.mmseqs12_k7_lcTrue;kmerseek.mmseqs12_k8_lcTrue;kmerseek.mmseqs12_k9_lcTrue;kmerseek.polarity4_k10_lcTrue;kmerseek.polarity4_k11_lcTrue;kmerseek.polarity4_k12_lcTrue;kmerseek.polarity4_k13_lcTrue;kmerseek.polarity4_k14_lcTrue;kmerseek.polarity4_k15_lcTrue;kmerseek.sdm12_k10_lcTrue;kmerseek.sdm12_k11_lcTrue;kmerseek.sdm12_k12_lcTrue;kmerseek.sdm12_k13_lcTrue;kmerseek.sdm12_k6_lcTrue;kmerseek.sdm12_k7_lcTrue;kmerseek.sdm12_k8_lcTrue;kmerseek.sdm12_k9_lcTrue;kmerseek.wass14_k10_lcTrue;kmerseek.wass14_k7_lcTrue;kmerseek.wass14_k8_lcTrue;kmerseek.wass14_k9_lcTrue;kmerseek.wwmj5_k10_lcTrue;kmerseek.wwmj5_k11_lcTrue;kmerseek.wwmj5_k12_lcTrue;kmerseek.wwmj5_k13_lcTrue;kmerseek.wwmj5_k14_lcTrue;kmerseek.wwmj5_k8_lcTrue;kmerseek.wwmj5_k9_lcTrue,15,22,68.2,PF00096,86.6,false,,96.4,0.0,0.0,false,criterion 5 loosened (mouse allowed),0.093,spills,0.169,spills,0.426,spills,0.622,"inside, lower IoU",0.434,spills,0.469,spills
ZSCAN23,Q3MJ62,ZN_FING,C2H2-type 2,ZN_FING,277,299,23,held out,mouse,100,Q80W31,kmerseek.hp_thomas_dill_no_c2_k19_lcTrue,0.92,0.92,1.0,kmerseek.hp_kyte_doolittle2_k19_lcTrue,0.92,79,14,kmerseek.dayhoff6_k10_lcTrue;kmerseek.dayhoff6_k11_lcTrue;kmerseek.dayhoff6_k12_lcTrue;kmerseek.dayhoff6_k13_lcTrue;kmerseek.dayhoff6_k14_lcTrue;kmerseek.dayhoff6_k15_lcTrue;kmerseek.dayhoff6_k8_lcTrue;kmerseek.dayhoff6_k9_lcTrue;kmerseek.funcgroups8_k10_lcTrue;kmerseek.funcgroups8_k9_lcTrue;kmerseek.gbmr4_k12_lcTrue;kmerseek.gbmr4_k13_lcTrue;kmerseek.gbmr4_k14_lcTrue;kmerseek.gbmr4_k15_lcTrue;kmerseek.gbmr4_k16_lcTrue;kmerseek.gbmr4_k17_lcTrue;kmerseek.gbmr4_k18_lcTrue;kmerseek.gbmr4_k19_lcTrue;kmerseek.gbmr4_k20_lcTrue;kmerseek.gbmr4_k21_lcTrue;kmerseek.gbmr7_k11_lcTrue;kmerseek.gbmr7_k12_lcTrue;kmerseek.gbmr7_k13_lcTrue;kmerseek.hp_kyte_doolittle2_k19_lcTrue;kmerseek.hp_kyte_doolittle2_k20_lcTrue;kmerseek.hp_kyte_doolittle2_k21_lcTrue;kmerseek.hp_kyte_doolittle2_k22_lcTrue;kmerseek.hp_kyte_doolittle2_k24_lcTrue;kmerseek.hp_lehninger2_k18_lcTrue;kmerseek.hp_lehninger2_k19_lcTrue;kmerseek.hp_lehninger2_k20_lcTrue;kmerseek.hp_lehninger2_k21_lcTrue;kmerseek.hp_lehninger2_k22_lcTrue;kmerseek.hp_lehninger2_k23_lcTrue;kmerseek.hp_lehninger2_k24_lcTrue;kmerseek.hp_lehninger_c_nonpolar2_k18_lcTrue;kmerseek.hp_lehninger_c_nonpolar2_k19_lcTrue;kmerseek.hp_lehninger_c_nonpolar2_k20_lcTrue;kmerseek.hp_lehninger_c_nonpolar2_k21_lcTrue;kmerseek.hp_lehninger_c_nonpolar2_k22_lcTrue;kmerseek.hp_lehninger_c_nonpolar2_k23_lcTrue;kmerseek.hp_lehninger_c_nonpolar2_k24_lcTrue;kmerseek.hp_lehninger_hpc3_k16_lcTrue;kmerseek.hp_lehninger_hpc3_k17_lcTrue;kmerseek.hp_lehninger_hpc3_k18_lcTrue;kmerseek.hp_lehninger_hpc3_k19_lcTrue;kmerseek.hp_lehninger_hpc3_k20_lcTrue;kmerseek.hp_lehninger_hpc3_k21_lcTrue;kmerseek.hp_lehninger_hpc3_k22_lcTrue;kmerseek.hp_lehninger_hpc3_k23_lcTrue;kmerseek.hp_lehninger_hpc3_k24_lcTrue;kmerseek.hp_pbotc_1st_ed2_k18_lcTrue;kmerseek.hp_pbotc_1st_ed2_k19_lcTrue;kmerseek.hp_pbotc_1st_ed2_k20_lcTrue;kmerseek.hp_pbotc_1st_ed2_k21_lcTrue;kmerseek.hp_pbotc_1st_ed2_k22_lcTrue;kmerseek.hp_thomas_dill2_k19_lcTrue;kmerseek.hp_thomas_dill2_k20_lcTrue;kmerseek.hp_thomas_dill2_k21_lcTrue;kmerseek.hp_thomas_dill2_k22_lcTrue;kmerseek.hp_thomas_dill_no_c2_k19_lcTrue;kmerseek.hp_thomas_dill_no_c2_k20_lcTrue;kmerseek.hp_thomas_dill_no_c2_k21_lcTrue;kmerseek.hp_thomas_dill_no_c2_k22_lcTrue;kmerseek.mmseqs12_k10_lcTrue;kmerseek.mmseqs12_k9_lcTrue;kmerseek.sdm12_k10_lcTrue;kmerseek.sdm12_k8_lcTrue;kmerseek.sdm12_k9_lcTrue;kmerseek.wwmj5_k10_lcTrue;kmerseek.wwmj5_k11_lcTrue;kmerseek.wwmj5_k12_lcTrue;kmerseek.wwmj5_k13_lcTrue;kmerseek.wwmj5_k14_lcTrue;kmerseek.wwmj5_k15_lcTrue;kmerseek.wwmj5_k16_lcTrue;kmerseek.wwmj5_k17_lcTrue;kmerseek.wwmj5_k8_lcTrue;kmerseek.wwmj5_k9_lcTrue,15,25,60.0,PF00096,90.4,false,,85.0,0.0,0.0,false,criterion 5 loosened (mouse allowed),0.189,spills,0.163,spills,0.253,spills,0.958,equal or higher IoU,0.469,spills,0.511,"inside, lower IoU"
ZSCAN16,Q9H4T2,ZN_FING,C2H2-type 2,ZN_FING,264,286,23,held out,mouse,100,Q7TSH9,kmerseek.hp_thomas_dill_no_c2_k19_lcTrue,0.92,0.92,1.0,kmerseek.hp_kyte_doolittle2_k22_lcTrue,0.92,78,13,kmerseek.dayhoff6_k10_lcTrue;kmerseek.dayhoff6_k11_lcTrue;kmerseek.dayhoff6_k12_lcTrue;kmerseek.dayhoff6_k13_lcTrue;kmerseek.dayhoff6_k14_lcTrue;kmerseek.dayhoff6_k15_lcTrue;kmerseek.dayhoff6_k16_lcTrue;kmerseek.dayhoff6_k8_lcTrue;kmerseek.dayhoff6_k9_lcTrue;kmerseek.funcgroups8_k7_lcTrue;kmerseek.funcgroups8_k8_lcTrue;kmerseek.funcgroups8_k9_lcTrue;kmerseek.gbmr4_k12_lcTrue;kmerseek.gbmr4_k13_lcTrue;kmerseek.gbmr4_k14_lcTrue;kmerseek.gbmr4_k15_lcTrue;kmerseek.gbmr4_k16_lcTrue;kmerseek.gbmr4_k17_lcTrue;kmerseek.gbmr7_k11_lcTrue;kmerseek.gbmr7_k12_lcTrue;kmerseek.gbmr7_k13_lcTrue;kmerseek.hp_kyte_doolittle2_k19_lcTrue;kmerseek.hp_kyte_doolittle2_k20_lcTrue;kmerseek.hp_kyte_doolittle2_k21_lcTrue;kmerseek.hp_kyte_doolittle2_k22_lcTrue;kmerseek.hp_kyte_doolittle2_k23_lcTrue;kmerseek.hp_lehninger2_k18_lcTrue;kmerseek.hp_lehninger2_k19_lcTrue;kmerseek.hp_lehninger_c_nonpolar2_k18_lcTrue;kmerseek.hp_lehninger_c_nonpolar2_k19_lcTrue;kmerseek.hp_lehninger_c_nonpolar2_k20_lcTrue;kmerseek.hp_lehninger_c_nonpolar2_k21_lcTrue;kmerseek.hp_lehninger_c_nonpolar2_k22_lcTrue;kmerseek.hp_lehninger_c_nonpolar2_k23_lcTrue;kmerseek.hp_lehninger_c_nonpolar2_k24_lcTrue;kmerseek.hp_lehninger_c_nonpolar2_k25_lcTrue;kmerseek.hp_lehninger_hpc3_k16_lcTrue;kmerseek.hp_lehninger_hpc3_k17_lcTrue;kmerseek.hp_lehninger_hpc3_k18_lcTrue;kmerseek.hp_lehninger_hpc3_k19_lcTrue;kmerseek.hp_lehninger_hpc3_k20_lcTrue;kmerseek.hp_pbotc_1st_ed2_k18_lcTrue;kmerseek.hp_pbotc_1st_ed2_k19_lcTrue;kmerseek.hp_pbotc_1st_ed2_k20_lcTrue;kmerseek.hp_pbotc_1st_ed2_k21_lcTrue;kmerseek.hp_pbotc_1st_ed2_k22_lcTrue;kmerseek.hp_pbotc_1st_ed2_k23_lcTrue;kmerseek.hp_pbotc_1st_ed2_k24_lcTrue;kmerseek.hp_pbotc_1st_ed2_k25_lcTrue;kmerseek.hp_thomas_dill2_k19_lcTrue;kmerseek.hp_thomas_dill2_k20_lcTrue;kmerseek.hp_thomas_dill2_k21_lcTrue;kmerseek.hp_thomas_dill2_k22_lcTrue;kmerseek.hp_thomas_dill2_k23_lcTrue;kmerseek.hp_thomas_dill2_k24_lcTrue;kmerseek.hp_thomas_dill2_k25_lcTrue;kmerseek.hp_thomas_dill_no_c2_k19_lcTrue;kmerseek.hp_thomas_dill_no_c2_k20_lcTrue;kmerseek.hp_thomas_dill_no_c2_k21_lcTrue;kmerseek.hp_thomas_dill_no_c2_k22_lcTrue;kmerseek.hp_thomas_dill_no_c2_k23_lcTrue;kmerseek.hp_thomas_dill_no_c2_k24_lcTrue;kmerseek.hp_thomas_dill_no_c2_k25_lcTrue;kmerseek.polarity4_k10_lcTrue;kmerseek.polarity4_k11_lcTrue;kmerseek.polarity4_k12_lcTrue;kmerseek.polarity4_k13_lcTrue;kmerseek.polarity4_k14_lcTrue;kmerseek.polarity4_k15_lcTrue;kmerseek.polarity4_k16_lcTrue;kmerseek.wwmj5_k10_lcTrue;kmerseek.wwmj5_k11_lcTrue;kmerseek.wwmj5_k12_lcTrue;kmerseek.wwmj5_k13_lcTrue;kmerseek.wwmj5_k14_lcTrue;kmerseek.wwmj5_k15_lcTrue;kmerseek.wwmj5_k8_lcTrue;kmerseek.wwmj5_k9_lcTrue,16,25,64.0,PF00096,91.1,false,,84.7,0.0,0.0,false,criterion 5 loosened (mouse allowed),0.213,spills,0.213,spills,0.315,spills,0.676,"inside, lower IoU",0.469,spills,0.469,spills
ZSCAN12,O43309,ZN_FING,C2H2-type 9,ZN_FING,497,519,23,held out,mouse,100,Q7TSH9,kmerseek.hp_thomas_dill_no_c2_k19_lcTrue,0.958,0.958,1.0,kmerseek.hp_lehninger2_k18_lcTrue,1.0,76,15,kmerseek.dayhoff6_k10_lcTrue;kmerseek.dayhoff6_k8_lcTrue;kmerseek.dayhoff6_k9_lcTrue;kmerseek.funcgroups8_k10_lcTrue;kmerseek.funcgroups8_k8_lcTrue;kmerseek.funcgroups8_k9_lcTrue;kmerseek.gbmr4_k12_lcTrue;kmerseek.gbmr4_k13_lcTrue;kmerseek.gbmr4_k14_lcTrue;kmerseek.gbmr4_k15_lcTrue;kmerseek.gbmr4_k16_lcTrue;kmerseek.gbmr4_k17_lcTrue;kmerseek.gbmr4_k18_lcTrue;kmerseek.gbmr4_k19_lcTrue;kmerseek.gbmr4_k20_lcTrue;kmerseek.gbmr4_k21_lcTrue;kmerseek.gbmr7_k11_lcTrue;kmerseek.gbmr7_k12_lcTrue;kmerseek.gbmr7_k13_lcTrue;kmerseek.gbmr7_k14_lcTrue;kmerseek.gbmr7_k15_lcTrue;kmerseek.gbmr7_k16_lcTrue;kmerseek.gbmr7_k17_lcTrue;kmerseek.gbmr7_k18_lcTrue;kmerseek.hp_kyte_doolittle2_k20_lcTrue;kmerseek.hp_kyte_doolittle2_k21_lcTrue;kmerseek.hp_lehninger2_k18_lcTrue;kmerseek.hp_lehninger2_k19_lcTrue;kmerseek.hp_lehninger2_k20_lcTrue;kmerseek.hp_lehninger2_k21_lcTrue;kmerseek.hp_lehninger_c_nonpolar2_k18_lcTrue;kmerseek.hp_lehninger_c_nonpolar2_k19_lcTrue;kmerseek.hp_lehninger_c_nonpolar2_k20_lcTrue;kmerseek.hp_lehninger_c_nonpolar2_k21_lcTrue;kmerseek.hp_lehninger_c_nonpolar2_k22_lcTrue;kmerseek.hp_lehninger_c_nonpolar2_k23_lcTrue;kmerseek.hp_lehninger_c_nonpolar2_k24_lcTrue;kmerseek.hp_lehninger_hpc3_k16_lcTrue;kmerseek.hp_lehninger_hpc3_k17_lcTrue;kmerseek.hp_lehninger_hpc3_k18_lcTrue;kmerseek.hp_lehninger_hpc3_k19_lcTrue;kmerseek.hp_lehninger_hpc3_k20_lcTrue;kmerseek.hp_lehninger_hpc3_k21_lcTrue;kmerseek.hp_pbotc_1st_ed2_k19_lcTrue;kmerseek.hp_pbotc_1st_ed2_k20_lcTrue;kmerseek.hp_pbotc_1st_ed2_k21_lcTrue;kmerseek.hp_pbotc_1st_ed2_k22_lcTrue;kmerseek.hp_pbotc_1st_ed2_k23_lcTrue;kmerseek.hp_thomas_dill2_k19_lcTrue;kmerseek.hp_thomas_dill2_k20_lcTrue;kmerseek.hp_thomas_dill2_k21_lcTrue;kmerseek.hp_thomas_dill2_k22_lcTrue;kmerseek.hp_thomas_dill2_k23_lcTrue;kmerseek.hp_thomas_dill_no_c2_k19_lcTrue;kmerseek.hp_thomas_dill_no_c2_k20_lcTrue;kmerseek.hp_thomas_dill_no_c2_k21_lcTrue;kmerseek.mmseqs12_k10_lcTrue;kmerseek.mmseqs12_k8_lcTrue;kmerseek.mmseqs12_k9_lcTrue;kmerseek.polarity4_k10_lcTrue;kmerseek.polarity4_k11_lcTrue;kmerseek.polarity4_k12_lcTrue;kmerseek.polarity4_k13_lcTrue;kmerseek.polarity4_k14_lcTrue;kmerseek.sdm12_k10_lcTrue;kmerseek.sdm12_k11_lcTrue;kmerseek.sdm12_k12_lcTrue;kmerseek.sdm12_k6_lcTrue;kmerseek.sdm12_k7_lcTrue;kmerseek.sdm12_k8_lcTrue;kmerseek.sdm12_k9_lcTrue;kmerseek.wwmj5_k10_lcTrue;kmerseek.wwmj5_k11_lcTrue;kmerseek.wwmj5_k12_lcTrue;kmerseek.wwmj5_k8_lcTrue;kmerseek.wwmj5_k9_lcTrue,12,24,50.0,PF00096,92.7,false,,92.2,0.0,0.0,false,criterion 5 loosened (mouse allowed),0.173,spills,0.143,spills,0.228,spills,0.958,equal or higher IoU,0.39,spills,1.0,equal or higher IoU
KCNK16,Q96T55,INTRAMEM,Pore-forming; Name=Pore-forming 1,INTRAMEM,98,116,19,composition,mouse,100,O88454,kmerseek.mmseqs12_k7_lcTrue,0.762,0.889,0.842,kmerseek.dayhoff6_k10_lcTrue,0.905,75,13,kmerseek.dayhoff6_k10_lcTrue;kmerseek.dayhoff6_k11_lcTrue;kmerseek.dayhoff6_k12_lcTrue;kmerseek.dayhoff6_k13_lcTrue;kmerseek.dayhoff6_k14_lcTrue;kmerseek.dayhoff6_k15_lcTrue;kmerseek.dayhoff6_k16_lcTrue;kmerseek.dayhoff6_k17_lcTrue;kmerseek.dayhoff6_k8_lcTrue;kmerseek.dayhoff6_k9_lcTrue;kmerseek.funcgroups8_k10_lcTrue;kmerseek.funcgroups8_k11_lcTrue;kmerseek.funcgroups8_k12_lcTrue;kmerseek.funcgroups8_k13_lcTrue;kmerseek.funcgroups8_k14_lcTrue;kmerseek.funcgroups8_k15_lcTrue;kmerseek.funcgroups8_k16_lcTrue;kmerseek.funcgroups8_k7_lcTrue;kmerseek.funcgroups8_k8_lcTrue;kmerseek.funcgroups8_k9_lcTrue;kmerseek.gbmr7_k11_lcTrue;kmerseek.gbmr7_k12_lcTrue;kmerseek.gbmr7_k13_lcTrue;kmerseek.gbmr7_k14_lcTrue;kmerseek.gbmr7_k15_lcTrue;kmerseek.gbmr7_k16_lcTrue;kmerseek.gbmr7_k17_lcTrue;kmerseek.gbmr7_k18_lcTrue;kmerseek.hp_kyte_doolittle2_k19_lcTrue;kmerseek.hp_lehninger_hpc3_k16_lcTrue;kmerseek.hp_pbotc_1st_ed2_k18_lcTrue;kmerseek.hp_pbotc_1st_ed2_k19_lcTrue;kmerseek.hsdm17_k10_lcTrue;kmerseek.hsdm17_k11_lcTrue;kmerseek.hsdm17_k12_lcTrue;kmerseek.hsdm17_k13_lcTrue;kmerseek.hsdm17_k14_lcTrue;kmerseek.hsdm17_k5_lcTrue;kmerseek.hsdm17_k6_lcTrue;kmerseek.hsdm17_k7_lcTrue;kmerseek.hsdm17_k8_lcTrue;kmerseek.hsdm17_k9_lcTrue;kmerseek.mmseqs12_k10_lcTrue;kmerseek.mmseqs12_k11_lcTrue;kmerseek.mmseqs12_k12_lcTrue;kmerseek.mmseqs12_k13_lcTrue;kmerseek.mmseqs12_k14_lcTrue;kmerseek.mmseqs12_k5_lcTrue;kmerseek.mmseqs12_k6_lcTrue;kmerseek.mmseqs12_k7_lcTrue;kmerseek.mmseqs12_k8_lcTrue;kmerseek.mmseqs12_k9_lcTrue;kmerseek.protein20_k5_lcTrue;kmerseek.sdm12_k10_lcTrue;kmerseek.sdm12_k11_lcTrue;kmerseek.sdm12_k12_lcTrue;kmerseek.sdm12_k13_lcTrue;kmerseek.sdm12_k14_lcTrue;kmerseek.sdm12_k15_lcTrue;kmerseek.sdm12_k6_lcTrue;kmerseek.sdm12_k7_lcTrue;kmerseek.sdm12_k8_lcTrue;kmerseek.sdm12_k9_lcTrue;kmerseek.uniprot18_k5_lcTrue;kmerseek.wass14_k5_lcTrue;kmerseek.wwmj5_k10_lcTrue;kmerseek.wwmj5_k11_lcTrue;kmerseek.wwmj5_k12_lcTrue;kmerseek.wwmj5_k13_lcTrue;kmerseek.wwmj5_k14_lcTrue;kmerseek.wwmj5_k15_lcTrue;kmerseek.wwmj5_k16_lcTrue;kmerseek.wwmj5_k17_lcTrue;kmerseek.wwmj5_k8_lcTrue;kmerseek.wwmj5_k9_lcTrue,14,18,77.8,PF07885,100.0,false,,94.1,0.0,0.0,false,criterion 5 loosened (mouse allowed),0.218,spills,0.226,spills,0.2,spills,0.528,"inside, lower IoU",0.528,"inside, lower IoU",0.487,spills
ZNF391,Q9UJN7,ZN_FING,C2H2-type 5,ZN_FING,221,243,23,held out,mouse,100,Q80W31,kmerseek.hp_thomas_dill_no_c2_k19_lcTrue,0.92,0.92,1.0,kmerseek.hp_lehninger_c_nonpolar2_k18_lcTrue,1.0,74,12,kmerseek.dayhoff6_k10_lcTrue;kmerseek.dayhoff6_k11_lcTrue;kmerseek.dayhoff6_k12_lcTrue;kmerseek.dayhoff6_k13_lcTrue;kmerseek.dayhoff6_k14_lcTrue;kmerseek.dayhoff6_k15_lcTrue;kmerseek.dayhoff6_k16_lcTrue;kmerseek.dayhoff6_k17_lcTrue;kmerseek.dayhoff6_k8_lcTrue;kmerseek.dayhoff6_k9_lcTrue;kmerseek.gbmr4_k12_lcTrue;kmerseek.gbmr4_k13_lcTrue;kmerseek.gbmr4_k14_lcTrue;kmerseek.gbmr4_k15_lcTrue;kmerseek.gbmr4_k16_lcTrue;kmerseek.gbmr4_k17_lcTrue;kmerseek.gbmr4_k18_lcTrue;kmerseek.gbmr4_k19_lcTrue;kmerseek.gbmr4_k20_lcTrue;kmerseek.gbmr4_k21_lcTrue;kmerseek.hp_kyte_doolittle2_k19_lcTrue;kmerseek.hp_kyte_doolittle2_k20_lcTrue;kmerseek.hp_kyte_doolittle2_k21_lcTrue;kmerseek.hp_kyte_doolittle2_k22_lcTrue;kmerseek.hp_kyte_doolittle2_k24_lcTrue;kmerseek.hp_lehninger2_k18_lcTrue;kmerseek.hp_lehninger2_k19_lcTrue;kmerseek.hp_lehninger2_k20_lcTrue;kmerseek.hp_lehninger2_k21_lcTrue;kmerseek.hp_lehninger2_k22_lcTrue;kmerseek.hp_lehninger2_k23_lcTrue;kmerseek.hp_lehninger2_k24_lcTrue;kmerseek.hp_lehninger_c_nonpolar2_k18_lcTrue;kmerseek.hp_lehninger_c_nonpolar2_k19_lcTrue;kmerseek.hp_lehninger_c_nonpolar2_k20_lcTrue;kmerseek.hp_lehninger_c_nonpolar2_k21_lcTrue;kmerseek.hp_lehninger_c_nonpolar2_k22_lcTrue;kmerseek.hp_lehninger_c_nonpolar2_k23_lcTrue;kmerseek.hp_lehninger_c_nonpolar2_k24_lcTrue;kmerseek.hp_lehninger_hpc3_k16_lcTrue;kmerseek.hp_lehninger_hpc3_k17_lcTrue;kmerseek.hp_lehninger_hpc3_k18_lcTrue;kmerseek.hp_lehninger_hpc3_k19_lcTrue;kmerseek.hp_lehninger_hpc3_k20_lcTrue;kmerseek.hp_lehninger_hpc3_k21_lcTrue;kmerseek.hp_lehninger_hpc3_k22_lcTrue;kmerseek.hp_lehninger_hpc3_k23_lcTrue;kmerseek.hp_lehninger_hpc3_k24_lcTrue;kmerseek.hp_pbotc_1st_ed2_k18_lcTrue;kmerseek.hp_pbotc_1st_ed2_k19_lcTrue;kmerseek.hp_pbotc_1st_ed2_k20_lcTrue;kmerseek.hp_pbotc_1st_ed2_k21_lcTrue;kmerseek.hp_pbotc_1st_ed2_k22_lcTrue;kmerseek.hp_thomas_dill2_k19_lcTrue;kmerseek.hp_thomas_dill2_k20_lcTrue;kmerseek.hp_thomas_dill2_k21_lcTrue;kmerseek.hp_thomas_dill2_k22_lcTrue;kmerseek.hp_thomas_dill_no_c2_k19_lcTrue;kmerseek.hp_thomas_dill_no_c2_k20_lcTrue;kmerseek.hp_thomas_dill_no_c2_k21_lcTrue;kmerseek.hp_thomas_dill_no_c2_k22_lcTrue;kmerseek.mmseqs12_k10_lcTrue;kmerseek.mmseqs12_k6_lcTrue;kmerseek.mmseqs12_k7_lcTrue;kmerseek.mmseqs12_k8_lcTrue;kmerseek.mmseqs12_k9_lcTrue;kmerseek.polarity4_k10_lcTrue;kmerseek.polarity4_k11_lcTrue;kmerseek.polarity4_k12_lcTrue;kmerseek.polarity4_k13_lcTrue;kmerseek.wwmj5_k10_lcTrue;kmerseek.wwmj5_k11_lcTrue;kmerseek.wwmj5_k8_lcTrue;kmerseek.wwmj5_k9_lcTrue,14,25,56.0,PF00096,88.9,false,,91.9,0.0,0.0,false,"criteria 5 and 3 loosened (structure tool inside, lower IoU)",0.135,spills,0.161,spills,0.575,"inside, lower IoU",0.821,"inside, lower IoU",0.451,spills,0.442,spills
TRIM31,Q9BZY9,ZN_FING,B box-type,ZN_FING,90,131,42,held out,mouse,100,Q99PN3,kmerseek.hp_thomas_dill_no_c2_k19_lcTrue,0.643,1.0,0.643,kmerseek.hp_thomas_dill2_k19_lcTrue,0.643,69,10,kmerseek.gbmr4_k12_lcTrue;kmerseek.gbmr4_k13_lcTrue;kmerseek.gbmr4_k14_lcTrue;kmerseek.gbmr4_k15_lcTrue;kmerseek.gbmr4_k16_lcTrue;kmerseek.gbmr4_k17_lcTrue;kmerseek.gbmr4_k18_lcTrue;kmerseek.gbmr4_k19_lcTrue;kmerseek.gbmr4_k20_lcTrue;kmerseek.gbmr4_k21_lcTrue;kmerseek.gbmr7_k11_lcTrue;kmerseek.gbmr7_k12_lcTrue;kmerseek.gbmr7_k13_lcTrue;kmerseek.gbmr7_k14_lcTrue;kmerseek.gbmr7_k15_lcTrue;kmerseek.gbmr7_k16_lcTrue;kmerseek.gbmr7_k17_lcTrue;kmerseek.gbmr7_k18_lcTrue;kmerseek.hp_kyte_doolittle2_k19_lcTrue;kmerseek.hp_kyte_doolittle2_k20_lcTrue;kmerseek.hp_kyte_doolittle2_k21_lcTrue;kmerseek.hp_lehninger2_k18_lcTrue;kmerseek.hp_lehninger2_k19_lcTrue;kmerseek.hp_lehninger2_k20_lcTrue;kmerseek.hp_lehninger2_k21_lcTrue;kmerseek.hp_lehninger2_k22_lcTrue;kmerseek.hp_lehninger2_k23_lcTrue;kmerseek.hp_lehninger_c_nonpolar2_k18_lcTrue;kmerseek.hp_lehninger_c_nonpolar2_k19_lcTrue;kmerseek.hp_lehninger_c_nonpolar2_k20_lcTrue;kmerseek.hp_lehninger_c_nonpolar2_k21_lcTrue;kmerseek.hp_lehninger_hpc3_k16_lcTrue;kmerseek.hp_lehninger_hpc3_k17_lcTrue;kmerseek.hp_lehninger_hpc3_k18_lcTrue;kmerseek.hp_lehninger_hpc3_k19_lcTrue;kmerseek.hp_lehninger_hpc3_k20_lcTrue;kmerseek.hp_lehninger_hpc3_k21_lcTrue;kmerseek.hp_pbotc_1st_ed2_k18_lcTrue;kmerseek.hp_pbotc_1st_ed2_k19_lcTrue;kmerseek.hp_pbotc_1st_ed2_k20_lcTrue;kmerseek.hp_pbotc_1st_ed2_k21_lcTrue;kmerseek.hp_pbotc_1st_ed2_k22_lcTrue;kmerseek.hp_pbotc_1st_ed2_k23_lcTrue;kmerseek.hp_pbotc_1st_ed2_k24_lcTrue;kmerseek.hp_thomas_dill2_k19_lcTrue;kmerseek.hp_thomas_dill2_k20_lcTrue;kmerseek.hp_thomas_dill2_k21_lcTrue;kmerseek.hp_thomas_dill2_k22_lcTrue;kmerseek.hp_thomas_dill2_k23_lcTrue;kmerseek.hp_thomas_dill2_k24_lcTrue;kmerseek.hp_thomas_dill2_k25_lcTrue;kmerseek.hp_thomas_dill_no_c2_k19_lcTrue;kmerseek.hp_thomas_dill_no_c2_k20_lcTrue;kmerseek.hp_thomas_dill_no_c2_k21_lcTrue;kmerseek.hp_thomas_dill_no_c2_k22_lcTrue;kmerseek.hp_thomas_dill_no_c2_k23_lcTrue;kmerseek.hp_thomas_dill_no_c2_k24_lcTrue;kmerseek.hp_thomas_dill_no_c2_k25_lcTrue;kmerseek.hp_thomas_dill_no_c2_k26_lcTrue;kmerseek.wwmj5_k10_lcTrue;kmerseek.wwmj5_k11_lcTrue;kmerseek.wwmj5_k12_lcTrue;kmerseek.wwmj5_k13_lcTrue;kmerseek.wwmj5_k14_lcTrue;kmerseek.wwmj5_k15_lcTrue;kmerseek.wwmj5_k16_lcTrue;kmerseek.wwmj5_k17_lcTrue;kmerseek.wwmj5_k8_lcTrue;kmerseek.wwmj5_k9_lcTrue,16,27,59.3,PF00643,82.9,false,,88.1,0.07142857142857142,0.0,false,criterion 5 loosened (mouse allowed),0.347,spills,0.323,spills,0.494,spills,0.636,"inside, lower IoU",0.506,"inside, lower IoU",0.822,equal or higher IoU
ZNF322,Q6U7Q0,ZN_FING,C2H2-type 5,ZN_FING,155,177,23,held out,mouse,100,Q8R0T2,kmerseek.hp_thomas_dill_no_c2_k19_lcTrue,0.778,0.84,0.913,kmerseek.gbmr4_k14_lcTrue,0.913,67,18,kmerseek.dayhoff6_k10_lcTrue;kmerseek.dayhoff6_k8_lcTrue;kmerseek.dayhoff6_k9_lcTrue;kmerseek.funcgroups8_k7_lcTrue;kmerseek.funcgroups8_k8_lcTrue;kmerseek.gbmr4_k12_lcTrue;kmerseek.gbmr4_k13_lcTrue;kmerseek.gbmr4_k14_lcTrue;kmerseek.gbmr4_k15_lcTrue;kmerseek.gbmr4_k16_lcTrue;kmerseek.gbmr4_k17_lcTrue;kmerseek.gbmr4_k18_lcTrue;kmerseek.gbmr4_k19_lcTrue;kmerseek.hp_kyte_doolittle2_k19_lcTrue;kmerseek.hp_kyte_doolittle2_k20_lcTrue;kmerseek.hp_kyte_doolittle2_k21_lcTrue;kmerseek.hp_kyte_doolittle2_k22_lcTrue;kmerseek.hp_kyte_doolittle2_k23_lcTrue;kmerseek.hp_lehninger2_k18_lcTrue;kmerseek.hp_lehninger2_k19_lcTrue;kmerseek.hp_lehninger2_k20_lcTrue;kmerseek.hp_lehninger2_k21_lcTrue;kmerseek.hp_lehninger_c_nonpolar2_k18_lcTrue;kmerseek.hp_lehninger_c_nonpolar2_k19_lcTrue;kmerseek.hp_lehninger_c_nonpolar2_k20_lcTrue;kmerseek.hp_lehninger_hpc3_k16_lcTrue;kmerseek.hp_lehninger_hpc3_k17_lcTrue;kmerseek.hp_pbotc_1st_ed2_k18_lcTrue;kmerseek.hp_pbotc_1st_ed2_k19_lcTrue;kmerseek.hp_pbotc_1st_ed2_k20_lcTrue;kmerseek.hp_pbotc_1st_ed2_k21_lcTrue;kmerseek.hp_pbotc_1st_ed2_k22_lcTrue;kmerseek.hp_pbotc_1st_ed2_k23_lcTrue;kmerseek.hp_thomas_dill2_k19_lcTrue;kmerseek.hp_thomas_dill2_k20_lcTrue;kmerseek.hp_thomas_dill2_k21_lcTrue;kmerseek.hp_thomas_dill2_k22_lcTrue;kmerseek.hp_thomas_dill2_k23_lcTrue;kmerseek.hp_thomas_dill_no_c2_k19_lcTrue;kmerseek.hp_thomas_dill_no_c2_k20_lcTrue;kmerseek.hp_thomas_dill_no_c2_k21_lcTrue;kmerseek.hp_thomas_dill_no_c2_k22_lcTrue;kmerseek.hp_thomas_dill_no_c2_k23_lcTrue;kmerseek.hsdm17_k5_lcTrue;kmerseek.hsdm17_k6_lcTrue;kmerseek.mmseqs12_k10_lcTrue;kmerseek.mmseqs12_k6_lcTrue;kmerseek.mmseqs12_k7_lcTrue;kmerseek.mmseqs12_k8_lcTrue;kmerseek.mmseqs12_k9_lcTrue;kmerseek.polarity4_k10_lcTrue;kmerseek.polarity4_k11_lcTrue;kmerseek.polarity4_k12_lcTrue;kmerseek.polarity4_k13_lcTrue;kmerseek.protein20_k5_lcTrue;kmerseek.protein20_k6_lcTrue;kmerseek.sdm12_k6_lcTrue;kmerseek.sdm12_k7_lcTrue;kmerseek.sdm12_k8_lcTrue;kmerseek.uniprot18_k5_lcTrue;kmerseek.uniprot18_k6_lcTrue;kmerseek.wass14_k5_lcTrue;kmerseek.wass14_k6_lcTrue;kmerseek.wwmj5_k10_lcTrue;kmerseek.wwmj5_k11_lcTrue;kmerseek.wwmj5_k8_lcTrue;kmerseek.wwmj5_k9_lcTrue,14,25,56.0,PF00096,100.0,false,,92.1,0.0,0.0,false,criterion 5 loosened (mouse allowed),0.411,spills,0.164,spills,0.359,spills,0.958,equal or higher IoU,0.489,spills,0.46,spills
KCNK5,O95279,INTRAMEM,Pore-forming; Name=Pore-forming 2,INTRAMEM,190,215,26,composition,mouse,100,Q3LS21,kmerseek.mmseqs12_k7_lcTrue,0.385,1.0,0.385,kmerseek.hp_lehninger2_k19_lcTrue,0.852,67,13,kmerseek.dayhoff6_k10_lcTrue;kmerseek.dayhoff6_k11_lcTrue;kmerseek.dayhoff6_k12_lcTrue;kmerseek.dayhoff6_k13_lcTrue;kmerseek.dayhoff6_k14_lcTrue;kmerseek.dayhoff6_k8_lcTrue;kmerseek.dayhoff6_k9_lcTrue;kmerseek.funcgroups8_k10_lcTrue;kmerseek.funcgroups8_k11_lcTrue;kmerseek.funcgroups8_k12_lcTrue;kmerseek.funcgroups8_k13_lcTrue;kmerseek.funcgroups8_k14_lcTrue;kmerseek.funcgroups8_k7_lcTrue;kmerseek.funcgroups8_k8_lcTrue;kmerseek.funcgroups8_k9_lcTrue;kmerseek.gbmr4_k12_lcTrue;kmerseek.gbmr4_k13_lcTrue;kmerseek.gbmr4_k14_lcTrue;kmerseek.gbmr4_k15_lcTrue;kmerseek.gbmr4_k16_lcTrue;kmerseek.gbmr4_k17_lcTrue;kmerseek.gbmr7_k11_lcTrue;kmerseek.gbmr7_k12_lcTrue;kmerseek.gbmr7_k13_lcTrue;kmerseek.hp_lehninger2_k18_lcTrue;kmerseek.hp_lehninger2_k19_lcTrue;kmerseek.hp_lehninger2_k20_lcTrue;kmerseek.hp_lehninger2_k21_lcTrue;kmerseek.hp_lehninger2_k22_lcTrue;kmerseek.hp_lehninger2_k23_lcTrue;kmerseek.hsdm17_k5_lcTrue;kmerseek.hsdm17_k6_lcTrue;kmerseek.hsdm17_k7_lcTrue;kmerseek.hsdm17_k8_lcTrue;kmerseek.hsdm17_k9_lcTrue;kmerseek.mmseqs12_k5_lcTrue;kmerseek.mmseqs12_k6_lcTrue;kmerseek.mmseqs12_k7_lcTrue;kmerseek.mmseqs12_k8_lcTrue;kmerseek.polarity4_k10_lcTrue;kmerseek.polarity4_k11_lcTrue;kmerseek.polarity4_k12_lcTrue;kmerseek.polarity4_k13_lcTrue;kmerseek.polarity4_k14_lcTrue;kmerseek.polarity4_k15_lcTrue;kmerseek.polarity4_k16_lcTrue;kmerseek.protein20_k5_lcTrue;kmerseek.protein20_k6_lcTrue;kmerseek.protein20_k7_lcTrue;kmerseek.sdm12_k10_lcTrue;kmerseek.sdm12_k11_lcTrue;kmerseek.sdm12_k12_lcTrue;kmerseek.sdm12_k6_lcTrue;kmerseek.sdm12_k7_lcTrue;kmerseek.sdm12_k8_lcTrue;kmerseek.sdm12_k9_lcTrue;kmerseek.uniprot18_k5_lcTrue;kmerseek.uniprot18_k6_lcTrue;kmerseek.uniprot18_k7_lcTrue;kmerseek.wass14_k5_lcTrue;kmerseek.wass14_k6_lcTrue;kmerseek.wass14_k7_lcTrue;kmerseek.wwmj5_k10_lcTrue;kmerseek.wwmj5_k11_lcTrue;kmerseek.wwmj5_k12_lcTrue;kmerseek.wwmj5_k8_lcTrue;kmerseek.wwmj5_k9_lcTrue,9,10,90.0,PF07885,97.1,false,,95.1,0.0,0.0,false,criterion 5 loosened (mouse allowed),0.121,spills,0.103,spills,0.176,spills,0.426,equal or higher IoU,0.929,equal or higher IoU,0.897,equal or higher IoU
ZSCAN31,Q96LW9,ZN_FING,C2H2-type 1,ZN_FING,239,261,23,held out,mouse,100,P08043,kmerseek.hp_thomas_dill_no_c2_k19_lcTrue,0.88,0.917,0.957,kmerseek.gbmr4_k21_lcTrue,0.958,66,15,kmerseek.dayhoff6_k10_lcTrue;kmerseek.dayhoff6_k11_lcTrue;kmerseek.dayhoff6_k12_lcTrue;kmerseek.dayhoff6_k8_lcTrue;kmerseek.dayhoff6_k9_lcTrue;kmerseek.funcgroups8_k10_lcTrue;kmerseek.funcgroups8_k7_lcTrue;kmerseek.funcgroups8_k8_lcTrue;kmerseek.funcgroups8_k9_lcTrue;kmerseek.gbmr4_k12_lcTrue;kmerseek.gbmr4_k13_lcTrue;kmerseek.gbmr4_k14_lcTrue;kmerseek.gbmr4_k15_lcTrue;kmerseek.gbmr4_k16_lcTrue;kmerseek.gbmr4_k17_lcTrue;kmerseek.gbmr4_k18_lcTrue;kmerseek.gbmr4_k19_lcTrue;kmerseek.gbmr4_k20_lcTrue;kmerseek.gbmr4_k21_lcTrue;kmerseek.gbmr7_k11_lcTrue;kmerseek.gbmr7_k12_lcTrue;kmerseek.hp_kyte_doolittle2_k19_lcTrue;kmerseek.hp_kyte_doolittle2_k20_lcTrue;kmerseek.hp_kyte_doolittle2_k21_lcTrue;kmerseek.hp_lehninger2_k18_lcTrue;kmerseek.hp_lehninger2_k19_lcTrue;kmerseek.hp_lehninger2_k20_lcTrue;kmerseek.hp_lehninger2_k21_lcTrue;kmerseek.hp_lehninger2_k22_lcTrue;kmerseek.hp_lehninger_c_nonpolar2_k18_lcTrue;kmerseek.hp_lehninger_c_nonpolar2_k19_lcTrue;kmerseek.hp_lehninger_c_nonpolar2_k20_lcTrue;kmerseek.hp_lehninger_c_nonpolar2_k21_lcTrue;kmerseek.hp_lehninger_c_nonpolar2_k22_lcTrue;kmerseek.hp_lehninger_hpc3_k16_lcTrue;kmerseek.hp_lehninger_hpc3_k17_lcTrue;kmerseek.hp_lehninger_hpc3_k18_lcTrue;kmerseek.hp_lehninger_hpc3_k19_lcTrue;kmerseek.hp_lehninger_hpc3_k20_lcTrue;kmerseek.hp_lehninger_hpc3_k21_lcTrue;kmerseek.hp_lehninger_hpc3_k22_lcTrue;kmerseek.hp_pbotc_1st_ed2_k18_lcTrue;kmerseek.hp_pbotc_1st_ed2_k19_lcTrue;kmerseek.hp_pbotc_1st_ed2_k20_lcTrue;kmerseek.hp_pbotc_1st_ed2_k21_lcTrue;kmerseek.hp_pbotc_1st_ed2_k22_lcTrue;kmerseek.hp_thomas_dill2_k19_lcTrue;kmerseek.hp_thomas_dill2_k20_lcTrue;kmerseek.hp_thomas_dill2_k21_lcTrue;kmerseek.hp_thomas_dill2_k22_lcTrue;kmerseek.hp_thomas_dill_no_c2_k19_lcTrue;kmerseek.hp_thomas_dill_no_c2_k20_lcTrue;kmerseek.hp_thomas_dill_no_c2_k21_lcTrue;kmerseek.mmseqs12_k10_lcTrue;kmerseek.mmseqs12_k5_lcTrue;kmerseek.mmseqs12_k6_lcTrue;kmerseek.mmseqs12_k7_lcTrue;kmerseek.mmseqs12_k8_lcTrue;kmerseek.mmseqs12_k9_lcTrue;kmerseek.polarity4_k10_lcTrue;kmerseek.polarity4_k11_lcTrue;kmerseek.sdm12_k10_lcTrue;kmerseek.sdm12_k8_lcTrue;kmerseek.sdm12_k9_lcTrue;kmerseek.wwmj5_k8_lcTrue;kmerseek.wwmj5_k9_lcTrue,16,24,66.7,PF00096,93.4,false,,89.2,0.0,0.0,false,criterion 5 loosened (mouse allowed),0.221,spills,0.277,spills,0.299,spills,0.957,equal or higher IoU,0.412,spills,1.0,equal or higher IoU
ZKSCAN3,Q9BRR0,ZN_FING,C2H2-type 6,ZN_FING,480,502,23,held out,mouse,100,P10077,kmerseek.hp_thomas_dill_no_c2_k19_lcTrue,0.778,0.84,0.913,kmerseek.gbmr4_k12_lcTrue,1.0,63,11,kmerseek.dayhoff6_k10_lcTrue;kmerseek.dayhoff6_k11_lcTrue;kmerseek.dayhoff6_k12_lcTrue;kmerseek.dayhoff6_k13_lcTrue;kmerseek.dayhoff6_k8_lcTrue;kmerseek.dayhoff6_k9_lcTrue;kmerseek.gbmr4_k12_lcTrue;kmerseek.gbmr4_k13_lcTrue;kmerseek.gbmr4_k14_lcTrue;kmerseek.gbmr4_k15_lcTrue;kmerseek.gbmr4_k16_lcTrue;kmerseek.gbmr4_k17_lcTrue;kmerseek.gbmr4_k18_lcTrue;kmerseek.gbmr4_k19_lcTrue;kmerseek.gbmr4_k20_lcTrue;kmerseek.gbmr4_k21_lcTrue;kmerseek.hp_kyte_doolittle2_k19_lcTrue;kmerseek.hp_kyte_doolittle2_k20_lcTrue;kmerseek.hp_kyte_doolittle2_k21_lcTrue;kmerseek.hp_kyte_doolittle2_k22_lcTrue;kmerseek.hp_kyte_doolittle2_k23_lcTrue;kmerseek.hp_kyte_doolittle2_k24_lcTrue;kmerseek.hp_lehninger2_k18_lcTrue;kmerseek.hp_lehninger2_k19_lcTrue;kmerseek.hp_lehninger2_k20_lcTrue;kmerseek.hp_lehninger2_k21_lcTrue;kmerseek.hp_lehninger2_k22_lcTrue;kmerseek.hp_lehninger_c_nonpolar2_k18_lcTrue;kmerseek.hp_lehninger_c_nonpolar2_k19_lcTrue;kmerseek.hp_lehninger_c_nonpolar2_k20_lcTrue;kmerseek.hp_lehninger_c_nonpolar2_k21_lcTrue;kmerseek.hp_lehninger_c_nonpolar2_k22_lcTrue;kmerseek.hp_lehninger_hpc3_k16_lcTrue;kmerseek.hp_lehninger_hpc3_k17_lcTrue;kmerseek.hp_lehninger_hpc3_k18_lcTrue;kmerseek.hp_lehninger_hpc3_k19_lcTrue;kmerseek.hp_lehninger_hpc3_k20_lcTrue;kmerseek.hp_lehninger_hpc3_k21_lcTrue;kmerseek.hp_lehninger_hpc3_k22_lcTrue;kmerseek.hp_pbotc_1st_ed2_k18_lcTrue;kmerseek.hp_pbotc_1st_ed2_k19_lcTrue;kmerseek.hp_pbotc_1st_ed2_k20_lcTrue;kmerseek.hp_pbotc_1st_ed2_k21_lcTrue;kmerseek.hp_pbotc_1st_ed2_k22_lcTrue;kmerseek.hp_pbotc_1st_ed2_k23_lcTrue;kmerseek.hp_thomas_dill2_k19_lcTrue;kmerseek.hp_thomas_dill2_k20_lcTrue;kmerseek.hp_thomas_dill2_k21_lcTrue;kmerseek.hp_thomas_dill2_k22_lcTrue;kmerseek.hp_thomas_dill2_k23_lcTrue;kmerseek.hp_thomas_dill2_k24_lcTrue;kmerseek.hp_thomas_dill_no_c2_k19_lcTrue;kmerseek.hp_thomas_dill_no_c2_k20_lcTrue;kmerseek.hp_thomas_dill_no_c2_k21_lcTrue;kmerseek.hp_thomas_dill_no_c2_k22_lcTrue;kmerseek.hp_thomas_dill_no_c2_k23_lcTrue;kmerseek.hp_thomas_dill_no_c2_k24_lcTrue;kmerseek.sdm12_k10_lcTrue;kmerseek.sdm12_k11_lcTrue;kmerseek.sdm12_k8_lcTrue;kmerseek.sdm12_k9_lcTrue;kmerseek.wwmj5_k8_lcTrue;kmerseek.wwmj5_k9_lcTrue,15,25,60.0,PF00096,91.1,false,,70.9,0.43478260869565216,0.0,false,"criteria 5 and 3 loosened (structure tool inside, lower IoU)",0.117,spills,0.106,spills,0.523,"inside, lower IoU",0.767,"inside, lower IoU",0.198,spills,1.0,equal or higher IoU
ZNF165,P49910,ZN_FING,C2H2-type 4,ZN_FING,400,422,23,held out,mouse,100,Q6P9Y7,kmerseek.hp_thomas_dill_no_c2_k19_lcTrue,0.731,0.864,0.826,kmerseek.hp_pbotc_1st_ed2_k18_lcTrue,1.0,62,11,kmerseek.gbmr4_k12_lcTrue;kmerseek.gbmr4_k13_lcTrue;kmerseek.gbmr4_k14_lcTrue;kmerseek.gbmr4_k15_lcTrue;kmerseek.gbmr4_k16_lcTrue;kmerseek.gbmr4_k17_lcTrue;kmerseek.gbmr4_k18_lcTrue;kmerseek.gbmr4_k19_lcTrue;kmerseek.gbmr4_k20_lcTrue;kmerseek.gbmr7_k11_lcTrue;kmerseek.gbmr7_k12_lcTrue;kmerseek.gbmr7_k13_lcTrue;kmerseek.gbmr7_k14_lcTrue;kmerseek.gbmr7_k15_lcTrue;kmerseek.gbmr7_k16_lcTrue;kmerseek.gbmr7_k17_lcTrue;kmerseek.gbmr7_k18_lcTrue;kmerseek.hp_kyte_doolittle2_k19_lcTrue;kmerseek.hp_kyte_doolittle2_k20_lcTrue;kmerseek.hp_kyte_doolittle2_k21_lcTrue;kmerseek.hp_kyte_doolittle2_k22_lcTrue;kmerseek.hp_kyte_doolittle2_k23_lcTrue;kmerseek.hp_kyte_doolittle2_k24_lcTrue;kmerseek.hp_kyte_doolittle2_k25_lcTrue;kmerseek.hp_kyte_doolittle2_k26_lcTrue;kmerseek.hp_lehninger2_k18_lcTrue;kmerseek.hp_lehninger2_k19_lcTrue;kmerseek.hp_lehninger2_k20_lcTrue;kmerseek.hp_lehninger_c_nonpolar2_k18_lcTrue;kmerseek.hp_lehninger_c_nonpolar2_k19_lcTrue;kmerseek.hp_lehninger_c_nonpolar2_k20_lcTrue;kmerseek.hp_lehninger_c_nonpolar2_k21_lcTrue;kmerseek.hp_lehninger_hpc3_k16_lcTrue;kmerseek.hp_lehninger_hpc3_k17_lcTrue;kmerseek.hp_lehninger_hpc3_k18_lcTrue;kmerseek.hp_lehninger_hpc3_k19_lcTrue;kmerseek.hp_lehninger_hpc3_k20_lcTrue;kmerseek.hp_pbotc_1st_ed2_k18_lcTrue;kmerseek.hp_pbotc_1st_ed2_k19_lcTrue;kmerseek.hp_pbotc_1st_ed2_k20_lcTrue;kmerseek.hp_pbotc_1st_ed2_k21_lcTrue;kmerseek.hp_thomas_dill2_k19_lcTrue;kmerseek.hp_thomas_dill2_k22_lcTrue;kmerseek.hp_thomas_dill2_k23_lcTrue;kmerseek.hp_thomas_dill2_k24_lcTrue;kmerseek.hp_thomas_dill2_k25_lcTrue;kmerseek.hp_thomas_dill_no_c2_k19_lcTrue;kmerseek.hp_thomas_dill_no_c2_k23_lcTrue;kmerseek.hp_thomas_dill_no_c2_k24_lcTrue;kmerseek.hp_thomas_dill_no_c2_k25_lcTrue;kmerseek.polarity4_k10_lcTrue;kmerseek.polarity4_k11_lcTrue;kmerseek.wwmj5_k10_lcTrue;kmerseek.wwmj5_k11_lcTrue;kmerseek.wwmj5_k12_lcTrue;kmerseek.wwmj5_k13_lcTrue;kmerseek.wwmj5_k14_lcTrue;kmerseek.wwmj5_k15_lcTrue;kmerseek.wwmj5_k16_lcTrue;kmerseek.wwmj5_k17_lcTrue;kmerseek.wwmj5_k8_lcTrue;kmerseek.wwmj5_k9_lcTrue,15,22,68.2,PF00096,94.2,false,,90.0,0.0,0.0,false,criterion 5 loosened (mouse allowed),0.223,spills,0.217,spills,0.264,spills,0.742,equal or higher IoU,0.311,spills,0.451,spills
DLL1,O00548,DOMAIN,EGF-like 7; calcium-binding,DOMAIN,447,478,32,held out,mouse,100,Q9CQW3,kmerseek.hp_thomas_dill_no_c2_k19_lcTrue,0.941,0.941,1.0,kmerseek.hp_thomas_dill2_k19_lcTrue,0.941,62,9,kmerseek.dayhoff6_k8_lcTrue;kmerseek.dayhoff6_k9_lcTrue;kmerseek.hp_kyte_doolittle2_k19_lcTrue;kmerseek.hp_kyte_doolittle2_k20_lcTrue;kmerseek.hp_kyte_doolittle2_k21_lcTrue;kmerseek.hp_kyte_doolittle2_k22_lcTrue;kmerseek.hp_lehninger2_k18_lcTrue;kmerseek.hp_lehninger2_k19_lcTrue;kmerseek.hp_lehninger2_k20_lcTrue;kmerseek.hp_lehninger2_k21_lcTrue;kmerseek.hp_lehninger2_k22_lcTrue;kmerseek.hp_lehninger2_k23_lcTrue;kmerseek.hp_lehninger2_k24_lcTrue;kmerseek.hp_lehninger2_k25_lcTrue;kmerseek.hp_lehninger_c_nonpolar2_k18_lcTrue;kmerseek.hp_lehninger_c_nonpolar2_k19_lcTrue;kmerseek.hp_lehninger_c_nonpolar2_k20_lcTrue;kmerseek.hp_lehninger_c_nonpolar2_k21_lcTrue;kmerseek.hp_lehninger_c_nonpolar2_k22_lcTrue;kmerseek.hp_lehninger_c_nonpolar2_k23_lcTrue;kmerseek.hp_lehninger_c_nonpolar2_k24_lcTrue;kmerseek.hp_lehninger_c_nonpolar2_k25_lcTrue;kmerseek.hp_lehninger_hpc3_k16_lcTrue;kmerseek.hp_lehninger_hpc3_k17_lcTrue;kmerseek.hp_lehninger_hpc3_k18_lcTrue;kmerseek.hp_lehninger_hpc3_k19_lcTrue;kmerseek.hp_lehninger_hpc3_k20_lcTrue;kmerseek.hp_lehninger_hpc3_k21_lcTrue;kmerseek.hp_lehninger_hpc3_k22_lcTrue;kmerseek.hp_lehninger_hpc3_k23_lcTrue;kmerseek.hp_lehninger_hpc3_k24_lcTrue;kmerseek.hp_lehninger_hpc3_k25_lcTrue;kmerseek.hp_pbotc_1st_ed2_k18_lcTrue;kmerseek.hp_pbotc_1st_ed2_k19_lcTrue;kmerseek.hp_pbotc_1st_ed2_k20_lcTrue;kmerseek.hp_pbotc_1st_ed2_k21_lcTrue;kmerseek.hp_pbotc_1st_ed2_k22_lcTrue;kmerseek.hp_thomas_dill2_k19_lcTrue;kmerseek.hp_thomas_dill2_k20_lcTrue;kmerseek.hp_thomas_dill2_k21_lcTrue;kmerseek.hp_thomas_dill2_k22_lcTrue;kmerseek.hp_thomas_dill2_k23_lcTrue;kmerseek.hp_thomas_dill2_k24_lcTrue;kmerseek.hp_thomas_dill2_k25_lcTrue;kmerseek.hp_thomas_dill2_k26_lcTrue;kmerseek.hp_thomas_dill2_k27_lcTrue;kmerseek.hp_thomas_dill2_k28_lcTrue;kmerseek.hp_thomas_dill2_k29_lcTrue;kmerseek.hp_thomas_dill2_k30_lcTrue;kmerseek.hp_thomas_dill_no_c2_k19_lcTrue;kmerseek.hp_thomas_dill_no_c2_k20_lcTrue;kmerseek.hp_thomas_dill_no_c2_k21_lcTrue;kmerseek.hp_thomas_dill_no_c2_k22_lcTrue;kmerseek.hp_thomas_dill_no_c2_k23_lcTrue;kmerseek.hp_thomas_dill_no_c2_k24_lcTrue;kmerseek.hp_thomas_dill_no_c2_k25_lcTrue;kmerseek.hp_thomas_dill_no_c2_k26_lcTrue;kmerseek.hp_thomas_dill_no_c2_k27_lcTrue;kmerseek.hp_thomas_dill_no_c2_k28_lcTrue;kmerseek.hp_thomas_dill_no_c2_k29_lcTrue;kmerseek.hp_thomas_dill_no_c2_k30_lcTrue;kmerseek.polarity4_k10_lcTrue,18,34,52.9,PF00008,100.0,false,,89.7,0.0,0.0,false,"criteria 5 and 3 loosened (structure tool inside, lower IoU)",0.842,"inside, lower IoU",0.821,"inside, lower IoU",0.464,spills,0.889,"inside, lower IoU",1.0,equal or higher IoU,1.0,equal or higher IoU
ZSCAN26,Q16670,ZN_FING,C2H2-type 3,ZN_FING,310,332,23,held out,mouse,100,A2A761,kmerseek.hp_thomas_dill_no_c2_k19_lcTrue,0.84,0.913,0.913,kmerseek.hp_lehninger2_k18_lcTrue,0.913,61,18,kmerseek.dayhoff6_k10_lcTrue;kmerseek.dayhoff6_k8_lcTrue;kmerseek.dayhoff6_k9_lcTrue;kmerseek.funcgroups8_k7_lcTrue;kmerseek.gbmr4_k12_lcTrue;kmerseek.gbmr4_k13_lcTrue;kmerseek.gbmr7_k11_lcTrue;kmerseek.gbmr7_k12_lcTrue;kmerseek.hp_lehninger2_k18_lcTrue;kmerseek.hp_lehninger2_k19_lcTrue;kmerseek.hp_lehninger_c_nonpolar2_k18_lcTrue;kmerseek.hp_lehninger_c_nonpolar2_k19_lcTrue;kmerseek.hp_lehninger_c_nonpolar2_k20_lcTrue;kmerseek.hp_lehninger_hpc3_k16_lcTrue;kmerseek.hp_lehninger_hpc3_k17_lcTrue;kmerseek.hp_pbotc_1st_ed2_k18_lcTrue;kmerseek.hp_pbotc_1st_ed2_k19_lcTrue;kmerseek.hp_pbotc_1st_ed2_k20_lcTrue;kmerseek.hp_pbotc_1st_ed2_k21_lcTrue;kmerseek.hp_pbotc_1st_ed2_k22_lcTrue;kmerseek.hp_pbotc_1st_ed2_k23_lcTrue;kmerseek.hp_thomas_dill2_k19_lcTrue;kmerseek.hp_thomas_dill2_k20_lcTrue;kmerseek.hp_thomas_dill2_k21_lcTrue;kmerseek.hp_thomas_dill2_k22_lcTrue;kmerseek.hp_thomas_dill2_k23_lcTrue;kmerseek.hp_thomas_dill_no_c2_k19_lcTrue;kmerseek.hp_thomas_dill_no_c2_k20_lcTrue;kmerseek.hp_thomas_dill_no_c2_k21_lcTrue;kmerseek.hp_thomas_dill_no_c2_k22_lcTrue;kmerseek.hp_thomas_dill_no_c2_k23_lcTrue;kmerseek.hsdm17_k5_lcTrue;kmerseek.hsdm17_k6_lcTrue;kmerseek.hsdm17_k7_lcTrue;kmerseek.mmseqs12_k10_lcTrue;kmerseek.mmseqs12_k5_lcTrue;kmerseek.mmseqs12_k6_lcTrue;kmerseek.mmseqs12_k7_lcTrue;kmerseek.mmseqs12_k8_lcTrue;kmerseek.mmseqs12_k9_lcTrue;kmerseek.polarity4_k10_lcTrue;kmerseek.polarity4_k11_lcTrue;kmerseek.polarity4_k12_lcTrue;kmerseek.protein20_k5_lcTrue;kmerseek.protein20_k6_lcTrue;kmerseek.protein20_k7_lcTrue;kmerseek.sdm12_k6_lcTrue;kmerseek.sdm12_k7_lcTrue;kmerseek.uniprot18_k5_lcTrue;kmerseek.uniprot18_k6_lcTrue;kmerseek.uniprot18_k7_lcTrue;kmerseek.uniprot18_k8_lcTrue;kmerseek.uniprot18_k9_lcTrue;kmerseek.wass14_k5_lcTrue;kmerseek.wass14_k6_lcTrue;kmerseek.wass14_k7_lcTrue;kmerseek.wwmj5_k11_lcTrue;kmerseek.wwmj5_k12_lcTrue;kmerseek.wwmj5_k13_lcTrue;kmerseek.wwmj5_k8_lcTrue;kmerseek.wwmj5_k9_lcTrue,13,23,56.5,PF00096,100.0,false,,84.2,0.0,0.0,false,criterion 5 loosened (mouse allowed),0.197,spills,0.185,spills,0.299,spills,0.958,equal or higher IoU,0.852,equal or higher IoU,0.489,spills
WDR27,A2RRH5,REPEAT,WD 3,REPEAT,112,151,40,composition,mouse,100,Q8C5V5,kmerseek.hp_kyte_doolittle2_k19_lcTrue,0.825,1.0,0.825,kmerseek.hp_pbotc_1st_ed2_k18_lcTrue,0.825,61,7,kmerseek.hp_kyte_doolittle2_k19_lcTrue;kmerseek.hp_kyte_doolittle2_k20_lcTrue;kmerseek.hp_kyte_doolittle2_k21_lcTrue;kmerseek.hp_kyte_doolittle2_k22_lcTrue;kmerseek.hp_kyte_doolittle2_k23_lcTrue;kmerseek.hp_kyte_doolittle2_k24_lcTrue;kmerseek.hp_kyte_doolittle2_k25_lcTrue;kmerseek.hp_kyte_doolittle2_k26_lcTrue;kmerseek.hp_kyte_doolittle2_k27_lcTrue;kmerseek.hp_kyte_doolittle2_k28_lcTrue;kmerseek.hp_kyte_doolittle2_k29_lcTrue;kmerseek.hp_kyte_doolittle2_k30_lcTrue;kmerseek.hp_lehninger2_k18_lcTrue;kmerseek.hp_lehninger2_k19_lcTrue;kmerseek.hp_lehninger2_k20_lcTrue;kmerseek.hp_lehninger2_k21_lcTrue;kmerseek.hp_lehninger2_k22_lcTrue;kmerseek.hp_lehninger_c_nonpolar2_k18_lcTrue;kmerseek.hp_lehninger_c_nonpolar2_k19_lcTrue;kmerseek.hp_lehninger_c_nonpolar2_k20_lcTrue;kmerseek.hp_lehninger_hpc3_k16_lcTrue;kmerseek.hp_lehninger_hpc3_k17_lcTrue;kmerseek.hp_lehninger_hpc3_k18_lcTrue;kmerseek.hp_lehninger_hpc3_k19_lcTrue;kmerseek.hp_lehninger_hpc3_k20_lcTrue;kmerseek.hp_pbotc_1st_ed2_k18_lcTrue;kmerseek.hp_pbotc_1st_ed2_k19_lcTrue;kmerseek.hp_pbotc_1st_ed2_k20_lcTrue;kmerseek.hp_pbotc_1st_ed2_k21_lcTrue;kmerseek.hp_pbotc_1st_ed2_k22_lcTrue;kmerseek.hp_pbotc_1st_ed2_k23_lcTrue;kmerseek.hp_pbotc_1st_ed2_k24_lcTrue;kmerseek.hp_pbotc_1st_ed2_k25_lcTrue;kmerseek.hp_pbotc_1st_ed2_k26_lcTrue;kmerseek.hp_pbotc_1st_ed2_k27_lcTrue;kmerseek.hp_pbotc_1st_ed2_k28_lcTrue;kmerseek.hp_pbotc_1st_ed2_k29_lcTrue;kmerseek.hp_thomas_dill2_k19_lcTrue;kmerseek.hp_thomas_dill2_k20_lcTrue;kmerseek.hp_thomas_dill2_k21_lcTrue;kmerseek.hp_thomas_dill2_k22_lcTrue;kmerseek.hp_thomas_dill2_k23_lcTrue;kmerseek.hp_thomas_dill2_k24_lcTrue;kmerseek.hp_thomas_dill2_k25_lcTrue;kmerseek.hp_thomas_dill2_k26_lcTrue;kmerseek.hp_thomas_dill2_k27_lcTrue;kmerseek.hp_thomas_dill2_k28_lcTrue;kmerseek.hp_thomas_dill2_k29_lcTrue;kmerseek.hp_thomas_dill2_k30_lcTrue;kmerseek.hp_thomas_dill_no_c2_k19_lcTrue;kmerseek.hp_thomas_dill_no_c2_k20_lcTrue;kmerseek.hp_thomas_dill_no_c2_k21_lcTrue;kmerseek.hp_thomas_dill_no_c2_k22_lcTrue;kmerseek.hp_thomas_dill_no_c2_k23_lcTrue;kmerseek.hp_thomas_dill_no_c2_k24_lcTrue;kmerseek.hp_thomas_dill_no_c2_k25_lcTrue;kmerseek.hp_thomas_dill_no_c2_k26_lcTrue;kmerseek.hp_thomas_dill_no_c2_k27_lcTrue;kmerseek.hp_thomas_dill_no_c2_k28_lcTrue;kmerseek.hp_thomas_dill_no_c2_k29_lcTrue;kmerseek.hp_thomas_dill_no_c2_k30_lcTrue,24,33,72.7,,,false,,93.2,0.0,0.0,false,criterion 5 loosened (mouse allowed),0.185,spills,0.247,spills,0.31,spills,0.366,spills,0.37,spills,0.299,spills
MYO6,Q9UM54,REGION,Responsible for slow ATPase activity,REGION (named),273,317,45,composition,mouse,100,Q64331,kmerseek.hp_thomas_dill2_k19_lcTrue,0.698,0.822,0.822,kmerseek.hp_kyte_doolittle2_k19_lcTrue,0.622,60,11,kmerseek.gbmr4_k13_lcTrue;kmerseek.gbmr4_k16_lcTrue;kmerseek.gbmr7_k11_lcTrue;kmerseek.gbmr7_k12_lcTrue;kmerseek.gbmr7_k13_lcTrue;kmerseek.gbmr7_k14_lcTrue;kmerseek.gbmr7_k15_lcTrue;kmerseek.hp_kyte_doolittle2_k19_lcTrue;kmerseek.hp_kyte_doolittle2_k20_lcTrue;kmerseek.hp_kyte_doolittle2_k21_lcTrue;kmerseek.hp_kyte_doolittle2_k22_lcTrue;kmerseek.hp_kyte_doolittle2_k23_lcTrue;kmerseek.hp_kyte_doolittle2_k24_lcTrue;kmerseek.hp_kyte_doolittle2_k25_lcTrue;kmerseek.hp_kyte_doolittle2_k26_lcTrue;kmerseek.hp_kyte_doolittle2_k27_lcTrue;kmerseek.hp_kyte_doolittle2_k28_lcTrue;kmerseek.hp_lehninger2_k18_lcTrue;kmerseek.hp_lehninger2_k19_lcTrue;kmerseek.hp_lehninger2_k20_lcTrue;kmerseek.hp_lehninger_hpc3_k16_lcTrue;kmerseek.hp_lehninger_hpc3_k17_lcTrue;kmerseek.hp_pbotc_1st_ed2_k18_lcTrue;kmerseek.hp_pbotc_1st_ed2_k19_lcTrue;kmerseek.hp_pbotc_1st_ed2_k20_lcTrue;kmerseek.hp_pbotc_1st_ed2_k21_lcTrue;kmerseek.hp_pbotc_1st_ed2_k22_lcTrue;kmerseek.hp_pbotc_1st_ed2_k23_lcTrue;kmerseek.hp_thomas_dill2_k19_lcTrue;kmerseek.hp_thomas_dill2_k20_lcTrue;kmerseek.hp_thomas_dill2_k21_lcTrue;kmerseek.hp_thomas_dill2_k22_lcTrue;kmerseek.hp_thomas_dill2_k23_lcTrue;kmerseek.hp_thomas_dill_no_c2_k19_lcTrue;kmerseek.hp_thomas_dill_no_c2_k20_lcTrue;kmerseek.hp_thomas_dill_no_c2_k21_lcTrue;kmerseek.hp_thomas_dill_no_c2_k22_lcTrue;kmerseek.hp_thomas_dill_no_c2_k23_lcTrue;kmerseek.hp_thomas_dill_no_c2_k24_lcTrue;kmerseek.hsdm17_k10_lcTrue;kmerseek.hsdm17_k11_lcTrue;kmerseek.hsdm17_k12_lcTrue;kmerseek.hsdm17_k13_lcTrue;kmerseek.hsdm17_k14_lcTrue;kmerseek.hsdm17_k5_lcTrue;kmerseek.hsdm17_k6_lcTrue;kmerseek.hsdm17_k7_lcTrue;kmerseek.hsdm17_k8_lcTrue;kmerseek.hsdm17_k9_lcTrue;kmerseek.polarity4_k10_lcTrue;kmerseek.polarity4_k11_lcTrue;kmerseek.polarity4_k12_lcTrue;kmerseek.polarity4_k13_lcTrue;kmerseek.polarity4_k14_lcTrue;kmerseek.polarity4_k15_lcTrue;kmerseek.polarity4_k16_lcTrue;kmerseek.polarity4_k17_lcTrue;kmerseek.polarity4_k18_lcTrue;kmerseek.polarity4_k19_lcTrue;kmerseek.wwmj5_k8_lcTrue,39,45,86.7,PF00063,85.5,false,,90.3,0.0,0.0,false,criterion 5 loosened (mouse allowed),0.188,spills,0.184,spills,0.409,spills,0.065,spills,0.068,spills,0.07,spills
ZKSCAN4,Q969J2,ZN_FING,C2H2-type 6,ZN_FING,487,509,23,held out,mouse,100,P10077,kmerseek.hp_thomas_dill_no_c2_k19_lcTrue,0.778,0.84,0.913,kmerseek.gbmr4_k15_lcTrue,1.0,59,9,kmerseek.gbmr4_k12_lcTrue;kmerseek.gbmr4_k13_lcTrue;kmerseek.gbmr4_k14_lcTrue;kmerseek.gbmr4_k15_lcTrue;kmerseek.gbmr4_k16_lcTrue;kmerseek.gbmr4_k17_lcTrue;kmerseek.gbmr4_k18_lcTrue;kmerseek.gbmr4_k19_lcTrue;kmerseek.gbmr4_k20_lcTrue;kmerseek.gbmr4_k21_lcTrue;kmerseek.hp_kyte_doolittle2_k19_lcTrue;kmerseek.hp_kyte_doolittle2_k20_lcTrue;kmerseek.hp_kyte_doolittle2_k21_lcTrue;kmerseek.hp_kyte_doolittle2_k22_lcTrue;kmerseek.hp_kyte_doolittle2_k23_lcTrue;kmerseek.hp_kyte_doolittle2_k24_lcTrue;kmerseek.hp_lehninger2_k18_lcTrue;kmerseek.hp_lehninger2_k19_lcTrue;kmerseek.hp_lehninger2_k20_lcTrue;kmerseek.hp_lehninger2_k21_lcTrue;kmerseek.hp_lehninger2_k22_lcTrue;kmerseek.hp_lehninger2_k23_lcTrue;kmerseek.hp_lehninger2_k24_lcTrue;kmerseek.hp_lehninger2_k25_lcTrue;kmerseek.hp_lehninger_c_nonpolar2_k18_lcTrue;kmerseek.hp_lehninger_c_nonpolar2_k19_lcTrue;kmerseek.hp_lehninger_c_nonpolar2_k20_lcTrue;kmerseek.hp_lehninger_c_nonpolar2_k21_lcTrue;kmerseek.hp_lehninger_c_nonpolar2_k22_lcTrue;kmerseek.hp_lehninger_hpc3_k16_lcTrue;kmerseek.hp_lehninger_hpc3_k17_lcTrue;kmerseek.hp_lehninger_hpc3_k18_lcTrue;kmerseek.hp_lehninger_hpc3_k19_lcTrue;kmerseek.hp_lehninger_hpc3_k20_lcTrue;kmerseek.hp_lehninger_hpc3_k21_lcTrue;kmerseek.hp_lehninger_hpc3_k22_lcTrue;kmerseek.hp_pbotc_1st_ed2_k18_lcTrue;kmerseek.hp_pbotc_1st_ed2_k19_lcTrue;kmerseek.hp_pbotc_1st_ed2_k20_lcTrue;kmerseek.hp_pbotc_1st_ed2_k21_lcTrue;kmerseek.hp_pbotc_1st_ed2_k22_lcTrue;kmerseek.hp_pbotc_1st_ed2_k23_lcTrue;kmerseek.hp_thomas_dill2_k19_lcTrue;kmerseek.hp_thomas_dill2_k20_lcTrue;kmerseek.hp_thomas_dill2_k21_lcTrue;kmerseek.hp_thomas_dill2_k22_lcTrue;kmerseek.hp_thomas_dill2_k23_lcTrue;kmerseek.hp_thomas_dill2_k24_lcTrue;kmerseek.hp_thomas_dill_no_c2_k19_lcTrue;kmerseek.hp_thomas_dill_no_c2_k20_lcTrue;kmerseek.hp_thomas_dill_no_c2_k21_lcTrue;kmerseek.hp_thomas_dill_no_c2_k22_lcTrue;kmerseek.hp_thomas_dill_no_c2_k23_lcTrue;kmerseek.hp_thomas_dill_no_c2_k24_lcTrue;kmerseek.wwmj5_k10_lcTrue;kmerseek.wwmj5_k11_lcTrue;kmerseek.wwmj5_k12_lcTrue;kmerseek.wwmj5_k8_lcTrue;kmerseek.wwmj5_k9_lcTrue,14,25,56.0,PF00096,90.4,false,,85.0,0.0,0.0,false,criterion 5 loosened (mouse allowed),0.114,spills,0.109,spills,0.411,spills,0.667,"inside, lower IoU",0.139,spills,0.885,equal or higher IoU
OR5V1,Q9UGF6,TRANSMEM,Helical; Name=2,TRANSMEM,55,75,21,composition,mouse,100,Q8VFT4,kmerseek.hp_lehninger_c_nonpolar2_k18_lcTrue,0.955,0.955,1.0,kmerseek.hp_pbotc_1st_ed2_k18_lcTrue,0.955,58,13,kmerseek.dayhoff6_k10_lcTrue;kmerseek.dayhoff6_k11_lcTrue;kmerseek.dayhoff6_k12_lcTrue;kmerseek.dayhoff6_k13_lcTrue;kmerseek.dayhoff6_k14_lcTrue;kmerseek.dayhoff6_k15_lcTrue;kmerseek.dayhoff6_k16_lcTrue;kmerseek.dayhoff6_k17_lcTrue;kmerseek.dayhoff6_k8_lcTrue;kmerseek.dayhoff6_k9_lcTrue;kmerseek.funcgroups8_k10_lcTrue;kmerseek.funcgroups8_k7_lcTrue;kmerseek.funcgroups8_k8_lcTrue;kmerseek.funcgroups8_k9_lcTrue;kmerseek.gbmr4_k12_lcTrue;kmerseek.gbmr4_k13_lcTrue;kmerseek.gbmr4_k14_lcTrue;kmerseek.gbmr7_k11_lcTrue;kmerseek.gbmr7_k12_lcTrue;kmerseek.gbmr7_k13_lcTrue;kmerseek.gbmr7_k14_lcTrue;kmerseek.hp_lehninger2_k18_lcTrue;kmerseek.hp_lehninger2_k19_lcTrue;kmerseek.hp_lehninger2_k20_lcTrue;kmerseek.hp_lehninger_c_nonpolar2_k18_lcTrue;kmerseek.hp_lehninger_c_nonpolar2_k19_lcTrue;kmerseek.hp_lehninger_c_nonpolar2_k20_lcTrue;kmerseek.hp_lehninger_hpc3_k16_lcTrue;kmerseek.hp_lehninger_hpc3_k17_lcTrue;kmerseek.hp_lehninger_hpc3_k18_lcTrue;kmerseek.hp_lehninger_hpc3_k19_lcTrue;kmerseek.hp_pbotc_1st_ed2_k18_lcTrue;kmerseek.hp_pbotc_1st_ed2_k19_lcTrue;kmerseek.hp_pbotc_1st_ed2_k20_lcTrue;kmerseek.hp_pbotc_1st_ed2_k21_lcTrue;kmerseek.hp_pbotc_1st_ed2_k22_lcTrue;kmerseek.hp_pbotc_1st_ed2_k23_lcTrue;kmerseek.hp_thomas_dill2_k19_lcTrue;kmerseek.hp_thomas_dill2_k20_lcTrue;kmerseek.hp_thomas_dill2_k21_lcTrue;kmerseek.hp_thomas_dill2_k22_lcTrue;kmerseek.hp_thomas_dill2_k23_lcTrue;kmerseek.hp_thomas_dill_no_c2_k19_lcTrue;kmerseek.hp_thomas_dill_no_c2_k20_lcTrue;kmerseek.hp_thomas_dill_no_c2_k21_lcTrue;kmerseek.hp_thomas_dill_no_c2_k22_lcTrue;kmerseek.mmseqs12_k5_lcTrue;kmerseek.mmseqs12_k6_lcTrue;kmerseek.mmseqs12_k7_lcTrue;kmerseek.sdm12_k6_lcTrue;kmerseek.sdm12_k7_lcTrue;kmerseek.wwmj5_k10_lcTrue;kmerseek.wwmj5_k11_lcTrue;kmerseek.wwmj5_k12_lcTrue;kmerseek.wwmj5_k13_lcTrue;kmerseek.wwmj5_k14_lcTrue;kmerseek.wwmj5_k8_lcTrue;kmerseek.wwmj5_k9_lcTrue,13,22,59.1,PF13853,84.1,false,,94.2,0.0,0.0,false,criterion 5 loosened (mouse allowed),0.07,spills,0.07,spills,0.442,spills,0.356,spills,0.071,spills,0.072,spills
ZKSCAN4,Q969J2,ZN_FING,C2H2-type 7,ZN_FING,515,537,23,held out,mouse,100,Q07230,kmerseek.hp_thomas_dill_no_c2_k19_lcTrue,0.852,0.852,1.0,kmerseek.hp_kyte_doolittle2_k20_lcTrue,0.958,57,13,kmerseek.dayhoff6_k10_lcTrue;kmerseek.dayhoff6_k8_lcTrue;kmerseek.dayhoff6_k9_lcTrue;kmerseek.funcgroups8_k10_lcTrue;kmerseek.funcgroups8_k7_lcTrue;kmerseek.funcgroups8_k8_lcTrue;kmerseek.funcgroups8_k9_lcTrue;kmerseek.gbmr4_k12_lcTrue;kmerseek.gbmr4_k13_lcTrue;kmerseek.gbmr4_k14_lcTrue;kmerseek.gbmr4_k15_lcTrue;kmerseek.gbmr4_k16_lcTrue;kmerseek.gbmr4_k17_lcTrue;kmerseek.hp_kyte_doolittle2_k19_lcTrue;kmerseek.hp_kyte_doolittle2_k20_lcTrue;kmerseek.hp_kyte_doolittle2_k21_lcTrue;kmerseek.hp_kyte_doolittle2_k22_lcTrue;kmerseek.hp_kyte_doolittle2_k23_lcTrue;kmerseek.hp_kyte_doolittle2_k24_lcTrue;kmerseek.hp_lehninger2_k18_lcTrue;kmerseek.hp_lehninger2_k19_lcTrue;kmerseek.hp_lehninger2_k20_lcTrue;kmerseek.hp_lehninger2_k21_lcTrue;kmerseek.hp_lehninger2_k22_lcTrue;kmerseek.hp_lehninger2_k23_lcTrue;kmerseek.hp_lehninger2_k24_lcTrue;kmerseek.hp_lehninger_c_nonpolar2_k18_lcTrue;kmerseek.hp_lehninger_c_nonpolar2_k19_lcTrue;kmerseek.hp_lehninger_c_nonpolar2_k20_lcTrue;kmerseek.hp_lehninger_c_nonpolar2_k21_lcTrue;kmerseek.hp_lehninger_c_nonpolar2_k22_lcTrue;kmerseek.hp_lehninger_c_nonpolar2_k23_lcTrue;kmerseek.hp_lehninger_c_nonpolar2_k24_lcTrue;kmerseek.hp_lehninger_hpc3_k16_lcTrue;kmerseek.hp_lehninger_hpc3_k17_lcTrue;kmerseek.hp_lehninger_hpc3_k18_lcTrue;kmerseek.hp_lehninger_hpc3_k19_lcTrue;kmerseek.hp_lehninger_hpc3_k20_lcTrue;kmerseek.hp_lehninger_hpc3_k21_lcTrue;kmerseek.hp_lehninger_hpc3_k22_lcTrue;kmerseek.hp_lehninger_hpc3_k23_lcTrue;kmerseek.hp_lehninger_hpc3_k24_lcTrue;kmerseek.hp_pbotc_1st_ed2_k18_lcTrue;kmerseek.hp_pbotc_1st_ed2_k19_lcTrue;kmerseek.hp_thomas_dill2_k19_lcTrue;kmerseek.hp_thomas_dill_no_c2_k19_lcTrue;kmerseek.mmseqs12_k10_lcTrue;kmerseek.mmseqs12_k7_lcTrue;kmerseek.mmseqs12_k8_lcTrue;kmerseek.mmseqs12_k9_lcTrue;kmerseek.polarity4_k10_lcTrue;kmerseek.polarity4_k11_lcTrue;kmerseek.polarity4_k12_lcTrue;kmerseek.polarity4_k13_lcTrue;kmerseek.sdm12_k10_lcTrue;kmerseek.sdm12_k8_lcTrue;kmerseek.sdm12_k9_lcTrue,14,27,51.9,PF00096,100.0,false,,86.8,0.0,0.13,false,criterion 5 loosened (mouse allowed),0.114,spills,0.103,spills,0.212,spills,0.793,"inside, lower IoU",0.122,spills,1.0,equal or higher IoU
KCNK17,Q96T54,INTRAMEM,Pore-forming; Name=Pore-forming 1,INTRAMEM,106,124,19,composition,mouse,100,Q8CFS6,kmerseek.mmseqs12_k7_lcTrue,0.526,1.0,0.526,kmerseek.gbmr4_k12_lcTrue,0.947,56,11,kmerseek.dayhoff6_k10_lcTrue;kmerseek.dayhoff6_k11_lcTrue;kmerseek.dayhoff6_k12_lcTrue;kmerseek.dayhoff6_k13_lcTrue;kmerseek.dayhoff6_k14_lcTrue;kmerseek.dayhoff6_k15_lcTrue;kmerseek.dayhoff6_k16_lcTrue;kmerseek.dayhoff6_k17_lcTrue;kmerseek.dayhoff6_k8_lcTrue;kmerseek.dayhoff6_k9_lcTrue;kmerseek.funcgroups8_k10_lcTrue;kmerseek.funcgroups8_k11_lcTrue;kmerseek.funcgroups8_k12_lcTrue;kmerseek.funcgroups8_k13_lcTrue;kmerseek.funcgroups8_k14_lcTrue;kmerseek.funcgroups8_k7_lcTrue;kmerseek.funcgroups8_k8_lcTrue;kmerseek.funcgroups8_k9_lcTrue;kmerseek.gbmr4_k12_lcTrue;kmerseek.gbmr4_k13_lcTrue;kmerseek.gbmr4_k14_lcTrue;kmerseek.gbmr4_k15_lcTrue;kmerseek.gbmr4_k16_lcTrue;kmerseek.gbmr4_k17_lcTrue;kmerseek.gbmr4_k18_lcTrue;kmerseek.gbmr4_k19_lcTrue;kmerseek.hp_lehninger_hpc3_k16_lcTrue;kmerseek.hp_lehninger_hpc3_k17_lcTrue;kmerseek.hsdm17_k5_lcTrue;kmerseek.hsdm17_k6_lcTrue;kmerseek.hsdm17_k7_lcTrue;kmerseek.mmseqs12_k5_lcTrue;kmerseek.mmseqs12_k6_lcTrue;kmerseek.mmseqs12_k7_lcTrue;kmerseek.mmseqs12_k8_lcTrue;kmerseek.mmseqs12_k9_lcTrue;kmerseek.protein20_k5_lcTrue;kmerseek.protein20_k6_lcTrue;kmerseek.sdm12_k10_lcTrue;kmerseek.sdm12_k11_lcTrue;kmerseek.sdm12_k12_lcTrue;kmerseek.sdm12_k13_lcTrue;kmerseek.sdm12_k14_lcTrue;kmerseek.sdm12_k6_lcTrue;kmerseek.sdm12_k7_lcTrue;kmerseek.sdm12_k8_lcTrue;kmerseek.sdm12_k9_lcTrue;kmerseek.uniprot18_k5_lcTrue;kmerseek.uniprot18_k6_lcTrue;kmerseek.wass14_k5_lcTrue;kmerseek.wass14_k6_lcTrue;kmerseek.wwmj5_k10_lcTrue;kmerseek.wwmj5_k11_lcTrue;kmerseek.wwmj5_k12_lcTrue;kmerseek.wwmj5_k8_lcTrue;kmerseek.wwmj5_k9_lcTrue,5,10,50.0,PF07885,60.7,false,,90.3,0.0,0.0,false,criterion 5 loosened (mouse allowed),0.118,spills,0.147,spills,0.128,spills,0.704,equal or higher IoU,0.528,equal or higher IoU,0.704,equal or higher IoU
ZKSCAN3,Q9BRR0,ZN_FING,C2H2-type 4,ZN_FING,398,420,23,held out,mouse,100,P10077,kmerseek.hp_thomas_dill_no_c2_k19_lcTrue,0.778,0.84,0.913,kmerseek.hp_thomas_dill2_k19_lcTrue,1.0,54,16,kmerseek.dayhoff6_k8_lcTrue;kmerseek.dayhoff6_k9_lcTrue;kmerseek.funcgroups8_k7_lcTrue;kmerseek.funcgroups8_k8_lcTrue;kmerseek.gbmr4_k12_lcTrue;kmerseek.gbmr4_k13_lcTrue;kmerseek.gbmr4_k14_lcTrue;kmerseek.gbmr4_k15_lcTrue;kmerseek.gbmr4_k16_lcTrue;kmerseek.gbmr4_k17_lcTrue;kmerseek.gbmr4_k18_lcTrue;kmerseek.gbmr4_k19_lcTrue;kmerseek.gbmr4_k20_lcTrue;kmerseek.hp_kyte_doolittle2_k19_lcTrue;kmerseek.hp_kyte_doolittle2_k20_lcTrue;kmerseek.hp_lehninger2_k18_lcTrue;kmerseek.hp_lehninger2_k19_lcTrue;kmerseek.hp_lehninger2_k20_lcTrue;kmerseek.hp_lehninger2_k21_lcTrue;kmerseek.hp_lehninger2_k22_lcTrue;kmerseek.hp_lehninger_c_nonpolar2_k18_lcTrue;kmerseek.hp_lehninger_c_nonpolar2_k19_lcTrue;kmerseek.hp_lehninger_c_nonpolar2_k20_lcTrue;kmerseek.hp_pbotc_1st_ed2_k18_lcTrue;kmerseek.hp_pbotc_1st_ed2_k19_lcTrue;kmerseek.hp_pbotc_1st_ed2_k20_lcTrue;kmerseek.hp_thomas_dill2_k19_lcTrue;kmerseek.hp_thomas_dill2_k20_lcTrue;kmerseek.hp_thomas_dill2_k21_lcTrue;kmerseek.hp_thomas_dill2_k22_lcTrue;kmerseek.hp_thomas_dill2_k23_lcTrue;kmerseek.hp_thomas_dill_no_c2_k19_lcTrue;kmerseek.hp_thomas_dill_no_c2_k20_lcTrue;kmerseek.hp_thomas_dill_no_c2_k21_lcTrue;kmerseek.hp_thomas_dill_no_c2_k22_lcTrue;kmerseek.hp_thomas_dill_no_c2_k23_lcTrue;kmerseek.hp_thomas_dill_no_c2_k24_lcTrue;kmerseek.hsdm17_k6_lcTrue;kmerseek.hsdm17_k7_lcTrue;kmerseek.mmseqs12_k5_lcTrue;kmerseek.mmseqs12_k6_lcTrue;kmerseek.mmseqs12_k7_lcTrue;kmerseek.mmseqs12_k8_lcTrue;kmerseek.mmseqs12_k9_lcTrue;kmerseek.polarity4_k10_lcTrue;kmerseek.polarity4_k11_lcTrue;kmerseek.polarity4_k12_lcTrue;kmerseek.protein20_k5_lcTrue;kmerseek.sdm12_k6_lcTrue;kmerseek.uniprot18_k5_lcTrue;kmerseek.wwmj5_k10_lcTrue;kmerseek.wwmj5_k11_lcTrue;kmerseek.wwmj5_k12_lcTrue;kmerseek.wwmj5_k9_lcTrue,16,25,64.0,PF00096,100.0,false,,84.5,0.0,0.0,false,criterion 5 loosened (mouse allowed),0.154,spills,0.161,spills,0.245,spills,0.885,equal or higher IoU,0.559,"inside, lower IoU",0.852,equal or higher IoU
DLL1,O00548,DOMAIN,DSL,DOMAIN,177,221,45,held out,mouse,100,Q61483,kmerseek.hp_thomas_dill_no_c2_k19_lcTrue,0.717,0.971,0.733,kmerseek.hsdm17_k10_lcTrue,0.592,52,7,kmerseek.hp_lehninger2_k18_lcTrue;kmerseek.hp_lehninger_c_nonpolar2_k18_lcTrue;kmerseek.hp_lehninger_c_nonpolar2_k19_lcTrue;kmerseek.hp_lehninger_c_nonpolar2_k20_lcTrue;kmerseek.hp_lehninger_c_nonpolar2_k21_lcTrue;kmerseek.hp_thomas_dill_no_c2_k19_lcTrue;kmerseek.hp_thomas_dill_no_c2_k20_lcTrue;kmerseek.hp_thomas_dill_no_c2_k21_lcTrue;kmerseek.hp_thomas_dill_no_c2_k22_lcTrue;kmerseek.hp_thomas_dill_no_c2_k23_lcTrue;kmerseek.hp_thomas_dill_no_c2_k24_lcTrue;kmerseek.hp_thomas_dill_no_c2_k25_lcTrue;kmerseek.hp_thomas_dill_no_c2_k26_lcTrue;kmerseek.hsdm17_k10_lcTrue;kmerseek.hsdm17_k11_lcTrue;kmerseek.hsdm17_k12_lcTrue;kmerseek.hsdm17_k13_lcTrue;kmerseek.hsdm17_k14_lcTrue;kmerseek.hsdm17_k5_lcTrue;kmerseek.hsdm17_k6_lcTrue;kmerseek.hsdm17_k7_lcTrue;kmerseek.hsdm17_k8_lcTrue;kmerseek.hsdm17_k9_lcTrue;kmerseek.protein20_k10_lcTrue;kmerseek.protein20_k11_lcTrue;kmerseek.protein20_k12_lcTrue;kmerseek.protein20_k13_lcTrue;kmerseek.protein20_k5_lcTrue;kmerseek.protein20_k6_lcTrue;kmerseek.protein20_k7_lcTrue;kmerseek.protein20_k8_lcTrue;kmerseek.protein20_k9_lcTrue;kmerseek.uniprot18_k10_lcTrue;kmerseek.uniprot18_k11_lcTrue;kmerseek.uniprot18_k12_lcTrue;kmerseek.uniprot18_k13_lcTrue;kmerseek.uniprot18_k14_lcTrue;kmerseek.uniprot18_k5_lcTrue;kmerseek.uniprot18_k6_lcTrue;kmerseek.uniprot18_k7_lcTrue;kmerseek.uniprot18_k8_lcTrue;kmerseek.uniprot18_k9_lcTrue;kmerseek.wass14_k10_lcTrue;kmerseek.wass14_k11_lcTrue;kmerseek.wass14_k12_lcTrue;kmerseek.wass14_k13_lcTrue;kmerseek.wass14_k14_lcTrue;kmerseek.wass14_k5_lcTrue;kmerseek.wass14_k6_lcTrue;kmerseek.wass14_k7_lcTrue;kmerseek.wass14_k8_lcTrue;kmerseek.wass14_k9_lcTrue,30,34,88.2,PF01414,100.0,false,,94.6,0.0,0.0,false,"criteria 5 and 3 loosened (structure tool inside, lower IoU)",0.441,spills,0.6,"inside, lower IoU",0.692,"inside, lower IoU",0.738,equal or higher IoU,0.41,spills,0.75,equal or higher IoU
ZSCAN16,Q9H4T2,ZN_FING,C2H2-type 3,ZN_FING,292,314,23,held out,mouse,100,Q7TNU6,kmerseek.hp_thomas_dill_no_c2_k19_lcTrue,0.88,0.917,0.957,kmerseek.hp_lehninger_c_nonpolar2_k18_lcTrue,0.958,50,9,kmerseek.dayhoff6_k10_lcTrue;kmerseek.dayhoff6_k11_lcTrue;kmerseek.dayhoff6_k12_lcTrue;kmerseek.dayhoff6_k13_lcTrue;kmerseek.dayhoff6_k14_lcTrue;kmerseek.dayhoff6_k15_lcTrue;kmerseek.dayhoff6_k8_lcTrue;kmerseek.dayhoff6_k9_lcTrue;kmerseek.gbmr4_k12_lcTrue;kmerseek.gbmr4_k13_lcTrue;kmerseek.gbmr4_k14_lcTrue;kmerseek.gbmr4_k15_lcTrue;kmerseek.gbmr4_k16_lcTrue;kmerseek.hp_kyte_doolittle2_k19_lcTrue;kmerseek.hp_kyte_doolittle2_k20_lcTrue;kmerseek.hp_kyte_doolittle2_k21_lcTrue;kmerseek.hp_kyte_doolittle2_k22_lcTrue;kmerseek.hp_kyte_doolittle2_k23_lcTrue;kmerseek.hp_kyte_doolittle2_k24_lcTrue;kmerseek.hp_lehninger2_k18_lcTrue;kmerseek.hp_lehninger2_k19_lcTrue;kmerseek.hp_lehninger_c_nonpolar2_k18_lcTrue;kmerseek.hp_lehninger_c_nonpolar2_k19_lcTrue;kmerseek.hp_lehninger_c_nonpolar2_k20_lcTrue;kmerseek.hp_lehninger_c_nonpolar2_k21_lcTrue;kmerseek.hp_lehninger_c_nonpolar2_k22_lcTrue;kmerseek.hp_lehninger_hpc3_k16_lcTrue;kmerseek.hp_lehninger_hpc3_k17_lcTrue;kmerseek.hp_lehninger_hpc3_k18_lcTrue;kmerseek.hp_lehninger_hpc3_k19_lcTrue;kmerseek.hp_lehninger_hpc3_k20_lcTrue;kmerseek.hp_pbotc_1st_ed2_k18_lcTrue;kmerseek.hp_pbotc_1st_ed2_k19_lcTrue;kmerseek.hp_pbotc_1st_ed2_k20_lcTrue;kmerseek.hp_pbotc_1st_ed2_k21_lcTrue;kmerseek.hp_pbotc_1st_ed2_k22_lcTrue;kmerseek.hp_pbotc_1st_ed2_k23_lcTrue;kmerseek.hp_pbotc_1st_ed2_k24_lcTrue;kmerseek.hp_thomas_dill2_k19_lcTrue;kmerseek.hp_thomas_dill2_k20_lcTrue;kmerseek.hp_thomas_dill2_k21_lcTrue;kmerseek.hp_thomas_dill2_k22_lcTrue;kmerseek.hp_thomas_dill2_k23_lcTrue;kmerseek.hp_thomas_dill2_k24_lcTrue;kmerseek.hp_thomas_dill_no_c2_k19_lcTrue;kmerseek.hp_thomas_dill_no_c2_k20_lcTrue;kmerseek.hp_thomas_dill_no_c2_k21_lcTrue;kmerseek.hp_thomas_dill_no_c2_k22_lcTrue;kmerseek.hp_thomas_dill_no_c2_k23_lcTrue;kmerseek.hp_thomas_dill_no_c2_k24_lcTrue,15,24,62.5,PF00096,96.4,false,,84.9,0.0,0.0,false,criterion 5 loosened (mouse allowed),0.213,spills,0.213,spills,0.39,spills,0.92,equal or higher IoU,0.59,"inside, lower IoU",0.46,spills
ZKSCAN4,Q969J2,ZN_FING,C2H2-type 4,ZN_FING,404,426,23,held out,mouse,100,P10077,kmerseek.hp_thomas_dill_no_c2_k19_lcTrue,0.778,0.84,0.913,kmerseek.hp_thomas_dill2_k19_lcTrue,1.0,50,13,kmerseek.dayhoff6_k8_lcTrue;kmerseek.dayhoff6_k9_lcTrue;kmerseek.funcgroups8_k7_lcTrue;kmerseek.funcgroups8_k8_lcTrue;kmerseek.gbmr4_k12_lcTrue;kmerseek.gbmr4_k13_lcTrue;kmerseek.gbmr4_k14_lcTrue;kmerseek.gbmr4_k15_lcTrue;kmerseek.gbmr4_k16_lcTrue;kmerseek.gbmr4_k17_lcTrue;kmerseek.gbmr4_k18_lcTrue;kmerseek.gbmr4_k19_lcTrue;kmerseek.gbmr4_k20_lcTrue;kmerseek.hp_kyte_doolittle2_k19_lcTrue;kmerseek.hp_kyte_doolittle2_k20_lcTrue;kmerseek.hp_lehninger2_k18_lcTrue;kmerseek.hp_lehninger2_k19_lcTrue;kmerseek.hp_lehninger2_k20_lcTrue;kmerseek.hp_lehninger2_k21_lcTrue;kmerseek.hp_lehninger2_k22_lcTrue;kmerseek.hp_lehninger_c_nonpolar2_k18_lcTrue;kmerseek.hp_lehninger_c_nonpolar2_k19_lcTrue;kmerseek.hp_lehninger_c_nonpolar2_k20_lcTrue;kmerseek.hp_pbotc_1st_ed2_k18_lcTrue;kmerseek.hp_pbotc_1st_ed2_k19_lcTrue;kmerseek.hp_pbotc_1st_ed2_k20_lcTrue;kmerseek.hp_thomas_dill2_k19_lcTrue;kmerseek.hp_thomas_dill2_k20_lcTrue;kmerseek.hp_thomas_dill2_k21_lcTrue;kmerseek.hp_thomas_dill2_k22_lcTrue;kmerseek.hp_thomas_dill2_k23_lcTrue;kmerseek.hp_thomas_dill_no_c2_k19_lcTrue;kmerseek.hp_thomas_dill_no_c2_k20_lcTrue;kmerseek.hp_thomas_dill_no_c2_k21_lcTrue;kmerseek.hp_thomas_dill_no_c2_k22_lcTrue;kmerseek.hp_thomas_dill_no_c2_k23_lcTrue;kmerseek.hp_thomas_dill_no_c2_k24_lcTrue;kmerseek.mmseqs12_k5_lcTrue;kmerseek.mmseqs12_k6_lcTrue;kmerseek.mmseqs12_k7_lcTrue;kmerseek.mmseqs12_k8_lcTrue;kmerseek.mmseqs12_k9_lcTrue;kmerseek.polarity4_k10_lcTrue;kmerseek.polarity4_k11_lcTrue;kmerseek.polarity4_k12_lcTrue;kmerseek.sdm12_k6_lcTrue;kmerseek.wwmj5_k10_lcTrue;kmerseek.wwmj5_k11_lcTrue;kmerseek.wwmj5_k12_lcTrue;kmerseek.wwmj5_k9_lcTrue,15,25,60.0,PF00096,100.0,false,,88.6,0.0,0.0,false,criterion 5 loosened (mouse allowed),0.24,spills,0.159,spills,0.333,spills,0.92,equal or higher IoU,0.852,equal or higher IoU,0.575,"inside, lower IoU"
WDR27,A2RRH5,REPEAT,WD 4,REPEAT,155,194,40,composition,mouse,100,Q8C5V5,kmerseek.hp_kyte_doolittle2_k19_lcTrue,0.725,1.0,0.725,kmerseek.hp_thomas_dill2_k19_lcTrue,0.725,47,7,kmerseek.hp_kyte_doolittle2_k19_lcTrue;kmerseek.hp_kyte_doolittle2_k20_lcTrue;kmerseek.hp_kyte_doolittle2_k21_lcTrue;kmerseek.hp_kyte_doolittle2_k22_lcTrue;kmerseek.hp_kyte_doolittle2_k23_lcTrue;kmerseek.hp_kyte_doolittle2_k24_lcTrue;kmerseek.hp_kyte_doolittle2_k25_lcTrue;kmerseek.hp_kyte_doolittle2_k26_lcTrue;kmerseek.hp_kyte_doolittle2_k27_lcTrue;kmerseek.hp_lehninger2_k18_lcTrue;kmerseek.hp_lehninger2_k19_lcTrue;kmerseek.hp_lehninger2_k20_lcTrue;kmerseek.hp_lehninger_c_nonpolar2_k18_lcTrue;kmerseek.hp_lehninger_c_nonpolar2_k19_lcTrue;kmerseek.hp_lehninger_c_nonpolar2_k20_lcTrue;kmerseek.hp_lehninger_c_nonpolar2_k21_lcTrue;kmerseek.hp_lehninger_c_nonpolar2_k22_lcTrue;kmerseek.hp_lehninger_hpc3_k16_lcTrue;kmerseek.hp_lehninger_hpc3_k17_lcTrue;kmerseek.hp_lehninger_hpc3_k18_lcTrue;kmerseek.hp_lehninger_hpc3_k19_lcTrue;kmerseek.hp_pbotc_1st_ed2_k18_lcTrue;kmerseek.hp_pbotc_1st_ed2_k19_lcTrue;kmerseek.hp_pbotc_1st_ed2_k20_lcTrue;kmerseek.hp_pbotc_1st_ed2_k21_lcTrue;kmerseek.hp_pbotc_1st_ed2_k22_lcTrue;kmerseek.hp_pbotc_1st_ed2_k23_lcTrue;kmerseek.hp_pbotc_1st_ed2_k24_lcTrue;kmerseek.hp_pbotc_1st_ed2_k25_lcTrue;kmerseek.hp_thomas_dill2_k19_lcTrue;kmerseek.hp_thomas_dill2_k20_lcTrue;kmerseek.hp_thomas_dill2_k21_lcTrue;kmerseek.hp_thomas_dill2_k22_lcTrue;kmerseek.hp_thomas_dill2_k23_lcTrue;kmerseek.hp_thomas_dill2_k24_lcTrue;kmerseek.hp_thomas_dill2_k25_lcTrue;kmerseek.hp_thomas_dill2_k26_lcTrue;kmerseek.hp_thomas_dill2_k27_lcTrue;kmerseek.hp_thomas_dill_no_c2_k19_lcTrue;kmerseek.hp_thomas_dill_no_c2_k20_lcTrue;kmerseek.hp_thomas_dill_no_c2_k21_lcTrue;kmerseek.hp_thomas_dill_no_c2_k22_lcTrue;kmerseek.hp_thomas_dill_no_c2_k23_lcTrue;kmerseek.hp_thomas_dill_no_c2_k24_lcTrue;kmerseek.hp_thomas_dill_no_c2_k25_lcTrue;kmerseek.hp_thomas_dill_no_c2_k26_lcTrue;kmerseek.hp_thomas_dill_no_c2_k27_lcTrue,24,29,82.8,PF00400,88.0,false,,94.4,0.0,0.0,false,"criteria 5 and 3 loosened (structure tool inside, lower IoU)",0.255,spills,0.247,spills,0.656,"inside, lower IoU",0.975,equal or higher IoU,0.775,equal or higher IoU,0.814,equal or higher IoU
ZSCAN23,Q3MJ62,ZN_FING,C2H2-type 1,ZN_FING,249,271,23,held out,mouse,100,Q6PGE4,kmerseek.hp_thomas_dill_no_c2_k19_lcTrue,0.808,0.875,0.913,kmerseek.gbmr4_k12_lcTrue,0.913,46,11,kmerseek.dayhoff6_k10_lcTrue;kmerseek.dayhoff6_k8_lcTrue;kmerseek.dayhoff6_k9_lcTrue;kmerseek.gbmr4_k12_lcTrue;kmerseek.gbmr4_k13_lcTrue;kmerseek.gbmr4_k14_lcTrue;kmerseek.gbmr4_k15_lcTrue;kmerseek.gbmr4_k16_lcTrue;kmerseek.gbmr4_k17_lcTrue;kmerseek.gbmr4_k18_lcTrue;kmerseek.gbmr4_k19_lcTrue;kmerseek.gbmr4_k20_lcTrue;kmerseek.gbmr4_k21_lcTrue;kmerseek.gbmr7_k11_lcTrue;kmerseek.gbmr7_k12_lcTrue;kmerseek.hp_kyte_doolittle2_k19_lcTrue;kmerseek.hp_lehninger_hpc3_k16_lcTrue;kmerseek.hp_lehninger_hpc3_k17_lcTrue;kmerseek.hp_pbotc_1st_ed2_k18_lcTrue;kmerseek.hp_pbotc_1st_ed2_k19_lcTrue;kmerseek.hp_pbotc_1st_ed2_k20_lcTrue;kmerseek.hp_thomas_dill2_k19_lcTrue;kmerseek.hp_thomas_dill2_k20_lcTrue;kmerseek.hp_thomas_dill2_k21_lcTrue;kmerseek.hp_thomas_dill2_k22_lcTrue;kmerseek.hp_thomas_dill2_k23_lcTrue;kmerseek.hp_thomas_dill2_k24_lcTrue;kmerseek.hp_thomas_dill_no_c2_k19_lcTrue;kmerseek.hp_thomas_dill_no_c2_k20_lcTrue;kmerseek.hp_thomas_dill_no_c2_k21_lcTrue;kmerseek.hp_thomas_dill_no_c2_k22_lcTrue;kmerseek.hp_thomas_dill_no_c2_k23_lcTrue;kmerseek.mmseqs12_k5_lcTrue;kmerseek.mmseqs12_k6_lcTrue;kmerseek.mmseqs12_k7_lcTrue;kmerseek.mmseqs12_k8_lcTrue;kmerseek.polarity4_k10_lcTrue;kmerseek.polarity4_k11_lcTrue;kmerseek.polarity4_k12_lcTrue;kmerseek.polarity4_k13_lcTrue;kmerseek.wwmj5_k10_lcTrue;kmerseek.wwmj5_k11_lcTrue;kmerseek.wwmj5_k12_lcTrue;kmerseek.wwmj5_k13_lcTrue;kmerseek.wwmj5_k8_lcTrue;kmerseek.wwmj5_k9_lcTrue,17,24,70.8,PF00096,95.0,false,,86.6,0.0,0.0,false,criterion 5 loosened (mouse allowed),0.189,spills,0.163,spills,0.365,spills,0.885,equal or higher IoU,0.46,spills,1.0,equal or higher IoU
ZKSCAN8,Q15776,ZN_FING,C2H2-type 4,ZN_FING,406,428,23,held out,mouse,100,P08043,kmerseek.hp_thomas_dill_no_c2_k19_lcTrue,0.808,0.875,0.913,kmerseek.gbmr4_k15_lcTrue,0.958,43,9,kmerseek.dayhoff6_k10_lcTrue;kmerseek.dayhoff6_k11_lcTrue;kmerseek.dayhoff6_k12_lcTrue;kmerseek.dayhoff6_k13_lcTrue;kmerseek.dayhoff6_k8_lcTrue;kmerseek.dayhoff6_k9_lcTrue;kmerseek.gbmr4_k12_lcTrue;kmerseek.gbmr4_k13_lcTrue;kmerseek.gbmr4_k14_lcTrue;kmerseek.gbmr4_k15_lcTrue;kmerseek.gbmr4_k16_lcTrue;kmerseek.gbmr4_k17_lcTrue;kmerseek.gbmr4_k18_lcTrue;kmerseek.gbmr4_k19_lcTrue;kmerseek.gbmr4_k20_lcTrue;kmerseek.gbmr4_k21_lcTrue;kmerseek.gbmr7_k11_lcTrue;kmerseek.hp_kyte_doolittle2_k19_lcTrue;kmerseek.hp_kyte_doolittle2_k20_lcTrue;kmerseek.hp_kyte_doolittle2_k21_lcTrue;kmerseek.hp_kyte_doolittle2_k22_lcTrue;kmerseek.hp_lehninger_hpc3_k16_lcTrue;kmerseek.hp_lehninger_hpc3_k17_lcTrue;kmerseek.hp_lehninger_hpc3_k18_lcTrue;kmerseek.hp_pbotc_1st_ed2_k18_lcTrue;kmerseek.hp_pbotc_1st_ed2_k19_lcTrue;kmerseek.hp_pbotc_1st_ed2_k20_lcTrue;kmerseek.hp_pbotc_1st_ed2_k21_lcTrue;kmerseek.hp_pbotc_1st_ed2_k22_lcTrue;kmerseek.hp_pbotc_1st_ed2_k23_lcTrue;kmerseek.hp_pbotc_1st_ed2_k24_lcTrue;kmerseek.hp_pbotc_1st_ed2_k25_lcTrue;kmerseek.hp_thomas_dill2_k19_lcTrue;kmerseek.hp_thomas_dill2_k20_lcTrue;kmerseek.hp_thomas_dill2_k21_lcTrue;kmerseek.hp_thomas_dill2_k22_lcTrue;kmerseek.hp_thomas_dill_no_c2_k19_lcTrue;kmerseek.hp_thomas_dill_no_c2_k20_lcTrue;kmerseek.mmseqs12_k10_lcTrue;kmerseek.mmseqs12_k11_lcTrue;kmerseek.mmseqs12_k12_lcTrue;kmerseek.mmseqs12_k13_lcTrue;kmerseek.mmseqs12_k9_lcTrue,20,24,83.3,PF00096,100.0,false,,86.8,0.0,0.0,false,criterion 5 loosened (mouse allowed),0.135,spills,0.136,spills,0.195,spills,0.958,equal or higher IoU,0.315,spills,0.434,spills
ZSCAN12,O43309,ZN_FING,C2H2-type 8,ZN_FING,469,491,23,held out,mouse,100,Q8C827,kmerseek.hp_thomas_dill_no_c2_k19_lcTrue,0.92,0.92,1.0,kmerseek.hp_pbotc_1st_ed2_k18_lcTrue,0.958,41,12,kmerseek.dayhoff6_k8_lcTrue;kmerseek.dayhoff6_k9_lcTrue;kmerseek.funcgroups8_k7_lcTrue;kmerseek.funcgroups8_k8_lcTrue;kmerseek.funcgroups8_k9_lcTrue;kmerseek.gbmr4_k12_lcTrue;kmerseek.gbmr4_k13_lcTrue;kmerseek.gbmr4_k14_lcTrue;kmerseek.gbmr4_k15_lcTrue;kmerseek.gbmr4_k16_lcTrue;kmerseek.gbmr4_k17_lcTrue;kmerseek.gbmr4_k18_lcTrue;kmerseek.gbmr4_k19_lcTrue;kmerseek.gbmr7_k11_lcTrue;kmerseek.hp_lehninger_c_nonpolar2_k18_lcTrue;kmerseek.hp_lehninger_c_nonpolar2_k19_lcTrue;kmerseek.hp_lehninger_c_nonpolar2_k20_lcTrue;kmerseek.hp_lehninger_hpc3_k16_lcTrue;kmerseek.hp_lehninger_hpc3_k17_lcTrue;kmerseek.hp_pbotc_1st_ed2_k18_lcTrue;kmerseek.hp_pbotc_1st_ed2_k19_lcTrue;kmerseek.hp_pbotc_1st_ed2_k20_lcTrue;kmerseek.hp_pbotc_1st_ed2_k21_lcTrue;kmerseek.hp_pbotc_1st_ed2_k22_lcTrue;kmerseek.hp_thomas_dill2_k19_lcTrue;kmerseek.hp_thomas_dill2_k20_lcTrue;kmerseek.hp_thomas_dill2_k21_lcTrue;kmerseek.hp_thomas_dill_no_c2_k19_lcTrue;kmerseek.hp_thomas_dill_no_c2_k20_lcTrue;kmerseek.hp_thomas_dill_no_c2_k21_lcTrue;kmerseek.mmseqs12_k10_lcTrue;kmerseek.mmseqs12_k11_lcTrue;kmerseek.mmseqs12_k6_lcTrue;kmerseek.mmseqs12_k7_lcTrue;kmerseek.mmseqs12_k8_lcTrue;kmerseek.mmseqs12_k9_lcTrue;kmerseek.polarity4_k10_lcTrue;kmerseek.sdm12_k10_lcTrue;kmerseek.sdm12_k7_lcTrue;kmerseek.sdm12_k8_lcTrue;kmerseek.sdm12_k9_lcTrue,17,25,68.0,PF00096,80.6,false,,92.4,0.0,0.0,false,criterion 5 loosened (mouse allowed),0.354,spills,0.143,spills,0.216,spills,0.5,"inside, lower IoU",0.442,spills,0.731,"inside, lower IoU"
ZSCAN23,Q3MJ62,ZN_FING,C2H2-type 4,ZN_FING,333,355,23,held out,mouse,100,Q07230,kmerseek.hp_thomas_dill_no_c2_k19_lcTrue,0.778,0.84,0.913,kmerseek.gbmr4_k13_lcTrue,0.958,39,9,kmerseek.dayhoff6_k10_lcTrue;kmerseek.dayhoff6_k11_lcTrue;kmerseek.dayhoff6_k12_lcTrue;kmerseek.dayhoff6_k8_lcTrue;kmerseek.dayhoff6_k9_lcTrue;kmerseek.gbmr4_k12_lcTrue;kmerseek.gbmr4_k13_lcTrue;kmerseek.gbmr4_k14_lcTrue;kmerseek.gbmr4_k15_lcTrue;kmerseek.gbmr4_k16_lcTrue;kmerseek.gbmr4_k17_lcTrue;kmerseek.gbmr4_k18_lcTrue;kmerseek.gbmr4_k19_lcTrue;kmerseek.gbmr4_k20_lcTrue;kmerseek.gbmr4_k21_lcTrue;kmerseek.gbmr7_k11_lcTrue;kmerseek.gbmr7_k12_lcTrue;kmerseek.gbmr7_k13_lcTrue;kmerseek.gbmr7_k14_lcTrue;kmerseek.gbmr7_k15_lcTrue;kmerseek.hp_kyte_doolittle2_k19_lcTrue;kmerseek.hp_kyte_doolittle2_k20_lcTrue;kmerseek.hp_kyte_doolittle2_k21_lcTrue;kmerseek.hp_pbotc_1st_ed2_k18_lcTrue;kmerseek.hp_pbotc_1st_ed2_k19_lcTrue;kmerseek.hp_thomas_dill2_k19_lcTrue;kmerseek.hp_thomas_dill_no_c2_k19_lcTrue;kmerseek.mmseqs12_k6_lcTrue;kmerseek.mmseqs12_k7_lcTrue;kmerseek.wwmj5_k10_lcTrue;kmerseek.wwmj5_k11_lcTrue;kmerseek.wwmj5_k12_lcTrue;kmerseek.wwmj5_k13_lcTrue;kmerseek.wwmj5_k14_lcTrue;kmerseek.wwmj5_k15_lcTrue;kmerseek.wwmj5_k16_lcTrue;kmerseek.wwmj5_k17_lcTrue;kmerseek.wwmj5_k8_lcTrue;kmerseek.wwmj5_k9_lcTrue,14,25,56.0,PF00096,83.6,false,,83.7,0.0,0.0,false,criterion 5 loosened (mouse allowed),0.16,spills,0.163,spills,0.295,spills,1.0,equal or higher IoU,0.348,spills,0.469,spills
AHI1,Q8N157,REPEAT,WD 3,REPEAT,695,735,41,composition,mouse,100,Q8K3E5,kmerseek.hp_kyte_doolittle2_k19_lcTrue,0.561,1.0,0.561,kmerseek.hp_thomas_dill2_k19_lcTrue,0.61,39,8,kmerseek.hp_kyte_doolittle2_k19_lcTrue;kmerseek.hp_kyte_doolittle2_k20_lcTrue;kmerseek.hp_kyte_doolittle2_k21_lcTrue;kmerseek.hp_lehninger2_k18_lcTrue;kmerseek.hp_lehninger2_k19_lcTrue;kmerseek.hp_lehninger2_k20_lcTrue;kmerseek.hp_lehninger2_k21_lcTrue;kmerseek.hp_lehninger_c_nonpolar2_k18_lcTrue;kmerseek.hp_lehninger_c_nonpolar2_k19_lcTrue;kmerseek.hp_lehninger_c_nonpolar2_k20_lcTrue;kmerseek.hp_lehninger_c_nonpolar2_k21_lcTrue;kmerseek.hp_lehninger_hpc3_k16_lcTrue;kmerseek.hp_lehninger_hpc3_k17_lcTrue;kmerseek.hp_lehninger_hpc3_k18_lcTrue;kmerseek.hp_lehninger_hpc3_k19_lcTrue;kmerseek.hp_lehninger_hpc3_k20_lcTrue;kmerseek.hp_lehninger_hpc3_k21_lcTrue;kmerseek.hp_pbotc_1st_ed2_k18_lcTrue;kmerseek.hp_pbotc_1st_ed2_k19_lcTrue;kmerseek.hp_pbotc_1st_ed2_k20_lcTrue;kmerseek.hp_pbotc_1st_ed2_k21_lcTrue;kmerseek.hp_thomas_dill2_k19_lcTrue;kmerseek.hp_thomas_dill2_k20_lcTrue;kmerseek.hp_thomas_dill2_k21_lcTrue;kmerseek.hp_thomas_dill2_k22_lcTrue;kmerseek.hp_thomas_dill2_k23_lcTrue;kmerseek.hp_thomas_dill_no_c2_k19_lcTrue;kmerseek.hp_thomas_dill_no_c2_k20_lcTrue;kmerseek.hp_thomas_dill_no_c2_k21_lcTrue;kmerseek.polarity4_k10_lcTrue;kmerseek.polarity4_k11_lcTrue;kmerseek.polarity4_k12_lcTrue;kmerseek.polarity4_k13_lcTrue;kmerseek.polarity4_k14_lcTrue;kmerseek.polarity4_k15_lcTrue;kmerseek.polarity4_k16_lcTrue;kmerseek.polarity4_k17_lcTrue;kmerseek.polarity4_k18_lcTrue;kmerseek.polarity4_k19_lcTrue,20,23,87.0,PF00400,100.0,false,,86.9,0.0975609756097561,0.0,false,criterion 5 loosened (mouse allowed),0.16,spills,0.158,spills,0.32,spills,0.952,equal or higher IoU,0.471,spills,0.82,equal or higher IoU
ZNF322,Q6U7Q0,ZN_FING,C2H2-type 8,ZN_FING,239,261,23,held out,mouse,100,Q9ERR8,kmerseek.hp_thomas_dill_no_c2_k19_lcTrue,0.885,0.885,1.0,kmerseek.mmseqs12_k7_lcTrue,0.885,35,15,kmerseek.dayhoff6_k10_lcTrue;kmerseek.dayhoff6_k8_lcTrue;kmerseek.dayhoff6_k9_lcTrue;kmerseek.funcgroups8_k7_lcTrue;kmerseek.funcgroups8_k8_lcTrue;kmerseek.gbmr7_k11_lcTrue;kmerseek.gbmr7_k12_lcTrue;kmerseek.hp_kyte_doolittle2_k19_lcTrue;kmerseek.hp_pbotc_1st_ed2_k18_lcTrue;kmerseek.hp_pbotc_1st_ed2_k19_lcTrue;kmerseek.hp_thomas_dill2_k19_lcTrue;kmerseek.hp_thomas_dill_no_c2_k19_lcTrue;kmerseek.hp_thomas_dill_no_c2_k20_lcTrue;kmerseek.hp_thomas_dill_no_c2_k21_lcTrue;kmerseek.hp_thomas_dill_no_c2_k22_lcTrue;kmerseek.hp_thomas_dill_no_c2_k23_lcTrue;kmerseek.hsdm17_k5_lcTrue;kmerseek.hsdm17_k6_lcTrue;kmerseek.hsdm17_k7_lcTrue;kmerseek.mmseqs12_k5_lcTrue;kmerseek.mmseqs12_k6_lcTrue;kmerseek.mmseqs12_k7_lcTrue;kmerseek.polarity4_k10_lcTrue;kmerseek.protein20_k5_lcTrue;kmerseek.protein20_k6_lcTrue;kmerseek.sdm12_k6_lcTrue;kmerseek.sdm12_k7_lcTrue;kmerseek.uniprot18_k5_lcTrue;kmerseek.uniprot18_k6_lcTrue;kmerseek.wass14_k5_lcTrue;kmerseek.wass14_k6_lcTrue;kmerseek.wwmj5_k10_lcTrue;kmerseek.wwmj5_k11_lcTrue;kmerseek.wwmj5_k12_lcTrue;kmerseek.wwmj5_k9_lcTrue,17,26,65.4,PF00096,100.0,false,,94.5,0.0,0.0,false,criterion 5 loosened (mouse allowed),0.28,spills,0.144,spills,0.213,spills,0.958,equal or higher IoU,0.447,spills,0.447,spills
RNF217,Q8TC41,ZN_FING,RING-type 2; atypical,ZN_FING,423,452,30,held out,mouse,100,Q9Z1K6,kmerseek.hp_thomas_dill_no_c2_k19_lcTrue,0.875,0.933,0.933,kmerseek.hp_lehninger_c_nonpolar2_k18_lcTrue,0.9,35,6,kmerseek.gbmr4_k12_lcTrue;kmerseek.gbmr4_k13_lcTrue;kmerseek.gbmr4_k14_lcTrue;kmerseek.gbmr4_k15_lcTrue;kmerseek.gbmr4_k16_lcTrue;kmerseek.gbmr4_k17_lcTrue;kmerseek.gbmr4_k18_lcTrue;kmerseek.hp_kyte_doolittle2_k19_lcTrue;kmerseek.hp_kyte_doolittle2_k20_lcTrue;kmerseek.hp_kyte_doolittle2_k21_lcTrue;kmerseek.hp_kyte_doolittle2_k22_lcTrue;kmerseek.hp_kyte_doolittle2_k23_lcTrue;kmerseek.hp_kyte_doolittle2_k24_lcTrue;kmerseek.hp_lehninger_c_nonpolar2_k18_lcTrue;kmerseek.hp_lehninger_c_nonpolar2_k19_lcTrue;kmerseek.hp_lehninger_c_nonpolar2_k20_lcTrue;kmerseek.hp_lehninger_c_nonpolar2_k21_lcTrue;kmerseek.hp_lehninger_c_nonpolar2_k22_lcTrue;kmerseek.hp_lehninger_c_nonpolar2_k23_lcTrue;kmerseek.hp_lehninger_c_nonpolar2_k24_lcTrue;kmerseek.hp_lehninger_c_nonpolar2_k25_lcTrue;kmerseek.hp_pbotc_1st_ed2_k18_lcTrue;kmerseek.hp_thomas_dill2_k19_lcTrue;kmerseek.hp_thomas_dill2_k20_lcTrue;kmerseek.hp_thomas_dill2_k21_lcTrue;kmerseek.hp_thomas_dill_no_c2_k19_lcTrue;kmerseek.hp_thomas_dill_no_c2_k20_lcTrue;kmerseek.hp_thomas_dill_no_c2_k21_lcTrue;kmerseek.hp_thomas_dill_no_c2_k22_lcTrue;kmerseek.hp_thomas_dill_no_c2_k23_lcTrue;kmerseek.hp_thomas_dill_no_c2_k24_lcTrue;kmerseek.hp_thomas_dill_no_c2_k25_lcTrue;kmerseek.hp_thomas_dill_no_c2_k26_lcTrue;kmerseek.hp_thomas_dill_no_c2_k27_lcTrue;kmerseek.hp_thomas_dill_no_c2_k28_lcTrue,15,30,50.0,PF22191,100.0,false,,82.6,0.0,0.0,false,"criteria 5 and 3 loosened (structure tool inside, lower IoU)",0.429,spills,0.169,spills,0.628,"inside, lower IoU",0.75,"inside, lower IoU",0.508,"inside, lower IoU",0.417,spills
PRDM13,Q9H4Q3,ZN_FING,C2H2-type 3,ZN_FING,601,623,23,held out,mouse,100,P10076,kmerseek.hp_thomas_dill_no_c2_k19_lcTrue,0.92,0.92,1.0,kmerseek.hp_lehninger2_k18_lcTrue,0.913,33,6,kmerseek.dayhoff6_k10_lcTrue;kmerseek.dayhoff6_k9_lcTrue;kmerseek.hp_lehninger2_k18_lcTrue;kmerseek.hp_lehninger2_k19_lcTrue;kmerseek.hp_lehninger2_k20_lcTrue;kmerseek.hp_lehninger2_k21_lcTrue;kmerseek.hp_lehninger2_k22_lcTrue;kmerseek.hp_lehninger2_k23_lcTrue;kmerseek.hp_lehninger2_k24_lcTrue;kmerseek.hp_lehninger_c_nonpolar2_k18_lcTrue;kmerseek.hp_lehninger_c_nonpolar2_k19_lcTrue;kmerseek.hp_lehninger_c_nonpolar2_k20_lcTrue;kmerseek.hp_lehninger_c_nonpolar2_k21_lcTrue;kmerseek.hp_lehninger_c_nonpolar2_k22_lcTrue;kmerseek.hp_lehninger_c_nonpolar2_k23_lcTrue;kmerseek.hp_lehninger_c_nonpolar2_k24_lcTrue;kmerseek.hp_lehninger_hpc3_k16_lcTrue;kmerseek.hp_lehninger_hpc3_k17_lcTrue;kmerseek.hp_lehninger_hpc3_k18_lcTrue;kmerseek.hp_lehninger_hpc3_k19_lcTrue;kmerseek.hp_lehninger_hpc3_k20_lcTrue;kmerseek.hp_lehninger_hpc3_k21_lcTrue;kmerseek.hp_lehninger_hpc3_k22_lcTrue;kmerseek.hp_lehninger_hpc3_k23_lcTrue;kmerseek.hp_lehninger_hpc3_k24_lcTrue;kmerseek.hp_thomas_dill2_k19_lcTrue;kmerseek.hp_thomas_dill2_k20_lcTrue;kmerseek.hp_thomas_dill2_k21_lcTrue;kmerseek.hp_thomas_dill_no_c2_k19_lcTrue;kmerseek.hp_thomas_dill_no_c2_k20_lcTrue;kmerseek.hp_thomas_dill_no_c2_k21_lcTrue;kmerseek.hp_thomas_dill_no_c2_k22_lcTrue;kmerseek.hp_thomas_dill_no_c2_k23_lcTrue,13,25,52.0,PF00096,100.0,false,,81.2,0.0,0.0,false,criterion 5 loosened (mouse allowed),0.288,spills,0.274,spills,0.431,spills,0.958,equal or higher IoU,0.469,spills,0.852,"inside, lower IoU"
LRFN2,Q9ULH4,REPEAT,LRR 4,REPEAT,125,146,22,composition,mouse,100,Q80XU8,kmerseek.hp_kyte_doolittle2_k19_lcTrue,0.88,0.88,1.0,kmerseek.hp_pbotc_1st_ed2_k18_lcTrue,0.957,29,8,kmerseek.dayhoff6_k10_lcTrue;kmerseek.dayhoff6_k11_lcTrue;kmerseek.dayhoff6_k8_lcTrue;kmerseek.dayhoff6_k9_lcTrue;kmerseek.hp_kyte_doolittle2_k19_lcTrue;kmerseek.hp_kyte_doolittle2_k20_lcTrue;kmerseek.hp_kyte_doolittle2_k21_lcTrue;kmerseek.hp_kyte_doolittle2_k22_lcTrue;kmerseek.hp_kyte_doolittle2_k23_lcTrue;kmerseek.hp_lehninger_c_nonpolar2_k18_lcTrue;kmerseek.hp_lehninger_hpc3_k16_lcTrue;kmerseek.hp_lehninger_hpc3_k17_lcTrue;kmerseek.hp_pbotc_1st_ed2_k18_lcTrue;kmerseek.hp_pbotc_1st_ed2_k19_lcTrue;kmerseek.hp_pbotc_1st_ed2_k20_lcTrue;kmerseek.hp_pbotc_1st_ed2_k21_lcTrue;kmerseek.hp_pbotc_1st_ed2_k22_lcTrue;kmerseek.hp_pbotc_1st_ed2_k23_lcTrue;kmerseek.hp_thomas_dill2_k19_lcTrue;kmerseek.hp_thomas_dill2_k20_lcTrue;kmerseek.hp_thomas_dill2_k21_lcTrue;kmerseek.hp_thomas_dill2_k22_lcTrue;kmerseek.hp_thomas_dill2_k23_lcTrue;kmerseek.hp_thomas_dill_no_c2_k19_lcTrue;kmerseek.hp_thomas_dill_no_c2_k20_lcTrue;kmerseek.hp_thomas_dill_no_c2_k21_lcTrue;kmerseek.hp_thomas_dill_no_c2_k22_lcTrue;kmerseek.hp_thomas_dill_no_c2_k23_lcTrue;kmerseek.mmseqs12_k5_lcTrue,18,25,72.0,PF13855,99.0,false,,96.6,0.0,0.0,false,criterion 5 loosened (mouse allowed),0.214,spills,0.208,spills,0.206,spills,0.423,spills,0.224,spills,0.349,spills
CRISP2,P16562,DOMAIN,ShKT,DOMAIN,205,238,34,held out,mouse,100,P16563,kmerseek.hp_thomas_dill_no_c2_k19_lcTrue,0.816,0.886,0.912,kmerseek.gbmr4_k13_lcTrue,0.795,28,7,kmerseek.gbmr4_k12_lcTrue;kmerseek.gbmr4_k13_lcTrue;kmerseek.hp_kyte_doolittle2_k19_lcTrue;kmerseek.hp_kyte_doolittle2_k20_lcTrue;kmerseek.hp_kyte_doolittle2_k21_lcTrue;kmerseek.hp_kyte_doolittle2_k22_lcTrue;kmerseek.hp_kyte_doolittle2_k23_lcTrue;kmerseek.hp_kyte_doolittle2_k24_lcTrue;kmerseek.hp_kyte_doolittle2_k25_lcTrue;kmerseek.hp_kyte_doolittle2_k26_lcTrue;kmerseek.hp_kyte_doolittle2_k27_lcTrue;kmerseek.hp_kyte_doolittle2_k28_lcTrue;kmerseek.hp_kyte_doolittle2_k29_lcTrue;kmerseek.hp_kyte_doolittle2_k30_lcTrue;kmerseek.hp_lehninger2_k18_lcTrue;kmerseek.hp_lehninger2_k19_lcTrue;kmerseek.hp_lehninger2_k20_lcTrue;kmerseek.hp_lehninger2_k21_lcTrue;kmerseek.hp_lehninger_c_nonpolar2_k18_lcTrue;kmerseek.hp_lehninger_c_nonpolar2_k19_lcTrue;kmerseek.hp_lehninger_c_nonpolar2_k20_lcTrue;kmerseek.hp_pbotc_1st_ed2_k18_lcTrue;kmerseek.hp_pbotc_1st_ed2_k19_lcTrue;kmerseek.hp_pbotc_1st_ed2_k20_lcTrue;kmerseek.hp_thomas_dill2_k19_lcTrue;kmerseek.hp_thomas_dill2_k20_lcTrue;kmerseek.hp_thomas_dill_no_c2_k19_lcTrue;kmerseek.hp_thomas_dill_no_c2_k20_lcTrue,27,35,77.1,PF08562,83.7,false,,93.9,0.0,0.0,false,"criteria 5 and 3 loosened (structure tool inside, lower IoU)",0.152,spills,0.533,"inside, lower IoU",0.773,"inside, lower IoU",0.143,spills,0.366,spills,0.225,spills
ZSCAN9,O15535,ZN_FING,C2H2-type 4,ZN_FING,338,360,23,held out,mouse,100,P08043,kmerseek.hp_thomas_dill_no_c2_k19_lcTrue,0.778,0.84,0.913,kmerseek.gbmr4_k19_lcTrue,0.917,27,8,kmerseek.dayhoff6_k10_lcTrue;kmerseek.dayhoff6_k11_lcTrue;kmerseek.dayhoff6_k12_lcTrue;kmerseek.dayhoff6_k13_lcTrue;kmerseek.dayhoff6_k14_lcTrue;kmerseek.dayhoff6_k8_lcTrue;kmerseek.dayhoff6_k9_lcTrue;kmerseek.funcgroups8_k7_lcTrue;kmerseek.funcgroups8_k8_lcTrue;kmerseek.gbmr4_k12_lcTrue;kmerseek.gbmr4_k13_lcTrue;kmerseek.gbmr4_k14_lcTrue;kmerseek.gbmr4_k15_lcTrue;kmerseek.gbmr4_k16_lcTrue;kmerseek.gbmr4_k17_lcTrue;kmerseek.gbmr4_k18_lcTrue;kmerseek.gbmr4_k19_lcTrue;kmerseek.gbmr4_k20_lcTrue;kmerseek.gbmr4_k21_lcTrue;kmerseek.gbmr7_k11_lcTrue;kmerseek.gbmr7_k12_lcTrue;kmerseek.hp_lehninger_hpc3_k17_lcTrue;kmerseek.hp_pbotc_1st_ed2_k18_lcTrue;kmerseek.hp_pbotc_1st_ed2_k19_lcTrue;kmerseek.hp_pbotc_1st_ed2_k20_lcTrue;kmerseek.hp_thomas_dill2_k19_lcTrue;kmerseek.hp_thomas_dill_no_c2_k19_lcTrue,16,25,64.0,PF00096,72.6,false,,89.5,0.0,0.0,false,criterion 5 loosened (mouse allowed),0.173,spills,0.184,spills,0.261,spills,1.0,equal or higher IoU,0.418,spills,0.371,spills
ZNF322,Q6U7Q0,ZN_FING,C2H2-type 4,ZN_FING,127,149,23,held out,mouse,100,Q07230,kmerseek.hp_thomas_dill_no_c2_k19_lcTrue,1.0,1.0,1.0,kmerseek.hp_kyte_doolittle2_k19_lcTrue,1.0,26,9,kmerseek.dayhoff6_k8_lcTrue;kmerseek.funcgroups8_k8_lcTrue;kmerseek.hp_kyte_doolittle2_k19_lcTrue;kmerseek.hp_kyte_doolittle2_k20_lcTrue;kmerseek.hp_kyte_doolittle2_k21_lcTrue;kmerseek.hp_kyte_doolittle2_k22_lcTrue;kmerseek.hp_kyte_doolittle2_k23_lcTrue;kmerseek.hp_kyte_doolittle2_k24_lcTrue;kmerseek.hp_kyte_doolittle2_k25_lcTrue;kmerseek.hp_lehninger_hpc3_k16_lcTrue;kmerseek.hp_pbotc_1st_ed2_k18_lcTrue;kmerseek.hp_pbotc_1st_ed2_k19_lcTrue;kmerseek.hp_pbotc_1st_ed2_k20_lcTrue;kmerseek.hp_pbotc_1st_ed2_k21_lcTrue;kmerseek.hp_thomas_dill2_k19_lcTrue;kmerseek.hp_thomas_dill2_k20_lcTrue;kmerseek.hp_thomas_dill2_k21_lcTrue;kmerseek.hp_thomas_dill2_k22_lcTrue;kmerseek.hp_thomas_dill2_k23_lcTrue;kmerseek.hp_thomas_dill_no_c2_k19_lcTrue;kmerseek.hp_thomas_dill_no_c2_k20_lcTrue;kmerseek.hp_thomas_dill_no_c2_k21_lcTrue;kmerseek.hp_thomas_dill_no_c2_k22_lcTrue;kmerseek.hp_thomas_dill_no_c2_k23_lcTrue;kmerseek.mmseqs12_k5_lcTrue;kmerseek.polarity4_k10_lcTrue,13,23,56.5,PF00096,100.0,false,,87.2,0.0,0.0,false,"criteria 5 and 3 loosened (structure tool inside, lower IoU)",0.411,spills,0.164,spills,0.885,"inside, lower IoU",0.852,"inside, lower IoU",0.375,spills,0.451,spills
ZKSCAN8,Q15776,ZN_FING,C2H2-type 8,ZN_FING,518,540,23,held out,mouse,100,Q8BI99,kmerseek.hp_thomas_dill_no_c2_k19_lcTrue,0.917,0.957,0.957,kmerseek.hp_kyte_doolittle2_k19_lcTrue,0.958,26,8,kmerseek.dayhoff6_k8_lcTrue;kmerseek.dayhoff6_k9_lcTrue;kmerseek.gbmr4_k12_lcTrue;kmerseek.gbmr4_k13_lcTrue;kmerseek.gbmr4_k14_lcTrue;kmerseek.hp_kyte_doolittle2_k19_lcTrue;kmerseek.hp_kyte_doolittle2_k20_lcTrue;kmerseek.hp_kyte_doolittle2_k21_lcTrue;kmerseek.hp_kyte_doolittle2_k22_lcTrue;kmerseek.hp_lehninger2_k18_lcTrue;kmerseek.hp_lehninger2_k19_lcTrue;kmerseek.hp_lehninger2_k20_lcTrue;kmerseek.hp_lehninger_hpc3_k16_lcTrue;kmerseek.hp_lehninger_hpc3_k17_lcTrue;kmerseek.hp_lehninger_hpc3_k18_lcTrue;kmerseek.hp_pbotc_1st_ed2_k18_lcTrue;kmerseek.hp_pbotc_1st_ed2_k19_lcTrue;kmerseek.hp_pbotc_1st_ed2_k20_lcTrue;kmerseek.hp_thomas_dill2_k19_lcTrue;kmerseek.hp_thomas_dill2_k20_lcTrue;kmerseek.hp_thomas_dill2_k21_lcTrue;kmerseek.hp_thomas_dill2_k22_lcTrue;kmerseek.hp_thomas_dill_no_c2_k19_lcTrue;kmerseek.hp_thomas_dill_no_c2_k20_lcTrue;kmerseek.hp_thomas_dill_no_c2_k21_lcTrue;kmerseek.hp_thomas_dill_no_c2_k22_lcTrue,13,23,56.5,PF00096,100.0,false,,87.8,0.0,0.0,false,criterion 5 loosened (mouse allowed),0.116,spills,0.117,spills,0.412,spills,1.0,equal or higher IoU,0.5,"inside, lower IoU",0.426,spills
TPBG,Q13641,REPEAT,LRR 4,REPEAT,172,204,33,composition,mouse,100,Q9Z0L0,kmerseek.hp_kyte_doolittle2_k19_lcTrue,0.758,1.0,0.758,kmerseek.hp_pbotc_1st_ed2_k18_lcTrue,0.758,23,5,kmerseek.hp_kyte_doolittle2_k19_lcTrue;kmerseek.hp_kyte_doolittle2_k20_lcTrue;kmerseek.hp_kyte_doolittle2_k21_lcTrue;kmerseek.hp_kyte_doolittle2_k22_lcTrue;kmerseek.hp_kyte_doolittle2_k23_lcTrue;kmerseek.hp_lehninger_hpc3_k16_lcTrue;kmerseek.hp_lehninger_hpc3_k17_lcTrue;kmerseek.hp_pbotc_1st_ed2_k18_lcTrue;kmerseek.hp_pbotc_1st_ed2_k19_lcTrue;kmerseek.hp_pbotc_1st_ed2_k20_lcTrue;kmerseek.hp_pbotc_1st_ed2_k21_lcTrue;kmerseek.hp_pbotc_1st_ed2_k22_lcTrue;kmerseek.hp_pbotc_1st_ed2_k23_lcTrue;kmerseek.hp_thomas_dill2_k19_lcTrue;kmerseek.hp_thomas_dill2_k20_lcTrue;kmerseek.hp_thomas_dill2_k21_lcTrue;kmerseek.hp_thomas_dill2_k22_lcTrue;kmerseek.hp_thomas_dill2_k23_lcTrue;kmerseek.hp_thomas_dill_no_c2_k19_lcTrue;kmerseek.hp_thomas_dill_no_c2_k20_lcTrue;kmerseek.hp_thomas_dill_no_c2_k21_lcTrue;kmerseek.hp_thomas_dill_no_c2_k22_lcTrue;kmerseek.hp_thomas_dill_no_c2_k23_lcTrue,21,25,84.0,,,false,,88.7,0.06060606060606061,0.0,false,"criteria 5 and 3 loosened (structure tool inside, lower IoU)",0.27,spills,0.213,spills,0.429,"inside, lower IoU",0.309,spills,0.351,spills,0.429,spills
MAPK13,O15264,BINDING,ligand: ATP,BINDING,31,39,9,held out,mouse,100,P05622,kmerseek.sdm12_k6_lcTrue,1.0,1.0,1.0,kmerseek.mmseqs12_k5_lcTrue,1.0,22,6,kmerseek.hsdm17_k5_lcTrue;kmerseek.hsdm17_k6_lcTrue;kmerseek.hsdm17_k7_lcTrue;kmerseek.hsdm17_k8_lcTrue;kmerseek.mmseqs12_k5_lcTrue;kmerseek.mmseqs12_k6_lcTrue;kmerseek.mmseqs12_k7_lcTrue;kmerseek.protein20_k5_lcTrue;kmerseek.protein20_k6_lcTrue;kmerseek.protein20_k7_lcTrue;kmerseek.protein20_k8_lcTrue;kmerseek.sdm12_k6_lcTrue;kmerseek.sdm12_k7_lcTrue;kmerseek.sdm12_k8_lcTrue;kmerseek.uniprot18_k5_lcTrue;kmerseek.uniprot18_k6_lcTrue;kmerseek.uniprot18_k7_lcTrue;kmerseek.uniprot18_k8_lcTrue;kmerseek.wass14_k5_lcTrue;kmerseek.wass14_k6_lcTrue;kmerseek.wass14_k7_lcTrue;kmerseek.wass14_k8_lcTrue,6,9,66.7,PF00069,92.4,false,,87.2,0.0,0.0,false,criterion 5 loosened (mouse allowed),0.064,spills,0.087,spills,0.176,spills,0.321,spills,0.07,spills,0.071,spills
ZSCAN31,Q96LW9,ZN_FING,C2H2-type 5,ZN_FING,351,373,23,held out,mouse,100,Q8BI67,kmerseek.hp_thomas_dill_no_c2_k19_lcTrue,0.731,0.864,0.826,kmerseek.hp_thomas_dill2_k19_lcTrue,0.731,21,7,kmerseek.dayhoff6_k10_lcTrue;kmerseek.dayhoff6_k11_lcTrue;kmerseek.dayhoff6_k8_lcTrue;kmerseek.dayhoff6_k9_lcTrue;kmerseek.gbmr4_k12_lcTrue;kmerseek.gbmr4_k13_lcTrue;kmerseek.gbmr7_k11_lcTrue;kmerseek.gbmr7_k12_lcTrue;kmerseek.hp_thomas_dill2_k19_lcTrue;kmerseek.hp_thomas_dill_no_c2_k19_lcTrue;kmerseek.mmseqs12_k7_lcTrue;kmerseek.mmseqs12_k8_lcTrue;kmerseek.mmseqs12_k9_lcTrue;kmerseek.wwmj5_k10_lcTrue;kmerseek.wwmj5_k11_lcTrue;kmerseek.wwmj5_k12_lcTrue;kmerseek.wwmj5_k13_lcTrue;kmerseek.wwmj5_k14_lcTrue;kmerseek.wwmj5_k15_lcTrue;kmerseek.wwmj5_k8_lcTrue;kmerseek.wwmj5_k9_lcTrue,12,22,54.5,PF00096,93.4,false,,85.0,0.0,0.0,false,criterion 5 loosened (mouse allowed),0.17,spills,0.247,spills,0.377,spills,0.742,equal or higher IoU,0.535,"inside, lower IoU",0.442,spills
SGK1,O00141,BINDING,ligand: ATP,BINDING,104,112,9,held out,mouse,100,O08648,kmerseek.sdm12_k6_lcTrue,1.0,1.0,1.0,kmerseek.hsdm17_k5_lcTrue,1.0,18,6,kmerseek.hsdm17_k5_lcTrue;kmerseek.hsdm17_k6_lcTrue;kmerseek.hsdm17_k7_lcTrue;kmerseek.hsdm17_k8_lcTrue;kmerseek.mmseqs12_k5_lcTrue;kmerseek.mmseqs12_k6_lcTrue;kmerseek.protein20_k5_lcTrue;kmerseek.protein20_k6_lcTrue;kmerseek.protein20_k7_lcTrue;kmerseek.sdm12_k6_lcTrue;kmerseek.sdm12_k7_lcTrue;kmerseek.uniprot18_k5_lcTrue;kmerseek.uniprot18_k6_lcTrue;kmerseek.uniprot18_k7_lcTrue;kmerseek.wass14_k5_lcTrue;kmerseek.wass14_k6_lcTrue;kmerseek.wass14_k7_lcTrue;kmerseek.wass14_k8_lcTrue,6,9,66.7,PF00069,97.6,false,,88.0,0.0,0.0,false,criterion 5 loosened (mouse allowed),0.074,spills,0.123,spills,0.111,spills,0.273,spills,0.062,spills,0.068,spills
MAP3K5,Q99683,BINDING,ligand: ATP,BINDING,686,694,9,held out,mouse,100,Q8C078,kmerseek.sdm12_k6_lcTrue,1.0,1.0,1.0,kmerseek.mmseqs12_k6_lcTrue,1.0,13,6,kmerseek.hsdm17_k5_lcTrue;kmerseek.hsdm17_k6_lcTrue;kmerseek.hsdm17_k7_lcTrue;kmerseek.hsdm17_k8_lcTrue;kmerseek.mmseqs12_k5_lcTrue;kmerseek.mmseqs12_k6_lcTrue;kmerseek.mmseqs12_k7_lcTrue;kmerseek.protein20_k5_lcTrue;kmerseek.sdm12_k6_lcTrue;kmerseek.sdm12_k7_lcTrue;kmerseek.sdm12_k8_lcTrue;kmerseek.uniprot18_k5_lcTrue;kmerseek.wass14_k5_lcTrue,6,9,66.7,PF00069,98.6,false,,81.8,0.1111111111111111,0.0,false,criterion 5 loosened (mouse allowed),0.044,spills,0.042,spills,0.125,spills,0.321,spills,0.071,spills,0.071,spills
MAP3K7,O43318,BINDING,ligand: ATP,BINDING,42,50,9,held out,mouse,100,O09110,kmerseek.sdm12_k6_lcTrue,1.0,1.0,1.0,kmerseek.mmseqs12_k5_lcTrue,1.0,11,3,kmerseek.hsdm17_k5_lcTrue;kmerseek.hsdm17_k6_lcTrue;kmerseek.hsdm17_k7_lcTrue;kmerseek.hsdm17_k8_lcTrue;kmerseek.mmseqs12_k5_lcTrue;kmerseek.mmseqs12_k6_lcTrue;kmerseek.mmseqs12_k7_lcTrue;kmerseek.mmseqs12_k8_lcTrue;kmerseek.sdm12_k6_lcTrue;kmerseek.sdm12_k7_lcTrue;kmerseek.sdm12_k8_lcTrue,7,9,77.8,PF07714,100.0,false,,79.2,0.2222222222222222,0.0,false,criterion 5 loosened (mouse allowed),0.06,spills,0.036,spills,0.127,spills,0.161,spills,0.073,spills,0.281,spills
MAPK14,Q16539,BINDING,ligand: ATP,BINDING,30,38,9,held out,mouse,100,P05622,kmerseek.sdm12_k6_lcTrue,1.0,1.0,1.0,kmerseek.mmseqs12_k5_lcTrue,1.0,7,4,kmerseek.mmseqs12_k5_lcTrue;kmerseek.mmseqs12_k6_lcTrue;kmerseek.mmseqs12_k7_lcTrue;kmerseek.protein20_k5_lcTrue;kmerseek.sdm12_k6_lcTrue;kmerseek.sdm12_k7_lcTrue;kmerseek.uniprot18_k5_lcTrue,6,9,66.7,PF00069,96.6,false,,80.3,0.2222222222222222,0.0,false,criterion 5 loosened (mouse allowed),0.062,spills,0.09,spills,0.184,spills,0.25,spills,0.066,spills,0.068,spills
MAP3K4,Q9Y6R4,BINDING,ligand: ATP,BINDING,1349,1357,9,held out,mouse,100,Q02111,kmerseek.sdm12_k6_lcTrue,0.9,0.9,1.0,kmerseek.mmseqs12_k5_lcTrue,0.889,4,2,kmerseek.mmseqs12_k5_lcTrue;kmerseek.mmseqs12_k6_lcTrue;kmerseek.sdm12_k6_lcTrue;kmerseek.sdm12_k7_lcTrue,5,10,50.0,PF00069,99.5,false,,78.0,0.3333333333333333,0.0,false,criterion 5 loosened (mouse allowed),0.037,spills,0.039,spills,0.114,spills,0.15,spills,0.066,spills,0.073,spills
GRM4,Q14833,TRANSMEM,Helical; Name=6,TRANSMEM,786,808,23,composition,fly,600,P91685,kmerseek.hp_lehninger_c_nonpolar2_k18_lcTrue,0.958,0.958,1.0,kmerseek.hp_lehninger2_k18_lcTrue,0.958,123,16,kmerseek.dayhoff6_k10_lcTrue;kmerseek.dayhoff6_k11_lcTrue;kmerseek.dayhoff6_k12_lcTrue;kmerseek.dayhoff6_k13_lcTrue;kmerseek.dayhoff6_k14_lcTrue;kmerseek.dayhoff6_k15_lcTrue;kmerseek.dayhoff6_k16_lcTrue;kmerseek.dayhoff6_k17_lcTrue;kmerseek.dayhoff6_k8_lcTrue;kmerseek.dayhoff6_k9_lcTrue;kmerseek.funcgroups8_k10_lcTrue;kmerseek.funcgroups8_k11_lcTrue;kmerseek.funcgroups8_k12_lcTrue;kmerseek.funcgroups8_k13_lcTrue;kmerseek.funcgroups8_k14_lcTrue;kmerseek.funcgroups8_k15_lcTrue;kmerseek.funcgroups8_k16_lcTrue;kmerseek.funcgroups8_k7_lcTrue;kmerseek.funcgroups8_k8_lcTrue;kmerseek.funcgroups8_k9_lcTrue;kmerseek.gbmr4_k12_lcTrue;kmerseek.gbmr4_k13_lcTrue;kmerseek.gbmr4_k14_lcTrue;kmerseek.gbmr4_k15_lcTrue;kmerseek.gbmr4_k16_lcTrue;kmerseek.gbmr4_k17_lcTrue;kmerseek.gbmr4_k18_lcTrue;kmerseek.gbmr4_k19_lcTrue;kmerseek.gbmr4_k20_lcTrue;kmerseek.gbmr7_k10_lcTrue;kmerseek.gbmr7_k11_lcTrue;kmerseek.gbmr7_k12_lcTrue;kmerseek.gbmr7_k13_lcTrue;kmerseek.gbmr7_k14_lcTrue;kmerseek.gbmr7_k15_lcTrue;kmerseek.gbmr7_k16_lcTrue;kmerseek.gbmr7_k17_lcTrue;kmerseek.gbmr7_k18_lcTrue;kmerseek.hp_kyte_doolittle2_k19_lcTrue;kmerseek.hp_lehninger2_k18_lcTrue;kmerseek.hp_lehninger2_k19_lcTrue;kmerseek.hp_lehninger2_k20_lcTrue;kmerseek.hp_lehninger2_k21_lcTrue;kmerseek.hp_lehninger2_k22_lcTrue;kmerseek.hp_lehninger2_k23_lcTrue;kmerseek.hp_lehninger2_k24_lcTrue;kmerseek.hp_lehninger_c_nonpolar2_k18_lcTrue;kmerseek.hp_lehninger_c_nonpolar2_k19_lcTrue;kmerseek.hp_lehninger_c_nonpolar2_k20_lcTrue;kmerseek.hp_lehninger_c_nonpolar2_k21_lcTrue;kmerseek.hp_lehninger_hpc3_k16_lcTrue;kmerseek.hp_lehninger_hpc3_k17_lcTrue;kmerseek.hp_lehninger_hpc3_k18_lcTrue;kmerseek.hp_lehninger_hpc3_k19_lcTrue;kmerseek.hp_lehninger_hpc3_k20_lcTrue;kmerseek.hp_lehninger_hpc3_k21_lcTrue;kmerseek.hp_lehninger_hpc3_k22_lcTrue;kmerseek.hp_pbotc_1st_ed2_k18_lcTrue;kmerseek.hp_pbotc_1st_ed2_k19_lcTrue;kmerseek.hp_pbotc_1st_ed2_k20_lcTrue;kmerseek.hp_thomas_dill2_k19_lcTrue;kmerseek.hp_thomas_dill2_k20_lcTrue;kmerseek.hp_thomas_dill2_k21_lcTrue;kmerseek.hp_thomas_dill2_k22_lcTrue;kmerseek.hp_thomas_dill2_k23_lcTrue;kmerseek.hp_thomas_dill2_k24_lcTrue;kmerseek.hp_thomas_dill2_k25_lcTrue;kmerseek.hp_thomas_dill_no_c2_k19_lcTrue;kmerseek.hp_thomas_dill_no_c2_k20_lcTrue;kmerseek.hp_thomas_dill_no_c2_k21_lcTrue;kmerseek.hp_thomas_dill_no_c2_k22_lcTrue;kmerseek.hp_thomas_dill_no_c2_k23_lcTrue;kmerseek.hp_thomas_dill_no_c2_k24_lcTrue;kmerseek.hp_thomas_dill_no_c2_k25_lcTrue;kmerseek.hsdm17_k10_lcTrue;kmerseek.hsdm17_k11_lcTrue;kmerseek.hsdm17_k12_lcTrue;kmerseek.hsdm17_k13_lcTrue;kmerseek.hsdm17_k14_lcTrue;kmerseek.hsdm17_k5_lcTrue;kmerseek.hsdm17_k6_lcTrue;kmerseek.hsdm17_k7_lcTrue;kmerseek.hsdm17_k8_lcTrue;kmerseek.hsdm17_k9_lcTrue;kmerseek.mmseqs12_k10_lcTrue;kmerseek.mmseqs12_k11_lcTrue;kmerseek.mmseqs12_k12_lcTrue;kmerseek.mmseqs12_k13_lcTrue;kmerseek.mmseqs12_k14_lcTrue;kmerseek.mmseqs12_k5_lcTrue;kmerseek.mmseqs12_k6_lcTrue;kmerseek.mmseqs12_k7_lcTrue;kmerseek.mmseqs12_k8_lcTrue;kmerseek.mmseqs12_k9_lcTrue;kmerseek.polarity4_k10_lcTrue;kmerseek.polarity4_k11_lcTrue;kmerseek.polarity4_k12_lcTrue;kmerseek.polarity4_k13_lcTrue;kmerseek.polarity4_k14_lcTrue;kmerseek.polarity4_k15_lcTrue;kmerseek.polarity4_k16_lcTrue;kmerseek.polarity4_k17_lcTrue;kmerseek.polarity4_k18_lcTrue;kmerseek.sdm12_k10_lcTrue;kmerseek.sdm12_k11_lcTrue;kmerseek.sdm12_k12_lcTrue;kmerseek.sdm12_k13_lcTrue;kmerseek.sdm12_k14_lcTrue;kmerseek.sdm12_k15_lcTrue;kmerseek.sdm12_k6_lcTrue;kmerseek.sdm12_k7_lcTrue;kmerseek.sdm12_k8_lcTrue;kmerseek.sdm12_k9_lcTrue;kmerseek.wwmj5_k10_lcTrue;kmerseek.wwmj5_k11_lcTrue;kmerseek.wwmj5_k12_lcTrue;kmerseek.wwmj5_k13_lcTrue;kmerseek.wwmj5_k14_lcTrue;kmerseek.wwmj5_k15_lcTrue;kmerseek.wwmj5_k16_lcTrue;kmerseek.wwmj5_k17_lcTrue;kmerseek.wwmj5_k8_lcTrue;kmerseek.wwmj5_k9_lcTrue,20,24,83.3,PF00003,54.0,true,0.9130434782608695,90.3,0.0,0.0,false,"criteria 5 and 3 loosened (structure tool inside, lower IoU)",0.113,spills,0.117,spills,0.852,"inside, lower IoU",0.054,spills,0.028,spills,0.08,spills
SLC26A8,Q96RN1,TRANSMEM,Helical,TRANSMEM,393,413,21,composition,zebrafish,430,Q7T2C4,kmerseek.hp_lehninger_c_nonpolar2_k18_lcTrue,0.875,0.875,1.0,kmerseek.polarity4_k15_lcTrue,0.727,8,3,kmerseek.gbmr7_k11_lcTrue;kmerseek.gbmr7_k12_lcTrue;kmerseek.hp_lehninger_c_nonpolar2_k18_lcTrue;kmerseek.hp_lehninger_c_nonpolar2_k19_lcTrue;kmerseek.hp_lehninger_c_nonpolar2_k20_lcTrue;kmerseek.hp_lehninger_c_nonpolar2_k21_lcTrue;kmerseek.hp_lehninger_c_nonpolar2_k22_lcTrue;kmerseek.polarity4_k15_lcTrue,16,24,66.7,PF00916,34.6,true,0.9047619047619048,93.8,0.0,0.0,false,all criteria,0.081,spills,0.056,spills,0.183,spills,0.038,spills,0.027,spills,0.042,spills
