alphabet,ksize,gene,shared_kmers
dayhoff6,7,ACKR3,9
dayhoff6,7,ACTRT2,4
dayhoff6,7,ADO,4
dayhoff6,7,AGPAT3,2
dayhoff6,7,AKTIP,6
dayhoff6,7,ANKRD30BL,3
dayhoff6,7,ANXA8,4
dayhoff6,7,ARGLU1,1
dayhoff6,7,ARHGAP11B,4
dayhoff6,7,ATXN3,11
dayhoff6,7,AZI2,5
dayhoff6,7,B3GALT1,1
dayhoff6,7,BCDIN3D,6
dayhoff6,7,BPIFA1,8
dayhoff6,7,C16orf78,3
dayhoff6,7,C1QBP,8
dayhoff6,7,C1QTNF2,10
dayhoff6,7,C1QTNF3,10
dayhoff6,7,C1orf141,21
dayhoff6,7,C20orf96,0
dayhoff6,7,CA2,12
dayhoff6,7,CALR3,1
dayhoff6,7,CAPZA3,4
dayhoff6,7,CCDC117,11
dayhoff6,7,CCDC188,17
dayhoff6,7,CCDC42,3
dayhoff6,7,CCDC68,2
dayhoff6,7,CCN2,2
dayhoff6,7,CCN3,4
dayhoff6,7,CD1D,4
dayhoff6,7,CD200R1L,9
dayhoff6,7,CD55,5
dayhoff6,7,CD72,5
dayhoff6,7,CDK5R2,24
dayhoff6,7,CDX4,19
dayhoff6,7,CEACAM19,9
dayhoff6,7,CENPVL2,4
dayhoff6,7,CEP44,6
dayhoff6,7,CERS1,8
dayhoff6,7,CIMIP6,6
dayhoff6,7,CLEC12A,1
dayhoff6,7,CLVS1,5
dayhoff6,7,CMBL,6
dayhoff6,7,COQ3,4
dayhoff6,7,CREBZF,23
dayhoff6,7,CSF2RA,6
dayhoff6,7,CT47A12,25
dayhoff6,7,CTBS,8
dayhoff6,7,CXADR,6
dayhoff6,7,CXorf58,4
dayhoff6,7,CYSLTR2,2
dayhoff6,7,CYTH1,3
dayhoff6,7,CYTH4,3
dayhoff6,7,DECR2,8
dayhoff6,7,DNASE1L3,4
dayhoff6,7,DPF2,6
dayhoff6,7,EAF1,16
dayhoff6,7,ECHDC1,8
dayhoff6,7,ECHDC2,9
dayhoff6,7,EEF1AKMT4,10
dayhoff6,7,EFNB2,9
dayhoff6,7,EIF2S2,4
dayhoff6,7,EIF3I,1
dayhoff6,7,EIF3J,5
dayhoff6,7,EIPR1,9
dayhoff6,7,ELOVL6,1
dayhoff6,7,ENSG00000250349,2
dayhoff6,7,ENSG00000270249,5
dayhoff6,7,ENSG00000284906,4
dayhoff6,7,ERFL,17
dayhoff6,7,ERGIC3,4
dayhoff6,7,ERLIN2,7
dayhoff6,7,ESAM,18
dayhoff6,7,EXOG,8
dayhoff6,7,FAM107B,6
dayhoff6,7,FAM210A,2
dayhoff6,7,FAM78B,10
dayhoff6,7,FASLG,13
dayhoff6,7,FBXO2,8
dayhoff6,7,FEZ2,6
dayhoff6,7,FGF23,4
dayhoff6,7,FGF5,11
dayhoff6,7,FKBP6,6
dayhoff6,7,FOLR2,1
dayhoff6,7,FSAF1,10
dayhoff6,7,FSTL1,2
dayhoff6,7,GCLM,8
dayhoff6,7,GEMIN8,5
dayhoff6,7,GIMAP5,4
dayhoff6,7,GJC3,3
dayhoff6,7,GLT1D1,4
dayhoff6,7,GNA15,8
dayhoff6,7,GNAZ,13
dayhoff6,7,GOLM1,4
dayhoff6,7,GPD1L,5
dayhoff6,7,GPR160,2
dayhoff6,7,GPR171,3
dayhoff6,7,GPRC5A,14
dayhoff6,7,GRAP2,2
dayhoff6,7,GRTP1,3
dayhoff6,7,GRXCR2,2
dayhoff6,7,GSG1L2,5
dayhoff6,7,HAVCR2,7
dayhoff6,7,HDGFL1,5
dayhoff6,7,HENMT1,4
dayhoff6,7,HOXA1,10
dayhoff6,7,HOXB8,7
dayhoff6,7,HSD17B14,5
dayhoff6,7,HSDL1,7
dayhoff6,7,HSPE1-MOB4,2
dayhoff6,7,ICAM2,3
dayhoff6,7,IDI1,5
dayhoff6,7,IER5,27
dayhoff6,7,IGBP1C,5
dayhoff6,7,KCNJ11,7
dayhoff6,7,KCTD12,9
dayhoff6,7,KDF1,16
dayhoff6,7,KIAA1191,16
dayhoff6,7,KLF1,24
dayhoff6,7,KLF14,21
dayhoff6,7,KLK14,4
dayhoff6,7,KLK4,6
dayhoff6,7,KRT33A,5
dayhoff6,7,KRTAP29-1,10
dayhoff6,7,KRTAP9-1,0
dayhoff6,7,LAYN,9
dayhoff6,7,LCLAT1,2
dayhoff6,7,LIPT1,7
dayhoff6,7,LRRC19,4
dayhoff6,7,LRRC39,9
dayhoff6,7,LUC7L,7
dayhoff6,7,LY6G6F,3
dayhoff6,7,LYPD5,9
dayhoff6,7,M6PR,5
dayhoff6,7,MACROH2A1,11
dayhoff6,7,MAGEA9,9
dayhoff6,7,MAGEB16,10
dayhoff6,7,MAP2K4,14
dayhoff6,7,MBNL1,22
dayhoff6,7,MBNL2,20
dayhoff6,7,MDH1,10
dayhoff6,7,METTL22,6
dayhoff6,7,METTL24,7
dayhoff6,7,MFAP3,5
dayhoff6,7,MIOX,2
dayhoff6,7,MITD1,1
dayhoff6,7,MNX1,31
dayhoff6,7,MPST,3
dayhoff6,7,MRM1,14
dayhoff6,7,MRM2,3
dayhoff6,7,MRPL28,6
dayhoff6,7,MRPS18B,6
dayhoff6,7,MRPS35,6
dayhoff6,7,MTCH2,3
dayhoff6,7,MVB12A,9
dayhoff6,7,NCK1,10
dayhoff6,7,NFAM1,9
dayhoff6,7,NFE2,9
dayhoff6,7,NKAPD1,6
dayhoff6,7,NME1-NME2,4
dayhoff6,7,NMI,6
dayhoff6,7,NXPH3,8
dayhoff6,7,NXPH4,10
dayhoff6,7,OLIG1,15
dayhoff6,7,OPRPN,14
dayhoff6,7,OR11H4,7
dayhoff6,7,OR11L1,6
dayhoff6,7,OR13A1,14
dayhoff6,7,OR14C36,7
dayhoff6,7,OR1M1,2
dayhoff6,7,OR2A42,5
dayhoff6,7,OR2G2,7
dayhoff6,7,OR2I1,7
dayhoff6,7,OR2J3,4
dayhoff6,7,OR2L13,6
dayhoff6,7,OR2M3,5
dayhoff6,7,OR4F29,4
dayhoff6,7,OR4K13,8
dayhoff6,7,OR4K15,4
dayhoff6,7,OR4M2-OT1,3
dayhoff6,7,OR51E2,3
dayhoff6,7,OR51V1,9
dayhoff6,7,OR52E8,4
dayhoff6,7,OR52N1,10
dayhoff6,7,OR5B17,5
dayhoff6,7,OR5M3,3
dayhoff6,7,OSGEP,17
dayhoff6,7,OTULINL,6
dayhoff6,7,PACRGL,3
dayhoff6,7,PAGR1,10
dayhoff6,7,PANX3,19
dayhoff6,7,PBK,6
dayhoff6,7,PCGF6,20
dayhoff6,7,PDCD2,5
dayhoff6,7,PDF,6
dayhoff6,7,PGAP2,3
dayhoff6,7,PHKG1,4
dayhoff6,7,PIPOX,2
dayhoff6,7,PLPBP,2
dayhoff6,7,PLPP3,7
dayhoff6,7,PLSCR3,15
dayhoff6,7,PNMA6A,11
dayhoff6,7,PNPO,1
dayhoff6,7,POU3F4,19
dayhoff6,7,POU5F2,16
dayhoff6,7,PRB3,19
dayhoff6,7,PRDM12,10
dayhoff6,7,PRELP,12
dayhoff6,7,PRICKLE4,11
dayhoff6,7,PRKAR1A,10
dayhoff6,7,PRPS1L1,2
dayhoff6,7,PRR23E,22
dayhoff6,7,PSMA8,4
dayhoff6,7,PVRIG,10
dayhoff6,7,R3HDM4,2
dayhoff6,7,RAD9A,8
dayhoff6,7,RBM43,4
dayhoff6,7,RCN3,6
dayhoff6,7,RFXANK,8
dayhoff6,7,RNASET2,3
dayhoff6,7,RNF121,13
dayhoff6,7,RPS3A,6
dayhoff6,7,RPSA,4
dayhoff6,7,RRAGD,4
dayhoff6,7,RRH,8
dayhoff6,7,RTCA,8
dayhoff6,7,RWDD3,3
dayhoff6,7,SDR42E1,7
dayhoff6,7,SEC22A,5
dayhoff6,7,SERPINE3,12
dayhoff6,7,SETD7,9
dayhoff6,7,SFTPD,21
dayhoff6,7,SFXN3,12
dayhoff6,7,SH2D6,30
dayhoff6,7,SH3GL3,8
dayhoff6,7,SIGLEC14,12
dayhoff6,7,SIGLEC15,10
dayhoff6,7,SIRPB1,15
dayhoff6,7,SLBP,5
dayhoff6,7,SLC25A15,4
dayhoff6,7,SLC25A3,10
dayhoff6,7,SLC25A40,6
dayhoff6,7,SLC25A45,10
dayhoff6,7,SLC25A51,3
dayhoff6,7,SLC30A3,10
dayhoff6,7,SLC30A8,4
dayhoff6,7,SLC35B4,10
dayhoff6,7,SLC35F2,4
dayhoff6,7,SMN2,12
dayhoff6,7,SPDYE1,5
dayhoff6,7,SPDYE2B,6
dayhoff6,7,SPIN3,8
dayhoff6,7,SPRY3,11
dayhoff6,7,SRD5A1,2
dayhoff6,7,SRRD,3
dayhoff6,7,SRSF6,2
dayhoff6,7,ST8SIA3,5
dayhoff6,7,STAC,18
dayhoff6,7,STARD10,6
dayhoff6,7,STN1,8
dayhoff6,7,STX5,7
dayhoff6,7,SULT1C2,0
dayhoff6,7,SUPT3H,16
dayhoff6,7,SURF6,6
dayhoff6,7,TAS2R31,4
dayhoff6,7,TBX10,12
dayhoff6,7,TDRD10,3
dayhoff6,7,TEX26,1
dayhoff6,7,TFB2M,4
dayhoff6,7,TGFB1,6
dayhoff6,7,TMBIM1,4
dayhoff6,7,TMEFF2,7
dayhoff6,7,TMEM163,8
dayhoff6,7,TMEM38B,7
dayhoff6,7,TMEM64,16
dayhoff6,7,TP53TG5,1
dayhoff6,7,TPM1,4
dayhoff6,7,TSPAN10,9
dayhoff6,7,TTPAL,3
dayhoff6,7,TXNL1,4
dayhoff6,7,UBE3D,2
dayhoff6,7,UBL7,19
dayhoff6,7,UBTFL1,3
dayhoff6,7,UBXN2A,4
dayhoff6,7,UCK1,11
dayhoff6,7,UNC119B,1
dayhoff6,7,UPK3BL1,7
dayhoff6,7,VDAC1,9
dayhoff6,7,VPS26C,8
dayhoff6,7,VSIG2,10
dayhoff6,7,WNT9B,13
dayhoff6,7,ZCCHC12,8
dayhoff6,7,ZCWPW2,3
dayhoff6,7,ZDHHC11B,12
dayhoff6,7,ZDHHC19,3
dayhoff6,7,ZNF330,1
dayhoff6,7,ZNF669,3
dayhoff6,7,ZNF771,6
dayhoff6,7,ZNF787,14
dayhoff6,7,ZNG1B,7
funcgroups8,6,ACKR3,13
funcgroups8,6,ACTRT2,7
funcgroups8,6,ADO,8
funcgroups8,6,AGPAT3,28
funcgroups8,6,AKTIP,7
funcgroups8,6,ANKRD30BL,8
funcgroups8,6,ANXA8,9
funcgroups8,6,ARGLU1,6
funcgroups8,6,ARHGAP11B,8
funcgroups8,6,ATXN3,10
funcgroups8,6,AZI2,2
funcgroups8,6,B3GALT1,7
funcgroups8,6,BCDIN3D,6
funcgroups8,6,BPIFA1,27
funcgroups8,6,C16orf78,4
funcgroups8,6,C1QBP,4
funcgroups8,6,C1QTNF2,8
funcgroups8,6,C1QTNF3,5
funcgroups8,6,C1orf141,3
funcgroups8,6,C20orf96,5
funcgroups8,6,CA2,6
funcgroups8,6,CALR3,7
funcgroups8,6,CAPZA3,4
funcgroups8,6,CCDC117,4
funcgroups8,6,CCDC188,17
funcgroups8,6,CCDC42,9
funcgroups8,6,CCDC68,4
funcgroups8,6,CCN2,4
funcgroups8,6,CCN3,7
funcgroups8,6,CD1D,15
funcgroups8,6,CD200R1L,7
funcgroups8,6,CD55,16
funcgroups8,6,CD72,8
funcgroups8,6,CDK5R2,17
funcgroups8,6,CDX4,11
funcgroups8,6,CEACAM19,18
funcgroups8,6,CENPVL2,9
funcgroups8,6,CEP44,4
funcgroups8,6,CERS1,31
funcgroups8,6,CIMIP6,6
funcgroups8,6,CLEC12A,7
funcgroups8,6,CLVS1,7
funcgroups8,6,CMBL,10
funcgroups8,6,COQ3,9
funcgroups8,6,CREBZF,23
funcgroups8,6,CSF2RA,12
funcgroups8,6,CT47A12,11
funcgroups8,6,CTBS,12
funcgroups8,6,CXADR,21
funcgroups8,6,CXorf58,4
funcgroups8,6,CYSLTR2,16
funcgroups8,6,CYTH1,8
funcgroups8,6,CYTH4,7
funcgroups8,6,DECR2,12
funcgroups8,6,DNASE1L3,7
funcgroups8,6,DPF2,4
funcgroups8,6,EAF1,5
funcgroups8,6,ECHDC1,10
funcgroups8,6,ECHDC2,6
funcgroups8,6,EEF1AKMT4,10
funcgroups8,6,EFNB2,16
funcgroups8,6,EIF2S2,4
funcgroups8,6,EIF3I,5
funcgroups8,6,EIF3J,11
funcgroups8,6,EIPR1,8
funcgroups8,6,ELOVL6,2
funcgroups8,6,ENSG00000250349,33
funcgroups8,6,ENSG00000270249,13
funcgroups8,6,ENSG00000284906,8
funcgroups8,6,ERFL,10
funcgroups8,6,ERGIC3,9
funcgroups8,6,ERLIN2,17
funcgroups8,6,ESAM,26
funcgroups8,6,EXOG,25
funcgroups8,6,FAM107B,5
funcgroups8,6,FAM210A,3
funcgroups8,6,FAM78B,6
funcgroups8,6,FASLG,12
funcgroups8,6,FBXO2,7
funcgroups8,6,FEZ2,3
funcgroups8,6,FGF23,2
funcgroups8,6,FGF5,4
funcgroups8,6,FKBP6,4
funcgroups8,6,FOLR2,6
funcgroups8,6,FSAF1,8
funcgroups8,6,FSTL1,7
funcgroups8,6,GCLM,12
funcgroups8,6,GEMIN8,2
funcgroups8,6,GIMAP5,10
funcgroups8,6,GJC3,13
funcgroups8,6,GLT1D1,8
funcgroups8,6,GNA15,8
funcgroups8,6,GNAZ,5
funcgroups8,6,GOLM1,10
funcgroups8,6,GPD1L,13
funcgroups8,6,GPR160,17
funcgroups8,6,GPR171,18
funcgroups8,6,GPRC5A,28
funcgroups8,6,GRAP2,2
funcgroups8,6,GRTP1,11
funcgroups8,6,GRXCR2,0
funcgroups8,6,GSG1L2,16
funcgroups8,6,HAVCR2,20
funcgroups8,6,HDGFL1,6
funcgroups8,6,HENMT1,14
funcgroups8,6,HOXA1,10
funcgroups8,6,HOXB8,5
funcgroups8,6,HSD17B14,20
funcgroups8,6,HSDL1,22
funcgroups8,6,HSPE1-MOB4,7
funcgroups8,6,ICAM2,10
funcgroups8,6,IDI1,6
funcgroups8,6,IER5,12
funcgroups8,6,IGBP1C,4
funcgroups8,6,KCNJ11,10
funcgroups8,6,KCTD12,14
funcgroups8,6,KDF1,4
funcgroups8,6,KIAA1191,4
funcgroups8,6,KLF1,20
funcgroups8,6,KLF14,16
funcgroups8,6,KLK14,6
funcgroups8,6,KLK4,12
funcgroups8,6,KRT33A,3
funcgroups8,6,KRTAP29-1,0
funcgroups8,6,KRTAP9-1,1
funcgroups8,6,LAYN,15
funcgroups8,6,LCLAT1,11
funcgroups8,6,LIPT1,4
funcgroups8,6,LRRC19,16
funcgroups8,6,LRRC39,11
funcgroups8,6,LUC7L,7
funcgroups8,6,LY6G6F,14
funcgroups8,6,LYPD5,8
funcgroups8,6,M6PR,25
funcgroups8,6,MACROH2A1,16
funcgroups8,6,MAGEA9,14
funcgroups8,6,MAGEB16,17
funcgroups8,6,MAP2K4,13
funcgroups8,6,MBNL1,11
funcgroups8,6,MBNL2,10
funcgroups8,6,MDH1,12
funcgroups8,6,METTL22,7
funcgroups8,6,METTL24,13
funcgroups8,6,MFAP3,7
funcgroups8,6,MIOX,6
funcgroups8,6,MITD1,2
funcgroups8,6,MNX1,59
funcgroups8,6,MPST,11
funcgroups8,6,MRM1,15
funcgroups8,6,MRM2,2
funcgroups8,6,MRPL28,2
funcgroups8,6,MRPS18B,2
funcgroups8,6,MRPS35,6
funcgroups8,6,MTCH2,18
funcgroups8,6,MVB12A,4
funcgroups8,6,NCK1,5
funcgroups8,6,NFAM1,10
funcgroups8,6,NFE2,3
funcgroups8,6,NKAPD1,2
funcgroups8,6,NME1-NME2,0
funcgroups8,6,NMI,7
funcgroups8,6,NXPH3,10
funcgroups8,6,NXPH4,18
funcgroups8,6,OLIG1,9
funcgroups8,6,OPRPN,11
funcgroups8,6,OR11H4,26
funcgroups8,6,OR11L1,15
funcgroups8,6,OR13A1,10
funcgroups8,6,OR14C36,20
funcgroups8,6,OR1M1,22
funcgroups8,6,OR2A42,22
funcgroups8,6,OR2G2,26
funcgroups8,6,OR2I1,28
funcgroups8,6,OR2J3,18
funcgroups8,6,OR2L13,6
funcgroups8,6,OR2M3,15
funcgroups8,6,OR4F29,24
funcgroups8,6,OR4K13,27
funcgroups8,6,OR4K15,23
funcgroups8,6,OR4M2-OT1,21
funcgroups8,6,OR51E2,18
funcgroups8,6,OR51V1,12
funcgroups8,6,OR52E8,23
funcgroups8,6,OR52N1,24
funcgroups8,6,OR5B17,24
funcgroups8,6,OR5M3,15
funcgroups8,6,OSGEP,19
funcgroups8,6,OTULINL,8
funcgroups8,6,PACRGL,7
funcgroups8,6,PAGR1,5
funcgroups8,6,PANX3,24
funcgroups8,6,PBK,3
funcgroups8,6,PCGF6,11
funcgroups8,6,PDCD2,4
funcgroups8,6,PDF,6
funcgroups8,6,PGAP2,10
funcgroups8,6,PHKG1,13
funcgroups8,6,PIPOX,16
funcgroups8,6,PLPBP,0
funcgroups8,6,PLPP3,19
funcgroups8,6,PLSCR3,14
funcgroups8,6,PNMA6A,29
funcgroups8,6,PNPO,1
funcgroups8,6,POU3F4,11
funcgroups8,6,POU5F2,10
funcgroups8,6,PRB3,6
funcgroups8,6,PRDM12,13
funcgroups8,6,PRELP,5
funcgroups8,6,PRICKLE4,13
funcgroups8,6,PRKAR1A,10
funcgroups8,6,PRPS1L1,8
funcgroups8,6,PRR23E,2
funcgroups8,6,PSMA8,8
funcgroups8,6,PVRIG,16
funcgroups8,6,R3HDM4,12
funcgroups8,6,RAD9A,12
funcgroups8,6,RBM43,14
funcgroups8,6,RCN3,7
funcgroups8,6,RFXANK,10
funcgroups8,6,RNASET2,5
funcgroups8,6,RNF121,20
funcgroups8,6,RPS3A,5
funcgroups8,6,RPSA,7
funcgroups8,6,RRAGD,9
funcgroups8,6,RRH,18
funcgroups8,6,RTCA,11
funcgroups8,6,RWDD3,8
funcgroups8,6,SDR42E1,13
funcgroups8,6,SEC22A,14
funcgroups8,6,SERPINE3,15
funcgroups8,6,SETD7,4
funcgroups8,6,SFTPD,18
funcgroups8,6,SFXN3,20
funcgroups8,6,SH2D6,2
funcgroups8,6,SH3GL3,8
funcgroups8,6,SIGLEC14,9
funcgroups8,6,SIGLEC15,21
funcgroups8,6,SIRPB1,27
funcgroups8,6,SLBP,3
funcgroups8,6,SLC25A15,23
funcgroups8,6,SLC25A3,18
funcgroups8,6,SLC25A40,11
funcgroups8,6,SLC25A45,25
funcgroups8,6,SLC25A51,7
funcgroups8,6,SLC30A3,27
funcgroups8,6,SLC30A8,17
funcgroups8,6,SLC35B4,25
funcgroups8,6,SLC35F2,34
funcgroups8,6,SMN2,4
funcgroups8,6,SPDYE1,5
funcgroups8,6,SPDYE2B,5
funcgroups8,6,SPIN3,3
funcgroups8,6,SPRY3,5
funcgroups8,6,SRD5A1,13
funcgroups8,6,SRRD,10
funcgroups8,6,SRSF6,11
funcgroups8,6,ST8SIA3,12
funcgroups8,6,STAC,3
funcgroups8,6,STARD10,5
funcgroups8,6,STN1,13
funcgroups8,6,STX5,15
funcgroups8,6,SULT1C2,0
funcgroups8,6,SUPT3H,7
funcgroups8,6,SURF6,13
funcgroups8,6,TAS2R31,15
funcgroups8,6,TBX10,11
funcgroups8,6,TDRD10,16
funcgroups8,6,TEX26,0
funcgroups8,6,TFB2M,6
funcgroups8,6,TGFB1,6
funcgroups8,6,TMBIM1,26
funcgroups8,6,TMEFF2,16
funcgroups8,6,TMEM163,25
funcgroups8,6,TMEM38B,17
funcgroups8,6,TMEM64,57
funcgroups8,6,TP53TG5,3
funcgroups8,6,TPM1,2
funcgroups8,6,TSPAN10,48
funcgroups8,6,TTPAL,11
funcgroups8,6,TXNL1,5
funcgroups8,6,UBE3D,8
funcgroups8,6,UBL7,11
funcgroups8,6,UBTFL1,2
funcgroups8,6,UBXN2A,2
funcgroups8,6,UCK1,11
funcgroups8,6,UNC119B,13
funcgroups8,6,UPK3BL1,28
funcgroups8,6,VDAC1,16
funcgroups8,6,VPS26C,8
funcgroups8,6,VSIG2,26
funcgroups8,6,WNT9B,13
funcgroups8,6,ZCCHC12,12
funcgroups8,6,ZCWPW2,7
funcgroups8,6,ZDHHC11B,20
funcgroups8,6,ZDHHC19,19
funcgroups8,6,ZNF330,3
funcgroups8,6,ZNF669,2
funcgroups8,6,ZNF771,1
funcgroups8,6,ZNF787,9
funcgroups8,6,ZNG1B,12
funcgroups8,7,ACKR3,2
funcgroups8,7,ACTRT2,2
funcgroups8,7,ADO,2
funcgroups8,7,AGPAT3,9
funcgroups8,7,AKTIP,1
funcgroups8,7,ANKRD30BL,1
funcgroups8,7,ANXA8,1
funcgroups8,7,ARGLU1,2
funcgroups8,7,ARHGAP11B,0
funcgroups8,7,ATXN3,3
funcgroups8,7,AZI2,0
funcgroups8,7,B3GALT1,0
funcgroups8,7,BCDIN3D,1
funcgroups8,7,BPIFA1,5
funcgroups8,7,C16orf78,1
funcgroups8,7,C1QBP,0
funcgroups8,7,C1QTNF2,0
funcgroups8,7,C1QTNF3,2
funcgroups8,7,C1orf141,0
funcgroups8,7,C20orf96,0
funcgroups8,7,CA2,1
funcgroups8,7,CALR3,1
funcgroups8,7,CAPZA3,1
funcgroups8,7,CCDC117,1
funcgroups8,7,CCDC188,2
funcgroups8,7,CCDC42,2
funcgroups8,7,CCDC68,1
funcgroups8,7,CCN2,0
funcgroups8,7,CCN3,1
funcgroups8,7,CD1D,2
funcgroups8,7,CD200R1L,1
funcgroups8,7,CD55,4
funcgroups8,7,CD72,1
funcgroups8,7,CDK5R2,3
funcgroups8,7,CDX4,2
funcgroups8,7,CEACAM19,5
funcgroups8,7,CENPVL2,0
funcgroups8,7,CEP44,0
funcgroups8,7,CERS1,8
funcgroups8,7,CIMIP6,1
funcgroups8,7,CLEC12A,1
funcgroups8,7,CLVS1,1
funcgroups8,7,CMBL,2
funcgroups8,7,COQ3,1
funcgroups8,7,CREBZF,4
funcgroups8,7,CSF2RA,3
funcgroups8,7,CT47A12,3
funcgroups8,7,CTBS,1
funcgroups8,7,CXADR,3
funcgroups8,7,CXorf58,0
funcgroups8,7,CYSLTR2,4
funcgroups8,7,CYTH1,0
funcgroups8,7,CYTH4,1
funcgroups8,7,DECR2,1
funcgroups8,7,DNASE1L3,1
funcgroups8,7,DPF2,1
funcgroups8,7,EAF1,2
funcgroups8,7,ECHDC1,1
funcgroups8,7,ECHDC2,1
funcgroups8,7,EEF1AKMT4,2
funcgroups8,7,EFNB2,4
funcgroups8,7,EIF2S2,1
funcgroups8,7,EIF3I,0
funcgroups8,7,EIF3J,0
funcgroups8,7,EIPR1,1
funcgroups8,7,ELOVL6,0
funcgroups8,7,ENSG00000250349,9
funcgroups8,7,ENSG00000270249,3
funcgroups8,7,ENSG00000284906,0
funcgroups8,7,ERFL,2
funcgroups8,7,ERGIC3,1
funcgroups8,7,ERLIN2,5
funcgroups8,7,ESAM,2
funcgroups8,7,EXOG,3
funcgroups8,7,FAM107B,1
funcgroups8,7,FAM210A,0
funcgroups8,7,FAM78B,3
funcgroups8,7,FASLG,0
funcgroups8,7,FBXO2,2
funcgroups8,7,FEZ2,0
funcgroups8,7,FGF23,0
funcgroups8,7,FGF5,1
funcgroups8,7,FKBP6,1
funcgroups8,7,FOLR2,0
funcgroups8,7,FSAF1,1
funcgroups8,7,FSTL1,0
funcgroups8,7,GCLM,4
funcgroups8,7,GEMIN8,1
funcgroups8,7,GIMAP5,1
funcgroups8,7,GJC3,1
funcgroups8,7,GLT1D1,3
funcgroups8,7,GNA15,1
funcgroups8,7,GNAZ,0
funcgroups8,7,GOLM1,1
funcgroups8,7,GPD1L,1
funcgroups8,7,GPR160,3
funcgroups8,7,GPR171,4
funcgroups8,7,GPRC5A,7
funcgroups8,7,GRAP2,0
funcgroups8,7,GRTP1,2
funcgroups8,7,GRXCR2,0
funcgroups8,7,GSG1L2,2
funcgroups8,7,HAVCR2,5
funcgroups8,7,HDGFL1,1
funcgroups8,7,HENMT1,4
funcgroups8,7,HOXA1,3
funcgroups8,7,HOXB8,0
funcgroups8,7,HSD17B14,3
funcgroups8,7,HSDL1,4
funcgroups8,7,HSPE1-MOB4,1
funcgroups8,7,ICAM2,1
funcgroups8,7,IDI1,2
funcgroups8,7,IER5,2
funcgroups8,7,IGBP1C,0
funcgroups8,7,KCNJ11,0
funcgroups8,7,KCTD12,3
funcgroups8,7,KDF1,2
funcgroups8,7,KIAA1191,0
funcgroups8,7,KLF1,4
funcgroups8,7,KLF14,3
funcgroups8,7,KLK14,0
funcgroups8,7,KLK4,2
funcgroups8,7,KRT33A,0
funcgroups8,7,KRTAP29-1,0
funcgroups8,7,KRTAP9-1,0
funcgroups8,7,LAYN,3
funcgroups8,7,LCLAT1,1
funcgroups8,7,LIPT1,0
funcgroups8,7,LRRC19,4
funcgroups8,7,LRRC39,2
funcgroups8,7,LUC7L,1
funcgroups8,7,LY6G6F,2
funcgroups8,7,LYPD5,1
funcgroups8,7,M6PR,7
funcgroups8,7,MACROH2A1,2
funcgroups8,7,MAGEA9,2
funcgroups8,7,MAGEB16,3
funcgroups8,7,MAP2K4,4
funcgroups8,7,MBNL1,2
funcgroups8,7,MBNL2,2
funcgroups8,7,MDH1,3
funcgroups8,7,METTL22,0
funcgroups8,7,METTL24,2
funcgroups8,7,MFAP3,2
funcgroups8,7,MIOX,1
funcgroups8,7,MITD1,0
funcgroups8,7,MNX1,9
funcgroups8,7,MPST,2
funcgroups8,7,MRM1,2
funcgroups8,7,MRM2,0
funcgroups8,7,MRPL28,0
funcgroups8,7,MRPS18B,0
funcgroups8,7,MRPS35,1
funcgroups8,7,MTCH2,3
funcgroups8,7,MVB12A,0
funcgroups8,7,NCK1,0
funcgroups8,7,NFAM1,2
funcgroups8,7,NFE2,0
funcgroups8,7,NKAPD1,1
funcgroups8,7,NME1-NME2,0
funcgroups8,7,NMI,0
funcgroups8,7,NXPH3,3
funcgroups8,7,NXPH4,2
funcgroups8,7,OLIG1,1
funcgroups8,7,OPRPN,1
funcgroups8,7,OR11H4,5
funcgroups8,7,OR11L1,4
funcgroups8,7,OR13A1,2
funcgroups8,7,OR14C36,5
funcgroups8,7,OR1M1,6
funcgroups8,7,OR2A42,7
funcgroups8,7,OR2G2,7
funcgroups8,7,OR2I1,8
funcgroups8,7,OR2J3,3
funcgroups8,7,OR2L13,0
funcgroups8,7,OR2M3,5
funcgroups8,7,OR4F29,9
funcgroups8,7,OR4K13,7
funcgroups8,7,OR4K15,5
funcgroups8,7,OR4M2-OT1,7
funcgroups8,7,OR51E2,1
funcgroups8,7,OR51V1,2
funcgroups8,7,OR52E8,6
funcgroups8,7,OR52N1,4
funcgroups8,7,OR5B17,7
funcgroups8,7,OR5M3,4
funcgroups8,7,OSGEP,3
funcgroups8,7,OTULINL,2
funcgroups8,7,PACRGL,1
funcgroups8,7,PAGR1,0
funcgroups8,7,PANX3,8
funcgroups8,7,PBK,0
funcgroups8,7,PCGF6,1
funcgroups8,7,PDCD2,0
funcgroups8,7,PDF,0
funcgroups8,7,PGAP2,4
funcgroups8,7,PHKG1,2
funcgroups8,7,PIPOX,2
funcgroups8,7,PLPBP,0
funcgroups8,7,PLPP3,4
funcgroups8,7,PLSCR3,6
funcgroups8,7,PNMA6A,7
funcgroups8,7,PNPO,0
funcgroups8,7,POU3F4,5
funcgroups8,7,POU5F2,3
funcgroups8,7,PRB3,2
funcgroups8,7,PRDM12,1
funcgroups8,7,PRELP,0
funcgroups8,7,PRICKLE4,5
funcgroups8,7,PRKAR1A,1
funcgroups8,7,PRPS1L1,1
funcgroups8,7,PRR23E,0
funcgroups8,7,PSMA8,0
funcgroups8,7,PVRIG,1
funcgroups8,7,R3HDM4,3
funcgroups8,7,RAD9A,0
funcgroups8,7,RBM43,4
funcgroups8,7,RCN3,3
funcgroups8,7,RFXANK,0
funcgroups8,7,RNASET2,0
funcgroups8,7,RNF121,4
funcgroups8,7,RPS3A,2
funcgroups8,7,RPSA,1
funcgroups8,7,RRAGD,0
funcgroups8,7,RRH,3
funcgroups8,7,RTCA,1
funcgroups8,7,RWDD3,1
funcgroups8,7,SDR42E1,2
funcgroups8,7,SEC22A,2
funcgroups8,7,SERPINE3,2
funcgroups8,7,SETD7,0
funcgroups8,7,SFTPD,2
funcgroups8,7,SFXN3,2
funcgroups8,7,SH2D6,0
funcgroups8,7,SH3GL3,3
funcgroups8,7,SIGLEC14,2
funcgroups8,7,SIGLEC15,2
funcgroups8,7,SIRPB1,7
funcgroups8,7,SLBP,0
funcgroups8,7,SLC25A15,7
funcgroups8,7,SLC25A3,4
funcgroups8,7,SLC25A40,3
funcgroups8,7,SLC25A45,8
funcgroups8,7,SLC25A51,2
funcgroups8,7,SLC30A3,1
funcgroups8,7,SLC30A8,2
funcgroups8,7,SLC35B4,6
funcgroups8,7,SLC35F2,9
funcgroups8,7,SMN2,1
funcgroups8,7,SPDYE1,2
funcgroups8,7,SPDYE2B,2
funcgroups8,7,SPIN3,0
funcgroups8,7,SPRY3,2
funcgroups8,7,SRD5A1,3
funcgroups8,7,SRRD,2
funcgroups8,7,SRSF6,2
funcgroups8,7,ST8SIA3,2
funcgroups8,7,STAC,0
funcgroups8,7,STARD10,0
funcgroups8,7,STN1,4
funcgroups8,7,STX5,1
funcgroups8,7,SULT1C2,0
funcgroups8,7,SUPT3H,1
funcgroups8,7,SURF6,3
funcgroups8,7,TAS2R31,3
funcgroups8,7,TBX10,2
funcgroups8,7,TDRD10,5
funcgroups8,7,TEX26,0
funcgroups8,7,TFB2M,2
funcgroups8,7,TGFB1,1
funcgroups8,7,TMBIM1,8
funcgroups8,7,TMEFF2,6
funcgroups8,7,TMEM163,6
funcgroups8,7,TMEM38B,2
funcgroups8,7,TMEM64,19
funcgroups8,7,TP53TG5,0
funcgroups8,7,TPM1,0
funcgroups8,7,TSPAN10,9
funcgroups8,7,TTPAL,2
funcgroups8,7,TXNL1,0
funcgroups8,7,UBE3D,1
funcgroups8,7,UBL7,1
funcgroups8,7,UBTFL1,0
funcgroups8,7,UBXN2A,0
funcgroups8,7,UCK1,3
funcgroups8,7,UNC119B,2
funcgroups8,7,UPK3BL1,7
funcgroups8,7,VDAC1,2
funcgroups8,7,VPS26C,2
funcgroups8,7,VSIG2,3
funcgroups8,7,WNT9B,3
funcgroups8,7,ZCCHC12,1
funcgroups8,7,ZCWPW2,1
funcgroups8,7,ZDHHC11B,5
funcgroups8,7,ZDHHC19,2
funcgroups8,7,ZNF330,2
funcgroups8,7,ZNF669,0
funcgroups8,7,ZNF771,0
funcgroups8,7,ZNF787,0
funcgroups8,7,ZNG1B,0
gbmr4,10,ACKR3,31
gbmr4,10,ACTRT2,11
gbmr4,10,ADO,18
gbmr4,10,AGPAT3,23
gbmr4,10,AKTIP,5
gbmr4,10,ANKRD30BL,41
gbmr4,10,ANXA8,41
gbmr4,10,ARGLU1,646
gbmr4,10,ARHGAP11B,14
gbmr4,10,ATXN3,129
gbmr4,10,AZI2,62
gbmr4,10,B3GALT1,11
gbmr4,10,BCDIN3D,32
gbmr4,10,BPIFA1,12
gbmr4,10,C16orf78,62
gbmr4,10,C1QBP,27
gbmr4,10,C1QTNF2,11
gbmr4,10,C1QTNF3,8
gbmr4,10,C1orf141,88
gbmr4,10,C20orf96,48
gbmr4,10,CA2,20
gbmr4,10,CALR3,79
gbmr4,10,CAPZA3,29
gbmr4,10,CCDC117,23
gbmr4,10,CCDC188,63
gbmr4,10,CCDC42,73
gbmr4,10,CCDC68,49
gbmr4,10,CCN2,14
gbmr4,10,CCN3,19
gbmr4,10,CD1D,23
gbmr4,10,CD200R1L,40
gbmr4,10,CD55,38
gbmr4,10,CD72,70
gbmr4,10,CDK5R2,18
gbmr4,10,CDX4,27
gbmr4,10,CEACAM19,8
gbmr4,10,CENPVL2,70
gbmr4,10,CEP44,31
gbmr4,10,CERS1,18
gbmr4,10,CIMIP6,66
gbmr4,10,CLEC12A,32
gbmr4,10,CLVS1,28
gbmr4,10,CMBL,14
gbmr4,10,COQ3,31
gbmr4,10,CREBZF,74
gbmr4,10,CSF2RA,46
gbmr4,10,CT47A12,92
gbmr4,10,CTBS,26
gbmr4,10,CXADR,23
gbmr4,10,CXorf58,24
gbmr4,10,CYSLTR2,7
gbmr4,10,CYTH1,31
gbmr4,10,CYTH4,45
gbmr4,10,DECR2,7
gbmr4,10,DNASE1L3,39
gbmr4,10,DPF2,51
gbmr4,10,EAF1,24
gbmr4,10,ECHDC1,22
gbmr4,10,ECHDC2,10
gbmr4,10,EEF1AKMT4,2
gbmr4,10,EFNB2,10
gbmr4,10,EIF2S2,149
gbmr4,10,EIF3I,28
gbmr4,10,EIF3J,218
gbmr4,10,EIPR1,36
gbmr4,10,ELOVL6,13
gbmr4,10,ENSG00000250349,12
gbmr4,10,ENSG00000270249,14
gbmr4,10,ENSG00000284906,14
gbmr4,10,ERFL,5
gbmr4,10,ERGIC3,15
gbmr4,10,ERLIN2,110
gbmr4,10,ESAM,14
gbmr4,10,EXOG,38
gbmr4,10,FAM107B,91
gbmr4,10,FAM210A,17
gbmr4,10,FAM78B,24
gbmr4,10,FASLG,11
gbmr4,10,FBXO2,62
gbmr4,10,FEZ2,35
gbmr4,10,FGF23,44
gbmr4,10,FGF5,38
gbmr4,10,FKBP6,17
gbmr4,10,FOLR2,20
gbmr4,10,FSAF1,117
gbmr4,10,FSTL1,45
gbmr4,10,GCLM,58
gbmr4,10,GEMIN8,67
gbmr4,10,GIMAP5,36
gbmr4,10,GJC3,22
gbmr4,10,GLT1D1,53
gbmr4,10,GNA15,28
gbmr4,10,GNAZ,133
gbmr4,10,GOLM1,121
gbmr4,10,GPD1L,13
gbmr4,10,GPR160,33
gbmr4,10,GPR171,27
gbmr4,10,GPRC5A,10
gbmr4,10,GRAP2,26
gbmr4,10,GRTP1,6
gbmr4,10,GRXCR2,36
gbmr4,10,GSG1L2,24
gbmr4,10,HAVCR2,16
gbmr4,10,HDGFL1,212
gbmr4,10,HENMT1,25
gbmr4,10,HOXA1,103
gbmr4,10,HOXB8,33
gbmr4,10,HSD17B14,1
gbmr4,10,HSDL1,19
gbmr4,10,HSPE1-MOB4,15
gbmr4,10,ICAM2,11
gbmr4,10,IDI1,11
gbmr4,10,IER5,7
gbmr4,10,IGBP1C,236
gbmr4,10,KCNJ11,26
gbmr4,10,KCTD12,35
gbmr4,10,KDF1,27
gbmr4,10,KIAA1191,13
gbmr4,10,KLF1,17
gbmr4,10,KLF14,5
gbmr4,10,KLK14,16
gbmr4,10,KLK4,9
gbmr4,10,KRT33A,56
gbmr4,10,KRTAP29-1,6
gbmr4,10,KRTAP9-1,7
gbmr4,10,LAYN,95
gbmr4,10,LCLAT1,27
gbmr4,10,LIPT1,24
gbmr4,10,LRRC19,30
gbmr4,10,LRRC39,51
gbmr4,10,LUC7L,430
gbmr4,10,LY6G6F,7
gbmr4,10,LYPD5,5
gbmr4,10,M6PR,14
gbmr4,10,MACROH2A1,88
gbmr4,10,MAGEA9,90
gbmr4,10,MAGEB16,176
gbmr4,10,MAP2K4,24
gbmr4,10,MBNL1,103
gbmr4,10,MBNL2,64
gbmr4,10,MDH1,27
gbmr4,10,METTL22,27
gbmr4,10,METTL24,21
gbmr4,10,MFAP3,32
gbmr4,10,MIOX,8
gbmr4,10,MITD1,14
gbmr4,10,MNX1,218
gbmr4,10,MPST,26
gbmr4,10,MRM1,14
gbmr4,10,MRM2,17
gbmr4,10,MRPL28,12
gbmr4,10,MRPS18B,8
gbmr4,10,MRPS35,73
gbmr4,10,MTCH2,8
gbmr4,10,MVB12A,10
gbmr4,10,NCK1,33
gbmr4,10,NFAM1,15
gbmr4,10,NFE2,35
gbmr4,10,NKAPD1,424
gbmr4,10,NME1-NME2,8
gbmr4,10,NMI,46
gbmr4,10,NXPH3,10
gbmr4,10,NXPH4,16
gbmr4,10,OLIG1,156
gbmr4,10,OPRPN,59
gbmr4,10,OR11H4,16
gbmr4,10,OR11L1,6
gbmr4,10,OR13A1,10
gbmr4,10,OR14C36,14
gbmr4,10,OR1M1,11
gbmr4,10,OR2A42,3
gbmr4,10,OR2G2,12
gbmr4,10,OR2I1,16
gbmr4,10,OR2J3,7
gbmr4,10,OR2L13,9
gbmr4,10,OR2M3,6
gbmr4,10,OR4F29,3
gbmr4,10,OR4K13,19
gbmr4,10,OR4K15,17
gbmr4,10,OR4M2-OT1,15
gbmr4,10,OR51E2,12
gbmr4,10,OR51V1,8
gbmr4,10,OR52E8,8
gbmr4,10,OR52N1,19
gbmr4,10,OR5B17,5
gbmr4,10,OR5M3,12
gbmr4,10,OSGEP,22
gbmr4,10,OTULINL,17
gbmr4,10,PACRGL,10
gbmr4,10,PAGR1,77
gbmr4,10,PANX3,31
gbmr4,10,PBK,41
gbmr4,10,PCGF6,47
gbmr4,10,PDCD2,18
gbmr4,10,PDF,8
gbmr4,10,PGAP2,6
gbmr4,10,PHKG1,31
gbmr4,10,PIPOX,19
gbmr4,10,PLPBP,8
gbmr4,10,PLPP3,8
gbmr4,10,PLSCR3,20
gbmr4,10,PNMA6A,37
gbmr4,10,PNPO,5
gbmr4,10,POU3F4,43
gbmr4,10,POU5F2,24
gbmr4,10,PRB3,2
gbmr4,10,PRDM12,63
gbmr4,10,PRELP,28
gbmr4,10,PRICKLE4,27
gbmr4,10,PRKAR1A,58
gbmr4,10,PRPS1L1,47
gbmr4,10,PRR23E,11
gbmr4,10,PSMA8,107
gbmr4,10,PVRIG,10
gbmr4,10,R3HDM4,22
gbmr4,10,RAD9A,47
gbmr4,10,RBM43,34
gbmr4,10,RCN3,30
gbmr4,10,RFXANK,6
gbmr4,10,RNASET2,10
gbmr4,10,RNF121,16
gbmr4,10,RPS3A,27
gbmr4,10,RPSA,50
gbmr4,10,RRAGD,85
gbmr4,10,RRH,12
gbmr4,10,RTCA,61
gbmr4,10,RWDD3,18
gbmr4,10,SDR42E1,19
gbmr4,10,SEC22A,9
gbmr4,10,SERPINE3,22
gbmr4,10,SETD7,35
gbmr4,10,SFTPD,13
gbmr4,10,SFXN3,27
gbmr4,10,SH2D6,42
gbmr4,10,SH3GL3,32
gbmr4,10,SIGLEC14,34
gbmr4,10,SIGLEC15,33
gbmr4,10,SIRPB1,61
gbmr4,10,SLBP,28
gbmr4,10,SLC25A15,17
gbmr4,10,SLC25A3,13
gbmr4,10,SLC25A40,20
gbmr4,10,SLC25A45,7
gbmr4,10,SLC25A51,6
gbmr4,10,SLC30A3,18
gbmr4,10,SLC30A8,25
gbmr4,10,SLC35B4,15
gbmr4,10,SLC35F2,7
gbmr4,10,SMN2,153
gbmr4,10,SPDYE1,40
gbmr4,10,SPDYE2B,49
gbmr4,10,SPIN3,20
gbmr4,10,SPRY3,16
gbmr4,10,SRD5A1,12
gbmr4,10,SRRD,17
gbmr4,10,SRSF6,573
gbmr4,10,ST8SIA3,13
gbmr4,10,STAC,24
gbmr4,10,STARD10,23
gbmr4,10,STN1,26
gbmr4,10,STX5,51
gbmr4,10,SULT1C2,12
gbmr4,10,SUPT3H,55
gbmr4,10,SURF6,442
gbmr4,10,TAS2R31,10
gbmr4,10,TBX10,42
gbmr4,10,TDRD10,22
gbmr4,10,TEX26,46
gbmr4,10,TFB2M,10
gbmr4,10,TGFB1,29
gbmr4,10,TMBIM1,6
gbmr4,10,TMEFF2,99
gbmr4,10,TMEM163,18
gbmr4,10,TMEM38B,21
gbmr4,10,TMEM64,31
gbmr4,10,TP53TG5,37
gbmr4,10,TPM1,302
gbmr4,10,TSPAN10,6
gbmr4,10,TTPAL,15
gbmr4,10,TXNL1,13
gbmr4,10,UBE3D,47
gbmr4,10,UBL7,9
gbmr4,10,UBTFL1,145
gbmr4,10,UBXN2A,29
gbmr4,10,UCK1,17
gbmr4,10,UNC119B,20
gbmr4,10,UPK3BL1,8
gbmr4,10,VDAC1,15
gbmr4,10,VPS26C,26
gbmr4,10,VSIG2,12
gbmr4,10,WNT9B,32
gbmr4,10,ZCCHC12,52
gbmr4,10,ZCWPW2,60
gbmr4,10,ZDHHC11B,46
gbmr4,10,ZDHHC19,3
gbmr4,10,ZNF330,141
gbmr4,10,ZNF669,20
gbmr4,10,ZNF771,41
gbmr4,10,ZNF787,23
gbmr4,10,ZNG1B,43
gbmr7,8,ACKR3,98
gbmr7,8,ACTRT2,73
gbmr7,8,ADO,29
gbmr7,8,AGPAT3,88
gbmr7,8,AKTIP,59
gbmr7,8,ANKRD30BL,43
gbmr7,8,ANXA8,76
gbmr7,8,ARGLU1,265
gbmr7,8,ARHGAP11B,84
gbmr7,8,ATXN3,120
gbmr7,8,AZI2,92
gbmr7,8,B3GALT1,24
gbmr7,8,BCDIN3D,26
gbmr7,8,BPIFA1,34
gbmr7,8,C16orf78,55
gbmr7,8,C1QBP,33
gbmr7,8,C1QTNF2,27
gbmr7,8,C1QTNF3,48
gbmr7,8,C1orf141,57
gbmr7,8,C20orf96,120
gbmr7,8,CA2,27
gbmr7,8,CALR3,61
gbmr7,8,CAPZA3,109
gbmr7,8,CCDC117,32
gbmr7,8,CCDC188,63
gbmr7,8,CCDC42,183
gbmr7,8,CCDC68,165
gbmr7,8,CCN2,31
gbmr7,8,CCN3,14
gbmr7,8,CD1D,59
gbmr7,8,CD200R1L,34
gbmr7,8,CD55,6
gbmr7,8,CD72,65
gbmr7,8,CDK5R2,40
gbmr7,8,CDX4,51
gbmr7,8,CEACAM19,35
gbmr7,8,CENPVL2,32
gbmr7,8,CEP44,68
gbmr7,8,CERS1,80
gbmr7,8,CIMIP6,9
gbmr7,8,CLEC12A,24
gbmr7,8,CLVS1,71
gbmr7,8,CMBL,48
gbmr7,8,COQ3,33
gbmr7,8,CREBZF,96
gbmr7,8,CSF2RA,68
gbmr7,8,CT47A12,49
gbmr7,8,CTBS,63
gbmr7,8,CXADR,43
gbmr7,8,CXorf58,99
gbmr7,8,CYSLTR2,70
gbmr7,8,CYTH1,142
gbmr7,8,CYTH4,95
gbmr7,8,DECR2,49
gbmr7,8,DNASE1L3,82
gbmr7,8,DPF2,43
gbmr7,8,EAF1,27
gbmr7,8,ECHDC1,74
gbmr7,8,ECHDC2,72
gbmr7,8,EEF1AKMT4,31
gbmr7,8,EFNB2,41
gbmr7,8,EIF2S2,109
gbmr7,8,EIF3I,18
gbmr7,8,EIF3J,107
gbmr7,8,EIPR1,18
gbmr7,8,ELOVL6,96
gbmr7,8,ENSG00000250349,35
gbmr7,8,ENSG00000270249,16
gbmr7,8,ENSG00000284906,84
gbmr7,8,ERFL,47
gbmr7,8,ERGIC3,63
gbmr7,8,ERLIN2,162
gbmr7,8,ESAM,46
gbmr7,8,EXOG,85
gbmr7,8,FAM107B,96
gbmr7,8,FAM210A,35
gbmr7,8,FAM78B,39
gbmr7,8,FASLG,29
gbmr7,8,FBXO2,55
gbmr7,8,FEZ2,83
gbmr7,8,FGF23,7
gbmr7,8,FGF5,27
gbmr7,8,FKBP6,104
gbmr7,8,FOLR2,29
gbmr7,8,FSAF1,101
gbmr7,8,FSTL1,73
gbmr7,8,GCLM,75
gbmr7,8,GEMIN8,51
gbmr7,8,GIMAP5,99
gbmr7,8,GJC3,62
gbmr7,8,GLT1D1,86
gbmr7,8,GNA15,103
gbmr7,8,GNAZ,97
gbmr7,8,GOLM1,104
gbmr7,8,GPD1L,77
gbmr7,8,GPR160,82
gbmr7,8,GPR171,53
gbmr7,8,GPRC5A,57
gbmr7,8,GRAP2,44
gbmr7,8,GRTP1,51
gbmr7,8,GRXCR2,38
gbmr7,8,GSG1L2,51
gbmr7,8,HAVCR2,43
gbmr7,8,HDGFL1,58
gbmr7,8,HENMT1,62
gbmr7,8,HOXA1,35
gbmr7,8,HOXB8,49
gbmr7,8,HSD17B14,27
gbmr7,8,HSDL1,78
gbmr7,8,HSPE1-MOB4,32
gbmr7,8,ICAM2,16
gbmr7,8,IDI1,53
gbmr7,8,IER5,16
gbmr7,8,IGBP1C,83
gbmr7,8,KCNJ11,72
gbmr7,8,KCTD12,63
gbmr7,8,KDF1,18
gbmr7,8,KIAA1191,29
gbmr7,8,KLF1,12
gbmr7,8,KLF14,4
gbmr7,8,KLK14,26
gbmr7,8,KLK4,18
gbmr7,8,KRT33A,99
gbmr7,8,KRTAP29-1,0
gbmr7,8,KRTAP9-1,0
gbmr7,8,LAYN,74
gbmr7,8,LCLAT1,78
gbmr7,8,LIPT1,53
gbmr7,8,LRRC19,36
gbmr7,8,LRRC39,93
gbmr7,8,LUC7L,142
gbmr7,8,LY6G6F,45
gbmr7,8,LYPD5,9
gbmr7,8,M6PR,46
gbmr7,8,MACROH2A1,55
gbmr7,8,MAGEA9,98
gbmr7,8,MAGEB16,87
gbmr7,8,MAP2K4,54
gbmr7,8,MBNL1,92
gbmr7,8,MBNL2,38
gbmr7,8,MDH1,79
gbmr7,8,METTL22,81
gbmr7,8,METTL24,66
gbmr7,8,MFAP3,63
gbmr7,8,MIOX,25
gbmr7,8,MITD1,44
gbmr7,8,MNX1,88
gbmr7,8,MPST,39
gbmr7,8,MRM1,48
gbmr7,8,MRM2,39
gbmr7,8,MRPL28,96
gbmr7,8,MRPS18B,25
gbmr7,8,MRPS35,62
gbmr7,8,MTCH2,18
gbmr7,8,MVB12A,17
gbmr7,8,NCK1,78
gbmr7,8,NFAM1,24
gbmr7,8,NFE2,64
gbmr7,8,NKAPD1,46
gbmr7,8,NME1-NME2,45
gbmr7,8,NMI,74
gbmr7,8,NXPH3,23
gbmr7,8,NXPH4,19
gbmr7,8,OLIG1,57
gbmr7,8,OPRPN,15
gbmr7,8,OR11H4,54
gbmr7,8,OR11L1,72
gbmr7,8,OR13A1,51
gbmr7,8,OR14C36,63
gbmr7,8,OR1M1,63
gbmr7,8,OR2A42,43
gbmr7,8,OR2G2,53
gbmr7,8,OR2I1,63
gbmr7,8,OR2J3,57
gbmr7,8,OR2L13,46
gbmr7,8,OR2M3,50
gbmr7,8,OR4F29,94
gbmr7,8,OR4K13,75
gbmr7,8,OR4K15,59
gbmr7,8,OR4M2-OT1,79
gbmr7,8,OR51E2,51
gbmr7,8,OR51V1,52
gbmr7,8,OR52E8,90
gbmr7,8,OR52N1,44
gbmr7,8,OR5B17,50
gbmr7,8,OR5M3,88
gbmr7,8,OSGEP,45
gbmr7,8,OTULINL,116
gbmr7,8,PACRGL,23
gbmr7,8,PAGR1,37
gbmr7,8,PANX3,75
gbmr7,8,PBK,52
gbmr7,8,PCGF6,90
gbmr7,8,PDCD2,38
gbmr7,8,PDF,26
gbmr7,8,PGAP2,36
gbmr7,8,PHKG1,105
gbmr7,8,PIPOX,75
gbmr7,8,PLPBP,43
gbmr7,8,PLPP3,58
gbmr7,8,PLSCR3,31
gbmr7,8,PNMA6A,116
gbmr7,8,PNPO,58
gbmr7,8,POU3F4,55
gbmr7,8,POU5F2,78
gbmr7,8,PRB3,4
gbmr7,8,PRDM12,47
gbmr7,8,PRELP,49
gbmr7,8,PRICKLE4,36
gbmr7,8,PRKAR1A,101
gbmr7,8,PRPS1L1,39
gbmr7,8,PRR23E,29
gbmr7,8,PSMA8,88
gbmr7,8,PVRIG,16
gbmr7,8,R3HDM4,35
gbmr7,8,RAD9A,38
gbmr7,8,RBM43,93
gbmr7,8,RCN3,65
gbmr7,8,RFXANK,26
gbmr7,8,RNASET2,41
gbmr7,8,RNF121,93
gbmr7,8,RPS3A,58
gbmr7,8,RPSA,103
gbmr7,8,RRAGD,59
gbmr7,8,RRH,55
gbmr7,8,RTCA,84
gbmr7,8,RWDD3,67
gbmr7,8,SDR42E1,66
gbmr7,8,SEC22A,39
gbmr7,8,SERPINE3,46
gbmr7,8,SETD7,43
gbmr7,8,SFTPD,57
gbmr7,8,SFXN3,42
gbmr7,8,SH2D6,19
gbmr7,8,SH3GL3,77
gbmr7,8,SIGLEC14,27
gbmr7,8,SIGLEC15,27
gbmr7,8,SIRPB1,20
gbmr7,8,SLBP,54
gbmr7,8,SLC25A15,46
gbmr7,8,SLC25A3,66
gbmr7,8,SLC25A40,62
gbmr7,8,SLC25A45,24
gbmr7,8,SLC25A51,49
gbmr7,8,SLC30A3,33
gbmr7,8,SLC30A8,46
gbmr7,8,SLC35B4,62
gbmr7,8,SLC35F2,95
gbmr7,8,SMN2,18
gbmr7,8,SPDYE1,94
gbmr7,8,SPDYE2B,91
gbmr7,8,SPIN3,18
gbmr7,8,SPRY3,8
gbmr7,8,SRD5A1,40
gbmr7,8,SRRD,64
gbmr7,8,SRSF6,36
gbmr7,8,ST8SIA3,25
gbmr7,8,STAC,39
gbmr7,8,STARD10,26
gbmr7,8,STN1,98
gbmr7,8,STX5,88
gbmr7,8,SULT1C2,65
gbmr7,8,SUPT3H,108
gbmr7,8,SURF6,238
gbmr7,8,TAS2R31,66
gbmr7,8,TBX10,34
gbmr7,8,TDRD10,44
gbmr7,8,TEX26,32
gbmr7,8,TFB2M,78
gbmr7,8,TGFB1,68
gbmr7,8,TMBIM1,41
gbmr7,8,TMEFF2,29
gbmr7,8,TMEM163,52
gbmr7,8,TMEM38B,22
gbmr7,8,TMEM64,85
gbmr7,8,TP53TG5,40
gbmr7,8,TPM1,199
gbmr7,8,TSPAN10,76
gbmr7,8,TTPAL,80
gbmr7,8,TXNL1,30
gbmr7,8,UBE3D,50
gbmr7,8,UBL7,47
gbmr7,8,UBTFL1,142
gbmr7,8,UBXN2A,56
gbmr7,8,UCK1,49
gbmr7,8,UNC119B,28
gbmr7,8,UPK3BL1,40
gbmr7,8,VDAC1,31
gbmr7,8,VPS26C,60
gbmr7,8,VSIG2,23
gbmr7,8,WNT9B,22
gbmr7,8,ZCCHC12,134
gbmr7,8,ZCWPW2,80
gbmr7,8,ZDHHC11B,64
gbmr7,8,ZDHHC19,50
gbmr7,8,ZNF330,41
gbmr7,8,ZNF669,13
gbmr7,8,ZNF771,42
gbmr7,8,ZNF787,16
gbmr7,8,ZNG1B,86
gbmr7,10,ACKR3,8
gbmr7,10,ACTRT2,10
gbmr7,10,ADO,1
gbmr7,10,AGPAT3,18
gbmr7,10,AKTIP,9
gbmr7,10,ANKRD30BL,4
gbmr7,10,ANXA8,7
gbmr7,10,ARGLU1,5
gbmr7,10,ARHGAP11B,12
gbmr7,10,ATXN3,5
gbmr7,10,AZI2,4
gbmr7,10,B3GALT1,1
gbmr7,10,BCDIN3D,0
gbmr7,10,BPIFA1,5
gbmr7,10,C16orf78,10
gbmr7,10,C1QBP,2
gbmr7,10,C1QTNF2,3
gbmr7,10,C1QTNF3,1
gbmr7,10,C1orf141,7
gbmr7,10,C20orf96,17
gbmr7,10,CA2,4
gbmr7,10,CALR3,4
gbmr7,10,CAPZA3,14
gbmr7,10,CCDC117,2
gbmr7,10,CCDC188,5
gbmr7,10,CCDC42,21
gbmr7,10,CCDC68,33
gbmr7,10,CCN2,4
gbmr7,10,CCN3,1
gbmr7,10,CD1D,4
gbmr7,10,CD200R1L,4
gbmr7,10,CD55,0
gbmr7,10,CD72,5
gbmr7,10,CDK5R2,3
gbmr7,10,CDX4,8
gbmr7,10,CEACAM19,7
gbmr7,10,CENPVL2,4
gbmr7,10,CEP44,3
gbmr7,10,CERS1,7
gbmr7,10,CIMIP6,0
gbmr7,10,CLEC12A,3
gbmr7,10,CLVS1,3
gbmr7,10,CMBL,7
gbmr7,10,COQ3,1
gbmr7,10,CREBZF,13
gbmr7,10,CSF2RA,9
gbmr7,10,CT47A12,2
gbmr7,10,CTBS,3
gbmr7,10,CXADR,3
gbmr7,10,CXorf58,12
gbmr7,10,CYSLTR2,3
gbmr7,10,CYTH1,24
gbmr7,10,CYTH4,14
gbmr7,10,DECR2,9
gbmr7,10,DNASE1L3,8
gbmr7,10,DPF2,11
gbmr7,10,EAF1,5
gbmr7,10,ECHDC1,5
gbmr7,10,ECHDC2,10
gbmr7,10,EEF1AKMT4,5
gbmr7,10,EFNB2,3
gbmr7,10,EIF2S2,15
gbmr7,10,EIF3I,0
gbmr7,10,EIF3J,6
gbmr7,10,EIPR1,0
gbmr7,10,ELOVL6,7
gbmr7,10,ENSG00000250349,4
gbmr7,10,ENSG00000270249,1
gbmr7,10,ENSG00000284906,12
gbmr7,10,ERFL,5
gbmr7,10,ERGIC3,8
gbmr7,10,ERLIN2,22
gbmr7,10,ESAM,3
gbmr7,10,EXOG,9
gbmr7,10,FAM107B,6
gbmr7,10,FAM210A,4
gbmr7,10,FAM78B,8
gbmr7,10,FASLG,1
gbmr7,10,FBXO2,7
gbmr7,10,FEZ2,13
gbmr7,10,FGF23,2
gbmr7,10,FGF5,1
gbmr7,10,FKBP6,17
gbmr7,10,FOLR2,1
gbmr7,10,FSAF1,4
gbmr7,10,FSTL1,2
gbmr7,10,GCLM,9
gbmr7,10,GEMIN8,6
gbmr7,10,GIMAP5,5
gbmr7,10,GJC3,8
gbmr7,10,GLT1D1,7
gbmr7,10,GNA15,5
gbmr7,10,GNAZ,5
gbmr7,10,GOLM1,10
gbmr7,10,GPD1L,8
gbmr7,10,GPR160,7
gbmr7,10,GPR171,5
gbmr7,10,GPRC5A,5
gbmr7,10,GRAP2,6
gbmr7,10,GRTP1,10
gbmr7,10,GRXCR2,4
gbmr7,10,GSG1L2,4
gbmr7,10,HAVCR2,4
gbmr7,10,HDGFL1,1
gbmr7,10,HENMT1,7
gbmr7,10,HOXA1,6
gbmr7,10,HOXB8,5
gbmr7,10,HSD17B14,2
gbmr7,10,HSDL1,7
gbmr7,10,HSPE1-MOB4,2
gbmr7,10,ICAM2,2
gbmr7,10,IDI1,3
gbmr7,10,IER5,0
gbmr7,10,IGBP1C,10
gbmr7,10,KCNJ11,7
gbmr7,10,KCTD12,9
gbmr7,10,KDF1,1
gbmr7,10,KIAA1191,7
gbmr7,10,KLF1,0
gbmr7,10,KLF14,0
gbmr7,10,KLK14,0
gbmr7,10,KLK4,1
gbmr7,10,KRT33A,13
gbmr7,10,KRTAP29-1,0
gbmr7,10,KRTAP9-1,0
gbmr7,10,LAYN,11
gbmr7,10,LCLAT1,3
gbmr7,10,LIPT1,7
gbmr7,10,LRRC19,4
gbmr7,10,LRRC39,7
gbmr7,10,LUC7L,16
gbmr7,10,LY6G6F,5
gbmr7,10,LYPD5,0
gbmr7,10,M6PR,4
gbmr7,10,MACROH2A1,2
gbmr7,10,MAGEA9,11
gbmr7,10,MAGEB16,7
gbmr7,10,MAP2K4,4
gbmr7,10,MBNL1,16
gbmr7,10,MBNL2,0
gbmr7,10,MDH1,10
gbmr7,10,METTL22,11
gbmr7,10,METTL24,10
gbmr7,10,MFAP3,1
gbmr7,10,MIOX,0
gbmr7,10,MITD1,9
gbmr7,10,MNX1,10
gbmr7,10,MPST,4
gbmr7,10,MRM1,3
gbmr7,10,MRM2,2
gbmr7,10,MRPL28,7
gbmr7,10,MRPS18B,1
gbmr7,10,MRPS35,5
gbmr7,10,MTCH2,0
gbmr7,10,MVB12A,0
gbmr7,10,NCK1,11
gbmr7,10,NFAM1,3
gbmr7,10,NFE2,5
gbmr7,10,NKAPD1,3
gbmr7,10,NME1-NME2,3
gbmr7,10,NMI,4
gbmr7,10,NXPH3,2
gbmr7,10,NXPH4,1
gbmr7,10,OLIG1,5
gbmr7,10,OPRPN,1
gbmr7,10,OR11H4,7
gbmr7,10,OR11L1,5
gbmr7,10,OR13A1,3
gbmr7,10,OR14C36,3
gbmr7,10,OR1M1,7
gbmr7,10,OR2A42,6
gbmr7,10,OR2G2,3
gbmr7,10,OR2I1,13
gbmr7,10,OR2J3,8
gbmr7,10,OR2L13,7
gbmr7,10,OR2M3,3
gbmr7,10,OR4F29,11
gbmr7,10,OR4K13,12
gbmr7,10,OR4K15,6
gbmr7,10,OR4M2-OT1,7
gbmr7,10,OR51E2,5
gbmr7,10,OR51V1,6
gbmr7,10,OR52E8,9
gbmr7,10,OR52N1,5
gbmr7,10,OR5B17,2
gbmr7,10,OR5M3,10
gbmr7,10,OSGEP,6
gbmr7,10,OTULINL,7
gbmr7,10,PACRGL,2
gbmr7,10,PAGR1,2
gbmr7,10,PANX3,5
gbmr7,10,PBK,7
gbmr7,10,PCGF6,8
gbmr7,10,PDCD2,1
gbmr7,10,PDF,1
gbmr7,10,PGAP2,2
gbmr7,10,PHKG1,14
gbmr7,10,PIPOX,11
gbmr7,10,PLPBP,6
gbmr7,10,PLPP3,5
gbmr7,10,PLSCR3,5
gbmr7,10,PNMA6A,8
gbmr7,10,PNPO,9
gbmr7,10,POU3F4,5
gbmr7,10,POU5F2,8
gbmr7,10,PRB3,0
gbmr7,10,PRDM12,5
gbmr7,10,PRELP,10
gbmr7,10,PRICKLE4,2
gbmr7,10,PRKAR1A,12
gbmr7,10,PRPS1L1,5
gbmr7,10,PRR23E,4
gbmr7,10,PSMA8,10
gbmr7,10,PVRIG,0
gbmr7,10,R3HDM4,4
gbmr7,10,RAD9A,1
gbmr7,10,RBM43,13
gbmr7,10,RCN3,10
gbmr7,10,RFXANK,2
gbmr7,10,RNASET2,9
gbmr7,10,RNF121,5
gbmr7,10,RPS3A,4
gbmr7,10,RPSA,6
gbmr7,10,RRAGD,4
gbmr7,10,RRH,11
gbmr7,10,RTCA,11
gbmr7,10,RWDD3,5
gbmr7,10,SDR42E1,4
gbmr7,10,SEC22A,6
gbmr7,10,SERPINE3,8
gbmr7,10,SETD7,3
gbmr7,10,SFTPD,8
gbmr7,10,SFXN3,3
gbmr7,10,SH2D6,0
gbmr7,10,SH3GL3,7
gbmr7,10,SIGLEC14,1
gbmr7,10,SIGLEC15,2
gbmr7,10,SIRPB1,2
gbmr7,10,SLBP,5
gbmr7,10,SLC25A15,5
gbmr7,10,SLC25A3,8
gbmr7,10,SLC25A40,12
gbmr7,10,SLC25A45,0
gbmr7,10,SLC25A51,5
gbmr7,10,SLC30A3,1
gbmr7,10,SLC30A8,2
gbmr7,10,SLC35B4,7
gbmr7,10,SLC35F2,5
gbmr7,10,SMN2,3
gbmr7,10,SPDYE1,11
gbmr7,10,SPDYE2B,10
gbmr7,10,SPIN3,0
gbmr7,10,SPRY3,0
gbmr7,10,SRD5A1,0
gbmr7,10,SRRD,5
gbmr7,10,SRSF6,4
gbmr7,10,ST8SIA3,0
gbmr7,10,STAC,4
gbmr7,10,STARD10,4
gbmr7,10,STN1,10
gbmr7,10,STX5,8
gbmr7,10,SULT1C2,9
gbmr7,10,SUPT3H,10
gbmr7,10,SURF6,18
gbmr7,10,TAS2R31,8
gbmr7,10,TBX10,2
gbmr7,10,TDRD10,6
gbmr7,10,TEX26,2
gbmr7,10,TFB2M,7
gbmr7,10,TGFB1,3
gbmr7,10,TMBIM1,5
gbmr7,10,TMEFF2,2
gbmr7,10,TMEM163,8
gbmr7,10,TMEM38B,0
gbmr7,10,TMEM64,14
gbmr7,10,TP53TG5,7
gbmr7,10,TPM1,21
gbmr7,10,TSPAN10,10
gbmr7,10,TTPAL,14
gbmr7,10,TXNL1,4
gbmr7,10,UBE3D,5
gbmr7,10,UBL7,3
gbmr7,10,UBTFL1,18
gbmr7,10,UBXN2A,7
gbmr7,10,UCK1,3
gbmr7,10,UNC119B,0
gbmr7,10,UPK3BL1,2
gbmr7,10,VDAC1,7
gbmr7,10,VPS26C,7
gbmr7,10,VSIG2,3
gbmr7,10,WNT9B,1
gbmr7,10,ZCCHC12,21
gbmr7,10,ZCWPW2,3
gbmr7,10,ZDHHC11B,3
gbmr7,10,ZDHHC19,6
gbmr7,10,ZNF330,6
gbmr7,10,ZNF669,0
gbmr7,10,ZNF771,0
gbmr7,10,ZNF787,0
gbmr7,10,ZNG1B,11
hp_kyte_doolittle2,17,ACKR3,4
hp_kyte_doolittle2,17,ACTRT2,2
hp_kyte_doolittle2,17,ADO,7
hp_kyte_doolittle2,17,AGPAT3,5
hp_kyte_doolittle2,17,AKTIP,0
hp_kyte_doolittle2,17,ANKRD30BL,61
hp_kyte_doolittle2,17,ANXA8,3
hp_kyte_doolittle2,17,ARGLU1,440
hp_kyte_doolittle2,17,ARHGAP11B,2
hp_kyte_doolittle2,17,ATXN3,40
hp_kyte_doolittle2,17,AZI2,13
hp_kyte_doolittle2,17,B3GALT1,0
hp_kyte_doolittle2,17,BCDIN3D,1
hp_kyte_doolittle2,17,BPIFA1,0
hp_kyte_doolittle2,17,C16orf78,5
hp_kyte_doolittle2,17,C1QBP,5
hp_kyte_doolittle2,17,C1QTNF2,402
hp_kyte_doolittle2,17,C1QTNF3,68
hp_kyte_doolittle2,17,C1orf141,3
hp_kyte_doolittle2,17,C20orf96,5
hp_kyte_doolittle2,17,CA2,39
hp_kyte_doolittle2,17,CALR3,14
hp_kyte_doolittle2,17,CAPZA3,0
hp_kyte_doolittle2,17,CCDC117,37
hp_kyte_doolittle2,17,CCDC188,9
hp_kyte_doolittle2,17,CCDC42,0
hp_kyte_doolittle2,17,CCDC68,1
hp_kyte_doolittle2,17,CCN2,0
hp_kyte_doolittle2,17,CCN3,6
hp_kyte_doolittle2,17,CD1D,6
hp_kyte_doolittle2,17,CD200R1L,4
hp_kyte_doolittle2,17,CD55,43
hp_kyte_doolittle2,17,CD72,12
hp_kyte_doolittle2,17,CDK5R2,14
hp_kyte_doolittle2,17,CDX4,13
hp_kyte_doolittle2,17,CEACAM19,11
hp_kyte_doolittle2,17,CENPVL2,1
hp_kyte_doolittle2,17,CEP44,0
hp_kyte_doolittle2,17,CERS1,3
hp_kyte_doolittle2,17,CIMIP6,56
hp_kyte_doolittle2,17,CLEC12A,3
hp_kyte_doolittle2,17,CLVS1,9
hp_kyte_doolittle2,17,CMBL,1
hp_kyte_doolittle2,17,COQ3,4
hp_kyte_doolittle2,17,CREBZF,111
hp_kyte_doolittle2,17,CSF2RA,6
hp_kyte_doolittle2,17,CT47A12,4
hp_kyte_doolittle2,17,CTBS,10
hp_kyte_doolittle2,17,CXADR,0
hp_kyte_doolittle2,17,CXorf58,9
hp_kyte_doolittle2,17,CYSLTR2,3
hp_kyte_doolittle2,17,CYTH1,5
hp_kyte_doolittle2,17,CYTH4,9
hp_kyte_doolittle2,17,DECR2,1
hp_kyte_doolittle2,17,DNASE1L3,12
hp_kyte_doolittle2,17,DPF2,110
hp_kyte_doolittle2,17,EAF1,291
hp_kyte_doolittle2,17,ECHDC1,1
hp_kyte_doolittle2,17,ECHDC2,0
hp_kyte_doolittle2,17,EEF1AKMT4,5
hp_kyte_doolittle2,17,EFNB2,34
hp_kyte_doolittle2,17,EIF2S2,43
hp_kyte_doolittle2,17,EIF3I,14
hp_kyte_doolittle2,17,EIF3J,16
hp_kyte_doolittle2,17,EIPR1,9
hp_kyte_doolittle2,17,ELOVL6,3
hp_kyte_doolittle2,17,ENSG00000250349,5
hp_kyte_doolittle2,17,ENSG00000270249,3
hp_kyte_doolittle2,17,ENSG00000284906,2
hp_kyte_doolittle2,17,ERFL,4
hp_kyte_doolittle2,17,ERGIC3,3
hp_kyte_doolittle2,17,ERLIN2,3
hp_kyte_doolittle2,17,ESAM,3
hp_kyte_doolittle2,17,EXOG,7
hp_kyte_doolittle2,17,FAM107B,1
hp_kyte_doolittle2,17,FAM210A,2
hp_kyte_doolittle2,17,FAM78B,12
hp_kyte_doolittle2,17,FASLG,24
hp_kyte_doolittle2,17,FBXO2,7
hp_kyte_doolittle2,17,FEZ2,32
hp_kyte_doolittle2,17,FGF23,0
hp_kyte_doolittle2,17,FGF5,15
hp_kyte_doolittle2,17,FKBP6,2
hp_kyte_doolittle2,17,FOLR2,15
hp_kyte_doolittle2,17,FSAF1,45
hp_kyte_doolittle2,17,FSTL1,4
hp_kyte_doolittle2,17,GCLM,3
hp_kyte_doolittle2,17,GEMIN8,18
hp_kyte_doolittle2,17,GIMAP5,12
hp_kyte_doolittle2,17,GJC3,31
hp_kyte_doolittle2,17,GLT1D1,0
hp_kyte_doolittle2,17,GNA15,2
hp_kyte_doolittle2,17,GNAZ,7
hp_kyte_doolittle2,17,GOLM1,12
hp_kyte_doolittle2,17,GPD1L,2
hp_kyte_doolittle2,17,GPR160,2
hp_kyte_doolittle2,17,GPR171,0
hp_kyte_doolittle2,17,GPRC5A,0
hp_kyte_doolittle2,17,GRAP2,9
hp_kyte_doolittle2,17,GRTP1,12
hp_kyte_doolittle2,17,GRXCR2,5
hp_kyte_doolittle2,17,GSG1L2,8
hp_kyte_doolittle2,17,HAVCR2,0
hp_kyte_doolittle2,17,HDGFL1,26
hp_kyte_doolittle2,17,HENMT1,9
hp_kyte_doolittle2,17,HOXA1,23
hp_kyte_doolittle2,17,HOXB8,7
hp_kyte_doolittle2,17,HSD17B14,0
hp_kyte_doolittle2,17,HSDL1,5
hp_kyte_doolittle2,17,HSPE1-MOB4,0
hp_kyte_doolittle2,17,ICAM2,3
hp_kyte_doolittle2,17,IDI1,2
hp_kyte_doolittle2,17,IER5,64
hp_kyte_doolittle2,17,IGBP1C,72
hp_kyte_doolittle2,17,KCNJ11,2
hp_kyte_doolittle2,17,KCTD12,50
hp_kyte_doolittle2,17,KDF1,225
hp_kyte_doolittle2,17,KIAA1191,53
hp_kyte_doolittle2,17,KLF1,10
hp_kyte_doolittle2,17,KLF14,23
hp_kyte_doolittle2,17,KLK14,5
hp_kyte_doolittle2,17,KLK4,4
hp_kyte_doolittle2,17,KRT33A,6
hp_kyte_doolittle2,17,KRTAP29-1,5
hp_kyte_doolittle2,17,KRTAP9-1,1
hp_kyte_doolittle2,17,LAYN,36
hp_kyte_doolittle2,17,LCLAT1,1
hp_kyte_doolittle2,17,LIPT1,0
hp_kyte_doolittle2,17,LRRC19,3
hp_kyte_doolittle2,17,LRRC39,2
hp_kyte_doolittle2,17,LUC7L,442
hp_kyte_doolittle2,17,LY6G6F,5
hp_kyte_doolittle2,17,LYPD5,4
hp_kyte_doolittle2,17,M6PR,3
hp_kyte_doolittle2,17,MACROH2A1,9
hp_kyte_doolittle2,17,MAGEA9,71
hp_kyte_doolittle2,17,MAGEB16,84
hp_kyte_doolittle2,17,MAP2K4,65
hp_kyte_doolittle2,17,MBNL1,0
hp_kyte_doolittle2,17,MBNL2,4
hp_kyte_doolittle2,17,MDH1,1
hp_kyte_doolittle2,17,METTL22,30
hp_kyte_doolittle2,17,METTL24,8
hp_kyte_doolittle2,17,MFAP3,14
hp_kyte_doolittle2,17,MIOX,6
hp_kyte_doolittle2,17,MITD1,5
hp_kyte_doolittle2,17,MNX1,39
hp_kyte_doolittle2,17,MPST,11
hp_kyte_doolittle2,17,MRM1,3
hp_kyte_doolittle2,17,MRM2,1
hp_kyte_doolittle2,17,MRPL28,5
hp_kyte_doolittle2,17,MRPS18B,47
hp_kyte_doolittle2,17,MRPS35,19
hp_kyte_doolittle2,17,MTCH2,3
hp_kyte_doolittle2,17,MVB12A,8
hp_kyte_doolittle2,17,NCK1,2
hp_kyte_doolittle2,17,NFAM1,1
hp_kyte_doolittle2,17,NFE2,18
hp_kyte_doolittle2,17,NKAPD1,462
hp_kyte_doolittle2,17,NME1-NME2,0
hp_kyte_doolittle2,17,NMI,8
hp_kyte_doolittle2,17,NXPH3,133
hp_kyte_doolittle2,17,NXPH4,3
hp_kyte_doolittle2,17,OLIG1,134
hp_kyte_doolittle2,17,OPRPN,2
hp_kyte_doolittle2,17,OR11H4,0
hp_kyte_doolittle2,17,OR11L1,4
hp_kyte_doolittle2,17,OR13A1,0
hp_kyte_doolittle2,17,OR14C36,0
hp_kyte_doolittle2,17,OR1M1,0
hp_kyte_doolittle2,17,OR2A42,1
hp_kyte_doolittle2,17,OR2G2,0
hp_kyte_doolittle2,17,OR2I1,0
hp_kyte_doolittle2,17,OR2J3,0
hp_kyte_doolittle2,17,OR2L13,0
hp_kyte_doolittle2,17,OR2M3,0
hp_kyte_doolittle2,17,OR4F29,4
hp_kyte_doolittle2,17,OR4K13,0
hp_kyte_doolittle2,17,OR4K15,0
hp_kyte_doolittle2,17,OR4M2-OT1,0
hp_kyte_doolittle2,17,OR51E2,0
hp_kyte_doolittle2,17,OR51V1,0
hp_kyte_doolittle2,17,OR52E8,0
hp_kyte_doolittle2,17,OR52N1,3
hp_kyte_doolittle2,17,OR5B17,2
hp_kyte_doolittle2,17,OR5M3,0
hp_kyte_doolittle2,17,OSGEP,3
hp_kyte_doolittle2,17,OTULINL,5
hp_kyte_doolittle2,17,PACRGL,1
hp_kyte_doolittle2,17,PAGR1,72
hp_kyte_doolittle2,17,PANX3,0
hp_kyte_doolittle2,17,PBK,4
hp_kyte_doolittle2,17,PCGF6,6
hp_kyte_doolittle2,17,PDCD2,29
hp_kyte_doolittle2,17,PDF,1
hp_kyte_doolittle2,17,PGAP2,4
hp_kyte_doolittle2,17,PHKG1,4
hp_kyte_doolittle2,17,PIPOX,12
hp_kyte_doolittle2,17,PLPBP,1
hp_kyte_doolittle2,17,PLPP3,10
hp_kyte_doolittle2,17,PLSCR3,2
hp_kyte_doolittle2,17,PNMA6A,2
hp_kyte_doolittle2,17,PNPO,2
hp_kyte_doolittle2,17,POU3F4,6
hp_kyte_doolittle2,17,POU5F2,4
hp_kyte_doolittle2,17,PRB3,3962
hp_kyte_doolittle2,17,PRDM12,1
hp_kyte_doolittle2,17,PRELP,166
hp_kyte_doolittle2,17,PRICKLE4,72
hp_kyte_doolittle2,17,PRKAR1A,6
hp_kyte_doolittle2,17,PRPS1L1,1
hp_kyte_doolittle2,17,PRR23E,4
hp_kyte_doolittle2,17,PSMA8,4
hp_kyte_doolittle2,17,PVRIG,5
hp_kyte_doolittle2,17,R3HDM4,15
hp_kyte_doolittle2,17,RAD9A,50
hp_kyte_doolittle2,17,RBM43,6
hp_kyte_doolittle2,17,RCN3,8
hp_kyte_doolittle2,17,RFXANK,1
hp_kyte_doolittle2,17,RNASET2,2
hp_kyte_doolittle2,17,RNF121,1
hp_kyte_doolittle2,17,RPS3A,4
hp_kyte_doolittle2,17,RPSA,6
hp_kyte_doolittle2,17,RRAGD,3
hp_kyte_doolittle2,17,RRH,5
hp_kyte_doolittle2,17,RTCA,1
hp_kyte_doolittle2,17,RWDD3,5
hp_kyte_doolittle2,17,SDR42E1,1
hp_kyte_doolittle2,17,SEC22A,4
hp_kyte_doolittle2,17,SERPINE3,15
hp_kyte_doolittle2,17,SETD7,4
hp_kyte_doolittle2,17,SFTPD,121
hp_kyte_doolittle2,17,SFXN3,14
hp_kyte_doolittle2,17,SH2D6,12
hp_kyte_doolittle2,17,SH3GL3,0
hp_kyte_doolittle2,17,SIGLEC14,13
hp_kyte_doolittle2,17,SIGLEC15,2
hp_kyte_doolittle2,17,SIRPB1,13
hp_kyte_doolittle2,17,SLBP,29
hp_kyte_doolittle2,17,SLC25A15,2
hp_kyte_doolittle2,17,SLC25A3,8
hp_kyte_doolittle2,17,SLC25A40,0
hp_kyte_doolittle2,17,SLC25A45,3
hp_kyte_doolittle2,17,SLC25A51,5
hp_kyte_doolittle2,17,SLC30A3,0
hp_kyte_doolittle2,17,SLC30A8,0
hp_kyte_doolittle2,17,SLC35B4,2
hp_kyte_doolittle2,17,SLC35F2,1
hp_kyte_doolittle2,17,SMN2,26
hp_kyte_doolittle2,17,SPDYE1,155
hp_kyte_doolittle2,17,SPDYE2B,154
hp_kyte_doolittle2,17,SPIN3,3
hp_kyte_doolittle2,17,SPRY3,0
hp_kyte_doolittle2,17,SRD5A1,4
hp_kyte_doolittle2,17,SRRD,3
hp_kyte_doolittle2,17,SRSF6,1462
hp_kyte_doolittle2,17,ST8SIA3,5
hp_kyte_doolittle2,17,STAC,104
hp_kyte_doolittle2,17,STARD10,6
hp_kyte_doolittle2,17,STN1,0
hp_kyte_doolittle2,17,STX5,12
hp_kyte_doolittle2,17,SULT1C2,3
hp_kyte_doolittle2,17,SUPT3H,3
hp_kyte_doolittle2,17,SURF6,68
hp_kyte_doolittle2,17,TAS2R31,6
hp_kyte_doolittle2,17,TBX10,7
hp_kyte_doolittle2,17,TDRD10,1
hp_kyte_doolittle2,17,TEX26,135
hp_kyte_doolittle2,17,TFB2M,9
hp_kyte_doolittle2,17,TGFB1,0
hp_kyte_doolittle2,17,TMBIM1,13
hp_kyte_doolittle2,17,TMEFF2,35
hp_kyte_doolittle2,17,TMEM163,2
hp_kyte_doolittle2,17,TMEM38B,0
hp_kyte_doolittle2,17,TMEM64,1
hp_kyte_doolittle2,17,TP53TG5,26
hp_kyte_doolittle2,17,TPM1,7
hp_kyte_doolittle2,17,TSPAN10,3
hp_kyte_doolittle2,17,TTPAL,1
hp_kyte_doolittle2,17,TXNL1,6
hp_kyte_doolittle2,17,UBE3D,0
hp_kyte_doolittle2,17,UBL7,139
hp_kyte_doolittle2,17,UBTFL1,74
hp_kyte_doolittle2,17,UBXN2A,7
hp_kyte_doolittle2,17,UCK1,9
hp_kyte_doolittle2,17,UNC119B,2
hp_kyte_doolittle2,17,UPK3BL1,1
hp_kyte_doolittle2,17,VDAC1,1
hp_kyte_doolittle2,17,VPS26C,3
hp_kyte_doolittle2,17,VSIG2,10
hp_kyte_doolittle2,17,WNT9B,5
hp_kyte_doolittle2,17,ZCCHC12,7
hp_kyte_doolittle2,17,ZCWPW2,8
hp_kyte_doolittle2,17,ZDHHC11B,6
hp_kyte_doolittle2,17,ZDHHC19,1
hp_kyte_doolittle2,17,ZNF330,139
hp_kyte_doolittle2,17,ZNF669,10
hp_kyte_doolittle2,17,ZNF771,1
hp_kyte_doolittle2,17,ZNF787,8
hp_kyte_doolittle2,17,ZNG1B,8
hp_lehninger2,16,ACKR3,5
hp_lehninger2,16,ACTRT2,0
hp_lehninger2,16,ADO,3
hp_lehninger2,16,AGPAT3,0
hp_lehninger2,16,AKTIP,1
hp_lehninger2,16,ANKRD30BL,1
hp_lehninger2,16,ANXA8,0
hp_lehninger2,16,ARGLU1,158
hp_lehninger2,16,ARHGAP11B,0
hp_lehninger2,16,ATXN3,17
hp_lehninger2,16,AZI2,5
hp_lehninger2,16,B3GALT1,0
hp_lehninger2,16,BCDIN3D,2
hp_lehninger2,16,BPIFA1,0
hp_lehninger2,16,C16orf78,2
hp_lehninger2,16,C1QBP,0
hp_lehninger2,16,C1QTNF2,0
hp_lehninger2,16,C1QTNF3,2
hp_lehninger2,16,C1orf141,4
hp_lehninger2,16,C20orf96,1
hp_lehninger2,16,CA2,2
hp_lehninger2,16,CALR3,3
hp_lehninger2,16,CAPZA3,1
hp_lehninger2,16,CCDC117,8
hp_lehninger2,16,CCDC188,6
hp_lehninger2,16,CCDC42,0
hp_lehninger2,16,CCDC68,5
hp_lehninger2,16,CCN2,0
hp_lehninger2,16,CCN3,2
hp_lehninger2,16,CD1D,7
hp_lehninger2,16,CD200R1L,0
hp_lehninger2,16,CD55,7
hp_lehninger2,16,CD72,3
hp_lehninger2,16,CDK5R2,9
hp_lehninger2,16,CDX4,0
hp_lehninger2,16,CEACAM19,0
hp_lehninger2,16,CENPVL2,2
hp_lehninger2,16,CEP44,1
hp_lehninger2,16,CERS1,14
hp_lehninger2,16,CIMIP6,4
hp_lehninger2,16,CLEC12A,4
hp_lehninger2,16,CLVS1,7
hp_lehninger2,16,CMBL,6
hp_lehninger2,16,COQ3,3
hp_lehninger2,16,CREBZF,0
hp_lehninger2,16,CSF2RA,0
hp_lehninger2,16,CT47A12,0
hp_lehninger2,16,CTBS,2
hp_lehninger2,16,CXADR,2
hp_lehninger2,16,CXorf58,7
hp_lehninger2,16,CYSLTR2,6
hp_lehninger2,16,CYTH1,8
hp_lehninger2,16,CYTH4,6
hp_lehninger2,16,DECR2,0
hp_lehninger2,16,DNASE1L3,3
hp_lehninger2,16,DPF2,0
hp_lehninger2,16,EAF1,1
hp_lehninger2,16,ECHDC1,6
hp_lehninger2,16,ECHDC2,0
hp_lehninger2,16,EEF1AKMT4,0
hp_lehninger2,16,EFNB2,8
hp_lehninger2,16,EIF2S2,1
hp_lehninger2,16,EIF3I,2
hp_lehninger2,16,EIF3J,6
hp_lehninger2,16,EIPR1,9
hp_lehninger2,16,ELOVL6,1
hp_lehninger2,16,ENSG00000250349,2
hp_lehninger2,16,ENSG00000270249,3
hp_lehninger2,16,ENSG00000284906,0
hp_lehninger2,16,ERFL,1
hp_lehninger2,16,ERGIC3,2
hp_lehninger2,16,ERLIN2,2
hp_lehninger2,16,ESAM,5
hp_lehninger2,16,EXOG,6
hp_lehninger2,16,FAM107B,1
hp_lehninger2,16,FAM210A,2
hp_lehninger2,16,FAM78B,0
hp_lehninger2,16,FASLG,12
hp_lehninger2,16,FBXO2,4
hp_lehninger2,16,FEZ2,0
hp_lehninger2,16,FGF23,0
hp_lehninger2,16,FGF5,0
hp_lehninger2,16,FKBP6,3
hp_lehninger2,16,FOLR2,1
hp_lehninger2,16,FSAF1,6
hp_lehninger2,16,FSTL1,6
hp_lehninger2,16,GCLM,2
hp_lehninger2,16,GEMIN8,5
hp_lehninger2,16,GIMAP5,0
hp_lehninger2,16,GJC3,5
hp_lehninger2,16,GLT1D1,3
hp_lehninger2,16,GNA15,0
hp_lehninger2,16,GNAZ,1
hp_lehninger2,16,GOLM1,1
hp_lehninger2,16,GPD1L,0
hp_lehninger2,16,GPR160,3
hp_lehninger2,16,GPR171,0
hp_lehninger2,16,GPRC5A,4
hp_lehninger2,16,GRAP2,1
hp_lehninger2,16,GRTP1,7
hp_lehninger2,16,GRXCR2,0
hp_lehninger2,16,GSG1L2,1
hp_lehninger2,16,HAVCR2,7
hp_lehninger2,16,HDGFL1,1
hp_lehninger2,16,HENMT1,2
hp_lehninger2,16,HOXA1,2
hp_lehninger2,16,HOXB8,1
hp_lehninger2,16,HSD17B14,0
hp_lehninger2,16,HSDL1,5
hp_lehninger2,16,HSPE1-MOB4,0
hp_lehninger2,16,ICAM2,0
hp_lehninger2,16,IDI1,6
hp_lehninger2,16,IER5,2
hp_lehninger2,16,IGBP1C,18
hp_lehninger2,16,KCNJ11,2
hp_lehninger2,16,KCTD12,2
hp_lehninger2,16,KDF1,3
hp_lehninger2,16,KIAA1191,5
hp_lehninger2,16,KLF1,6
hp_lehninger2,16,KLF14,1
hp_lehninger2,16,KLK14,2
hp_lehninger2,16,KLK4,0
hp_lehninger2,16,KRT33A,11
hp_lehninger2,16,KRTAP29-1,7
hp_lehninger2,16,KRTAP9-1,4
hp_lehninger2,16,LAYN,5
hp_lehninger2,16,LCLAT1,2
hp_lehninger2,16,LIPT1,2
hp_lehninger2,16,LRRC19,5
hp_lehninger2,16,LRRC39,4
hp_lehninger2,16,LUC7L,113
hp_lehninger2,16,LY6G6F,4
hp_lehninger2,16,LYPD5,1
hp_lehninger2,16,M6PR,3
hp_lehninger2,16,MACROH2A1,4
hp_lehninger2,16,MAGEA9,5
hp_lehninger2,16,MAGEB16,5
hp_lehninger2,16,MAP2K4,0
hp_lehninger2,16,MBNL1,5
hp_lehninger2,16,MBNL2,1
hp_lehninger2,16,MDH1,0
hp_lehninger2,16,METTL22,0
hp_lehninger2,16,METTL24,4
hp_lehninger2,16,MFAP3,2
hp_lehninger2,16,MIOX,1
hp_lehninger2,16,MITD1,0
hp_lehninger2,16,MNX1,9
hp_lehninger2,16,MPST,0
hp_lehninger2,16,MRM1,0
hp_lehninger2,16,MRM2,1
hp_lehninger2,16,MRPL28,2
hp_lehninger2,16,MRPS18B,1
hp_lehninger2,16,MRPS35,1
hp_lehninger2,16,MTCH2,0
hp_lehninger2,16,MVB12A,5
hp_lehninger2,16,NCK1,3
hp_lehninger2,16,NFAM1,11
hp_lehninger2,16,NFE2,7
hp_lehninger2,16,NKAPD1,149
hp_lehninger2,16,NME1-NME2,3
hp_lehninger2,16,NMI,0
hp_lehninger2,16,NXPH3,1
hp_lehninger2,16,NXPH4,2
hp_lehninger2,16,OLIG1,27
hp_lehninger2,16,OPRPN,4
hp_lehninger2,16,OR11H4,3
hp_lehninger2,16,OR11L1,1
hp_lehninger2,16,OR13A1,7
hp_lehninger2,16,OR14C36,5
hp_lehninger2,16,OR1M1,5
hp_lehninger2,16,OR2A42,1
hp_lehninger2,16,OR2G2,0
hp_lehninger2,16,OR2I1,3
hp_lehninger2,16,OR2J3,0
hp_lehninger2,16,OR2L13,0
hp_lehninger2,16,OR2M3,2
hp_lehninger2,16,OR4F29,4
hp_lehninger2,16,OR4K13,7
hp_lehninger2,16,OR4K15,2
hp_lehninger2,16,OR4M2-OT1,3
hp_lehninger2,16,OR51E2,2
hp_lehninger2,16,OR51V1,1
hp_lehninger2,16,OR52E8,1
hp_lehninger2,16,OR52N1,1
hp_lehninger2,16,OR5B17,7
hp_lehninger2,16,OR5M3,3
hp_lehninger2,16,OSGEP,3
hp_lehninger2,16,OTULINL,6
hp_lehninger2,16,PACRGL,6
hp_lehninger2,16,PAGR1,2
hp_lehninger2,16,PANX3,3
hp_lehninger2,16,PBK,2
hp_lehninger2,16,PCGF6,0
hp_lehninger2,16,PDCD2,0
hp_lehninger2,16,PDF,2
hp_lehninger2,16,PGAP2,4
hp_lehninger2,16,PHKG1,6
hp_lehninger2,16,PIPOX,1
hp_lehninger2,16,PLPBP,0
hp_lehninger2,16,PLPP3,3
hp_lehninger2,16,PLSCR3,2
hp_lehninger2,16,PNMA6A,8
hp_lehninger2,16,PNPO,0
hp_lehninger2,16,POU3F4,2
hp_lehninger2,16,POU5F2,0
hp_lehninger2,16,PRB3,0
hp_lehninger2,16,PRDM12,2
hp_lehninger2,16,PRELP,3
hp_lehninger2,16,PRICKLE4,8
hp_lehninger2,16,PRKAR1A,0
hp_lehninger2,16,PRPS1L1,4
hp_lehninger2,16,PRR23E,8
hp_lehninger2,16,PSMA8,6
hp_lehninger2,16,PVRIG,3
hp_lehninger2,16,R3HDM4,0
hp_lehninger2,16,RAD9A,16
hp_lehninger2,16,RBM43,0
hp_lehninger2,16,RCN3,9
hp_lehninger2,16,RFXANK,2
hp_lehninger2,16,RNASET2,7
hp_lehninger2,16,RNF121,0
hp_lehninger2,16,RPS3A,2
hp_lehninger2,16,RPSA,0
hp_lehninger2,16,RRAGD,9
hp_lehninger2,16,RRH,3
hp_lehninger2,16,RTCA,4
hp_lehninger2,16,RWDD3,4
hp_lehninger2,16,SDR42E1,4
hp_lehninger2,16,SEC22A,3
hp_lehninger2,16,SERPINE3,2
hp_lehninger2,16,SETD7,6
hp_lehninger2,16,SFTPD,1
hp_lehninger2,16,SFXN3,8
hp_lehninger2,16,SH2D6,3
hp_lehninger2,16,SH3GL3,7
hp_lehninger2,16,SIGLEC14,2
hp_lehninger2,16,SIGLEC15,2
hp_lehninger2,16,SIRPB1,1
hp_lehninger2,16,SLBP,0
hp_lehninger2,16,SLC25A15,2
hp_lehninger2,16,SLC25A3,1
hp_lehninger2,16,SLC25A40,3
hp_lehninger2,16,SLC25A45,6
hp_lehninger2,16,SLC25A51,4
hp_lehninger2,16,SLC30A3,2
hp_lehninger2,16,SLC30A8,4
hp_lehninger2,16,SLC35B4,1
hp_lehninger2,16,SLC35F2,3
hp_lehninger2,16,SMN2,4
hp_lehninger2,16,SPDYE1,1
hp_lehninger2,16,SPDYE2B,1
hp_lehninger2,16,SPIN3,3
hp_lehninger2,16,SPRY3,4
hp_lehninger2,16,SRD5A1,1
hp_lehninger2,16,SRRD,2
hp_lehninger2,16,SRSF6,97
hp_lehninger2,16,ST8SIA3,8
hp_lehninger2,16,STAC,7
hp_lehninger2,16,STARD10,18
hp_lehninger2,16,STN1,0
hp_lehninger2,16,STX5,11
hp_lehninger2,16,SULT1C2,0
hp_lehninger2,16,SUPT3H,0
hp_lehninger2,16,SURF6,27
hp_lehninger2,16,TAS2R31,3
hp_lehninger2,16,TBX10,2
hp_lehninger2,16,TDRD10,5
hp_lehninger2,16,TEX26,6
hp_lehninger2,16,TFB2M,1
hp_lehninger2,16,TGFB1,8
hp_lehninger2,16,TMBIM1,1
hp_lehninger2,16,TMEFF2,5
hp_lehninger2,16,TMEM163,4
hp_lehninger2,16,TMEM38B,5
hp_lehninger2,16,TMEM64,5
hp_lehninger2,16,TP53TG5,4
hp_lehninger2,16,TPM1,1
hp_lehninger2,16,TSPAN10,13
hp_lehninger2,16,TTPAL,0
hp_lehninger2,16,TXNL1,0
hp_lehninger2,16,UBE3D,3
hp_lehninger2,16,UBL7,2
hp_lehninger2,16,UBTFL1,34
hp_lehninger2,16,UBXN2A,4
hp_lehninger2,16,UCK1,0
hp_lehninger2,16,UNC119B,2
hp_lehninger2,16,UPK3BL1,8
hp_lehninger2,16,VDAC1,4
hp_lehninger2,16,VPS26C,5
hp_lehninger2,16,VSIG2,2
hp_lehninger2,16,WNT9B,3
hp_lehninger2,16,ZCCHC12,6
hp_lehninger2,16,ZCWPW2,12
hp_lehninger2,16,ZDHHC11B,4
hp_lehninger2,16,ZDHHC19,3
hp_lehninger2,16,ZNF330,1
hp_lehninger2,16,ZNF669,0
hp_lehninger2,16,ZNF771,7
hp_lehninger2,16,ZNF787,2
hp_lehninger2,16,ZNG1B,2
hp_lehninger2,17,ACKR3,3
hp_lehninger2,17,ACTRT2,0
hp_lehninger2,17,ADO,1
hp_lehninger2,17,AGPAT3,0
hp_lehninger2,17,AKTIP,0
hp_lehninger2,17,ANKRD30BL,0
hp_lehninger2,17,ANXA8,0
hp_lehninger2,17,ARGLU1,119
hp_lehninger2,17,ARHGAP11B,0
hp_lehninger2,17,ATXN3,11
hp_lehninger2,17,AZI2,1
hp_lehninger2,17,B3GALT1,0
hp_lehninger2,17,BCDIN3D,1
hp_lehninger2,17,BPIFA1,0
hp_lehninger2,17,C16orf78,1
hp_lehninger2,17,C1QBP,0
hp_lehninger2,17,C1QTNF2,0
hp_lehninger2,17,C1QTNF3,1
hp_lehninger2,17,C1orf141,1
hp_lehninger2,17,C20orf96,0
hp_lehninger2,17,CA2,0
hp_lehninger2,17,CALR3,1
hp_lehninger2,17,CAPZA3,0
hp_lehninger2,17,CCDC117,3
hp_lehninger2,17,CCDC188,3
hp_lehninger2,17,CCDC42,0
hp_lehninger2,17,CCDC68,2
hp_lehninger2,17,CCN2,0
hp_lehninger2,17,CCN3,0
hp_lehninger2,17,CD1D,4
hp_lehninger2,17,CD200R1L,0
hp_lehninger2,17,CD55,5
hp_lehninger2,17,CD72,1
hp_lehninger2,17,CDK5R2,5
hp_lehninger2,17,CDX4,0
hp_lehninger2,17,CEACAM19,0
hp_lehninger2,17,CENPVL2,0
hp_lehninger2,17,CEP44,0
hp_lehninger2,17,CERS1,12
hp_lehninger2,17,CIMIP6,2
hp_lehninger2,17,CLEC12A,2
hp_lehninger2,17,CLVS1,3
hp_lehninger2,17,CMBL,4
hp_lehninger2,17,COQ3,2
hp_lehninger2,17,CREBZF,0
hp_lehninger2,17,CSF2RA,0
hp_lehninger2,17,CT47A12,0
hp_lehninger2,17,CTBS,0
hp_lehninger2,17,CXADR,1
hp_lehninger2,17,CXorf58,5
hp_lehninger2,17,CYSLTR2,4
hp_lehninger2,17,CYTH1,5
hp_lehninger2,17,CYTH4,2
hp_lehninger2,17,DECR2,0
hp_lehninger2,17,DNASE1L3,1
hp_lehninger2,17,DPF2,0
hp_lehninger2,17,EAF1,0
hp_lehninger2,17,ECHDC1,4
hp_lehninger2,17,ECHDC2,0
hp_lehninger2,17,EEF1AKMT4,0
hp_lehninger2,17,EFNB2,5
hp_lehninger2,17,EIF2S2,0
hp_lehninger2,17,EIF3I,0
hp_lehninger2,17,EIF3J,4
hp_lehninger2,17,EIPR1,6
hp_lehninger2,17,ELOVL6,0
hp_lehninger2,17,ENSG00000250349,1
hp_lehninger2,17,ENSG00000270249,2
hp_lehninger2,17,ENSG00000284906,0
hp_lehninger2,17,ERFL,0
hp_lehninger2,17,ERGIC3,1
hp_lehninger2,17,ERLIN2,1
hp_lehninger2,17,ESAM,4
hp_lehninger2,17,EXOG,4
hp_lehninger2,17,FAM107B,0
hp_lehninger2,17,FAM210A,1
hp_lehninger2,17,FAM78B,0
hp_lehninger2,17,FASLG,9
hp_lehninger2,17,FBXO2,2
hp_lehninger2,17,FEZ2,0
hp_lehninger2,17,FGF23,0
hp_lehninger2,17,FGF5,0
hp_lehninger2,17,FKBP6,1
hp_lehninger2,17,FOLR2,0
hp_lehninger2,17,FSAF1,4
hp_lehninger2,17,FSTL1,3
hp_lehninger2,17,GCLM,1
hp_lehninger2,17,GEMIN8,3
hp_lehninger2,17,GIMAP5,0
hp_lehninger2,17,GJC3,3
hp_lehninger2,17,GLT1D1,2
hp_lehninger2,17,GNA15,0
hp_lehninger2,17,GNAZ,0
hp_lehninger2,17,GOLM1,0
hp_lehninger2,17,GPD1L,0
hp_lehninger2,17,GPR160,2
hp_lehninger2,17,GPR171,0
hp_lehninger2,17,GPRC5A,3
hp_lehninger2,17,GRAP2,0
hp_lehninger2,17,GRTP1,4
hp_lehninger2,17,GRXCR2,0
hp_lehninger2,17,GSG1L2,0
hp_lehninger2,17,HAVCR2,4
hp_lehninger2,17,HDGFL1,0
hp_lehninger2,17,HENMT1,0
hp_lehninger2,17,HOXA1,0
hp_lehninger2,17,HOXB8,0
hp_lehninger2,17,HSD17B14,0
hp_lehninger2,17,HSDL1,4
hp_lehninger2,17,HSPE1-MOB4,0
hp_lehninger2,17,ICAM2,0
hp_lehninger2,17,IDI1,3
hp_lehninger2,17,IER5,1
hp_lehninger2,17,IGBP1C,11
hp_lehninger2,17,KCNJ11,1
hp_lehninger2,17,KCTD12,1
hp_lehninger2,17,KDF1,2
hp_lehninger2,17,KIAA1191,1
hp_lehninger2,17,KLF1,2
hp_lehninger2,17,KLF14,0
hp_lehninger2,17,KLK14,1
hp_lehninger2,17,KLK4,0
hp_lehninger2,17,KRT33A,9
hp_lehninger2,17,KRTAP29-1,3
hp_lehninger2,17,KRTAP9-1,1
hp_lehninger2,17,LAYN,2
hp_lehninger2,17,LCLAT1,0
hp_lehninger2,17,LIPT1,1
hp_lehninger2,17,LRRC19,3
hp_lehninger2,17,LRRC39,1
hp_lehninger2,17,LUC7L,85
hp_lehninger2,17,LY6G6F,1
hp_lehninger2,17,LYPD5,0
hp_lehninger2,17,M6PR,2
hp_lehninger2,17,MACROH2A1,3
hp_lehninger2,17,MAGEA9,3
hp_lehninger2,17,MAGEB16,2
hp_lehninger2,17,MAP2K4,0
hp_lehninger2,17,MBNL1,2
hp_lehninger2,17,MBNL2,0
hp_lehninger2,17,MDH1,0
hp_lehninger2,17,METTL22,0
hp_lehninger2,17,METTL24,2
hp_lehninger2,17,MFAP3,1
hp_lehninger2,17,MIOX,0
hp_lehninger2,17,MITD1,0
hp_lehninger2,17,MNX1,6
hp_lehninger2,17,MPST,0
hp_lehninger2,17,MRM1,0
hp_lehninger2,17,MRM2,0
hp_lehninger2,17,MRPL28,1
hp_lehninger2,17,MRPS18B,0
hp_lehninger2,17,MRPS35,0
hp_lehninger2,17,MTCH2,0
hp_lehninger2,17,MVB12A,3
hp_lehninger2,17,NCK1,2
hp_lehninger2,17,NFAM1,8
hp_lehninger2,17,NFE2,4
hp_lehninger2,17,NKAPD1,113
hp_lehninger2,17,NME1-NME2,2
hp_lehninger2,17,NMI,0
hp_lehninger2,17,NXPH3,0
hp_lehninger2,17,NXPH4,1
hp_lehninger2,17,OLIG1,16
hp_lehninger2,17,OPRPN,2
hp_lehninger2,17,OR11H4,1
hp_lehninger2,17,OR11L1,0
hp_lehninger2,17,OR13A1,5
hp_lehninger2,17,OR14C36,1
hp_lehninger2,17,OR1M1,4
hp_lehninger2,17,OR2A42,0
hp_lehninger2,17,OR2G2,0
hp_lehninger2,17,OR2I1,2
hp_lehninger2,17,OR2J3,0
hp_lehninger2,17,OR2L13,0
hp_lehninger2,17,OR2M3,1
hp_lehninger2,17,OR4F29,3
hp_lehninger2,17,OR4K13,3
hp_lehninger2,17,OR4K15,0
hp_lehninger2,17,OR4M2-OT1,1
hp_lehninger2,17,OR51E2,1
hp_lehninger2,17,OR51V1,0
hp_lehninger2,17,OR52E8,0
hp_lehninger2,17,OR52N1,0
hp_lehninger2,17,OR5B17,5
hp_lehninger2,17,OR5M3,1
hp_lehninger2,17,OSGEP,1
hp_lehninger2,17,OTULINL,4
hp_lehninger2,17,PACRGL,4
hp_lehninger2,17,PAGR1,1
hp_lehninger2,17,PANX3,2
hp_lehninger2,17,PBK,1
hp_lehninger2,17,PCGF6,0
hp_lehninger2,17,PDCD2,0
hp_lehninger2,17,PDF,1
hp_lehninger2,17,PGAP2,1
hp_lehninger2,17,PHKG1,2
hp_lehninger2,17,PIPOX,0
hp_lehninger2,17,PLPBP,0
hp_lehninger2,17,PLPP3,0
hp_lehninger2,17,PLSCR3,1
hp_lehninger2,17,PNMA6A,6
hp_lehninger2,17,PNPO,0
hp_lehninger2,17,POU3F4,1
hp_lehninger2,17,POU5F2,0
hp_lehninger2,17,PRB3,0
hp_lehninger2,17,PRDM12,0
hp_lehninger2,17,PRELP,1
hp_lehninger2,17,PRICKLE4,4
hp_lehninger2,17,PRKAR1A,0
hp_lehninger2,17,PRPS1L1,2
hp_lehninger2,17,PRR23E,6
hp_lehninger2,17,PSMA8,5
hp_lehninger2,17,PVRIG,2
hp_lehninger2,17,R3HDM4,0
hp_lehninger2,17,RAD9A,14
hp_lehninger2,17,RBM43,0
hp_lehninger2,17,RCN3,5
hp_lehninger2,17,RFXANK,1
hp_lehninger2,17,RNASET2,4
hp_lehninger2,17,RNF121,0
hp_lehninger2,17,RPS3A,1
hp_lehninger2,17,RPSA,0
hp_lehninger2,17,RRAGD,7
hp_lehninger2,17,RRH,1
hp_lehninger2,17,RTCA,1
hp_lehninger2,17,RWDD3,2
hp_lehninger2,17,SDR42E1,1
hp_lehninger2,17,SEC22A,1
hp_lehninger2,17,SERPINE3,0
hp_lehninger2,17,SETD7,2
hp_lehninger2,17,SFTPD,0
hp_lehninger2,17,SFXN3,5
hp_lehninger2,17,SH2D6,0
hp_lehninger2,17,SH3GL3,4
hp_lehninger2,17,SIGLEC14,0
hp_lehninger2,17,SIGLEC15,0
hp_lehninger2,17,SIRPB1,0
hp_lehninger2,17,SLBP,0
hp_lehninger2,17,SLC25A15,0
hp_lehninger2,17,SLC25A3,0
hp_lehninger2,17,SLC25A40,1
hp_lehninger2,17,SLC25A45,3
hp_lehninger2,17,SLC25A51,1
hp_lehninger2,17,SLC30A3,0
hp_lehninger2,17,SLC30A8,1
hp_lehninger2,17,SLC35B4,0
hp_lehninger2,17,SLC35F2,2
hp_lehninger2,17,SMN2,2
hp_lehninger2,17,SPDYE1,0
hp_lehninger2,17,SPDYE2B,0
hp_lehninger2,17,SPIN3,2
hp_lehninger2,17,SPRY3,3
hp_lehninger2,17,SRD5A1,0
hp_lehninger2,17,SRRD,1
hp_lehninger2,17,SRSF6,70
hp_lehninger2,17,ST8SIA3,5
hp_lehninger2,17,STAC,5
hp_lehninger2,17,STARD10,12
hp_lehninger2,17,STN1,0
hp_lehninger2,17,STX5,7
hp_lehninger2,17,SULT1C2,0
hp_lehninger2,17,SUPT3H,0
hp_lehninger2,17,SURF6,17
hp_lehninger2,17,TAS2R31,2
hp_lehninger2,17,TBX10,1
hp_lehninger2,17,TDRD10,3
hp_lehninger2,17,TEX26,3
hp_lehninger2,17,TFB2M,0
hp_lehninger2,17,TGFB1,2
hp_lehninger2,17,TMBIM1,0
hp_lehninger2,17,TMEFF2,2
hp_lehninger2,17,TMEM163,2
hp_lehninger2,17,TMEM38B,4
hp_lehninger2,17,TMEM64,3
hp_lehninger2,17,TP53TG5,1
hp_lehninger2,17,TPM1,0
hp_lehninger2,17,TSPAN10,10
hp_lehninger2,17,TTPAL,0
hp_lehninger2,17,TXNL1,0
hp_lehninger2,17,UBE3D,0
hp_lehninger2,17,UBL7,1
hp_lehninger2,17,UBTFL1,24
hp_lehninger2,17,UBXN2A,2
hp_lehninger2,17,UCK1,0
hp_lehninger2,17,UNC119B,0
hp_lehninger2,17,UPK3BL1,5
hp_lehninger2,17,VDAC1,3
hp_lehninger2,17,VPS26C,2
hp_lehninger2,17,VSIG2,1
hp_lehninger2,17,WNT9B,1
hp_lehninger2,17,ZCCHC12,2
hp_lehninger2,17,ZCWPW2,9
hp_lehninger2,17,ZDHHC11B,1
hp_lehninger2,17,ZDHHC19,1
hp_lehninger2,17,ZNF330,0
hp_lehninger2,17,ZNF669,0
hp_lehninger2,17,ZNF771,4
hp_lehninger2,17,ZNF787,1
hp_lehninger2,17,ZNG1B,0
hp_lehninger2,19,ACKR3,0
hp_lehninger2,19,ACTRT2,0
hp_lehninger2,19,ADO,0
hp_lehninger2,19,AGPAT3,0
hp_lehninger2,19,AKTIP,0
hp_lehninger2,19,ANKRD30BL,0
hp_lehninger2,19,ANXA8,0
hp_lehninger2,19,ARGLU1,55
hp_lehninger2,19,ARHGAP11B,0
hp_lehninger2,19,ATXN3,6
hp_lehninger2,19,AZI2,0
hp_lehninger2,19,B3GALT1,0
hp_lehninger2,19,BCDIN3D,0
hp_lehninger2,19,BPIFA1,0
hp_lehninger2,19,C16orf78,0
hp_lehninger2,19,C1QBP,0
hp_lehninger2,19,C1QTNF2,0
hp_lehninger2,19,C1QTNF3,0
hp_lehninger2,19,C1orf141,0
hp_lehninger2,19,C20orf96,0
hp_lehninger2,19,CA2,0
hp_lehninger2,19,CALR3,0
hp_lehninger2,19,CAPZA3,0
hp_lehninger2,19,CCDC117,0
hp_lehninger2,19,CCDC188,1
hp_lehninger2,19,CCDC42,0
hp_lehninger2,19,CCDC68,0
hp_lehninger2,19,CCN2,0
hp_lehninger2,19,CCN3,0
hp_lehninger2,19,CD1D,2
hp_lehninger2,19,CD200R1L,0
hp_lehninger2,19,CD55,1
hp_lehninger2,19,CD72,0
hp_lehninger2,19,CDK5R2,1
hp_lehninger2,19,CDX4,0
hp_lehninger2,19,CEACAM19,0
hp_lehninger2,19,CENPVL2,0
hp_lehninger2,19,CEP44,0
hp_lehninger2,19,CERS1,8
hp_lehninger2,19,CIMIP6,0
hp_lehninger2,19,CLEC12A,0
hp_lehninger2,19,CLVS1,0
hp_lehninger2,19,CMBL,2
hp_lehninger2,19,COQ3,0
hp_lehninger2,19,CREBZF,0
hp_lehninger2,19,CSF2RA,0
hp_lehninger2,19,CT47A12,0
hp_lehninger2,19,CTBS,0
hp_lehninger2,19,CXADR,0
hp_lehninger2,19,CXorf58,1
hp_lehninger2,19,CYSLTR2,1
hp_lehninger2,19,CYTH1,3
hp_lehninger2,19,CYTH4,0
hp_lehninger2,19,DECR2,0
hp_lehninger2,19,DNASE1L3,0
hp_lehninger2,19,DPF2,0
hp_lehninger2,19,EAF1,0
hp_lehninger2,19,ECHDC1,2
hp_lehninger2,19,ECHDC2,0
hp_lehninger2,19,EEF1AKMT4,0
hp_lehninger2,19,EFNB2,1
hp_lehninger2,19,EIF2S2,0
hp_lehninger2,19,EIF3I,0
hp_lehninger2,19,EIF3J,2
hp_lehninger2,19,EIPR1,3
hp_lehninger2,19,ELOVL6,0
hp_lehninger2,19,ENSG00000250349,0
hp_lehninger2,19,ENSG00000270249,0
hp_lehninger2,19,ENSG00000284906,0
hp_lehninger2,19,ERFL,0
hp_lehninger2,19,ERGIC3,0
hp_lehninger2,19,ERLIN2,0
hp_lehninger2,19,ESAM,2
hp_lehninger2,19,EXOG,0
hp_lehninger2,19,FAM107B,0
hp_lehninger2,19,FAM210A,0
hp_lehninger2,19,FAM78B,0
hp_lehninger2,19,FASLG,3
hp_lehninger2,19,FBXO2,0
hp_lehninger2,19,FEZ2,0
hp_lehninger2,19,FGF23,0
hp_lehninger2,19,FGF5,0
hp_lehninger2,19,FKBP6,0
hp_lehninger2,19,FOLR2,0
hp_lehninger2,19,FSAF1,1
hp_lehninger2,19,FSTL1,0
hp_lehninger2,19,GCLM,0
hp_lehninger2,19,GEMIN8,0
hp_lehninger2,19,GIMAP5,0
hp_lehninger2,19,GJC3,1
hp_lehninger2,19,GLT1D1,0
hp_lehninger2,19,GNA15,0
hp_lehninger2,19,GNAZ,0
hp_lehninger2,19,GOLM1,0
hp_lehninger2,19,GPD1L,0
hp_lehninger2,19,GPR160,0
hp_lehninger2,19,GPR171,0
hp_lehninger2,19,GPRC5A,1
hp_lehninger2,19,GRAP2,0
hp_lehninger2,19,GRTP1,0
hp_lehninger2,19,GRXCR2,0
hp_lehninger2,19,GSG1L2,0
hp_lehninger2,19,HAVCR2,1
hp_lehninger2,19,HDGFL1,0
hp_lehninger2,19,HENMT1,0
hp_lehninger2,19,HOXA1,0
hp_lehninger2,19,HOXB8,0
hp_lehninger2,19,HSD17B14,0
hp_lehninger2,19,HSDL1,2
hp_lehninger2,19,HSPE1-MOB4,0
hp_lehninger2,19,ICAM2,0
hp_lehninger2,19,IDI1,1
hp_lehninger2,19,IER5,0
hp_lehninger2,19,IGBP1C,4
hp_lehninger2,19,KCNJ11,0
hp_lehninger2,19,KCTD12,0
hp_lehninger2,19,KDF1,0
hp_lehninger2,19,KIAA1191,0
hp_lehninger2,19,KLF1,0
hp_lehninger2,19,KLF14,0
hp_lehninger2,19,KLK14,0
hp_lehninger2,19,KLK4,0
hp_lehninger2,19,KRT33A,6
hp_lehninger2,19,KRTAP29-1,0
hp_lehninger2,19,KRTAP9-1,0
hp_lehninger2,19,LAYN,0
hp_lehninger2,19,LCLAT1,0
hp_lehninger2,19,LIPT1,0
hp_lehninger2,19,LRRC19,1
hp_lehninger2,19,LRRC39,0
hp_lehninger2,19,LUC7L,41
hp_lehninger2,19,LY6G6F,0
hp_lehninger2,19,LYPD5,0
hp_lehninger2,19,M6PR,0
hp_lehninger2,19,MACROH2A1,1
hp_lehninger2,19,MAGEA9,0
hp_lehninger2,19,MAGEB16,0
hp_lehninger2,19,MAP2K4,0
hp_lehninger2,19,MBNL1,0
hp_lehninger2,19,MBNL2,0
hp_lehninger2,19,MDH1,0
hp_lehninger2,19,METTL22,0
hp_lehninger2,19,METTL24,0
hp_lehninger2,19,MFAP3,0
hp_lehninger2,19,MIOX,0
hp_lehninger2,19,MITD1,0
hp_lehninger2,19,MNX1,2
hp_lehninger2,19,MPST,0
hp_lehninger2,19,MRM1,0
hp_lehninger2,19,MRM2,0
hp_lehninger2,19,MRPL28,0
hp_lehninger2,19,MRPS18B,0
hp_lehninger2,19,MRPS35,0
hp_lehninger2,19,MTCH2,0
hp_lehninger2,19,MVB12A,1
hp_lehninger2,19,NCK1,0
hp_lehninger2,19,NFAM1,4
hp_lehninger2,19,NFE2,0
hp_lehninger2,19,NKAPD1,53
hp_lehninger2,19,NME1-NME2,0
hp_lehninger2,19,NMI,0
hp_lehninger2,19,NXPH3,0
hp_lehninger2,19,NXPH4,0
hp_lehninger2,19,OLIG1,4
hp_lehninger2,19,OPRPN,0
hp_lehninger2,19,OR11H4,0
hp_lehninger2,19,OR11L1,0
hp_lehninger2,19,OR13A1,3
hp_lehninger2,19,OR14C36,0
hp_lehninger2,19,OR1M1,2
hp_lehninger2,19,OR2A42,0
hp_lehninger2,19,OR2G2,0
hp_lehninger2,19,OR2I1,0
hp_lehninger2,19,OR2J3,0
hp_lehninger2,19,OR2L13,0
hp_lehninger2,19,OR2M3,0
hp_lehninger2,19,OR4F29,1
hp_lehninger2,19,OR4K13,0
hp_lehninger2,19,OR4K15,0
hp_lehninger2,19,OR4M2-OT1,0
hp_lehninger2,19,OR51E2,0
hp_lehninger2,19,OR51V1,0
hp_lehninger2,19,OR52E8,0
hp_lehninger2,19,OR52N1,0
hp_lehninger2,19,OR5B17,1
hp_lehninger2,19,OR5M3,0
hp_lehninger2,19,OSGEP,0
hp_lehninger2,19,OTULINL,2
hp_lehninger2,19,PACRGL,1
hp_lehninger2,19,PAGR1,0
hp_lehninger2,19,PANX3,0
hp_lehninger2,19,PBK,0
hp_lehninger2,19,PCGF6,0
hp_lehninger2,19,PDCD2,0
hp_lehninger2,19,PDF,0
hp_lehninger2,19,PGAP2,0
hp_lehninger2,19,PHKG1,0
hp_lehninger2,19,PIPOX,0
hp_lehninger2,19,PLPBP,0
hp_lehninger2,19,PLPP3,0
hp_lehninger2,19,PLSCR3,0
hp_lehninger2,19,PNMA6A,3
hp_lehninger2,19,PNPO,0
hp_lehninger2,19,POU3F4,0
hp_lehninger2,19,POU5F2,0
hp_lehninger2,19,PRB3,0
hp_lehninger2,19,PRDM12,0
hp_lehninger2,19,PRELP,0
hp_lehninger2,19,PRICKLE4,1
hp_lehninger2,19,PRKAR1A,0
hp_lehninger2,19,PRPS1L1,0
hp_lehninger2,19,PRR23E,4
hp_lehninger2,19,PSMA8,3
hp_lehninger2,19,PVRIG,0
hp_lehninger2,19,R3HDM4,0
hp_lehninger2,19,RAD9A,10
hp_lehninger2,19,RBM43,0
hp_lehninger2,19,RCN3,1
hp_lehninger2,19,RFXANK,0
hp_lehninger2,19,RNASET2,2
hp_lehninger2,19,RNF121,0
hp_lehninger2,19,RPS3A,0
hp_lehninger2,19,RPSA,0
hp_lehninger2,19,RRAGD,4
hp_lehninger2,19,RRH,0
hp_lehninger2,19,RTCA,0
hp_lehninger2,19,RWDD3,0
hp_lehninger2,19,SDR42E1,0
hp_lehninger2,19,SEC22A,0
hp_lehninger2,19,SERPINE3,0
hp_lehninger2,19,SETD7,0
hp_lehninger2,19,SFTPD,0
hp_lehninger2,19,SFXN3,2
hp_lehninger2,19,SH2D6,0
hp_lehninger2,19,SH3GL3,1
hp_lehninger2,19,SIGLEC14,0
hp_lehninger2,19,SIGLEC15,0
hp_lehninger2,19,SIRPB1,0
hp_lehninger2,19,SLBP,0
hp_lehninger2,19,SLC25A15,0
hp_lehninger2,19,SLC25A3,0
hp_lehninger2,19,SLC25A40,0
hp_lehninger2,19,SLC25A45,0
hp_lehninger2,19,SLC25A51,0
hp_lehninger2,19,SLC30A3,0
hp_lehninger2,19,SLC30A8,0
hp_lehninger2,19,SLC35B4,0
hp_lehninger2,19,SLC35F2,0
hp_lehninger2,19,SMN2,0
hp_lehninger2,19,SPDYE1,0
hp_lehninger2,19,SPDYE2B,0
hp_lehninger2,19,SPIN3,0
hp_lehninger2,19,SPRY3,1
hp_lehninger2,19,SRD5A1,0
hp_lehninger2,19,SRRD,0
hp_lehninger2,19,SRSF6,31
hp_lehninger2,19,ST8SIA3,2
hp_lehninger2,19,STAC,1
hp_lehninger2,19,STARD10,5
hp_lehninger2,19,STN1,0
hp_lehninger2,19,STX5,2
hp_lehninger2,19,SULT1C2,0
hp_lehninger2,19,SUPT3H,0
hp_lehninger2,19,SURF6,7
hp_lehninger2,19,TAS2R31,0
hp_lehninger2,19,TBX10,0
hp_lehninger2,19,TDRD10,1
hp_lehninger2,19,TEX26,1
hp_lehninger2,19,TFB2M,0
hp_lehninger2,19,TGFB1,0
hp_lehninger2,19,TMBIM1,0
hp_lehninger2,19,TMEFF2,0
hp_lehninger2,19,TMEM163,0
hp_lehninger2,19,TMEM38B,2
hp_lehninger2,19,TMEM64,0
hp_lehninger2,19,TP53TG5,0
hp_lehninger2,19,TPM1,0
hp_lehninger2,19,TSPAN10,6
hp_lehninger2,19,TTPAL,0
hp_lehninger2,19,TXNL1,0
hp_lehninger2,19,UBE3D,0
hp_lehninger2,19,UBL7,0
hp_lehninger2,19,UBTFL1,10
hp_lehninger2,19,UBXN2A,0
hp_lehninger2,19,UCK1,0
hp_lehninger2,19,UNC119B,0
hp_lehninger2,19,UPK3BL1,2
hp_lehninger2,19,VDAC1,1
hp_lehninger2,19,VPS26C,0
hp_lehninger2,19,VSIG2,0
hp_lehninger2,19,WNT9B,0
hp_lehninger2,19,ZCCHC12,0
hp_lehninger2,19,ZCWPW2,5
hp_lehninger2,19,ZDHHC11B,0
hp_lehninger2,19,ZDHHC19,0
hp_lehninger2,19,ZNF330,0
hp_lehninger2,19,ZNF669,0
hp_lehninger2,19,ZNF771,0
hp_lehninger2,19,ZNF787,0
hp_lehninger2,19,ZNG1B,0
hp_lehninger2,20,ACKR3,0
hp_lehninger2,20,ACTRT2,0
hp_lehninger2,20,ADO,0
hp_lehninger2,20,AGPAT3,0
hp_lehninger2,20,AKTIP,0
hp_lehninger2,20,ANKRD30BL,0
hp_lehninger2,20,ANXA8,0
hp_lehninger2,20,ARGLU1,29
hp_lehninger2,20,ARHGAP11B,0
hp_lehninger2,20,ATXN3,4
hp_lehninger2,20,AZI2,0
hp_lehninger2,20,B3GALT1,0
hp_lehninger2,20,BCDIN3D,0
hp_lehninger2,20,BPIFA1,0
hp_lehninger2,20,C16orf78,0
hp_lehninger2,20,C1QBP,0
hp_lehninger2,20,C1QTNF2,0
hp_lehninger2,20,C1QTNF3,0
hp_lehninger2,20,C1orf141,0
hp_lehninger2,20,C20orf96,0
hp_lehninger2,20,CA2,0
hp_lehninger2,20,CALR3,0
hp_lehninger2,20,CAPZA3,0
hp_lehninger2,20,CCDC117,0
hp_lehninger2,20,CCDC188,0
hp_lehninger2,20,CCDC42,0
hp_lehninger2,20,CCDC68,0
hp_lehninger2,20,CCN2,0
hp_lehninger2,20,CCN3,0
hp_lehninger2,20,CD1D,1
hp_lehninger2,20,CD200R1L,0
hp_lehninger2,20,CD55,0
hp_lehninger2,20,CD72,0
hp_lehninger2,20,CDK5R2,0
hp_lehninger2,20,CDX4,0
hp_lehninger2,20,CEACAM19,0
hp_lehninger2,20,CENPVL2,0
hp_lehninger2,20,CEP44,0
hp_lehninger2,20,CERS1,6
hp_lehninger2,20,CIMIP6,0
hp_lehninger2,20,CLEC12A,0
hp_lehninger2,20,CLVS1,0
hp_lehninger2,20,CMBL,1
hp_lehninger2,20,COQ3,0
hp_lehninger2,20,CREBZF,0
hp_lehninger2,20,CSF2RA,0
hp_lehninger2,20,CT47A12,0
hp_lehninger2,20,CTBS,0
hp_lehninger2,20,CXADR,0
hp_lehninger2,20,CXorf58,0
hp_lehninger2,20,CYSLTR2,0
hp_lehninger2,20,CYTH1,2
hp_lehninger2,20,CYTH4,0
hp_lehninger2,20,DECR2,0
hp_lehninger2,20,DNASE1L3,0
hp_lehninger2,20,DPF2,0
hp_lehninger2,20,EAF1,0
hp_lehninger2,20,ECHDC1,1
hp_lehninger2,20,ECHDC2,0
hp_lehninger2,20,EEF1AKMT4,0
hp_lehninger2,20,EFNB2,0
hp_lehninger2,20,EIF2S2,0
hp_lehninger2,20,EIF3I,0
hp_lehninger2,20,EIF3J,1
hp_lehninger2,20,EIPR1,2
hp_lehninger2,20,ELOVL6,0
hp_lehninger2,20,ENSG00000250349,0
hp_lehninger2,20,ENSG00000270249,0
hp_lehninger2,20,ENSG00000284906,0
hp_lehninger2,20,ERFL,0
hp_lehninger2,20,ERGIC3,0
hp_lehninger2,20,ERLIN2,0
hp_lehninger2,20,ESAM,1
hp_lehninger2,20,EXOG,0
hp_lehninger2,20,FAM107B,0
hp_lehninger2,20,FAM210A,0
hp_lehninger2,20,FAM78B,0
hp_lehninger2,20,FASLG,2
hp_lehninger2,20,FBXO2,0
hp_lehninger2,20,FEZ2,0
hp_lehninger2,20,FGF23,0
hp_lehninger2,20,FGF5,0
hp_lehninger2,20,FKBP6,0
hp_lehninger2,20,FOLR2,0
hp_lehninger2,20,FSAF1,0
hp_lehninger2,20,FSTL1,0
hp_lehninger2,20,GCLM,0
hp_lehninger2,20,GEMIN8,0
hp_lehninger2,20,GIMAP5,0
hp_lehninger2,20,GJC3,0
hp_lehninger2,20,GLT1D1,0
hp_lehninger2,20,GNA15,0
hp_lehninger2,20,GNAZ,0
hp_lehninger2,20,GOLM1,0
hp_lehninger2,20,GPD1L,0
hp_lehninger2,20,GPR160,0
hp_lehninger2,20,GPR171,0
hp_lehninger2,20,GPRC5A,0
hp_lehninger2,20,GRAP2,0
hp_lehninger2,20,GRTP1,0
hp_lehninger2,20,GRXCR2,0
hp_lehninger2,20,GSG1L2,0
hp_lehninger2,20,HAVCR2,0
hp_lehninger2,20,HDGFL1,0
hp_lehninger2,20,HENMT1,0
hp_lehninger2,20,HOXA1,0
hp_lehninger2,20,HOXB8,0
hp_lehninger2,20,HSD17B14,0
hp_lehninger2,20,HSDL1,1
hp_lehninger2,20,HSPE1-MOB4,0
hp_lehninger2,20,ICAM2,0
hp_lehninger2,20,IDI1,0
hp_lehninger2,20,IER5,0
hp_lehninger2,20,IGBP1C,2
hp_lehninger2,20,KCNJ11,0
hp_lehninger2,20,KCTD12,0
hp_lehninger2,20,KDF1,0
hp_lehninger2,20,KIAA1191,0
hp_lehninger2,20,KLF1,0
hp_lehninger2,20,KLF14,0
hp_lehninger2,20,KLK14,0
hp_lehninger2,20,KLK4,0
hp_lehninger2,20,KRT33A,5
hp_lehninger2,20,KRTAP29-1,0
hp_lehninger2,20,KRTAP9-1,0
hp_lehninger2,20,LAYN,0
hp_lehninger2,20,LCLAT1,0
hp_lehninger2,20,LIPT1,0
hp_lehninger2,20,LRRC19,0
hp_lehninger2,20,LRRC39,0
hp_lehninger2,20,LUC7L,25
hp_lehninger2,20,LY6G6F,0
hp_lehninger2,20,LYPD5,0
hp_lehninger2,20,M6PR,0
hp_lehninger2,20,MACROH2A1,0
hp_lehninger2,20,MAGEA9,0
hp_lehninger2,20,MAGEB16,0
hp_lehninger2,20,MAP2K4,0
hp_lehninger2,20,MBNL1,0
hp_lehninger2,20,MBNL2,0
hp_lehninger2,20,MDH1,0
hp_lehninger2,20,METTL22,0
hp_lehninger2,20,METTL24,0
hp_lehninger2,20,MFAP3,0
hp_lehninger2,20,MIOX,0
hp_lehninger2,20,MITD1,0
hp_lehninger2,20,MNX1,1
hp_lehninger2,20,MPST,0
hp_lehninger2,20,MRM1,0
hp_lehninger2,20,MRM2,0
hp_lehninger2,20,MRPL28,0
hp_lehninger2,20,MRPS18B,0
hp_lehninger2,20,MRPS35,0
hp_lehninger2,20,MTCH2,0
hp_lehninger2,20,MVB12A,0
hp_lehninger2,20,NCK1,0
hp_lehninger2,20,NFAM1,3
hp_lehninger2,20,NFE2,0
hp_lehninger2,20,NKAPD1,29
hp_lehninger2,20,NME1-NME2,0
hp_lehninger2,20,NMI,0
hp_lehninger2,20,NXPH3,0
hp_lehninger2,20,NXPH4,0
hp_lehninger2,20,OLIG1,2
hp_lehninger2,20,OPRPN,0
hp_lehninger2,20,OR11H4,0
hp_lehninger2,20,OR11L1,0
hp_lehninger2,20,OR13A1,2
hp_lehninger2,20,OR14C36,0
hp_lehninger2,20,OR1M1,1
hp_lehninger2,20,OR2A42,0
hp_lehninger2,20,OR2G2,0
hp_lehninger2,20,OR2I1,0
hp_lehninger2,20,OR2J3,0
hp_lehninger2,20,OR2L13,0
hp_lehninger2,20,OR2M3,0
hp_lehninger2,20,OR4F29,0
hp_lehninger2,20,OR4K13,0
hp_lehninger2,20,OR4K15,0
hp_lehninger2,20,OR4M2-OT1,0
hp_lehninger2,20,OR51E2,0
hp_lehninger2,20,OR51V1,0
hp_lehninger2,20,OR52E8,0
hp_lehninger2,20,OR52N1,0
hp_lehninger2,20,OR5B17,0
hp_lehninger2,20,OR5M3,0
hp_lehninger2,20,OSGEP,0
hp_lehninger2,20,OTULINL,1
hp_lehninger2,20,PACRGL,0
hp_lehninger2,20,PAGR1,0
hp_lehninger2,20,PANX3,0
hp_lehninger2,20,PBK,0
hp_lehninger2,20,PCGF6,0
hp_lehninger2,20,PDCD2,0
hp_lehninger2,20,PDF,0
hp_lehninger2,20,PGAP2,0
hp_lehninger2,20,PHKG1,0
hp_lehninger2,20,PIPOX,0
hp_lehninger2,20,PLPBP,0
hp_lehninger2,20,PLPP3,0
hp_lehninger2,20,PLSCR3,0
hp_lehninger2,20,PNMA6A,2
hp_lehninger2,20,PNPO,0
hp_lehninger2,20,POU3F4,0
hp_lehninger2,20,POU5F2,0
hp_lehninger2,20,PRB3,0
hp_lehninger2,20,PRDM12,0
hp_lehninger2,20,PRELP,0
hp_lehninger2,20,PRICKLE4,0
hp_lehninger2,20,PRKAR1A,0
hp_lehninger2,20,PRPS1L1,0
hp_lehninger2,20,PRR23E,3
hp_lehninger2,20,PSMA8,2
hp_lehninger2,20,PVRIG,0
hp_lehninger2,20,R3HDM4,0
hp_lehninger2,20,RAD9A,8
hp_lehninger2,20,RBM43,0
hp_lehninger2,20,RCN3,0
hp_lehninger2,20,RFXANK,0
hp_lehninger2,20,RNASET2,1
hp_lehninger2,20,RNF121,0
hp_lehninger2,20,RPS3A,0
hp_lehninger2,20,RPSA,0
hp_lehninger2,20,RRAGD,3
hp_lehninger2,20,RRH,0
hp_lehninger2,20,RTCA,0
hp_lehninger2,20,RWDD3,0
hp_lehninger2,20,SDR42E1,0
hp_lehninger2,20,SEC22A,0
hp_lehninger2,20,SERPINE3,0
hp_lehninger2,20,SETD7,0
hp_lehninger2,20,SFTPD,0
hp_lehninger2,20,SFXN3,1
hp_lehninger2,20,SH2D6,0
hp_lehninger2,20,SH3GL3,0
hp_lehninger2,20,SIGLEC14,0
hp_lehninger2,20,SIGLEC15,0
hp_lehninger2,20,SIRPB1,0
hp_lehninger2,20,SLBP,0
hp_lehninger2,20,SLC25A15,0
hp_lehninger2,20,SLC25A3,0
hp_lehninger2,20,SLC25A40,0
hp_lehninger2,20,SLC25A45,0
hp_lehninger2,20,SLC25A51,0
hp_lehninger2,20,SLC30A3,0
hp_lehninger2,20,SLC30A8,0
hp_lehninger2,20,SLC35B4,0
hp_lehninger2,20,SLC35F2,0
hp_lehninger2,20,SMN2,0
hp_lehninger2,20,SPDYE1,0
hp_lehninger2,20,SPDYE2B,0
hp_lehninger2,20,SPIN3,0
hp_lehninger2,20,SPRY3,0
hp_lehninger2,20,SRD5A1,0
hp_lehninger2,20,SRRD,0
hp_lehninger2,20,SRSF6,18
hp_lehninger2,20,ST8SIA3,1
hp_lehninger2,20,STAC,0
hp_lehninger2,20,STARD10,4
hp_lehninger2,20,STN1,0
hp_lehninger2,20,STX5,1
hp_lehninger2,20,SULT1C2,0
hp_lehninger2,20,SUPT3H,0
hp_lehninger2,20,SURF6,5
hp_lehninger2,20,TAS2R31,0
hp_lehninger2,20,TBX10,0
hp_lehninger2,20,TDRD10,0
hp_lehninger2,20,TEX26,0
hp_lehninger2,20,TFB2M,0
hp_lehninger2,20,TGFB1,0
hp_lehninger2,20,TMBIM1,0
hp_lehninger2,20,TMEFF2,0
hp_lehninger2,20,TMEM163,0
hp_lehninger2,20,TMEM38B,1
hp_lehninger2,20,TMEM64,0
hp_lehninger2,20,TP53TG5,0
hp_lehninger2,20,TPM1,0
hp_lehninger2,20,TSPAN10,5
hp_lehninger2,20,TTPAL,0
hp_lehninger2,20,TXNL1,0
hp_lehninger2,20,UBE3D,0
hp_lehninger2,20,UBL7,0
hp_lehninger2,20,UBTFL1,6
hp_lehninger2,20,UBXN2A,0
hp_lehninger2,20,UCK1,0
hp_lehninger2,20,UNC119B,0
hp_lehninger2,20,UPK3BL1,1
hp_lehninger2,20,VDAC1,0
hp_lehninger2,20,VPS26C,0
hp_lehninger2,20,VSIG2,0
hp_lehninger2,20,WNT9B,0
hp_lehninger2,20,ZCCHC12,0
hp_lehninger2,20,ZCWPW2,4
hp_lehninger2,20,ZDHHC11B,0
hp_lehninger2,20,ZDHHC19,0
hp_lehninger2,20,ZNF330,0
hp_lehninger2,20,ZNF669,0
hp_lehninger2,20,ZNF771,0
hp_lehninger2,20,ZNF787,0
hp_lehninger2,20,ZNG1B,0
hp_lehninger_c_nonpolar2,16,ACKR3,10
hp_lehninger_c_nonpolar2,16,ACTRT2,1
hp_lehninger_c_nonpolar2,16,ADO,3
hp_lehninger_c_nonpolar2,16,AGPAT3,1
hp_lehninger_c_nonpolar2,16,AKTIP,1
hp_lehninger_c_nonpolar2,16,ANKRD30BL,0
hp_lehninger_c_nonpolar2,16,ANXA8,0
hp_lehninger_c_nonpolar2,16,ARGLU1,158
hp_lehninger_c_nonpolar2,16,ARHGAP11B,0
hp_lehninger_c_nonpolar2,16,ATXN3,17
hp_lehninger_c_nonpolar2,16,AZI2,4
hp_lehninger_c_nonpolar2,16,B3GALT1,1
hp_lehninger_c_nonpolar2,16,BCDIN3D,2
hp_lehninger_c_nonpolar2,16,BPIFA1,0
hp_lehninger_c_nonpolar2,16,C16orf78,2
hp_lehninger_c_nonpolar2,16,C1QBP,0
hp_lehninger_c_nonpolar2,16,C1QTNF2,0
hp_lehninger_c_nonpolar2,16,C1QTNF3,4
hp_lehninger_c_nonpolar2,16,C1orf141,1
hp_lehninger_c_nonpolar2,16,C20orf96,1
hp_lehninger_c_nonpolar2,16,CA2,2
hp_lehninger_c_nonpolar2,16,CALR3,3
hp_lehninger_c_nonpolar2,16,CAPZA3,1
hp_lehninger_c_nonpolar2,16,CCDC117,0
hp_lehninger_c_nonpolar2,16,CCDC188,1
hp_lehninger_c_nonpolar2,16,CCDC42,0
hp_lehninger_c_nonpolar2,16,CCDC68,5
hp_lehninger_c_nonpolar2,16,CCN2,6
hp_lehninger_c_nonpolar2,16,CCN3,0
hp_lehninger_c_nonpolar2,16,CD1D,8
hp_lehninger_c_nonpolar2,16,CD200R1L,0
hp_lehninger_c_nonpolar2,16,CD55,4
hp_lehninger_c_nonpolar2,16,CD72,9
hp_lehninger_c_nonpolar2,16,CDK5R2,11
hp_lehninger_c_nonpolar2,16,CDX4,0
hp_lehninger_c_nonpolar2,16,CEACAM19,0
hp_lehninger_c_nonpolar2,16,CENPVL2,2
hp_lehninger_c_nonpolar2,16,CEP44,0
hp_lehninger_c_nonpolar2,16,CERS1,16
hp_lehninger_c_nonpolar2,16,CIMIP6,4
hp_lehninger_c_nonpolar2,16,CLEC12A,5
hp_lehninger_c_nonpolar2,16,CLVS1,7
hp_lehninger_c_nonpolar2,16,CMBL,6
hp_lehninger_c_nonpolar2,16,COQ3,3
hp_lehninger_c_nonpolar2,16,CREBZF,1
hp_lehninger_c_nonpolar2,16,CSF2RA,0
hp_lehninger_c_nonpolar2,16,CT47A12,0
hp_lehninger_c_nonpolar2,16,CTBS,5
hp_lehninger_c_nonpolar2,16,CXADR,4
hp_lehninger_c_nonpolar2,16,CXorf58,7
hp_lehninger_c_nonpolar2,16,CYSLTR2,7
hp_lehninger_c_nonpolar2,16,CYTH1,7
hp_lehninger_c_nonpolar2,16,CYTH4,5
hp_lehninger_c_nonpolar2,16,DECR2,6
hp_lehninger_c_nonpolar2,16,DNASE1L3,3
hp_lehninger_c_nonpolar2,16,DPF2,4
hp_lehninger_c_nonpolar2,16,EAF1,1
hp_lehninger_c_nonpolar2,16,ECHDC1,6
hp_lehninger_c_nonpolar2,16,ECHDC2,0
hp_lehninger_c_nonpolar2,16,EEF1AKMT4,0
hp_lehninger_c_nonpolar2,16,EFNB2,9
hp_lehninger_c_nonpolar2,16,EIF2S2,1
hp_lehninger_c_nonpolar2,16,EIF3I,2
hp_lehninger_c_nonpolar2,16,EIF3J,8
hp_lehninger_c_nonpolar2,16,EIPR1,9
hp_lehninger_c_nonpolar2,16,ELOVL6,3
hp_lehninger_c_nonpolar2,16,ENSG00000250349,2
hp_lehninger_c_nonpolar2,16,ENSG00000270249,0
hp_lehninger_c_nonpolar2,16,ENSG00000284906,0
hp_lehninger_c_nonpolar2,16,ERFL,1
hp_lehninger_c_nonpolar2,16,ERGIC3,0
hp_lehninger_c_nonpolar2,16,ERLIN2,2
hp_lehninger_c_nonpolar2,16,ESAM,5
hp_lehninger_c_nonpolar2,16,EXOG,5
hp_lehninger_c_nonpolar2,16,FAM107B,0
hp_lehninger_c_nonpolar2,16,FAM210A,2
hp_lehninger_c_nonpolar2,16,FAM78B,1
hp_lehninger_c_nonpolar2,16,FASLG,14
hp_lehninger_c_nonpolar2,16,FBXO2,2
hp_lehninger_c_nonpolar2,16,FEZ2,0
hp_lehninger_c_nonpolar2,16,FGF23,0
hp_lehninger_c_nonpolar2,16,FGF5,0
hp_lehninger_c_nonpolar2,16,FKBP6,3
hp_lehninger_c_nonpolar2,16,FOLR2,3
hp_lehninger_c_nonpolar2,16,FSAF1,5
hp_lehninger_c_nonpolar2,16,FSTL1,9
hp_lehninger_c_nonpolar2,16,GCLM,2
hp_lehninger_c_nonpolar2,16,GEMIN8,3
hp_lehninger_c_nonpolar2,16,GIMAP5,0
hp_lehninger_c_nonpolar2,16,GJC3,5
hp_lehninger_c_nonpolar2,16,GLT1D1,3
hp_lehninger_c_nonpolar2,16,GNA15,1
hp_lehninger_c_nonpolar2,16,GNAZ,2
hp_lehninger_c_nonpolar2,16,GOLM1,1
hp_lehninger_c_nonpolar2,16,GPD1L,0
hp_lehninger_c_nonpolar2,16,GPR160,7
hp_lehninger_c_nonpolar2,16,GPR171,2
hp_lehninger_c_nonpolar2,16,GPRC5A,6
hp_lehninger_c_nonpolar2,16,GRAP2,1
hp_lehninger_c_nonpolar2,16,GRTP1,6
hp_lehninger_c_nonpolar2,16,GRXCR2,0
hp_lehninger_c_nonpolar2,16,GSG1L2,1
hp_lehninger_c_nonpolar2,16,HAVCR2,11
hp_lehninger_c_nonpolar2,16,HDGFL1,1
hp_lehninger_c_nonpolar2,16,HENMT1,3
hp_lehninger_c_nonpolar2,16,HOXA1,2
hp_lehninger_c_nonpolar2,16,HOXB8,2
hp_lehninger_c_nonpolar2,16,HSD17B14,0
hp_lehninger_c_nonpolar2,16,HSDL1,5
hp_lehninger_c_nonpolar2,16,HSPE1-MOB4,0
hp_lehninger_c_nonpolar2,16,ICAM2,0
hp_lehninger_c_nonpolar2,16,IDI1,2
hp_lehninger_c_nonpolar2,16,IER5,6
hp_lehninger_c_nonpolar2,16,IGBP1C,18
hp_lehninger_c_nonpolar2,16,KCNJ11,2
hp_lehninger_c_nonpolar2,16,KCTD12,2
hp_lehninger_c_nonpolar2,16,KDF1,3
hp_lehninger_c_nonpolar2,16,KIAA1191,5
hp_lehninger_c_nonpolar2,16,KLF1,6
hp_lehninger_c_nonpolar2,16,KLF14,1
hp_lehninger_c_nonpolar2,16,KLK14,1
hp_lehninger_c_nonpolar2,16,KLK4,0
hp_lehninger_c_nonpolar2,16,KRT33A,1
hp_lehninger_c_nonpolar2,16,KRTAP29-1,12
hp_lehninger_c_nonpolar2,16,KRTAP9-1,5
hp_lehninger_c_nonpolar2,16,LAYN,7
hp_lehninger_c_nonpolar2,16,LCLAT1,2
hp_lehninger_c_nonpolar2,16,LIPT1,2
hp_lehninger_c_nonpolar2,16,LRRC19,5
hp_lehninger_c_nonpolar2,16,LRRC39,6
hp_lehninger_c_nonpolar2,16,LUC7L,113
hp_lehninger_c_nonpolar2,16,LY6G6F,4
hp_lehninger_c_nonpolar2,16,LYPD5,1
hp_lehninger_c_nonpolar2,16,M6PR,4
hp_lehninger_c_nonpolar2,16,MACROH2A1,4
hp_lehninger_c_nonpolar2,16,MAGEA9,5
hp_lehninger_c_nonpolar2,16,MAGEB16,5
hp_lehninger_c_nonpolar2,16,MAP2K4,1
hp_lehninger_c_nonpolar2,16,MBNL1,4
hp_lehninger_c_nonpolar2,16,MBNL2,0
hp_lehninger_c_nonpolar2,16,MDH1,0
hp_lehninger_c_nonpolar2,16,METTL22,0
hp_lehninger_c_nonpolar2,16,METTL24,4
hp_lehninger_c_nonpolar2,16,MFAP3,5
hp_lehninger_c_nonpolar2,16,MIOX,1
hp_lehninger_c_nonpolar2,16,MITD1,0
hp_lehninger_c_nonpolar2,16,MNX1,6
hp_lehninger_c_nonpolar2,16,MPST,0
hp_lehninger_c_nonpolar2,16,MRM1,1
hp_lehninger_c_nonpolar2,16,MRM2,0
hp_lehninger_c_nonpolar2,16,MRPL28,2
hp_lehninger_c_nonpolar2,16,MRPS18B,1
hp_lehninger_c_nonpolar2,16,MRPS35,1
hp_lehninger_c_nonpolar2,16,MTCH2,2
hp_lehninger_c_nonpolar2,16,MVB12A,1
hp_lehninger_c_nonpolar2,16,NCK1,3
hp_lehninger_c_nonpolar2,16,NFAM1,6
hp_lehninger_c_nonpolar2,16,NFE2,4
hp_lehninger_c_nonpolar2,16,NKAPD1,149
hp_lehninger_c_nonpolar2,16,NME1-NME2,2
hp_lehninger_c_nonpolar2,16,NMI,0
hp_lehninger_c_nonpolar2,16,NXPH3,6
hp_lehninger_c_nonpolar2,16,NXPH4,3
hp_lehninger_c_nonpolar2,16,OLIG1,26
hp_lehninger_c_nonpolar2,16,OPRPN,4
hp_lehninger_c_nonpolar2,16,OR11H4,9
hp_lehninger_c_nonpolar2,16,OR11L1,2
hp_lehninger_c_nonpolar2,16,OR13A1,7
hp_lehninger_c_nonpolar2,16,OR14C36,0
hp_lehninger_c_nonpolar2,16,OR1M1,1
hp_lehninger_c_nonpolar2,16,OR2A42,2
hp_lehninger_c_nonpolar2,16,OR2G2,2
hp_lehninger_c_nonpolar2,16,OR2I1,1
hp_lehninger_c_nonpolar2,16,OR2J3,1
hp_lehninger_c_nonpolar2,16,OR2L13,3
hp_lehninger_c_nonpolar2,16,OR2M3,5
hp_lehninger_c_nonpolar2,16,OR4F29,4
hp_lehninger_c_nonpolar2,16,OR4K13,11
hp_lehninger_c_nonpolar2,16,OR4K15,3
hp_lehninger_c_nonpolar2,16,OR4M2-OT1,10
hp_lehninger_c_nonpolar2,16,OR51E2,2
hp_lehninger_c_nonpolar2,16,OR51V1,3
hp_lehninger_c_nonpolar2,16,OR52E8,3
hp_lehninger_c_nonpolar2,16,OR52N1,1
hp_lehninger_c_nonpolar2,16,OR5B17,10
hp_lehninger_c_nonpolar2,16,OR5M3,3
hp_lehninger_c_nonpolar2,16,OSGEP,3
hp_lehninger_c_nonpolar2,16,OTULINL,4
hp_lehninger_c_nonpolar2,16,PACRGL,7
hp_lehninger_c_nonpolar2,16,PAGR1,2
hp_lehninger_c_nonpolar2,16,PANX3,0
hp_lehninger_c_nonpolar2,16,PBK,2
hp_lehninger_c_nonpolar2,16,PCGF6,0
hp_lehninger_c_nonpolar2,16,PDCD2,1
hp_lehninger_c_nonpolar2,16,PDF,2
hp_lehninger_c_nonpolar2,16,PGAP2,7
hp_lehninger_c_nonpolar2,16,PHKG1,6
hp_lehninger_c_nonpolar2,16,PIPOX,5
hp_lehninger_c_nonpolar2,16,PLPBP,0
hp_lehninger_c_nonpolar2,16,PLPP3,6
hp_lehninger_c_nonpolar2,16,PLSCR3,4
hp_lehninger_c_nonpolar2,16,PNMA6A,10
hp_lehninger_c_nonpolar2,16,PNPO,0
hp_lehninger_c_nonpolar2,16,POU3F4,2
hp_lehninger_c_nonpolar2,16,POU5F2,2
hp_lehninger_c_nonpolar2,16,PRB3,0
hp_lehninger_c_nonpolar2,16,PRDM12,2
hp_lehninger_c_nonpolar2,16,PRELP,3
hp_lehninger_c_nonpolar2,16,PRICKLE4,2
hp_lehninger_c_nonpolar2,16,PRKAR1A,0
hp_lehninger_c_nonpolar2,16,PRPS1L1,5
hp_lehninger_c_nonpolar2,16,PRR23E,3
hp_lehninger_c_nonpolar2,16,PSMA8,0
hp_lehninger_c_nonpolar2,16,PVRIG,2
hp_lehninger_c_nonpolar2,16,R3HDM4,0
hp_lehninger_c_nonpolar2,16,RAD9A,1
hp_lehninger_c_nonpolar2,16,RBM43,0
hp_lehninger_c_nonpolar2,16,RCN3,9
hp_lehninger_c_nonpolar2,16,RFXANK,2
hp_lehninger_c_nonpolar2,16,RNASET2,7
hp_lehninger_c_nonpolar2,16,RNF121,0
hp_lehninger_c_nonpolar2,16,RPS3A,2
hp_lehninger_c_nonpolar2,16,RPSA,0
hp_lehninger_c_nonpolar2,16,RRAGD,8
hp_lehninger_c_nonpolar2,16,RRH,1
hp_lehninger_c_nonpolar2,16,RTCA,8
hp_lehninger_c_nonpolar2,16,RWDD3,4
hp_lehninger_c_nonpolar2,16,SDR42E1,4
hp_lehninger_c_nonpolar2,16,SEC22A,8
hp_lehninger_c_nonpolar2,16,SERPINE3,2
hp_lehninger_c_nonpolar2,16,SETD7,6
hp_lehninger_c_nonpolar2,16,SFTPD,1
hp_lehninger_c_nonpolar2,16,SFXN3,4
hp_lehninger_c_nonpolar2,16,SH2D6,3
hp_lehninger_c_nonpolar2,16,SH3GL3,7
hp_lehninger_c_nonpolar2,16,SIGLEC14,2
hp_lehninger_c_nonpolar2,16,SIGLEC15,3
hp_lehninger_c_nonpolar2,16,SIRPB1,3
hp_lehninger_c_nonpolar2,16,SLBP,2
hp_lehninger_c_nonpolar2,16,SLC25A15,0
hp_lehninger_c_nonpolar2,16,SLC25A3,2
hp_lehninger_c_nonpolar2,16,SLC25A40,3
hp_lehninger_c_nonpolar2,16,SLC25A45,4
hp_lehninger_c_nonpolar2,16,SLC25A51,4
hp_lehninger_c_nonpolar2,16,SLC30A3,6
hp_lehninger_c_nonpolar2,16,SLC30A8,5
hp_lehninger_c_nonpolar2,16,SLC35B4,1
hp_lehninger_c_nonpolar2,16,SLC35F2,3
hp_lehninger_c_nonpolar2,16,SMN2,7
hp_lehninger_c_nonpolar2,16,SPDYE1,1
hp_lehninger_c_nonpolar2,16,SPDYE2B,1
hp_lehninger_c_nonpolar2,16,SPIN3,3
hp_lehninger_c_nonpolar2,16,SPRY3,0
hp_lehninger_c_nonpolar2,16,SRD5A1,7
hp_lehninger_c_nonpolar2,16,SRRD,2
hp_lehninger_c_nonpolar2,16,SRSF6,97
hp_lehninger_c_nonpolar2,16,ST8SIA3,8
hp_lehninger_c_nonpolar2,16,STAC,9
hp_lehninger_c_nonpolar2,16,STARD10,17
hp_lehninger_c_nonpolar2,16,STN1,0
hp_lehninger_c_nonpolar2,16,STX5,11
hp_lehninger_c_nonpolar2,16,SULT1C2,0
hp_lehninger_c_nonpolar2,16,SUPT3H,0
hp_lehninger_c_nonpolar2,16,SURF6,27
hp_lehninger_c_nonpolar2,16,TAS2R31,1
hp_lehninger_c_nonpolar2,16,TBX10,0
hp_lehninger_c_nonpolar2,16,TDRD10,5
hp_lehninger_c_nonpolar2,16,TEX26,6
hp_lehninger_c_nonpolar2,16,TFB2M,1
hp_lehninger_c_nonpolar2,16,TGFB1,5
hp_lehninger_c_nonpolar2,16,TMBIM1,1
hp_lehninger_c_nonpolar2,16,TMEFF2,0
hp_lehninger_c_nonpolar2,16,TMEM163,7
hp_lehninger_c_nonpolar2,16,TMEM38B,1
hp_lehninger_c_nonpolar2,16,TMEM64,2
hp_lehninger_c_nonpolar2,16,TP53TG5,4
hp_lehninger_c_nonpolar2,16,TPM1,1
hp_lehninger_c_nonpolar2,16,TSPAN10,15
hp_lehninger_c_nonpolar2,16,TTPAL,4
hp_lehninger_c_nonpolar2,16,TXNL1,0
hp_lehninger_c_nonpolar2,16,UBE3D,3
hp_lehninger_c_nonpolar2,16,UBL7,0
hp_lehninger_c_nonpolar2,16,UBTFL1,19
hp_lehninger_c_nonpolar2,16,UBXN2A,1
hp_lehninger_c_nonpolar2,16,UCK1,0
hp_lehninger_c_nonpolar2,16,UNC119B,2
hp_lehninger_c_nonpolar2,16,UPK3BL1,8
hp_lehninger_c_nonpolar2,16,VDAC1,4
hp_lehninger_c_nonpolar2,16,VPS26C,11
hp_lehninger_c_nonpolar2,16,VSIG2,1
hp_lehninger_c_nonpolar2,16,WNT9B,0
hp_lehninger_c_nonpolar2,16,ZCCHC12,8
hp_lehninger_c_nonpolar2,16,ZCWPW2,15
hp_lehninger_c_nonpolar2,16,ZDHHC11B,5
hp_lehninger_c_nonpolar2,16,ZDHHC19,2
hp_lehninger_c_nonpolar2,16,ZNF330,1
hp_lehninger_c_nonpolar2,16,ZNF669,0
hp_lehninger_c_nonpolar2,16,ZNF771,1
hp_lehninger_c_nonpolar2,16,ZNF787,0
hp_lehninger_c_nonpolar2,16,ZNG1B,2
hp_lehninger_c_nonpolar2,20,ACKR3,5
hp_lehninger_c_nonpolar2,20,ACTRT2,0
hp_lehninger_c_nonpolar2,20,ADO,0
hp_lehninger_c_nonpolar2,20,AGPAT3,0
hp_lehninger_c_nonpolar2,20,AKTIP,0
hp_lehninger_c_nonpolar2,20,ANKRD30BL,0
hp_lehninger_c_nonpolar2,20,ANXA8,0
hp_lehninger_c_nonpolar2,20,ARGLU1,29
hp_lehninger_c_nonpolar2,20,ARHGAP11B,0
hp_lehninger_c_nonpolar2,20,ATXN3,4
hp_lehninger_c_nonpolar2,20,AZI2,0
hp_lehninger_c_nonpolar2,20,B3GALT1,0
hp_lehninger_c_nonpolar2,20,BCDIN3D,0
hp_lehninger_c_nonpolar2,20,BPIFA1,0
hp_lehninger_c_nonpolar2,20,C16orf78,0
hp_lehninger_c_nonpolar2,20,C1QBP,0
hp_lehninger_c_nonpolar2,20,C1QTNF2,0
hp_lehninger_c_nonpolar2,20,C1QTNF3,0
hp_lehninger_c_nonpolar2,20,C1orf141,0
hp_lehninger_c_nonpolar2,20,C20orf96,0
hp_lehninger_c_nonpolar2,20,CA2,0
hp_lehninger_c_nonpolar2,20,CALR3,0
hp_lehninger_c_nonpolar2,20,CAPZA3,0
hp_lehninger_c_nonpolar2,20,CCDC117,0
hp_lehninger_c_nonpolar2,20,CCDC188,0
hp_lehninger_c_nonpolar2,20,CCDC42,0
hp_lehninger_c_nonpolar2,20,CCDC68,0
hp_lehninger_c_nonpolar2,20,CCN2,2
hp_lehninger_c_nonpolar2,20,CCN3,0
hp_lehninger_c_nonpolar2,20,CD1D,2
hp_lehninger_c_nonpolar2,20,CD200R1L,0
hp_lehninger_c_nonpolar2,20,CD55,0
hp_lehninger_c_nonpolar2,20,CD72,0
hp_lehninger_c_nonpolar2,20,CDK5R2,0
hp_lehninger_c_nonpolar2,20,CDX4,0
hp_lehninger_c_nonpolar2,20,CEACAM19,0
hp_lehninger_c_nonpolar2,20,CENPVL2,0
hp_lehninger_c_nonpolar2,20,CEP44,0
hp_lehninger_c_nonpolar2,20,CERS1,8
hp_lehninger_c_nonpolar2,20,CIMIP6,0
hp_lehninger_c_nonpolar2,20,CLEC12A,0
hp_lehninger_c_nonpolar2,20,CLVS1,0
hp_lehninger_c_nonpolar2,20,CMBL,1
hp_lehninger_c_nonpolar2,20,COQ3,0
hp_lehninger_c_nonpolar2,20,CREBZF,0
hp_lehninger_c_nonpolar2,20,CSF2RA,0
hp_lehninger_c_nonpolar2,20,CT47A12,0
hp_lehninger_c_nonpolar2,20,CTBS,0
hp_lehninger_c_nonpolar2,20,CXADR,0
hp_lehninger_c_nonpolar2,20,CXorf58,0
hp_lehninger_c_nonpolar2,20,CYSLTR2,0
hp_lehninger_c_nonpolar2,20,CYTH1,2
hp_lehninger_c_nonpolar2,20,CYTH4,0
hp_lehninger_c_nonpolar2,20,DECR2,0
hp_lehninger_c_nonpolar2,20,DNASE1L3,0
hp_lehninger_c_nonpolar2,20,DPF2,0
hp_lehninger_c_nonpolar2,20,EAF1,0
hp_lehninger_c_nonpolar2,20,ECHDC1,1
hp_lehninger_c_nonpolar2,20,ECHDC2,0
hp_lehninger_c_nonpolar2,20,EEF1AKMT4,0
hp_lehninger_c_nonpolar2,20,EFNB2,0
hp_lehninger_c_nonpolar2,20,EIF2S2,0
hp_lehninger_c_nonpolar2,20,EIF3I,0
hp_lehninger_c_nonpolar2,20,EIF3J,1
hp_lehninger_c_nonpolar2,20,EIPR1,2
hp_lehninger_c_nonpolar2,20,ELOVL6,0
hp_lehninger_c_nonpolar2,20,ENSG00000250349,0
hp_lehninger_c_nonpolar2,20,ENSG00000270249,0
hp_lehninger_c_nonpolar2,20,ENSG00000284906,0
hp_lehninger_c_nonpolar2,20,ERFL,0
hp_lehninger_c_nonpolar2,20,ERGIC3,0
hp_lehninger_c_nonpolar2,20,ERLIN2,0
hp_lehninger_c_nonpolar2,20,ESAM,1
hp_lehninger_c_nonpolar2,20,EXOG,0
hp_lehninger_c_nonpolar2,20,FAM107B,0
hp_lehninger_c_nonpolar2,20,FAM210A,0
hp_lehninger_c_nonpolar2,20,FAM78B,0
hp_lehninger_c_nonpolar2,20,FASLG,2
hp_lehninger_c_nonpolar2,20,FBXO2,0
hp_lehninger_c_nonpolar2,20,FEZ2,0
hp_lehninger_c_nonpolar2,20,FGF23,0
hp_lehninger_c_nonpolar2,20,FGF5,0
hp_lehninger_c_nonpolar2,20,FKBP6,0
hp_lehninger_c_nonpolar2,20,FOLR2,0
hp_lehninger_c_nonpolar2,20,FSAF1,0
hp_lehninger_c_nonpolar2,20,FSTL1,0
hp_lehninger_c_nonpolar2,20,GCLM,0
hp_lehninger_c_nonpolar2,20,GEMIN8,0
hp_lehninger_c_nonpolar2,20,GIMAP5,0
hp_lehninger_c_nonpolar2,20,GJC3,0
hp_lehninger_c_nonpolar2,20,GLT1D1,0
hp_lehninger_c_nonpolar2,20,GNA15,0
hp_lehninger_c_nonpolar2,20,GNAZ,0
hp_lehninger_c_nonpolar2,20,GOLM1,0
hp_lehninger_c_nonpolar2,20,GPD1L,0
hp_lehninger_c_nonpolar2,20,GPR160,0
hp_lehninger_c_nonpolar2,20,GPR171,0
hp_lehninger_c_nonpolar2,20,GPRC5A,0
hp_lehninger_c_nonpolar2,20,GRAP2,0
hp_lehninger_c_nonpolar2,20,GRTP1,0
hp_lehninger_c_nonpolar2,20,GRXCR2,0
hp_lehninger_c_nonpolar2,20,GSG1L2,0
hp_lehninger_c_nonpolar2,20,HAVCR2,0
hp_lehninger_c_nonpolar2,20,HDGFL1,0
hp_lehninger_c_nonpolar2,20,HENMT1,0
hp_lehninger_c_nonpolar2,20,HOXA1,0
hp_lehninger_c_nonpolar2,20,HOXB8,0
hp_lehninger_c_nonpolar2,20,HSD17B14,0
hp_lehninger_c_nonpolar2,20,HSDL1,1
hp_lehninger_c_nonpolar2,20,HSPE1-MOB4,0
hp_lehninger_c_nonpolar2,20,ICAM2,0
hp_lehninger_c_nonpolar2,20,IDI1,0
hp_lehninger_c_nonpolar2,20,IER5,0
hp_lehninger_c_nonpolar2,20,IGBP1C,2
hp_lehninger_c_nonpolar2,20,KCNJ11,0
hp_lehninger_c_nonpolar2,20,KCTD12,0
hp_lehninger_c_nonpolar2,20,KDF1,0
hp_lehninger_c_nonpolar2,20,KIAA1191,0
hp_lehninger_c_nonpolar2,20,KLF1,0
hp_lehninger_c_nonpolar2,20,KLF14,0
hp_lehninger_c_nonpolar2,20,KLK14,0
hp_lehninger_c_nonpolar2,20,KLK4,0
hp_lehninger_c_nonpolar2,20,KRT33A,0
hp_lehninger_c_nonpolar2,20,KRTAP29-1,2
hp_lehninger_c_nonpolar2,20,KRTAP9-1,0
hp_lehninger_c_nonpolar2,20,LAYN,0
hp_lehninger_c_nonpolar2,20,LCLAT1,0
hp_lehninger_c_nonpolar2,20,LIPT1,0
hp_lehninger_c_nonpolar2,20,LRRC19,0
hp_lehninger_c_nonpolar2,20,LRRC39,0
hp_lehninger_c_nonpolar2,20,LUC7L,25
hp_lehninger_c_nonpolar2,20,LY6G6F,0
hp_lehninger_c_nonpolar2,20,LYPD5,0
hp_lehninger_c_nonpolar2,20,M6PR,0
hp_lehninger_c_nonpolar2,20,MACROH2A1,0
hp_lehninger_c_nonpolar2,20,MAGEA9,0
hp_lehninger_c_nonpolar2,20,MAGEB16,0
hp_lehninger_c_nonpolar2,20,MAP2K4,0
hp_lehninger_c_nonpolar2,20,MBNL1,0
hp_lehninger_c_nonpolar2,20,MBNL2,0
hp_lehninger_c_nonpolar2,20,MDH1,0
hp_lehninger_c_nonpolar2,20,METTL22,0
hp_lehninger_c_nonpolar2,20,METTL24,0
hp_lehninger_c_nonpolar2,20,MFAP3,1
hp_lehninger_c_nonpolar2,20,MIOX,0
hp_lehninger_c_nonpolar2,20,MITD1,0
hp_lehninger_c_nonpolar2,20,MNX1,1
hp_lehninger_c_nonpolar2,20,MPST,0
hp_lehninger_c_nonpolar2,20,MRM1,0
hp_lehninger_c_nonpolar2,20,MRM2,0
hp_lehninger_c_nonpolar2,20,MRPL28,0
hp_lehninger_c_nonpolar2,20,MRPS18B,0
hp_lehninger_c_nonpolar2,20,MRPS35,0
hp_lehninger_c_nonpolar2,20,MTCH2,0
hp_lehninger_c_nonpolar2,20,MVB12A,0
hp_lehninger_c_nonpolar2,20,NCK1,0
hp_lehninger_c_nonpolar2,20,NFAM1,0
hp_lehninger_c_nonpolar2,20,NFE2,0
hp_lehninger_c_nonpolar2,20,NKAPD1,29
hp_lehninger_c_nonpolar2,20,NME1-NME2,0
hp_lehninger_c_nonpolar2,20,NMI,0
hp_lehninger_c_nonpolar2,20,NXPH3,1
hp_lehninger_c_nonpolar2,20,NXPH4,0
hp_lehninger_c_nonpolar2,20,OLIG1,2
hp_lehninger_c_nonpolar2,20,OPRPN,0
hp_lehninger_c_nonpolar2,20,OR11H4,2
hp_lehninger_c_nonpolar2,20,OR11L1,0
hp_lehninger_c_nonpolar2,20,OR13A1,2
hp_lehninger_c_nonpolar2,20,OR14C36,0
hp_lehninger_c_nonpolar2,20,OR1M1,0
hp_lehninger_c_nonpolar2,20,OR2A42,0
hp_lehninger_c_nonpolar2,20,OR2G2,0
hp_lehninger_c_nonpolar2,20,OR2I1,0
hp_lehninger_c_nonpolar2,20,OR2J3,0
hp_lehninger_c_nonpolar2,20,OR2L13,0
hp_lehninger_c_nonpolar2,20,OR2M3,0
hp_lehninger_c_nonpolar2,20,OR4F29,0
hp_lehninger_c_nonpolar2,20,OR4K13,0
hp_lehninger_c_nonpolar2,20,OR4K15,0
hp_lehninger_c_nonpolar2,20,OR4M2-OT1,0
hp_lehninger_c_nonpolar2,20,OR51E2,0
hp_lehninger_c_nonpolar2,20,OR51V1,0
hp_lehninger_c_nonpolar2,20,OR52E8,0
hp_lehninger_c_nonpolar2,20,OR52N1,0
hp_lehninger_c_nonpolar2,20,OR5B17,0
hp_lehninger_c_nonpolar2,20,OR5M3,0
hp_lehninger_c_nonpolar2,20,OSGEP,0
hp_lehninger_c_nonpolar2,20,OTULINL,0
hp_lehninger_c_nonpolar2,20,PACRGL,0
hp_lehninger_c_nonpolar2,20,PAGR1,0
hp_lehninger_c_nonpolar2,20,PANX3,0
hp_lehninger_c_nonpolar2,20,PBK,0
hp_lehninger_c_nonpolar2,20,PCGF6,0
hp_lehninger_c_nonpolar2,20,PDCD2,0
hp_lehninger_c_nonpolar2,20,PDF,0
hp_lehninger_c_nonpolar2,20,PGAP2,0
hp_lehninger_c_nonpolar2,20,PHKG1,0
hp_lehninger_c_nonpolar2,20,PIPOX,0
hp_lehninger_c_nonpolar2,20,PLPBP,0
hp_lehninger_c_nonpolar2,20,PLPP3,0
hp_lehninger_c_nonpolar2,20,PLSCR3,0
hp_lehninger_c_nonpolar2,20,PNMA6A,0
hp_lehninger_c_nonpolar2,20,PNPO,0
hp_lehninger_c_nonpolar2,20,POU3F4,0
hp_lehninger_c_nonpolar2,20,POU5F2,0
hp_lehninger_c_nonpolar2,20,PRB3,0
hp_lehninger_c_nonpolar2,20,PRDM12,0
hp_lehninger_c_nonpolar2,20,PRELP,0
hp_lehninger_c_nonpolar2,20,PRICKLE4,0
hp_lehninger_c_nonpolar2,20,PRKAR1A,0
hp_lehninger_c_nonpolar2,20,PRPS1L1,0
hp_lehninger_c_nonpolar2,20,PRR23E,0
hp_lehninger_c_nonpolar2,20,PSMA8,0
hp_lehninger_c_nonpolar2,20,PVRIG,0
hp_lehninger_c_nonpolar2,20,R3HDM4,0
hp_lehninger_c_nonpolar2,20,RAD9A,0
hp_lehninger_c_nonpolar2,20,RBM43,0
hp_lehninger_c_nonpolar2,20,RCN3,0
hp_lehninger_c_nonpolar2,20,RFXANK,0
hp_lehninger_c_nonpolar2,20,RNASET2,2
hp_lehninger_c_nonpolar2,20,RNF121,0
hp_lehninger_c_nonpolar2,20,RPS3A,0
hp_lehninger_c_nonpolar2,20,RPSA,0
hp_lehninger_c_nonpolar2,20,RRAGD,3
hp_lehninger_c_nonpolar2,20,RRH,0
hp_lehninger_c_nonpolar2,20,RTCA,0
hp_lehninger_c_nonpolar2,20,RWDD3,0
hp_lehninger_c_nonpolar2,20,SDR42E1,0
hp_lehninger_c_nonpolar2,20,SEC22A,0
hp_lehninger_c_nonpolar2,20,SERPINE3,0
hp_lehninger_c_nonpolar2,20,SETD7,0
hp_lehninger_c_nonpolar2,20,SFTPD,0
hp_lehninger_c_nonpolar2,20,SFXN3,0
hp_lehninger_c_nonpolar2,20,SH2D6,0
hp_lehninger_c_nonpolar2,20,SH3GL3,0
hp_lehninger_c_nonpolar2,20,SIGLEC14,0
hp_lehninger_c_nonpolar2,20,SIGLEC15,0
hp_lehninger_c_nonpolar2,20,SIRPB1,0
hp_lehninger_c_nonpolar2,20,SLBP,0
hp_lehninger_c_nonpolar2,20,SLC25A15,0
hp_lehninger_c_nonpolar2,20,SLC25A3,0
hp_lehninger_c_nonpolar2,20,SLC25A40,0
hp_lehninger_c_nonpolar2,20,SLC25A45,0
hp_lehninger_c_nonpolar2,20,SLC25A51,0
hp_lehninger_c_nonpolar2,20,SLC30A3,2
hp_lehninger_c_nonpolar2,20,SLC30A8,0
hp_lehninger_c_nonpolar2,20,SLC35B4,0
hp_lehninger_c_nonpolar2,20,SLC35F2,0
hp_lehninger_c_nonpolar2,20,SMN2,0
hp_lehninger_c_nonpolar2,20,SPDYE1,0
hp_lehninger_c_nonpolar2,20,SPDYE2B,0
hp_lehninger_c_nonpolar2,20,SPIN3,0
hp_lehninger_c_nonpolar2,20,SPRY3,0
hp_lehninger_c_nonpolar2,20,SRD5A1,2
hp_lehninger_c_nonpolar2,20,SRRD,0
hp_lehninger_c_nonpolar2,20,SRSF6,18
hp_lehninger_c_nonpolar2,20,ST8SIA3,1
hp_lehninger_c_nonpolar2,20,STAC,0
hp_lehninger_c_nonpolar2,20,STARD10,4
hp_lehninger_c_nonpolar2,20,STN1,0
hp_lehninger_c_nonpolar2,20,STX5,1
hp_lehninger_c_nonpolar2,20,SULT1C2,0
hp_lehninger_c_nonpolar2,20,SUPT3H,0
hp_lehninger_c_nonpolar2,20,SURF6,5
hp_lehninger_c_nonpolar2,20,TAS2R31,0
hp_lehninger_c_nonpolar2,20,TBX10,0
hp_lehninger_c_nonpolar2,20,TDRD10,0
hp_lehninger_c_nonpolar2,20,TEX26,0
hp_lehninger_c_nonpolar2,20,TFB2M,0
hp_lehninger_c_nonpolar2,20,TGFB1,0
hp_lehninger_c_nonpolar2,20,TMBIM1,0
hp_lehninger_c_nonpolar2,20,TMEFF2,0
hp_lehninger_c_nonpolar2,20,TMEM163,0
hp_lehninger_c_nonpolar2,20,TMEM38B,0
hp_lehninger_c_nonpolar2,20,TMEM64,0
hp_lehninger_c_nonpolar2,20,TP53TG5,0
hp_lehninger_c_nonpolar2,20,TPM1,0
hp_lehninger_c_nonpolar2,20,TSPAN10,5
hp_lehninger_c_nonpolar2,20,TTPAL,0
hp_lehninger_c_nonpolar2,20,TXNL1,0
hp_lehninger_c_nonpolar2,20,UBE3D,0
hp_lehninger_c_nonpolar2,20,UBL7,0
hp_lehninger_c_nonpolar2,20,UBTFL1,2
hp_lehninger_c_nonpolar2,20,UBXN2A,0
hp_lehninger_c_nonpolar2,20,UCK1,0
hp_lehninger_c_nonpolar2,20,UNC119B,0
hp_lehninger_c_nonpolar2,20,UPK3BL1,1
hp_lehninger_c_nonpolar2,20,VDAC1,0
hp_lehninger_c_nonpolar2,20,VPS26C,1
hp_lehninger_c_nonpolar2,20,VSIG2,0
hp_lehninger_c_nonpolar2,20,WNT9B,0
hp_lehninger_c_nonpolar2,20,ZCCHC12,0
hp_lehninger_c_nonpolar2,20,ZCWPW2,4
hp_lehninger_c_nonpolar2,20,ZDHHC11B,0
hp_lehninger_c_nonpolar2,20,ZDHHC19,0
hp_lehninger_c_nonpolar2,20,ZNF330,0
hp_lehninger_c_nonpolar2,20,ZNF669,0
hp_lehninger_c_nonpolar2,20,ZNF771,0
hp_lehninger_c_nonpolar2,20,ZNF787,0
hp_lehninger_c_nonpolar2,20,ZNG1B,0
hp_lehninger_hpc3,14,ACKR3,11
hp_lehninger_hpc3,14,ACTRT2,9
hp_lehninger_hpc3,14,ADO,9
hp_lehninger_hpc3,14,AGPAT3,5
hp_lehninger_hpc3,14,AKTIP,4
hp_lehninger_hpc3,14,ANKRD30BL,2
hp_lehninger_hpc3,14,ANXA8,5
hp_lehninger_hpc3,14,ARGLU1,260
hp_lehninger_hpc3,14,ARHGAP11B,4
hp_lehninger_hpc3,14,ATXN3,41
hp_lehninger_hpc3,14,AZI2,11
hp_lehninger_hpc3,14,B3GALT1,4
hp_lehninger_hpc3,14,BCDIN3D,6
hp_lehninger_hpc3,14,BPIFA1,8
hp_lehninger_hpc3,14,C16orf78,7
hp_lehninger_hpc3,14,C1QBP,5
hp_lehninger_hpc3,14,C1QTNF2,7
hp_lehninger_hpc3,14,C1QTNF3,9
hp_lehninger_hpc3,14,C1orf141,7
hp_lehninger_hpc3,14,C20orf96,5
hp_lehninger_hpc3,14,CA2,15
hp_lehninger_hpc3,14,CALR3,11
hp_lehninger_hpc3,14,CAPZA3,5
hp_lehninger_hpc3,14,CCDC117,6
hp_lehninger_hpc3,14,CCDC188,4
hp_lehninger_hpc3,14,CCDC42,6
hp_lehninger_hpc3,14,CCDC68,17
hp_lehninger_hpc3,14,CCN2,2
hp_lehninger_hpc3,14,CCN3,1
hp_lehninger_hpc3,14,CD1D,8
hp_lehninger_hpc3,14,CD200R1L,3
hp_lehninger_hpc3,14,CD55,10
hp_lehninger_hpc3,14,CD72,7
hp_lehninger_hpc3,14,CDK5R2,21
hp_lehninger_hpc3,14,CDX4,3
hp_lehninger_hpc3,14,CEACAM19,7
hp_lehninger_hpc3,14,CENPVL2,8
hp_lehninger_hpc3,14,CEP44,8
hp_lehninger_hpc3,14,CERS1,24
hp_lehninger_hpc3,14,CIMIP6,12
hp_lehninger_hpc3,14,CLEC12A,8
hp_lehninger_hpc3,14,CLVS1,15
hp_lehninger_hpc3,14,CMBL,13
hp_lehninger_hpc3,14,COQ3,9
hp_lehninger_hpc3,14,CREBZF,3
hp_lehninger_hpc3,14,CSF2RA,1
hp_lehninger_hpc3,14,CT47A12,6
hp_lehninger_hpc3,14,CTBS,10
hp_lehninger_hpc3,14,CXADR,8
hp_lehninger_hpc3,14,CXorf58,14
hp_lehninger_hpc3,14,CYSLTR2,10
hp_lehninger_hpc3,14,CYTH1,14
hp_lehninger_hpc3,14,CYTH4,18
hp_lehninger_hpc3,14,DECR2,7
hp_lehninger_hpc3,14,DNASE1L3,13
hp_lehninger_hpc3,14,DPF2,6
hp_lehninger_hpc3,14,EAF1,1
hp_lehninger_hpc3,14,ECHDC1,19
hp_lehninger_hpc3,14,ECHDC2,1
hp_lehninger_hpc3,14,EEF1AKMT4,2
hp_lehninger_hpc3,14,EFNB2,15
hp_lehninger_hpc3,14,EIF2S2,4
hp_lehninger_hpc3,14,EIF3I,6
hp_lehninger_hpc3,14,EIF3J,12
hp_lehninger_hpc3,14,EIPR1,28
hp_lehninger_hpc3,14,ELOVL6,8
hp_lehninger_hpc3,14,ENSG00000250349,9
hp_lehninger_hpc3,14,ENSG00000270249,6
hp_lehninger_hpc3,14,ENSG00000284906,4
hp_lehninger_hpc3,14,ERFL,9
hp_lehninger_hpc3,14,ERGIC3,4
hp_lehninger_hpc3,14,ERLIN2,9
hp_lehninger_hpc3,14,ESAM,16
hp_lehninger_hpc3,14,EXOG,20
hp_lehninger_hpc3,14,FAM107B,4
hp_lehninger_hpc3,14,FAM210A,5
hp_lehninger_hpc3,14,FAM78B,8
hp_lehninger_hpc3,14,FASLG,40
hp_lehninger_hpc3,14,FBXO2,10
hp_lehninger_hpc3,14,FEZ2,4
hp_lehninger_hpc3,14,FGF23,1
hp_lehninger_hpc3,14,FGF5,2
hp_lehninger_hpc3,14,FKBP6,11
hp_lehninger_hpc3,14,FOLR2,0
hp_lehninger_hpc3,14,FSAF1,16
hp_lehninger_hpc3,14,FSTL1,12
hp_lehninger_hpc3,14,GCLM,9
hp_lehninger_hpc3,14,GEMIN8,19
hp_lehninger_hpc3,14,GIMAP5,1
hp_lehninger_hpc3,14,GJC3,14
hp_lehninger_hpc3,14,GLT1D1,8
hp_lehninger_hpc3,14,GNA15,11
hp_lehninger_hpc3,14,GNAZ,5
hp_lehninger_hpc3,14,GOLM1,4
hp_lehninger_hpc3,14,GPD1L,0
hp_lehninger_hpc3,14,GPR160,16
hp_lehninger_hpc3,14,GPR171,6
hp_lehninger_hpc3,14,GPRC5A,15
hp_lehninger_hpc3,14,GRAP2,11
hp_lehninger_hpc3,14,GRTP1,16
hp_lehninger_hpc3,14,GRXCR2,3
hp_lehninger_hpc3,14,GSG1L2,10
hp_lehninger_hpc3,14,HAVCR2,15
hp_lehninger_hpc3,14,HDGFL1,6
hp_lehninger_hpc3,14,HENMT1,10
hp_lehninger_hpc3,14,HOXA1,7
hp_lehninger_hpc3,14,HOXB8,7
hp_lehninger_hpc3,14,HSD17B14,2
hp_lehninger_hpc3,14,HSDL1,10
hp_lehninger_hpc3,14,HSPE1-MOB4,4
hp_lehninger_hpc3,14,ICAM2,1
hp_lehninger_hpc3,14,IDI1,6
hp_lehninger_hpc3,14,IER5,5
hp_lehninger_hpc3,14,IGBP1C,42
hp_lehninger_hpc3,14,KCNJ11,5
hp_lehninger_hpc3,14,KCTD12,12
hp_lehninger_hpc3,14,KDF1,13
hp_lehninger_hpc3,14,KIAA1191,13
hp_lehninger_hpc3,14,KLF1,21
hp_lehninger_hpc3,14,KLF14,4
hp_lehninger_hpc3,14,KLK14,4
hp_lehninger_hpc3,14,KLK4,4
hp_lehninger_hpc3,14,KRT33A,7
hp_lehninger_hpc3,14,KRTAP29-1,0
hp_lehninger_hpc3,14,KRTAP9-1,0
hp_lehninger_hpc3,14,LAYN,13
hp_lehninger_hpc3,14,LCLAT1,9
hp_lehninger_hpc3,14,LIPT1,5
hp_lehninger_hpc3,14,LRRC19,16
hp_lehninger_hpc3,14,LRRC39,13
hp_lehninger_hpc3,14,LUC7L,186
hp_lehninger_hpc3,14,LY6G6F,16
hp_lehninger_hpc3,14,LYPD5,4
hp_lehninger_hpc3,14,M6PR,9
hp_lehninger_hpc3,14,MACROH2A1,12
hp_lehninger_hpc3,14,MAGEA9,30
hp_lehninger_hpc3,14,MAGEB16,18
hp_lehninger_hpc3,14,MAP2K4,3
hp_lehninger_hpc3,14,MBNL1,15
hp_lehninger_hpc3,14,MBNL2,3
hp_lehninger_hpc3,14,MDH1,13
hp_lehninger_hpc3,14,METTL22,2
hp_lehninger_hpc3,14,METTL24,6
hp_lehninger_hpc3,14,MFAP3,4
hp_lehninger_hpc3,14,MIOX,4
hp_lehninger_hpc3,14,MITD1,2
hp_lehninger_hpc3,14,MNX1,27
hp_lehninger_hpc3,14,MPST,4
hp_lehninger_hpc3,14,MRM1,3
hp_lehninger_hpc3,14,MRM2,1
hp_lehninger_hpc3,14,MRPL28,6
hp_lehninger_hpc3,14,MRPS18B,5
hp_lehninger_hpc3,14,MRPS35,5
hp_lehninger_hpc3,14,MTCH2,5
hp_lehninger_hpc3,14,MVB12A,1
hp_lehninger_hpc3,14,NCK1,8
hp_lehninger_hpc3,14,NFAM1,22
hp_lehninger_hpc3,14,NFE2,20
hp_lehninger_hpc3,14,NKAPD1,243
hp_lehninger_hpc3,14,NME1-NME2,9
hp_lehninger_hpc3,14,NMI,8
hp_lehninger_hpc3,14,NXPH3,4
hp_lehninger_hpc3,14,NXPH4,22
hp_lehninger_hpc3,14,OLIG1,59
hp_lehninger_hpc3,14,OPRPN,14
hp_lehninger_hpc3,14,OR11H4,10
hp_lehninger_hpc3,14,OR11L1,2
hp_lehninger_hpc3,14,OR13A1,18
hp_lehninger_hpc3,14,OR14C36,1
hp_lehninger_hpc3,14,OR1M1,9
hp_lehninger_hpc3,14,OR2A42,10
hp_lehninger_hpc3,14,OR2G2,3
hp_lehninger_hpc3,14,OR2I1,5
hp_lehninger_hpc3,14,OR2J3,12
hp_lehninger_hpc3,14,OR2L13,4
hp_lehninger_hpc3,14,OR2M3,15
hp_lehninger_hpc3,14,OR4F29,12
hp_lehninger_hpc3,14,OR4K13,14
hp_lehninger_hpc3,14,OR4K15,6
hp_lehninger_hpc3,14,OR4M2-OT1,20
hp_lehninger_hpc3,14,OR51E2,12
hp_lehninger_hpc3,14,OR51V1,2
hp_lehninger_hpc3,14,OR52E8,12
hp_lehninger_hpc3,14,OR52N1,4
hp_lehninger_hpc3,14,OR5B17,13
hp_lehninger_hpc3,14,OR5M3,9
hp_lehninger_hpc3,14,OSGEP,14
hp_lehninger_hpc3,14,OTULINL,12
hp_lehninger_hpc3,14,PACRGL,12
hp_lehninger_hpc3,14,PAGR1,9
hp_lehninger_hpc3,14,PANX3,10
hp_lehninger_hpc3,14,PBK,8
hp_lehninger_hpc3,14,PCGF6,8
hp_lehninger_hpc3,14,PDCD2,10
hp_lehninger_hpc3,14,PDF,12
hp_lehninger_hpc3,14,PGAP2,15
hp_lehninger_hpc3,14,PHKG1,23
hp_lehninger_hpc3,14,PIPOX,9
hp_lehninger_hpc3,14,PLPBP,2
hp_lehninger_hpc3,14,PLPP3,9
hp_lehninger_hpc3,14,PLSCR3,10
hp_lehninger_hpc3,14,PNMA6A,16
hp_lehninger_hpc3,14,PNPO,3
hp_lehninger_hpc3,14,POU3F4,7
hp_lehninger_hpc3,14,POU5F2,4
hp_lehninger_hpc3,14,PRB3,1
hp_lehninger_hpc3,14,PRDM12,13
hp_lehninger_hpc3,14,PRELP,11
hp_lehninger_hpc3,14,PRICKLE4,6
hp_lehninger_hpc3,14,PRKAR1A,1
hp_lehninger_hpc3,14,PRPS1L1,9
hp_lehninger_hpc3,14,PRR23E,22
hp_lehninger_hpc3,14,PSMA8,9
hp_lehninger_hpc3,14,PVRIG,10
hp_lehninger_hpc3,14,R3HDM4,1
hp_lehninger_hpc3,14,RAD9A,3
hp_lehninger_hpc3,14,RBM43,14
hp_lehninger_hpc3,14,RCN3,26
hp_lehninger_hpc3,14,RFXANK,7
hp_lehninger_hpc3,14,RNASET2,5
hp_lehninger_hpc3,14,RNF121,4
hp_lehninger_hpc3,14,RPS3A,9
hp_lehninger_hpc3,14,RPSA,3
hp_lehninger_hpc3,14,RRAGD,12
hp_lehninger_hpc3,14,RRH,11
hp_lehninger_hpc3,14,RTCA,9
hp_lehninger_hpc3,14,RWDD3,9
hp_lehninger_hpc3,14,SDR42E1,18
hp_lehninger_hpc3,14,SEC22A,6
hp_lehninger_hpc3,14,SERPINE3,11
hp_lehninger_hpc3,14,SETD7,21
hp_lehninger_hpc3,14,SFTPD,19
hp_lehninger_hpc3,14,SFXN3,18
hp_lehninger_hpc3,14,SH2D6,11
hp_lehninger_hpc3,14,SH3GL3,18
hp_lehninger_hpc3,14,SIGLEC14,12
hp_lehninger_hpc3,14,SIGLEC15,16
hp_lehninger_hpc3,14,SIRPB1,10
hp_lehninger_hpc3,14,SLBP,0
hp_lehninger_hpc3,14,SLC25A15,9
hp_lehninger_hpc3,14,SLC25A3,7
hp_lehninger_hpc3,14,SLC25A40,10
hp_lehninger_hpc3,14,SLC25A45,10
hp_lehninger_hpc3,14,SLC25A51,15
hp_lehninger_hpc3,14,SLC30A3,3
hp_lehninger_hpc3,14,SLC30A8,9
hp_lehninger_hpc3,14,SLC35B4,6
hp_lehninger_hpc3,14,SLC35F2,4
hp_lehninger_hpc3,14,SMN2,13
hp_lehninger_hpc3,14,SPDYE1,8
hp_lehninger_hpc3,14,SPDYE2B,9
hp_lehninger_hpc3,14,SPIN3,12
hp_lehninger_hpc3,14,SPRY3,2
hp_lehninger_hpc3,14,SRD5A1,5
hp_lehninger_hpc3,14,SRRD,13
hp_lehninger_hpc3,14,SRSF6,182
hp_lehninger_hpc3,14,ST8SIA3,15
hp_lehninger_hpc3,14,STAC,20
hp_lehninger_hpc3,14,STARD10,29
hp_lehninger_hpc3,14,STN1,6
hp_lehninger_hpc3,14,STX5,33
hp_lehninger_hpc3,14,SULT1C2,6
hp_lehninger_hpc3,14,SUPT3H,5
hp_lehninger_hpc3,14,SURF6,61
hp_lehninger_hpc3,14,TAS2R31,7
hp_lehninger_hpc3,14,TBX10,12
hp_lehninger_hpc3,14,TDRD10,14
hp_lehninger_hpc3,14,TEX26,17
hp_lehninger_hpc3,14,TFB2M,4
hp_lehninger_hpc3,14,TGFB1,13
hp_lehninger_hpc3,14,TMBIM1,9
hp_lehninger_hpc3,14,TMEFF2,3
hp_lehninger_hpc3,14,TMEM163,12
hp_lehninger_hpc3,14,TMEM38B,2
hp_lehninger_hpc3,14,TMEM64,21
hp_lehninger_hpc3,14,TP53TG5,15
hp_lehninger_hpc3,14,TPM1,6
hp_lehninger_hpc3,14,TSPAN10,28
hp_lehninger_hpc3,14,TTPAL,5
hp_lehninger_hpc3,14,TXNL1,6
hp_lehninger_hpc3,14,UBE3D,6
hp_lehninger_hpc3,14,UBL7,5
hp_lehninger_hpc3,14,UBTFL1,42
hp_lehninger_hpc3,14,UBXN2A,4
hp_lehninger_hpc3,14,UCK1,6
hp_lehninger_hpc3,14,UNC119B,10
hp_lehninger_hpc3,14,UPK3BL1,20
hp_lehninger_hpc3,14,VDAC1,9
hp_lehninger_hpc3,14,VPS26C,11
hp_lehninger_hpc3,14,VSIG2,8
hp_lehninger_hpc3,14,WNT9B,2
hp_lehninger_hpc3,14,ZCCHC12,15
hp_lehninger_hpc3,14,ZCWPW2,18
hp_lehninger_hpc3,14,ZDHHC11B,15
hp_lehninger_hpc3,14,ZDHHC19,6
hp_lehninger_hpc3,14,ZNF330,3
hp_lehninger_hpc3,14,ZNF669,3
hp_lehninger_hpc3,14,ZNF771,2
hp_lehninger_hpc3,14,ZNF787,4
hp_lehninger_hpc3,14,ZNG1B,11
hp_lehninger_hpc3,18,ACKR3,0
hp_lehninger_hpc3,18,ACTRT2,0
hp_lehninger_hpc3,18,ADO,0
hp_lehninger_hpc3,18,AGPAT3,0
hp_lehninger_hpc3,18,AKTIP,0
hp_lehninger_hpc3,18,ANKRD30BL,0
hp_lehninger_hpc3,18,ANXA8,0
hp_lehninger_hpc3,18,ARGLU1,85
hp_lehninger_hpc3,18,ARHGAP11B,0
hp_lehninger_hpc3,18,ATXN3,8
hp_lehninger_hpc3,18,AZI2,0
hp_lehninger_hpc3,18,B3GALT1,0
hp_lehninger_hpc3,18,BCDIN3D,0
hp_lehninger_hpc3,18,BPIFA1,0
hp_lehninger_hpc3,18,C16orf78,0
hp_lehninger_hpc3,18,C1QBP,0
hp_lehninger_hpc3,18,C1QTNF2,0
hp_lehninger_hpc3,18,C1QTNF3,0
hp_lehninger_hpc3,18,C1orf141,0
hp_lehninger_hpc3,18,C20orf96,0
hp_lehninger_hpc3,18,CA2,0
hp_lehninger_hpc3,18,CALR3,0
hp_lehninger_hpc3,18,CAPZA3,0
hp_lehninger_hpc3,18,CCDC117,0
hp_lehninger_hpc3,18,CCDC188,0
hp_lehninger_hpc3,18,CCDC42,0
hp_lehninger_hpc3,18,CCDC68,1
hp_lehninger_hpc3,18,CCN2,0
hp_lehninger_hpc3,18,CCN3,0
hp_lehninger_hpc3,18,CD1D,0
hp_lehninger_hpc3,18,CD200R1L,0
hp_lehninger_hpc3,18,CD55,1
hp_lehninger_hpc3,18,CD72,0
hp_lehninger_hpc3,18,CDK5R2,2
hp_lehninger_hpc3,18,CDX4,0
hp_lehninger_hpc3,18,CEACAM19,0
hp_lehninger_hpc3,18,CENPVL2,0
hp_lehninger_hpc3,18,CEP44,0
hp_lehninger_hpc3,18,CERS1,10
hp_lehninger_hpc3,18,CIMIP6,1
hp_lehninger_hpc3,18,CLEC12A,0
hp_lehninger_hpc3,18,CLVS1,0
hp_lehninger_hpc3,18,CMBL,3
hp_lehninger_hpc3,18,COQ3,1
hp_lehninger_hpc3,18,CREBZF,0
hp_lehninger_hpc3,18,CSF2RA,0
hp_lehninger_hpc3,18,CT47A12,0
hp_lehninger_hpc3,18,CTBS,0
hp_lehninger_hpc3,18,CXADR,0
hp_lehninger_hpc3,18,CXorf58,3
hp_lehninger_hpc3,18,CYSLTR2,2
hp_lehninger_hpc3,18,CYTH1,4
hp_lehninger_hpc3,18,CYTH4,0
hp_lehninger_hpc3,18,DECR2,0
hp_lehninger_hpc3,18,DNASE1L3,0
hp_lehninger_hpc3,18,DPF2,0
hp_lehninger_hpc3,18,EAF1,0
hp_lehninger_hpc3,18,ECHDC1,3
hp_lehninger_hpc3,18,ECHDC2,0
hp_lehninger_hpc3,18,EEF1AKMT4,0
hp_lehninger_hpc3,18,EFNB2,3
hp_lehninger_hpc3,18,EIF2S2,0
hp_lehninger_hpc3,18,EIF3I,0
hp_lehninger_hpc3,18,EIF3J,3
hp_lehninger_hpc3,18,EIPR1,4
hp_lehninger_hpc3,18,ELOVL6,0
hp_lehninger_hpc3,18,ENSG00000250349,0
hp_lehninger_hpc3,18,ENSG00000270249,0
hp_lehninger_hpc3,18,ENSG00000284906,0
hp_lehninger_hpc3,18,ERFL,0
hp_lehninger_hpc3,18,ERGIC3,0
hp_lehninger_hpc3,18,ERLIN2,0
hp_lehninger_hpc3,18,ESAM,3
hp_lehninger_hpc3,18,EXOG,1
hp_lehninger_hpc3,18,FAM107B,0
hp_lehninger_hpc3,18,FAM210A,0
hp_lehninger_hpc3,18,FAM78B,0
hp_lehninger_hpc3,18,FASLG,6
hp_lehninger_hpc3,18,FBXO2,0
hp_lehninger_hpc3,18,FEZ2,0
hp_lehninger_hpc3,18,FGF23,0
hp_lehninger_hpc3,18,FGF5,0
hp_lehninger_hpc3,18,FKBP6,0
hp_lehninger_hpc3,18,FOLR2,0
hp_lehninger_hpc3,18,FSAF1,1
hp_lehninger_hpc3,18,FSTL1,1
hp_lehninger_hpc3,18,GCLM,0
hp_lehninger_hpc3,18,GEMIN8,1
hp_lehninger_hpc3,18,GIMAP5,0
hp_lehninger_hpc3,18,GJC3,2
hp_lehninger_hpc3,18,GLT1D1,1
hp_lehninger_hpc3,18,GNA15,0
hp_lehninger_hpc3,18,GNAZ,0
hp_lehninger_hpc3,18,GOLM1,0
hp_lehninger_hpc3,18,GPD1L,0
hp_lehninger_hpc3,18,GPR160,1
hp_lehninger_hpc3,18,GPR171,0
hp_lehninger_hpc3,18,GPRC5A,0
hp_lehninger_hpc3,18,GRAP2,0
hp_lehninger_hpc3,18,GRTP1,2
hp_lehninger_hpc3,18,GRXCR2,0
hp_lehninger_hpc3,18,GSG1L2,0
hp_lehninger_hpc3,18,HAVCR2,2
hp_lehninger_hpc3,18,HDGFL1,0
hp_lehninger_hpc3,18,HENMT1,0
hp_lehninger_hpc3,18,HOXA1,0
hp_lehninger_hpc3,18,HOXB8,0
hp_lehninger_hpc3,18,HSD17B14,0
hp_lehninger_hpc3,18,HSDL1,3
hp_lehninger_hpc3,18,HSPE1-MOB4,0
hp_lehninger_hpc3,18,ICAM2,0
hp_lehninger_hpc3,18,IDI1,0
hp_lehninger_hpc3,18,IER5,0
hp_lehninger_hpc3,18,IGBP1C,6
hp_lehninger_hpc3,18,KCNJ11,0
hp_lehninger_hpc3,18,KCTD12,0
hp_lehninger_hpc3,18,KDF1,1
hp_lehninger_hpc3,18,KIAA1191,0
hp_lehninger_hpc3,18,KLF1,0
hp_lehninger_hpc3,18,KLF14,0
hp_lehninger_hpc3,18,KLK14,0
hp_lehninger_hpc3,18,KLK4,0
hp_lehninger_hpc3,18,KRT33A,0
hp_lehninger_hpc3,18,KRTAP29-1,0
hp_lehninger_hpc3,18,KRTAP9-1,0
hp_lehninger_hpc3,18,LAYN,0
hp_lehninger_hpc3,18,LCLAT1,0
hp_lehninger_hpc3,18,LIPT1,0
hp_lehninger_hpc3,18,LRRC19,2
hp_lehninger_hpc3,18,LRRC39,0
hp_lehninger_hpc3,18,LUC7L,61
hp_lehninger_hpc3,18,LY6G6F,0
hp_lehninger_hpc3,18,LYPD5,0
hp_lehninger_hpc3,18,M6PR,1
hp_lehninger_hpc3,18,MACROH2A1,2
hp_lehninger_hpc3,18,MAGEA9,1
hp_lehninger_hpc3,18,MAGEB16,0
hp_lehninger_hpc3,18,MAP2K4,0
hp_lehninger_hpc3,18,MBNL1,0
hp_lehninger_hpc3,18,MBNL2,0
hp_lehninger_hpc3,18,MDH1,0
hp_lehninger_hpc3,18,METTL22,0
hp_lehninger_hpc3,18,METTL24,0
hp_lehninger_hpc3,18,MFAP3,0
hp_lehninger_hpc3,18,MIOX,0
hp_lehninger_hpc3,18,MITD1,0
hp_lehninger_hpc3,18,MNX1,3
hp_lehninger_hpc3,18,MPST,0
hp_lehninger_hpc3,18,MRM1,0
hp_lehninger_hpc3,18,MRM2,0
hp_lehninger_hpc3,18,MRPL28,0
hp_lehninger_hpc3,18,MRPS18B,0
hp_lehninger_hpc3,18,MRPS35,0
hp_lehninger_hpc3,18,MTCH2,0
hp_lehninger_hpc3,18,MVB12A,0
hp_lehninger_hpc3,18,NCK1,1
hp_lehninger_hpc3,18,NFAM1,0
hp_lehninger_hpc3,18,NFE2,1
hp_lehninger_hpc3,18,NKAPD1,81
hp_lehninger_hpc3,18,NME1-NME2,0
hp_lehninger_hpc3,18,NMI,0
hp_lehninger_hpc3,18,NXPH3,0
hp_lehninger_hpc3,18,NXPH4,0
hp_lehninger_hpc3,18,OLIG1,8
hp_lehninger_hpc3,18,OPRPN,1
hp_lehninger_hpc3,18,OR11H4,0
hp_lehninger_hpc3,18,OR11L1,0
hp_lehninger_hpc3,18,OR13A1,4
hp_lehninger_hpc3,18,OR14C36,0
hp_lehninger_hpc3,18,OR1M1,0
hp_lehninger_hpc3,18,OR2A42,0
hp_lehninger_hpc3,18,OR2G2,0
hp_lehninger_hpc3,18,OR2I1,0
hp_lehninger_hpc3,18,OR2J3,0
hp_lehninger_hpc3,18,OR2L13,0
hp_lehninger_hpc3,18,OR2M3,0
hp_lehninger_hpc3,18,OR4F29,2
hp_lehninger_hpc3,18,OR4K13,0
hp_lehninger_hpc3,18,OR4K15,0
hp_lehninger_hpc3,18,OR4M2-OT1,0
hp_lehninger_hpc3,18,OR51E2,0
hp_lehninger_hpc3,18,OR51V1,0
hp_lehninger_hpc3,18,OR52E8,0
hp_lehninger_hpc3,18,OR52N1,0
hp_lehninger_hpc3,18,OR5B17,2
hp_lehninger_hpc3,18,OR5M3,0
hp_lehninger_hpc3,18,OSGEP,0
hp_lehninger_hpc3,18,OTULINL,1
hp_lehninger_hpc3,18,PACRGL,2
hp_lehninger_hpc3,18,PAGR1,0
hp_lehninger_hpc3,18,PANX3,0
hp_lehninger_hpc3,18,PBK,0
hp_lehninger_hpc3,18,PCGF6,0
hp_lehninger_hpc3,18,PDCD2,0
hp_lehninger_hpc3,18,PDF,0
hp_lehninger_hpc3,18,PGAP2,0
hp_lehninger_hpc3,18,PHKG1,1
hp_lehninger_hpc3,18,PIPOX,0
hp_lehninger_hpc3,18,PLPBP,0
hp_lehninger_hpc3,18,PLPP3,0
hp_lehninger_hpc3,18,PLSCR3,0
hp_lehninger_hpc3,18,PNMA6A,2
hp_lehninger_hpc3,18,PNPO,0
hp_lehninger_hpc3,18,POU3F4,0
hp_lehninger_hpc3,18,POU5F2,0
hp_lehninger_hpc3,18,PRB3,0
hp_lehninger_hpc3,18,PRDM12,0
hp_lehninger_hpc3,18,PRELP,0
hp_lehninger_hpc3,18,PRICKLE4,0
hp_lehninger_hpc3,18,PRKAR1A,0
hp_lehninger_hpc3,18,PRPS1L1,0
hp_lehninger_hpc3,18,PRR23E,0
hp_lehninger_hpc3,18,PSMA8,0
hp_lehninger_hpc3,18,PVRIG,0
hp_lehninger_hpc3,18,R3HDM4,0
hp_lehninger_hpc3,18,RAD9A,0
hp_lehninger_hpc3,18,RBM43,0
hp_lehninger_hpc3,18,RCN3,2
hp_lehninger_hpc3,18,RFXANK,0
hp_lehninger_hpc3,18,RNASET2,0
hp_lehninger_hpc3,18,RNF121,0
hp_lehninger_hpc3,18,RPS3A,0
hp_lehninger_hpc3,18,RPSA,0
hp_lehninger_hpc3,18,RRAGD,5
hp_lehninger_hpc3,18,RRH,0
hp_lehninger_hpc3,18,RTCA,0
hp_lehninger_hpc3,18,RWDD3,0
hp_lehninger_hpc3,18,SDR42E1,0
hp_lehninger_hpc3,18,SEC22A,0
hp_lehninger_hpc3,18,SERPINE3,0
hp_lehninger_hpc3,18,SETD7,0
hp_lehninger_hpc3,18,SFTPD,0
hp_lehninger_hpc3,18,SFXN3,0
hp_lehninger_hpc3,18,SH2D6,0
hp_lehninger_hpc3,18,SH3GL3,2
hp_lehninger_hpc3,18,SIGLEC14,0
hp_lehninger_hpc3,18,SIGLEC15,0
hp_lehninger_hpc3,18,SIRPB1,0
hp_lehninger_hpc3,18,SLBP,0
hp_lehninger_hpc3,18,SLC25A15,0
hp_lehninger_hpc3,18,SLC25A3,0
hp_lehninger_hpc3,18,SLC25A40,0
hp_lehninger_hpc3,18,SLC25A45,0
hp_lehninger_hpc3,18,SLC25A51,0
hp_lehninger_hpc3,18,SLC30A3,0
hp_lehninger_hpc3,18,SLC30A8,0
hp_lehninger_hpc3,18,SLC35B4,0
hp_lehninger_hpc3,18,SLC35F2,0
hp_lehninger_hpc3,18,SMN2,0
hp_lehninger_hpc3,18,SPDYE1,0
hp_lehninger_hpc3,18,SPDYE2B,0
hp_lehninger_hpc3,18,SPIN3,1
hp_lehninger_hpc3,18,SPRY3,0
hp_lehninger_hpc3,18,SRD5A1,0
hp_lehninger_hpc3,18,SRRD,0
hp_lehninger_hpc3,18,SRSF6,48
hp_lehninger_hpc3,18,ST8SIA3,3
hp_lehninger_hpc3,18,STAC,3
hp_lehninger_hpc3,18,STARD10,8
hp_lehninger_hpc3,18,STN1,0
hp_lehninger_hpc3,18,STX5,4
hp_lehninger_hpc3,18,SULT1C2,0
hp_lehninger_hpc3,18,SUPT3H,0
hp_lehninger_hpc3,18,SURF6,11
hp_lehninger_hpc3,18,TAS2R31,0
hp_lehninger_hpc3,18,TBX10,0
hp_lehninger_hpc3,18,TDRD10,2
hp_lehninger_hpc3,18,TEX26,2
hp_lehninger_hpc3,18,TFB2M,0
hp_lehninger_hpc3,18,TGFB1,0
hp_lehninger_hpc3,18,TMBIM1,0
hp_lehninger_hpc3,18,TMEFF2,0
hp_lehninger_hpc3,18,TMEM163,1
hp_lehninger_hpc3,18,TMEM38B,0
hp_lehninger_hpc3,18,TMEM64,0
hp_lehninger_hpc3,18,TP53TG5,0
hp_lehninger_hpc3,18,TPM1,0
hp_lehninger_hpc3,18,TSPAN10,8
hp_lehninger_hpc3,18,TTPAL,0
hp_lehninger_hpc3,18,TXNL1,0
hp_lehninger_hpc3,18,UBE3D,0
hp_lehninger_hpc3,18,UBL7,0
hp_lehninger_hpc3,18,UBTFL1,5
hp_lehninger_hpc3,18,UBXN2A,0
hp_lehninger_hpc3,18,UCK1,0
hp_lehninger_hpc3,18,UNC119B,0
hp_lehninger_hpc3,18,UPK3BL1,3
hp_lehninger_hpc3,18,VDAC1,2
hp_lehninger_hpc3,18,VPS26C,0
hp_lehninger_hpc3,18,VSIG2,0
hp_lehninger_hpc3,18,WNT9B,0
hp_lehninger_hpc3,18,ZCCHC12,1
hp_lehninger_hpc3,18,ZCWPW2,6
hp_lehninger_hpc3,18,ZDHHC11B,0
hp_lehninger_hpc3,18,ZDHHC19,0
hp_lehninger_hpc3,18,ZNF330,0
hp_lehninger_hpc3,18,ZNF669,0
hp_lehninger_hpc3,18,ZNF771,0
hp_lehninger_hpc3,18,ZNF787,0
hp_lehninger_hpc3,18,ZNG1B,0
hp_lehninger_hpc3,21,ACKR3,0
hp_lehninger_hpc3,21,ACTRT2,0
hp_lehninger_hpc3,21,ADO,0
hp_lehninger_hpc3,21,AGPAT3,0
hp_lehninger_hpc3,21,AKTIP,0
hp_lehninger_hpc3,21,ANKRD30BL,0
hp_lehninger_hpc3,21,ANXA8,0
hp_lehninger_hpc3,21,ARGLU1,7
hp_lehninger_hpc3,21,ARHGAP11B,0
hp_lehninger_hpc3,21,ATXN3,3
hp_lehninger_hpc3,21,AZI2,0
hp_lehninger_hpc3,21,B3GALT1,0
hp_lehninger_hpc3,21,BCDIN3D,0
hp_lehninger_hpc3,21,BPIFA1,0
hp_lehninger_hpc3,21,C16orf78,0
hp_lehninger_hpc3,21,C1QBP,0
hp_lehninger_hpc3,21,C1QTNF2,0
hp_lehninger_hpc3,21,C1QTNF3,0
hp_lehninger_hpc3,21,C1orf141,0
hp_lehninger_hpc3,21,C20orf96,0
hp_lehninger_hpc3,21,CA2,0
hp_lehninger_hpc3,21,CALR3,0
hp_lehninger_hpc3,21,CAPZA3,0
hp_lehninger_hpc3,21,CCDC117,0
hp_lehninger_hpc3,21,CCDC188,0
hp_lehninger_hpc3,21,CCDC42,0
hp_lehninger_hpc3,21,CCDC68,0
hp_lehninger_hpc3,21,CCN2,0
hp_lehninger_hpc3,21,CCN3,0
hp_lehninger_hpc3,21,CD1D,0
hp_lehninger_hpc3,21,CD200R1L,0
hp_lehninger_hpc3,21,CD55,0
hp_lehninger_hpc3,21,CD72,0
hp_lehninger_hpc3,21,CDK5R2,0
hp_lehninger_hpc3,21,CDX4,0
hp_lehninger_hpc3,21,CEACAM19,0
hp_lehninger_hpc3,21,CENPVL2,0
hp_lehninger_hpc3,21,CEP44,0
hp_lehninger_hpc3,21,CERS1,4
hp_lehninger_hpc3,21,CIMIP6,0
hp_lehninger_hpc3,21,CLEC12A,0
hp_lehninger_hpc3,21,CLVS1,0
hp_lehninger_hpc3,21,CMBL,0
hp_lehninger_hpc3,21,COQ3,0
hp_lehninger_hpc3,21,CREBZF,0
hp_lehninger_hpc3,21,CSF2RA,0
hp_lehninger_hpc3,21,CT47A12,0
hp_lehninger_hpc3,21,CTBS,0
hp_lehninger_hpc3,21,CXADR,0
hp_lehninger_hpc3,21,CXorf58,0
hp_lehninger_hpc3,21,CYSLTR2,0
hp_lehninger_hpc3,21,CYTH1,1
hp_lehninger_hpc3,21,CYTH4,0
hp_lehninger_hpc3,21,DECR2,0
hp_lehninger_hpc3,21,DNASE1L3,0
hp_lehninger_hpc3,21,DPF2,0
hp_lehninger_hpc3,21,EAF1,0
hp_lehninger_hpc3,21,ECHDC1,0
hp_lehninger_hpc3,21,ECHDC2,0
hp_lehninger_hpc3,21,EEF1AKMT4,0
hp_lehninger_hpc3,21,EFNB2,0
hp_lehninger_hpc3,21,EIF2S2,0
hp_lehninger_hpc3,21,EIF3I,0
hp_lehninger_hpc3,21,EIF3J,0
hp_lehninger_hpc3,21,EIPR1,1
hp_lehninger_hpc3,21,ELOVL6,0
hp_lehninger_hpc3,21,ENSG00000250349,0
hp_lehninger_hpc3,21,ENSG00000270249,0
hp_lehninger_hpc3,21,ENSG00000284906,0
hp_lehninger_hpc3,21,ERFL,0
hp_lehninger_hpc3,21,ERGIC3,0
hp_lehninger_hpc3,21,ERLIN2,0
hp_lehninger_hpc3,21,ESAM,0
hp_lehninger_hpc3,21,EXOG,0
hp_lehninger_hpc3,21,FAM107B,0
hp_lehninger_hpc3,21,FAM210A,0
hp_lehninger_hpc3,21,FAM78B,0
hp_lehninger_hpc3,21,FASLG,1
hp_lehninger_hpc3,21,FBXO2,0
hp_lehninger_hpc3,21,FEZ2,0
hp_lehninger_hpc3,21,FGF23,0
hp_lehninger_hpc3,21,FGF5,0
hp_lehninger_hpc3,21,FKBP6,0
hp_lehninger_hpc3,21,FOLR2,0
hp_lehninger_hpc3,21,FSAF1,0
hp_lehninger_hpc3,21,FSTL1,0
hp_lehninger_hpc3,21,GCLM,0
hp_lehninger_hpc3,21,GEMIN8,0
hp_lehninger_hpc3,21,GIMAP5,0
hp_lehninger_hpc3,21,GJC3,0
hp_lehninger_hpc3,21,GLT1D1,0
hp_lehninger_hpc3,21,GNA15,0
hp_lehninger_hpc3,21,GNAZ,0
hp_lehninger_hpc3,21,GOLM1,0
hp_lehninger_hpc3,21,GPD1L,0
hp_lehninger_hpc3,21,GPR160,0
hp_lehninger_hpc3,21,GPR171,0
hp_lehninger_hpc3,21,GPRC5A,0
hp_lehninger_hpc3,21,GRAP2,0
hp_lehninger_hpc3,21,GRTP1,0
hp_lehninger_hpc3,21,GRXCR2,0
hp_lehninger_hpc3,21,GSG1L2,0
hp_lehninger_hpc3,21,HAVCR2,0
hp_lehninger_hpc3,21,HDGFL1,0
hp_lehninger_hpc3,21,HENMT1,0
hp_lehninger_hpc3,21,HOXA1,0
hp_lehninger_hpc3,21,HOXB8,0
hp_lehninger_hpc3,21,HSD17B14,0
hp_lehninger_hpc3,21,HSDL1,0
hp_lehninger_hpc3,21,HSPE1-MOB4,0
hp_lehninger_hpc3,21,ICAM2,0
hp_lehninger_hpc3,21,IDI1,0
hp_lehninger_hpc3,21,IER5,0
hp_lehninger_hpc3,21,IGBP1C,1
hp_lehninger_hpc3,21,KCNJ11,0
hp_lehninger_hpc3,21,KCTD12,0
hp_lehninger_hpc3,21,KDF1,0
hp_lehninger_hpc3,21,KIAA1191,0
hp_lehninger_hpc3,21,KLF1,0
hp_lehninger_hpc3,21,KLF14,0
hp_lehninger_hpc3,21,KLK14,0
hp_lehninger_hpc3,21,KLK4,0
hp_lehninger_hpc3,21,KRT33A,0
hp_lehninger_hpc3,21,KRTAP29-1,0
hp_lehninger_hpc3,21,KRTAP9-1,0
hp_lehninger_hpc3,21,LAYN,0
hp_lehninger_hpc3,21,LCLAT1,0
hp_lehninger_hpc3,21,LIPT1,0
hp_lehninger_hpc3,21,LRRC19,0
hp_lehninger_hpc3,21,LRRC39,0
hp_lehninger_hpc3,21,LUC7L,13
hp_lehninger_hpc3,21,LY6G6F,0
hp_lehninger_hpc3,21,LYPD5,0
hp_lehninger_hpc3,21,M6PR,0
hp_lehninger_hpc3,21,MACROH2A1,0
hp_lehninger_hpc3,21,MAGEA9,0
hp_lehninger_hpc3,21,MAGEB16,0
hp_lehninger_hpc3,21,MAP2K4,0
hp_lehninger_hpc3,21,MBNL1,0
hp_lehninger_hpc3,21,MBNL2,0
hp_lehninger_hpc3,21,MDH1,0
hp_lehninger_hpc3,21,METTL22,0
hp_lehninger_hpc3,21,METTL24,0
hp_lehninger_hpc3,21,MFAP3,0
hp_lehninger_hpc3,21,MIOX,0
hp_lehninger_hpc3,21,MITD1,0
hp_lehninger_hpc3,21,MNX1,0
hp_lehninger_hpc3,21,MPST,0
hp_lehninger_hpc3,21,MRM1,0
hp_lehninger_hpc3,21,MRM2,0
hp_lehninger_hpc3,21,MRPL28,0
hp_lehninger_hpc3,21,MRPS18B,0
hp_lehninger_hpc3,21,MRPS35,0
hp_lehninger_hpc3,21,MTCH2,0
hp_lehninger_hpc3,21,MVB12A,0
hp_lehninger_hpc3,21,NCK1,0
hp_lehninger_hpc3,21,NFAM1,0
hp_lehninger_hpc3,21,NFE2,0
hp_lehninger_hpc3,21,NKAPD1,9
hp_lehninger_hpc3,21,NME1-NME2,0
hp_lehninger_hpc3,21,NMI,0
hp_lehninger_hpc3,21,NXPH3,0
hp_lehninger_hpc3,21,NXPH4,0
hp_lehninger_hpc3,21,OLIG1,0
hp_lehninger_hpc3,21,OPRPN,0
hp_lehninger_hpc3,21,OR11H4,0
hp_lehninger_hpc3,21,OR11L1,0
hp_lehninger_hpc3,21,OR13A1,1
hp_lehninger_hpc3,21,OR14C36,0
hp_lehninger_hpc3,21,OR1M1,0
hp_lehninger_hpc3,21,OR2A42,0
hp_lehninger_hpc3,21,OR2G2,0
hp_lehninger_hpc3,21,OR2I1,0
hp_lehninger_hpc3,21,OR2J3,0
hp_lehninger_hpc3,21,OR2L13,0
hp_lehninger_hpc3,21,OR2M3,0
hp_lehninger_hpc3,21,OR4F29,0
hp_lehninger_hpc3,21,OR4K13,0
hp_lehninger_hpc3,21,OR4K15,0
hp_lehninger_hpc3,21,OR4M2-OT1,0
hp_lehninger_hpc3,21,OR51E2,0
hp_lehninger_hpc3,21,OR51V1,0
hp_lehninger_hpc3,21,OR52E8,0
hp_lehninger_hpc3,21,OR52N1,0
hp_lehninger_hpc3,21,OR5B17,0
hp_lehninger_hpc3,21,OR5M3,0
hp_lehninger_hpc3,21,OSGEP,0
hp_lehninger_hpc3,21,OTULINL,0
hp_lehninger_hpc3,21,PACRGL,0
hp_lehninger_hpc3,21,PAGR1,0
hp_lehninger_hpc3,21,PANX3,0
hp_lehninger_hpc3,21,PBK,0
hp_lehninger_hpc3,21,PCGF6,0
hp_lehninger_hpc3,21,PDCD2,0
hp_lehninger_hpc3,21,PDF,0
hp_lehninger_hpc3,21,PGAP2,0
hp_lehninger_hpc3,21,PHKG1,0
hp_lehninger_hpc3,21,PIPOX,0
hp_lehninger_hpc3,21,PLPBP,0
hp_lehninger_hpc3,21,PLPP3,0
hp_lehninger_hpc3,21,PLSCR3,0
hp_lehninger_hpc3,21,PNMA6A,0
hp_lehninger_hpc3,21,PNPO,0
hp_lehninger_hpc3,21,POU3F4,0
hp_lehninger_hpc3,21,POU5F2,0
hp_lehninger_hpc3,21,PRB3,0
hp_lehninger_hpc3,21,PRDM12,0
hp_lehninger_hpc3,21,PRELP,0
hp_lehninger_hpc3,21,PRICKLE4,0
hp_lehninger_hpc3,21,PRKAR1A,0
hp_lehninger_hpc3,21,PRPS1L1,0
hp_lehninger_hpc3,21,PRR23E,0
hp_lehninger_hpc3,21,PSMA8,0
hp_lehninger_hpc3,21,PVRIG,0
hp_lehninger_hpc3,21,R3HDM4,0
hp_lehninger_hpc3,21,RAD9A,0
hp_lehninger_hpc3,21,RBM43,0
hp_lehninger_hpc3,21,RCN3,0
hp_lehninger_hpc3,21,RFXANK,0
hp_lehninger_hpc3,21,RNASET2,0
hp_lehninger_hpc3,21,RNF121,0
hp_lehninger_hpc3,21,RPS3A,0
hp_lehninger_hpc3,21,RPSA,0
hp_lehninger_hpc3,21,RRAGD,2
hp_lehninger_hpc3,21,RRH,0
hp_lehninger_hpc3,21,RTCA,0
hp_lehninger_hpc3,21,RWDD3,0
hp_lehninger_hpc3,21,SDR42E1,0
hp_lehninger_hpc3,21,SEC22A,0
hp_lehninger_hpc3,21,SERPINE3,0
hp_lehninger_hpc3,21,SETD7,0
hp_lehninger_hpc3,21,SFTPD,0
hp_lehninger_hpc3,21,SFXN3,0
hp_lehninger_hpc3,21,SH2D6,0
hp_lehninger_hpc3,21,SH3GL3,0
hp_lehninger_hpc3,21,SIGLEC14,0
hp_lehninger_hpc3,21,SIGLEC15,0
hp_lehninger_hpc3,21,SIRPB1,0
hp_lehninger_hpc3,21,SLBP,0
hp_lehninger_hpc3,21,SLC25A15,0
hp_lehninger_hpc3,21,SLC25A3,0
hp_lehninger_hpc3,21,SLC25A40,0
hp_lehninger_hpc3,21,SLC25A45,0
hp_lehninger_hpc3,21,SLC25A51,0
hp_lehninger_hpc3,21,SLC30A3,0
hp_lehninger_hpc3,21,SLC30A8,0
hp_lehninger_hpc3,21,SLC35B4,0
hp_lehninger_hpc3,21,SLC35F2,0
hp_lehninger_hpc3,21,SMN2,0
hp_lehninger_hpc3,21,SPDYE1,0
hp_lehninger_hpc3,21,SPDYE2B,0
hp_lehninger_hpc3,21,SPIN3,0
hp_lehninger_hpc3,21,SPRY3,0
hp_lehninger_hpc3,21,SRD5A1,0
hp_lehninger_hpc3,21,SRRD,0
hp_lehninger_hpc3,21,SRSF6,9
hp_lehninger_hpc3,21,ST8SIA3,0
hp_lehninger_hpc3,21,STAC,0
hp_lehninger_hpc3,21,STARD10,3
hp_lehninger_hpc3,21,STN1,0
hp_lehninger_hpc3,21,STX5,0
hp_lehninger_hpc3,21,SULT1C2,0
hp_lehninger_hpc3,21,SUPT3H,0
hp_lehninger_hpc3,21,SURF6,3
hp_lehninger_hpc3,21,TAS2R31,0
hp_lehninger_hpc3,21,TBX10,0
hp_lehninger_hpc3,21,TDRD10,0
hp_lehninger_hpc3,21,TEX26,0
hp_lehninger_hpc3,21,TFB2M,0
hp_lehninger_hpc3,21,TGFB1,0
hp_lehninger_hpc3,21,TMBIM1,0
hp_lehninger_hpc3,21,TMEFF2,0
hp_lehninger_hpc3,21,TMEM163,0
hp_lehninger_hpc3,21,TMEM38B,0
hp_lehninger_hpc3,21,TMEM64,0
hp_lehninger_hpc3,21,TP53TG5,0
hp_lehninger_hpc3,21,TPM1,0
hp_lehninger_hpc3,21,TSPAN10,4
hp_lehninger_hpc3,21,TTPAL,0
hp_lehninger_hpc3,21,TXNL1,0
hp_lehninger_hpc3,21,UBE3D,0
hp_lehninger_hpc3,21,UBL7,0
hp_lehninger_hpc3,21,UBTFL1,0
hp_lehninger_hpc3,21,UBXN2A,0
hp_lehninger_hpc3,21,UCK1,0
hp_lehninger_hpc3,21,UNC119B,0
hp_lehninger_hpc3,21,UPK3BL1,0
hp_lehninger_hpc3,21,VDAC1,0
hp_lehninger_hpc3,21,VPS26C,0
hp_lehninger_hpc3,21,VSIG2,0
hp_lehninger_hpc3,21,WNT9B,0
hp_lehninger_hpc3,21,ZCCHC12,0
hp_lehninger_hpc3,21,ZCWPW2,3
hp_lehninger_hpc3,21,ZDHHC11B,0
hp_lehninger_hpc3,21,ZDHHC19,0
hp_lehninger_hpc3,21,ZNF330,0
hp_lehninger_hpc3,21,ZNF669,0
hp_lehninger_hpc3,21,ZNF771,0
hp_lehninger_hpc3,21,ZNF787,0
hp_lehninger_hpc3,21,ZNG1B,0
hp_pbotc_1st_ed2,16,ACKR3,1
hp_pbotc_1st_ed2,16,ACTRT2,4
hp_pbotc_1st_ed2,16,ADO,5
hp_pbotc_1st_ed2,16,AGPAT3,2
hp_pbotc_1st_ed2,16,AKTIP,2
hp_pbotc_1st_ed2,16,ANKRD30BL,0
hp_pbotc_1st_ed2,16,ANXA8,0
hp_pbotc_1st_ed2,16,ARGLU1,204
hp_pbotc_1st_ed2,16,ARHGAP11B,0
hp_pbotc_1st_ed2,16,ATXN3,27
hp_pbotc_1st_ed2,16,AZI2,1
hp_pbotc_1st_ed2,16,B3GALT1,0
hp_pbotc_1st_ed2,16,BCDIN3D,4
hp_pbotc_1st_ed2,16,BPIFA1,0
hp_pbotc_1st_ed2,16,C16orf78,7
hp_pbotc_1st_ed2,16,C1QBP,1
hp_pbotc_1st_ed2,16,C1QTNF2,33
hp_pbotc_1st_ed2,16,C1QTNF3,6
hp_pbotc_1st_ed2,16,C1orf141,5
hp_pbotc_1st_ed2,16,C20orf96,0
hp_pbotc_1st_ed2,16,CA2,2
hp_pbotc_1st_ed2,16,CALR3,12
hp_pbotc_1st_ed2,16,CAPZA3,0
hp_pbotc_1st_ed2,16,CCDC117,1
hp_pbotc_1st_ed2,16,CCDC188,3
hp_pbotc_1st_ed2,16,CCDC42,2
hp_pbotc_1st_ed2,16,CCDC68,10
hp_pbotc_1st_ed2,16,CCN2,2
hp_pbotc_1st_ed2,16,CCN3,3
hp_pbotc_1st_ed2,16,CD1D,3
hp_pbotc_1st_ed2,16,CD200R1L,3
hp_pbotc_1st_ed2,16,CD55,13
hp_pbotc_1st_ed2,16,CD72,9
hp_pbotc_1st_ed2,16,CDK5R2,2
hp_pbotc_1st_ed2,16,CDX4,3
hp_pbotc_1st_ed2,16,CEACAM19,5
hp_pbotc_1st_ed2,16,CENPVL2,9
hp_pbotc_1st_ed2,16,CEP44,7
hp_pbotc_1st_ed2,16,CERS1,1
hp_pbotc_1st_ed2,16,CIMIP6,15
hp_pbotc_1st_ed2,16,CLEC12A,4
hp_pbotc_1st_ed2,16,CLVS1,3
hp_pbotc_1st_ed2,16,CMBL,8
hp_pbotc_1st_ed2,16,COQ3,5
hp_pbotc_1st_ed2,16,CREBZF,14
hp_pbotc_1st_ed2,16,CSF2RA,0
hp_pbotc_1st_ed2,16,CT47A12,0
hp_pbotc_1st_ed2,16,CTBS,2
hp_pbotc_1st_ed2,16,CXADR,3
hp_pbotc_1st_ed2,16,CXorf58,0
hp_pbotc_1st_ed2,16,CYSLTR2,2
hp_pbotc_1st_ed2,16,CYTH1,9
hp_pbotc_1st_ed2,16,CYTH4,3
hp_pbotc_1st_ed2,16,DECR2,0
hp_pbotc_1st_ed2,16,DNASE1L3,0
hp_pbotc_1st_ed2,16,DPF2,1
hp_pbotc_1st_ed2,16,EAF1,106
hp_pbotc_1st_ed2,16,ECHDC1,11
hp_pbotc_1st_ed2,16,ECHDC2,2
hp_pbotc_1st_ed2,16,EEF1AKMT4,4
hp_pbotc_1st_ed2,16,EFNB2,5
hp_pbotc_1st_ed2,16,EIF2S2,4
hp_pbotc_1st_ed2,16,EIF3I,2
hp_pbotc_1st_ed2,16,EIF3J,8
hp_pbotc_1st_ed2,16,EIPR1,26
hp_pbotc_1st_ed2,16,ELOVL6,0
hp_pbotc_1st_ed2,16,ENSG00000250349,3
hp_pbotc_1st_ed2,16,ENSG00000270249,0
hp_pbotc_1st_ed2,16,ENSG00000284906,0
hp_pbotc_1st_ed2,16,ERFL,1
hp_pbotc_1st_ed2,16,ERGIC3,9
hp_pbotc_1st_ed2,16,ERLIN2,4
hp_pbotc_1st_ed2,16,ESAM,9
hp_pbotc_1st_ed2,16,EXOG,2
hp_pbotc_1st_ed2,16,FAM107B,2
hp_pbotc_1st_ed2,16,FAM210A,0
hp_pbotc_1st_ed2,16,FAM78B,1
hp_pbotc_1st_ed2,16,FASLG,3
hp_pbotc_1st_ed2,16,FBXO2,7
hp_pbotc_1st_ed2,16,FEZ2,6
hp_pbotc_1st_ed2,16,FGF23,0
hp_pbotc_1st_ed2,16,FGF5,8
hp_pbotc_1st_ed2,16,FKBP6,1
hp_pbotc_1st_ed2,16,FOLR2,2
hp_pbotc_1st_ed2,16,FSAF1,24
hp_pbotc_1st_ed2,16,FSTL1,4
hp_pbotc_1st_ed2,16,GCLM,3
hp_pbotc_1st_ed2,16,GEMIN8,6
hp_pbotc_1st_ed2,16,GIMAP5,1
hp_pbotc_1st_ed2,16,GJC3,5
hp_pbotc_1st_ed2,16,GLT1D1,6
hp_pbotc_1st_ed2,16,GNA15,7
hp_pbotc_1st_ed2,16,GNAZ,4
hp_pbotc_1st_ed2,16,GOLM1,1
hp_pbotc_1st_ed2,16,GPD1L,7
hp_pbotc_1st_ed2,16,GPR160,5
hp_pbotc_1st_ed2,16,GPR171,0
hp_pbotc_1st_ed2,16,GPRC5A,5
hp_pbotc_1st_ed2,16,GRAP2,10
hp_pbotc_1st_ed2,16,GRTP1,1
hp_pbotc_1st_ed2,16,GRXCR2,3
hp_pbotc_1st_ed2,16,GSG1L2,0
hp_pbotc_1st_ed2,16,HAVCR2,4
hp_pbotc_1st_ed2,16,HDGFL1,4
hp_pbotc_1st_ed2,16,HENMT1,10
hp_pbotc_1st_ed2,16,HOXA1,4
hp_pbotc_1st_ed2,16,HOXB8,2
hp_pbotc_1st_ed2,16,HSD17B14,2
hp_pbotc_1st_ed2,16,HSDL1,0
hp_pbotc_1st_ed2,16,HSPE1-MOB4,1
hp_pbotc_1st_ed2,16,ICAM2,8
hp_pbotc_1st_ed2,16,IDI1,1
hp_pbotc_1st_ed2,16,IER5,2
hp_pbotc_1st_ed2,16,IGBP1C,22
hp_pbotc_1st_ed2,16,KCNJ11,11
hp_pbotc_1st_ed2,16,KCTD12,8
hp_pbotc_1st_ed2,16,KDF1,3
hp_pbotc_1st_ed2,16,KIAA1191,0
hp_pbotc_1st_ed2,16,KLF1,4
hp_pbotc_1st_ed2,16,KLF14,0
hp_pbotc_1st_ed2,16,KLK14,0
hp_pbotc_1st_ed2,16,KLK4,3
hp_pbotc_1st_ed2,16,KRT33A,14
hp_pbotc_1st_ed2,16,KRTAP29-1,10
hp_pbotc_1st_ed2,16,KRTAP9-1,0
hp_pbotc_1st_ed2,16,LAYN,9
hp_pbotc_1st_ed2,16,LCLAT1,4
hp_pbotc_1st_ed2,16,LIPT1,2
hp_pbotc_1st_ed2,16,LRRC19,6
hp_pbotc_1st_ed2,16,LRRC39,18
hp_pbotc_1st_ed2,16,LUC7L,189
hp_pbotc_1st_ed2,16,LY6G6F,3
hp_pbotc_1st_ed2,16,LYPD5,0
hp_pbotc_1st_ed2,16,M6PR,0
hp_pbotc_1st_ed2,16,MACROH2A1,15
hp_pbotc_1st_ed2,16,MAGEA9,23
hp_pbotc_1st_ed2,16,MAGEB16,2
hp_pbotc_1st_ed2,16,MAP2K4,4
hp_pbotc_1st_ed2,16,MBNL1,8
hp_pbotc_1st_ed2,16,MBNL2,0
hp_pbotc_1st_ed2,16,MDH1,9
hp_pbotc_1st_ed2,16,METTL22,4
hp_pbotc_1st_ed2,16,METTL24,1
hp_pbotc_1st_ed2,16,MFAP3,5
hp_pbotc_1st_ed2,16,MIOX,2
hp_pbotc_1st_ed2,16,MITD1,0
hp_pbotc_1st_ed2,16,MNX1,4
hp_pbotc_1st_ed2,16,MPST,5
hp_pbotc_1st_ed2,16,MRM1,3
hp_pbotc_1st_ed2,16,MRM2,2
hp_pbotc_1st_ed2,16,MRPL28,3
hp_pbotc_1st_ed2,16,MRPS18B,1
hp_pbotc_1st_ed2,16,MRPS35,1
hp_pbotc_1st_ed2,16,MTCH2,1
hp_pbotc_1st_ed2,16,MVB12A,2
hp_pbotc_1st_ed2,16,NCK1,8
hp_pbotc_1st_ed2,16,NFAM1,2
hp_pbotc_1st_ed2,16,NFE2,4
hp_pbotc_1st_ed2,16,NKAPD1,184
hp_pbotc_1st_ed2,16,NME1-NME2,0
hp_pbotc_1st_ed2,16,NMI,0
hp_pbotc_1st_ed2,16,NXPH3,0
hp_pbotc_1st_ed2,16,NXPH4,7
hp_pbotc_1st_ed2,16,OLIG1,30
hp_pbotc_1st_ed2,16,OPRPN,2
hp_pbotc_1st_ed2,16,OR11H4,5
hp_pbotc_1st_ed2,16,OR11L1,5
hp_pbotc_1st_ed2,16,OR13A1,2
hp_pbotc_1st_ed2,16,OR14C36,1
hp_pbotc_1st_ed2,16,OR1M1,1
hp_pbotc_1st_ed2,16,OR2A42,0
hp_pbotc_1st_ed2,16,OR2G2,0
hp_pbotc_1st_ed2,16,OR2I1,2
hp_pbotc_1st_ed2,16,OR2J3,0
hp_pbotc_1st_ed2,16,OR2L13,0
hp_pbotc_1st_ed2,16,OR2M3,0
hp_pbotc_1st_ed2,16,OR4F29,4
hp_pbotc_1st_ed2,16,OR4K13,0
hp_pbotc_1st_ed2,16,OR4K15,1
hp_pbotc_1st_ed2,16,OR4M2-OT1,2
hp_pbotc_1st_ed2,16,OR51E2,2
hp_pbotc_1st_ed2,16,OR51V1,2
hp_pbotc_1st_ed2,16,OR52E8,6
hp_pbotc_1st_ed2,16,OR52N1,0
hp_pbotc_1st_ed2,16,OR5B17,8
hp_pbotc_1st_ed2,16,OR5M3,1
hp_pbotc_1st_ed2,16,OSGEP,3
hp_pbotc_1st_ed2,16,OTULINL,2
hp_pbotc_1st_ed2,16,PACRGL,3
hp_pbotc_1st_ed2,16,PAGR1,41
hp_pbotc_1st_ed2,16,PANX3,1
hp_pbotc_1st_ed2,16,PBK,1
hp_pbotc_1st_ed2,16,PCGF6,1
hp_pbotc_1st_ed2,16,PDCD2,6
hp_pbotc_1st_ed2,16,PDF,4
hp_pbotc_1st_ed2,16,PGAP2,4
hp_pbotc_1st_ed2,16,PHKG1,8
hp_pbotc_1st_ed2,16,PIPOX,2
hp_pbotc_1st_ed2,16,PLPBP,0
hp_pbotc_1st_ed2,16,PLPP3,2
hp_pbotc_1st_ed2,16,PLSCR3,3
hp_pbotc_1st_ed2,16,PNMA6A,4
hp_pbotc_1st_ed2,16,PNPO,1
hp_pbotc_1st_ed2,16,POU3F4,10
hp_pbotc_1st_ed2,16,POU5F2,1
hp_pbotc_1st_ed2,16,PRB3,25
hp_pbotc_1st_ed2,16,PRDM12,0
hp_pbotc_1st_ed2,16,PRELP,3
hp_pbotc_1st_ed2,16,PRICKLE4,1
hp_pbotc_1st_ed2,16,PRKAR1A,2
hp_pbotc_1st_ed2,16,PRPS1L1,3
hp_pbotc_1st_ed2,16,PRR23E,0
hp_pbotc_1st_ed2,16,PSMA8,1
hp_pbotc_1st_ed2,16,PVRIG,2
hp_pbotc_1st_ed2,16,R3HDM4,1
hp_pbotc_1st_ed2,16,RAD9A,2
hp_pbotc_1st_ed2,16,RBM43,1
hp_pbotc_1st_ed2,16,RCN3,0
hp_pbotc_1st_ed2,16,RFXANK,1
hp_pbotc_1st_ed2,16,RNASET2,1
hp_pbotc_1st_ed2,16,RNF121,1
hp_pbotc_1st_ed2,16,RPS3A,8
hp_pbotc_1st_ed2,16,RPSA,3
hp_pbotc_1st_ed2,16,RRAGD,3
hp_pbotc_1st_ed2,16,RRH,3
hp_pbotc_1st_ed2,16,RTCA,1
hp_pbotc_1st_ed2,16,RWDD3,4
hp_pbotc_1st_ed2,16,SDR42E1,2
hp_pbotc_1st_ed2,16,SEC22A,6
hp_pbotc_1st_ed2,16,SERPINE3,3
hp_pbotc_1st_ed2,16,SETD7,6
hp_pbotc_1st_ed2,16,SFTPD,5
hp_pbotc_1st_ed2,16,SFXN3,0
hp_pbotc_1st_ed2,16,SH2D6,1
hp_pbotc_1st_ed2,16,SH3GL3,7
hp_pbotc_1st_ed2,16,SIGLEC14,13
hp_pbotc_1st_ed2,16,SIGLEC15,5
hp_pbotc_1st_ed2,16,SIRPB1,6
hp_pbotc_1st_ed2,16,SLBP,15
hp_pbotc_1st_ed2,16,SLC25A15,1
hp_pbotc_1st_ed2,16,SLC25A3,1
hp_pbotc_1st_ed2,16,SLC25A40,2
hp_pbotc_1st_ed2,16,SLC25A45,15
hp_pbotc_1st_ed2,16,SLC25A51,0
hp_pbotc_1st_ed2,16,SLC30A3,3
hp_pbotc_1st_ed2,16,SLC30A8,2
hp_pbotc_1st_ed2,16,SLC35B4,1
hp_pbotc_1st_ed2,16,SLC35F2,9
hp_pbotc_1st_ed2,16,SMN2,4
hp_pbotc_1st_ed2,16,SPDYE1,4
hp_pbotc_1st_ed2,16,SPDYE2B,2
hp_pbotc_1st_ed2,16,SPIN3,1
hp_pbotc_1st_ed2,16,SPRY3,2
hp_pbotc_1st_ed2,16,SRD5A1,4
hp_pbotc_1st_ed2,16,SRRD,0
hp_pbotc_1st_ed2,16,SRSF6,253
hp_pbotc_1st_ed2,16,ST8SIA3,4
hp_pbotc_1st_ed2,16,STAC,15
hp_pbotc_1st_ed2,16,STARD10,6
hp_pbotc_1st_ed2,16,STN1,2
hp_pbotc_1st_ed2,16,STX5,2
hp_pbotc_1st_ed2,16,SULT1C2,4
hp_pbotc_1st_ed2,16,SUPT3H,10
hp_pbotc_1st_ed2,16,SURF6,41
hp_pbotc_1st_ed2,16,TAS2R31,2
hp_pbotc_1st_ed2,16,TBX10,8
hp_pbotc_1st_ed2,16,TDRD10,6
hp_pbotc_1st_ed2,16,TEX26,5
hp_pbotc_1st_ed2,16,TFB2M,9
hp_pbotc_1st_ed2,16,TGFB1,13
hp_pbotc_1st_ed2,16,TMBIM1,2
hp_pbotc_1st_ed2,16,TMEFF2,12
hp_pbotc_1st_ed2,16,TMEM163,5
hp_pbotc_1st_ed2,16,TMEM38B,0
hp_pbotc_1st_ed2,16,TMEM64,1
hp_pbotc_1st_ed2,16,TP53TG5,6
hp_pbotc_1st_ed2,16,TPM1,3
hp_pbotc_1st_ed2,16,TSPAN10,10
hp_pbotc_1st_ed2,16,TTPAL,1
hp_pbotc_1st_ed2,16,TXNL1,3
hp_pbotc_1st_ed2,16,UBE3D,4
hp_pbotc_1st_ed2,16,UBL7,7
hp_pbotc_1st_ed2,16,UBTFL1,25
hp_pbotc_1st_ed2,16,UBXN2A,3
hp_pbotc_1st_ed2,16,UCK1,1
hp_pbotc_1st_ed2,16,UNC119B,14
hp_pbotc_1st_ed2,16,UPK3BL1,2
hp_pbotc_1st_ed2,16,VDAC1,1
hp_pbotc_1st_ed2,16,VPS26C,3
hp_pbotc_1st_ed2,16,VSIG2,5
hp_pbotc_1st_ed2,16,WNT9B,9
hp_pbotc_1st_ed2,16,ZCCHC12,1
hp_pbotc_1st_ed2,16,ZCWPW2,6
hp_pbotc_1st_ed2,16,ZDHHC11B,5
hp_pbotc_1st_ed2,16,ZDHHC19,0
hp_pbotc_1st_ed2,16,ZNF330,38
hp_pbotc_1st_ed2,16,ZNF669,1
hp_pbotc_1st_ed2,16,ZNF771,4
hp_pbotc_1st_ed2,16,ZNF787,1
hp_pbotc_1st_ed2,16,ZNG1B,7
hp_thomas_dill2,17,ACKR3,1
hp_thomas_dill2,17,ACTRT2,2
hp_thomas_dill2,17,ADO,3
hp_thomas_dill2,17,AGPAT3,2
hp_thomas_dill2,17,AKTIP,3
hp_thomas_dill2,17,ANKRD30BL,33
hp_thomas_dill2,17,ANXA8,0
hp_thomas_dill2,17,ARGLU1,220
hp_thomas_dill2,17,ARHGAP11B,0
hp_thomas_dill2,17,ATXN3,29
hp_thomas_dill2,17,AZI2,0
hp_thomas_dill2,17,B3GALT1,1
hp_thomas_dill2,17,BCDIN3D,5
hp_thomas_dill2,17,BPIFA1,2
hp_thomas_dill2,17,C16orf78,3
hp_thomas_dill2,17,C1QBP,2
hp_thomas_dill2,17,C1QTNF2,212
hp_thomas_dill2,17,C1QTNF3,16
hp_thomas_dill2,17,C1orf141,3
hp_thomas_dill2,17,C20orf96,5
hp_thomas_dill2,17,CA2,0
hp_thomas_dill2,17,CALR3,3
hp_thomas_dill2,17,CAPZA3,0
hp_thomas_dill2,17,CCDC117,3
hp_thomas_dill2,17,CCDC188,5
hp_thomas_dill2,17,CCDC42,1
hp_thomas_dill2,17,CCDC68,2
hp_thomas_dill2,17,CCN2,2
hp_thomas_dill2,17,CCN3,2
hp_thomas_dill2,17,CD1D,0
hp_thomas_dill2,17,CD200R1L,6
hp_thomas_dill2,17,CD55,24
hp_thomas_dill2,17,CD72,2
hp_thomas_dill2,17,CDK5R2,15
hp_thomas_dill2,17,CDX4,2
hp_thomas_dill2,17,CEACAM19,1
hp_thomas_dill2,17,CENPVL2,6
hp_thomas_dill2,17,CEP44,2
hp_thomas_dill2,17,CERS1,0
hp_thomas_dill2,17,CIMIP6,35
hp_thomas_dill2,17,CLEC12A,4
hp_thomas_dill2,17,CLVS1,3
hp_thomas_dill2,17,CMBL,7
hp_thomas_dill2,17,COQ3,0
hp_thomas_dill2,17,CREBZF,54
hp_thomas_dill2,17,CSF2RA,5
hp_thomas_dill2,17,CT47A12,5
hp_thomas_dill2,17,CTBS,0
hp_thomas_dill2,17,CXADR,2
hp_thomas_dill2,17,CXorf58,7
hp_thomas_dill2,17,CYSLTR2,0
hp_thomas_dill2,17,CYTH1,7
hp_thomas_dill2,17,CYTH4,1
hp_thomas_dill2,17,DECR2,0
hp_thomas_dill2,17,DNASE1L3,0
hp_thomas_dill2,17,DPF2,25
hp_thomas_dill2,17,EAF1,151
hp_thomas_dill2,17,ECHDC1,5
hp_thomas_dill2,17,ECHDC2,0
hp_thomas_dill2,17,EEF1AKMT4,8
hp_thomas_dill2,17,EFNB2,9
hp_thomas_dill2,17,EIF2S2,29
hp_thomas_dill2,17,EIF3I,2
hp_thomas_dill2,17,EIF3J,6
hp_thomas_dill2,17,EIPR1,21
hp_thomas_dill2,17,ELOVL6,0
hp_thomas_dill2,17,ENSG00000250349,0
hp_thomas_dill2,17,ENSG00000270249,0
hp_thomas_dill2,17,ENSG00000284906,0
hp_thomas_dill2,17,ERFL,2
hp_thomas_dill2,17,ERGIC3,2
hp_thomas_dill2,17,ERLIN2,2
hp_thomas_dill2,17,ESAM,2
hp_thomas_dill2,17,EXOG,0
hp_thomas_dill2,17,FAM107B,0
hp_thomas_dill2,17,FAM210A,0
hp_thomas_dill2,17,FAM78B,0
hp_thomas_dill2,17,FASLG,26
hp_thomas_dill2,17,FBXO2,0
hp_thomas_dill2,17,FEZ2,26
hp_thomas_dill2,17,FGF23,0
hp_thomas_dill2,17,FGF5,5
hp_thomas_dill2,17,FKBP6,4
hp_thomas_dill2,17,FOLR2,4
hp_thomas_dill2,17,FSAF1,29
hp_thomas_dill2,17,FSTL1,0
hp_thomas_dill2,17,GCLM,1
hp_thomas_dill2,17,GEMIN8,9
hp_thomas_dill2,17,GIMAP5,2
hp_thomas_dill2,17,GJC3,3
hp_thomas_dill2,17,GLT1D1,0
hp_thomas_dill2,17,GNA15,7
hp_thomas_dill2,17,GNAZ,2
hp_thomas_dill2,17,GOLM1,5
hp_thomas_dill2,17,GPD1L,2
hp_thomas_dill2,17,GPR160,2
hp_thomas_dill2,17,GPR171,0
hp_thomas_dill2,17,GPRC5A,0
hp_thomas_dill2,17,GRAP2,14
hp_thomas_dill2,17,GRTP1,0
hp_thomas_dill2,17,GRXCR2,0
hp_thomas_dill2,17,GSG1L2,0
hp_thomas_dill2,17,HAVCR2,0
hp_thomas_dill2,17,HDGFL1,11
hp_thomas_dill2,17,HENMT1,4
hp_thomas_dill2,17,HOXA1,14
hp_thomas_dill2,17,HOXB8,3
hp_thomas_dill2,17,HSD17B14,0
hp_thomas_dill2,17,HSDL1,0
hp_thomas_dill2,17,HSPE1-MOB4,5
hp_thomas_dill2,17,ICAM2,6
hp_thomas_dill2,17,IDI1,3
hp_thomas_dill2,17,IER5,28
hp_thomas_dill2,17,IGBP1C,17
hp_thomas_dill2,17,KCNJ11,2
hp_thomas_dill2,17,KCTD12,19
hp_thomas_dill2,17,KDF1,92
hp_thomas_dill2,17,KIAA1191,22
hp_thomas_dill2,17,KLF1,6
hp_thomas_dill2,17,KLF14,3
hp_thomas_dill2,17,KLK14,12
hp_thomas_dill2,17,KLK4,0
hp_thomas_dill2,17,KRT33A,14
hp_thomas_dill2,17,KRTAP29-1,0
hp_thomas_dill2,17,KRTAP9-1,0
hp_thomas_dill2,17,LAYN,20
hp_thomas_dill2,17,LCLAT1,1
hp_thomas_dill2,17,LIPT1,4
hp_thomas_dill2,17,LRRC19,3
hp_thomas_dill2,17,LRRC39,6
hp_thomas_dill2,17,LUC7L,207
hp_thomas_dill2,17,LY6G6F,4
hp_thomas_dill2,17,LYPD5,0
hp_thomas_dill2,17,M6PR,0
hp_thomas_dill2,17,MACROH2A1,5
hp_thomas_dill2,17,MAGEA9,47
hp_thomas_dill2,17,MAGEB16,47
hp_thomas_dill2,17,MAP2K4,43
hp_thomas_dill2,17,MBNL1,0
hp_thomas_dill2,17,MBNL2,3
hp_thomas_dill2,17,MDH1,4
hp_thomas_dill2,17,METTL22,21
hp_thomas_dill2,17,METTL24,7
hp_thomas_dill2,17,MFAP3,8
hp_thomas_dill2,17,MIOX,0
hp_thomas_dill2,17,MITD1,2
hp_thomas_dill2,17,MNX1,36
hp_thomas_dill2,17,MPST,4
hp_thomas_dill2,17,MRM1,0
hp_thomas_dill2,17,MRM2,2
hp_thomas_dill2,17,MRPL28,2
hp_thomas_dill2,17,MRPS18B,7
hp_thomas_dill2,17,MRPS35,5
hp_thomas_dill2,17,MTCH2,0
hp_thomas_dill2,17,MVB12A,4
hp_thomas_dill2,17,NCK1,4
hp_thomas_dill2,17,NFAM1,4
hp_thomas_dill2,17,NFE2,10
hp_thomas_dill2,17,NKAPD1,250
hp_thomas_dill2,17,NME1-NME2,1
hp_thomas_dill2,17,NMI,3
hp_thomas_dill2,17,NXPH3,74
hp_thomas_dill2,17,NXPH4,3
hp_thomas_dill2,17,OLIG1,58
hp_thomas_dill2,17,OPRPN,0
hp_thomas_dill2,17,OR11H4,0
hp_thomas_dill2,17,OR11L1,1
hp_thomas_dill2,17,OR13A1,2
hp_thomas_dill2,17,OR14C36,0
hp_thomas_dill2,17,OR1M1,0
hp_thomas_dill2,17,OR2A42,0
hp_thomas_dill2,17,OR2G2,0
hp_thomas_dill2,17,OR2I1,0
hp_thomas_dill2,17,OR2J3,0
hp_thomas_dill2,17,OR2L13,0
hp_thomas_dill2,17,OR2M3,0
hp_thomas_dill2,17,OR4F29,0
hp_thomas_dill2,17,OR4K13,0
hp_thomas_dill2,17,OR4K15,0
hp_thomas_dill2,17,OR4M2-OT1,3
hp_thomas_dill2,17,OR51E2,0
hp_thomas_dill2,17,OR51V1,0
hp_thomas_dill2,17,OR52E8,3
hp_thomas_dill2,17,OR52N1,0
hp_thomas_dill2,17,OR5B17,0
hp_thomas_dill2,17,OR5M3,0
hp_thomas_dill2,17,OSGEP,3
hp_thomas_dill2,17,OTULINL,0
hp_thomas_dill2,17,PACRGL,1
hp_thomas_dill2,17,PAGR1,50
hp_thomas_dill2,17,PANX3,3
hp_thomas_dill2,17,PBK,1
hp_thomas_dill2,17,PCGF6,2
hp_thomas_dill2,17,PDCD2,3
hp_thomas_dill2,17,PDF,1
hp_thomas_dill2,17,PGAP2,0
hp_thomas_dill2,17,PHKG1,1
hp_thomas_dill2,17,PIPOX,8
hp_thomas_dill2,17,PLPBP,3
hp_thomas_dill2,17,PLPP3,1
hp_thomas_dill2,17,PLSCR3,2
hp_thomas_dill2,17,PNMA6A,3
hp_thomas_dill2,17,PNPO,0
hp_thomas_dill2,17,POU3F4,7
hp_thomas_dill2,17,POU5F2,8
hp_thomas_dill2,17,PRB3,1995
hp_thomas_dill2,17,PRDM12,0
hp_thomas_dill2,17,PRELP,89
hp_thomas_dill2,17,PRICKLE4,12
hp_thomas_dill2,17,PRKAR1A,2
hp_thomas_dill2,17,PRPS1L1,2
hp_thomas_dill2,17,PRR23E,2
hp_thomas_dill2,17,PSMA8,0
hp_thomas_dill2,17,PVRIG,4
hp_thomas_dill2,17,R3HDM4,11
hp_thomas_dill2,17,RAD9A,30
hp_thomas_dill2,17,RBM43,0
hp_thomas_dill2,17,RCN3,2
hp_thomas_dill2,17,RFXANK,0
hp_thomas_dill2,17,RNASET2,0
hp_thomas_dill2,17,RNF121,0
hp_thomas_dill2,17,RPS3A,4
hp_thomas_dill2,17,RPSA,0
hp_thomas_dill2,17,RRAGD,0
hp_thomas_dill2,17,RRH,2
hp_thomas_dill2,17,RTCA,1
hp_thomas_dill2,17,RWDD3,0
hp_thomas_dill2,17,SDR42E1,3
hp_thomas_dill2,17,SEC22A,2
hp_thomas_dill2,17,SERPINE3,6
hp_thomas_dill2,17,SETD7,11
hp_thomas_dill2,17,SFTPD,77
hp_thomas_dill2,17,SFXN3,1
hp_thomas_dill2,17,SH2D6,15
hp_thomas_dill2,17,SH3GL3,3
hp_thomas_dill2,17,SIGLEC14,4
hp_thomas_dill2,17,SIGLEC15,0
hp_thomas_dill2,17,SIRPB1,11
hp_thomas_dill2,17,SLBP,15
hp_thomas_dill2,17,SLC25A15,0
hp_thomas_dill2,17,SLC25A3,6
hp_thomas_dill2,17,SLC25A40,3
hp_thomas_dill2,17,SLC25A45,0
hp_thomas_dill2,17,SLC25A51,2
hp_thomas_dill2,17,SLC30A3,0
hp_thomas_dill2,17,SLC30A8,1
hp_thomas_dill2,17,SLC35B4,1
hp_thomas_dill2,17,SLC35F2,8
hp_thomas_dill2,17,SMN2,20
hp_thomas_dill2,17,SPDYE1,52
hp_thomas_dill2,17,SPDYE2B,48
hp_thomas_dill2,17,SPIN3,6
hp_thomas_dill2,17,SPRY3,0
hp_thomas_dill2,17,SRD5A1,0
hp_thomas_dill2,17,SRRD,0
hp_thomas_dill2,17,SRSF6,418
hp_thomas_dill2,17,ST8SIA3,4
hp_thomas_dill2,17,STAC,59
hp_thomas_dill2,17,STARD10,4
hp_thomas_dill2,17,STN1,0
hp_thomas_dill2,17,STX5,4
hp_thomas_dill2,17,SULT1C2,1
hp_thomas_dill2,17,SUPT3H,6
hp_thomas_dill2,17,SURF6,45
hp_thomas_dill2,17,TAS2R31,1
hp_thomas_dill2,17,TBX10,12
hp_thomas_dill2,17,TDRD10,0
hp_thomas_dill2,17,TEX26,6
hp_thomas_dill2,17,TFB2M,2
hp_thomas_dill2,17,TGFB1,7
hp_thomas_dill2,17,TMBIM1,2
hp_thomas_dill2,17,TMEFF2,4
hp_thomas_dill2,17,TMEM163,1
hp_thomas_dill2,17,TMEM38B,0
hp_thomas_dill2,17,TMEM64,5
hp_thomas_dill2,17,TP53TG5,0
hp_thomas_dill2,17,TPM1,2
hp_thomas_dill2,17,TSPAN10,5
hp_thomas_dill2,17,TTPAL,2
hp_thomas_dill2,17,TXNL1,4
hp_thomas_dill2,17,UBE3D,0
hp_thomas_dill2,17,UBL7,84
hp_thomas_dill2,17,UBTFL1,39
hp_thomas_dill2,17,UBXN2A,5
hp_thomas_dill2,17,UCK1,5
hp_thomas_dill2,17,UNC119B,1
hp_thomas_dill2,17,UPK3BL1,1
hp_thomas_dill2,17,VDAC1,2
hp_thomas_dill2,17,VPS26C,4
hp_thomas_dill2,17,VSIG2,6
hp_thomas_dill2,17,WNT9B,0
hp_thomas_dill2,17,ZCCHC12,6
hp_thomas_dill2,17,ZCWPW2,3
hp_thomas_dill2,17,ZDHHC11B,1
hp_thomas_dill2,17,ZDHHC19,2
hp_thomas_dill2,17,ZNF330,33
hp_thomas_dill2,17,ZNF669,5
hp_thomas_dill2,17,ZNF771,2
hp_thomas_dill2,17,ZNF787,4
hp_thomas_dill2,17,ZNG1B,7
hp_thomas_dill_no_c2,17,ACKR3,1
hp_thomas_dill_no_c2,17,ACTRT2,2
hp_thomas_dill_no_c2,17,ADO,0
hp_thomas_dill_no_c2,17,AGPAT3,2
hp_thomas_dill_no_c2,17,AKTIP,3
hp_thomas_dill_no_c2,17,ANKRD30BL,33
hp_thomas_dill_no_c2,17,ANXA8,1
hp_thomas_dill_no_c2,17,ARGLU1,220
hp_thomas_dill_no_c2,17,ARHGAP11B,0
hp_thomas_dill_no_c2,17,ATXN3,29
hp_thomas_dill_no_c2,17,AZI2,0
hp_thomas_dill_no_c2,17,B3GALT1,0
hp_thomas_dill_no_c2,17,BCDIN3D,5
hp_thomas_dill_no_c2,17,BPIFA1,2
hp_thomas_dill_no_c2,17,C16orf78,3
hp_thomas_dill_no_c2,17,C1QBP,2
hp_thomas_dill_no_c2,17,C1QTNF2,210
hp_thomas_dill_no_c2,17,C1QTNF3,16
hp_thomas_dill_no_c2,17,C1orf141,3
hp_thomas_dill_no_c2,17,C20orf96,5
hp_thomas_dill_no_c2,17,CA2,0
hp_thomas_dill_no_c2,17,CALR3,3
hp_thomas_dill_no_c2,17,CAPZA3,0
hp_thomas_dill_no_c2,17,CCDC117,17
hp_thomas_dill_no_c2,17,CCDC188,11
hp_thomas_dill_no_c2,17,CCDC42,1
hp_thomas_dill_no_c2,17,CCDC68,2
hp_thomas_dill_no_c2,17,CCN2,7
hp_thomas_dill_no_c2,17,CCN3,31
hp_thomas_dill_no_c2,17,CD1D,0
hp_thomas_dill_no_c2,17,CD200R1L,5
hp_thomas_dill_no_c2,17,CD55,29
hp_thomas_dill_no_c2,17,CD72,2
hp_thomas_dill_no_c2,17,CDK5R2,19
hp_thomas_dill_no_c2,17,CDX4,2
hp_thomas_dill_no_c2,17,CEACAM19,1
hp_thomas_dill_no_c2,17,CENPVL2,6
hp_thomas_dill_no_c2,17,CEP44,1
hp_thomas_dill_no_c2,17,CERS1,0
hp_thomas_dill_no_c2,17,CIMIP6,40
hp_thomas_dill_no_c2,17,CLEC12A,6
hp_thomas_dill_no_c2,17,CLVS1,3
hp_thomas_dill_no_c2,17,CMBL,6
hp_thomas_dill_no_c2,17,COQ3,3
hp_thomas_dill_no_c2,17,CREBZF,54
hp_thomas_dill_no_c2,17,CSF2RA,5
hp_thomas_dill_no_c2,17,CT47A12,5
hp_thomas_dill_no_c2,17,CTBS,2
hp_thomas_dill_no_c2,17,CXADR,3
hp_thomas_dill_no_c2,17,CXorf58,7
hp_thomas_dill_no_c2,17,CYSLTR2,2
hp_thomas_dill_no_c2,17,CYTH1,7
hp_thomas_dill_no_c2,17,CYTH4,1
hp_thomas_dill_no_c2,17,DECR2,0
hp_thomas_dill_no_c2,17,DNASE1L3,0
hp_thomas_dill_no_c2,17,DPF2,31
hp_thomas_dill_no_c2,17,EAF1,149
hp_thomas_dill_no_c2,17,ECHDC1,2
hp_thomas_dill_no_c2,17,ECHDC2,0
hp_thomas_dill_no_c2,17,EEF1AKMT4,4
hp_thomas_dill_no_c2,17,EFNB2,11
hp_thomas_dill_no_c2,17,EIF2S2,29
hp_thomas_dill_no_c2,17,EIF3I,6
hp_thomas_dill_no_c2,17,EIF3J,5
hp_thomas_dill_no_c2,17,EIPR1,17
hp_thomas_dill_no_c2,17,ELOVL6,0
hp_thomas_dill_no_c2,17,ENSG00000250349,0
hp_thomas_dill_no_c2,17,ENSG00000270249,35
hp_thomas_dill_no_c2,17,ENSG00000284906,0
hp_thomas_dill_no_c2,17,ERFL,1
hp_thomas_dill_no_c2,17,ERGIC3,2
hp_thomas_dill_no_c2,17,ERLIN2,2
hp_thomas_dill_no_c2,17,ESAM,2
hp_thomas_dill_no_c2,17,EXOG,0
hp_thomas_dill_no_c2,17,FAM107B,1
hp_thomas_dill_no_c2,17,FAM210A,2
hp_thomas_dill_no_c2,17,FAM78B,0
hp_thomas_dill_no_c2,17,FASLG,24
hp_thomas_dill_no_c2,17,FBXO2,3
hp_thomas_dill_no_c2,17,FEZ2,23
hp_thomas_dill_no_c2,17,FGF23,1
hp_thomas_dill_no_c2,17,FGF5,5
hp_thomas_dill_no_c2,17,FKBP6,4
hp_thomas_dill_no_c2,17,FOLR2,2
hp_thomas_dill_no_c2,17,FSAF1,29
hp_thomas_dill_no_c2,17,FSTL1,2
hp_thomas_dill_no_c2,17,GCLM,2
hp_thomas_dill_no_c2,17,GEMIN8,8
hp_thomas_dill_no_c2,17,GIMAP5,2
hp_thomas_dill_no_c2,17,GJC3,7
hp_thomas_dill_no_c2,17,GLT1D1,0
hp_thomas_dill_no_c2,17,GNA15,5
hp_thomas_dill_no_c2,17,GNAZ,4
hp_thomas_dill_no_c2,17,GOLM1,4
hp_thomas_dill_no_c2,17,GPD1L,0
hp_thomas_dill_no_c2,17,GPR160,0
hp_thomas_dill_no_c2,17,GPR171,0
hp_thomas_dill_no_c2,17,GPRC5A,0
hp_thomas_dill_no_c2,17,GRAP2,14
hp_thomas_dill_no_c2,17,GRTP1,1
hp_thomas_dill_no_c2,17,GRXCR2,2
hp_thomas_dill_no_c2,17,GSG1L2,0
hp_thomas_dill_no_c2,17,HAVCR2,1
hp_thomas_dill_no_c2,17,HDGFL1,10
hp_thomas_dill_no_c2,17,HENMT1,0
hp_thomas_dill_no_c2,17,HOXA1,21
hp_thomas_dill_no_c2,17,HOXB8,3
hp_thomas_dill_no_c2,17,HSD17B14,1
hp_thomas_dill_no_c2,17,HSDL1,0
hp_thomas_dill_no_c2,17,HSPE1-MOB4,3
hp_thomas_dill_no_c2,17,ICAM2,6
hp_thomas_dill_no_c2,17,IDI1,1
hp_thomas_dill_no_c2,17,IER5,31
hp_thomas_dill_no_c2,17,IGBP1C,17
hp_thomas_dill_no_c2,17,KCNJ11,2
hp_thomas_dill_no_c2,17,KCTD12,19
hp_thomas_dill_no_c2,17,KDF1,100
hp_thomas_dill_no_c2,17,KIAA1191,22
hp_thomas_dill_no_c2,17,KLF1,6
hp_thomas_dill_no_c2,17,KLF14,4
hp_thomas_dill_no_c2,17,KLK14,12
hp_thomas_dill_no_c2,17,KLK4,13
hp_thomas_dill_no_c2,17,KRT33A,7
hp_thomas_dill_no_c2,17,KRTAP29-1,30
hp_thomas_dill_no_c2,17,KRTAP9-1,563
hp_thomas_dill_no_c2,17,LAYN,28
hp_thomas_dill_no_c2,17,LCLAT1,1
hp_thomas_dill_no_c2,17,LIPT1,0
hp_thomas_dill_no_c2,17,LRRC19,3
hp_thomas_dill_no_c2,17,LRRC39,6
hp_thomas_dill_no_c2,17,LUC7L,207
hp_thomas_dill_no_c2,17,LY6G6F,5
hp_thomas_dill_no_c2,17,LYPD5,21
hp_thomas_dill_no_c2,17,M6PR,0
hp_thomas_dill_no_c2,17,MACROH2A1,9
hp_thomas_dill_no_c2,17,MAGEA9,51
hp_thomas_dill_no_c2,17,MAGEB16,47
hp_thomas_dill_no_c2,17,MAP2K4,43
hp_thomas_dill_no_c2,17,MBNL1,6
hp_thomas_dill_no_c2,17,MBNL2,6
hp_thomas_dill_no_c2,17,MDH1,4
hp_thomas_dill_no_c2,17,METTL22,19
hp_thomas_dill_no_c2,17,METTL24,13
hp_thomas_dill_no_c2,17,MFAP3,5
hp_thomas_dill_no_c2,17,MIOX,0
hp_thomas_dill_no_c2,17,MITD1,9
hp_thomas_dill_no_c2,17,MNX1,61
hp_thomas_dill_no_c2,17,MPST,4
hp_thomas_dill_no_c2,17,MRM1,1
hp_thomas_dill_no_c2,17,MRM2,0
hp_thomas_dill_no_c2,17,MRPL28,2
hp_thomas_dill_no_c2,17,MRPS18B,2
hp_thomas_dill_no_c2,17,MRPS35,6
hp_thomas_dill_no_c2,17,MTCH2,0
hp_thomas_dill_no_c2,17,MVB12A,0
hp_thomas_dill_no_c2,17,NCK1,4
hp_thomas_dill_no_c2,17,NFAM1,22
hp_thomas_dill_no_c2,17,NFE2,10
hp_thomas_dill_no_c2,17,NKAPD1,250
hp_thomas_dill_no_c2,17,NME1-NME2,0
hp_thomas_dill_no_c2,17,NMI,2
hp_thomas_dill_no_c2,17,NXPH3,81
hp_thomas_dill_no_c2,17,NXPH4,3
hp_thomas_dill_no_c2,17,OLIG1,58
hp_thomas_dill_no_c2,17,OPRPN,0
hp_thomas_dill_no_c2,17,OR11H4,0
hp_thomas_dill_no_c2,17,OR11L1,0
hp_thomas_dill_no_c2,17,OR13A1,2
hp_thomas_dill_no_c2,17,OR14C36,2
hp_thomas_dill_no_c2,17,OR1M1,2
hp_thomas_dill_no_c2,17,OR2A42,0
hp_thomas_dill_no_c2,17,OR2G2,0
hp_thomas_dill_no_c2,17,OR2I1,0
hp_thomas_dill_no_c2,17,OR2J3,1
hp_thomas_dill_no_c2,17,OR2L13,0
hp_thomas_dill_no_c2,17,OR2M3,0
hp_thomas_dill_no_c2,17,OR4F29,0
hp_thomas_dill_no_c2,17,OR4K13,0
hp_thomas_dill_no_c2,17,OR4K15,0
hp_thomas_dill_no_c2,17,OR4M2-OT1,0
hp_thomas_dill_no_c2,17,OR51E2,0
hp_thomas_dill_no_c2,17,OR51V1,0
hp_thomas_dill_no_c2,17,OR52E8,0
hp_thomas_dill_no_c2,17,OR52N1,1
hp_thomas_dill_no_c2,17,OR5B17,1
hp_thomas_dill_no_c2,17,OR5M3,2
hp_thomas_dill_no_c2,17,OSGEP,1
hp_thomas_dill_no_c2,17,OTULINL,0
hp_thomas_dill_no_c2,17,PACRGL,1
hp_thomas_dill_no_c2,17,PAGR1,48
hp_thomas_dill_no_c2,17,PANX3,3
hp_thomas_dill_no_c2,17,PBK,4
hp_thomas_dill_no_c2,17,PCGF6,3
hp_thomas_dill_no_c2,17,PDCD2,9
hp_thomas_dill_no_c2,17,PDF,4
hp_thomas_dill_no_c2,17,PGAP2,4
hp_thomas_dill_no_c2,17,PHKG1,8
hp_thomas_dill_no_c2,17,PIPOX,8
hp_thomas_dill_no_c2,17,PLPBP,1
hp_thomas_dill_no_c2,17,PLPP3,5
hp_thomas_dill_no_c2,17,PLSCR3,2
hp_thomas_dill_no_c2,17,PNMA6A,6
hp_thomas_dill_no_c2,17,PNPO,1
hp_thomas_dill_no_c2,17,POU3F4,30
hp_thomas_dill_no_c2,17,POU5F2,2
hp_thomas_dill_no_c2,17,PRB3,1995
hp_thomas_dill_no_c2,17,PRDM12,0
hp_thomas_dill_no_c2,17,PRELP,89
hp_thomas_dill_no_c2,17,PRICKLE4,16
hp_thomas_dill_no_c2,17,PRKAR1A,2
hp_thomas_dill_no_c2,17,PRPS1L1,2
hp_thomas_dill_no_c2,17,PRR23E,5
hp_thomas_dill_no_c2,17,PSMA8,0
hp_thomas_dill_no_c2,17,PVRIG,4
hp_thomas_dill_no_c2,17,R3HDM4,7
hp_thomas_dill_no_c2,17,RAD9A,30
hp_thomas_dill_no_c2,17,RBM43,0
hp_thomas_dill_no_c2,17,RCN3,2
hp_thomas_dill_no_c2,17,RFXANK,0
hp_thomas_dill_no_c2,17,RNASET2,3
hp_thomas_dill_no_c2,17,RNF121,0
hp_thomas_dill_no_c2,17,RPS3A,1
hp_thomas_dill_no_c2,17,RPSA,0
hp_thomas_dill_no_c2,17,RRAGD,1
hp_thomas_dill_no_c2,17,RRH,6
hp_thomas_dill_no_c2,17,RTCA,1
hp_thomas_dill_no_c2,17,RWDD3,1
hp_thomas_dill_no_c2,17,SDR42E1,4
hp_thomas_dill_no_c2,17,SEC22A,0
hp_thomas_dill_no_c2,17,SERPINE3,6
hp_thomas_dill_no_c2,17,SETD7,11
hp_thomas_dill_no_c2,17,SFTPD,79
hp_thomas_dill_no_c2,17,SFXN3,1
hp_thomas_dill_no_c2,17,SH2D6,18
hp_thomas_dill_no_c2,17,SH3GL3,3
hp_thomas_dill_no_c2,17,SIGLEC14,2
hp_thomas_dill_no_c2,17,SIGLEC15,0
hp_thomas_dill_no_c2,17,SIRPB1,4
hp_thomas_dill_no_c2,17,SLBP,24
hp_thomas_dill_no_c2,17,SLC25A15,0
hp_thomas_dill_no_c2,17,SLC25A3,7
hp_thomas_dill_no_c2,17,SLC25A40,4
hp_thomas_dill_no_c2,17,SLC25A45,3
hp_thomas_dill_no_c2,17,SLC25A51,3
hp_thomas_dill_no_c2,17,SLC30A3,2
hp_thomas_dill_no_c2,17,SLC30A8,1
hp_thomas_dill_no_c2,17,SLC35B4,1
hp_thomas_dill_no_c2,17,SLC35F2,8
hp_thomas_dill_no_c2,17,SMN2,25
hp_thomas_dill_no_c2,17,SPDYE1,50
hp_thomas_dill_no_c2,17,SPDYE2B,46
hp_thomas_dill_no_c2,17,SPIN3,6
hp_thomas_dill_no_c2,17,SPRY3,4
hp_thomas_dill_no_c2,17,SRD5A1,0
hp_thomas_dill_no_c2,17,SRRD,0
hp_thomas_dill_no_c2,17,SRSF6,418
hp_thomas_dill_no_c2,17,ST8SIA3,5
hp_thomas_dill_no_c2,17,STAC,60
hp_thomas_dill_no_c2,17,STARD10,4
hp_thomas_dill_no_c2,17,STN1,0
hp_thomas_dill_no_c2,17,STX5,4
hp_thomas_dill_no_c2,17,SULT1C2,1
hp_thomas_dill_no_c2,17,SUPT3H,3
hp_thomas_dill_no_c2,17,SURF6,43
hp_thomas_dill_no_c2,17,TAS2R31,3
hp_thomas_dill_no_c2,17,TBX10,13
hp_thomas_dill_no_c2,17,TDRD10,0
hp_thomas_dill_no_c2,17,TEX26,6
hp_thomas_dill_no_c2,17,TFB2M,2
hp_thomas_dill_no_c2,17,TGFB1,3
hp_thomas_dill_no_c2,17,TMBIM1,2
hp_thomas_dill_no_c2,17,TMEFF2,22
hp_thomas_dill_no_c2,17,TMEM163,1
hp_thomas_dill_no_c2,17,TMEM38B,0
hp_thomas_dill_no_c2,17,TMEM64,2
hp_thomas_dill_no_c2,17,TP53TG5,2
hp_thomas_dill_no_c2,17,TPM1,2
hp_thomas_dill_no_c2,17,TSPAN10,7
hp_thomas_dill_no_c2,17,TTPAL,3
hp_thomas_dill_no_c2,17,TXNL1,4
hp_thomas_dill_no_c2,17,UBE3D,2
hp_thomas_dill_no_c2,17,UBL7,84
hp_thomas_dill_no_c2,17,UBTFL1,81
hp_thomas_dill_no_c2,17,UBXN2A,3
hp_thomas_dill_no_c2,17,UCK1,5
hp_thomas_dill_no_c2,17,UNC119B,3
hp_thomas_dill_no_c2,17,UPK3BL1,0
hp_thomas_dill_no_c2,17,VDAC1,2
hp_thomas_dill_no_c2,17,VPS26C,8
hp_thomas_dill_no_c2,17,VSIG2,4
hp_thomas_dill_no_c2,17,WNT9B,0
hp_thomas_dill_no_c2,17,ZCCHC12,27
hp_thomas_dill_no_c2,17,ZCWPW2,2
hp_thomas_dill_no_c2,17,ZDHHC11B,2
hp_thomas_dill_no_c2,17,ZDHHC19,3
hp_thomas_dill_no_c2,17,ZNF330,85
hp_thomas_dill_no_c2,17,ZNF669,2
hp_thomas_dill_no_c2,17,ZNF771,9
hp_thomas_dill_no_c2,17,ZNF787,6
hp_thomas_dill_no_c2,17,ZNG1B,4
hsdm17,5,ACKR3,1
hsdm17,5,ACTRT2,1
hsdm17,5,ADO,0
hsdm17,5,AGPAT3,4
hsdm17,5,AKTIP,1
hsdm17,5,ANKRD30BL,1
hsdm17,5,ANXA8,2
hsdm17,5,ARGLU1,1
hsdm17,5,ARHGAP11B,1
hsdm17,5,ATXN3,1
hsdm17,5,AZI2,2
hsdm17,5,B3GALT1,0
hsdm17,5,BCDIN3D,0
hsdm17,5,BPIFA1,1
hsdm17,5,C16orf78,0
hsdm17,5,C1QBP,1
hsdm17,5,C1QTNF2,2
hsdm17,5,C1QTNF3,5
hsdm17,5,C1orf141,2
hsdm17,5,C20orf96,2
hsdm17,5,CA2,0
hsdm17,5,CALR3,1
hsdm17,5,CAPZA3,0
hsdm17,5,CCDC117,0
hsdm17,5,CCDC188,0
hsdm17,5,CCDC42,2
hsdm17,5,CCDC68,1
hsdm17,5,CCN2,0
hsdm17,5,CCN3,0
hsdm17,5,CD1D,1
hsdm17,5,CD200R1L,0
hsdm17,5,CD55,3
hsdm17,5,CD72,0
hsdm17,5,CDK5R2,0
hsdm17,5,CDX4,0
hsdm17,5,CEACAM19,0
hsdm17,5,CENPVL2,0
hsdm17,5,CEP44,1
hsdm17,5,CERS1,1
hsdm17,5,CIMIP6,1
hsdm17,5,CLEC12A,4
hsdm17,5,CLVS1,1
hsdm17,5,CMBL,0
hsdm17,5,COQ3,4
hsdm17,5,CREBZF,4
hsdm17,5,CSF2RA,0
hsdm17,5,CT47A12,1
hsdm17,5,CTBS,0
hsdm17,5,CXADR,2
hsdm17,5,CXorf58,2
hsdm17,5,CYSLTR2,0
hsdm17,5,CYTH1,4
hsdm17,5,CYTH4,1
hsdm17,5,DECR2,2
hsdm17,5,DNASE1L3,1
hsdm17,5,DPF2,5
hsdm17,5,EAF1,0
hsdm17,5,ECHDC1,4
hsdm17,5,ECHDC2,3
hsdm17,5,EEF1AKMT4,0
hsdm17,5,EFNB2,1
hsdm17,5,EIF2S2,2
hsdm17,5,EIF3I,1
hsdm17,5,EIF3J,3
hsdm17,5,EIPR1,2
hsdm17,5,ELOVL6,1
hsdm17,5,ENSG00000250349,3
hsdm17,5,ENSG00000270249,1
hsdm17,5,ENSG00000284906,1
hsdm17,5,ERFL,1
hsdm17,5,ERGIC3,1
hsdm17,5,ERLIN2,2
hsdm17,5,ESAM,3
hsdm17,5,EXOG,1
hsdm17,5,FAM107B,1
hsdm17,5,FAM210A,0
hsdm17,5,FAM78B,0
hsdm17,5,FASLG,0
hsdm17,5,FBXO2,2
hsdm17,5,FEZ2,1
hsdm17,5,FGF23,0
hsdm17,5,FGF5,0
hsdm17,5,FKBP6,3
hsdm17,5,FOLR2,0
hsdm17,5,FSAF1,0
hsdm17,5,FSTL1,0
hsdm17,5,GCLM,1
hsdm17,5,GEMIN8,0
hsdm17,5,GIMAP5,0
hsdm17,5,GJC3,1
hsdm17,5,GLT1D1,1
hsdm17,5,GNA15,1
hsdm17,5,GNAZ,0
hsdm17,5,GOLM1,2
hsdm17,5,GPD1L,1
hsdm17,5,GPR160,2
hsdm17,5,GPR171,1
hsdm17,5,GPRC5A,2
hsdm17,5,GRAP2,0
hsdm17,5,GRTP1,0
hsdm17,5,GRXCR2,1
hsdm17,5,GSG1L2,0
hsdm17,5,HAVCR2,0
hsdm17,5,HDGFL1,0
hsdm17,5,HENMT1,5
hsdm17,5,HOXA1,2
hsdm17,5,HOXB8,2
hsdm17,5,HSD17B14,0
hsdm17,5,HSDL1,0
hsdm17,5,HSPE1-MOB4,1
hsdm17,5,ICAM2,0
hsdm17,5,IDI1,2
hsdm17,5,IER5,0
hsdm17,5,IGBP1C,3
hsdm17,5,KCNJ11,0
hsdm17,5,KCTD12,2
hsdm17,5,KDF1,0
hsdm17,5,KIAA1191,0
hsdm17,5,KLF1,2
hsdm17,5,KLF14,0
hsdm17,5,KLK14,0
hsdm17,5,KLK4,0
hsdm17,5,KRT33A,2
hsdm17,5,KRTAP29-1,1
hsdm17,5,KRTAP9-1,0
hsdm17,5,LAYN,3
hsdm17,5,LCLAT1,1
hsdm17,5,LIPT1,1
hsdm17,5,LRRC19,1
hsdm17,5,LRRC39,5
hsdm17,5,LUC7L,0
hsdm17,5,LY6G6F,1
hsdm17,5,LYPD5,0
hsdm17,5,M6PR,1
hsdm17,5,MACROH2A1,5
hsdm17,5,MAGEA9,2
hsdm17,5,MAGEB16,2
hsdm17,5,MAP2K4,1
hsdm17,5,MBNL1,1
hsdm17,5,MBNL2,1
hsdm17,5,MDH1,2
hsdm17,5,METTL22,1
hsdm17,5,METTL24,2
hsdm17,5,MFAP3,0
hsdm17,5,MIOX,1
hsdm17,5,MITD1,0
hsdm17,5,MNX1,2
hsdm17,5,MPST,1
hsdm17,5,MRM1,0
hsdm17,5,MRM2,1
hsdm17,5,MRPL28,2
hsdm17,5,MRPS18B,0
hsdm17,5,MRPS35,1
hsdm17,5,MTCH2,3
hsdm17,5,MVB12A,0
hsdm17,5,NCK1,0
hsdm17,5,NFAM1,0
hsdm17,5,NFE2,0
hsdm17,5,NKAPD1,0
hsdm17,5,NME1-NME2,0
hsdm17,5,NMI,3
hsdm17,5,NXPH3,0
hsdm17,5,NXPH4,0
hsdm17,5,OLIG1,0
hsdm17,5,OPRPN,2
hsdm17,5,OR11H4,0
hsdm17,5,OR11L1,0
hsdm17,5,OR13A1,2
hsdm17,5,OR14C36,0
hsdm17,5,OR1M1,0
hsdm17,5,OR2A42,0
hsdm17,5,OR2G2,3
hsdm17,5,OR2I1,3
hsdm17,5,OR2J3,0
hsdm17,5,OR2L13,1
hsdm17,5,OR2M3,0
hsdm17,5,OR4F29,1
hsdm17,5,OR4K13,2
hsdm17,5,OR4K15,0
hsdm17,5,OR4M2-OT1,1
hsdm17,5,OR51E2,2
hsdm17,5,OR51V1,2
hsdm17,5,OR52E8,2
hsdm17,5,OR52N1,3
hsdm17,5,OR5B17,0
hsdm17,5,OR5M3,1
hsdm17,5,OSGEP,2
hsdm17,5,OTULINL,1
hsdm17,5,PACRGL,1
hsdm17,5,PAGR1,0
hsdm17,5,PANX3,2
hsdm17,5,PBK,1
hsdm17,5,PCGF6,0
hsdm17,5,PDCD2,2
hsdm17,5,PDF,0
hsdm17,5,PGAP2,1
hsdm17,5,PHKG1,0
hsdm17,5,PIPOX,1
hsdm17,5,PLPBP,0
hsdm17,5,PLPP3,1
hsdm17,5,PLSCR3,2
hsdm17,5,PNMA6A,1
hsdm17,5,PNPO,0
hsdm17,5,POU3F4,4
hsdm17,5,POU5F2,2
hsdm17,5,PRB3,0
hsdm17,5,PRDM12,1
hsdm17,5,PRELP,2
hsdm17,5,PRICKLE4,1
hsdm17,5,PRKAR1A,3
hsdm17,5,PRPS1L1,0
hsdm17,5,PRR23E,0
hsdm17,5,PSMA8,2
hsdm17,5,PVRIG,0
hsdm17,5,R3HDM4,1
hsdm17,5,RAD9A,1
hsdm17,5,RBM43,4
hsdm17,5,RCN3,1
hsdm17,5,RFXANK,1
hsdm17,5,RNASET2,1
hsdm17,5,RNF121,1
hsdm17,5,RPS3A,1
hsdm17,5,RPSA,1
hsdm17,5,RRAGD,2
hsdm17,5,RRH,0
hsdm17,5,RTCA,1
hsdm17,5,RWDD3,1
hsdm17,5,SDR42E1,0
hsdm17,5,SEC22A,2
hsdm17,5,SERPINE3,2
hsdm17,5,SETD7,0
hsdm17,5,SFTPD,1
hsdm17,5,SFXN3,2
hsdm17,5,SH2D6,0
hsdm17,5,SH3GL3,2
hsdm17,5,SIGLEC14,2
hsdm17,5,SIGLEC15,0
hsdm17,5,SIRPB1,0
hsdm17,5,SLBP,1
hsdm17,5,SLC25A15,0
hsdm17,5,SLC25A3,2
hsdm17,5,SLC25A40,2
hsdm17,5,SLC25A45,2
hsdm17,5,SLC25A51,0
hsdm17,5,SLC30A3,0
hsdm17,5,SLC30A8,1
hsdm17,5,SLC35B4,3
hsdm17,5,SLC35F2,2
hsdm17,5,SMN2,1
hsdm17,5,SPDYE1,2
hsdm17,5,SPDYE2B,1
hsdm17,5,SPIN3,1
hsdm17,5,SPRY3,0
hsdm17,5,SRD5A1,1
hsdm17,5,SRRD,1
hsdm17,5,SRSF6,0
hsdm17,5,ST8SIA3,5
hsdm17,5,STAC,1
hsdm17,5,STARD10,2
hsdm17,5,STN1,4
hsdm17,5,STX5,2
hsdm17,5,SULT1C2,0
hsdm17,5,SUPT3H,0
hsdm17,5,SURF6,2
hsdm17,5,TAS2R31,3
hsdm17,5,TBX10,2
hsdm17,5,TDRD10,2
hsdm17,5,TEX26,2
hsdm17,5,TFB2M,0
hsdm17,5,TGFB1,0
hsdm17,5,TMBIM1,1
hsdm17,5,TMEFF2,2
hsdm17,5,TMEM163,1
hsdm17,5,TMEM38B,0
hsdm17,5,TMEM64,1
hsdm17,5,TP53TG5,1
hsdm17,5,TPM1,2
hsdm17,5,TSPAN10,4
hsdm17,5,TTPAL,2
hsdm17,5,TXNL1,0
hsdm17,5,UBE3D,0
hsdm17,5,UBL7,2
hsdm17,5,UBTFL1,2
hsdm17,5,UBXN2A,2
hsdm17,5,UCK1,1
hsdm17,5,UNC119B,0
hsdm17,5,UPK3BL1,2
hsdm17,5,VDAC1,2
hsdm17,5,VPS26C,2
hsdm17,5,VSIG2,1
hsdm17,5,WNT9B,1
hsdm17,5,ZCCHC12,1
hsdm17,5,ZCWPW2,0
hsdm17,5,ZDHHC11B,1
hsdm17,5,ZDHHC19,0
hsdm17,5,ZNF330,1
hsdm17,5,ZNF669,1
hsdm17,5,ZNF771,0
hsdm17,5,ZNF787,0
hsdm17,5,ZNG1B,5
hsdm17,6,ACKR3,0
hsdm17,6,ACTRT2,0
hsdm17,6,ADO,0
hsdm17,6,AGPAT3,1
hsdm17,6,AKTIP,0
hsdm17,6,ANKRD30BL,0
hsdm17,6,ANXA8,0
hsdm17,6,ARGLU1,0
hsdm17,6,ARHGAP11B,0
hsdm17,6,ATXN3,0
hsdm17,6,AZI2,0
hsdm17,6,B3GALT1,0
hsdm17,6,BCDIN3D,0
hsdm17,6,BPIFA1,0
hsdm17,6,C16orf78,0
hsdm17,6,C1QBP,0
hsdm17,6,C1QTNF2,0
hsdm17,6,C1QTNF3,2
hsdm17,6,C1orf141,1
hsdm17,6,C20orf96,1
hsdm17,6,CA2,0
hsdm17,6,CALR3,0
hsdm17,6,CAPZA3,0
hsdm17,6,CCDC117,0
hsdm17,6,CCDC188,0
hsdm17,6,CCDC42,0
hsdm17,6,CCDC68,0
hsdm17,6,CCN2,0
hsdm17,6,CCN3,0
hsdm17,6,CD1D,0
hsdm17,6,CD200R1L,0
hsdm17,6,CD55,2
hsdm17,6,CD72,0
hsdm17,6,CDK5R2,0
hsdm17,6,CDX4,0
hsdm17,6,CEACAM19,0
hsdm17,6,CENPVL2,0
hsdm17,6,CEP44,0
hsdm17,6,CERS1,0
hsdm17,6,CIMIP6,0
hsdm17,6,CLEC12A,1
hsdm17,6,CLVS1,0
hsdm17,6,CMBL,0
hsdm17,6,COQ3,1
hsdm17,6,CREBZF,2
hsdm17,6,CSF2RA,0
hsdm17,6,CT47A12,0
hsdm17,6,CTBS,0
hsdm17,6,CXADR,0
hsdm17,6,CXorf58,0
hsdm17,6,CYSLTR2,0
hsdm17,6,CYTH1,0
hsdm17,6,CYTH4,0
hsdm17,6,DECR2,1
hsdm17,6,DNASE1L3,0
hsdm17,6,DPF2,0
hsdm17,6,EAF1,0
hsdm17,6,ECHDC1,0
hsdm17,6,ECHDC2,0
hsdm17,6,EEF1AKMT4,0
hsdm17,6,EFNB2,0
hsdm17,6,EIF2S2,0
hsdm17,6,EIF3I,0
hsdm17,6,EIF3J,0
hsdm17,6,EIPR1,0
hsdm17,6,ELOVL6,0
hsdm17,6,ENSG00000250349,0
hsdm17,6,ENSG00000270249,0
hsdm17,6,ENSG00000284906,0
hsdm17,6,ERFL,0
hsdm17,6,ERGIC3,0
hsdm17,6,ERLIN2,0
hsdm17,6,ESAM,0
hsdm17,6,EXOG,0
hsdm17,6,FAM107B,0
hsdm17,6,FAM210A,0
hsdm17,6,FAM78B,0
hsdm17,6,FASLG,0
hsdm17,6,FBXO2,1
hsdm17,6,FEZ2,0
hsdm17,6,FGF23,0
hsdm17,6,FGF5,0
hsdm17,6,FKBP6,0
hsdm17,6,FOLR2,0
hsdm17,6,FSAF1,0
hsdm17,6,FSTL1,0
hsdm17,6,GCLM,0
hsdm17,6,GEMIN8,0
hsdm17,6,GIMAP5,0
hsdm17,6,GJC3,0
hsdm17,6,GLT1D1,0
hsdm17,6,GNA15,0
hsdm17,6,GNAZ,0
hsdm17,6,GOLM1,0
hsdm17,6,GPD1L,0
hsdm17,6,GPR160,0
hsdm17,6,GPR171,0
hsdm17,6,GPRC5A,0
hsdm17,6,GRAP2,0
hsdm17,6,GRTP1,0
hsdm17,6,GRXCR2,0
hsdm17,6,GSG1L2,0
hsdm17,6,HAVCR2,0
hsdm17,6,HDGFL1,0
hsdm17,6,HENMT1,2
hsdm17,6,HOXA1,0
hsdm17,6,HOXB8,0
hsdm17,6,HSD17B14,0
hsdm17,6,HSDL1,0
hsdm17,6,HSPE1-MOB4,0
hsdm17,6,ICAM2,0
hsdm17,6,IDI1,0
hsdm17,6,IER5,0
hsdm17,6,IGBP1C,1
hsdm17,6,KCNJ11,0
hsdm17,6,KCTD12,0
hsdm17,6,KDF1,0
hsdm17,6,KIAA1191,0
hsdm17,6,KLF1,0
hsdm17,6,KLF14,0
hsdm17,6,KLK14,0
hsdm17,6,KLK4,0
hsdm17,6,KRT33A,0
hsdm17,6,KRTAP29-1,0
hsdm17,6,KRTAP9-1,0
hsdm17,6,LAYN,1
hsdm17,6,LCLAT1,0
hsdm17,6,LIPT1,0
hsdm17,6,LRRC19,0
hsdm17,6,LRRC39,1
hsdm17,6,LUC7L,0
hsdm17,6,LY6G6F,0
hsdm17,6,LYPD5,0
hsdm17,6,M6PR,0
hsdm17,6,MACROH2A1,0
hsdm17,6,MAGEA9,0
hsdm17,6,MAGEB16,0
hsdm17,6,MAP2K4,0
hsdm17,6,MBNL1,0
hsdm17,6,MBNL2,0
hsdm17,6,MDH1,0
hsdm17,6,METTL22,0
hsdm17,6,METTL24,0
hsdm17,6,MFAP3,0
hsdm17,6,MIOX,0
hsdm17,6,MITD1,0
hsdm17,6,MNX1,1
hsdm17,6,MPST,0
hsdm17,6,MRM1,0
hsdm17,6,MRM2,0
hsdm17,6,MRPL28,0
hsdm17,6,MRPS18B,0
hsdm17,6,MRPS35,0
hsdm17,6,MTCH2,1
hsdm17,6,MVB12A,0
hsdm17,6,NCK1,0
hsdm17,6,NFAM1,0
hsdm17,6,NFE2,0
hsdm17,6,NKAPD1,0
hsdm17,6,NME1-NME2,0
hsdm17,6,NMI,0
hsdm17,6,NXPH3,0
hsdm17,6,NXPH4,0
hsdm17,6,OLIG1,0
hsdm17,6,OPRPN,0
hsdm17,6,OR11H4,0
hsdm17,6,OR11L1,0
hsdm17,6,OR13A1,1
hsdm17,6,OR14C36,0
hsdm17,6,OR1M1,0
hsdm17,6,OR2A42,0
hsdm17,6,OR2G2,0
hsdm17,6,OR2I1,0
hsdm17,6,OR2J3,0
hsdm17,6,OR2L13,0
hsdm17,6,OR2M3,0
hsdm17,6,OR4F29,0
hsdm17,6,OR4K13,0
hsdm17,6,OR4K15,0
hsdm17,6,OR4M2-OT1,0
hsdm17,6,OR51E2,0
hsdm17,6,OR51V1,0
hsdm17,6,OR52E8,0
hsdm17,6,OR52N1,0
hsdm17,6,OR5B17,0
hsdm17,6,OR5M3,0
hsdm17,6,OSGEP,0
hsdm17,6,OTULINL,0
hsdm17,6,PACRGL,0
hsdm17,6,PAGR1,0
hsdm17,6,PANX3,0
hsdm17,6,PBK,0
hsdm17,6,PCGF6,0
hsdm17,6,PDCD2,0
hsdm17,6,PDF,0
hsdm17,6,PGAP2,0
hsdm17,6,PHKG1,0
hsdm17,6,PIPOX,0
hsdm17,6,PLPBP,0
hsdm17,6,PLPP3,0
hsdm17,6,PLSCR3,0
hsdm17,6,PNMA6A,0
hsdm17,6,PNPO,0
hsdm17,6,POU3F4,0
hsdm17,6,POU5F2,0
hsdm17,6,PRB3,0
hsdm17,6,PRDM12,0
hsdm17,6,PRELP,0
hsdm17,6,PRICKLE4,0
hsdm17,6,PRKAR1A,1
hsdm17,6,PRPS1L1,0
hsdm17,6,PRR23E,0
hsdm17,6,PSMA8,0
hsdm17,6,PVRIG,0
hsdm17,6,R3HDM4,0
hsdm17,6,RAD9A,0
hsdm17,6,RBM43,0
hsdm17,6,RCN3,0
hsdm17,6,RFXANK,0
hsdm17,6,RNASET2,0
hsdm17,6,RNF121,0
hsdm17,6,RPS3A,0
hsdm17,6,RPSA,0
hsdm17,6,RRAGD,0
hsdm17,6,RRH,0
hsdm17,6,RTCA,0
hsdm17,6,RWDD3,0
hsdm17,6,SDR42E1,0
hsdm17,6,SEC22A,0
hsdm17,6,SERPINE3,0
hsdm17,6,SETD7,0
hsdm17,6,SFTPD,0
hsdm17,6,SFXN3,0
hsdm17,6,SH2D6,0
hsdm17,6,SH3GL3,0
hsdm17,6,SIGLEC14,0
hsdm17,6,SIGLEC15,0
hsdm17,6,SIRPB1,0
hsdm17,6,SLBP,0
hsdm17,6,SLC25A15,0
hsdm17,6,SLC25A3,0
hsdm17,6,SLC25A40,0
hsdm17,6,SLC25A45,0
hsdm17,6,SLC25A51,0
hsdm17,6,SLC30A3,0
hsdm17,6,SLC30A8,0
hsdm17,6,SLC35B4,0
hsdm17,6,SLC35F2,1
hsdm17,6,SMN2,0
hsdm17,6,SPDYE1,0
hsdm17,6,SPDYE2B,0
hsdm17,6,SPIN3,0
hsdm17,6,SPRY3,0
hsdm17,6,SRD5A1,0
hsdm17,6,SRRD,0
hsdm17,6,SRSF6,0
hsdm17,6,ST8SIA3,1
hsdm17,6,STAC,0
hsdm17,6,STARD10,0
hsdm17,6,STN1,1
hsdm17,6,STX5,0
hsdm17,6,SULT1C2,0
hsdm17,6,SUPT3H,0
hsdm17,6,SURF6,0
hsdm17,6,TAS2R31,1
hsdm17,6,TBX10,1
hsdm17,6,TDRD10,0
hsdm17,6,TEX26,0
hsdm17,6,TFB2M,0
hsdm17,6,TGFB1,0
hsdm17,6,TMBIM1,0
hsdm17,6,TMEFF2,1
hsdm17,6,TMEM163,0
hsdm17,6,TMEM38B,0
hsdm17,6,TMEM64,0
hsdm17,6,TP53TG5,0
hsdm17,6,TPM1,1
hsdm17,6,TSPAN10,0
hsdm17,6,TTPAL,0
hsdm17,6,TXNL1,0
hsdm17,6,UBE3D,0
hsdm17,6,UBL7,0
hsdm17,6,UBTFL1,0
hsdm17,6,UBXN2A,0
hsdm17,6,UCK1,0
hsdm17,6,UNC119B,0
hsdm17,6,UPK3BL1,0
hsdm17,6,VDAC1,0
hsdm17,6,VPS26C,0
hsdm17,6,VSIG2,0
hsdm17,6,WNT9B,0
hsdm17,6,ZCCHC12,0
hsdm17,6,ZCWPW2,0
hsdm17,6,ZDHHC11B,0
hsdm17,6,ZDHHC19,0
hsdm17,6,ZNF330,0
hsdm17,6,ZNF669,0
hsdm17,6,ZNF771,0
hsdm17,6,ZNF787,0
hsdm17,6,ZNG1B,1
mmseqs12,5,ACKR3,7
mmseqs12,5,ACTRT2,4
mmseqs12,5,ADO,4
mmseqs12,5,AGPAT3,4
mmseqs12,5,AKTIP,3
mmseqs12,5,ANKRD30BL,2
mmseqs12,5,ANXA8,6
mmseqs12,5,ARGLU1,11
mmseqs12,5,ARHGAP11B,8
mmseqs12,5,ATXN3,10
mmseqs12,5,AZI2,5
mmseqs12,5,B3GALT1,6
mmseqs12,5,BCDIN3D,2
mmseqs12,5,BPIFA1,5
mmseqs12,5,C16orf78,8
mmseqs12,5,C1QBP,2
mmseqs12,5,C1QTNF2,3
mmseqs12,5,C1QTNF3,2
mmseqs12,5,C1orf141,9
mmseqs12,5,C20orf96,3
mmseqs12,5,CA2,4
mmseqs12,5,CALR3,3
mmseqs12,5,CAPZA3,1
mmseqs12,5,CCDC117,8
mmseqs12,5,CCDC188,5
mmseqs12,5,CCDC42,0
mmseqs12,5,CCDC68,8
mmseqs12,5,CCN2,1
mmseqs12,5,CCN3,2
mmseqs12,5,CD1D,5
mmseqs12,5,CD200R1L,5
mmseqs12,5,CD55,14
mmseqs12,5,CD72,3
mmseqs12,5,CDK5R2,12
mmseqs12,5,CDX4,7
mmseqs12,5,CEACAM19,1
mmseqs12,5,CENPVL2,0
mmseqs12,5,CEP44,6
mmseqs12,5,CERS1,7
mmseqs12,5,CIMIP6,3
mmseqs12,5,CLEC12A,6
mmseqs12,5,CLVS1,2
mmseqs12,5,CMBL,5
mmseqs12,5,COQ3,3
mmseqs12,5,CREBZF,9
mmseqs12,5,CSF2RA,3
mmseqs12,5,CT47A12,7
mmseqs12,5,CTBS,6
mmseqs12,5,CXADR,5
mmseqs12,5,CXorf58,3
mmseqs12,5,CYSLTR2,2
mmseqs12,5,CYTH1,1
mmseqs12,5,CYTH4,6
mmseqs12,5,DECR2,4
mmseqs12,5,DNASE1L3,2
mmseqs12,5,DPF2,7
mmseqs12,5,EAF1,1
mmseqs12,5,ECHDC1,5
mmseqs12,5,ECHDC2,4
mmseqs12,5,EEF1AKMT4,5
mmseqs12,5,EFNB2,6
mmseqs12,5,EIF2S2,8
mmseqs12,5,EIF3I,8
mmseqs12,5,EIF3J,8
mmseqs12,5,EIPR1,8
mmseqs12,5,ELOVL6,3
mmseqs12,5,ENSG00000250349,8
mmseqs12,5,ENSG00000270249,2
mmseqs12,5,ENSG00000284906,8
mmseqs12,5,ERFL,4
mmseqs12,5,ERGIC3,5
mmseqs12,5,ERLIN2,4
mmseqs12,5,ESAM,7
mmseqs12,5,EXOG,5
mmseqs12,5,FAM107B,7
mmseqs12,5,FAM210A,4
mmseqs12,5,FAM78B,3
mmseqs12,5,FASLG,2
mmseqs12,5,FBXO2,7
mmseqs12,5,FEZ2,2
mmseqs12,5,FGF23,3
mmseqs12,5,FGF5,8
mmseqs12,5,FKBP6,5
mmseqs12,5,FOLR2,3
mmseqs12,5,FSAF1,5
mmseqs12,5,FSTL1,4
mmseqs12,5,GCLM,7
mmseqs12,5,GEMIN8,3
mmseqs12,5,GIMAP5,0
mmseqs12,5,GJC3,3
mmseqs12,5,GLT1D1,5
mmseqs12,5,GNA15,4
mmseqs12,5,GNAZ,3
mmseqs12,5,GOLM1,6
mmseqs12,5,GPD1L,6
mmseqs12,5,GPR160,6
mmseqs12,5,GPR171,4
mmseqs12,5,GPRC5A,5
mmseqs12,5,GRAP2,3
mmseqs12,5,GRTP1,3
mmseqs12,5,GRXCR2,0
mmseqs12,5,GSG1L2,1
mmseqs12,5,HAVCR2,8
mmseqs12,5,HDGFL1,6
mmseqs12,5,HENMT1,2
mmseqs12,5,HOXA1,8
mmseqs12,5,HOXB8,2
mmseqs12,5,HSD17B14,3
mmseqs12,5,HSDL1,4
mmseqs12,5,HSPE1-MOB4,4
mmseqs12,5,ICAM2,4
mmseqs12,5,IDI1,4
mmseqs12,5,IER5,6
mmseqs12,5,IGBP1C,5
mmseqs12,5,KCNJ11,4
mmseqs12,5,KCTD12,12
mmseqs12,5,KDF1,12
mmseqs12,5,KIAA1191,10
mmseqs12,5,KLF1,4
mmseqs12,5,KLF14,2
mmseqs12,5,KLK14,1
mmseqs12,5,KLK4,4
mmseqs12,5,KRT33A,4
mmseqs12,5,KRTAP29-1,1
mmseqs12,5,KRTAP9-1,3
mmseqs12,5,LAYN,1
mmseqs12,5,LCLAT1,3
mmseqs12,5,LIPT1,4
mmseqs12,5,LRRC19,8
mmseqs12,5,LRRC39,1
mmseqs12,5,LUC7L,7
mmseqs12,5,LY6G6F,4
mmseqs12,5,LYPD5,6
mmseqs12,5,M6PR,4
mmseqs12,5,MACROH2A1,15
mmseqs12,5,MAGEA9,5
mmseqs12,5,MAGEB16,9
mmseqs12,5,MAP2K4,5
mmseqs12,5,MBNL1,26
mmseqs12,5,MBNL2,15
mmseqs12,5,MDH1,7
mmseqs12,5,METTL22,5
mmseqs12,5,METTL24,6
mmseqs12,5,MFAP3,3
mmseqs12,5,MIOX,5
mmseqs12,5,MITD1,4
mmseqs12,5,MNX1,21
mmseqs12,5,MPST,1
mmseqs12,5,MRM1,5
mmseqs12,5,MRM2,1
mmseqs12,5,MRPL28,3
mmseqs12,5,MRPS18B,4
mmseqs12,5,MRPS35,3
mmseqs12,5,MTCH2,4
mmseqs12,5,MVB12A,7
mmseqs12,5,NCK1,3
mmseqs12,5,NFAM1,10
mmseqs12,5,NFE2,4
mmseqs12,5,NKAPD1,7
mmseqs12,5,NME1-NME2,0
mmseqs12,5,NMI,5
mmseqs12,5,NXPH3,5
mmseqs12,5,NXPH4,3
mmseqs12,5,OLIG1,19
mmseqs12,5,OPRPN,27
mmseqs12,5,OR11H4,4
mmseqs12,5,OR11L1,6
mmseqs12,5,OR13A1,7
mmseqs12,5,OR14C36,5
mmseqs12,5,OR1M1,12
mmseqs12,5,OR2A42,3
mmseqs12,5,OR2G2,2
mmseqs12,5,OR2I1,6
mmseqs12,5,OR2J3,9
mmseqs12,5,OR2L13,5
mmseqs12,5,OR2M3,5
mmseqs12,5,OR4F29,3
mmseqs12,5,OR4K13,7
mmseqs12,5,OR4K15,5
mmseqs12,5,OR4M2-OT1,3
mmseqs12,5,OR51E2,2
mmseqs12,5,OR51V1,5
mmseqs12,5,OR52E8,4
mmseqs12,5,OR52N1,4
mmseqs12,5,OR5B17,7
mmseqs12,5,OR5M3,4
mmseqs12,5,OSGEP,2
mmseqs12,5,OTULINL,5
mmseqs12,5,PACRGL,6
mmseqs12,5,PAGR1,5
mmseqs12,5,PANX3,4
mmseqs12,5,PBK,1
mmseqs12,5,PCGF6,2
mmseqs12,5,PDCD2,1
mmseqs12,5,PDF,2
mmseqs12,5,PGAP2,9
mmseqs12,5,PHKG1,3
mmseqs12,5,PIPOX,6
mmseqs12,5,PLPBP,2
mmseqs12,5,PLPP3,5
mmseqs12,5,PLSCR3,6
mmseqs12,5,PNMA6A,4
mmseqs12,5,PNPO,2
mmseqs12,5,POU3F4,12
mmseqs12,5,POU5F2,1
mmseqs12,5,PRB3,0
mmseqs12,5,PRDM12,12
mmseqs12,5,PRELP,4
mmseqs12,5,PRICKLE4,3
mmseqs12,5,PRKAR1A,8
mmseqs12,5,PRPS1L1,5
mmseqs12,5,PRR23E,3
mmseqs12,5,PSMA8,5
mmseqs12,5,PVRIG,2
mmseqs12,5,R3HDM4,5
mmseqs12,5,RAD9A,12
mmseqs12,5,RBM43,2
mmseqs12,5,RCN3,4
mmseqs12,5,RFXANK,7
mmseqs12,5,RNASET2,3
mmseqs12,5,RNF121,10
mmseqs12,5,RPS3A,1
mmseqs12,5,RPSA,6
mmseqs12,5,RRAGD,8
mmseqs12,5,RRH,9
mmseqs12,5,RTCA,2
mmseqs12,5,RWDD3,3
mmseqs12,5,SDR42E1,9
mmseqs12,5,SEC22A,6
mmseqs12,5,SERPINE3,7
mmseqs12,5,SETD7,4
mmseqs12,5,SFTPD,4
mmseqs12,5,SFXN3,10
mmseqs12,5,SH2D6,8
mmseqs12,5,SH3GL3,4
mmseqs12,5,SIGLEC14,3
mmseqs12,5,SIGLEC15,7
mmseqs12,5,SIRPB1,7
mmseqs12,5,SLBP,3
mmseqs12,5,SLC25A15,2
mmseqs12,5,SLC25A3,10
mmseqs12,5,SLC25A40,8
mmseqs12,5,SLC25A45,4
mmseqs12,5,SLC25A51,3
mmseqs12,5,SLC30A3,2
mmseqs12,5,SLC30A8,10
mmseqs12,5,SLC35B4,5
mmseqs12,5,SLC35F2,12
mmseqs12,5,SMN2,8
mmseqs12,5,SPDYE1,6
mmseqs12,5,SPDYE2B,9
mmseqs12,5,SPIN3,3
mmseqs12,5,SPRY3,8
mmseqs12,5,SRD5A1,1
mmseqs12,5,SRRD,8
mmseqs12,5,SRSF6,9
mmseqs12,5,ST8SIA3,3
mmseqs12,5,STAC,3
mmseqs12,5,STARD10,6
mmseqs12,5,STN1,4
mmseqs12,5,STX5,7
mmseqs12,5,SULT1C2,1
mmseqs12,5,SUPT3H,8
mmseqs12,5,SURF6,7
mmseqs12,5,TAS2R31,6
mmseqs12,5,TBX10,16
mmseqs12,5,TDRD10,6
mmseqs12,5,TEX26,3
mmseqs12,5,TFB2M,3
mmseqs12,5,TGFB1,2
mmseqs12,5,TMBIM1,5
mmseqs12,5,TMEFF2,11
mmseqs12,5,TMEM163,0
mmseqs12,5,TMEM38B,2
mmseqs12,5,TMEM64,12
mmseqs12,5,TP53TG5,5
mmseqs12,5,TPM1,6
mmseqs12,5,TSPAN10,10
mmseqs12,5,TTPAL,9
mmseqs12,5,TXNL1,2
mmseqs12,5,UBE3D,8
mmseqs12,5,UBL7,6
mmseqs12,5,UBTFL1,6
mmseqs12,5,UBXN2A,1
mmseqs12,5,UCK1,3
mmseqs12,5,UNC119B,8
mmseqs12,5,UPK3BL1,4
mmseqs12,5,VDAC1,10
mmseqs12,5,VPS26C,3
mmseqs12,5,VSIG2,7
mmseqs12,5,WNT9B,7
mmseqs12,5,ZCCHC12,7
mmseqs12,5,ZCWPW2,6
mmseqs12,5,ZDHHC11B,7
mmseqs12,5,ZDHHC19,5
mmseqs12,5,ZNF330,5
mmseqs12,5,ZNF669,2
mmseqs12,5,ZNF771,5
mmseqs12,5,ZNF787,2
mmseqs12,5,ZNG1B,10
polarity4,9,ACKR3,23
polarity4,9,ACTRT2,14
polarity4,9,ADO,11
polarity4,9,AGPAT3,29
polarity4,9,AKTIP,9
polarity4,9,ANKRD30BL,11
polarity4,9,ANXA8,7
polarity4,9,ARGLU1,0
polarity4,9,ARHGAP11B,11
polarity4,9,ATXN3,7
polarity4,9,AZI2,16
polarity4,9,B3GALT1,5
polarity4,9,BCDIN3D,8
polarity4,9,BPIFA1,23
polarity4,9,C16orf78,8
polarity4,9,C1QBP,9
polarity4,9,C1QTNF2,21
polarity4,9,C1QTNF3,15
polarity4,9,C1orf141,5
polarity4,9,C20orf96,2
polarity4,9,CA2,1
polarity4,9,CALR3,10
polarity4,9,CAPZA3,12
polarity4,9,CCDC117,10
polarity4,9,CCDC188,17
polarity4,9,CCDC42,6
polarity4,9,CCDC68,0
polarity4,9,CCN2,16
polarity4,9,CCN3,9
polarity4,9,CD1D,14
polarity4,9,CD200R1L,14
polarity4,9,CD55,25
polarity4,9,CD72,18
polarity4,9,CDK5R2,36
polarity4,9,CDX4,29
polarity4,9,CEACAM19,32
polarity4,9,CENPVL2,5
polarity4,9,CEP44,4
polarity4,9,CERS1,31
polarity4,9,CIMIP6,2
polarity4,9,CLEC12A,3
polarity4,9,CLVS1,11
polarity4,9,CMBL,13
polarity4,9,COQ3,14
polarity4,9,CREBZF,3
polarity4,9,CSF2RA,11
polarity4,9,CT47A12,3
polarity4,9,CTBS,7
polarity4,9,CXADR,14
polarity4,9,CXorf58,12
polarity4,9,CYSLTR2,43
polarity4,9,CYTH1,8
polarity4,9,CYTH4,1
polarity4,9,DECR2,26
polarity4,9,DNASE1L3,3
polarity4,9,DPF2,9
polarity4,9,EAF1,13
polarity4,9,ECHDC1,19
polarity4,9,ECHDC2,4
polarity4,9,EEF1AKMT4,8
polarity4,9,EFNB2,10
polarity4,9,EIF2S2,6
polarity4,9,EIF3I,4
polarity4,9,EIF3J,4
polarity4,9,EIPR1,6
polarity4,9,ELOVL6,23
polarity4,9,ENSG00000250349,25
polarity4,9,ENSG00000270249,10
polarity4,9,ENSG00000284906,11
polarity4,9,ERFL,10
polarity4,9,ERGIC3,8
polarity4,9,ERLIN2,13
polarity4,9,ESAM,28
polarity4,9,EXOG,17
polarity4,9,FAM107B,7
polarity4,9,FAM210A,6
polarity4,9,FAM78B,5
polarity4,9,FASLG,9
polarity4,9,FBXO2,2
polarity4,9,FEZ2,6
polarity4,9,FGF23,8
polarity4,9,FGF5,9
polarity4,9,FKBP6,9
polarity4,9,FOLR2,18
polarity4,9,FSAF1,5
polarity4,9,FSTL1,1
polarity4,9,GCLM,12
polarity4,9,GEMIN8,6
polarity4,9,GIMAP5,6
polarity4,9,GJC3,6
polarity4,9,GLT1D1,6
polarity4,9,GNA15,14
polarity4,9,GNAZ,16
polarity4,9,GOLM1,13
polarity4,9,GPD1L,8
polarity4,9,GPR160,20
polarity4,9,GPR171,37
polarity4,9,GPRC5A,31
polarity4,9,GRAP2,9
polarity4,9,GRTP1,24
polarity4,9,GRXCR2,5
polarity4,9,GSG1L2,30
polarity4,9,HAVCR2,24
polarity4,9,HDGFL1,5
polarity4,9,HENMT1,13
polarity4,9,HOXA1,1
polarity4,9,HOXB8,6
polarity4,9,HSD17B14,8
polarity4,9,HSDL1,20
polarity4,9,HSPE1-MOB4,5
polarity4,9,ICAM2,11
polarity4,9,IDI1,4
polarity4,9,IER5,23
polarity4,9,IGBP1C,9
polarity4,9,KCNJ11,14
polarity4,9,KCTD12,10
polarity4,9,KDF1,8
polarity4,9,KIAA1191,10
polarity4,9,KLF1,41
polarity4,9,KLF14,32
polarity4,9,KLK14,30
polarity4,9,KLK4,15
polarity4,9,KRT33A,4
polarity4,9,KRTAP29-1,15
polarity4,9,KRTAP9-1,21
polarity4,9,LAYN,28
polarity4,9,LCLAT1,51
polarity4,9,LIPT1,2
polarity4,9,LRRC19,9
polarity4,9,LRRC39,9
polarity4,9,LUC7L,1
polarity4,9,LY6G6F,12
polarity4,9,LYPD5,4
polarity4,9,M6PR,19
polarity4,9,MACROH2A1,5
polarity4,9,MAGEA9,13
polarity4,9,MAGEB16,3
polarity4,9,MAP2K4,13
polarity4,9,MBNL1,46
polarity4,9,MBNL2,33
polarity4,9,MDH1,8
polarity4,9,METTL22,21
polarity4,9,METTL24,8
polarity4,9,MFAP3,11
polarity4,9,MIOX,6
polarity4,9,MITD1,2
polarity4,9,MNX1,19
polarity4,9,MPST,16
polarity4,9,MRM1,12
polarity4,9,MRM2,11
polarity4,9,MRPL28,5
polarity4,9,MRPS18B,3
polarity4,9,MRPS35,3
polarity4,9,MTCH2,25
polarity4,9,MVB12A,15
polarity4,9,NCK1,8
polarity4,9,NFAM1,20
polarity4,9,NFE2,15
polarity4,9,NKAPD1,0
polarity4,9,NME1-NME2,1
polarity4,9,NMI,2
polarity4,9,NXPH3,10
polarity4,9,NXPH4,17
polarity4,9,OLIG1,15
polarity4,9,OPRPN,14
polarity4,9,OR11H4,69
polarity4,9,OR11L1,44
polarity4,9,OR13A1,37
polarity4,9,OR14C36,24
polarity4,9,OR1M1,34
polarity4,9,OR2A42,28
polarity4,9,OR2G2,28
polarity4,9,OR2I1,28
polarity4,9,OR2J3,30
polarity4,9,OR2L13,21
polarity4,9,OR2M3,31
polarity4,9,OR4F29,50
polarity4,9,OR4K13,48
polarity4,9,OR4K15,52
polarity4,9,OR4M2-OT1,37
polarity4,9,OR51E2,21
polarity4,9,OR51V1,36
polarity4,9,OR52E8,20
polarity4,9,OR52N1,31
polarity4,9,OR5B17,23
polarity4,9,OR5M3,26
polarity4,9,OSGEP,16
polarity4,9,OTULINL,11
polarity4,9,PACRGL,8
polarity4,9,PAGR1,3
polarity4,9,PANX3,29
polarity4,9,PBK,7
polarity4,9,PCGF6,13
polarity4,9,PDCD2,10
polarity4,9,PDF,6
polarity4,9,PGAP2,30
polarity4,9,PHKG1,13
polarity4,9,PIPOX,17
polarity4,9,PLPBP,2
polarity4,9,PLPP3,22
polarity4,9,PLSCR3,19
polarity4,9,PNMA6A,19
polarity4,9,PNPO,15
polarity4,9,POU3F4,17
polarity4,9,POU5F2,22
polarity4,9,PRB3,15
polarity4,9,PRDM12,8
polarity4,9,PRELP,18
polarity4,9,PRICKLE4,21
polarity4,9,PRKAR1A,8
polarity4,9,PRPS1L1,12
polarity4,9,PRR23E,35
polarity4,9,PSMA8,3
polarity4,9,PVRIG,39
polarity4,9,R3HDM4,5
polarity4,9,RAD9A,8
polarity4,9,RBM43,3
polarity4,9,RCN3,4
polarity4,9,RFXANK,7
polarity4,9,RNASET2,12
polarity4,9,RNF121,39
polarity4,9,RPS3A,3
polarity4,9,RPSA,9
polarity4,9,RRAGD,2
polarity4,9,RRH,43
polarity4,9,RTCA,9
polarity4,9,RWDD3,2
polarity4,9,SDR42E1,19
polarity4,9,SEC22A,16
polarity4,9,SERPINE3,35
polarity4,9,SETD7,7
polarity4,9,SFTPD,33
polarity4,9,SFXN3,23
polarity4,9,SH2D6,14
polarity4,9,SH3GL3,6
polarity4,9,SIGLEC14,19
polarity4,9,SIGLEC15,18
polarity4,9,SIRPB1,24
polarity4,9,SLBP,0
polarity4,9,SLC25A15,18
polarity4,9,SLC25A3,32
polarity4,9,SLC25A40,30
polarity4,9,SLC25A45,25
polarity4,9,SLC25A51,7
polarity4,9,SLC30A3,31
polarity4,9,SLC30A8,52
polarity4,9,SLC35B4,47
polarity4,9,SLC35F2,18
polarity4,9,SMN2,14
polarity4,9,SPDYE1,3
polarity4,9,SPDYE2B,3
polarity4,9,SPIN3,5
polarity4,9,SPRY3,3
polarity4,9,SRD5A1,19
polarity4,9,SRRD,6
polarity4,9,SRSF6,4
polarity4,9,ST8SIA3,10
polarity4,9,STAC,6
polarity4,9,STARD10,5
polarity4,9,STN1,3
polarity4,9,STX5,8
polarity4,9,SULT1C2,6
polarity4,9,SUPT3H,2
polarity4,9,SURF6,3
polarity4,9,TAS2R31,31
polarity4,9,TBX10,16
polarity4,9,TDRD10,12
polarity4,9,TEX26,16
polarity4,9,TFB2M,16
polarity4,9,TGFB1,8
polarity4,9,TMBIM1,40
polarity4,9,TMEFF2,17
polarity4,9,TMEM163,24
polarity4,9,TMEM38B,33
polarity4,9,TMEM64,48
polarity4,9,TP53TG5,0
polarity4,9,TPM1,0
polarity4,9,TSPAN10,19
polarity4,9,TTPAL,9
polarity4,9,TXNL1,11
polarity4,9,UBE3D,7
polarity4,9,UBL7,16
polarity4,9,UBTFL1,2
polarity4,9,UBXN2A,11
polarity4,9,UCK1,8
polarity4,9,UNC119B,2
polarity4,9,UPK3BL1,26
polarity4,9,VDAC1,6
polarity4,9,VPS26C,14
polarity4,9,VSIG2,27
polarity4,9,WNT9B,11
polarity4,9,ZCCHC12,9
polarity4,9,ZCWPW2,15
polarity4,9,ZDHHC11B,21
polarity4,9,ZDHHC19,34
polarity4,9,ZNF330,0
polarity4,9,ZNF669,3
polarity4,9,ZNF771,5
polarity4,9,ZNF787,9
polarity4,9,ZNG1B,10
polarity4,11,ACKR3,2
polarity4,11,ACTRT2,2
polarity4,11,ADO,0
polarity4,11,AGPAT3,4
polarity4,11,AKTIP,1
polarity4,11,ANKRD30BL,4
polarity4,11,ANXA8,2
polarity4,11,ARGLU1,0
polarity4,11,ARHGAP11B,0
polarity4,11,ATXN3,2
polarity4,11,AZI2,3
polarity4,11,B3GALT1,0
polarity4,11,BCDIN3D,0
polarity4,11,BPIFA1,5
polarity4,11,C16orf78,2
polarity4,11,C1QBP,1
polarity4,11,C1QTNF2,2
polarity4,11,C1QTNF3,1
polarity4,11,C1orf141,0
polarity4,11,C20orf96,0
polarity4,11,CA2,0
polarity4,11,CALR3,1
polarity4,11,CAPZA3,3
polarity4,11,CCDC117,0
polarity4,11,CCDC188,0
polarity4,11,CCDC42,2
polarity4,11,CCDC68,0
polarity4,11,CCN2,3
polarity4,11,CCN3,1
polarity4,11,CD1D,0
polarity4,11,CD200R1L,0
polarity4,11,CD55,4
polarity4,11,CD72,1
polarity4,11,CDK5R2,4
polarity4,11,CDX4,5
polarity4,11,CEACAM19,6
polarity4,11,CENPVL2,0
polarity4,11,CEP44,0
polarity4,11,CERS1,2
polarity4,11,CIMIP6,0
polarity4,11,CLEC12A,0
polarity4,11,CLVS1,0
polarity4,11,CMBL,3
polarity4,11,COQ3,2
polarity4,11,CREBZF,0
polarity4,11,CSF2RA,5
polarity4,11,CT47A12,0
polarity4,11,CTBS,2
polarity4,11,CXADR,1
polarity4,11,CXorf58,1
polarity4,11,CYSLTR2,2
polarity4,11,CYTH1,1
polarity4,11,CYTH4,0
polarity4,11,DECR2,3
polarity4,11,DNASE1L3,0
polarity4,11,DPF2,1
polarity4,11,EAF1,1
polarity4,11,ECHDC1,1
polarity4,11,ECHDC2,0
polarity4,11,EEF1AKMT4,0
polarity4,11,EFNB2,0
polarity4,11,EIF2S2,2
polarity4,11,EIF3I,0
polarity4,11,EIF3J,0
polarity4,11,EIPR1,1
polarity4,11,ELOVL6,0
polarity4,11,ENSG00000250349,5
polarity4,11,ENSG00000270249,2
polarity4,11,ENSG00000284906,0
polarity4,11,ERFL,0
polarity4,11,ERGIC3,0
polarity4,11,ERLIN2,1
polarity4,11,ESAM,3
polarity4,11,EXOG,1
polarity4,11,FAM107B,0
polarity4,11,FAM210A,1
polarity4,11,FAM78B,1
polarity4,11,FASLG,0
polarity4,11,FBXO2,0
polarity4,11,FEZ2,0
polarity4,11,FGF23,0
polarity4,11,FGF5,0
polarity4,11,FKBP6,1
polarity4,11,FOLR2,0
polarity4,11,FSAF1,0
polarity4,11,FSTL1,0
polarity4,11,GCLM,3
polarity4,11,GEMIN8,0
polarity4,11,GIMAP5,0
polarity4,11,GJC3,0
polarity4,11,GLT1D1,0
polarity4,11,GNA15,2
polarity4,11,GNAZ,5
polarity4,11,GOLM1,2
polarity4,11,GPD1L,3
polarity4,11,GPR160,2
polarity4,11,GPR171,10
polarity4,11,GPRC5A,1
polarity4,11,GRAP2,0
polarity4,11,GRTP1,2
polarity4,11,GRXCR2,0
polarity4,11,GSG1L2,7
polarity4,11,HAVCR2,5
polarity4,11,HDGFL1,1
polarity4,11,HENMT1,0
polarity4,11,HOXA1,0
polarity4,11,HOXB8,0
polarity4,11,HSD17B14,0
polarity4,11,HSDL1,1
polarity4,11,HSPE1-MOB4,0
polarity4,11,ICAM2,0
polarity4,11,IDI1,0
polarity4,11,IER5,6
polarity4,11,IGBP1C,1
polarity4,11,KCNJ11,0
polarity4,11,KCTD12,0
polarity4,11,KDF1,1
polarity4,11,KIAA1191,0
polarity4,11,KLF1,6
polarity4,11,KLF14,5
polarity4,11,KLK14,2
polarity4,11,KLK4,0
polarity4,11,KRT33A,0
polarity4,11,KRTAP29-1,0
polarity4,11,KRTAP9-1,0
polarity4,11,LAYN,6
polarity4,11,LCLAT1,9
polarity4,11,LIPT1,0
polarity4,11,LRRC19,0
polarity4,11,LRRC39,0
polarity4,11,LUC7L,0
polarity4,11,LY6G6F,1
polarity4,11,LYPD5,0
polarity4,11,M6PR,3
polarity4,11,MACROH2A1,0
polarity4,11,MAGEA9,2
polarity4,11,MAGEB16,0
polarity4,11,MAP2K4,1
polarity4,11,MBNL1,6
polarity4,11,MBNL2,5
polarity4,11,MDH1,0
polarity4,11,METTL22,5
polarity4,11,METTL24,0
polarity4,11,MFAP3,1
polarity4,11,MIOX,0
polarity4,11,MITD1,0
polarity4,11,MNX1,4
polarity4,11,MPST,4
polarity4,11,MRM1,0
polarity4,11,MRM2,1
polarity4,11,MRPL28,1
polarity4,11,MRPS18B,0
polarity4,11,MRPS35,0
polarity4,11,MTCH2,3
polarity4,11,MVB12A,2
polarity4,11,NCK1,2
polarity4,11,NFAM1,1
polarity4,11,NFE2,1
polarity4,11,NKAPD1,0
polarity4,11,NME1-NME2,0
polarity4,11,NMI,0
polarity4,11,NXPH3,3
polarity4,11,NXPH4,1
polarity4,11,OLIG1,2
polarity4,11,OPRPN,1
polarity4,11,OR11H4,10
polarity4,11,OR11L1,8
polarity4,11,OR13A1,4
polarity4,11,OR14C36,2
polarity4,11,OR1M1,4
polarity4,11,OR2A42,4
polarity4,11,OR2G2,3
polarity4,11,OR2I1,6
polarity4,11,OR2J3,4
polarity4,11,OR2L13,4
polarity4,11,OR2M3,4
polarity4,11,OR4F29,5
polarity4,11,OR4K13,4
polarity4,11,OR4K15,11
polarity4,11,OR4M2-OT1,4
polarity4,11,OR51E2,2
polarity4,11,OR51V1,1
polarity4,11,OR52E8,0
polarity4,11,OR52N1,5
polarity4,11,OR5B17,3
polarity4,11,OR5M3,3
polarity4,11,OSGEP,2
polarity4,11,OTULINL,0
polarity4,11,PACRGL,0
polarity4,11,PAGR1,0
polarity4,11,PANX3,2
polarity4,11,PBK,0
polarity4,11,PCGF6,0
polarity4,11,PDCD2,3
polarity4,11,PDF,0
polarity4,11,PGAP2,4
polarity4,11,PHKG1,2
polarity4,11,PIPOX,4
polarity4,11,PLPBP,0
polarity4,11,PLPP3,6
polarity4,11,PLSCR3,2
polarity4,11,PNMA6A,0
polarity4,11,PNPO,4
polarity4,11,POU3F4,2
polarity4,11,POU5F2,1
polarity4,11,PRB3,4
polarity4,11,PRDM12,1
polarity4,11,PRELP,1
polarity4,11,PRICKLE4,2
polarity4,11,PRKAR1A,0
polarity4,11,PRPS1L1,2
polarity4,11,PRR23E,11
polarity4,11,PSMA8,0
polarity4,11,PVRIG,2
polarity4,11,R3HDM4,0
polarity4,11,RAD9A,0
polarity4,11,RBM43,0
polarity4,11,RCN3,0
polarity4,11,RFXANK,0
polarity4,11,RNASET2,0
polarity4,11,RNF121,0
polarity4,11,RPS3A,0
polarity4,11,RPSA,3
polarity4,11,RRAGD,0
polarity4,11,RRH,2
polarity4,11,RTCA,0
polarity4,11,RWDD3,0
polarity4,11,SDR42E1,3
polarity4,11,SEC22A,1
polarity4,11,SERPINE3,2
polarity4,11,SETD7,1
polarity4,11,SFTPD,6
polarity4,11,SFXN3,0
polarity4,11,SH2D6,2
polarity4,11,SH3GL3,0
polarity4,11,SIGLEC14,2
polarity4,11,SIGLEC15,5
polarity4,11,SIRPB1,3
polarity4,11,SLBP,0
polarity4,11,SLC25A15,0
polarity4,11,SLC25A3,1
polarity4,11,SLC25A40,2
polarity4,11,SLC25A45,0
polarity4,11,SLC25A51,0
polarity4,11,SLC30A3,3
polarity4,11,SLC30A8,10
polarity4,11,SLC35B4,9
polarity4,11,SLC35F2,1
polarity4,11,SMN2,3
polarity4,11,SPDYE1,0
polarity4,11,SPDYE2B,0
polarity4,11,SPIN3,0
polarity4,11,SPRY3,0
polarity4,11,SRD5A1,1
polarity4,11,SRRD,0
polarity4,11,SRSF6,0
polarity4,11,ST8SIA3,1
polarity4,11,STAC,0
polarity4,11,STARD10,0
polarity4,11,STN1,1
polarity4,11,STX5,2
polarity4,11,SULT1C2,1
polarity4,11,SUPT3H,0
polarity4,11,SURF6,0
polarity4,11,TAS2R31,1
polarity4,11,TBX10,1
polarity4,11,TDRD10,0
polarity4,11,TEX26,4
polarity4,11,TFB2M,4
polarity4,11,TGFB1,0
polarity4,11,TMBIM1,1
polarity4,11,TMEFF2,1
polarity4,11,TMEM163,1
polarity4,11,TMEM38B,3
polarity4,11,TMEM64,6
polarity4,11,TP53TG5,0
polarity4,11,TPM1,0
polarity4,11,TSPAN10,2
polarity4,11,TTPAL,1
polarity4,11,TXNL1,1
polarity4,11,UBE3D,0
polarity4,11,UBL7,1
polarity4,11,UBTFL1,0
polarity4,11,UBXN2A,1
polarity4,11,UCK1,1
polarity4,11,UNC119B,0
polarity4,11,UPK3BL1,6
polarity4,11,VDAC1,0
polarity4,11,VPS26C,1
polarity4,11,VSIG2,3
polarity4,11,WNT9B,1
polarity4,11,ZCCHC12,1
polarity4,11,ZCWPW2,5
polarity4,11,ZDHHC11B,1
polarity4,11,ZDHHC19,1
polarity4,11,ZNF330,0
polarity4,11,ZNF669,0
polarity4,11,ZNF771,0
polarity4,11,ZNF787,1
polarity4,11,ZNG1B,1
sdm12,5,ACKR3,10
sdm12,5,ACTRT2,11
sdm12,5,ADO,3
sdm12,5,AGPAT3,9
sdm12,5,AKTIP,8
sdm12,5,ANKRD30BL,10
sdm12,5,ANXA8,18
sdm12,5,ARGLU1,19
sdm12,5,ARHGAP11B,4
sdm12,5,ATXN3,36
sdm12,5,AZI2,12
sdm12,5,B3GALT1,4
sdm12,5,BCDIN3D,2
sdm12,5,BPIFA1,7
sdm12,5,C16orf78,11
sdm12,5,C1QBP,4
sdm12,5,C1QTNF2,3
sdm12,5,C1QTNF3,14
sdm12,5,C1orf141,13
sdm12,5,C20orf96,19
sdm12,5,CA2,4
sdm12,5,CALR3,10
sdm12,5,CAPZA3,7
sdm12,5,CCDC117,8
sdm12,5,CCDC188,12
sdm12,5,CCDC42,14
sdm12,5,CCDC68,17
sdm12,5,CCN2,1
sdm12,5,CCN3,7
sdm12,5,CD1D,7
sdm12,5,CD200R1L,10
sdm12,5,CD55,20
sdm12,5,CD72,18
sdm12,5,CDK5R2,4
sdm12,5,CDX4,8
sdm12,5,CEACAM19,8
sdm12,5,CENPVL2,3
sdm12,5,CEP44,12
sdm12,5,CERS1,4
sdm12,5,CIMIP6,7
sdm12,5,CLEC12A,7
sdm12,5,CLVS1,9
sdm12,5,CMBL,4
sdm12,5,COQ3,14
sdm12,5,CREBZF,13
sdm12,5,CSF2RA,15
sdm12,5,CT47A12,3
sdm12,5,CTBS,8
sdm12,5,CXADR,9
sdm12,5,CXorf58,10
sdm12,5,CYSLTR2,11
sdm12,5,CYTH1,13
sdm12,5,CYTH4,3
sdm12,5,DECR2,6
sdm12,5,DNASE1L3,8
sdm12,5,DPF2,10
sdm12,5,EAF1,11
sdm12,5,ECHDC1,10
sdm12,5,ECHDC2,13
sdm12,5,EEF1AKMT4,2
sdm12,5,EFNB2,8
sdm12,5,EIF2S2,9
sdm12,5,EIF3I,7
sdm12,5,EIF3J,8
sdm12,5,EIPR1,11
sdm12,5,ELOVL6,9
sdm12,5,ENSG00000250349,10
sdm12,5,ENSG00000270249,8
sdm12,5,ENSG00000284906,4
sdm12,5,ERFL,4
sdm12,5,ERGIC3,6
sdm12,5,ERLIN2,12
sdm12,5,ESAM,14
sdm12,5,EXOG,11
sdm12,5,FAM107B,14
sdm12,5,FAM210A,7
sdm12,5,FAM78B,10
sdm12,5,FASLG,5
sdm12,5,FBXO2,2
sdm12,5,FEZ2,9
sdm12,5,FGF23,3
sdm12,5,FGF5,12
sdm12,5,FKBP6,5
sdm12,5,FOLR2,6
sdm12,5,FSAF1,12
sdm12,5,FSTL1,8
sdm12,5,GCLM,11
sdm12,5,GEMIN8,7
sdm12,5,GIMAP5,6
sdm12,5,GJC3,15
sdm12,5,GLT1D1,8
sdm12,5,GNA15,8
sdm12,5,GNAZ,6
sdm12,5,GOLM1,18
sdm12,5,GPD1L,5
sdm12,5,GPR160,15
sdm12,5,GPR171,7
sdm12,5,GPRC5A,8
sdm12,5,GRAP2,5
sdm12,5,GRTP1,7
sdm12,5,GRXCR2,3
sdm12,5,GSG1L2,4
sdm12,5,HAVCR2,8
sdm12,5,HDGFL1,3
sdm12,5,HENMT1,15
sdm12,5,HOXA1,12
sdm12,5,HOXB8,8
sdm12,5,HSD17B14,4
sdm12,5,HSDL1,9
sdm12,5,HSPE1-MOB4,9
sdm12,5,ICAM2,9
sdm12,5,IDI1,9
sdm12,5,IER5,12
sdm12,5,IGBP1C,16
sdm12,5,KCNJ11,7
sdm12,5,KCTD12,10
sdm12,5,KDF1,10
sdm12,5,KIAA1191,9
sdm12,5,KLF1,7
sdm12,5,KLF14,3
sdm12,5,KLK14,12
sdm12,5,KLK4,3
sdm12,5,KRT33A,19
sdm12,5,KRTAP29-1,1
sdm12,5,KRTAP9-1,2
sdm12,5,LAYN,8
sdm12,5,LCLAT1,6
sdm12,5,LIPT1,7
sdm12,5,LRRC19,13
sdm12,5,LRRC39,10
sdm12,5,LUC7L,9
sdm12,5,LY6G6F,9
sdm12,5,LYPD5,3
sdm12,5,M6PR,6
sdm12,5,MACROH2A1,19
sdm12,5,MAGEA9,12
sdm12,5,MAGEB16,20
sdm12,5,MAP2K4,13
sdm12,5,MBNL1,6
sdm12,5,MBNL2,7
sdm12,5,MDH1,11
sdm12,5,METTL22,5
sdm12,5,METTL24,8
sdm12,5,MFAP3,7
sdm12,5,MIOX,6
sdm12,5,MITD1,8
sdm12,5,MNX1,3
sdm12,5,MPST,6
sdm12,5,MRM1,8
sdm12,5,MRM2,4
sdm12,5,MRPL28,18
sdm12,5,MRPS18B,2
sdm12,5,MRPS35,10
sdm12,5,MTCH2,10
sdm12,5,MVB12A,5
sdm12,5,NCK1,10
sdm12,5,NFAM1,4
sdm12,5,NFE2,14
sdm12,5,NKAPD1,8
sdm12,5,NME1-NME2,0
sdm12,5,NMI,12
sdm12,5,NXPH3,3
sdm12,5,NXPH4,1
sdm12,5,OLIG1,33
sdm12,5,OPRPN,11
sdm12,5,OR11H4,6
sdm12,5,OR11L1,8
sdm12,5,OR13A1,7
sdm12,5,OR14C36,8
sdm12,5,OR1M1,11
sdm12,5,OR2A42,10
sdm12,5,OR2G2,11
sdm12,5,OR2I1,8
sdm12,5,OR2J3,10
sdm12,5,OR2L13,6
sdm12,5,OR2M3,7
sdm12,5,OR4F29,6
sdm12,5,OR4K13,12
sdm12,5,OR4K15,11
sdm12,5,OR4M2-OT1,8
sdm12,5,OR51E2,11
sdm12,5,OR51V1,9
sdm12,5,OR52E8,11
sdm12,5,OR52N1,11
sdm12,5,OR5B17,12
sdm12,5,OR5M3,5
sdm12,5,OSGEP,12
sdm12,5,OTULINL,5
sdm12,5,PACRGL,16
sdm12,5,PAGR1,5
sdm12,5,PANX3,13
sdm12,5,PBK,4
sdm12,5,PCGF6,8
sdm12,5,PDCD2,8
sdm12,5,PDF,2
sdm12,5,PGAP2,5
sdm12,5,PHKG1,10
sdm12,5,PIPOX,12
sdm12,5,PLPBP,7
sdm12,5,PLPP3,6
sdm12,5,PLSCR3,5
sdm12,5,PNMA6A,10
sdm12,5,PNPO,5
sdm12,5,POU3F4,14
sdm12,5,POU5F2,10
sdm12,5,PRB3,2
sdm12,5,PRDM12,9
sdm12,5,PRELP,11
sdm12,5,PRICKLE4,14
sdm12,5,PRKAR1A,7
sdm12,5,PRPS1L1,5
sdm12,5,PRR23E,5
sdm12,5,PSMA8,6
sdm12,5,PVRIG,9
sdm12,5,R3HDM4,9
sdm12,5,RAD9A,8
sdm12,5,RBM43,21
sdm12,5,RCN3,4
sdm12,5,RFXANK,12
sdm12,5,RNASET2,5
sdm12,5,RNF121,6
sdm12,5,RPS3A,3
sdm12,5,RPSA,6
sdm12,5,RRAGD,11
sdm12,5,RRH,6
sdm12,5,RTCA,9
sdm12,5,RWDD3,8
sdm12,5,SDR42E1,9
sdm12,5,SEC22A,10
sdm12,5,SERPINE3,12
sdm12,5,SETD7,6
sdm12,5,SFTPD,4
sdm12,5,SFXN3,11
sdm12,5,SH2D6,5
sdm12,5,SH3GL3,12
sdm12,5,SIGLEC14,15
sdm12,5,SIGLEC15,3
sdm12,5,SIRPB1,11
sdm12,5,SLBP,5
sdm12,5,SLC25A15,8
sdm12,5,SLC25A3,8
sdm12,5,SLC25A40,15
sdm12,5,SLC25A45,18
sdm12,5,SLC25A51,8
sdm12,5,SLC30A3,8
sdm12,5,SLC30A8,9
sdm12,5,SLC35B4,18
sdm12,5,SLC35F2,13
sdm12,5,SMN2,6
sdm12,5,SPDYE1,9
sdm12,5,SPDYE2B,14
sdm12,5,SPIN3,9
sdm12,5,SPRY3,2
sdm12,5,SRD5A1,5
sdm12,5,SRRD,6
sdm12,5,SRSF6,13
sdm12,5,ST8SIA3,13
sdm12,5,STAC,19
sdm12,5,STARD10,3
sdm12,5,STN1,17
sdm12,5,STX5,28
sdm12,5,SULT1C2,12
sdm12,5,SUPT3H,10
sdm12,5,SURF6,11
sdm12,5,TAS2R31,17
sdm12,5,TBX10,11
sdm12,5,TDRD10,11
sdm12,5,TEX26,11
sdm12,5,TFB2M,7
sdm12,5,TGFB1,10
sdm12,5,TMBIM1,9
sdm12,5,TMEFF2,14
sdm12,5,TMEM163,5
sdm12,5,TMEM38B,8
sdm12,5,TMEM64,9
sdm12,5,TP53TG5,16
sdm12,5,TPM1,17
sdm12,5,TSPAN10,9
sdm12,5,TTPAL,9
sdm12,5,TXNL1,11
sdm12,5,UBE3D,22
sdm12,5,UBL7,12
sdm12,5,UBTFL1,11
sdm12,5,UBXN2A,3
sdm12,5,UCK1,10
sdm12,5,UNC119B,5
sdm12,5,UPK3BL1,6
sdm12,5,VDAC1,7
sdm12,5,VPS26C,9
sdm12,5,VSIG2,7
sdm12,5,WNT9B,7
sdm12,5,ZCCHC12,18
sdm12,5,ZCWPW2,4
sdm12,5,ZDHHC11B,9
sdm12,5,ZDHHC19,2
sdm12,5,ZNF330,5
sdm12,5,ZNF669,8
sdm12,5,ZNF771,0
sdm12,5,ZNF787,1
sdm12,5,ZNG1B,14
sdm12,6,ACKR3,0
sdm12,6,ACTRT2,1
sdm12,6,ADO,0
sdm12,6,AGPAT3,2
sdm12,6,AKTIP,1
sdm12,6,ANKRD30BL,2
sdm12,6,ANXA8,4
sdm12,6,ARGLU1,2
sdm12,6,ARHGAP11B,0
sdm12,6,ATXN3,16
sdm12,6,AZI2,1
sdm12,6,B3GALT1,1
sdm12,6,BCDIN3D,0
sdm12,6,BPIFA1,0
sdm12,6,C16orf78,4
sdm12,6,C1QBP,0
sdm12,6,C1QTNF2,0
sdm12,6,C1QTNF3,3
sdm12,6,C1orf141,3
sdm12,6,C20orf96,4
sdm12,6,CA2,0
sdm12,6,CALR3,2
sdm12,6,CAPZA3,1
sdm12,6,CCDC117,2
sdm12,6,CCDC188,1
sdm12,6,CCDC42,4
sdm12,6,CCDC68,3
sdm12,6,CCN2,0
sdm12,6,CCN3,2
sdm12,6,CD1D,1
sdm12,6,CD200R1L,1
sdm12,6,CD55,8
sdm12,6,CD72,2
sdm12,6,CDK5R2,0
sdm12,6,CDX4,2
sdm12,6,CEACAM19,1
sdm12,6,CENPVL2,1
sdm12,6,CEP44,1
sdm12,6,CERS1,0
sdm12,6,CIMIP6,0
sdm12,6,CLEC12A,1
sdm12,6,CLVS1,0
sdm12,6,CMBL,0
sdm12,6,COQ3,4
sdm12,6,CREBZF,2
sdm12,6,CSF2RA,2
sdm12,6,CT47A12,0
sdm12,6,CTBS,0
sdm12,6,CXADR,0
sdm12,6,CXorf58,1
sdm12,6,CYSLTR2,1
sdm12,6,CYTH1,1
sdm12,6,CYTH4,0
sdm12,6,DECR2,1
sdm12,6,DNASE1L3,0
sdm12,6,DPF2,2
sdm12,6,EAF1,2
sdm12,6,ECHDC1,2
sdm12,6,ECHDC2,1
sdm12,6,EEF1AKMT4,0
sdm12,6,EFNB2,1
sdm12,6,EIF2S2,2
sdm12,6,EIF3I,1
sdm12,6,EIF3J,1
sdm12,6,EIPR1,2
sdm12,6,ELOVL6,0
sdm12,6,ENSG00000250349,1
sdm12,6,ENSG00000270249,2
sdm12,6,ENSG00000284906,0
sdm12,6,ERFL,0
sdm12,6,ERGIC3,1
sdm12,6,ERLIN2,2
sdm12,6,ESAM,1
sdm12,6,EXOG,2
sdm12,6,FAM107B,2
sdm12,6,FAM210A,0
sdm12,6,FAM78B,4
sdm12,6,FASLG,0
sdm12,6,FBXO2,1
sdm12,6,FEZ2,0
sdm12,6,FGF23,0
sdm12,6,FGF5,5
sdm12,6,FKBP6,0
sdm12,6,FOLR2,0
sdm12,6,FSAF1,0
sdm12,6,FSTL1,1
sdm12,6,GCLM,2
sdm12,6,GEMIN8,1
sdm12,6,GIMAP5,1
sdm12,6,GJC3,1
sdm12,6,GLT1D1,0
sdm12,6,GNA15,2
sdm12,6,GNAZ,2
sdm12,6,GOLM1,3
sdm12,6,GPD1L,0
sdm12,6,GPR160,3
sdm12,6,GPR171,1
sdm12,6,GPRC5A,1
sdm12,6,GRAP2,1
sdm12,6,GRTP1,2
sdm12,6,GRXCR2,0
sdm12,6,GSG1L2,0
sdm12,6,HAVCR2,0
sdm12,6,HDGFL1,0
sdm12,6,HENMT1,3
sdm12,6,HOXA1,1
sdm12,6,HOXB8,1
sdm12,6,HSD17B14,0
sdm12,6,HSDL1,1
sdm12,6,HSPE1-MOB4,1
sdm12,6,ICAM2,0
sdm12,6,IDI1,2
sdm12,6,IER5,3
sdm12,6,IGBP1C,4
sdm12,6,KCNJ11,1
sdm12,6,KCTD12,2
sdm12,6,KDF1,0
sdm12,6,KIAA1191,0
sdm12,6,KLF1,1
sdm12,6,KLF14,0
sdm12,6,KLK14,2
sdm12,6,KLK4,0
sdm12,6,KRT33A,4
sdm12,6,KRTAP29-1,0
sdm12,6,KRTAP9-1,1
sdm12,6,LAYN,1
sdm12,6,LCLAT1,1
sdm12,6,LIPT1,0
sdm12,6,LRRC19,2
sdm12,6,LRRC39,1
sdm12,6,LUC7L,2
sdm12,6,LY6G6F,2
sdm12,6,LYPD5,0
sdm12,6,M6PR,0
sdm12,6,MACROH2A1,4
sdm12,6,MAGEA9,2
sdm12,6,MAGEB16,4
sdm12,6,MAP2K4,2
sdm12,6,MBNL1,0
sdm12,6,MBNL2,0
sdm12,6,MDH1,2
sdm12,6,METTL22,0
sdm12,6,METTL24,0
sdm12,6,MFAP3,2
sdm12,6,MIOX,0
sdm12,6,MITD1,0
sdm12,6,MNX1,1
sdm12,6,MPST,1
sdm12,6,MRM1,1
sdm12,6,MRM2,0
sdm12,6,MRPL28,5
sdm12,6,MRPS18B,0
sdm12,6,MRPS35,3
sdm12,6,MTCH2,2
sdm12,6,MVB12A,1
sdm12,6,NCK1,2
sdm12,6,NFAM1,0
sdm12,6,NFE2,3
sdm12,6,NKAPD1,0
sdm12,6,NME1-NME2,0
sdm12,6,NMI,2
sdm12,6,NXPH3,0
sdm12,6,NXPH4,0
sdm12,6,OLIG1,14
sdm12,6,OPRPN,3
sdm12,6,OR11H4,0
sdm12,6,OR11L1,2
sdm12,6,OR13A1,1
sdm12,6,OR14C36,1
sdm12,6,OR1M1,1
sdm12,6,OR2A42,0
sdm12,6,OR2G2,1
sdm12,6,OR2I1,2
sdm12,6,OR2J3,1
sdm12,6,OR2L13,0
sdm12,6,OR2M3,0
sdm12,6,OR4F29,0
sdm12,6,OR4K13,0
sdm12,6,OR4K15,0
sdm12,6,OR4M2-OT1,1
sdm12,6,OR51E2,3
sdm12,6,OR51V1,1
sdm12,6,OR52E8,3
sdm12,6,OR52N1,3
sdm12,6,OR5B17,2
sdm12,6,OR5M3,0
sdm12,6,OSGEP,2
sdm12,6,OTULINL,1
sdm12,6,PACRGL,5
sdm12,6,PAGR1,0
sdm12,6,PANX3,1
sdm12,6,PBK,0
sdm12,6,PCGF6,1
sdm12,6,PDCD2,2
sdm12,6,PDF,0
sdm12,6,PGAP2,1
sdm12,6,PHKG1,2
sdm12,6,PIPOX,3
sdm12,6,PLPBP,1
sdm12,6,PLPP3,0
sdm12,6,PLSCR3,0
sdm12,6,PNMA6A,1
sdm12,6,PNPO,1
sdm12,6,POU3F4,1
sdm12,6,POU5F2,0
sdm12,6,PRB3,0
sdm12,6,PRDM12,1
sdm12,6,PRELP,0
sdm12,6,PRICKLE4,3
sdm12,6,PRKAR1A,1
sdm12,6,PRPS1L1,0
sdm12,6,PRR23E,1
sdm12,6,PSMA8,0
sdm12,6,PVRIG,1
sdm12,6,R3HDM4,3
sdm12,6,RAD9A,0
sdm12,6,RBM43,2
sdm12,6,RCN3,0
sdm12,6,RFXANK,0
sdm12,6,RNASET2,0
sdm12,6,RNF121,2
sdm12,6,RPS3A,0
sdm12,6,RPSA,1
sdm12,6,RRAGD,0
sdm12,6,RRH,0
sdm12,6,RTCA,1
sdm12,6,RWDD3,0
sdm12,6,SDR42E1,0
sdm12,6,SEC22A,1
sdm12,6,SERPINE3,1
sdm12,6,SETD7,0
sdm12,6,SFTPD,1
sdm12,6,SFXN3,3
sdm12,6,SH2D6,2
sdm12,6,SH3GL3,2
sdm12,6,SIGLEC14,3
sdm12,6,SIGLEC15,1
sdm12,6,SIRPB1,4
sdm12,6,SLBP,0
sdm12,6,SLC25A15,2
sdm12,6,SLC25A3,0
sdm12,6,SLC25A40,3
sdm12,6,SLC25A45,2
sdm12,6,SLC25A51,0
sdm12,6,SLC30A3,0
sdm12,6,SLC30A8,1
sdm12,6,SLC35B4,2
sdm12,6,SLC35F2,1
sdm12,6,SMN2,0
sdm12,6,SPDYE1,1
sdm12,6,SPDYE2B,3
sdm12,6,SPIN3,2
sdm12,6,SPRY3,0
sdm12,6,SRD5A1,1
sdm12,6,SRRD,1
sdm12,6,SRSF6,1
sdm12,6,ST8SIA3,2
sdm12,6,STAC,3
sdm12,6,STARD10,0
sdm12,6,STN1,1
sdm12,6,STX5,1
sdm12,6,SULT1C2,1
sdm12,6,SUPT3H,3
sdm12,6,SURF6,1
sdm12,6,TAS2R31,4
sdm12,6,TBX10,3
sdm12,6,TDRD10,0
sdm12,6,TEX26,3
sdm12,6,TFB2M,1
sdm12,6,TGFB1,4
sdm12,6,TMBIM1,1
sdm12,6,TMEFF2,4
sdm12,6,TMEM163,0
sdm12,6,TMEM38B,1
sdm12,6,TMEM64,2
sdm12,6,TP53TG5,2
sdm12,6,TPM1,6
sdm12,6,TSPAN10,1
sdm12,6,TTPAL,3
sdm12,6,TXNL1,2
sdm12,6,UBE3D,3
sdm12,6,UBL7,0
sdm12,6,UBTFL1,2
sdm12,6,UBXN2A,0
sdm12,6,UCK1,1
sdm12,6,UNC119B,1
sdm12,6,UPK3BL1,0
sdm12,6,VDAC1,1
sdm12,6,VPS26C,2
sdm12,6,VSIG2,1
sdm12,6,WNT9B,0
sdm12,6,ZCCHC12,3
sdm12,6,ZCWPW2,2
sdm12,6,ZDHHC11B,2
sdm12,6,ZDHHC19,0
sdm12,6,ZNF330,0
sdm12,6,ZNF669,0
sdm12,6,ZNF771,0
sdm12,6,ZNF787,0
sdm12,6,ZNG1B,1
wwmj5,7,ACKR3,13
wwmj5,7,ACTRT2,3
wwmj5,7,ADO,4
wwmj5,7,AGPAT3,10
wwmj5,7,AKTIP,4
wwmj5,7,ANKRD30BL,11
wwmj5,7,ANXA8,4
wwmj5,7,ARGLU1,10
wwmj5,7,ARHGAP11B,9
wwmj5,7,ATXN3,10
wwmj5,7,AZI2,8
wwmj5,7,B3GALT1,8
wwmj5,7,BCDIN3D,4
wwmj5,7,BPIFA1,6
wwmj5,7,C16orf78,10
wwmj5,7,C1QBP,9
wwmj5,7,C1QTNF2,2
wwmj5,7,C1QTNF3,2
wwmj5,7,C1orf141,18
wwmj5,7,C20orf96,8
wwmj5,7,CA2,6
wwmj5,7,CALR3,6
wwmj5,7,CAPZA3,8
wwmj5,7,CCDC117,7
wwmj5,7,CCDC188,7
wwmj5,7,CCDC42,13
wwmj5,7,CCDC68,11
wwmj5,7,CCN2,9
wwmj5,7,CCN3,4
wwmj5,7,CD1D,8
wwmj5,7,CD200R1L,6
wwmj5,7,CD55,6
wwmj5,7,CD72,12
wwmj5,7,CDK5R2,5
wwmj5,7,CDX4,3
wwmj5,7,CEACAM19,2
wwmj5,7,CENPVL2,0
wwmj5,7,CEP44,6
wwmj5,7,CERS1,8
wwmj5,7,CIMIP6,7
wwmj5,7,CLEC12A,12
wwmj5,7,CLVS1,5
wwmj5,7,CMBL,7
wwmj5,7,COQ3,7
wwmj5,7,CREBZF,5
wwmj5,7,CSF2RA,15
wwmj5,7,CT47A12,5
wwmj5,7,CTBS,11
wwmj5,7,CXADR,6
wwmj5,7,CXorf58,6
wwmj5,7,CYSLTR2,9
wwmj5,7,CYTH1,9
wwmj5,7,CYTH4,11
wwmj5,7,DECR2,3
wwmj5,7,DNASE1L3,11
wwmj5,7,DPF2,9
wwmj5,7,EAF1,7
wwmj5,7,ECHDC1,7
wwmj5,7,ECHDC2,3
wwmj5,7,EEF1AKMT4,4
wwmj5,7,EFNB2,13
wwmj5,7,EIF2S2,5
wwmj5,7,EIF3I,2
wwmj5,7,EIF3J,10
wwmj5,7,EIPR1,7
wwmj5,7,ELOVL6,6
wwmj5,7,ENSG00000250349,2
wwmj5,7,ENSG00000270249,12
wwmj5,7,ENSG00000284906,9
wwmj5,7,ERFL,13
wwmj5,7,ERGIC3,9
wwmj5,7,ERLIN2,11
wwmj5,7,ESAM,5
wwmj5,7,EXOG,15
wwmj5,7,FAM107B,11
wwmj5,7,FAM210A,8
wwmj5,7,FAM78B,10
wwmj5,7,FASLG,3
wwmj5,7,FBXO2,2
wwmj5,7,FEZ2,5
wwmj5,7,FGF23,6
wwmj5,7,FGF5,4
wwmj5,7,FKBP6,10
wwmj5,7,FOLR2,4
wwmj5,7,FSAF1,10
wwmj5,7,FSTL1,5
wwmj5,7,GCLM,8
wwmj5,7,GEMIN8,4
wwmj5,7,GIMAP5,6
wwmj5,7,GJC3,14
wwmj5,7,GLT1D1,1
wwmj5,7,GNA15,10
wwmj5,7,GNAZ,3
wwmj5,7,GOLM1,13
wwmj5,7,GPD1L,4
wwmj5,7,GPR160,10
wwmj5,7,GPR171,21
wwmj5,7,GPRC5A,9
wwmj5,7,GRAP2,1
wwmj5,7,GRTP1,9
wwmj5,7,GRXCR2,0
wwmj5,7,GSG1L2,9
wwmj5,7,HAVCR2,3
wwmj5,7,HDGFL1,0
wwmj5,7,HENMT1,12
wwmj5,7,HOXA1,7
wwmj5,7,HOXB8,6
wwmj5,7,HSD17B14,5
wwmj5,7,HSDL1,6
wwmj5,7,HSPE1-MOB4,5
wwmj5,7,ICAM2,13
wwmj5,7,IDI1,6
wwmj5,7,IER5,0
wwmj5,7,IGBP1C,7
wwmj5,7,KCNJ11,7
wwmj5,7,KCTD12,3
wwmj5,7,KDF1,3
wwmj5,7,KIAA1191,1
wwmj5,7,KLF1,3
wwmj5,7,KLF14,3
wwmj5,7,KLK14,5
wwmj5,7,KLK4,6
wwmj5,7,KRT33A,10
wwmj5,7,KRTAP29-1,5
wwmj5,7,KRTAP9-1,8
wwmj5,7,LAYN,9
wwmj5,7,LCLAT1,10
wwmj5,7,LIPT1,6
wwmj5,7,LRRC19,8
wwmj5,7,LRRC39,11
wwmj5,7,LUC7L,6
wwmj5,7,LY6G6F,6
wwmj5,7,LYPD5,7
wwmj5,7,M6PR,4
wwmj5,7,MACROH2A1,4
wwmj5,7,MAGEA9,4
wwmj5,7,MAGEB16,7
wwmj5,7,MAP2K4,13
wwmj5,7,MBNL1,8
wwmj5,7,MBNL2,5
wwmj5,7,MDH1,3
wwmj5,7,METTL22,6
wwmj5,7,METTL24,9
wwmj5,7,MFAP3,10
wwmj5,7,MIOX,8
wwmj5,7,MITD1,13
wwmj5,7,MNX1,6
wwmj5,7,MPST,6
wwmj5,7,MRM1,7
wwmj5,7,MRM2,1
wwmj5,7,MRPL28,5
wwmj5,7,MRPS18B,4
wwmj5,7,MRPS35,3
wwmj5,7,MTCH2,7
wwmj5,7,MVB12A,0
wwmj5,7,NCK1,4
wwmj5,7,NFAM1,5
wwmj5,7,NFE2,7
wwmj5,7,NKAPD1,9
wwmj5,7,NME1-NME2,2
wwmj5,7,NMI,8
wwmj5,7,NXPH3,2
wwmj5,7,NXPH4,8
wwmj5,7,OLIG1,4
wwmj5,7,OPRPN,3
wwmj5,7,OR11H4,12
wwmj5,7,OR11L1,7
wwmj5,7,OR13A1,7
wwmj5,7,OR14C36,7
wwmj5,7,OR1M1,11
wwmj5,7,OR2A42,13
wwmj5,7,OR2G2,6
wwmj5,7,OR2I1,7
wwmj5,7,OR2J3,13
wwmj5,7,OR2L13,7
wwmj5,7,OR2M3,9
wwmj5,7,OR4F29,8
wwmj5,7,OR4K13,11
wwmj5,7,OR4K15,7
wwmj5,7,OR4M2-OT1,9
wwmj5,7,OR51E2,6
wwmj5,7,OR51V1,6
wwmj5,7,OR52E8,10
wwmj5,7,OR52N1,10
wwmj5,7,OR5B17,6
wwmj5,7,OR5M3,7
wwmj5,7,OSGEP,7
wwmj5,7,OTULINL,4
wwmj5,7,PACRGL,10
wwmj5,7,PAGR1,3
wwmj5,7,PANX3,8
wwmj5,7,PBK,3
wwmj5,7,PCGF6,2
wwmj5,7,PDCD2,0
wwmj5,7,PDF,7
wwmj5,7,PGAP2,9
wwmj5,7,PHKG1,9
wwmj5,7,PIPOX,5
wwmj5,7,PLPBP,9
wwmj5,7,PLPP3,4
wwmj5,7,PLSCR3,6
wwmj5,7,PNMA6A,7
wwmj5,7,PNPO,5
wwmj5,7,POU3F4,9
wwmj5,7,POU5F2,9
wwmj5,7,PRB3,0
wwmj5,7,PRDM12,12
wwmj5,7,PRELP,11
wwmj5,7,PRICKLE4,9
wwmj5,7,PRKAR1A,8
wwmj5,7,PRPS1L1,8
wwmj5,7,PRR23E,1
wwmj5,7,PSMA8,5
wwmj5,7,PVRIG,7
wwmj5,7,R3HDM4,5
wwmj5,7,RAD9A,7
wwmj5,7,RBM43,11
wwmj5,7,RCN3,3
wwmj5,7,RFXANK,5
wwmj5,7,RNASET2,3
wwmj5,7,RNF121,6
wwmj5,7,RPS3A,5
wwmj5,7,RPSA,8
wwmj5,7,RRAGD,7
wwmj5,7,RRH,5
wwmj5,7,RTCA,6
wwmj5,7,RWDD3,13
wwmj5,7,SDR42E1,13
wwmj5,7,SEC22A,4
wwmj5,7,SERPINE3,11
wwmj5,7,SETD7,5
wwmj5,7,SFTPD,0
wwmj5,7,SFXN3,7
wwmj5,7,SH2D6,5
wwmj5,7,SH3GL3,10
wwmj5,7,SIGLEC14,9
wwmj5,7,SIGLEC15,2
wwmj5,7,SIRPB1,7
wwmj5,7,SLBP,3
wwmj5,7,SLC25A15,9
wwmj5,7,SLC25A3,11
wwmj5,7,SLC25A40,17
wwmj5,7,SLC25A45,11
wwmj5,7,SLC25A51,5
wwmj5,7,SLC30A3,4
wwmj5,7,SLC30A8,2
wwmj5,7,SLC35B4,9
wwmj5,7,SLC35F2,11
wwmj5,7,SMN2,2
wwmj5,7,SPDYE1,7
wwmj5,7,SPDYE2B,7
wwmj5,7,SPIN3,0
wwmj5,7,SPRY3,8
wwmj5,7,SRD5A1,2
wwmj5,7,SRRD,6
wwmj5,7,SRSF6,1
wwmj5,7,ST8SIA3,11
wwmj5,7,STAC,4
wwmj5,7,STARD10,3
wwmj5,7,STN1,9
wwmj5,7,STX5,6
wwmj5,7,SULT1C2,2
wwmj5,7,SUPT3H,5
wwmj5,7,SURF6,10
wwmj5,7,TAS2R31,9
wwmj5,7,TBX10,4
wwmj5,7,TDRD10,4
wwmj5,7,TEX26,11
wwmj5,7,TFB2M,10
wwmj5,7,TGFB1,6
wwmj5,7,TMBIM1,6
wwmj5,7,TMEFF2,7
wwmj5,7,TMEM163,10
wwmj5,7,TMEM38B,4
wwmj5,7,TMEM64,5
wwmj5,7,TP53TG5,9
wwmj5,7,TPM1,1
wwmj5,7,TSPAN10,2
wwmj5,7,TTPAL,6
wwmj5,7,TXNL1,3
wwmj5,7,UBE3D,20
wwmj5,7,UBL7,5
wwmj5,7,UBTFL1,10
wwmj5,7,UBXN2A,8
wwmj5,7,UCK1,5
wwmj5,7,UNC119B,3
wwmj5,7,UPK3BL1,3
wwmj5,7,VDAC1,4
wwmj5,7,VPS26C,8
wwmj5,7,VSIG2,7
wwmj5,7,WNT9B,6
wwmj5,7,ZCCHC12,3
wwmj5,7,ZCWPW2,10
wwmj5,7,ZDHHC11B,13
wwmj5,7,ZDHHC19,3
wwmj5,7,ZNF330,8
wwmj5,7,ZNF669,16
wwmj5,7,ZNF771,3
wwmj5,7,ZNF787,5
wwmj5,7,ZNG1B,9
