query	alphabet	scheme	diagonal	value
CED-9	hp_thomas_dill2	exact k=8	-236	2.0
CED-9	hp_thomas_dill2	exact k=8	-208	1.0
CED-9	hp_thomas_dill2	exact k=8	-205	1.0
CED-9	hp_thomas_dill2	exact k=8	-195	1.0
CED-9	hp_thomas_dill2	exact k=8	-194	2.0
CED-9	hp_thomas_dill2	exact k=8	-193	1.0
CED-9	hp_thomas_dill2	exact k=8	-192	2.0
CED-9	hp_thomas_dill2	exact k=8	-182	1.0
CED-9	hp_thomas_dill2	exact k=8	-162	1.0
CED-9	hp_thomas_dill2	exact k=8	-159	1.0
CED-9	hp_thomas_dill2	exact k=8	-156	1.0
CED-9	hp_thomas_dill2	exact k=8	-155	1.0
CED-9	hp_thomas_dill2	exact k=8	-150	1.0
CED-9	hp_thomas_dill2	exact k=8	-143	3.0
CED-9	hp_thomas_dill2	exact k=8	-138	1.0
CED-9	hp_thomas_dill2	exact k=8	-136	7.0
CED-9	hp_thomas_dill2	exact k=8	-132	5.0
CED-9	hp_thomas_dill2	exact k=8	-131	2.0
CED-9	hp_thomas_dill2	exact k=8	-127	5.0
CED-9	hp_thomas_dill2	exact k=8	-124	2.0
CED-9	hp_thomas_dill2	exact k=8	-123	4.0
CED-9	hp_thomas_dill2	exact k=8	-119	3.0
CED-9	hp_thomas_dill2	exact k=8	-114	2.0
CED-9	hp_thomas_dill2	exact k=8	-113	1.0
CED-9	hp_thomas_dill2	exact k=8	-112	4.0
CED-9	hp_thomas_dill2	exact k=8	-110	3.0
CED-9	hp_thomas_dill2	exact k=8	-106	5.0
CED-9	hp_thomas_dill2	exact k=8	-102	2.0
CED-9	hp_thomas_dill2	exact k=8	-96	1.0
CED-9	hp_thomas_dill2	exact k=8	-95	1.0
CED-9	hp_thomas_dill2	exact k=8	-91	1.0
CED-9	hp_thomas_dill2	exact k=8	-88	1.0
CED-9	hp_thomas_dill2	exact k=8	-87	1.0
CED-9	hp_thomas_dill2	exact k=8	-86	3.0
CED-9	hp_thomas_dill2	exact k=8	-83	2.0
CED-9	hp_thomas_dill2	exact k=8	-79	1.0
CED-9	hp_thomas_dill2	exact k=8	-77	2.0
CED-9	hp_thomas_dill2	exact k=8	-76	1.0
CED-9	hp_thomas_dill2	exact k=8	-74	2.0
CED-9	hp_thomas_dill2	exact k=8	-71	1.0
CED-9	hp_thomas_dill2	exact k=8	-70	1.0
CED-9	hp_thomas_dill2	exact k=8	-69	8.0
CED-9	hp_thomas_dill2	exact k=8	-67	5.0
CED-9	hp_thomas_dill2	exact k=8	-65	4.0
CED-9	hp_thomas_dill2	exact k=8	-64	1.0
CED-9	hp_thomas_dill2	exact k=8	-62	2.0
CED-9	hp_thomas_dill2	exact k=8	-59	1.0
CED-9	hp_thomas_dill2	exact k=8	-58	2.0
CED-9	hp_thomas_dill2	exact k=8	-57	3.0
CED-9	hp_thomas_dill2	exact k=8	-56	4.0
CED-9	hp_thomas_dill2	exact k=8	-55	3.0
CED-9	hp_thomas_dill2	exact k=8	-52	1.0
CED-9	hp_thomas_dill2	exact k=8	-51	2.0
CED-9	hp_thomas_dill2	exact k=8	-50	5.0
CED-9	hp_thomas_dill2	exact k=8	-49	2.0
CED-9	hp_thomas_dill2	exact k=8	-48	2.0
CED-9	hp_thomas_dill2	exact k=8	-46	5.0
CED-9	hp_thomas_dill2	exact k=8	-42	6.0
CED-9	hp_thomas_dill2	exact k=8	-41	1.0
CED-9	hp_thomas_dill2	exact k=8	-40	1.0
CED-9	hp_thomas_dill2	exact k=8	-37	1.0
CED-9	hp_thomas_dill2	exact k=8	-36	2.0
CED-9	hp_thomas_dill2	exact k=8	-33	2.0
CED-9	hp_thomas_dill2	exact k=8	-32	3.0
CED-9	hp_thomas_dill2	exact k=8	-29	4.0
CED-9	hp_thomas_dill2	exact k=8	-27	1.0
CED-9	hp_thomas_dill2	exact k=8	-25	1.0
CED-9	hp_thomas_dill2	exact k=8	-24	6.0
CED-9	hp_thomas_dill2	exact k=8	-15	7.0
CED-9	hp_thomas_dill2	exact k=8	-11	1.0
CED-9	hp_thomas_dill2	exact k=8	-10	2.0
CED-9	hp_thomas_dill2	exact k=8	-4	2.0
CED-9	hp_thomas_dill2	exact k=8	6	1.0
CED-9	hp_thomas_dill2	exact k=8	11	2.0
CED-9	hp_thomas_dill2	exact k=8	12	1.0
CED-9	hp_thomas_dill2	exact k=8	14	1.0
CED-9	hp_thomas_dill2	exact k=8	15	8.0
CED-9	hp_thomas_dill2	exact k=8	16	2.0
CED-9	hp_thomas_dill2	exact k=8	17	2.0
CED-9	hp_thomas_dill2	exact k=8	18	5.0
CED-9	hp_thomas_dill2	exact k=8	19	2.0
CED-9	hp_thomas_dill2	exact k=8	21	1.0
CED-9	hp_thomas_dill2	exact k=8	27	1.0
CED-9	hp_thomas_dill2	exact k=8	28	1.0
CED-9	hp_thomas_dill2	exact k=8	34	3.0
CED-9	hp_thomas_dill2	exact k=8	35	6.0
CED-9	hp_thomas_dill2	exact k=8	38	6.0
CED-9	hp_thomas_dill2	exact k=8	40	5.0
CED-9	hp_thomas_dill2	exact k=8	41	2.0
CED-9	hp_thomas_dill2	exact k=8	42	3.0
CED-9	hp_thomas_dill2	exact k=8	43	1.0
CED-9	hp_thomas_dill2	exact k=8	46	7.0
CED-9	hp_thomas_dill2	exact k=8	49	3.0
CED-9	hp_thomas_dill2	exact k=8	50	1.0
CED-9	hp_thomas_dill2	exact k=8	52	4.0
CED-9	hp_thomas_dill2	exact k=8	53	1.0
CED-9	hp_thomas_dill2	exact k=8	54	2.0
CED-9	hp_thomas_dill2	exact k=8	58	2.0
CED-9	hp_thomas_dill2	exact k=8	59	2.0
CED-9	hp_thomas_dill2	exact k=8	62	4.0
CED-9	hp_thomas_dill2	exact k=8	63	1.0
CED-9	hp_thomas_dill2	exact k=8	64	9.0
CED-9	hp_thomas_dill2	exact k=8	66	2.0
CED-9	hp_thomas_dill2	exact k=8	73	1.0
CED-9	hp_thomas_dill2	exact k=8	74	1.0
CED-9	hp_thomas_dill2	exact k=8	75	1.0
CED-9	hp_thomas_dill2	exact k=8	80	1.0
CED-9	hp_thomas_dill2	exact k=8	82	1.0
CED-9	hp_thomas_dill2	exact k=8	84	2.0
CED-9	hp_thomas_dill2	exact k=8	85	2.0
CED-9	hp_thomas_dill2	exact k=8	93	2.0
CED-9	hp_thomas_dill2	exact k=8	94	3.0
CED-9	hp_thomas_dill2	exact k=8	96	3.0
CED-9	hp_thomas_dill2	exact k=8	98	6.0
CED-9	hp_thomas_dill2	exact k=8	100	1.0
CED-9	hp_thomas_dill2	exact k=8	103	1.0
CED-9	hp_thomas_dill2	exact k=8	109	1.0
CED-9	hp_thomas_dill2	exact k=8	114	6.0
CED-9	hp_thomas_dill2	exact k=8	115	4.0
CED-9	hp_thomas_dill2	exact k=8	116	1.0
CED-9	hp_thomas_dill2	exact k=8	117	2.0
CED-9	hp_thomas_dill2	exact k=8	120	3.0
CED-9	hp_thomas_dill2	exact k=8	121	2.0
CED-9	hp_thomas_dill2	exact k=8	136	1.0
CED-9	hp_thomas_dill2	exact k=8	140	1.0
CED-9	hp_thomas_dill2	exact k=8	141	3.0
CED-9	hp_thomas_dill2	exact k=8	156	2.0
CED-9	hp_thomas_dill2	exact k=8	160	6.0
CED-9	hp_thomas_dill2	exact k=8	161	1.0
CED-9	hp_thomas_dill2	exact k=8	174	1.0
CED-9	hp_thomas_dill2	exact k=8	181	7.0
CED-9	hp_thomas_dill2	exact k=8	192	1.0
CED-9	hp_thomas_dill2	exact k=8, scaled 2	-208	1.0
CED-9	hp_thomas_dill2	exact k=8, scaled 2	-194	2.0
CED-9	hp_thomas_dill2	exact k=8, scaled 2	-193	1.0
CED-9	hp_thomas_dill2	exact k=8, scaled 2	-192	2.0
CED-9	hp_thomas_dill2	exact k=8, scaled 2	-159	1.0
CED-9	hp_thomas_dill2	exact k=8, scaled 2	-156	1.0
CED-9	hp_thomas_dill2	exact k=8, scaled 2	-155	1.0
CED-9	hp_thomas_dill2	exact k=8, scaled 2	-150	1.0
CED-9	hp_thomas_dill2	exact k=8, scaled 2	-143	1.0
CED-9	hp_thomas_dill2	exact k=8, scaled 2	-138	1.0
CED-9	hp_thomas_dill2	exact k=8, scaled 2	-136	5.0
CED-9	hp_thomas_dill2	exact k=8, scaled 2	-132	3.0
CED-9	hp_thomas_dill2	exact k=8, scaled 2	-127	2.0
CED-9	hp_thomas_dill2	exact k=8, scaled 2	-124	1.0
CED-9	hp_thomas_dill2	exact k=8, scaled 2	-123	3.0
CED-9	hp_thomas_dill2	exact k=8, scaled 2	-119	1.0
CED-9	hp_thomas_dill2	exact k=8, scaled 2	-114	1.0
CED-9	hp_thomas_dill2	exact k=8, scaled 2	-113	1.0
CED-9	hp_thomas_dill2	exact k=8, scaled 2	-112	2.0
CED-9	hp_thomas_dill2	exact k=8, scaled 2	-110	1.0
CED-9	hp_thomas_dill2	exact k=8, scaled 2	-106	3.0
CED-9	hp_thomas_dill2	exact k=8, scaled 2	-102	2.0
CED-9	hp_thomas_dill2	exact k=8, scaled 2	-88	1.0
CED-9	hp_thomas_dill2	exact k=8, scaled 2	-86	1.0
CED-9	hp_thomas_dill2	exact k=8, scaled 2	-83	1.0
CED-9	hp_thomas_dill2	exact k=8, scaled 2	-79	1.0
CED-9	hp_thomas_dill2	exact k=8, scaled 2	-77	2.0
CED-9	hp_thomas_dill2	exact k=8, scaled 2	-76	1.0
CED-9	hp_thomas_dill2	exact k=8, scaled 2	-74	2.0
CED-9	hp_thomas_dill2	exact k=8, scaled 2	-71	1.0
CED-9	hp_thomas_dill2	exact k=8, scaled 2	-70	1.0
CED-9	hp_thomas_dill2	exact k=8, scaled 2	-69	4.0
CED-9	hp_thomas_dill2	exact k=8, scaled 2	-67	4.0
CED-9	hp_thomas_dill2	exact k=8, scaled 2	-65	1.0
CED-9	hp_thomas_dill2	exact k=8, scaled 2	-64	1.0
CED-9	hp_thomas_dill2	exact k=8, scaled 2	-62	2.0
CED-9	hp_thomas_dill2	exact k=8, scaled 2	-57	3.0
CED-9	hp_thomas_dill2	exact k=8, scaled 2	-56	2.0
CED-9	hp_thomas_dill2	exact k=8, scaled 2	-55	1.0
CED-9	hp_thomas_dill2	exact k=8, scaled 2	-51	2.0
CED-9	hp_thomas_dill2	exact k=8, scaled 2	-50	2.0
CED-9	hp_thomas_dill2	exact k=8, scaled 2	-49	2.0
CED-9	hp_thomas_dill2	exact k=8, scaled 2	-46	2.0
CED-9	hp_thomas_dill2	exact k=8, scaled 2	-42	5.0
CED-9	hp_thomas_dill2	exact k=8, scaled 2	-41	1.0
CED-9	hp_thomas_dill2	exact k=8, scaled 2	-33	2.0
CED-9	hp_thomas_dill2	exact k=8, scaled 2	-32	2.0
CED-9	hp_thomas_dill2	exact k=8, scaled 2	-27	1.0
CED-9	hp_thomas_dill2	exact k=8, scaled 2	-24	3.0
CED-9	hp_thomas_dill2	exact k=8, scaled 2	-15	3.0
CED-9	hp_thomas_dill2	exact k=8, scaled 2	-4	1.0
CED-9	hp_thomas_dill2	exact k=8, scaled 2	6	1.0
CED-9	hp_thomas_dill2	exact k=8, scaled 2	12	1.0
CED-9	hp_thomas_dill2	exact k=8, scaled 2	15	3.0
CED-9	hp_thomas_dill2	exact k=8, scaled 2	16	2.0
CED-9	hp_thomas_dill2	exact k=8, scaled 2	17	1.0
CED-9	hp_thomas_dill2	exact k=8, scaled 2	18	5.0
CED-9	hp_thomas_dill2	exact k=8, scaled 2	19	2.0
CED-9	hp_thomas_dill2	exact k=8, scaled 2	21	1.0
CED-9	hp_thomas_dill2	exact k=8, scaled 2	34	1.0
CED-9	hp_thomas_dill2	exact k=8, scaled 2	35	3.0
CED-9	hp_thomas_dill2	exact k=8, scaled 2	38	3.0
CED-9	hp_thomas_dill2	exact k=8, scaled 2	40	2.0
CED-9	hp_thomas_dill2	exact k=8, scaled 2	42	2.0
CED-9	hp_thomas_dill2	exact k=8, scaled 2	43	1.0
CED-9	hp_thomas_dill2	exact k=8, scaled 2	46	5.0
CED-9	hp_thomas_dill2	exact k=8, scaled 2	49	2.0
CED-9	hp_thomas_dill2	exact k=8, scaled 2	50	1.0
CED-9	hp_thomas_dill2	exact k=8, scaled 2	52	2.0
CED-9	hp_thomas_dill2	exact k=8, scaled 2	53	1.0
CED-9	hp_thomas_dill2	exact k=8, scaled 2	54	1.0
CED-9	hp_thomas_dill2	exact k=8, scaled 2	58	1.0
CED-9	hp_thomas_dill2	exact k=8, scaled 2	62	3.0
CED-9	hp_thomas_dill2	exact k=8, scaled 2	64	4.0
CED-9	hp_thomas_dill2	exact k=8, scaled 2	66	2.0
CED-9	hp_thomas_dill2	exact k=8, scaled 2	73	1.0
CED-9	hp_thomas_dill2	exact k=8, scaled 2	74	1.0
CED-9	hp_thomas_dill2	exact k=8, scaled 2	85	1.0
CED-9	hp_thomas_dill2	exact k=8, scaled 2	93	1.0
CED-9	hp_thomas_dill2	exact k=8, scaled 2	94	2.0
CED-9	hp_thomas_dill2	exact k=8, scaled 2	98	5.0
CED-9	hp_thomas_dill2	exact k=8, scaled 2	109	1.0
CED-9	hp_thomas_dill2	exact k=8, scaled 2	114	2.0
CED-9	hp_thomas_dill2	exact k=8, scaled 2	115	1.0
CED-9	hp_thomas_dill2	exact k=8, scaled 2	116	1.0
CED-9	hp_thomas_dill2	exact k=8, scaled 2	117	2.0
CED-9	hp_thomas_dill2	exact k=8, scaled 2	120	1.0
CED-9	hp_thomas_dill2	exact k=8, scaled 2	156	1.0
CED-9	hp_thomas_dill2	exact k=8, scaled 2	160	2.0
CED-9	hp_thomas_dill2	exact k=8, scaled 2	174	1.0
CED-9	hp_thomas_dill2	exact k=8, scaled 2	181	3.0
CED-9	hp_thomas_dill2	exact k=8, scaled 2	192	1.0
CED-9	hp_thomas_dill2	exact k=10	-143	1.0
CED-9	hp_thomas_dill2	exact k=10	-136	5.0
CED-9	hp_thomas_dill2	exact k=10	-132	1.0
CED-9	hp_thomas_dill2	exact k=10	-127	3.0
CED-9	hp_thomas_dill2	exact k=10	-123	1.0
CED-9	hp_thomas_dill2	exact k=10	-112	2.0
CED-9	hp_thomas_dill2	exact k=10	-110	1.0
CED-9	hp_thomas_dill2	exact k=10	-106	3.0
CED-9	hp_thomas_dill2	exact k=10	-69	1.0
CED-9	hp_thomas_dill2	exact k=10	-67	3.0
CED-9	hp_thomas_dill2	exact k=10	-65	1.0
CED-9	hp_thomas_dill2	exact k=10	-56	2.0
CED-9	hp_thomas_dill2	exact k=10	-50	1.0
CED-9	hp_thomas_dill2	exact k=10	-46	1.0
CED-9	hp_thomas_dill2	exact k=10	-42	2.0
CED-9	hp_thomas_dill2	exact k=10	-32	1.0
CED-9	hp_thomas_dill2	exact k=10	-29	1.0
CED-9	hp_thomas_dill2	exact k=10	-24	2.0
CED-9	hp_thomas_dill2	exact k=10	-15	3.0
CED-9	hp_thomas_dill2	exact k=10	15	6.0
CED-9	hp_thomas_dill2	exact k=10	18	2.0
CED-9	hp_thomas_dill2	exact k=10	35	4.0
CED-9	hp_thomas_dill2	exact k=10	38	3.0
CED-9	hp_thomas_dill2	exact k=10	40	1.0
CED-9	hp_thomas_dill2	exact k=10	42	1.0
CED-9	hp_thomas_dill2	exact k=10	46	5.0
CED-9	hp_thomas_dill2	exact k=10	49	1.0
CED-9	hp_thomas_dill2	exact k=10	52	1.0
CED-9	hp_thomas_dill2	exact k=10	62	2.0
CED-9	hp_thomas_dill2	exact k=10	64	3.0
CED-9	hp_thomas_dill2	exact k=10	94	1.0
CED-9	hp_thomas_dill2	exact k=10	96	1.0
CED-9	hp_thomas_dill2	exact k=10	98	3.0
CED-9	hp_thomas_dill2	exact k=10	114	4.0
CED-9	hp_thomas_dill2	exact k=10	115	1.0
CED-9	hp_thomas_dill2	exact k=10	120	1.0
CED-9	hp_thomas_dill2	exact k=10	141	1.0
CED-9	hp_thomas_dill2	exact k=10	160	4.0
CED-9	hp_thomas_dill2	exact k=10	181	5.0
CED-9	hp_thomas_dill2	exact k=10, scaled 2	-143	1.0
CED-9	hp_thomas_dill2	exact k=10, scaled 2	-136	1.0
CED-9	hp_thomas_dill2	exact k=10, scaled 2	-132	1.0
CED-9	hp_thomas_dill2	exact k=10, scaled 2	-127	2.0
CED-9	hp_thomas_dill2	exact k=10, scaled 2	-112	2.0
CED-9	hp_thomas_dill2	exact k=10, scaled 2	-110	1.0
CED-9	hp_thomas_dill2	exact k=10, scaled 2	-106	3.0
CED-9	hp_thomas_dill2	exact k=10, scaled 2	-69	1.0
CED-9	hp_thomas_dill2	exact k=10, scaled 2	-67	1.0
CED-9	hp_thomas_dill2	exact k=10, scaled 2	-65	1.0
CED-9	hp_thomas_dill2	exact k=10, scaled 2	-56	1.0
CED-9	hp_thomas_dill2	exact k=10, scaled 2	-42	1.0
CED-9	hp_thomas_dill2	exact k=10, scaled 2	-15	2.0
CED-9	hp_thomas_dill2	exact k=10, scaled 2	15	3.0
CED-9	hp_thomas_dill2	exact k=10, scaled 2	18	1.0
CED-9	hp_thomas_dill2	exact k=10, scaled 2	35	2.0
CED-9	hp_thomas_dill2	exact k=10, scaled 2	38	2.0
CED-9	hp_thomas_dill2	exact k=10, scaled 2	46	1.0
CED-9	hp_thomas_dill2	exact k=10, scaled 2	49	1.0
CED-9	hp_thomas_dill2	exact k=10, scaled 2	62	1.0
CED-9	hp_thomas_dill2	exact k=10, scaled 2	64	3.0
CED-9	hp_thomas_dill2	exact k=10, scaled 2	96	1.0
CED-9	hp_thomas_dill2	exact k=10, scaled 2	114	1.0
CED-9	hp_thomas_dill2	exact k=10, scaled 2	120	1.0
CED-9	hp_thomas_dill2	exact k=10, scaled 2	160	2.0
CED-9	hp_thomas_dill2	exact k=10, scaled 2	181	2.0
CED-9	hp_thomas_dill2	exact k=12	-136	3.0
CED-9	hp_thomas_dill2	exact k=12	-127	1.0
CED-9	hp_thomas_dill2	exact k=12	-106	1.0
CED-9	hp_thomas_dill2	exact k=12	-67	1.0
CED-9	hp_thomas_dill2	exact k=12	15	4.0
CED-9	hp_thomas_dill2	exact k=12	35	2.0
CED-9	hp_thomas_dill2	exact k=12	38	1.0
CED-9	hp_thomas_dill2	exact k=12	46	3.0
CED-9	hp_thomas_dill2	exact k=12	98	1.0
CED-9	hp_thomas_dill2	exact k=12	114	2.0
CED-9	hp_thomas_dill2	exact k=12	160	2.0
CED-9	hp_thomas_dill2	exact k=12	181	3.0
CED-9	hp_thomas_dill2	exact k=12, scaled 2	-136	1.0
CED-9	hp_thomas_dill2	exact k=12, scaled 2	-67	1.0
CED-9	hp_thomas_dill2	exact k=12, scaled 2	15	2.0
CED-9	hp_thomas_dill2	exact k=12, scaled 2	35	1.0
CED-9	hp_thomas_dill2	exact k=12, scaled 2	46	1.0
CED-9	hp_thomas_dill2	exact k=12, scaled 2	98	1.0
CED-9	hp_thomas_dill2	exact k=12, scaled 2	160	2.0
CED-9	hp_thomas_dill2	exact k=12, scaled 2	181	2.0
CED-9	hp_thomas_dill2	exact k=14	-136	1.0
CED-9	hp_thomas_dill2	exact k=14	15	2.0
CED-9	hp_thomas_dill2	exact k=14	46	1.0
CED-9	hp_thomas_dill2	exact k=14	181	1.0
CED-9	hp_thomas_dill2	exact k=14, scaled 2	-136	1.0
CED-9	hp_thomas_dill2	spaced 11011011011011011	-164	1.0
CED-9	hp_thomas_dill2	spaced 11011011011011011	-139	1.0
CED-9	hp_thomas_dill2	spaced 11011011011011011	-133	1.0
CED-9	hp_thomas_dill2	spaced 11011011011011011	-74	1.0
CED-9	hp_thomas_dill2	spaced 11011011011011011	-69	2.0
CED-9	hp_thomas_dill2	spaced 11011011011011011	-42	1.0
CED-9	hp_thomas_dill2	spaced 11011011011011011	-24	3.0
CED-9	hp_thomas_dill2	spaced 11011011011011011	0	1.0
CED-9	hp_thomas_dill2	spaced 11011011011011011	12	1.0
CED-9	hp_thomas_dill2	spaced 11011011011011011	15	1.0
CED-9	hp_thomas_dill2	spaced 11011011011011011	17	1.0
CED-9	hp_thomas_dill2	spaced 11011011011011011	43	2.0
CED-9	hp_thomas_dill2	spaced 11011011011011011	46	2.0
CED-9	hp_thomas_dill2	spaced 11011011011011011	49	2.0
CED-9	hp_thomas_dill2	spaced 11011011011011011	52	1.0
CED-9	hp_thomas_dill2	spaced 11011011011011011	98	1.0
CED-9	hp_thomas_dill2	spaced 11011011011011011, scaled 2	-164	1.0
CED-9	hp_thomas_dill2	spaced 11011011011011011, scaled 2	-139	1.0
CED-9	hp_thomas_dill2	spaced 11011011011011011, scaled 2	-133	1.0
CED-9	hp_thomas_dill2	spaced 11011011011011011, scaled 2	-74	1.0
CED-9	hp_thomas_dill2	spaced 11011011011011011, scaled 2	-69	1.0
CED-9	hp_thomas_dill2	spaced 11011011011011011, scaled 2	-42	1.0
CED-9	hp_thomas_dill2	spaced 11011011011011011, scaled 2	0	1.0
CED-9	hp_thomas_dill2	spaced 11011011011011011, scaled 2	12	1.0
CED-9	hp_thomas_dill2	spaced 11011011011011011, scaled 2	43	1.0
CED-9	hp_thomas_dill2	spaced 11011011011011011, scaled 2	46	2.0
CED-9	hp_thomas_dill2	spaced 11011011011011011011011	-24	1.0
CED-9	hp_thomas_dill2	spaced 10101010101010101010101	-137	4.0
CED-9	hp_thomas_dill2	spaced 10101010101010101010101	-111	4.0
CED-9	hp_thomas_dill2	spaced 10101010101010101010101	-74	1.0
CED-9	hp_thomas_dill2	spaced 10101010101010101010101	-69	3.0
CED-9	hp_thomas_dill2	spaced 10101010101010101010101	-24	1.0
CED-9	hp_thomas_dill2	spaced 10101010101010101010101	46	1.0
CED-9	hp_thomas_dill2	spaced 10101010101010101010101	51	1.0
CED-9	hp_thomas_dill2	spaced 10101010101010101010101	64	3.0
CED-9	hp_thomas_dill2	spaced 10101010101010101010101	92	1.0
CED-9	hp_thomas_dill2	spaced 10101010101010101010101, scaled 2	-111	1.0
CED-9	hp_thomas_dill2	spaced 10101010101010101010101, scaled 2	-69	2.0
CED-9	hp_thomas_dill2	spaced 10101010101010101010101, scaled 2	-24	1.0
CED-9	hp_thomas_dill2	spaced 10101010101010101010101, scaled 2	46	1.0
CED-9	hp_thomas_dill2	spaced 10101010101010101010101, scaled 2	64	2.0
CED-9	hp_thomas_dill2	spaced 111010010100110111	-236	1.0
CED-9	hp_thomas_dill2	spaced 111010010100110111	-189	1.0
CED-9	hp_thomas_dill2	spaced 111010010100110111	-171	1.0
CED-9	hp_thomas_dill2	spaced 111010010100110111	-164	1.0
CED-9	hp_thomas_dill2	spaced 111010010100110111	-143	1.0
CED-9	hp_thomas_dill2	spaced 111010010100110111	-133	2.0
CED-9	hp_thomas_dill2	spaced 111010010100110111	-117	1.0
CED-9	hp_thomas_dill2	spaced 111010010100110111	-114	1.0
CED-9	hp_thomas_dill2	spaced 111010010100110111	-111	1.0
CED-9	hp_thomas_dill2	spaced 111010010100110111	-110	1.0
CED-9	hp_thomas_dill2	spaced 111010010100110111	-105	1.0
CED-9	hp_thomas_dill2	spaced 111010010100110111	-100	1.0
CED-9	hp_thomas_dill2	spaced 111010010100110111	-77	1.0
CED-9	hp_thomas_dill2	spaced 111010010100110111	-74	1.0
CED-9	hp_thomas_dill2	spaced 111010010100110111	-69	2.0
CED-9	hp_thomas_dill2	spaced 111010010100110111	-64	1.0
CED-9	hp_thomas_dill2	spaced 111010010100110111	-63	1.0
CED-9	hp_thomas_dill2	spaced 111010010100110111	-62	1.0
CED-9	hp_thomas_dill2	spaced 111010010100110111	-55	1.0
CED-9	hp_thomas_dill2	spaced 111010010100110111	-51	1.0
CED-9	hp_thomas_dill2	spaced 111010010100110111	-49	1.0
CED-9	hp_thomas_dill2	spaced 111010010100110111	-44	1.0
CED-9	hp_thomas_dill2	spaced 111010010100110111	-42	2.0
CED-9	hp_thomas_dill2	spaced 111010010100110111	-40	1.0
CED-9	hp_thomas_dill2	spaced 111010010100110111	-25	1.0
CED-9	hp_thomas_dill2	spaced 111010010100110111	-24	2.0
CED-9	hp_thomas_dill2	spaced 111010010100110111	-22	1.0
CED-9	hp_thomas_dill2	spaced 111010010100110111	-11	1.0
CED-9	hp_thomas_dill2	spaced 111010010100110111	-4	1.0
CED-9	hp_thomas_dill2	spaced 111010010100110111	-3	1.0
CED-9	hp_thomas_dill2	spaced 111010010100110111	3	1.0
CED-9	hp_thomas_dill2	spaced 111010010100110111	6	1.0
CED-9	hp_thomas_dill2	spaced 111010010100110111	15	1.0
CED-9	hp_thomas_dill2	spaced 111010010100110111	17	2.0
CED-9	hp_thomas_dill2	spaced 111010010100110111	41	1.0
CED-9	hp_thomas_dill2	spaced 111010010100110111	46	4.0
CED-9	hp_thomas_dill2	spaced 111010010100110111	49	1.0
CED-9	hp_thomas_dill2	spaced 111010010100110111	64	2.0
CED-9	hp_thomas_dill2	spaced 111010010100110111	79	1.0
CED-9	hp_thomas_dill2	spaced 111010010100110111	82	1.0
CED-9	hp_thomas_dill2	spaced 111010010100110111	110	1.0
CED-9	hp_thomas_dill2	spaced 111010010100110111	170	1.0
CED-9	hp_thomas_dill2	spaced 111010010100110111, scaled 2	-236	1.0
CED-9	hp_thomas_dill2	spaced 111010010100110111, scaled 2	-189	1.0
CED-9	hp_thomas_dill2	spaced 111010010100110111, scaled 2	-171	1.0
CED-9	hp_thomas_dill2	spaced 111010010100110111, scaled 2	-143	1.0
CED-9	hp_thomas_dill2	spaced 111010010100110111, scaled 2	-133	1.0
CED-9	hp_thomas_dill2	spaced 111010010100110111, scaled 2	-105	1.0
CED-9	hp_thomas_dill2	spaced 111010010100110111, scaled 2	-100	1.0
CED-9	hp_thomas_dill2	spaced 111010010100110111, scaled 2	-69	1.0
CED-9	hp_thomas_dill2	spaced 111010010100110111, scaled 2	-62	1.0
CED-9	hp_thomas_dill2	spaced 111010010100110111, scaled 2	-55	1.0
CED-9	hp_thomas_dill2	spaced 111010010100110111, scaled 2	-51	1.0
CED-9	hp_thomas_dill2	spaced 111010010100110111, scaled 2	-49	1.0
CED-9	hp_thomas_dill2	spaced 111010010100110111, scaled 2	-42	2.0
CED-9	hp_thomas_dill2	spaced 111010010100110111, scaled 2	-25	1.0
CED-9	hp_thomas_dill2	spaced 111010010100110111, scaled 2	-11	1.0
CED-9	hp_thomas_dill2	spaced 111010010100110111, scaled 2	-3	1.0
CED-9	hp_thomas_dill2	spaced 111010010100110111, scaled 2	3	1.0
CED-9	hp_thomas_dill2	spaced 111010010100110111, scaled 2	6	1.0
CED-9	hp_thomas_dill2	spaced 111010010100110111, scaled 2	15	1.0
CED-9	hp_thomas_dill2	spaced 111010010100110111, scaled 2	17	2.0
CED-9	hp_thomas_dill2	spaced 111010010100110111, scaled 2	46	1.0
CED-9	hp_thomas_dill2	spaced 111010010100110111, scaled 2	49	1.0
CED-9	hp_thomas_dill2	spaced 111010010100110111, scaled 2	110	1.0
CED-9	hp_thomas_dill2	spaced 111010010100110111, scaled 2	170	1.0
CED-9	hp_thomas_dill2	chained 2 x k=5 in 40	-238	2.0
CED-9	hp_thomas_dill2	chained 2 x k=5 in 40	-236	5.0
CED-9	hp_thomas_dill2	chained 2 x k=5 in 40	-234	1.0
CED-9	hp_thomas_dill2	chained 2 x k=5 in 40	-229	1.0
CED-9	hp_thomas_dill2	chained 2 x k=5 in 40	-227	3.0
CED-9	hp_thomas_dill2	chained 2 x k=5 in 40	-226	2.0
CED-9	hp_thomas_dill2	chained 2 x k=5 in 40	-224	1.0
CED-9	hp_thomas_dill2	chained 2 x k=5 in 40	-217	3.0
CED-9	hp_thomas_dill2	chained 2 x k=5 in 40	-212	2.0
CED-9	hp_thomas_dill2	chained 2 x k=5 in 40	-210	2.0
CED-9	hp_thomas_dill2	chained 2 x k=5 in 40	-208	4.0
CED-9	hp_thomas_dill2	chained 2 x k=5 in 40	-207	1.0
CED-9	hp_thomas_dill2	chained 2 x k=5 in 40	-206	2.0
CED-9	hp_thomas_dill2	chained 2 x k=5 in 40	-203	3.0
CED-9	hp_thomas_dill2	chained 2 x k=5 in 40	-195	9.0
CED-9	hp_thomas_dill2	chained 2 x k=5 in 40	-193	5.0
CED-9	hp_thomas_dill2	chained 2 x k=5 in 40	-191	3.0
CED-9	hp_thomas_dill2	chained 2 x k=5 in 40	-190	6.0
CED-9	hp_thomas_dill2	chained 2 x k=5 in 40	-189	2.0
CED-9	hp_thomas_dill2	chained 2 x k=5 in 40	-187	1.0
CED-9	hp_thomas_dill2	chained 2 x k=5 in 40	-186	2.0
CED-9	hp_thomas_dill2	chained 2 x k=5 in 40	-182	6.0
CED-9	hp_thomas_dill2	chained 2 x k=5 in 40	-176	1.0
CED-9	hp_thomas_dill2	chained 2 x k=5 in 40	-171	1.0
CED-9	hp_thomas_dill2	chained 2 x k=5 in 40	-168	2.0
CED-9	hp_thomas_dill2	chained 2 x k=5 in 40	-167	1.0
CED-9	hp_thomas_dill2	chained 2 x k=5 in 40	-164	3.0
CED-9	hp_thomas_dill2	chained 2 x k=5 in 40	-163	4.0
CED-9	hp_thomas_dill2	chained 2 x k=5 in 40	-161	3.0
CED-9	hp_thomas_dill2	chained 2 x k=5 in 40	-156	1.0
CED-9	hp_thomas_dill2	chained 2 x k=5 in 40	-155	2.0
CED-9	hp_thomas_dill2	chained 2 x k=5 in 40	-154	3.0
CED-9	hp_thomas_dill2	chained 2 x k=5 in 40	-153	2.0
CED-9	hp_thomas_dill2	chained 2 x k=5 in 40	-151	1.0
CED-9	hp_thomas_dill2	chained 2 x k=5 in 40	-150	2.0
CED-9	hp_thomas_dill2	chained 2 x k=5 in 40	-149	1.0
CED-9	hp_thomas_dill2	chained 2 x k=5 in 40	-148	1.0
CED-9	hp_thomas_dill2	chained 2 x k=5 in 40	-145	3.0
CED-9	hp_thomas_dill2	chained 2 x k=5 in 40	-144	1.0
CED-9	hp_thomas_dill2	chained 2 x k=5 in 40	-143	1.0
CED-9	hp_thomas_dill2	chained 2 x k=5 in 40	-142	3.0
CED-9	hp_thomas_dill2	chained 2 x k=5 in 40	-139	4.0
CED-9	hp_thomas_dill2	chained 2 x k=5 in 40	-138	5.0
CED-9	hp_thomas_dill2	chained 2 x k=5 in 40	-137	1.0
CED-9	hp_thomas_dill2	chained 2 x k=5 in 40	-136	5.0
CED-9	hp_thomas_dill2	chained 2 x k=5 in 40	-135	3.0
CED-9	hp_thomas_dill2	chained 2 x k=5 in 40	-133	4.0
CED-9	hp_thomas_dill2	chained 2 x k=5 in 40	-132	1.0
CED-9	hp_thomas_dill2	chained 2 x k=5 in 40	-129	2.0
CED-9	hp_thomas_dill2	chained 2 x k=5 in 40	-128	3.0
CED-9	hp_thomas_dill2	chained 2 x k=5 in 40	-127	3.0
CED-9	hp_thomas_dill2	chained 2 x k=5 in 40	-125	2.0
CED-9	hp_thomas_dill2	chained 2 x k=5 in 40	-124	4.0
CED-9	hp_thomas_dill2	chained 2 x k=5 in 40	-123	10.0
CED-9	hp_thomas_dill2	chained 2 x k=5 in 40	-121	3.0
CED-9	hp_thomas_dill2	chained 2 x k=5 in 40	-119	14.0
CED-9	hp_thomas_dill2	chained 2 x k=5 in 40	-117	2.0
CED-9	hp_thomas_dill2	chained 2 x k=5 in 40	-114	6.0
CED-9	hp_thomas_dill2	chained 2 x k=5 in 40	-113	2.0
CED-9	hp_thomas_dill2	chained 2 x k=5 in 40	-112	7.0
CED-9	hp_thomas_dill2	chained 2 x k=5 in 40	-111	2.0
CED-9	hp_thomas_dill2	chained 2 x k=5 in 40	-110	2.0
CED-9	hp_thomas_dill2	chained 2 x k=5 in 40	-106	9.0
CED-9	hp_thomas_dill2	chained 2 x k=5 in 40	-104	2.0
CED-9	hp_thomas_dill2	chained 2 x k=5 in 40	-102	1.0
CED-9	hp_thomas_dill2	chained 2 x k=5 in 40	-100	12.0
CED-9	hp_thomas_dill2	chained 2 x k=5 in 40	-98	2.0
CED-9	hp_thomas_dill2	chained 2 x k=5 in 40	-97	1.0
CED-9	hp_thomas_dill2	chained 2 x k=5 in 40	-96	1.0
CED-9	hp_thomas_dill2	chained 2 x k=5 in 40	-95	5.0
CED-9	hp_thomas_dill2	chained 2 x k=5 in 40	-94	2.0
CED-9	hp_thomas_dill2	chained 2 x k=5 in 40	-92	5.0
CED-9	hp_thomas_dill2	chained 2 x k=5 in 40	-91	7.0
CED-9	hp_thomas_dill2	chained 2 x k=5 in 40	-88	2.0
CED-9	hp_thomas_dill2	chained 2 x k=5 in 40	-87	9.0
CED-9	hp_thomas_dill2	chained 2 x k=5 in 40	-86	8.0
CED-9	hp_thomas_dill2	chained 2 x k=5 in 40	-83	2.0
CED-9	hp_thomas_dill2	chained 2 x k=5 in 40	-82	2.0
CED-9	hp_thomas_dill2	chained 2 x k=5 in 40	-81	2.0
CED-9	hp_thomas_dill2	chained 2 x k=5 in 40	-80	1.0
CED-9	hp_thomas_dill2	chained 2 x k=5 in 40	-79	1.0
CED-9	hp_thomas_dill2	chained 2 x k=5 in 40	-77	1.0
CED-9	hp_thomas_dill2	chained 2 x k=5 in 40	-74	5.0
CED-9	hp_thomas_dill2	chained 2 x k=5 in 40	-71	4.0
CED-9	hp_thomas_dill2	chained 2 x k=5 in 40	-70	4.0
CED-9	hp_thomas_dill2	chained 2 x k=5 in 40	-69	11.0
CED-9	hp_thomas_dill2	chained 2 x k=5 in 40	-68	4.0
CED-9	hp_thomas_dill2	chained 2 x k=5 in 40	-67	5.0
CED-9	hp_thomas_dill2	chained 2 x k=5 in 40	-66	1.0
CED-9	hp_thomas_dill2	chained 2 x k=5 in 40	-65	4.0
CED-9	hp_thomas_dill2	chained 2 x k=5 in 40	-64	3.0
CED-9	hp_thomas_dill2	chained 2 x k=5 in 40	-62	9.0
CED-9	hp_thomas_dill2	chained 2 x k=5 in 40	-60	1.0
CED-9	hp_thomas_dill2	chained 2 x k=5 in 40	-59	9.0
CED-9	hp_thomas_dill2	chained 2 x k=5 in 40	-58	6.0
CED-9	hp_thomas_dill2	chained 2 x k=5 in 40	-57	8.0
CED-9	hp_thomas_dill2	chained 2 x k=5 in 40	-56	12.0
CED-9	hp_thomas_dill2	chained 2 x k=5 in 40	-55	7.0
CED-9	hp_thomas_dill2	chained 2 x k=5 in 40	-54	1.0
CED-9	hp_thomas_dill2	chained 2 x k=5 in 40	-53	3.0
CED-9	hp_thomas_dill2	chained 2 x k=5 in 40	-52	6.0
CED-9	hp_thomas_dill2	chained 2 x k=5 in 40	-51	8.0
CED-9	hp_thomas_dill2	chained 2 x k=5 in 40	-50	8.0
CED-9	hp_thomas_dill2	chained 2 x k=5 in 40	-49	5.0
CED-9	hp_thomas_dill2	chained 2 x k=5 in 40	-48	9.0
CED-9	hp_thomas_dill2	chained 2 x k=5 in 40	-47	7.0
CED-9	hp_thomas_dill2	chained 2 x k=5 in 40	-46	8.0
CED-9	hp_thomas_dill2	chained 2 x k=5 in 40	-44	7.0
CED-9	hp_thomas_dill2	chained 2 x k=5 in 40	-43	5.0
CED-9	hp_thomas_dill2	chained 2 x k=5 in 40	-42	17.0
CED-9	hp_thomas_dill2	chained 2 x k=5 in 40	-41	1.0
CED-9	hp_thomas_dill2	chained 2 x k=5 in 40	-40	6.0
CED-9	hp_thomas_dill2	chained 2 x k=5 in 40	-39	9.0
CED-9	hp_thomas_dill2	chained 2 x k=5 in 40	-38	2.0
CED-9	hp_thomas_dill2	chained 2 x k=5 in 40	-37	5.0
CED-9	hp_thomas_dill2	chained 2 x k=5 in 40	-36	1.0
CED-9	hp_thomas_dill2	chained 2 x k=5 in 40	-34	1.0
CED-9	hp_thomas_dill2	chained 2 x k=5 in 40	-33	6.0
CED-9	hp_thomas_dill2	chained 2 x k=5 in 40	-32	8.0
CED-9	hp_thomas_dill2	chained 2 x k=5 in 40	-31	2.0
CED-9	hp_thomas_dill2	chained 2 x k=5 in 40	-30	4.0
CED-9	hp_thomas_dill2	chained 2 x k=5 in 40	-29	11.0
CED-9	hp_thomas_dill2	chained 2 x k=5 in 40	-27	4.0
CED-9	hp_thomas_dill2	chained 2 x k=5 in 40	-25	18.0
CED-9	hp_thomas_dill2	chained 2 x k=5 in 40	-24	12.0
CED-9	hp_thomas_dill2	chained 2 x k=5 in 40	-23	1.0
CED-9	hp_thomas_dill2	chained 2 x k=5 in 40	-22	4.0
CED-9	hp_thomas_dill2	chained 2 x k=5 in 40	-20	5.0
CED-9	hp_thomas_dill2	chained 2 x k=5 in 40	-18	1.0
CED-9	hp_thomas_dill2	chained 2 x k=5 in 40	-17	1.0
CED-9	hp_thomas_dill2	chained 2 x k=5 in 40	-16	2.0
CED-9	hp_thomas_dill2	chained 2 x k=5 in 40	-15	11.0
CED-9	hp_thomas_dill2	chained 2 x k=5 in 40	-12	3.0
CED-9	hp_thomas_dill2	chained 2 x k=5 in 40	-11	6.0
CED-9	hp_thomas_dill2	chained 2 x k=5 in 40	-10	5.0
CED-9	hp_thomas_dill2	chained 2 x k=5 in 40	-9	1.0
CED-9	hp_thomas_dill2	chained 2 x k=5 in 40	-7	4.0
CED-9	hp_thomas_dill2	chained 2 x k=5 in 40	-6	6.0
CED-9	hp_thomas_dill2	chained 2 x k=5 in 40	-5	2.0
CED-9	hp_thomas_dill2	chained 2 x k=5 in 40	-4	4.0
CED-9	hp_thomas_dill2	chained 2 x k=5 in 40	-3	4.0
CED-9	hp_thomas_dill2	chained 2 x k=5 in 40	-2	3.0
CED-9	hp_thomas_dill2	chained 2 x k=5 in 40	-1	3.0
CED-9	hp_thomas_dill2	chained 2 x k=5 in 40	0	4.0
CED-9	hp_thomas_dill2	chained 2 x k=5 in 40	1	3.0
CED-9	hp_thomas_dill2	chained 2 x k=5 in 40	2	4.0
CED-9	hp_thomas_dill2	chained 2 x k=5 in 40	3	7.0
CED-9	hp_thomas_dill2	chained 2 x k=5 in 40	4	2.0
CED-9	hp_thomas_dill2	chained 2 x k=5 in 40	5	1.0
CED-9	hp_thomas_dill2	chained 2 x k=5 in 40	6	7.0
CED-9	hp_thomas_dill2	chained 2 x k=5 in 40	8	1.0
CED-9	hp_thomas_dill2	chained 2 x k=5 in 40	9	2.0
CED-9	hp_thomas_dill2	chained 2 x k=5 in 40	10	3.0
CED-9	hp_thomas_dill2	chained 2 x k=5 in 40	11	1.0
CED-9	hp_thomas_dill2	chained 2 x k=5 in 40	12	6.0
CED-9	hp_thomas_dill2	chained 2 x k=5 in 40	13	2.0
CED-9	hp_thomas_dill2	chained 2 x k=5 in 40	14	1.0
CED-9	hp_thomas_dill2	chained 2 x k=5 in 40	15	6.0
CED-9	hp_thomas_dill2	chained 2 x k=5 in 40	16	5.0
CED-9	hp_thomas_dill2	chained 2 x k=5 in 40	17	18.0
CED-9	hp_thomas_dill2	chained 2 x k=5 in 40	18	6.0
CED-9	hp_thomas_dill2	chained 2 x k=5 in 40	19	9.0
CED-9	hp_thomas_dill2	chained 2 x k=5 in 40	20	3.0
CED-9	hp_thomas_dill2	chained 2 x k=5 in 40	21	1.0
CED-9	hp_thomas_dill2	chained 2 x k=5 in 40	22	5.0
CED-9	hp_thomas_dill2	chained 2 x k=5 in 40	23	3.0
CED-9	hp_thomas_dill2	chained 2 x k=5 in 40	24	2.0
CED-9	hp_thomas_dill2	chained 2 x k=5 in 40	25	1.0
CED-9	hp_thomas_dill2	chained 2 x k=5 in 40	26	1.0
CED-9	hp_thomas_dill2	chained 2 x k=5 in 40	27	9.0
CED-9	hp_thomas_dill2	chained 2 x k=5 in 40	28	3.0
CED-9	hp_thomas_dill2	chained 2 x k=5 in 40	29	5.0
CED-9	hp_thomas_dill2	chained 2 x k=5 in 40	30	1.0
CED-9	hp_thomas_dill2	chained 2 x k=5 in 40	31	9.0
CED-9	hp_thomas_dill2	chained 2 x k=5 in 40	32	1.0
CED-9	hp_thomas_dill2	chained 2 x k=5 in 40	34	9.0
CED-9	hp_thomas_dill2	chained 2 x k=5 in 40	35	15.0
CED-9	hp_thomas_dill2	chained 2 x k=5 in 40	36	3.0
CED-9	hp_thomas_dill2	chained 2 x k=5 in 40	38	6.0
CED-9	hp_thomas_dill2	chained 2 x k=5 in 40	40	7.0
CED-9	hp_thomas_dill2	chained 2 x k=5 in 40	41	7.0
CED-9	hp_thomas_dill2	chained 2 x k=5 in 40	42	7.0
CED-9	hp_thomas_dill2	chained 2 x k=5 in 40	43	4.0
CED-9	hp_thomas_dill2	chained 2 x k=5 in 40	44	1.0
CED-9	hp_thomas_dill2	chained 2 x k=5 in 40	46	13.0
CED-9	hp_thomas_dill2	chained 2 x k=5 in 40	47	1.0
CED-9	hp_thomas_dill2	chained 2 x k=5 in 40	48	1.0
CED-9	hp_thomas_dill2	chained 2 x k=5 in 40	49	10.0
CED-9	hp_thomas_dill2	chained 2 x k=5 in 40	50	2.0
CED-9	hp_thomas_dill2	chained 2 x k=5 in 40	51	7.0
CED-9	hp_thomas_dill2	chained 2 x k=5 in 40	52	6.0
CED-9	hp_thomas_dill2	chained 2 x k=5 in 40	53	5.0
CED-9	hp_thomas_dill2	chained 2 x k=5 in 40	54	6.0
CED-9	hp_thomas_dill2	chained 2 x k=5 in 40	56	4.0
CED-9	hp_thomas_dill2	chained 2 x k=5 in 40	57	5.0
CED-9	hp_thomas_dill2	chained 2 x k=5 in 40	59	4.0
CED-9	hp_thomas_dill2	chained 2 x k=5 in 40	60	3.0
CED-9	hp_thomas_dill2	chained 2 x k=5 in 40	62	2.0
CED-9	hp_thomas_dill2	chained 2 x k=5 in 40	64	15.0
CED-9	hp_thomas_dill2	chained 2 x k=5 in 40	65	1.0
CED-9	hp_thomas_dill2	chained 2 x k=5 in 40	66	5.0
CED-9	hp_thomas_dill2	chained 2 x k=5 in 40	67	2.0
CED-9	hp_thomas_dill2	chained 2 x k=5 in 40	69	1.0
CED-9	hp_thomas_dill2	chained 2 x k=5 in 40	70	1.0
CED-9	hp_thomas_dill2	chained 2 x k=5 in 40	72	1.0
CED-9	hp_thomas_dill2	chained 2 x k=5 in 40	73	1.0
CED-9	hp_thomas_dill2	chained 2 x k=5 in 40	74	4.0
CED-9	hp_thomas_dill2	chained 2 x k=5 in 40	76	2.0
CED-9	hp_thomas_dill2	chained 2 x k=5 in 40	78	1.0
CED-9	hp_thomas_dill2	chained 2 x k=5 in 40	79	3.0
CED-9	hp_thomas_dill2	chained 2 x k=5 in 40	82	1.0
CED-9	hp_thomas_dill2	chained 2 x k=5 in 40	83	4.0
CED-9	hp_thomas_dill2	chained 2 x k=5 in 40	86	2.0
CED-9	hp_thomas_dill2	chained 2 x k=5 in 40	87	1.0
CED-9	hp_thomas_dill2	chained 2 x k=5 in 40	88	1.0
CED-9	hp_thomas_dill2	chained 2 x k=5 in 40	90	2.0
CED-9	hp_thomas_dill2	chained 2 x k=5 in 40	93	5.0
CED-9	hp_thomas_dill2	chained 2 x k=5 in 40	94	3.0
CED-9	hp_thomas_dill2	chained 2 x k=5 in 40	96	2.0
CED-9	hp_thomas_dill2	chained 2 x k=5 in 40	97	1.0
CED-9	hp_thomas_dill2	chained 2 x k=5 in 40	98	5.0
CED-9	hp_thomas_dill2	chained 2 x k=5 in 40	102	2.0
CED-9	hp_thomas_dill2	chained 2 x k=5 in 40	105	5.0
CED-9	hp_thomas_dill2	chained 2 x k=5 in 40	107	1.0
CED-9	hp_thomas_dill2	chained 2 x k=5 in 40	109	2.0
CED-9	hp_thomas_dill2	chained 2 x k=5 in 40	110	1.0
CED-9	hp_thomas_dill2	chained 2 x k=5 in 40	112	1.0
CED-9	hp_thomas_dill2	chained 2 x k=5 in 40	113	1.0
CED-9	hp_thomas_dill2	chained 2 x k=5 in 40	114	5.0
CED-9	hp_thomas_dill2	chained 2 x k=5 in 40	115	6.0
CED-9	hp_thomas_dill2	chained 2 x k=5 in 40	117	4.0
CED-9	hp_thomas_dill2	chained 2 x k=5 in 40	119	2.0
CED-9	hp_thomas_dill2	chained 2 x k=5 in 40	120	1.0
CED-9	hp_thomas_dill2	chained 2 x k=5 in 40	125	1.0
CED-9	hp_thomas_dill2	chained 2 x k=5 in 40	128	2.0
CED-9	hp_thomas_dill2	chained 2 x k=5 in 40	136	1.0
CED-9	hp_thomas_dill2	chained 2 x k=5 in 40	137	4.0
CED-9	hp_thomas_dill2	chained 2 x k=5 in 40	140	6.0
CED-9	hp_thomas_dill2	chained 2 x k=5 in 40	141	5.0
CED-9	hp_thomas_dill2	chained 2 x k=5 in 40	146	1.0
CED-9	hp_thomas_dill2	chained 2 x k=5 in 40	151	1.0
CED-9	hp_thomas_dill2	chained 2 x k=5 in 40	152	2.0
CED-9	hp_thomas_dill2	chained 2 x k=5 in 40	156	4.0
CED-9	hp_thomas_dill2	chained 2 x k=5 in 40	158	3.0
CED-9	hp_thomas_dill2	chained 2 x k=5 in 40	160	4.0
CED-9	hp_thomas_dill2	chained 2 x k=5 in 40	175	1.0
CED-9	hp_thomas_dill2	chained 2 x k=5 in 40	181	5.0
CED-9	hp_thomas_dill2	chained 2 x k=5 in 40	192	4.0
CED-9	hp_thomas_dill2	chained 2 x k=5 in 40, scaled 2	-234	1.0
CED-9	hp_thomas_dill2	chained 2 x k=5 in 40, scaled 2	-229	1.0
CED-9	hp_thomas_dill2	chained 2 x k=5 in 40, scaled 2	-227	1.0
CED-9	hp_thomas_dill2	chained 2 x k=5 in 40, scaled 2	-226	2.0
CED-9	hp_thomas_dill2	chained 2 x k=5 in 40, scaled 2	-224	1.0
CED-9	hp_thomas_dill2	chained 2 x k=5 in 40, scaled 2	-217	2.0
CED-9	hp_thomas_dill2	chained 2 x k=5 in 40, scaled 2	-212	1.0
CED-9	hp_thomas_dill2	chained 2 x k=5 in 40, scaled 2	-210	1.0
CED-9	hp_thomas_dill2	chained 2 x k=5 in 40, scaled 2	-208	2.0
CED-9	hp_thomas_dill2	chained 2 x k=5 in 40, scaled 2	-206	2.0
CED-9	hp_thomas_dill2	chained 2 x k=5 in 40, scaled 2	-203	1.0
CED-9	hp_thomas_dill2	chained 2 x k=5 in 40, scaled 2	-195	3.0
CED-9	hp_thomas_dill2	chained 2 x k=5 in 40, scaled 2	-193	5.0
CED-9	hp_thomas_dill2	chained 2 x k=5 in 40, scaled 2	-191	3.0
CED-9	hp_thomas_dill2	chained 2 x k=5 in 40, scaled 2	-190	1.0
CED-9	hp_thomas_dill2	chained 2 x k=5 in 40, scaled 2	-189	1.0
CED-9	hp_thomas_dill2	chained 2 x k=5 in 40, scaled 2	-187	1.0
CED-9	hp_thomas_dill2	chained 2 x k=5 in 40, scaled 2	-186	1.0
CED-9	hp_thomas_dill2	chained 2 x k=5 in 40, scaled 2	-182	4.0
CED-9	hp_thomas_dill2	chained 2 x k=5 in 40, scaled 2	-171	1.0
CED-9	hp_thomas_dill2	chained 2 x k=5 in 40, scaled 2	-168	2.0
CED-9	hp_thomas_dill2	chained 2 x k=5 in 40, scaled 2	-167	1.0
CED-9	hp_thomas_dill2	chained 2 x k=5 in 40, scaled 2	-164	2.0
CED-9	hp_thomas_dill2	chained 2 x k=5 in 40, scaled 2	-163	1.0
CED-9	hp_thomas_dill2	chained 2 x k=5 in 40, scaled 2	-161	2.0
CED-9	hp_thomas_dill2	chained 2 x k=5 in 40, scaled 2	-154	1.0
CED-9	hp_thomas_dill2	chained 2 x k=5 in 40, scaled 2	-153	1.0
CED-9	hp_thomas_dill2	chained 2 x k=5 in 40, scaled 2	-149	1.0
CED-9	hp_thomas_dill2	chained 2 x k=5 in 40, scaled 2	-148	1.0
CED-9	hp_thomas_dill2	chained 2 x k=5 in 40, scaled 2	-143	1.0
CED-9	hp_thomas_dill2	chained 2 x k=5 in 40, scaled 2	-139	2.0
CED-9	hp_thomas_dill2	chained 2 x k=5 in 40, scaled 2	-138	3.0
CED-9	hp_thomas_dill2	chained 2 x k=5 in 40, scaled 2	-136	2.0
CED-9	hp_thomas_dill2	chained 2 x k=5 in 40, scaled 2	-135	1.0
CED-9	hp_thomas_dill2	chained 2 x k=5 in 40, scaled 2	-133	3.0
CED-9	hp_thomas_dill2	chained 2 x k=5 in 40, scaled 2	-128	1.0
CED-9	hp_thomas_dill2	chained 2 x k=5 in 40, scaled 2	-127	2.0
CED-9	hp_thomas_dill2	chained 2 x k=5 in 40, scaled 2	-124	1.0
CED-9	hp_thomas_dill2	chained 2 x k=5 in 40, scaled 2	-123	5.0
CED-9	hp_thomas_dill2	chained 2 x k=5 in 40, scaled 2	-119	6.0
CED-9	hp_thomas_dill2	chained 2 x k=5 in 40, scaled 2	-117	2.0
CED-9	hp_thomas_dill2	chained 2 x k=5 in 40, scaled 2	-114	2.0
CED-9	hp_thomas_dill2	chained 2 x k=5 in 40, scaled 2	-112	2.0
CED-9	hp_thomas_dill2	chained 2 x k=5 in 40, scaled 2	-111	1.0
CED-9	hp_thomas_dill2	chained 2 x k=5 in 40, scaled 2	-106	2.0
CED-9	hp_thomas_dill2	chained 2 x k=5 in 40, scaled 2	-104	1.0
CED-9	hp_thomas_dill2	chained 2 x k=5 in 40, scaled 2	-102	1.0
CED-9	hp_thomas_dill2	chained 2 x k=5 in 40, scaled 2	-100	4.0
CED-9	hp_thomas_dill2	chained 2 x k=5 in 40, scaled 2	-96	1.0
CED-9	hp_thomas_dill2	chained 2 x k=5 in 40, scaled 2	-94	2.0
CED-9	hp_thomas_dill2	chained 2 x k=5 in 40, scaled 2	-92	2.0
CED-9	hp_thomas_dill2	chained 2 x k=5 in 40, scaled 2	-91	2.0
CED-9	hp_thomas_dill2	chained 2 x k=5 in 40, scaled 2	-87	4.0
CED-9	hp_thomas_dill2	chained 2 x k=5 in 40, scaled 2	-86	3.0
CED-9	hp_thomas_dill2	chained 2 x k=5 in 40, scaled 2	-81	1.0
CED-9	hp_thomas_dill2	chained 2 x k=5 in 40, scaled 2	-74	1.0
CED-9	hp_thomas_dill2	chained 2 x k=5 in 40, scaled 2	-71	1.0
CED-9	hp_thomas_dill2	chained 2 x k=5 in 40, scaled 2	-70	1.0
CED-9	hp_thomas_dill2	chained 2 x k=5 in 40, scaled 2	-69	5.0
CED-9	hp_thomas_dill2	chained 2 x k=5 in 40, scaled 2	-67	3.0
CED-9	hp_thomas_dill2	chained 2 x k=5 in 40, scaled 2	-65	2.0
CED-9	hp_thomas_dill2	chained 2 x k=5 in 40, scaled 2	-64	1.0
CED-9	hp_thomas_dill2	chained 2 x k=5 in 40, scaled 2	-62	5.0
CED-9	hp_thomas_dill2	chained 2 x k=5 in 40, scaled 2	-60	1.0
CED-9	hp_thomas_dill2	chained 2 x k=5 in 40, scaled 2	-59	5.0
CED-9	hp_thomas_dill2	chained 2 x k=5 in 40, scaled 2	-58	3.0
CED-9	hp_thomas_dill2	chained 2 x k=5 in 40, scaled 2	-57	5.0
CED-9	hp_thomas_dill2	chained 2 x k=5 in 40, scaled 2	-56	5.0
CED-9	hp_thomas_dill2	chained 2 x k=5 in 40, scaled 2	-55	4.0
CED-9	hp_thomas_dill2	chained 2 x k=5 in 40, scaled 2	-54	1.0
CED-9	hp_thomas_dill2	chained 2 x k=5 in 40, scaled 2	-52	1.0
CED-9	hp_thomas_dill2	chained 2 x k=5 in 40, scaled 2	-50	4.0
CED-9	hp_thomas_dill2	chained 2 x k=5 in 40, scaled 2	-49	3.0
CED-9	hp_thomas_dill2	chained 2 x k=5 in 40, scaled 2	-48	3.0
CED-9	hp_thomas_dill2	chained 2 x k=5 in 40, scaled 2	-47	1.0
CED-9	hp_thomas_dill2	chained 2 x k=5 in 40, scaled 2	-46	4.0
CED-9	hp_thomas_dill2	chained 2 x k=5 in 40, scaled 2	-44	5.0
CED-9	hp_thomas_dill2	chained 2 x k=5 in 40, scaled 2	-42	6.0
CED-9	hp_thomas_dill2	chained 2 x k=5 in 40, scaled 2	-41	1.0
CED-9	hp_thomas_dill2	chained 2 x k=5 in 40, scaled 2	-40	5.0
CED-9	hp_thomas_dill2	chained 2 x k=5 in 40, scaled 2	-39	4.0
CED-9	hp_thomas_dill2	chained 2 x k=5 in 40, scaled 2	-38	1.0
CED-9	hp_thomas_dill2	chained 2 x k=5 in 40, scaled 2	-37	2.0
CED-9	hp_thomas_dill2	chained 2 x k=5 in 40, scaled 2	-36	1.0
CED-9	hp_thomas_dill2	chained 2 x k=5 in 40, scaled 2	-33	2.0
CED-9	hp_thomas_dill2	chained 2 x k=5 in 40, scaled 2	-32	3.0
CED-9	hp_thomas_dill2	chained 2 x k=5 in 40, scaled 2	-30	2.0
CED-9	hp_thomas_dill2	chained 2 x k=5 in 40, scaled 2	-29	5.0
CED-9	hp_thomas_dill2	chained 2 x k=5 in 40, scaled 2	-27	2.0
CED-9	hp_thomas_dill2	chained 2 x k=5 in 40, scaled 2	-25	7.0
CED-9	hp_thomas_dill2	chained 2 x k=5 in 40, scaled 2	-24	4.0
CED-9	hp_thomas_dill2	chained 2 x k=5 in 40, scaled 2	-22	3.0
CED-9	hp_thomas_dill2	chained 2 x k=5 in 40, scaled 2	-20	3.0
CED-9	hp_thomas_dill2	chained 2 x k=5 in 40, scaled 2	-16	1.0
CED-9	hp_thomas_dill2	chained 2 x k=5 in 40, scaled 2	-15	4.0
CED-9	hp_thomas_dill2	chained 2 x k=5 in 40, scaled 2	-10	3.0
CED-9	hp_thomas_dill2	chained 2 x k=5 in 40, scaled 2	-9	1.0
CED-9	hp_thomas_dill2	chained 2 x k=5 in 40, scaled 2	-7	3.0
CED-9	hp_thomas_dill2	chained 2 x k=5 in 40, scaled 2	-5	1.0
CED-9	hp_thomas_dill2	chained 2 x k=5 in 40, scaled 2	-4	2.0
CED-9	hp_thomas_dill2	chained 2 x k=5 in 40, scaled 2	-3	2.0
CED-9	hp_thomas_dill2	chained 2 x k=5 in 40, scaled 2	-2	1.0
CED-9	hp_thomas_dill2	chained 2 x k=5 in 40, scaled 2	-1	1.0
CED-9	hp_thomas_dill2	chained 2 x k=5 in 40, scaled 2	2	1.0
CED-9	hp_thomas_dill2	chained 2 x k=5 in 40, scaled 2	3	5.0
CED-9	hp_thomas_dill2	chained 2 x k=5 in 40, scaled 2	6	3.0
CED-9	hp_thomas_dill2	chained 2 x k=5 in 40, scaled 2	8	1.0
CED-9	hp_thomas_dill2	chained 2 x k=5 in 40, scaled 2	9	1.0
CED-9	hp_thomas_dill2	chained 2 x k=5 in 40, scaled 2	12	4.0
CED-9	hp_thomas_dill2	chained 2 x k=5 in 40, scaled 2	14	1.0
CED-9	hp_thomas_dill2	chained 2 x k=5 in 40, scaled 2	15	3.0
CED-9	hp_thomas_dill2	chained 2 x k=5 in 40, scaled 2	16	3.0
CED-9	hp_thomas_dill2	chained 2 x k=5 in 40, scaled 2	17	10.0
CED-9	hp_thomas_dill2	chained 2 x k=5 in 40, scaled 2	18	4.0
CED-9	hp_thomas_dill2	chained 2 x k=5 in 40, scaled 2	20	3.0
CED-9	hp_thomas_dill2	chained 2 x k=5 in 40, scaled 2	21	1.0
CED-9	hp_thomas_dill2	chained 2 x k=5 in 40, scaled 2	22	3.0
CED-9	hp_thomas_dill2	chained 2 x k=5 in 40, scaled 2	23	1.0
CED-9	hp_thomas_dill2	chained 2 x k=5 in 40, scaled 2	24	1.0
CED-9	hp_thomas_dill2	chained 2 x k=5 in 40, scaled 2	27	4.0
CED-9	hp_thomas_dill2	chained 2 x k=5 in 40, scaled 2	28	2.0
CED-9	hp_thomas_dill2	chained 2 x k=5 in 40, scaled 2	31	4.0
CED-9	hp_thomas_dill2	chained 2 x k=5 in 40, scaled 2	32	1.0
CED-9	hp_thomas_dill2	chained 2 x k=5 in 40, scaled 2	34	2.0
CED-9	hp_thomas_dill2	chained 2 x k=5 in 40, scaled 2	35	6.0
CED-9	hp_thomas_dill2	chained 2 x k=5 in 40, scaled 2	36	1.0
CED-9	hp_thomas_dill2	chained 2 x k=5 in 40, scaled 2	38	4.0
CED-9	hp_thomas_dill2	chained 2 x k=5 in 40, scaled 2	41	3.0
CED-9	hp_thomas_dill2	chained 2 x k=5 in 40, scaled 2	42	3.0
CED-9	hp_thomas_dill2	chained 2 x k=5 in 40, scaled 2	43	1.0
CED-9	hp_thomas_dill2	chained 2 x k=5 in 40, scaled 2	46	4.0
CED-9	hp_thomas_dill2	chained 2 x k=5 in 40, scaled 2	48	1.0
CED-9	hp_thomas_dill2	chained 2 x k=5 in 40, scaled 2	49	5.0
CED-9	hp_thomas_dill2	chained 2 x k=5 in 40, scaled 2	51	2.0
CED-9	hp_thomas_dill2	chained 2 x k=5 in 40, scaled 2	52	2.0
CED-9	hp_thomas_dill2	chained 2 x k=5 in 40, scaled 2	53	4.0
CED-9	hp_thomas_dill2	chained 2 x k=5 in 40, scaled 2	54	1.0
CED-9	hp_thomas_dill2	chained 2 x k=5 in 40, scaled 2	56	2.0
CED-9	hp_thomas_dill2	chained 2 x k=5 in 40, scaled 2	57	2.0
CED-9	hp_thomas_dill2	chained 2 x k=5 in 40, scaled 2	59	2.0
CED-9	hp_thomas_dill2	chained 2 x k=5 in 40, scaled 2	60	3.0
CED-9	hp_thomas_dill2	chained 2 x k=5 in 40, scaled 2	62	1.0
CED-9	hp_thomas_dill2	chained 2 x k=5 in 40, scaled 2	64	7.0
CED-9	hp_thomas_dill2	chained 2 x k=5 in 40, scaled 2	65	1.0
CED-9	hp_thomas_dill2	chained 2 x k=5 in 40, scaled 2	66	2.0
CED-9	hp_thomas_dill2	chained 2 x k=5 in 40, scaled 2	67	1.0
CED-9	hp_thomas_dill2	chained 2 x k=5 in 40, scaled 2	69	1.0
CED-9	hp_thomas_dill2	chained 2 x k=5 in 40, scaled 2	73	1.0
CED-9	hp_thomas_dill2	chained 2 x k=5 in 40, scaled 2	76	2.0
CED-9	hp_thomas_dill2	chained 2 x k=5 in 40, scaled 2	78	1.0
CED-9	hp_thomas_dill2	chained 2 x k=5 in 40, scaled 2	86	1.0
CED-9	hp_thomas_dill2	chained 2 x k=5 in 40, scaled 2	87	1.0
CED-9	hp_thomas_dill2	chained 2 x k=5 in 40, scaled 2	88	1.0
CED-9	hp_thomas_dill2	chained 2 x k=5 in 40, scaled 2	94	3.0
CED-9	hp_thomas_dill2	chained 2 x k=5 in 40, scaled 2	98	3.0
CED-9	hp_thomas_dill2	chained 2 x k=5 in 40, scaled 2	102	2.0
CED-9	hp_thomas_dill2	chained 2 x k=5 in 40, scaled 2	105	1.0
CED-9	hp_thomas_dill2	chained 2 x k=5 in 40, scaled 2	107	1.0
CED-9	hp_thomas_dill2	chained 2 x k=5 in 40, scaled 2	109	1.0
CED-9	hp_thomas_dill2	chained 2 x k=5 in 40, scaled 2	114	4.0
CED-9	hp_thomas_dill2	chained 2 x k=5 in 40, scaled 2	115	4.0
CED-9	hp_thomas_dill2	chained 2 x k=5 in 40, scaled 2	120	1.0
CED-9	hp_thomas_dill2	chained 2 x k=5 in 40, scaled 2	125	1.0
CED-9	hp_thomas_dill2	chained 2 x k=5 in 40, scaled 2	140	4.0
CED-9	hp_thomas_dill2	chained 2 x k=5 in 40, scaled 2	141	2.0
CED-9	hp_thomas_dill2	chained 2 x k=5 in 40, scaled 2	146	1.0
CED-9	hp_thomas_dill2	chained 2 x k=5 in 40, scaled 2	151	1.0
CED-9	hp_thomas_dill2	chained 2 x k=5 in 40, scaled 2	152	1.0
CED-9	hp_thomas_dill2	chained 2 x k=5 in 40, scaled 2	156	2.0
CED-9	hp_thomas_dill2	chained 2 x k=5 in 40, scaled 2	158	1.0
CED-9	hp_thomas_dill2	chained 2 x k=5 in 40, scaled 2	160	1.0
CED-9	hp_thomas_dill2	chained 2 x k=5 in 40, scaled 2	181	3.0
CED-9	hp_thomas_dill2	chained 2 x k=5 in 40, scaled 2	192	2.0
CED-9	hp_thomas_dill2	chained 3 x k=5 in 40	-195	7.0
CED-9	hp_thomas_dill2	chained 3 x k=5 in 40	-193	4.0
CED-9	hp_thomas_dill2	chained 3 x k=5 in 40	-189	1.0
CED-9	hp_thomas_dill2	chained 3 x k=5 in 40	-182	4.0
CED-9	hp_thomas_dill2	chained 3 x k=5 in 40	-135	1.0
CED-9	hp_thomas_dill2	chained 3 x k=5 in 40	-133	3.0
CED-9	hp_thomas_dill2	chained 3 x k=5 in 40	-128	2.0
CED-9	hp_thomas_dill2	chained 3 x k=5 in 40	-119	5.0
CED-9	hp_thomas_dill2	chained 3 x k=5 in 40	-112	2.0
CED-9	hp_thomas_dill2	chained 3 x k=5 in 40	-111	1.0
CED-9	hp_thomas_dill2	chained 3 x k=5 in 40	-106	4.0
CED-9	hp_thomas_dill2	chained 3 x k=5 in 40	-104	1.0
CED-9	hp_thomas_dill2	chained 3 x k=5 in 40	-100	4.0
CED-9	hp_thomas_dill2	chained 3 x k=5 in 40	-95	4.0
CED-9	hp_thomas_dill2	chained 3 x k=5 in 40	-92	3.0
CED-9	hp_thomas_dill2	chained 3 x k=5 in 40	-86	1.0
CED-9	hp_thomas_dill2	chained 3 x k=5 in 40	-69	5.0
CED-9	hp_thomas_dill2	chained 3 x k=5 in 40	-64	1.0
CED-9	hp_thomas_dill2	chained 3 x k=5 in 40	-59	8.0
CED-9	hp_thomas_dill2	chained 3 x k=5 in 40	-58	5.0
CED-9	hp_thomas_dill2	chained 3 x k=5 in 40	-57	4.0
CED-9	hp_thomas_dill2	chained 3 x k=5 in 40	-56	7.0
CED-9	hp_thomas_dill2	chained 3 x k=5 in 40	-55	2.0
CED-9	hp_thomas_dill2	chained 3 x k=5 in 40	-51	1.0
CED-9	hp_thomas_dill2	chained 3 x k=5 in 40	-50	4.0
CED-9	hp_thomas_dill2	chained 3 x k=5 in 40	-49	1.0
CED-9	hp_thomas_dill2	chained 3 x k=5 in 40	-48	5.0
CED-9	hp_thomas_dill2	chained 3 x k=5 in 40	-44	1.0
CED-9	hp_thomas_dill2	chained 3 x k=5 in 40	-43	2.0
CED-9	hp_thomas_dill2	chained 3 x k=5 in 40	-42	7.0
CED-9	hp_thomas_dill2	chained 3 x k=5 in 40	-37	4.0
CED-9	hp_thomas_dill2	chained 3 x k=5 in 40	-33	1.0
CED-9	hp_thomas_dill2	chained 3 x k=5 in 40	-32	1.0
CED-9	hp_thomas_dill2	chained 3 x k=5 in 40	-29	8.0
CED-9	hp_thomas_dill2	chained 3 x k=5 in 40	-25	9.0
CED-9	hp_thomas_dill2	chained 3 x k=5 in 40	-24	6.0
CED-9	hp_thomas_dill2	chained 3 x k=5 in 40	-22	3.0
CED-9	hp_thomas_dill2	chained 3 x k=5 in 40	-15	5.0
CED-9	hp_thomas_dill2	chained 3 x k=5 in 40	-10	1.0
CED-9	hp_thomas_dill2	chained 3 x k=5 in 40	-3	3.0
CED-9	hp_thomas_dill2	chained 3 x k=5 in 40	0	1.0
CED-9	hp_thomas_dill2	chained 3 x k=5 in 40	2	1.0
CED-9	hp_thomas_dill2	chained 3 x k=5 in 40	6	4.0
CED-9	hp_thomas_dill2	chained 3 x k=5 in 40	10	2.0
CED-9	hp_thomas_dill2	chained 3 x k=5 in 40	15	1.0
CED-9	hp_thomas_dill2	chained 3 x k=5 in 40	17	6.0
CED-9	hp_thomas_dill2	chained 3 x k=5 in 40	19	2.0
CED-9	hp_thomas_dill2	chained 3 x k=5 in 40	22	1.0
CED-9	hp_thomas_dill2	chained 3 x k=5 in 40	27	3.0
CED-9	hp_thomas_dill2	chained 3 x k=5 in 40	29	1.0
CED-9	hp_thomas_dill2	chained 3 x k=5 in 40	31	3.0
CED-9	hp_thomas_dill2	chained 3 x k=5 in 40	34	3.0
CED-9	hp_thomas_dill2	chained 3 x k=5 in 40	35	7.0
CED-9	hp_thomas_dill2	chained 3 x k=5 in 40	38	1.0
CED-9	hp_thomas_dill2	chained 3 x k=5 in 40	40	1.0
CED-9	hp_thomas_dill2	chained 3 x k=5 in 40	42	3.0
CED-9	hp_thomas_dill2	chained 3 x k=5 in 40	46	3.0
CED-9	hp_thomas_dill2	chained 3 x k=5 in 40	49	6.0
CED-9	hp_thomas_dill2	chained 3 x k=5 in 40	52	5.0
CED-9	hp_thomas_dill2	chained 3 x k=5 in 40	53	1.0
CED-9	hp_thomas_dill2	chained 3 x k=5 in 40	56	2.0
CED-9	hp_thomas_dill2	chained 3 x k=5 in 40	60	2.0
CED-9	hp_thomas_dill2	chained 3 x k=5 in 40	64	14.0
CED-9	hp_thomas_dill2	chained 3 x k=5 in 40	94	2.0
CED-9	hp_thomas_dill2	chained 3 x k=5 in 40	105	3.0
CED-9	hp_thomas_dill2	chained 3 x k=5 in 40	115	1.0
CED-9	hp_thomas_dill2	chained 3 x k=5 in 40	140	3.0
CED-9	hp_thomas_dill2	chained 3 x k=5 in 40	141	2.0
CED-9	hp_thomas_dill2	chained 3 x k=5 in 40, scaled 2	-193	4.0
CED-9	hp_thomas_dill2	chained 3 x k=5 in 40, scaled 2	-182	3.0
CED-9	hp_thomas_dill2	chained 3 x k=5 in 40, scaled 2	-133	2.0
CED-9	hp_thomas_dill2	chained 3 x k=5 in 40, scaled 2	-119	1.0
CED-9	hp_thomas_dill2	chained 3 x k=5 in 40, scaled 2	-100	1.0
CED-9	hp_thomas_dill2	chained 3 x k=5 in 40, scaled 2	-92	1.0
CED-9	hp_thomas_dill2	chained 3 x k=5 in 40, scaled 2	-69	2.0
CED-9	hp_thomas_dill2	chained 3 x k=5 in 40, scaled 2	-59	2.0
CED-9	hp_thomas_dill2	chained 3 x k=5 in 40, scaled 2	-57	3.0
CED-9	hp_thomas_dill2	chained 3 x k=5 in 40, scaled 2	-56	2.0
CED-9	hp_thomas_dill2	chained 3 x k=5 in 40, scaled 2	-50	3.0
CED-9	hp_thomas_dill2	chained 3 x k=5 in 40, scaled 2	-49	1.0
CED-9	hp_thomas_dill2	chained 3 x k=5 in 40, scaled 2	-44	1.0
CED-9	hp_thomas_dill2	chained 3 x k=5 in 40, scaled 2	-32	1.0
CED-9	hp_thomas_dill2	chained 3 x k=5 in 40, scaled 2	-25	3.0
CED-9	hp_thomas_dill2	chained 3 x k=5 in 40, scaled 2	-24	2.0
CED-9	hp_thomas_dill2	chained 3 x k=5 in 40, scaled 2	-22	2.0
CED-9	hp_thomas_dill2	chained 3 x k=5 in 40, scaled 2	-15	2.0
CED-9	hp_thomas_dill2	chained 3 x k=5 in 40, scaled 2	17	4.0
CED-9	hp_thomas_dill2	chained 3 x k=5 in 40, scaled 2	34	1.0
CED-9	hp_thomas_dill2	chained 3 x k=5 in 40, scaled 2	35	1.0
CED-9	hp_thomas_dill2	chained 3 x k=5 in 40, scaled 2	38	1.0
CED-9	hp_thomas_dill2	chained 3 x k=5 in 40, scaled 2	42	1.0
CED-9	hp_thomas_dill2	chained 3 x k=5 in 40, scaled 2	46	1.0
CED-9	hp_thomas_dill2	chained 3 x k=5 in 40, scaled 2	53	1.0
CED-9	hp_thomas_dill2	chained 3 x k=5 in 40, scaled 2	56	1.0
CED-9	hp_thomas_dill2	chained 3 x k=5 in 40, scaled 2	60	2.0
CED-9	hp_thomas_dill2	chained 3 x k=5 in 40, scaled 2	64	6.0
CED-9	hp_thomas_dill2	chained 3 x k=5 in 40, scaled 2	94	2.0
CED-9	hp_thomas_dill2	chained 3 x k=5 in 40, scaled 2	140	2.0
CED-9	hp_thomas_dill2	chained 3 x k=5 in 40, scaled 2	141	1.0
CED-9	hp_thomas_dill2	chained 4 x k=5 in 40	-106	1.0
CED-9	hp_thomas_dill2	chained 4 x k=5 in 40	-29	3.0
CED-9	hp_thomas_dill2	chained 4 x k=5 in 40	-25	4.0
CED-9	hp_thomas_dill2	chained 4 x k=5 in 40	-24	4.0
CED-9	hp_thomas_dill2	chained 4 x k=5 in 40	34	1.0
CED-9	hp_thomas_dill2	chained 4 x k=5 in 40	49	1.0
CED-9	hp_thomas_dill2	chained 4 x k=5 in 40	52	3.0
CED-9	hp_thomas_dill2	chained 4 x k=5 in 40	64	3.0
CED-9	hp_thomas_dill2	chained 4 x k=5 in 40, scaled 2	-25	2.0
CED-9	hp_thomas_dill2	chained 4 x k=5 in 40, scaled 2	-24	1.0
CED-9	hp_thomas_dill2	chained 4 x k=5 in 40, scaled 2	64	1.0
CED-9	hp_thomas_dill2	chained 2 x k=8 in 40	-86	1.0
CED-9	hp_thomas_dill2	chained 2 x k=8 in 40	-69	4.0
CED-9	hp_thomas_dill2	chained 2 x k=8 in 40	-50	1.0
CED-9	hp_thomas_dill2	chained 2 x k=8 in 40	-24	5.0
CED-9	hp_thomas_dill2	chained 2 x k=8 in 40	-4	1.0
CED-9	hp_thomas_dill2	chained 2 x k=8 in 40	52	1.0
CED-9	hp_thomas_dill2	chained 2 x k=8 in 40	59	1.0
CED-9	hp_thomas_dill2	chained 2 x k=8 in 40	64	4.0
CED-9	hp_thomas_dill2	chained 2 x k=8 in 40	115	3.0
CED-9	hp_thomas_dill2	chained 2 x k=8 in 40	156	1.0
CED-9	hp_thomas_dill2	chained 2 x k=8 in 40, scaled 2	-69	2.0
CED-9	hp_thomas_dill2	chained 2 x k=8 in 40, scaled 2	-50	1.0
CED-9	hp_thomas_dill2	chained 2 x k=8 in 40, scaled 2	-24	1.0
CED-9	hp_thomas_dill2	chained 2 x k=8 in 40, scaled 2	64	2.0
CED-9	hp_thomas_dill2	chained 3 x k=8 in 60	-69	2.0
CED-9	hp_thomas_dill2	chained 3 x k=8 in 60	-24	1.0
CED-9	hp_thomas_dill2	chained 3 x k=8 in 60	64	3.0
CED-9	hp_thomas_dill2	window 18 of 20	-133	1.0
CED-9	hp_thomas_dill2	window 18 of 20	-69	10.0
CED-9	hp_thomas_dill2	window 18 of 20	-42	1.0
CED-9	hp_thomas_dill2	window 18 of 20	-24	6.0
CED-9	hp_thomas_dill2	window 18 of 20	15	1.0
CED-9	hp_thomas_dill2	window 18 of 20	46	3.0
CED-9	hp_thomas_dill2	window 16 of 20	-236	6.0
CED-9	hp_thomas_dill2	window 16 of 20	-229	1.0
CED-9	hp_thomas_dill2	window 16 of 20	-222	3.0
CED-9	hp_thomas_dill2	window 16 of 20	-217	1.0
CED-9	hp_thomas_dill2	window 16 of 20	-208	1.0
CED-9	hp_thomas_dill2	window 16 of 20	-206	1.0
CED-9	hp_thomas_dill2	window 16 of 20	-195	2.0
CED-9	hp_thomas_dill2	window 16 of 20	-194	1.0
CED-9	hp_thomas_dill2	window 16 of 20	-182	1.0
CED-9	hp_thomas_dill2	window 16 of 20	-176	2.0
CED-9	hp_thomas_dill2	window 16 of 20	-164	2.0
CED-9	hp_thomas_dill2	window 16 of 20	-163	4.0
CED-9	hp_thomas_dill2	window 16 of 20	-161	2.0
CED-9	hp_thomas_dill2	window 16 of 20	-156	1.0
CED-9	hp_thomas_dill2	window 16 of 20	-143	3.0
CED-9	hp_thomas_dill2	window 16 of 20	-142	2.0
CED-9	hp_thomas_dill2	window 16 of 20	-138	7.0
CED-9	hp_thomas_dill2	window 16 of 20	-136	1.0
CED-9	hp_thomas_dill2	window 16 of 20	-133	11.0
CED-9	hp_thomas_dill2	window 16 of 20	-129	1.0
CED-9	hp_thomas_dill2	window 16 of 20	-127	2.0
CED-9	hp_thomas_dill2	window 16 of 20	-125	1.0
CED-9	hp_thomas_dill2	window 16 of 20	-119	12.0
CED-9	hp_thomas_dill2	window 16 of 20	-117	2.0
CED-9	hp_thomas_dill2	window 16 of 20	-113	3.0
CED-9	hp_thomas_dill2	window 16 of 20	-112	3.0
CED-9	hp_thomas_dill2	window 16 of 20	-111	2.0
CED-9	hp_thomas_dill2	window 16 of 20	-106	12.0
CED-9	hp_thomas_dill2	window 16 of 20	-104	1.0
CED-9	hp_thomas_dill2	window 16 of 20	-102	1.0
CED-9	hp_thomas_dill2	window 16 of 20	-101	1.0
CED-9	hp_thomas_dill2	window 16 of 20	-100	6.0
CED-9	hp_thomas_dill2	window 16 of 20	-96	1.0
CED-9	hp_thomas_dill2	window 16 of 20	-92	2.0
CED-9	hp_thomas_dill2	window 16 of 20	-83	1.0
CED-9	hp_thomas_dill2	window 16 of 20	-74	7.0
CED-9	hp_thomas_dill2	window 16 of 20	-72	1.0
CED-9	hp_thomas_dill2	window 16 of 20	-71	1.0
CED-9	hp_thomas_dill2	window 16 of 20	-69	11.0
CED-9	hp_thomas_dill2	window 16 of 20	-67	4.0
CED-9	hp_thomas_dill2	window 16 of 20	-65	1.0
CED-9	hp_thomas_dill2	window 16 of 20	-64	7.0
CED-9	hp_thomas_dill2	window 16 of 20	-62	3.0
CED-9	hp_thomas_dill2	window 16 of 20	-56	3.0
CED-9	hp_thomas_dill2	window 16 of 20	-55	1.0
CED-9	hp_thomas_dill2	window 16 of 20	-50	4.0
CED-9	hp_thomas_dill2	window 16 of 20	-49	2.0
CED-9	hp_thomas_dill2	window 16 of 20	-48	8.0
CED-9	hp_thomas_dill2	window 16 of 20	-46	1.0
CED-9	hp_thomas_dill2	window 16 of 20	-44	3.0
CED-9	hp_thomas_dill2	window 16 of 20	-42	5.0
CED-9	hp_thomas_dill2	window 16 of 20	-40	3.0
CED-9	hp_thomas_dill2	window 16 of 20	-39	4.0
CED-9	hp_thomas_dill2	window 16 of 20	-36	3.0
CED-9	hp_thomas_dill2	window 16 of 20	-35	1.0
CED-9	hp_thomas_dill2	window 16 of 20	-33	4.0
CED-9	hp_thomas_dill2	window 16 of 20	-29	2.0
CED-9	hp_thomas_dill2	window 16 of 20	-26	3.0
CED-9	hp_thomas_dill2	window 16 of 20	-25	13.0
CED-9	hp_thomas_dill2	window 16 of 20	-24	9.0
CED-9	hp_thomas_dill2	window 16 of 20	-22	5.0
CED-9	hp_thomas_dill2	window 16 of 20	-17	6.0
CED-9	hp_thomas_dill2	window 16 of 20	-15	5.0
CED-9	hp_thomas_dill2	window 16 of 20	-5	2.0
CED-9	hp_thomas_dill2	window 16 of 20	-4	4.0
CED-9	hp_thomas_dill2	window 16 of 20	0	5.0
CED-9	hp_thomas_dill2	window 16 of 20	1	3.0
CED-9	hp_thomas_dill2	window 16 of 20	3	3.0
CED-9	hp_thomas_dill2	window 16 of 20	4	2.0
CED-9	hp_thomas_dill2	window 16 of 20	5	1.0
CED-9	hp_thomas_dill2	window 16 of 20	6	7.0
CED-9	hp_thomas_dill2	window 16 of 20	10	4.0
CED-9	hp_thomas_dill2	window 16 of 20	11	2.0
CED-9	hp_thomas_dill2	window 16 of 20	12	4.0
CED-9	hp_thomas_dill2	window 16 of 20	15	4.0
CED-9	hp_thomas_dill2	window 16 of 20	17	6.0
CED-9	hp_thomas_dill2	window 16 of 20	18	1.0
CED-9	hp_thomas_dill2	window 16 of 20	19	2.0
CED-9	hp_thomas_dill2	window 16 of 20	20	3.0
CED-9	hp_thomas_dill2	window 16 of 20	21	1.0
CED-9	hp_thomas_dill2	window 16 of 20	28	6.0
CED-9	hp_thomas_dill2	window 16 of 20	35	5.0
CED-9	hp_thomas_dill2	window 16 of 20	36	5.0
CED-9	hp_thomas_dill2	window 16 of 20	38	2.0
CED-9	hp_thomas_dill2	window 16 of 20	41	2.0
CED-9	hp_thomas_dill2	window 16 of 20	42	6.0
CED-9	hp_thomas_dill2	window 16 of 20	43	4.0
CED-9	hp_thomas_dill2	window 16 of 20	46	15.0
CED-9	hp_thomas_dill2	window 16 of 20	49	4.0
CED-9	hp_thomas_dill2	window 16 of 20	50	4.0
CED-9	hp_thomas_dill2	window 16 of 20	52	4.0
CED-9	hp_thomas_dill2	window 16 of 20	53	12.0
CED-9	hp_thomas_dill2	window 16 of 20	58	2.0
CED-9	hp_thomas_dill2	window 16 of 20	64	24.0
CED-9	hp_thomas_dill2	window 16 of 20	66	1.0
CED-9	hp_thomas_dill2	window 16 of 20	67	2.0
CED-9	hp_thomas_dill2	window 16 of 20	71	3.0
CED-9	hp_thomas_dill2	window 16 of 20	79	1.0
CED-9	hp_thomas_dill2	window 16 of 20	84	1.0
CED-9	hp_thomas_dill2	window 16 of 20	85	1.0
CED-9	hp_thomas_dill2	window 16 of 20	86	1.0
CED-9	hp_thomas_dill2	window 16 of 20	94	3.0
CED-9	hp_thomas_dill2	window 16 of 20	96	4.0
CED-9	hp_thomas_dill2	window 16 of 20	98	3.0
CED-9	hp_thomas_dill2	window 16 of 20	114	1.0
CED-9	hp_thomas_dill2	window 16 of 20	115	5.0
CED-9	hp_thomas_dill2	window 16 of 20	119	1.0
CED-9	hp_thomas_dill2	window 16 of 20	140	1.0
CED-9	hp_thomas_dill2	window 16 of 20	160	14.0
CED-9	hp_thomas_dill2	window 16 of 20	181	6.0
CED-9	hp_thomas_dill2	window 16 of 20	200	1.0
CED-9	hp_thomas_dill2	window 27 of 30	-69	1.0
CED-9	hp_thomas_dill2	window 24 of 30	-133	3.0
CED-9	hp_thomas_dill2	window 24 of 30	-106	2.0
CED-9	hp_thomas_dill2	window 24 of 30	-74	1.0
CED-9	hp_thomas_dill2	window 24 of 30	-69	2.0
CED-9	hp_thomas_dill2	window 24 of 30	-26	1.0
CED-9	hp_thomas_dill2	window 24 of 30	-25	4.0
CED-9	hp_thomas_dill2	window 24 of 30	-24	2.0
CED-9	hp_thomas_dill2	window 24 of 30	-17	1.0
CED-9	hp_thomas_dill2	window 24 of 30	46	7.0
CED-9	hp_thomas_dill2	window 24 of 30	53	4.0
CED-9	hp_thomas_dill2	window 24 of 30	64	15.0
CED-9	hp_thomas_dill2	window 24 of 30	160	4.0
CED-9	hp_thomas_dill2	window 32 of 40	-106	1.0
CED-9	hp_thomas_dill2	window 32 of 40	46	1.0
CED-9	hp_thomas_dill2	window 32 of 40	64	9.0
CED-9	hp_thomas_dill2	extend +1/-2	-278	1.0
CED-9	hp_thomas_dill2	extend +1/-2	-277	2.0
CED-9	hp_thomas_dill2	extend +1/-2	-276	1.0
CED-9	hp_thomas_dill2	extend +1/-2	-275	5.0
CED-9	hp_thomas_dill2	extend +1/-2	-274	2.0
CED-9	hp_thomas_dill2	extend +1/-2	-273	2.0
CED-9	hp_thomas_dill2	extend +1/-2	-272	1.0
CED-9	hp_thomas_dill2	extend +1/-2	-271	2.0
CED-9	hp_thomas_dill2	extend +1/-2	-270	3.0
CED-9	hp_thomas_dill2	extend +1/-2	-269	2.0
CED-9	hp_thomas_dill2	extend +1/-2	-268	3.0
CED-9	hp_thomas_dill2	extend +1/-2	-267	2.0
CED-9	hp_thomas_dill2	extend +1/-2	-266	3.0
CED-9	hp_thomas_dill2	extend +1/-2	-265	4.0
CED-9	hp_thomas_dill2	extend +1/-2	-264	1.0
CED-9	hp_thomas_dill2	extend +1/-2	-263	3.0
CED-9	hp_thomas_dill2	extend +1/-2	-262	4.0
CED-9	hp_thomas_dill2	extend +1/-2	-261	7.0
CED-9	hp_thomas_dill2	extend +1/-2	-260	2.0
CED-9	hp_thomas_dill2	extend +1/-2	-259	3.0
CED-9	hp_thomas_dill2	extend +1/-2	-258	5.0
CED-9	hp_thomas_dill2	extend +1/-2	-257	4.0
CED-9	hp_thomas_dill2	extend +1/-2	-256	5.0
CED-9	hp_thomas_dill2	extend +1/-2	-255	4.0
CED-9	hp_thomas_dill2	extend +1/-2	-254	2.0
CED-9	hp_thomas_dill2	extend +1/-2	-253	5.0
CED-9	hp_thomas_dill2	extend +1/-2	-252	3.0
CED-9	hp_thomas_dill2	extend +1/-2	-251	5.0
CED-9	hp_thomas_dill2	extend +1/-2	-250	3.0
CED-9	hp_thomas_dill2	extend +1/-2	-249	4.0
CED-9	hp_thomas_dill2	extend +1/-2	-248	7.0
CED-9	hp_thomas_dill2	extend +1/-2	-247	5.0
CED-9	hp_thomas_dill2	extend +1/-2	-246	3.0
CED-9	hp_thomas_dill2	extend +1/-2	-245	6.0
CED-9	hp_thomas_dill2	extend +1/-2	-244	3.0
CED-9	hp_thomas_dill2	extend +1/-2	-243	6.0
CED-9	hp_thomas_dill2	extend +1/-2	-242	4.0
CED-9	hp_thomas_dill2	extend +1/-2	-241	4.0
CED-9	hp_thomas_dill2	extend +1/-2	-240	5.0
CED-9	hp_thomas_dill2	extend +1/-2	-239	7.0
CED-9	hp_thomas_dill2	extend +1/-2	-238	7.0
CED-9	hp_thomas_dill2	extend +1/-2	-237	4.0
CED-9	hp_thomas_dill2	extend +1/-2	-236	11.0
CED-9	hp_thomas_dill2	extend +1/-2	-235	4.0
CED-9	hp_thomas_dill2	extend +1/-2	-234	8.0
CED-9	hp_thomas_dill2	extend +1/-2	-233	4.0
CED-9	hp_thomas_dill2	extend +1/-2	-232	4.0
CED-9	hp_thomas_dill2	extend +1/-2	-231	7.0
CED-9	hp_thomas_dill2	extend +1/-2	-230	2.0
CED-9	hp_thomas_dill2	extend +1/-2	-229	10.0
CED-9	hp_thomas_dill2	extend +1/-2	-228	3.0
CED-9	hp_thomas_dill2	extend +1/-2	-227	6.0
CED-9	hp_thomas_dill2	extend +1/-2	-226	6.0
CED-9	hp_thomas_dill2	extend +1/-2	-225	4.0
CED-9	hp_thomas_dill2	extend +1/-2	-224	7.0
CED-9	hp_thomas_dill2	extend +1/-2	-223	7.0
CED-9	hp_thomas_dill2	extend +1/-2	-222	11.0
CED-9	hp_thomas_dill2	extend +1/-2	-221	6.0
CED-9	hp_thomas_dill2	extend +1/-2	-220	7.0
CED-9	hp_thomas_dill2	extend +1/-2	-219	4.0
CED-9	hp_thomas_dill2	extend +1/-2	-218	5.0
CED-9	hp_thomas_dill2	extend +1/-2	-217	8.0
CED-9	hp_thomas_dill2	extend +1/-2	-216	4.0
CED-9	hp_thomas_dill2	extend +1/-2	-215	5.0
CED-9	hp_thomas_dill2	extend +1/-2	-214	4.0
CED-9	hp_thomas_dill2	extend +1/-2	-213	3.0
CED-9	hp_thomas_dill2	extend +1/-2	-212	7.0
CED-9	hp_thomas_dill2	extend +1/-2	-211	4.0
CED-9	hp_thomas_dill2	extend +1/-2	-210	7.0
CED-9	hp_thomas_dill2	extend +1/-2	-209	4.0
CED-9	hp_thomas_dill2	extend +1/-2	-208	9.0
CED-9	hp_thomas_dill2	extend +1/-2	-207	5.0
CED-9	hp_thomas_dill2	extend +1/-2	-206	8.0
CED-9	hp_thomas_dill2	extend +1/-2	-205	8.0
CED-9	hp_thomas_dill2	extend +1/-2	-204	6.0
CED-9	hp_thomas_dill2	extend +1/-2	-203	10.0
CED-9	hp_thomas_dill2	extend +1/-2	-202	4.0
CED-9	hp_thomas_dill2	extend +1/-2	-201	7.0
CED-9	hp_thomas_dill2	extend +1/-2	-200	4.0
CED-9	hp_thomas_dill2	extend +1/-2	-199	5.0
CED-9	hp_thomas_dill2	extend +1/-2	-198	4.0
CED-9	hp_thomas_dill2	extend +1/-2	-197	5.0
CED-9	hp_thomas_dill2	extend +1/-2	-196	6.0
CED-9	hp_thomas_dill2	extend +1/-2	-195	11.0
CED-9	hp_thomas_dill2	extend +1/-2	-194	11.0
CED-9	hp_thomas_dill2	extend +1/-2	-193	8.0
CED-9	hp_thomas_dill2	extend +1/-2	-192	9.0
CED-9	hp_thomas_dill2	extend +1/-2	-191	8.0
CED-9	hp_thomas_dill2	extend +1/-2	-190	10.0
CED-9	hp_thomas_dill2	extend +1/-2	-189	6.0
CED-9	hp_thomas_dill2	extend +1/-2	-188	4.0
CED-9	hp_thomas_dill2	extend +1/-2	-187	6.0
CED-9	hp_thomas_dill2	extend +1/-2	-186	6.0
CED-9	hp_thomas_dill2	extend +1/-2	-185	4.0
CED-9	hp_thomas_dill2	extend +1/-2	-184	5.0
CED-9	hp_thomas_dill2	extend +1/-2	-183	5.0
CED-9	hp_thomas_dill2	extend +1/-2	-182	11.0
CED-9	hp_thomas_dill2	extend +1/-2	-181	4.0
CED-9	hp_thomas_dill2	extend +1/-2	-180	6.0
CED-9	hp_thomas_dill2	extend +1/-2	-179	5.0
CED-9	hp_thomas_dill2	extend +1/-2	-178	6.0
CED-9	hp_thomas_dill2	extend +1/-2	-177	6.0
CED-9	hp_thomas_dill2	extend +1/-2	-176	9.0
CED-9	hp_thomas_dill2	extend +1/-2	-175	5.0
CED-9	hp_thomas_dill2	extend +1/-2	-174	5.0
CED-9	hp_thomas_dill2	extend +1/-2	-173	6.0
CED-9	hp_thomas_dill2	extend +1/-2	-172	5.0
CED-9	hp_thomas_dill2	extend +1/-2	-171	7.0
CED-9	hp_thomas_dill2	extend +1/-2	-170	5.0
CED-9	hp_thomas_dill2	extend +1/-2	-169	4.0
CED-9	hp_thomas_dill2	extend +1/-2	-168	7.0
CED-9	hp_thomas_dill2	extend +1/-2	-167	7.0
CED-9	hp_thomas_dill2	extend +1/-2	-166	6.0
CED-9	hp_thomas_dill2	extend +1/-2	-165	9.0
CED-9	hp_thomas_dill2	extend +1/-2	-164	11.0
CED-9	hp_thomas_dill2	extend +1/-2	-163	10.0
CED-9	hp_thomas_dill2	extend +1/-2	-162	8.0
CED-9	hp_thomas_dill2	extend +1/-2	-161	10.0
CED-9	hp_thomas_dill2	extend +1/-2	-160	7.0
CED-9	hp_thomas_dill2	extend +1/-2	-159	8.0
CED-9	hp_thomas_dill2	extend +1/-2	-158	7.0
CED-9	hp_thomas_dill2	extend +1/-2	-157	6.0
CED-9	hp_thomas_dill2	extend +1/-2	-156	9.0
CED-9	hp_thomas_dill2	extend +1/-2	-155	8.0
CED-9	hp_thomas_dill2	extend +1/-2	-154	8.0
CED-9	hp_thomas_dill2	extend +1/-2	-153	6.0
CED-9	hp_thomas_dill2	extend +1/-2	-152	4.0
CED-9	hp_thomas_dill2	extend +1/-2	-151	6.0
CED-9	hp_thomas_dill2	extend +1/-2	-150	9.0
CED-9	hp_thomas_dill2	extend +1/-2	-149	7.0
CED-9	hp_thomas_dill2	extend +1/-2	-148	7.0
CED-9	hp_thomas_dill2	extend +1/-2	-147	5.0
CED-9	hp_thomas_dill2	extend +1/-2	-146	7.0
CED-9	hp_thomas_dill2	extend +1/-2	-145	7.0
CED-9	hp_thomas_dill2	extend +1/-2	-144	9.0
CED-9	hp_thomas_dill2	extend +1/-2	-143	12.0
CED-9	hp_thomas_dill2	extend +1/-2	-142	8.0
CED-9	hp_thomas_dill2	extend +1/-2	-141	4.0
CED-9	hp_thomas_dill2	extend +1/-2	-140	7.0
CED-9	hp_thomas_dill2	extend +1/-2	-139	8.0
CED-9	hp_thomas_dill2	extend +1/-2	-138	11.0
CED-9	hp_thomas_dill2	extend +1/-2	-137	5.0
CED-9	hp_thomas_dill2	extend +1/-2	-136	14.0
CED-9	hp_thomas_dill2	extend +1/-2	-135	6.0
CED-9	hp_thomas_dill2	extend +1/-2	-134	6.0
CED-9	hp_thomas_dill2	extend +1/-2	-133	15.0
CED-9	hp_thomas_dill2	extend +1/-2	-132	10.0
CED-9	hp_thomas_dill2	extend +1/-2	-131	9.0
CED-9	hp_thomas_dill2	extend +1/-2	-130	6.0
CED-9	hp_thomas_dill2	extend +1/-2	-129	8.0
CED-9	hp_thomas_dill2	extend +1/-2	-128	7.0
CED-9	hp_thomas_dill2	extend +1/-2	-127	12.0
CED-9	hp_thomas_dill2	extend +1/-2	-126	6.0
CED-9	hp_thomas_dill2	extend +1/-2	-125	8.0
CED-9	hp_thomas_dill2	extend +1/-2	-124	10.0
CED-9	hp_thomas_dill2	extend +1/-2	-123	11.0
CED-9	hp_thomas_dill2	extend +1/-2	-122	6.0
CED-9	hp_thomas_dill2	extend +1/-2	-121	9.0
CED-9	hp_thomas_dill2	extend +1/-2	-120	5.0
CED-9	hp_thomas_dill2	extend +1/-2	-119	13.0
CED-9	hp_thomas_dill2	extend +1/-2	-118	6.0
CED-9	hp_thomas_dill2	extend +1/-2	-117	9.0
CED-9	hp_thomas_dill2	extend +1/-2	-116	7.0
CED-9	hp_thomas_dill2	extend +1/-2	-115	5.0
CED-9	hp_thomas_dill2	extend +1/-2	-114	9.0
CED-9	hp_thomas_dill2	extend +1/-2	-113	10.0
CED-9	hp_thomas_dill2	extend +1/-2	-112	11.0
CED-9	hp_thomas_dill2	extend +1/-2	-111	11.0
CED-9	hp_thomas_dill2	extend +1/-2	-110	10.0
CED-9	hp_thomas_dill2	extend +1/-2	-109	9.0
CED-9	hp_thomas_dill2	extend +1/-2	-108	5.0
CED-9	hp_thomas_dill2	extend +1/-2	-107	5.0
CED-9	hp_thomas_dill2	extend +1/-2	-106	16.0
CED-9	hp_thomas_dill2	extend +1/-2	-105	7.0
CED-9	hp_thomas_dill2	extend +1/-2	-104	10.0
CED-9	hp_thomas_dill2	extend +1/-2	-103	6.0
CED-9	hp_thomas_dill2	extend +1/-2	-102	11.0
CED-9	hp_thomas_dill2	extend +1/-2	-101	8.0
CED-9	hp_thomas_dill2	extend +1/-2	-100	13.0
CED-9	hp_thomas_dill2	extend +1/-2	-99	5.0
CED-9	hp_thomas_dill2	extend +1/-2	-98	7.0
CED-9	hp_thomas_dill2	extend +1/-2	-97	6.0
CED-9	hp_thomas_dill2	extend +1/-2	-96	9.0
CED-9	hp_thomas_dill2	extend +1/-2	-95	9.0
CED-9	hp_thomas_dill2	extend +1/-2	-94	7.0
CED-9	hp_thomas_dill2	extend +1/-2	-93	7.0
CED-9	hp_thomas_dill2	extend +1/-2	-92	10.0
CED-9	hp_thomas_dill2	extend +1/-2	-91	8.0
CED-9	hp_thomas_dill2	extend +1/-2	-90	5.0
CED-9	hp_thomas_dill2	extend +1/-2	-89	6.0
CED-9	hp_thomas_dill2	extend +1/-2	-88	8.0
CED-9	hp_thomas_dill2	extend +1/-2	-87	8.0
CED-9	hp_thomas_dill2	extend +1/-2	-86	12.0
CED-9	hp_thomas_dill2	extend +1/-2	-85	6.0
CED-9	hp_thomas_dill2	extend +1/-2	-84	7.0
CED-9	hp_thomas_dill2	extend +1/-2	-83	11.0
CED-9	hp_thomas_dill2	extend +1/-2	-82	8.0
CED-9	hp_thomas_dill2	extend +1/-2	-81	7.0
CED-9	hp_thomas_dill2	extend +1/-2	-80	8.0
CED-9	hp_thomas_dill2	extend +1/-2	-79	8.0
CED-9	hp_thomas_dill2	extend +1/-2	-78	6.0
CED-9	hp_thomas_dill2	extend +1/-2	-77	9.0
CED-9	hp_thomas_dill2	extend +1/-2	-76	8.0
CED-9	hp_thomas_dill2	extend +1/-2	-75	5.0
CED-9	hp_thomas_dill2	extend +1/-2	-74	14.0
CED-9	hp_thomas_dill2	extend +1/-2	-73	7.0
CED-9	hp_thomas_dill2	extend +1/-2	-72	9.0
CED-9	hp_thomas_dill2	extend +1/-2	-71	8.0
CED-9	hp_thomas_dill2	extend +1/-2	-70	9.0
CED-9	hp_thomas_dill2	extend +1/-2	-69	22.0
CED-9	hp_thomas_dill2	extend +1/-2	-68	8.0
CED-9	hp_thomas_dill2	extend +1/-2	-67	12.0
CED-9	hp_thomas_dill2	extend +1/-2	-66	6.0
CED-9	hp_thomas_dill2	extend +1/-2	-65	11.0
CED-9	hp_thomas_dill2	extend +1/-2	-64	11.0
CED-9	hp_thomas_dill2	extend +1/-2	-63	6.0
CED-9	hp_thomas_dill2	extend +1/-2	-62	11.0
CED-9	hp_thomas_dill2	extend +1/-2	-61	6.0
CED-9	hp_thomas_dill2	extend +1/-2	-60	7.0
CED-9	hp_thomas_dill2	extend +1/-2	-59	8.0
CED-9	hp_thomas_dill2	extend +1/-2	-58	9.0
CED-9	hp_thomas_dill2	extend +1/-2	-57	9.0
CED-9	hp_thomas_dill2	extend +1/-2	-56	11.0
CED-9	hp_thomas_dill2	extend +1/-2	-55	10.0
CED-9	hp_thomas_dill2	extend +1/-2	-54	6.0
CED-9	hp_thomas_dill2	extend +1/-2	-53	7.0
CED-9	hp_thomas_dill2	extend +1/-2	-52	8.0
CED-9	hp_thomas_dill2	extend +1/-2	-51	9.0
CED-9	hp_thomas_dill2	extend +1/-2	-50	12.0
CED-9	hp_thomas_dill2	extend +1/-2	-49	10.0
CED-9	hp_thomas_dill2	extend +1/-2	-48	13.0
CED-9	hp_thomas_dill2	extend +1/-2	-47	8.0
CED-9	hp_thomas_dill2	extend +1/-2	-46	10.0
CED-9	hp_thomas_dill2	extend +1/-2	-45	7.0
CED-9	hp_thomas_dill2	extend +1/-2	-44	10.0
CED-9	hp_thomas_dill2	extend +1/-2	-43	7.0
CED-9	hp_thomas_dill2	extend +1/-2	-42	14.0
CED-9	hp_thomas_dill2	extend +1/-2	-41	8.0
CED-9	hp_thomas_dill2	extend +1/-2	-40	11.0
CED-9	hp_thomas_dill2	extend +1/-2	-39	11.0
CED-9	hp_thomas_dill2	extend +1/-2	-38	9.0
CED-9	hp_thomas_dill2	extend +1/-2	-37	8.0
CED-9	hp_thomas_dill2	extend +1/-2	-36	12.0
CED-9	hp_thomas_dill2	extend +1/-2	-35	11.0
CED-9	hp_thomas_dill2	extend +1/-2	-34	6.0
CED-9	hp_thomas_dill2	extend +1/-2	-33	11.0
CED-9	hp_thomas_dill2	extend +1/-2	-32	10.0
CED-9	hp_thomas_dill2	extend +1/-2	-31	8.0
CED-9	hp_thomas_dill2	extend +1/-2	-30	9.0
CED-9	hp_thomas_dill2	extend +1/-2	-29	13.0
CED-9	hp_thomas_dill2	extend +1/-2	-28	7.0
CED-9	hp_thomas_dill2	extend +1/-2	-27	11.0
CED-9	hp_thomas_dill2	extend +1/-2	-26	13.0
CED-9	hp_thomas_dill2	extend +1/-2	-25	18.0
CED-9	hp_thomas_dill2	extend +1/-2	-24	18.0
CED-9	hp_thomas_dill2	extend +1/-2	-23	7.0
CED-9	hp_thomas_dill2	extend +1/-2	-22	14.0
CED-9	hp_thomas_dill2	extend +1/-2	-21	7.0
CED-9	hp_thomas_dill2	extend +1/-2	-20	8.0
CED-9	hp_thomas_dill2	extend +1/-2	-19	6.0
CED-9	hp_thomas_dill2	extend +1/-2	-18	8.0
CED-9	hp_thomas_dill2	extend +1/-2	-17	12.0
CED-9	hp_thomas_dill2	extend +1/-2	-16	6.0
CED-9	hp_thomas_dill2	extend +1/-2	-15	13.0
CED-9	hp_thomas_dill2	extend +1/-2	-14	4.0
CED-9	hp_thomas_dill2	extend +1/-2	-13	8.0
CED-9	hp_thomas_dill2	extend +1/-2	-12	7.0
CED-9	hp_thomas_dill2	extend +1/-2	-11	8.0
CED-9	hp_thomas_dill2	extend +1/-2	-10	9.0
CED-9	hp_thomas_dill2	extend +1/-2	-9	8.0
CED-9	hp_thomas_dill2	extend +1/-2	-8	7.0
CED-9	hp_thomas_dill2	extend +1/-2	-7	10.0
CED-9	hp_thomas_dill2	extend +1/-2	-6	10.0
CED-9	hp_thomas_dill2	extend +1/-2	-5	10.0
CED-9	hp_thomas_dill2	extend +1/-2	-4	11.0
CED-9	hp_thomas_dill2	extend +1/-2	-3	9.0
CED-9	hp_thomas_dill2	extend +1/-2	-2	9.0
CED-9	hp_thomas_dill2	extend +1/-2	-1	8.0
CED-9	hp_thomas_dill2	extend +1/-2	0	11.0
CED-9	hp_thomas_dill2	extend +1/-2	1	10.0
CED-9	hp_thomas_dill2	extend +1/-2	2	7.0
CED-9	hp_thomas_dill2	extend +1/-2	3	10.0
CED-9	hp_thomas_dill2	extend +1/-2	4	11.0
CED-9	hp_thomas_dill2	extend +1/-2	5	8.0
CED-9	hp_thomas_dill2	extend +1/-2	6	13.0
CED-9	hp_thomas_dill2	extend +1/-2	7	6.0
CED-9	hp_thomas_dill2	extend +1/-2	8	6.0
CED-9	hp_thomas_dill2	extend +1/-2	9	8.0
CED-9	hp_thomas_dill2	extend +1/-2	10	10.0
CED-9	hp_thomas_dill2	extend +1/-2	11	9.0
CED-9	hp_thomas_dill2	extend +1/-2	12	11.0
CED-9	hp_thomas_dill2	extend +1/-2	13	7.0
CED-9	hp_thomas_dill2	extend +1/-2	14	8.0
CED-9	hp_thomas_dill2	extend +1/-2	15	16.0
CED-9	hp_thomas_dill2	extend +1/-2	16	9.0
CED-9	hp_thomas_dill2	extend +1/-2	17	12.0
CED-9	hp_thomas_dill2	extend +1/-2	18	11.0
CED-9	hp_thomas_dill2	extend +1/-2	19	9.0
CED-9	hp_thomas_dill2	extend +1/-2	20	12.0
CED-9	hp_thomas_dill2	extend +1/-2	21	10.0
CED-9	hp_thomas_dill2	extend +1/-2	22	8.0
CED-9	hp_thomas_dill2	extend +1/-2	23	6.0
CED-9	hp_thomas_dill2	extend +1/-2	24	6.0
CED-9	hp_thomas_dill2	extend +1/-2	25	7.0
CED-9	hp_thomas_dill2	extend +1/-2	26	6.0
CED-9	hp_thomas_dill2	extend +1/-2	27	10.0
CED-9	hp_thomas_dill2	extend +1/-2	28	12.0
CED-9	hp_thomas_dill2	extend +1/-2	29	9.0
CED-9	hp_thomas_dill2	extend +1/-2	30	7.0
CED-9	hp_thomas_dill2	extend +1/-2	31	9.0
CED-9	hp_thomas_dill2	extend +1/-2	32	7.0
CED-9	hp_thomas_dill2	extend +1/-2	33	6.0
CED-9	hp_thomas_dill2	extend +1/-2	34	9.0
CED-9	hp_thomas_dill2	extend +1/-2	35	13.0
CED-9	hp_thomas_dill2	extend +1/-2	36	11.0
CED-9	hp_thomas_dill2	extend +1/-2	37	6.0
CED-9	hp_thomas_dill2	extend +1/-2	38	12.0
CED-9	hp_thomas_dill2	extend +1/-2	39	7.0
CED-9	hp_thomas_dill2	extend +1/-2	40	10.0
CED-9	hp_thomas_dill2	extend +1/-2	41	9.0
CED-9	hp_thomas_dill2	extend +1/-2	42	14.0
CED-9	hp_thomas_dill2	extend +1/-2	43	13.0
CED-9	hp_thomas_dill2	extend +1/-2	44	6.0
CED-9	hp_thomas_dill2	extend +1/-2	45	7.0
CED-9	hp_thomas_dill2	extend +1/-2	46	17.0
CED-9	hp_thomas_dill2	extend +1/-2	47	7.0
CED-9	hp_thomas_dill2	extend +1/-2	48	5.0
CED-9	hp_thomas_dill2	extend +1/-2	49	12.0
CED-9	hp_thomas_dill2	extend +1/-2	50	10.0
CED-9	hp_thomas_dill2	extend +1/-2	51	10.0
CED-9	hp_thomas_dill2	extend +1/-2	52	13.0
CED-9	hp_thomas_dill2	extend +1/-2	53	14.0
CED-9	hp_thomas_dill2	extend +1/-2	54	9.0
CED-9	hp_thomas_dill2	extend +1/-2	55	5.0
CED-9	hp_thomas_dill2	extend +1/-2	56	8.0
CED-9	hp_thomas_dill2	extend +1/-2	57	8.0
CED-9	hp_thomas_dill2	extend +1/-2	58	11.0
CED-9	hp_thomas_dill2	extend +1/-2	59	8.0
CED-9	hp_thomas_dill2	extend +1/-2	60	7.0
CED-9	hp_thomas_dill2	extend +1/-2	61	6.0
CED-9	hp_thomas_dill2	extend +1/-2	62	11.0
CED-9	hp_thomas_dill2	extend +1/-2	63	8.0
CED-9	hp_thomas_dill2	extend +1/-2	64	24.0
CED-9	hp_thomas_dill2	extend +1/-2	65	6.0
CED-9	hp_thomas_dill2	extend +1/-2	66	9.0
CED-9	hp_thomas_dill2	extend +1/-2	67	9.0
CED-9	hp_thomas_dill2	extend +1/-2	68	6.0
CED-9	hp_thomas_dill2	extend +1/-2	69	8.0
CED-9	hp_thomas_dill2	extend +1/-2	70	7.0
CED-9	hp_thomas_dill2	extend +1/-2	71	9.0
CED-9	hp_thomas_dill2	extend +1/-2	72	8.0
CED-9	hp_thomas_dill2	extend +1/-2	73	8.0
CED-9	hp_thomas_dill2	extend +1/-2	74	9.0
CED-9	hp_thomas_dill2	extend +1/-2	75	8.0
CED-9	hp_thomas_dill2	extend +1/-2	76	7.0
CED-9	hp_thomas_dill2	extend +1/-2	77	5.0
CED-9	hp_thomas_dill2	extend +1/-2	78	7.0
CED-9	hp_thomas_dill2	extend +1/-2	79	10.0
CED-9	hp_thomas_dill2	extend +1/-2	80	8.0
CED-9	hp_thomas_dill2	extend +1/-2	81	4.0
CED-9	hp_thomas_dill2	extend +1/-2	82	9.0
CED-9	hp_thomas_dill2	extend +1/-2	83	8.0
CED-9	hp_thomas_dill2	extend +1/-2	84	9.0
CED-9	hp_thomas_dill2	extend +1/-2	85	9.0
CED-9	hp_thomas_dill2	extend +1/-2	86	8.0
CED-9	hp_thomas_dill2	extend +1/-2	87	6.0
CED-9	hp_thomas_dill2	extend +1/-2	88	6.0
CED-9	hp_thomas_dill2	extend +1/-2	89	8.0
CED-9	hp_thomas_dill2	extend +1/-2	90	7.0
CED-9	hp_thomas_dill2	extend +1/-2	91	6.0
CED-9	hp_thomas_dill2	extend +1/-2	92	6.0
CED-9	hp_thomas_dill2	extend +1/-2	93	9.0
CED-9	hp_thomas_dill2	extend +1/-2	94	10.0
CED-9	hp_thomas_dill2	extend +1/-2	95	6.0
CED-9	hp_thomas_dill2	extend +1/-2	96	10.0
CED-9	hp_thomas_dill2	extend +1/-2	97	8.0
CED-9	hp_thomas_dill2	extend +1/-2	98	12.0
CED-9	hp_thomas_dill2	extend +1/-2	99	5.0
CED-9	hp_thomas_dill2	extend +1/-2	100	10.0
CED-9	hp_thomas_dill2	extend +1/-2	101	6.0
CED-9	hp_thomas_dill2	extend +1/-2	102	6.0
CED-9	hp_thomas_dill2	extend +1/-2	103	8.0
CED-9	hp_thomas_dill2	extend +1/-2	104	5.0
CED-9	hp_thomas_dill2	extend +1/-2	105	9.0
CED-9	hp_thomas_dill2	extend +1/-2	106	5.0
CED-9	hp_thomas_dill2	extend +1/-2	107	7.0
CED-9	hp_thomas_dill2	extend +1/-2	108	5.0
CED-9	hp_thomas_dill2	extend +1/-2	109	9.0
CED-9	hp_thomas_dill2	extend +1/-2	110	9.0
CED-9	hp_thomas_dill2	extend +1/-2	111	7.0
CED-9	hp_thomas_dill2	extend +1/-2	112	5.0
CED-9	hp_thomas_dill2	extend +1/-2	113	9.0
CED-9	hp_thomas_dill2	extend +1/-2	114	13.0
CED-9	hp_thomas_dill2	extend +1/-2	115	11.0
CED-9	hp_thomas_dill2	extend +1/-2	116	8.0
CED-9	hp_thomas_dill2	extend +1/-2	117	9.0
CED-9	hp_thomas_dill2	extend +1/-2	118	5.0
CED-9	hp_thomas_dill2	extend +1/-2	119	8.0
CED-9	hp_thomas_dill2	extend +1/-2	120	10.0
CED-9	hp_thomas_dill2	extend +1/-2	121	9.0
CED-9	hp_thomas_dill2	extend +1/-2	122	6.0
CED-9	hp_thomas_dill2	extend +1/-2	123	7.0
CED-9	hp_thomas_dill2	extend +1/-2	124	4.0
CED-9	hp_thomas_dill2	extend +1/-2	125	6.0
CED-9	hp_thomas_dill2	extend +1/-2	126	6.0
CED-9	hp_thomas_dill2	extend +1/-2	127	6.0
CED-9	hp_thomas_dill2	extend +1/-2	128	8.0
CED-9	hp_thomas_dill2	extend +1/-2	129	5.0
CED-9	hp_thomas_dill2	extend +1/-2	130	6.0
CED-9	hp_thomas_dill2	extend +1/-2	131	5.0
CED-9	hp_thomas_dill2	extend +1/-2	132	6.0
CED-9	hp_thomas_dill2	extend +1/-2	133	7.0
CED-9	hp_thomas_dill2	extend +1/-2	134	5.0
CED-9	hp_thomas_dill2	extend +1/-2	135	7.0
CED-9	hp_thomas_dill2	extend +1/-2	136	8.0
CED-9	hp_thomas_dill2	extend +1/-2	137	7.0
CED-9	hp_thomas_dill2	extend +1/-2	138	7.0
CED-9	hp_thomas_dill2	extend +1/-2	139	4.0
CED-9	hp_thomas_dill2	extend +1/-2	140	13.0
CED-9	hp_thomas_dill2	extend +1/-2	141	10.0
CED-9	hp_thomas_dill2	extend +1/-2	142	4.0
CED-9	hp_thomas_dill2	extend +1/-2	143	4.0
CED-9	hp_thomas_dill2	extend +1/-2	144	6.0
CED-9	hp_thomas_dill2	extend +1/-2	145	6.0
CED-9	hp_thomas_dill2	extend +1/-2	146	5.0
CED-9	hp_thomas_dill2	extend +1/-2	147	5.0
CED-9	hp_thomas_dill2	extend +1/-2	148	5.0
CED-9	hp_thomas_dill2	extend +1/-2	149	6.0
CED-9	hp_thomas_dill2	extend +1/-2	150	7.0
CED-9	hp_thomas_dill2	extend +1/-2	151	6.0
CED-9	hp_thomas_dill2	extend +1/-2	152	8.0
CED-9	hp_thomas_dill2	extend +1/-2	153	4.0
CED-9	hp_thomas_dill2	extend +1/-2	154	5.0
CED-9	hp_thomas_dill2	extend +1/-2	155	6.0
CED-9	hp_thomas_dill2	extend +1/-2	156	8.0
CED-9	hp_thomas_dill2	extend +1/-2	157	6.0
CED-9	hp_thomas_dill2	extend +1/-2	158	6.0
CED-9	hp_thomas_dill2	extend +1/-2	159	5.0
CED-9	hp_thomas_dill2	extend +1/-2	160	15.0
CED-9	hp_thomas_dill2	extend +1/-2	161	8.0
CED-9	hp_thomas_dill2	extend +1/-2	162	4.0
CED-9	hp_thomas_dill2	extend +1/-2	163	4.0
CED-9	hp_thomas_dill2	extend +1/-2	164	4.0
CED-9	hp_thomas_dill2	extend +1/-2	165	4.0
CED-9	hp_thomas_dill2	extend +1/-2	166	7.0
CED-9	hp_thomas_dill2	extend +1/-2	167	5.0
CED-9	hp_thomas_dill2	extend +1/-2	168	7.0
CED-9	hp_thomas_dill2	extend +1/-2	169	4.0
CED-9	hp_thomas_dill2	extend +1/-2	170	9.0
CED-9	hp_thomas_dill2	extend +1/-2	171	6.0
CED-9	hp_thomas_dill2	extend +1/-2	172	5.0
CED-9	hp_thomas_dill2	extend +1/-2	173	4.0
CED-9	hp_thomas_dill2	extend +1/-2	174	8.0
CED-9	hp_thomas_dill2	extend +1/-2	175	9.0
CED-9	hp_thomas_dill2	extend +1/-2	176	5.0
CED-9	hp_thomas_dill2	extend +1/-2	177	3.0
CED-9	hp_thomas_dill2	extend +1/-2	178	3.0
CED-9	hp_thomas_dill2	extend +1/-2	179	6.0
CED-9	hp_thomas_dill2	extend +1/-2	180	3.0
CED-9	hp_thomas_dill2	extend +1/-2	181	14.0
CED-9	hp_thomas_dill2	extend +1/-2	182	3.0
CED-9	hp_thomas_dill2	extend +1/-2	183	4.0
CED-9	hp_thomas_dill2	extend +1/-2	184	4.0
CED-9	hp_thomas_dill2	extend +1/-2	185	5.0
CED-9	hp_thomas_dill2	extend +1/-2	186	7.0
CED-9	hp_thomas_dill2	extend +1/-2	187	6.0
CED-9	hp_thomas_dill2	extend +1/-2	188	4.0
CED-9	hp_thomas_dill2	extend +1/-2	189	5.0
CED-9	hp_thomas_dill2	extend +1/-2	190	2.0
CED-9	hp_thomas_dill2	extend +1/-2	191	5.0
CED-9	hp_thomas_dill2	extend +1/-2	192	8.0
CED-9	hp_thomas_dill2	extend +1/-2	193	4.0
CED-9	hp_thomas_dill2	extend +1/-2	194	4.0
CED-9	hp_thomas_dill2	extend +1/-2	195	5.0
CED-9	hp_thomas_dill2	extend +1/-2	196	7.0
CED-9	hp_thomas_dill2	extend +1/-2	197	4.0
CED-9	hp_thomas_dill2	extend +1/-2	198	2.0
CED-9	hp_thomas_dill2	extend +1/-2	199	3.0
CED-9	hp_thomas_dill2	extend +1/-2	200	9.0
CED-9	hp_thomas_dill2	extend +1/-2	201	5.0
CED-9	hp_thomas_dill2	extend +1/-2	202	4.0
CED-9	hp_thomas_dill2	extend +1/-2	203	3.0
CED-9	hp_thomas_dill2	extend +1/-2	204	3.0
CED-9	hp_thomas_dill2	extend +1/-2	205	4.0
CED-9	hp_thomas_dill2	extend +1/-2	206	5.0
CED-9	hp_thomas_dill2	extend +1/-2	207	4.0
CED-9	hp_thomas_dill2	extend +1/-2	208	4.0
CED-9	hp_thomas_dill2	extend +1/-2	209	3.0
CED-9	hp_thomas_dill2	extend +1/-2	210	3.0
CED-9	hp_thomas_dill2	extend +1/-2	211	5.0
CED-9	hp_thomas_dill2	extend +1/-2	212	2.0
CED-9	hp_thomas_dill2	extend +1/-2	213	3.0
CED-9	hp_thomas_dill2	extend +1/-2	214	3.0
CED-9	hp_thomas_dill2	extend +1/-2	215	5.0
CED-9	hp_thomas_dill2	extend +1/-2	216	4.0
CED-9	hp_thomas_dill2	extend +1/-2	217	3.0
CED-9	hp_thomas_dill2	extend +1/-2	218	2.0
CED-9	hp_thomas_dill2	extend +1/-2	219	2.0
CED-9	hp_thomas_dill2	extend +1/-2	220	4.0
CED-9	hp_thomas_dill2	extend +1/-2	221	5.0
CED-9	hp_thomas_dill2	extend +1/-2	222	3.0
CED-9	hp_thomas_dill2	extend +1/-2	223	1.0
CED-9	hp_thomas_dill2	extend +1/-2	224	2.0
CED-9	hp_thomas_dill2	extend +1/-2	225	2.0
CED-9	hp_thomas_dill2	extend +1/-2	226	4.0
CED-9	hp_thomas_dill2	extend +1/-2	227	2.0
CED-9	hp_thomas_dill2	extend +1/-2	228	4.0
CED-9	hp_thomas_dill2	extend +1/-2	229	2.0
CED-9	hp_thomas_dill2	extend +1/-2	230	4.0
CED-9	hp_thomas_dill2	extend +1/-2	231	2.0
CED-9	hp_thomas_dill2	extend +1/-2	232	2.0
CED-9	hp_thomas_dill2	extend +1/-2	233	1.0
CED-9	hp_thomas_dill2	extend +1/-2	234	1.0
CED-9	hp_thomas_dill2	extend +1/-2	235	3.0
CED-9	hp_thomas_dill2	extend +1/-2	236	2.0
CED-9	hp_thomas_dill2	extend +1/-2	237	1.0
CED-9	hp_lehninger2	exact k=8	-235	2.0
CED-9	hp_lehninger2	exact k=8	-229	1.0
CED-9	hp_lehninger2	exact k=8	-228	2.0
CED-9	hp_lehninger2	exact k=8	-227	3.0
CED-9	hp_lehninger2	exact k=8	-226	7.0
CED-9	hp_lehninger2	exact k=8	-225	4.0
CED-9	hp_lehninger2	exact k=8	-224	4.0
CED-9	hp_lehninger2	exact k=8	-223	5.0
CED-9	hp_lehninger2	exact k=8	-222	5.0
CED-9	hp_lehninger2	exact k=8	-221	3.0
CED-9	hp_lehninger2	exact k=8	-220	2.0
CED-9	hp_lehninger2	exact k=8	-219	2.0
CED-9	hp_lehninger2	exact k=8	-189	1.0
CED-9	hp_lehninger2	exact k=8	-188	2.0
CED-9	hp_lehninger2	exact k=8	-187	3.0
CED-9	hp_lehninger2	exact k=8	-186	5.0
CED-9	hp_lehninger2	exact k=8	-185	6.0
CED-9	hp_lehninger2	exact k=8	-184	3.0
CED-9	hp_lehninger2	exact k=8	-183	2.0
CED-9	hp_lehninger2	exact k=8	-182	1.0
CED-9	hp_lehninger2	exact k=8	-181	1.0
CED-9	hp_lehninger2	exact k=8	-178	3.0
CED-9	hp_lehninger2	exact k=8	-173	6.0
CED-9	hp_lehninger2	exact k=8	-166	3.0
CED-9	hp_lehninger2	exact k=8	-148	1.0
CED-9	hp_lehninger2	exact k=8	-145	1.0
CED-9	hp_lehninger2	exact k=8	-144	3.0
CED-9	hp_lehninger2	exact k=8	-143	3.0
CED-9	hp_lehninger2	exact k=8	-142	3.0
CED-9	hp_lehninger2	exact k=8	-139	2.0
CED-9	hp_lehninger2	exact k=8	-136	3.0
CED-9	hp_lehninger2	exact k=8	-134	1.0
CED-9	hp_lehninger2	exact k=8	-132	1.0
CED-9	hp_lehninger2	exact k=8	-127	5.0
CED-9	hp_lehninger2	exact k=8	-114	3.0
CED-9	hp_lehninger2	exact k=8	-108	4.0
CED-9	hp_lehninger2	exact k=8	-106	3.0
CED-9	hp_lehninger2	exact k=8	-104	1.0
CED-9	hp_lehninger2	exact k=8	-102	3.0
CED-9	hp_lehninger2	exact k=8	-98	2.0
CED-9	hp_lehninger2	exact k=8	-97	3.0
CED-9	hp_lehninger2	exact k=8	-94	2.0
CED-9	hp_lehninger2	exact k=8	-90	3.0
CED-9	hp_lehninger2	exact k=8	-89	5.0
CED-9	hp_lehninger2	exact k=8	-88	3.0
CED-9	hp_lehninger2	exact k=8	-86	1.0
CED-9	hp_lehninger2	exact k=8	-83	3.0
CED-9	hp_lehninger2	exact k=8	-81	1.0
CED-9	hp_lehninger2	exact k=8	-69	4.0
CED-9	hp_lehninger2	exact k=8	-67	6.0
CED-9	hp_lehninger2	exact k=8	-64	5.0
CED-9	hp_lehninger2	exact k=8	-63	2.0
CED-9	hp_lehninger2	exact k=8	-62	1.0
CED-9	hp_lehninger2	exact k=8	-61	2.0
CED-9	hp_lehninger2	exact k=8	-60	2.0
CED-9	hp_lehninger2	exact k=8	-59	1.0
CED-9	hp_lehninger2	exact k=8	-58	1.0
CED-9	hp_lehninger2	exact k=8	-57	2.0
CED-9	hp_lehninger2	exact k=8	-55	2.0
CED-9	hp_lehninger2	exact k=8	-52	2.0
CED-9	hp_lehninger2	exact k=8	-50	1.0
CED-9	hp_lehninger2	exact k=8	-49	3.0
CED-9	hp_lehninger2	exact k=8	-48	1.0
CED-9	hp_lehninger2	exact k=8	-44	2.0
CED-9	hp_lehninger2	exact k=8	-43	5.0
CED-9	hp_lehninger2	exact k=8	-38	2.0
CED-9	hp_lehninger2	exact k=8	-36	2.0
CED-9	hp_lehninger2	exact k=8	-32	1.0
CED-9	hp_lehninger2	exact k=8	-31	4.0
CED-9	hp_lehninger2	exact k=8	-30	2.0
CED-9	hp_lehninger2	exact k=8	-29	1.0
CED-9	hp_lehninger2	exact k=8	-26	1.0
CED-9	hp_lehninger2	exact k=8	-25	2.0
CED-9	hp_lehninger2	exact k=8	-24	15.0
CED-9	hp_lehninger2	exact k=8	-23	2.0
CED-9	hp_lehninger2	exact k=8	-22	4.0
CED-9	hp_lehninger2	exact k=8	-21	1.0
CED-9	hp_lehninger2	exact k=8	-20	4.0
CED-9	hp_lehninger2	exact k=8	-19	1.0
CED-9	hp_lehninger2	exact k=8	-18	6.0
CED-9	hp_lehninger2	exact k=8	-15	7.0
CED-9	hp_lehninger2	exact k=8	-13	1.0
CED-9	hp_lehninger2	exact k=8	-11	3.0
CED-9	hp_lehninger2	exact k=8	-9	1.0
CED-9	hp_lehninger2	exact k=8	-6	1.0
CED-9	hp_lehninger2	exact k=8	-4	2.0
CED-9	hp_lehninger2	exact k=8	-3	2.0
CED-9	hp_lehninger2	exact k=8	-2	2.0
CED-9	hp_lehninger2	exact k=8	4	2.0
CED-9	hp_lehninger2	exact k=8	7	2.0
CED-9	hp_lehninger2	exact k=8	9	1.0
CED-9	hp_lehninger2	exact k=8	15	2.0
CED-9	hp_lehninger2	exact k=8	16	5.0
CED-9	hp_lehninger2	exact k=8	20	1.0
CED-9	hp_lehninger2	exact k=8	24	1.0
CED-9	hp_lehninger2	exact k=8	26	2.0
CED-9	hp_lehninger2	exact k=8	27	1.0
CED-9	hp_lehninger2	exact k=8	28	3.0
CED-9	hp_lehninger2	exact k=8	35	1.0
CED-9	hp_lehninger2	exact k=8	45	2.0
CED-9	hp_lehninger2	exact k=8	46	2.0
CED-9	hp_lehninger2	exact k=8	48	3.0
CED-9	hp_lehninger2	exact k=8	52	3.0
CED-9	hp_lehninger2	exact k=8	53	2.0
CED-9	hp_lehninger2	exact k=8	54	1.0
CED-9	hp_lehninger2	exact k=8	55	1.0
CED-9	hp_lehninger2	exact k=8	62	1.0
CED-9	hp_lehninger2	exact k=8	64	4.0
CED-9	hp_lehninger2	exact k=8	72	3.0
CED-9	hp_lehninger2	exact k=8	79	2.0
CED-9	hp_lehninger2	exact k=8	86	2.0
CED-9	hp_lehninger2	exact k=8	89	1.0
CED-9	hp_lehninger2	exact k=8	92	1.0
CED-9	hp_lehninger2	exact k=8	93	2.0
CED-9	hp_lehninger2	exact k=8	98	2.0
CED-9	hp_lehninger2	exact k=8	102	1.0
CED-9	hp_lehninger2	exact k=8	103	1.0
CED-9	hp_lehninger2	exact k=8	105	1.0
CED-9	hp_lehninger2	exact k=8	106	1.0
CED-9	hp_lehninger2	exact k=8	119	1.0
CED-9	hp_lehninger2	exact k=8	122	1.0
CED-9	hp_lehninger2	exact k=8	124	4.0
CED-9	hp_lehninger2	exact k=8	126	4.0
CED-9	hp_lehninger2	exact k=8	133	1.0
CED-9	hp_lehninger2	exact k=8	140	4.0
CED-9	hp_lehninger2	exact k=8	150	1.0
CED-9	hp_lehninger2	exact k=8	156	1.0
CED-9	hp_lehninger2	exact k=8	172	1.0
CED-9	hp_lehninger2	exact k=8	173	1.0
CED-9	hp_lehninger2	exact k=8	175	2.0
CED-9	hp_lehninger2	exact k=8, scaled 2	-235	2.0
CED-9	hp_lehninger2	exact k=8, scaled 2	-229	1.0
CED-9	hp_lehninger2	exact k=8, scaled 2	-228	2.0
CED-9	hp_lehninger2	exact k=8, scaled 2	-227	3.0
CED-9	hp_lehninger2	exact k=8, scaled 2	-226	5.0
CED-9	hp_lehninger2	exact k=8, scaled 2	-225	4.0
CED-9	hp_lehninger2	exact k=8, scaled 2	-224	4.0
CED-9	hp_lehninger2	exact k=8, scaled 2	-223	4.0
CED-9	hp_lehninger2	exact k=8, scaled 2	-222	4.0
CED-9	hp_lehninger2	exact k=8, scaled 2	-221	3.0
CED-9	hp_lehninger2	exact k=8, scaled 2	-220	2.0
CED-9	hp_lehninger2	exact k=8, scaled 2	-219	1.0
CED-9	hp_lehninger2	exact k=8, scaled 2	-189	1.0
CED-9	hp_lehninger2	exact k=8, scaled 2	-188	2.0
CED-9	hp_lehninger2	exact k=8, scaled 2	-187	3.0
CED-9	hp_lehninger2	exact k=8, scaled 2	-186	4.0
CED-9	hp_lehninger2	exact k=8, scaled 2	-185	4.0
CED-9	hp_lehninger2	exact k=8, scaled 2	-184	3.0
CED-9	hp_lehninger2	exact k=8, scaled 2	-183	2.0
CED-9	hp_lehninger2	exact k=8, scaled 2	-182	1.0
CED-9	hp_lehninger2	exact k=8, scaled 2	-178	1.0
CED-9	hp_lehninger2	exact k=8, scaled 2	-173	1.0
CED-9	hp_lehninger2	exact k=8, scaled 2	-145	1.0
CED-9	hp_lehninger2	exact k=8, scaled 2	-144	1.0
CED-9	hp_lehninger2	exact k=8, scaled 2	-143	2.0
CED-9	hp_lehninger2	exact k=8, scaled 2	-142	1.0
CED-9	hp_lehninger2	exact k=8, scaled 2	-139	1.0
CED-9	hp_lehninger2	exact k=8, scaled 2	-136	2.0
CED-9	hp_lehninger2	exact k=8, scaled 2	-127	2.0
CED-9	hp_lehninger2	exact k=8, scaled 2	-114	2.0
CED-9	hp_lehninger2	exact k=8, scaled 2	-108	1.0
CED-9	hp_lehninger2	exact k=8, scaled 2	-106	1.0
CED-9	hp_lehninger2	exact k=8, scaled 2	-102	2.0
CED-9	hp_lehninger2	exact k=8, scaled 2	-98	1.0
CED-9	hp_lehninger2	exact k=8, scaled 2	-90	2.0
CED-9	hp_lehninger2	exact k=8, scaled 2	-89	1.0
CED-9	hp_lehninger2	exact k=8, scaled 2	-88	2.0
CED-9	hp_lehninger2	exact k=8, scaled 2	-83	2.0
CED-9	hp_lehninger2	exact k=8, scaled 2	-69	2.0
CED-9	hp_lehninger2	exact k=8, scaled 2	-67	4.0
CED-9	hp_lehninger2	exact k=8, scaled 2	-64	3.0
CED-9	hp_lehninger2	exact k=8, scaled 2	-63	2.0
CED-9	hp_lehninger2	exact k=8, scaled 2	-62	1.0
CED-9	hp_lehninger2	exact k=8, scaled 2	-61	2.0
CED-9	hp_lehninger2	exact k=8, scaled 2	-60	1.0
CED-9	hp_lehninger2	exact k=8, scaled 2	-59	1.0
CED-9	hp_lehninger2	exact k=8, scaled 2	-58	1.0
CED-9	hp_lehninger2	exact k=8, scaled 2	-57	1.0
CED-9	hp_lehninger2	exact k=8, scaled 2	-55	2.0
CED-9	hp_lehninger2	exact k=8, scaled 2	-52	1.0
CED-9	hp_lehninger2	exact k=8, scaled 2	-49	1.0
CED-9	hp_lehninger2	exact k=8, scaled 2	-43	3.0
CED-9	hp_lehninger2	exact k=8, scaled 2	-38	1.0
CED-9	hp_lehninger2	exact k=8, scaled 2	-30	1.0
CED-9	hp_lehninger2	exact k=8, scaled 2	-26	1.0
CED-9	hp_lehninger2	exact k=8, scaled 2	-24	7.0
CED-9	hp_lehninger2	exact k=8, scaled 2	-23	2.0
CED-9	hp_lehninger2	exact k=8, scaled 2	-22	2.0
CED-9	hp_lehninger2	exact k=8, scaled 2	-21	1.0
CED-9	hp_lehninger2	exact k=8, scaled 2	-20	1.0
CED-9	hp_lehninger2	exact k=8, scaled 2	-18	3.0
CED-9	hp_lehninger2	exact k=8, scaled 2	-15	3.0
CED-9	hp_lehninger2	exact k=8, scaled 2	-11	1.0
CED-9	hp_lehninger2	exact k=8, scaled 2	-6	1.0
CED-9	hp_lehninger2	exact k=8, scaled 2	-4	1.0
CED-9	hp_lehninger2	exact k=8, scaled 2	-3	2.0
CED-9	hp_lehninger2	exact k=8, scaled 2	4	1.0
CED-9	hp_lehninger2	exact k=8, scaled 2	7	1.0
CED-9	hp_lehninger2	exact k=8, scaled 2	16	5.0
CED-9	hp_lehninger2	exact k=8, scaled 2	20	1.0
CED-9	hp_lehninger2	exact k=8, scaled 2	26	1.0
CED-9	hp_lehninger2	exact k=8, scaled 2	27	1.0
CED-9	hp_lehninger2	exact k=8, scaled 2	35	1.0
CED-9	hp_lehninger2	exact k=8, scaled 2	46	1.0
CED-9	hp_lehninger2	exact k=8, scaled 2	48	2.0
CED-9	hp_lehninger2	exact k=8, scaled 2	52	2.0
CED-9	hp_lehninger2	exact k=8, scaled 2	53	1.0
CED-9	hp_lehninger2	exact k=8, scaled 2	54	1.0
CED-9	hp_lehninger2	exact k=8, scaled 2	62	1.0
CED-9	hp_lehninger2	exact k=8, scaled 2	64	2.0
CED-9	hp_lehninger2	exact k=8, scaled 2	72	1.0
CED-9	hp_lehninger2	exact k=8, scaled 2	79	1.0
CED-9	hp_lehninger2	exact k=8, scaled 2	86	1.0
CED-9	hp_lehninger2	exact k=8, scaled 2	92	1.0
CED-9	hp_lehninger2	exact k=8, scaled 2	93	1.0
CED-9	hp_lehninger2	exact k=8, scaled 2	102	1.0
CED-9	hp_lehninger2	exact k=8, scaled 2	105	1.0
CED-9	hp_lehninger2	exact k=8, scaled 2	119	1.0
CED-9	hp_lehninger2	exact k=8, scaled 2	124	3.0
CED-9	hp_lehninger2	exact k=8, scaled 2	150	1.0
CED-9	hp_lehninger2	exact k=8, scaled 2	172	1.0
CED-9	hp_lehninger2	exact k=8, scaled 2	173	1.0
CED-9	hp_lehninger2	exact k=10	-227	1.0
CED-9	hp_lehninger2	exact k=10	-226	5.0
CED-9	hp_lehninger2	exact k=10	-225	2.0
CED-9	hp_lehninger2	exact k=10	-224	2.0
CED-9	hp_lehninger2	exact k=10	-223	2.0
CED-9	hp_lehninger2	exact k=10	-222	3.0
CED-9	hp_lehninger2	exact k=10	-221	1.0
CED-9	hp_lehninger2	exact k=10	-187	1.0
CED-9	hp_lehninger2	exact k=10	-186	3.0
CED-9	hp_lehninger2	exact k=10	-185	4.0
CED-9	hp_lehninger2	exact k=10	-184	1.0
CED-9	hp_lehninger2	exact k=10	-178	1.0
CED-9	hp_lehninger2	exact k=10	-173	4.0
CED-9	hp_lehninger2	exact k=10	-166	1.0
CED-9	hp_lehninger2	exact k=10	-144	1.0
CED-9	hp_lehninger2	exact k=10	-143	1.0
CED-9	hp_lehninger2	exact k=10	-142	1.0
CED-9	hp_lehninger2	exact k=10	-136	1.0
CED-9	hp_lehninger2	exact k=10	-127	3.0
CED-9	hp_lehninger2	exact k=10	-108	2.0
CED-9	hp_lehninger2	exact k=10	-106	1.0
CED-9	hp_lehninger2	exact k=10	-97	1.0
CED-9	hp_lehninger2	exact k=10	-89	3.0
CED-9	hp_lehninger2	exact k=10	-88	1.0
CED-9	hp_lehninger2	exact k=10	-67	4.0
CED-9	hp_lehninger2	exact k=10	-64	3.0
CED-9	hp_lehninger2	exact k=10	-49	1.0
CED-9	hp_lehninger2	exact k=10	-43	3.0
CED-9	hp_lehninger2	exact k=10	-31	1.0
CED-9	hp_lehninger2	exact k=10	-24	10.0
CED-9	hp_lehninger2	exact k=10	-22	1.0
CED-9	hp_lehninger2	exact k=10	-20	2.0
CED-9	hp_lehninger2	exact k=10	-18	2.0
CED-9	hp_lehninger2	exact k=10	-15	5.0
CED-9	hp_lehninger2	exact k=10	16	3.0
CED-9	hp_lehninger2	exact k=10	64	2.0
CED-9	hp_lehninger2	exact k=10	72	1.0
CED-9	hp_lehninger2	exact k=10	124	2.0
CED-9	hp_lehninger2	exact k=10	126	2.0
CED-9	hp_lehninger2	exact k=10	140	2.0
CED-9	hp_lehninger2	exact k=10, scaled 2	-226	1.0
CED-9	hp_lehninger2	exact k=10, scaled 2	-178	1.0
CED-9	hp_lehninger2	exact k=10, scaled 2	-173	2.0
CED-9	hp_lehninger2	exact k=10, scaled 2	-166	1.0
CED-9	hp_lehninger2	exact k=10, scaled 2	-144	1.0
CED-9	hp_lehninger2	exact k=10, scaled 2	-143	1.0
CED-9	hp_lehninger2	exact k=10, scaled 2	-142	1.0
CED-9	hp_lehninger2	exact k=10, scaled 2	-127	2.0
CED-9	hp_lehninger2	exact k=10, scaled 2	-108	1.0
CED-9	hp_lehninger2	exact k=10, scaled 2	-106	1.0
CED-9	hp_lehninger2	exact k=10, scaled 2	-89	2.0
CED-9	hp_lehninger2	exact k=10, scaled 2	-67	3.0
CED-9	hp_lehninger2	exact k=10, scaled 2	-64	1.0
CED-9	hp_lehninger2	exact k=10, scaled 2	-49	1.0
CED-9	hp_lehninger2	exact k=10, scaled 2	-43	2.0
CED-9	hp_lehninger2	exact k=10, scaled 2	-31	1.0
CED-9	hp_lehninger2	exact k=10, scaled 2	-24	3.0
CED-9	hp_lehninger2	exact k=10, scaled 2	-18	1.0
CED-9	hp_lehninger2	exact k=10, scaled 2	-15	2.0
CED-9	hp_lehninger2	exact k=10, scaled 2	64	2.0
CED-9	hp_lehninger2	exact k=12	-226	3.0
CED-9	hp_lehninger2	exact k=12	-222	1.0
CED-9	hp_lehninger2	exact k=12	-186	1.0
CED-9	hp_lehninger2	exact k=12	-185	2.0
CED-9	hp_lehninger2	exact k=12	-173	2.0
CED-9	hp_lehninger2	exact k=12	-127	1.0
CED-9	hp_lehninger2	exact k=12	-89	1.0
CED-9	hp_lehninger2	exact k=12	-67	2.0
CED-9	hp_lehninger2	exact k=12	-64	1.0
CED-9	hp_lehninger2	exact k=12	-43	1.0
CED-9	hp_lehninger2	exact k=12	-24	8.0
CED-9	hp_lehninger2	exact k=12	-15	3.0
CED-9	hp_lehninger2	exact k=12	16	1.0
CED-9	hp_lehninger2	exact k=12, scaled 2	-226	2.0
CED-9	hp_lehninger2	exact k=12, scaled 2	-222	1.0
CED-9	hp_lehninger2	exact k=12, scaled 2	-185	1.0
CED-9	hp_lehninger2	exact k=12, scaled 2	-127	1.0
CED-9	hp_lehninger2	exact k=12, scaled 2	-67	2.0
CED-9	hp_lehninger2	exact k=12, scaled 2	-64	1.0
CED-9	hp_lehninger2	exact k=12, scaled 2	-24	3.0
CED-9	hp_lehninger2	exact k=12, scaled 2	-15	1.0
CED-9	hp_lehninger2	exact k=14	-226	1.0
CED-9	hp_lehninger2	exact k=14	-24	6.0
CED-9	hp_lehninger2	exact k=14	-15	1.0
CED-9	hp_lehninger2	exact k=14, scaled 2	-226	1.0
CED-9	hp_lehninger2	exact k=14, scaled 2	-24	2.0
CED-9	hp_lehninger2	exact k=16	-24	4.0
CED-9	hp_lehninger2	exact k=16, scaled 2	-24	3.0
CED-9	hp_lehninger2	exact k=18	-24	2.0
CED-9	hp_lehninger2	exact k=18, scaled 2	-24	1.0
CED-9	hp_lehninger2	spaced 11011011011011011	-223	1.0
CED-9	hp_lehninger2	spaced 11011011011011011	-219	1.0
CED-9	hp_lehninger2	spaced 11011011011011011	-180	1.0
CED-9	hp_lehninger2	spaced 11011011011011011	-179	1.0
CED-9	hp_lehninger2	spaced 11011011011011011	-177	1.0
CED-9	hp_lehninger2	spaced 11011011011011011	-133	1.0
CED-9	hp_lehninger2	spaced 11011011011011011	-114	4.0
CED-9	hp_lehninger2	spaced 11011011011011011	-89	2.0
CED-9	hp_lehninger2	spaced 11011011011011011	-64	2.0
CED-9	hp_lehninger2	spaced 11011011011011011	-62	1.0
CED-9	hp_lehninger2	spaced 11011011011011011	-42	1.0
CED-9	hp_lehninger2	spaced 11011011011011011	-24	5.0
CED-9	hp_lehninger2	spaced 11011011011011011	-20	1.0
CED-9	hp_lehninger2	spaced 11011011011011011	22	1.0
CED-9	hp_lehninger2	spaced 11011011011011011	48	1.0
CED-9	hp_lehninger2	spaced 11011011011011011, scaled 2	-219	1.0
CED-9	hp_lehninger2	spaced 11011011011011011, scaled 2	-180	1.0
CED-9	hp_lehninger2	spaced 11011011011011011, scaled 2	-177	1.0
CED-9	hp_lehninger2	spaced 11011011011011011, scaled 2	-114	2.0
CED-9	hp_lehninger2	spaced 11011011011011011, scaled 2	-64	1.0
CED-9	hp_lehninger2	spaced 11011011011011011, scaled 2	-62	1.0
CED-9	hp_lehninger2	spaced 11011011011011011, scaled 2	-24	2.0
CED-9	hp_lehninger2	spaced 11011011011011011, scaled 2	22	1.0
CED-9	hp_lehninger2	spaced 11011011011011011011011	-114	2.0
CED-9	hp_lehninger2	spaced 11011011011011011011011	-24	1.0
CED-9	hp_lehninger2	spaced 11011011011011011011011, scaled 2	-114	2.0
CED-9	hp_lehninger2	spaced 10101010101010101010101	-136	1.0
CED-9	hp_lehninger2	spaced 10101010101010101010101	-93	4.0
CED-9	hp_lehninger2	spaced 10101010101010101010101	-85	4.0
CED-9	hp_lehninger2	spaced 10101010101010101010101	-69	1.0
CED-9	hp_lehninger2	spaced 10101010101010101010101	-62	3.0
CED-9	hp_lehninger2	spaced 10101010101010101010101	53	4.0
CED-9	hp_lehninger2	spaced 10101010101010101010101	55	2.0
CED-9	hp_lehninger2	spaced 10101010101010101010101	93	4.0
CED-9	hp_lehninger2	spaced 10101010101010101010101	125	1.0
CED-9	hp_lehninger2	spaced 10101010101010101010101, scaled 2	-93	1.0
CED-9	hp_lehninger2	spaced 10101010101010101010101, scaled 2	-85	3.0
CED-9	hp_lehninger2	spaced 10101010101010101010101, scaled 2	-69	1.0
CED-9	hp_lehninger2	spaced 10101010101010101010101, scaled 2	-62	2.0
CED-9	hp_lehninger2	spaced 10101010101010101010101, scaled 2	53	4.0
CED-9	hp_lehninger2	spaced 10101010101010101010101, scaled 2	55	1.0
CED-9	hp_lehninger2	spaced 10101010101010101010101, scaled 2	93	2.0
CED-9	hp_lehninger2	spaced 10101010101010101010101, scaled 2	125	1.0
CED-9	hp_lehninger2	spaced 111010010100110111	-224	1.0
CED-9	hp_lehninger2	spaced 111010010100110111	-222	1.0
CED-9	hp_lehninger2	spaced 111010010100110111	-187	1.0
CED-9	hp_lehninger2	spaced 111010010100110111	-178	3.0
CED-9	hp_lehninger2	spaced 111010010100110111	-177	1.0
CED-9	hp_lehninger2	spaced 111010010100110111	-169	1.0
CED-9	hp_lehninger2	spaced 111010010100110111	-138	1.0
CED-9	hp_lehninger2	spaced 111010010100110111	-136	1.0
CED-9	hp_lehninger2	spaced 111010010100110111	-133	1.0
CED-9	hp_lehninger2	spaced 111010010100110111	-129	1.0
CED-9	hp_lehninger2	spaced 111010010100110111	-123	1.0
CED-9	hp_lehninger2	spaced 111010010100110111	-120	1.0
CED-9	hp_lehninger2	spaced 111010010100110111	-112	1.0
CED-9	hp_lehninger2	spaced 111010010100110111	-97	1.0
CED-9	hp_lehninger2	spaced 111010010100110111	-94	2.0
CED-9	hp_lehninger2	spaced 111010010100110111	-90	1.0
CED-9	hp_lehninger2	spaced 111010010100110111	-85	1.0
CED-9	hp_lehninger2	spaced 111010010100110111	-62	1.0
CED-9	hp_lehninger2	spaced 111010010100110111	-60	1.0
CED-9	hp_lehninger2	spaced 111010010100110111	-46	1.0
CED-9	hp_lehninger2	spaced 111010010100110111	-41	1.0
CED-9	hp_lehninger2	spaced 111010010100110111	-30	1.0
CED-9	hp_lehninger2	spaced 111010010100110111	-25	1.0
CED-9	hp_lehninger2	spaced 111010010100110111	-24	3.0
CED-9	hp_lehninger2	spaced 111010010100110111	-21	2.0
CED-9	hp_lehninger2	spaced 111010010100110111	-20	1.0
CED-9	hp_lehninger2	spaced 111010010100110111	-18	1.0
CED-9	hp_lehninger2	spaced 111010010100110111	22	1.0
CED-9	hp_lehninger2	spaced 111010010100110111	45	1.0
CED-9	hp_lehninger2	spaced 111010010100110111	48	1.0
CED-9	hp_lehninger2	spaced 111010010100110111	49	1.0
CED-9	hp_lehninger2	spaced 111010010100110111	51	2.0
CED-9	hp_lehninger2	spaced 111010010100110111	53	1.0
CED-9	hp_lehninger2	spaced 111010010100110111	55	1.0
CED-9	hp_lehninger2	spaced 111010010100110111	69	1.0
CED-9	hp_lehninger2	spaced 111010010100110111	93	1.0
CED-9	hp_lehninger2	spaced 111010010100110111	98	1.0
CED-9	hp_lehninger2	spaced 111010010100110111	108	1.0
CED-9	hp_lehninger2	spaced 111010010100110111, scaled 2	-224	1.0
CED-9	hp_lehninger2	spaced 111010010100110111, scaled 2	-187	1.0
CED-9	hp_lehninger2	spaced 111010010100110111, scaled 2	-178	1.0
CED-9	hp_lehninger2	spaced 111010010100110111, scaled 2	-177	1.0
CED-9	hp_lehninger2	spaced 111010010100110111, scaled 2	-138	1.0
CED-9	hp_lehninger2	spaced 111010010100110111, scaled 2	-112	1.0
CED-9	hp_lehninger2	spaced 111010010100110111, scaled 2	-97	1.0
CED-9	hp_lehninger2	spaced 111010010100110111, scaled 2	-62	1.0
CED-9	hp_lehninger2	spaced 111010010100110111, scaled 2	-46	1.0
CED-9	hp_lehninger2	spaced 111010010100110111, scaled 2	-30	1.0
CED-9	hp_lehninger2	spaced 111010010100110111, scaled 2	-25	1.0
CED-9	hp_lehninger2	spaced 111010010100110111, scaled 2	-24	1.0
CED-9	hp_lehninger2	spaced 111010010100110111, scaled 2	-18	1.0
CED-9	hp_lehninger2	spaced 111010010100110111, scaled 2	45	1.0
CED-9	hp_lehninger2	spaced 111010010100110111, scaled 2	48	1.0
CED-9	hp_lehninger2	spaced 111010010100110111, scaled 2	49	1.0
CED-9	hp_lehninger2	spaced 111010010100110111, scaled 2	51	2.0
CED-9	hp_lehninger2	spaced 111010010100110111, scaled 2	53	1.0
CED-9	hp_lehninger2	spaced 111010010100110111, scaled 2	69	1.0
CED-9	hp_lehninger2	chained 2 x k=5 in 40	-243	3.0
CED-9	hp_lehninger2	chained 2 x k=5 in 40	-227	1.0
CED-9	hp_lehninger2	chained 2 x k=5 in 40	-226	5.0
CED-9	hp_lehninger2	chained 2 x k=5 in 40	-225	2.0
CED-9	hp_lehninger2	chained 2 x k=5 in 40	-224	2.0
CED-9	hp_lehninger2	chained 2 x k=5 in 40	-223	4.0
CED-9	hp_lehninger2	chained 2 x k=5 in 40	-222	8.0
CED-9	hp_lehninger2	chained 2 x k=5 in 40	-221	1.0
CED-9	hp_lehninger2	chained 2 x k=5 in 40	-220	5.0
CED-9	hp_lehninger2	chained 2 x k=5 in 40	-219	8.0
CED-9	hp_lehninger2	chained 2 x k=5 in 40	-218	3.0
CED-9	hp_lehninger2	chained 2 x k=5 in 40	-217	4.0
CED-9	hp_lehninger2	chained 2 x k=5 in 40	-216	7.0
CED-9	hp_lehninger2	chained 2 x k=5 in 40	-210	1.0
CED-9	hp_lehninger2	chained 2 x k=5 in 40	-209	1.0
CED-9	hp_lehninger2	chained 2 x k=5 in 40	-197	2.0
CED-9	hp_lehninger2	chained 2 x k=5 in 40	-195	4.0
CED-9	hp_lehninger2	chained 2 x k=5 in 40	-191	1.0
CED-9	hp_lehninger2	chained 2 x k=5 in 40	-190	5.0
CED-9	hp_lehninger2	chained 2 x k=5 in 40	-187	2.0
CED-9	hp_lehninger2	chained 2 x k=5 in 40	-186	3.0
CED-9	hp_lehninger2	chained 2 x k=5 in 40	-185	4.0
CED-9	hp_lehninger2	chained 2 x k=5 in 40	-184	3.0
CED-9	hp_lehninger2	chained 2 x k=5 in 40	-183	5.0
CED-9	hp_lehninger2	chained 2 x k=5 in 40	-182	4.0
CED-9	hp_lehninger2	chained 2 x k=5 in 40	-181	3.0
CED-9	hp_lehninger2	chained 2 x k=5 in 40	-180	2.0
CED-9	hp_lehninger2	chained 2 x k=5 in 40	-179	2.0
CED-9	hp_lehninger2	chained 2 x k=5 in 40	-178	6.0
CED-9	hp_lehninger2	chained 2 x k=5 in 40	-177	4.0
CED-9	hp_lehninger2	chained 2 x k=5 in 40	-176	2.0
CED-9	hp_lehninger2	chained 2 x k=5 in 40	-175	2.0
CED-9	hp_lehninger2	chained 2 x k=5 in 40	-174	4.0
CED-9	hp_lehninger2	chained 2 x k=5 in 40	-173	4.0
CED-9	hp_lehninger2	chained 2 x k=5 in 40	-172	2.0
CED-9	hp_lehninger2	chained 2 x k=5 in 40	-167	3.0
CED-9	hp_lehninger2	chained 2 x k=5 in 40	-166	1.0
CED-9	hp_lehninger2	chained 2 x k=5 in 40	-163	1.0
CED-9	hp_lehninger2	chained 2 x k=5 in 40	-161	1.0
CED-9	hp_lehninger2	chained 2 x k=5 in 40	-153	1.0
CED-9	hp_lehninger2	chained 2 x k=5 in 40	-150	4.0
CED-9	hp_lehninger2	chained 2 x k=5 in 40	-149	1.0
CED-9	hp_lehninger2	chained 2 x k=5 in 40	-144	2.0
CED-9	hp_lehninger2	chained 2 x k=5 in 40	-143	7.0
CED-9	hp_lehninger2	chained 2 x k=5 in 40	-142	1.0
CED-9	hp_lehninger2	chained 2 x k=5 in 40	-141	3.0
CED-9	hp_lehninger2	chained 2 x k=5 in 40	-140	4.0
CED-9	hp_lehninger2	chained 2 x k=5 in 40	-139	6.0
CED-9	hp_lehninger2	chained 2 x k=5 in 40	-138	6.0
CED-9	hp_lehninger2	chained 2 x k=5 in 40	-136	9.0
CED-9	hp_lehninger2	chained 2 x k=5 in 40	-135	3.0
CED-9	hp_lehninger2	chained 2 x k=5 in 40	-134	5.0
CED-9	hp_lehninger2	chained 2 x k=5 in 40	-133	4.0
CED-9	hp_lehninger2	chained 2 x k=5 in 40	-132	5.0
CED-9	hp_lehninger2	chained 2 x k=5 in 40	-131	2.0
CED-9	hp_lehninger2	chained 2 x k=5 in 40	-130	1.0
CED-9	hp_lehninger2	chained 2 x k=5 in 40	-129	4.0
CED-9	hp_lehninger2	chained 2 x k=5 in 40	-128	1.0
CED-9	hp_lehninger2	chained 2 x k=5 in 40	-127	3.0
CED-9	hp_lehninger2	chained 2 x k=5 in 40	-126	2.0
CED-9	hp_lehninger2	chained 2 x k=5 in 40	-125	1.0
CED-9	hp_lehninger2	chained 2 x k=5 in 40	-124	2.0
CED-9	hp_lehninger2	chained 2 x k=5 in 40	-123	3.0
CED-9	hp_lehninger2	chained 2 x k=5 in 40	-120	2.0
CED-9	hp_lehninger2	chained 2 x k=5 in 40	-119	1.0
CED-9	hp_lehninger2	chained 2 x k=5 in 40	-117	1.0
CED-9	hp_lehninger2	chained 2 x k=5 in 40	-116	1.0
CED-9	hp_lehninger2	chained 2 x k=5 in 40	-114	10.0
CED-9	hp_lehninger2	chained 2 x k=5 in 40	-112	3.0
CED-9	hp_lehninger2	chained 2 x k=5 in 40	-110	4.0
CED-9	hp_lehninger2	chained 2 x k=5 in 40	-108	2.0
CED-9	hp_lehninger2	chained 2 x k=5 in 40	-107	3.0
CED-9	hp_lehninger2	chained 2 x k=5 in 40	-106	4.0
CED-9	hp_lehninger2	chained 2 x k=5 in 40	-104	6.0
CED-9	hp_lehninger2	chained 2 x k=5 in 40	-103	3.0
CED-9	hp_lehninger2	chained 2 x k=5 in 40	-102	11.0
CED-9	hp_lehninger2	chained 2 x k=5 in 40	-101	4.0
CED-9	hp_lehninger2	chained 2 x k=5 in 40	-100	6.0
CED-9	hp_lehninger2	chained 2 x k=5 in 40	-99	7.0
CED-9	hp_lehninger2	chained 2 x k=5 in 40	-98	6.0
CED-9	hp_lehninger2	chained 2 x k=5 in 40	-97	2.0
CED-9	hp_lehninger2	chained 2 x k=5 in 40	-96	6.0
CED-9	hp_lehninger2	chained 2 x k=5 in 40	-95	7.0
CED-9	hp_lehninger2	chained 2 x k=5 in 40	-94	5.0
CED-9	hp_lehninger2	chained 2 x k=5 in 40	-93	2.0
CED-9	hp_lehninger2	chained 2 x k=5 in 40	-91	3.0
CED-9	hp_lehninger2	chained 2 x k=5 in 40	-90	5.0
CED-9	hp_lehninger2	chained 2 x k=5 in 40	-89	8.0
CED-9	hp_lehninger2	chained 2 x k=5 in 40	-88	6.0
CED-9	hp_lehninger2	chained 2 x k=5 in 40	-85	4.0
CED-9	hp_lehninger2	chained 2 x k=5 in 40	-83	3.0
CED-9	hp_lehninger2	chained 2 x k=5 in 40	-82	2.0
CED-9	hp_lehninger2	chained 2 x k=5 in 40	-81	4.0
CED-9	hp_lehninger2	chained 2 x k=5 in 40	-80	3.0
CED-9	hp_lehninger2	chained 2 x k=5 in 40	-77	3.0
CED-9	hp_lehninger2	chained 2 x k=5 in 40	-76	1.0
CED-9	hp_lehninger2	chained 2 x k=5 in 40	-74	2.0
CED-9	hp_lehninger2	chained 2 x k=5 in 40	-73	3.0
CED-9	hp_lehninger2	chained 2 x k=5 in 40	-72	1.0
CED-9	hp_lehninger2	chained 2 x k=5 in 40	-69	6.0
CED-9	hp_lehninger2	chained 2 x k=5 in 40	-67	13.0
CED-9	hp_lehninger2	chained 2 x k=5 in 40	-65	6.0
CED-9	hp_lehninger2	chained 2 x k=5 in 40	-64	3.0
CED-9	hp_lehninger2	chained 2 x k=5 in 40	-63	4.0
CED-9	hp_lehninger2	chained 2 x k=5 in 40	-62	7.0
CED-9	hp_lehninger2	chained 2 x k=5 in 40	-59	7.0
CED-9	hp_lehninger2	chained 2 x k=5 in 40	-57	6.0
CED-9	hp_lehninger2	chained 2 x k=5 in 40	-56	7.0
CED-9	hp_lehninger2	chained 2 x k=5 in 40	-55	12.0
CED-9	hp_lehninger2	chained 2 x k=5 in 40	-53	1.0
CED-9	hp_lehninger2	chained 2 x k=5 in 40	-52	6.0
CED-9	hp_lehninger2	chained 2 x k=5 in 40	-51	4.0
CED-9	hp_lehninger2	chained 2 x k=5 in 40	-50	7.0
CED-9	hp_lehninger2	chained 2 x k=5 in 40	-49	3.0
CED-9	hp_lehninger2	chained 2 x k=5 in 40	-48	4.0
CED-9	hp_lehninger2	chained 2 x k=5 in 40	-47	2.0
CED-9	hp_lehninger2	chained 2 x k=5 in 40	-46	2.0
CED-9	hp_lehninger2	chained 2 x k=5 in 40	-45	1.0
CED-9	hp_lehninger2	chained 2 x k=5 in 40	-44	6.0
CED-9	hp_lehninger2	chained 2 x k=5 in 40	-43	3.0
CED-9	hp_lehninger2	chained 2 x k=5 in 40	-42	2.0
CED-9	hp_lehninger2	chained 2 x k=5 in 40	-40	2.0
CED-9	hp_lehninger2	chained 2 x k=5 in 40	-38	1.0
CED-9	hp_lehninger2	chained 2 x k=5 in 40	-36	7.0
CED-9	hp_lehninger2	chained 2 x k=5 in 40	-34	3.0
CED-9	hp_lehninger2	chained 2 x k=5 in 40	-33	1.0
CED-9	hp_lehninger2	chained 2 x k=5 in 40	-32	3.0
CED-9	hp_lehninger2	chained 2 x k=5 in 40	-31	8.0
CED-9	hp_lehninger2	chained 2 x k=5 in 40	-30	9.0
CED-9	hp_lehninger2	chained 2 x k=5 in 40	-29	3.0
CED-9	hp_lehninger2	chained 2 x k=5 in 40	-27	5.0
CED-9	hp_lehninger2	chained 2 x k=5 in 40	-26	8.0
CED-9	hp_lehninger2	chained 2 x k=5 in 40	-25	11.0
CED-9	hp_lehninger2	chained 2 x k=5 in 40	-24	15.0
CED-9	hp_lehninger2	chained 2 x k=5 in 40	-23	7.0
CED-9	hp_lehninger2	chained 2 x k=5 in 40	-22	2.0
CED-9	hp_lehninger2	chained 2 x k=5 in 40	-21	4.0
CED-9	hp_lehninger2	chained 2 x k=5 in 40	-20	5.0
CED-9	hp_lehninger2	chained 2 x k=5 in 40	-19	9.0
CED-9	hp_lehninger2	chained 2 x k=5 in 40	-18	8.0
CED-9	hp_lehninger2	chained 2 x k=5 in 40	-16	5.0
CED-9	hp_lehninger2	chained 2 x k=5 in 40	-15	9.0
CED-9	hp_lehninger2	chained 2 x k=5 in 40	-14	1.0
CED-9	hp_lehninger2	chained 2 x k=5 in 40	-12	1.0
CED-9	hp_lehninger2	chained 2 x k=5 in 40	-10	1.0
CED-9	hp_lehninger2	chained 2 x k=5 in 40	-9	1.0
CED-9	hp_lehninger2	chained 2 x k=5 in 40	-7	2.0
CED-9	hp_lehninger2	chained 2 x k=5 in 40	-5	2.0
CED-9	hp_lehninger2	chained 2 x k=5 in 40	-4	2.0
CED-9	hp_lehninger2	chained 2 x k=5 in 40	-3	2.0
CED-9	hp_lehninger2	chained 2 x k=5 in 40	-2	1.0
CED-9	hp_lehninger2	chained 2 x k=5 in 40	3	3.0
CED-9	hp_lehninger2	chained 2 x k=5 in 40	4	5.0
CED-9	hp_lehninger2	chained 2 x k=5 in 40	7	1.0
CED-9	hp_lehninger2	chained 2 x k=5 in 40	8	2.0
CED-9	hp_lehninger2	chained 2 x k=5 in 40	15	13.0
CED-9	hp_lehninger2	chained 2 x k=5 in 40	16	4.0
CED-9	hp_lehninger2	chained 2 x k=5 in 40	20	3.0
CED-9	hp_lehninger2	chained 2 x k=5 in 40	21	3.0
CED-9	hp_lehninger2	chained 2 x k=5 in 40	22	3.0
CED-9	hp_lehninger2	chained 2 x k=5 in 40	24	4.0
CED-9	hp_lehninger2	chained 2 x k=5 in 40	25	1.0
CED-9	hp_lehninger2	chained 2 x k=5 in 40	27	8.0
CED-9	hp_lehninger2	chained 2 x k=5 in 40	28	5.0
CED-9	hp_lehninger2	chained 2 x k=5 in 40	29	3.0
CED-9	hp_lehninger2	chained 2 x k=5 in 40	31	4.0
CED-9	hp_lehninger2	chained 2 x k=5 in 40	32	2.0
CED-9	hp_lehninger2	chained 2 x k=5 in 40	34	1.0
CED-9	hp_lehninger2	chained 2 x k=5 in 40	35	5.0
CED-9	hp_lehninger2	chained 2 x k=5 in 40	36	3.0
CED-9	hp_lehninger2	chained 2 x k=5 in 40	37	1.0
CED-9	hp_lehninger2	chained 2 x k=5 in 40	41	1.0
CED-9	hp_lehninger2	chained 2 x k=5 in 40	43	1.0
CED-9	hp_lehninger2	chained 2 x k=5 in 40	45	7.0
CED-9	hp_lehninger2	chained 2 x k=5 in 40	46	11.0
CED-9	hp_lehninger2	chained 2 x k=5 in 40	47	3.0
CED-9	hp_lehninger2	chained 2 x k=5 in 40	48	11.0
CED-9	hp_lehninger2	chained 2 x k=5 in 40	50	3.0
CED-9	hp_lehninger2	chained 2 x k=5 in 40	51	4.0
CED-9	hp_lehninger2	chained 2 x k=5 in 40	52	3.0
CED-9	hp_lehninger2	chained 2 x k=5 in 40	53	9.0
CED-9	hp_lehninger2	chained 2 x k=5 in 40	54	2.0
CED-9	hp_lehninger2	chained 2 x k=5 in 40	55	9.0
CED-9	hp_lehninger2	chained 2 x k=5 in 40	57	3.0
CED-9	hp_lehninger2	chained 2 x k=5 in 40	58	3.0
CED-9	hp_lehninger2	chained 2 x k=5 in 40	59	2.0
CED-9	hp_lehninger2	chained 2 x k=5 in 40	60	4.0
CED-9	hp_lehninger2	chained 2 x k=5 in 40	61	4.0
CED-9	hp_lehninger2	chained 2 x k=5 in 40	62	5.0
CED-9	hp_lehninger2	chained 2 x k=5 in 40	64	7.0
CED-9	hp_lehninger2	chained 2 x k=5 in 40	65	1.0
CED-9	hp_lehninger2	chained 2 x k=5 in 40	66	3.0
CED-9	hp_lehninger2	chained 2 x k=5 in 40	68	4.0
CED-9	hp_lehninger2	chained 2 x k=5 in 40	70	1.0
CED-9	hp_lehninger2	chained 2 x k=5 in 40	71	4.0
CED-9	hp_lehninger2	chained 2 x k=5 in 40	72	3.0
CED-9	hp_lehninger2	chained 2 x k=5 in 40	73	2.0
CED-9	hp_lehninger2	chained 2 x k=5 in 40	74	2.0
CED-9	hp_lehninger2	chained 2 x k=5 in 40	75	2.0
CED-9	hp_lehninger2	chained 2 x k=5 in 40	82	2.0
CED-9	hp_lehninger2	chained 2 x k=5 in 40	84	3.0
CED-9	hp_lehninger2	chained 2 x k=5 in 40	86	7.0
CED-9	hp_lehninger2	chained 2 x k=5 in 40	89	8.0
CED-9	hp_lehninger2	chained 2 x k=5 in 40	92	2.0
CED-9	hp_lehninger2	chained 2 x k=5 in 40	93	5.0
CED-9	hp_lehninger2	chained 2 x k=5 in 40	95	2.0
CED-9	hp_lehninger2	chained 2 x k=5 in 40	96	2.0
CED-9	hp_lehninger2	chained 2 x k=5 in 40	98	4.0
CED-9	hp_lehninger2	chained 2 x k=5 in 40	101	2.0
CED-9	hp_lehninger2	chained 2 x k=5 in 40	102	1.0
CED-9	hp_lehninger2	chained 2 x k=5 in 40	107	1.0
CED-9	hp_lehninger2	chained 2 x k=5 in 40	109	1.0
CED-9	hp_lehninger2	chained 2 x k=5 in 40	112	1.0
CED-9	hp_lehninger2	chained 2 x k=5 in 40	113	1.0
CED-9	hp_lehninger2	chained 2 x k=5 in 40	114	4.0
CED-9	hp_lehninger2	chained 2 x k=5 in 40	115	2.0
CED-9	hp_lehninger2	chained 2 x k=5 in 40	117	1.0
CED-9	hp_lehninger2	chained 2 x k=5 in 40	118	1.0
CED-9	hp_lehninger2	chained 2 x k=5 in 40	119	1.0
CED-9	hp_lehninger2	chained 2 x k=5 in 40	121	2.0
CED-9	hp_lehninger2	chained 2 x k=5 in 40	124	3.0
CED-9	hp_lehninger2	chained 2 x k=5 in 40	125	4.0
CED-9	hp_lehninger2	chained 2 x k=5 in 40	126	6.0
CED-9	hp_lehninger2	chained 2 x k=5 in 40	132	4.0
CED-9	hp_lehninger2	chained 2 x k=5 in 40	134	3.0
CED-9	hp_lehninger2	chained 2 x k=5 in 40	136	1.0
CED-9	hp_lehninger2	chained 2 x k=5 in 40	138	1.0
CED-9	hp_lehninger2	chained 2 x k=5 in 40	140	2.0
CED-9	hp_lehninger2	chained 2 x k=5 in 40	144	1.0
CED-9	hp_lehninger2	chained 2 x k=5 in 40	146	1.0
CED-9	hp_lehninger2	chained 2 x k=5 in 40	149	3.0
CED-9	hp_lehninger2	chained 2 x k=5 in 40	152	6.0
CED-9	hp_lehninger2	chained 2 x k=5 in 40	155	1.0
CED-9	hp_lehninger2	chained 2 x k=5 in 40	160	5.0
CED-9	hp_lehninger2	chained 2 x k=5 in 40	166	3.0
CED-9	hp_lehninger2	chained 2 x k=5 in 40	168	1.0
CED-9	hp_lehninger2	chained 2 x k=5 in 40	173	4.0
CED-9	hp_lehninger2	chained 2 x k=5 in 40	179	3.0
CED-9	hp_lehninger2	chained 2 x k=5 in 40	183	2.0
CED-9	hp_lehninger2	chained 2 x k=5 in 40	184	3.0
CED-9	hp_lehninger2	chained 2 x k=5 in 40	195	1.0
CED-9	hp_lehninger2	chained 2 x k=5 in 40	207	2.0
CED-9	hp_lehninger2	chained 2 x k=5 in 40, scaled 2	-227	1.0
CED-9	hp_lehninger2	chained 2 x k=5 in 40, scaled 2	-226	4.0
CED-9	hp_lehninger2	chained 2 x k=5 in 40, scaled 2	-225	2.0
CED-9	hp_lehninger2	chained 2 x k=5 in 40, scaled 2	-224	2.0
CED-9	hp_lehninger2	chained 2 x k=5 in 40, scaled 2	-223	4.0
CED-9	hp_lehninger2	chained 2 x k=5 in 40, scaled 2	-222	7.0
CED-9	hp_lehninger2	chained 2 x k=5 in 40, scaled 2	-221	1.0
CED-9	hp_lehninger2	chained 2 x k=5 in 40, scaled 2	-220	5.0
CED-9	hp_lehninger2	chained 2 x k=5 in 40, scaled 2	-219	4.0
CED-9	hp_lehninger2	chained 2 x k=5 in 40, scaled 2	-218	3.0
CED-9	hp_lehninger2	chained 2 x k=5 in 40, scaled 2	-217	4.0
CED-9	hp_lehninger2	chained 2 x k=5 in 40, scaled 2	-216	7.0
CED-9	hp_lehninger2	chained 2 x k=5 in 40, scaled 2	-210	1.0
CED-9	hp_lehninger2	chained 2 x k=5 in 40, scaled 2	-209	1.0
CED-9	hp_lehninger2	chained 2 x k=5 in 40, scaled 2	-197	2.0
CED-9	hp_lehninger2	chained 2 x k=5 in 40, scaled 2	-195	3.0
CED-9	hp_lehninger2	chained 2 x k=5 in 40, scaled 2	-190	3.0
CED-9	hp_lehninger2	chained 2 x k=5 in 40, scaled 2	-187	2.0
CED-9	hp_lehninger2	chained 2 x k=5 in 40, scaled 2	-186	3.0
CED-9	hp_lehninger2	chained 2 x k=5 in 40, scaled 2	-185	2.0
CED-9	hp_lehninger2	chained 2 x k=5 in 40, scaled 2	-184	2.0
CED-9	hp_lehninger2	chained 2 x k=5 in 40, scaled 2	-183	5.0
CED-9	hp_lehninger2	chained 2 x k=5 in 40, scaled 2	-182	4.0
CED-9	hp_lehninger2	chained 2 x k=5 in 40, scaled 2	-181	3.0
CED-9	hp_lehninger2	chained 2 x k=5 in 40, scaled 2	-180	2.0
CED-9	hp_lehninger2	chained 2 x k=5 in 40, scaled 2	-179	2.0
CED-9	hp_lehninger2	chained 2 x k=5 in 40, scaled 2	-178	3.0
CED-9	hp_lehninger2	chained 2 x k=5 in 40, scaled 2	-177	4.0
CED-9	hp_lehninger2	chained 2 x k=5 in 40, scaled 2	-176	2.0
CED-9	hp_lehninger2	chained 2 x k=5 in 40, scaled 2	-175	2.0
CED-9	hp_lehninger2	chained 2 x k=5 in 40, scaled 2	-174	4.0
CED-9	hp_lehninger2	chained 2 x k=5 in 40, scaled 2	-173	4.0
CED-9	hp_lehninger2	chained 2 x k=5 in 40, scaled 2	-172	2.0
CED-9	hp_lehninger2	chained 2 x k=5 in 40, scaled 2	-144	1.0
CED-9	hp_lehninger2	chained 2 x k=5 in 40, scaled 2	-143	3.0
CED-9	hp_lehninger2	chained 2 x k=5 in 40, scaled 2	-141	3.0
CED-9	hp_lehninger2	chained 2 x k=5 in 40, scaled 2	-139	4.0
CED-9	hp_lehninger2	chained 2 x k=5 in 40, scaled 2	-138	5.0
CED-9	hp_lehninger2	chained 2 x k=5 in 40, scaled 2	-136	8.0
CED-9	hp_lehninger2	chained 2 x k=5 in 40, scaled 2	-135	3.0
CED-9	hp_lehninger2	chained 2 x k=5 in 40, scaled 2	-134	3.0
CED-9	hp_lehninger2	chained 2 x k=5 in 40, scaled 2	-133	4.0
CED-9	hp_lehninger2	chained 2 x k=5 in 40, scaled 2	-132	3.0
CED-9	hp_lehninger2	chained 2 x k=5 in 40, scaled 2	-131	1.0
CED-9	hp_lehninger2	chained 2 x k=5 in 40, scaled 2	-130	1.0
CED-9	hp_lehninger2	chained 2 x k=5 in 40, scaled 2	-129	3.0
CED-9	hp_lehninger2	chained 2 x k=5 in 40, scaled 2	-127	1.0
CED-9	hp_lehninger2	chained 2 x k=5 in 40, scaled 2	-124	2.0
CED-9	hp_lehninger2	chained 2 x k=5 in 40, scaled 2	-123	2.0
CED-9	hp_lehninger2	chained 2 x k=5 in 40, scaled 2	-120	1.0
CED-9	hp_lehninger2	chained 2 x k=5 in 40, scaled 2	-119	1.0
CED-9	hp_lehninger2	chained 2 x k=5 in 40, scaled 2	-116	1.0
CED-9	hp_lehninger2	chained 2 x k=5 in 40, scaled 2	-114	3.0
CED-9	hp_lehninger2	chained 2 x k=5 in 40, scaled 2	-112	3.0
CED-9	hp_lehninger2	chained 2 x k=5 in 40, scaled 2	-110	1.0
CED-9	hp_lehninger2	chained 2 x k=5 in 40, scaled 2	-108	2.0
CED-9	hp_lehninger2	chained 2 x k=5 in 40, scaled 2	-107	3.0
CED-9	hp_lehninger2	chained 2 x k=5 in 40, scaled 2	-106	1.0
CED-9	hp_lehninger2	chained 2 x k=5 in 40, scaled 2	-104	2.0
CED-9	hp_lehninger2	chained 2 x k=5 in 40, scaled 2	-103	3.0
CED-9	hp_lehninger2	chained 2 x k=5 in 40, scaled 2	-102	7.0
CED-9	hp_lehninger2	chained 2 x k=5 in 40, scaled 2	-101	3.0
CED-9	hp_lehninger2	chained 2 x k=5 in 40, scaled 2	-100	1.0
CED-9	hp_lehninger2	chained 2 x k=5 in 40, scaled 2	-99	6.0
CED-9	hp_lehninger2	chained 2 x k=5 in 40, scaled 2	-98	2.0
CED-9	hp_lehninger2	chained 2 x k=5 in 40, scaled 2	-97	1.0
CED-9	hp_lehninger2	chained 2 x k=5 in 40, scaled 2	-96	5.0
CED-9	hp_lehninger2	chained 2 x k=5 in 40, scaled 2	-95	6.0
CED-9	hp_lehninger2	chained 2 x k=5 in 40, scaled 2	-94	4.0
CED-9	hp_lehninger2	chained 2 x k=5 in 40, scaled 2	-93	2.0
CED-9	hp_lehninger2	chained 2 x k=5 in 40, scaled 2	-91	3.0
CED-9	hp_lehninger2	chained 2 x k=5 in 40, scaled 2	-90	3.0
CED-9	hp_lehninger2	chained 2 x k=5 in 40, scaled 2	-89	5.0
CED-9	hp_lehninger2	chained 2 x k=5 in 40, scaled 2	-88	4.0
CED-9	hp_lehninger2	chained 2 x k=5 in 40, scaled 2	-85	3.0
CED-9	hp_lehninger2	chained 2 x k=5 in 40, scaled 2	-83	2.0
CED-9	hp_lehninger2	chained 2 x k=5 in 40, scaled 2	-82	1.0
CED-9	hp_lehninger2	chained 2 x k=5 in 40, scaled 2	-77	1.0
CED-9	hp_lehninger2	chained 2 x k=5 in 40, scaled 2	-74	1.0
CED-9	hp_lehninger2	chained 2 x k=5 in 40, scaled 2	-69	4.0
CED-9	hp_lehninger2	chained 2 x k=5 in 40, scaled 2	-67	7.0
CED-9	hp_lehninger2	chained 2 x k=5 in 40, scaled 2	-65	4.0
CED-9	hp_lehninger2	chained 2 x k=5 in 40, scaled 2	-64	3.0
CED-9	hp_lehninger2	chained 2 x k=5 in 40, scaled 2	-63	3.0
CED-9	hp_lehninger2	chained 2 x k=5 in 40, scaled 2	-62	4.0
CED-9	hp_lehninger2	chained 2 x k=5 in 40, scaled 2	-59	3.0
CED-9	hp_lehninger2	chained 2 x k=5 in 40, scaled 2	-57	4.0
CED-9	hp_lehninger2	chained 2 x k=5 in 40, scaled 2	-56	4.0
CED-9	hp_lehninger2	chained 2 x k=5 in 40, scaled 2	-55	7.0
CED-9	hp_lehninger2	chained 2 x k=5 in 40, scaled 2	-53	1.0
CED-9	hp_lehninger2	chained 2 x k=5 in 40, scaled 2	-52	3.0
CED-9	hp_lehninger2	chained 2 x k=5 in 40, scaled 2	-51	1.0
CED-9	hp_lehninger2	chained 2 x k=5 in 40, scaled 2	-50	3.0
CED-9	hp_lehninger2	chained 2 x k=5 in 40, scaled 2	-49	1.0
CED-9	hp_lehninger2	chained 2 x k=5 in 40, scaled 2	-48	3.0
CED-9	hp_lehninger2	chained 2 x k=5 in 40, scaled 2	-47	2.0
CED-9	hp_lehninger2	chained 2 x k=5 in 40, scaled 2	-45	1.0
CED-9	hp_lehninger2	chained 2 x k=5 in 40, scaled 2	-44	1.0
CED-9	hp_lehninger2	chained 2 x k=5 in 40, scaled 2	-43	2.0
CED-9	hp_lehninger2	chained 2 x k=5 in 40, scaled 2	-42	2.0
CED-9	hp_lehninger2	chained 2 x k=5 in 40, scaled 2	-40	2.0
CED-9	hp_lehninger2	chained 2 x k=5 in 40, scaled 2	-36	2.0
CED-9	hp_lehninger2	chained 2 x k=5 in 40, scaled 2	-32	3.0
CED-9	hp_lehninger2	chained 2 x k=5 in 40, scaled 2	-31	4.0
CED-9	hp_lehninger2	chained 2 x k=5 in 40, scaled 2	-30	7.0
CED-9	hp_lehninger2	chained 2 x k=5 in 40, scaled 2	-27	3.0
CED-9	hp_lehninger2	chained 2 x k=5 in 40, scaled 2	-26	4.0
CED-9	hp_lehninger2	chained 2 x k=5 in 40, scaled 2	-25	9.0
CED-9	hp_lehninger2	chained 2 x k=5 in 40, scaled 2	-24	7.0
CED-9	hp_lehninger2	chained 2 x k=5 in 40, scaled 2	-23	5.0
CED-9	hp_lehninger2	chained 2 x k=5 in 40, scaled 2	-21	4.0
CED-9	hp_lehninger2	chained 2 x k=5 in 40, scaled 2	-20	1.0
CED-9	hp_lehninger2	chained 2 x k=5 in 40, scaled 2	-19	7.0
CED-9	hp_lehninger2	chained 2 x k=5 in 40, scaled 2	-18	4.0
CED-9	hp_lehninger2	chained 2 x k=5 in 40, scaled 2	-16	1.0
CED-9	hp_lehninger2	chained 2 x k=5 in 40, scaled 2	-15	5.0
CED-9	hp_lehninger2	chained 2 x k=5 in 40, scaled 2	-12	1.0
CED-9	hp_lehninger2	chained 2 x k=5 in 40, scaled 2	-9	1.0
CED-9	hp_lehninger2	chained 2 x k=5 in 40, scaled 2	-7	2.0
CED-9	hp_lehninger2	chained 2 x k=5 in 40, scaled 2	-5	1.0
CED-9	hp_lehninger2	chained 2 x k=5 in 40, scaled 2	-4	2.0
CED-9	hp_lehninger2	chained 2 x k=5 in 40, scaled 2	-3	1.0
CED-9	hp_lehninger2	chained 2 x k=5 in 40, scaled 2	-2	1.0
CED-9	hp_lehninger2	chained 2 x k=5 in 40, scaled 2	4	4.0
CED-9	hp_lehninger2	chained 2 x k=5 in 40, scaled 2	7	1.0
CED-9	hp_lehninger2	chained 2 x k=5 in 40, scaled 2	8	1.0
CED-9	hp_lehninger2	chained 2 x k=5 in 40, scaled 2	15	5.0
CED-9	hp_lehninger2	chained 2 x k=5 in 40, scaled 2	16	2.0
CED-9	hp_lehninger2	chained 2 x k=5 in 40, scaled 2	20	1.0
CED-9	hp_lehninger2	chained 2 x k=5 in 40, scaled 2	22	2.0
CED-9	hp_lehninger2	chained 2 x k=5 in 40, scaled 2	24	2.0
CED-9	hp_lehninger2	chained 2 x k=5 in 40, scaled 2	27	3.0
CED-9	hp_lehninger2	chained 2 x k=5 in 40, scaled 2	28	2.0
CED-9	hp_lehninger2	chained 2 x k=5 in 40, scaled 2	35	3.0
CED-9	hp_lehninger2	chained 2 x k=5 in 40, scaled 2	36	2.0
CED-9	hp_lehninger2	chained 2 x k=5 in 40, scaled 2	41	1.0
CED-9	hp_lehninger2	chained 2 x k=5 in 40, scaled 2	43	1.0
CED-9	hp_lehninger2	chained 2 x k=5 in 40, scaled 2	45	1.0
CED-9	hp_lehninger2	chained 2 x k=5 in 40, scaled 2	46	5.0
CED-9	hp_lehninger2	chained 2 x k=5 in 40, scaled 2	47	3.0
CED-9	hp_lehninger2	chained 2 x k=5 in 40, scaled 2	48	7.0
CED-9	hp_lehninger2	chained 2 x k=5 in 40, scaled 2	51	3.0
CED-9	hp_lehninger2	chained 2 x k=5 in 40, scaled 2	52	1.0
CED-9	hp_lehninger2	chained 2 x k=5 in 40, scaled 2	53	4.0
CED-9	hp_lehninger2	chained 2 x k=5 in 40, scaled 2	55	6.0
CED-9	hp_lehninger2	chained 2 x k=5 in 40, scaled 2	57	1.0
CED-9	hp_lehninger2	chained 2 x k=5 in 40, scaled 2	58	2.0
CED-9	hp_lehninger2	chained 2 x k=5 in 40, scaled 2	60	2.0
CED-9	hp_lehninger2	chained 2 x k=5 in 40, scaled 2	62	2.0
CED-9	hp_lehninger2	chained 2 x k=5 in 40, scaled 2	64	2.0
CED-9	hp_lehninger2	chained 2 x k=5 in 40, scaled 2	65	1.0
CED-9	hp_lehninger2	chained 2 x k=5 in 40, scaled 2	66	2.0
CED-9	hp_lehninger2	chained 2 x k=5 in 40, scaled 2	68	3.0
CED-9	hp_lehninger2	chained 2 x k=5 in 40, scaled 2	70	1.0
CED-9	hp_lehninger2	chained 2 x k=5 in 40, scaled 2	71	3.0
CED-9	hp_lehninger2	chained 2 x k=5 in 40, scaled 2	73	2.0
CED-9	hp_lehninger2	chained 2 x k=5 in 40, scaled 2	74	2.0
CED-9	hp_lehninger2	chained 2 x k=5 in 40, scaled 2	75	1.0
CED-9	hp_lehninger2	chained 2 x k=5 in 40, scaled 2	82	2.0
CED-9	hp_lehninger2	chained 2 x k=5 in 40, scaled 2	86	2.0
CED-9	hp_lehninger2	chained 2 x k=5 in 40, scaled 2	89	2.0
CED-9	hp_lehninger2	chained 2 x k=5 in 40, scaled 2	92	1.0
CED-9	hp_lehninger2	chained 2 x k=5 in 40, scaled 2	93	2.0
CED-9	hp_lehninger2	chained 2 x k=5 in 40, scaled 2	95	1.0
CED-9	hp_lehninger2	chained 2 x k=5 in 40, scaled 2	96	2.0
CED-9	hp_lehninger2	chained 2 x k=5 in 40, scaled 2	101	1.0
CED-9	hp_lehninger2	chained 2 x k=5 in 40, scaled 2	107	1.0
CED-9	hp_lehninger2	chained 2 x k=5 in 40, scaled 2	119	1.0
CED-9	hp_lehninger2	chained 2 x k=5 in 40, scaled 2	121	2.0
CED-9	hp_lehninger2	chained 2 x k=5 in 40, scaled 2	124	2.0
CED-9	hp_lehninger2	chained 2 x k=5 in 40, scaled 2	125	1.0
CED-9	hp_lehninger2	chained 2 x k=5 in 40, scaled 2	132	3.0
CED-9	hp_lehninger2	chained 2 x k=5 in 40, scaled 2	140	1.0
CED-9	hp_lehninger2	chained 2 x k=5 in 40, scaled 2	160	2.0
CED-9	hp_lehninger2	chained 2 x k=5 in 40, scaled 2	166	2.0
CED-9	hp_lehninger2	chained 2 x k=5 in 40, scaled 2	179	2.0
CED-9	hp_lehninger2	chained 2 x k=5 in 40, scaled 2	183	1.0
CED-9	hp_lehninger2	chained 2 x k=5 in 40, scaled 2	184	1.0
CED-9	hp_lehninger2	chained 2 x k=5 in 40, scaled 2	195	1.0
CED-9	hp_lehninger2	chained 3 x k=5 in 40	-222	3.0
CED-9	hp_lehninger2	chained 3 x k=5 in 40	-219	1.0
CED-9	hp_lehninger2	chained 3 x k=5 in 40	-217	2.0
CED-9	hp_lehninger2	chained 3 x k=5 in 40	-216	6.0
CED-9	hp_lehninger2	chained 3 x k=5 in 40	-195	3.0
CED-9	hp_lehninger2	chained 3 x k=5 in 40	-187	1.0
CED-9	hp_lehninger2	chained 3 x k=5 in 40	-184	2.0
CED-9	hp_lehninger2	chained 3 x k=5 in 40	-179	1.0
CED-9	hp_lehninger2	chained 3 x k=5 in 40	-178	1.0
CED-9	hp_lehninger2	chained 3 x k=5 in 40	-177	2.0
CED-9	hp_lehninger2	chained 3 x k=5 in 40	-174	2.0
CED-9	hp_lehninger2	chained 3 x k=5 in 40	-172	1.0
CED-9	hp_lehninger2	chained 3 x k=5 in 40	-150	1.0
CED-9	hp_lehninger2	chained 3 x k=5 in 40	-144	1.0
CED-9	hp_lehninger2	chained 3 x k=5 in 40	-143	1.0
CED-9	hp_lehninger2	chained 3 x k=5 in 40	-138	3.0
CED-9	hp_lehninger2	chained 3 x k=5 in 40	-136	4.0
CED-9	hp_lehninger2	chained 3 x k=5 in 40	-134	1.0
CED-9	hp_lehninger2	chained 3 x k=5 in 40	-133	3.0
CED-9	hp_lehninger2	chained 3 x k=5 in 40	-132	4.0
CED-9	hp_lehninger2	chained 3 x k=5 in 40	-131	1.0
CED-9	hp_lehninger2	chained 3 x k=5 in 40	-114	2.0
CED-9	hp_lehninger2	chained 3 x k=5 in 40	-106	3.0
CED-9	hp_lehninger2	chained 3 x k=5 in 40	-102	2.0
CED-9	hp_lehninger2	chained 3 x k=5 in 40	-98	1.0
CED-9	hp_lehninger2	chained 3 x k=5 in 40	-96	2.0
CED-9	hp_lehninger2	chained 3 x k=5 in 40	-95	2.0
CED-9	hp_lehninger2	chained 3 x k=5 in 40	-94	2.0
CED-9	hp_lehninger2	chained 3 x k=5 in 40	-91	1.0
CED-9	hp_lehninger2	chained 3 x k=5 in 40	-89	3.0
CED-9	hp_lehninger2	chained 3 x k=5 in 40	-88	1.0
CED-9	hp_lehninger2	chained 3 x k=5 in 40	-67	4.0
CED-9	hp_lehninger2	chained 3 x k=5 in 40	-62	3.0
CED-9	hp_lehninger2	chained 3 x k=5 in 40	-56	3.0
CED-9	hp_lehninger2	chained 3 x k=5 in 40	-55	2.0
CED-9	hp_lehninger2	chained 3 x k=5 in 40	-51	1.0
CED-9	hp_lehninger2	chained 3 x k=5 in 40	-44	4.0
CED-9	hp_lehninger2	chained 3 x k=5 in 40	-36	5.0
CED-9	hp_lehninger2	chained 3 x k=5 in 40	-31	2.0
CED-9	hp_lehninger2	chained 3 x k=5 in 40	-27	3.0
CED-9	hp_lehninger2	chained 3 x k=5 in 40	-25	4.0
CED-9	hp_lehninger2	chained 3 x k=5 in 40	-24	9.0
CED-9	hp_lehninger2	chained 3 x k=5 in 40	-20	2.0
CED-9	hp_lehninger2	chained 3 x k=5 in 40	-18	7.0
CED-9	hp_lehninger2	chained 3 x k=5 in 40	-15	1.0
CED-9	hp_lehninger2	chained 3 x k=5 in 40	-5	1.0
CED-9	hp_lehninger2	chained 3 x k=5 in 40	15	6.0
CED-9	hp_lehninger2	chained 3 x k=5 in 40	22	2.0
CED-9	hp_lehninger2	chained 3 x k=5 in 40	27	1.0
CED-9	hp_lehninger2	chained 3 x k=5 in 40	28	1.0
CED-9	hp_lehninger2	chained 3 x k=5 in 40	29	1.0
CED-9	hp_lehninger2	chained 3 x k=5 in 40	45	2.0
CED-9	hp_lehninger2	chained 3 x k=5 in 40	46	2.0
CED-9	hp_lehninger2	chained 3 x k=5 in 40	48	2.0
CED-9	hp_lehninger2	chained 3 x k=5 in 40	51	1.0
CED-9	hp_lehninger2	chained 3 x k=5 in 40	53	4.0
CED-9	hp_lehninger2	chained 3 x k=5 in 40	60	1.0
CED-9	hp_lehninger2	chained 3 x k=5 in 40	64	2.0
CED-9	hp_lehninger2	chained 3 x k=5 in 40	72	1.0
CED-9	hp_lehninger2	chained 3 x k=5 in 40	82	1.0
CED-9	hp_lehninger2	chained 3 x k=5 in 40	89	3.0
CED-9	hp_lehninger2	chained 3 x k=5 in 40	98	1.0
CED-9	hp_lehninger2	chained 3 x k=5 in 40	101	1.0
CED-9	hp_lehninger2	chained 3 x k=5 in 40	125	1.0
CED-9	hp_lehninger2	chained 3 x k=5 in 40	126	1.0
CED-9	hp_lehninger2	chained 3 x k=5 in 40	152	4.0
CED-9	hp_lehninger2	chained 3 x k=5 in 40	160	3.0
CED-9	hp_lehninger2	chained 3 x k=5 in 40, scaled 2	-222	2.0
CED-9	hp_lehninger2	chained 3 x k=5 in 40, scaled 2	-217	2.0
CED-9	hp_lehninger2	chained 3 x k=5 in 40, scaled 2	-216	6.0
CED-9	hp_lehninger2	chained 3 x k=5 in 40, scaled 2	-195	2.0
CED-9	hp_lehninger2	chained 3 x k=5 in 40, scaled 2	-187	1.0
CED-9	hp_lehninger2	chained 3 x k=5 in 40, scaled 2	-184	1.0
CED-9	hp_lehninger2	chained 3 x k=5 in 40, scaled 2	-179	1.0
CED-9	hp_lehninger2	chained 3 x k=5 in 40, scaled 2	-177	2.0
CED-9	hp_lehninger2	chained 3 x k=5 in 40, scaled 2	-174	2.0
CED-9	hp_lehninger2	chained 3 x k=5 in 40, scaled 2	-172	1.0
CED-9	hp_lehninger2	chained 3 x k=5 in 40, scaled 2	-138	3.0
CED-9	hp_lehninger2	chained 3 x k=5 in 40, scaled 2	-136	4.0
CED-9	hp_lehninger2	chained 3 x k=5 in 40, scaled 2	-133	3.0
CED-9	hp_lehninger2	chained 3 x k=5 in 40, scaled 2	-132	2.0
CED-9	hp_lehninger2	chained 3 x k=5 in 40, scaled 2	-102	1.0
CED-9	hp_lehninger2	chained 3 x k=5 in 40, scaled 2	-98	1.0
CED-9	hp_lehninger2	chained 3 x k=5 in 40, scaled 2	-96	1.0
CED-9	hp_lehninger2	chained 3 x k=5 in 40, scaled 2	-95	2.0
CED-9	hp_lehninger2	chained 3 x k=5 in 40, scaled 2	-94	2.0
CED-9	hp_lehninger2	chained 3 x k=5 in 40, scaled 2	-91	1.0
CED-9	hp_lehninger2	chained 3 x k=5 in 40, scaled 2	-89	3.0
CED-9	hp_lehninger2	chained 3 x k=5 in 40, scaled 2	-67	1.0
CED-9	hp_lehninger2	chained 3 x k=5 in 40, scaled 2	-62	2.0
CED-9	hp_lehninger2	chained 3 x k=5 in 40, scaled 2	-56	2.0
CED-9	hp_lehninger2	chained 3 x k=5 in 40, scaled 2	-55	2.0
CED-9	hp_lehninger2	chained 3 x k=5 in 40, scaled 2	-25	3.0
CED-9	hp_lehninger2	chained 3 x k=5 in 40, scaled 2	-24	4.0
CED-9	hp_lehninger2	chained 3 x k=5 in 40, scaled 2	-18	3.0
CED-9	hp_lehninger2	chained 3 x k=5 in 40, scaled 2	15	3.0
CED-9	hp_lehninger2	chained 3 x k=5 in 40, scaled 2	22	1.0
CED-9	hp_lehninger2	chained 3 x k=5 in 40, scaled 2	27	1.0
CED-9	hp_lehninger2	chained 3 x k=5 in 40, scaled 2	48	1.0
CED-9	hp_lehninger2	chained 3 x k=5 in 40, scaled 2	53	1.0
CED-9	hp_lehninger2	chained 3 x k=5 in 40, scaled 2	82	1.0
CED-9	hp_lehninger2	chained 3 x k=5 in 40, scaled 2	160	1.0
CED-9	hp_lehninger2	chained 4 x k=5 in 40	-216	3.0
CED-9	hp_lehninger2	chained 4 x k=5 in 40	-136	3.0
CED-9	hp_lehninger2	chained 4 x k=5 in 40	-133	1.0
CED-9	hp_lehninger2	chained 4 x k=5 in 40	-24	4.0
CED-9	hp_lehninger2	chained 4 x k=5 in 40	-18	1.0
CED-9	hp_lehninger2	chained 4 x k=5 in 40	15	5.0
CED-9	hp_lehninger2	chained 4 x k=5 in 40	160	2.0
CED-9	hp_lehninger2	chained 4 x k=5 in 40, scaled 2	-216	3.0
CED-9	hp_lehninger2	chained 4 x k=5 in 40, scaled 2	-136	3.0
CED-9	hp_lehninger2	chained 4 x k=5 in 40, scaled 2	-133	1.0
CED-9	hp_lehninger2	chained 4 x k=5 in 40, scaled 2	-24	1.0
CED-9	hp_lehninger2	chained 2 x k=8 in 40	-219	1.0
CED-9	hp_lehninger2	chained 2 x k=8 in 40	-114	1.0
CED-9	hp_lehninger2	chained 2 x k=8 in 40	-102	2.0
CED-9	hp_lehninger2	chained 2 x k=8 in 40	-24	5.0
CED-9	hp_lehninger2	chained 2 x k=8 in 40	-18	3.0
CED-9	hp_lehninger2	chained 2 x k=8 in 40	28	1.0
CED-9	hp_lehninger2	chained 2 x k=8 in 40	48	2.0
CED-9	hp_lehninger2	chained 2 x k=8 in 40, scaled 2	-24	3.0
CED-9	hp_lehninger2	chained 2 x k=8 in 40, scaled 2	-18	2.0
CED-9	hp_lehninger2	chained 3 x k=8 in 60	-24	1.0
CED-9	hp_lehninger2	window 18 of 20	-222	5.0
CED-9	hp_lehninger2	window 18 of 20	-187	1.0
CED-9	hp_lehninger2	window 18 of 20	-178	3.0
CED-9	hp_lehninger2	window 18 of 20	-136	1.0
CED-9	hp_lehninger2	window 18 of 20	-114	1.0
CED-9	hp_lehninger2	window 18 of 20	-97	1.0
CED-9	hp_lehninger2	window 18 of 20	-69	1.0
CED-9	hp_lehninger2	window 18 of 20	-67	1.0
CED-9	hp_lehninger2	window 18 of 20	-31	1.0
CED-9	hp_lehninger2	window 18 of 20	-24	8.0
CED-9	hp_lehninger2	window 18 of 20	-21	1.0
CED-9	hp_lehninger2	window 18 of 20	15	1.0
CED-9	hp_lehninger2	window 18 of 20	45	1.0
CED-9	hp_lehninger2	window 18 of 20	53	2.0
CED-9	hp_lehninger2	window 18 of 20	55	1.0
CED-9	hp_lehninger2	window 16 of 20	-231	1.0
CED-9	hp_lehninger2	window 16 of 20	-229	5.0
CED-9	hp_lehninger2	window 16 of 20	-228	1.0
CED-9	hp_lehninger2	window 16 of 20	-226	7.0
CED-9	hp_lehninger2	window 16 of 20	-224	7.0
CED-9	hp_lehninger2	window 16 of 20	-223	3.0
CED-9	hp_lehninger2	window 16 of 20	-222	14.0
CED-9	hp_lehninger2	window 16 of 20	-221	2.0
CED-9	hp_lehninger2	window 16 of 20	-220	3.0
CED-9	hp_lehninger2	window 16 of 20	-219	3.0
CED-9	hp_lehninger2	window 16 of 20	-187	4.0
CED-9	hp_lehninger2	window 16 of 20	-186	4.0
CED-9	hp_lehninger2	window 16 of 20	-185	3.0
CED-9	hp_lehninger2	window 16 of 20	-184	3.0
CED-9	hp_lehninger2	window 16 of 20	-182	1.0
CED-9	hp_lehninger2	window 16 of 20	-180	10.0
CED-9	hp_lehninger2	window 16 of 20	-179	2.0
CED-9	hp_lehninger2	window 16 of 20	-178	7.0
CED-9	hp_lehninger2	window 16 of 20	-177	5.0
CED-9	hp_lehninger2	window 16 of 20	-176	9.0
CED-9	hp_lehninger2	window 16 of 20	-173	3.0
CED-9	hp_lehninger2	window 16 of 20	-150	1.0
CED-9	hp_lehninger2	window 16 of 20	-143	1.0
CED-9	hp_lehninger2	window 16 of 20	-141	1.0
CED-9	hp_lehninger2	window 16 of 20	-139	3.0
CED-9	hp_lehninger2	window 16 of 20	-138	8.0
CED-9	hp_lehninger2	window 16 of 20	-137	3.0
CED-9	hp_lehninger2	window 16 of 20	-136	12.0
CED-9	hp_lehninger2	window 16 of 20	-134	2.0
CED-9	hp_lehninger2	window 16 of 20	-133	5.0
CED-9	hp_lehninger2	window 16 of 20	-132	8.0
CED-9	hp_lehninger2	window 16 of 20	-131	3.0
CED-9	hp_lehninger2	window 16 of 20	-127	1.0
CED-9	hp_lehninger2	window 16 of 20	-125	2.0
CED-9	hp_lehninger2	window 16 of 20	-123	1.0
CED-9	hp_lehninger2	window 16 of 20	-120	5.0
CED-9	hp_lehninger2	window 16 of 20	-114	9.0
CED-9	hp_lehninger2	window 16 of 20	-113	3.0
CED-9	hp_lehninger2	window 16 of 20	-112	3.0
CED-9	hp_lehninger2	window 16 of 20	-106	3.0
CED-9	hp_lehninger2	window 16 of 20	-102	1.0
CED-9	hp_lehninger2	window 16 of 20	-100	1.0
CED-9	hp_lehninger2	window 16 of 20	-97	4.0
CED-9	hp_lehninger2	window 16 of 20	-94	6.0
CED-9	hp_lehninger2	window 16 of 20	-93	2.0
CED-9	hp_lehninger2	window 16 of 20	-90	4.0
CED-9	hp_lehninger2	window 16 of 20	-89	6.0
CED-9	hp_lehninger2	window 16 of 20	-81	4.0
CED-9	hp_lehninger2	window 16 of 20	-74	3.0
CED-9	hp_lehninger2	window 16 of 20	-69	12.0
CED-9	hp_lehninger2	window 16 of 20	-67	3.0
CED-9	hp_lehninger2	window 16 of 20	-64	12.0
CED-9	hp_lehninger2	window 16 of 20	-62	4.0
CED-9	hp_lehninger2	window 16 of 20	-60	3.0
CED-9	hp_lehninger2	window 16 of 20	-56	2.0
CED-9	hp_lehninger2	window 16 of 20	-55	1.0
CED-9	hp_lehninger2	window 16 of 20	-51	1.0
CED-9	hp_lehninger2	window 16 of 20	-49	3.0
CED-9	hp_lehninger2	window 16 of 20	-47	1.0
CED-9	hp_lehninger2	window 16 of 20	-44	2.0
CED-9	hp_lehninger2	window 16 of 20	-41	1.0
CED-9	hp_lehninger2	window 16 of 20	-34	1.0
CED-9	hp_lehninger2	window 16 of 20	-31	4.0
CED-9	hp_lehninger2	window 16 of 20	-30	2.0
CED-9	hp_lehninger2	window 16 of 20	-29	1.0
CED-9	hp_lehninger2	window 16 of 20	-27	1.0
CED-9	hp_lehninger2	window 16 of 20	-25	14.0
CED-9	hp_lehninger2	window 16 of 20	-24	11.0
CED-9	hp_lehninger2	window 16 of 20	-23	1.0
CED-9	hp_lehninger2	window 16 of 20	-21	4.0
CED-9	hp_lehninger2	window 16 of 20	-20	6.0
CED-9	hp_lehninger2	window 16 of 20	-19	1.0
CED-9	hp_lehninger2	window 16 of 20	-18	1.0
CED-9	hp_lehninger2	window 16 of 20	-15	5.0
CED-9	hp_lehninger2	window 16 of 20	-11	3.0
CED-9	hp_lehninger2	window 16 of 20	-7	1.0
CED-9	hp_lehninger2	window 16 of 20	-5	1.0
CED-9	hp_lehninger2	window 16 of 20	7	2.0
CED-9	hp_lehninger2	window 16 of 20	15	4.0
CED-9	hp_lehninger2	window 16 of 20	16	1.0
CED-9	hp_lehninger2	window 16 of 20	20	3.0
CED-9	hp_lehninger2	window 16 of 20	22	7.0
CED-9	hp_lehninger2	window 16 of 20	28	7.0
CED-9	hp_lehninger2	window 16 of 20	29	8.0
CED-9	hp_lehninger2	window 16 of 20	35	1.0
CED-9	hp_lehninger2	window 16 of 20	36	2.0
CED-9	hp_lehninger2	window 16 of 20	45	6.0
CED-9	hp_lehninger2	window 16 of 20	46	3.0
CED-9	hp_lehninger2	window 16 of 20	48	2.0
CED-9	hp_lehninger2	window 16 of 20	51	8.0
CED-9	hp_lehninger2	window 16 of 20	52	1.0
CED-9	hp_lehninger2	window 16 of 20	53	9.0
CED-9	hp_lehninger2	window 16 of 20	55	8.0
CED-9	hp_lehninger2	window 16 of 20	64	4.0
CED-9	hp_lehninger2	window 16 of 20	68	3.0
CED-9	hp_lehninger2	window 16 of 20	82	1.0
CED-9	hp_lehninger2	window 16 of 20	86	7.0
CED-9	hp_lehninger2	window 16 of 20	93	8.0
CED-9	hp_lehninger2	window 16 of 20	98	6.0
CED-9	hp_lehninger2	window 16 of 20	124	2.0
CED-9	hp_lehninger2	window 16 of 20	126	1.0
CED-9	hp_lehninger2	window 16 of 20	160	3.0
CED-9	hp_lehninger2	window 16 of 20	181	3.0
CED-9	hp_lehninger2	window 24 of 30	-222	8.0
CED-9	hp_lehninger2	window 24 of 30	-180	2.0
CED-9	hp_lehninger2	window 24 of 30	-178	1.0
CED-9	hp_lehninger2	window 24 of 30	-177	1.0
CED-9	hp_lehninger2	window 24 of 30	-176	1.0
CED-9	hp_lehninger2	window 24 of 30	-138	7.0
CED-9	hp_lehninger2	window 24 of 30	-136	6.0
CED-9	hp_lehninger2	window 24 of 30	-114	1.0
CED-9	hp_lehninger2	window 24 of 30	-94	2.0
CED-9	hp_lehninger2	window 24 of 30	-69	4.0
CED-9	hp_lehninger2	window 24 of 30	-64	8.0
CED-9	hp_lehninger2	window 24 of 30	-62	2.0
CED-9	hp_lehninger2	window 24 of 30	-25	2.0
CED-9	hp_lehninger2	window 24 of 30	-24	4.0
CED-9	hp_lehninger2	window 24 of 30	22	2.0
CED-9	hp_lehninger2	window 24 of 30	28	2.0
CED-9	hp_lehninger2	window 24 of 30	29	1.0
CED-9	hp_lehninger2	window 24 of 30	53	3.0
CED-9	hp_lehninger2	window 24 of 30	86	1.0
CED-9	hp_lehninger2	window 24 of 30	93	6.0
CED-9	hp_lehninger2	extend +1/-2	-278	1.0
CED-9	hp_lehninger2	extend +1/-2	-277	2.0
CED-9	hp_lehninger2	extend +1/-2	-276	1.0
CED-9	hp_lehninger2	extend +1/-2	-275	4.0
CED-9	hp_lehninger2	extend +1/-2	-274	2.0
CED-9	hp_lehninger2	extend +1/-2	-273	1.0
CED-9	hp_lehninger2	extend +1/-2	-272	3.0
CED-9	hp_lehninger2	extend +1/-2	-271	4.0
CED-9	hp_lehninger2	extend +1/-2	-270	2.0
CED-9	hp_lehninger2	extend +1/-2	-269	4.0
CED-9	hp_lehninger2	extend +1/-2	-268	3.0
CED-9	hp_lehninger2	extend +1/-2	-267	3.0
CED-9	hp_lehninger2	extend +1/-2	-266	3.0
CED-9	hp_lehninger2	extend +1/-2	-265	2.0
CED-9	hp_lehninger2	extend +1/-2	-264	2.0
CED-9	hp_lehninger2	extend +1/-2	-263	2.0
CED-9	hp_lehninger2	extend +1/-2	-262	3.0
CED-9	hp_lehninger2	extend +1/-2	-261	6.0
CED-9	hp_lehninger2	extend +1/-2	-260	2.0
CED-9	hp_lehninger2	extend +1/-2	-259	2.0
CED-9	hp_lehninger2	extend +1/-2	-258	5.0
CED-9	hp_lehninger2	extend +1/-2	-257	5.0
CED-9	hp_lehninger2	extend +1/-2	-256	4.0
CED-9	hp_lehninger2	extend +1/-2	-255	5.0
CED-9	hp_lehninger2	extend +1/-2	-254	3.0
CED-9	hp_lehninger2	extend +1/-2	-253	3.0
CED-9	hp_lehninger2	extend +1/-2	-252	7.0
CED-9	hp_lehninger2	extend +1/-2	-251	3.0
CED-9	hp_lehninger2	extend +1/-2	-250	5.0
CED-9	hp_lehninger2	extend +1/-2	-249	5.0
CED-9	hp_lehninger2	extend +1/-2	-248	3.0
CED-9	hp_lehninger2	extend +1/-2	-247	4.0
CED-9	hp_lehninger2	extend +1/-2	-246	3.0
CED-9	hp_lehninger2	extend +1/-2	-245	3.0
CED-9	hp_lehninger2	extend +1/-2	-244	4.0
CED-9	hp_lehninger2	extend +1/-2	-243	7.0
CED-9	hp_lehninger2	extend +1/-2	-242	3.0
CED-9	hp_lehninger2	extend +1/-2	-241	3.0
CED-9	hp_lehninger2	extend +1/-2	-240	6.0
CED-9	hp_lehninger2	extend +1/-2	-239	5.0
CED-9	hp_lehninger2	extend +1/-2	-238	5.0
CED-9	hp_lehninger2	extend +1/-2	-237	4.0
CED-9	hp_lehninger2	extend +1/-2	-236	4.0
CED-9	hp_lehninger2	extend +1/-2	-235	9.0
CED-9	hp_lehninger2	extend +1/-2	-234	3.0
CED-9	hp_lehninger2	extend +1/-2	-233	4.0
CED-9	hp_lehninger2	extend +1/-2	-232	5.0
CED-9	hp_lehninger2	extend +1/-2	-231	8.0
CED-9	hp_lehninger2	extend +1/-2	-230	7.0
CED-9	hp_lehninger2	extend +1/-2	-229	10.0
CED-9	hp_lehninger2	extend +1/-2	-228	10.0
CED-9	hp_lehninger2	extend +1/-2	-227	10.0
CED-9	hp_lehninger2	extend +1/-2	-226	14.0
CED-9	hp_lehninger2	extend +1/-2	-225	11.0
CED-9	hp_lehninger2	extend +1/-2	-224	12.0
CED-9	hp_lehninger2	extend +1/-2	-223	11.0
CED-9	hp_lehninger2	extend +1/-2	-222	18.0
CED-9	hp_lehninger2	extend +1/-2	-221	12.0
CED-9	hp_lehninger2	extend +1/-2	-220	12.0
CED-9	hp_lehninger2	extend +1/-2	-219	14.0
CED-9	hp_lehninger2	extend +1/-2	-218	11.0
CED-9	hp_lehninger2	extend +1/-2	-217	10.0
CED-9	hp_lehninger2	extend +1/-2	-216	10.0
CED-9	hp_lehninger2	extend +1/-2	-215	8.0
CED-9	hp_lehninger2	extend +1/-2	-214	7.0
CED-9	hp_lehninger2	extend +1/-2	-213	6.0
CED-9	hp_lehninger2	extend +1/-2	-212	6.0
CED-9	hp_lehninger2	extend +1/-2	-211	6.0
CED-9	hp_lehninger2	extend +1/-2	-210	7.0
CED-9	hp_lehninger2	extend +1/-2	-209	6.0
CED-9	hp_lehninger2	extend +1/-2	-208	9.0
CED-9	hp_lehninger2	extend +1/-2	-207	5.0
CED-9	hp_lehninger2	extend +1/-2	-206	7.0
CED-9	hp_lehninger2	extend +1/-2	-205	6.0
CED-9	hp_lehninger2	extend +1/-2	-204	5.0
CED-9	hp_lehninger2	extend +1/-2	-203	3.0
CED-9	hp_lehninger2	extend +1/-2	-202	5.0
CED-9	hp_lehninger2	extend +1/-2	-201	6.0
CED-9	hp_lehninger2	extend +1/-2	-200	4.0
CED-9	hp_lehninger2	extend +1/-2	-199	4.0
CED-9	hp_lehninger2	extend +1/-2	-198	4.0
CED-9	hp_lehninger2	extend +1/-2	-197	6.0
CED-9	hp_lehninger2	extend +1/-2	-196	8.0
CED-9	hp_lehninger2	extend +1/-2	-195	8.0
CED-9	hp_lehninger2	extend +1/-2	-194	4.0
CED-9	hp_lehninger2	extend +1/-2	-193	4.0
CED-9	hp_lehninger2	extend +1/-2	-192	6.0
CED-9	hp_lehninger2	extend +1/-2	-191	8.0
CED-9	hp_lehninger2	extend +1/-2	-190	7.0
CED-9	hp_lehninger2	extend +1/-2	-189	8.0
CED-9	hp_lehninger2	extend +1/-2	-188	9.0
CED-9	hp_lehninger2	extend +1/-2	-187	14.0
CED-9	hp_lehninger2	extend +1/-2	-186	12.0
CED-9	hp_lehninger2	extend +1/-2	-185	14.0
CED-9	hp_lehninger2	extend +1/-2	-184	11.0
CED-9	hp_lehninger2	extend +1/-2	-183	9.0
CED-9	hp_lehninger2	extend +1/-2	-182	9.0
CED-9	hp_lehninger2	extend +1/-2	-181	10.0
CED-9	hp_lehninger2	extend +1/-2	-180	13.0
CED-9	hp_lehninger2	extend +1/-2	-179	13.0
CED-9	hp_lehninger2	extend +1/-2	-178	16.0
CED-9	hp_lehninger2	extend +1/-2	-177	13.0
CED-9	hp_lehninger2	extend +1/-2	-176	13.0
CED-9	hp_lehninger2	extend +1/-2	-175	9.0
CED-9	hp_lehninger2	extend +1/-2	-174	8.0
CED-9	hp_lehninger2	extend +1/-2	-173	13.0
CED-9	hp_lehninger2	extend +1/-2	-172	7.0
CED-9	hp_lehninger2	extend +1/-2	-171	5.0
CED-9	hp_lehninger2	extend +1/-2	-170	7.0
CED-9	hp_lehninger2	extend +1/-2	-169	4.0
CED-9	hp_lehninger2	extend +1/-2	-168	7.0
CED-9	hp_lehninger2	extend +1/-2	-167	7.0
CED-9	hp_lehninger2	extend +1/-2	-166	10.0
CED-9	hp_lehninger2	extend +1/-2	-165	5.0
CED-9	hp_lehninger2	extend +1/-2	-164	6.0
CED-9	hp_lehninger2	extend +1/-2	-163	8.0
CED-9	hp_lehninger2	extend +1/-2	-162	4.0
CED-9	hp_lehninger2	extend +1/-2	-161	5.0
CED-9	hp_lehninger2	extend +1/-2	-160	4.0
CED-9	hp_lehninger2	extend +1/-2	-159	6.0
CED-9	hp_lehninger2	extend +1/-2	-158	5.0
CED-9	hp_lehninger2	extend +1/-2	-157	9.0
CED-9	hp_lehninger2	extend +1/-2	-156	6.0
CED-9	hp_lehninger2	extend +1/-2	-155	4.0
CED-9	hp_lehninger2	extend +1/-2	-154	4.0
CED-9	hp_lehninger2	extend +1/-2	-153	5.0
CED-9	hp_lehninger2	extend +1/-2	-152	8.0
CED-9	hp_lehninger2	extend +1/-2	-151	6.0
CED-9	hp_lehninger2	extend +1/-2	-150	10.0
CED-9	hp_lehninger2	extend +1/-2	-149	7.0
CED-9	hp_lehninger2	extend +1/-2	-148	8.0
CED-9	hp_lehninger2	extend +1/-2	-147	6.0
CED-9	hp_lehninger2	extend +1/-2	-146	4.0
CED-9	hp_lehninger2	extend +1/-2	-145	8.0
CED-9	hp_lehninger2	extend +1/-2	-144	10.0
CED-9	hp_lehninger2	extend +1/-2	-143	11.0
CED-9	hp_lehninger2	extend +1/-2	-142	10.0
CED-9	hp_lehninger2	extend +1/-2	-141	8.0
CED-9	hp_lehninger2	extend +1/-2	-140	7.0
CED-9	hp_lehninger2	extend +1/-2	-139	12.0
CED-9	hp_lehninger2	extend +1/-2	-138	16.0
CED-9	hp_lehninger2	extend +1/-2	-137	11.0
CED-9	hp_lehninger2	extend +1/-2	-136	15.0
CED-9	hp_lehninger2	extend +1/-2	-135	10.0
CED-9	hp_lehninger2	extend +1/-2	-134	11.0
CED-9	hp_lehninger2	extend +1/-2	-133	13.0
CED-9	hp_lehninger2	extend +1/-2	-132	12.0
CED-9	hp_lehninger2	extend +1/-2	-131	11.0
CED-9	hp_lehninger2	extend +1/-2	-130	7.0
CED-9	hp_lehninger2	extend +1/-2	-129	7.0
CED-9	hp_lehninger2	extend +1/-2	-128	5.0
CED-9	hp_lehninger2	extend +1/-2	-127	12.0
CED-9	hp_lehninger2	extend +1/-2	-126	7.0
CED-9	hp_lehninger2	extend +1/-2	-125	9.0
CED-9	hp_lehninger2	extend +1/-2	-124	8.0
CED-9	hp_lehninger2	extend +1/-2	-123	8.0
CED-9	hp_lehninger2	extend +1/-2	-122	6.0
CED-9	hp_lehninger2	extend +1/-2	-121	6.0
CED-9	hp_lehninger2	extend +1/-2	-120	12.0
CED-9	hp_lehninger2	extend +1/-2	-119	6.0
CED-9	hp_lehninger2	extend +1/-2	-118	7.0
CED-9	hp_lehninger2	extend +1/-2	-117	8.0
CED-9	hp_lehninger2	extend +1/-2	-116	7.0
CED-9	hp_lehninger2	extend +1/-2	-115	7.0
CED-9	hp_lehninger2	extend +1/-2	-114	14.0
CED-9	hp_lehninger2	extend +1/-2	-113	11.0
CED-9	hp_lehninger2	extend +1/-2	-112	11.0
CED-9	hp_lehninger2	extend +1/-2	-111	7.0
CED-9	hp_lehninger2	extend +1/-2	-110	10.0
CED-9	hp_lehninger2	extend +1/-2	-109	6.0
CED-9	hp_lehninger2	extend +1/-2	-108	11.0
CED-9	hp_lehninger2	extend +1/-2	-107	7.0
CED-9	hp_lehninger2	extend +1/-2	-106	11.0
CED-9	hp_lehninger2	extend +1/-2	-105	4.0
CED-9	hp_lehninger2	extend +1/-2	-104	8.0
CED-9	hp_lehninger2	extend +1/-2	-103	7.0
CED-9	hp_lehninger2	extend +1/-2	-102	11.0
CED-9	hp_lehninger2	extend +1/-2	-101	7.0
CED-9	hp_lehninger2	extend +1/-2	-100	8.0
CED-9	hp_lehninger2	extend +1/-2	-99	7.0
CED-9	hp_lehninger2	extend +1/-2	-98	9.0
CED-9	hp_lehninger2	extend +1/-2	-97	14.0
CED-9	hp_lehninger2	extend +1/-2	-96	10.0
CED-9	hp_lehninger2	extend +1/-2	-95	9.0
CED-9	hp_lehninger2	extend +1/-2	-94	13.0
CED-9	hp_lehninger2	extend +1/-2	-93	9.0
CED-9	hp_lehninger2	extend +1/-2	-92	7.0
CED-9	hp_lehninger2	extend +1/-2	-91	7.0
CED-9	hp_lehninger2	extend +1/-2	-90	11.0
CED-9	hp_lehninger2	extend +1/-2	-89	12.0
CED-9	hp_lehninger2	extend +1/-2	-88	10.0
CED-9	hp_lehninger2	extend +1/-2	-87	6.0
CED-9	hp_lehninger2	extend +1/-2	-86	8.0
CED-9	hp_lehninger2	extend +1/-2	-85	8.0
CED-9	hp_lehninger2	extend +1/-2	-84	4.0
CED-9	hp_lehninger2	extend +1/-2	-83	9.0
CED-9	hp_lehninger2	extend +1/-2	-82	7.0
CED-9	hp_lehninger2	extend +1/-2	-81	11.0
CED-9	hp_lehninger2	extend +1/-2	-80	7.0
CED-9	hp_lehninger2	extend +1/-2	-79	6.0
CED-9	hp_lehninger2	extend +1/-2	-78	7.0
CED-9	hp_lehninger2	extend +1/-2	-77	7.0
CED-9	hp_lehninger2	extend +1/-2	-76	6.0
CED-9	hp_lehninger2	extend +1/-2	-75	5.0
CED-9	hp_lehninger2	extend +1/-2	-74	9.0
CED-9	hp_lehninger2	extend +1/-2	-73	7.0
CED-9	hp_lehninger2	extend +1/-2	-72	6.0
CED-9	hp_lehninger2	extend +1/-2	-71	4.0
CED-9	hp_lehninger2	extend +1/-2	-70	9.0
CED-9	hp_lehninger2	extend +1/-2	-69	15.0
CED-9	hp_lehninger2	extend +1/-2	-68	6.0
CED-9	hp_lehninger2	extend +1/-2	-67	14.0
CED-9	hp_lehninger2	extend +1/-2	-66	6.0
CED-9	hp_lehninger2	extend +1/-2	-65	8.0
CED-9	hp_lehninger2	extend +1/-2	-64	16.0
CED-9	hp_lehninger2	extend +1/-2	-63	8.0
CED-9	hp_lehninger2	extend +1/-2	-62	14.0
CED-9	hp_lehninger2	extend +1/-2	-61	9.0
CED-9	hp_lehninger2	extend +1/-2	-60	10.0
CED-9	hp_lehninger2	extend +1/-2	-59	8.0
CED-9	hp_lehninger2	extend +1/-2	-58	8.0
CED-9	hp_lehninger2	extend +1/-2	-57	9.0
CED-9	hp_lehninger2	extend +1/-2	-56	9.0
CED-9	hp_lehninger2	extend +1/-2	-55	11.0
CED-9	hp_lehninger2	extend +1/-2	-54	5.0
CED-9	hp_lehninger2	extend +1/-2	-53	9.0
CED-9	hp_lehninger2	extend +1/-2	-52	8.0
CED-9	hp_lehninger2	extend +1/-2	-51	9.0
CED-9	hp_lehninger2	extend +1/-2	-50	8.0
CED-9	hp_lehninger2	extend +1/-2	-49	10.0
CED-9	hp_lehninger2	extend +1/-2	-48	8.0
CED-9	hp_lehninger2	extend +1/-2	-47	10.0
CED-9	hp_lehninger2	extend +1/-2	-46	7.0
CED-9	hp_lehninger2	extend +1/-2	-45	6.0
CED-9	hp_lehninger2	extend +1/-2	-44	10.0
CED-9	hp_lehninger2	extend +1/-2	-43	12.0
CED-9	hp_lehninger2	extend +1/-2	-42	7.0
CED-9	hp_lehninger2	extend +1/-2	-41	9.0
CED-9	hp_lehninger2	extend +1/-2	-40	6.0
CED-9	hp_lehninger2	extend +1/-2	-39	9.0
CED-9	hp_lehninger2	extend +1/-2	-38	9.0
CED-9	hp_lehninger2	extend +1/-2	-37	5.0
CED-9	hp_lehninger2	extend +1/-2	-36	9.0
CED-9	hp_lehninger2	extend +1/-2	-35	7.0
CED-9	hp_lehninger2	extend +1/-2	-34	8.0
CED-9	hp_lehninger2	extend +1/-2	-33	7.0
CED-9	hp_lehninger2	extend +1/-2	-32	8.0
CED-9	hp_lehninger2	extend +1/-2	-31	14.0
CED-9	hp_lehninger2	extend +1/-2	-30	9.0
CED-9	hp_lehninger2	extend +1/-2	-29	10.0
CED-9	hp_lehninger2	extend +1/-2	-28	7.0
CED-9	hp_lehninger2	extend +1/-2	-27	11.0
CED-9	hp_lehninger2	extend +1/-2	-26	8.0
CED-9	hp_lehninger2	extend +1/-2	-25	16.0
CED-9	hp_lehninger2	extend +1/-2	-24	20.0
CED-9	hp_lehninger2	extend +1/-2	-23	10.0
CED-9	hp_lehninger2	extend +1/-2	-22	10.0
CED-9	hp_lehninger2	extend +1/-2	-21	14.0
CED-9	hp_lehninger2	extend +1/-2	-20	12.0
CED-9	hp_lehninger2	extend +1/-2	-19	8.0
CED-9	hp_lehninger2	extend +1/-2	-18	13.0
CED-9	hp_lehninger2	extend +1/-2	-17	6.0
CED-9	hp_lehninger2	extend +1/-2	-16	8.0
CED-9	hp_lehninger2	extend +1/-2	-15	14.0
CED-9	hp_lehninger2	extend +1/-2	-14	6.0
CED-9	hp_lehninger2	extend +1/-2	-13	8.0
CED-9	hp_lehninger2	extend +1/-2	-12	6.0
CED-9	hp_lehninger2	extend +1/-2	-11	11.0
CED-9	hp_lehninger2	extend +1/-2	-10	6.0
CED-9	hp_lehninger2	extend +1/-2	-9	9.0
CED-9	hp_lehninger2	extend +1/-2	-8	5.0
CED-9	hp_lehninger2	extend +1/-2	-7	8.0
CED-9	hp_lehninger2	extend +1/-2	-6	8.0
CED-9	hp_lehninger2	extend +1/-2	-5	10.0
CED-9	hp_lehninger2	extend +1/-2	-4	9.0
CED-9	hp_lehninger2	extend +1/-2	-3	9.0
CED-9	hp_lehninger2	extend +1/-2	-2	9.0
CED-9	hp_lehninger2	extend +1/-2	-1	5.0
CED-9	hp_lehninger2	extend +1/-2	0	8.0
CED-9	hp_lehninger2	extend +1/-2	1	7.0
CED-9	hp_lehninger2	extend +1/-2	2	7.0
CED-9	hp_lehninger2	extend +1/-2	3	8.0
CED-9	hp_lehninger2	extend +1/-2	4	9.0
CED-9	hp_lehninger2	extend +1/-2	5	6.0
CED-9	hp_lehninger2	extend +1/-2	6	6.0
CED-9	hp_lehninger2	extend +1/-2	7	12.0
CED-9	hp_lehninger2	extend +1/-2	8	9.0
CED-9	hp_lehninger2	extend +1/-2	9	8.0
CED-9	hp_lehninger2	extend +1/-2	10	5.0
CED-9	hp_lehninger2	extend +1/-2	11	7.0
CED-9	hp_lehninger2	extend +1/-2	12	7.0
CED-9	hp_lehninger2	extend +1/-2	13	7.0
CED-9	hp_lehninger2	extend +1/-2	14	4.0
CED-9	hp_lehninger2	extend +1/-2	15	14.0
CED-9	hp_lehninger2	extend +1/-2	16	13.0
CED-9	hp_lehninger2	extend +1/-2	17	6.0
CED-9	hp_lehninger2	extend +1/-2	18	6.0
CED-9	hp_lehninger2	extend +1/-2	19	5.0
CED-9	hp_lehninger2	extend +1/-2	20	10.0
CED-9	hp_lehninger2	extend +1/-2	21	6.0
CED-9	hp_lehninger2	extend +1/-2	22	13.0
CED-9	hp_lehninger2	extend +1/-2	23	8.0
CED-9	hp_lehninger2	extend +1/-2	24	8.0
CED-9	hp_lehninger2	extend +1/-2	25	6.0
CED-9	hp_lehninger2	extend +1/-2	26	9.0
CED-9	hp_lehninger2	extend +1/-2	27	9.0
CED-9	hp_lehninger2	extend +1/-2	28	14.0
CED-9	hp_lehninger2	extend +1/-2	29	13.0
CED-9	hp_lehninger2	extend +1/-2	30	7.0
CED-9	hp_lehninger2	extend +1/-2	31	7.0
CED-9	hp_lehninger2	extend +1/-2	32	9.0
CED-9	hp_lehninger2	extend +1/-2	33	7.0
CED-9	hp_lehninger2	extend +1/-2	34	7.0
CED-9	hp_lehninger2	extend +1/-2	35	10.0
CED-9	hp_lehninger2	extend +1/-2	36	9.0
CED-9	hp_lehninger2	extend +1/-2	37	7.0
CED-9	hp_lehninger2	extend +1/-2	38	9.0
CED-9	hp_lehninger2	extend +1/-2	39	8.0
CED-9	hp_lehninger2	extend +1/-2	40	5.0
CED-9	hp_lehninger2	extend +1/-2	41	8.0
CED-9	hp_lehninger2	extend +1/-2	42	6.0
CED-9	hp_lehninger2	extend +1/-2	43	7.0
CED-9	hp_lehninger2	extend +1/-2	44	5.0
CED-9	hp_lehninger2	extend +1/-2	45	14.0
CED-9	hp_lehninger2	extend +1/-2	46	11.0
CED-9	hp_lehninger2	extend +1/-2	47	7.0
CED-9	hp_lehninger2	extend +1/-2	48	13.0
CED-9	hp_lehninger2	extend +1/-2	49	7.0
CED-9	hp_lehninger2	extend +1/-2	50	7.0
CED-9	hp_lehninger2	extend +1/-2	51	12.0
CED-9	hp_lehninger2	extend +1/-2	52	10.0
CED-9	hp_lehninger2	extend +1/-2	53	16.0
CED-9	hp_lehninger2	extend +1/-2	54	8.0
CED-9	hp_lehninger2	extend +1/-2	55	14.0
CED-9	hp_lehninger2	extend +1/-2	56	5.0
CED-9	hp_lehninger2	extend +1/-2	57	8.0
CED-9	hp_lehninger2	extend +1/-2	58	8.0
CED-9	hp_lehninger2	extend +1/-2	59	6.0
CED-9	hp_lehninger2	extend +1/-2	60	6.0
CED-9	hp_lehninger2	extend +1/-2	61	7.0
CED-9	hp_lehninger2	extend +1/-2	62	8.0
CED-9	hp_lehninger2	extend +1/-2	63	7.0
CED-9	hp_lehninger2	extend +1/-2	64	11.0
CED-9	hp_lehninger2	extend +1/-2	65	6.0
CED-9	hp_lehninger2	extend +1/-2	66	7.0
CED-9	hp_lehninger2	extend +1/-2	67	5.0
CED-9	hp_lehninger2	extend +1/-2	68	9.0
CED-9	hp_lehninger2	extend +1/-2	69	5.0
CED-9	hp_lehninger2	extend +1/-2	70	7.0
CED-9	hp_lehninger2	extend +1/-2	71	8.0
CED-9	hp_lehninger2	extend +1/-2	72	10.0
CED-9	hp_lehninger2	extend +1/-2	73	6.0
CED-9	hp_lehninger2	extend +1/-2	74	7.0
CED-9	hp_lehninger2	extend +1/-2	75	7.0
CED-9	hp_lehninger2	extend +1/-2	76	4.0
CED-9	hp_lehninger2	extend +1/-2	77	4.0
CED-9	hp_lehninger2	extend +1/-2	78	6.0
CED-9	hp_lehninger2	extend +1/-2	79	9.0
CED-9	hp_lehninger2	extend +1/-2	80	5.0
CED-9	hp_lehninger2	extend +1/-2	81	5.0
CED-9	hp_lehninger2	extend +1/-2	82	9.0
CED-9	hp_lehninger2	extend +1/-2	83	6.0
CED-9	hp_lehninger2	extend +1/-2	84	8.0
CED-9	hp_lehninger2	extend +1/-2	85	6.0
CED-9	hp_lehninger2	extend +1/-2	86	12.0
CED-9	hp_lehninger2	extend +1/-2	87	6.0
CED-9	hp_lehninger2	extend +1/-2	88	5.0
CED-9	hp_lehninger2	extend +1/-2	89	8.0
CED-9	hp_lehninger2	extend +1/-2	90	7.0
CED-9	hp_lehninger2	extend +1/-2	91	6.0
CED-9	hp_lehninger2	extend +1/-2	92	8.0
CED-9	hp_lehninger2	extend +1/-2	93	14.0
CED-9	hp_lehninger2	extend +1/-2	94	6.0
CED-9	hp_lehninger2	extend +1/-2	95	6.0
CED-9	hp_lehninger2	extend +1/-2	96	6.0
CED-9	hp_lehninger2	extend +1/-2	97	7.0
CED-9	hp_lehninger2	extend +1/-2	98	13.0
CED-9	hp_lehninger2	extend +1/-2	99	5.0
CED-9	hp_lehninger2	extend +1/-2	100	7.0
CED-9	hp_lehninger2	extend +1/-2	101	7.0
CED-9	hp_lehninger2	extend +1/-2	102	8.0
CED-9	hp_lehninger2	extend +1/-2	103	8.0
CED-9	hp_lehninger2	extend +1/-2	104	5.0
CED-9	hp_lehninger2	extend +1/-2	105	9.0
CED-9	hp_lehninger2	extend +1/-2	106	9.0
CED-9	hp_lehninger2	extend +1/-2	107	6.0
CED-9	hp_lehninger2	extend +1/-2	108	6.0
CED-9	hp_lehninger2	extend +1/-2	109	7.0
CED-9	hp_lehninger2	extend +1/-2	110	6.0
CED-9	hp_lehninger2	extend +1/-2	111	7.0
CED-9	hp_lehninger2	extend +1/-2	112	6.0
CED-9	hp_lehninger2	extend +1/-2	113	6.0
CED-9	hp_lehninger2	extend +1/-2	114	7.0
CED-9	hp_lehninger2	extend +1/-2	115	7.0
CED-9	hp_lehninger2	extend +1/-2	116	4.0
CED-9	hp_lehninger2	extend +1/-2	117	6.0
CED-9	hp_lehninger2	extend +1/-2	118	5.0
CED-9	hp_lehninger2	extend +1/-2	119	9.0
CED-9	hp_lehninger2	extend +1/-2	120	6.0
CED-9	hp_lehninger2	extend +1/-2	121	7.0
CED-9	hp_lehninger2	extend +1/-2	122	8.0
CED-9	hp_lehninger2	extend +1/-2	123	6.0
CED-9	hp_lehninger2	extend +1/-2	124	13.0
CED-9	hp_lehninger2	extend +1/-2	125	8.0
CED-9	hp_lehninger2	extend +1/-2	126	11.0
CED-9	hp_lehninger2	extend +1/-2	127	5.0
CED-9	hp_lehninger2	extend +1/-2	128	6.0
CED-9	hp_lehninger2	extend +1/-2	129	6.0
CED-9	hp_lehninger2	extend +1/-2	130	7.0
CED-9	hp_lehninger2	extend +1/-2	131	9.0
CED-9	hp_lehninger2	extend +1/-2	132	6.0
CED-9	hp_lehninger2	extend +1/-2	133	8.0
CED-9	hp_lehninger2	extend +1/-2	134	6.0
CED-9	hp_lehninger2	extend +1/-2	135	4.0
CED-9	hp_lehninger2	extend +1/-2	136	6.0
CED-9	hp_lehninger2	extend +1/-2	137	4.0
CED-9	hp_lehninger2	extend +1/-2	138	5.0
CED-9	hp_lehninger2	extend +1/-2	139	5.0
CED-9	hp_lehninger2	extend +1/-2	140	11.0
CED-9	hp_lehninger2	extend +1/-2	141	6.0
CED-9	hp_lehninger2	extend +1/-2	142	5.0
CED-9	hp_lehninger2	extend +1/-2	143	7.0
CED-9	hp_lehninger2	extend +1/-2	144	8.0
CED-9	hp_lehninger2	extend +1/-2	145	8.0
CED-9	hp_lehninger2	extend +1/-2	146	7.0
CED-9	hp_lehninger2	extend +1/-2	147	6.0
CED-9	hp_lehninger2	extend +1/-2	148	6.0
CED-9	hp_lehninger2	extend +1/-2	149	7.0
CED-9	hp_lehninger2	extend +1/-2	150	8.0
CED-9	hp_lehninger2	extend +1/-2	151	4.0
CED-9	hp_lehninger2	extend +1/-2	152	8.0
CED-9	hp_lehninger2	extend +1/-2	153	4.0
CED-9	hp_lehninger2	extend +1/-2	154	6.0
CED-9	hp_lehninger2	extend +1/-2	155	6.0
CED-9	hp_lehninger2	extend +1/-2	156	8.0
CED-9	hp_lehninger2	extend +1/-2	157	3.0
CED-9	hp_lehninger2	extend +1/-2	158	5.0
CED-9	hp_lehninger2	extend +1/-2	159	2.0
CED-9	hp_lehninger2	extend +1/-2	160	12.0
CED-9	hp_lehninger2	extend +1/-2	161	6.0
CED-9	hp_lehninger2	extend +1/-2	162	5.0
CED-9	hp_lehninger2	extend +1/-2	163	4.0
CED-9	hp_lehninger2	extend +1/-2	164	6.0
CED-9	hp_lehninger2	extend +1/-2	165	5.0
CED-9	hp_lehninger2	extend +1/-2	166	7.0
CED-9	hp_lehninger2	extend +1/-2	167	5.0
CED-9	hp_lehninger2	extend +1/-2	168	5.0
CED-9	hp_lehninger2	extend +1/-2	169	5.0
CED-9	hp_lehninger2	extend +1/-2	170	5.0
CED-9	hp_lehninger2	extend +1/-2	171	4.0
CED-9	hp_lehninger2	extend +1/-2	172	8.0
CED-9	hp_lehninger2	extend +1/-2	173	8.0
CED-9	hp_lehninger2	extend +1/-2	174	8.0
CED-9	hp_lehninger2	extend +1/-2	175	9.0
CED-9	hp_lehninger2	extend +1/-2	176	3.0
CED-9	hp_lehninger2	extend +1/-2	177	3.0
CED-9	hp_lehninger2	extend +1/-2	178	4.0
CED-9	hp_lehninger2	extend +1/-2	179	7.0
CED-9	hp_lehninger2	extend +1/-2	180	6.0
CED-9	hp_lehninger2	extend +1/-2	181	10.0
CED-9	hp_lehninger2	extend +1/-2	182	3.0
CED-9	hp_lehninger2	extend +1/-2	183	6.0
CED-9	hp_lehninger2	extend +1/-2	184	9.0
CED-9	hp_lehninger2	extend +1/-2	185	3.0
CED-9	hp_lehninger2	extend +1/-2	186	3.0
CED-9	hp_lehninger2	extend +1/-2	187	4.0
CED-9	hp_lehninger2	extend +1/-2	188	4.0
CED-9	hp_lehninger2	extend +1/-2	189	7.0
CED-9	hp_lehninger2	extend +1/-2	190	4.0
CED-9	hp_lehninger2	extend +1/-2	191	3.0
CED-9	hp_lehninger2	extend +1/-2	192	7.0
CED-9	hp_lehninger2	extend +1/-2	193	4.0
CED-9	hp_lehninger2	extend +1/-2	194	6.0
CED-9	hp_lehninger2	extend +1/-2	195	5.0
CED-9	hp_lehninger2	extend +1/-2	196	5.0
CED-9	hp_lehninger2	extend +1/-2	197	7.0
CED-9	hp_lehninger2	extend +1/-2	198	3.0
CED-9	hp_lehninger2	extend +1/-2	199	3.0
CED-9	hp_lehninger2	extend +1/-2	200	7.0
CED-9	hp_lehninger2	extend +1/-2	201	3.0
CED-9	hp_lehninger2	extend +1/-2	202	3.0
CED-9	hp_lehninger2	extend +1/-2	203	3.0
CED-9	hp_lehninger2	extend +1/-2	204	6.0
CED-9	hp_lehninger2	extend +1/-2	205	6.0
CED-9	hp_lehninger2	extend +1/-2	206	5.0
CED-9	hp_lehninger2	extend +1/-2	207	6.0
CED-9	hp_lehninger2	extend +1/-2	208	2.0
CED-9	hp_lehninger2	extend +1/-2	209	3.0
CED-9	hp_lehninger2	extend +1/-2	210	5.0
CED-9	hp_lehninger2	extend +1/-2	211	5.0
CED-9	hp_lehninger2	extend +1/-2	212	3.0
CED-9	hp_lehninger2	extend +1/-2	213	4.0
CED-9	hp_lehninger2	extend +1/-2	214	3.0
CED-9	hp_lehninger2	extend +1/-2	215	2.0
CED-9	hp_lehninger2	extend +1/-2	216	3.0
CED-9	hp_lehninger2	extend +1/-2	217	2.0
CED-9	hp_lehninger2	extend +1/-2	218	2.0
CED-9	hp_lehninger2	extend +1/-2	219	4.0
CED-9	hp_lehninger2	extend +1/-2	220	4.0
CED-9	hp_lehninger2	extend +1/-2	221	3.0
CED-9	hp_lehninger2	extend +1/-2	222	5.0
CED-9	hp_lehninger2	extend +1/-2	223	2.0
CED-9	hp_lehninger2	extend +1/-2	224	3.0
CED-9	hp_lehninger2	extend +1/-2	225	1.0
CED-9	hp_lehninger2	extend +1/-2	226	2.0
CED-9	hp_lehninger2	extend +1/-2	227	3.0
CED-9	hp_lehninger2	extend +1/-2	228	1.0
CED-9	hp_lehninger2	extend +1/-2	229	2.0
CED-9	hp_lehninger2	extend +1/-2	230	2.0
CED-9	hp_lehninger2	extend +1/-2	231	3.0
CED-9	hp_lehninger2	extend +1/-2	232	1.0
CED-9	hp_lehninger2	extend +1/-2	233	1.0
CED-9	hp_lehninger2	extend +1/-2	234	2.0
CED-9	hp_lehninger2	extend +1/-2	235	2.0
CED-9	hp_lehninger2	extend +1/-2	236	3.0
CED-9	hp_lehninger2	extend +1/-2	237	1.0
P66	hp_thomas_dill2	exact k=8	-573	2.0
P66	hp_thomas_dill2	exact k=8	-572	2.0
P66	hp_thomas_dill2	exact k=8	-568	1.0
P66	hp_thomas_dill2	exact k=8	-532	2.0
P66	hp_thomas_dill2	exact k=8	-531	1.0
P66	hp_thomas_dill2	exact k=8	-527	2.0
P66	hp_thomas_dill2	exact k=8	-517	1.0
P66	hp_thomas_dill2	exact k=8	-509	3.0
P66	hp_thomas_dill2	exact k=8	-505	6.0
P66	hp_thomas_dill2	exact k=8	-490	2.0
P66	hp_thomas_dill2	exact k=8	-484	1.0
P66	hp_thomas_dill2	exact k=8	-477	4.0
P66	hp_thomas_dill2	exact k=8	-468	2.0
P66	hp_thomas_dill2	exact k=8	-465	9.0
P66	hp_thomas_dill2	exact k=8	-464	2.0
P66	hp_thomas_dill2	exact k=8	-460	5.0
P66	hp_thomas_dill2	exact k=8	-455	2.0
P66	hp_thomas_dill2	exact k=8	-454	2.0
P66	hp_thomas_dill2	exact k=8	-449	2.0
P66	hp_thomas_dill2	exact k=8	-444	1.0
P66	hp_thomas_dill2	exact k=8	-438	1.0
P66	hp_thomas_dill2	exact k=8	-437	4.0
P66	hp_thomas_dill2	exact k=8	-434	1.0
P66	hp_thomas_dill2	exact k=8	-428	1.0
P66	hp_thomas_dill2	exact k=8	-427	1.0
P66	hp_thomas_dill2	exact k=8	-425	2.0
P66	hp_thomas_dill2	exact k=8	-407	2.0
P66	hp_thomas_dill2	exact k=8	-398	2.0
P66	hp_thomas_dill2	exact k=8	-396	2.0
P66	hp_thomas_dill2	exact k=8	-394	1.0
P66	hp_thomas_dill2	exact k=8	-393	1.0
P66	hp_thomas_dill2	exact k=8	-390	1.0
P66	hp_thomas_dill2	exact k=8	-389	2.0
P66	hp_thomas_dill2	exact k=8	-386	3.0
P66	hp_thomas_dill2	exact k=8	-382	2.0
P66	hp_thomas_dill2	exact k=8	-381	2.0
P66	hp_thomas_dill2	exact k=8	-380	2.0
P66	hp_thomas_dill2	exact k=8	-372	1.0
P66	hp_thomas_dill2	exact k=8	-365	1.0
P66	hp_thomas_dill2	exact k=8	-360	1.0
P66	hp_thomas_dill2	exact k=8	-359	2.0
P66	hp_thomas_dill2	exact k=8	-355	4.0
P66	hp_thomas_dill2	exact k=8	-351	2.0
P66	hp_thomas_dill2	exact k=8	-348	5.0
P66	hp_thomas_dill2	exact k=8	-347	1.0
P66	hp_thomas_dill2	exact k=8	-344	4.0
P66	hp_thomas_dill2	exact k=8	-343	12.0
P66	hp_thomas_dill2	exact k=8	-337	1.0
P66	hp_thomas_dill2	exact k=8	-336	2.0
P66	hp_thomas_dill2	exact k=8	-334	2.0
P66	hp_thomas_dill2	exact k=8	-333	4.0
P66	hp_thomas_dill2	exact k=8	-332	2.0
P66	hp_thomas_dill2	exact k=8	-331	2.0
P66	hp_thomas_dill2	exact k=8	-325	5.0
P66	hp_thomas_dill2	exact k=8	-324	3.0
P66	hp_thomas_dill2	exact k=8	-323	2.0
P66	hp_thomas_dill2	exact k=8	-321	7.0
P66	hp_thomas_dill2	exact k=8	-316	13.0
P66	hp_thomas_dill2	exact k=8	-315	4.0
P66	hp_thomas_dill2	exact k=8	-314	1.0
P66	hp_thomas_dill2	exact k=8	-311	2.0
P66	hp_thomas_dill2	exact k=8	-309	1.0
P66	hp_thomas_dill2	exact k=8	-306	2.0
P66	hp_thomas_dill2	exact k=8	-305	1.0
P66	hp_thomas_dill2	exact k=8	-303	4.0
P66	hp_thomas_dill2	exact k=8	-302	3.0
P66	hp_thomas_dill2	exact k=8	-301	2.0
P66	hp_thomas_dill2	exact k=8	-298	1.0
P66	hp_thomas_dill2	exact k=8	-297	2.0
P66	hp_thomas_dill2	exact k=8	-291	4.0
P66	hp_thomas_dill2	exact k=8	-288	1.0
P66	hp_thomas_dill2	exact k=8	-284	3.0
P66	hp_thomas_dill2	exact k=8	-282	3.0
P66	hp_thomas_dill2	exact k=8	-277	3.0
P66	hp_thomas_dill2	exact k=8	-273	1.0
P66	hp_thomas_dill2	exact k=8	-271	4.0
P66	hp_thomas_dill2	exact k=8	-270	1.0
P66	hp_thomas_dill2	exact k=8	-268	1.0
P66	hp_thomas_dill2	exact k=8	-267	1.0
P66	hp_thomas_dill2	exact k=8	-263	5.0
P66	hp_thomas_dill2	exact k=8	-261	2.0
P66	hp_thomas_dill2	exact k=8	-254	1.0
P66	hp_thomas_dill2	exact k=8	-253	1.0
P66	hp_thomas_dill2	exact k=8	-251	1.0
P66	hp_thomas_dill2	exact k=8	-250	3.0
P66	hp_thomas_dill2	exact k=8	-249	1.0
P66	hp_thomas_dill2	exact k=8	-247	1.0
P66	hp_thomas_dill2	exact k=8	-245	3.0
P66	hp_thomas_dill2	exact k=8	-242	6.0
P66	hp_thomas_dill2	exact k=8	-240	2.0
P66	hp_thomas_dill2	exact k=8	-239	2.0
P66	hp_thomas_dill2	exact k=8	-238	5.0
P66	hp_thomas_dill2	exact k=8	-237	3.0
P66	hp_thomas_dill2	exact k=8	-234	3.0
P66	hp_thomas_dill2	exact k=8	-232	1.0
P66	hp_thomas_dill2	exact k=8	-230	3.0
P66	hp_thomas_dill2	exact k=8	-228	2.0
P66	hp_thomas_dill2	exact k=8	-226	4.0
P66	hp_thomas_dill2	exact k=8	-223	1.0
P66	hp_thomas_dill2	exact k=8	-221	1.0
P66	hp_thomas_dill2	exact k=8	-218	5.0
P66	hp_thomas_dill2	exact k=8	-216	4.0
P66	hp_thomas_dill2	exact k=8	-214	3.0
P66	hp_thomas_dill2	exact k=8	-211	1.0
P66	hp_thomas_dill2	exact k=8	-204	1.0
P66	hp_thomas_dill2	exact k=8	-202	2.0
P66	hp_thomas_dill2	exact k=8	-199	4.0
P66	hp_thomas_dill2	exact k=8	-198	1.0
P66	hp_thomas_dill2	exact k=8	-194	2.0
P66	hp_thomas_dill2	exact k=8	-190	5.0
P66	hp_thomas_dill2	exact k=8	-188	1.0
P66	hp_thomas_dill2	exact k=8	-182	1.0
P66	hp_thomas_dill2	exact k=8	-177	1.0
P66	hp_thomas_dill2	exact k=8	-171	3.0
P66	hp_thomas_dill2	exact k=8	-169	2.0
P66	hp_thomas_dill2	exact k=8	-166	9.0
P66	hp_thomas_dill2	exact k=8	-164	9.0
P66	hp_thomas_dill2	exact k=8	-163	1.0
P66	hp_thomas_dill2	exact k=8	-162	2.0
P66	hp_thomas_dill2	exact k=8	-157	3.0
P66	hp_thomas_dill2	exact k=8	-155	1.0
P66	hp_thomas_dill2	exact k=8	-151	3.0
P66	hp_thomas_dill2	exact k=8	-150	10.0
P66	hp_thomas_dill2	exact k=8	-149	4.0
P66	hp_thomas_dill2	exact k=8	-148	3.0
P66	hp_thomas_dill2	exact k=8	-145	2.0
P66	hp_thomas_dill2	exact k=8	-144	6.0
P66	hp_thomas_dill2	exact k=8	-142	4.0
P66	hp_thomas_dill2	exact k=8	-141	3.0
P66	hp_thomas_dill2	exact k=8	-140	1.0
P66	hp_thomas_dill2	exact k=8	-139	3.0
P66	hp_thomas_dill2	exact k=8	-137	4.0
P66	hp_thomas_dill2	exact k=8	-136	2.0
P66	hp_thomas_dill2	exact k=8	-134	4.0
P66	hp_thomas_dill2	exact k=8	-132	1.0
P66	hp_thomas_dill2	exact k=8	-130	5.0
P66	hp_thomas_dill2	exact k=8	-124	2.0
P66	hp_thomas_dill2	exact k=8	-123	2.0
P66	hp_thomas_dill2	exact k=8	-120	1.0
P66	hp_thomas_dill2	exact k=8	-119	2.0
P66	hp_thomas_dill2	exact k=8	-118	1.0
P66	hp_thomas_dill2	exact k=8	-116	4.0
P66	hp_thomas_dill2	exact k=8	-114	3.0
P66	hp_thomas_dill2	exact k=8	-112	5.0
P66	hp_thomas_dill2	exact k=8	-111	1.0
P66	hp_thomas_dill2	exact k=8	-107	3.0
P66	hp_thomas_dill2	exact k=8	-105	3.0
P66	hp_thomas_dill2	exact k=8	-104	1.0
P66	hp_thomas_dill2	exact k=8	-102	1.0
P66	hp_thomas_dill2	exact k=8	-98	3.0
P66	hp_thomas_dill2	exact k=8	-95	1.0
P66	hp_thomas_dill2	exact k=8	-94	1.0
P66	hp_thomas_dill2	exact k=8	-88	5.0
P66	hp_thomas_dill2	exact k=8	-87	2.0
P66	hp_thomas_dill2	exact k=8	-85	3.0
P66	hp_thomas_dill2	exact k=8	-84	6.0
P66	hp_thomas_dill2	exact k=8	-83	2.0
P66	hp_thomas_dill2	exact k=8	-82	1.0
P66	hp_thomas_dill2	exact k=8	-81	2.0
P66	hp_thomas_dill2	exact k=8	-78	3.0
P66	hp_thomas_dill2	exact k=8	-77	1.0
P66	hp_thomas_dill2	exact k=8	-75	1.0
P66	hp_thomas_dill2	exact k=8	-74	4.0
P66	hp_thomas_dill2	exact k=8	-72	9.0
P66	hp_thomas_dill2	exact k=8	-71	1.0
P66	hp_thomas_dill2	exact k=8	-69	4.0
P66	hp_thomas_dill2	exact k=8	-68	1.0
P66	hp_thomas_dill2	exact k=8	-65	3.0
P66	hp_thomas_dill2	exact k=8	-64	4.0
P66	hp_thomas_dill2	exact k=8	-62	2.0
P66	hp_thomas_dill2	exact k=8	-60	1.0
P66	hp_thomas_dill2	exact k=8	-56	3.0
P66	hp_thomas_dill2	exact k=8	-55	1.0
P66	hp_thomas_dill2	exact k=8	-52	6.0
P66	hp_thomas_dill2	exact k=8	-49	1.0
P66	hp_thomas_dill2	exact k=8	-48	1.0
P66	hp_thomas_dill2	exact k=8	-46	4.0
P66	hp_thomas_dill2	exact k=8	-45	1.0
P66	hp_thomas_dill2	exact k=8	-44	1.0
P66	hp_thomas_dill2	exact k=8	-43	1.0
P66	hp_thomas_dill2	exact k=8	-42	1.0
P66	hp_thomas_dill2	exact k=8	-37	2.0
P66	hp_thomas_dill2	exact k=8	-35	2.0
P66	hp_thomas_dill2	exact k=8	-34	3.0
P66	hp_thomas_dill2	exact k=8	-30	3.0
P66	hp_thomas_dill2	exact k=8	-28	1.0
P66	hp_thomas_dill2	exact k=8	-27	1.0
P66	hp_thomas_dill2	exact k=8	-26	2.0
P66	hp_thomas_dill2	exact k=8	-24	3.0
P66	hp_thomas_dill2	exact k=8	-23	8.0
P66	hp_thomas_dill2	exact k=8	-18	2.0
P66	hp_thomas_dill2	exact k=8	-17	1.0
P66	hp_thomas_dill2	exact k=8	-16	4.0
P66	hp_thomas_dill2	exact k=8	-13	1.0
P66	hp_thomas_dill2	exact k=8	-12	4.0
P66	hp_thomas_dill2	exact k=8	-9	1.0
P66	hp_thomas_dill2	exact k=8	-7	5.0
P66	hp_thomas_dill2	exact k=8	-5	2.0
P66	hp_thomas_dill2	exact k=8	-4	1.0
P66	hp_thomas_dill2	exact k=8	-1	1.0
P66	hp_thomas_dill2	exact k=8	0	9.0
P66	hp_thomas_dill2	exact k=8	1	6.0
P66	hp_thomas_dill2	exact k=8	4	1.0
P66	hp_thomas_dill2	exact k=8	5	1.0
P66	hp_thomas_dill2	exact k=8	9	2.0
P66	hp_thomas_dill2	exact k=8	10	1.0
P66	hp_thomas_dill2	exact k=8	12	4.0
P66	hp_thomas_dill2	exact k=8	14	3.0
P66	hp_thomas_dill2	exact k=8	21	1.0
P66	hp_thomas_dill2	exact k=8	24	1.0
P66	hp_thomas_dill2	exact k=8	27	6.0
P66	hp_thomas_dill2	exact k=8	28	8.0
P66	hp_thomas_dill2	exact k=8	33	1.0
P66	hp_thomas_dill2	exact k=8	36	4.0
P66	hp_thomas_dill2	exact k=8	37	2.0
P66	hp_thomas_dill2	exact k=8	39	1.0
P66	hp_thomas_dill2	exact k=8	40	3.0
P66	hp_thomas_dill2	exact k=8	42	1.0
P66	hp_thomas_dill2	exact k=8	43	4.0
P66	hp_thomas_dill2	exact k=8	45	3.0
P66	hp_thomas_dill2	exact k=8	49	2.0
P66	hp_thomas_dill2	exact k=8	50	5.0
P66	hp_thomas_dill2	exact k=8	52	3.0
P66	hp_thomas_dill2	exact k=8	54	1.0
P66	hp_thomas_dill2	exact k=8	55	5.0
P66	hp_thomas_dill2	exact k=8	56	8.0
P66	hp_thomas_dill2	exact k=8	57	6.0
P66	hp_thomas_dill2	exact k=8	58	2.0
P66	hp_thomas_dill2	exact k=8	59	1.0
P66	hp_thomas_dill2	exact k=8	60	1.0
P66	hp_thomas_dill2	exact k=8	62	1.0
P66	hp_thomas_dill2	exact k=8	64	2.0
P66	hp_thomas_dill2	exact k=8	68	10.0
P66	hp_thomas_dill2	exact k=8	69	3.0
P66	hp_thomas_dill2	exact k=8	74	3.0
P66	hp_thomas_dill2	exact k=8	76	2.0
P66	hp_thomas_dill2	exact k=8	79	1.0
P66	hp_thomas_dill2	exact k=8	81	3.0
P66	hp_thomas_dill2	exact k=8	84	2.0
P66	hp_thomas_dill2	exact k=8	85	7.0
P66	hp_thomas_dill2	exact k=8	96	1.0
P66	hp_thomas_dill2	exact k=8	100	4.0
P66	hp_thomas_dill2	exact k=8	101	1.0
P66	hp_thomas_dill2	exact k=8	102	1.0
P66	hp_thomas_dill2	exact k=8	109	1.0
P66	hp_thomas_dill2	exact k=8	110	2.0
P66	hp_thomas_dill2	exact k=8	111	1.0
P66	hp_thomas_dill2	exact k=8	114	5.0
P66	hp_thomas_dill2	exact k=8	115	1.0
P66	hp_thomas_dill2	exact k=8	116	1.0
P66	hp_thomas_dill2	exact k=8	117	2.0
P66	hp_thomas_dill2	exact k=8	122	3.0
P66	hp_thomas_dill2	exact k=8	126	2.0
P66	hp_thomas_dill2	exact k=8	133	1.0
P66	hp_thomas_dill2	exact k=8	141	2.0
P66	hp_thomas_dill2	exact k=8	146	4.0
P66	hp_thomas_dill2	exact k=8	147	3.0
P66	hp_thomas_dill2	exact k=8	156	1.0
P66	hp_thomas_dill2	exact k=8	165	2.0
P66	hp_thomas_dill2	exact k=8	166	6.0
P66	hp_thomas_dill2	exact k=8	180	4.0
P66	hp_thomas_dill2	exact k=8	186	1.0
P66	hp_thomas_dill2	exact k=8	190	1.0
P66	hp_thomas_dill2	exact k=8	210	1.0
P66	hp_thomas_dill2	exact k=8	222	3.0
P66	hp_thomas_dill2	exact k=8	236	1.0
P66	hp_thomas_dill2	exact k=8	242	3.0
P66	hp_thomas_dill2	exact k=8	255	1.0
P66	hp_thomas_dill2	exact k=8	261	2.0
P66	hp_thomas_dill2	exact k=8	272	1.0
P66	hp_thomas_dill2	exact k=8	278	1.0
P66	hp_thomas_dill2	exact k=8	309	1.0
P66	hp_thomas_dill2	exact k=8, scaled 2	-572	2.0
P66	hp_thomas_dill2	exact k=8, scaled 2	-568	1.0
P66	hp_thomas_dill2	exact k=8, scaled 2	-532	2.0
P66	hp_thomas_dill2	exact k=8, scaled 2	-531	1.0
P66	hp_thomas_dill2	exact k=8, scaled 2	-509	3.0
P66	hp_thomas_dill2	exact k=8, scaled 2	-505	2.0
P66	hp_thomas_dill2	exact k=8, scaled 2	-490	1.0
P66	hp_thomas_dill2	exact k=8, scaled 2	-484	1.0
P66	hp_thomas_dill2	exact k=8, scaled 2	-477	3.0
P66	hp_thomas_dill2	exact k=8, scaled 2	-468	2.0
P66	hp_thomas_dill2	exact k=8, scaled 2	-465	5.0
P66	hp_thomas_dill2	exact k=8, scaled 2	-464	1.0
P66	hp_thomas_dill2	exact k=8, scaled 2	-460	1.0
P66	hp_thomas_dill2	exact k=8, scaled 2	-455	1.0
P66	hp_thomas_dill2	exact k=8, scaled 2	-454	2.0
P66	hp_thomas_dill2	exact k=8, scaled 2	-449	2.0
P66	hp_thomas_dill2	exact k=8, scaled 2	-437	2.0
P66	hp_thomas_dill2	exact k=8, scaled 2	-427	1.0
P66	hp_thomas_dill2	exact k=8, scaled 2	-425	2.0
P66	hp_thomas_dill2	exact k=8, scaled 2	-407	1.0
P66	hp_thomas_dill2	exact k=8, scaled 2	-396	2.0
P66	hp_thomas_dill2	exact k=8, scaled 2	-394	1.0
P66	hp_thomas_dill2	exact k=8, scaled 2	-393	1.0
P66	hp_thomas_dill2	exact k=8, scaled 2	-386	1.0
P66	hp_thomas_dill2	exact k=8, scaled 2	-382	1.0
P66	hp_thomas_dill2	exact k=8, scaled 2	-381	1.0
P66	hp_thomas_dill2	exact k=8, scaled 2	-380	2.0
P66	hp_thomas_dill2	exact k=8, scaled 2	-355	3.0
P66	hp_thomas_dill2	exact k=8, scaled 2	-351	2.0
P66	hp_thomas_dill2	exact k=8, scaled 2	-348	3.0
P66	hp_thomas_dill2	exact k=8, scaled 2	-344	3.0
P66	hp_thomas_dill2	exact k=8, scaled 2	-343	5.0
P66	hp_thomas_dill2	exact k=8, scaled 2	-337	1.0
P66	hp_thomas_dill2	exact k=8, scaled 2	-336	2.0
P66	hp_thomas_dill2	exact k=8, scaled 2	-334	2.0
P66	hp_thomas_dill2	exact k=8, scaled 2	-333	2.0
P66	hp_thomas_dill2	exact k=8, scaled 2	-332	2.0
P66	hp_thomas_dill2	exact k=8, scaled 2	-325	2.0
P66	hp_thomas_dill2	exact k=8, scaled 2	-324	2.0
P66	hp_thomas_dill2	exact k=8, scaled 2	-323	2.0
P66	hp_thomas_dill2	exact k=8, scaled 2	-321	2.0
P66	hp_thomas_dill2	exact k=8, scaled 2	-316	10.0
P66	hp_thomas_dill2	exact k=8, scaled 2	-315	1.0
P66	hp_thomas_dill2	exact k=8, scaled 2	-314	1.0
P66	hp_thomas_dill2	exact k=8, scaled 2	-311	2.0
P66	hp_thomas_dill2	exact k=8, scaled 2	-309	1.0
P66	hp_thomas_dill2	exact k=8, scaled 2	-306	1.0
P66	hp_thomas_dill2	exact k=8, scaled 2	-305	1.0
P66	hp_thomas_dill2	exact k=8, scaled 2	-303	1.0
P66	hp_thomas_dill2	exact k=8, scaled 2	-302	2.0
P66	hp_thomas_dill2	exact k=8, scaled 2	-301	1.0
P66	hp_thomas_dill2	exact k=8, scaled 2	-297	2.0
P66	hp_thomas_dill2	exact k=8, scaled 2	-288	1.0
P66	hp_thomas_dill2	exact k=8, scaled 2	-282	2.0
P66	hp_thomas_dill2	exact k=8, scaled 2	-277	1.0
P66	hp_thomas_dill2	exact k=8, scaled 2	-273	1.0
P66	hp_thomas_dill2	exact k=8, scaled 2	-271	3.0
P66	hp_thomas_dill2	exact k=8, scaled 2	-270	1.0
P66	hp_thomas_dill2	exact k=8, scaled 2	-267	1.0
P66	hp_thomas_dill2	exact k=8, scaled 2	-263	2.0
P66	hp_thomas_dill2	exact k=8, scaled 2	-261	2.0
P66	hp_thomas_dill2	exact k=8, scaled 2	-251	1.0
P66	hp_thomas_dill2	exact k=8, scaled 2	-250	1.0
P66	hp_thomas_dill2	exact k=8, scaled 2	-245	3.0
P66	hp_thomas_dill2	exact k=8, scaled 2	-242	4.0
P66	hp_thomas_dill2	exact k=8, scaled 2	-240	2.0
P66	hp_thomas_dill2	exact k=8, scaled 2	-239	2.0
P66	hp_thomas_dill2	exact k=8, scaled 2	-238	3.0
P66	hp_thomas_dill2	exact k=8, scaled 2	-237	2.0
P66	hp_thomas_dill2	exact k=8, scaled 2	-234	3.0
P66	hp_thomas_dill2	exact k=8, scaled 2	-230	3.0
P66	hp_thomas_dill2	exact k=8, scaled 2	-228	1.0
P66	hp_thomas_dill2	exact k=8, scaled 2	-226	2.0
P66	hp_thomas_dill2	exact k=8, scaled 2	-223	1.0
P66	hp_thomas_dill2	exact k=8, scaled 2	-221	1.0
P66	hp_thomas_dill2	exact k=8, scaled 2	-218	2.0
P66	hp_thomas_dill2	exact k=8, scaled 2	-216	2.0
P66	hp_thomas_dill2	exact k=8, scaled 2	-214	2.0
P66	hp_thomas_dill2	exact k=8, scaled 2	-204	1.0
P66	hp_thomas_dill2	exact k=8, scaled 2	-202	1.0
P66	hp_thomas_dill2	exact k=8, scaled 2	-199	4.0
P66	hp_thomas_dill2	exact k=8, scaled 2	-194	2.0
P66	hp_thomas_dill2	exact k=8, scaled 2	-190	2.0
P66	hp_thomas_dill2	exact k=8, scaled 2	-188	1.0
P66	hp_thomas_dill2	exact k=8, scaled 2	-182	1.0
P66	hp_thomas_dill2	exact k=8, scaled 2	-171	1.0
P66	hp_thomas_dill2	exact k=8, scaled 2	-169	2.0
P66	hp_thomas_dill2	exact k=8, scaled 2	-166	5.0
P66	hp_thomas_dill2	exact k=8, scaled 2	-164	6.0
P66	hp_thomas_dill2	exact k=8, scaled 2	-162	2.0
P66	hp_thomas_dill2	exact k=8, scaled 2	-157	3.0
P66	hp_thomas_dill2	exact k=8, scaled 2	-151	2.0
P66	hp_thomas_dill2	exact k=8, scaled 2	-150	5.0
P66	hp_thomas_dill2	exact k=8, scaled 2	-149	3.0
P66	hp_thomas_dill2	exact k=8, scaled 2	-148	1.0
P66	hp_thomas_dill2	exact k=8, scaled 2	-145	2.0
P66	hp_thomas_dill2	exact k=8, scaled 2	-144	5.0
P66	hp_thomas_dill2	exact k=8, scaled 2	-142	3.0
P66	hp_thomas_dill2	exact k=8, scaled 2	-141	2.0
P66	hp_thomas_dill2	exact k=8, scaled 2	-139	3.0
P66	hp_thomas_dill2	exact k=8, scaled 2	-137	2.0
P66	hp_thomas_dill2	exact k=8, scaled 2	-136	1.0
P66	hp_thomas_dill2	exact k=8, scaled 2	-134	2.0
P66	hp_thomas_dill2	exact k=8, scaled 2	-132	1.0
P66	hp_thomas_dill2	exact k=8, scaled 2	-130	4.0
P66	hp_thomas_dill2	exact k=8, scaled 2	-124	1.0
P66	hp_thomas_dill2	exact k=8, scaled 2	-123	2.0
P66	hp_thomas_dill2	exact k=8, scaled 2	-120	1.0
P66	hp_thomas_dill2	exact k=8, scaled 2	-119	2.0
P66	hp_thomas_dill2	exact k=8, scaled 2	-116	4.0
P66	hp_thomas_dill2	exact k=8, scaled 2	-114	1.0
P66	hp_thomas_dill2	exact k=8, scaled 2	-112	1.0
P66	hp_thomas_dill2	exact k=8, scaled 2	-107	1.0
P66	hp_thomas_dill2	exact k=8, scaled 2	-105	3.0
P66	hp_thomas_dill2	exact k=8, scaled 2	-104	1.0
P66	hp_thomas_dill2	exact k=8, scaled 2	-98	1.0
P66	hp_thomas_dill2	exact k=8, scaled 2	-95	1.0
P66	hp_thomas_dill2	exact k=8, scaled 2	-88	3.0
P66	hp_thomas_dill2	exact k=8, scaled 2	-87	1.0
P66	hp_thomas_dill2	exact k=8, scaled 2	-85	3.0
P66	hp_thomas_dill2	exact k=8, scaled 2	-84	3.0
P66	hp_thomas_dill2	exact k=8, scaled 2	-81	1.0
P66	hp_thomas_dill2	exact k=8, scaled 2	-78	2.0
P66	hp_thomas_dill2	exact k=8, scaled 2	-75	1.0
P66	hp_thomas_dill2	exact k=8, scaled 2	-74	4.0
P66	hp_thomas_dill2	exact k=8, scaled 2	-72	6.0
P66	hp_thomas_dill2	exact k=8, scaled 2	-71	1.0
P66	hp_thomas_dill2	exact k=8, scaled 2	-69	1.0
P66	hp_thomas_dill2	exact k=8, scaled 2	-65	1.0
P66	hp_thomas_dill2	exact k=8, scaled 2	-64	2.0
P66	hp_thomas_dill2	exact k=8, scaled 2	-62	2.0
P66	hp_thomas_dill2	exact k=8, scaled 2	-60	1.0
P66	hp_thomas_dill2	exact k=8, scaled 2	-56	1.0
P66	hp_thomas_dill2	exact k=8, scaled 2	-55	1.0
P66	hp_thomas_dill2	exact k=8, scaled 2	-52	3.0
P66	hp_thomas_dill2	exact k=8, scaled 2	-49	1.0
P66	hp_thomas_dill2	exact k=8, scaled 2	-48	1.0
P66	hp_thomas_dill2	exact k=8, scaled 2	-46	4.0
P66	hp_thomas_dill2	exact k=8, scaled 2	-44	1.0
P66	hp_thomas_dill2	exact k=8, scaled 2	-43	1.0
P66	hp_thomas_dill2	exact k=8, scaled 2	-42	1.0
P66	hp_thomas_dill2	exact k=8, scaled 2	-37	2.0
P66	hp_thomas_dill2	exact k=8, scaled 2	-35	2.0
P66	hp_thomas_dill2	exact k=8, scaled 2	-34	1.0
P66	hp_thomas_dill2	exact k=8, scaled 2	-30	2.0
P66	hp_thomas_dill2	exact k=8, scaled 2	-28	1.0
P66	hp_thomas_dill2	exact k=8, scaled 2	-27	1.0
P66	hp_thomas_dill2	exact k=8, scaled 2	-26	2.0
P66	hp_thomas_dill2	exact k=8, scaled 2	-24	3.0
P66	hp_thomas_dill2	exact k=8, scaled 2	-23	6.0
P66	hp_thomas_dill2	exact k=8, scaled 2	-18	2.0
P66	hp_thomas_dill2	exact k=8, scaled 2	-16	2.0
P66	hp_thomas_dill2	exact k=8, scaled 2	-13	1.0
P66	hp_thomas_dill2	exact k=8, scaled 2	-12	2.0
P66	hp_thomas_dill2	exact k=8, scaled 2	-9	1.0
P66	hp_thomas_dill2	exact k=8, scaled 2	-7	2.0
P66	hp_thomas_dill2	exact k=8, scaled 2	-5	1.0
P66	hp_thomas_dill2	exact k=8, scaled 2	-4	1.0
P66	hp_thomas_dill2	exact k=8, scaled 2	0	8.0
P66	hp_thomas_dill2	exact k=8, scaled 2	1	2.0
P66	hp_thomas_dill2	exact k=8, scaled 2	4	1.0
P66	hp_thomas_dill2	exact k=8, scaled 2	5	1.0
P66	hp_thomas_dill2	exact k=8, scaled 2	9	1.0
P66	hp_thomas_dill2	exact k=8, scaled 2	10	1.0
P66	hp_thomas_dill2	exact k=8, scaled 2	12	2.0
P66	hp_thomas_dill2	exact k=8, scaled 2	14	3.0
P66	hp_thomas_dill2	exact k=8, scaled 2	21	1.0
P66	hp_thomas_dill2	exact k=8, scaled 2	27	3.0
P66	hp_thomas_dill2	exact k=8, scaled 2	28	6.0
P66	hp_thomas_dill2	exact k=8, scaled 2	33	1.0
P66	hp_thomas_dill2	exact k=8, scaled 2	36	1.0
P66	hp_thomas_dill2	exact k=8, scaled 2	37	2.0
P66	hp_thomas_dill2	exact k=8, scaled 2	40	3.0
P66	hp_thomas_dill2	exact k=8, scaled 2	42	1.0
P66	hp_thomas_dill2	exact k=8, scaled 2	43	3.0
P66	hp_thomas_dill2	exact k=8, scaled 2	45	2.0
P66	hp_thomas_dill2	exact k=8, scaled 2	49	2.0
P66	hp_thomas_dill2	exact k=8, scaled 2	50	3.0
P66	hp_thomas_dill2	exact k=8, scaled 2	52	2.0
P66	hp_thomas_dill2	exact k=8, scaled 2	54	1.0
P66	hp_thomas_dill2	exact k=8, scaled 2	55	2.0
P66	hp_thomas_dill2	exact k=8, scaled 2	56	5.0
P66	hp_thomas_dill2	exact k=8, scaled 2	57	5.0
P66	hp_thomas_dill2	exact k=8, scaled 2	60	1.0
P66	hp_thomas_dill2	exact k=8, scaled 2	62	1.0
P66	hp_thomas_dill2	exact k=8, scaled 2	64	1.0
P66	hp_thomas_dill2	exact k=8, scaled 2	68	7.0
P66	hp_thomas_dill2	exact k=8, scaled 2	69	2.0
P66	hp_thomas_dill2	exact k=8, scaled 2	74	3.0
P66	hp_thomas_dill2	exact k=8, scaled 2	76	2.0
P66	hp_thomas_dill2	exact k=8, scaled 2	81	2.0
P66	hp_thomas_dill2	exact k=8, scaled 2	84	1.0
P66	hp_thomas_dill2	exact k=8, scaled 2	85	5.0
P66	hp_thomas_dill2	exact k=8, scaled 2	96	1.0
P66	hp_thomas_dill2	exact k=8, scaled 2	100	2.0
P66	hp_thomas_dill2	exact k=8, scaled 2	102	1.0
P66	hp_thomas_dill2	exact k=8, scaled 2	111	1.0
P66	hp_thomas_dill2	exact k=8, scaled 2	114	4.0
P66	hp_thomas_dill2	exact k=8, scaled 2	116	1.0
P66	hp_thomas_dill2	exact k=8, scaled 2	117	1.0
P66	hp_thomas_dill2	exact k=8, scaled 2	122	2.0
P66	hp_thomas_dill2	exact k=8, scaled 2	126	1.0
P66	hp_thomas_dill2	exact k=8, scaled 2	133	1.0
P66	hp_thomas_dill2	exact k=8, scaled 2	146	1.0
P66	hp_thomas_dill2	exact k=8, scaled 2	147	1.0
P66	hp_thomas_dill2	exact k=8, scaled 2	156	1.0
P66	hp_thomas_dill2	exact k=8, scaled 2	165	1.0
P66	hp_thomas_dill2	exact k=8, scaled 2	166	5.0
P66	hp_thomas_dill2	exact k=8, scaled 2	180	3.0
P66	hp_thomas_dill2	exact k=8, scaled 2	190	1.0
P66	hp_thomas_dill2	exact k=8, scaled 2	210	1.0
P66	hp_thomas_dill2	exact k=8, scaled 2	222	1.0
P66	hp_thomas_dill2	exact k=8, scaled 2	236	1.0
P66	hp_thomas_dill2	exact k=8, scaled 2	242	2.0
P66	hp_thomas_dill2	exact k=8, scaled 2	255	1.0
P66	hp_thomas_dill2	exact k=8, scaled 2	261	2.0
P66	hp_thomas_dill2	exact k=8, scaled 2	272	1.0
P66	hp_thomas_dill2	exact k=8, scaled 2	278	1.0
P66	hp_thomas_dill2	exact k=8, scaled 2	309	1.0
P66	hp_thomas_dill2	exact k=10	-509	1.0
P66	hp_thomas_dill2	exact k=10	-505	4.0
P66	hp_thomas_dill2	exact k=10	-477	2.0
P66	hp_thomas_dill2	exact k=10	-465	5.0
P66	hp_thomas_dill2	exact k=10	-460	3.0
P66	hp_thomas_dill2	exact k=10	-437	2.0
P66	hp_thomas_dill2	exact k=10	-386	1.0
P66	hp_thomas_dill2	exact k=10	-355	2.0
P66	hp_thomas_dill2	exact k=10	-348	3.0
P66	hp_thomas_dill2	exact k=10	-344	2.0
P66	hp_thomas_dill2	exact k=10	-343	8.0
P66	hp_thomas_dill2	exact k=10	-333	1.0
P66	hp_thomas_dill2	exact k=10	-325	3.0
P66	hp_thomas_dill2	exact k=10	-324	1.0
P66	hp_thomas_dill2	exact k=10	-321	3.0
P66	hp_thomas_dill2	exact k=10	-316	10.0
P66	hp_thomas_dill2	exact k=10	-315	2.0
P66	hp_thomas_dill2	exact k=10	-302	1.0
P66	hp_thomas_dill2	exact k=10	-284	1.0
P66	hp_thomas_dill2	exact k=10	-282	1.0
P66	hp_thomas_dill2	exact k=10	-277	1.0
P66	hp_thomas_dill2	exact k=10	-263	1.0
P66	hp_thomas_dill2	exact k=10	-250	1.0
P66	hp_thomas_dill2	exact k=10	-245	1.0
P66	hp_thomas_dill2	exact k=10	-242	4.0
P66	hp_thomas_dill2	exact k=10	-238	3.0
P66	hp_thomas_dill2	exact k=10	-237	1.0
P66	hp_thomas_dill2	exact k=10	-226	2.0
P66	hp_thomas_dill2	exact k=10	-216	1.0
P66	hp_thomas_dill2	exact k=10	-214	1.0
P66	hp_thomas_dill2	exact k=10	-199	2.0
P66	hp_thomas_dill2	exact k=10	-190	3.0
P66	hp_thomas_dill2	exact k=10	-166	5.0
P66	hp_thomas_dill2	exact k=10	-164	6.0
P66	hp_thomas_dill2	exact k=10	-157	1.0
P66	hp_thomas_dill2	exact k=10	-151	1.0
P66	hp_thomas_dill2	exact k=10	-150	8.0
P66	hp_thomas_dill2	exact k=10	-149	2.0
P66	hp_thomas_dill2	exact k=10	-148	1.0
P66	hp_thomas_dill2	exact k=10	-144	4.0
P66	hp_thomas_dill2	exact k=10	-142	1.0
P66	hp_thomas_dill2	exact k=10	-141	1.0
P66	hp_thomas_dill2	exact k=10	-139	1.0
P66	hp_thomas_dill2	exact k=10	-134	2.0
P66	hp_thomas_dill2	exact k=10	-130	2.0
P66	hp_thomas_dill2	exact k=10	-112	3.0
P66	hp_thomas_dill2	exact k=10	-107	1.0
P66	hp_thomas_dill2	exact k=10	-98	1.0
P66	hp_thomas_dill2	exact k=10	-88	2.0
P66	hp_thomas_dill2	exact k=10	-85	1.0
P66	hp_thomas_dill2	exact k=10	-84	4.0
P66	hp_thomas_dill2	exact k=10	-72	4.0
P66	hp_thomas_dill2	exact k=10	-69	2.0
P66	hp_thomas_dill2	exact k=10	-64	1.0
P66	hp_thomas_dill2	exact k=10	-56	1.0
P66	hp_thomas_dill2	exact k=10	-52	3.0
P66	hp_thomas_dill2	exact k=10	-46	1.0
P66	hp_thomas_dill2	exact k=10	-30	1.0
P66	hp_thomas_dill2	exact k=10	-24	1.0
P66	hp_thomas_dill2	exact k=10	-23	6.0
P66	hp_thomas_dill2	exact k=10	-16	2.0
P66	hp_thomas_dill2	exact k=10	-12	2.0
P66	hp_thomas_dill2	exact k=10	-7	1.0
P66	hp_thomas_dill2	exact k=10	0	3.0
P66	hp_thomas_dill2	exact k=10	1	2.0
P66	hp_thomas_dill2	exact k=10	12	1.0
P66	hp_thomas_dill2	exact k=10	14	1.0
P66	hp_thomas_dill2	exact k=10	27	4.0
P66	hp_thomas_dill2	exact k=10	28	5.0
P66	hp_thomas_dill2	exact k=10	36	2.0
P66	hp_thomas_dill2	exact k=10	40	1.0
P66	hp_thomas_dill2	exact k=10	43	1.0
P66	hp_thomas_dill2	exact k=10	45	1.0
P66	hp_thomas_dill2	exact k=10	50	1.0
P66	hp_thomas_dill2	exact k=10	52	1.0
P66	hp_thomas_dill2	exact k=10	55	3.0
P66	hp_thomas_dill2	exact k=10	56	6.0
P66	hp_thomas_dill2	exact k=10	57	4.0
P66	hp_thomas_dill2	exact k=10	68	6.0
P66	hp_thomas_dill2	exact k=10	69	1.0
P66	hp_thomas_dill2	exact k=10	74	1.0
P66	hp_thomas_dill2	exact k=10	85	5.0
P66	hp_thomas_dill2	exact k=10	100	2.0
P66	hp_thomas_dill2	exact k=10	114	3.0
P66	hp_thomas_dill2	exact k=10	122	1.0
P66	hp_thomas_dill2	exact k=10	146	1.0
P66	hp_thomas_dill2	exact k=10	166	4.0
P66	hp_thomas_dill2	exact k=10	180	2.0
P66	hp_thomas_dill2	exact k=10	222	1.0
P66	hp_thomas_dill2	exact k=10	242	1.0
P66	hp_thomas_dill2	exact k=10, scaled 2	-509	1.0
P66	hp_thomas_dill2	exact k=10, scaled 2	-477	2.0
P66	hp_thomas_dill2	exact k=10, scaled 2	-465	2.0
P66	hp_thomas_dill2	exact k=10, scaled 2	-460	3.0
P66	hp_thomas_dill2	exact k=10, scaled 2	-437	1.0
P66	hp_thomas_dill2	exact k=10, scaled 2	-386	1.0
P66	hp_thomas_dill2	exact k=10, scaled 2	-355	1.0
P66	hp_thomas_dill2	exact k=10, scaled 2	-348	2.0
P66	hp_thomas_dill2	exact k=10, scaled 2	-344	1.0
P66	hp_thomas_dill2	exact k=10, scaled 2	-343	3.0
P66	hp_thomas_dill2	exact k=10, scaled 2	-333	1.0
P66	hp_thomas_dill2	exact k=10, scaled 2	-325	1.0
P66	hp_thomas_dill2	exact k=10, scaled 2	-324	1.0
P66	hp_thomas_dill2	exact k=10, scaled 2	-321	1.0
P66	hp_thomas_dill2	exact k=10, scaled 2	-316	7.0
P66	hp_thomas_dill2	exact k=10, scaled 2	-315	2.0
P66	hp_thomas_dill2	exact k=10, scaled 2	-302	1.0
P66	hp_thomas_dill2	exact k=10, scaled 2	-284	1.0
P66	hp_thomas_dill2	exact k=10, scaled 2	-282	1.0
P66	hp_thomas_dill2	exact k=10, scaled 2	-277	1.0
P66	hp_thomas_dill2	exact k=10, scaled 2	-250	1.0
P66	hp_thomas_dill2	exact k=10, scaled 2	-242	1.0
P66	hp_thomas_dill2	exact k=10, scaled 2	-238	3.0
P66	hp_thomas_dill2	exact k=10, scaled 2	-226	2.0
P66	hp_thomas_dill2	exact k=10, scaled 2	-214	1.0
P66	hp_thomas_dill2	exact k=10, scaled 2	-166	4.0
P66	hp_thomas_dill2	exact k=10, scaled 2	-164	2.0
P66	hp_thomas_dill2	exact k=10, scaled 2	-151	1.0
P66	hp_thomas_dill2	exact k=10, scaled 2	-150	3.0
P66	hp_thomas_dill2	exact k=10, scaled 2	-149	1.0
P66	hp_thomas_dill2	exact k=10, scaled 2	-148	1.0
P66	hp_thomas_dill2	exact k=10, scaled 2	-144	2.0
P66	hp_thomas_dill2	exact k=10, scaled 2	-142	1.0
P66	hp_thomas_dill2	exact k=10, scaled 2	-141	1.0
P66	hp_thomas_dill2	exact k=10, scaled 2	-134	1.0
P66	hp_thomas_dill2	exact k=10, scaled 2	-130	1.0
P66	hp_thomas_dill2	exact k=10, scaled 2	-112	3.0
P66	hp_thomas_dill2	exact k=10, scaled 2	-98	1.0
P66	hp_thomas_dill2	exact k=10, scaled 2	-88	1.0
P66	hp_thomas_dill2	exact k=10, scaled 2	-84	3.0
P66	hp_thomas_dill2	exact k=10, scaled 2	-72	2.0
P66	hp_thomas_dill2	exact k=10, scaled 2	-69	1.0
P66	hp_thomas_dill2	exact k=10, scaled 2	-46	1.0
P66	hp_thomas_dill2	exact k=10, scaled 2	-23	1.0
P66	hp_thomas_dill2	exact k=10, scaled 2	-7	1.0
P66	hp_thomas_dill2	exact k=10, scaled 2	0	2.0
P66	hp_thomas_dill2	exact k=10, scaled 2	27	1.0
P66	hp_thomas_dill2	exact k=10, scaled 2	28	2.0
P66	hp_thomas_dill2	exact k=10, scaled 2	36	2.0
P66	hp_thomas_dill2	exact k=10, scaled 2	43	1.0
P66	hp_thomas_dill2	exact k=10, scaled 2	50	1.0
P66	hp_thomas_dill2	exact k=10, scaled 2	55	2.0
P66	hp_thomas_dill2	exact k=10, scaled 2	56	3.0
P66	hp_thomas_dill2	exact k=10, scaled 2	57	1.0
P66	hp_thomas_dill2	exact k=10, scaled 2	68	2.0
P66	hp_thomas_dill2	exact k=10, scaled 2	74	1.0
P66	hp_thomas_dill2	exact k=10, scaled 2	85	1.0
P66	hp_thomas_dill2	exact k=10, scaled 2	100	2.0
P66	hp_thomas_dill2	exact k=10, scaled 2	114	3.0
P66	hp_thomas_dill2	exact k=10, scaled 2	166	3.0
P66	hp_thomas_dill2	exact k=10, scaled 2	180	1.0
P66	hp_thomas_dill2	exact k=10, scaled 2	242	1.0
P66	hp_thomas_dill2	exact k=12	-505	2.0
P66	hp_thomas_dill2	exact k=12	-465	3.0
P66	hp_thomas_dill2	exact k=12	-460	1.0
P66	hp_thomas_dill2	exact k=12	-348	1.0
P66	hp_thomas_dill2	exact k=12	-343	4.0
P66	hp_thomas_dill2	exact k=12	-325	1.0
P66	hp_thomas_dill2	exact k=12	-321	1.0
P66	hp_thomas_dill2	exact k=12	-316	8.0
P66	hp_thomas_dill2	exact k=12	-242	2.0
P66	hp_thomas_dill2	exact k=12	-238	1.0
P66	hp_thomas_dill2	exact k=12	-190	1.0
P66	hp_thomas_dill2	exact k=12	-166	3.0
P66	hp_thomas_dill2	exact k=12	-164	4.0
P66	hp_thomas_dill2	exact k=12	-150	6.0
P66	hp_thomas_dill2	exact k=12	-144	2.0
P66	hp_thomas_dill2	exact k=12	-112	1.0
P66	hp_thomas_dill2	exact k=12	-84	2.0
P66	hp_thomas_dill2	exact k=12	-72	1.0
P66	hp_thomas_dill2	exact k=12	-52	1.0
P66	hp_thomas_dill2	exact k=12	-23	4.0
P66	hp_thomas_dill2	exact k=12	27	2.0
P66	hp_thomas_dill2	exact k=12	28	3.0
P66	hp_thomas_dill2	exact k=12	55	1.0
P66	hp_thomas_dill2	exact k=12	56	4.0
P66	hp_thomas_dill2	exact k=12	57	2.0
P66	hp_thomas_dill2	exact k=12	68	4.0
P66	hp_thomas_dill2	exact k=12	85	3.0
P66	hp_thomas_dill2	exact k=12	114	1.0
P66	hp_thomas_dill2	exact k=12	166	2.0
P66	hp_thomas_dill2	exact k=12, scaled 2	-505	2.0
P66	hp_thomas_dill2	exact k=12, scaled 2	-465	3.0
P66	hp_thomas_dill2	exact k=12, scaled 2	-348	1.0
P66	hp_thomas_dill2	exact k=12, scaled 2	-343	2.0
P66	hp_thomas_dill2	exact k=12, scaled 2	-325	1.0
P66	hp_thomas_dill2	exact k=12, scaled 2	-316	3.0
P66	hp_thomas_dill2	exact k=12, scaled 2	-242	2.0
P66	hp_thomas_dill2	exact k=12, scaled 2	-190	1.0
P66	hp_thomas_dill2	exact k=12, scaled 2	-164	1.0
P66	hp_thomas_dill2	exact k=12, scaled 2	-150	5.0
P66	hp_thomas_dill2	exact k=12, scaled 2	-84	1.0
P66	hp_thomas_dill2	exact k=12, scaled 2	-52	1.0
P66	hp_thomas_dill2	exact k=12, scaled 2	-23	3.0
P66	hp_thomas_dill2	exact k=12, scaled 2	27	1.0
P66	hp_thomas_dill2	exact k=12, scaled 2	28	1.0
P66	hp_thomas_dill2	exact k=12, scaled 2	55	1.0
P66	hp_thomas_dill2	exact k=12, scaled 2	56	3.0
P66	hp_thomas_dill2	exact k=12, scaled 2	57	1.0
P66	hp_thomas_dill2	exact k=12, scaled 2	68	2.0
P66	hp_thomas_dill2	exact k=12, scaled 2	85	2.0
P66	hp_thomas_dill2	exact k=12, scaled 2	114	1.0
P66	hp_thomas_dill2	exact k=12, scaled 2	166	1.0
P66	hp_thomas_dill2	exact k=14	-465	1.0
P66	hp_thomas_dill2	exact k=14	-343	2.0
P66	hp_thomas_dill2	exact k=14	-316	6.0
P66	hp_thomas_dill2	exact k=14	-166	1.0
P66	hp_thomas_dill2	exact k=14	-164	2.0
P66	hp_thomas_dill2	exact k=14	-150	4.0
P66	hp_thomas_dill2	exact k=14	-23	2.0
P66	hp_thomas_dill2	exact k=14	28	1.0
P66	hp_thomas_dill2	exact k=14	56	2.0
P66	hp_thomas_dill2	exact k=14	68	2.0
P66	hp_thomas_dill2	exact k=14	85	1.0
P66	hp_thomas_dill2	exact k=14, scaled 2	-343	2.0
P66	hp_thomas_dill2	exact k=14, scaled 2	-316	2.0
P66	hp_thomas_dill2	exact k=14, scaled 2	-166	1.0
P66	hp_thomas_dill2	exact k=14, scaled 2	-164	2.0
P66	hp_thomas_dill2	exact k=14, scaled 2	-150	3.0
P66	hp_thomas_dill2	exact k=14, scaled 2	-23	1.0
P66	hp_thomas_dill2	exact k=14, scaled 2	28	1.0
P66	hp_thomas_dill2	exact k=14, scaled 2	56	1.0
P66	hp_thomas_dill2	exact k=14, scaled 2	68	2.0
P66	hp_thomas_dill2	exact k=14, scaled 2	85	1.0
P66	hp_thomas_dill2	exact k=16	-316	4.0
P66	hp_thomas_dill2	exact k=16	-150	2.0
P66	hp_thomas_dill2	exact k=16, scaled 2	-316	3.0
P66	hp_thomas_dill2	exact k=16, scaled 2	-150	1.0
P66	hp_thomas_dill2	exact k=18	-316	2.0
P66	hp_thomas_dill2	exact k=18, scaled 2	-316	1.0
P66	hp_thomas_dill2	spaced 11011011011011011	-355	2.0
P66	hp_thomas_dill2	spaced 11011011011011011	-344	1.0
P66	hp_thomas_dill2	spaced 11011011011011011	-336	2.0
P66	hp_thomas_dill2	spaced 11011011011011011	-316	3.0
P66	hp_thomas_dill2	spaced 11011011011011011	-309	1.0
P66	hp_thomas_dill2	spaced 11011011011011011	-273	1.0
P66	hp_thomas_dill2	spaced 11011011011011011	-270	1.0
P66	hp_thomas_dill2	spaced 11011011011011011	-262	1.0
P66	hp_thomas_dill2	spaced 11011011011011011	-234	1.0
P66	hp_thomas_dill2	spaced 11011011011011011	-233	2.0
P66	hp_thomas_dill2	spaced 11011011011011011	-228	2.0
P66	hp_thomas_dill2	spaced 11011011011011011	-208	1.0
P66	hp_thomas_dill2	spaced 11011011011011011	-166	1.0
P66	hp_thomas_dill2	spaced 11011011011011011	-163	1.0
P66	hp_thomas_dill2	spaced 11011011011011011	-150	2.0
P66	hp_thomas_dill2	spaced 11011011011011011	-141	1.0
P66	hp_thomas_dill2	spaced 11011011011011011	-130	2.0
P66	hp_thomas_dill2	spaced 11011011011011011	-116	1.0
P66	hp_thomas_dill2	spaced 11011011011011011	-84	1.0
P66	hp_thomas_dill2	spaced 11011011011011011	-75	2.0
P66	hp_thomas_dill2	spaced 11011011011011011	-71	1.0
P66	hp_thomas_dill2	spaced 11011011011011011	-48	1.0
P66	hp_thomas_dill2	spaced 11011011011011011	-34	2.0
P66	hp_thomas_dill2	spaced 11011011011011011	52	1.0
P66	hp_thomas_dill2	spaced 11011011011011011	56	2.0
P66	hp_thomas_dill2	spaced 11011011011011011	65	1.0
P66	hp_thomas_dill2	spaced 11011011011011011	68	1.0
P66	hp_thomas_dill2	spaced 11011011011011011	85	2.0
P66	hp_thomas_dill2	spaced 11011011011011011	93	1.0
P66	hp_thomas_dill2	spaced 11011011011011011	117	1.0
P66	hp_thomas_dill2	spaced 11011011011011011	128	1.0
P66	hp_thomas_dill2	spaced 11011011011011011	147	2.0
P66	hp_thomas_dill2	spaced 11011011011011011	177	1.0
P66	hp_thomas_dill2	spaced 11011011011011011	272	1.0
P66	hp_thomas_dill2	spaced 11011011011011011, scaled 2	-355	2.0
P66	hp_thomas_dill2	spaced 11011011011011011, scaled 2	-336	2.0
P66	hp_thomas_dill2	spaced 11011011011011011, scaled 2	-273	1.0
P66	hp_thomas_dill2	spaced 11011011011011011, scaled 2	-270	1.0
P66	hp_thomas_dill2	spaced 11011011011011011, scaled 2	-233	2.0
P66	hp_thomas_dill2	spaced 11011011011011011, scaled 2	-228	2.0
P66	hp_thomas_dill2	spaced 11011011011011011, scaled 2	-71	1.0
P66	hp_thomas_dill2	spaced 11011011011011011, scaled 2	-48	1.0
P66	hp_thomas_dill2	spaced 11011011011011011, scaled 2	52	1.0
P66	hp_thomas_dill2	spaced 11011011011011011, scaled 2	56	1.0
P66	hp_thomas_dill2	spaced 11011011011011011, scaled 2	85	1.0
P66	hp_thomas_dill2	spaced 11011011011011011, scaled 2	147	2.0
P66	hp_thomas_dill2	spaced 10101010101010101010101	-343	1.0
P66	hp_thomas_dill2	spaced 10101010101010101010101	-333	3.0
P66	hp_thomas_dill2	spaced 10101010101010101010101	-317	1.0
P66	hp_thomas_dill2	spaced 10101010101010101010101	-311	1.0
P66	hp_thomas_dill2	spaced 10101010101010101010101	-299	3.0
P66	hp_thomas_dill2	spaced 10101010101010101010101	-273	1.0
P66	hp_thomas_dill2	spaced 10101010101010101010101	-261	1.0
P66	hp_thomas_dill2	spaced 10101010101010101010101	-208	3.0
P66	hp_thomas_dill2	spaced 10101010101010101010101	-150	1.0
P66	hp_thomas_dill2	spaced 10101010101010101010101	-136	1.0
P66	hp_thomas_dill2	spaced 10101010101010101010101	-130	9.0
P66	hp_thomas_dill2	spaced 10101010101010101010101	-116	3.0
P66	hp_thomas_dill2	spaced 10101010101010101010101	-49	1.0
P66	hp_thomas_dill2	spaced 10101010101010101010101	36	1.0
P66	hp_thomas_dill2	spaced 10101010101010101010101	56	1.0
P66	hp_thomas_dill2	spaced 10101010101010101010101	160	3.0
P66	hp_thomas_dill2	spaced 10101010101010101010101	174	1.0
P66	hp_thomas_dill2	spaced 10101010101010101010101	189	1.0
P66	hp_thomas_dill2	spaced 10101010101010101010101	257	1.0
P66	hp_thomas_dill2	spaced 10101010101010101010101, scaled 2	-333	2.0
P66	hp_thomas_dill2	spaced 10101010101010101010101, scaled 2	-299	2.0
P66	hp_thomas_dill2	spaced 10101010101010101010101, scaled 2	-208	2.0
P66	hp_thomas_dill2	spaced 10101010101010101010101, scaled 2	-150	1.0
P66	hp_thomas_dill2	spaced 10101010101010101010101, scaled 2	-136	1.0
P66	hp_thomas_dill2	spaced 10101010101010101010101, scaled 2	-130	2.0
P66	hp_thomas_dill2	spaced 10101010101010101010101, scaled 2	-116	2.0
P66	hp_thomas_dill2	spaced 10101010101010101010101, scaled 2	-49	1.0
P66	hp_thomas_dill2	spaced 10101010101010101010101, scaled 2	36	1.0
P66	hp_thomas_dill2	spaced 10101010101010101010101, scaled 2	160	3.0
P66	hp_thomas_dill2	spaced 10101010101010101010101, scaled 2	189	1.0
P66	hp_thomas_dill2	spaced 10101010101010101010101, scaled 2	257	1.0
P66	hp_thomas_dill2	spaced 1010101010101010101010101010101	-130	4.0
P66	hp_thomas_dill2	spaced 1010101010101010101010101010101, scaled 2	-130	3.0
P66	hp_thomas_dill2	spaced 111010010100110111	-490	1.0
P66	hp_thomas_dill2	spaced 111010010100110111	-464	1.0
P66	hp_thomas_dill2	spaced 111010010100110111	-460	1.0
P66	hp_thomas_dill2	spaced 111010010100110111	-401	1.0
P66	hp_thomas_dill2	spaced 111010010100110111	-398	1.0
P66	hp_thomas_dill2	spaced 111010010100110111	-389	1.0
P66	hp_thomas_dill2	spaced 111010010100110111	-377	1.0
P66	hp_thomas_dill2	spaced 111010010100110111	-375	1.0
P66	hp_thomas_dill2	spaced 111010010100110111	-369	1.0
P66	hp_thomas_dill2	spaced 111010010100110111	-360	2.0
P66	hp_thomas_dill2	spaced 111010010100110111	-355	1.0
P66	hp_thomas_dill2	spaced 111010010100110111	-351	1.0
P66	hp_thomas_dill2	spaced 111010010100110111	-333	1.0
P66	hp_thomas_dill2	spaced 111010010100110111	-331	1.0
P66	hp_thomas_dill2	spaced 111010010100110111	-322	1.0
P66	hp_thomas_dill2	spaced 111010010100110111	-318	1.0
P66	hp_thomas_dill2	spaced 111010010100110111	-316	2.0
P66	hp_thomas_dill2	spaced 111010010100110111	-303	1.0
P66	hp_thomas_dill2	spaced 111010010100110111	-297	1.0
P66	hp_thomas_dill2	spaced 111010010100110111	-287	1.0
P66	hp_thomas_dill2	spaced 111010010100110111	-282	3.0
P66	hp_thomas_dill2	spaced 111010010100110111	-281	1.0
P66	hp_thomas_dill2	spaced 111010010100110111	-277	1.0
P66	hp_thomas_dill2	spaced 111010010100110111	-271	1.0
P66	hp_thomas_dill2	spaced 111010010100110111	-268	1.0
P66	hp_thomas_dill2	spaced 111010010100110111	-267	1.0
P66	hp_thomas_dill2	spaced 111010010100110111	-263	1.0
P66	hp_thomas_dill2	spaced 111010010100110111	-249	1.0
P66	hp_thomas_dill2	spaced 111010010100110111	-244	1.0
P66	hp_thomas_dill2	spaced 111010010100110111	-237	1.0
P66	hp_thomas_dill2	spaced 111010010100110111	-234	1.0
P66	hp_thomas_dill2	spaced 111010010100110111	-228	1.0
P66	hp_thomas_dill2	spaced 111010010100110111	-213	1.0
P66	hp_thomas_dill2	spaced 111010010100110111	-186	1.0
P66	hp_thomas_dill2	spaced 111010010100110111	-166	1.0
P66	hp_thomas_dill2	spaced 111010010100110111	-150	1.0
P66	hp_thomas_dill2	spaced 111010010100110111	-136	1.0
P66	hp_thomas_dill2	spaced 111010010100110111	-134	1.0
P66	hp_thomas_dill2	spaced 111010010100110111	-130	2.0
P66	hp_thomas_dill2	spaced 111010010100110111	-129	1.0
P66	hp_thomas_dill2	spaced 111010010100110111	-128	1.0
P66	hp_thomas_dill2	spaced 111010010100110111	-119	1.0
P66	hp_thomas_dill2	spaced 111010010100110111	-116	1.0
P66	hp_thomas_dill2	spaced 111010010100110111	-114	1.0
P66	hp_thomas_dill2	spaced 111010010100110111	-93	1.0
P66	hp_thomas_dill2	spaced 111010010100110111	-75	1.0
P66	hp_thomas_dill2	spaced 111010010100110111	-74	1.0
P66	hp_thomas_dill2	spaced 111010010100110111	-70	1.0
P66	hp_thomas_dill2	spaced 111010010100110111	-53	1.0
P66	hp_thomas_dill2	spaced 111010010100110111	-35	1.0
P66	hp_thomas_dill2	spaced 111010010100110111	-23	1.0
P66	hp_thomas_dill2	spaced 111010010100110111	-13	1.0
P66	hp_thomas_dill2	spaced 111010010100110111	33	1.0
P66	hp_thomas_dill2	spaced 111010010100110111	56	1.0
P66	hp_thomas_dill2	spaced 111010010100110111	64	1.0
P66	hp_thomas_dill2	spaced 111010010100110111	68	1.0
P66	hp_thomas_dill2	spaced 111010010100110111	90	1.0
P66	hp_thomas_dill2	spaced 111010010100110111	95	1.0
P66	hp_thomas_dill2	spaced 111010010100110111	117	1.0
P66	hp_thomas_dill2	spaced 111010010100110111	128	1.0
P66	hp_thomas_dill2	spaced 111010010100110111	180	1.0
P66	hp_thomas_dill2	spaced 111010010100110111, scaled 2	-490	1.0
P66	hp_thomas_dill2	spaced 111010010100110111, scaled 2	-460	1.0
P66	hp_thomas_dill2	spaced 111010010100110111, scaled 2	-398	1.0
P66	hp_thomas_dill2	spaced 111010010100110111, scaled 2	-377	1.0
P66	hp_thomas_dill2	spaced 111010010100110111, scaled 2	-375	1.0
P66	hp_thomas_dill2	spaced 111010010100110111, scaled 2	-360	1.0
P66	hp_thomas_dill2	spaced 111010010100110111, scaled 2	-351	1.0
P66	hp_thomas_dill2	spaced 111010010100110111, scaled 2	-333	1.0
P66	hp_thomas_dill2	spaced 111010010100110111, scaled 2	-318	1.0
P66	hp_thomas_dill2	spaced 111010010100110111, scaled 2	-303	1.0
P66	hp_thomas_dill2	spaced 111010010100110111, scaled 2	-297	1.0
P66	hp_thomas_dill2	spaced 111010010100110111, scaled 2	-282	2.0
P66	hp_thomas_dill2	spaced 111010010100110111, scaled 2	-277	1.0
P66	hp_thomas_dill2	spaced 111010010100110111, scaled 2	-271	1.0
P66	hp_thomas_dill2	spaced 111010010100110111, scaled 2	-268	1.0
P66	hp_thomas_dill2	spaced 111010010100110111, scaled 2	-267	1.0
P66	hp_thomas_dill2	spaced 111010010100110111, scaled 2	-237	1.0
P66	hp_thomas_dill2	spaced 111010010100110111, scaled 2	-234	1.0
P66	hp_thomas_dill2	spaced 111010010100110111, scaled 2	-228	1.0
P66	hp_thomas_dill2	spaced 111010010100110111, scaled 2	-213	1.0
P66	hp_thomas_dill2	spaced 111010010100110111, scaled 2	-186	1.0
P66	hp_thomas_dill2	spaced 111010010100110111, scaled 2	-136	1.0
P66	hp_thomas_dill2	spaced 111010010100110111, scaled 2	-130	2.0
P66	hp_thomas_dill2	spaced 111010010100110111, scaled 2	-119	1.0
P66	hp_thomas_dill2	spaced 111010010100110111, scaled 2	-93	1.0
P66	hp_thomas_dill2	spaced 111010010100110111, scaled 2	-23	1.0
P66	hp_thomas_dill2	spaced 111010010100110111, scaled 2	-13	1.0
P66	hp_thomas_dill2	spaced 111010010100110111, scaled 2	90	1.0
P66	hp_thomas_dill2	spaced 111010010100110111, scaled 2	95	1.0
P66	hp_thomas_dill2	spaced 111010010100110111, scaled 2	128	1.0
P66	hp_thomas_dill2	chained 2 x k=5 in 40	-561	1.0
P66	hp_thomas_dill2	chained 2 x k=5 in 40	-543	1.0
P66	hp_thomas_dill2	chained 2 x k=5 in 40	-542	1.0
P66	hp_thomas_dill2	chained 2 x k=5 in 40	-533	1.0
P66	hp_thomas_dill2	chained 2 x k=5 in 40	-532	6.0
P66	hp_thomas_dill2	chained 2 x k=5 in 40	-524	3.0
P66	hp_thomas_dill2	chained 2 x k=5 in 40	-522	1.0
P66	hp_thomas_dill2	chained 2 x k=5 in 40	-521	2.0
P66	hp_thomas_dill2	chained 2 x k=5 in 40	-516	3.0
P66	hp_thomas_dill2	chained 2 x k=5 in 40	-515	1.0
P66	hp_thomas_dill2	chained 2 x k=5 in 40	-513	3.0
P66	hp_thomas_dill2	chained 2 x k=5 in 40	-509	6.0
P66	hp_thomas_dill2	chained 2 x k=5 in 40	-507	2.0
P66	hp_thomas_dill2	chained 2 x k=5 in 40	-505	4.0
P66	hp_thomas_dill2	chained 2 x k=5 in 40	-504	5.0
P66	hp_thomas_dill2	chained 2 x k=5 in 40	-503	1.0
P66	hp_thomas_dill2	chained 2 x k=5 in 40	-502	1.0
P66	hp_thomas_dill2	chained 2 x k=5 in 40	-498	2.0
P66	hp_thomas_dill2	chained 2 x k=5 in 40	-490	5.0
P66	hp_thomas_dill2	chained 2 x k=5 in 40	-489	1.0
P66	hp_thomas_dill2	chained 2 x k=5 in 40	-488	2.0
P66	hp_thomas_dill2	chained 2 x k=5 in 40	-484	4.0
P66	hp_thomas_dill2	chained 2 x k=5 in 40	-483	6.0
P66	hp_thomas_dill2	chained 2 x k=5 in 40	-479	1.0
P66	hp_thomas_dill2	chained 2 x k=5 in 40	-477	7.0
P66	hp_thomas_dill2	chained 2 x k=5 in 40	-476	1.0
P66	hp_thomas_dill2	chained 2 x k=5 in 40	-474	1.0
P66	hp_thomas_dill2	chained 2 x k=5 in 40	-473	1.0
P66	hp_thomas_dill2	chained 2 x k=5 in 40	-472	1.0
P66	hp_thomas_dill2	chained 2 x k=5 in 40	-471	2.0
P66	hp_thomas_dill2	chained 2 x k=5 in 40	-469	2.0
P66	hp_thomas_dill2	chained 2 x k=5 in 40	-468	2.0
P66	hp_thomas_dill2	chained 2 x k=5 in 40	-466	2.0
P66	hp_thomas_dill2	chained 2 x k=5 in 40	-465	5.0
P66	hp_thomas_dill2	chained 2 x k=5 in 40	-464	5.0
P66	hp_thomas_dill2	chained 2 x k=5 in 40	-462	1.0
P66	hp_thomas_dill2	chained 2 x k=5 in 40	-460	8.0
P66	hp_thomas_dill2	chained 2 x k=5 in 40	-459	3.0
P66	hp_thomas_dill2	chained 2 x k=5 in 40	-458	2.0
P66	hp_thomas_dill2	chained 2 x k=5 in 40	-456	3.0
P66	hp_thomas_dill2	chained 2 x k=5 in 40	-455	3.0
P66	hp_thomas_dill2	chained 2 x k=5 in 40	-454	1.0
P66	hp_thomas_dill2	chained 2 x k=5 in 40	-453	1.0
P66	hp_thomas_dill2	chained 2 x k=5 in 40	-451	1.0
P66	hp_thomas_dill2	chained 2 x k=5 in 40	-448	2.0
P66	hp_thomas_dill2	chained 2 x k=5 in 40	-442	1.0
P66	hp_thomas_dill2	chained 2 x k=5 in 40	-440	2.0
P66	hp_thomas_dill2	chained 2 x k=5 in 40	-439	3.0
P66	hp_thomas_dill2	chained 2 x k=5 in 40	-438	4.0
P66	hp_thomas_dill2	chained 2 x k=5 in 40	-437	6.0
P66	hp_thomas_dill2	chained 2 x k=5 in 40	-436	1.0
P66	hp_thomas_dill2	chained 2 x k=5 in 40	-435	3.0
P66	hp_thomas_dill2	chained 2 x k=5 in 40	-434	1.0
P66	hp_thomas_dill2	chained 2 x k=5 in 40	-433	5.0
P66	hp_thomas_dill2	chained 2 x k=5 in 40	-432	2.0
P66	hp_thomas_dill2	chained 2 x k=5 in 40	-429	3.0
P66	hp_thomas_dill2	chained 2 x k=5 in 40	-428	3.0
P66	hp_thomas_dill2	chained 2 x k=5 in 40	-427	4.0
P66	hp_thomas_dill2	chained 2 x k=5 in 40	-425	2.0
P66	hp_thomas_dill2	chained 2 x k=5 in 40	-424	1.0
P66	hp_thomas_dill2	chained 2 x k=5 in 40	-422	4.0
P66	hp_thomas_dill2	chained 2 x k=5 in 40	-418	1.0
P66	hp_thomas_dill2	chained 2 x k=5 in 40	-416	4.0
P66	hp_thomas_dill2	chained 2 x k=5 in 40	-415	1.0
P66	hp_thomas_dill2	chained 2 x k=5 in 40	-410	4.0
P66	hp_thomas_dill2	chained 2 x k=5 in 40	-409	4.0
P66	hp_thomas_dill2	chained 2 x k=5 in 40	-406	1.0
P66	hp_thomas_dill2	chained 2 x k=5 in 40	-404	1.0
P66	hp_thomas_dill2	chained 2 x k=5 in 40	-402	3.0
P66	hp_thomas_dill2	chained 2 x k=5 in 40	-401	3.0
P66	hp_thomas_dill2	chained 2 x k=5 in 40	-400	3.0
P66	hp_thomas_dill2	chained 2 x k=5 in 40	-398	2.0
P66	hp_thomas_dill2	chained 2 x k=5 in 40	-397	1.0
P66	hp_thomas_dill2	chained 2 x k=5 in 40	-396	3.0
P66	hp_thomas_dill2	chained 2 x k=5 in 40	-395	2.0
P66	hp_thomas_dill2	chained 2 x k=5 in 40	-394	4.0
P66	hp_thomas_dill2	chained 2 x k=5 in 40	-393	1.0
P66	hp_thomas_dill2	chained 2 x k=5 in 40	-389	9.0
P66	hp_thomas_dill2	chained 2 x k=5 in 40	-388	3.0
P66	hp_thomas_dill2	chained 2 x k=5 in 40	-387	7.0
P66	hp_thomas_dill2	chained 2 x k=5 in 40	-386	1.0
P66	hp_thomas_dill2	chained 2 x k=5 in 40	-385	5.0
P66	hp_thomas_dill2	chained 2 x k=5 in 40	-384	2.0
P66	hp_thomas_dill2	chained 2 x k=5 in 40	-382	3.0
P66	hp_thomas_dill2	chained 2 x k=5 in 40	-380	2.0
P66	hp_thomas_dill2	chained 2 x k=5 in 40	-379	4.0
P66	hp_thomas_dill2	chained 2 x k=5 in 40	-378	1.0
P66	hp_thomas_dill2	chained 2 x k=5 in 40	-377	6.0
P66	hp_thomas_dill2	chained 2 x k=5 in 40	-375	4.0
P66	hp_thomas_dill2	chained 2 x k=5 in 40	-374	1.0
P66	hp_thomas_dill2	chained 2 x k=5 in 40	-373	1.0
P66	hp_thomas_dill2	chained 2 x k=5 in 40	-372	7.0
P66	hp_thomas_dill2	chained 2 x k=5 in 40	-370	7.0
P66	hp_thomas_dill2	chained 2 x k=5 in 40	-368	2.0
P66	hp_thomas_dill2	chained 2 x k=5 in 40	-367	6.0
P66	hp_thomas_dill2	chained 2 x k=5 in 40	-366	5.0
P66	hp_thomas_dill2	chained 2 x k=5 in 40	-365	4.0
P66	hp_thomas_dill2	chained 2 x k=5 in 40	-364	3.0
P66	hp_thomas_dill2	chained 2 x k=5 in 40	-363	3.0
P66	hp_thomas_dill2	chained 2 x k=5 in 40	-362	2.0
P66	hp_thomas_dill2	chained 2 x k=5 in 40	-360	9.0
P66	hp_thomas_dill2	chained 2 x k=5 in 40	-359	8.0
P66	hp_thomas_dill2	chained 2 x k=5 in 40	-358	5.0
P66	hp_thomas_dill2	chained 2 x k=5 in 40	-357	2.0
P66	hp_thomas_dill2	chained 2 x k=5 in 40	-356	2.0
P66	hp_thomas_dill2	chained 2 x k=5 in 40	-355	12.0
P66	hp_thomas_dill2	chained 2 x k=5 in 40	-353	5.0
P66	hp_thomas_dill2	chained 2 x k=5 in 40	-352	3.0
P66	hp_thomas_dill2	chained 2 x k=5 in 40	-351	17.0
P66	hp_thomas_dill2	chained 2 x k=5 in 40	-350	7.0
P66	hp_thomas_dill2	chained 2 x k=5 in 40	-349	3.0
P66	hp_thomas_dill2	chained 2 x k=5 in 40	-348	4.0
P66	hp_thomas_dill2	chained 2 x k=5 in 40	-347	1.0
P66	hp_thomas_dill2	chained 2 x k=5 in 40	-345	1.0
P66	hp_thomas_dill2	chained 2 x k=5 in 40	-344	9.0
P66	hp_thomas_dill2	chained 2 x k=5 in 40	-343	18.0
P66	hp_thomas_dill2	chained 2 x k=5 in 40	-342	3.0
P66	hp_thomas_dill2	chained 2 x k=5 in 40	-341	1.0
P66	hp_thomas_dill2	chained 2 x k=5 in 40	-340	7.0
P66	hp_thomas_dill2	chained 2 x k=5 in 40	-339	5.0
P66	hp_thomas_dill2	chained 2 x k=5 in 40	-337	3.0
P66	hp_thomas_dill2	chained 2 x k=5 in 40	-336	4.0
P66	hp_thomas_dill2	chained 2 x k=5 in 40	-335	3.0
P66	hp_thomas_dill2	chained 2 x k=5 in 40	-334	4.0
P66	hp_thomas_dill2	chained 2 x k=5 in 40	-333	14.0
P66	hp_thomas_dill2	chained 2 x k=5 in 40	-332	9.0
P66	hp_thomas_dill2	chained 2 x k=5 in 40	-330	2.0
P66	hp_thomas_dill2	chained 2 x k=5 in 40	-329	2.0
P66	hp_thomas_dill2	chained 2 x k=5 in 40	-328	2.0
P66	hp_thomas_dill2	chained 2 x k=5 in 40	-326	1.0
P66	hp_thomas_dill2	chained 2 x k=5 in 40	-325	5.0
P66	hp_thomas_dill2	chained 2 x k=5 in 40	-324	3.0
P66	hp_thomas_dill2	chained 2 x k=5 in 40	-323	1.0
P66	hp_thomas_dill2	chained 2 x k=5 in 40	-322	5.0
P66	hp_thomas_dill2	chained 2 x k=5 in 40	-321	13.0
P66	hp_thomas_dill2	chained 2 x k=5 in 40	-320	2.0
P66	hp_thomas_dill2	chained 2 x k=5 in 40	-319	2.0
P66	hp_thomas_dill2	chained 2 x k=5 in 40	-318	7.0
P66	hp_thomas_dill2	chained 2 x k=5 in 40	-317	2.0
P66	hp_thomas_dill2	chained 2 x k=5 in 40	-316	21.0
P66	hp_thomas_dill2	chained 2 x k=5 in 40	-315	5.0
P66	hp_thomas_dill2	chained 2 x k=5 in 40	-312	2.0
P66	hp_thomas_dill2	chained 2 x k=5 in 40	-309	1.0
P66	hp_thomas_dill2	chained 2 x k=5 in 40	-307	2.0
P66	hp_thomas_dill2	chained 2 x k=5 in 40	-306	1.0
P66	hp_thomas_dill2	chained 2 x k=5 in 40	-305	13.0
P66	hp_thomas_dill2	chained 2 x k=5 in 40	-303	6.0
P66	hp_thomas_dill2	chained 2 x k=5 in 40	-302	7.0
P66	hp_thomas_dill2	chained 2 x k=5 in 40	-301	5.0
P66	hp_thomas_dill2	chained 2 x k=5 in 40	-299	6.0
P66	hp_thomas_dill2	chained 2 x k=5 in 40	-298	8.0
P66	hp_thomas_dill2	chained 2 x k=5 in 40	-297	5.0
P66	hp_thomas_dill2	chained 2 x k=5 in 40	-292	1.0
P66	hp_thomas_dill2	chained 2 x k=5 in 40	-291	11.0
P66	hp_thomas_dill2	chained 2 x k=5 in 40	-290	2.0
P66	hp_thomas_dill2	chained 2 x k=5 in 40	-289	3.0
P66	hp_thomas_dill2	chained 2 x k=5 in 40	-288	4.0
P66	hp_thomas_dill2	chained 2 x k=5 in 40	-287	4.0
P66	hp_thomas_dill2	chained 2 x k=5 in 40	-286	4.0
P66	hp_thomas_dill2	chained 2 x k=5 in 40	-285	3.0
P66	hp_thomas_dill2	chained 2 x k=5 in 40	-284	2.0
P66	hp_thomas_dill2	chained 2 x k=5 in 40	-283	4.0
P66	hp_thomas_dill2	chained 2 x k=5 in 40	-282	11.0
P66	hp_thomas_dill2	chained 2 x k=5 in 40	-281	4.0
P66	hp_thomas_dill2	chained 2 x k=5 in 40	-279	5.0
P66	hp_thomas_dill2	chained 2 x k=5 in 40	-278	3.0
P66	hp_thomas_dill2	chained 2 x k=5 in 40	-277	7.0
P66	hp_thomas_dill2	chained 2 x k=5 in 40	-276	1.0
P66	hp_thomas_dill2	chained 2 x k=5 in 40	-275	5.0
P66	hp_thomas_dill2	chained 2 x k=5 in 40	-274	6.0
P66	hp_thomas_dill2	chained 2 x k=5 in 40	-273	7.0
P66	hp_thomas_dill2	chained 2 x k=5 in 40	-272	5.0
P66	hp_thomas_dill2	chained 2 x k=5 in 40	-271	9.0
P66	hp_thomas_dill2	chained 2 x k=5 in 40	-270	10.0
P66	hp_thomas_dill2	chained 2 x k=5 in 40	-268	6.0
P66	hp_thomas_dill2	chained 2 x k=5 in 40	-267	3.0
P66	hp_thomas_dill2	chained 2 x k=5 in 40	-265	3.0
P66	hp_thomas_dill2	chained 2 x k=5 in 40	-264	1.0
P66	hp_thomas_dill2	chained 2 x k=5 in 40	-263	14.0
P66	hp_thomas_dill2	chained 2 x k=5 in 40	-261	6.0
P66	hp_thomas_dill2	chained 2 x k=5 in 40	-259	1.0
P66	hp_thomas_dill2	chained 2 x k=5 in 40	-257	2.0
P66	hp_thomas_dill2	chained 2 x k=5 in 40	-256	2.0
P66	hp_thomas_dill2	chained 2 x k=5 in 40	-254	3.0
P66	hp_thomas_dill2	chained 2 x k=5 in 40	-253	1.0
P66	hp_thomas_dill2	chained 2 x k=5 in 40	-251	8.0
P66	hp_thomas_dill2	chained 2 x k=5 in 40	-250	3.0
P66	hp_thomas_dill2	chained 2 x k=5 in 40	-249	6.0
P66	hp_thomas_dill2	chained 2 x k=5 in 40	-248	2.0
P66	hp_thomas_dill2	chained 2 x k=5 in 40	-247	2.0
P66	hp_thomas_dill2	chained 2 x k=5 in 40	-246	3.0
P66	hp_thomas_dill2	chained 2 x k=5 in 40	-245	5.0
P66	hp_thomas_dill2	chained 2 x k=5 in 40	-244	5.0
P66	hp_thomas_dill2	chained 2 x k=5 in 40	-243	1.0
P66	hp_thomas_dill2	chained 2 x k=5 in 40	-242	6.0
P66	hp_thomas_dill2	chained 2 x k=5 in 40	-241	1.0
P66	hp_thomas_dill2	chained 2 x k=5 in 40	-240	2.0
P66	hp_thomas_dill2	chained 2 x k=5 in 40	-239	2.0
P66	hp_thomas_dill2	chained 2 x k=5 in 40	-238	4.0
P66	hp_thomas_dill2	chained 2 x k=5 in 40	-237	9.0
P66	hp_thomas_dill2	chained 2 x k=5 in 40	-236	2.0
P66	hp_thomas_dill2	chained 2 x k=5 in 40	-234	9.0
P66	hp_thomas_dill2	chained 2 x k=5 in 40	-232	8.0
P66	hp_thomas_dill2	chained 2 x k=5 in 40	-231	1.0
P66	hp_thomas_dill2	chained 2 x k=5 in 40	-230	4.0
P66	hp_thomas_dill2	chained 2 x k=5 in 40	-229	2.0
P66	hp_thomas_dill2	chained 2 x k=5 in 40	-228	9.0
P66	hp_thomas_dill2	chained 2 x k=5 in 40	-227	1.0
P66	hp_thomas_dill2	chained 2 x k=5 in 40	-226	2.0
P66	hp_thomas_dill2	chained 2 x k=5 in 40	-225	2.0
P66	hp_thomas_dill2	chained 2 x k=5 in 40	-223	1.0
P66	hp_thomas_dill2	chained 2 x k=5 in 40	-221	9.0
P66	hp_thomas_dill2	chained 2 x k=5 in 40	-220	9.0
P66	hp_thomas_dill2	chained 2 x k=5 in 40	-219	1.0
P66	hp_thomas_dill2	chained 2 x k=5 in 40	-218	13.0
P66	hp_thomas_dill2	chained 2 x k=5 in 40	-217	3.0
P66	hp_thomas_dill2	chained 2 x k=5 in 40	-216	10.0
P66	hp_thomas_dill2	chained 2 x k=5 in 40	-215	2.0
P66	hp_thomas_dill2	chained 2 x k=5 in 40	-214	7.0
P66	hp_thomas_dill2	chained 2 x k=5 in 40	-213	6.0
P66	hp_thomas_dill2	chained 2 x k=5 in 40	-211	1.0
P66	hp_thomas_dill2	chained 2 x k=5 in 40	-210	5.0
P66	hp_thomas_dill2	chained 2 x k=5 in 40	-208	6.0
P66	hp_thomas_dill2	chained 2 x k=5 in 40	-206	3.0
P66	hp_thomas_dill2	chained 2 x k=5 in 40	-205	4.0
P66	hp_thomas_dill2	chained 2 x k=5 in 40	-204	7.0
P66	hp_thomas_dill2	chained 2 x k=5 in 40	-203	2.0
P66	hp_thomas_dill2	chained 2 x k=5 in 40	-202	10.0
P66	hp_thomas_dill2	chained 2 x k=5 in 40	-201	3.0
P66	hp_thomas_dill2	chained 2 x k=5 in 40	-200	4.0
P66	hp_thomas_dill2	chained 2 x k=5 in 40	-199	9.0
P66	hp_thomas_dill2	chained 2 x k=5 in 40	-198	6.0
P66	hp_thomas_dill2	chained 2 x k=5 in 40	-196	4.0
P66	hp_thomas_dill2	chained 2 x k=5 in 40	-193	1.0
P66	hp_thomas_dill2	chained 2 x k=5 in 40	-192	4.0
P66	hp_thomas_dill2	chained 2 x k=5 in 40	-191	3.0
P66	hp_thomas_dill2	chained 2 x k=5 in 40	-190	12.0
P66	hp_thomas_dill2	chained 2 x k=5 in 40	-189	5.0
P66	hp_thomas_dill2	chained 2 x k=5 in 40	-188	13.0
P66	hp_thomas_dill2	chained 2 x k=5 in 40	-187	2.0
P66	hp_thomas_dill2	chained 2 x k=5 in 40	-186	6.0
P66	hp_thomas_dill2	chained 2 x k=5 in 40	-185	4.0
P66	hp_thomas_dill2	chained 2 x k=5 in 40	-184	8.0
P66	hp_thomas_dill2	chained 2 x k=5 in 40	-183	6.0
P66	hp_thomas_dill2	chained 2 x k=5 in 40	-182	6.0
P66	hp_thomas_dill2	chained 2 x k=5 in 40	-181	1.0
P66	hp_thomas_dill2	chained 2 x k=5 in 40	-180	2.0
P66	hp_thomas_dill2	chained 2 x k=5 in 40	-179	10.0
P66	hp_thomas_dill2	chained 2 x k=5 in 40	-178	8.0
P66	hp_thomas_dill2	chained 2 x k=5 in 40	-177	3.0
P66	hp_thomas_dill2	chained 2 x k=5 in 40	-176	3.0
P66	hp_thomas_dill2	chained 2 x k=5 in 40	-174	5.0
P66	hp_thomas_dill2	chained 2 x k=5 in 40	-173	4.0
P66	hp_thomas_dill2	chained 2 x k=5 in 40	-172	5.0
P66	hp_thomas_dill2	chained 2 x k=5 in 40	-171	9.0
P66	hp_thomas_dill2	chained 2 x k=5 in 40	-170	3.0
P66	hp_thomas_dill2	chained 2 x k=5 in 40	-169	10.0
P66	hp_thomas_dill2	chained 2 x k=5 in 40	-167	2.0
P66	hp_thomas_dill2	chained 2 x k=5 in 40	-166	7.0
P66	hp_thomas_dill2	chained 2 x k=5 in 40	-165	11.0
P66	hp_thomas_dill2	chained 2 x k=5 in 40	-164	21.0
P66	hp_thomas_dill2	chained 2 x k=5 in 40	-162	3.0
P66	hp_thomas_dill2	chained 2 x k=5 in 40	-161	4.0
P66	hp_thomas_dill2	chained 2 x k=5 in 40	-160	6.0
P66	hp_thomas_dill2	chained 2 x k=5 in 40	-159	5.0
P66	hp_thomas_dill2	chained 2 x k=5 in 40	-158	1.0
P66	hp_thomas_dill2	chained 2 x k=5 in 40	-157	1.0
P66	hp_thomas_dill2	chained 2 x k=5 in 40	-156	5.0
P66	hp_thomas_dill2	chained 2 x k=5 in 40	-155	3.0
P66	hp_thomas_dill2	chained 2 x k=5 in 40	-154	1.0
P66	hp_thomas_dill2	chained 2 x k=5 in 40	-153	1.0
P66	hp_thomas_dill2	chained 2 x k=5 in 40	-151	2.0
P66	hp_thomas_dill2	chained 2 x k=5 in 40	-150	13.0
P66	hp_thomas_dill2	chained 2 x k=5 in 40	-149	11.0
P66	hp_thomas_dill2	chained 2 x k=5 in 40	-148	1.0
P66	hp_thomas_dill2	chained 2 x k=5 in 40	-146	4.0
P66	hp_thomas_dill2	chained 2 x k=5 in 40	-145	7.0
P66	hp_thomas_dill2	chained 2 x k=5 in 40	-144	10.0
P66	hp_thomas_dill2	chained 2 x k=5 in 40	-143	4.0
P66	hp_thomas_dill2	chained 2 x k=5 in 40	-142	8.0
P66	hp_thomas_dill2	chained 2 x k=5 in 40	-141	6.0
P66	hp_thomas_dill2	chained 2 x k=5 in 40	-139	1.0
P66	hp_thomas_dill2	chained 2 x k=5 in 40	-138	3.0
P66	hp_thomas_dill2	chained 2 x k=5 in 40	-137	3.0
P66	hp_thomas_dill2	chained 2 x k=5 in 40	-136	7.0
P66	hp_thomas_dill2	chained 2 x k=5 in 40	-134	9.0
P66	hp_thomas_dill2	chained 2 x k=5 in 40	-132	8.0
P66	hp_thomas_dill2	chained 2 x k=5 in 40	-131	1.0
P66	hp_thomas_dill2	chained 2 x k=5 in 40	-130	13.0
P66	hp_thomas_dill2	chained 2 x k=5 in 40	-129	4.0
P66	hp_thomas_dill2	chained 2 x k=5 in 40	-128	4.0
P66	hp_thomas_dill2	chained 2 x k=5 in 40	-126	2.0
P66	hp_thomas_dill2	chained 2 x k=5 in 40	-125	3.0
P66	hp_thomas_dill2	chained 2 x k=5 in 40	-124	5.0
P66	hp_thomas_dill2	chained 2 x k=5 in 40	-123	4.0
P66	hp_thomas_dill2	chained 2 x k=5 in 40	-119	4.0
P66	hp_thomas_dill2	chained 2 x k=5 in 40	-118	8.0
P66	hp_thomas_dill2	chained 2 x k=5 in 40	-117	7.0
P66	hp_thomas_dill2	chained 2 x k=5 in 40	-116	11.0
P66	hp_thomas_dill2	chained 2 x k=5 in 40	-115	4.0
P66	hp_thomas_dill2	chained 2 x k=5 in 40	-114	9.0
P66	hp_thomas_dill2	chained 2 x k=5 in 40	-113	4.0
P66	hp_thomas_dill2	chained 2 x k=5 in 40	-112	12.0
P66	hp_thomas_dill2	chained 2 x k=5 in 40	-111	4.0
P66	hp_thomas_dill2	chained 2 x k=5 in 40	-110	1.0
P66	hp_thomas_dill2	chained 2 x k=5 in 40	-108	5.0
P66	hp_thomas_dill2	chained 2 x k=5 in 40	-107	4.0
P66	hp_thomas_dill2	chained 2 x k=5 in 40	-106	1.0
P66	hp_thomas_dill2	chained 2 x k=5 in 40	-105	9.0
P66	hp_thomas_dill2	chained 2 x k=5 in 40	-102	4.0
P66	hp_thomas_dill2	chained 2 x k=5 in 40	-99	5.0
P66	hp_thomas_dill2	chained 2 x k=5 in 40	-98	9.0
P66	hp_thomas_dill2	chained 2 x k=5 in 40	-97	3.0
P66	hp_thomas_dill2	chained 2 x k=5 in 40	-96	1.0
P66	hp_thomas_dill2	chained 2 x k=5 in 40	-95	4.0
P66	hp_thomas_dill2	chained 2 x k=5 in 40	-93	2.0
P66	hp_thomas_dill2	chained 2 x k=5 in 40	-92	1.0
P66	hp_thomas_dill2	chained 2 x k=5 in 40	-91	1.0
P66	hp_thomas_dill2	chained 2 x k=5 in 40	-90	4.0
P66	hp_thomas_dill2	chained 2 x k=5 in 40	-89	4.0
P66	hp_thomas_dill2	chained 2 x k=5 in 40	-88	3.0
P66	hp_thomas_dill2	chained 2 x k=5 in 40	-86	1.0
P66	hp_thomas_dill2	chained 2 x k=5 in 40	-85	2.0
P66	hp_thomas_dill2	chained 2 x k=5 in 40	-84	10.0
P66	hp_thomas_dill2	chained 2 x k=5 in 40	-83	1.0
P66	hp_thomas_dill2	chained 2 x k=5 in 40	-81	2.0
P66	hp_thomas_dill2	chained 2 x k=5 in 40	-80	2.0
P66	hp_thomas_dill2	chained 2 x k=5 in 40	-79	3.0
P66	hp_thomas_dill2	chained 2 x k=5 in 40	-78	9.0
P66	hp_thomas_dill2	chained 2 x k=5 in 40	-77	8.0
P66	hp_thomas_dill2	chained 2 x k=5 in 40	-76	9.0
P66	hp_thomas_dill2	chained 2 x k=5 in 40	-75	8.0
P66	hp_thomas_dill2	chained 2 x k=5 in 40	-74	21.0
P66	hp_thomas_dill2	chained 2 x k=5 in 40	-73	3.0
P66	hp_thomas_dill2	chained 2 x k=5 in 40	-72	14.0
P66	hp_thomas_dill2	chained 2 x k=5 in 40	-71	7.0
P66	hp_thomas_dill2	chained 2 x k=5 in 40	-70	3.0
P66	hp_thomas_dill2	chained 2 x k=5 in 40	-69	4.0
P66	hp_thomas_dill2	chained 2 x k=5 in 40	-68	4.0
P66	hp_thomas_dill2	chained 2 x k=5 in 40	-67	2.0
P66	hp_thomas_dill2	chained 2 x k=5 in 40	-65	12.0
P66	hp_thomas_dill2	chained 2 x k=5 in 40	-64	2.0
P66	hp_thomas_dill2	chained 2 x k=5 in 40	-63	9.0
P66	hp_thomas_dill2	chained 2 x k=5 in 40	-62	6.0
P66	hp_thomas_dill2	chained 2 x k=5 in 40	-61	1.0
P66	hp_thomas_dill2	chained 2 x k=5 in 40	-60	2.0
P66	hp_thomas_dill2	chained 2 x k=5 in 40	-59	5.0
P66	hp_thomas_dill2	chained 2 x k=5 in 40	-58	3.0
P66	hp_thomas_dill2	chained 2 x k=5 in 40	-57	2.0
P66	hp_thomas_dill2	chained 2 x k=5 in 40	-56	3.0
P66	hp_thomas_dill2	chained 2 x k=5 in 40	-54	2.0
P66	hp_thomas_dill2	chained 2 x k=5 in 40	-53	3.0
P66	hp_thomas_dill2	chained 2 x k=5 in 40	-52	11.0
P66	hp_thomas_dill2	chained 2 x k=5 in 40	-51	1.0
P66	hp_thomas_dill2	chained 2 x k=5 in 40	-50	2.0
P66	hp_thomas_dill2	chained 2 x k=5 in 40	-48	2.0
P66	hp_thomas_dill2	chained 2 x k=5 in 40	-46	10.0
P66	hp_thomas_dill2	chained 2 x k=5 in 40	-45	6.0
P66	hp_thomas_dill2	chained 2 x k=5 in 40	-44	8.0
P66	hp_thomas_dill2	chained 2 x k=5 in 40	-43	1.0
P66	hp_thomas_dill2	chained 2 x k=5 in 40	-42	6.0
P66	hp_thomas_dill2	chained 2 x k=5 in 40	-41	1.0
P66	hp_thomas_dill2	chained 2 x k=5 in 40	-40	12.0
P66	hp_thomas_dill2	chained 2 x k=5 in 40	-39	4.0
P66	hp_thomas_dill2	chained 2 x k=5 in 40	-38	1.0
P66	hp_thomas_dill2	chained 2 x k=5 in 40	-37	3.0
P66	hp_thomas_dill2	chained 2 x k=5 in 40	-36	5.0
P66	hp_thomas_dill2	chained 2 x k=5 in 40	-35	10.0
P66	hp_thomas_dill2	chained 2 x k=5 in 40	-34	12.0
P66	hp_thomas_dill2	chained 2 x k=5 in 40	-33	2.0
P66	hp_thomas_dill2	chained 2 x k=5 in 40	-32	3.0
P66	hp_thomas_dill2	chained 2 x k=5 in 40	-31	1.0
P66	hp_thomas_dill2	chained 2 x k=5 in 40	-30	5.0
P66	hp_thomas_dill2	chained 2 x k=5 in 40	-29	1.0
P66	hp_thomas_dill2	chained 2 x k=5 in 40	-28	11.0
P66	hp_thomas_dill2	chained 2 x k=5 in 40	-27	6.0
P66	hp_thomas_dill2	chained 2 x k=5 in 40	-26	8.0
P66	hp_thomas_dill2	chained 2 x k=5 in 40	-25	1.0
P66	hp_thomas_dill2	chained 2 x k=5 in 40	-24	3.0
P66	hp_thomas_dill2	chained 2 x k=5 in 40	-23	12.0
P66	hp_thomas_dill2	chained 2 x k=5 in 40	-20	3.0
P66	hp_thomas_dill2	chained 2 x k=5 in 40	-19	2.0
P66	hp_thomas_dill2	chained 2 x k=5 in 40	-18	4.0
P66	hp_thomas_dill2	chained 2 x k=5 in 40	-16	13.0
P66	hp_thomas_dill2	chained 2 x k=5 in 40	-14	4.0
P66	hp_thomas_dill2	chained 2 x k=5 in 40	-13	2.0
P66	hp_thomas_dill2	chained 2 x k=5 in 40	-12	4.0
P66	hp_thomas_dill2	chained 2 x k=5 in 40	-9	7.0
P66	hp_thomas_dill2	chained 2 x k=5 in 40	-7	11.0
P66	hp_thomas_dill2	chained 2 x k=5 in 40	-5	1.0
P66	hp_thomas_dill2	chained 2 x k=5 in 40	-4	5.0
P66	hp_thomas_dill2	chained 2 x k=5 in 40	-2	1.0
P66	hp_thomas_dill2	chained 2 x k=5 in 40	-1	1.0
P66	hp_thomas_dill2	chained 2 x k=5 in 40	0	3.0
P66	hp_thomas_dill2	chained 2 x k=5 in 40	1	3.0
P66	hp_thomas_dill2	chained 2 x k=5 in 40	2	7.0
P66	hp_thomas_dill2	chained 2 x k=5 in 40	3	3.0
P66	hp_thomas_dill2	chained 2 x k=5 in 40	4	7.0
P66	hp_thomas_dill2	chained 2 x k=5 in 40	7	2.0
P66	hp_thomas_dill2	chained 2 x k=5 in 40	8	5.0
P66	hp_thomas_dill2	chained 2 x k=5 in 40	9	6.0
P66	hp_thomas_dill2	chained 2 x k=5 in 40	12	12.0
P66	hp_thomas_dill2	chained 2 x k=5 in 40	13	1.0
P66	hp_thomas_dill2	chained 2 x k=5 in 40	14	6.0
P66	hp_thomas_dill2	chained 2 x k=5 in 40	15	1.0
P66	hp_thomas_dill2	chained 2 x k=5 in 40	17	2.0
P66	hp_thomas_dill2	chained 2 x k=5 in 40	19	6.0
P66	hp_thomas_dill2	chained 2 x k=5 in 40	20	3.0
P66	hp_thomas_dill2	chained 2 x k=5 in 40	21	6.0
P66	hp_thomas_dill2	chained 2 x k=5 in 40	24	3.0
P66	hp_thomas_dill2	chained 2 x k=5 in 40	25	2.0
P66	hp_thomas_dill2	chained 2 x k=5 in 40	26	3.0
P66	hp_thomas_dill2	chained 2 x k=5 in 40	27	4.0
P66	hp_thomas_dill2	chained 2 x k=5 in 40	28	5.0
P66	hp_thomas_dill2	chained 2 x k=5 in 40	29	5.0
P66	hp_thomas_dill2	chained 2 x k=5 in 40	30	4.0
P66	hp_thomas_dill2	chained 2 x k=5 in 40	31	2.0
P66	hp_thomas_dill2	chained 2 x k=5 in 40	33	8.0
P66	hp_thomas_dill2	chained 2 x k=5 in 40	34	8.0
P66	hp_thomas_dill2	chained 2 x k=5 in 40	36	2.0
P66	hp_thomas_dill2	chained 2 x k=5 in 40	37	1.0
P66	hp_thomas_dill2	chained 2 x k=5 in 40	38	1.0
P66	hp_thomas_dill2	chained 2 x k=5 in 40	39	9.0
P66	hp_thomas_dill2	chained 2 x k=5 in 40	40	2.0
P66	hp_thomas_dill2	chained 2 x k=5 in 40	42	4.0
P66	hp_thomas_dill2	chained 2 x k=5 in 40	43	9.0
P66	hp_thomas_dill2	chained 2 x k=5 in 40	44	1.0
P66	hp_thomas_dill2	chained 2 x k=5 in 40	45	3.0
P66	hp_thomas_dill2	chained 2 x k=5 in 40	46	5.0
P66	hp_thomas_dill2	chained 2 x k=5 in 40	47	5.0
P66	hp_thomas_dill2	chained 2 x k=5 in 40	49	2.0
P66	hp_thomas_dill2	chained 2 x k=5 in 40	50	15.0
P66	hp_thomas_dill2	chained 2 x k=5 in 40	52	3.0
P66	hp_thomas_dill2	chained 2 x k=5 in 40	53	1.0
P66	hp_thomas_dill2	chained 2 x k=5 in 40	54	1.0
P66	hp_thomas_dill2	chained 2 x k=5 in 40	55	4.0
P66	hp_thomas_dill2	chained 2 x k=5 in 40	56	10.0
P66	hp_thomas_dill2	chained 2 x k=5 in 40	57	6.0
P66	hp_thomas_dill2	chained 2 x k=5 in 40	58	1.0
P66	hp_thomas_dill2	chained 2 x k=5 in 40	59	4.0
P66	hp_thomas_dill2	chained 2 x k=5 in 40	60	4.0
P66	hp_thomas_dill2	chained 2 x k=5 in 40	61	4.0
P66	hp_thomas_dill2	chained 2 x k=5 in 40	62	6.0
P66	hp_thomas_dill2	chained 2 x k=5 in 40	63	3.0
P66	hp_thomas_dill2	chained 2 x k=5 in 40	64	7.0
P66	hp_thomas_dill2	chained 2 x k=5 in 40	66	1.0
P66	hp_thomas_dill2	chained 2 x k=5 in 40	67	1.0
P66	hp_thomas_dill2	chained 2 x k=5 in 40	68	14.0
P66	hp_thomas_dill2	chained 2 x k=5 in 40	69	6.0
P66	hp_thomas_dill2	chained 2 x k=5 in 40	71	2.0
P66	hp_thomas_dill2	chained 2 x k=5 in 40	72	3.0
P66	hp_thomas_dill2	chained 2 x k=5 in 40	73	1.0
P66	hp_thomas_dill2	chained 2 x k=5 in 40	74	8.0
P66	hp_thomas_dill2	chained 2 x k=5 in 40	77	2.0
P66	hp_thomas_dill2	chained 2 x k=5 in 40	78	1.0
P66	hp_thomas_dill2	chained 2 x k=5 in 40	80	1.0
P66	hp_thomas_dill2	chained 2 x k=5 in 40	81	5.0
P66	hp_thomas_dill2	chained 2 x k=5 in 40	82	2.0
P66	hp_thomas_dill2	chained 2 x k=5 in 40	83	2.0
P66	hp_thomas_dill2	chained 2 x k=5 in 40	84	5.0
P66	hp_thomas_dill2	chained 2 x k=5 in 40	85	8.0
P66	hp_thomas_dill2	chained 2 x k=5 in 40	88	3.0
P66	hp_thomas_dill2	chained 2 x k=5 in 40	91	1.0
P66	hp_thomas_dill2	chained 2 x k=5 in 40	92	1.0
P66	hp_thomas_dill2	chained 2 x k=5 in 40	93	1.0
P66	hp_thomas_dill2	chained 2 x k=5 in 40	95	3.0
P66	hp_thomas_dill2	chained 2 x k=5 in 40	99	3.0
P66	hp_thomas_dill2	chained 2 x k=5 in 40	100	4.0
P66	hp_thomas_dill2	chained 2 x k=5 in 40	102	4.0
P66	hp_thomas_dill2	chained 2 x k=5 in 40	109	3.0
P66	hp_thomas_dill2	chained 2 x k=5 in 40	110	5.0
P66	hp_thomas_dill2	chained 2 x k=5 in 40	111	4.0
P66	hp_thomas_dill2	chained 2 x k=5 in 40	112	2.0
P66	hp_thomas_dill2	chained 2 x k=5 in 40	114	4.0
P66	hp_thomas_dill2	chained 2 x k=5 in 40	115	2.0
P66	hp_thomas_dill2	chained 2 x k=5 in 40	116	4.0
P66	hp_thomas_dill2	chained 2 x k=5 in 40	117	4.0
P66	hp_thomas_dill2	chained 2 x k=5 in 40	118	4.0
P66	hp_thomas_dill2	chained 2 x k=5 in 40	119	9.0
P66	hp_thomas_dill2	chained 2 x k=5 in 40	120	1.0
P66	hp_thomas_dill2	chained 2 x k=5 in 40	121	4.0
P66	hp_thomas_dill2	chained 2 x k=5 in 40	122	2.0
P66	hp_thomas_dill2	chained 2 x k=5 in 40	125	2.0
P66	hp_thomas_dill2	chained 2 x k=5 in 40	126	7.0
P66	hp_thomas_dill2	chained 2 x k=5 in 40	128	1.0
P66	hp_thomas_dill2	chained 2 x k=5 in 40	129	1.0
P66	hp_thomas_dill2	chained 2 x k=5 in 40	133	6.0
P66	hp_thomas_dill2	chained 2 x k=5 in 40	134	3.0
P66	hp_thomas_dill2	chained 2 x k=5 in 40	135	2.0
P66	hp_thomas_dill2	chained 2 x k=5 in 40	138	1.0
P66	hp_thomas_dill2	chained 2 x k=5 in 40	145	2.0
P66	hp_thomas_dill2	chained 2 x k=5 in 40	146	3.0
P66	hp_thomas_dill2	chained 2 x k=5 in 40	147	1.0
P66	hp_thomas_dill2	chained 2 x k=5 in 40	150	2.0
P66	hp_thomas_dill2	chained 2 x k=5 in 40	151	3.0
P66	hp_thomas_dill2	chained 2 x k=5 in 40	153	4.0
P66	hp_thomas_dill2	chained 2 x k=5 in 40	156	2.0
P66	hp_thomas_dill2	chained 2 x k=5 in 40	158	3.0
P66	hp_thomas_dill2	chained 2 x k=5 in 40	159	1.0
P66	hp_thomas_dill2	chained 2 x k=5 in 40	160	1.0
P66	hp_thomas_dill2	chained 2 x k=5 in 40	163	3.0
P66	hp_thomas_dill2	chained 2 x k=5 in 40	166	11.0
P66	hp_thomas_dill2	chained 2 x k=5 in 40	170	2.0
P66	hp_thomas_dill2	chained 2 x k=5 in 40	173	2.0
P66	hp_thomas_dill2	chained 2 x k=5 in 40	175	2.0
P66	hp_thomas_dill2	chained 2 x k=5 in 40	176	1.0
P66	hp_thomas_dill2	chained 2 x k=5 in 40	177	1.0
P66	hp_thomas_dill2	chained 2 x k=5 in 40	180	9.0
P66	hp_thomas_dill2	chained 2 x k=5 in 40	181	1.0
P66	hp_thomas_dill2	chained 2 x k=5 in 40	183	1.0
P66	hp_thomas_dill2	chained 2 x k=5 in 40	187	3.0
P66	hp_thomas_dill2	chained 2 x k=5 in 40	191	3.0
P66	hp_thomas_dill2	chained 2 x k=5 in 40	192	2.0
P66	hp_thomas_dill2	chained 2 x k=5 in 40	193	3.0
P66	hp_thomas_dill2	chained 2 x k=5 in 40	197	3.0
P66	hp_thomas_dill2	chained 2 x k=5 in 40	213	3.0
P66	hp_thomas_dill2	chained 2 x k=5 in 40	215	5.0
P66	hp_thomas_dill2	chained 2 x k=5 in 40	219	1.0
P66	hp_thomas_dill2	chained 2 x k=5 in 40	221	2.0
P66	hp_thomas_dill2	chained 2 x k=5 in 40	222	2.0
P66	hp_thomas_dill2	chained 2 x k=5 in 40	226	2.0
P66	hp_thomas_dill2	chained 2 x k=5 in 40	236	1.0
P66	hp_thomas_dill2	chained 2 x k=5 in 40	242	1.0
P66	hp_thomas_dill2	chained 2 x k=5 in 40	261	5.0
P66	hp_thomas_dill2	chained 2 x k=5 in 40	278	1.0
P66	hp_thomas_dill2	chained 2 x k=5 in 40	290	2.0
P66	hp_thomas_dill2	chained 2 x k=5 in 40, scaled 2	-561	1.0
P66	hp_thomas_dill2	chained 2 x k=5 in 40, scaled 2	-524	2.0
P66	hp_thomas_dill2	chained 2 x k=5 in 40, scaled 2	-522	1.0
P66	hp_thomas_dill2	chained 2 x k=5 in 40, scaled 2	-513	2.0
P66	hp_thomas_dill2	chained 2 x k=5 in 40, scaled 2	-507	2.0
P66	hp_thomas_dill2	chained 2 x k=5 in 40, scaled 2	-505	2.0
P66	hp_thomas_dill2	chained 2 x k=5 in 40, scaled 2	-504	1.0
P66	hp_thomas_dill2	chained 2 x k=5 in 40, scaled 2	-503	1.0
P66	hp_thomas_dill2	chained 2 x k=5 in 40, scaled 2	-502	1.0
P66	hp_thomas_dill2	chained 2 x k=5 in 40, scaled 2	-498	1.0
P66	hp_thomas_dill2	chained 2 x k=5 in 40, scaled 2	-490	3.0
P66	hp_thomas_dill2	chained 2 x k=5 in 40, scaled 2	-489	1.0
P66	hp_thomas_dill2	chained 2 x k=5 in 40, scaled 2	-488	1.0
P66	hp_thomas_dill2	chained 2 x k=5 in 40, scaled 2	-483	3.0
P66	hp_thomas_dill2	chained 2 x k=5 in 40, scaled 2	-479	1.0
P66	hp_thomas_dill2	chained 2 x k=5 in 40, scaled 2	-477	3.0
P66	hp_thomas_dill2	chained 2 x k=5 in 40, scaled 2	-469	1.0
P66	hp_thomas_dill2	chained 2 x k=5 in 40, scaled 2	-468	1.0
P66	hp_thomas_dill2	chained 2 x k=5 in 40, scaled 2	-466	1.0
P66	hp_thomas_dill2	chained 2 x k=5 in 40, scaled 2	-465	1.0
P66	hp_thomas_dill2	chained 2 x k=5 in 40, scaled 2	-464	2.0
P66	hp_thomas_dill2	chained 2 x k=5 in 40, scaled 2	-462	1.0
P66	hp_thomas_dill2	chained 2 x k=5 in 40, scaled 2	-460	4.0
P66	hp_thomas_dill2	chained 2 x k=5 in 40, scaled 2	-458	1.0
P66	hp_thomas_dill2	chained 2 x k=5 in 40, scaled 2	-456	1.0
P66	hp_thomas_dill2	chained 2 x k=5 in 40, scaled 2	-455	1.0
P66	hp_thomas_dill2	chained 2 x k=5 in 40, scaled 2	-454	1.0
P66	hp_thomas_dill2	chained 2 x k=5 in 40, scaled 2	-448	1.0
P66	hp_thomas_dill2	chained 2 x k=5 in 40, scaled 2	-442	1.0
P66	hp_thomas_dill2	chained 2 x k=5 in 40, scaled 2	-440	1.0
P66	hp_thomas_dill2	chained 2 x k=5 in 40, scaled 2	-439	3.0
P66	hp_thomas_dill2	chained 2 x k=5 in 40, scaled 2	-438	2.0
P66	hp_thomas_dill2	chained 2 x k=5 in 40, scaled 2	-437	3.0
P66	hp_thomas_dill2	chained 2 x k=5 in 40, scaled 2	-436	1.0
P66	hp_thomas_dill2	chained 2 x k=5 in 40, scaled 2	-435	2.0
P66	hp_thomas_dill2	chained 2 x k=5 in 40, scaled 2	-434	1.0
P66	hp_thomas_dill2	chained 2 x k=5 in 40, scaled 2	-433	5.0
P66	hp_thomas_dill2	chained 2 x k=5 in 40, scaled 2	-429	3.0
P66	hp_thomas_dill2	chained 2 x k=5 in 40, scaled 2	-428	1.0
P66	hp_thomas_dill2	chained 2 x k=5 in 40, scaled 2	-427	1.0
P66	hp_thomas_dill2	chained 2 x k=5 in 40, scaled 2	-425	1.0
P66	hp_thomas_dill2	chained 2 x k=5 in 40, scaled 2	-422	2.0
P66	hp_thomas_dill2	chained 2 x k=5 in 40, scaled 2	-416	1.0
P66	hp_thomas_dill2	chained 2 x k=5 in 40, scaled 2	-406	1.0
P66	hp_thomas_dill2	chained 2 x k=5 in 40, scaled 2	-404	1.0
P66	hp_thomas_dill2	chained 2 x k=5 in 40, scaled 2	-402	1.0
P66	hp_thomas_dill2	chained 2 x k=5 in 40, scaled 2	-401	2.0
P66	hp_thomas_dill2	chained 2 x k=5 in 40, scaled 2	-400	2.0
P66	hp_thomas_dill2	chained 2 x k=5 in 40, scaled 2	-398	1.0
P66	hp_thomas_dill2	chained 2 x k=5 in 40, scaled 2	-397	1.0
P66	hp_thomas_dill2	chained 2 x k=5 in 40, scaled 2	-396	1.0
P66	hp_thomas_dill2	chained 2 x k=5 in 40, scaled 2	-393	1.0
P66	hp_thomas_dill2	chained 2 x k=5 in 40, scaled 2	-389	5.0
P66	hp_thomas_dill2	chained 2 x k=5 in 40, scaled 2	-388	1.0
P66	hp_thomas_dill2	chained 2 x k=5 in 40, scaled 2	-387	3.0
P66	hp_thomas_dill2	chained 2 x k=5 in 40, scaled 2	-385	1.0
P66	hp_thomas_dill2	chained 2 x k=5 in 40, scaled 2	-384	1.0
P66	hp_thomas_dill2	chained 2 x k=5 in 40, scaled 2	-382	1.0
P66	hp_thomas_dill2	chained 2 x k=5 in 40, scaled 2	-380	2.0
P66	hp_thomas_dill2	chained 2 x k=5 in 40, scaled 2	-379	1.0
P66	hp_thomas_dill2	chained 2 x k=5 in 40, scaled 2	-378	1.0
P66	hp_thomas_dill2	chained 2 x k=5 in 40, scaled 2	-377	3.0
P66	hp_thomas_dill2	chained 2 x k=5 in 40, scaled 2	-375	1.0
P66	hp_thomas_dill2	chained 2 x k=5 in 40, scaled 2	-374	1.0
P66	hp_thomas_dill2	chained 2 x k=5 in 40, scaled 2	-372	4.0
P66	hp_thomas_dill2	chained 2 x k=5 in 40, scaled 2	-370	5.0
P66	hp_thomas_dill2	chained 2 x k=5 in 40, scaled 2	-368	2.0
P66	hp_thomas_dill2	chained 2 x k=5 in 40, scaled 2	-367	4.0
P66	hp_thomas_dill2	chained 2 x k=5 in 40, scaled 2	-366	4.0
P66	hp_thomas_dill2	chained 2 x k=5 in 40, scaled 2	-365	3.0
P66	hp_thomas_dill2	chained 2 x k=5 in 40, scaled 2	-364	3.0
P66	hp_thomas_dill2	chained 2 x k=5 in 40, scaled 2	-362	1.0
P66	hp_thomas_dill2	chained 2 x k=5 in 40, scaled 2	-360	5.0
P66	hp_thomas_dill2	chained 2 x k=5 in 40, scaled 2	-359	2.0
P66	hp_thomas_dill2	chained 2 x k=5 in 40, scaled 2	-358	3.0
P66	hp_thomas_dill2	chained 2 x k=5 in 40, scaled 2	-355	4.0
P66	hp_thomas_dill2	chained 2 x k=5 in 40, scaled 2	-353	3.0
P66	hp_thomas_dill2	chained 2 x k=5 in 40, scaled 2	-352	3.0
P66	hp_thomas_dill2	chained 2 x k=5 in 40, scaled 2	-351	8.0
P66	hp_thomas_dill2	chained 2 x k=5 in 40, scaled 2	-350	3.0
P66	hp_thomas_dill2	chained 2 x k=5 in 40, scaled 2	-349	1.0
P66	hp_thomas_dill2	chained 2 x k=5 in 40, scaled 2	-347	1.0
P66	hp_thomas_dill2	chained 2 x k=5 in 40, scaled 2	-344	3.0
P66	hp_thomas_dill2	chained 2 x k=5 in 40, scaled 2	-343	9.0
P66	hp_thomas_dill2	chained 2 x k=5 in 40, scaled 2	-342	2.0
P66	hp_thomas_dill2	chained 2 x k=5 in 40, scaled 2	-340	1.0
P66	hp_thomas_dill2	chained 2 x k=5 in 40, scaled 2	-339	2.0
P66	hp_thomas_dill2	chained 2 x k=5 in 40, scaled 2	-337	1.0
P66	hp_thomas_dill2	chained 2 x k=5 in 40, scaled 2	-336	2.0
P66	hp_thomas_dill2	chained 2 x k=5 in 40, scaled 2	-333	4.0
P66	hp_thomas_dill2	chained 2 x k=5 in 40, scaled 2	-332	2.0
P66	hp_thomas_dill2	chained 2 x k=5 in 40, scaled 2	-330	1.0
P66	hp_thomas_dill2	chained 2 x k=5 in 40, scaled 2	-328	1.0
P66	hp_thomas_dill2	chained 2 x k=5 in 40, scaled 2	-326	1.0
P66	hp_thomas_dill2	chained 2 x k=5 in 40, scaled 2	-325	2.0
P66	hp_thomas_dill2	chained 2 x k=5 in 40, scaled 2	-324	1.0
P66	hp_thomas_dill2	chained 2 x k=5 in 40, scaled 2	-323	1.0
P66	hp_thomas_dill2	chained 2 x k=5 in 40, scaled 2	-322	3.0
P66	hp_thomas_dill2	chained 2 x k=5 in 40, scaled 2	-321	6.0
P66	hp_thomas_dill2	chained 2 x k=5 in 40, scaled 2	-318	1.0
P66	hp_thomas_dill2	chained 2 x k=5 in 40, scaled 2	-317	1.0
P66	hp_thomas_dill2	chained 2 x k=5 in 40, scaled 2	-316	11.0
P66	hp_thomas_dill2	chained 2 x k=5 in 40, scaled 2	-315	3.0
P66	hp_thomas_dill2	chained 2 x k=5 in 40, scaled 2	-309	1.0
P66	hp_thomas_dill2	chained 2 x k=5 in 40, scaled 2	-305	3.0
P66	hp_thomas_dill2	chained 2 x k=5 in 40, scaled 2	-303	4.0
P66	hp_thomas_dill2	chained 2 x k=5 in 40, scaled 2	-302	4.0
P66	hp_thomas_dill2	chained 2 x k=5 in 40, scaled 2	-301	3.0
P66	hp_thomas_dill2	chained 2 x k=5 in 40, scaled 2	-299	3.0
P66	hp_thomas_dill2	chained 2 x k=5 in 40, scaled 2	-298	3.0
P66	hp_thomas_dill2	chained 2 x k=5 in 40, scaled 2	-297	2.0
P66	hp_thomas_dill2	chained 2 x k=5 in 40, scaled 2	-291	7.0
P66	hp_thomas_dill2	chained 2 x k=5 in 40, scaled 2	-290	1.0
P66	hp_thomas_dill2	chained 2 x k=5 in 40, scaled 2	-289	2.0
P66	hp_thomas_dill2	chained 2 x k=5 in 40, scaled 2	-287	1.0
P66	hp_thomas_dill2	chained 2 x k=5 in 40, scaled 2	-285	2.0
P66	hp_thomas_dill2	chained 2 x k=5 in 40, scaled 2	-284	2.0
P66	hp_thomas_dill2	chained 2 x k=5 in 40, scaled 2	-283	2.0
P66	hp_thomas_dill2	chained 2 x k=5 in 40, scaled 2	-282	5.0
P66	hp_thomas_dill2	chained 2 x k=5 in 40, scaled 2	-281	1.0
P66	hp_thomas_dill2	chained 2 x k=5 in 40, scaled 2	-279	1.0
P66	hp_thomas_dill2	chained 2 x k=5 in 40, scaled 2	-278	2.0
P66	hp_thomas_dill2	chained 2 x k=5 in 40, scaled 2	-277	3.0
P66	hp_thomas_dill2	chained 2 x k=5 in 40, scaled 2	-275	1.0
P66	hp_thomas_dill2	chained 2 x k=5 in 40, scaled 2	-274	3.0
P66	hp_thomas_dill2	chained 2 x k=5 in 40, scaled 2	-273	1.0
P66	hp_thomas_dill2	chained 2 x k=5 in 40, scaled 2	-272	3.0
P66	hp_thomas_dill2	chained 2 x k=5 in 40, scaled 2	-271	4.0
P66	hp_thomas_dill2	chained 2 x k=5 in 40, scaled 2	-268	4.0
P66	hp_thomas_dill2	chained 2 x k=5 in 40, scaled 2	-263	6.0
P66	hp_thomas_dill2	chained 2 x k=5 in 40, scaled 2	-261	2.0
P66	hp_thomas_dill2	chained 2 x k=5 in 40, scaled 2	-254	1.0
P66	hp_thomas_dill2	chained 2 x k=5 in 40, scaled 2	-253	1.0
P66	hp_thomas_dill2	chained 2 x k=5 in 40, scaled 2	-251	4.0
P66	hp_thomas_dill2	chained 2 x k=5 in 40, scaled 2	-250	2.0
P66	hp_thomas_dill2	chained 2 x k=5 in 40, scaled 2	-249	2.0
P66	hp_thomas_dill2	chained 2 x k=5 in 40, scaled 2	-248	1.0
P66	hp_thomas_dill2	chained 2 x k=5 in 40, scaled 2	-247	2.0
P66	hp_thomas_dill2	chained 2 x k=5 in 40, scaled 2	-245	4.0
P66	hp_thomas_dill2	chained 2 x k=5 in 40, scaled 2	-244	1.0
P66	hp_thomas_dill2	chained 2 x k=5 in 40, scaled 2	-243	1.0
P66	hp_thomas_dill2	chained 2 x k=5 in 40, scaled 2	-242	1.0
P66	hp_thomas_dill2	chained 2 x k=5 in 40, scaled 2	-239	1.0
P66	hp_thomas_dill2	chained 2 x k=5 in 40, scaled 2	-238	1.0
P66	hp_thomas_dill2	chained 2 x k=5 in 40, scaled 2	-237	4.0
P66	hp_thomas_dill2	chained 2 x k=5 in 40, scaled 2	-234	2.0
P66	hp_thomas_dill2	chained 2 x k=5 in 40, scaled 2	-232	2.0
P66	hp_thomas_dill2	chained 2 x k=5 in 40, scaled 2	-231	1.0
P66	hp_thomas_dill2	chained 2 x k=5 in 40, scaled 2	-230	3.0
P66	hp_thomas_dill2	chained 2 x k=5 in 40, scaled 2	-228	2.0
P66	hp_thomas_dill2	chained 2 x k=5 in 40, scaled 2	-225	1.0
P66	hp_thomas_dill2	chained 2 x k=5 in 40, scaled 2	-221	3.0
P66	hp_thomas_dill2	chained 2 x k=5 in 40, scaled 2	-220	2.0
P66	hp_thomas_dill2	chained 2 x k=5 in 40, scaled 2	-219	1.0
P66	hp_thomas_dill2	chained 2 x k=5 in 40, scaled 2	-218	4.0
P66	hp_thomas_dill2	chained 2 x k=5 in 40, scaled 2	-217	2.0
P66	hp_thomas_dill2	chained 2 x k=5 in 40, scaled 2	-216	6.0
P66	hp_thomas_dill2	chained 2 x k=5 in 40, scaled 2	-215	1.0
P66	hp_thomas_dill2	chained 2 x k=5 in 40, scaled 2	-213	2.0
P66	hp_thomas_dill2	chained 2 x k=5 in 40, scaled 2	-210	1.0
P66	hp_thomas_dill2	chained 2 x k=5 in 40, scaled 2	-208	1.0
P66	hp_thomas_dill2	chained 2 x k=5 in 40, scaled 2	-204	2.0
P66	hp_thomas_dill2	chained 2 x k=5 in 40, scaled 2	-203	1.0
P66	hp_thomas_dill2	chained 2 x k=5 in 40, scaled 2	-202	7.0
P66	hp_thomas_dill2	chained 2 x k=5 in 40, scaled 2	-200	2.0
P66	hp_thomas_dill2	chained 2 x k=5 in 40, scaled 2	-199	1.0
P66	hp_thomas_dill2	chained 2 x k=5 in 40, scaled 2	-196	2.0
P66	hp_thomas_dill2	chained 2 x k=5 in 40, scaled 2	-193	1.0
P66	hp_thomas_dill2	chained 2 x k=5 in 40, scaled 2	-191	2.0
P66	hp_thomas_dill2	chained 2 x k=5 in 40, scaled 2	-190	6.0
P66	hp_thomas_dill2	chained 2 x k=5 in 40, scaled 2	-189	4.0
P66	hp_thomas_dill2	chained 2 x k=5 in 40, scaled 2	-188	8.0
P66	hp_thomas_dill2	chained 2 x k=5 in 40, scaled 2	-187	2.0
P66	hp_thomas_dill2	chained 2 x k=5 in 40, scaled 2	-186	2.0
P66	hp_thomas_dill2	chained 2 x k=5 in 40, scaled 2	-185	4.0
P66	hp_thomas_dill2	chained 2 x k=5 in 40, scaled 2	-184	6.0
P66	hp_thomas_dill2	chained 2 x k=5 in 40, scaled 2	-183	4.0
P66	hp_thomas_dill2	chained 2 x k=5 in 40, scaled 2	-182	1.0
P66	hp_thomas_dill2	chained 2 x k=5 in 40, scaled 2	-181	1.0
P66	hp_thomas_dill2	chained 2 x k=5 in 40, scaled 2	-180	1.0
P66	hp_thomas_dill2	chained 2 x k=5 in 40, scaled 2	-179	7.0
P66	hp_thomas_dill2	chained 2 x k=5 in 40, scaled 2	-178	4.0
P66	hp_thomas_dill2	chained 2 x k=5 in 40, scaled 2	-177	2.0
P66	hp_thomas_dill2	chained 2 x k=5 in 40, scaled 2	-174	2.0
P66	hp_thomas_dill2	chained 2 x k=5 in 40, scaled 2	-173	2.0
P66	hp_thomas_dill2	chained 2 x k=5 in 40, scaled 2	-172	2.0
P66	hp_thomas_dill2	chained 2 x k=5 in 40, scaled 2	-171	6.0
P66	hp_thomas_dill2	chained 2 x k=5 in 40, scaled 2	-170	1.0
P66	hp_thomas_dill2	chained 2 x k=5 in 40, scaled 2	-169	5.0
P66	hp_thomas_dill2	chained 2 x k=5 in 40, scaled 2	-167	2.0
P66	hp_thomas_dill2	chained 2 x k=5 in 40, scaled 2	-166	3.0
P66	hp_thomas_dill2	chained 2 x k=5 in 40, scaled 2	-165	7.0
P66	hp_thomas_dill2	chained 2 x k=5 in 40, scaled 2	-164	11.0
P66	hp_thomas_dill2	chained 2 x k=5 in 40, scaled 2	-162	2.0
P66	hp_thomas_dill2	chained 2 x k=5 in 40, scaled 2	-161	1.0
P66	hp_thomas_dill2	chained 2 x k=5 in 40, scaled 2	-160	5.0
P66	hp_thomas_dill2	chained 2 x k=5 in 40, scaled 2	-159	2.0
P66	hp_thomas_dill2	chained 2 x k=5 in 40, scaled 2	-156	4.0
P66	hp_thomas_dill2	chained 2 x k=5 in 40, scaled 2	-155	1.0
P66	hp_thomas_dill2	chained 2 x k=5 in 40, scaled 2	-154	1.0
P66	hp_thomas_dill2	chained 2 x k=5 in 40, scaled 2	-153	1.0
P66	hp_thomas_dill2	chained 2 x k=5 in 40, scaled 2	-150	6.0
P66	hp_thomas_dill2	chained 2 x k=5 in 40, scaled 2	-149	5.0
P66	hp_thomas_dill2	chained 2 x k=5 in 40, scaled 2	-146	1.0
P66	hp_thomas_dill2	chained 2 x k=5 in 40, scaled 2	-145	6.0
P66	hp_thomas_dill2	chained 2 x k=5 in 40, scaled 2	-144	4.0
P66	hp_thomas_dill2	chained 2 x k=5 in 40, scaled 2	-142	5.0
P66	hp_thomas_dill2	chained 2 x k=5 in 40, scaled 2	-138	3.0
P66	hp_thomas_dill2	chained 2 x k=5 in 40, scaled 2	-137	1.0
P66	hp_thomas_dill2	chained 2 x k=5 in 40, scaled 2	-136	2.0
P66	hp_thomas_dill2	chained 2 x k=5 in 40, scaled 2	-134	4.0
P66	hp_thomas_dill2	chained 2 x k=5 in 40, scaled 2	-132	6.0
P66	hp_thomas_dill2	chained 2 x k=5 in 40, scaled 2	-130	4.0
P66	hp_thomas_dill2	chained 2 x k=5 in 40, scaled 2	-129	2.0
P66	hp_thomas_dill2	chained 2 x k=5 in 40, scaled 2	-128	3.0
P66	hp_thomas_dill2	chained 2 x k=5 in 40, scaled 2	-125	1.0
P66	hp_thomas_dill2	chained 2 x k=5 in 40, scaled 2	-124	2.0
P66	hp_thomas_dill2	chained 2 x k=5 in 40, scaled 2	-123	1.0
P66	hp_thomas_dill2	chained 2 x k=5 in 40, scaled 2	-119	2.0
P66	hp_thomas_dill2	chained 2 x k=5 in 40, scaled 2	-118	2.0
P66	hp_thomas_dill2	chained 2 x k=5 in 40, scaled 2	-117	3.0
P66	hp_thomas_dill2	chained 2 x k=5 in 40, scaled 2	-116	5.0
P66	hp_thomas_dill2	chained 2 x k=5 in 40, scaled 2	-114	5.0
P66	hp_thomas_dill2	chained 2 x k=5 in 40, scaled 2	-113	1.0
P66	hp_thomas_dill2	chained 2 x k=5 in 40, scaled 2	-112	5.0
P66	hp_thomas_dill2	chained 2 x k=5 in 40, scaled 2	-108	1.0
P66	hp_thomas_dill2	chained 2 x k=5 in 40, scaled 2	-107	1.0
P66	hp_thomas_dill2	chained 2 x k=5 in 40, scaled 2	-106	1.0
P66	hp_thomas_dill2	chained 2 x k=5 in 40, scaled 2	-105	2.0
P66	hp_thomas_dill2	chained 2 x k=5 in 40, scaled 2	-99	2.0
P66	hp_thomas_dill2	chained 2 x k=5 in 40, scaled 2	-98	5.0
P66	hp_thomas_dill2	chained 2 x k=5 in 40, scaled 2	-97	3.0
P66	hp_thomas_dill2	chained 2 x k=5 in 40, scaled 2	-96	1.0
P66	hp_thomas_dill2	chained 2 x k=5 in 40, scaled 2	-95	2.0
P66	hp_thomas_dill2	chained 2 x k=5 in 40, scaled 2	-93	2.0
P66	hp_thomas_dill2	chained 2 x k=5 in 40, scaled 2	-89	2.0
P66	hp_thomas_dill2	chained 2 x k=5 in 40, scaled 2	-88	1.0
P66	hp_thomas_dill2	chained 2 x k=5 in 40, scaled 2	-84	2.0
P66	hp_thomas_dill2	chained 2 x k=5 in 40, scaled 2	-81	2.0
P66	hp_thomas_dill2	chained 2 x k=5 in 40, scaled 2	-80	1.0
P66	hp_thomas_dill2	chained 2 x k=5 in 40, scaled 2	-79	1.0
P66	hp_thomas_dill2	chained 2 x k=5 in 40, scaled 2	-78	4.0
P66	hp_thomas_dill2	chained 2 x k=5 in 40, scaled 2	-77	5.0
P66	hp_thomas_dill2	chained 2 x k=5 in 40, scaled 2	-76	5.0
P66	hp_thomas_dill2	chained 2 x k=5 in 40, scaled 2	-75	4.0
P66	hp_thomas_dill2	chained 2 x k=5 in 40, scaled 2	-74	10.0
P66	hp_thomas_dill2	chained 2 x k=5 in 40, scaled 2	-73	2.0
P66	hp_thomas_dill2	chained 2 x k=5 in 40, scaled 2	-72	6.0
P66	hp_thomas_dill2	chained 2 x k=5 in 40, scaled 2	-71	2.0
P66	hp_thomas_dill2	chained 2 x k=5 in 40, scaled 2	-70	2.0
P66	hp_thomas_dill2	chained 2 x k=5 in 40, scaled 2	-69	1.0
P66	hp_thomas_dill2	chained 2 x k=5 in 40, scaled 2	-68	2.0
P66	hp_thomas_dill2	chained 2 x k=5 in 40, scaled 2	-67	2.0
P66	hp_thomas_dill2	chained 2 x k=5 in 40, scaled 2	-65	4.0
P66	hp_thomas_dill2	chained 2 x k=5 in 40, scaled 2	-64	1.0
P66	hp_thomas_dill2	chained 2 x k=5 in 40, scaled 2	-63	4.0
P66	hp_thomas_dill2	chained 2 x k=5 in 40, scaled 2	-62	2.0
P66	hp_thomas_dill2	chained 2 x k=5 in 40, scaled 2	-60	2.0
P66	hp_thomas_dill2	chained 2 x k=5 in 40, scaled 2	-59	4.0
P66	hp_thomas_dill2	chained 2 x k=5 in 40, scaled 2	-58	2.0
P66	hp_thomas_dill2	chained 2 x k=5 in 40, scaled 2	-57	2.0
P66	hp_thomas_dill2	chained 2 x k=5 in 40, scaled 2	-54	2.0
P66	hp_thomas_dill2	chained 2 x k=5 in 40, scaled 2	-53	3.0
P66	hp_thomas_dill2	chained 2 x k=5 in 40, scaled 2	-52	7.0
P66	hp_thomas_dill2	chained 2 x k=5 in 40, scaled 2	-51	1.0
P66	hp_thomas_dill2	chained 2 x k=5 in 40, scaled 2	-48	1.0
P66	hp_thomas_dill2	chained 2 x k=5 in 40, scaled 2	-46	3.0
P66	hp_thomas_dill2	chained 2 x k=5 in 40, scaled 2	-45	2.0
P66	hp_thomas_dill2	chained 2 x k=5 in 40, scaled 2	-44	2.0
P66	hp_thomas_dill2	chained 2 x k=5 in 40, scaled 2	-42	4.0
P66	hp_thomas_dill2	chained 2 x k=5 in 40, scaled 2	-41	1.0
P66	hp_thomas_dill2	chained 2 x k=5 in 40, scaled 2	-40	5.0
P66	hp_thomas_dill2	chained 2 x k=5 in 40, scaled 2	-37	2.0
P66	hp_thomas_dill2	chained 2 x k=5 in 40, scaled 2	-36	1.0
P66	hp_thomas_dill2	chained 2 x k=5 in 40, scaled 2	-35	5.0
P66	hp_thomas_dill2	chained 2 x k=5 in 40, scaled 2	-34	6.0
P66	hp_thomas_dill2	chained 2 x k=5 in 40, scaled 2	-33	2.0
P66	hp_thomas_dill2	chained 2 x k=5 in 40, scaled 2	-32	1.0
P66	hp_thomas_dill2	chained 2 x k=5 in 40, scaled 2	-30	2.0
P66	hp_thomas_dill2	chained 2 x k=5 in 40, scaled 2	-29	1.0
P66	hp_thomas_dill2	chained 2 x k=5 in 40, scaled 2	-28	5.0
P66	hp_thomas_dill2	chained 2 x k=5 in 40, scaled 2	-27	3.0
P66	hp_thomas_dill2	chained 2 x k=5 in 40, scaled 2	-26	5.0
P66	hp_thomas_dill2	chained 2 x k=5 in 40, scaled 2	-24	1.0
P66	hp_thomas_dill2	chained 2 x k=5 in 40, scaled 2	-23	6.0
P66	hp_thomas_dill2	chained 2 x k=5 in 40, scaled 2	-20	1.0
P66	hp_thomas_dill2	chained 2 x k=5 in 40, scaled 2	-19	1.0
P66	hp_thomas_dill2	chained 2 x k=5 in 40, scaled 2	-18	3.0
P66	hp_thomas_dill2	chained 2 x k=5 in 40, scaled 2	-16	1.0
P66	hp_thomas_dill2	chained 2 x k=5 in 40, scaled 2	-14	2.0
P66	hp_thomas_dill2	chained 2 x k=5 in 40, scaled 2	-13	1.0
P66	hp_thomas_dill2	chained 2 x k=5 in 40, scaled 2	-12	1.0
P66	hp_thomas_dill2	chained 2 x k=5 in 40, scaled 2	-9	1.0
P66	hp_thomas_dill2	chained 2 x k=5 in 40, scaled 2	-7	5.0
P66	hp_thomas_dill2	chained 2 x k=5 in 40, scaled 2	-1	1.0
P66	hp_thomas_dill2	chained 2 x k=5 in 40, scaled 2	0	1.0
P66	hp_thomas_dill2	chained 2 x k=5 in 40, scaled 2	1	1.0
P66	hp_thomas_dill2	chained 2 x k=5 in 40, scaled 2	2	1.0
P66	hp_thomas_dill2	chained 2 x k=5 in 40, scaled 2	3	1.0
P66	hp_thomas_dill2	chained 2 x k=5 in 40, scaled 2	4	3.0
P66	hp_thomas_dill2	chained 2 x k=5 in 40, scaled 2	7	1.0
P66	hp_thomas_dill2	chained 2 x k=5 in 40, scaled 2	8	1.0
P66	hp_thomas_dill2	chained 2 x k=5 in 40, scaled 2	9	4.0
P66	hp_thomas_dill2	chained 2 x k=5 in 40, scaled 2	12	1.0
P66	hp_thomas_dill2	chained 2 x k=5 in 40, scaled 2	14	3.0
P66	hp_thomas_dill2	chained 2 x k=5 in 40, scaled 2	19	2.0
P66	hp_thomas_dill2	chained 2 x k=5 in 40, scaled 2	24	1.0
P66	hp_thomas_dill2	chained 2 x k=5 in 40, scaled 2	27	2.0
P66	hp_thomas_dill2	chained 2 x k=5 in 40, scaled 2	28	2.0
P66	hp_thomas_dill2	chained 2 x k=5 in 40, scaled 2	29	2.0
P66	hp_thomas_dill2	chained 2 x k=5 in 40, scaled 2	30	1.0
P66	hp_thomas_dill2	chained 2 x k=5 in 40, scaled 2	31	1.0
P66	hp_thomas_dill2	chained 2 x k=5 in 40, scaled 2	33	3.0
P66	hp_thomas_dill2	chained 2 x k=5 in 40, scaled 2	34	1.0
P66	hp_thomas_dill2	chained 2 x k=5 in 40, scaled 2	37	1.0
P66	hp_thomas_dill2	chained 2 x k=5 in 40, scaled 2	39	5.0
P66	hp_thomas_dill2	chained 2 x k=5 in 40, scaled 2	42	1.0
P66	hp_thomas_dill2	chained 2 x k=5 in 40, scaled 2	43	4.0
P66	hp_thomas_dill2	chained 2 x k=5 in 40, scaled 2	45	1.0
P66	hp_thomas_dill2	chained 2 x k=5 in 40, scaled 2	46	2.0
P66	hp_thomas_dill2	chained 2 x k=5 in 40, scaled 2	50	5.0
P66	hp_thomas_dill2	chained 2 x k=5 in 40, scaled 2	53	1.0
P66	hp_thomas_dill2	chained 2 x k=5 in 40, scaled 2	54	1.0
P66	hp_thomas_dill2	chained 2 x k=5 in 40, scaled 2	55	1.0
P66	hp_thomas_dill2	chained 2 x k=5 in 40, scaled 2	56	3.0
P66	hp_thomas_dill2	chained 2 x k=5 in 40, scaled 2	57	2.0
P66	hp_thomas_dill2	chained 2 x k=5 in 40, scaled 2	58	1.0
P66	hp_thomas_dill2	chained 2 x k=5 in 40, scaled 2	60	2.0
P66	hp_thomas_dill2	chained 2 x k=5 in 40, scaled 2	61	1.0
P66	hp_thomas_dill2	chained 2 x k=5 in 40, scaled 2	62	3.0
P66	hp_thomas_dill2	chained 2 x k=5 in 40, scaled 2	63	1.0
P66	hp_thomas_dill2	chained 2 x k=5 in 40, scaled 2	64	2.0
P66	hp_thomas_dill2	chained 2 x k=5 in 40, scaled 2	66	1.0
P66	hp_thomas_dill2	chained 2 x k=5 in 40, scaled 2	67	1.0
P66	hp_thomas_dill2	chained 2 x k=5 in 40, scaled 2	68	3.0
P66	hp_thomas_dill2	chained 2 x k=5 in 40, scaled 2	71	1.0
P66	hp_thomas_dill2	chained 2 x k=5 in 40, scaled 2	72	1.0
P66	hp_thomas_dill2	chained 2 x k=5 in 40, scaled 2	74	1.0
P66	hp_thomas_dill2	chained 2 x k=5 in 40, scaled 2	77	2.0
P66	hp_thomas_dill2	chained 2 x k=5 in 40, scaled 2	82	1.0
P66	hp_thomas_dill2	chained 2 x k=5 in 40, scaled 2	83	1.0
P66	hp_thomas_dill2	chained 2 x k=5 in 40, scaled 2	84	3.0
P66	hp_thomas_dill2	chained 2 x k=5 in 40, scaled 2	85	3.0
P66	hp_thomas_dill2	chained 2 x k=5 in 40, scaled 2	88	1.0
P66	hp_thomas_dill2	chained 2 x k=5 in 40, scaled 2	92	1.0
P66	hp_thomas_dill2	chained 2 x k=5 in 40, scaled 2	95	2.0
P66	hp_thomas_dill2	chained 2 x k=5 in 40, scaled 2	99	1.0
P66	hp_thomas_dill2	chained 2 x k=5 in 40, scaled 2	100	1.0
P66	hp_thomas_dill2	chained 2 x k=5 in 40, scaled 2	102	1.0
P66	hp_thomas_dill2	chained 2 x k=5 in 40, scaled 2	109	2.0
P66	hp_thomas_dill2	chained 2 x k=5 in 40, scaled 2	110	3.0
P66	hp_thomas_dill2	chained 2 x k=5 in 40, scaled 2	111	2.0
P66	hp_thomas_dill2	chained 2 x k=5 in 40, scaled 2	112	2.0
P66	hp_thomas_dill2	chained 2 x k=5 in 40, scaled 2	114	2.0
P66	hp_thomas_dill2	chained 2 x k=5 in 40, scaled 2	116	2.0
P66	hp_thomas_dill2	chained 2 x k=5 in 40, scaled 2	117	4.0
P66	hp_thomas_dill2	chained 2 x k=5 in 40, scaled 2	118	1.0
P66	hp_thomas_dill2	chained 2 x k=5 in 40, scaled 2	119	6.0
P66	hp_thomas_dill2	chained 2 x k=5 in 40, scaled 2	120	1.0
P66	hp_thomas_dill2	chained 2 x k=5 in 40, scaled 2	121	2.0
P66	hp_thomas_dill2	chained 2 x k=5 in 40, scaled 2	122	2.0
P66	hp_thomas_dill2	chained 2 x k=5 in 40, scaled 2	126	1.0
P66	hp_thomas_dill2	chained 2 x k=5 in 40, scaled 2	129	1.0
P66	hp_thomas_dill2	chained 2 x k=5 in 40, scaled 2	133	3.0
P66	hp_thomas_dill2	chained 2 x k=5 in 40, scaled 2	135	1.0
P66	hp_thomas_dill2	chained 2 x k=5 in 40, scaled 2	145	2.0
P66	hp_thomas_dill2	chained 2 x k=5 in 40, scaled 2	147	1.0
P66	hp_thomas_dill2	chained 2 x k=5 in 40, scaled 2	151	1.0
P66	hp_thomas_dill2	chained 2 x k=5 in 40, scaled 2	153	2.0
P66	hp_thomas_dill2	chained 2 x k=5 in 40, scaled 2	158	2.0
P66	hp_thomas_dill2	chained 2 x k=5 in 40, scaled 2	160	1.0
P66	hp_thomas_dill2	chained 2 x k=5 in 40, scaled 2	166	6.0
P66	hp_thomas_dill2	chained 2 x k=5 in 40, scaled 2	173	1.0
P66	hp_thomas_dill2	chained 2 x k=5 in 40, scaled 2	180	5.0
P66	hp_thomas_dill2	chained 2 x k=5 in 40, scaled 2	193	2.0
P66	hp_thomas_dill2	chained 2 x k=5 in 40, scaled 2	197	1.0
P66	hp_thomas_dill2	chained 2 x k=5 in 40, scaled 2	215	2.0
P66	hp_thomas_dill2	chained 2 x k=5 in 40, scaled 2	221	1.0
P66	hp_thomas_dill2	chained 2 x k=5 in 40, scaled 2	226	1.0
P66	hp_thomas_dill2	chained 2 x k=5 in 40, scaled 2	236	1.0
P66	hp_thomas_dill2	chained 3 x k=5 in 40	-513	2.0
P66	hp_thomas_dill2	chained 3 x k=5 in 40	-509	1.0
P66	hp_thomas_dill2	chained 3 x k=5 in 40	-483	3.0
P66	hp_thomas_dill2	chained 3 x k=5 in 40	-477	2.0
P66	hp_thomas_dill2	chained 3 x k=5 in 40	-460	3.0
P66	hp_thomas_dill2	chained 3 x k=5 in 40	-437	1.0
P66	hp_thomas_dill2	chained 3 x k=5 in 40	-435	2.0
P66	hp_thomas_dill2	chained 3 x k=5 in 40	-433	3.0
P66	hp_thomas_dill2	chained 3 x k=5 in 40	-410	3.0
P66	hp_thomas_dill2	chained 3 x k=5 in 40	-396	2.0
P66	hp_thomas_dill2	chained 3 x k=5 in 40	-389	4.0
P66	hp_thomas_dill2	chained 3 x k=5 in 40	-387	3.0
P66	hp_thomas_dill2	chained 3 x k=5 in 40	-385	1.0
P66	hp_thomas_dill2	chained 3 x k=5 in 40	-377	3.0
P66	hp_thomas_dill2	chained 3 x k=5 in 40	-370	3.0
P66	hp_thomas_dill2	chained 3 x k=5 in 40	-367	3.0
P66	hp_thomas_dill2	chained 3 x k=5 in 40	-366	3.0
P66	hp_thomas_dill2	chained 3 x k=5 in 40	-365	1.0
P66	hp_thomas_dill2	chained 3 x k=5 in 40	-364	1.0
P66	hp_thomas_dill2	chained 3 x k=5 in 40	-360	1.0
P66	hp_thomas_dill2	chained 3 x k=5 in 40	-358	3.0
P66	hp_thomas_dill2	chained 3 x k=5 in 40	-355	7.0
P66	hp_thomas_dill2	chained 3 x k=5 in 40	-351	7.0
P66	hp_thomas_dill2	chained 3 x k=5 in 40	-350	2.0
P66	hp_thomas_dill2	chained 3 x k=5 in 40	-348	1.0
P66	hp_thomas_dill2	chained 3 x k=5 in 40	-344	1.0
P66	hp_thomas_dill2	chained 3 x k=5 in 40	-343	14.0
P66	hp_thomas_dill2	chained 3 x k=5 in 40	-337	1.0
P66	hp_thomas_dill2	chained 3 x k=5 in 40	-333	1.0
P66	hp_thomas_dill2	chained 3 x k=5 in 40	-325	2.0
P66	hp_thomas_dill2	chained 3 x k=5 in 40	-324	2.0
P66	hp_thomas_dill2	chained 3 x k=5 in 40	-322	2.0
P66	hp_thomas_dill2	chained 3 x k=5 in 40	-318	4.0
P66	hp_thomas_dill2	chained 3 x k=5 in 40	-317	1.0
P66	hp_thomas_dill2	chained 3 x k=5 in 40	-316	10.0
P66	hp_thomas_dill2	chained 3 x k=5 in 40	-305	7.0
P66	hp_thomas_dill2	chained 3 x k=5 in 40	-303	1.0
P66	hp_thomas_dill2	chained 3 x k=5 in 40	-302	1.0
P66	hp_thomas_dill2	chained 3 x k=5 in 40	-298	2.0
P66	hp_thomas_dill2	chained 3 x k=5 in 40	-291	1.0
P66	hp_thomas_dill2	chained 3 x k=5 in 40	-288	1.0
P66	hp_thomas_dill2	chained 3 x k=5 in 40	-282	1.0
P66	hp_thomas_dill2	chained 3 x k=5 in 40	-277	1.0
P66	hp_thomas_dill2	chained 3 x k=5 in 40	-273	1.0
P66	hp_thomas_dill2	chained 3 x k=5 in 40	-272	1.0
P66	hp_thomas_dill2	chained 3 x k=5 in 40	-271	4.0
P66	hp_thomas_dill2	chained 3 x k=5 in 40	-270	1.0
P66	hp_thomas_dill2	chained 3 x k=5 in 40	-267	1.0
P66	hp_thomas_dill2	chained 3 x k=5 in 40	-263	8.0
P66	hp_thomas_dill2	chained 3 x k=5 in 40	-261	2.0
P66	hp_thomas_dill2	chained 3 x k=5 in 40	-251	4.0
P66	hp_thomas_dill2	chained 3 x k=5 in 40	-250	2.0
P66	hp_thomas_dill2	chained 3 x k=5 in 40	-249	1.0
P66	hp_thomas_dill2	chained 3 x k=5 in 40	-245	2.0
P66	hp_thomas_dill2	chained 3 x k=5 in 40	-242	2.0
P66	hp_thomas_dill2	chained 3 x k=5 in 40	-237	1.0
P66	hp_thomas_dill2	chained 3 x k=5 in 40	-234	2.0
P66	hp_thomas_dill2	chained 3 x k=5 in 40	-230	1.0
P66	hp_thomas_dill2	chained 3 x k=5 in 40	-228	6.0
P66	hp_thomas_dill2	chained 3 x k=5 in 40	-221	5.0
P66	hp_thomas_dill2	chained 3 x k=5 in 40	-218	2.0
P66	hp_thomas_dill2	chained 3 x k=5 in 40	-216	1.0
P66	hp_thomas_dill2	chained 3 x k=5 in 40	-214	6.0
P66	hp_thomas_dill2	chained 3 x k=5 in 40	-213	1.0
P66	hp_thomas_dill2	chained 3 x k=5 in 40	-210	4.0
P66	hp_thomas_dill2	chained 3 x k=5 in 40	-208	1.0
P66	hp_thomas_dill2	chained 3 x k=5 in 40	-204	4.0
P66	hp_thomas_dill2	chained 3 x k=5 in 40	-202	2.0
P66	hp_thomas_dill2	chained 3 x k=5 in 40	-200	2.0
P66	hp_thomas_dill2	chained 3 x k=5 in 40	-199	4.0
P66	hp_thomas_dill2	chained 3 x k=5 in 40	-198	3.0
P66	hp_thomas_dill2	chained 3 x k=5 in 40	-196	2.0
P66	hp_thomas_dill2	chained 3 x k=5 in 40	-190	3.0
P66	hp_thomas_dill2	chained 3 x k=5 in 40	-189	2.0
P66	hp_thomas_dill2	chained 3 x k=5 in 40	-188	9.0
P66	hp_thomas_dill2	chained 3 x k=5 in 40	-184	4.0
P66	hp_thomas_dill2	chained 3 x k=5 in 40	-183	2.0
P66	hp_thomas_dill2	chained 3 x k=5 in 40	-179	3.0
P66	hp_thomas_dill2	chained 3 x k=5 in 40	-177	1.0
P66	hp_thomas_dill2	chained 3 x k=5 in 40	-176	1.0
P66	hp_thomas_dill2	chained 3 x k=5 in 40	-174	2.0
P66	hp_thomas_dill2	chained 3 x k=5 in 40	-171	6.0
P66	hp_thomas_dill2	chained 3 x k=5 in 40	-170	1.0
P66	hp_thomas_dill2	chained 3 x k=5 in 40	-169	1.0
P66	hp_thomas_dill2	chained 3 x k=5 in 40	-165	1.0
P66	hp_thomas_dill2	chained 3 x k=5 in 40	-164	15.0
P66	hp_thomas_dill2	chained 3 x k=5 in 40	-161	1.0
P66	hp_thomas_dill2	chained 3 x k=5 in 40	-160	2.0
P66	hp_thomas_dill2	chained 3 x k=5 in 40	-156	3.0
P66	hp_thomas_dill2	chained 3 x k=5 in 40	-150	8.0
P66	hp_thomas_dill2	chained 3 x k=5 in 40	-149	1.0
P66	hp_thomas_dill2	chained 3 x k=5 in 40	-145	1.0
P66	hp_thomas_dill2	chained 3 x k=5 in 40	-144	5.0
P66	hp_thomas_dill2	chained 3 x k=5 in 40	-143	1.0
P66	hp_thomas_dill2	chained 3 x k=5 in 40	-142	4.0
P66	hp_thomas_dill2	chained 3 x k=5 in 40	-141	1.0
P66	hp_thomas_dill2	chained 3 x k=5 in 40	-134	4.0
P66	hp_thomas_dill2	chained 3 x k=5 in 40	-132	2.0
P66	hp_thomas_dill2	chained 3 x k=5 in 40	-130	6.0
P66	hp_thomas_dill2	chained 3 x k=5 in 40	-128	1.0
P66	hp_thomas_dill2	chained 3 x k=5 in 40	-124	1.0
P66	hp_thomas_dill2	chained 3 x k=5 in 40	-119	2.0
P66	hp_thomas_dill2	chained 3 x k=5 in 40	-118	1.0
P66	hp_thomas_dill2	chained 3 x k=5 in 40	-117	1.0
P66	hp_thomas_dill2	chained 3 x k=5 in 40	-116	6.0
P66	hp_thomas_dill2	chained 3 x k=5 in 40	-113	3.0
P66	hp_thomas_dill2	chained 3 x k=5 in 40	-112	3.0
P66	hp_thomas_dill2	chained 3 x k=5 in 40	-107	1.0
P66	hp_thomas_dill2	chained 3 x k=5 in 40	-97	1.0
P66	hp_thomas_dill2	chained 3 x k=5 in 40	-85	1.0
P66	hp_thomas_dill2	chained 3 x k=5 in 40	-84	4.0
P66	hp_thomas_dill2	chained 3 x k=5 in 40	-80	1.0
P66	hp_thomas_dill2	chained 3 x k=5 in 40	-79	1.0
P66	hp_thomas_dill2	chained 3 x k=5 in 40	-77	5.0
P66	hp_thomas_dill2	chained 3 x k=5 in 40	-76	2.0
P66	hp_thomas_dill2	chained 3 x k=5 in 40	-74	14.0
P66	hp_thomas_dill2	chained 3 x k=5 in 40	-72	2.0
P66	hp_thomas_dill2	chained 3 x k=5 in 40	-71	4.0
P66	hp_thomas_dill2	chained 3 x k=5 in 40	-70	2.0
P66	hp_thomas_dill2	chained 3 x k=5 in 40	-69	1.0
P66	hp_thomas_dill2	chained 3 x k=5 in 40	-65	5.0
P66	hp_thomas_dill2	chained 3 x k=5 in 40	-63	4.0
P66	hp_thomas_dill2	chained 3 x k=5 in 40	-56	1.0
P66	hp_thomas_dill2	chained 3 x k=5 in 40	-53	1.0
P66	hp_thomas_dill2	chained 3 x k=5 in 40	-52	3.0
P66	hp_thomas_dill2	chained 3 x k=5 in 40	-48	1.0
P66	hp_thomas_dill2	chained 3 x k=5 in 40	-46	3.0
P66	hp_thomas_dill2	chained 3 x k=5 in 40	-39	1.0
P66	hp_thomas_dill2	chained 3 x k=5 in 40	-36	3.0
P66	hp_thomas_dill2	chained 3 x k=5 in 40	-35	5.0
P66	hp_thomas_dill2	chained 3 x k=5 in 40	-34	4.0
P66	hp_thomas_dill2	chained 3 x k=5 in 40	-30	1.0
P66	hp_thomas_dill2	chained 3 x k=5 in 40	-28	5.0
P66	hp_thomas_dill2	chained 3 x k=5 in 40	-27	2.0
P66	hp_thomas_dill2	chained 3 x k=5 in 40	-26	3.0
P66	hp_thomas_dill2	chained 3 x k=5 in 40	-24	1.0
P66	hp_thomas_dill2	chained 3 x k=5 in 40	-23	6.0
P66	hp_thomas_dill2	chained 3 x k=5 in 40	-16	1.0
P66	hp_thomas_dill2	chained 3 x k=5 in 40	-13	1.0
P66	hp_thomas_dill2	chained 3 x k=5 in 40	-9	2.0
P66	hp_thomas_dill2	chained 3 x k=5 in 40	-7	3.0
P66	hp_thomas_dill2	chained 3 x k=5 in 40	12	11.0
P66	hp_thomas_dill2	chained 3 x k=5 in 40	14	2.0
P66	hp_thomas_dill2	chained 3 x k=5 in 40	21	4.0
P66	hp_thomas_dill2	chained 3 x k=5 in 40	33	2.0
P66	hp_thomas_dill2	chained 3 x k=5 in 40	39	2.0
P66	hp_thomas_dill2	chained 3 x k=5 in 40	40	1.0
P66	hp_thomas_dill2	chained 3 x k=5 in 40	42	1.0
P66	hp_thomas_dill2	chained 3 x k=5 in 40	43	2.0
P66	hp_thomas_dill2	chained 3 x k=5 in 40	50	3.0
P66	hp_thomas_dill2	chained 3 x k=5 in 40	56	2.0
P66	hp_thomas_dill2	chained 3 x k=5 in 40	64	5.0
P66	hp_thomas_dill2	chained 3 x k=5 in 40	68	2.0
P66	hp_thomas_dill2	chained 3 x k=5 in 40	69	1.0
P66	hp_thomas_dill2	chained 3 x k=5 in 40	74	2.0
P66	hp_thomas_dill2	chained 3 x k=5 in 40	81	1.0
P66	hp_thomas_dill2	chained 3 x k=5 in 40	85	3.0
P66	hp_thomas_dill2	chained 3 x k=5 in 40	102	2.0
P66	hp_thomas_dill2	chained 3 x k=5 in 40	114	1.0
P66	hp_thomas_dill2	chained 3 x k=5 in 40	117	3.0
P66	hp_thomas_dill2	chained 3 x k=5 in 40	119	5.0
P66	hp_thomas_dill2	chained 3 x k=5 in 40	121	1.0
P66	hp_thomas_dill2	chained 3 x k=5 in 40	122	1.0
P66	hp_thomas_dill2	chained 3 x k=5 in 40	153	3.0
P66	hp_thomas_dill2	chained 3 x k=5 in 40	156	1.0
P66	hp_thomas_dill2	chained 3 x k=5 in 40	166	6.0
P66	hp_thomas_dill2	chained 3 x k=5 in 40	170	1.0
P66	hp_thomas_dill2	chained 3 x k=5 in 40	180	2.0
P66	hp_thomas_dill2	chained 3 x k=5 in 40	215	2.0
P66	hp_thomas_dill2	chained 3 x k=5 in 40, scaled 2	-483	1.0
P66	hp_thomas_dill2	chained 3 x k=5 in 40, scaled 2	-435	1.0
P66	hp_thomas_dill2	chained 3 x k=5 in 40, scaled 2	-433	3.0
P66	hp_thomas_dill2	chained 3 x k=5 in 40, scaled 2	-389	3.0
P66	hp_thomas_dill2	chained 3 x k=5 in 40, scaled 2	-387	2.0
P66	hp_thomas_dill2	chained 3 x k=5 in 40, scaled 2	-377	2.0
P66	hp_thomas_dill2	chained 3 x k=5 in 40, scaled 2	-370	1.0
P66	hp_thomas_dill2	chained 3 x k=5 in 40, scaled 2	-367	2.0
P66	hp_thomas_dill2	chained 3 x k=5 in 40, scaled 2	-366	3.0
P66	hp_thomas_dill2	chained 3 x k=5 in 40, scaled 2	-365	1.0
P66	hp_thomas_dill2	chained 3 x k=5 in 40, scaled 2	-364	1.0
P66	hp_thomas_dill2	chained 3 x k=5 in 40, scaled 2	-360	1.0
P66	hp_thomas_dill2	chained 3 x k=5 in 40, scaled 2	-355	3.0
P66	hp_thomas_dill2	chained 3 x k=5 in 40, scaled 2	-351	4.0
P66	hp_thomas_dill2	chained 3 x k=5 in 40, scaled 2	-350	1.0
P66	hp_thomas_dill2	chained 3 x k=5 in 40, scaled 2	-343	7.0
P66	hp_thomas_dill2	chained 3 x k=5 in 40, scaled 2	-322	1.0
P66	hp_thomas_dill2	chained 3 x k=5 in 40, scaled 2	-316	5.0
P66	hp_thomas_dill2	chained 3 x k=5 in 40, scaled 2	-291	1.0
P66	hp_thomas_dill2	chained 3 x k=5 in 40, scaled 2	-272	1.0
P66	hp_thomas_dill2	chained 3 x k=5 in 40, scaled 2	-271	2.0
P66	hp_thomas_dill2	chained 3 x k=5 in 40, scaled 2	-263	3.0
P66	hp_thomas_dill2	chained 3 x k=5 in 40, scaled 2	-261	1.0
P66	hp_thomas_dill2	chained 3 x k=5 in 40, scaled 2	-245	1.0
P66	hp_thomas_dill2	chained 3 x k=5 in 40, scaled 2	-237	1.0
P66	hp_thomas_dill2	chained 3 x k=5 in 40, scaled 2	-230	1.0
P66	hp_thomas_dill2	chained 3 x k=5 in 40, scaled 2	-228	1.0
P66	hp_thomas_dill2	chained 3 x k=5 in 40, scaled 2	-216	1.0
P66	hp_thomas_dill2	chained 3 x k=5 in 40, scaled 2	-202	2.0
P66	hp_thomas_dill2	chained 3 x k=5 in 40, scaled 2	-200	1.0
P66	hp_thomas_dill2	chained 3 x k=5 in 40, scaled 2	-196	1.0
P66	hp_thomas_dill2	chained 3 x k=5 in 40, scaled 2	-190	2.0
P66	hp_thomas_dill2	chained 3 x k=5 in 40, scaled 2	-189	2.0
P66	hp_thomas_dill2	chained 3 x k=5 in 40, scaled 2	-188	3.0
P66	hp_thomas_dill2	chained 3 x k=5 in 40, scaled 2	-184	3.0
P66	hp_thomas_dill2	chained 3 x k=5 in 40, scaled 2	-183	1.0
P66	hp_thomas_dill2	chained 3 x k=5 in 40, scaled 2	-179	2.0
P66	hp_thomas_dill2	chained 3 x k=5 in 40, scaled 2	-177	1.0
P66	hp_thomas_dill2	chained 3 x k=5 in 40, scaled 2	-174	1.0
P66	hp_thomas_dill2	chained 3 x k=5 in 40, scaled 2	-171	4.0
P66	hp_thomas_dill2	chained 3 x k=5 in 40, scaled 2	-165	1.0
P66	hp_thomas_dill2	chained 3 x k=5 in 40, scaled 2	-164	8.0
P66	hp_thomas_dill2	chained 3 x k=5 in 40, scaled 2	-160	1.0
P66	hp_thomas_dill2	chained 3 x k=5 in 40, scaled 2	-156	2.0
P66	hp_thomas_dill2	chained 3 x k=5 in 40, scaled 2	-150	3.0
P66	hp_thomas_dill2	chained 3 x k=5 in 40, scaled 2	-145	1.0
P66	hp_thomas_dill2	chained 3 x k=5 in 40, scaled 2	-144	2.0
P66	hp_thomas_dill2	chained 3 x k=5 in 40, scaled 2	-142	2.0
P66	hp_thomas_dill2	chained 3 x k=5 in 40, scaled 2	-134	1.0
P66	hp_thomas_dill2	chained 3 x k=5 in 40, scaled 2	-132	2.0
P66	hp_thomas_dill2	chained 3 x k=5 in 40, scaled 2	-130	2.0
P66	hp_thomas_dill2	chained 3 x k=5 in 40, scaled 2	-128	1.0
P66	hp_thomas_dill2	chained 3 x k=5 in 40, scaled 2	-119	1.0
P66	hp_thomas_dill2	chained 3 x k=5 in 40, scaled 2	-116	3.0
P66	hp_thomas_dill2	chained 3 x k=5 in 40, scaled 2	-97	1.0
P66	hp_thomas_dill2	chained 3 x k=5 in 40, scaled 2	-77	1.0
P66	hp_thomas_dill2	chained 3 x k=5 in 40, scaled 2	-76	1.0
P66	hp_thomas_dill2	chained 3 x k=5 in 40, scaled 2	-74	2.0
P66	hp_thomas_dill2	chained 3 x k=5 in 40, scaled 2	-72	1.0
P66	hp_thomas_dill2	chained 3 x k=5 in 40, scaled 2	-70	1.0
P66	hp_thomas_dill2	chained 3 x k=5 in 40, scaled 2	-65	3.0
P66	hp_thomas_dill2	chained 3 x k=5 in 40, scaled 2	-53	1.0
P66	hp_thomas_dill2	chained 3 x k=5 in 40, scaled 2	-52	2.0
P66	hp_thomas_dill2	chained 3 x k=5 in 40, scaled 2	-46	1.0
P66	hp_thomas_dill2	chained 3 x k=5 in 40, scaled 2	-35	1.0
P66	hp_thomas_dill2	chained 3 x k=5 in 40, scaled 2	-28	2.0
P66	hp_thomas_dill2	chained 3 x k=5 in 40, scaled 2	-27	1.0
P66	hp_thomas_dill2	chained 3 x k=5 in 40, scaled 2	-26	3.0
P66	hp_thomas_dill2	chained 3 x k=5 in 40, scaled 2	-23	3.0
P66	hp_thomas_dill2	chained 3 x k=5 in 40, scaled 2	33	1.0
P66	hp_thomas_dill2	chained 3 x k=5 in 40, scaled 2	39	2.0
P66	hp_thomas_dill2	chained 3 x k=5 in 40, scaled 2	43	1.0
P66	hp_thomas_dill2	chained 3 x k=5 in 40, scaled 2	50	1.0
P66	hp_thomas_dill2	chained 3 x k=5 in 40, scaled 2	56	1.0
P66	hp_thomas_dill2	chained 3 x k=5 in 40, scaled 2	68	1.0
P66	hp_thomas_dill2	chained 3 x k=5 in 40, scaled 2	85	2.0
P66	hp_thomas_dill2	chained 3 x k=5 in 40, scaled 2	117	3.0
P66	hp_thomas_dill2	chained 3 x k=5 in 40, scaled 2	119	3.0
P66	hp_thomas_dill2	chained 3 x k=5 in 40, scaled 2	121	1.0
P66	hp_thomas_dill2	chained 3 x k=5 in 40, scaled 2	122	1.0
P66	hp_thomas_dill2	chained 3 x k=5 in 40, scaled 2	153	1.0
P66	hp_thomas_dill2	chained 3 x k=5 in 40, scaled 2	166	4.0
P66	hp_thomas_dill2	chained 3 x k=5 in 40, scaled 2	180	1.0
P66	hp_thomas_dill2	chained 4 x k=5 in 40	-366	2.0
P66	hp_thomas_dill2	chained 4 x k=5 in 40	-355	5.0
P66	hp_thomas_dill2	chained 4 x k=5 in 40	-343	3.0
P66	hp_thomas_dill2	chained 4 x k=5 in 40	-318	2.0
P66	hp_thomas_dill2	chained 4 x k=5 in 40	-316	5.0
P66	hp_thomas_dill2	chained 4 x k=5 in 40	-305	2.0
P66	hp_thomas_dill2	chained 4 x k=5 in 40	-263	1.0
P66	hp_thomas_dill2	chained 4 x k=5 in 40	-228	1.0
P66	hp_thomas_dill2	chained 4 x k=5 in 40	-214	1.0
P66	hp_thomas_dill2	chained 4 x k=5 in 40	-164	10.0
P66	hp_thomas_dill2	chained 4 x k=5 in 40	-156	2.0
P66	hp_thomas_dill2	chained 4 x k=5 in 40	-150	3.0
P66	hp_thomas_dill2	chained 4 x k=5 in 40	-134	2.0
P66	hp_thomas_dill2	chained 4 x k=5 in 40	-130	4.0
P66	hp_thomas_dill2	chained 4 x k=5 in 40	-63	1.0
P66	hp_thomas_dill2	chained 4 x k=5 in 40	-23	1.0
P66	hp_thomas_dill2	chained 4 x k=5 in 40	12	6.0
P66	hp_thomas_dill2	chained 4 x k=5 in 40	50	1.0
P66	hp_thomas_dill2	chained 4 x k=5 in 40	56	1.0
P66	hp_thomas_dill2	chained 4 x k=5 in 40	68	1.0
P66	hp_thomas_dill2	chained 4 x k=5 in 40	117	2.0
P66	hp_thomas_dill2	chained 4 x k=5 in 40	153	2.0
P66	hp_thomas_dill2	chained 4 x k=5 in 40	166	2.0
P66	hp_thomas_dill2	chained 4 x k=5 in 40, scaled 2	-366	2.0
P66	hp_thomas_dill2	chained 4 x k=5 in 40, scaled 2	-355	2.0
P66	hp_thomas_dill2	chained 4 x k=5 in 40, scaled 2	-316	2.0
P66	hp_thomas_dill2	chained 4 x k=5 in 40, scaled 2	-263	1.0
P66	hp_thomas_dill2	chained 4 x k=5 in 40, scaled 2	-164	5.0
P66	hp_thomas_dill2	chained 4 x k=5 in 40, scaled 2	-156	1.0
P66	hp_thomas_dill2	chained 4 x k=5 in 40, scaled 2	-150	1.0
P66	hp_thomas_dill2	chained 4 x k=5 in 40, scaled 2	-23	1.0
P66	hp_thomas_dill2	chained 4 x k=5 in 40, scaled 2	117	2.0
P66	hp_thomas_dill2	chained 4 x k=5 in 40, scaled 2	166	1.0
P66	hp_thomas_dill2	chained 2 x k=8 in 40	-343	4.0
P66	hp_thomas_dill2	chained 2 x k=8 in 40	-336	1.0
P66	hp_thomas_dill2	chained 2 x k=8 in 40	-316	4.0
P66	hp_thomas_dill2	chained 2 x k=8 in 40	-291	1.0
P66	hp_thomas_dill2	chained 2 x k=8 in 40	-271	2.0
P66	hp_thomas_dill2	chained 2 x k=8 in 40	-218	1.0
P66	hp_thomas_dill2	chained 2 x k=8 in 40	-171	2.0
P66	hp_thomas_dill2	chained 2 x k=8 in 40	-164	1.0
P66	hp_thomas_dill2	chained 2 x k=8 in 40	-150	2.0
P66	hp_thomas_dill2	chained 2 x k=8 in 40	-142	1.0
P66	hp_thomas_dill2	chained 2 x k=8 in 40	-136	1.0
P66	hp_thomas_dill2	chained 2 x k=8 in 40	-130	1.0
P66	hp_thomas_dill2	chained 2 x k=8 in 40	-116	2.0
P66	hp_thomas_dill2	chained 2 x k=8 in 40	-78	2.0
P66	hp_thomas_dill2	chained 2 x k=8 in 40	-74	1.0
P66	hp_thomas_dill2	chained 2 x k=8 in 40	-7	1.0
P66	hp_thomas_dill2	chained 2 x k=8 in 40	12	1.0
P66	hp_thomas_dill2	chained 2 x k=8 in 40, scaled 2	-343	1.0
P66	hp_thomas_dill2	chained 2 x k=8 in 40, scaled 2	-316	2.0
P66	hp_thomas_dill2	chained 2 x k=8 in 40, scaled 2	-271	1.0
P66	hp_thomas_dill2	chained 2 x k=8 in 40, scaled 2	-164	1.0
P66	hp_thomas_dill2	chained 2 x k=8 in 40, scaled 2	-142	1.0
P66	hp_thomas_dill2	chained 2 x k=8 in 40, scaled 2	-78	1.0
P66	hp_thomas_dill2	chained 2 x k=8 in 40, scaled 2	-7	1.0
P66	hp_thomas_dill2	chained 2 x k=8 in 40, scaled 2	12	1.0
P66	hp_thomas_dill2	chained 3 x k=8 in 60	-316	4.0
P66	hp_thomas_dill2	chained 3 x k=8 in 60	-271	1.0
P66	hp_thomas_dill2	window 18 of 20	-490	1.0
P66	hp_thomas_dill2	window 18 of 20	-355	2.0
P66	hp_thomas_dill2	window 18 of 20	-336	1.0
P66	hp_thomas_dill2	window 18 of 20	-316	3.0
P66	hp_thomas_dill2	window 18 of 20	-282	1.0
P66	hp_thomas_dill2	window 18 of 20	-267	1.0
P66	hp_thomas_dill2	window 18 of 20	-166	1.0
P66	hp_thomas_dill2	window 18 of 20	-164	3.0
P66	hp_thomas_dill2	window 18 of 20	-150	5.0
P66	hp_thomas_dill2	window 18 of 20	-130	3.0
P66	hp_thomas_dill2	window 18 of 20	-116	1.0
P66	hp_thomas_dill2	window 18 of 20	-23	3.0
P66	hp_thomas_dill2	window 18 of 20	27	2.0
P66	hp_thomas_dill2	window 18 of 20	33	1.0
P66	hp_thomas_dill2	window 18 of 20	56	4.0
P66	hp_thomas_dill2	window 18 of 20	68	2.0
P66	hp_thomas_dill2	window 18 of 20	85	1.0
P66	hp_thomas_dill2	window 18 of 20	166	3.0
P66	hp_thomas_dill2	window 16 of 20	-544	1.0
P66	hp_thomas_dill2	window 16 of 20	-543	1.0
P66	hp_thomas_dill2	window 16 of 20	-515	3.0
P66	hp_thomas_dill2	window 16 of 20	-513	1.0
P66	hp_thomas_dill2	window 16 of 20	-505	3.0
P66	hp_thomas_dill2	window 16 of 20	-502	1.0
P66	hp_thomas_dill2	window 16 of 20	-490	6.0
P66	hp_thomas_dill2	window 16 of 20	-484	6.0
P66	hp_thomas_dill2	window 16 of 20	-483	3.0
P66	hp_thomas_dill2	window 16 of 20	-468	2.0
P66	hp_thomas_dill2	window 16 of 20	-465	6.0
P66	hp_thomas_dill2	window 16 of 20	-464	3.0
P66	hp_thomas_dill2	window 16 of 20	-460	9.0
P66	hp_thomas_dill2	window 16 of 20	-444	2.0
P66	hp_thomas_dill2	window 16 of 20	-439	1.0
P66	hp_thomas_dill2	window 16 of 20	-437	1.0
P66	hp_thomas_dill2	window 16 of 20	-425	5.0
P66	hp_thomas_dill2	window 16 of 20	-410	4.0
P66	hp_thomas_dill2	window 16 of 20	-407	7.0
P66	hp_thomas_dill2	window 16 of 20	-402	3.0
P66	hp_thomas_dill2	window 16 of 20	-398	5.0
P66	hp_thomas_dill2	window 16 of 20	-394	2.0
P66	hp_thomas_dill2	window 16 of 20	-389	1.0
P66	hp_thomas_dill2	window 16 of 20	-387	9.0
P66	hp_thomas_dill2	window 16 of 20	-386	8.0
P66	hp_thomas_dill2	window 16 of 20	-382	1.0
P66	hp_thomas_dill2	window 16 of 20	-379	3.0
P66	hp_thomas_dill2	window 16 of 20	-377	6.0
P66	hp_thomas_dill2	window 16 of 20	-375	2.0
P66	hp_thomas_dill2	window 16 of 20	-374	1.0
P66	hp_thomas_dill2	window 16 of 20	-371	1.0
P66	hp_thomas_dill2	window 16 of 20	-370	2.0
P66	hp_thomas_dill2	window 16 of 20	-367	1.0
P66	hp_thomas_dill2	window 16 of 20	-364	1.0
P66	hp_thomas_dill2	window 16 of 20	-361	5.0
P66	hp_thomas_dill2	window 16 of 20	-360	2.0
P66	hp_thomas_dill2	window 16 of 20	-355	8.0
P66	hp_thomas_dill2	window 16 of 20	-354	1.0
P66	hp_thomas_dill2	window 16 of 20	-351	8.0
P66	hp_thomas_dill2	window 16 of 20	-348	2.0
P66	hp_thomas_dill2	window 16 of 20	-344	7.0
P66	hp_thomas_dill2	window 16 of 20	-343	7.0
P66	hp_thomas_dill2	window 16 of 20	-336	9.0
P66	hp_thomas_dill2	window 16 of 20	-334	1.0
P66	hp_thomas_dill2	window 16 of 20	-333	3.0
P66	hp_thomas_dill2	window 16 of 20	-330	2.0
P66	hp_thomas_dill2	window 16 of 20	-325	4.0
P66	hp_thomas_dill2	window 16 of 20	-324	2.0
P66	hp_thomas_dill2	window 16 of 20	-322	5.0
P66	hp_thomas_dill2	window 16 of 20	-321	5.0
P66	hp_thomas_dill2	window 16 of 20	-316	6.0
P66	hp_thomas_dill2	window 16 of 20	-315	1.0
P66	hp_thomas_dill2	window 16 of 20	-311	1.0
P66	hp_thomas_dill2	window 16 of 20	-309	2.0
P66	hp_thomas_dill2	window 16 of 20	-306	1.0
P66	hp_thomas_dill2	window 16 of 20	-305	2.0
P66	hp_thomas_dill2	window 16 of 20	-303	4.0
P66	hp_thomas_dill2	window 16 of 20	-301	7.0
P66	hp_thomas_dill2	window 16 of 20	-299	5.0
P66	hp_thomas_dill2	window 16 of 20	-298	2.0
P66	hp_thomas_dill2	window 16 of 20	-293	1.0
P66	hp_thomas_dill2	window 16 of 20	-291	10.0
P66	hp_thomas_dill2	window 16 of 20	-287	2.0
P66	hp_thomas_dill2	window 16 of 20	-282	9.0
P66	hp_thomas_dill2	window 16 of 20	-277	3.0
P66	hp_thomas_dill2	window 16 of 20	-272	2.0
P66	hp_thomas_dill2	window 16 of 20	-271	10.0
P66	hp_thomas_dill2	window 16 of 20	-270	2.0
P66	hp_thomas_dill2	window 16 of 20	-267	6.0
P66	hp_thomas_dill2	window 16 of 20	-263	15.0
P66	hp_thomas_dill2	window 16 of 20	-262	1.0
P66	hp_thomas_dill2	window 16 of 20	-261	3.0
P66	hp_thomas_dill2	window 16 of 20	-254	1.0
P66	hp_thomas_dill2	window 16 of 20	-250	7.0
P66	hp_thomas_dill2	window 16 of 20	-249	7.0
P66	hp_thomas_dill2	window 16 of 20	-247	3.0
P66	hp_thomas_dill2	window 16 of 20	-242	7.0
P66	hp_thomas_dill2	window 16 of 20	-241	1.0
P66	hp_thomas_dill2	window 16 of 20	-239	1.0
P66	hp_thomas_dill2	window 16 of 20	-238	2.0
P66	hp_thomas_dill2	window 16 of 20	-237	7.0
P66	hp_thomas_dill2	window 16 of 20	-234	7.0
P66	hp_thomas_dill2	window 16 of 20	-230	1.0
P66	hp_thomas_dill2	window 16 of 20	-228	13.0
P66	hp_thomas_dill2	window 16 of 20	-223	1.0
P66	hp_thomas_dill2	window 16 of 20	-221	3.0
P66	hp_thomas_dill2	window 16 of 20	-220	1.0
P66	hp_thomas_dill2	window 16 of 20	-218	7.0
P66	hp_thomas_dill2	window 16 of 20	-217	1.0
P66	hp_thomas_dill2	window 16 of 20	-214	1.0
P66	hp_thomas_dill2	window 16 of 20	-209	4.0
P66	hp_thomas_dill2	window 16 of 20	-207	1.0
P66	hp_thomas_dill2	window 16 of 20	-202	2.0
P66	hp_thomas_dill2	window 16 of 20	-200	5.0
P66	hp_thomas_dill2	window 16 of 20	-193	1.0
P66	hp_thomas_dill2	window 16 of 20	-190	7.0
P66	hp_thomas_dill2	window 16 of 20	-189	9.0
P66	hp_thomas_dill2	window 16 of 20	-188	4.0
P66	hp_thomas_dill2	window 16 of 20	-184	5.0
P66	hp_thomas_dill2	window 16 of 20	-183	2.0
P66	hp_thomas_dill2	window 16 of 20	-180	8.0
P66	hp_thomas_dill2	window 16 of 20	-171	6.0
P66	hp_thomas_dill2	window 16 of 20	-170	2.0
P66	hp_thomas_dill2	window 16 of 20	-169	9.0
P66	hp_thomas_dill2	window 16 of 20	-166	7.0
P66	hp_thomas_dill2	window 16 of 20	-164	17.0
P66	hp_thomas_dill2	window 16 of 20	-156	1.0
P66	hp_thomas_dill2	window 16 of 20	-151	1.0
P66	hp_thomas_dill2	window 16 of 20	-150	9.0
P66	hp_thomas_dill2	window 16 of 20	-149	3.0
P66	hp_thomas_dill2	window 16 of 20	-144	4.0
P66	hp_thomas_dill2	window 16 of 20	-143	1.0
P66	hp_thomas_dill2	window 16 of 20	-142	3.0
P66	hp_thomas_dill2	window 16 of 20	-141	5.0
P66	hp_thomas_dill2	window 16 of 20	-139	2.0
P66	hp_thomas_dill2	window 16 of 20	-136	12.0
P66	hp_thomas_dill2	window 16 of 20	-134	6.0
P66	hp_thomas_dill2	window 16 of 20	-130	13.0
P66	hp_thomas_dill2	window 16 of 20	-129	2.0
P66	hp_thomas_dill2	window 16 of 20	-128	6.0
P66	hp_thomas_dill2	window 16 of 20	-123	6.0
P66	hp_thomas_dill2	window 16 of 20	-119	2.0
P66	hp_thomas_dill2	window 16 of 20	-118	1.0
P66	hp_thomas_dill2	window 16 of 20	-116	10.0
P66	hp_thomas_dill2	window 16 of 20	-115	1.0
P66	hp_thomas_dill2	window 16 of 20	-113	1.0
P66	hp_thomas_dill2	window 16 of 20	-112	7.0
P66	hp_thomas_dill2	window 16 of 20	-105	3.0
P66	hp_thomas_dill2	window 16 of 20	-99	3.0
P66	hp_thomas_dill2	window 16 of 20	-98	4.0
P66	hp_thomas_dill2	window 16 of 20	-88	2.0
P66	hp_thomas_dill2	window 16 of 20	-84	1.0
P66	hp_thomas_dill2	window 16 of 20	-83	2.0
P66	hp_thomas_dill2	window 16 of 20	-81	3.0
P66	hp_thomas_dill2	window 16 of 20	-80	2.0
P66	hp_thomas_dill2	window 16 of 20	-79	3.0
P66	hp_thomas_dill2	window 16 of 20	-78	3.0
P66	hp_thomas_dill2	window 16 of 20	-77	2.0
P66	hp_thomas_dill2	window 16 of 20	-75	5.0
P66	hp_thomas_dill2	window 16 of 20	-74	3.0
P66	hp_thomas_dill2	window 16 of 20	-72	6.0
P66	hp_thomas_dill2	window 16 of 20	-71	4.0
P66	hp_thomas_dill2	window 16 of 20	-70	4.0
P66	hp_thomas_dill2	window 16 of 20	-56	3.0
P66	hp_thomas_dill2	window 16 of 20	-54	2.0
P66	hp_thomas_dill2	window 16 of 20	-52	5.0
P66	hp_thomas_dill2	window 16 of 20	-49	3.0
P66	hp_thomas_dill2	window 16 of 20	-48	3.0
P66	hp_thomas_dill2	window 16 of 20	-46	2.0
P66	hp_thomas_dill2	window 16 of 20	-35	3.0
P66	hp_thomas_dill2	window 16 of 20	-34	2.0
P66	hp_thomas_dill2	window 16 of 20	-30	11.0
P66	hp_thomas_dill2	window 16 of 20	-28	2.0
P66	hp_thomas_dill2	window 16 of 20	-23	7.0
P66	hp_thomas_dill2	window 16 of 20	-18	3.0
P66	hp_thomas_dill2	window 16 of 20	-16	5.0
P66	hp_thomas_dill2	window 16 of 20	-10	1.0
P66	hp_thomas_dill2	window 16 of 20	-7	3.0
P66	hp_thomas_dill2	window 16 of 20	-5	5.0
P66	hp_thomas_dill2	window 16 of 20	-4	4.0
P66	hp_thomas_dill2	window 16 of 20	-1	2.0
P66	hp_thomas_dill2	window 16 of 20	1	5.0
P66	hp_thomas_dill2	window 16 of 20	5	1.0
P66	hp_thomas_dill2	window 16 of 20	12	7.0
P66	hp_thomas_dill2	window 16 of 20	17	1.0
P66	hp_thomas_dill2	window 16 of 20	18	1.0
P66	hp_thomas_dill2	window 16 of 20	20	2.0
P66	hp_thomas_dill2	window 16 of 20	21	1.0
P66	hp_thomas_dill2	window 16 of 20	27	10.0
P66	hp_thomas_dill2	window 16 of 20	28	3.0
P66	hp_thomas_dill2	window 16 of 20	33	4.0
P66	hp_thomas_dill2	window 16 of 20	34	2.0
P66	hp_thomas_dill2	window 16 of 20	35	2.0
P66	hp_thomas_dill2	window 16 of 20	36	3.0
P66	hp_thomas_dill2	window 16 of 20	37	5.0
P66	hp_thomas_dill2	window 16 of 20	39	11.0
P66	hp_thomas_dill2	window 16 of 20	40	1.0
P66	hp_thomas_dill2	window 16 of 20	43	7.0
P66	hp_thomas_dill2	window 16 of 20	49	1.0
P66	hp_thomas_dill2	window 16 of 20	50	9.0
P66	hp_thomas_dill2	window 16 of 20	52	2.0
P66	hp_thomas_dill2	window 16 of 20	55	7.0
P66	hp_thomas_dill2	window 16 of 20	56	6.0
P66	hp_thomas_dill2	window 16 of 20	57	4.0
P66	hp_thomas_dill2	window 16 of 20	60	2.0
P66	hp_thomas_dill2	window 16 of 20	62	1.0
P66	hp_thomas_dill2	window 16 of 20	64	8.0
P66	hp_thomas_dill2	window 16 of 20	65	3.0
P66	hp_thomas_dill2	window 16 of 20	68	6.0
P66	hp_thomas_dill2	window 16 of 20	71	4.0
P66	hp_thomas_dill2	window 16 of 20	81	4.0
P66	hp_thomas_dill2	window 16 of 20	83	3.0
P66	hp_thomas_dill2	window 16 of 20	84	7.0
P66	hp_thomas_dill2	window 16 of 20	85	13.0
P66	hp_thomas_dill2	window 16 of 20	93	1.0
P66	hp_thomas_dill2	window 16 of 20	95	4.0
P66	hp_thomas_dill2	window 16 of 20	100	5.0
P66	hp_thomas_dill2	window 16 of 20	102	1.0
P66	hp_thomas_dill2	window 16 of 20	110	1.0
P66	hp_thomas_dill2	window 16 of 20	114	5.0
P66	hp_thomas_dill2	window 16 of 20	116	1.0
P66	hp_thomas_dill2	window 16 of 20	117	2.0
P66	hp_thomas_dill2	window 16 of 20	121	2.0
P66	hp_thomas_dill2	window 16 of 20	122	6.0
P66	hp_thomas_dill2	window 16 of 20	147	7.0
P66	hp_thomas_dill2	window 16 of 20	160	5.0
P66	hp_thomas_dill2	window 16 of 20	166	12.0
P66	hp_thomas_dill2	window 16 of 20	173	1.0
P66	hp_thomas_dill2	window 16 of 20	180	3.0
P66	hp_thomas_dill2	window 16 of 20	183	1.0
P66	hp_thomas_dill2	window 16 of 20	215	2.0
P66	hp_thomas_dill2	window 27 of 30	-164	2.0
P66	hp_thomas_dill2	window 24 of 30	-515	1.0
P66	hp_thomas_dill2	window 24 of 30	-387	2.0
P66	hp_thomas_dill2	window 24 of 30	-355	6.0
P66	hp_thomas_dill2	window 24 of 30	-343	4.0
P66	hp_thomas_dill2	window 24 of 30	-336	1.0
P66	hp_thomas_dill2	window 24 of 30	-301	1.0
P66	hp_thomas_dill2	window 24 of 30	-282	3.0
P66	hp_thomas_dill2	window 24 of 30	-271	2.0
P66	hp_thomas_dill2	window 24 of 30	-263	4.0
P66	hp_thomas_dill2	window 24 of 30	-228	6.0
P66	hp_thomas_dill2	window 24 of 30	-189	4.0
P66	hp_thomas_dill2	window 24 of 30	-169	3.0
P66	hp_thomas_dill2	window 24 of 30	-164	9.0
P66	hp_thomas_dill2	window 24 of 30	-130	10.0
P66	hp_thomas_dill2	window 24 of 30	-128	2.0
P66	hp_thomas_dill2	window 24 of 30	-74	2.0
P66	hp_thomas_dill2	window 24 of 30	-30	2.0
P66	hp_thomas_dill2	window 24 of 30	12	2.0
P66	hp_thomas_dill2	window 24 of 30	27	1.0
P66	hp_thomas_dill2	window 24 of 30	33	2.0
P66	hp_thomas_dill2	window 24 of 30	64	1.0
P66	hp_thomas_dill2	window 24 of 30	68	2.0
P66	hp_thomas_dill2	window 24 of 30	85	5.0
P66	hp_thomas_dill2	window 24 of 30	166	6.0
P66	hp_thomas_dill2	window 32 of 40	-164	5.0
P66	hp_thomas_dill2	window 32 of 40	-130	1.0
P66	hp_thomas_dill2	window 32 of 40	166	1.0
P66	hp_thomas_dill2	extend +1/-2	-594	1.0
P66	hp_thomas_dill2	extend +1/-2	-593	1.0
P66	hp_thomas_dill2	extend +1/-2	-592	3.0
P66	hp_thomas_dill2	extend +1/-2	-591	2.0
P66	hp_thomas_dill2	extend +1/-2	-590	1.0
P66	hp_thomas_dill2	extend +1/-2	-589	2.0
P66	hp_thomas_dill2	extend +1/-2	-588	5.0
P66	hp_thomas_dill2	extend +1/-2	-587	3.0
P66	hp_thomas_dill2	extend +1/-2	-586	5.0
P66	hp_thomas_dill2	extend +1/-2	-585	3.0
P66	hp_thomas_dill2	extend +1/-2	-584	5.0
P66	hp_thomas_dill2	extend +1/-2	-583	2.0
P66	hp_thomas_dill2	extend +1/-2	-582	4.0
P66	hp_thomas_dill2	extend +1/-2	-581	4.0
P66	hp_thomas_dill2	extend +1/-2	-580	3.0
P66	hp_thomas_dill2	extend +1/-2	-579	6.0
P66	hp_thomas_dill2	extend +1/-2	-578	4.0
P66	hp_thomas_dill2	extend +1/-2	-577	4.0
P66	hp_thomas_dill2	extend +1/-2	-576	3.0
P66	hp_thomas_dill2	extend +1/-2	-575	3.0
P66	hp_thomas_dill2	extend +1/-2	-574	3.0
P66	hp_thomas_dill2	extend +1/-2	-573	9.0
P66	hp_thomas_dill2	extend +1/-2	-572	9.0
P66	hp_thomas_dill2	extend +1/-2	-571	3.0
P66	hp_thomas_dill2	extend +1/-2	-570	3.0
P66	hp_thomas_dill2	extend +1/-2	-569	5.0
P66	hp_thomas_dill2	extend +1/-2	-568	8.0
P66	hp_thomas_dill2	extend +1/-2	-567	2.0
P66	hp_thomas_dill2	extend +1/-2	-566	5.0
P66	hp_thomas_dill2	extend +1/-2	-565	2.0
P66	hp_thomas_dill2	extend +1/-2	-564	4.0
P66	hp_thomas_dill2	extend +1/-2	-563	3.0
P66	hp_thomas_dill2	extend +1/-2	-562	4.0
P66	hp_thomas_dill2	extend +1/-2	-561	6.0
P66	hp_thomas_dill2	extend +1/-2	-560	6.0
P66	hp_thomas_dill2	extend +1/-2	-559	4.0
P66	hp_thomas_dill2	extend +1/-2	-558	4.0
P66	hp_thomas_dill2	extend +1/-2	-557	4.0
P66	hp_thomas_dill2	extend +1/-2	-556	3.0
P66	hp_thomas_dill2	extend +1/-2	-555	6.0
P66	hp_thomas_dill2	extend +1/-2	-554	4.0
P66	hp_thomas_dill2	extend +1/-2	-553	8.0
P66	hp_thomas_dill2	extend +1/-2	-552	7.0
P66	hp_thomas_dill2	extend +1/-2	-551	7.0
P66	hp_thomas_dill2	extend +1/-2	-550	4.0
P66	hp_thomas_dill2	extend +1/-2	-549	8.0
P66	hp_thomas_dill2	extend +1/-2	-548	4.0
P66	hp_thomas_dill2	extend +1/-2	-547	3.0
P66	hp_thomas_dill2	extend +1/-2	-546	4.0
P66	hp_thomas_dill2	extend +1/-2	-545	5.0
P66	hp_thomas_dill2	extend +1/-2	-544	9.0
P66	hp_thomas_dill2	extend +1/-2	-543	10.0
P66	hp_thomas_dill2	extend +1/-2	-542	5.0
P66	hp_thomas_dill2	extend +1/-2	-541	7.0
P66	hp_thomas_dill2	extend +1/-2	-540	7.0
P66	hp_thomas_dill2	extend +1/-2	-539	3.0
P66	hp_thomas_dill2	extend +1/-2	-538	5.0
P66	hp_thomas_dill2	extend +1/-2	-537	6.0
P66	hp_thomas_dill2	extend +1/-2	-536	5.0
P66	hp_thomas_dill2	extend +1/-2	-535	5.0
P66	hp_thomas_dill2	extend +1/-2	-534	5.0
P66	hp_thomas_dill2	extend +1/-2	-533	10.0
P66	hp_thomas_dill2	extend +1/-2	-532	9.0
P66	hp_thomas_dill2	extend +1/-2	-531	8.0
P66	hp_thomas_dill2	extend +1/-2	-530	4.0
P66	hp_thomas_dill2	extend +1/-2	-529	3.0
P66	hp_thomas_dill2	extend +1/-2	-528	5.0
P66	hp_thomas_dill2	extend +1/-2	-527	9.0
P66	hp_thomas_dill2	extend +1/-2	-526	6.0
P66	hp_thomas_dill2	extend +1/-2	-525	5.0
P66	hp_thomas_dill2	extend +1/-2	-524	8.0
P66	hp_thomas_dill2	extend +1/-2	-523	5.0
P66	hp_thomas_dill2	extend +1/-2	-522	8.0
P66	hp_thomas_dill2	extend +1/-2	-521	9.0
P66	hp_thomas_dill2	extend +1/-2	-520	4.0
P66	hp_thomas_dill2	extend +1/-2	-519	4.0
P66	hp_thomas_dill2	extend +1/-2	-518	4.0
P66	hp_thomas_dill2	extend +1/-2	-517	8.0
P66	hp_thomas_dill2	extend +1/-2	-516	9.0
P66	hp_thomas_dill2	extend +1/-2	-515	12.0
P66	hp_thomas_dill2	extend +1/-2	-514	5.0
P66	hp_thomas_dill2	extend +1/-2	-513	8.0
P66	hp_thomas_dill2	extend +1/-2	-512	4.0
P66	hp_thomas_dill2	extend +1/-2	-511	4.0
P66	hp_thomas_dill2	extend +1/-2	-510	5.0
P66	hp_thomas_dill2	extend +1/-2	-509	10.0
P66	hp_thomas_dill2	extend +1/-2	-508	9.0
P66	hp_thomas_dill2	extend +1/-2	-507	6.0
P66	hp_thomas_dill2	extend +1/-2	-506	5.0
P66	hp_thomas_dill2	extend +1/-2	-505	13.0
P66	hp_thomas_dill2	extend +1/-2	-504	7.0
P66	hp_thomas_dill2	extend +1/-2	-503	6.0
P66	hp_thomas_dill2	extend +1/-2	-502	11.0
P66	hp_thomas_dill2	extend +1/-2	-501	5.0
P66	hp_thomas_dill2	extend +1/-2	-500	5.0
P66	hp_thomas_dill2	extend +1/-2	-499	7.0
P66	hp_thomas_dill2	extend +1/-2	-498	6.0
P66	hp_thomas_dill2	extend +1/-2	-497	8.0
P66	hp_thomas_dill2	extend +1/-2	-496	8.0
P66	hp_thomas_dill2	extend +1/-2	-495	5.0
P66	hp_thomas_dill2	extend +1/-2	-494	6.0
P66	hp_thomas_dill2	extend +1/-2	-493	6.0
P66	hp_thomas_dill2	extend +1/-2	-492	6.0
P66	hp_thomas_dill2	extend +1/-2	-491	4.0
P66	hp_thomas_dill2	extend +1/-2	-490	14.0
P66	hp_thomas_dill2	extend +1/-2	-489	6.0
P66	hp_thomas_dill2	extend +1/-2	-488	5.0
P66	hp_thomas_dill2	extend +1/-2	-487	6.0
P66	hp_thomas_dill2	extend +1/-2	-486	4.0
P66	hp_thomas_dill2	extend +1/-2	-485	5.0
P66	hp_thomas_dill2	extend +1/-2	-484	12.0
P66	hp_thomas_dill2	extend +1/-2	-483	10.0
P66	hp_thomas_dill2	extend +1/-2	-482	6.0
P66	hp_thomas_dill2	extend +1/-2	-481	5.0
P66	hp_thomas_dill2	extend +1/-2	-480	5.0
P66	hp_thomas_dill2	extend +1/-2	-479	8.0
P66	hp_thomas_dill2	extend +1/-2	-478	5.0
P66	hp_thomas_dill2	extend +1/-2	-477	11.0
P66	hp_thomas_dill2	extend +1/-2	-476	7.0
P66	hp_thomas_dill2	extend +1/-2	-475	5.0
P66	hp_thomas_dill2	extend +1/-2	-474	5.0
P66	hp_thomas_dill2	extend +1/-2	-473	9.0
P66	hp_thomas_dill2	extend +1/-2	-472	7.0
P66	hp_thomas_dill2	extend +1/-2	-471	6.0
P66	hp_thomas_dill2	extend +1/-2	-470	6.0
P66	hp_thomas_dill2	extend +1/-2	-469	7.0
P66	hp_thomas_dill2	extend +1/-2	-468	12.0
P66	hp_thomas_dill2	extend +1/-2	-467	6.0
P66	hp_thomas_dill2	extend +1/-2	-466	6.0
P66	hp_thomas_dill2	extend +1/-2	-465	14.0
P66	hp_thomas_dill2	extend +1/-2	-464	11.0
P66	hp_thomas_dill2	extend +1/-2	-463	7.0
P66	hp_thomas_dill2	extend +1/-2	-462	5.0
P66	hp_thomas_dill2	extend +1/-2	-461	6.0
P66	hp_thomas_dill2	extend +1/-2	-460	12.0
P66	hp_thomas_dill2	extend +1/-2	-459	6.0
P66	hp_thomas_dill2	extend +1/-2	-458	6.0
P66	hp_thomas_dill2	extend +1/-2	-457	5.0
P66	hp_thomas_dill2	extend +1/-2	-456	6.0
P66	hp_thomas_dill2	extend +1/-2	-455	9.0
P66	hp_thomas_dill2	extend +1/-2	-454	9.0
P66	hp_thomas_dill2	extend +1/-2	-453	8.0
P66	hp_thomas_dill2	extend +1/-2	-452	6.0
P66	hp_thomas_dill2	extend +1/-2	-451	6.0
P66	hp_thomas_dill2	extend +1/-2	-450	6.0
P66	hp_thomas_dill2	extend +1/-2	-449	9.0
P66	hp_thomas_dill2	extend +1/-2	-448	7.0
P66	hp_thomas_dill2	extend +1/-2	-447	7.0
P66	hp_thomas_dill2	extend +1/-2	-446	6.0
P66	hp_thomas_dill2	extend +1/-2	-445	6.0
P66	hp_thomas_dill2	extend +1/-2	-444	9.0
P66	hp_thomas_dill2	extend +1/-2	-443	6.0
P66	hp_thomas_dill2	extend +1/-2	-442	7.0
P66	hp_thomas_dill2	extend +1/-2	-441	7.0
P66	hp_thomas_dill2	extend +1/-2	-440	6.0
P66	hp_thomas_dill2	extend +1/-2	-439	8.0
P66	hp_thomas_dill2	extend +1/-2	-438	8.0
P66	hp_thomas_dill2	extend +1/-2	-437	12.0
P66	hp_thomas_dill2	extend +1/-2	-436	7.0
P66	hp_thomas_dill2	extend +1/-2	-435	6.0
P66	hp_thomas_dill2	extend +1/-2	-434	8.0
P66	hp_thomas_dill2	extend +1/-2	-433	8.0
P66	hp_thomas_dill2	extend +1/-2	-432	6.0
P66	hp_thomas_dill2	extend +1/-2	-431	7.0
P66	hp_thomas_dill2	extend +1/-2	-430	5.0
P66	hp_thomas_dill2	extend +1/-2	-429	7.0
P66	hp_thomas_dill2	extend +1/-2	-428	8.0
P66	hp_thomas_dill2	extend +1/-2	-427	10.0
P66	hp_thomas_dill2	extend +1/-2	-426	6.0
P66	hp_thomas_dill2	extend +1/-2	-425	12.0
P66	hp_thomas_dill2	extend +1/-2	-424	7.0
P66	hp_thomas_dill2	extend +1/-2	-423	5.0
P66	hp_thomas_dill2	extend +1/-2	-422	7.0
P66	hp_thomas_dill2	extend +1/-2	-421	5.0
P66	hp_thomas_dill2	extend +1/-2	-420	5.0
P66	hp_thomas_dill2	extend +1/-2	-419	7.0
P66	hp_thomas_dill2	extend +1/-2	-418	8.0
P66	hp_thomas_dill2	extend +1/-2	-417	5.0
P66	hp_thomas_dill2	extend +1/-2	-416	8.0
P66	hp_thomas_dill2	extend +1/-2	-415	6.0
P66	hp_thomas_dill2	extend +1/-2	-414	6.0
P66	hp_thomas_dill2	extend +1/-2	-413	6.0
P66	hp_thomas_dill2	extend +1/-2	-412	7.0
P66	hp_thomas_dill2	extend +1/-2	-411	6.0
P66	hp_thomas_dill2	extend +1/-2	-410	11.0
P66	hp_thomas_dill2	extend +1/-2	-409	9.0
P66	hp_thomas_dill2	extend +1/-2	-408	7.0
P66	hp_thomas_dill2	extend +1/-2	-407	12.0
P66	hp_thomas_dill2	extend +1/-2	-406	7.0
P66	hp_thomas_dill2	extend +1/-2	-405	5.0
P66	hp_thomas_dill2	extend +1/-2	-404	7.0
P66	hp_thomas_dill2	extend +1/-2	-403	6.0
P66	hp_thomas_dill2	extend +1/-2	-402	10.0
P66	hp_thomas_dill2	extend +1/-2	-401	7.0
P66	hp_thomas_dill2	extend +1/-2	-400	8.0
P66	hp_thomas_dill2	extend +1/-2	-399	6.0
P66	hp_thomas_dill2	extend +1/-2	-398	12.0
P66	hp_thomas_dill2	extend +1/-2	-397	7.0
P66	hp_thomas_dill2	extend +1/-2	-396	9.0
P66	hp_thomas_dill2	extend +1/-2	-395	7.0
P66	hp_thomas_dill2	extend +1/-2	-394	9.0
P66	hp_thomas_dill2	extend +1/-2	-393	8.0
P66	hp_thomas_dill2	extend +1/-2	-392	7.0
P66	hp_thomas_dill2	extend +1/-2	-391	6.0
P66	hp_thomas_dill2	extend +1/-2	-390	9.0
P66	hp_thomas_dill2	extend +1/-2	-389	9.0
P66	hp_thomas_dill2	extend +1/-2	-388	9.0
P66	hp_thomas_dill2	extend +1/-2	-387	15.0
P66	hp_thomas_dill2	extend +1/-2	-386	11.0
P66	hp_thomas_dill2	extend +1/-2	-385	7.0
P66	hp_thomas_dill2	extend +1/-2	-384	6.0
P66	hp_thomas_dill2	extend +1/-2	-383	5.0
P66	hp_thomas_dill2	extend +1/-2	-382	10.0
P66	hp_thomas_dill2	extend +1/-2	-381	9.0
P66	hp_thomas_dill2	extend +1/-2	-380	9.0
P66	hp_thomas_dill2	extend +1/-2	-379	10.0
P66	hp_thomas_dill2	extend +1/-2	-378	9.0
P66	hp_thomas_dill2	extend +1/-2	-377	11.0
P66	hp_thomas_dill2	extend +1/-2	-376	6.0
P66	hp_thomas_dill2	extend +1/-2	-375	11.0
P66	hp_thomas_dill2	extend +1/-2	-374	8.0
P66	hp_thomas_dill2	extend +1/-2	-373	5.0
P66	hp_thomas_dill2	extend +1/-2	-372	8.0
P66	hp_thomas_dill2	extend +1/-2	-371	9.0
P66	hp_thomas_dill2	extend +1/-2	-370	9.0
P66	hp_thomas_dill2	extend +1/-2	-369	7.0
P66	hp_thomas_dill2	extend +1/-2	-368	6.0
P66	hp_thomas_dill2	extend +1/-2	-367	8.0
P66	hp_thomas_dill2	extend +1/-2	-366	10.0
P66	hp_thomas_dill2	extend +1/-2	-365	9.0
P66	hp_thomas_dill2	extend +1/-2	-364	9.0
P66	hp_thomas_dill2	extend +1/-2	-363	6.0
P66	hp_thomas_dill2	extend +1/-2	-362	7.0
P66	hp_thomas_dill2	extend +1/-2	-361	12.0
P66	hp_thomas_dill2	extend +1/-2	-360	11.0
P66	hp_thomas_dill2	extend +1/-2	-359	10.0
P66	hp_thomas_dill2	extend +1/-2	-358	11.0
P66	hp_thomas_dill2	extend +1/-2	-357	6.0
P66	hp_thomas_dill2	extend +1/-2	-356	7.0
P66	hp_thomas_dill2	extend +1/-2	-355	15.0
P66	hp_thomas_dill2	extend +1/-2	-354	10.0
P66	hp_thomas_dill2	extend +1/-2	-353	7.0
P66	hp_thomas_dill2	extend +1/-2	-352	7.0
P66	hp_thomas_dill2	extend +1/-2	-351	13.0
P66	hp_thomas_dill2	extend +1/-2	-350	6.0
P66	hp_thomas_dill2	extend +1/-2	-349	8.0
P66	hp_thomas_dill2	extend +1/-2	-348	13.0
P66	hp_thomas_dill2	extend +1/-2	-347	8.0
P66	hp_thomas_dill2	extend +1/-2	-346	6.0
P66	hp_thomas_dill2	extend +1/-2	-345	5.0
P66	hp_thomas_dill2	extend +1/-2	-344	12.0
P66	hp_thomas_dill2	extend +1/-2	-343	15.0
P66	hp_thomas_dill2	extend +1/-2	-342	6.0
P66	hp_thomas_dill2	extend +1/-2	-341	7.0
P66	hp_thomas_dill2	extend +1/-2	-340	7.0
P66	hp_thomas_dill2	extend +1/-2	-339	6.0
P66	hp_thomas_dill2	extend +1/-2	-338	7.0
P66	hp_thomas_dill2	extend +1/-2	-337	9.0
P66	hp_thomas_dill2	extend +1/-2	-336	14.0
P66	hp_thomas_dill2	extend +1/-2	-335	6.0
P66	hp_thomas_dill2	extend +1/-2	-334	9.0
P66	hp_thomas_dill2	extend +1/-2	-333	12.0
P66	hp_thomas_dill2	extend +1/-2	-332	10.0
P66	hp_thomas_dill2	extend +1/-2	-331	9.0
P66	hp_thomas_dill2	extend +1/-2	-330	10.0
P66	hp_thomas_dill2	extend +1/-2	-329	8.0
P66	hp_thomas_dill2	extend +1/-2	-328	7.0
P66	hp_thomas_dill2	extend +1/-2	-327	5.0
P66	hp_thomas_dill2	extend +1/-2	-326	7.0
P66	hp_thomas_dill2	extend +1/-2	-325	13.0
P66	hp_thomas_dill2	extend +1/-2	-324	10.0
P66	hp_thomas_dill2	extend +1/-2	-323	9.0
P66	hp_thomas_dill2	extend +1/-2	-322	12.0
P66	hp_thomas_dill2	extend +1/-2	-321	12.0
P66	hp_thomas_dill2	extend +1/-2	-320	5.0
P66	hp_thomas_dill2	extend +1/-2	-319	8.0
P66	hp_thomas_dill2	extend +1/-2	-318	11.0
P66	hp_thomas_dill2	extend +1/-2	-317	7.0
P66	hp_thomas_dill2	extend +1/-2	-316	19.0
P66	hp_thomas_dill2	extend +1/-2	-315	11.0
P66	hp_thomas_dill2	extend +1/-2	-314	8.0
P66	hp_thomas_dill2	extend +1/-2	-313	6.0
P66	hp_thomas_dill2	extend +1/-2	-312	7.0
P66	hp_thomas_dill2	extend +1/-2	-311	9.0
P66	hp_thomas_dill2	extend +1/-2	-310	7.0
P66	hp_thomas_dill2	extend +1/-2	-309	10.0
P66	hp_thomas_dill2	extend +1/-2	-308	7.0
P66	hp_thomas_dill2	extend +1/-2	-307	7.0
P66	hp_thomas_dill2	extend +1/-2	-306	9.0
P66	hp_thomas_dill2	extend +1/-2	-305	9.0
P66	hp_thomas_dill2	extend +1/-2	-304	6.0
P66	hp_thomas_dill2	extend +1/-2	-303	11.0
P66	hp_thomas_dill2	extend +1/-2	-302	10.0
P66	hp_thomas_dill2	extend +1/-2	-301	13.0
P66	hp_thomas_dill2	extend +1/-2	-300	8.0
P66	hp_thomas_dill2	extend +1/-2	-299	11.0
P66	hp_thomas_dill2	extend +1/-2	-298	10.0
P66	hp_thomas_dill2	extend +1/-2	-297	9.0
P66	hp_thomas_dill2	extend +1/-2	-296	7.0
P66	hp_thomas_dill2	extend +1/-2	-295	7.0
P66	hp_thomas_dill2	extend +1/-2	-294	6.0
P66	hp_thomas_dill2	extend +1/-2	-293	9.0
P66	hp_thomas_dill2	extend +1/-2	-292	7.0
P66	hp_thomas_dill2	extend +1/-2	-291	13.0
P66	hp_thomas_dill2	extend +1/-2	-290	6.0
P66	hp_thomas_dill2	extend +1/-2	-289	9.0
P66	hp_thomas_dill2	extend +1/-2	-288	8.0
P66	hp_thomas_dill2	extend +1/-2	-287	11.0
P66	hp_thomas_dill2	extend +1/-2	-286	8.0
P66	hp_thomas_dill2	extend +1/-2	-285	8.0
P66	hp_thomas_dill2	extend +1/-2	-284	10.0
P66	hp_thomas_dill2	extend +1/-2	-283	7.0
P66	hp_thomas_dill2	extend +1/-2	-282	14.0
P66	hp_thomas_dill2	extend +1/-2	-281	7.0
P66	hp_thomas_dill2	extend +1/-2	-280	7.0
P66	hp_thomas_dill2	extend +1/-2	-279	10.0
P66	hp_thomas_dill2	extend +1/-2	-278	7.0
P66	hp_thomas_dill2	extend +1/-2	-277	10.0
P66	hp_thomas_dill2	extend +1/-2	-276	8.0
P66	hp_thomas_dill2	extend +1/-2	-275	7.0
P66	hp_thomas_dill2	extend +1/-2	-274	8.0
P66	hp_thomas_dill2	extend +1/-2	-273	8.0
P66	hp_thomas_dill2	extend +1/-2	-272	11.0
P66	hp_thomas_dill2	extend +1/-2	-271	15.0
P66	hp_thomas_dill2	extend +1/-2	-270	11.0
P66	hp_thomas_dill2	extend +1/-2	-269	8.0
P66	hp_thomas_dill2	extend +1/-2	-268	10.0
P66	hp_thomas_dill2	extend +1/-2	-267	16.0
P66	hp_thomas_dill2	extend +1/-2	-266	6.0
P66	hp_thomas_dill2	extend +1/-2	-265	9.0
P66	hp_thomas_dill2	extend +1/-2	-264	7.0
P66	hp_thomas_dill2	extend +1/-2	-263	16.0
P66	hp_thomas_dill2	extend +1/-2	-262	8.0
P66	hp_thomas_dill2	extend +1/-2	-261	10.0
P66	hp_thomas_dill2	extend +1/-2	-260	7.0
P66	hp_thomas_dill2	extend +1/-2	-259	8.0
P66	hp_thomas_dill2	extend +1/-2	-258	6.0
P66	hp_thomas_dill2	extend +1/-2	-257	10.0
P66	hp_thomas_dill2	extend +1/-2	-256	8.0
P66	hp_thomas_dill2	extend +1/-2	-255	8.0
P66	hp_thomas_dill2	extend +1/-2	-254	9.0
P66	hp_thomas_dill2	extend +1/-2	-253	9.0
P66	hp_thomas_dill2	extend +1/-2	-252	7.0
P66	hp_thomas_dill2	extend +1/-2	-251	8.0
P66	hp_thomas_dill2	extend +1/-2	-250	12.0
P66	hp_thomas_dill2	extend +1/-2	-249	14.0
P66	hp_thomas_dill2	extend +1/-2	-248	6.0
P66	hp_thomas_dill2	extend +1/-2	-247	11.0
P66	hp_thomas_dill2	extend +1/-2	-246	7.0
P66	hp_thomas_dill2	extend +1/-2	-245	10.0
P66	hp_thomas_dill2	extend +1/-2	-244	7.0
P66	hp_thomas_dill2	extend +1/-2	-243	8.0
P66	hp_thomas_dill2	extend +1/-2	-242	13.0
P66	hp_thomas_dill2	extend +1/-2	-241	8.0
P66	hp_thomas_dill2	extend +1/-2	-240	8.0
P66	hp_thomas_dill2	extend +1/-2	-239	10.0
P66	hp_thomas_dill2	extend +1/-2	-238	12.0
P66	hp_thomas_dill2	extend +1/-2	-237	12.0
P66	hp_thomas_dill2	extend +1/-2	-236	10.0
P66	hp_thomas_dill2	extend +1/-2	-235	6.0
P66	hp_thomas_dill2	extend +1/-2	-234	13.0
P66	hp_thomas_dill2	extend +1/-2	-233	6.0
P66	hp_thomas_dill2	extend +1/-2	-232	8.0
P66	hp_thomas_dill2	extend +1/-2	-231	8.0
P66	hp_thomas_dill2	extend +1/-2	-230	9.0
P66	hp_thomas_dill2	extend +1/-2	-229	5.0
P66	hp_thomas_dill2	extend +1/-2	-228	16.0
P66	hp_thomas_dill2	extend +1/-2	-227	7.0
P66	hp_thomas_dill2	extend +1/-2	-226	11.0
P66	hp_thomas_dill2	extend +1/-2	-225	10.0
P66	hp_thomas_dill2	extend +1/-2	-224	5.0
P66	hp_thomas_dill2	extend +1/-2	-223	8.0
P66	hp_thomas_dill2	extend +1/-2	-222	7.0
P66	hp_thomas_dill2	extend +1/-2	-221	11.0
P66	hp_thomas_dill2	extend +1/-2	-220	8.0
P66	hp_thomas_dill2	extend +1/-2	-219	7.0
P66	hp_thomas_dill2	extend +1/-2	-218	13.0
P66	hp_thomas_dill2	extend +1/-2	-217	9.0
P66	hp_thomas_dill2	extend +1/-2	-216	10.0
P66	hp_thomas_dill2	extend +1/-2	-215	6.0
P66	hp_thomas_dill2	extend +1/-2	-214	10.0
P66	hp_thomas_dill2	extend +1/-2	-213	8.0
P66	hp_thomas_dill2	extend +1/-2	-212	7.0
P66	hp_thomas_dill2	extend +1/-2	-211	8.0
P66	hp_thomas_dill2	extend +1/-2	-210	9.0
P66	hp_thomas_dill2	extend +1/-2	-209	10.0
P66	hp_thomas_dill2	extend +1/-2	-208	8.0
P66	hp_thomas_dill2	extend +1/-2	-207	9.0
P66	hp_thomas_dill2	extend +1/-2	-206	7.0
P66	hp_thomas_dill2	extend +1/-2	-205	9.0
P66	hp_thomas_dill2	extend +1/-2	-204	8.0
P66	hp_thomas_dill2	extend +1/-2	-203	6.0
P66	hp_thomas_dill2	extend +1/-2	-202	9.0
P66	hp_thomas_dill2	extend +1/-2	-201	8.0
P66	hp_thomas_dill2	extend +1/-2	-200	11.0
P66	hp_thomas_dill2	extend +1/-2	-199	11.0
P66	hp_thomas_dill2	extend +1/-2	-198	10.0
P66	hp_thomas_dill2	extend +1/-2	-197	6.0
P66	hp_thomas_dill2	extend +1/-2	-196	6.0
P66	hp_thomas_dill2	extend +1/-2	-195	6.0
P66	hp_thomas_dill2	extend +1/-2	-194	10.0
P66	hp_thomas_dill2	extend +1/-2	-193	8.0
P66	hp_thomas_dill2	extend +1/-2	-192	7.0
P66	hp_thomas_dill2	extend +1/-2	-191	5.0
P66	hp_thomas_dill2	extend +1/-2	-190	12.0
P66	hp_thomas_dill2	extend +1/-2	-189	14.0
P66	hp_thomas_dill2	extend +1/-2	-188	10.0
P66	hp_thomas_dill2	extend +1/-2	-187	8.0
P66	hp_thomas_dill2	extend +1/-2	-186	8.0
P66	hp_thomas_dill2	extend +1/-2	-185	8.0
P66	hp_thomas_dill2	extend +1/-2	-184	12.0
P66	hp_thomas_dill2	extend +1/-2	-183	10.0
P66	hp_thomas_dill2	extend +1/-2	-182	8.0
P66	hp_thomas_dill2	extend +1/-2	-181	8.0
P66	hp_thomas_dill2	extend +1/-2	-180	13.0
P66	hp_thomas_dill2	extend +1/-2	-179	8.0
P66	hp_thomas_dill2	extend +1/-2	-178	8.0
P66	hp_thomas_dill2	extend +1/-2	-177	10.0
P66	hp_thomas_dill2	extend +1/-2	-176	7.0
P66	hp_thomas_dill2	extend +1/-2	-175	8.0
P66	hp_thomas_dill2	extend +1/-2	-174	7.0
P66	hp_thomas_dill2	extend +1/-2	-173	8.0
P66	hp_thomas_dill2	extend +1/-2	-172	9.0
P66	hp_thomas_dill2	extend +1/-2	-171	14.0
P66	hp_thomas_dill2	extend +1/-2	-170	11.0
P66	hp_thomas_dill2	extend +1/-2	-169	14.0
P66	hp_thomas_dill2	extend +1/-2	-168	6.0
P66	hp_thomas_dill2	extend +1/-2	-167	7.0
P66	hp_thomas_dill2	extend +1/-2	-166	14.0
P66	hp_thomas_dill2	extend +1/-2	-165	9.0
P66	hp_thomas_dill2	extend +1/-2	-164	22.0
P66	hp_thomas_dill2	extend +1/-2	-163	8.0
P66	hp_thomas_dill2	extend +1/-2	-162	9.0
P66	hp_thomas_dill2	extend +1/-2	-161	7.0
P66	hp_thomas_dill2	extend +1/-2	-160	9.0
P66	hp_thomas_dill2	extend +1/-2	-159	7.0
P66	hp_thomas_dill2	extend +1/-2	-158	6.0
P66	hp_thomas_dill2	extend +1/-2	-157	10.0
P66	hp_thomas_dill2	extend +1/-2	-156	8.0
P66	hp_thomas_dill2	extend +1/-2	-155	8.0
P66	hp_thomas_dill2	extend +1/-2	-154	9.0
P66	hp_thomas_dill2	extend +1/-2	-153	7.0
P66	hp_thomas_dill2	extend +1/-2	-152	6.0
P66	hp_thomas_dill2	extend +1/-2	-151	10.0
P66	hp_thomas_dill2	extend +1/-2	-150	18.0
P66	hp_thomas_dill2	extend +1/-2	-149	11.0
P66	hp_thomas_dill2	extend +1/-2	-148	10.0
P66	hp_thomas_dill2	extend +1/-2	-147	7.0
P66	hp_thomas_dill2	extend +1/-2	-146	6.0
P66	hp_thomas_dill2	extend +1/-2	-145	8.0
P66	hp_thomas_dill2	extend +1/-2	-144	13.0
P66	hp_thomas_dill2	extend +1/-2	-143	9.0
P66	hp_thomas_dill2	extend +1/-2	-142	11.0
P66	hp_thomas_dill2	extend +1/-2	-141	13.0
P66	hp_thomas_dill2	extend +1/-2	-140	9.0
P66	hp_thomas_dill2	extend +1/-2	-139	12.0
P66	hp_thomas_dill2	extend +1/-2	-138	7.0
P66	hp_thomas_dill2	extend +1/-2	-137	9.0
P66	hp_thomas_dill2	extend +1/-2	-136	13.0
P66	hp_thomas_dill2	extend +1/-2	-135	7.0
P66	hp_thomas_dill2	extend +1/-2	-134	13.0
P66	hp_thomas_dill2	extend +1/-2	-133	5.0
P66	hp_thomas_dill2	extend +1/-2	-132	8.0
P66	hp_thomas_dill2	extend +1/-2	-131	7.0
P66	hp_thomas_dill2	extend +1/-2	-130	18.0
P66	hp_thomas_dill2	extend +1/-2	-129	9.0
P66	hp_thomas_dill2	extend +1/-2	-128	13.0
P66	hp_thomas_dill2	extend +1/-2	-127	7.0
P66	hp_thomas_dill2	extend +1/-2	-126	8.0
P66	hp_thomas_dill2	extend +1/-2	-125	7.0
P66	hp_thomas_dill2	extend +1/-2	-124	9.0
P66	hp_thomas_dill2	extend +1/-2	-123	11.0
P66	hp_thomas_dill2	extend +1/-2	-122	7.0
P66	hp_thomas_dill2	extend +1/-2	-121	6.0
P66	hp_thomas_dill2	extend +1/-2	-120	9.0
P66	hp_thomas_dill2	extend +1/-2	-119	9.0
P66	hp_thomas_dill2	extend +1/-2	-118	10.0
P66	hp_thomas_dill2	extend +1/-2	-117	7.0
P66	hp_thomas_dill2	extend +1/-2	-116	18.0
P66	hp_thomas_dill2	extend +1/-2	-115	8.0
P66	hp_thomas_dill2	extend +1/-2	-114	9.0
P66	hp_thomas_dill2	extend +1/-2	-113	12.0
P66	hp_thomas_dill2	extend +1/-2	-112	14.0
P66	hp_thomas_dill2	extend +1/-2	-111	8.0
P66	hp_thomas_dill2	extend +1/-2	-110	7.0
P66	hp_thomas_dill2	extend +1/-2	-109	7.0
P66	hp_thomas_dill2	extend +1/-2	-108	8.0
P66	hp_thomas_dill2	extend +1/-2	-107	10.0
P66	hp_thomas_dill2	extend +1/-2	-106	7.0
P66	hp_thomas_dill2	extend +1/-2	-105	11.0
P66	hp_thomas_dill2	extend +1/-2	-104	8.0
P66	hp_thomas_dill2	extend +1/-2	-103	6.0
P66	hp_thomas_dill2	extend +1/-2	-102	9.0
P66	hp_thomas_dill2	extend +1/-2	-101	7.0
P66	hp_thomas_dill2	extend +1/-2	-100	7.0
P66	hp_thomas_dill2	extend +1/-2	-99	12.0
P66	hp_thomas_dill2	extend +1/-2	-98	11.0
P66	hp_thomas_dill2	extend +1/-2	-97	6.0
P66	hp_thomas_dill2	extend +1/-2	-96	6.0
P66	hp_thomas_dill2	extend +1/-2	-95	9.0
P66	hp_thomas_dill2	extend +1/-2	-94	8.0
P66	hp_thomas_dill2	extend +1/-2	-93	8.0
P66	hp_thomas_dill2	extend +1/-2	-92	9.0
P66	hp_thomas_dill2	extend +1/-2	-91	8.0
P66	hp_thomas_dill2	extend +1/-2	-90	7.0
P66	hp_thomas_dill2	extend +1/-2	-89	7.0
P66	hp_thomas_dill2	extend +1/-2	-88	11.0
P66	hp_thomas_dill2	extend +1/-2	-87	9.0
P66	hp_thomas_dill2	extend +1/-2	-86	6.0
P66	hp_thomas_dill2	extend +1/-2	-85	10.0
P66	hp_thomas_dill2	extend +1/-2	-84	13.0
P66	hp_thomas_dill2	extend +1/-2	-83	12.0
P66	hp_thomas_dill2	extend +1/-2	-82	8.0
P66	hp_thomas_dill2	extend +1/-2	-81	11.0
P66	hp_thomas_dill2	extend +1/-2	-80	9.0
P66	hp_thomas_dill2	extend +1/-2	-79	9.0
P66	hp_thomas_dill2	extend +1/-2	-78	10.0
P66	hp_thomas_dill2	extend +1/-2	-77	10.0
P66	hp_thomas_dill2	extend +1/-2	-76	7.0
P66	hp_thomas_dill2	extend +1/-2	-75	10.0
P66	hp_thomas_dill2	extend +1/-2	-74	13.0
P66	hp_thomas_dill2	extend +1/-2	-73	7.0
P66	hp_thomas_dill2	extend +1/-2	-72	12.0
P66	hp_thomas_dill2	extend +1/-2	-71	9.0
P66	hp_thomas_dill2	extend +1/-2	-70	9.0
P66	hp_thomas_dill2	extend +1/-2	-69	11.0
P66	hp_thomas_dill2	extend +1/-2	-68	8.0
P66	hp_thomas_dill2	extend +1/-2	-67	6.0
P66	hp_thomas_dill2	extend +1/-2	-66	7.0
P66	hp_thomas_dill2	extend +1/-2	-65	10.0
P66	hp_thomas_dill2	extend +1/-2	-64	10.0
P66	hp_thomas_dill2	extend +1/-2	-63	8.0
P66	hp_thomas_dill2	extend +1/-2	-62	9.0
P66	hp_thomas_dill2	extend +1/-2	-61	6.0
P66	hp_thomas_dill2	extend +1/-2	-60	9.0
P66	hp_thomas_dill2	extend +1/-2	-59	8.0
P66	hp_thomas_dill2	extend +1/-2	-58	7.0
P66	hp_thomas_dill2	extend +1/-2	-57	7.0
P66	hp_thomas_dill2	extend +1/-2	-56	11.0
P66	hp_thomas_dill2	extend +1/-2	-55	9.0
P66	hp_thomas_dill2	extend +1/-2	-54	9.0
P66	hp_thomas_dill2	extend +1/-2	-53	7.0
P66	hp_thomas_dill2	extend +1/-2	-52	12.0
P66	hp_thomas_dill2	extend +1/-2	-51	7.0
P66	hp_thomas_dill2	extend +1/-2	-50	7.0
P66	hp_thomas_dill2	extend +1/-2	-49	10.0
P66	hp_thomas_dill2	extend +1/-2	-48	12.0
P66	hp_thomas_dill2	extend +1/-2	-47	5.0
P66	hp_thomas_dill2	extend +1/-2	-46	10.0
P66	hp_thomas_dill2	extend +1/-2	-45	8.0
P66	hp_thomas_dill2	extend +1/-2	-44	8.0
P66	hp_thomas_dill2	extend +1/-2	-43	8.0
P66	hp_thomas_dill2	extend +1/-2	-42	8.0
P66	hp_thomas_dill2	extend +1/-2	-41	8.0
P66	hp_thomas_dill2	extend +1/-2	-40	9.0
P66	hp_thomas_dill2	extend +1/-2	-39	9.0
P66	hp_thomas_dill2	extend +1/-2	-38	6.0
P66	hp_thomas_dill2	extend +1/-2	-37	9.0
P66	hp_thomas_dill2	extend +1/-2	-36	10.0
P66	hp_thomas_dill2	extend +1/-2	-35	11.0
P66	hp_thomas_dill2	extend +1/-2	-34	9.0
P66	hp_thomas_dill2	extend +1/-2	-33	7.0
P66	hp_thomas_dill2	extend +1/-2	-32	7.0
P66	hp_thomas_dill2	extend +1/-2	-31	7.0
P66	hp_thomas_dill2	extend +1/-2	-30	13.0
P66	hp_thomas_dill2	extend +1/-2	-29	8.0
P66	hp_thomas_dill2	extend +1/-2	-28	11.0
P66	hp_thomas_dill2	extend +1/-2	-27	12.0
P66	hp_thomas_dill2	extend +1/-2	-26	12.0
P66	hp_thomas_dill2	extend +1/-2	-25	7.0
P66	hp_thomas_dill2	extend +1/-2	-24	10.0
P66	hp_thomas_dill2	extend +1/-2	-23	16.0
P66	hp_thomas_dill2	extend +1/-2	-22	8.0
P66	hp_thomas_dill2	extend +1/-2	-21	7.0
P66	hp_thomas_dill2	extend +1/-2	-20	7.0
P66	hp_thomas_dill2	extend +1/-2	-19	5.0
P66	hp_thomas_dill2	extend +1/-2	-18	12.0
P66	hp_thomas_dill2	extend +1/-2	-17	8.0
P66	hp_thomas_dill2	extend +1/-2	-16	11.0
P66	hp_thomas_dill2	extend +1/-2	-15	4.0
P66	hp_thomas_dill2	extend +1/-2	-14	9.0
P66	hp_thomas_dill2	extend +1/-2	-13	9.0
P66	hp_thomas_dill2	extend +1/-2	-12	11.0
P66	hp_thomas_dill2	extend +1/-2	-11	10.0
P66	hp_thomas_dill2	extend +1/-2	-10	9.0
P66	hp_thomas_dill2	extend +1/-2	-9	10.0
P66	hp_thomas_dill2	extend +1/-2	-8	7.0
P66	hp_thomas_dill2	extend +1/-2	-7	14.0
P66	hp_thomas_dill2	extend +1/-2	-6	7.0
P66	hp_thomas_dill2	extend +1/-2	-5	10.0
P66	hp_thomas_dill2	extend +1/-2	-4	12.0
P66	hp_thomas_dill2	extend +1/-2	-3	6.0
P66	hp_thomas_dill2	extend +1/-2	-2	5.0
P66	hp_thomas_dill2	extend +1/-2	-1	9.0
P66	hp_thomas_dill2	extend +1/-2	0	12.0
P66	hp_thomas_dill2	extend +1/-2	1	11.0
P66	hp_thomas_dill2	extend +1/-2	2	8.0
P66	hp_thomas_dill2	extend +1/-2	3	10.0
P66	hp_thomas_dill2	extend +1/-2	4	8.0
P66	hp_thomas_dill2	extend +1/-2	5	8.0
P66	hp_thomas_dill2	extend +1/-2	6	7.0
P66	hp_thomas_dill2	extend +1/-2	7	7.0
P66	hp_thomas_dill2	extend +1/-2	8	7.0
P66	hp_thomas_dill2	extend +1/-2	9	12.0
P66	hp_thomas_dill2	extend +1/-2	10	10.0
P66	hp_thomas_dill2	extend +1/-2	11	5.0
P66	hp_thomas_dill2	extend +1/-2	12	15.0
P66	hp_thomas_dill2	extend +1/-2	13	8.0
P66	hp_thomas_dill2	extend +1/-2	14	10.0
P66	hp_thomas_dill2	extend +1/-2	15	8.0
P66	hp_thomas_dill2	extend +1/-2	16	8.0
P66	hp_thomas_dill2	extend +1/-2	17	8.0
P66	hp_thomas_dill2	extend +1/-2	18	8.0
P66	hp_thomas_dill2	extend +1/-2	19	8.0
P66	hp_thomas_dill2	extend +1/-2	20	11.0
P66	hp_thomas_dill2	extend +1/-2	21	8.0
P66	hp_thomas_dill2	extend +1/-2	22	8.0
P66	hp_thomas_dill2	extend +1/-2	23	6.0
P66	hp_thomas_dill2	extend +1/-2	24	9.0
P66	hp_thomas_dill2	extend +1/-2	25	5.0
P66	hp_thomas_dill2	extend +1/-2	26	6.0
P66	hp_thomas_dill2	extend +1/-2	27	15.0
P66	hp_thomas_dill2	extend +1/-2	28	14.0
P66	hp_thomas_dill2	extend +1/-2	29	9.0
P66	hp_thomas_dill2	extend +1/-2	30	9.0
P66	hp_thomas_dill2	extend +1/-2	31	8.0
P66	hp_thomas_dill2	extend +1/-2	32	6.0
P66	hp_thomas_dill2	extend +1/-2	33	15.0
P66	hp_thomas_dill2	extend +1/-2	34	9.0
P66	hp_thomas_dill2	extend +1/-2	35	10.0
P66	hp_thomas_dill2	extend +1/-2	36	11.0
P66	hp_thomas_dill2	extend +1/-2	37	12.0
P66	hp_thomas_dill2	extend +1/-2	38	7.0
P66	hp_thomas_dill2	extend +1/-2	39	13.0
P66	hp_thomas_dill2	extend +1/-2	40	10.0
P66	hp_thomas_dill2	extend +1/-2	41	7.0
P66	hp_thomas_dill2	extend +1/-2	42	8.0
P66	hp_thomas_dill2	extend +1/-2	43	13.0
P66	hp_thomas_dill2	extend +1/-2	44	6.0
P66	hp_thomas_dill2	extend +1/-2	45	10.0
P66	hp_thomas_dill2	extend +1/-2	46	7.0
P66	hp_thomas_dill2	extend +1/-2	47	8.0
P66	hp_thomas_dill2	extend +1/-2	48	6.0
P66	hp_thomas_dill2	extend +1/-2	49	10.0
P66	hp_thomas_dill2	extend +1/-2	50	10.0
P66	hp_thomas_dill2	extend +1/-2	51	8.0
P66	hp_thomas_dill2	extend +1/-2	52	10.0
P66	hp_thomas_dill2	extend +1/-2	53	8.0
P66	hp_thomas_dill2	extend +1/-2	54	9.0
P66	hp_thomas_dill2	extend +1/-2	55	13.0
P66	hp_thomas_dill2	extend +1/-2	56	18.0
P66	hp_thomas_dill2	extend +1/-2	57	13.0
P66	hp_thomas_dill2	extend +1/-2	58	9.0
P66	hp_thomas_dill2	extend +1/-2	59	8.0
P66	hp_thomas_dill2	extend +1/-2	60	10.0
P66	hp_thomas_dill2	extend +1/-2	61	6.0
P66	hp_thomas_dill2	extend +1/-2	62	10.0
P66	hp_thomas_dill2	extend +1/-2	63	8.0
P66	hp_thomas_dill2	extend +1/-2	64	15.0
P66	hp_thomas_dill2	extend +1/-2	65	10.0
P66	hp_thomas_dill2	extend +1/-2	66	7.0
P66	hp_thomas_dill2	extend +1/-2	67	6.0
P66	hp_thomas_dill2	extend +1/-2	68	16.0
P66	hp_thomas_dill2	extend +1/-2	69	10.0
P66	hp_thomas_dill2	extend +1/-2	70	7.0
P66	hp_thomas_dill2	extend +1/-2	71	11.0
P66	hp_thomas_dill2	extend +1/-2	72	6.0
P66	hp_thomas_dill2	extend +1/-2	73	5.0
P66	hp_thomas_dill2	extend +1/-2	74	10.0
P66	hp_thomas_dill2	extend +1/-2	75	6.0
P66	hp_thomas_dill2	extend +1/-2	76	9.0
P66	hp_thomas_dill2	extend +1/-2	77	7.0
P66	hp_thomas_dill2	extend +1/-2	78	6.0
P66	hp_thomas_dill2	extend +1/-2	79	8.0
P66	hp_thomas_dill2	extend +1/-2	80	9.0
P66	hp_thomas_dill2	extend +1/-2	81	11.0
P66	hp_thomas_dill2	extend +1/-2	82	7.0
P66	hp_thomas_dill2	extend +1/-2	83	9.0
P66	hp_thomas_dill2	extend +1/-2	84	13.0
P66	hp_thomas_dill2	extend +1/-2	85	16.0
P66	hp_thomas_dill2	extend +1/-2	86	6.0
P66	hp_thomas_dill2	extend +1/-2	87	6.0
P66	hp_thomas_dill2	extend +1/-2	88	7.0
P66	hp_thomas_dill2	extend +1/-2	89	7.0
P66	hp_thomas_dill2	extend +1/-2	90	6.0
P66	hp_thomas_dill2	extend +1/-2	91	7.0
P66	hp_thomas_dill2	extend +1/-2	92	8.0
P66	hp_thomas_dill2	extend +1/-2	93	9.0
P66	hp_thomas_dill2	extend +1/-2	94	7.0
P66	hp_thomas_dill2	extend +1/-2	95	11.0
P66	hp_thomas_dill2	extend +1/-2	96	8.0
P66	hp_thomas_dill2	extend +1/-2	97	6.0
P66	hp_thomas_dill2	extend +1/-2	98	7.0
P66	hp_thomas_dill2	extend +1/-2	99	9.0
P66	hp_thomas_dill2	extend +1/-2	100	11.0
P66	hp_thomas_dill2	extend +1/-2	101	8.0
P66	hp_thomas_dill2	extend +1/-2	102	9.0
P66	hp_thomas_dill2	extend +1/-2	103	6.0
P66	hp_thomas_dill2	extend +1/-2	104	6.0
P66	hp_thomas_dill2	extend +1/-2	105	7.0
P66	hp_thomas_dill2	extend +1/-2	106	6.0
P66	hp_thomas_dill2	extend +1/-2	107	4.0
P66	hp_thomas_dill2	extend +1/-2	108	6.0
P66	hp_thomas_dill2	extend +1/-2	109	8.0
P66	hp_thomas_dill2	extend +1/-2	110	9.0
P66	hp_thomas_dill2	extend +1/-2	111	8.0
P66	hp_thomas_dill2	extend +1/-2	112	8.0
P66	hp_thomas_dill2	extend +1/-2	113	6.0
P66	hp_thomas_dill2	extend +1/-2	114	14.0
P66	hp_thomas_dill2	extend +1/-2	115	10.0
P66	hp_thomas_dill2	extend +1/-2	116	9.0
P66	hp_thomas_dill2	extend +1/-2	117	12.0
P66	hp_thomas_dill2	extend +1/-2	118	8.0
P66	hp_thomas_dill2	extend +1/-2	119	9.0
P66	hp_thomas_dill2	extend +1/-2	120	8.0
P66	hp_thomas_dill2	extend +1/-2	121	9.0
P66	hp_thomas_dill2	extend +1/-2	122	13.0
P66	hp_thomas_dill2	extend +1/-2	123	8.0
P66	hp_thomas_dill2	extend +1/-2	124	6.0
P66	hp_thomas_dill2	extend +1/-2	125	6.0
P66	hp_thomas_dill2	extend +1/-2	126	9.0
P66	hp_thomas_dill2	extend +1/-2	127	6.0
P66	hp_thomas_dill2	extend +1/-2	128	7.0
P66	hp_thomas_dill2	extend +1/-2	129	6.0
P66	hp_thomas_dill2	extend +1/-2	130	9.0
P66	hp_thomas_dill2	extend +1/-2	131	7.0
P66	hp_thomas_dill2	extend +1/-2	132	5.0
P66	hp_thomas_dill2	extend +1/-2	133	8.0
P66	hp_thomas_dill2	extend +1/-2	134	7.0
P66	hp_thomas_dill2	extend +1/-2	135	6.0
P66	hp_thomas_dill2	extend +1/-2	136	6.0
P66	hp_thomas_dill2	extend +1/-2	137	5.0
P66	hp_thomas_dill2	extend +1/-2	138	7.0
P66	hp_thomas_dill2	extend +1/-2	139	6.0
P66	hp_thomas_dill2	extend +1/-2	140	7.0
P66	hp_thomas_dill2	extend +1/-2	141	9.0
P66	hp_thomas_dill2	extend +1/-2	142	7.0
P66	hp_thomas_dill2	extend +1/-2	143	7.0
P66	hp_thomas_dill2	extend +1/-2	144	4.0
P66	hp_thomas_dill2	extend +1/-2	145	6.0
P66	hp_thomas_dill2	extend +1/-2	146	10.0
P66	hp_thomas_dill2	extend +1/-2	147	13.0
P66	hp_thomas_dill2	extend +1/-2	148	4.0
P66	hp_thomas_dill2	extend +1/-2	149	5.0
P66	hp_thomas_dill2	extend +1/-2	150	6.0
P66	hp_thomas_dill2	extend +1/-2	151	7.0
P66	hp_thomas_dill2	extend +1/-2	152	7.0
P66	hp_thomas_dill2	extend +1/-2	153	8.0
P66	hp_thomas_dill2	extend +1/-2	154	8.0
P66	hp_thomas_dill2	extend +1/-2	155	5.0
P66	hp_thomas_dill2	extend +1/-2	156	10.0
P66	hp_thomas_dill2	extend +1/-2	157	5.0
P66	hp_thomas_dill2	extend +1/-2	158	7.0
P66	hp_thomas_dill2	extend +1/-2	159	7.0
P66	hp_thomas_dill2	extend +1/-2	160	11.0
P66	hp_thomas_dill2	extend +1/-2	161	7.0
P66	hp_thomas_dill2	extend +1/-2	162	7.0
P66	hp_thomas_dill2	extend +1/-2	163	7.0
P66	hp_thomas_dill2	extend +1/-2	164	4.0
P66	hp_thomas_dill2	extend +1/-2	165	9.0
P66	hp_thomas_dill2	extend +1/-2	166	17.0
P66	hp_thomas_dill2	extend +1/-2	167	8.0
P66	hp_thomas_dill2	extend +1/-2	168	7.0
P66	hp_thomas_dill2	extend +1/-2	169	6.0
P66	hp_thomas_dill2	extend +1/-2	170	5.0
P66	hp_thomas_dill2	extend +1/-2	171	5.0
P66	hp_thomas_dill2	extend +1/-2	172	5.0
P66	hp_thomas_dill2	extend +1/-2	173	8.0
P66	hp_thomas_dill2	extend +1/-2	174	6.0
P66	hp_thomas_dill2	extend +1/-2	175	7.0
P66	hp_thomas_dill2	extend +1/-2	176	5.0
P66	hp_thomas_dill2	extend +1/-2	177	5.0
P66	hp_thomas_dill2	extend +1/-2	178	5.0
P66	hp_thomas_dill2	extend +1/-2	179	6.0
P66	hp_thomas_dill2	extend +1/-2	180	12.0
P66	hp_thomas_dill2	extend +1/-2	181	5.0
P66	hp_thomas_dill2	extend +1/-2	182	5.0
P66	hp_thomas_dill2	extend +1/-2	183	11.0
P66	hp_thomas_dill2	extend +1/-2	184	6.0
P66	hp_thomas_dill2	extend +1/-2	185	4.0
P66	hp_thomas_dill2	extend +1/-2	186	8.0
P66	hp_thomas_dill2	extend +1/-2	187	7.0
P66	hp_thomas_dill2	extend +1/-2	188	7.0
P66	hp_thomas_dill2	extend +1/-2	189	8.0
P66	hp_thomas_dill2	extend +1/-2	190	8.0
P66	hp_thomas_dill2	extend +1/-2	191	8.0
P66	hp_thomas_dill2	extend +1/-2	192	6.0
P66	hp_thomas_dill2	extend +1/-2	193	6.0
P66	hp_thomas_dill2	extend +1/-2	194	5.0
P66	hp_thomas_dill2	extend +1/-2	195	5.0
P66	hp_thomas_dill2	extend +1/-2	196	4.0
P66	hp_thomas_dill2	extend +1/-2	197	7.0
P66	hp_thomas_dill2	extend +1/-2	198	6.0
P66	hp_thomas_dill2	extend +1/-2	199	4.0
P66	hp_thomas_dill2	extend +1/-2	200	6.0
P66	hp_thomas_dill2	extend +1/-2	201	5.0
P66	hp_thomas_dill2	extend +1/-2	202	7.0
P66	hp_thomas_dill2	extend +1/-2	203	7.0
P66	hp_thomas_dill2	extend +1/-2	204	5.0
P66	hp_thomas_dill2	extend +1/-2	205	5.0
P66	hp_thomas_dill2	extend +1/-2	206	4.0
P66	hp_thomas_dill2	extend +1/-2	207	5.0
P66	hp_thomas_dill2	extend +1/-2	208	5.0
P66	hp_thomas_dill2	extend +1/-2	209	5.0
P66	hp_thomas_dill2	extend +1/-2	210	8.0
P66	hp_thomas_dill2	extend +1/-2	211	4.0
P66	hp_thomas_dill2	extend +1/-2	212	7.0
P66	hp_thomas_dill2	extend +1/-2	213	7.0
P66	hp_thomas_dill2	extend +1/-2	214	7.0
P66	hp_thomas_dill2	extend +1/-2	215	10.0
P66	hp_thomas_dill2	extend +1/-2	216	7.0
P66	hp_thomas_dill2	extend +1/-2	217	6.0
P66	hp_thomas_dill2	extend +1/-2	218	5.0
P66	hp_thomas_dill2	extend +1/-2	219	8.0
P66	hp_thomas_dill2	extend +1/-2	220	4.0
P66	hp_thomas_dill2	extend +1/-2	221	6.0
P66	hp_thomas_dill2	extend +1/-2	222	10.0
P66	hp_thomas_dill2	extend +1/-2	223	7.0
P66	hp_thomas_dill2	extend +1/-2	224	6.0
P66	hp_thomas_dill2	extend +1/-2	225	4.0
P66	hp_thomas_dill2	extend +1/-2	226	6.0
P66	hp_thomas_dill2	extend +1/-2	227	5.0
P66	hp_thomas_dill2	extend +1/-2	228	6.0
P66	hp_thomas_dill2	extend +1/-2	229	4.0
P66	hp_thomas_dill2	extend +1/-2	230	4.0
P66	hp_thomas_dill2	extend +1/-2	231	5.0
P66	hp_thomas_dill2	extend +1/-2	232	3.0
P66	hp_thomas_dill2	extend +1/-2	233	4.0
P66	hp_thomas_dill2	extend +1/-2	234	4.0
P66	hp_thomas_dill2	extend +1/-2	235	6.0
P66	hp_thomas_dill2	extend +1/-2	236	8.0
P66	hp_thomas_dill2	extend +1/-2	237	7.0
P66	hp_thomas_dill2	extend +1/-2	238	4.0
P66	hp_thomas_dill2	extend +1/-2	239	4.0
P66	hp_thomas_dill2	extend +1/-2	240	5.0
P66	hp_thomas_dill2	extend +1/-2	241	4.0
P66	hp_thomas_dill2	extend +1/-2	242	10.0
P66	hp_thomas_dill2	extend +1/-2	243	4.0
P66	hp_thomas_dill2	extend +1/-2	244	5.0
P66	hp_thomas_dill2	extend +1/-2	245	6.0
P66	hp_thomas_dill2	extend +1/-2	246	5.0
P66	hp_thomas_dill2	extend +1/-2	247	8.0
P66	hp_thomas_dill2	extend +1/-2	248	7.0
P66	hp_thomas_dill2	extend +1/-2	249	4.0
P66	hp_thomas_dill2	extend +1/-2	250	3.0
P66	hp_thomas_dill2	extend +1/-2	251	4.0
P66	hp_thomas_dill2	extend +1/-2	252	4.0
P66	hp_thomas_dill2	extend +1/-2	253	6.0
P66	hp_thomas_dill2	extend +1/-2	254	6.0
P66	hp_thomas_dill2	extend +1/-2	255	8.0
P66	hp_thomas_dill2	extend +1/-2	256	7.0
P66	hp_thomas_dill2	extend +1/-2	257	4.0
P66	hp_thomas_dill2	extend +1/-2	258	4.0
P66	hp_thomas_dill2	extend +1/-2	259	5.0
P66	hp_thomas_dill2	extend +1/-2	260	4.0
P66	hp_thomas_dill2	extend +1/-2	261	9.0
P66	hp_thomas_dill2	extend +1/-2	262	8.0
P66	hp_thomas_dill2	extend +1/-2	263	4.0
P66	hp_thomas_dill2	extend +1/-2	264	4.0
P66	hp_thomas_dill2	extend +1/-2	265	4.0
P66	hp_thomas_dill2	extend +1/-2	266	6.0
P66	hp_thomas_dill2	extend +1/-2	267	4.0
P66	hp_thomas_dill2	extend +1/-2	268	6.0
P66	hp_thomas_dill2	extend +1/-2	269	2.0
P66	hp_thomas_dill2	extend +1/-2	270	4.0
P66	hp_thomas_dill2	extend +1/-2	271	6.0
P66	hp_thomas_dill2	extend +1/-2	272	8.0
P66	hp_thomas_dill2	extend +1/-2	273	4.0
P66	hp_thomas_dill2	extend +1/-2	274	5.0
P66	hp_thomas_dill2	extend +1/-2	275	8.0
P66	hp_thomas_dill2	extend +1/-2	276	4.0
P66	hp_thomas_dill2	extend +1/-2	277	5.0
P66	hp_thomas_dill2	extend +1/-2	278	8.0
P66	hp_thomas_dill2	extend +1/-2	279	5.0
P66	hp_thomas_dill2	extend +1/-2	280	5.0
P66	hp_thomas_dill2	extend +1/-2	281	4.0
P66	hp_thomas_dill2	extend +1/-2	282	4.0
P66	hp_thomas_dill2	extend +1/-2	283	6.0
P66	hp_thomas_dill2	extend +1/-2	284	4.0
P66	hp_thomas_dill2	extend +1/-2	285	6.0
P66	hp_thomas_dill2	extend +1/-2	286	3.0
P66	hp_thomas_dill2	extend +1/-2	287	4.0
P66	hp_thomas_dill2	extend +1/-2	288	5.0
P66	hp_thomas_dill2	extend +1/-2	289	6.0
P66	hp_thomas_dill2	extend +1/-2	290	8.0
P66	hp_thomas_dill2	extend +1/-2	291	7.0
P66	hp_thomas_dill2	extend +1/-2	292	7.0
P66	hp_thomas_dill2	extend +1/-2	293	4.0
P66	hp_thomas_dill2	extend +1/-2	294	4.0
P66	hp_thomas_dill2	extend +1/-2	295	5.0
P66	hp_thomas_dill2	extend +1/-2	296	7.0
P66	hp_thomas_dill2	extend +1/-2	297	5.0
P66	hp_thomas_dill2	extend +1/-2	298	3.0
P66	hp_thomas_dill2	extend +1/-2	299	4.0
P66	hp_thomas_dill2	extend +1/-2	300	3.0
P66	hp_thomas_dill2	extend +1/-2	301	4.0
P66	hp_thomas_dill2	extend +1/-2	302	6.0
P66	hp_thomas_dill2	extend +1/-2	303	4.0
P66	hp_thomas_dill2	extend +1/-2	304	6.0
P66	hp_thomas_dill2	extend +1/-2	305	2.0
P66	hp_thomas_dill2	extend +1/-2	306	2.0
P66	hp_thomas_dill2	extend +1/-2	307	2.0
P66	hp_thomas_dill2	extend +1/-2	308	3.0
P66	hp_thomas_dill2	extend +1/-2	309	8.0
P66	hp_thomas_dill2	extend +1/-2	310	7.0
P66	hp_thomas_dill2	extend +1/-2	311	3.0
P66	hp_thomas_dill2	extend +1/-2	312	2.0
P66	hp_thomas_dill2	extend +1/-2	313	1.0
P66	hp_thomas_dill2	extend +1/-2	314	2.0
P66	hp_thomas_dill2	extend +1/-2	315	3.0
P66	hp_thomas_dill2	extend +1/-2	316	6.0
P66	hp_thomas_dill2	extend +1/-2	317	2.0
P66	hp_thomas_dill2	extend +1/-2	318	1.0
P66	hp_thomas_dill2	extend +1/-2	319	2.0
P66	hp_thomas_dill2	extend +1/-2	320	1.0
P66	hp_thomas_dill2	extend +1/-2	321	1.0
P66	hp_lehninger2	exact k=8	-572	1.0
P66	hp_lehninger2	exact k=8	-545	2.0
P66	hp_lehninger2	exact k=8	-544	4.0
P66	hp_lehninger2	exact k=8	-543	3.0
P66	hp_lehninger2	exact k=8	-532	1.0
P66	hp_lehninger2	exact k=8	-527	1.0
P66	hp_lehninger2	exact k=8	-525	1.0
P66	hp_lehninger2	exact k=8	-524	2.0
P66	hp_lehninger2	exact k=8	-523	3.0
P66	hp_lehninger2	exact k=8	-522	7.0
P66	hp_lehninger2	exact k=8	-521	4.0
P66	hp_lehninger2	exact k=8	-520	4.0
P66	hp_lehninger2	exact k=8	-519	4.0
P66	hp_lehninger2	exact k=8	-518	3.0
P66	hp_lehninger2	exact k=8	-517	2.0
P66	hp_lehninger2	exact k=8	-516	1.0
P66	hp_lehninger2	exact k=8	-503	3.0
P66	hp_lehninger2	exact k=8	-496	2.0
P66	hp_lehninger2	exact k=8	-493	6.0
P66	hp_lehninger2	exact k=8	-490	3.0
P66	hp_lehninger2	exact k=8	-484	1.0
P66	hp_lehninger2	exact k=8	-465	1.0
P66	hp_lehninger2	exact k=8	-464	3.0
P66	hp_lehninger2	exact k=8	-463	5.0
P66	hp_lehninger2	exact k=8	-458	1.0
P66	hp_lehninger2	exact k=8	-433	5.0
P66	hp_lehninger2	exact k=8	-429	2.0
P66	hp_lehninger2	exact k=8	-426	2.0
P66	hp_lehninger2	exact k=8	-425	2.0
P66	hp_lehninger2	exact k=8	-423	1.0
P66	hp_lehninger2	exact k=8	-418	4.0
P66	hp_lehninger2	exact k=8	-415	4.0
P66	hp_lehninger2	exact k=8	-412	1.0
P66	hp_lehninger2	exact k=8	-407	6.0
P66	hp_lehninger2	exact k=8	-404	1.0
P66	hp_lehninger2	exact k=8	-400	2.0
P66	hp_lehninger2	exact k=8	-398	1.0
P66	hp_lehninger2	exact k=8	-395	1.0
P66	hp_lehninger2	exact k=8	-393	3.0
P66	hp_lehninger2	exact k=8	-390	1.0
P66	hp_lehninger2	exact k=8	-389	2.0
P66	hp_lehninger2	exact k=8	-387	5.0
P66	hp_lehninger2	exact k=8	-383	1.0
P66	hp_lehninger2	exact k=8	-382	4.0
P66	hp_lehninger2	exact k=8	-381	3.0
P66	hp_lehninger2	exact k=8	-380	4.0
P66	hp_lehninger2	exact k=8	-379	5.0
P66	hp_lehninger2	exact k=8	-378	6.0
P66	hp_lehninger2	exact k=8	-377	14.0
P66	hp_lehninger2	exact k=8	-376	7.0
P66	hp_lehninger2	exact k=8	-375	8.0
P66	hp_lehninger2	exact k=8	-374	8.0
P66	hp_lehninger2	exact k=8	-373	5.0
P66	hp_lehninger2	exact k=8	-372	5.0
P66	hp_lehninger2	exact k=8	-371	3.0
P66	hp_lehninger2	exact k=8	-370	4.0
P66	hp_lehninger2	exact k=8	-369	1.0
P66	hp_lehninger2	exact k=8	-367	2.0
P66	hp_lehninger2	exact k=8	-361	4.0
P66	hp_lehninger2	exact k=8	-359	1.0
P66	hp_lehninger2	exact k=8	-358	1.0
P66	hp_lehninger2	exact k=8	-356	1.0
P66	hp_lehninger2	exact k=8	-354	3.0
P66	hp_lehninger2	exact k=8	-349	5.0
P66	hp_lehninger2	exact k=8	-348	2.0
P66	hp_lehninger2	exact k=8	-347	6.0
P66	hp_lehninger2	exact k=8	-346	3.0
P66	hp_lehninger2	exact k=8	-345	3.0
P66	hp_lehninger2	exact k=8	-344	7.0
P66	hp_lehninger2	exact k=8	-343	6.0
P66	hp_lehninger2	exact k=8	-342	3.0
P66	hp_lehninger2	exact k=8	-341	1.0
P66	hp_lehninger2	exact k=8	-340	3.0
P66	hp_lehninger2	exact k=8	-338	3.0
P66	hp_lehninger2	exact k=8	-337	2.0
P66	hp_lehninger2	exact k=8	-336	3.0
P66	hp_lehninger2	exact k=8	-335	4.0
P66	hp_lehninger2	exact k=8	-334	5.0
P66	hp_lehninger2	exact k=8	-333	7.0
P66	hp_lehninger2	exact k=8	-332	12.0
P66	hp_lehninger2	exact k=8	-331	5.0
P66	hp_lehninger2	exact k=8	-330	4.0
P66	hp_lehninger2	exact k=8	-329	3.0
P66	hp_lehninger2	exact k=8	-328	4.0
P66	hp_lehninger2	exact k=8	-327	1.0
P66	hp_lehninger2	exact k=8	-324	1.0
P66	hp_lehninger2	exact k=8	-322	2.0
P66	hp_lehninger2	exact k=8	-321	10.0
P66	hp_lehninger2	exact k=8	-319	3.0
P66	hp_lehninger2	exact k=8	-317	1.0
P66	hp_lehninger2	exact k=8	-316	1.0
P66	hp_lehninger2	exact k=8	-314	3.0
P66	hp_lehninger2	exact k=8	-313	3.0
P66	hp_lehninger2	exact k=8	-307	2.0
P66	hp_lehninger2	exact k=8	-303	1.0
P66	hp_lehninger2	exact k=8	-302	4.0
P66	hp_lehninger2	exact k=8	-301	4.0
P66	hp_lehninger2	exact k=8	-300	2.0
P66	hp_lehninger2	exact k=8	-297	4.0
P66	hp_lehninger2	exact k=8	-295	2.0
P66	hp_lehninger2	exact k=8	-293	1.0
P66	hp_lehninger2	exact k=8	-292	1.0
P66	hp_lehninger2	exact k=8	-291	3.0
P66	hp_lehninger2	exact k=8	-289	3.0
P66	hp_lehninger2	exact k=8	-288	1.0
P66	hp_lehninger2	exact k=8	-287	1.0
P66	hp_lehninger2	exact k=8	-286	1.0
P66	hp_lehninger2	exact k=8	-285	1.0
P66	hp_lehninger2	exact k=8	-284	5.0
P66	hp_lehninger2	exact k=8	-283	3.0
P66	hp_lehninger2	exact k=8	-280	2.0
P66	hp_lehninger2	exact k=8	-279	2.0
P66	hp_lehninger2	exact k=8	-278	3.0
P66	hp_lehninger2	exact k=8	-277	5.0
P66	hp_lehninger2	exact k=8	-276	4.0
P66	hp_lehninger2	exact k=8	-275	4.0
P66	hp_lehninger2	exact k=8	-274	5.0
P66	hp_lehninger2	exact k=8	-273	3.0
P66	hp_lehninger2	exact k=8	-272	4.0
P66	hp_lehninger2	exact k=8	-271	1.0
P66	hp_lehninger2	exact k=8	-270	2.0
P66	hp_lehninger2	exact k=8	-267	2.0
P66	hp_lehninger2	exact k=8	-264	1.0
P66	hp_lehninger2	exact k=8	-263	8.0
P66	hp_lehninger2	exact k=8	-261	4.0
P66	hp_lehninger2	exact k=8	-260	3.0
P66	hp_lehninger2	exact k=8	-258	2.0
P66	hp_lehninger2	exact k=8	-257	2.0
P66	hp_lehninger2	exact k=8	-255	3.0
P66	hp_lehninger2	exact k=8	-254	7.0
P66	hp_lehninger2	exact k=8	-253	5.0
P66	hp_lehninger2	exact k=8	-252	1.0
P66	hp_lehninger2	exact k=8	-251	2.0
P66	hp_lehninger2	exact k=8	-244	4.0
P66	hp_lehninger2	exact k=8	-243	2.0
P66	hp_lehninger2	exact k=8	-241	2.0
P66	hp_lehninger2	exact k=8	-240	2.0
P66	hp_lehninger2	exact k=8	-237	4.0
P66	hp_lehninger2	exact k=8	-235	1.0
P66	hp_lehninger2	exact k=8	-233	2.0
P66	hp_lehninger2	exact k=8	-232	4.0
P66	hp_lehninger2	exact k=8	-228	2.0
P66	hp_lehninger2	exact k=8	-227	3.0
P66	hp_lehninger2	exact k=8	-226	5.0
P66	hp_lehninger2	exact k=8	-225	1.0
P66	hp_lehninger2	exact k=8	-224	2.0
P66	hp_lehninger2	exact k=8	-221	5.0
P66	hp_lehninger2	exact k=8	-220	2.0
P66	hp_lehninger2	exact k=8	-219	3.0
P66	hp_lehninger2	exact k=8	-218	16.0
P66	hp_lehninger2	exact k=8	-217	2.0
P66	hp_lehninger2	exact k=8	-215	5.0
P66	hp_lehninger2	exact k=8	-210	9.0
P66	hp_lehninger2	exact k=8	-209	5.0
P66	hp_lehninger2	exact k=8	-208	1.0
P66	hp_lehninger2	exact k=8	-206	2.0
P66	hp_lehninger2	exact k=8	-202	1.0
P66	hp_lehninger2	exact k=8	-201	2.0
P66	hp_lehninger2	exact k=8	-199	2.0
P66	hp_lehninger2	exact k=8	-198	1.0
P66	hp_lehninger2	exact k=8	-195	2.0
P66	hp_lehninger2	exact k=8	-193	1.0
P66	hp_lehninger2	exact k=8	-192	3.0
P66	hp_lehninger2	exact k=8	-189	3.0
P66	hp_lehninger2	exact k=8	-188	1.0
P66	hp_lehninger2	exact k=8	-187	1.0
P66	hp_lehninger2	exact k=8	-183	1.0
P66	hp_lehninger2	exact k=8	-182	1.0
P66	hp_lehninger2	exact k=8	-181	1.0
P66	hp_lehninger2	exact k=8	-178	5.0
P66	hp_lehninger2	exact k=8	-177	4.0
P66	hp_lehninger2	exact k=8	-174	2.0
P66	hp_lehninger2	exact k=8	-173	1.0
P66	hp_lehninger2	exact k=8	-169	3.0
P66	hp_lehninger2	exact k=8	-168	2.0
P66	hp_lehninger2	exact k=8	-166	2.0
P66	hp_lehninger2	exact k=8	-165	1.0
P66	hp_lehninger2	exact k=8	-162	5.0
P66	hp_lehninger2	exact k=8	-161	1.0
P66	hp_lehninger2	exact k=8	-160	5.0
P66	hp_lehninger2	exact k=8	-159	1.0
P66	hp_lehninger2	exact k=8	-157	2.0
P66	hp_lehninger2	exact k=8	-153	1.0
P66	hp_lehninger2	exact k=8	-151	1.0
P66	hp_lehninger2	exact k=8	-150	5.0
P66	hp_lehninger2	exact k=8	-149	1.0
P66	hp_lehninger2	exact k=8	-145	6.0
P66	hp_lehninger2	exact k=8	-144	7.0
P66	hp_lehninger2	exact k=8	-138	1.0
P66	hp_lehninger2	exact k=8	-134	5.0
P66	hp_lehninger2	exact k=8	-133	1.0
P66	hp_lehninger2	exact k=8	-129	4.0
P66	hp_lehninger2	exact k=8	-127	1.0
P66	hp_lehninger2	exact k=8	-126	3.0
P66	hp_lehninger2	exact k=8	-124	1.0
P66	hp_lehninger2	exact k=8	-123	1.0
P66	hp_lehninger2	exact k=8	-121	1.0
P66	hp_lehninger2	exact k=8	-120	3.0
P66	hp_lehninger2	exact k=8	-117	1.0
P66	hp_lehninger2	exact k=8	-116	2.0
P66	hp_lehninger2	exact k=8	-115	1.0
P66	hp_lehninger2	exact k=8	-114	3.0
P66	hp_lehninger2	exact k=8	-112	2.0
P66	hp_lehninger2	exact k=8	-111	1.0
P66	hp_lehninger2	exact k=8	-108	1.0
P66	hp_lehninger2	exact k=8	-107	1.0
P66	hp_lehninger2	exact k=8	-102	4.0
P66	hp_lehninger2	exact k=8	-99	2.0
P66	hp_lehninger2	exact k=8	-98	1.0
P66	hp_lehninger2	exact k=8	-96	2.0
P66	hp_lehninger2	exact k=8	-94	1.0
P66	hp_lehninger2	exact k=8	-93	2.0
P66	hp_lehninger2	exact k=8	-91	2.0
P66	hp_lehninger2	exact k=8	-88	4.0
P66	hp_lehninger2	exact k=8	-86	1.0
P66	hp_lehninger2	exact k=8	-84	3.0
P66	hp_lehninger2	exact k=8	-83	8.0
P66	hp_lehninger2	exact k=8	-80	3.0
P66	hp_lehninger2	exact k=8	-78	2.0
P66	hp_lehninger2	exact k=8	-77	2.0
P66	hp_lehninger2	exact k=8	-76	1.0
P66	hp_lehninger2	exact k=8	-74	4.0
P66	hp_lehninger2	exact k=8	-73	3.0
P66	hp_lehninger2	exact k=8	-71	2.0
P66	hp_lehninger2	exact k=8	-69	2.0
P66	hp_lehninger2	exact k=8	-68	3.0
P66	hp_lehninger2	exact k=8	-64	3.0
P66	hp_lehninger2	exact k=8	-62	4.0
P66	hp_lehninger2	exact k=8	-61	1.0
P66	hp_lehninger2	exact k=8	-57	2.0
P66	hp_lehninger2	exact k=8	-56	1.0
P66	hp_lehninger2	exact k=8	-51	2.0
P66	hp_lehninger2	exact k=8	-49	3.0
P66	hp_lehninger2	exact k=8	-48	4.0
P66	hp_lehninger2	exact k=8	-46	1.0
P66	hp_lehninger2	exact k=8	-42	1.0
P66	hp_lehninger2	exact k=8	-40	3.0
P66	hp_lehninger2	exact k=8	-36	4.0
P66	hp_lehninger2	exact k=8	-34	2.0
P66	hp_lehninger2	exact k=8	-33	2.0
P66	hp_lehninger2	exact k=8	-28	1.0
P66	hp_lehninger2	exact k=8	-27	1.0
P66	hp_lehninger2	exact k=8	-26	4.0
P66	hp_lehninger2	exact k=8	-23	1.0
P66	hp_lehninger2	exact k=8	-22	1.0
P66	hp_lehninger2	exact k=8	-20	3.0
P66	hp_lehninger2	exact k=8	-18	3.0
P66	hp_lehninger2	exact k=8	-16	8.0
P66	hp_lehninger2	exact k=8	-14	1.0
P66	hp_lehninger2	exact k=8	-13	3.0
P66	hp_lehninger2	exact k=8	-12	4.0
P66	hp_lehninger2	exact k=8	-10	2.0
P66	hp_lehninger2	exact k=8	-9	3.0
P66	hp_lehninger2	exact k=8	-7	1.0
P66	hp_lehninger2	exact k=8	0	9.0
P66	hp_lehninger2	exact k=8	1	10.0
P66	hp_lehninger2	exact k=8	3	4.0
P66	hp_lehninger2	exact k=8	5	3.0
P66	hp_lehninger2	exact k=8	9	1.0
P66	hp_lehninger2	exact k=8	10	1.0
P66	hp_lehninger2	exact k=8	12	1.0
P66	hp_lehninger2	exact k=8	13	2.0
P66	hp_lehninger2	exact k=8	14	4.0
P66	hp_lehninger2	exact k=8	17	2.0
P66	hp_lehninger2	exact k=8	23	3.0
P66	hp_lehninger2	exact k=8	27	4.0
P66	hp_lehninger2	exact k=8	30	5.0
P66	hp_lehninger2	exact k=8	31	3.0
P66	hp_lehninger2	exact k=8	34	3.0
P66	hp_lehninger2	exact k=8	36	4.0
P66	hp_lehninger2	exact k=8	38	4.0
P66	hp_lehninger2	exact k=8	40	2.0
P66	hp_lehninger2	exact k=8	41	2.0
P66	hp_lehninger2	exact k=8	44	1.0
P66	hp_lehninger2	exact k=8	45	2.0
P66	hp_lehninger2	exact k=8	47	1.0
P66	hp_lehninger2	exact k=8	49	2.0
P66	hp_lehninger2	exact k=8	50	1.0
P66	hp_lehninger2	exact k=8	51	3.0
P66	hp_lehninger2	exact k=8	55	1.0
P66	hp_lehninger2	exact k=8	56	6.0
P66	hp_lehninger2	exact k=8	57	4.0
P66	hp_lehninger2	exact k=8	63	3.0
P66	hp_lehninger2	exact k=8	68	2.0
P66	hp_lehninger2	exact k=8	69	1.0
P66	hp_lehninger2	exact k=8	76	4.0
P66	hp_lehninger2	exact k=8	80	1.0
P66	hp_lehninger2	exact k=8	82	1.0
P66	hp_lehninger2	exact k=8	83	5.0
P66	hp_lehninger2	exact k=8	84	1.0
P66	hp_lehninger2	exact k=8	88	4.0
P66	hp_lehninger2	exact k=8	89	1.0
P66	hp_lehninger2	exact k=8	95	4.0
P66	hp_lehninger2	exact k=8	96	1.0
P66	hp_lehninger2	exact k=8	98	4.0
P66	hp_lehninger2	exact k=8	99	3.0
P66	hp_lehninger2	exact k=8	102	4.0
P66	hp_lehninger2	exact k=8	105	1.0
P66	hp_lehninger2	exact k=8	106	1.0
P66	hp_lehninger2	exact k=8	108	2.0
P66	hp_lehninger2	exact k=8	112	1.0
P66	hp_lehninger2	exact k=8	116	3.0
P66	hp_lehninger2	exact k=8	117	1.0
P66	hp_lehninger2	exact k=8	126	4.0
P66	hp_lehninger2	exact k=8	136	2.0
P66	hp_lehninger2	exact k=8	141	3.0
P66	hp_lehninger2	exact k=8	149	1.0
P66	hp_lehninger2	exact k=8	151	1.0
P66	hp_lehninger2	exact k=8	157	1.0
P66	hp_lehninger2	exact k=8	164	1.0
P66	hp_lehninger2	exact k=8	168	1.0
P66	hp_lehninger2	exact k=8	169	1.0
P66	hp_lehninger2	exact k=8	173	1.0
P66	hp_lehninger2	exact k=8	176	1.0
P66	hp_lehninger2	exact k=8	177	1.0
P66	hp_lehninger2	exact k=8	179	1.0
P66	hp_lehninger2	exact k=8	187	1.0
P66	hp_lehninger2	exact k=8	199	1.0
P66	hp_lehninger2	exact k=8	203	1.0
P66	hp_lehninger2	exact k=8	206	1.0
P66	hp_lehninger2	exact k=8	227	1.0
P66	hp_lehninger2	exact k=8	245	1.0
P66	hp_lehninger2	exact k=8	246	1.0
P66	hp_lehninger2	exact k=8	255	4.0
P66	hp_lehninger2	exact k=8	264	1.0
P66	hp_lehninger2	exact k=8	272	9.0
P66	hp_lehninger2	exact k=8	309	3.0
P66	hp_lehninger2	exact k=8, scaled 2	-572	1.0
P66	hp_lehninger2	exact k=8, scaled 2	-545	1.0
P66	hp_lehninger2	exact k=8, scaled 2	-544	2.0
P66	hp_lehninger2	exact k=8, scaled 2	-543	2.0
P66	hp_lehninger2	exact k=8, scaled 2	-532	1.0
P66	hp_lehninger2	exact k=8, scaled 2	-525	1.0
P66	hp_lehninger2	exact k=8, scaled 2	-524	2.0
P66	hp_lehninger2	exact k=8, scaled 2	-523	3.0
P66	hp_lehninger2	exact k=8, scaled 2	-522	6.0
P66	hp_lehninger2	exact k=8, scaled 2	-521	4.0
P66	hp_lehninger2	exact k=8, scaled 2	-520	4.0
P66	hp_lehninger2	exact k=8, scaled 2	-519	4.0
P66	hp_lehninger2	exact k=8, scaled 2	-518	3.0
P66	hp_lehninger2	exact k=8, scaled 2	-517	2.0
P66	hp_lehninger2	exact k=8, scaled 2	-516	1.0
P66	hp_lehninger2	exact k=8, scaled 2	-493	5.0
P66	hp_lehninger2	exact k=8, scaled 2	-490	3.0
P66	hp_lehninger2	exact k=8, scaled 2	-484	1.0
P66	hp_lehninger2	exact k=8, scaled 2	-465	1.0
P66	hp_lehninger2	exact k=8, scaled 2	-464	3.0
P66	hp_lehninger2	exact k=8, scaled 2	-463	3.0
P66	hp_lehninger2	exact k=8, scaled 2	-458	1.0
P66	hp_lehninger2	exact k=8, scaled 2	-433	4.0
P66	hp_lehninger2	exact k=8, scaled 2	-429	2.0
P66	hp_lehninger2	exact k=8, scaled 2	-426	1.0
P66	hp_lehninger2	exact k=8, scaled 2	-423	1.0
P66	hp_lehninger2	exact k=8, scaled 2	-415	3.0
P66	hp_lehninger2	exact k=8, scaled 2	-407	5.0
P66	hp_lehninger2	exact k=8, scaled 2	-400	2.0
P66	hp_lehninger2	exact k=8, scaled 2	-395	1.0
P66	hp_lehninger2	exact k=8, scaled 2	-393	2.0
P66	hp_lehninger2	exact k=8, scaled 2	-389	2.0
P66	hp_lehninger2	exact k=8, scaled 2	-387	2.0
P66	hp_lehninger2	exact k=8, scaled 2	-383	1.0
P66	hp_lehninger2	exact k=8, scaled 2	-382	2.0
P66	hp_lehninger2	exact k=8, scaled 2	-381	3.0
P66	hp_lehninger2	exact k=8, scaled 2	-380	4.0
P66	hp_lehninger2	exact k=8, scaled 2	-379	5.0
P66	hp_lehninger2	exact k=8, scaled 2	-378	6.0
P66	hp_lehninger2	exact k=8, scaled 2	-377	8.0
P66	hp_lehninger2	exact k=8, scaled 2	-376	7.0
P66	hp_lehninger2	exact k=8, scaled 2	-375	7.0
P66	hp_lehninger2	exact k=8, scaled 2	-374	8.0
P66	hp_lehninger2	exact k=8, scaled 2	-373	5.0
P66	hp_lehninger2	exact k=8, scaled 2	-372	5.0
P66	hp_lehninger2	exact k=8, scaled 2	-371	3.0
P66	hp_lehninger2	exact k=8, scaled 2	-370	4.0
P66	hp_lehninger2	exact k=8, scaled 2	-369	1.0
P66	hp_lehninger2	exact k=8, scaled 2	-367	1.0
P66	hp_lehninger2	exact k=8, scaled 2	-361	2.0
P66	hp_lehninger2	exact k=8, scaled 2	-354	2.0
P66	hp_lehninger2	exact k=8, scaled 2	-349	1.0
P66	hp_lehninger2	exact k=8, scaled 2	-348	2.0
P66	hp_lehninger2	exact k=8, scaled 2	-347	4.0
P66	hp_lehninger2	exact k=8, scaled 2	-346	3.0
P66	hp_lehninger2	exact k=8, scaled 2	-345	3.0
P66	hp_lehninger2	exact k=8, scaled 2	-344	6.0
P66	hp_lehninger2	exact k=8, scaled 2	-343	3.0
P66	hp_lehninger2	exact k=8, scaled 2	-342	2.0
P66	hp_lehninger2	exact k=8, scaled 2	-341	1.0
P66	hp_lehninger2	exact k=8, scaled 2	-338	3.0
P66	hp_lehninger2	exact k=8, scaled 2	-337	2.0
P66	hp_lehninger2	exact k=8, scaled 2	-336	3.0
P66	hp_lehninger2	exact k=8, scaled 2	-335	4.0
P66	hp_lehninger2	exact k=8, scaled 2	-334	5.0
P66	hp_lehninger2	exact k=8, scaled 2	-333	6.0
P66	hp_lehninger2	exact k=8, scaled 2	-332	10.0
P66	hp_lehninger2	exact k=8, scaled 2	-331	5.0
P66	hp_lehninger2	exact k=8, scaled 2	-330	4.0
P66	hp_lehninger2	exact k=8, scaled 2	-329	3.0
P66	hp_lehninger2	exact k=8, scaled 2	-328	2.0
P66	hp_lehninger2	exact k=8, scaled 2	-327	1.0
P66	hp_lehninger2	exact k=8, scaled 2	-322	1.0
P66	hp_lehninger2	exact k=8, scaled 2	-321	2.0
P66	hp_lehninger2	exact k=8, scaled 2	-319	2.0
P66	hp_lehninger2	exact k=8, scaled 2	-313	1.0
P66	hp_lehninger2	exact k=8, scaled 2	-301	2.0
P66	hp_lehninger2	exact k=8, scaled 2	-297	3.0
P66	hp_lehninger2	exact k=8, scaled 2	-295	1.0
P66	hp_lehninger2	exact k=8, scaled 2	-293	1.0
P66	hp_lehninger2	exact k=8, scaled 2	-291	1.0
P66	hp_lehninger2	exact k=8, scaled 2	-289	1.0
P66	hp_lehninger2	exact k=8, scaled 2	-288	1.0
P66	hp_lehninger2	exact k=8, scaled 2	-287	1.0
P66	hp_lehninger2	exact k=8, scaled 2	-286	1.0
P66	hp_lehninger2	exact k=8, scaled 2	-285	1.0
P66	hp_lehninger2	exact k=8, scaled 2	-284	1.0
P66	hp_lehninger2	exact k=8, scaled 2	-283	1.0
P66	hp_lehninger2	exact k=8, scaled 2	-280	2.0
P66	hp_lehninger2	exact k=8, scaled 2	-279	2.0
P66	hp_lehninger2	exact k=8, scaled 2	-278	3.0
P66	hp_lehninger2	exact k=8, scaled 2	-277	4.0
P66	hp_lehninger2	exact k=8, scaled 2	-276	4.0
P66	hp_lehninger2	exact k=8, scaled 2	-275	4.0
P66	hp_lehninger2	exact k=8, scaled 2	-274	4.0
P66	hp_lehninger2	exact k=8, scaled 2	-273	3.0
P66	hp_lehninger2	exact k=8, scaled 2	-272	3.0
P66	hp_lehninger2	exact k=8, scaled 2	-271	1.0
P66	hp_lehninger2	exact k=8, scaled 2	-270	1.0
P66	hp_lehninger2	exact k=8, scaled 2	-267	1.0
P66	hp_lehninger2	exact k=8, scaled 2	-263	1.0
P66	hp_lehninger2	exact k=8, scaled 2	-261	2.0
P66	hp_lehninger2	exact k=8, scaled 2	-260	2.0
P66	hp_lehninger2	exact k=8, scaled 2	-257	1.0
P66	hp_lehninger2	exact k=8, scaled 2	-255	1.0
P66	hp_lehninger2	exact k=8, scaled 2	-254	4.0
P66	hp_lehninger2	exact k=8, scaled 2	-253	3.0
P66	hp_lehninger2	exact k=8, scaled 2	-252	1.0
P66	hp_lehninger2	exact k=8, scaled 2	-244	1.0
P66	hp_lehninger2	exact k=8, scaled 2	-241	1.0
P66	hp_lehninger2	exact k=8, scaled 2	-240	2.0
P66	hp_lehninger2	exact k=8, scaled 2	-237	2.0
P66	hp_lehninger2	exact k=8, scaled 2	-233	1.0
P66	hp_lehninger2	exact k=8, scaled 2	-232	3.0
P66	hp_lehninger2	exact k=8, scaled 2	-228	2.0
P66	hp_lehninger2	exact k=8, scaled 2	-227	3.0
P66	hp_lehninger2	exact k=8, scaled 2	-226	1.0
P66	hp_lehninger2	exact k=8, scaled 2	-224	2.0
P66	hp_lehninger2	exact k=8, scaled 2	-221	2.0
P66	hp_lehninger2	exact k=8, scaled 2	-220	1.0
P66	hp_lehninger2	exact k=8, scaled 2	-218	5.0
P66	hp_lehninger2	exact k=8, scaled 2	-215	1.0
P66	hp_lehninger2	exact k=8, scaled 2	-210	6.0
P66	hp_lehninger2	exact k=8, scaled 2	-209	2.0
P66	hp_lehninger2	exact k=8, scaled 2	-199	1.0
P66	hp_lehninger2	exact k=8, scaled 2	-198	1.0
P66	hp_lehninger2	exact k=8, scaled 2	-195	1.0
P66	hp_lehninger2	exact k=8, scaled 2	-193	1.0
P66	hp_lehninger2	exact k=8, scaled 2	-192	3.0
P66	hp_lehninger2	exact k=8, scaled 2	-188	1.0
P66	hp_lehninger2	exact k=8, scaled 2	-183	1.0
P66	hp_lehninger2	exact k=8, scaled 2	-181	1.0
P66	hp_lehninger2	exact k=8, scaled 2	-177	3.0
P66	hp_lehninger2	exact k=8, scaled 2	-173	1.0
P66	hp_lehninger2	exact k=8, scaled 2	-169	1.0
P66	hp_lehninger2	exact k=8, scaled 2	-168	2.0
P66	hp_lehninger2	exact k=8, scaled 2	-162	3.0
P66	hp_lehninger2	exact k=8, scaled 2	-161	1.0
P66	hp_lehninger2	exact k=8, scaled 2	-160	4.0
P66	hp_lehninger2	exact k=8, scaled 2	-151	1.0
P66	hp_lehninger2	exact k=8, scaled 2	-150	2.0
P66	hp_lehninger2	exact k=8, scaled 2	-145	2.0
P66	hp_lehninger2	exact k=8, scaled 2	-144	3.0
P66	hp_lehninger2	exact k=8, scaled 2	-138	1.0
P66	hp_lehninger2	exact k=8, scaled 2	-134	2.0
P66	hp_lehninger2	exact k=8, scaled 2	-129	2.0
P66	hp_lehninger2	exact k=8, scaled 2	-124	1.0
P66	hp_lehninger2	exact k=8, scaled 2	-116	1.0
P66	hp_lehninger2	exact k=8, scaled 2	-115	1.0
P66	hp_lehninger2	exact k=8, scaled 2	-114	1.0
P66	hp_lehninger2	exact k=8, scaled 2	-111	1.0
P66	hp_lehninger2	exact k=8, scaled 2	-108	1.0
P66	hp_lehninger2	exact k=8, scaled 2	-107	1.0
P66	hp_lehninger2	exact k=8, scaled 2	-102	2.0
P66	hp_lehninger2	exact k=8, scaled 2	-99	1.0
P66	hp_lehninger2	exact k=8, scaled 2	-96	1.0
P66	hp_lehninger2	exact k=8, scaled 2	-94	1.0
P66	hp_lehninger2	exact k=8, scaled 2	-93	2.0
P66	hp_lehninger2	exact k=8, scaled 2	-88	3.0
P66	hp_lehninger2	exact k=8, scaled 2	-84	3.0
P66	hp_lehninger2	exact k=8, scaled 2	-83	7.0
P66	hp_lehninger2	exact k=8, scaled 2	-80	1.0
P66	hp_lehninger2	exact k=8, scaled 2	-78	2.0
P66	hp_lehninger2	exact k=8, scaled 2	-76	1.0
P66	hp_lehninger2	exact k=8, scaled 2	-74	3.0
P66	hp_lehninger2	exact k=8, scaled 2	-73	1.0
P66	hp_lehninger2	exact k=8, scaled 2	-71	1.0
P66	hp_lehninger2	exact k=8, scaled 2	-69	1.0
P66	hp_lehninger2	exact k=8, scaled 2	-68	1.0
P66	hp_lehninger2	exact k=8, scaled 2	-64	1.0
P66	hp_lehninger2	exact k=8, scaled 2	-62	3.0
P66	hp_lehninger2	exact k=8, scaled 2	-57	1.0
P66	hp_lehninger2	exact k=8, scaled 2	-49	1.0
P66	hp_lehninger2	exact k=8, scaled 2	-48	2.0
P66	hp_lehninger2	exact k=8, scaled 2	-40	3.0
P66	hp_lehninger2	exact k=8, scaled 2	-36	2.0
P66	hp_lehninger2	exact k=8, scaled 2	-34	1.0
P66	hp_lehninger2	exact k=8, scaled 2	-33	2.0
P66	hp_lehninger2	exact k=8, scaled 2	-26	3.0
P66	hp_lehninger2	exact k=8, scaled 2	-23	1.0
P66	hp_lehninger2	exact k=8, scaled 2	-22	1.0
P66	hp_lehninger2	exact k=8, scaled 2	-20	3.0
P66	hp_lehninger2	exact k=8, scaled 2	-18	2.0
P66	hp_lehninger2	exact k=8, scaled 2	-16	6.0
P66	hp_lehninger2	exact k=8, scaled 2	-13	1.0
P66	hp_lehninger2	exact k=8, scaled 2	-12	2.0
P66	hp_lehninger2	exact k=8, scaled 2	-10	1.0
P66	hp_lehninger2	exact k=8, scaled 2	0	4.0
P66	hp_lehninger2	exact k=8, scaled 2	1	7.0
P66	hp_lehninger2	exact k=8, scaled 2	3	3.0
P66	hp_lehninger2	exact k=8, scaled 2	5	3.0
P66	hp_lehninger2	exact k=8, scaled 2	10	1.0
P66	hp_lehninger2	exact k=8, scaled 2	14	2.0
P66	hp_lehninger2	exact k=8, scaled 2	17	1.0
P66	hp_lehninger2	exact k=8, scaled 2	23	1.0
P66	hp_lehninger2	exact k=8, scaled 2	27	1.0
P66	hp_lehninger2	exact k=8, scaled 2	30	4.0
P66	hp_lehninger2	exact k=8, scaled 2	31	2.0
P66	hp_lehninger2	exact k=8, scaled 2	34	2.0
P66	hp_lehninger2	exact k=8, scaled 2	36	1.0
P66	hp_lehninger2	exact k=8, scaled 2	38	3.0
P66	hp_lehninger2	exact k=8, scaled 2	40	2.0
P66	hp_lehninger2	exact k=8, scaled 2	41	1.0
P66	hp_lehninger2	exact k=8, scaled 2	45	1.0
P66	hp_lehninger2	exact k=8, scaled 2	49	1.0
P66	hp_lehninger2	exact k=8, scaled 2	50	1.0
P66	hp_lehninger2	exact k=8, scaled 2	51	1.0
P66	hp_lehninger2	exact k=8, scaled 2	56	3.0
P66	hp_lehninger2	exact k=8, scaled 2	57	3.0
P66	hp_lehninger2	exact k=8, scaled 2	63	2.0
P66	hp_lehninger2	exact k=8, scaled 2	68	2.0
P66	hp_lehninger2	exact k=8, scaled 2	69	1.0
P66	hp_lehninger2	exact k=8, scaled 2	76	1.0
P66	hp_lehninger2	exact k=8, scaled 2	80	1.0
P66	hp_lehninger2	exact k=8, scaled 2	83	2.0
P66	hp_lehninger2	exact k=8, scaled 2	84	1.0
P66	hp_lehninger2	exact k=8, scaled 2	95	1.0
P66	hp_lehninger2	exact k=8, scaled 2	96	1.0
P66	hp_lehninger2	exact k=8, scaled 2	98	3.0
P66	hp_lehninger2	exact k=8, scaled 2	99	1.0
P66	hp_lehninger2	exact k=8, scaled 2	102	3.0
P66	hp_lehninger2	exact k=8, scaled 2	106	1.0
P66	hp_lehninger2	exact k=8, scaled 2	108	1.0
P66	hp_lehninger2	exact k=8, scaled 2	112	1.0
P66	hp_lehninger2	exact k=8, scaled 2	116	2.0
P66	hp_lehninger2	exact k=8, scaled 2	126	2.0
P66	hp_lehninger2	exact k=8, scaled 2	136	1.0
P66	hp_lehninger2	exact k=8, scaled 2	141	1.0
P66	hp_lehninger2	exact k=8, scaled 2	149	1.0
P66	hp_lehninger2	exact k=8, scaled 2	157	1.0
P66	hp_lehninger2	exact k=8, scaled 2	168	1.0
P66	hp_lehninger2	exact k=8, scaled 2	173	1.0
P66	hp_lehninger2	exact k=8, scaled 2	176	1.0
P66	hp_lehninger2	exact k=8, scaled 2	179	1.0
P66	hp_lehninger2	exact k=8, scaled 2	203	1.0
P66	hp_lehninger2	exact k=8, scaled 2	245	1.0
P66	hp_lehninger2	exact k=8, scaled 2	246	1.0
P66	hp_lehninger2	exact k=8, scaled 2	255	4.0
P66	hp_lehninger2	exact k=8, scaled 2	272	6.0
P66	hp_lehninger2	exact k=8, scaled 2	309	3.0
P66	hp_lehninger2	exact k=10	-544	2.0
P66	hp_lehninger2	exact k=10	-543	1.0
P66	hp_lehninger2	exact k=10	-523	1.0
P66	hp_lehninger2	exact k=10	-522	3.0
P66	hp_lehninger2	exact k=10	-521	2.0
P66	hp_lehninger2	exact k=10	-520	2.0
P66	hp_lehninger2	exact k=10	-519	2.0
P66	hp_lehninger2	exact k=10	-518	1.0
P66	hp_lehninger2	exact k=10	-503	1.0
P66	hp_lehninger2	exact k=10	-493	4.0
P66	hp_lehninger2	exact k=10	-490	1.0
P66	hp_lehninger2	exact k=10	-464	1.0
P66	hp_lehninger2	exact k=10	-463	3.0
P66	hp_lehninger2	exact k=10	-433	3.0
P66	hp_lehninger2	exact k=10	-418	2.0
P66	hp_lehninger2	exact k=10	-415	2.0
P66	hp_lehninger2	exact k=10	-407	4.0
P66	hp_lehninger2	exact k=10	-393	1.0
P66	hp_lehninger2	exact k=10	-387	3.0
P66	hp_lehninger2	exact k=10	-381	1.0
P66	hp_lehninger2	exact k=10	-380	2.0
P66	hp_lehninger2	exact k=10	-379	3.0
P66	hp_lehninger2	exact k=10	-378	4.0
P66	hp_lehninger2	exact k=10	-377	12.0
P66	hp_lehninger2	exact k=10	-376	5.0
P66	hp_lehninger2	exact k=10	-375	6.0
P66	hp_lehninger2	exact k=10	-374	4.0
P66	hp_lehninger2	exact k=10	-373	3.0
P66	hp_lehninger2	exact k=10	-372	2.0
P66	hp_lehninger2	exact k=10	-371	1.0
P66	hp_lehninger2	exact k=10	-361	1.0
P66	hp_lehninger2	exact k=10	-354	1.0
P66	hp_lehninger2	exact k=10	-349	2.0
P66	hp_lehninger2	exact k=10	-347	2.0
P66	hp_lehninger2	exact k=10	-346	1.0
P66	hp_lehninger2	exact k=10	-345	1.0
P66	hp_lehninger2	exact k=10	-344	3.0
P66	hp_lehninger2	exact k=10	-343	4.0
P66	hp_lehninger2	exact k=10	-336	1.0
P66	hp_lehninger2	exact k=10	-335	2.0
P66	hp_lehninger2	exact k=10	-334	3.0
P66	hp_lehninger2	exact k=10	-333	5.0
P66	hp_lehninger2	exact k=10	-332	7.0
P66	hp_lehninger2	exact k=10	-331	3.0
P66	hp_lehninger2	exact k=10	-330	2.0
P66	hp_lehninger2	exact k=10	-329	1.0
P66	hp_lehninger2	exact k=10	-321	6.0
P66	hp_lehninger2	exact k=10	-319	1.0
P66	hp_lehninger2	exact k=10	-313	1.0
P66	hp_lehninger2	exact k=10	-302	1.0
P66	hp_lehninger2	exact k=10	-301	2.0
P66	hp_lehninger2	exact k=10	-297	2.0
P66	hp_lehninger2	exact k=10	-284	2.0
P66	hp_lehninger2	exact k=10	-283	1.0
P66	hp_lehninger2	exact k=10	-278	1.0
P66	hp_lehninger2	exact k=10	-277	3.0
P66	hp_lehninger2	exact k=10	-276	2.0
P66	hp_lehninger2	exact k=10	-275	2.0
P66	hp_lehninger2	exact k=10	-274	3.0
P66	hp_lehninger2	exact k=10	-273	1.0
P66	hp_lehninger2	exact k=10	-263	5.0
P66	hp_lehninger2	exact k=10	-261	2.0
P66	hp_lehninger2	exact k=10	-255	1.0
P66	hp_lehninger2	exact k=10	-254	5.0
P66	hp_lehninger2	exact k=10	-253	1.0
P66	hp_lehninger2	exact k=10	-237	1.0
P66	hp_lehninger2	exact k=10	-232	1.0
P66	hp_lehninger2	exact k=10	-227	1.0
P66	hp_lehninger2	exact k=10	-226	3.0
P66	hp_lehninger2	exact k=10	-221	2.0
P66	hp_lehninger2	exact k=10	-219	1.0
P66	hp_lehninger2	exact k=10	-218	12.0
P66	hp_lehninger2	exact k=10	-215	1.0
P66	hp_lehninger2	exact k=10	-210	4.0
P66	hp_lehninger2	exact k=10	-209	3.0
P66	hp_lehninger2	exact k=10	-178	3.0
P66	hp_lehninger2	exact k=10	-177	2.0
P66	hp_lehninger2	exact k=10	-169	1.0
P66	hp_lehninger2	exact k=10	-160	3.0
P66	hp_lehninger2	exact k=10	-150	3.0
P66	hp_lehninger2	exact k=10	-145	1.0
P66	hp_lehninger2	exact k=10	-144	3.0
P66	hp_lehninger2	exact k=10	-134	1.0
P66	hp_lehninger2	exact k=10	-126	1.0
P66	hp_lehninger2	exact k=10	-102	1.0
P66	hp_lehninger2	exact k=10	-88	2.0
P66	hp_lehninger2	exact k=10	-84	1.0
P66	hp_lehninger2	exact k=10	-83	4.0
P66	hp_lehninger2	exact k=10	-80	1.0
P66	hp_lehninger2	exact k=10	-74	2.0
P66	hp_lehninger2	exact k=10	-73	1.0
P66	hp_lehninger2	exact k=10	-68	1.0
P66	hp_lehninger2	exact k=10	-64	1.0
P66	hp_lehninger2	exact k=10	-62	1.0
P66	hp_lehninger2	exact k=10	-48	1.0
P66	hp_lehninger2	exact k=10	-36	1.0
P66	hp_lehninger2	exact k=10	-26	1.0
P66	hp_lehninger2	exact k=10	-20	1.0
P66	hp_lehninger2	exact k=10	-18	1.0
P66	hp_lehninger2	exact k=10	-16	5.0
P66	hp_lehninger2	exact k=10	-12	2.0
P66	hp_lehninger2	exact k=10	-9	1.0
P66	hp_lehninger2	exact k=10	0	4.0
P66	hp_lehninger2	exact k=10	1	8.0
P66	hp_lehninger2	exact k=10	3	2.0
P66	hp_lehninger2	exact k=10	14	2.0
P66	hp_lehninger2	exact k=10	27	2.0
P66	hp_lehninger2	exact k=10	30	3.0
P66	hp_lehninger2	exact k=10	31	1.0
P66	hp_lehninger2	exact k=10	34	1.0
P66	hp_lehninger2	exact k=10	36	2.0
P66	hp_lehninger2	exact k=10	56	2.0
P66	hp_lehninger2	exact k=10	57	2.0
P66	hp_lehninger2	exact k=10	63	1.0
P66	hp_lehninger2	exact k=10	76	2.0
P66	hp_lehninger2	exact k=10	83	1.0
P66	hp_lehninger2	exact k=10	88	1.0
P66	hp_lehninger2	exact k=10	95	2.0
P66	hp_lehninger2	exact k=10	102	2.0
P66	hp_lehninger2	exact k=10	116	1.0
P66	hp_lehninger2	exact k=10	126	2.0
P66	hp_lehninger2	exact k=10	141	1.0
P66	hp_lehninger2	exact k=10	255	2.0
P66	hp_lehninger2	exact k=10	272	7.0
P66	hp_lehninger2	exact k=10	309	1.0
P66	hp_lehninger2	exact k=10, scaled 2	-544	1.0
P66	hp_lehninger2	exact k=10, scaled 2	-543	1.0
P66	hp_lehninger2	exact k=10, scaled 2	-503	1.0
P66	hp_lehninger2	exact k=10, scaled 2	-493	1.0
P66	hp_lehninger2	exact k=10, scaled 2	-463	1.0
P66	hp_lehninger2	exact k=10, scaled 2	-433	1.0
P66	hp_lehninger2	exact k=10, scaled 2	-418	1.0
P66	hp_lehninger2	exact k=10, scaled 2	-415	1.0
P66	hp_lehninger2	exact k=10, scaled 2	-407	1.0
P66	hp_lehninger2	exact k=10, scaled 2	-387	1.0
P66	hp_lehninger2	exact k=10, scaled 2	-377	4.0
P66	hp_lehninger2	exact k=10, scaled 2	-361	1.0
P66	hp_lehninger2	exact k=10, scaled 2	-354	1.0
P66	hp_lehninger2	exact k=10, scaled 2	-344	1.0
P66	hp_lehninger2	exact k=10, scaled 2	-343	1.0
P66	hp_lehninger2	exact k=10, scaled 2	-332	1.0
P66	hp_lehninger2	exact k=10, scaled 2	-321	2.0
P66	hp_lehninger2	exact k=10, scaled 2	-319	1.0
P66	hp_lehninger2	exact k=10, scaled 2	-313	1.0
P66	hp_lehninger2	exact k=10, scaled 2	-301	2.0
P66	hp_lehninger2	exact k=10, scaled 2	-283	1.0
P66	hp_lehninger2	exact k=10, scaled 2	-263	2.0
P66	hp_lehninger2	exact k=10, scaled 2	-261	2.0
P66	hp_lehninger2	exact k=10, scaled 2	-255	1.0
P66	hp_lehninger2	exact k=10, scaled 2	-254	3.0
P66	hp_lehninger2	exact k=10, scaled 2	-226	2.0
P66	hp_lehninger2	exact k=10, scaled 2	-221	1.0
P66	hp_lehninger2	exact k=10, scaled 2	-219	1.0
P66	hp_lehninger2	exact k=10, scaled 2	-218	7.0
P66	hp_lehninger2	exact k=10, scaled 2	-210	2.0
P66	hp_lehninger2	exact k=10, scaled 2	-209	2.0
P66	hp_lehninger2	exact k=10, scaled 2	-178	2.0
P66	hp_lehninger2	exact k=10, scaled 2	-177	1.0
P66	hp_lehninger2	exact k=10, scaled 2	-160	1.0
P66	hp_lehninger2	exact k=10, scaled 2	-150	1.0
P66	hp_lehninger2	exact k=10, scaled 2	-145	1.0
P66	hp_lehninger2	exact k=10, scaled 2	-144	2.0
P66	hp_lehninger2	exact k=10, scaled 2	-126	1.0
P66	hp_lehninger2	exact k=10, scaled 2	-102	1.0
P66	hp_lehninger2	exact k=10, scaled 2	-88	1.0
P66	hp_lehninger2	exact k=10, scaled 2	-83	2.0
P66	hp_lehninger2	exact k=10, scaled 2	-74	1.0
P66	hp_lehninger2	exact k=10, scaled 2	-73	1.0
P66	hp_lehninger2	exact k=10, scaled 2	-68	1.0
P66	hp_lehninger2	exact k=10, scaled 2	-26	1.0
P66	hp_lehninger2	exact k=10, scaled 2	-20	1.0
P66	hp_lehninger2	exact k=10, scaled 2	-18	1.0
P66	hp_lehninger2	exact k=10, scaled 2	-16	2.0
P66	hp_lehninger2	exact k=10, scaled 2	-9	1.0
P66	hp_lehninger2	exact k=10, scaled 2	0	4.0
P66	hp_lehninger2	exact k=10, scaled 2	1	2.0
P66	hp_lehninger2	exact k=10, scaled 2	3	1.0
P66	hp_lehninger2	exact k=10, scaled 2	27	1.0
P66	hp_lehninger2	exact k=10, scaled 2	30	2.0
P66	hp_lehninger2	exact k=10, scaled 2	34	1.0
P66	hp_lehninger2	exact k=10, scaled 2	36	2.0
P66	hp_lehninger2	exact k=10, scaled 2	56	1.0
P66	hp_lehninger2	exact k=10, scaled 2	76	1.0
P66	hp_lehninger2	exact k=10, scaled 2	83	1.0
P66	hp_lehninger2	exact k=10, scaled 2	88	1.0
P66	hp_lehninger2	exact k=10, scaled 2	95	2.0
P66	hp_lehninger2	exact k=10, scaled 2	102	1.0
P66	hp_lehninger2	exact k=10, scaled 2	126	2.0
P66	hp_lehninger2	exact k=10, scaled 2	141	1.0
P66	hp_lehninger2	exact k=10, scaled 2	255	1.0
P66	hp_lehninger2	exact k=10, scaled 2	272	2.0
P66	hp_lehninger2	exact k=12	-522	1.0
P66	hp_lehninger2	exact k=12	-493	2.0
P66	hp_lehninger2	exact k=12	-463	1.0
P66	hp_lehninger2	exact k=12	-433	1.0
P66	hp_lehninger2	exact k=12	-407	2.0
P66	hp_lehninger2	exact k=12	-387	1.0
P66	hp_lehninger2	exact k=12	-379	1.0
P66	hp_lehninger2	exact k=12	-378	2.0
P66	hp_lehninger2	exact k=12	-377	10.0
P66	hp_lehninger2	exact k=12	-376	3.0
P66	hp_lehninger2	exact k=12	-375	4.0
P66	hp_lehninger2	exact k=12	-374	2.0
P66	hp_lehninger2	exact k=12	-373	1.0
P66	hp_lehninger2	exact k=12	-343	2.0
P66	hp_lehninger2	exact k=12	-334	1.0
P66	hp_lehninger2	exact k=12	-333	3.0
P66	hp_lehninger2	exact k=12	-332	3.0
P66	hp_lehninger2	exact k=12	-331	1.0
P66	hp_lehninger2	exact k=12	-321	3.0
P66	hp_lehninger2	exact k=12	-277	1.0
P66	hp_lehninger2	exact k=12	-274	1.0
P66	hp_lehninger2	exact k=12	-263	3.0
P66	hp_lehninger2	exact k=12	-254	3.0
P66	hp_lehninger2	exact k=12	-226	1.0
P66	hp_lehninger2	exact k=12	-218	8.0
P66	hp_lehninger2	exact k=12	-210	1.0
P66	hp_lehninger2	exact k=12	-209	1.0
P66	hp_lehninger2	exact k=12	-178	1.0
P66	hp_lehninger2	exact k=12	-160	1.0
P66	hp_lehninger2	exact k=12	-150	1.0
P66	hp_lehninger2	exact k=12	-144	1.0
P66	hp_lehninger2	exact k=12	-83	1.0
P66	hp_lehninger2	exact k=12	-16	3.0
P66	hp_lehninger2	exact k=12	1	6.0
P66	hp_lehninger2	exact k=12	30	1.0
P66	hp_lehninger2	exact k=12	272	5.0
P66	hp_lehninger2	exact k=12, scaled 2	-522	1.0
P66	hp_lehninger2	exact k=12, scaled 2	-493	1.0
P66	hp_lehninger2	exact k=12, scaled 2	-463	1.0
P66	hp_lehninger2	exact k=12, scaled 2	-407	1.0
P66	hp_lehninger2	exact k=12, scaled 2	-387	1.0
P66	hp_lehninger2	exact k=12, scaled 2	-377	3.0
P66	hp_lehninger2	exact k=12, scaled 2	-375	1.0
P66	hp_lehninger2	exact k=12, scaled 2	-333	1.0
P66	hp_lehninger2	exact k=12, scaled 2	-277	1.0
P66	hp_lehninger2	exact k=12, scaled 2	-254	3.0
P66	hp_lehninger2	exact k=12, scaled 2	-218	3.0
P66	hp_lehninger2	exact k=12, scaled 2	-150	1.0
P66	hp_lehninger2	exact k=12, scaled 2	-83	1.0
P66	hp_lehninger2	exact k=12, scaled 2	-16	2.0
P66	hp_lehninger2	exact k=12, scaled 2	1	4.0
P66	hp_lehninger2	exact k=12, scaled 2	30	1.0
P66	hp_lehninger2	exact k=12, scaled 2	272	1.0
P66	hp_lehninger2	exact k=14	-377	8.0
P66	hp_lehninger2	exact k=14	-376	1.0
P66	hp_lehninger2	exact k=14	-375	2.0
P66	hp_lehninger2	exact k=14	-333	1.0
P66	hp_lehninger2	exact k=14	-332	1.0
P66	hp_lehninger2	exact k=14	-321	1.0
P66	hp_lehninger2	exact k=14	-263	1.0
P66	hp_lehninger2	exact k=14	-254	1.0
P66	hp_lehninger2	exact k=14	-218	4.0
P66	hp_lehninger2	exact k=14	-16	1.0
P66	hp_lehninger2	exact k=14	1	4.0
P66	hp_lehninger2	exact k=14	272	3.0
P66	hp_lehninger2	exact k=14, scaled 2	-377	4.0
P66	hp_lehninger2	exact k=14, scaled 2	-375	1.0
P66	hp_lehninger2	exact k=14, scaled 2	-333	1.0
P66	hp_lehninger2	exact k=14, scaled 2	-332	1.0
P66	hp_lehninger2	exact k=14, scaled 2	-254	1.0
P66	hp_lehninger2	exact k=14, scaled 2	-218	4.0
P66	hp_lehninger2	exact k=14, scaled 2	-16	1.0
P66	hp_lehninger2	exact k=14, scaled 2	1	2.0
P66	hp_lehninger2	exact k=14, scaled 2	272	1.0
P66	hp_lehninger2	exact k=16	-377	6.0
P66	hp_lehninger2	exact k=16	-218	1.0
P66	hp_lehninger2	exact k=16	1	2.0
P66	hp_lehninger2	exact k=16	272	1.0
P66	hp_lehninger2	exact k=16, scaled 2	-377	4.0
P66	hp_lehninger2	exact k=16, scaled 2	-218	1.0
P66	hp_lehninger2	exact k=16, scaled 2	272	1.0
P66	hp_lehninger2	exact k=18	-377	4.0
P66	hp_lehninger2	exact k=18, scaled 2	-377	2.0
P66	hp_lehninger2	exact k=20	-377	2.0
P66	hp_lehninger2	exact k=20, scaled 2	-377	1.0
P66	hp_lehninger2	spaced 11011011011011011	-544	1.0
P66	hp_lehninger2	spaced 11011011011011011	-493	1.0
P66	hp_lehninger2	spaced 11011011011011011	-377	6.0
P66	hp_lehninger2	spaced 11011011011011011	-376	1.0
P66	hp_lehninger2	spaced 11011011011011011	-372	1.0
P66	hp_lehninger2	spaced 11011011011011011	-333	1.0
P66	hp_lehninger2	spaced 11011011011011011	-321	1.0
P66	hp_lehninger2	spaced 11011011011011011	-317	2.0
P66	hp_lehninger2	spaced 11011011011011011	-297	1.0
P66	hp_lehninger2	spaced 11011011011011011	-293	1.0
P66	hp_lehninger2	spaced 11011011011011011	-291	3.0
P66	hp_lehninger2	spaced 11011011011011011	-277	1.0
P66	hp_lehninger2	spaced 11011011011011011	-264	2.0
P66	hp_lehninger2	spaced 11011011011011011	-254	1.0
P66	hp_lehninger2	spaced 11011011011011011	-249	1.0
P66	hp_lehninger2	spaced 11011011011011011	-218	1.0
P66	hp_lehninger2	spaced 11011011011011011	-216	2.0
P66	hp_lehninger2	spaced 11011011011011011	-134	1.0
P66	hp_lehninger2	spaced 11011011011011011	-74	1.0
P66	hp_lehninger2	spaced 11011011011011011	-62	1.0
P66	hp_lehninger2	spaced 11011011011011011	-48	2.0
P66	hp_lehninger2	spaced 11011011011011011	-16	1.0
P66	hp_lehninger2	spaced 11011011011011011	0	1.0
P66	hp_lehninger2	spaced 11011011011011011	1	1.0
P66	hp_lehninger2	spaced 11011011011011011	14	1.0
P66	hp_lehninger2	spaced 11011011011011011	39	1.0
P66	hp_lehninger2	spaced 11011011011011011	45	1.0
P66	hp_lehninger2	spaced 11011011011011011	49	1.0
P66	hp_lehninger2	spaced 11011011011011011	87	1.0
P66	hp_lehninger2	spaced 11011011011011011	113	2.0
P66	hp_lehninger2	spaced 11011011011011011	123	1.0
P66	hp_lehninger2	spaced 11011011011011011, scaled 2	-377	3.0
P66	hp_lehninger2	spaced 11011011011011011, scaled 2	-333	1.0
P66	hp_lehninger2	spaced 11011011011011011, scaled 2	-317	1.0
P66	hp_lehninger2	spaced 11011011011011011, scaled 2	-291	2.0
P66	hp_lehninger2	spaced 11011011011011011, scaled 2	-264	1.0
P66	hp_lehninger2	spaced 11011011011011011, scaled 2	-254	1.0
P66	hp_lehninger2	spaced 11011011011011011, scaled 2	-218	1.0
P66	hp_lehninger2	spaced 11011011011011011, scaled 2	-216	1.0
P66	hp_lehninger2	spaced 11011011011011011, scaled 2	-74	1.0
P66	hp_lehninger2	spaced 11011011011011011, scaled 2	-48	2.0
P66	hp_lehninger2	spaced 11011011011011011, scaled 2	1	1.0
P66	hp_lehninger2	spaced 11011011011011011, scaled 2	39	1.0
P66	hp_lehninger2	spaced 11011011011011011, scaled 2	49	1.0
P66	hp_lehninger2	spaced 11011011011011011, scaled 2	87	1.0
P66	hp_lehninger2	spaced 11011011011011011, scaled 2	113	1.0
P66	hp_lehninger2	spaced 11011011011011011011011	-377	1.0
P66	hp_lehninger2	spaced 11011011011011011011011	-291	1.0
P66	hp_lehninger2	spaced 11011011011011011011011, scaled 2	-291	1.0
P66	hp_lehninger2	spaced 10101010101010101010101	-493	1.0
P66	hp_lehninger2	spaced 10101010101010101010101	-438	1.0
P66	hp_lehninger2	spaced 10101010101010101010101	-387	1.0
P66	hp_lehninger2	spaced 10101010101010101010101	-377	1.0
P66	hp_lehninger2	spaced 10101010101010101010101	-370	1.0
P66	hp_lehninger2	spaced 10101010101010101010101	-356	1.0
P66	hp_lehninger2	spaced 10101010101010101010101	-351	2.0
P66	hp_lehninger2	spaced 10101010101010101010101	-314	2.0
P66	hp_lehninger2	spaced 10101010101010101010101	-301	1.0
P66	hp_lehninger2	spaced 10101010101010101010101	-291	2.0
P66	hp_lehninger2	spaced 10101010101010101010101	-273	2.0
P66	hp_lehninger2	spaced 10101010101010101010101	-264	2.0
P66	hp_lehninger2	spaced 10101010101010101010101	-236	1.0
P66	hp_lehninger2	spaced 10101010101010101010101	-234	3.0
P66	hp_lehninger2	spaced 10101010101010101010101	-182	2.0
P66	hp_lehninger2	spaced 10101010101010101010101	-173	1.0
P66	hp_lehninger2	spaced 10101010101010101010101	-125	2.0
P66	hp_lehninger2	spaced 10101010101010101010101	-56	3.0
P66	hp_lehninger2	spaced 10101010101010101010101	-37	1.0
P66	hp_lehninger2	spaced 10101010101010101010101	0	1.0
P66	hp_lehninger2	spaced 10101010101010101010101	1	2.0
P66	hp_lehninger2	spaced 10101010101010101010101	8	1.0
P66	hp_lehninger2	spaced 10101010101010101010101	11	2.0
P66	hp_lehninger2	spaced 10101010101010101010101	65	1.0
P66	hp_lehninger2	spaced 10101010101010101010101	156	2.0
P66	hp_lehninger2	spaced 10101010101010101010101	183	1.0
P66	hp_lehninger2	spaced 10101010101010101010101, scaled 2	-493	1.0
P66	hp_lehninger2	spaced 10101010101010101010101, scaled 2	-438	1.0
P66	hp_lehninger2	spaced 10101010101010101010101, scaled 2	-377	1.0
P66	hp_lehninger2	spaced 10101010101010101010101, scaled 2	-370	1.0
P66	hp_lehninger2	spaced 10101010101010101010101, scaled 2	-351	2.0
P66	hp_lehninger2	spaced 10101010101010101010101, scaled 2	-314	1.0
P66	hp_lehninger2	spaced 10101010101010101010101, scaled 2	-273	1.0
P66	hp_lehninger2	spaced 10101010101010101010101, scaled 2	-264	1.0
P66	hp_lehninger2	spaced 10101010101010101010101, scaled 2	-234	2.0
P66	hp_lehninger2	spaced 10101010101010101010101, scaled 2	-182	1.0
P66	hp_lehninger2	spaced 10101010101010101010101, scaled 2	-173	1.0
P66	hp_lehninger2	spaced 10101010101010101010101, scaled 2	-125	2.0
P66	hp_lehninger2	spaced 10101010101010101010101, scaled 2	-56	2.0
P66	hp_lehninger2	spaced 10101010101010101010101, scaled 2	1	1.0
P66	hp_lehninger2	spaced 10101010101010101010101, scaled 2	8	1.0
P66	hp_lehninger2	spaced 10101010101010101010101, scaled 2	11	1.0
P66	hp_lehninger2	spaced 10101010101010101010101, scaled 2	156	1.0
P66	hp_lehninger2	spaced 10101010101010101010101, scaled 2	183	1.0
P66	hp_lehninger2	spaced 111010010100110111	-524	1.0
P66	hp_lehninger2	spaced 111010010100110111	-440	1.0
P66	hp_lehninger2	spaced 111010010100110111	-436	1.0
P66	hp_lehninger2	spaced 111010010100110111	-415	1.0
P66	hp_lehninger2	spaced 111010010100110111	-387	1.0
P66	hp_lehninger2	spaced 111010010100110111	-377	5.0
P66	hp_lehninger2	spaced 111010010100110111	-372	1.0
P66	hp_lehninger2	spaced 111010010100110111	-361	1.0
P66	hp_lehninger2	spaced 111010010100110111	-333	1.0
P66	hp_lehninger2	spaced 111010010100110111	-332	1.0
P66	hp_lehninger2	spaced 111010010100110111	-331	1.0
P66	hp_lehninger2	spaced 111010010100110111	-321	2.0
P66	hp_lehninger2	spaced 111010010100110111	-305	1.0
P66	hp_lehninger2	spaced 111010010100110111	-302	1.0
P66	hp_lehninger2	spaced 111010010100110111	-299	1.0
P66	hp_lehninger2	spaced 111010010100110111	-291	1.0
P66	hp_lehninger2	spaced 111010010100110111	-284	1.0
P66	hp_lehninger2	spaced 111010010100110111	-282	2.0
P66	hp_lehninger2	spaced 111010010100110111	-281	1.0
P66	hp_lehninger2	spaced 111010010100110111	-274	1.0
P66	hp_lehninger2	spaced 111010010100110111	-260	1.0
P66	hp_lehninger2	spaced 111010010100110111	-242	1.0
P66	hp_lehninger2	spaced 111010010100110111	-240	1.0
P66	hp_lehninger2	spaced 111010010100110111	-233	1.0
P66	hp_lehninger2	spaced 111010010100110111	-226	1.0
P66	hp_lehninger2	spaced 111010010100110111	-221	1.0
P66	hp_lehninger2	spaced 111010010100110111	-220	1.0
P66	hp_lehninger2	spaced 111010010100110111	-218	1.0
P66	hp_lehninger2	spaced 111010010100110111	-217	1.0
P66	hp_lehninger2	spaced 111010010100110111	-205	1.0
P66	hp_lehninger2	spaced 111010010100110111	-202	1.0
P66	hp_lehninger2	spaced 111010010100110111	-193	1.0
P66	hp_lehninger2	spaced 111010010100110111	-186	1.0
P66	hp_lehninger2	spaced 111010010100110111	-169	1.0
P66	hp_lehninger2	spaced 111010010100110111	-166	1.0
P66	hp_lehninger2	spaced 111010010100110111	-165	1.0
P66	hp_lehninger2	spaced 111010010100110111	-161	1.0
P66	hp_lehninger2	spaced 111010010100110111	-150	1.0
P66	hp_lehninger2	spaced 111010010100110111	-136	1.0
P66	hp_lehninger2	spaced 111010010100110111	-134	1.0
P66	hp_lehninger2	spaced 111010010100110111	-117	1.0
P66	hp_lehninger2	spaced 111010010100110111	-112	1.0
P66	hp_lehninger2	spaced 111010010100110111	-77	1.0
P66	hp_lehninger2	spaced 111010010100110111	-62	1.0
P66	hp_lehninger2	spaced 111010010100110111	-56	1.0
P66	hp_lehninger2	spaced 111010010100110111	-53	1.0
P66	hp_lehninger2	spaced 111010010100110111	-52	1.0
P66	hp_lehninger2	spaced 111010010100110111	-49	1.0
P66	hp_lehninger2	spaced 111010010100110111	-48	1.0
P66	hp_lehninger2	spaced 111010010100110111	-30	1.0
P66	hp_lehninger2	spaced 111010010100110111	-16	1.0
P66	hp_lehninger2	spaced 111010010100110111	-15	1.0
P66	hp_lehninger2	spaced 111010010100110111	-13	1.0
P66	hp_lehninger2	spaced 111010010100110111	1	1.0
P66	hp_lehninger2	spaced 111010010100110111	5	1.0
P66	hp_lehninger2	spaced 111010010100110111	12	1.0
P66	hp_lehninger2	spaced 111010010100110111	17	1.0
P66	hp_lehninger2	spaced 111010010100110111	20	1.0
P66	hp_lehninger2	spaced 111010010100110111	51	1.0
P66	hp_lehninger2	spaced 111010010100110111	80	1.0
P66	hp_lehninger2	spaced 111010010100110111	81	2.0
P66	hp_lehninger2	spaced 111010010100110111	82	1.0
P66	hp_lehninger2	spaced 111010010100110111	89	1.0
P66	hp_lehninger2	spaced 111010010100110111	106	1.0
P66	hp_lehninger2	spaced 111010010100110111	116	1.0
P66	hp_lehninger2	spaced 111010010100110111	121	1.0
P66	hp_lehninger2	spaced 111010010100110111	126	1.0
P66	hp_lehninger2	spaced 111010010100110111	141	1.0
P66	hp_lehninger2	spaced 111010010100110111	147	1.0
P66	hp_lehninger2	spaced 111010010100110111	179	1.0
P66	hp_lehninger2	spaced 111010010100110111	198	1.0
P66	hp_lehninger2	spaced 111010010100110111	208	1.0
P66	hp_lehninger2	spaced 111010010100110111, scaled 2	-524	1.0
P66	hp_lehninger2	spaced 111010010100110111, scaled 2	-436	1.0
P66	hp_lehninger2	spaced 111010010100110111, scaled 2	-377	2.0
P66	hp_lehninger2	spaced 111010010100110111, scaled 2	-372	1.0
P66	hp_lehninger2	spaced 111010010100110111, scaled 2	-361	1.0
P66	hp_lehninger2	spaced 111010010100110111, scaled 2	-333	1.0
P66	hp_lehninger2	spaced 111010010100110111, scaled 2	-331	1.0
P66	hp_lehninger2	spaced 111010010100110111, scaled 2	-321	2.0
P66	hp_lehninger2	spaced 111010010100110111, scaled 2	-305	1.0
P66	hp_lehninger2	spaced 111010010100110111, scaled 2	-291	1.0
P66	hp_lehninger2	spaced 111010010100110111, scaled 2	-284	1.0
P66	hp_lehninger2	spaced 111010010100110111, scaled 2	-282	1.0
P66	hp_lehninger2	spaced 111010010100110111, scaled 2	-281	1.0
P66	hp_lehninger2	spaced 111010010100110111, scaled 2	-233	1.0
P66	hp_lehninger2	spaced 111010010100110111, scaled 2	-221	1.0
P66	hp_lehninger2	spaced 111010010100110111, scaled 2	-205	1.0
P66	hp_lehninger2	spaced 111010010100110111, scaled 2	-202	1.0
P66	hp_lehninger2	spaced 111010010100110111, scaled 2	-186	1.0
P66	hp_lehninger2	spaced 111010010100110111, scaled 2	-166	1.0
P66	hp_lehninger2	spaced 111010010100110111, scaled 2	-161	1.0
P66	hp_lehninger2	spaced 111010010100110111, scaled 2	-134	1.0
P66	hp_lehninger2	spaced 111010010100110111, scaled 2	-117	1.0
P66	hp_lehninger2	spaced 111010010100110111, scaled 2	-112	1.0
P66	hp_lehninger2	spaced 111010010100110111, scaled 2	-77	1.0
P66	hp_lehninger2	spaced 111010010100110111, scaled 2	-62	1.0
P66	hp_lehninger2	spaced 111010010100110111, scaled 2	-49	1.0
P66	hp_lehninger2	spaced 111010010100110111, scaled 2	-30	1.0
P66	hp_lehninger2	spaced 111010010100110111, scaled 2	12	1.0
P66	hp_lehninger2	spaced 111010010100110111, scaled 2	17	1.0
P66	hp_lehninger2	spaced 111010010100110111, scaled 2	20	1.0
P66	hp_lehninger2	spaced 111010010100110111, scaled 2	51	1.0
P66	hp_lehninger2	spaced 111010010100110111, scaled 2	80	1.0
P66	hp_lehninger2	spaced 111010010100110111, scaled 2	81	2.0
P66	hp_lehninger2	spaced 111010010100110111, scaled 2	82	1.0
P66	hp_lehninger2	spaced 111010010100110111, scaled 2	89	1.0
P66	hp_lehninger2	spaced 111010010100110111, scaled 2	121	1.0
P66	hp_lehninger2	spaced 111010010100110111, scaled 2	141	1.0
P66	hp_lehninger2	spaced 111010010100110111, scaled 2	147	1.0
P66	hp_lehninger2	spaced 111010010100110111, scaled 2	198	1.0
P66	hp_lehninger2	spaced 111010010100110111, scaled 2	208	1.0
P66	hp_lehninger2	chained 2 x k=5 in 40	-544	2.0
P66	hp_lehninger2	chained 2 x k=5 in 40	-543	1.0
P66	hp_lehninger2	chained 2 x k=5 in 40	-542	1.0
P66	hp_lehninger2	chained 2 x k=5 in 40	-533	3.0
P66	hp_lehninger2	chained 2 x k=5 in 40	-528	2.0
P66	hp_lehninger2	chained 2 x k=5 in 40	-526	3.0
P66	hp_lehninger2	chained 2 x k=5 in 40	-524	2.0
P66	hp_lehninger2	chained 2 x k=5 in 40	-523	1.0
P66	hp_lehninger2	chained 2 x k=5 in 40	-522	3.0
P66	hp_lehninger2	chained 2 x k=5 in 40	-521	2.0
P66	hp_lehninger2	chained 2 x k=5 in 40	-520	3.0
P66	hp_lehninger2	chained 2 x k=5 in 40	-519	2.0
P66	hp_lehninger2	chained 2 x k=5 in 40	-518	1.0
P66	hp_lehninger2	chained 2 x k=5 in 40	-516	2.0
P66	hp_lehninger2	chained 2 x k=5 in 40	-513	1.0
P66	hp_lehninger2	chained 2 x k=5 in 40	-509	2.0
P66	hp_lehninger2	chained 2 x k=5 in 40	-507	1.0
P66	hp_lehninger2	chained 2 x k=5 in 40	-505	3.0
P66	hp_lehninger2	chained 2 x k=5 in 40	-504	3.0
P66	hp_lehninger2	chained 2 x k=5 in 40	-503	2.0
P66	hp_lehninger2	chained 2 x k=5 in 40	-502	2.0
P66	hp_lehninger2	chained 2 x k=5 in 40	-496	3.0
P66	hp_lehninger2	chained 2 x k=5 in 40	-493	9.0
P66	hp_lehninger2	chained 2 x k=5 in 40	-490	6.0
P66	hp_lehninger2	chained 2 x k=5 in 40	-489	1.0
P66	hp_lehninger2	chained 2 x k=5 in 40	-484	4.0
P66	hp_lehninger2	chained 2 x k=5 in 40	-479	2.0
P66	hp_lehninger2	chained 2 x k=5 in 40	-474	3.0
P66	hp_lehninger2	chained 2 x k=5 in 40	-468	3.0
P66	hp_lehninger2	chained 2 x k=5 in 40	-464	1.0
P66	hp_lehninger2	chained 2 x k=5 in 40	-463	3.0
P66	hp_lehninger2	chained 2 x k=5 in 40	-461	1.0
P66	hp_lehninger2	chained 2 x k=5 in 40	-459	3.0
P66	hp_lehninger2	chained 2 x k=5 in 40	-458	6.0
P66	hp_lehninger2	chained 2 x k=5 in 40	-454	3.0
P66	hp_lehninger2	chained 2 x k=5 in 40	-451	2.0
P66	hp_lehninger2	chained 2 x k=5 in 40	-450	2.0
P66	hp_lehninger2	chained 2 x k=5 in 40	-444	4.0
P66	hp_lehninger2	chained 2 x k=5 in 40	-440	1.0
P66	hp_lehninger2	chained 2 x k=5 in 40	-438	2.0
P66	hp_lehninger2	chained 2 x k=5 in 40	-437	3.0
P66	hp_lehninger2	chained 2 x k=5 in 40	-436	1.0
P66	hp_lehninger2	chained 2 x k=5 in 40	-435	3.0
P66	hp_lehninger2	chained 2 x k=5 in 40	-433	8.0
P66	hp_lehninger2	chained 2 x k=5 in 40	-431	2.0
P66	hp_lehninger2	chained 2 x k=5 in 40	-430	1.0
P66	hp_lehninger2	chained 2 x k=5 in 40	-427	2.0
P66	hp_lehninger2	chained 2 x k=5 in 40	-426	1.0
P66	hp_lehninger2	chained 2 x k=5 in 40	-425	2.0
P66	hp_lehninger2	chained 2 x k=5 in 40	-424	1.0
P66	hp_lehninger2	chained 2 x k=5 in 40	-422	2.0
P66	hp_lehninger2	chained 2 x k=5 in 40	-418	2.0
P66	hp_lehninger2	chained 2 x k=5 in 40	-416	1.0
P66	hp_lehninger2	chained 2 x k=5 in 40	-415	2.0
P66	hp_lehninger2	chained 2 x k=5 in 40	-414	1.0
P66	hp_lehninger2	chained 2 x k=5 in 40	-413	1.0
P66	hp_lehninger2	chained 2 x k=5 in 40	-409	2.0
P66	hp_lehninger2	chained 2 x k=5 in 40	-407	4.0
P66	hp_lehninger2	chained 2 x k=5 in 40	-404	4.0
P66	hp_lehninger2	chained 2 x k=5 in 40	-403	2.0
P66	hp_lehninger2	chained 2 x k=5 in 40	-402	1.0
P66	hp_lehninger2	chained 2 x k=5 in 40	-398	2.0
P66	hp_lehninger2	chained 2 x k=5 in 40	-397	2.0
P66	hp_lehninger2	chained 2 x k=5 in 40	-393	3.0
P66	hp_lehninger2	chained 2 x k=5 in 40	-389	8.0
P66	hp_lehninger2	chained 2 x k=5 in 40	-388	1.0
P66	hp_lehninger2	chained 2 x k=5 in 40	-387	10.0
P66	hp_lehninger2	chained 2 x k=5 in 40	-386	2.0
P66	hp_lehninger2	chained 2 x k=5 in 40	-385	4.0
P66	hp_lehninger2	chained 2 x k=5 in 40	-384	3.0
P66	hp_lehninger2	chained 2 x k=5 in 40	-383	3.0
P66	hp_lehninger2	chained 2 x k=5 in 40	-382	2.0
P66	hp_lehninger2	chained 2 x k=5 in 40	-381	3.0
P66	hp_lehninger2	chained 2 x k=5 in 40	-380	2.0
P66	hp_lehninger2	chained 2 x k=5 in 40	-379	9.0
P66	hp_lehninger2	chained 2 x k=5 in 40	-378	4.0
P66	hp_lehninger2	chained 2 x k=5 in 40	-377	12.0
P66	hp_lehninger2	chained 2 x k=5 in 40	-376	5.0
P66	hp_lehninger2	chained 2 x k=5 in 40	-375	15.0
P66	hp_lehninger2	chained 2 x k=5 in 40	-374	9.0
P66	hp_lehninger2	chained 2 x k=5 in 40	-373	8.0
P66	hp_lehninger2	chained 2 x k=5 in 40	-372	9.0
P66	hp_lehninger2	chained 2 x k=5 in 40	-371	3.0
P66	hp_lehninger2	chained 2 x k=5 in 40	-370	5.0
P66	hp_lehninger2	chained 2 x k=5 in 40	-368	4.0
P66	hp_lehninger2	chained 2 x k=5 in 40	-367	3.0
P66	hp_lehninger2	chained 2 x k=5 in 40	-366	1.0
P66	hp_lehninger2	chained 2 x k=5 in 40	-365	2.0
P66	hp_lehninger2	chained 2 x k=5 in 40	-364	2.0
P66	hp_lehninger2	chained 2 x k=5 in 40	-363	1.0
P66	hp_lehninger2	chained 2 x k=5 in 40	-362	4.0
P66	hp_lehninger2	chained 2 x k=5 in 40	-361	6.0
P66	hp_lehninger2	chained 2 x k=5 in 40	-360	2.0
P66	hp_lehninger2	chained 2 x k=5 in 40	-359	7.0
P66	hp_lehninger2	chained 2 x k=5 in 40	-358	7.0
P66	hp_lehninger2	chained 2 x k=5 in 40	-357	3.0
P66	hp_lehninger2	chained 2 x k=5 in 40	-356	9.0
P66	hp_lehninger2	chained 2 x k=5 in 40	-355	3.0
P66	hp_lehninger2	chained 2 x k=5 in 40	-354	5.0
P66	hp_lehninger2	chained 2 x k=5 in 40	-352	1.0
P66	hp_lehninger2	chained 2 x k=5 in 40	-351	8.0
P66	hp_lehninger2	chained 2 x k=5 in 40	-350	11.0
P66	hp_lehninger2	chained 2 x k=5 in 40	-349	7.0
P66	hp_lehninger2	chained 2 x k=5 in 40	-348	9.0
P66	hp_lehninger2	chained 2 x k=5 in 40	-347	13.0
P66	hp_lehninger2	chained 2 x k=5 in 40	-346	1.0
P66	hp_lehninger2	chained 2 x k=5 in 40	-345	1.0
P66	hp_lehninger2	chained 2 x k=5 in 40	-344	5.0
P66	hp_lehninger2	chained 2 x k=5 in 40	-343	4.0
P66	hp_lehninger2	chained 2 x k=5 in 40	-342	7.0
P66	hp_lehninger2	chained 2 x k=5 in 40	-341	7.0
P66	hp_lehninger2	chained 2 x k=5 in 40	-340	2.0
P66	hp_lehninger2	chained 2 x k=5 in 40	-339	3.0
P66	hp_lehninger2	chained 2 x k=5 in 40	-338	7.0
P66	hp_lehninger2	chained 2 x k=5 in 40	-337	2.0
P66	hp_lehninger2	chained 2 x k=5 in 40	-336	8.0
P66	hp_lehninger2	chained 2 x k=5 in 40	-335	2.0
P66	hp_lehninger2	chained 2 x k=5 in 40	-334	3.0
P66	hp_lehninger2	chained 2 x k=5 in 40	-333	15.0
P66	hp_lehninger2	chained 2 x k=5 in 40	-332	13.0
P66	hp_lehninger2	chained 2 x k=5 in 40	-331	8.0
P66	hp_lehninger2	chained 2 x k=5 in 40	-330	8.0
P66	hp_lehninger2	chained 2 x k=5 in 40	-329	6.0
P66	hp_lehninger2	chained 2 x k=5 in 40	-328	12.0
P66	hp_lehninger2	chained 2 x k=5 in 40	-327	4.0
P66	hp_lehninger2	chained 2 x k=5 in 40	-326	5.0
P66	hp_lehninger2	chained 2 x k=5 in 40	-325	3.0
P66	hp_lehninger2	chained 2 x k=5 in 40	-324	2.0
P66	hp_lehninger2	chained 2 x k=5 in 40	-323	1.0
P66	hp_lehninger2	chained 2 x k=5 in 40	-322	4.0
P66	hp_lehninger2	chained 2 x k=5 in 40	-321	6.0
P66	hp_lehninger2	chained 2 x k=5 in 40	-320	5.0
P66	hp_lehninger2	chained 2 x k=5 in 40	-319	14.0
P66	hp_lehninger2	chained 2 x k=5 in 40	-318	9.0
P66	hp_lehninger2	chained 2 x k=5 in 40	-317	9.0
P66	hp_lehninger2	chained 2 x k=5 in 40	-316	6.0
P66	hp_lehninger2	chained 2 x k=5 in 40	-315	5.0
P66	hp_lehninger2	chained 2 x k=5 in 40	-314	9.0
P66	hp_lehninger2	chained 2 x k=5 in 40	-313	10.0
P66	hp_lehninger2	chained 2 x k=5 in 40	-312	8.0
P66	hp_lehninger2	chained 2 x k=5 in 40	-311	4.0
P66	hp_lehninger2	chained 2 x k=5 in 40	-310	4.0
P66	hp_lehninger2	chained 2 x k=5 in 40	-309	9.0
P66	hp_lehninger2	chained 2 x k=5 in 40	-308	6.0
P66	hp_lehninger2	chained 2 x k=5 in 40	-307	4.0
P66	hp_lehninger2	chained 2 x k=5 in 40	-306	2.0
P66	hp_lehninger2	chained 2 x k=5 in 40	-305	6.0
P66	hp_lehninger2	chained 2 x k=5 in 40	-303	4.0
P66	hp_lehninger2	chained 2 x k=5 in 40	-302	4.0
P66	hp_lehninger2	chained 2 x k=5 in 40	-301	6.0
P66	hp_lehninger2	chained 2 x k=5 in 40	-299	8.0
P66	hp_lehninger2	chained 2 x k=5 in 40	-298	7.0
P66	hp_lehninger2	chained 2 x k=5 in 40	-297	11.0
P66	hp_lehninger2	chained 2 x k=5 in 40	-296	3.0
P66	hp_lehninger2	chained 2 x k=5 in 40	-295	5.0
P66	hp_lehninger2	chained 2 x k=5 in 40	-294	1.0
P66	hp_lehninger2	chained 2 x k=5 in 40	-293	9.0
P66	hp_lehninger2	chained 2 x k=5 in 40	-292	2.0
P66	hp_lehninger2	chained 2 x k=5 in 40	-291	14.0
P66	hp_lehninger2	chained 2 x k=5 in 40	-290	3.0
P66	hp_lehninger2	chained 2 x k=5 in 40	-289	8.0
P66	hp_lehninger2	chained 2 x k=5 in 40	-287	1.0
P66	hp_lehninger2	chained 2 x k=5 in 40	-286	5.0
P66	hp_lehninger2	chained 2 x k=5 in 40	-285	4.0
P66	hp_lehninger2	chained 2 x k=5 in 40	-284	12.0
P66	hp_lehninger2	chained 2 x k=5 in 40	-283	13.0
P66	hp_lehninger2	chained 2 x k=5 in 40	-282	7.0
P66	hp_lehninger2	chained 2 x k=5 in 40	-281	13.0
P66	hp_lehninger2	chained 2 x k=5 in 40	-280	7.0
P66	hp_lehninger2	chained 2 x k=5 in 40	-279	5.0
P66	hp_lehninger2	chained 2 x k=5 in 40	-278	6.0
P66	hp_lehninger2	chained 2 x k=5 in 40	-277	5.0
P66	hp_lehninger2	chained 2 x k=5 in 40	-276	7.0
P66	hp_lehninger2	chained 2 x k=5 in 40	-275	3.0
P66	hp_lehninger2	chained 2 x k=5 in 40	-274	4.0
P66	hp_lehninger2	chained 2 x k=5 in 40	-273	13.0
P66	hp_lehninger2	chained 2 x k=5 in 40	-272	9.0
P66	hp_lehninger2	chained 2 x k=5 in 40	-271	4.0
P66	hp_lehninger2	chained 2 x k=5 in 40	-270	12.0
P66	hp_lehninger2	chained 2 x k=5 in 40	-269	2.0
P66	hp_lehninger2	chained 2 x k=5 in 40	-268	1.0
P66	hp_lehninger2	chained 2 x k=5 in 40	-267	7.0
P66	hp_lehninger2	chained 2 x k=5 in 40	-265	3.0
P66	hp_lehninger2	chained 2 x k=5 in 40	-264	3.0
P66	hp_lehninger2	chained 2 x k=5 in 40	-263	16.0
P66	hp_lehninger2	chained 2 x k=5 in 40	-262	2.0
P66	hp_lehninger2	chained 2 x k=5 in 40	-261	7.0
P66	hp_lehninger2	chained 2 x k=5 in 40	-260	5.0
P66	hp_lehninger2	chained 2 x k=5 in 40	-259	1.0
P66	hp_lehninger2	chained 2 x k=5 in 40	-258	1.0
P66	hp_lehninger2	chained 2 x k=5 in 40	-257	3.0
P66	hp_lehninger2	chained 2 x k=5 in 40	-256	1.0
P66	hp_lehninger2	chained 2 x k=5 in 40	-255	5.0
P66	hp_lehninger2	chained 2 x k=5 in 40	-254	14.0
P66	hp_lehninger2	chained 2 x k=5 in 40	-253	9.0
P66	hp_lehninger2	chained 2 x k=5 in 40	-252	7.0
P66	hp_lehninger2	chained 2 x k=5 in 40	-251	5.0
P66	hp_lehninger2	chained 2 x k=5 in 40	-250	7.0
P66	hp_lehninger2	chained 2 x k=5 in 40	-249	3.0
P66	hp_lehninger2	chained 2 x k=5 in 40	-248	1.0
P66	hp_lehninger2	chained 2 x k=5 in 40	-247	3.0
P66	hp_lehninger2	chained 2 x k=5 in 40	-246	6.0
P66	hp_lehninger2	chained 2 x k=5 in 40	-245	9.0
P66	hp_lehninger2	chained 2 x k=5 in 40	-244	9.0
P66	hp_lehninger2	chained 2 x k=5 in 40	-243	4.0
P66	hp_lehninger2	chained 2 x k=5 in 40	-242	5.0
P66	hp_lehninger2	chained 2 x k=5 in 40	-241	9.0
P66	hp_lehninger2	chained 2 x k=5 in 40	-240	7.0
P66	hp_lehninger2	chained 2 x k=5 in 40	-239	1.0
P66	hp_lehninger2	chained 2 x k=5 in 40	-238	2.0
P66	hp_lehninger2	chained 2 x k=5 in 40	-237	5.0
P66	hp_lehninger2	chained 2 x k=5 in 40	-236	1.0
P66	hp_lehninger2	chained 2 x k=5 in 40	-235	10.0
P66	hp_lehninger2	chained 2 x k=5 in 40	-234	1.0
P66	hp_lehninger2	chained 2 x k=5 in 40	-233	9.0
P66	hp_lehninger2	chained 2 x k=5 in 40	-232	8.0
P66	hp_lehninger2	chained 2 x k=5 in 40	-228	1.0
P66	hp_lehninger2	chained 2 x k=5 in 40	-227	4.0
P66	hp_lehninger2	chained 2 x k=5 in 40	-226	9.0
P66	hp_lehninger2	chained 2 x k=5 in 40	-225	4.0
P66	hp_lehninger2	chained 2 x k=5 in 40	-224	1.0
P66	hp_lehninger2	chained 2 x k=5 in 40	-221	11.0
P66	hp_lehninger2	chained 2 x k=5 in 40	-220	5.0
P66	hp_lehninger2	chained 2 x k=5 in 40	-219	6.0
P66	hp_lehninger2	chained 2 x k=5 in 40	-218	14.0
P66	hp_lehninger2	chained 2 x k=5 in 40	-217	8.0
P66	hp_lehninger2	chained 2 x k=5 in 40	-216	5.0
P66	hp_lehninger2	chained 2 x k=5 in 40	-215	11.0
P66	hp_lehninger2	chained 2 x k=5 in 40	-214	4.0
P66	hp_lehninger2	chained 2 x k=5 in 40	-213	3.0
P66	hp_lehninger2	chained 2 x k=5 in 40	-212	1.0
P66	hp_lehninger2	chained 2 x k=5 in 40	-211	1.0
P66	hp_lehninger2	chained 2 x k=5 in 40	-210	7.0
P66	hp_lehninger2	chained 2 x k=5 in 40	-209	11.0
P66	hp_lehninger2	chained 2 x k=5 in 40	-208	3.0
P66	hp_lehninger2	chained 2 x k=5 in 40	-207	6.0
P66	hp_lehninger2	chained 2 x k=5 in 40	-206	10.0
P66	hp_lehninger2	chained 2 x k=5 in 40	-205	4.0
P66	hp_lehninger2	chained 2 x k=5 in 40	-204	3.0
P66	hp_lehninger2	chained 2 x k=5 in 40	-203	7.0
P66	hp_lehninger2	chained 2 x k=5 in 40	-202	4.0
P66	hp_lehninger2	chained 2 x k=5 in 40	-201	3.0
P66	hp_lehninger2	chained 2 x k=5 in 40	-200	2.0
P66	hp_lehninger2	chained 2 x k=5 in 40	-199	7.0
P66	hp_lehninger2	chained 2 x k=5 in 40	-198	4.0
P66	hp_lehninger2	chained 2 x k=5 in 40	-197	1.0
P66	hp_lehninger2	chained 2 x k=5 in 40	-193	6.0
P66	hp_lehninger2	chained 2 x k=5 in 40	-192	7.0
P66	hp_lehninger2	chained 2 x k=5 in 40	-191	1.0
P66	hp_lehninger2	chained 2 x k=5 in 40	-190	5.0
P66	hp_lehninger2	chained 2 x k=5 in 40	-189	8.0
P66	hp_lehninger2	chained 2 x k=5 in 40	-186	1.0
P66	hp_lehninger2	chained 2 x k=5 in 40	-185	3.0
P66	hp_lehninger2	chained 2 x k=5 in 40	-184	1.0
P66	hp_lehninger2	chained 2 x k=5 in 40	-183	2.0
P66	hp_lehninger2	chained 2 x k=5 in 40	-181	2.0
P66	hp_lehninger2	chained 2 x k=5 in 40	-180	2.0
P66	hp_lehninger2	chained 2 x k=5 in 40	-179	4.0
P66	hp_lehninger2	chained 2 x k=5 in 40	-178	4.0
P66	hp_lehninger2	chained 2 x k=5 in 40	-177	5.0
P66	hp_lehninger2	chained 2 x k=5 in 40	-175	2.0
P66	hp_lehninger2	chained 2 x k=5 in 40	-173	6.0
P66	hp_lehninger2	chained 2 x k=5 in 40	-172	1.0
P66	hp_lehninger2	chained 2 x k=5 in 40	-171	2.0
P66	hp_lehninger2	chained 2 x k=5 in 40	-170	1.0
P66	hp_lehninger2	chained 2 x k=5 in 40	-169	11.0
P66	hp_lehninger2	chained 2 x k=5 in 40	-168	3.0
P66	hp_lehninger2	chained 2 x k=5 in 40	-167	1.0
P66	hp_lehninger2	chained 2 x k=5 in 40	-165	14.0
P66	hp_lehninger2	chained 2 x k=5 in 40	-164	8.0
P66	hp_lehninger2	chained 2 x k=5 in 40	-162	1.0
P66	hp_lehninger2	chained 2 x k=5 in 40	-161	4.0
P66	hp_lehninger2	chained 2 x k=5 in 40	-160	12.0
P66	hp_lehninger2	chained 2 x k=5 in 40	-159	2.0
P66	hp_lehninger2	chained 2 x k=5 in 40	-158	1.0
P66	hp_lehninger2	chained 2 x k=5 in 40	-157	9.0
P66	hp_lehninger2	chained 2 x k=5 in 40	-156	5.0
P66	hp_lehninger2	chained 2 x k=5 in 40	-155	1.0
P66	hp_lehninger2	chained 2 x k=5 in 40	-154	1.0
P66	hp_lehninger2	chained 2 x k=5 in 40	-151	1.0
P66	hp_lehninger2	chained 2 x k=5 in 40	-150	11.0
P66	hp_lehninger2	chained 2 x k=5 in 40	-149	4.0
P66	hp_lehninger2	chained 2 x k=5 in 40	-148	4.0
P66	hp_lehninger2	chained 2 x k=5 in 40	-147	2.0
P66	hp_lehninger2	chained 2 x k=5 in 40	-146	2.0
P66	hp_lehninger2	chained 2 x k=5 in 40	-145	3.0
P66	hp_lehninger2	chained 2 x k=5 in 40	-144	5.0
P66	hp_lehninger2	chained 2 x k=5 in 40	-143	2.0
P66	hp_lehninger2	chained 2 x k=5 in 40	-142	3.0
P66	hp_lehninger2	chained 2 x k=5 in 40	-141	4.0
P66	hp_lehninger2	chained 2 x k=5 in 40	-138	2.0
P66	hp_lehninger2	chained 2 x k=5 in 40	-136	3.0
P66	hp_lehninger2	chained 2 x k=5 in 40	-135	2.0
P66	hp_lehninger2	chained 2 x k=5 in 40	-134	13.0
P66	hp_lehninger2	chained 2 x k=5 in 40	-133	8.0
P66	hp_lehninger2	chained 2 x k=5 in 40	-132	2.0
P66	hp_lehninger2	chained 2 x k=5 in 40	-131	1.0
P66	hp_lehninger2	chained 2 x k=5 in 40	-130	1.0
P66	hp_lehninger2	chained 2 x k=5 in 40	-129	7.0
P66	hp_lehninger2	chained 2 x k=5 in 40	-127	1.0
P66	hp_lehninger2	chained 2 x k=5 in 40	-126	4.0
P66	hp_lehninger2	chained 2 x k=5 in 40	-125	1.0
P66	hp_lehninger2	chained 2 x k=5 in 40	-124	4.0
P66	hp_lehninger2	chained 2 x k=5 in 40	-123	6.0
P66	hp_lehninger2	chained 2 x k=5 in 40	-122	1.0
P66	hp_lehninger2	chained 2 x k=5 in 40	-121	4.0
P66	hp_lehninger2	chained 2 x k=5 in 40	-119	3.0
P66	hp_lehninger2	chained 2 x k=5 in 40	-118	2.0
P66	hp_lehninger2	chained 2 x k=5 in 40	-117	1.0
P66	hp_lehninger2	chained 2 x k=5 in 40	-115	10.0
P66	hp_lehninger2	chained 2 x k=5 in 40	-114	5.0
P66	hp_lehninger2	chained 2 x k=5 in 40	-113	5.0
P66	hp_lehninger2	chained 2 x k=5 in 40	-112	7.0
P66	hp_lehninger2	chained 2 x k=5 in 40	-111	5.0
P66	hp_lehninger2	chained 2 x k=5 in 40	-109	1.0
P66	hp_lehninger2	chained 2 x k=5 in 40	-107	2.0
P66	hp_lehninger2	chained 2 x k=5 in 40	-106	1.0
P66	hp_lehninger2	chained 2 x k=5 in 40	-105	5.0
P66	hp_lehninger2	chained 2 x k=5 in 40	-104	2.0
P66	hp_lehninger2	chained 2 x k=5 in 40	-102	5.0
P66	hp_lehninger2	chained 2 x k=5 in 40	-101	1.0
P66	hp_lehninger2	chained 2 x k=5 in 40	-100	3.0
P66	hp_lehninger2	chained 2 x k=5 in 40	-99	3.0
P66	hp_lehninger2	chained 2 x k=5 in 40	-98	3.0
P66	hp_lehninger2	chained 2 x k=5 in 40	-97	3.0
P66	hp_lehninger2	chained 2 x k=5 in 40	-96	5.0
P66	hp_lehninger2	chained 2 x k=5 in 40	-94	1.0
P66	hp_lehninger2	chained 2 x k=5 in 40	-92	3.0
P66	hp_lehninger2	chained 2 x k=5 in 40	-90	4.0
P66	hp_lehninger2	chained 2 x k=5 in 40	-88	3.0
P66	hp_lehninger2	chained 2 x k=5 in 40	-87	2.0
P66	hp_lehninger2	chained 2 x k=5 in 40	-86	1.0
P66	hp_lehninger2	chained 2 x k=5 in 40	-84	3.0
P66	hp_lehninger2	chained 2 x k=5 in 40	-83	4.0
P66	hp_lehninger2	chained 2 x k=5 in 40	-82	2.0
P66	hp_lehninger2	chained 2 x k=5 in 40	-81	4.0
P66	hp_lehninger2	chained 2 x k=5 in 40	-80	7.0
P66	hp_lehninger2	chained 2 x k=5 in 40	-79	2.0
P66	hp_lehninger2	chained 2 x k=5 in 40	-78	7.0
P66	hp_lehninger2	chained 2 x k=5 in 40	-77	5.0
P66	hp_lehninger2	chained 2 x k=5 in 40	-76	7.0
P66	hp_lehninger2	chained 2 x k=5 in 40	-75	1.0
P66	hp_lehninger2	chained 2 x k=5 in 40	-74	2.0
P66	hp_lehninger2	chained 2 x k=5 in 40	-73	3.0
P66	hp_lehninger2	chained 2 x k=5 in 40	-72	2.0
P66	hp_lehninger2	chained 2 x k=5 in 40	-71	4.0
P66	hp_lehninger2	chained 2 x k=5 in 40	-70	4.0
P66	hp_lehninger2	chained 2 x k=5 in 40	-69	1.0
P66	hp_lehninger2	chained 2 x k=5 in 40	-68	3.0
P66	hp_lehninger2	chained 2 x k=5 in 40	-65	2.0
P66	hp_lehninger2	chained 2 x k=5 in 40	-64	1.0
P66	hp_lehninger2	chained 2 x k=5 in 40	-63	6.0
P66	hp_lehninger2	chained 2 x k=5 in 40	-62	11.0
P66	hp_lehninger2	chained 2 x k=5 in 40	-61	1.0
P66	hp_lehninger2	chained 2 x k=5 in 40	-60	5.0
P66	hp_lehninger2	chained 2 x k=5 in 40	-58	5.0
P66	hp_lehninger2	chained 2 x k=5 in 40	-56	4.0
P66	hp_lehninger2	chained 2 x k=5 in 40	-54	3.0
P66	hp_lehninger2	chained 2 x k=5 in 40	-52	5.0
P66	hp_lehninger2	chained 2 x k=5 in 40	-51	4.0
P66	hp_lehninger2	chained 2 x k=5 in 40	-50	6.0
P66	hp_lehninger2	chained 2 x k=5 in 40	-48	10.0
P66	hp_lehninger2	chained 2 x k=5 in 40	-46	14.0
P66	hp_lehninger2	chained 2 x k=5 in 40	-45	5.0
P66	hp_lehninger2	chained 2 x k=5 in 40	-44	8.0
P66	hp_lehninger2	chained 2 x k=5 in 40	-43	3.0
P66	hp_lehninger2	chained 2 x k=5 in 40	-42	1.0
P66	hp_lehninger2	chained 2 x k=5 in 40	-41	2.0
P66	hp_lehninger2	chained 2 x k=5 in 40	-39	1.0
P66	hp_lehninger2	chained 2 x k=5 in 40	-38	4.0
P66	hp_lehninger2	chained 2 x k=5 in 40	-37	5.0
P66	hp_lehninger2	chained 2 x k=5 in 40	-36	7.0
P66	hp_lehninger2	chained 2 x k=5 in 40	-35	5.0
P66	hp_lehninger2	chained 2 x k=5 in 40	-34	6.0
P66	hp_lehninger2	chained 2 x k=5 in 40	-33	3.0
P66	hp_lehninger2	chained 2 x k=5 in 40	-32	5.0
P66	hp_lehninger2	chained 2 x k=5 in 40	-30	7.0
P66	hp_lehninger2	chained 2 x k=5 in 40	-29	2.0
P66	hp_lehninger2	chained 2 x k=5 in 40	-28	7.0
P66	hp_lehninger2	chained 2 x k=5 in 40	-27	5.0
P66	hp_lehninger2	chained 2 x k=5 in 40	-26	10.0
P66	hp_lehninger2	chained 2 x k=5 in 40	-25	5.0
P66	hp_lehninger2	chained 2 x k=5 in 40	-24	2.0
P66	hp_lehninger2	chained 2 x k=5 in 40	-23	11.0
P66	hp_lehninger2	chained 2 x k=5 in 40	-20	5.0
P66	hp_lehninger2	chained 2 x k=5 in 40	-19	3.0
P66	hp_lehninger2	chained 2 x k=5 in 40	-18	13.0
P66	hp_lehninger2	chained 2 x k=5 in 40	-17	4.0
P66	hp_lehninger2	chained 2 x k=5 in 40	-16	16.0
P66	hp_lehninger2	chained 2 x k=5 in 40	-15	2.0
P66	hp_lehninger2	chained 2 x k=5 in 40	-14	2.0
P66	hp_lehninger2	chained 2 x k=5 in 40	-13	7.0
P66	hp_lehninger2	chained 2 x k=5 in 40	-12	2.0
P66	hp_lehninger2	chained 2 x k=5 in 40	-10	4.0
P66	hp_lehninger2	chained 2 x k=5 in 40	-9	5.0
P66	hp_lehninger2	chained 2 x k=5 in 40	-8	6.0
P66	hp_lehninger2	chained 2 x k=5 in 40	-7	8.0
P66	hp_lehninger2	chained 2 x k=5 in 40	-6	1.0
P66	hp_lehninger2	chained 2 x k=5 in 40	-5	8.0
P66	hp_lehninger2	chained 2 x k=5 in 40	-4	1.0
P66	hp_lehninger2	chained 2 x k=5 in 40	-2	3.0
P66	hp_lehninger2	chained 2 x k=5 in 40	-1	1.0
P66	hp_lehninger2	chained 2 x k=5 in 40	0	17.0
P66	hp_lehninger2	chained 2 x k=5 in 40	1	13.0
P66	hp_lehninger2	chained 2 x k=5 in 40	2	2.0
P66	hp_lehninger2	chained 2 x k=5 in 40	3	17.0
P66	hp_lehninger2	chained 2 x k=5 in 40	5	11.0
P66	hp_lehninger2	chained 2 x k=5 in 40	7	4.0
P66	hp_lehninger2	chained 2 x k=5 in 40	8	7.0
P66	hp_lehninger2	chained 2 x k=5 in 40	9	9.0
P66	hp_lehninger2	chained 2 x k=5 in 40	10	10.0
P66	hp_lehninger2	chained 2 x k=5 in 40	12	12.0
P66	hp_lehninger2	chained 2 x k=5 in 40	13	1.0
P66	hp_lehninger2	chained 2 x k=5 in 40	14	6.0
P66	hp_lehninger2	chained 2 x k=5 in 40	15	2.0
P66	hp_lehninger2	chained 2 x k=5 in 40	16	5.0
P66	hp_lehninger2	chained 2 x k=5 in 40	18	1.0
P66	hp_lehninger2	chained 2 x k=5 in 40	19	11.0
P66	hp_lehninger2	chained 2 x k=5 in 40	20	5.0
P66	hp_lehninger2	chained 2 x k=5 in 40	22	4.0
P66	hp_lehninger2	chained 2 x k=5 in 40	23	6.0
P66	hp_lehninger2	chained 2 x k=5 in 40	24	6.0
P66	hp_lehninger2	chained 2 x k=5 in 40	25	3.0
P66	hp_lehninger2	chained 2 x k=5 in 40	26	5.0
P66	hp_lehninger2	chained 2 x k=5 in 40	27	4.0
P66	hp_lehninger2	chained 2 x k=5 in 40	29	3.0
P66	hp_lehninger2	chained 2 x k=5 in 40	30	11.0
P66	hp_lehninger2	chained 2 x k=5 in 40	31	4.0
P66	hp_lehninger2	chained 2 x k=5 in 40	33	3.0
P66	hp_lehninger2	chained 2 x k=5 in 40	34	7.0
P66	hp_lehninger2	chained 2 x k=5 in 40	35	5.0
P66	hp_lehninger2	chained 2 x k=5 in 40	36	2.0
P66	hp_lehninger2	chained 2 x k=5 in 40	38	10.0
P66	hp_lehninger2	chained 2 x k=5 in 40	39	3.0
P66	hp_lehninger2	chained 2 x k=5 in 40	40	11.0
P66	hp_lehninger2	chained 2 x k=5 in 40	41	1.0
P66	hp_lehninger2	chained 2 x k=5 in 40	43	6.0
P66	hp_lehninger2	chained 2 x k=5 in 40	44	4.0
P66	hp_lehninger2	chained 2 x k=5 in 40	45	6.0
P66	hp_lehninger2	chained 2 x k=5 in 40	46	2.0
P66	hp_lehninger2	chained 2 x k=5 in 40	48	8.0
P66	hp_lehninger2	chained 2 x k=5 in 40	49	10.0
P66	hp_lehninger2	chained 2 x k=5 in 40	50	6.0
P66	hp_lehninger2	chained 2 x k=5 in 40	51	2.0
P66	hp_lehninger2	chained 2 x k=5 in 40	52	1.0
P66	hp_lehninger2	chained 2 x k=5 in 40	53	4.0
P66	hp_lehninger2	chained 2 x k=5 in 40	54	5.0
P66	hp_lehninger2	chained 2 x k=5 in 40	55	5.0
P66	hp_lehninger2	chained 2 x k=5 in 40	56	10.0
P66	hp_lehninger2	chained 2 x k=5 in 40	57	4.0
P66	hp_lehninger2	chained 2 x k=5 in 40	58	2.0
P66	hp_lehninger2	chained 2 x k=5 in 40	60	10.0
P66	hp_lehninger2	chained 2 x k=5 in 40	61	2.0
P66	hp_lehninger2	chained 2 x k=5 in 40	62	1.0
P66	hp_lehninger2	chained 2 x k=5 in 40	63	9.0
P66	hp_lehninger2	chained 2 x k=5 in 40	64	2.0
P66	hp_lehninger2	chained 2 x k=5 in 40	65	3.0
P66	hp_lehninger2	chained 2 x k=5 in 40	68	2.0
P66	hp_lehninger2	chained 2 x k=5 in 40	69	1.0
P66	hp_lehninger2	chained 2 x k=5 in 40	70	1.0
P66	hp_lehninger2	chained 2 x k=5 in 40	71	3.0
P66	hp_lehninger2	chained 2 x k=5 in 40	74	3.0
P66	hp_lehninger2	chained 2 x k=5 in 40	76	2.0
P66	hp_lehninger2	chained 2 x k=5 in 40	77	4.0
P66	hp_lehninger2	chained 2 x k=5 in 40	78	1.0
P66	hp_lehninger2	chained 2 x k=5 in 40	79	4.0
P66	hp_lehninger2	chained 2 x k=5 in 40	80	3.0
P66	hp_lehninger2	chained 2 x k=5 in 40	81	11.0
P66	hp_lehninger2	chained 2 x k=5 in 40	82	6.0
P66	hp_lehninger2	chained 2 x k=5 in 40	83	6.0
P66	hp_lehninger2	chained 2 x k=5 in 40	84	2.0
P66	hp_lehninger2	chained 2 x k=5 in 40	85	3.0
P66	hp_lehninger2	chained 2 x k=5 in 40	86	1.0
P66	hp_lehninger2	chained 2 x k=5 in 40	88	10.0
P66	hp_lehninger2	chained 2 x k=5 in 40	89	6.0
P66	hp_lehninger2	chained 2 x k=5 in 40	93	1.0
P66	hp_lehninger2	chained 2 x k=5 in 40	95	2.0
P66	hp_lehninger2	chained 2 x k=5 in 40	96	2.0
P66	hp_lehninger2	chained 2 x k=5 in 40	98	4.0
P66	hp_lehninger2	chained 2 x k=5 in 40	99	2.0
P66	hp_lehninger2	chained 2 x k=5 in 40	100	5.0
P66	hp_lehninger2	chained 2 x k=5 in 40	101	2.0
P66	hp_lehninger2	chained 2 x k=5 in 40	102	9.0
P66	hp_lehninger2	chained 2 x k=5 in 40	105	1.0
P66	hp_lehninger2	chained 2 x k=5 in 40	106	5.0
P66	hp_lehninger2	chained 2 x k=5 in 40	107	1.0
P66	hp_lehninger2	chained 2 x k=5 in 40	109	2.0
P66	hp_lehninger2	chained 2 x k=5 in 40	110	3.0
P66	hp_lehninger2	chained 2 x k=5 in 40	111	2.0
P66	hp_lehninger2	chained 2 x k=5 in 40	112	4.0
P66	hp_lehninger2	chained 2 x k=5 in 40	113	1.0
P66	hp_lehninger2	chained 2 x k=5 in 40	114	2.0
P66	hp_lehninger2	chained 2 x k=5 in 40	115	3.0
P66	hp_lehninger2	chained 2 x k=5 in 40	116	11.0
P66	hp_lehninger2	chained 2 x k=5 in 40	117	3.0
P66	hp_lehninger2	chained 2 x k=5 in 40	119	4.0
P66	hp_lehninger2	chained 2 x k=5 in 40	120	3.0
P66	hp_lehninger2	chained 2 x k=5 in 40	121	9.0
P66	hp_lehninger2	chained 2 x k=5 in 40	123	3.0
P66	hp_lehninger2	chained 2 x k=5 in 40	124	1.0
P66	hp_lehninger2	chained 2 x k=5 in 40	126	3.0
P66	hp_lehninger2	chained 2 x k=5 in 40	133	5.0
P66	hp_lehninger2	chained 2 x k=5 in 40	134	3.0
P66	hp_lehninger2	chained 2 x k=5 in 40	135	1.0
P66	hp_lehninger2	chained 2 x k=5 in 40	139	2.0
P66	hp_lehninger2	chained 2 x k=5 in 40	141	1.0
P66	hp_lehninger2	chained 2 x k=5 in 40	143	2.0
P66	hp_lehninger2	chained 2 x k=5 in 40	144	1.0
P66	hp_lehninger2	chained 2 x k=5 in 40	146	3.0
P66	hp_lehninger2	chained 2 x k=5 in 40	147	4.0
P66	hp_lehninger2	chained 2 x k=5 in 40	149	1.0
P66	hp_lehninger2	chained 2 x k=5 in 40	152	1.0
P66	hp_lehninger2	chained 2 x k=5 in 40	154	3.0
P66	hp_lehninger2	chained 2 x k=5 in 40	156	6.0
P66	hp_lehninger2	chained 2 x k=5 in 40	157	1.0
P66	hp_lehninger2	chained 2 x k=5 in 40	158	1.0
P66	hp_lehninger2	chained 2 x k=5 in 40	159	3.0
P66	hp_lehninger2	chained 2 x k=5 in 40	160	5.0
P66	hp_lehninger2	chained 2 x k=5 in 40	163	4.0
P66	hp_lehninger2	chained 2 x k=5 in 40	165	1.0
P66	hp_lehninger2	chained 2 x k=5 in 40	166	1.0
P66	hp_lehninger2	chained 2 x k=5 in 40	170	1.0
P66	hp_lehninger2	chained 2 x k=5 in 40	175	2.0
P66	hp_lehninger2	chained 2 x k=5 in 40	177	4.0
P66	hp_lehninger2	chained 2 x k=5 in 40	179	3.0
P66	hp_lehninger2	chained 2 x k=5 in 40	187	4.0
P66	hp_lehninger2	chained 2 x k=5 in 40	188	2.0
P66	hp_lehninger2	chained 2 x k=5 in 40	190	3.0
P66	hp_lehninger2	chained 2 x k=5 in 40	197	3.0
P66	hp_lehninger2	chained 2 x k=5 in 40	203	4.0
P66	hp_lehninger2	chained 2 x k=5 in 40	204	1.0
P66	hp_lehninger2	chained 2 x k=5 in 40	205	3.0
P66	hp_lehninger2	chained 2 x k=5 in 40	206	2.0
P66	hp_lehninger2	chained 2 x k=5 in 40	212	6.0
P66	hp_lehninger2	chained 2 x k=5 in 40	213	1.0
P66	hp_lehninger2	chained 2 x k=5 in 40	214	1.0
P66	hp_lehninger2	chained 2 x k=5 in 40	215	2.0
P66	hp_lehninger2	chained 2 x k=5 in 40	217	2.0
P66	hp_lehninger2	chained 2 x k=5 in 40	218	2.0
P66	hp_lehninger2	chained 2 x k=5 in 40	243	1.0
P66	hp_lehninger2	chained 2 x k=5 in 40	249	2.0
P66	hp_lehninger2	chained 2 x k=5 in 40	250	1.0
P66	hp_lehninger2	chained 2 x k=5 in 40	251	2.0
P66	hp_lehninger2	chained 2 x k=5 in 40	255	10.0
P66	hp_lehninger2	chained 2 x k=5 in 40	262	1.0
P66	hp_lehninger2	chained 2 x k=5 in 40	271	1.0
P66	hp_lehninger2	chained 2 x k=5 in 40	272	7.0
P66	hp_lehninger2	chained 2 x k=5 in 40	275	2.0
P66	hp_lehninger2	chained 2 x k=5 in 40	309	1.0
P66	hp_lehninger2	chained 2 x k=5 in 40, scaled 2	-524	1.0
P66	hp_lehninger2	chained 2 x k=5 in 40, scaled 2	-523	1.0
P66	hp_lehninger2	chained 2 x k=5 in 40, scaled 2	-522	2.0
P66	hp_lehninger2	chained 2 x k=5 in 40, scaled 2	-521	2.0
P66	hp_lehninger2	chained 2 x k=5 in 40, scaled 2	-520	2.0
P66	hp_lehninger2	chained 2 x k=5 in 40, scaled 2	-519	2.0
P66	hp_lehninger2	chained 2 x k=5 in 40, scaled 2	-518	1.0
P66	hp_lehninger2	chained 2 x k=5 in 40, scaled 2	-513	1.0
P66	hp_lehninger2	chained 2 x k=5 in 40, scaled 2	-509	2.0
P66	hp_lehninger2	chained 2 x k=5 in 40, scaled 2	-507	1.0
P66	hp_lehninger2	chained 2 x k=5 in 40, scaled 2	-505	3.0
P66	hp_lehninger2	chained 2 x k=5 in 40, scaled 2	-503	1.0
P66	hp_lehninger2	chained 2 x k=5 in 40, scaled 2	-502	2.0
P66	hp_lehninger2	chained 2 x k=5 in 40, scaled 2	-493	1.0
P66	hp_lehninger2	chained 2 x k=5 in 40, scaled 2	-490	3.0
P66	hp_lehninger2	chained 2 x k=5 in 40, scaled 2	-489	1.0
P66	hp_lehninger2	chained 2 x k=5 in 40, scaled 2	-484	3.0
P66	hp_lehninger2	chained 2 x k=5 in 40, scaled 2	-468	2.0
P66	hp_lehninger2	chained 2 x k=5 in 40, scaled 2	-463	1.0
P66	hp_lehninger2	chained 2 x k=5 in 40, scaled 2	-461	1.0
P66	hp_lehninger2	chained 2 x k=5 in 40, scaled 2	-459	1.0
P66	hp_lehninger2	chained 2 x k=5 in 40, scaled 2	-458	3.0
P66	hp_lehninger2	chained 2 x k=5 in 40, scaled 2	-454	1.0
P66	hp_lehninger2	chained 2 x k=5 in 40, scaled 2	-444	2.0
P66	hp_lehninger2	chained 2 x k=5 in 40, scaled 2	-438	1.0
P66	hp_lehninger2	chained 2 x k=5 in 40, scaled 2	-437	2.0
P66	hp_lehninger2	chained 2 x k=5 in 40, scaled 2	-436	1.0
P66	hp_lehninger2	chained 2 x k=5 in 40, scaled 2	-435	2.0
P66	hp_lehninger2	chained 2 x k=5 in 40, scaled 2	-433	4.0
P66	hp_lehninger2	chained 2 x k=5 in 40, scaled 2	-431	2.0
P66	hp_lehninger2	chained 2 x k=5 in 40, scaled 2	-425	1.0
P66	hp_lehninger2	chained 2 x k=5 in 40, scaled 2	-424	1.0
P66	hp_lehninger2	chained 2 x k=5 in 40, scaled 2	-416	1.0
P66	hp_lehninger2	chained 2 x k=5 in 40, scaled 2	-415	1.0
P66	hp_lehninger2	chained 2 x k=5 in 40, scaled 2	-407	2.0
P66	hp_lehninger2	chained 2 x k=5 in 40, scaled 2	-404	2.0
P66	hp_lehninger2	chained 2 x k=5 in 40, scaled 2	-398	1.0
P66	hp_lehninger2	chained 2 x k=5 in 40, scaled 2	-397	2.0
P66	hp_lehninger2	chained 2 x k=5 in 40, scaled 2	-393	2.0
P66	hp_lehninger2	chained 2 x k=5 in 40, scaled 2	-389	6.0
P66	hp_lehninger2	chained 2 x k=5 in 40, scaled 2	-388	1.0
P66	hp_lehninger2	chained 2 x k=5 in 40, scaled 2	-387	4.0
P66	hp_lehninger2	chained 2 x k=5 in 40, scaled 2	-386	1.0
P66	hp_lehninger2	chained 2 x k=5 in 40, scaled 2	-384	2.0
P66	hp_lehninger2	chained 2 x k=5 in 40, scaled 2	-383	2.0
P66	hp_lehninger2	chained 2 x k=5 in 40, scaled 2	-381	3.0
P66	hp_lehninger2	chained 2 x k=5 in 40, scaled 2	-380	2.0
P66	hp_lehninger2	chained 2 x k=5 in 40, scaled 2	-379	3.0
P66	hp_lehninger2	chained 2 x k=5 in 40, scaled 2	-378	4.0
P66	hp_lehninger2	chained 2 x k=5 in 40, scaled 2	-377	12.0
P66	hp_lehninger2	chained 2 x k=5 in 40, scaled 2	-376	5.0
P66	hp_lehninger2	chained 2 x k=5 in 40, scaled 2	-375	12.0
P66	hp_lehninger2	chained 2 x k=5 in 40, scaled 2	-374	6.0
P66	hp_lehninger2	chained 2 x k=5 in 40, scaled 2	-373	3.0
P66	hp_lehninger2	chained 2 x k=5 in 40, scaled 2	-372	8.0
P66	hp_lehninger2	chained 2 x k=5 in 40, scaled 2	-371	2.0
P66	hp_lehninger2	chained 2 x k=5 in 40, scaled 2	-368	3.0
P66	hp_lehninger2	chained 2 x k=5 in 40, scaled 2	-367	3.0
P66	hp_lehninger2	chained 2 x k=5 in 40, scaled 2	-366	1.0
P66	hp_lehninger2	chained 2 x k=5 in 40, scaled 2	-365	2.0
P66	hp_lehninger2	chained 2 x k=5 in 40, scaled 2	-364	2.0
P66	hp_lehninger2	chained 2 x k=5 in 40, scaled 2	-362	3.0
P66	hp_lehninger2	chained 2 x k=5 in 40, scaled 2	-361	2.0
P66	hp_lehninger2	chained 2 x k=5 in 40, scaled 2	-360	2.0
P66	hp_lehninger2	chained 2 x k=5 in 40, scaled 2	-359	5.0
P66	hp_lehninger2	chained 2 x k=5 in 40, scaled 2	-358	6.0
P66	hp_lehninger2	chained 2 x k=5 in 40, scaled 2	-357	2.0
P66	hp_lehninger2	chained 2 x k=5 in 40, scaled 2	-356	3.0
P66	hp_lehninger2	chained 2 x k=5 in 40, scaled 2	-355	3.0
P66	hp_lehninger2	chained 2 x k=5 in 40, scaled 2	-352	1.0
P66	hp_lehninger2	chained 2 x k=5 in 40, scaled 2	-351	7.0
P66	hp_lehninger2	chained 2 x k=5 in 40, scaled 2	-350	8.0
P66	hp_lehninger2	chained 2 x k=5 in 40, scaled 2	-349	5.0
P66	hp_lehninger2	chained 2 x k=5 in 40, scaled 2	-348	5.0
P66	hp_lehninger2	chained 2 x k=5 in 40, scaled 2	-347	8.0
P66	hp_lehninger2	chained 2 x k=5 in 40, scaled 2	-346	1.0
P66	hp_lehninger2	chained 2 x k=5 in 40, scaled 2	-345	1.0
P66	hp_lehninger2	chained 2 x k=5 in 40, scaled 2	-344	1.0
P66	hp_lehninger2	chained 2 x k=5 in 40, scaled 2	-343	3.0
P66	hp_lehninger2	chained 2 x k=5 in 40, scaled 2	-342	4.0
P66	hp_lehninger2	chained 2 x k=5 in 40, scaled 2	-341	6.0
P66	hp_lehninger2	chained 2 x k=5 in 40, scaled 2	-340	2.0
P66	hp_lehninger2	chained 2 x k=5 in 40, scaled 2	-339	3.0
P66	hp_lehninger2	chained 2 x k=5 in 40, scaled 2	-338	6.0
P66	hp_lehninger2	chained 2 x k=5 in 40, scaled 2	-336	3.0
P66	hp_lehninger2	chained 2 x k=5 in 40, scaled 2	-335	2.0
P66	hp_lehninger2	chained 2 x k=5 in 40, scaled 2	-334	3.0
P66	hp_lehninger2	chained 2 x k=5 in 40, scaled 2	-333	9.0
P66	hp_lehninger2	chained 2 x k=5 in 40, scaled 2	-332	10.0
P66	hp_lehninger2	chained 2 x k=5 in 40, scaled 2	-331	8.0
P66	hp_lehninger2	chained 2 x k=5 in 40, scaled 2	-330	8.0
P66	hp_lehninger2	chained 2 x k=5 in 40, scaled 2	-329	6.0
P66	hp_lehninger2	chained 2 x k=5 in 40, scaled 2	-328	7.0
P66	hp_lehninger2	chained 2 x k=5 in 40, scaled 2	-327	4.0
P66	hp_lehninger2	chained 2 x k=5 in 40, scaled 2	-326	5.0
P66	hp_lehninger2	chained 2 x k=5 in 40, scaled 2	-325	2.0
P66	hp_lehninger2	chained 2 x k=5 in 40, scaled 2	-324	1.0
P66	hp_lehninger2	chained 2 x k=5 in 40, scaled 2	-323	1.0
P66	hp_lehninger2	chained 2 x k=5 in 40, scaled 2	-322	2.0
P66	hp_lehninger2	chained 2 x k=5 in 40, scaled 2	-321	4.0
P66	hp_lehninger2	chained 2 x k=5 in 40, scaled 2	-320	4.0
P66	hp_lehninger2	chained 2 x k=5 in 40, scaled 2	-319	6.0
P66	hp_lehninger2	chained 2 x k=5 in 40, scaled 2	-318	3.0
P66	hp_lehninger2	chained 2 x k=5 in 40, scaled 2	-317	3.0
P66	hp_lehninger2	chained 2 x k=5 in 40, scaled 2	-316	4.0
P66	hp_lehninger2	chained 2 x k=5 in 40, scaled 2	-315	4.0
P66	hp_lehninger2	chained 2 x k=5 in 40, scaled 2	-314	5.0
P66	hp_lehninger2	chained 2 x k=5 in 40, scaled 2	-313	5.0
P66	hp_lehninger2	chained 2 x k=5 in 40, scaled 2	-312	3.0
P66	hp_lehninger2	chained 2 x k=5 in 40, scaled 2	-311	4.0
P66	hp_lehninger2	chained 2 x k=5 in 40, scaled 2	-310	3.0
P66	hp_lehninger2	chained 2 x k=5 in 40, scaled 2	-309	5.0
P66	hp_lehninger2	chained 2 x k=5 in 40, scaled 2	-308	3.0
P66	hp_lehninger2	chained 2 x k=5 in 40, scaled 2	-307	3.0
P66	hp_lehninger2	chained 2 x k=5 in 40, scaled 2	-306	2.0
P66	hp_lehninger2	chained 2 x k=5 in 40, scaled 2	-305	3.0
P66	hp_lehninger2	chained 2 x k=5 in 40, scaled 2	-303	1.0
P66	hp_lehninger2	chained 2 x k=5 in 40, scaled 2	-302	1.0
P66	hp_lehninger2	chained 2 x k=5 in 40, scaled 2	-301	5.0
P66	hp_lehninger2	chained 2 x k=5 in 40, scaled 2	-299	2.0
P66	hp_lehninger2	chained 2 x k=5 in 40, scaled 2	-298	2.0
P66	hp_lehninger2	chained 2 x k=5 in 40, scaled 2	-297	3.0
P66	hp_lehninger2	chained 2 x k=5 in 40, scaled 2	-296	1.0
P66	hp_lehninger2	chained 2 x k=5 in 40, scaled 2	-295	2.0
P66	hp_lehninger2	chained 2 x k=5 in 40, scaled 2	-294	1.0
P66	hp_lehninger2	chained 2 x k=5 in 40, scaled 2	-293	4.0
P66	hp_lehninger2	chained 2 x k=5 in 40, scaled 2	-292	2.0
P66	hp_lehninger2	chained 2 x k=5 in 40, scaled 2	-291	6.0
P66	hp_lehninger2	chained 2 x k=5 in 40, scaled 2	-290	3.0
P66	hp_lehninger2	chained 2 x k=5 in 40, scaled 2	-289	6.0
P66	hp_lehninger2	chained 2 x k=5 in 40, scaled 2	-286	1.0
P66	hp_lehninger2	chained 2 x k=5 in 40, scaled 2	-285	4.0
P66	hp_lehninger2	chained 2 x k=5 in 40, scaled 2	-284	7.0
P66	hp_lehninger2	chained 2 x k=5 in 40, scaled 2	-283	8.0
P66	hp_lehninger2	chained 2 x k=5 in 40, scaled 2	-282	5.0
P66	hp_lehninger2	chained 2 x k=5 in 40, scaled 2	-281	10.0
P66	hp_lehninger2	chained 2 x k=5 in 40, scaled 2	-280	6.0
P66	hp_lehninger2	chained 2 x k=5 in 40, scaled 2	-278	6.0
P66	hp_lehninger2	chained 2 x k=5 in 40, scaled 2	-277	4.0
P66	hp_lehninger2	chained 2 x k=5 in 40, scaled 2	-276	7.0
P66	hp_lehninger2	chained 2 x k=5 in 40, scaled 2	-275	3.0
P66	hp_lehninger2	chained 2 x k=5 in 40, scaled 2	-274	3.0
P66	hp_lehninger2	chained 2 x k=5 in 40, scaled 2	-273	6.0
P66	hp_lehninger2	chained 2 x k=5 in 40, scaled 2	-272	6.0
P66	hp_lehninger2	chained 2 x k=5 in 40, scaled 2	-271	4.0
P66	hp_lehninger2	chained 2 x k=5 in 40, scaled 2	-270	8.0
P66	hp_lehninger2	chained 2 x k=5 in 40, scaled 2	-269	2.0
P66	hp_lehninger2	chained 2 x k=5 in 40, scaled 2	-267	4.0
P66	hp_lehninger2	chained 2 x k=5 in 40, scaled 2	-265	1.0
P66	hp_lehninger2	chained 2 x k=5 in 40, scaled 2	-264	3.0
P66	hp_lehninger2	chained 2 x k=5 in 40, scaled 2	-263	12.0
P66	hp_lehninger2	chained 2 x k=5 in 40, scaled 2	-262	2.0
P66	hp_lehninger2	chained 2 x k=5 in 40, scaled 2	-261	4.0
P66	hp_lehninger2	chained 2 x k=5 in 40, scaled 2	-260	4.0
P66	hp_lehninger2	chained 2 x k=5 in 40, scaled 2	-259	1.0
P66	hp_lehninger2	chained 2 x k=5 in 40, scaled 2	-258	1.0
P66	hp_lehninger2	chained 2 x k=5 in 40, scaled 2	-257	2.0
P66	hp_lehninger2	chained 2 x k=5 in 40, scaled 2	-256	1.0
P66	hp_lehninger2	chained 2 x k=5 in 40, scaled 2	-255	2.0
P66	hp_lehninger2	chained 2 x k=5 in 40, scaled 2	-254	7.0
P66	hp_lehninger2	chained 2 x k=5 in 40, scaled 2	-253	5.0
P66	hp_lehninger2	chained 2 x k=5 in 40, scaled 2	-252	4.0
P66	hp_lehninger2	chained 2 x k=5 in 40, scaled 2	-251	4.0
P66	hp_lehninger2	chained 2 x k=5 in 40, scaled 2	-250	4.0
P66	hp_lehninger2	chained 2 x k=5 in 40, scaled 2	-249	2.0
P66	hp_lehninger2	chained 2 x k=5 in 40, scaled 2	-247	2.0
P66	hp_lehninger2	chained 2 x k=5 in 40, scaled 2	-246	3.0
P66	hp_lehninger2	chained 2 x k=5 in 40, scaled 2	-245	6.0
P66	hp_lehninger2	chained 2 x k=5 in 40, scaled 2	-244	7.0
P66	hp_lehninger2	chained 2 x k=5 in 40, scaled 2	-243	3.0
P66	hp_lehninger2	chained 2 x k=5 in 40, scaled 2	-242	5.0
P66	hp_lehninger2	chained 2 x k=5 in 40, scaled 2	-241	7.0
P66	hp_lehninger2	chained 2 x k=5 in 40, scaled 2	-240	4.0
P66	hp_lehninger2	chained 2 x k=5 in 40, scaled 2	-238	1.0
P66	hp_lehninger2	chained 2 x k=5 in 40, scaled 2	-237	5.0
P66	hp_lehninger2	chained 2 x k=5 in 40, scaled 2	-235	2.0
P66	hp_lehninger2	chained 2 x k=5 in 40, scaled 2	-233	4.0
P66	hp_lehninger2	chained 2 x k=5 in 40, scaled 2	-232	3.0
P66	hp_lehninger2	chained 2 x k=5 in 40, scaled 2	-228	1.0
P66	hp_lehninger2	chained 2 x k=5 in 40, scaled 2	-227	1.0
P66	hp_lehninger2	chained 2 x k=5 in 40, scaled 2	-226	7.0
P66	hp_lehninger2	chained 2 x k=5 in 40, scaled 2	-225	2.0
P66	hp_lehninger2	chained 2 x k=5 in 40, scaled 2	-224	1.0
P66	hp_lehninger2	chained 2 x k=5 in 40, scaled 2	-221	4.0
P66	hp_lehninger2	chained 2 x k=5 in 40, scaled 2	-220	3.0
P66	hp_lehninger2	chained 2 x k=5 in 40, scaled 2	-218	4.0
P66	hp_lehninger2	chained 2 x k=5 in 40, scaled 2	-217	6.0
P66	hp_lehninger2	chained 2 x k=5 in 40, scaled 2	-216	4.0
P66	hp_lehninger2	chained 2 x k=5 in 40, scaled 2	-215	5.0
P66	hp_lehninger2	chained 2 x k=5 in 40, scaled 2	-214	2.0
P66	hp_lehninger2	chained 2 x k=5 in 40, scaled 2	-210	5.0
P66	hp_lehninger2	chained 2 x k=5 in 40, scaled 2	-209	7.0
P66	hp_lehninger2	chained 2 x k=5 in 40, scaled 2	-208	3.0
P66	hp_lehninger2	chained 2 x k=5 in 40, scaled 2	-207	2.0
P66	hp_lehninger2	chained 2 x k=5 in 40, scaled 2	-206	4.0
P66	hp_lehninger2	chained 2 x k=5 in 40, scaled 2	-205	4.0
P66	hp_lehninger2	chained 2 x k=5 in 40, scaled 2	-204	2.0
P66	hp_lehninger2	chained 2 x k=5 in 40, scaled 2	-203	1.0
P66	hp_lehninger2	chained 2 x k=5 in 40, scaled 2	-202	4.0
P66	hp_lehninger2	chained 2 x k=5 in 40, scaled 2	-201	2.0
P66	hp_lehninger2	chained 2 x k=5 in 40, scaled 2	-200	1.0
P66	hp_lehninger2	chained 2 x k=5 in 40, scaled 2	-199	1.0
P66	hp_lehninger2	chained 2 x k=5 in 40, scaled 2	-198	1.0
P66	hp_lehninger2	chained 2 x k=5 in 40, scaled 2	-197	1.0
P66	hp_lehninger2	chained 2 x k=5 in 40, scaled 2	-193	1.0
P66	hp_lehninger2	chained 2 x k=5 in 40, scaled 2	-192	1.0
P66	hp_lehninger2	chained 2 x k=5 in 40, scaled 2	-191	1.0
P66	hp_lehninger2	chained 2 x k=5 in 40, scaled 2	-190	4.0
P66	hp_lehninger2	chained 2 x k=5 in 40, scaled 2	-189	4.0
P66	hp_lehninger2	chained 2 x k=5 in 40, scaled 2	-185	2.0
P66	hp_lehninger2	chained 2 x k=5 in 40, scaled 2	-184	1.0
P66	hp_lehninger2	chained 2 x k=5 in 40, scaled 2	-183	1.0
P66	hp_lehninger2	chained 2 x k=5 in 40, scaled 2	-181	2.0
P66	hp_lehninger2	chained 2 x k=5 in 40, scaled 2	-179	2.0
P66	hp_lehninger2	chained 2 x k=5 in 40, scaled 2	-177	3.0
P66	hp_lehninger2	chained 2 x k=5 in 40, scaled 2	-173	4.0
P66	hp_lehninger2	chained 2 x k=5 in 40, scaled 2	-172	1.0
P66	hp_lehninger2	chained 2 x k=5 in 40, scaled 2	-171	2.0
P66	hp_lehninger2	chained 2 x k=5 in 40, scaled 2	-170	1.0
P66	hp_lehninger2	chained 2 x k=5 in 40, scaled 2	-169	3.0
P66	hp_lehninger2	chained 2 x k=5 in 40, scaled 2	-167	1.0
P66	hp_lehninger2	chained 2 x k=5 in 40, scaled 2	-165	9.0
P66	hp_lehninger2	chained 2 x k=5 in 40, scaled 2	-164	4.0
P66	hp_lehninger2	chained 2 x k=5 in 40, scaled 2	-161	2.0
P66	hp_lehninger2	chained 2 x k=5 in 40, scaled 2	-160	3.0
P66	hp_lehninger2	chained 2 x k=5 in 40, scaled 2	-159	1.0
P66	hp_lehninger2	chained 2 x k=5 in 40, scaled 2	-158	1.0
P66	hp_lehninger2	chained 2 x k=5 in 40, scaled 2	-157	3.0
P66	hp_lehninger2	chained 2 x k=5 in 40, scaled 2	-156	3.0
P66	hp_lehninger2	chained 2 x k=5 in 40, scaled 2	-151	1.0
P66	hp_lehninger2	chained 2 x k=5 in 40, scaled 2	-150	6.0
P66	hp_lehninger2	chained 2 x k=5 in 40, scaled 2	-148	1.0
P66	hp_lehninger2	chained 2 x k=5 in 40, scaled 2	-146	1.0
P66	hp_lehninger2	chained 2 x k=5 in 40, scaled 2	-145	1.0
P66	hp_lehninger2	chained 2 x k=5 in 40, scaled 2	-144	2.0
P66	hp_lehninger2	chained 2 x k=5 in 40, scaled 2	-143	2.0
P66	hp_lehninger2	chained 2 x k=5 in 40, scaled 2	-142	1.0
P66	hp_lehninger2	chained 2 x k=5 in 40, scaled 2	-136	2.0
P66	hp_lehninger2	chained 2 x k=5 in 40, scaled 2	-135	1.0
P66	hp_lehninger2	chained 2 x k=5 in 40, scaled 2	-134	7.0
P66	hp_lehninger2	chained 2 x k=5 in 40, scaled 2	-133	4.0
P66	hp_lehninger2	chained 2 x k=5 in 40, scaled 2	-132	1.0
P66	hp_lehninger2	chained 2 x k=5 in 40, scaled 2	-131	1.0
P66	hp_lehninger2	chained 2 x k=5 in 40, scaled 2	-129	4.0
P66	hp_lehninger2	chained 2 x k=5 in 40, scaled 2	-127	1.0
P66	hp_lehninger2	chained 2 x k=5 in 40, scaled 2	-126	1.0
P66	hp_lehninger2	chained 2 x k=5 in 40, scaled 2	-124	3.0
P66	hp_lehninger2	chained 2 x k=5 in 40, scaled 2	-123	4.0
P66	hp_lehninger2	chained 2 x k=5 in 40, scaled 2	-122	1.0
P66	hp_lehninger2	chained 2 x k=5 in 40, scaled 2	-121	2.0
P66	hp_lehninger2	chained 2 x k=5 in 40, scaled 2	-119	2.0
P66	hp_lehninger2	chained 2 x k=5 in 40, scaled 2	-117	1.0
P66	hp_lehninger2	chained 2 x k=5 in 40, scaled 2	-115	7.0
P66	hp_lehninger2	chained 2 x k=5 in 40, scaled 2	-114	3.0
P66	hp_lehninger2	chained 2 x k=5 in 40, scaled 2	-113	3.0
P66	hp_lehninger2	chained 2 x k=5 in 40, scaled 2	-112	2.0
P66	hp_lehninger2	chained 2 x k=5 in 40, scaled 2	-111	3.0
P66	hp_lehninger2	chained 2 x k=5 in 40, scaled 2	-107	1.0
P66	hp_lehninger2	chained 2 x k=5 in 40, scaled 2	-104	1.0
P66	hp_lehninger2	chained 2 x k=5 in 40, scaled 2	-101	1.0
P66	hp_lehninger2	chained 2 x k=5 in 40, scaled 2	-100	1.0
P66	hp_lehninger2	chained 2 x k=5 in 40, scaled 2	-98	1.0
P66	hp_lehninger2	chained 2 x k=5 in 40, scaled 2	-97	2.0
P66	hp_lehninger2	chained 2 x k=5 in 40, scaled 2	-92	2.0
P66	hp_lehninger2	chained 2 x k=5 in 40, scaled 2	-88	2.0
P66	hp_lehninger2	chained 2 x k=5 in 40, scaled 2	-84	2.0
P66	hp_lehninger2	chained 2 x k=5 in 40, scaled 2	-82	1.0
P66	hp_lehninger2	chained 2 x k=5 in 40, scaled 2	-81	3.0
P66	hp_lehninger2	chained 2 x k=5 in 40, scaled 2	-80	3.0
P66	hp_lehninger2	chained 2 x k=5 in 40, scaled 2	-79	1.0
P66	hp_lehninger2	chained 2 x k=5 in 40, scaled 2	-78	3.0
P66	hp_lehninger2	chained 2 x k=5 in 40, scaled 2	-77	3.0
P66	hp_lehninger2	chained 2 x k=5 in 40, scaled 2	-76	2.0
P66	hp_lehninger2	chained 2 x k=5 in 40, scaled 2	-74	2.0
P66	hp_lehninger2	chained 2 x k=5 in 40, scaled 2	-73	1.0
P66	hp_lehninger2	chained 2 x k=5 in 40, scaled 2	-70	3.0
P66	hp_lehninger2	chained 2 x k=5 in 40, scaled 2	-68	2.0
P66	hp_lehninger2	chained 2 x k=5 in 40, scaled 2	-65	1.0
P66	hp_lehninger2	chained 2 x k=5 in 40, scaled 2	-63	3.0
P66	hp_lehninger2	chained 2 x k=5 in 40, scaled 2	-62	5.0
P66	hp_lehninger2	chained 2 x k=5 in 40, scaled 2	-61	1.0
P66	hp_lehninger2	chained 2 x k=5 in 40, scaled 2	-60	3.0
P66	hp_lehninger2	chained 2 x k=5 in 40, scaled 2	-56	1.0
P66	hp_lehninger2	chained 2 x k=5 in 40, scaled 2	-54	3.0
P66	hp_lehninger2	chained 2 x k=5 in 40, scaled 2	-52	3.0
P66	hp_lehninger2	chained 2 x k=5 in 40, scaled 2	-50	5.0
P66	hp_lehninger2	chained 2 x k=5 in 40, scaled 2	-48	2.0
P66	hp_lehninger2	chained 2 x k=5 in 40, scaled 2	-46	6.0
P66	hp_lehninger2	chained 2 x k=5 in 40, scaled 2	-45	2.0
P66	hp_lehninger2	chained 2 x k=5 in 40, scaled 2	-44	4.0
P66	hp_lehninger2	chained 2 x k=5 in 40, scaled 2	-43	1.0
P66	hp_lehninger2	chained 2 x k=5 in 40, scaled 2	-42	1.0
P66	hp_lehninger2	chained 2 x k=5 in 40, scaled 2	-36	5.0
P66	hp_lehninger2	chained 2 x k=5 in 40, scaled 2	-35	2.0
P66	hp_lehninger2	chained 2 x k=5 in 40, scaled 2	-34	4.0
P66	hp_lehninger2	chained 2 x k=5 in 40, scaled 2	-33	1.0
P66	hp_lehninger2	chained 2 x k=5 in 40, scaled 2	-30	5.0
P66	hp_lehninger2	chained 2 x k=5 in 40, scaled 2	-29	2.0
P66	hp_lehninger2	chained 2 x k=5 in 40, scaled 2	-28	1.0
P66	hp_lehninger2	chained 2 x k=5 in 40, scaled 2	-27	1.0
P66	hp_lehninger2	chained 2 x k=5 in 40, scaled 2	-26	7.0
P66	hp_lehninger2	chained 2 x k=5 in 40, scaled 2	-25	1.0
P66	hp_lehninger2	chained 2 x k=5 in 40, scaled 2	-24	1.0
P66	hp_lehninger2	chained 2 x k=5 in 40, scaled 2	-23	5.0
P66	hp_lehninger2	chained 2 x k=5 in 40, scaled 2	-20	4.0
P66	hp_lehninger2	chained 2 x k=5 in 40, scaled 2	-19	2.0
P66	hp_lehninger2	chained 2 x k=5 in 40, scaled 2	-18	8.0
P66	hp_lehninger2	chained 2 x k=5 in 40, scaled 2	-17	4.0
P66	hp_lehninger2	chained 2 x k=5 in 40, scaled 2	-16	6.0
P66	hp_lehninger2	chained 2 x k=5 in 40, scaled 2	-15	2.0
P66	hp_lehninger2	chained 2 x k=5 in 40, scaled 2	-14	2.0
P66	hp_lehninger2	chained 2 x k=5 in 40, scaled 2	-13	1.0
P66	hp_lehninger2	chained 2 x k=5 in 40, scaled 2	-12	1.0
P66	hp_lehninger2	chained 2 x k=5 in 40, scaled 2	-10	1.0
P66	hp_lehninger2	chained 2 x k=5 in 40, scaled 2	-9	3.0
P66	hp_lehninger2	chained 2 x k=5 in 40, scaled 2	-8	1.0
P66	hp_lehninger2	chained 2 x k=5 in 40, scaled 2	-7	1.0
P66	hp_lehninger2	chained 2 x k=5 in 40, scaled 2	-5	2.0
P66	hp_lehninger2	chained 2 x k=5 in 40, scaled 2	-2	1.0
P66	hp_lehninger2	chained 2 x k=5 in 40, scaled 2	0	8.0
P66	hp_lehninger2	chained 2 x k=5 in 40, scaled 2	1	7.0
P66	hp_lehninger2	chained 2 x k=5 in 40, scaled 2	3	12.0
P66	hp_lehninger2	chained 2 x k=5 in 40, scaled 2	5	4.0
P66	hp_lehninger2	chained 2 x k=5 in 40, scaled 2	7	1.0
P66	hp_lehninger2	chained 2 x k=5 in 40, scaled 2	8	1.0
P66	hp_lehninger2	chained 2 x k=5 in 40, scaled 2	9	4.0
P66	hp_lehninger2	chained 2 x k=5 in 40, scaled 2	10	1.0
P66	hp_lehninger2	chained 2 x k=5 in 40, scaled 2	12	4.0
P66	hp_lehninger2	chained 2 x k=5 in 40, scaled 2	13	1.0
P66	hp_lehninger2	chained 2 x k=5 in 40, scaled 2	14	4.0
P66	hp_lehninger2	chained 2 x k=5 in 40, scaled 2	15	1.0
P66	hp_lehninger2	chained 2 x k=5 in 40, scaled 2	16	3.0
P66	hp_lehninger2	chained 2 x k=5 in 40, scaled 2	19	3.0
P66	hp_lehninger2	chained 2 x k=5 in 40, scaled 2	20	2.0
P66	hp_lehninger2	chained 2 x k=5 in 40, scaled 2	22	1.0
P66	hp_lehninger2	chained 2 x k=5 in 40, scaled 2	23	4.0
P66	hp_lehninger2	chained 2 x k=5 in 40, scaled 2	24	1.0
P66	hp_lehninger2	chained 2 x k=5 in 40, scaled 2	25	3.0
P66	hp_lehninger2	chained 2 x k=5 in 40, scaled 2	26	1.0
P66	hp_lehninger2	chained 2 x k=5 in 40, scaled 2	27	2.0
P66	hp_lehninger2	chained 2 x k=5 in 40, scaled 2	29	3.0
P66	hp_lehninger2	chained 2 x k=5 in 40, scaled 2	30	5.0
P66	hp_lehninger2	chained 2 x k=5 in 40, scaled 2	31	1.0
P66	hp_lehninger2	chained 2 x k=5 in 40, scaled 2	33	1.0
P66	hp_lehninger2	chained 2 x k=5 in 40, scaled 2	34	1.0
P66	hp_lehninger2	chained 2 x k=5 in 40, scaled 2	35	1.0
P66	hp_lehninger2	chained 2 x k=5 in 40, scaled 2	38	4.0
P66	hp_lehninger2	chained 2 x k=5 in 40, scaled 2	40	1.0
P66	hp_lehninger2	chained 2 x k=5 in 40, scaled 2	41	1.0
P66	hp_lehninger2	chained 2 x k=5 in 40, scaled 2	43	1.0
P66	hp_lehninger2	chained 2 x k=5 in 40, scaled 2	44	1.0
P66	hp_lehninger2	chained 2 x k=5 in 40, scaled 2	45	4.0
P66	hp_lehninger2	chained 2 x k=5 in 40, scaled 2	46	1.0
P66	hp_lehninger2	chained 2 x k=5 in 40, scaled 2	48	5.0
P66	hp_lehninger2	chained 2 x k=5 in 40, scaled 2	49	6.0
P66	hp_lehninger2	chained 2 x k=5 in 40, scaled 2	50	1.0
P66	hp_lehninger2	chained 2 x k=5 in 40, scaled 2	51	2.0
P66	hp_lehninger2	chained 2 x k=5 in 40, scaled 2	53	2.0
P66	hp_lehninger2	chained 2 x k=5 in 40, scaled 2	54	2.0
P66	hp_lehninger2	chained 2 x k=5 in 40, scaled 2	56	4.0
P66	hp_lehninger2	chained 2 x k=5 in 40, scaled 2	57	1.0
P66	hp_lehninger2	chained 2 x k=5 in 40, scaled 2	58	2.0
P66	hp_lehninger2	chained 2 x k=5 in 40, scaled 2	60	4.0
P66	hp_lehninger2	chained 2 x k=5 in 40, scaled 2	64	2.0
P66	hp_lehninger2	chained 2 x k=5 in 40, scaled 2	65	2.0
P66	hp_lehninger2	chained 2 x k=5 in 40, scaled 2	68	2.0
P66	hp_lehninger2	chained 2 x k=5 in 40, scaled 2	69	1.0
P66	hp_lehninger2	chained 2 x k=5 in 40, scaled 2	70	1.0
P66	hp_lehninger2	chained 2 x k=5 in 40, scaled 2	71	3.0
P66	hp_lehninger2	chained 2 x k=5 in 40, scaled 2	74	1.0
P66	hp_lehninger2	chained 2 x k=5 in 40, scaled 2	76	2.0
P66	hp_lehninger2	chained 2 x k=5 in 40, scaled 2	79	1.0
P66	hp_lehninger2	chained 2 x k=5 in 40, scaled 2	80	2.0
P66	hp_lehninger2	chained 2 x k=5 in 40, scaled 2	81	6.0
P66	hp_lehninger2	chained 2 x k=5 in 40, scaled 2	82	5.0
P66	hp_lehninger2	chained 2 x k=5 in 40, scaled 2	83	4.0
P66	hp_lehninger2	chained 2 x k=5 in 40, scaled 2	85	1.0
P66	hp_lehninger2	chained 2 x k=5 in 40, scaled 2	88	8.0
P66	hp_lehninger2	chained 2 x k=5 in 40, scaled 2	89	1.0
P66	hp_lehninger2	chained 2 x k=5 in 40, scaled 2	95	1.0
P66	hp_lehninger2	chained 2 x k=5 in 40, scaled 2	96	1.0
P66	hp_lehninger2	chained 2 x k=5 in 40, scaled 2	98	2.0
P66	hp_lehninger2	chained 2 x k=5 in 40, scaled 2	102	5.0
P66	hp_lehninger2	chained 2 x k=5 in 40, scaled 2	105	1.0
P66	hp_lehninger2	chained 2 x k=5 in 40, scaled 2	106	3.0
P66	hp_lehninger2	chained 2 x k=5 in 40, scaled 2	109	2.0
P66	hp_lehninger2	chained 2 x k=5 in 40, scaled 2	110	2.0
P66	hp_lehninger2	chained 2 x k=5 in 40, scaled 2	111	1.0
P66	hp_lehninger2	chained 2 x k=5 in 40, scaled 2	112	2.0
P66	hp_lehninger2	chained 2 x k=5 in 40, scaled 2	114	2.0
P66	hp_lehninger2	chained 2 x k=5 in 40, scaled 2	115	1.0
P66	hp_lehninger2	chained 2 x k=5 in 40, scaled 2	116	6.0
P66	hp_lehninger2	chained 2 x k=5 in 40, scaled 2	117	2.0
P66	hp_lehninger2	chained 2 x k=5 in 40, scaled 2	119	3.0
P66	hp_lehninger2	chained 2 x k=5 in 40, scaled 2	120	2.0
P66	hp_lehninger2	chained 2 x k=5 in 40, scaled 2	121	2.0
P66	hp_lehninger2	chained 2 x k=5 in 40, scaled 2	123	1.0
P66	hp_lehninger2	chained 2 x k=5 in 40, scaled 2	126	1.0
P66	hp_lehninger2	chained 2 x k=5 in 40, scaled 2	133	2.0
P66	hp_lehninger2	chained 2 x k=5 in 40, scaled 2	139	1.0
P66	hp_lehninger2	chained 2 x k=5 in 40, scaled 2	144	1.0
P66	hp_lehninger2	chained 2 x k=5 in 40, scaled 2	146	2.0
P66	hp_lehninger2	chained 2 x k=5 in 40, scaled 2	147	3.0
P66	hp_lehninger2	chained 2 x k=5 in 40, scaled 2	154	1.0
P66	hp_lehninger2	chained 2 x k=5 in 40, scaled 2	156	3.0
P66	hp_lehninger2	chained 2 x k=5 in 40, scaled 2	157	1.0
P66	hp_lehninger2	chained 2 x k=5 in 40, scaled 2	158	1.0
P66	hp_lehninger2	chained 2 x k=5 in 40, scaled 2	159	2.0
P66	hp_lehninger2	chained 2 x k=5 in 40, scaled 2	160	2.0
P66	hp_lehninger2	chained 2 x k=5 in 40, scaled 2	163	2.0
P66	hp_lehninger2	chained 2 x k=5 in 40, scaled 2	175	2.0
P66	hp_lehninger2	chained 2 x k=5 in 40, scaled 2	188	1.0
P66	hp_lehninger2	chained 2 x k=5 in 40, scaled 2	190	1.0
P66	hp_lehninger2	chained 2 x k=5 in 40, scaled 2	203	2.0
P66	hp_lehninger2	chained 2 x k=5 in 40, scaled 2	204	1.0
P66	hp_lehninger2	chained 2 x k=5 in 40, scaled 2	205	1.0
P66	hp_lehninger2	chained 2 x k=5 in 40, scaled 2	206	1.0
P66	hp_lehninger2	chained 2 x k=5 in 40, scaled 2	212	3.0
P66	hp_lehninger2	chained 2 x k=5 in 40, scaled 2	217	2.0
P66	hp_lehninger2	chained 2 x k=5 in 40, scaled 2	218	1.0
P66	hp_lehninger2	chained 2 x k=5 in 40, scaled 2	243	1.0
P66	hp_lehninger2	chained 2 x k=5 in 40, scaled 2	249	2.0
P66	hp_lehninger2	chained 2 x k=5 in 40, scaled 2	250	1.0
P66	hp_lehninger2	chained 2 x k=5 in 40, scaled 2	251	2.0
P66	hp_lehninger2	chained 2 x k=5 in 40, scaled 2	255	2.0
P66	hp_lehninger2	chained 2 x k=5 in 40, scaled 2	262	1.0
P66	hp_lehninger2	chained 2 x k=5 in 40, scaled 2	272	2.0
P66	hp_lehninger2	chained 3 x k=5 in 40	-520	1.0
P66	hp_lehninger2	chained 3 x k=5 in 40	-496	2.0
P66	hp_lehninger2	chained 3 x k=5 in 40	-493	1.0
P66	hp_lehninger2	chained 3 x k=5 in 40	-490	1.0
P66	hp_lehninger2	chained 3 x k=5 in 40	-454	1.0
P66	hp_lehninger2	chained 3 x k=5 in 40	-435	2.0
P66	hp_lehninger2	chained 3 x k=5 in 40	-433	3.0
P66	hp_lehninger2	chained 3 x k=5 in 40	-431	1.0
P66	hp_lehninger2	chained 3 x k=5 in 40	-393	1.0
P66	hp_lehninger2	chained 3 x k=5 in 40	-387	9.0
P66	hp_lehninger2	chained 3 x k=5 in 40	-386	1.0
P66	hp_lehninger2	chained 3 x k=5 in 40	-379	4.0
P66	hp_lehninger2	chained 3 x k=5 in 40	-377	7.0
P66	hp_lehninger2	chained 3 x k=5 in 40	-375	1.0
P66	hp_lehninger2	chained 3 x k=5 in 40	-374	5.0
P66	hp_lehninger2	chained 3 x k=5 in 40	-373	3.0
P66	hp_lehninger2	chained 3 x k=5 in 40	-372	2.0
P66	hp_lehninger2	chained 3 x k=5 in 40	-371	1.0
P66	hp_lehninger2	chained 3 x k=5 in 40	-367	1.0
P66	hp_lehninger2	chained 3 x k=5 in 40	-362	2.0
P66	hp_lehninger2	chained 3 x k=5 in 40	-361	1.0
P66	hp_lehninger2	chained 3 x k=5 in 40	-356	4.0
P66	hp_lehninger2	chained 3 x k=5 in 40	-355	1.0
P66	hp_lehninger2	chained 3 x k=5 in 40	-350	4.0
P66	hp_lehninger2	chained 3 x k=5 in 40	-349	5.0
P66	hp_lehninger2	chained 3 x k=5 in 40	-347	4.0
P66	hp_lehninger2	chained 3 x k=5 in 40	-344	1.0
P66	hp_lehninger2	chained 3 x k=5 in 40	-342	1.0
P66	hp_lehninger2	chained 3 x k=5 in 40	-341	1.0
P66	hp_lehninger2	chained 3 x k=5 in 40	-337	1.0
P66	hp_lehninger2	chained 3 x k=5 in 40	-336	4.0
P66	hp_lehninger2	chained 3 x k=5 in 40	-333	8.0
P66	hp_lehninger2	chained 3 x k=5 in 40	-332	6.0
P66	hp_lehninger2	chained 3 x k=5 in 40	-331	3.0
P66	hp_lehninger2	chained 3 x k=5 in 40	-330	2.0
P66	hp_lehninger2	chained 3 x k=5 in 40	-329	1.0
P66	hp_lehninger2	chained 3 x k=5 in 40	-328	5.0
P66	hp_lehninger2	chained 3 x k=5 in 40	-326	3.0
P66	hp_lehninger2	chained 3 x k=5 in 40	-320	1.0
P66	hp_lehninger2	chained 3 x k=5 in 40	-319	6.0
P66	hp_lehninger2	chained 3 x k=5 in 40	-318	3.0
P66	hp_lehninger2	chained 3 x k=5 in 40	-317	4.0
P66	hp_lehninger2	chained 3 x k=5 in 40	-315	2.0
P66	hp_lehninger2	chained 3 x k=5 in 40	-314	7.0
P66	hp_lehninger2	chained 3 x k=5 in 40	-313	5.0
P66	hp_lehninger2	chained 3 x k=5 in 40	-312	5.0
P66	hp_lehninger2	chained 3 x k=5 in 40	-311	1.0
P66	hp_lehninger2	chained 3 x k=5 in 40	-310	3.0
P66	hp_lehninger2	chained 3 x k=5 in 40	-309	4.0
P66	hp_lehninger2	chained 3 x k=5 in 40	-305	2.0
P66	hp_lehninger2	chained 3 x k=5 in 40	-301	3.0
P66	hp_lehninger2	chained 3 x k=5 in 40	-299	1.0
P66	hp_lehninger2	chained 3 x k=5 in 40	-298	5.0
P66	hp_lehninger2	chained 3 x k=5 in 40	-297	4.0
P66	hp_lehninger2	chained 3 x k=5 in 40	-296	2.0
P66	hp_lehninger2	chained 3 x k=5 in 40	-293	4.0
P66	hp_lehninger2	chained 3 x k=5 in 40	-292	1.0
P66	hp_lehninger2	chained 3 x k=5 in 40	-291	9.0
P66	hp_lehninger2	chained 3 x k=5 in 40	-284	7.0
P66	hp_lehninger2	chained 3 x k=5 in 40	-283	6.0
P66	hp_lehninger2	chained 3 x k=5 in 40	-282	2.0
P66	hp_lehninger2	chained 3 x k=5 in 40	-281	2.0
P66	hp_lehninger2	chained 3 x k=5 in 40	-280	6.0
P66	hp_lehninger2	chained 3 x k=5 in 40	-278	1.0
P66	hp_lehninger2	chained 3 x k=5 in 40	-276	2.0
P66	hp_lehninger2	chained 3 x k=5 in 40	-275	1.0
P66	hp_lehninger2	chained 3 x k=5 in 40	-273	7.0
P66	hp_lehninger2	chained 3 x k=5 in 40	-270	3.0
P66	hp_lehninger2	chained 3 x k=5 in 40	-264	1.0
P66	hp_lehninger2	chained 3 x k=5 in 40	-263	7.0
P66	hp_lehninger2	chained 3 x k=5 in 40	-261	4.0
P66	hp_lehninger2	chained 3 x k=5 in 40	-257	1.0
P66	hp_lehninger2	chained 3 x k=5 in 40	-255	2.0
P66	hp_lehninger2	chained 3 x k=5 in 40	-254	5.0
P66	hp_lehninger2	chained 3 x k=5 in 40	-253	1.0
P66	hp_lehninger2	chained 3 x k=5 in 40	-252	4.0
P66	hp_lehninger2	chained 3 x k=5 in 40	-249	1.0
P66	hp_lehninger2	chained 3 x k=5 in 40	-246	3.0
P66	hp_lehninger2	chained 3 x k=5 in 40	-245	2.0
P66	hp_lehninger2	chained 3 x k=5 in 40	-244	3.0
P66	hp_lehninger2	chained 3 x k=5 in 40	-242	1.0
P66	hp_lehninger2	chained 3 x k=5 in 40	-241	3.0
P66	hp_lehninger2	chained 3 x k=5 in 40	-240	4.0
P66	hp_lehninger2	chained 3 x k=5 in 40	-235	2.0
P66	hp_lehninger2	chained 3 x k=5 in 40	-232	1.0
P66	hp_lehninger2	chained 3 x k=5 in 40	-221	2.0
P66	hp_lehninger2	chained 3 x k=5 in 40	-219	1.0
P66	hp_lehninger2	chained 3 x k=5 in 40	-218	3.0
P66	hp_lehninger2	chained 3 x k=5 in 40	-217	1.0
P66	hp_lehninger2	chained 3 x k=5 in 40	-215	1.0
P66	hp_lehninger2	chained 3 x k=5 in 40	-209	4.0
P66	hp_lehninger2	chained 3 x k=5 in 40	-207	3.0
P66	hp_lehninger2	chained 3 x k=5 in 40	-206	2.0
P66	hp_lehninger2	chained 3 x k=5 in 40	-202	1.0
P66	hp_lehninger2	chained 3 x k=5 in 40	-199	3.0
P66	hp_lehninger2	chained 3 x k=5 in 40	-192	5.0
P66	hp_lehninger2	chained 3 x k=5 in 40	-177	2.0
P66	hp_lehninger2	chained 3 x k=5 in 40	-173	5.0
P66	hp_lehninger2	chained 3 x k=5 in 40	-169	5.0
P66	hp_lehninger2	chained 3 x k=5 in 40	-165	2.0
P66	hp_lehninger2	chained 3 x k=5 in 40	-164	4.0
P66	hp_lehninger2	chained 3 x k=5 in 40	-160	5.0
P66	hp_lehninger2	chained 3 x k=5 in 40	-150	3.0
P66	hp_lehninger2	chained 3 x k=5 in 40	-147	1.0
P66	hp_lehninger2	chained 3 x k=5 in 40	-126	1.0
P66	hp_lehninger2	chained 3 x k=5 in 40	-121	2.0
P66	hp_lehninger2	chained 3 x k=5 in 40	-112	1.0
P66	hp_lehninger2	chained 3 x k=5 in 40	-111	3.0
P66	hp_lehninger2	chained 3 x k=5 in 40	-98	2.0
P66	hp_lehninger2	chained 3 x k=5 in 40	-84	2.0
P66	hp_lehninger2	chained 3 x k=5 in 40	-80	1.0
P66	hp_lehninger2	chained 3 x k=5 in 40	-76	2.0
P66	hp_lehninger2	chained 3 x k=5 in 40	-62	4.0
P66	hp_lehninger2	chained 3 x k=5 in 40	-56	1.0
P66	hp_lehninger2	chained 3 x k=5 in 40	-50	3.0
P66	hp_lehninger2	chained 3 x k=5 in 40	-48	6.0
P66	hp_lehninger2	chained 3 x k=5 in 40	-46	3.0
P66	hp_lehninger2	chained 3 x k=5 in 40	-45	1.0
P66	hp_lehninger2	chained 3 x k=5 in 40	-36	2.0
P66	hp_lehninger2	chained 3 x k=5 in 40	-35	4.0
P66	hp_lehninger2	chained 3 x k=5 in 40	-32	2.0
P66	hp_lehninger2	chained 3 x k=5 in 40	-28	1.0
P66	hp_lehninger2	chained 3 x k=5 in 40	-26	3.0
P66	hp_lehninger2	chained 3 x k=5 in 40	-23	3.0
P66	hp_lehninger2	chained 3 x k=5 in 40	-20	1.0
P66	hp_lehninger2	chained 3 x k=5 in 40	-18	3.0
P66	hp_lehninger2	chained 3 x k=5 in 40	-17	3.0
P66	hp_lehninger2	chained 3 x k=5 in 40	-16	3.0
P66	hp_lehninger2	chained 3 x k=5 in 40	-13	2.0
P66	hp_lehninger2	chained 3 x k=5 in 40	-8	2.0
P66	hp_lehninger2	chained 3 x k=5 in 40	-7	3.0
P66	hp_lehninger2	chained 3 x k=5 in 40	-2	2.0
P66	hp_lehninger2	chained 3 x k=5 in 40	0	4.0
P66	hp_lehninger2	chained 3 x k=5 in 40	1	8.0
P66	hp_lehninger2	chained 3 x k=5 in 40	3	13.0
P66	hp_lehninger2	chained 3 x k=5 in 40	7	1.0
P66	hp_lehninger2	chained 3 x k=5 in 40	8	2.0
P66	hp_lehninger2	chained 3 x k=5 in 40	10	3.0
P66	hp_lehninger2	chained 3 x k=5 in 40	12	2.0
P66	hp_lehninger2	chained 3 x k=5 in 40	16	3.0
P66	hp_lehninger2	chained 3 x k=5 in 40	19	5.0
P66	hp_lehninger2	chained 3 x k=5 in 40	20	3.0
P66	hp_lehninger2	chained 3 x k=5 in 40	26	1.0
P66	hp_lehninger2	chained 3 x k=5 in 40	31	2.0
P66	hp_lehninger2	chained 3 x k=5 in 40	33	2.0
P66	hp_lehninger2	chained 3 x k=5 in 40	39	1.0
P66	hp_lehninger2	chained 3 x k=5 in 40	40	6.0
P66	hp_lehninger2	chained 3 x k=5 in 40	43	2.0
P66	hp_lehninger2	chained 3 x k=5 in 40	44	1.0
P66	hp_lehninger2	chained 3 x k=5 in 40	45	5.0
P66	hp_lehninger2	chained 3 x k=5 in 40	49	6.0
P66	hp_lehninger2	chained 3 x k=5 in 40	50	4.0
P66	hp_lehninger2	chained 3 x k=5 in 40	54	2.0
P66	hp_lehninger2	chained 3 x k=5 in 40	56	1.0
P66	hp_lehninger2	chained 3 x k=5 in 40	57	1.0
P66	hp_lehninger2	chained 3 x k=5 in 40	60	6.0
P66	hp_lehninger2	chained 3 x k=5 in 40	63	1.0
P66	hp_lehninger2	chained 3 x k=5 in 40	65	1.0
P66	hp_lehninger2	chained 3 x k=5 in 40	79	1.0
P66	hp_lehninger2	chained 3 x k=5 in 40	81	3.0
P66	hp_lehninger2	chained 3 x k=5 in 40	83	1.0
P66	hp_lehninger2	chained 3 x k=5 in 40	84	1.0
P66	hp_lehninger2	chained 3 x k=5 in 40	85	2.0
P66	hp_lehninger2	chained 3 x k=5 in 40	88	2.0
P66	hp_lehninger2	chained 3 x k=5 in 40	100	2.0
P66	hp_lehninger2	chained 3 x k=5 in 40	102	2.0
P66	hp_lehninger2	chained 3 x k=5 in 40	110	1.0
P66	hp_lehninger2	chained 3 x k=5 in 40	115	1.0
P66	hp_lehninger2	chained 3 x k=5 in 40	116	6.0
P66	hp_lehninger2	chained 3 x k=5 in 40	117	1.0
P66	hp_lehninger2	chained 3 x k=5 in 40	119	2.0
P66	hp_lehninger2	chained 3 x k=5 in 40	121	6.0
P66	hp_lehninger2	chained 3 x k=5 in 40	133	1.0
P66	hp_lehninger2	chained 3 x k=5 in 40	143	1.0
P66	hp_lehninger2	chained 3 x k=5 in 40	147	1.0
P66	hp_lehninger2	chained 3 x k=5 in 40	154	1.0
P66	hp_lehninger2	chained 3 x k=5 in 40	156	4.0
P66	hp_lehninger2	chained 3 x k=5 in 40	159	1.0
P66	hp_lehninger2	chained 3 x k=5 in 40	190	2.0
P66	hp_lehninger2	chained 3 x k=5 in 40	203	2.0
P66	hp_lehninger2	chained 3 x k=5 in 40	205	1.0
P66	hp_lehninger2	chained 3 x k=5 in 40	212	3.0
P66	hp_lehninger2	chained 3 x k=5 in 40	215	1.0
P66	hp_lehninger2	chained 3 x k=5 in 40	255	5.0
P66	hp_lehninger2	chained 3 x k=5 in 40	272	2.0
P66	hp_lehninger2	chained 3 x k=5 in 40, scaled 2	-435	1.0
P66	hp_lehninger2	chained 3 x k=5 in 40, scaled 2	-433	2.0
P66	hp_lehninger2	chained 3 x k=5 in 40, scaled 2	-431	1.0
P66	hp_lehninger2	chained 3 x k=5 in 40, scaled 2	-387	2.0
P66	hp_lehninger2	chained 3 x k=5 in 40, scaled 2	-377	7.0
P66	hp_lehninger2	chained 3 x k=5 in 40, scaled 2	-374	2.0
P66	hp_lehninger2	chained 3 x k=5 in 40, scaled 2	-372	2.0
P66	hp_lehninger2	chained 3 x k=5 in 40, scaled 2	-367	1.0
P66	hp_lehninger2	chained 3 x k=5 in 40, scaled 2	-362	2.0
P66	hp_lehninger2	chained 3 x k=5 in 40, scaled 2	-355	1.0
P66	hp_lehninger2	chained 3 x k=5 in 40, scaled 2	-350	4.0
P66	hp_lehninger2	chained 3 x k=5 in 40, scaled 2	-349	4.0
P66	hp_lehninger2	chained 3 x k=5 in 40, scaled 2	-347	1.0
P66	hp_lehninger2	chained 3 x k=5 in 40, scaled 2	-342	1.0
P66	hp_lehninger2	chained 3 x k=5 in 40, scaled 2	-341	1.0
P66	hp_lehninger2	chained 3 x k=5 in 40, scaled 2	-336	1.0
P66	hp_lehninger2	chained 3 x k=5 in 40, scaled 2	-333	4.0
P66	hp_lehninger2	chained 3 x k=5 in 40, scaled 2	-332	5.0
P66	hp_lehninger2	chained 3 x k=5 in 40, scaled 2	-331	3.0
P66	hp_lehninger2	chained 3 x k=5 in 40, scaled 2	-330	2.0
P66	hp_lehninger2	chained 3 x k=5 in 40, scaled 2	-329	1.0
P66	hp_lehninger2	chained 3 x k=5 in 40, scaled 2	-328	5.0
P66	hp_lehninger2	chained 3 x k=5 in 40, scaled 2	-326	3.0
P66	hp_lehninger2	chained 3 x k=5 in 40, scaled 2	-320	1.0
P66	hp_lehninger2	chained 3 x k=5 in 40, scaled 2	-319	4.0
P66	hp_lehninger2	chained 3 x k=5 in 40, scaled 2	-318	1.0
P66	hp_lehninger2	chained 3 x k=5 in 40, scaled 2	-315	2.0
P66	hp_lehninger2	chained 3 x k=5 in 40, scaled 2	-314	2.0
P66	hp_lehninger2	chained 3 x k=5 in 40, scaled 2	-313	3.0
P66	hp_lehninger2	chained 3 x k=5 in 40, scaled 2	-311	1.0
P66	hp_lehninger2	chained 3 x k=5 in 40, scaled 2	-310	2.0
P66	hp_lehninger2	chained 3 x k=5 in 40, scaled 2	-301	2.0
P66	hp_lehninger2	chained 3 x k=5 in 40, scaled 2	-298	1.0
P66	hp_lehninger2	chained 3 x k=5 in 40, scaled 2	-297	1.0
P66	hp_lehninger2	chained 3 x k=5 in 40, scaled 2	-293	1.0
P66	hp_lehninger2	chained 3 x k=5 in 40, scaled 2	-292	1.0
P66	hp_lehninger2	chained 3 x k=5 in 40, scaled 2	-291	5.0
P66	hp_lehninger2	chained 3 x k=5 in 40, scaled 2	-284	5.0
P66	hp_lehninger2	chained 3 x k=5 in 40, scaled 2	-283	2.0
P66	hp_lehninger2	chained 3 x k=5 in 40, scaled 2	-282	2.0
P66	hp_lehninger2	chained 3 x k=5 in 40, scaled 2	-281	2.0
P66	hp_lehninger2	chained 3 x k=5 in 40, scaled 2	-280	2.0
P66	hp_lehninger2	chained 3 x k=5 in 40, scaled 2	-278	1.0
P66	hp_lehninger2	chained 3 x k=5 in 40, scaled 2	-276	2.0
P66	hp_lehninger2	chained 3 x k=5 in 40, scaled 2	-275	1.0
P66	hp_lehninger2	chained 3 x k=5 in 40, scaled 2	-273	1.0
P66	hp_lehninger2	chained 3 x k=5 in 40, scaled 2	-270	3.0
P66	hp_lehninger2	chained 3 x k=5 in 40, scaled 2	-264	1.0
P66	hp_lehninger2	chained 3 x k=5 in 40, scaled 2	-263	3.0
P66	hp_lehninger2	chained 3 x k=5 in 40, scaled 2	-261	1.0
P66	hp_lehninger2	chained 3 x k=5 in 40, scaled 2	-257	1.0
P66	hp_lehninger2	chained 3 x k=5 in 40, scaled 2	-254	2.0
P66	hp_lehninger2	chained 3 x k=5 in 40, scaled 2	-252	1.0
P66	hp_lehninger2	chained 3 x k=5 in 40, scaled 2	-249	1.0
P66	hp_lehninger2	chained 3 x k=5 in 40, scaled 2	-246	2.0
P66	hp_lehninger2	chained 3 x k=5 in 40, scaled 2	-245	2.0
P66	hp_lehninger2	chained 3 x k=5 in 40, scaled 2	-244	2.0
P66	hp_lehninger2	chained 3 x k=5 in 40, scaled 2	-242	1.0
P66	hp_lehninger2	chained 3 x k=5 in 40, scaled 2	-241	3.0
P66	hp_lehninger2	chained 3 x k=5 in 40, scaled 2	-240	3.0
P66	hp_lehninger2	chained 3 x k=5 in 40, scaled 2	-217	1.0
P66	hp_lehninger2	chained 3 x k=5 in 40, scaled 2	-215	1.0
P66	hp_lehninger2	chained 3 x k=5 in 40, scaled 2	-209	4.0
P66	hp_lehninger2	chained 3 x k=5 in 40, scaled 2	-206	1.0
P66	hp_lehninger2	chained 3 x k=5 in 40, scaled 2	-202	1.0
P66	hp_lehninger2	chained 3 x k=5 in 40, scaled 2	-177	1.0
P66	hp_lehninger2	chained 3 x k=5 in 40, scaled 2	-173	3.0
P66	hp_lehninger2	chained 3 x k=5 in 40, scaled 2	-169	2.0
P66	hp_lehninger2	chained 3 x k=5 in 40, scaled 2	-165	2.0
P66	hp_lehninger2	chained 3 x k=5 in 40, scaled 2	-164	2.0
P66	hp_lehninger2	chained 3 x k=5 in 40, scaled 2	-160	1.0
P66	hp_lehninger2	chained 3 x k=5 in 40, scaled 2	-121	1.0
P66	hp_lehninger2	chained 3 x k=5 in 40, scaled 2	-111	2.0
P66	hp_lehninger2	chained 3 x k=5 in 40, scaled 2	-84	1.0
P66	hp_lehninger2	chained 3 x k=5 in 40, scaled 2	-50	2.0
P66	hp_lehninger2	chained 3 x k=5 in 40, scaled 2	-46	2.0
P66	hp_lehninger2	chained 3 x k=5 in 40, scaled 2	-36	2.0
P66	hp_lehninger2	chained 3 x k=5 in 40, scaled 2	-35	1.0
P66	hp_lehninger2	chained 3 x k=5 in 40, scaled 2	-26	3.0
P66	hp_lehninger2	chained 3 x k=5 in 40, scaled 2	-23	2.0
P66	hp_lehninger2	chained 3 x k=5 in 40, scaled 2	-18	2.0
P66	hp_lehninger2	chained 3 x k=5 in 40, scaled 2	-17	3.0
P66	hp_lehninger2	chained 3 x k=5 in 40, scaled 2	0	2.0
P66	hp_lehninger2	chained 3 x k=5 in 40, scaled 2	1	4.0
P66	hp_lehninger2	chained 3 x k=5 in 40, scaled 2	3	7.0
P66	hp_lehninger2	chained 3 x k=5 in 40, scaled 2	16	2.0
P66	hp_lehninger2	chained 3 x k=5 in 40, scaled 2	19	2.0
P66	hp_lehninger2	chained 3 x k=5 in 40, scaled 2	49	4.0
P66	hp_lehninger2	chained 3 x k=5 in 40, scaled 2	88	2.0
P66	hp_lehninger2	chained 3 x k=5 in 40, scaled 2	110	1.0
P66	hp_lehninger2	chained 3 x k=5 in 40, scaled 2	116	1.0
P66	hp_lehninger2	chained 3 x k=5 in 40, scaled 2	119	1.0
P66	hp_lehninger2	chained 3 x k=5 in 40, scaled 2	147	1.0
P66	hp_lehninger2	chained 3 x k=5 in 40, scaled 2	156	2.0
P66	hp_lehninger2	chained 3 x k=5 in 40, scaled 2	203	1.0
P66	hp_lehninger2	chained 4 x k=5 in 40	-387	4.0
P66	hp_lehninger2	chained 4 x k=5 in 40	-377	2.0
P66	hp_lehninger2	chained 4 x k=5 in 40	-349	4.0
P66	hp_lehninger2	chained 4 x k=5 in 40	-336	2.0
P66	hp_lehninger2	chained 4 x k=5 in 40	-332	1.0
P66	hp_lehninger2	chained 4 x k=5 in 40	-319	1.0
P66	hp_lehninger2	chained 4 x k=5 in 40	-313	2.0
P66	hp_lehninger2	chained 4 x k=5 in 40	-309	2.0
P66	hp_lehninger2	chained 4 x k=5 in 40	-301	1.0
P66	hp_lehninger2	chained 4 x k=5 in 40	-298	1.0
P66	hp_lehninger2	chained 4 x k=5 in 40	-291	2.0
P66	hp_lehninger2	chained 4 x k=5 in 40	-284	4.0
P66	hp_lehninger2	chained 4 x k=5 in 40	-283	1.0
P66	hp_lehninger2	chained 4 x k=5 in 40	-280	1.0
P66	hp_lehninger2	chained 4 x k=5 in 40	-273	1.0
P66	hp_lehninger2	chained 4 x k=5 in 40	-263	1.0
P66	hp_lehninger2	chained 4 x k=5 in 40	-261	2.0
P66	hp_lehninger2	chained 4 x k=5 in 40	-252	2.0
P66	hp_lehninger2	chained 4 x k=5 in 40	-218	1.0
P66	hp_lehninger2	chained 4 x k=5 in 40	-173	4.0
P66	hp_lehninger2	chained 4 x k=5 in 40	-160	1.0
P66	hp_lehninger2	chained 4 x k=5 in 40	-84	1.0
P66	hp_lehninger2	chained 4 x k=5 in 40	-48	1.0
P66	hp_lehninger2	chained 4 x k=5 in 40	-36	1.0
P66	hp_lehninger2	chained 4 x k=5 in 40	-26	2.0
P66	hp_lehninger2	chained 4 x k=5 in 40	1	3.0
P66	hp_lehninger2	chained 4 x k=5 in 40	3	6.0
P66	hp_lehninger2	chained 4 x k=5 in 40	19	2.0
P66	hp_lehninger2	chained 4 x k=5 in 40	43	1.0
P66	hp_lehninger2	chained 4 x k=5 in 40	60	3.0
P66	hp_lehninger2	chained 4 x k=5 in 40	156	1.0
P66	hp_lehninger2	chained 4 x k=5 in 40, scaled 2	-377	2.0
P66	hp_lehninger2	chained 4 x k=5 in 40, scaled 2	-319	1.0
P66	hp_lehninger2	chained 4 x k=5 in 40, scaled 2	-301	1.0
P66	hp_lehninger2	chained 4 x k=5 in 40, scaled 2	-283	1.0
P66	hp_lehninger2	chained 4 x k=5 in 40, scaled 2	-263	1.0
P66	hp_lehninger2	chained 4 x k=5 in 40, scaled 2	-36	1.0
P66	hp_lehninger2	chained 4 x k=5 in 40, scaled 2	-26	2.0
P66	hp_lehninger2	chained 4 x k=5 in 40, scaled 2	1	1.0
P66	hp_lehninger2	chained 4 x k=5 in 40, scaled 2	3	1.0
P66	hp_lehninger2	chained 2 x k=8 in 40	-377	6.0
P66	hp_lehninger2	chained 2 x k=8 in 40	-374	2.0
P66	hp_lehninger2	chained 2 x k=8 in 40	-372	4.0
P66	hp_lehninger2	chained 2 x k=8 in 40	-349	1.0
P66	hp_lehninger2	chained 2 x k=8 in 40	-328	3.0
P66	hp_lehninger2	chained 2 x k=8 in 40	-291	2.0
P66	hp_lehninger2	chained 2 x k=8 in 40	-284	1.0
P66	hp_lehninger2	chained 2 x k=8 in 40	-218	1.0
P66	hp_lehninger2	chained 2 x k=8 in 40	-114	1.0
P66	hp_lehninger2	chained 2 x k=8 in 40	-62	1.0
P66	hp_lehninger2	chained 2 x k=8 in 40	-48	3.0
P66	hp_lehninger2	chained 2 x k=8 in 40	-16	1.0
P66	hp_lehninger2	chained 2 x k=8 in 40	0	1.0
P66	hp_lehninger2	chained 2 x k=8 in 40	1	2.0
P66	hp_lehninger2	chained 2 x k=8 in 40	49	1.0
P66	hp_lehninger2	chained 2 x k=8 in 40	272	1.0
P66	hp_lehninger2	chained 2 x k=8 in 40, scaled 2	-377	6.0
P66	hp_lehninger2	chained 2 x k=8 in 40, scaled 2	-374	1.0
P66	hp_lehninger2	chained 2 x k=8 in 40, scaled 2	-349	1.0
P66	hp_lehninger2	chained 2 x k=8 in 40, scaled 2	-328	3.0
P66	hp_lehninger2	chained 2 x k=8 in 40, scaled 2	-284	1.0
P66	hp_lehninger2	chained 2 x k=8 in 40, scaled 2	1	1.0
P66	hp_lehninger2	chained 2 x k=8 in 40, scaled 2	49	1.0
P66	hp_lehninger2	chained 2 x k=8 in 40, scaled 2	272	1.0
P66	hp_lehninger2	chained 3 x k=8 in 60	-328	2.0
P66	hp_lehninger2	chained 3 x k=8 in 60, scaled 2	-328	2.0
P66	hp_lehninger2	window 18 of 20	-493	1.0
P66	hp_lehninger2	window 18 of 20	-387	1.0
P66	hp_lehninger2	window 18 of 20	-377	8.0
P66	hp_lehninger2	window 18 of 20	-375	1.0
P66	hp_lehninger2	window 18 of 20	-333	1.0
P66	hp_lehninger2	window 18 of 20	-321	4.0
P66	hp_lehninger2	window 18 of 20	-302	1.0
P66	hp_lehninger2	window 18 of 20	-301	1.0
P66	hp_lehninger2	window 18 of 20	-218	3.0
P66	hp_lehninger2	window 18 of 20	-48	5.0
P66	hp_lehninger2	window 18 of 20	1	9.0
P66	hp_lehninger2	window 16 of 20	-544	4.0
P66	hp_lehninger2	window 16 of 20	-543	5.0
P66	hp_lehninger2	window 16 of 20	-528	10.0
P66	hp_lehninger2	window 16 of 20	-521	1.0
P66	hp_lehninger2	window 16 of 20	-503	3.0
P66	hp_lehninger2	window 16 of 20	-500	3.0
P66	hp_lehninger2	window 16 of 20	-493	8.0
P66	hp_lehninger2	window 16 of 20	-490	4.0
P66	hp_lehninger2	window 16 of 20	-484	1.0
P66	hp_lehninger2	window 16 of 20	-463	2.0
P66	hp_lehninger2	window 16 of 20	-461	2.0
P66	hp_lehninger2	window 16 of 20	-460	2.0
P66	hp_lehninger2	window 16 of 20	-458	5.0
P66	hp_lehninger2	window 16 of 20	-438	1.0
P66	hp_lehninger2	window 16 of 20	-437	4.0
P66	hp_lehninger2	window 16 of 20	-433	9.0
P66	hp_lehninger2	window 16 of 20	-415	6.0
P66	hp_lehninger2	window 16 of 20	-407	8.0
P66	hp_lehninger2	window 16 of 20	-404	3.0
P66	hp_lehninger2	window 16 of 20	-403	6.0
P66	hp_lehninger2	window 16 of 20	-402	3.0
P66	hp_lehninger2	window 16 of 20	-393	1.0
P66	hp_lehninger2	window 16 of 20	-387	13.0
P66	hp_lehninger2	window 16 of 20	-386	1.0
P66	hp_lehninger2	window 16 of 20	-378	1.0
P66	hp_lehninger2	window 16 of 20	-377	12.0
P66	hp_lehninger2	window 16 of 20	-376	9.0
P66	hp_lehninger2	window 16 of 20	-375	8.0
P66	hp_lehninger2	window 16 of 20	-372	10.0
P66	hp_lehninger2	window 16 of 20	-371	4.0
P66	hp_lehninger2	window 16 of 20	-370	7.0
P66	hp_lehninger2	window 16 of 20	-367	1.0
P66	hp_lehninger2	window 16 of 20	-364	1.0
P66	hp_lehninger2	window 16 of 20	-362	1.0
P66	hp_lehninger2	window 16 of 20	-361	5.0
P66	hp_lehninger2	window 16 of 20	-360	1.0
P66	hp_lehninger2	window 16 of 20	-359	6.0
P66	hp_lehninger2	window 16 of 20	-358	3.0
P66	hp_lehninger2	window 16 of 20	-356	8.0
P66	hp_lehninger2	window 16 of 20	-355	3.0
P66	hp_lehninger2	window 16 of 20	-354	5.0
P66	hp_lehninger2	window 16 of 20	-351	2.0
P66	hp_lehninger2	window 16 of 20	-349	5.0
P66	hp_lehninger2	window 16 of 20	-344	3.0
P66	hp_lehninger2	window 16 of 20	-343	5.0
P66	hp_lehninger2	window 16 of 20	-342	7.0
P66	hp_lehninger2	window 16 of 20	-337	1.0
P66	hp_lehninger2	window 16 of 20	-336	4.0
P66	hp_lehninger2	window 16 of 20	-335	2.0
P66	hp_lehninger2	window 16 of 20	-334	2.0
P66	hp_lehninger2	window 16 of 20	-333	3.0
P66	hp_lehninger2	window 16 of 20	-332	10.0
P66	hp_lehninger2	window 16 of 20	-331	9.0
P66	hp_lehninger2	window 16 of 20	-330	7.0
P66	hp_lehninger2	window 16 of 20	-328	6.0
P66	hp_lehninger2	window 16 of 20	-324	3.0
P66	hp_lehninger2	window 16 of 20	-321	16.0
P66	hp_lehninger2	window 16 of 20	-317	2.0
P66	hp_lehninger2	window 16 of 20	-316	4.0
P66	hp_lehninger2	window 16 of 20	-314	10.0
P66	hp_lehninger2	window 16 of 20	-313	2.0
P66	hp_lehninger2	window 16 of 20	-312	8.0
P66	hp_lehninger2	window 16 of 20	-303	1.0
P66	hp_lehninger2	window 16 of 20	-302	8.0
P66	hp_lehninger2	window 16 of 20	-301	11.0
P66	hp_lehninger2	window 16 of 20	-300	3.0
P66	hp_lehninger2	window 16 of 20	-298	2.0
P66	hp_lehninger2	window 16 of 20	-297	9.0
P66	hp_lehninger2	window 16 of 20	-296	1.0
P66	hp_lehninger2	window 16 of 20	-293	5.0
P66	hp_lehninger2	window 16 of 20	-291	12.0
P66	hp_lehninger2	window 16 of 20	-289	3.0
P66	hp_lehninger2	window 16 of 20	-288	1.0
P66	hp_lehninger2	window 16 of 20	-284	1.0
P66	hp_lehninger2	window 16 of 20	-283	6.0
P66	hp_lehninger2	window 16 of 20	-282	5.0
P66	hp_lehninger2	window 16 of 20	-279	1.0
P66	hp_lehninger2	window 16 of 20	-277	4.0
P66	hp_lehninger2	window 16 of 20	-274	3.0
P66	hp_lehninger2	window 16 of 20	-273	8.0
P66	hp_lehninger2	window 16 of 20	-272	17.0
P66	hp_lehninger2	window 16 of 20	-270	2.0
P66	hp_lehninger2	window 16 of 20	-265	3.0
P66	hp_lehninger2	window 16 of 20	-264	6.0
P66	hp_lehninger2	window 16 of 20	-263	6.0
P66	hp_lehninger2	window 16 of 20	-261	4.0
P66	hp_lehninger2	window 16 of 20	-260	14.0
P66	hp_lehninger2	window 16 of 20	-258	8.0
P66	hp_lehninger2	window 16 of 20	-256	3.0
P66	hp_lehninger2	window 16 of 20	-254	4.0
P66	hp_lehninger2	window 16 of 20	-252	5.0
P66	hp_lehninger2	window 16 of 20	-251	2.0
P66	hp_lehninger2	window 16 of 20	-246	1.0
P66	hp_lehninger2	window 16 of 20	-244	3.0
P66	hp_lehninger2	window 16 of 20	-242	5.0
P66	hp_lehninger2	window 16 of 20	-241	2.0
P66	hp_lehninger2	window 16 of 20	-240	7.0
P66	hp_lehninger2	window 16 of 20	-237	1.0
P66	hp_lehninger2	window 16 of 20	-235	3.0
P66	hp_lehninger2	window 16 of 20	-234	2.0
P66	hp_lehninger2	window 16 of 20	-233	4.0
P66	hp_lehninger2	window 16 of 20	-232	1.0
P66	hp_lehninger2	window 16 of 20	-228	2.0
P66	hp_lehninger2	window 16 of 20	-227	2.0
P66	hp_lehninger2	window 16 of 20	-224	3.0
P66	hp_lehninger2	window 16 of 20	-221	7.0
P66	hp_lehninger2	window 16 of 20	-220	1.0
P66	hp_lehninger2	window 16 of 20	-219	1.0
P66	hp_lehninger2	window 16 of 20	-218	12.0
P66	hp_lehninger2	window 16 of 20	-217	1.0
P66	hp_lehninger2	window 16 of 20	-215	3.0
P66	hp_lehninger2	window 16 of 20	-210	1.0
P66	hp_lehninger2	window 16 of 20	-209	6.0
P66	hp_lehninger2	window 16 of 20	-208	3.0
P66	hp_lehninger2	window 16 of 20	-207	1.0
P66	hp_lehninger2	window 16 of 20	-206	1.0
P66	hp_lehninger2	window 16 of 20	-204	4.0
P66	hp_lehninger2	window 16 of 20	-193	1.0
P66	hp_lehninger2	window 16 of 20	-189	4.0
P66	hp_lehninger2	window 16 of 20	-183	2.0
P66	hp_lehninger2	window 16 of 20	-182	2.0
P66	hp_lehninger2	window 16 of 20	-179	1.0
P66	hp_lehninger2	window 16 of 20	-178	2.0
P66	hp_lehninger2	window 16 of 20	-177	2.0
P66	hp_lehninger2	window 16 of 20	-173	6.0
P66	hp_lehninger2	window 16 of 20	-169	9.0
P66	hp_lehninger2	window 16 of 20	-166	6.0
P66	hp_lehninger2	window 16 of 20	-164	1.0
P66	hp_lehninger2	window 16 of 20	-160	3.0
P66	hp_lehninger2	window 16 of 20	-150	6.0
P66	hp_lehninger2	window 16 of 20	-149	3.0
P66	hp_lehninger2	window 16 of 20	-148	1.0
P66	hp_lehninger2	window 16 of 20	-144	4.0
P66	hp_lehninger2	window 16 of 20	-141	3.0
P66	hp_lehninger2	window 16 of 20	-136	5.0
P66	hp_lehninger2	window 16 of 20	-134	7.0
P66	hp_lehninger2	window 16 of 20	-133	2.0
P66	hp_lehninger2	window 16 of 20	-126	5.0
P66	hp_lehninger2	window 16 of 20	-124	4.0
P66	hp_lehninger2	window 16 of 20	-123	3.0
P66	hp_lehninger2	window 16 of 20	-120	5.0
P66	hp_lehninger2	window 16 of 20	-117	1.0
P66	hp_lehninger2	window 16 of 20	-116	3.0
P66	hp_lehninger2	window 16 of 20	-115	12.0
P66	hp_lehninger2	window 16 of 20	-112	8.0
P66	hp_lehninger2	window 16 of 20	-107	3.0
P66	hp_lehninger2	window 16 of 20	-105	1.0
P66	hp_lehninger2	window 16 of 20	-102	11.0
P66	hp_lehninger2	window 16 of 20	-100	1.0
P66	hp_lehninger2	window 16 of 20	-99	1.0
P66	hp_lehninger2	window 16 of 20	-93	2.0
P66	hp_lehninger2	window 16 of 20	-92	2.0
P66	hp_lehninger2	window 16 of 20	-88	5.0
P66	hp_lehninger2	window 16 of 20	-83	4.0
P66	hp_lehninger2	window 16 of 20	-82	2.0
P66	hp_lehninger2	window 16 of 20	-81	7.0
P66	hp_lehninger2	window 16 of 20	-80	7.0
P66	hp_lehninger2	window 16 of 20	-79	5.0
P66	hp_lehninger2	window 16 of 20	-77	3.0
P66	hp_lehninger2	window 16 of 20	-74	2.0
P66	hp_lehninger2	window 16 of 20	-71	2.0
P66	hp_lehninger2	window 16 of 20	-64	2.0
P66	hp_lehninger2	window 16 of 20	-63	2.0
P66	hp_lehninger2	window 16 of 20	-62	5.0
P66	hp_lehninger2	window 16 of 20	-56	10.0
P66	hp_lehninger2	window 16 of 20	-48	10.0
P66	hp_lehninger2	window 16 of 20	-42	1.0
P66	hp_lehninger2	window 16 of 20	-37	2.0
P66	hp_lehninger2	window 16 of 20	-36	3.0
P66	hp_lehninger2	window 16 of 20	-35	1.0
P66	hp_lehninger2	window 16 of 20	-34	4.0
P66	hp_lehninger2	window 16 of 20	-32	2.0
P66	hp_lehninger2	window 16 of 20	-30	1.0
P66	hp_lehninger2	window 16 of 20	-26	3.0
P66	hp_lehninger2	window 16 of 20	-23	3.0
P66	hp_lehninger2	window 16 of 20	-20	3.0
P66	hp_lehninger2	window 16 of 20	-18	7.0
P66	hp_lehninger2	window 16 of 20	-16	11.0
P66	hp_lehninger2	window 16 of 20	-13	6.0
P66	hp_lehninger2	window 16 of 20	-11	1.0
P66	hp_lehninger2	window 16 of 20	-10	1.0
P66	hp_lehninger2	window 16 of 20	-7	3.0
P66	hp_lehninger2	window 16 of 20	0	1.0
P66	hp_lehninger2	window 16 of 20	1	12.0
P66	hp_lehninger2	window 16 of 20	3	2.0
P66	hp_lehninger2	window 16 of 20	5	1.0
P66	hp_lehninger2	window 16 of 20	6	2.0
P66	hp_lehninger2	window 16 of 20	8	2.0
P66	hp_lehninger2	window 16 of 20	9	4.0
P66	hp_lehninger2	window 16 of 20	12	3.0
P66	hp_lehninger2	window 16 of 20	14	2.0
P66	hp_lehninger2	window 16 of 20	15	3.0
P66	hp_lehninger2	window 16 of 20	27	5.0
P66	hp_lehninger2	window 16 of 20	33	1.0
P66	hp_lehninger2	window 16 of 20	34	1.0
P66	hp_lehninger2	window 16 of 20	38	3.0
P66	hp_lehninger2	window 16 of 20	40	2.0
P66	hp_lehninger2	window 16 of 20	43	4.0
P66	hp_lehninger2	window 16 of 20	44	3.0
P66	hp_lehninger2	window 16 of 20	45	1.0
P66	hp_lehninger2	window 16 of 20	49	3.0
P66	hp_lehninger2	window 16 of 20	50	2.0
P66	hp_lehninger2	window 16 of 20	51	2.0
P66	hp_lehninger2	window 16 of 20	54	4.0
P66	hp_lehninger2	window 16 of 20	57	5.0
P66	hp_lehninger2	window 16 of 20	60	16.0
P66	hp_lehninger2	window 16 of 20	68	1.0
P66	hp_lehninger2	window 16 of 20	79	3.0
P66	hp_lehninger2	window 16 of 20	81	5.0
P66	hp_lehninger2	window 16 of 20	88	2.0
P66	hp_lehninger2	window 16 of 20	89	2.0
P66	hp_lehninger2	window 16 of 20	91	1.0
P66	hp_lehninger2	window 16 of 20	93	2.0
P66	hp_lehninger2	window 16 of 20	99	1.0
P66	hp_lehninger2	window 16 of 20	101	1.0
P66	hp_lehninger2	window 16 of 20	106	1.0
P66	hp_lehninger2	window 16 of 20	112	3.0
P66	hp_lehninger2	window 16 of 20	113	2.0
P66	hp_lehninger2	window 16 of 20	114	2.0
P66	hp_lehninger2	window 16 of 20	116	8.0
P66	hp_lehninger2	window 16 of 20	117	3.0
P66	hp_lehninger2	window 16 of 20	121	2.0
P66	hp_lehninger2	window 16 of 20	126	4.0
P66	hp_lehninger2	window 16 of 20	141	1.0
P66	hp_lehninger2	window 16 of 20	156	7.0
P66	hp_lehninger2	window 16 of 20	177	1.0
P66	hp_lehninger2	window 16 of 20	179	3.0
P66	hp_lehninger2	window 16 of 20	203	4.0
P66	hp_lehninger2	window 16 of 20	208	1.0
P66	hp_lehninger2	window 16 of 20	255	8.0
P66	hp_lehninger2	window 16 of 20	272	5.0
P66	hp_lehninger2	window 24 of 30	-528	1.0
P66	hp_lehninger2	window 24 of 30	-387	4.0
P66	hp_lehninger2	window 24 of 30	-377	8.0
P66	hp_lehninger2	window 24 of 30	-336	1.0
P66	hp_lehninger2	window 24 of 30	-333	1.0
P66	hp_lehninger2	window 24 of 30	-332	2.0
P66	hp_lehninger2	window 24 of 30	-330	1.0
P66	hp_lehninger2	window 24 of 30	-321	4.0
P66	hp_lehninger2	window 24 of 30	-314	2.0
P66	hp_lehninger2	window 24 of 30	-313	1.0
P66	hp_lehninger2	window 24 of 30	-302	1.0
P66	hp_lehninger2	window 24 of 30	-301	1.0
P66	hp_lehninger2	window 24 of 30	-279	1.0
P66	hp_lehninger2	window 24 of 30	-273	1.0
P66	hp_lehninger2	window 24 of 30	-272	2.0
P66	hp_lehninger2	window 24 of 30	-263	3.0
P66	hp_lehninger2	window 24 of 30	-260	3.0
P66	hp_lehninger2	window 24 of 30	-258	3.0
P66	hp_lehninger2	window 24 of 30	-256	1.0
P66	hp_lehninger2	window 24 of 30	-244	2.0
P66	hp_lehninger2	window 24 of 30	-242	1.0
P66	hp_lehninger2	window 24 of 30	-241	3.0
P66	hp_lehninger2	window 24 of 30	-240	5.0
P66	hp_lehninger2	window 24 of 30	-209	3.0
P66	hp_lehninger2	window 24 of 30	-173	2.0
P66	hp_lehninger2	window 24 of 30	-169	2.0
P66	hp_lehninger2	window 24 of 30	-160	2.0
P66	hp_lehninger2	window 24 of 30	-115	4.0
P66	hp_lehninger2	window 24 of 30	-80	1.0
P66	hp_lehninger2	window 24 of 30	-62	3.0
P66	hp_lehninger2	window 24 of 30	-56	4.0
P66	hp_lehninger2	window 24 of 30	-48	5.0
P66	hp_lehninger2	window 24 of 30	-13	1.0
P66	hp_lehninger2	window 24 of 30	1	6.0
P66	hp_lehninger2	window 24 of 30	60	6.0
P66	hp_lehninger2	window 24 of 30	116	1.0
P66	hp_lehninger2	window 24 of 30	255	2.0
P66	hp_lehninger2	window 32 of 40	60	1.0
P66	hp_lehninger2	extend +1/-2	-595	1.0
P66	hp_lehninger2	extend +1/-2	-594	1.0
P66	hp_lehninger2	extend +1/-2	-593	1.0
P66	hp_lehninger2	extend +1/-2	-592	2.0
P66	hp_lehninger2	extend +1/-2	-591	3.0
P66	hp_lehninger2	extend +1/-2	-590	3.0
P66	hp_lehninger2	extend +1/-2	-589	3.0
P66	hp_lehninger2	extend +1/-2	-588	3.0
P66	hp_lehninger2	extend +1/-2	-587	3.0
P66	hp_lehninger2	extend +1/-2	-586	3.0
P66	hp_lehninger2	extend +1/-2	-585	3.0
P66	hp_lehninger2	extend +1/-2	-584	3.0
P66	hp_lehninger2	extend +1/-2	-583	6.0
P66	hp_lehninger2	extend +1/-2	-582	3.0
P66	hp_lehninger2	extend +1/-2	-581	4.0
P66	hp_lehninger2	extend +1/-2	-580	5.0
P66	hp_lehninger2	extend +1/-2	-579	6.0
P66	hp_lehninger2	extend +1/-2	-578	5.0
P66	hp_lehninger2	extend +1/-2	-577	8.0
P66	hp_lehninger2	extend +1/-2	-576	4.0
P66	hp_lehninger2	extend +1/-2	-575	4.0
P66	hp_lehninger2	extend +1/-2	-574	4.0
P66	hp_lehninger2	extend +1/-2	-573	6.0
P66	hp_lehninger2	extend +1/-2	-572	8.0
P66	hp_lehninger2	extend +1/-2	-571	2.0
P66	hp_lehninger2	extend +1/-2	-570	3.0
P66	hp_lehninger2	extend +1/-2	-569	2.0
P66	hp_lehninger2	extend +1/-2	-568	3.0
P66	hp_lehninger2	extend +1/-2	-567	2.0
P66	hp_lehninger2	extend +1/-2	-566	6.0
P66	hp_lehninger2	extend +1/-2	-565	3.0
P66	hp_lehninger2	extend +1/-2	-564	4.0
P66	hp_lehninger2	extend +1/-2	-563	3.0
P66	hp_lehninger2	extend +1/-2	-562	4.0
P66	hp_lehninger2	extend +1/-2	-561	4.0
P66	hp_lehninger2	extend +1/-2	-560	5.0
P66	hp_lehninger2	extend +1/-2	-559	3.0
P66	hp_lehninger2	extend +1/-2	-558	4.0
P66	hp_lehninger2	extend +1/-2	-557	3.0
P66	hp_lehninger2	extend +1/-2	-556	3.0
P66	hp_lehninger2	extend +1/-2	-555	4.0
P66	hp_lehninger2	extend +1/-2	-554	5.0
P66	hp_lehninger2	extend +1/-2	-553	8.0
P66	hp_lehninger2	extend +1/-2	-552	7.0
P66	hp_lehninger2	extend +1/-2	-551	4.0
P66	hp_lehninger2	extend +1/-2	-550	5.0
P66	hp_lehninger2	extend +1/-2	-549	4.0
P66	hp_lehninger2	extend +1/-2	-548	5.0
P66	hp_lehninger2	extend +1/-2	-547	2.0
P66	hp_lehninger2	extend +1/-2	-546	2.0
P66	hp_lehninger2	extend +1/-2	-545	9.0
P66	hp_lehninger2	extend +1/-2	-544	13.0
P66	hp_lehninger2	extend +1/-2	-543	12.0
P66	hp_lehninger2	extend +1/-2	-542	5.0
P66	hp_lehninger2	extend +1/-2	-541	4.0
P66	hp_lehninger2	extend +1/-2	-540	4.0
P66	hp_lehninger2	extend +1/-2	-539	7.0
P66	hp_lehninger2	extend +1/-2	-538	7.0
P66	hp_lehninger2	extend +1/-2	-537	3.0
P66	hp_lehninger2	extend +1/-2	-536	4.0
P66	hp_lehninger2	extend +1/-2	-535	4.0
P66	hp_lehninger2	extend +1/-2	-534	5.0
P66	hp_lehninger2	extend +1/-2	-533	10.0
P66	hp_lehninger2	extend +1/-2	-532	8.0
P66	hp_lehninger2	extend +1/-2	-531	7.0
P66	hp_lehninger2	extend +1/-2	-530	5.0
P66	hp_lehninger2	extend +1/-2	-529	4.0
P66	hp_lehninger2	extend +1/-2	-528	14.0
P66	hp_lehninger2	extend +1/-2	-527	8.0
P66	hp_lehninger2	extend +1/-2	-526	7.0
P66	hp_lehninger2	extend +1/-2	-525	8.0
P66	hp_lehninger2	extend +1/-2	-524	9.0
P66	hp_lehninger2	extend +1/-2	-523	10.0
P66	hp_lehninger2	extend +1/-2	-522	12.0
P66	hp_lehninger2	extend +1/-2	-521	11.0
P66	hp_lehninger2	extend +1/-2	-520	12.0
P66	hp_lehninger2	extend +1/-2	-519	11.0
P66	hp_lehninger2	extend +1/-2	-518	10.0
P66	hp_lehninger2	extend +1/-2	-517	9.0
P66	hp_lehninger2	extend +1/-2	-516	9.0
P66	hp_lehninger2	extend +1/-2	-515	7.0
P66	hp_lehninger2	extend +1/-2	-514	6.0
P66	hp_lehninger2	extend +1/-2	-513	5.0
P66	hp_lehninger2	extend +1/-2	-512	4.0
P66	hp_lehninger2	extend +1/-2	-511	6.0
P66	hp_lehninger2	extend +1/-2	-510	6.0
P66	hp_lehninger2	extend +1/-2	-509	7.0
P66	hp_lehninger2	extend +1/-2	-508	6.0
P66	hp_lehninger2	extend +1/-2	-507	7.0
P66	hp_lehninger2	extend +1/-2	-506	6.0
P66	hp_lehninger2	extend +1/-2	-505	7.0
P66	hp_lehninger2	extend +1/-2	-504	7.0
P66	hp_lehninger2	extend +1/-2	-503	12.0
P66	hp_lehninger2	extend +1/-2	-502	8.0
P66	hp_lehninger2	extend +1/-2	-501	8.0
P66	hp_lehninger2	extend +1/-2	-500	10.0
P66	hp_lehninger2	extend +1/-2	-499	7.0
P66	hp_lehninger2	extend +1/-2	-498	7.0
P66	hp_lehninger2	extend +1/-2	-497	7.0
P66	hp_lehninger2	extend +1/-2	-496	9.0
P66	hp_lehninger2	extend +1/-2	-495	6.0
P66	hp_lehninger2	extend +1/-2	-494	5.0
P66	hp_lehninger2	extend +1/-2	-493	14.0
P66	hp_lehninger2	extend +1/-2	-492	7.0
P66	hp_lehninger2	extend +1/-2	-491	5.0
P66	hp_lehninger2	extend +1/-2	-490	12.0
P66	hp_lehninger2	extend +1/-2	-489	6.0
P66	hp_lehninger2	extend +1/-2	-488	4.0
P66	hp_lehninger2	extend +1/-2	-487	4.0
P66	hp_lehninger2	extend +1/-2	-486	4.0
P66	hp_lehninger2	extend +1/-2	-485	4.0
P66	hp_lehninger2	extend +1/-2	-484	10.0
P66	hp_lehninger2	extend +1/-2	-483	7.0
P66	hp_lehninger2	extend +1/-2	-482	6.0
P66	hp_lehninger2	extend +1/-2	-481	5.0
P66	hp_lehninger2	extend +1/-2	-480	5.0
P66	hp_lehninger2	extend +1/-2	-479	7.0
P66	hp_lehninger2	extend +1/-2	-478	6.0
P66	hp_lehninger2	extend +1/-2	-477	8.0
P66	hp_lehninger2	extend +1/-2	-476	6.0
P66	hp_lehninger2	extend +1/-2	-475	7.0
P66	hp_lehninger2	extend +1/-2	-474	7.0
P66	hp_lehninger2	extend +1/-2	-473	5.0
P66	hp_lehninger2	extend +1/-2	-472	5.0
P66	hp_lehninger2	extend +1/-2	-471	5.0
P66	hp_lehninger2	extend +1/-2	-470	6.0
P66	hp_lehninger2	extend +1/-2	-469	3.0
P66	hp_lehninger2	extend +1/-2	-468	6.0
P66	hp_lehninger2	extend +1/-2	-467	7.0
P66	hp_lehninger2	extend +1/-2	-466	6.0
P66	hp_lehninger2	extend +1/-2	-465	10.0
P66	hp_lehninger2	extend +1/-2	-464	10.0
P66	hp_lehninger2	extend +1/-2	-463	12.0
P66	hp_lehninger2	extend +1/-2	-462	5.0
P66	hp_lehninger2	extend +1/-2	-461	10.0
P66	hp_lehninger2	extend +1/-2	-460	9.0
P66	hp_lehninger2	extend +1/-2	-459	6.0
P66	hp_lehninger2	extend +1/-2	-458	12.0
P66	hp_lehninger2	extend +1/-2	-457	6.0
P66	hp_lehninger2	extend +1/-2	-456	5.0
P66	hp_lehninger2	extend +1/-2	-455	7.0
P66	hp_lehninger2	extend +1/-2	-454	6.0
P66	hp_lehninger2	extend +1/-2	-453	8.0
P66	hp_lehninger2	extend +1/-2	-452	5.0
P66	hp_lehninger2	extend +1/-2	-451	5.0
P66	hp_lehninger2	extend +1/-2	-450	5.0
P66	hp_lehninger2	extend +1/-2	-449	5.0
P66	hp_lehninger2	extend +1/-2	-448	6.0
P66	hp_lehninger2	extend +1/-2	-447	7.0
P66	hp_lehninger2	extend +1/-2	-446	6.0
P66	hp_lehninger2	extend +1/-2	-445	6.0
P66	hp_lehninger2	extend +1/-2	-444	7.0
P66	hp_lehninger2	extend +1/-2	-443	5.0
P66	hp_lehninger2	extend +1/-2	-442	6.0
P66	hp_lehninger2	extend +1/-2	-441	6.0
P66	hp_lehninger2	extend +1/-2	-440	7.0
P66	hp_lehninger2	extend +1/-2	-439	6.0
P66	hp_lehninger2	extend +1/-2	-438	8.0
P66	hp_lehninger2	extend +1/-2	-437	11.0
P66	hp_lehninger2	extend +1/-2	-436	7.0
P66	hp_lehninger2	extend +1/-2	-435	7.0
P66	hp_lehninger2	extend +1/-2	-434	5.0
P66	hp_lehninger2	extend +1/-2	-433	13.0
P66	hp_lehninger2	extend +1/-2	-432	9.0
P66	hp_lehninger2	extend +1/-2	-431	6.0
P66	hp_lehninger2	extend +1/-2	-430	7.0
P66	hp_lehninger2	extend +1/-2	-429	9.0
P66	hp_lehninger2	extend +1/-2	-428	5.0
P66	hp_lehninger2	extend +1/-2	-427	7.0
P66	hp_lehninger2	extend +1/-2	-426	9.0
P66	hp_lehninger2	extend +1/-2	-425	9.0
P66	hp_lehninger2	extend +1/-2	-424	10.0
P66	hp_lehninger2	extend +1/-2	-423	8.0
P66	hp_lehninger2	extend +1/-2	-422	7.0
P66	hp_lehninger2	extend +1/-2	-421	7.0
P66	hp_lehninger2	extend +1/-2	-420	4.0
P66	hp_lehninger2	extend +1/-2	-419	8.0
P66	hp_lehninger2	extend +1/-2	-418	11.0
P66	hp_lehninger2	extend +1/-2	-417	4.0
P66	hp_lehninger2	extend +1/-2	-416	6.0
P66	hp_lehninger2	extend +1/-2	-415	13.0
P66	hp_lehninger2	extend +1/-2	-414	7.0
P66	hp_lehninger2	extend +1/-2	-413	8.0
P66	hp_lehninger2	extend +1/-2	-412	8.0
P66	hp_lehninger2	extend +1/-2	-411	5.0
P66	hp_lehninger2	extend +1/-2	-410	5.0
P66	hp_lehninger2	extend +1/-2	-409	6.0
P66	hp_lehninger2	extend +1/-2	-408	5.0
P66	hp_lehninger2	extend +1/-2	-407	13.0
P66	hp_lehninger2	extend +1/-2	-406	5.0
P66	hp_lehninger2	extend +1/-2	-405	5.0
P66	hp_lehninger2	extend +1/-2	-404	12.0
P66	hp_lehninger2	extend +1/-2	-403	13.0
P66	hp_lehninger2	extend +1/-2	-402	10.0
P66	hp_lehninger2	extend +1/-2	-401	7.0
P66	hp_lehninger2	extend +1/-2	-400	9.0
P66	hp_lehninger2	extend +1/-2	-399	6.0
P66	hp_lehninger2	extend +1/-2	-398	8.0
P66	hp_lehninger2	extend +1/-2	-397	7.0
P66	hp_lehninger2	extend +1/-2	-396	6.0
P66	hp_lehninger2	extend +1/-2	-395	8.0
P66	hp_lehninger2	extend +1/-2	-394	7.0
P66	hp_lehninger2	extend +1/-2	-393	10.0
P66	hp_lehninger2	extend +1/-2	-392	6.0
P66	hp_lehninger2	extend +1/-2	-391	6.0
P66	hp_lehninger2	extend +1/-2	-390	8.0
P66	hp_lehninger2	extend +1/-2	-389	9.0
P66	hp_lehninger2	extend +1/-2	-388	9.0
P66	hp_lehninger2	extend +1/-2	-387	17.0
P66	hp_lehninger2	extend +1/-2	-386	9.0
P66	hp_lehninger2	extend +1/-2	-385	7.0
P66	hp_lehninger2	extend +1/-2	-384	7.0
P66	hp_lehninger2	extend +1/-2	-383	8.0
P66	hp_lehninger2	extend +1/-2	-382	9.0
P66	hp_lehninger2	extend +1/-2	-381	10.0
P66	hp_lehninger2	extend +1/-2	-380	11.0
P66	hp_lehninger2	extend +1/-2	-379	12.0
P66	hp_lehninger2	extend +1/-2	-378	13.0
P66	hp_lehninger2	extend +1/-2	-377	21.0
P66	hp_lehninger2	extend +1/-2	-376	14.0
P66	hp_lehninger2	extend +1/-2	-375	15.0
P66	hp_lehninger2	extend +1/-2	-374	13.0
P66	hp_lehninger2	extend +1/-2	-373	12.0
P66	hp_lehninger2	extend +1/-2	-372	13.0
P66	hp_lehninger2	extend +1/-2	-371	13.0
P66	hp_lehninger2	extend +1/-2	-370	12.0
P66	hp_lehninger2	extend +1/-2	-369	9.0
P66	hp_lehninger2	extend +1/-2	-368	8.0
P66	hp_lehninger2	extend +1/-2	-367	11.0
P66	hp_lehninger2	extend +1/-2	-366	7.0
P66	hp_lehninger2	extend +1/-2	-365	6.0
P66	hp_lehninger2	extend +1/-2	-364	9.0
P66	hp_lehninger2	extend +1/-2	-363	7.0
P66	hp_lehninger2	extend +1/-2	-362	10.0
P66	hp_lehninger2	extend +1/-2	-361	11.0
P66	hp_lehninger2	extend +1/-2	-360	9.0
P66	hp_lehninger2	extend +1/-2	-359	10.0
P66	hp_lehninger2	extend +1/-2	-358	12.0
P66	hp_lehninger2	extend +1/-2	-357	11.0
P66	hp_lehninger2	extend +1/-2	-356	15.0
P66	hp_lehninger2	extend +1/-2	-355	12.0
P66	hp_lehninger2	extend +1/-2	-354	10.0
P66	hp_lehninger2	extend +1/-2	-353	8.0
P66	hp_lehninger2	extend +1/-2	-352	9.0
P66	hp_lehninger2	extend +1/-2	-351	9.0
P66	hp_lehninger2	extend +1/-2	-350	9.0
P66	hp_lehninger2	extend +1/-2	-349	12.0
P66	hp_lehninger2	extend +1/-2	-348	9.0
P66	hp_lehninger2	extend +1/-2	-347	11.0
P66	hp_lehninger2	extend +1/-2	-346	10.0
P66	hp_lehninger2	extend +1/-2	-345	10.0
P66	hp_lehninger2	extend +1/-2	-344	12.0
P66	hp_lehninger2	extend +1/-2	-343	14.0
P66	hp_lehninger2	extend +1/-2	-342	13.0
P66	hp_lehninger2	extend +1/-2	-341	11.0
P66	hp_lehninger2	extend +1/-2	-340	11.0
P66	hp_lehninger2	extend +1/-2	-339	11.0
P66	hp_lehninger2	extend +1/-2	-338	11.0
P66	hp_lehninger2	extend +1/-2	-337	11.0
P66	hp_lehninger2	extend +1/-2	-336	12.0
P66	hp_lehninger2	extend +1/-2	-335	11.0
P66	hp_lehninger2	extend +1/-2	-334	12.0
P66	hp_lehninger2	extend +1/-2	-333	16.0
P66	hp_lehninger2	extend +1/-2	-332	16.0
P66	hp_lehninger2	extend +1/-2	-331	14.0
P66	hp_lehninger2	extend +1/-2	-330	13.0
P66	hp_lehninger2	extend +1/-2	-329	10.0
P66	hp_lehninger2	extend +1/-2	-328	12.0
P66	hp_lehninger2	extend +1/-2	-327	8.0
P66	hp_lehninger2	extend +1/-2	-326	7.0
P66	hp_lehninger2	extend +1/-2	-325	7.0
P66	hp_lehninger2	extend +1/-2	-324	10.0
P66	hp_lehninger2	extend +1/-2	-323	8.0
P66	hp_lehninger2	extend +1/-2	-322	12.0
P66	hp_lehninger2	extend +1/-2	-321	17.0
P66	hp_lehninger2	extend +1/-2	-320	8.0
P66	hp_lehninger2	extend +1/-2	-319	10.0
P66	hp_lehninger2	extend +1/-2	-318	10.0
P66	hp_lehninger2	extend +1/-2	-317	11.0
P66	hp_lehninger2	extend +1/-2	-316	10.0
P66	hp_lehninger2	extend +1/-2	-315	9.0
P66	hp_lehninger2	extend +1/-2	-314	15.0
P66	hp_lehninger2	extend +1/-2	-313	13.0
P66	hp_lehninger2	extend +1/-2	-312	14.0
P66	hp_lehninger2	extend +1/-2	-311	8.0
P66	hp_lehninger2	extend +1/-2	-310	8.0
P66	hp_lehninger2	extend +1/-2	-309	10.0
P66	hp_lehninger2	extend +1/-2	-308	9.0
P66	hp_lehninger2	extend +1/-2	-307	9.0
P66	hp_lehninger2	extend +1/-2	-306	8.0
P66	hp_lehninger2	extend +1/-2	-305	10.0
P66	hp_lehninger2	extend +1/-2	-304	8.0
P66	hp_lehninger2	extend +1/-2	-303	8.0
P66	hp_lehninger2	extend +1/-2	-302	14.0
P66	hp_lehninger2	extend +1/-2	-301	14.0
P66	hp_lehninger2	extend +1/-2	-300	10.0
P66	hp_lehninger2	extend +1/-2	-299	8.0
P66	hp_lehninger2	extend +1/-2	-298	10.0
P66	hp_lehninger2	extend +1/-2	-297	11.0
P66	hp_lehninger2	extend +1/-2	-296	11.0
P66	hp_lehninger2	extend +1/-2	-295	9.0
P66	hp_lehninger2	extend +1/-2	-294	7.0
P66	hp_lehninger2	extend +1/-2	-293	13.0
P66	hp_lehninger2	extend +1/-2	-292	10.0
P66	hp_lehninger2	extend +1/-2	-291	14.0
P66	hp_lehninger2	extend +1/-2	-290	7.0
P66	hp_lehninger2	extend +1/-2	-289	11.0
P66	hp_lehninger2	extend +1/-2	-288	9.0
P66	hp_lehninger2	extend +1/-2	-287	8.0
P66	hp_lehninger2	extend +1/-2	-286	8.0
P66	hp_lehninger2	extend +1/-2	-285	9.0
P66	hp_lehninger2	extend +1/-2	-284	11.0
P66	hp_lehninger2	extend +1/-2	-283	13.0
P66	hp_lehninger2	extend +1/-2	-282	12.0
P66	hp_lehninger2	extend +1/-2	-281	11.0
P66	hp_lehninger2	extend +1/-2	-280	11.0
P66	hp_lehninger2	extend +1/-2	-279	12.0
P66	hp_lehninger2	extend +1/-2	-278	11.0
P66	hp_lehninger2	extend +1/-2	-277	12.0
P66	hp_lehninger2	extend +1/-2	-276	11.0
P66	hp_lehninger2	extend +1/-2	-275	11.0
P66	hp_lehninger2	extend +1/-2	-274	12.0
P66	hp_lehninger2	extend +1/-2	-273	14.0
P66	hp_lehninger2	extend +1/-2	-272	14.0
P66	hp_lehninger2	extend +1/-2	-271	9.0
P66	hp_lehninger2	extend +1/-2	-270	9.0
P66	hp_lehninger2	extend +1/-2	-269	7.0
P66	hp_lehninger2	extend +1/-2	-268	6.0
P66	hp_lehninger2	extend +1/-2	-267	9.0
P66	hp_lehninger2	extend +1/-2	-266	6.0
P66	hp_lehninger2	extend +1/-2	-265	9.0
P66	hp_lehninger2	extend +1/-2	-264	13.0
P66	hp_lehninger2	extend +1/-2	-263	14.0
P66	hp_lehninger2	extend +1/-2	-262	9.0
P66	hp_lehninger2	extend +1/-2	-261	13.0
P66	hp_lehninger2	extend +1/-2	-260	14.0
P66	hp_lehninger2	extend +1/-2	-259	8.0
P66	hp_lehninger2	extend +1/-2	-258	13.0
P66	hp_lehninger2	extend +1/-2	-257	9.0
P66	hp_lehninger2	extend +1/-2	-256	12.0
P66	hp_lehninger2	extend +1/-2	-255	11.0
P66	hp_lehninger2	extend +1/-2	-254	14.0
P66	hp_lehninger2	extend +1/-2	-253	11.0
P66	hp_lehninger2	extend +1/-2	-252	14.0
P66	hp_lehninger2	extend +1/-2	-251	11.0
P66	hp_lehninger2	extend +1/-2	-250	6.0
P66	hp_lehninger2	extend +1/-2	-249	8.0
P66	hp_lehninger2	extend +1/-2	-248	7.0
P66	hp_lehninger2	extend +1/-2	-247	7.0
P66	hp_lehninger2	extend +1/-2	-246	9.0
P66	hp_lehninger2	extend +1/-2	-245	11.0
P66	hp_lehninger2	extend +1/-2	-244	13.0
P66	hp_lehninger2	extend +1/-2	-243	11.0
P66	hp_lehninger2	extend +1/-2	-242	13.0
P66	hp_lehninger2	extend +1/-2	-241	14.0
P66	hp_lehninger2	extend +1/-2	-240	15.0
P66	hp_lehninger2	extend +1/-2	-239	9.0
P66	hp_lehninger2	extend +1/-2	-238	9.0
P66	hp_lehninger2	extend +1/-2	-237	11.0
P66	hp_lehninger2	extend +1/-2	-236	7.0
P66	hp_lehninger2	extend +1/-2	-235	11.0
P66	hp_lehninger2	extend +1/-2	-234	11.0
P66	hp_lehninger2	extend +1/-2	-233	12.0
P66	hp_lehninger2	extend +1/-2	-232	12.0
P66	hp_lehninger2	extend +1/-2	-231	6.0
P66	hp_lehninger2	extend +1/-2	-230	7.0
P66	hp_lehninger2	extend +1/-2	-229	5.0
P66	hp_lehninger2	extend +1/-2	-228	10.0
P66	hp_lehninger2	extend +1/-2	-227	10.0
P66	hp_lehninger2	extend +1/-2	-226	12.0
P66	hp_lehninger2	extend +1/-2	-225	9.0
P66	hp_lehninger2	extend +1/-2	-224	11.0
P66	hp_lehninger2	extend +1/-2	-223	8.0
P66	hp_lehninger2	extend +1/-2	-222	5.0
P66	hp_lehninger2	extend +1/-2	-221	11.0
P66	hp_lehninger2	extend +1/-2	-220	10.0
P66	hp_lehninger2	extend +1/-2	-219	11.0
P66	hp_lehninger2	extend +1/-2	-218	18.0
P66	hp_lehninger2	extend +1/-2	-217	11.0
P66	hp_lehninger2	extend +1/-2	-216	9.0
P66	hp_lehninger2	extend +1/-2	-215	12.0
P66	hp_lehninger2	extend +1/-2	-214	7.0
P66	hp_lehninger2	extend +1/-2	-213	7.0
P66	hp_lehninger2	extend +1/-2	-212	5.0
P66	hp_lehninger2	extend +1/-2	-211	7.0
P66	hp_lehninger2	extend +1/-2	-210	12.0
P66	hp_lehninger2	extend +1/-2	-209	14.0
P66	hp_lehninger2	extend +1/-2	-208	9.0
P66	hp_lehninger2	extend +1/-2	-207	8.0
P66	hp_lehninger2	extend +1/-2	-206	10.0
P66	hp_lehninger2	extend +1/-2	-205	8.0
P66	hp_lehninger2	extend +1/-2	-204	12.0
P66	hp_lehninger2	extend +1/-2	-203	8.0
P66	hp_lehninger2	extend +1/-2	-202	8.0
P66	hp_lehninger2	extend +1/-2	-201	8.0
P66	hp_lehninger2	extend +1/-2	-200	7.0
P66	hp_lehninger2	extend +1/-2	-199	11.0
P66	hp_lehninger2	extend +1/-2	-198	8.0
P66	hp_lehninger2	extend +1/-2	-197	7.0
P66	hp_lehninger2	extend +1/-2	-196	5.0
P66	hp_lehninger2	extend +1/-2	-195	9.0
P66	hp_lehninger2	extend +1/-2	-194	6.0
P66	hp_lehninger2	extend +1/-2	-193	9.0
P66	hp_lehninger2	extend +1/-2	-192	9.0
P66	hp_lehninger2	extend +1/-2	-191	8.0
P66	hp_lehninger2	extend +1/-2	-190	8.0
P66	hp_lehninger2	extend +1/-2	-189	10.0
P66	hp_lehninger2	extend +1/-2	-188	8.0
P66	hp_lehninger2	extend +1/-2	-187	8.0
P66	hp_lehninger2	extend +1/-2	-186	7.0
P66	hp_lehninger2	extend +1/-2	-185	6.0
P66	hp_lehninger2	extend +1/-2	-184	6.0
P66	hp_lehninger2	extend +1/-2	-183	10.0
P66	hp_lehninger2	extend +1/-2	-182	10.0
P66	hp_lehninger2	extend +1/-2	-181	8.0
P66	hp_lehninger2	extend +1/-2	-180	7.0
P66	hp_lehninger2	extend +1/-2	-179	9.0
P66	hp_lehninger2	extend +1/-2	-178	12.0
P66	hp_lehninger2	extend +1/-2	-177	11.0
P66	hp_lehninger2	extend +1/-2	-176	7.0
P66	hp_lehninger2	extend +1/-2	-175	7.0
P66	hp_lehninger2	extend +1/-2	-174	9.0
P66	hp_lehninger2	extend +1/-2	-173	14.0
P66	hp_lehninger2	extend +1/-2	-172	6.0
P66	hp_lehninger2	extend +1/-2	-171	6.0
P66	hp_lehninger2	extend +1/-2	-170	9.0
P66	hp_lehninger2	extend +1/-2	-169	14.0
P66	hp_lehninger2	extend +1/-2	-168	11.0
P66	hp_lehninger2	extend +1/-2	-167	6.0
P66	hp_lehninger2	extend +1/-2	-166	11.0
P66	hp_lehninger2	extend +1/-2	-165	8.0
P66	hp_lehninger2	extend +1/-2	-164	10.0
P66	hp_lehninger2	extend +1/-2	-163	7.0
P66	hp_lehninger2	extend +1/-2	-162	9.0
P66	hp_lehninger2	extend +1/-2	-161	8.0
P66	hp_lehninger2	extend +1/-2	-160	13.0
P66	hp_lehninger2	extend +1/-2	-159	8.0
P66	hp_lehninger2	extend +1/-2	-158	6.0
P66	hp_lehninger2	extend +1/-2	-157	9.0
P66	hp_lehninger2	extend +1/-2	-156	9.0
P66	hp_lehninger2	extend +1/-2	-155	7.0
P66	hp_lehninger2	extend +1/-2	-154	7.0
P66	hp_lehninger2	extend +1/-2	-153	8.0
P66	hp_lehninger2	extend +1/-2	-152	9.0
P66	hp_lehninger2	extend +1/-2	-151	8.0
P66	hp_lehninger2	extend +1/-2	-150	13.0
P66	hp_lehninger2	extend +1/-2	-149	11.0
P66	hp_lehninger2	extend +1/-2	-148	9.0
P66	hp_lehninger2	extend +1/-2	-147	7.0
P66	hp_lehninger2	extend +1/-2	-146	6.0
P66	hp_lehninger2	extend +1/-2	-145	10.0
P66	hp_lehninger2	extend +1/-2	-144	12.0
P66	hp_lehninger2	extend +1/-2	-143	7.0
P66	hp_lehninger2	extend +1/-2	-142	7.0
P66	hp_lehninger2	extend +1/-2	-141	10.0
P66	hp_lehninger2	extend +1/-2	-140	7.0
P66	hp_lehninger2	extend +1/-2	-139	7.0
P66	hp_lehninger2	extend +1/-2	-138	8.0
P66	hp_lehninger2	extend +1/-2	-137	6.0
P66	hp_lehninger2	extend +1/-2	-136	10.0
P66	hp_lehninger2	extend +1/-2	-135	7.0
P66	hp_lehninger2	extend +1/-2	-134	12.0
P66	hp_lehninger2	extend +1/-2	-133	9.0
P66	hp_lehninger2	extend +1/-2	-132	7.0
P66	hp_lehninger2	extend +1/-2	-131	9.0
P66	hp_lehninger2	extend +1/-2	-130	7.0
P66	hp_lehninger2	extend +1/-2	-129	9.0
P66	hp_lehninger2	extend +1/-2	-128	6.0
P66	hp_lehninger2	extend +1/-2	-127	8.0
P66	hp_lehninger2	extend +1/-2	-126	11.0
P66	hp_lehninger2	extend +1/-2	-125	7.0
P66	hp_lehninger2	extend +1/-2	-124	10.0
P66	hp_lehninger2	extend +1/-2	-123	10.0
P66	hp_lehninger2	extend +1/-2	-122	6.0
P66	hp_lehninger2	extend +1/-2	-121	12.0
P66	hp_lehninger2	extend +1/-2	-120	12.0
P66	hp_lehninger2	extend +1/-2	-119	7.0
P66	hp_lehninger2	extend +1/-2	-118	8.0
P66	hp_lehninger2	extend +1/-2	-117	8.0
P66	hp_lehninger2	extend +1/-2	-116	11.0
P66	hp_lehninger2	extend +1/-2	-115	14.0
P66	hp_lehninger2	extend +1/-2	-114	9.0
P66	hp_lehninger2	extend +1/-2	-113	7.0
P66	hp_lehninger2	extend +1/-2	-112	13.0
P66	hp_lehninger2	extend +1/-2	-111	9.0
P66	hp_lehninger2	extend +1/-2	-110	6.0
P66	hp_lehninger2	extend +1/-2	-109	6.0
P66	hp_lehninger2	extend +1/-2	-108	8.0
P66	hp_lehninger2	extend +1/-2	-107	10.0
P66	hp_lehninger2	extend +1/-2	-106	7.0
P66	hp_lehninger2	extend +1/-2	-105	10.0
P66	hp_lehninger2	extend +1/-2	-104	6.0
P66	hp_lehninger2	extend +1/-2	-103	7.0
P66	hp_lehninger2	extend +1/-2	-102	11.0
P66	hp_lehninger2	extend +1/-2	-101	7.0
P66	hp_lehninger2	extend +1/-2	-100	8.0
P66	hp_lehninger2	extend +1/-2	-99	9.0
P66	hp_lehninger2	extend +1/-2	-98	9.0
P66	hp_lehninger2	extend +1/-2	-97	7.0
P66	hp_lehninger2	extend +1/-2	-96	9.0
P66	hp_lehninger2	extend +1/-2	-95	8.0
P66	hp_lehninger2	extend +1/-2	-94	8.0
P66	hp_lehninger2	extend +1/-2	-93	11.0
P66	hp_lehninger2	extend +1/-2	-92	11.0
P66	hp_lehninger2	extend +1/-2	-91	9.0
P66	hp_lehninger2	extend +1/-2	-90	8.0
P66	hp_lehninger2	extend +1/-2	-89	7.0
P66	hp_lehninger2	extend +1/-2	-88	13.0
P66	hp_lehninger2	extend +1/-2	-87	6.0
P66	hp_lehninger2	extend +1/-2	-86	8.0
P66	hp_lehninger2	extend +1/-2	-85	8.0
P66	hp_lehninger2	extend +1/-2	-84	12.0
P66	hp_lehninger2	extend +1/-2	-83	12.0
P66	hp_lehninger2	extend +1/-2	-82	9.0
P66	hp_lehninger2	extend +1/-2	-81	11.0
P66	hp_lehninger2	extend +1/-2	-80	12.0
P66	hp_lehninger2	extend +1/-2	-79	12.0
P66	hp_lehninger2	extend +1/-2	-78	9.0
P66	hp_lehninger2	extend +1/-2	-77	10.0
P66	hp_lehninger2	extend +1/-2	-76	9.0
P66	hp_lehninger2	extend +1/-2	-75	7.0
P66	hp_lehninger2	extend +1/-2	-74	11.0
P66	hp_lehninger2	extend +1/-2	-73	10.0
P66	hp_lehninger2	extend +1/-2	-72	7.0
P66	hp_lehninger2	extend +1/-2	-71	9.0
P66	hp_lehninger2	extend +1/-2	-70	6.0
P66	hp_lehninger2	extend +1/-2	-69	9.0
P66	hp_lehninger2	extend +1/-2	-68	10.0
P66	hp_lehninger2	extend +1/-2	-67	6.0
P66	hp_lehninger2	extend +1/-2	-66	7.0
P66	hp_lehninger2	extend +1/-2	-65	9.0
P66	hp_lehninger2	extend +1/-2	-64	10.0
P66	hp_lehninger2	extend +1/-2	-63	9.0
P66	hp_lehninger2	extend +1/-2	-62	13.0
P66	hp_lehninger2	extend +1/-2	-61	8.0
P66	hp_lehninger2	extend +1/-2	-60	7.0
P66	hp_lehninger2	extend +1/-2	-59	4.0
P66	hp_lehninger2	extend +1/-2	-58	7.0
P66	hp_lehninger2	extend +1/-2	-57	9.0
P66	hp_lehninger2	extend +1/-2	-56	15.0
P66	hp_lehninger2	extend +1/-2	-55	6.0
P66	hp_lehninger2	extend +1/-2	-54	9.0
P66	hp_lehninger2	extend +1/-2	-53	8.0
P66	hp_lehninger2	extend +1/-2	-52	11.0
P66	hp_lehninger2	extend +1/-2	-51	10.0
P66	hp_lehninger2	extend +1/-2	-50	12.0
P66	hp_lehninger2	extend +1/-2	-49	9.0
P66	hp_lehninger2	extend +1/-2	-48	16.0
P66	hp_lehninger2	extend +1/-2	-47	7.0
P66	hp_lehninger2	extend +1/-2	-46	9.0
P66	hp_lehninger2	extend +1/-2	-45	6.0
P66	hp_lehninger2	extend +1/-2	-44	7.0
P66	hp_lehninger2	extend +1/-2	-43	7.0
P66	hp_lehninger2	extend +1/-2	-42	10.0
P66	hp_lehninger2	extend +1/-2	-41	6.0
P66	hp_lehninger2	extend +1/-2	-40	9.0
P66	hp_lehninger2	extend +1/-2	-39	7.0
P66	hp_lehninger2	extend +1/-2	-38	9.0
P66	hp_lehninger2	extend +1/-2	-37	11.0
P66	hp_lehninger2	extend +1/-2	-36	13.0
P66	hp_lehninger2	extend +1/-2	-35	11.0
P66	hp_lehninger2	extend +1/-2	-34	9.0
P66	hp_lehninger2	extend +1/-2	-33	10.0
P66	hp_lehninger2	extend +1/-2	-32	10.0
P66	hp_lehninger2	extend +1/-2	-31	6.0
P66	hp_lehninger2	extend +1/-2	-30	9.0
P66	hp_lehninger2	extend +1/-2	-29	7.0
P66	hp_lehninger2	extend +1/-2	-28	9.0
P66	hp_lehninger2	extend +1/-2	-27	8.0
P66	hp_lehninger2	extend +1/-2	-26	14.0
P66	hp_lehninger2	extend +1/-2	-25	9.0
P66	hp_lehninger2	extend +1/-2	-24	6.0
P66	hp_lehninger2	extend +1/-2	-23	10.0
P66	hp_lehninger2	extend +1/-2	-22	9.0
P66	hp_lehninger2	extend +1/-2	-21	7.0
P66	hp_lehninger2	extend +1/-2	-20	12.0
P66	hp_lehninger2	extend +1/-2	-19	6.0
P66	hp_lehninger2	extend +1/-2	-18	11.0
P66	hp_lehninger2	extend +1/-2	-17	8.0
P66	hp_lehninger2	extend +1/-2	-16	14.0
P66	hp_lehninger2	extend +1/-2	-15	8.0
P66	hp_lehninger2	extend +1/-2	-14	8.0
P66	hp_lehninger2	extend +1/-2	-13	12.0
P66	hp_lehninger2	extend +1/-2	-12	11.0
P66	hp_lehninger2	extend +1/-2	-11	9.0
P66	hp_lehninger2	extend +1/-2	-10	11.0
P66	hp_lehninger2	extend +1/-2	-9	10.0
P66	hp_lehninger2	extend +1/-2	-8	6.0
P66	hp_lehninger2	extend +1/-2	-7	10.0
P66	hp_lehninger2	extend +1/-2	-6	9.0
P66	hp_lehninger2	extend +1/-2	-5	7.0
P66	hp_lehninger2	extend +1/-2	-4	6.0
P66	hp_lehninger2	extend +1/-2	-3	9.0
P66	hp_lehninger2	extend +1/-2	-2	9.0
P66	hp_lehninger2	extend +1/-2	-1	7.0
P66	hp_lehninger2	extend +1/-2	0	11.0
P66	hp_lehninger2	extend +1/-2	1	19.0
P66	hp_lehninger2	extend +1/-2	2	8.0
P66	hp_lehninger2	extend +1/-2	3	11.0
P66	hp_lehninger2	extend +1/-2	4	5.0
P66	hp_lehninger2	extend +1/-2	5	11.0
P66	hp_lehninger2	extend +1/-2	6	9.0
P66	hp_lehninger2	extend +1/-2	7	7.0
P66	hp_lehninger2	extend +1/-2	8	9.0
P66	hp_lehninger2	extend +1/-2	9	11.0
P66	hp_lehninger2	extend +1/-2	10	12.0
P66	hp_lehninger2	extend +1/-2	11	8.0
P66	hp_lehninger2	extend +1/-2	12	12.0
P66	hp_lehninger2	extend +1/-2	13	9.0
P66	hp_lehninger2	extend +1/-2	14	11.0
P66	hp_lehninger2	extend +1/-2	15	10.0
P66	hp_lehninger2	extend +1/-2	16	7.0
P66	hp_lehninger2	extend +1/-2	17	9.0
P66	hp_lehninger2	extend +1/-2	18	9.0
P66	hp_lehninger2	extend +1/-2	19	10.0
P66	hp_lehninger2	extend +1/-2	20	6.0
P66	hp_lehninger2	extend +1/-2	21	9.0
P66	hp_lehninger2	extend +1/-2	22	7.0
P66	hp_lehninger2	extend +1/-2	23	9.0
P66	hp_lehninger2	extend +1/-2	24	7.0
P66	hp_lehninger2	extend +1/-2	25	8.0
P66	hp_lehninger2	extend +1/-2	26	7.0
P66	hp_lehninger2	extend +1/-2	27	11.0
P66	hp_lehninger2	extend +1/-2	28	9.0
P66	hp_lehninger2	extend +1/-2	29	8.0
P66	hp_lehninger2	extend +1/-2	30	12.0
P66	hp_lehninger2	extend +1/-2	31	10.0
P66	hp_lehninger2	extend +1/-2	32	6.0
P66	hp_lehninger2	extend +1/-2	33	8.0
P66	hp_lehninger2	extend +1/-2	34	10.0
P66	hp_lehninger2	extend +1/-2	35	8.0
P66	hp_lehninger2	extend +1/-2	36	11.0
P66	hp_lehninger2	extend +1/-2	37	8.0
P66	hp_lehninger2	extend +1/-2	38	11.0
P66	hp_lehninger2	extend +1/-2	39	10.0
P66	hp_lehninger2	extend +1/-2	40	11.0
P66	hp_lehninger2	extend +1/-2	41	9.0
P66	hp_lehninger2	extend +1/-2	42	8.0
P66	hp_lehninger2	extend +1/-2	43	12.0
P66	hp_lehninger2	extend +1/-2	44	9.0
P66	hp_lehninger2	extend +1/-2	45	12.0
P66	hp_lehninger2	extend +1/-2	46	7.0
P66	hp_lehninger2	extend +1/-2	47	8.0
P66	hp_lehninger2	extend +1/-2	48	8.0
P66	hp_lehninger2	extend +1/-2	49	12.0
P66	hp_lehninger2	extend +1/-2	50	10.0
P66	hp_lehninger2	extend +1/-2	51	10.0
P66	hp_lehninger2	extend +1/-2	52	7.0
P66	hp_lehninger2	extend +1/-2	53	9.0
P66	hp_lehninger2	extend +1/-2	54	11.0
P66	hp_lehninger2	extend +1/-2	55	8.0
P66	hp_lehninger2	extend +1/-2	56	10.0
P66	hp_lehninger2	extend +1/-2	57	13.0
P66	hp_lehninger2	extend +1/-2	58	8.0
P66	hp_lehninger2	extend +1/-2	59	6.0
P66	hp_lehninger2	extend +1/-2	60	17.0
P66	hp_lehninger2	extend +1/-2	61	7.0
P66	hp_lehninger2	extend +1/-2	62	7.0
P66	hp_lehninger2	extend +1/-2	63	10.0
P66	hp_lehninger2	extend +1/-2	64	8.0
P66	hp_lehninger2	extend +1/-2	65	10.0
P66	hp_lehninger2	extend +1/-2	66	8.0
P66	hp_lehninger2	extend +1/-2	67	7.0
P66	hp_lehninger2	extend +1/-2	68	9.0
P66	hp_lehninger2	extend +1/-2	69	8.0
P66	hp_lehninger2	extend +1/-2	70	8.0
P66	hp_lehninger2	extend +1/-2	71	8.0
P66	hp_lehninger2	extend +1/-2	72	7.0
P66	hp_lehninger2	extend +1/-2	73	7.0
P66	hp_lehninger2	extend +1/-2	74	7.0
P66	hp_lehninger2	extend +1/-2	75	5.0
P66	hp_lehninger2	extend +1/-2	76	11.0
P66	hp_lehninger2	extend +1/-2	77	7.0
P66	hp_lehninger2	extend +1/-2	78	5.0
P66	hp_lehninger2	extend +1/-2	79	9.0
P66	hp_lehninger2	extend +1/-2	80	8.0
P66	hp_lehninger2	extend +1/-2	81	11.0
P66	hp_lehninger2	extend +1/-2	82	9.0
P66	hp_lehninger2	extend +1/-2	83	10.0
P66	hp_lehninger2	extend +1/-2	84	8.0
P66	hp_lehninger2	extend +1/-2	85	9.0
P66	hp_lehninger2	extend +1/-2	86	8.0
P66	hp_lehninger2	extend +1/-2	87	6.0
P66	hp_lehninger2	extend +1/-2	88	11.0
P66	hp_lehninger2	extend +1/-2	89	9.0
P66	hp_lehninger2	extend +1/-2	90	5.0
P66	hp_lehninger2	extend +1/-2	91	8.0
P66	hp_lehninger2	extend +1/-2	92	8.0
P66	hp_lehninger2	extend +1/-2	93	9.0
P66	hp_lehninger2	extend +1/-2	94	6.0
P66	hp_lehninger2	extend +1/-2	95	11.0
P66	hp_lehninger2	extend +1/-2	96	8.0
P66	hp_lehninger2	extend +1/-2	97	7.0
P66	hp_lehninger2	extend +1/-2	98	9.0
P66	hp_lehninger2	extend +1/-2	99	11.0
P66	hp_lehninger2	extend +1/-2	100	8.0
P66	hp_lehninger2	extend +1/-2	101	8.0
P66	hp_lehninger2	extend +1/-2	102	11.0
P66	hp_lehninger2	extend +1/-2	103	5.0
P66	hp_lehninger2	extend +1/-2	104	5.0
P66	hp_lehninger2	extend +1/-2	105	8.0
P66	hp_lehninger2	extend +1/-2	106	8.0
P66	hp_lehninger2	extend +1/-2	107	7.0
P66	hp_lehninger2	extend +1/-2	108	9.0
P66	hp_lehninger2	extend +1/-2	109	9.0
P66	hp_lehninger2	extend +1/-2	110	6.0
P66	hp_lehninger2	extend +1/-2	111	7.0
P66	hp_lehninger2	extend +1/-2	112	10.0
P66	hp_lehninger2	extend +1/-2	113	9.0
P66	hp_lehninger2	extend +1/-2	114	9.0
P66	hp_lehninger2	extend +1/-2	115	6.0
P66	hp_lehninger2	extend +1/-2	116	17.0
P66	hp_lehninger2	extend +1/-2	117	11.0
P66	hp_lehninger2	extend +1/-2	118	6.0
P66	hp_lehninger2	extend +1/-2	119	6.0
P66	hp_lehninger2	extend +1/-2	120	7.0
P66	hp_lehninger2	extend +1/-2	121	12.0
P66	hp_lehninger2	extend +1/-2	122	7.0
P66	hp_lehninger2	extend +1/-2	123	7.0
P66	hp_lehninger2	extend +1/-2	124	6.0
P66	hp_lehninger2	extend +1/-2	125	6.0
P66	hp_lehninger2	extend +1/-2	126	11.0
P66	hp_lehninger2	extend +1/-2	127	6.0
P66	hp_lehninger2	extend +1/-2	128	4.0
P66	hp_lehninger2	extend +1/-2	129	6.0
P66	hp_lehninger2	extend +1/-2	130	7.0
P66	hp_lehninger2	extend +1/-2	131	7.0
P66	hp_lehninger2	extend +1/-2	132	5.0
P66	hp_lehninger2	extend +1/-2	133	6.0
P66	hp_lehninger2	extend +1/-2	134	7.0
P66	hp_lehninger2	extend +1/-2	135	8.0
P66	hp_lehninger2	extend +1/-2	136	9.0
P66	hp_lehninger2	extend +1/-2	137	6.0
P66	hp_lehninger2	extend +1/-2	138	7.0
P66	hp_lehninger2	extend +1/-2	139	7.0
P66	hp_lehninger2	extend +1/-2	140	5.0
P66	hp_lehninger2	extend +1/-2	141	10.0
P66	hp_lehninger2	extend +1/-2	142	5.0
P66	hp_lehninger2	extend +1/-2	143	8.0
P66	hp_lehninger2	extend +1/-2	144	6.0
P66	hp_lehninger2	extend +1/-2	145	6.0
P66	hp_lehninger2	extend +1/-2	146	6.0
P66	hp_lehninger2	extend +1/-2	147	8.0
P66	hp_lehninger2	extend +1/-2	148	7.0
P66	hp_lehninger2	extend +1/-2	149	8.0
P66	hp_lehninger2	extend +1/-2	150	6.0
P66	hp_lehninger2	extend +1/-2	151	8.0
P66	hp_lehninger2	extend +1/-2	152	5.0
P66	hp_lehninger2	extend +1/-2	153	6.0
P66	hp_lehninger2	extend +1/-2	154	7.0
P66	hp_lehninger2	extend +1/-2	155	6.0
P66	hp_lehninger2	extend +1/-2	156	14.0
P66	hp_lehninger2	extend +1/-2	157	8.0
P66	hp_lehninger2	extend +1/-2	158	7.0
P66	hp_lehninger2	extend +1/-2	159	8.0
P66	hp_lehninger2	extend +1/-2	160	7.0
P66	hp_lehninger2	extend +1/-2	161	5.0
P66	hp_lehninger2	extend +1/-2	162	6.0
P66	hp_lehninger2	extend +1/-2	163	8.0
P66	hp_lehninger2	extend +1/-2	164	8.0
P66	hp_lehninger2	extend +1/-2	165	7.0
P66	hp_lehninger2	extend +1/-2	166	8.0
P66	hp_lehninger2	extend +1/-2	167	8.0
P66	hp_lehninger2	extend +1/-2	168	9.0
P66	hp_lehninger2	extend +1/-2	169	8.0
P66	hp_lehninger2	extend +1/-2	170	6.0
P66	hp_lehninger2	extend +1/-2	171	6.0
P66	hp_lehninger2	extend +1/-2	172	6.0
P66	hp_lehninger2	extend +1/-2	173	9.0
P66	hp_lehninger2	extend +1/-2	174	7.0
P66	hp_lehninger2	extend +1/-2	175	10.0
P66	hp_lehninger2	extend +1/-2	176	9.0
P66	hp_lehninger2	extend +1/-2	177	9.0
P66	hp_lehninger2	extend +1/-2	178	5.0
P66	hp_lehninger2	extend +1/-2	179	10.0
P66	hp_lehninger2	extend +1/-2	180	6.0
P66	hp_lehninger2	extend +1/-2	181	7.0
P66	hp_lehninger2	extend +1/-2	182	7.0
P66	hp_lehninger2	extend +1/-2	183	7.0
P66	hp_lehninger2	extend +1/-2	184	7.0
P66	hp_lehninger2	extend +1/-2	185	6.0
P66	hp_lehninger2	extend +1/-2	186	8.0
P66	hp_lehninger2	extend +1/-2	187	9.0
P66	hp_lehninger2	extend +1/-2	188	6.0
P66	hp_lehninger2	extend +1/-2	189	6.0
P66	hp_lehninger2	extend +1/-2	190	7.0
P66	hp_lehninger2	extend +1/-2	191	7.0
P66	hp_lehninger2	extend +1/-2	192	7.0
P66	hp_lehninger2	extend +1/-2	193	6.0
P66	hp_lehninger2	extend +1/-2	194	5.0
P66	hp_lehninger2	extend +1/-2	195	7.0
P66	hp_lehninger2	extend +1/-2	196	6.0
P66	hp_lehninger2	extend +1/-2	197	7.0
P66	hp_lehninger2	extend +1/-2	198	5.0
P66	hp_lehninger2	extend +1/-2	199	8.0
P66	hp_lehninger2	extend +1/-2	200	4.0
P66	hp_lehninger2	extend +1/-2	201	7.0
P66	hp_lehninger2	extend +1/-2	202	4.0
P66	hp_lehninger2	extend +1/-2	203	9.0
P66	hp_lehninger2	extend +1/-2	204	7.0
P66	hp_lehninger2	extend +1/-2	205	8.0
P66	hp_lehninger2	extend +1/-2	206	8.0
P66	hp_lehninger2	extend +1/-2	207	5.0
P66	hp_lehninger2	extend +1/-2	208	8.0
P66	hp_lehninger2	extend +1/-2	209	5.0
P66	hp_lehninger2	extend +1/-2	210	6.0
P66	hp_lehninger2	extend +1/-2	211	7.0
P66	hp_lehninger2	extend +1/-2	212	8.0
P66	hp_lehninger2	extend +1/-2	213	6.0
P66	hp_lehninger2	extend +1/-2	214	6.0
P66	hp_lehninger2	extend +1/-2	215	9.0
P66	hp_lehninger2	extend +1/-2	216	5.0
P66	hp_lehninger2	extend +1/-2	217	6.0
P66	hp_lehninger2	extend +1/-2	218	6.0
P66	hp_lehninger2	extend +1/-2	219	5.0
P66	hp_lehninger2	extend +1/-2	220	4.0
P66	hp_lehninger2	extend +1/-2	221	6.0
P66	hp_lehninger2	extend +1/-2	222	6.0
P66	hp_lehninger2	extend +1/-2	223	7.0
P66	hp_lehninger2	extend +1/-2	224	6.0
P66	hp_lehninger2	extend +1/-2	225	4.0
P66	hp_lehninger2	extend +1/-2	226	7.0
P66	hp_lehninger2	extend +1/-2	227	8.0
P66	hp_lehninger2	extend +1/-2	228	4.0
P66	hp_lehninger2	extend +1/-2	229	5.0
P66	hp_lehninger2	extend +1/-2	230	4.0
P66	hp_lehninger2	extend +1/-2	231	4.0
P66	hp_lehninger2	extend +1/-2	232	7.0
P66	hp_lehninger2	extend +1/-2	233	5.0
P66	hp_lehninger2	extend +1/-2	234	7.0
P66	hp_lehninger2	extend +1/-2	235	6.0
P66	hp_lehninger2	extend +1/-2	236	6.0
P66	hp_lehninger2	extend +1/-2	237	5.0
P66	hp_lehninger2	extend +1/-2	238	4.0
P66	hp_lehninger2	extend +1/-2	239	6.0
P66	hp_lehninger2	extend +1/-2	240	4.0
P66	hp_lehninger2	extend +1/-2	241	6.0
P66	hp_lehninger2	extend +1/-2	242	4.0
P66	hp_lehninger2	extend +1/-2	243	8.0
P66	hp_lehninger2	extend +1/-2	244	7.0
P66	hp_lehninger2	extend +1/-2	245	8.0
P66	hp_lehninger2	extend +1/-2	246	8.0
P66	hp_lehninger2	extend +1/-2	247	7.0
P66	hp_lehninger2	extend +1/-2	248	5.0
P66	hp_lehninger2	extend +1/-2	249	7.0
P66	hp_lehninger2	extend +1/-2	250	5.0
P66	hp_lehninger2	extend +1/-2	251	6.0
P66	hp_lehninger2	extend +1/-2	252	4.0
P66	hp_lehninger2	extend +1/-2	253	5.0
P66	hp_lehninger2	extend +1/-2	254	6.0
P66	hp_lehninger2	extend +1/-2	255	14.0
P66	hp_lehninger2	extend +1/-2	256	5.0
P66	hp_lehninger2	extend +1/-2	257	4.0
P66	hp_lehninger2	extend +1/-2	258	6.0
P66	hp_lehninger2	extend +1/-2	259	5.0
P66	hp_lehninger2	extend +1/-2	260	5.0
P66	hp_lehninger2	extend +1/-2	261	4.0
P66	hp_lehninger2	extend +1/-2	262	5.0
P66	hp_lehninger2	extend +1/-2	263	6.0
P66	hp_lehninger2	extend +1/-2	264	8.0
P66	hp_lehninger2	extend +1/-2	265	6.0
P66	hp_lehninger2	extend +1/-2	266	3.0
P66	hp_lehninger2	extend +1/-2	267	3.0
P66	hp_lehninger2	extend +1/-2	268	5.0
P66	hp_lehninger2	extend +1/-2	269	6.0
P66	hp_lehninger2	extend +1/-2	270	5.0
P66	hp_lehninger2	extend +1/-2	271	6.0
P66	hp_lehninger2	extend +1/-2	272	16.0
P66	hp_lehninger2	extend +1/-2	273	4.0
P66	hp_lehninger2	extend +1/-2	274	5.0
P66	hp_lehninger2	extend +1/-2	275	9.0
P66	hp_lehninger2	extend +1/-2	276	4.0
P66	hp_lehninger2	extend +1/-2	277	5.0
P66	hp_lehninger2	extend +1/-2	278	3.0
P66	hp_lehninger2	extend +1/-2	279	4.0
P66	hp_lehninger2	extend +1/-2	280	4.0
P66	hp_lehninger2	extend +1/-2	281	4.0
P66	hp_lehninger2	extend +1/-2	282	6.0
P66	hp_lehninger2	extend +1/-2	283	3.0
P66	hp_lehninger2	extend +1/-2	284	5.0
P66	hp_lehninger2	extend +1/-2	285	5.0
P66	hp_lehninger2	extend +1/-2	286	3.0
P66	hp_lehninger2	extend +1/-2	287	5.0
P66	hp_lehninger2	extend +1/-2	288	5.0
P66	hp_lehninger2	extend +1/-2	289	7.0
P66	hp_lehninger2	extend +1/-2	290	5.0
P66	hp_lehninger2	extend +1/-2	291	5.0
P66	hp_lehninger2	extend +1/-2	292	6.0
P66	hp_lehninger2	extend +1/-2	293	6.0
P66	hp_lehninger2	extend +1/-2	294	2.0
P66	hp_lehninger2	extend +1/-2	295	3.0
P66	hp_lehninger2	extend +1/-2	296	5.0
P66	hp_lehninger2	extend +1/-2	297	3.0
P66	hp_lehninger2	extend +1/-2	298	6.0
P66	hp_lehninger2	extend +1/-2	299	7.0
P66	hp_lehninger2	extend +1/-2	300	6.0
P66	hp_lehninger2	extend +1/-2	301	2.0
P66	hp_lehninger2	extend +1/-2	302	5.0
P66	hp_lehninger2	extend +1/-2	303	5.0
P66	hp_lehninger2	extend +1/-2	304	4.0
P66	hp_lehninger2	extend +1/-2	305	2.0
P66	hp_lehninger2	extend +1/-2	306	4.0
P66	hp_lehninger2	extend +1/-2	307	2.0
P66	hp_lehninger2	extend +1/-2	308	3.0
P66	hp_lehninger2	extend +1/-2	309	10.0
P66	hp_lehninger2	extend +1/-2	310	4.0
P66	hp_lehninger2	extend +1/-2	311	2.0
P66	hp_lehninger2	extend +1/-2	312	2.0
P66	hp_lehninger2	extend +1/-2	313	1.0
P66	hp_lehninger2	extend +1/-2	314	2.0
P66	hp_lehninger2	extend +1/-2	315	4.0
P66	hp_lehninger2	extend +1/-2	316	5.0
P66	hp_lehninger2	extend +1/-2	317	2.0
P66	hp_lehninger2	extend +1/-2	318	1.0
P66	hp_lehninger2	extend +1/-2	319	2.0
P66	hp_lehninger2	extend +1/-2	320	1.0
P66	hp_lehninger2	extend +1/-2	321	1.0
