query	alphabet	scheme	rank	gene	protein	length	score	is_partner
CED-9	hp_thomas_dill2	exact k=8	1	TEX15	ENSP00000493555.1	3172	30.0	0.0
CED-9	hp_thomas_dill2	exact k=8	2	CFAP58	ENSP00000358718.3	872	29.0	0.0
CED-9	hp_thomas_dill2	exact k=8	3	MYH16	ENSP00000521006.2	1114	28.0	0.0
CED-9	hp_thomas_dill2	exact k=8	3	RNF213	ENSP00000464087.1	5207	28.0	0.0
CED-9	hp_thomas_dill2	exact k=8	5	KIDINS220	ENSP00000256707.4	1771	27.0	0.0
CED-9	hp_thomas_dill2	exact k=8	5	CNTRL	ENSP00000362962.1	2325	27.0	0.0
CED-9	hp_thomas_dill2	exact k=8	5	HDC	ENSP00000267845.3	662	27.0	0.0
CED-9	hp_thomas_dill2	exact k=8	5	KIAA0753	ENSP00000355250.3	967	27.0	0.0
CED-9	hp_thomas_dill2	exact k=8	5	IQSEC2	ENSP00000495726.1	1488	27.0	0.0
CED-9	hp_thomas_dill2	exact k=8	10	DOCK7	ENSP00000489124.1	2140	26.0	0.0
CED-9	hp_thomas_dill2	exact k=8, scaled 2	1	KIAA0753	ENSP00000355250.3	967	18.0	0.0
CED-9	hp_thomas_dill2	exact k=8, scaled 2	1	RPGR	ENSP00000495537.1	1152	18.0	0.0
CED-9	hp_thomas_dill2	exact k=8, scaled 2	3	POLR2B	ENSP00000312735.5	1174	17.0	0.0
CED-9	hp_thomas_dill2	exact k=8, scaled 2	3	ICE1	ENSP00000296564.7	2266	17.0	0.0
CED-9	hp_thomas_dill2	exact k=8, scaled 2	3	TEX15	ENSP00000493555.1	3172	17.0	0.0
CED-9	hp_thomas_dill2	exact k=8, scaled 2	3	PRRC2B	ENSP00000508048.1	2229	17.0	0.0
CED-9	hp_thomas_dill2	exact k=8, scaled 2	3	COL2A1	ENSP00000369889.3	1487	17.0	0.0
CED-9	hp_thomas_dill2	exact k=8, scaled 2	3	SPMIP8	ENSP00000401917.3	216	17.0	0.0
CED-9	hp_thomas_dill2	exact k=8, scaled 2	3	IQSEC2	ENSP00000495726.1	1488	17.0	0.0
CED-9	hp_thomas_dill2	exact k=8, scaled 2	10	METTL8	ENSP00000364407.4	407	16.0	0.0
CED-9	hp_thomas_dill2	exact k=10	1	DOCK7	ENSP00000489124.1	2140	24.0	0.0
CED-9	hp_thomas_dill2	exact k=10	1	MYH16	ENSP00000521006.2	1114	24.0	0.0
CED-9	hp_thomas_dill2	exact k=10	3	TEX15	ENSP00000493555.1	3172	23.0	0.0
CED-9	hp_thomas_dill2	exact k=10	4	NPHP3	ENSP00000338766.5	1330	22.0	0.0
CED-9	hp_thomas_dill2	exact k=10	4	ENSG00000283782	ENSP00000492349.2	1213	22.0	0.0
CED-9	hp_thomas_dill2	exact k=10	4	RAD50	ENSP00000368100.4	1312	22.0	0.0
CED-9	hp_thomas_dill2	exact k=10	4	FNTA	ENSP00000303423.3	379	22.0	0.0
CED-9	hp_thomas_dill2	exact k=10	4	CCDC88B	ENSP00000349238.5	1476	22.0	0.0
CED-9	hp_thomas_dill2	exact k=10	4	RNF213	ENSP00000464087.1	5207	22.0	0.0
CED-9	hp_thomas_dill2	exact k=10	4	MECP2	ENSP00000395535.2	498	22.0	0.0
CED-9	hp_thomas_dill2	exact k=10, scaled 2	1	MYH16	ENSP00000521006.2	1114	14.0	0.0
CED-9	hp_thomas_dill2	exact k=10, scaled 2	2	DOCK7	ENSP00000489124.1	2140	13.0	0.0
CED-9	hp_thomas_dill2	exact k=10, scaled 2	2	CNTRL	ENSP00000362962.1	2325	13.0	0.0
CED-9	hp_thomas_dill2	exact k=10, scaled 2	2	CFAP58	ENSP00000358718.3	872	13.0	0.0
CED-9	hp_thomas_dill2	exact k=10, scaled 2	5	KIDINS220	ENSP00000256707.4	1771	12.0	0.0
CED-9	hp_thomas_dill2	exact k=10, scaled 2	5	NPHP3	ENSP00000338766.5	1330	12.0	0.0
CED-9	hp_thomas_dill2	exact k=10, scaled 2	5	SLF1	ENSP00000265140.5	1058	12.0	0.0
CED-9	hp_thomas_dill2	exact k=10, scaled 2	5	SYNE1	ENSP00000356224.5	8797	12.0	0.0
CED-9	hp_thomas_dill2	exact k=10, scaled 2	5	GARIN1B	ENSP00000477573.2	342	12.0	0.0
CED-9	hp_thomas_dill2	exact k=10, scaled 2	5	TEX15	ENSP00000493555.1	3172	12.0	0.0
CED-9	hp_thomas_dill2	exact k=12	1	DOCK7	ENSP00000489124.1	2140	22.0	0.0
CED-9	hp_thomas_dill2	exact k=12	1	MYH16	ENSP00000521006.2	1114	22.0	0.0
CED-9	hp_thomas_dill2	exact k=12	3	FNTA	ENSP00000303423.3	379	20.0	0.0
CED-9	hp_thomas_dill2	exact k=12	3	CCDC88B	ENSP00000349238.5	1476	20.0	0.0
CED-9	hp_thomas_dill2	exact k=12	3	MECP2	ENSP00000395535.2	498	20.0	0.0
CED-9	hp_thomas_dill2	exact k=12	6	NPHP3	ENSP00000338766.5	1330	19.0	0.0
CED-9	hp_thomas_dill2	exact k=12	6	TEX15	ENSP00000493555.1	3172	19.0	0.0
CED-9	hp_thomas_dill2	exact k=12	8	KIF15	ENSP00000324020.4	1388	18.0	0.0
CED-9	hp_thomas_dill2	exact k=12	8	CRYBG3	ENSP00000374273.3	2970	18.0	0.0
CED-9	hp_thomas_dill2	exact k=12	8	ENSG00000283782	ENSP00000492349.2	1213	18.0	0.0
CED-9	hp_thomas_dill2	exact k=12, scaled 2	1	MYH16	ENSP00000521006.2	1114	14.0	0.0
CED-9	hp_thomas_dill2	exact k=12, scaled 2	2	THEMIS	ENSP00000357231.2	641	13.0	0.0
CED-9	hp_thomas_dill2	exact k=12, scaled 2	3	THEMIS2	ENSP00000363031.3	643	12.0	0.0
CED-9	hp_thomas_dill2	exact k=12, scaled 2	3	HDC	ENSP00000267845.3	662	12.0	0.0
CED-9	hp_thomas_dill2	exact k=12, scaled 2	3	RIMBP3	ENSP00000483386.1	1639	12.0	0.0
CED-9	hp_thomas_dill2	exact k=12, scaled 2	6	RAI14	ENSP00000265109.3	980	11.0	0.0
CED-9	hp_thomas_dill2	exact k=12, scaled 2	6	PCLO	ENSP00000334319.8	5142	11.0	0.0
CED-9	hp_thomas_dill2	exact k=12, scaled 2	6	DMTF1	ENSP00000332171.7	760	11.0	0.0
CED-9	hp_thomas_dill2	exact k=12, scaled 2	6	CNTRL	ENSP00000362962.1	2325	11.0	0.0
CED-9	hp_thomas_dill2	exact k=12, scaled 2	6	RTN3	ENSP00000367050.5	1032	11.0	0.0
CED-9	hp_thomas_dill2	exact k=14	1	DOCK7	ENSP00000489124.1	2140	20.0	0.0
CED-9	hp_thomas_dill2	exact k=14	1	MYH16	ENSP00000521006.2	1114	20.0	0.0
CED-9	hp_thomas_dill2	exact k=14	3	FNTA	ENSP00000303423.3	379	18.0	0.0
CED-9	hp_thomas_dill2	exact k=14	3	CCDC88B	ENSP00000349238.5	1476	18.0	0.0
CED-9	hp_thomas_dill2	exact k=14	3	MECP2	ENSP00000395535.2	498	18.0	0.0
CED-9	hp_thomas_dill2	exact k=14	6	NPHP3	ENSP00000338766.5	1330	17.0	0.0
CED-9	hp_thomas_dill2	exact k=14	7	KIF15	ENSP00000324020.4	1388	16.0	0.0
CED-9	hp_thomas_dill2	exact k=14	7	CRYBG3	ENSP00000374273.3	2970	16.0	0.0
CED-9	hp_thomas_dill2	exact k=14	7	AP2A2	ENSP00000413234.3	939	16.0	0.0
CED-9	hp_thomas_dill2	exact k=14	7	NIN	ENSP00000436092.2	2133	16.0	0.0
CED-9	hp_thomas_dill2	exact k=14, scaled 2	1	MECP2	ENSP00000395535.2	498	14.0	0.0
CED-9	hp_thomas_dill2	exact k=14, scaled 2	2	TNFSF14	ENSP00000502837.1	240	12.0	0.0
CED-9	hp_thomas_dill2	exact k=14, scaled 2	3	SPCS3	ENSP00000427463.1	180	11.0	0.0
CED-9	hp_thomas_dill2	exact k=14, scaled 2	3	HIVEP1	ENSP00000368698.2	2718	11.0	0.0
CED-9	hp_thomas_dill2	exact k=14, scaled 2	3	FNTA	ENSP00000303423.3	379	11.0	0.0
CED-9	hp_thomas_dill2	exact k=14, scaled 2	3	MPHOSPH9	ENSP00000475489.1	1183	11.0	0.0
CED-9	hp_thomas_dill2	exact k=14, scaled 2	3	CCDC85C	ENSP00000369592.4	419	11.0	0.0
CED-9	hp_thomas_dill2	exact k=14, scaled 2	8	DPP10	ENSP00000386565.1	796	10.0	0.0
CED-9	hp_thomas_dill2	exact k=14, scaled 2	8	GABRB1	ENSP00000295454.3	474	10.0	0.0
CED-9	hp_thomas_dill2	exact k=14, scaled 2	8	TNXB	ENSP00000496448.1	4244	10.0	0.0
CED-9	hp_thomas_dill2	exact k=16	1	DOCK7	ENSP00000489124.1	2140	18.0	0.0
CED-9	hp_thomas_dill2	exact k=16	1	MYH16	ENSP00000521006.2	1114	18.0	0.0
CED-9	hp_thomas_dill2	exact k=16	3	FNTA	ENSP00000303423.3	379	16.0	0.0
CED-9	hp_thomas_dill2	exact k=16	3	CCDC88B	ENSP00000349238.5	1476	16.0	0.0
CED-9	hp_thomas_dill2	exact k=16	3	MECP2	ENSP00000395535.2	498	16.0	0.0
CED-9	hp_thomas_dill2	exact k=16	6	NPHP3	ENSP00000338766.5	1330	15.0	0.0
CED-9	hp_thomas_dill2	exact k=16	7	KIF15	ENSP00000324020.4	1388	14.0	0.0
CED-9	hp_thomas_dill2	exact k=16	7	CRYBG3	ENSP00000374273.3	2970	14.0	0.0
CED-9	hp_thomas_dill2	exact k=16	7	AP2A2	ENSP00000413234.3	939	14.0	0.0
CED-9	hp_thomas_dill2	exact k=16	7	NIN	ENSP00000436092.2	2133	14.0	0.0
CED-9	hp_thomas_dill2	exact k=16, scaled 2	1	DOCK7	ENSP00000489124.1	2140	13.0	0.0
CED-9	hp_thomas_dill2	exact k=16, scaled 2	1	CCDC88B	ENSP00000349238.5	1476	13.0	0.0
CED-9	hp_thomas_dill2	exact k=16, scaled 2	3	KIF15	ENSP00000324020.4	1388	12.0	0.0
CED-9	hp_thomas_dill2	exact k=16, scaled 2	3	NIN	ENSP00000436092.2	2133	12.0	0.0
CED-9	hp_thomas_dill2	exact k=16, scaled 2	5	TTC13	ENSP00000355621.4	860	11.0	0.0
CED-9	hp_thomas_dill2	exact k=16, scaled 2	5	CRYBG3	ENSP00000374273.3	2970	11.0	0.0
CED-9	hp_thomas_dill2	exact k=16, scaled 2	5	MYH11	ENSP00000300036.5	1972	11.0	0.0
CED-9	hp_thomas_dill2	exact k=16, scaled 2	5	MYH10	ENSP00000353590.4	2007	11.0	0.0
CED-9	hp_thomas_dill2	exact k=16, scaled 2	5	MYH9	ENSP00000216181.6	1960	11.0	0.0
CED-9	hp_thomas_dill2	exact k=16, scaled 2	5	MECP2	ENSP00000395535.2	498	11.0	0.0
CED-9	hp_thomas_dill2	exact k=18	1	DOCK7	ENSP00000489124.1	2140	16.0	0.0
CED-9	hp_thomas_dill2	exact k=18	1	MYH16	ENSP00000521006.2	1114	16.0	0.0
CED-9	hp_thomas_dill2	exact k=18	3	FNTA	ENSP00000303423.3	379	14.0	0.0
CED-9	hp_thomas_dill2	exact k=18	3	CCDC88B	ENSP00000349238.5	1476	14.0	0.0
CED-9	hp_thomas_dill2	exact k=18	3	MECP2	ENSP00000395535.2	498	14.0	0.0
CED-9	hp_thomas_dill2	exact k=18	6	NPHP3	ENSP00000338766.5	1330	13.0	0.0
CED-9	hp_thomas_dill2	exact k=18	7	KIF15	ENSP00000324020.4	1388	12.0	0.0
CED-9	hp_thomas_dill2	exact k=18	7	CRYBG3	ENSP00000374273.3	2970	12.0	0.0
CED-9	hp_thomas_dill2	exact k=18	7	AP2A2	ENSP00000413234.3	939	12.0	0.0
CED-9	hp_thomas_dill2	exact k=18	7	NIN	ENSP00000436092.2	2133	12.0	0.0
CED-9	hp_thomas_dill2	exact k=18, scaled 2	1	MECP2	ENSP00000395535.2	498	10.0	0.0
CED-9	hp_thomas_dill2	exact k=18, scaled 2	2	DOCK7	ENSP00000489124.1	2140	8.0	0.0
CED-9	hp_thomas_dill2	exact k=18, scaled 2	2	CRYBG3	ENSP00000374273.3	2970	8.0	0.0
CED-9	hp_thomas_dill2	exact k=18, scaled 2	2	ANKRD17	ENSP00000351416.4	2603	8.0	0.0
CED-9	hp_thomas_dill2	exact k=18, scaled 2	2	MYH16	ENSP00000521006.2	1114	8.0	0.0
CED-9	hp_thomas_dill2	exact k=18, scaled 2	2	CCDC88B	ENSP00000349238.5	1476	8.0	0.0
CED-9	hp_thomas_dill2	exact k=18, scaled 2	2	CCDC85C	ENSP00000369592.4	419	8.0	0.0
CED-9	hp_thomas_dill2	exact k=18, scaled 2	2	MYH10	ENSP00000353590.4	2007	8.0	0.0
CED-9	hp_thomas_dill2	exact k=18, scaled 2	9	CROCC	ENSP00000364691.4	2017	7.0	0.0
CED-9	hp_thomas_dill2	exact k=18, scaled 2	9	ADGRG7	ENSP00000273352.3	797	7.0	0.0
CED-9	hp_thomas_dill2	exact k=20	1	DOCK7	ENSP00000489124.1	2140	14.0	0.0
CED-9	hp_thomas_dill2	exact k=20	1	MYH16	ENSP00000521006.2	1114	14.0	0.0
CED-9	hp_thomas_dill2	exact k=20	3	FNTA	ENSP00000303423.3	379	12.0	0.0
CED-9	hp_thomas_dill2	exact k=20	3	CCDC88B	ENSP00000349238.5	1476	12.0	0.0
CED-9	hp_thomas_dill2	exact k=20	3	MECP2	ENSP00000395535.2	498	12.0	0.0
CED-9	hp_thomas_dill2	exact k=20	6	NPHP3	ENSP00000338766.5	1330	11.0	0.0
CED-9	hp_thomas_dill2	exact k=20	7	KIF15	ENSP00000324020.4	1388	10.0	0.0
CED-9	hp_thomas_dill2	exact k=20	7	CRYBG3	ENSP00000374273.3	2970	10.0	0.0
CED-9	hp_thomas_dill2	exact k=20	7	AP2A2	ENSP00000413234.3	939	10.0	0.0
CED-9	hp_thomas_dill2	exact k=20	7	NIN	ENSP00000436092.2	2133	10.0	0.0
CED-9	hp_thomas_dill2	exact k=20, scaled 2	1	DOCK7	ENSP00000489124.1	2140	8.0	0.0
CED-9	hp_thomas_dill2	exact k=20, scaled 2	1	KIF15	ENSP00000324020.4	1388	8.0	0.0
CED-9	hp_thomas_dill2	exact k=20, scaled 2	1	NPHP3	ENSP00000338766.5	1330	8.0	0.0
CED-9	hp_thomas_dill2	exact k=20, scaled 2	1	MYH16	ENSP00000521006.2	1114	8.0	0.0
CED-9	hp_thomas_dill2	exact k=20, scaled 2	1	CCDC88B	ENSP00000349238.5	1476	8.0	0.0
CED-9	hp_thomas_dill2	exact k=20, scaled 2	6	TTC13	ENSP00000355621.4	860	7.0	0.0
CED-9	hp_thomas_dill2	exact k=20, scaled 2	6	CRYBG3	ENSP00000374273.3	2970	7.0	0.0
CED-9	hp_thomas_dill2	exact k=20, scaled 2	6	AFAP1L1	ENSP00000296721.4	768	7.0	0.0
CED-9	hp_thomas_dill2	exact k=20, scaled 2	6	EYA4	ENSP00000347434.7	639	7.0	0.0
CED-9	hp_thomas_dill2	exact k=20, scaled 2	6	AP2A2	ENSP00000413234.3	939	7.0	0.0
CED-9	hp_thomas_dill2	exact k=24	1	DOCK7	ENSP00000489124.1	2140	10.0	0.0
CED-9	hp_thomas_dill2	exact k=24	1	MYH16	ENSP00000521006.2	1114	10.0	0.0
CED-9	hp_thomas_dill2	exact k=24	3	FNTA	ENSP00000303423.3	379	8.0	0.0
CED-9	hp_thomas_dill2	exact k=24	3	CCDC88B	ENSP00000349238.5	1476	8.0	0.0
CED-9	hp_thomas_dill2	exact k=24	3	MECP2	ENSP00000395535.2	498	8.0	0.0
CED-9	hp_thomas_dill2	exact k=24	6	NPHP3	ENSP00000338766.5	1330	7.0	0.0
CED-9	hp_thomas_dill2	exact k=24	7	KIF15	ENSP00000324020.4	1388	6.0	0.0
CED-9	hp_thomas_dill2	exact k=24	7	CRYBG3	ENSP00000374273.3	2970	6.0	0.0
CED-9	hp_thomas_dill2	exact k=24	7	AP2A2	ENSP00000413234.3	939	6.0	0.0
CED-9	hp_thomas_dill2	exact k=24	7	NIN	ENSP00000436092.2	2133	6.0	0.0
CED-9	hp_thomas_dill2	exact k=24, scaled 2	1	MYH16	ENSP00000521006.2	1114	7.0	0.0
CED-9	hp_thomas_dill2	exact k=24, scaled 2	1	FNTA	ENSP00000303423.3	379	7.0	0.0
CED-9	hp_thomas_dill2	exact k=24, scaled 2	3	DOCK7	ENSP00000489124.1	2140	5.0	0.0
CED-9	hp_thomas_dill2	exact k=24, scaled 2	4	NPHP3	ENSP00000338766.5	1330	4.0	0.0
CED-9	hp_thomas_dill2	exact k=24, scaled 2	4	CENPE	ENSP00000265148.3	2701	4.0	0.0
CED-9	hp_thomas_dill2	exact k=24, scaled 2	4	ENSG00000283782	ENSP00000492349.2	1213	4.0	0.0
CED-9	hp_thomas_dill2	exact k=24, scaled 2	4	RAD50	ENSP00000368100.4	1312	4.0	0.0
CED-9	hp_thomas_dill2	exact k=24, scaled 2	4	SYNE1	ENSP00000356224.5	8797	4.0	0.0
CED-9	hp_thomas_dill2	exact k=24, scaled 2	4	AP2A2	ENSP00000413234.3	939	4.0	0.0
CED-9	hp_thomas_dill2	exact k=24, scaled 2	4	TRAFD1	ENSP00000396526.2	582	4.0	0.0
CED-9	hp_thomas_dill2	exact k=28	1	DOCK7	ENSP00000489124.1	2140	6.0	0.0
CED-9	hp_thomas_dill2	exact k=28	1	MYH16	ENSP00000521006.2	1114	6.0	0.0
CED-9	hp_thomas_dill2	exact k=28	3	FNTA	ENSP00000303423.3	379	4.0	0.0
CED-9	hp_thomas_dill2	exact k=28	3	CCDC88B	ENSP00000349238.5	1476	4.0	0.0
CED-9	hp_thomas_dill2	exact k=28	3	MECP2	ENSP00000395535.2	498	4.0	0.0
CED-9	hp_thomas_dill2	exact k=28	6	NPHP3	ENSP00000338766.5	1330	3.0	0.0
CED-9	hp_thomas_dill2	exact k=28	7	KIF15	ENSP00000324020.4	1388	2.0	0.0
CED-9	hp_thomas_dill2	exact k=28	7	CRYBG3	ENSP00000374273.3	2970	2.0	0.0
CED-9	hp_thomas_dill2	exact k=28	7	AP2A2	ENSP00000413234.3	939	2.0	0.0
CED-9	hp_thomas_dill2	exact k=28	7	NIN	ENSP00000436092.2	2133	2.0	0.0
CED-9	hp_thomas_dill2	exact k=28, scaled 2	1	DOCK7	ENSP00000489124.1	2140	3.0	0.0
CED-9	hp_thomas_dill2	exact k=28, scaled 2	1	MYH16	ENSP00000521006.2	1114	3.0	0.0
CED-9	hp_thomas_dill2	exact k=28, scaled 2	1	MECP2	ENSP00000395535.2	498	3.0	0.0
CED-9	hp_thomas_dill2	exact k=28, scaled 2	4	KIF15	ENSP00000324020.4	1388	2.0	0.0
CED-9	hp_thomas_dill2	exact k=28, scaled 2	4	FNTA	ENSP00000303423.3	379	2.0	0.0
CED-9	hp_thomas_dill2	exact k=28, scaled 2	4	CCDC88B	ENSP00000349238.5	1476	2.0	0.0
CED-9	hp_thomas_dill2	exact k=28, scaled 2	4	CCDC85C	ENSP00000369592.4	419	2.0	0.0
CED-9	hp_thomas_dill2	exact k=28, scaled 2	4	SPEM2	ENSP00000328061.3	501	2.0	0.0
CED-9	hp_thomas_dill2	exact k=28, scaled 2	9	TTC13	ENSP00000355621.4	860	1.0	0.0
CED-9	hp_thomas_dill2	exact k=28, scaled 2	9	NPHP3	ENSP00000338766.5	1330	1.0	0.0
CED-9	hp_thomas_dill2	exact k=32	1	DOCK7	ENSP00000489124.1	2140	2.0	0.0
CED-9	hp_thomas_dill2	exact k=32	1	MYH16	ENSP00000521006.2	1114	2.0	0.0
CED-9	hp_thomas_dill2	exact k=32, scaled 2	1	MYH16	ENSP00000521006.2	1114	1.0	0.0
CED-9	hp_thomas_dill2	spaced 11011011011011011	1	CCDC88B	ENSP00000349238.5	1476	19.0	0.0
CED-9	hp_thomas_dill2	spaced 11011011011011011	2	DOCK7	ENSP00000489124.1	2140	17.0	0.0
CED-9	hp_thomas_dill2	spaced 11011011011011011	2	MYH16	ENSP00000521006.2	1114	17.0	0.0
CED-9	hp_thomas_dill2	spaced 11011011011011011	4	FNTA	ENSP00000303423.3	379	16.0	0.0
CED-9	hp_thomas_dill2	spaced 11011011011011011	4	OBI1	ENSP00000282003.6	726	16.0	0.0
CED-9	hp_thomas_dill2	spaced 11011011011011011	4	CCDC85C	ENSP00000369592.4	419	16.0	0.0
CED-9	hp_thomas_dill2	spaced 11011011011011011	7	UIMC1	ENSP00000421926.1	719	15.0	0.0
CED-9	hp_thomas_dill2	spaced 11011011011011011	7	SPEM2	ENSP00000328061.3	501	15.0	0.0
CED-9	hp_thomas_dill2	spaced 11011011011011011	7	MECP2	ENSP00000395535.2	498	15.0	0.0
CED-9	hp_thomas_dill2	spaced 11011011011011011	10	ATP6V1G3	ENSP00000356352.2	118	14.0	0.0
CED-9	hp_thomas_dill2	spaced 11011011011011011, scaled 2	1	UIMC1	ENSP00000421926.1	719	11.0	0.0
CED-9	hp_thomas_dill2	spaced 11011011011011011, scaled 2	2	WDR48	ENSP00000307491.5	677	10.0	0.0
CED-9	hp_thomas_dill2	spaced 11011011011011011, scaled 2	2	CCDC88B	ENSP00000349238.5	1476	10.0	0.0
CED-9	hp_thomas_dill2	spaced 11011011011011011, scaled 2	2	PPP6R1	ENSP00000414202.1	881	10.0	0.0
CED-9	hp_thomas_dill2	spaced 11011011011011011, scaled 2	5	SPZ1	ENSP00000369611.3	430	9.0	0.0
CED-9	hp_thomas_dill2	spaced 11011011011011011, scaled 2	5	OBI1	ENSP00000282003.6	726	9.0	0.0
CED-9	hp_thomas_dill2	spaced 11011011011011011, scaled 2	5	CCDC85C	ENSP00000369592.4	419	9.0	0.0
CED-9	hp_thomas_dill2	spaced 11011011011011011, scaled 2	5	MECP2	ENSP00000395535.2	498	9.0	0.0
CED-9	hp_thomas_dill2	spaced 11011011011011011, scaled 2	9	ZNF644	ENSP00000337008.5	1327	8.0	0.0
CED-9	hp_thomas_dill2	spaced 11011011011011011, scaled 2	9	CEP350	ENSP00000356579.3	3117	8.0	0.0
CED-9	hp_thomas_dill2	spaced 11011011011011011011011	1	CCDC88B	ENSP00000349238.5	1476	13.0	0.0
CED-9	hp_thomas_dill2	spaced 11011011011011011011011	2	DOCK7	ENSP00000489124.1	2140	11.0	0.0
CED-9	hp_thomas_dill2	spaced 11011011011011011011011	2	MYH16	ENSP00000521006.2	1114	11.0	0.0
CED-9	hp_thomas_dill2	spaced 11011011011011011011011	4	UIMC1	ENSP00000421926.1	719	10.0	0.0
CED-9	hp_thomas_dill2	spaced 11011011011011011011011	4	FNTA	ENSP00000303423.3	379	10.0	0.0
CED-9	hp_thomas_dill2	spaced 11011011011011011011011	4	CCDC85C	ENSP00000369592.4	419	10.0	0.0
CED-9	hp_thomas_dill2	spaced 11011011011011011011011	4	WDR62	ENSP00000384792.1	1523	10.0	0.0
CED-9	hp_thomas_dill2	spaced 11011011011011011011011	8	SPEM2	ENSP00000328061.3	501	9.0	0.0
CED-9	hp_thomas_dill2	spaced 11011011011011011011011	8	ERCC6L	ENSP00000334675.3	1250	9.0	0.0
CED-9	hp_thomas_dill2	spaced 11011011011011011011011	8	MECP2	ENSP00000395535.2	498	9.0	0.0
CED-9	hp_thomas_dill2	spaced 11011011011011011011011, scaled 2	1	MYH16	ENSP00000521006.2	1114	9.0	0.0
CED-9	hp_thomas_dill2	spaced 11011011011011011011011, scaled 2	2	CEP350	ENSP00000356579.3	3117	6.0	0.0
CED-9	hp_thomas_dill2	spaced 11011011011011011011011, scaled 2	2	NAV1	ENSP00000510803.1	2164	6.0	0.0
CED-9	hp_thomas_dill2	spaced 11011011011011011011011, scaled 2	2	CENPE	ENSP00000265148.3	2701	6.0	0.0
CED-9	hp_thomas_dill2	spaced 11011011011011011011011, scaled 2	2	CCDC88B	ENSP00000349238.5	1476	6.0	0.0
CED-9	hp_thomas_dill2	spaced 11011011011011011011011, scaled 2	2	AMHR2	ENSP00000257863.3	573	6.0	0.0
CED-9	hp_thomas_dill2	spaced 11011011011011011011011, scaled 2	2	SPEM2	ENSP00000328061.3	501	6.0	0.0
CED-9	hp_thomas_dill2	spaced 11011011011011011011011, scaled 2	2	WDR62	ENSP00000384792.1	1523	6.0	0.0
CED-9	hp_thomas_dill2	spaced 11011011011011011011011, scaled 2	2	RIMBP3	ENSP00000483386.1	1639	6.0	0.0
CED-9	hp_thomas_dill2	spaced 11011011011011011011011, scaled 2	10	EPHA10	ENSP00000362139.4	1008	5.0	0.0
CED-9	hp_thomas_dill2	spaced 11011011011011011011011011011	1	WDR62	ENSP00000384792.1	1523	8.0	0.0
CED-9	hp_thomas_dill2	spaced 11011011011011011011011011011	2	CCDC88B	ENSP00000349238.5	1476	7.0	0.0
CED-9	hp_thomas_dill2	spaced 11011011011011011011011011011	2	ERCC6L	ENSP00000334675.3	1250	7.0	0.0
CED-9	hp_thomas_dill2	spaced 11011011011011011011011011011	4	LRRC7	ENSP00000498937.2	1575	6.0	0.0
CED-9	hp_thomas_dill2	spaced 11011011011011011011011011011	4	CEP350	ENSP00000356579.3	3117	6.0	0.0
CED-9	hp_thomas_dill2	spaced 11011011011011011011011011011	4	PALLD	ENSP00000425556.1	1123	6.0	0.0
CED-9	hp_thomas_dill2	spaced 11011011011011011011011011011	4	UIMC1	ENSP00000421926.1	719	6.0	0.0
CED-9	hp_thomas_dill2	spaced 11011011011011011011011011011	4	CFAP58	ENSP00000358718.3	872	6.0	0.0
CED-9	hp_thomas_dill2	spaced 11011011011011011011011011011	4	MOB2	ENSP00000328694.6	268	6.0	0.0
CED-9	hp_thomas_dill2	spaced 11011011011011011011011011011	4	AMHR2	ENSP00000257863.3	573	6.0	0.0
CED-9	hp_thomas_dill2	spaced 11011011011011011011011011011, scaled 2	1	AMHR2	ENSP00000257863.3	573	5.0	0.0
CED-9	hp_thomas_dill2	spaced 11011011011011011011011011011, scaled 2	2	IKBKB	ENSP00000430684.1	756	4.0	0.0
CED-9	hp_thomas_dill2	spaced 11011011011011011011011011011, scaled 2	2	MOB2	ENSP00000328694.6	268	4.0	0.0
CED-9	hp_thomas_dill2	spaced 11011011011011011011011011011, scaled 2	2	NAT10	ENSP00000257829.3	1025	4.0	0.0
CED-9	hp_thomas_dill2	spaced 11011011011011011011011011011, scaled 2	2	ZBTB44	ENSP00000350574.4	570	4.0	0.0
CED-9	hp_thomas_dill2	spaced 11011011011011011011011011011, scaled 2	2	SRRM2	ENSP00000301740.8	2752	4.0	0.0
CED-9	hp_thomas_dill2	spaced 11011011011011011011011011011, scaled 2	7	MTF1	ENSP00000362127.3	753	3.0	0.0
CED-9	hp_thomas_dill2	spaced 11011011011011011011011011011, scaled 2	7	LRRC7	ENSP00000498937.2	1575	3.0	0.0
CED-9	hp_thomas_dill2	spaced 11011011011011011011011011011, scaled 2	7	CEP350	ENSP00000356579.3	3117	3.0	0.0
CED-9	hp_thomas_dill2	spaced 11011011011011011011011011011, scaled 2	7	SPATA31H1	ENSP00000403181.2	5388	3.0	0.0
CED-9	hp_thomas_dill2	spaced 11011011011011011011011011011011011	1	WDR62	ENSP00000384792.1	1523	6.0	0.0
CED-9	hp_thomas_dill2	spaced 11011011011011011011011011011011011	2	ERCC6L	ENSP00000334675.3	1250	5.0	0.0
CED-9	hp_thomas_dill2	spaced 11011011011011011011011011011011011	3	LRRC7	ENSP00000498937.2	1575	4.0	0.0
CED-9	hp_thomas_dill2	spaced 11011011011011011011011011011011011	3	CEP350	ENSP00000356579.3	3117	4.0	0.0
CED-9	hp_thomas_dill2	spaced 11011011011011011011011011011011011	3	PALLD	ENSP00000425556.1	1123	4.0	0.0
CED-9	hp_thomas_dill2	spaced 11011011011011011011011011011011011	3	CFAP58	ENSP00000358718.3	872	4.0	0.0
CED-9	hp_thomas_dill2	spaced 11011011011011011011011011011011011	3	MOB2	ENSP00000328694.6	268	4.0	0.0
CED-9	hp_thomas_dill2	spaced 11011011011011011011011011011011011	3	AMHR2	ENSP00000257863.3	573	4.0	0.0
CED-9	hp_thomas_dill2	spaced 11011011011011011011011011011011011	3	CARD14	ENSP00000498071.1	1004	4.0	0.0
CED-9	hp_thomas_dill2	spaced 11011011011011011011011011011011011	10	CD5L	ENSP00000357156.4	347	3.0	0.0
CED-9	hp_thomas_dill2	spaced 11011011011011011011011011011011011, scaled 2	1	WDR62	ENSP00000384792.1	1523	4.0	0.0
CED-9	hp_thomas_dill2	spaced 11011011011011011011011011011011011, scaled 2	2	LRRC7	ENSP00000498937.2	1575	3.0	0.0
CED-9	hp_thomas_dill2	spaced 11011011011011011011011011011011011, scaled 2	2	HMCN2	ENSP00000508292.2	5079	3.0	0.0
CED-9	hp_thomas_dill2	spaced 11011011011011011011011011011011011, scaled 2	2	AMHR2	ENSP00000257863.3	573	3.0	0.0
CED-9	hp_thomas_dill2	spaced 11011011011011011011011011011011011, scaled 2	2	ERCC6L	ENSP00000334675.3	1250	3.0	0.0
CED-9	hp_thomas_dill2	spaced 11011011011011011011011011011011011, scaled 2	6	EPHA10	ENSP00000362139.4	1008	2.0	0.0
CED-9	hp_thomas_dill2	spaced 11011011011011011011011011011011011, scaled 2	6	FCGR3A	ENSP00000392047.2	254	2.0	0.0
CED-9	hp_thomas_dill2	spaced 11011011011011011011011011011011011, scaled 2	6	ENSG00000289768	ENSP00000514363.1	156	2.0	0.0
CED-9	hp_thomas_dill2	spaced 11011011011011011011011011011011011, scaled 2	6	FCGR3B	ENSP00000497461.1	233	2.0	0.0
CED-9	hp_thomas_dill2	spaced 11011011011011011011011011011011011, scaled 2	6	DCAF6	ENSP00000356814.3	951	2.0	0.0
CED-9	hp_thomas_dill2	spaced 10101010101010101010101	1	TTN	ENSP00000467141.1	35991	20.0	0.0
CED-9	hp_thomas_dill2	spaced 10101010101010101010101	1	AFAP1L1	ENSP00000296721.4	768	20.0	0.0
CED-9	hp_thomas_dill2	spaced 10101010101010101010101	1	CCHCR1	ENSP00000379566.3	871	20.0	0.0
CED-9	hp_thomas_dill2	spaced 10101010101010101010101	1	NRG1	ENSP00000384620.2	640	20.0	0.0
CED-9	hp_thomas_dill2	spaced 10101010101010101010101	5	ZNF701	ENSP00000375662.2	465	19.0	0.0
CED-9	hp_thomas_dill2	spaced 10101010101010101010101	6	SENP6	ENSP00000402527.2	1112	18.0	0.0
CED-9	hp_thomas_dill2	spaced 10101010101010101010101	6	WEE1	ENSP00000402084.2	646	18.0	0.0
CED-9	hp_thomas_dill2	spaced 10101010101010101010101	8	CDC14A	ENSP00000336739.3	594	17.0	0.0
CED-9	hp_thomas_dill2	spaced 10101010101010101010101	8	LAMC2	ENSP00000264144.4	1193	17.0	0.0
CED-9	hp_thomas_dill2	spaced 10101010101010101010101	8	MSMP	ENSP00000419194.1	139	17.0	0.0
CED-9	hp_thomas_dill2	spaced 10101010101010101010101, scaled 2	1	EPRS1	ENSP00000355890.3	1512	12.0	0.0
CED-9	hp_thomas_dill2	spaced 10101010101010101010101, scaled 2	1	AFAP1L1	ENSP00000296721.4	768	12.0	0.0
CED-9	hp_thomas_dill2	spaced 10101010101010101010101, scaled 2	1	WEE1	ENSP00000402084.2	646	12.0	0.0
CED-9	hp_thomas_dill2	spaced 10101010101010101010101, scaled 2	4	TNIK	ENSP00000399511.2	1360	11.0	0.0
CED-9	hp_thomas_dill2	spaced 10101010101010101010101, scaled 2	4	NFKB1	ENSP00000226574.4	969	11.0	0.0
CED-9	hp_thomas_dill2	spaced 10101010101010101010101, scaled 2	4	MAST4	ENSP00000385727.1	2623	11.0	0.0
CED-9	hp_thomas_dill2	spaced 10101010101010101010101, scaled 2	4	SPTAN1	ENSP00000361824.4	2477	11.0	0.0
CED-9	hp_thomas_dill2	spaced 10101010101010101010101, scaled 2	4	HEPHL1	ENSP00000313699.9	1159	11.0	0.0
CED-9	hp_thomas_dill2	spaced 10101010101010101010101, scaled 2	4	LEMD3	ENSP00000308369.2	911	11.0	0.0
CED-9	hp_thomas_dill2	spaced 10101010101010101010101, scaled 2	4	FMNL1	ENSP00000329219.2	1100	11.0	0.0
CED-9	hp_thomas_dill2	spaced 1010101010101010101010101010101	1	TTN	ENSP00000467141.1	35991	16.0	0.0
CED-9	hp_thomas_dill2	spaced 1010101010101010101010101010101	1	CCHCR1	ENSP00000379566.3	871	16.0	0.0
CED-9	hp_thomas_dill2	spaced 1010101010101010101010101010101	3	ZNF701	ENSP00000375662.2	465	15.0	0.0
CED-9	hp_thomas_dill2	spaced 1010101010101010101010101010101	4	AFAP1L1	ENSP00000296721.4	768	14.0	0.0
CED-9	hp_thomas_dill2	spaced 1010101010101010101010101010101	4	SENP6	ENSP00000402527.2	1112	14.0	0.0
CED-9	hp_thomas_dill2	spaced 1010101010101010101010101010101	4	NRG1	ENSP00000384620.2	640	14.0	0.0
CED-9	hp_thomas_dill2	spaced 1010101010101010101010101010101	7	CDC14A	ENSP00000336739.3	594	13.0	0.0
CED-9	hp_thomas_dill2	spaced 1010101010101010101010101010101	7	LAMC2	ENSP00000264144.4	1193	13.0	0.0
CED-9	hp_thomas_dill2	spaced 1010101010101010101010101010101	7	ESPL1	ENSP00000257934.4	2120	13.0	0.0
CED-9	hp_thomas_dill2	spaced 1010101010101010101010101010101	7	SMG8	ENSP00000300917.4	991	13.0	0.0
CED-9	hp_thomas_dill2	spaced 1010101010101010101010101010101, scaled 2	1	CDC14A	ENSP00000336739.3	594	9.0	0.0
CED-9	hp_thomas_dill2	spaced 1010101010101010101010101010101, scaled 2	1	LAMC2	ENSP00000264144.4	1193	9.0	0.0
CED-9	hp_thomas_dill2	spaced 1010101010101010101010101010101, scaled 2	1	TTN	ENSP00000467141.1	35991	9.0	0.0
CED-9	hp_thomas_dill2	spaced 1010101010101010101010101010101, scaled 2	1	AFAP1L1	ENSP00000296721.4	768	9.0	0.0
CED-9	hp_thomas_dill2	spaced 1010101010101010101010101010101, scaled 2	1	SENP6	ENSP00000402527.2	1112	9.0	0.0
CED-9	hp_thomas_dill2	spaced 1010101010101010101010101010101, scaled 2	6	USH2A	ENSP00000305941.3	5202	8.0	0.0
CED-9	hp_thomas_dill2	spaced 1010101010101010101010101010101, scaled 2	6	STAB1	ENSP00000312946.6	2570	8.0	0.0
CED-9	hp_thomas_dill2	spaced 1010101010101010101010101010101, scaled 2	6	CCHCR1	ENSP00000379566.3	871	8.0	0.0
CED-9	hp_thomas_dill2	spaced 1010101010101010101010101010101, scaled 2	6	SPTAN1	ENSP00000361824.4	2477	8.0	0.0
CED-9	hp_thomas_dill2	spaced 1010101010101010101010101010101, scaled 2	6	DIXDC1	ENSP00000394352.3	683	8.0	0.0
CED-9	hp_thomas_dill2	spaced 101010101010101010101010101010101010101	1	TTN	ENSP00000467141.1	35991	12.0	0.0
CED-9	hp_thomas_dill2	spaced 101010101010101010101010101010101010101	1	CCHCR1	ENSP00000379566.3	871	12.0	0.0
CED-9	hp_thomas_dill2	spaced 101010101010101010101010101010101010101	3	ZNF701	ENSP00000375662.2	465	11.0	0.0
CED-9	hp_thomas_dill2	spaced 101010101010101010101010101010101010101	4	AFAP1L1	ENSP00000296721.4	768	10.0	0.0
CED-9	hp_thomas_dill2	spaced 101010101010101010101010101010101010101	4	SENP6	ENSP00000402527.2	1112	10.0	0.0
CED-9	hp_thomas_dill2	spaced 101010101010101010101010101010101010101	4	NRG1	ENSP00000384620.2	640	10.0	0.0
CED-9	hp_thomas_dill2	spaced 101010101010101010101010101010101010101	7	CDC14A	ENSP00000336739.3	594	9.0	0.0
CED-9	hp_thomas_dill2	spaced 101010101010101010101010101010101010101	7	LAMC2	ENSP00000264144.4	1193	9.0	0.0
CED-9	hp_thomas_dill2	spaced 101010101010101010101010101010101010101	7	ESPL1	ENSP00000257934.4	2120	9.0	0.0
CED-9	hp_thomas_dill2	spaced 101010101010101010101010101010101010101	7	SMG8	ENSP00000300917.4	991	9.0	0.0
CED-9	hp_thomas_dill2	spaced 101010101010101010101010101010101010101, scaled 2	1	ESPL1	ENSP00000257934.4	2120	7.0	0.0
CED-9	hp_thomas_dill2	spaced 101010101010101010101010101010101010101, scaled 2	2	UFL1	ENSP00000358283.4	794	6.0	0.0
CED-9	hp_thomas_dill2	spaced 101010101010101010101010101010101010101, scaled 2	2	NRG1	ENSP00000384620.2	640	6.0	0.0
CED-9	hp_thomas_dill2	spaced 101010101010101010101010101010101010101, scaled 2	2	MINDY2	ENSP00000452885.1	621	6.0	0.0
CED-9	hp_thomas_dill2	spaced 101010101010101010101010101010101010101, scaled 2	5	COL24A1	ENSP00000359603.2	1714	5.0	0.0
CED-9	hp_thomas_dill2	spaced 101010101010101010101010101010101010101, scaled 2	5	CDC14A	ENSP00000336739.3	594	5.0	0.0
CED-9	hp_thomas_dill2	spaced 101010101010101010101010101010101010101, scaled 2	5	LAMC2	ENSP00000264144.4	1193	5.0	0.0
CED-9	hp_thomas_dill2	spaced 101010101010101010101010101010101010101, scaled 2	5	CCHCR1	ENSP00000379566.3	871	5.0	0.0
CED-9	hp_thomas_dill2	spaced 101010101010101010101010101010101010101, scaled 2	5	SENP6	ENSP00000402527.2	1112	5.0	0.0
CED-9	hp_thomas_dill2	spaced 101010101010101010101010101010101010101, scaled 2	5	DENND2B	ENSP00000319678.6	1137	5.0	0.0
CED-9	hp_thomas_dill2	spaced 111010010100110111	1	CCDC88B	ENSP00000349238.5	1476	18.0	0.0
CED-9	hp_thomas_dill2	spaced 111010010100110111	2	MYH16	ENSP00000521006.2	1114	17.0	0.0
CED-9	hp_thomas_dill2	spaced 111010010100110111	3	DOCK7	ENSP00000489124.1	2140	16.0	0.0
CED-9	hp_thomas_dill2	spaced 111010010100110111	3	FNTA	ENSP00000303423.3	379	16.0	0.0
CED-9	hp_thomas_dill2	spaced 111010010100110111	3	CCDC85C	ENSP00000369592.4	419	16.0	0.0
CED-9	hp_thomas_dill2	spaced 111010010100110111	6	TTC13	ENSP00000355621.4	860	15.0	0.0
CED-9	hp_thomas_dill2	spaced 111010010100110111	7	STARD9	ENSP00000290607.7	4700	14.0	0.0
CED-9	hp_thomas_dill2	spaced 111010010100110111	7	SPEM2	ENSP00000328061.3	501	14.0	0.0
CED-9	hp_thomas_dill2	spaced 111010010100110111	7	MECP2	ENSP00000395535.2	498	14.0	0.0
CED-9	hp_thomas_dill2	spaced 111010010100110111	10	NPHP3	ENSP00000338766.5	1330	13.0	0.0
CED-9	hp_thomas_dill2	spaced 111010010100110111, scaled 2	1	MYH16	ENSP00000521006.2	1114	12.0	0.0
CED-9	hp_thomas_dill2	spaced 111010010100110111, scaled 2	1	FNTA	ENSP00000303423.3	379	12.0	0.0
CED-9	hp_thomas_dill2	spaced 111010010100110111, scaled 2	3	AP2A2	ENSP00000413234.3	939	10.0	0.0
CED-9	hp_thomas_dill2	spaced 111010010100110111, scaled 2	3	CCDC88B	ENSP00000349238.5	1476	10.0	0.0
CED-9	hp_thomas_dill2	spaced 111010010100110111, scaled 2	5	NPHP3	ENSP00000338766.5	1330	9.0	0.0
CED-9	hp_thomas_dill2	spaced 111010010100110111, scaled 2	5	CCDC85C	ENSP00000369592.4	419	9.0	0.0
CED-9	hp_thomas_dill2	spaced 111010010100110111, scaled 2	5	CFP	ENSP00000380189.3	469	9.0	0.0
CED-9	hp_thomas_dill2	spaced 111010010100110111, scaled 2	8	NAV1	ENSP00000510803.1	2164	8.0	0.0
CED-9	hp_thomas_dill2	spaced 111010010100110111, scaled 2	8	CDC42BPA	ENSP00000355728.5	1754	8.0	0.0
CED-9	hp_thomas_dill2	spaced 111010010100110111, scaled 2	8	UGT3A2	ENSP00000282507.3	523	8.0	0.0
CED-9	hp_thomas_dill2	chained 2 x k=5 in 40	1	CEP162	ENSP00000385215.3	1403	48.0	0.0
CED-9	hp_thomas_dill2	chained 2 x k=5 in 40	2	KRT2	ENSP00000310861.3	639	45.0	0.0
CED-9	hp_thomas_dill2	chained 2 x k=5 in 40	2	KIAA0753	ENSP00000355250.3	967	45.0	0.0
CED-9	hp_thomas_dill2	chained 2 x k=5 in 40	4	NUP153	ENSP00000262077.3	1475	44.0	0.0
CED-9	hp_thomas_dill2	chained 2 x k=5 in 40	4	APC2	ENSP00000467073.2	2303	44.0	0.0
CED-9	hp_thomas_dill2	chained 2 x k=5 in 40	6	NAT10	ENSP00000257829.3	1025	43.0	0.0
CED-9	hp_thomas_dill2	chained 2 x k=5 in 40	6	HUNK	ENSP00000270112.2	714	43.0	0.0
CED-9	hp_thomas_dill2	chained 2 x k=5 in 40	8	HECW1	ENSP00000379228.1	1606	42.0	0.0
CED-9	hp_thomas_dill2	chained 2 x k=5 in 40	8	UNC13B	ENSP00000490228.1	4340	42.0	0.0
CED-9	hp_thomas_dill2	chained 2 x k=5 in 40	8	STOX1	ENSP00000298596.6	989	42.0	0.0
CED-9	hp_thomas_dill2	chained 2 x k=5 in 40, scaled 2	1	KRT2	ENSP00000310861.3	639	28.0	0.0
CED-9	hp_thomas_dill2	chained 2 x k=5 in 40, scaled 2	2	APC2	ENSP00000467073.2	2303	26.0	0.0
CED-9	hp_thomas_dill2	chained 2 x k=5 in 40, scaled 2	3	CEP162	ENSP00000385215.3	1403	25.0	0.0
CED-9	hp_thomas_dill2	chained 2 x k=5 in 40, scaled 2	3	KRT1	ENSP00000252244.3	644	25.0	0.0
CED-9	hp_thomas_dill2	chained 2 x k=5 in 40, scaled 2	3	GAS2L2	ENSP00000474529.2	880	25.0	0.0
CED-9	hp_thomas_dill2	chained 2 x k=5 in 40, scaled 2	6	ZNF644	ENSP00000337008.5	1327	24.0	0.0
CED-9	hp_thomas_dill2	chained 2 x k=5 in 40, scaled 2	6	FGA	ENSP00000385981.3	644	24.0	0.0
CED-9	hp_thomas_dill2	chained 2 x k=5 in 40, scaled 2	6	HECW1	ENSP00000379228.1	1606	24.0	0.0
CED-9	hp_thomas_dill2	chained 2 x k=5 in 40, scaled 2	6	KRT77	ENSP00000342710.3	578	24.0	0.0
CED-9	hp_thomas_dill2	chained 2 x k=5 in 40, scaled 2	6	KRT76	ENSP00000330101.2	638	24.0	0.0
CED-9	hp_thomas_dill2	chained 3 x k=5 in 40	1	PCDHA4	ENSP00000435300.1	947	38.0	0.0
CED-9	hp_thomas_dill2	chained 3 x k=5 in 40	2	CEP162	ENSP00000385215.3	1403	37.0	0.0
CED-9	hp_thomas_dill2	chained 3 x k=5 in 40	2	APC2	ENSP00000467073.2	2303	37.0	0.0
CED-9	hp_thomas_dill2	chained 3 x k=5 in 40	4	NUP153	ENSP00000262077.3	1475	36.0	0.0
CED-9	hp_thomas_dill2	chained 3 x k=5 in 40	5	CHD4	ENSP00000440542.2	1912	35.0	0.0
CED-9	hp_thomas_dill2	chained 3 x k=5 in 40	5	CCDC177	ENSP00000469474.1	707	35.0	0.0
CED-9	hp_thomas_dill2	chained 3 x k=5 in 40	7	HUNK	ENSP00000270112.2	714	33.0	0.0
CED-9	hp_thomas_dill2	chained 3 x k=5 in 40	8	CHD5	ENSP00000262450.3	1954	32.0	0.0
CED-9	hp_thomas_dill2	chained 3 x k=5 in 40	8	CGN	ENSP00000271636.7	1203	32.0	0.0
CED-9	hp_thomas_dill2	chained 3 x k=5 in 40	8	CENPE	ENSP00000265148.3	2701	32.0	0.0
CED-9	hp_thomas_dill2	chained 3 x k=5 in 40, scaled 2	1	APC2	ENSP00000467073.2	2303	22.0	0.0
CED-9	hp_thomas_dill2	chained 3 x k=5 in 40, scaled 2	2	PCDHA4	ENSP00000435300.1	947	21.0	0.0
CED-9	hp_thomas_dill2	chained 3 x k=5 in 40, scaled 2	3	CBS	ENSP00000381231.4	551	19.0	0.0
CED-9	hp_thomas_dill2	chained 3 x k=5 in 40, scaled 2	4	IVL	ENSP00000357753.3	585	18.0	0.0
CED-9	hp_thomas_dill2	chained 3 x k=5 in 40, scaled 2	4	BDP1	ENSP00000351575.4	2624	18.0	0.0
CED-9	hp_thomas_dill2	chained 3 x k=5 in 40, scaled 2	4	REV3L	ENSP00000357792.3	3130	18.0	0.0
CED-9	hp_thomas_dill2	chained 3 x k=5 in 40, scaled 2	4	CREBBP	ENSP00000262367.5	2442	18.0	0.0
CED-9	hp_thomas_dill2	chained 3 x k=5 in 40, scaled 2	8	CBLB	ENSP00000377598.4	982	17.0	0.0
CED-9	hp_thomas_dill2	chained 3 x k=5 in 40, scaled 2	8	HEG1	ENSP00000311502.3	1381	17.0	0.0
CED-9	hp_thomas_dill2	chained 3 x k=5 in 40, scaled 2	8	UMAD1	ENSP00000507605.1	137	17.0	0.0
CED-9	hp_thomas_dill2	chained 4 x k=5 in 40	1	CCDC177	ENSP00000469474.1	707	26.0	0.0
CED-9	hp_thomas_dill2	chained 4 x k=5 in 40	1	RNF213	ENSP00000464087.1	5207	26.0	0.0
CED-9	hp_thomas_dill2	chained 4 x k=5 in 40	3	CCDC57	ENSP00000511565.1	1027	25.0	0.0
CED-9	hp_thomas_dill2	chained 4 x k=5 in 40	4	HORMAD1	ENSP00000355167.2	394	24.0	0.0
CED-9	hp_thomas_dill2	chained 4 x k=5 in 40	4	EFNA4-EFNA3	ENSP00000426741.1	233	24.0	0.0
CED-9	hp_thomas_dill2	chained 4 x k=5 in 40	4	EFNA3	ENSP00000357393.3	238	24.0	0.0
CED-9	hp_thomas_dill2	chained 4 x k=5 in 40	4	TRIM54	ENSP00000369415.3	358	24.0	0.0
CED-9	hp_thomas_dill2	chained 4 x k=5 in 40	4	CFAP44	ENSP00000377428.2	1854	24.0	0.0
CED-9	hp_thomas_dill2	chained 4 x k=5 in 40	4	NUP54	ENSP00000264883.3	507	24.0	0.0
CED-9	hp_thomas_dill2	chained 4 x k=5 in 40	4	ADARB1	ENSP00000015877.6	701	24.0	0.0
CED-9	hp_thomas_dill2	chained 4 x k=5 in 40, scaled 2	1	HEG1	ENSP00000311502.3	1381	15.0	0.0
CED-9	hp_thomas_dill2	chained 4 x k=5 in 40, scaled 2	1	REV3L	ENSP00000357792.3	3130	15.0	0.0
CED-9	hp_thomas_dill2	chained 4 x k=5 in 40, scaled 2	1	MKI67	ENSP00000357643.3	3256	15.0	0.0
CED-9	hp_thomas_dill2	chained 4 x k=5 in 40, scaled 2	1	CCDC57	ENSP00000511565.1	1027	15.0	0.0
CED-9	hp_thomas_dill2	chained 4 x k=5 in 40, scaled 2	5	BDP1	ENSP00000351575.4	2624	14.0	0.0
CED-9	hp_thomas_dill2	chained 4 x k=5 in 40, scaled 2	5	UMAD1	ENSP00000507605.1	137	14.0	0.0
CED-9	hp_thomas_dill2	chained 4 x k=5 in 40, scaled 2	5	ZSCAN25	ENSP00000377708.2	544	14.0	0.0
CED-9	hp_thomas_dill2	chained 4 x k=5 in 40, scaled 2	5	PRR33	ENSP00000491327.1	479	14.0	0.0
CED-9	hp_thomas_dill2	chained 4 x k=5 in 40, scaled 2	5	KRT5	ENSP00000252242.4	590	14.0	0.0
CED-9	hp_thomas_dill2	chained 4 x k=5 in 40, scaled 2	5	HUWE1	ENSP00000262854.6	4374	14.0	0.0
CED-9	hp_thomas_dill2	chained 2 x k=8 in 40	1	RNF213	ENSP00000464087.1	5207	25.0	0.0
CED-9	hp_thomas_dill2	chained 2 x k=8 in 40	2	CCDC85C	ENSP00000369592.4	419	23.0	0.0
CED-9	hp_thomas_dill2	chained 2 x k=8 in 40	3	MYH16	ENSP00000521006.2	1114	20.0	0.0
CED-9	hp_thomas_dill2	chained 2 x k=8 in 40	3	FUT4	ENSP00000351602.2	530	20.0	0.0
CED-9	hp_thomas_dill2	chained 2 x k=8 in 40	3	ZNF521	ENSP00000354794.3	1311	20.0	0.0
CED-9	hp_thomas_dill2	chained 2 x k=8 in 40	6	SPZ1	ENSP00000369611.3	430	19.0	0.0
CED-9	hp_thomas_dill2	chained 2 x k=8 in 40	6	MPHOSPH9	ENSP00000475489.1	1183	19.0	0.0
CED-9	hp_thomas_dill2	chained 2 x k=8 in 40	6	ALG13	ENSP00000378260.3	1137	19.0	0.0
CED-9	hp_thomas_dill2	chained 2 x k=8 in 40	9	DOCK7	ENSP00000489124.1	2140	18.0	0.0
CED-9	hp_thomas_dill2	chained 2 x k=8 in 40	9	HEG1	ENSP00000311502.3	1381	18.0	0.0
CED-9	hp_thomas_dill2	chained 2 x k=8 in 40, scaled 2	1	COL2A1	ENSP00000369889.3	1487	11.0	0.0
CED-9	hp_thomas_dill2	chained 2 x k=8 in 40, scaled 2	2	KHDRBS1	ENSP00000313829.7	443	9.0	0.0
CED-9	hp_thomas_dill2	chained 2 x k=8 in 40, scaled 2	2	ZBTB8A	ENSP00000362609.3	441	9.0	0.0
CED-9	hp_thomas_dill2	chained 2 x k=8 in 40, scaled 2	2	EPS8L3	ENSP00000355255.4	593	9.0	0.0
CED-9	hp_thomas_dill2	chained 2 x k=8 in 40, scaled 2	2	RYR2	ENSP00000355533.2	4967	9.0	0.0
CED-9	hp_thomas_dill2	chained 2 x k=8 in 40, scaled 2	2	PTPRG	ENSP00000418112.1	1445	9.0	0.0
CED-9	hp_thomas_dill2	chained 2 x k=8 in 40, scaled 2	2	CHMP2B	ENSP00000263780.4	213	9.0	0.0
CED-9	hp_thomas_dill2	chained 2 x k=8 in 40, scaled 2	2	LIMCH1	ENSP00000425631.1	1467	9.0	0.0
CED-9	hp_thomas_dill2	chained 2 x k=8 in 40, scaled 2	2	INSYN2B	ENSP00000366582.3	535	9.0	0.0
CED-9	hp_thomas_dill2	chained 2 x k=8 in 40, scaled 2	2	SYNE1	ENSP00000356224.5	8797	9.0	0.0
CED-9	hp_thomas_dill2	chained 3 x k=8 in 60	1	CCDC85C	ENSP00000369592.4	419	22.0	0.0
CED-9	hp_thomas_dill2	chained 3 x k=8 in 60	2	RNF213	ENSP00000464087.1	5207	17.0	0.0
CED-9	hp_thomas_dill2	chained 3 x k=8 in 60	3	NAT10	ENSP00000257829.3	1025	15.0	0.0
CED-9	hp_thomas_dill2	chained 3 x k=8 in 60	4	ZBTB8A	ENSP00000362609.3	441	14.0	0.0
CED-9	hp_thomas_dill2	chained 3 x k=8 in 60	4	SPTA1	ENSP00000495214.1	2419	14.0	0.0
CED-9	hp_thomas_dill2	chained 3 x k=8 in 60	4	F5	ENSP00000356771.3	2224	14.0	0.0
CED-9	hp_thomas_dill2	chained 3 x k=8 in 60	4	HEATR1	ENSP00000355541.3	2144	14.0	0.0
CED-9	hp_thomas_dill2	chained 3 x k=8 in 60	4	NCAPH	ENSP00000240423.4	741	14.0	0.0
CED-9	hp_thomas_dill2	chained 3 x k=8 in 60	4	PALLD	ENSP00000425556.1	1123	14.0	0.0
CED-9	hp_thomas_dill2	chained 3 x k=8 in 60	4	DIAPH2	ENSP00000321348.8	1101	14.0	0.0
CED-9	hp_thomas_dill2	chained 3 x k=8 in 60, scaled 2	1	FHL2	ENSP00000433567.2	279	7.0	0.0
CED-9	hp_thomas_dill2	chained 3 x k=8 in 60, scaled 2	1	PALLD	ENSP00000425556.1	1123	7.0	0.0
CED-9	hp_thomas_dill2	chained 3 x k=8 in 60, scaled 2	1	MMP28	ENSP00000473853.1	520	7.0	0.0
CED-9	hp_thomas_dill2	chained 3 x k=8 in 60, scaled 2	4	KHDRBS1	ENSP00000313829.7	443	6.0	0.0
CED-9	hp_thomas_dill2	chained 3 x k=8 in 60, scaled 2	4	MAN1A2	ENSP00000348959.3	641	6.0	0.0
CED-9	hp_thomas_dill2	chained 3 x k=8 in 60, scaled 2	4	USH2A	ENSP00000305941.3	5202	6.0	0.0
CED-9	hp_thomas_dill2	chained 3 x k=8 in 60, scaled 2	4	HEATR1	ENSP00000355541.3	2144	6.0	0.0
CED-9	hp_thomas_dill2	chained 3 x k=8 in 60, scaled 2	4	EPHB1	ENSP00000381097.3	984	6.0	0.0
CED-9	hp_thomas_dill2	chained 3 x k=8 in 60, scaled 2	4	SLITRK3	ENSP00000420091.1	977	6.0	0.0
CED-9	hp_thomas_dill2	chained 3 x k=8 in 60, scaled 2	4	PPM1K	ENSP00000477341.1	372	6.0	0.0
CED-9	hp_thomas_dill2	chained 2 x k=12 in 40	1	DOCK7	ENSP00000489124.1	2140	10.0	0.0
CED-9	hp_thomas_dill2	chained 2 x k=12 in 40	1	MYH16	ENSP00000521006.2	1114	10.0	0.0
CED-9	hp_thomas_dill2	chained 2 x k=12 in 40	1	TPM4	ENSP00000495347.1	248	10.0	0.0
CED-9	hp_thomas_dill2	chained 2 x k=12 in 40	1	AFF2	ENSP00000359489.2	1311	10.0	0.0
CED-9	hp_thomas_dill2	chained 2 x k=12 in 40	5	KHDRBS1	ENSP00000313829.7	443	8.0	0.0
CED-9	hp_thomas_dill2	chained 2 x k=12 in 40	5	FMO2	ENSP00000209929.8	535	8.0	0.0
CED-9	hp_thomas_dill2	chained 2 x k=12 in 40	5	FMO1	ENSP00000481732.1	532	8.0	0.0
CED-9	hp_thomas_dill2	chained 2 x k=12 in 40	5	DMXL1	ENSP00000439479.1	3048	8.0	0.0
CED-9	hp_thomas_dill2	chained 2 x k=12 in 40	5	SASH1	ENSP00000356437.3	1247	8.0	0.0
CED-9	hp_thomas_dill2	chained 2 x k=12 in 40	5	DTX2	ENSP00000411986.2	622	8.0	0.0
CED-9	hp_thomas_dill2	chained 2 x k=12 in 40, scaled 2	1	PRDM2	ENSP00000312352.6	1718	6.0	0.0
CED-9	hp_thomas_dill2	chained 2 x k=12 in 40, scaled 2	1	SASH1	ENSP00000356437.3	1247	6.0	0.0
CED-9	hp_thomas_dill2	chained 2 x k=12 in 40, scaled 2	3	CATSPER4	ENSP00000390423.3	472	5.0	0.0
CED-9	hp_thomas_dill2	chained 2 x k=12 in 40, scaled 2	3	DOCK7	ENSP00000489124.1	2140	5.0	0.0
CED-9	hp_thomas_dill2	chained 2 x k=12 in 40, scaled 2	3	CBY3	ENSP00000366173.4	242	5.0	0.0
CED-9	hp_thomas_dill2	chained 2 x k=12 in 40, scaled 2	3	DOCK5	ENSP00000276440.7	1870	5.0	0.0
CED-9	hp_thomas_dill2	chained 2 x k=12 in 40, scaled 2	3	CREBBP	ENSP00000262367.5	2442	5.0	0.0
CED-9	hp_thomas_dill2	chained 2 x k=12 in 40, scaled 2	3	MECP2	ENSP00000395535.2	498	5.0	0.0
CED-9	hp_thomas_dill2	chained 2 x k=12 in 40, scaled 2	9	ESPN	ENSP00000496593.1	854	4.0	0.0
CED-9	hp_thomas_dill2	chained 2 x k=12 in 40, scaled 2	9	HSPG2	ENSP00000363827.3	4391	4.0	0.0
CED-9	hp_thomas_dill2	chained 2 x k=12 in 60	1	ENSG00000283782	ENSP00000492349.2	1213	13.0	0.0
CED-9	hp_thomas_dill2	chained 2 x k=12 in 60	1	RAD50	ENSP00000368100.4	1312	13.0	0.0
CED-9	hp_thomas_dill2	chained 2 x k=12 in 60	1	RIMS2	ENSP00000512879.1	1607	13.0	0.0
CED-9	hp_thomas_dill2	chained 2 x k=12 in 60	4	DDN	ENSP00000390590.2	711	12.0	0.0
CED-9	hp_thomas_dill2	chained 2 x k=12 in 60	5	SACS	ENSP00000371729.3	4579	11.0	0.0
CED-9	hp_thomas_dill2	chained 2 x k=12 in 60	5	CCDC168	ENSP00000320232.3	7081	11.0	0.0
CED-9	hp_thomas_dill2	chained 2 x k=12 in 60	7	DOCK7	ENSP00000489124.1	2140	10.0	0.0
CED-9	hp_thomas_dill2	chained 2 x k=12 in 60	7	USH2A	ENSP00000305941.3	5202	10.0	0.0
CED-9	hp_thomas_dill2	chained 2 x k=12 in 60	7	LIMCH1	ENSP00000425631.1	1467	10.0	0.0
CED-9	hp_thomas_dill2	chained 2 x k=12 in 60	7	PALLD	ENSP00000425556.1	1123	10.0	0.0
CED-9	hp_thomas_dill2	chained 2 x k=12 in 60, scaled 2	1	RIMS2	ENSP00000512879.1	1607	8.0	0.0
CED-9	hp_thomas_dill2	chained 2 x k=12 in 60, scaled 2	2	SLC2A12	ENSP00000275230.5	617	7.0	0.0
CED-9	hp_thomas_dill2	chained 2 x k=12 in 60, scaled 2	2	THSD4	ENSP00000261862.8	1018	7.0	0.0
CED-9	hp_thomas_dill2	chained 2 x k=12 in 60, scaled 2	4	PRDM2	ENSP00000312352.6	1718	6.0	0.0
CED-9	hp_thomas_dill2	chained 2 x k=12 in 60, scaled 2	4	LIMCH1	ENSP00000425631.1	1467	6.0	0.0
CED-9	hp_thomas_dill2	chained 2 x k=12 in 60, scaled 2	4	ENSG00000283782	ENSP00000492349.2	1213	6.0	0.0
CED-9	hp_thomas_dill2	chained 2 x k=12 in 60, scaled 2	4	RAD50	ENSP00000368100.4	1312	6.0	0.0
CED-9	hp_thomas_dill2	chained 2 x k=12 in 60, scaled 2	4	SASH1	ENSP00000356437.3	1247	6.0	0.0
CED-9	hp_thomas_dill2	chained 2 x k=12 in 60, scaled 2	9	HNRNPCL1	ENSP00000365370.4	293	5.0	0.0
CED-9	hp_thomas_dill2	chained 2 x k=12 in 60, scaled 2	9	CATSPER4	ENSP00000390423.3	472	5.0	0.0
CED-9	hp_thomas_dill2	window 18 of 20	1	POLR2B	ENSP00000312735.5	1174	26.0	0.0
CED-9	hp_thomas_dill2	window 18 of 20	1	CFAP58	ENSP00000358718.3	872	26.0	0.0
CED-9	hp_thomas_dill2	window 18 of 20	1	CCDC88B	ENSP00000349238.5	1476	26.0	0.0
CED-9	hp_thomas_dill2	window 18 of 20	1	CCDC57	ENSP00000511565.1	1027	26.0	0.0
CED-9	hp_thomas_dill2	window 18 of 20	1	AKAP4	ENSP00000351327.2	854	26.0	0.0
CED-9	hp_thomas_dill2	window 18 of 20	6	APC	ENSP00000257430.4	2843	25.0	0.0
CED-9	hp_thomas_dill2	window 18 of 20	6	IFT81	ENSP00000242591.5	676	25.0	0.0
CED-9	hp_thomas_dill2	window 18 of 20	6	ACAN	ENSP00000453581.2	2568	25.0	0.0
CED-9	hp_thomas_dill2	window 18 of 20	9	CPLANE1	ENSP00000498265.2	3251	24.0	0.0
CED-9	hp_thomas_dill2	window 18 of 20	9	TEX15	ENSP00000493555.1	3172	24.0	0.0
CED-9	hp_thomas_dill2	window 16 of 20	1	ZKSCAN4	ENSP00000366509.2	545	67.0	0.0
CED-9	hp_thomas_dill2	window 16 of 20	2	SIX3	ENSP00000260653.3	332	63.0	0.0
CED-9	hp_thomas_dill2	window 16 of 20	3	FOXL1	ENSP00000326272.3	345	59.0	0.0
CED-9	hp_thomas_dill2	window 16 of 20	4	BNIP5	ENSP00000418983.1	652	58.0	0.0
CED-9	hp_thomas_dill2	window 16 of 20	5	RNASE2	ENSP00000303276.2	161	56.0	0.0
CED-9	hp_thomas_dill2	window 16 of 20	5	ZNF830	ENSP00000354518.3	372	56.0	0.0
CED-9	hp_thomas_dill2	window 16 of 20	7	APC2	ENSP00000467073.2	2303	55.0	0.0
CED-9	hp_thomas_dill2	window 16 of 20	8	REV3L	ENSP00000357792.3	3130	54.0	0.0
CED-9	hp_thomas_dill2	window 16 of 20	8	ANKRD26	ENSP00000365255.4	1710	54.0	0.0
CED-9	hp_thomas_dill2	window 16 of 20	8	MARK3	ENSP00000411397.2	753	54.0	0.0
CED-9	hp_thomas_dill2	window 27 of 30	1	PCIF1	ENSP00000361486.3	704	21.0	0.0
CED-9	hp_thomas_dill2	window 27 of 30	2	CCDC88B	ENSP00000349238.5	1476	20.0	0.0
CED-9	hp_thomas_dill2	window 27 of 30	2	AFF2	ENSP00000359489.2	1311	20.0	0.0
CED-9	hp_thomas_dill2	window 27 of 30	4	RBMXL1	ENSP00000498248.1	390	19.0	0.0
CED-9	hp_thomas_dill2	window 27 of 30	4	MYH16	ENSP00000521006.2	1114	19.0	0.0
CED-9	hp_thomas_dill2	window 27 of 30	4	RABEP1	ENSP00000445408.2	862	19.0	0.0
CED-9	hp_thomas_dill2	window 27 of 30	4	CCDC57	ENSP00000511565.1	1027	19.0	0.0
CED-9	hp_thomas_dill2	window 27 of 30	4	AKAP4	ENSP00000351327.2	854	19.0	0.0
CED-9	hp_thomas_dill2	window 27 of 30	9	TTC13	ENSP00000355621.4	860	18.0	0.0
CED-9	hp_thomas_dill2	window 27 of 30	9	PALLD	ENSP00000425556.1	1123	18.0	0.0
CED-9	hp_thomas_dill2	window 24 of 30	1	SIX3	ENSP00000260653.3	332	50.0	0.0
CED-9	hp_thomas_dill2	window 24 of 30	2	SYNJ2	ENSP00000347792.4	1496	49.0	0.0
CED-9	hp_thomas_dill2	window 24 of 30	3	RNASE2	ENSP00000303276.2	161	48.0	0.0
CED-9	hp_thomas_dill2	window 24 of 30	3	MARK3	ENSP00000411397.2	753	48.0	0.0
CED-9	hp_thomas_dill2	window 24 of 30	5	ZKSCAN4	ENSP00000366509.2	545	47.0	0.0
CED-9	hp_thomas_dill2	window 24 of 30	6	SERBP1	ENSP00000354591.6	393	43.0	0.0
CED-9	hp_thomas_dill2	window 24 of 30	6	BNIP5	ENSP00000418983.1	652	43.0	0.0
CED-9	hp_thomas_dill2	window 24 of 30	8	KAT6B	ENSP00000287239.4	2073	42.0	0.0
CED-9	hp_thomas_dill2	window 24 of 30	8	FOXL1	ENSP00000326272.3	345	42.0	0.0
CED-9	hp_thomas_dill2	window 24 of 30	10	BSN	ENSP00000296452.4	3926	41.0	0.0
CED-9	hp_thomas_dill2	window 36 of 40	1	BIRC6	ENSP00000393596.2	4857	14.0	0.0
CED-9	hp_thomas_dill2	window 36 of 40	2	CCDC88B	ENSP00000349238.5	1476	13.0	0.0
CED-9	hp_thomas_dill2	window 36 of 40	3	RBMXL1	ENSP00000498248.1	390	11.0	0.0
CED-9	hp_thomas_dill2	window 36 of 40	3	MYH16	ENSP00000521006.2	1114	11.0	0.0
CED-9	hp_thomas_dill2	window 36 of 40	3	STIM1	ENSP00000433266.2	716	11.0	0.0
CED-9	hp_thomas_dill2	window 36 of 40	3	AFF2	ENSP00000359489.2	1311	11.0	0.0
CED-9	hp_thomas_dill2	window 36 of 40	7	IGFN1	ENSP00000334714.4	3708	10.0	0.0
CED-9	hp_thomas_dill2	window 36 of 40	7	APC	ENSP00000257430.4	2843	10.0	0.0
CED-9	hp_thomas_dill2	window 36 of 40	7	CFAP58	ENSP00000358718.3	872	10.0	0.0
CED-9	hp_thomas_dill2	window 36 of 40	7	CCDC85C	ENSP00000369592.4	419	10.0	0.0
CED-9	hp_thomas_dill2	window 32 of 40	1	SHROOM3	ENSP00000296043.6	1996	43.0	0.0
CED-9	hp_thomas_dill2	window 32 of 40	1	RNASE2	ENSP00000303276.2	161	43.0	0.0
CED-9	hp_thomas_dill2	window 32 of 40	1	MARK3	ENSP00000411397.2	753	43.0	0.0
CED-9	hp_thomas_dill2	window 32 of 40	4	BNIP5	ENSP00000418983.1	652	39.0	0.0
CED-9	hp_thomas_dill2	window 32 of 40	5	KAT6B	ENSP00000287239.4	2073	38.0	0.0
CED-9	hp_thomas_dill2	window 32 of 40	6	SERBP1	ENSP00000354591.6	393	36.0	0.0
CED-9	hp_thomas_dill2	window 32 of 40	7	SP100	ENSP00000343023.4	885	35.0	0.0
CED-9	hp_thomas_dill2	window 32 of 40	7	BSN	ENSP00000296452.4	3926	35.0	0.0
CED-9	hp_thomas_dill2	window 32 of 40	7	ENSG00000283782	ENSP00000492349.2	1213	35.0	0.0
CED-9	hp_thomas_dill2	window 32 of 40	7	RAD50	ENSP00000368100.4	1312	35.0	0.0
CED-9	hp_thomas_dill2	window 48 of 60	1	RNASE2	ENSP00000303276.2	161	37.0	0.0
CED-9	hp_thomas_dill2	window 48 of 60	2	CCDC57	ENSP00000511565.1	1027	36.0	0.0
CED-9	hp_thomas_dill2	window 48 of 60	3	EVPL	ENSP00000301607.3	2033	30.0	0.0
CED-9	hp_thomas_dill2	window 48 of 60	4	BCLAF1	ENSP00000435210.1	920	29.0	0.0
CED-9	hp_thomas_dill2	window 48 of 60	4	CBL	ENSP00000264033.3	906	29.0	0.0
CED-9	hp_thomas_dill2	window 48 of 60	4	MARK3	ENSP00000411397.2	753	29.0	0.0
CED-9	hp_thomas_dill2	window 48 of 60	7	ATF7IP2	ENSP00000457731.2	682	27.0	0.0
CED-9	hp_thomas_dill2	window 48 of 60	8	MAP4	ENSP00000507895.1	2296	26.0	0.0
CED-9	hp_thomas_dill2	window 48 of 60	8	KAT6B	ENSP00000287239.4	2073	26.0	0.0
CED-9	hp_thomas_dill2	window 48 of 60	8	BPTF	ENSP00000307208.6	2920	26.0	0.0
CED-9	hp_thomas_dill2	extend +1/-2	1	RNASE2	ENSP00000303276.2	161	45.0	0.0
CED-9	hp_thomas_dill2	extend +1/-2	2	MARK3	ENSP00000411397.2	753	44.0	0.0
CED-9	hp_thomas_dill2	extend +1/-2	2	CCDC57	ENSP00000511565.1	1027	44.0	0.0
CED-9	hp_thomas_dill2	extend +1/-2	4	BNIP5	ENSP00000418983.1	652	43.0	0.0
CED-9	hp_thomas_dill2	extend +1/-2	5	SHROOM3	ENSP00000296043.6	1996	42.0	0.0
CED-9	hp_thomas_dill2	extend +1/-2	6	KIAA2012	ENSP00000419834.2	1181	41.0	0.0
CED-9	hp_thomas_dill2	extend +1/-2	6	CCDC85C	ENSP00000369592.4	419	41.0	0.0
CED-9	hp_thomas_dill2	extend +1/-2	6	RNF135	ENSP00000328340.5	432	41.0	0.0
CED-9	hp_thomas_dill2	extend +1/-2	6	EVPL	ENSP00000301607.3	2033	41.0	0.0
CED-9	hp_thomas_dill2	extend +1/-2	6	TTC39C	ENSP00000323645.3	583	41.0	0.0
CED-9	hp_lehninger2	exact k=8	1	KNG1	ENSP00000493985.1	644	28.0	0.0
CED-9	hp_lehninger2	exact k=8	1	SHPRH	ENSP00000275233.7	1683	28.0	0.0
CED-9	hp_lehninger2	exact k=8	1	COL2A1	ENSP00000369889.3	1487	28.0	0.0
CED-9	hp_lehninger2	exact k=8	4	TICRR	ENSP00000268138.7	1910	26.0	0.0
CED-9	hp_lehninger2	exact k=8	5	COL11A1	ENSP00000359114.3	1806	25.0	0.0
CED-9	hp_lehninger2	exact k=8	5	SLC41A1	ENSP00000356105.3	513	25.0	0.0
CED-9	hp_lehninger2	exact k=8	5	CD47	ENSP00000355361.5	323	25.0	0.0
CED-9	hp_lehninger2	exact k=8	5	MIER3	ENSP00000370596.3	550	25.0	0.0
CED-9	hp_lehninger2	exact k=8	5	CUL9	ENSP00000252050.4	2517	25.0	0.0
CED-9	hp_lehninger2	exact k=8	5	SLC12A9	ENSP00000275730.4	914	25.0	0.0
CED-9	hp_lehninger2	exact k=8, scaled 2	1	FBXO41	ENSP00000430968.2	875	16.0	0.0
CED-9	hp_lehninger2	exact k=8, scaled 2	2	LRFN4	ENSP00000312535.4	635	15.0	0.0
CED-9	hp_lehninger2	exact k=8, scaled 2	2	DSG2	ENSP00000261590.8	1118	15.0	0.0
CED-9	hp_lehninger2	exact k=8, scaled 2	4	SH3YL1	ENSP00000348471.5	342	14.0	0.0
CED-9	hp_lehninger2	exact k=8, scaled 2	4	SOS1	ENSP00000384675.2	1333	14.0	0.0
CED-9	hp_lehninger2	exact k=8, scaled 2	4	DCTN1	ENSP00000487279.2	1278	14.0	0.0
CED-9	hp_lehninger2	exact k=8, scaled 2	4	HSPA4	ENSP00000302961.2	840	14.0	0.0
CED-9	hp_lehninger2	exact k=8, scaled 2	4	UBN2	ENSP00000418648.2	1347	14.0	0.0
CED-9	hp_lehninger2	exact k=8, scaled 2	4	SLC1A1	ENSP00000262352.3	524	14.0	0.0
CED-9	hp_lehninger2	exact k=8, scaled 2	4	CATSPERB	ENSP00000256343.3	1116	14.0	0.0
CED-9	hp_lehninger2	exact k=10	1	TICRR	ENSP00000268138.7	1910	22.0	0.0
CED-9	hp_lehninger2	exact k=10	2	ABHD5	ENSP00000495778.1	349	21.0	0.0
CED-9	hp_lehninger2	exact k=10	2	MIER3	ENSP00000370596.3	550	21.0	0.0
CED-9	hp_lehninger2	exact k=10	2	SLC12A9	ENSP00000275730.4	914	21.0	0.0
CED-9	hp_lehninger2	exact k=10	2	COL2A1	ENSP00000369889.3	1487	21.0	0.0
CED-9	hp_lehninger2	exact k=10	6	STX12	ENSP00000363054.4	276	20.0	0.0
CED-9	hp_lehninger2	exact k=10	6	MACF1	ENSP00000455274.1	7555	20.0	0.0
CED-9	hp_lehninger2	exact k=10	6	SHPRH	ENSP00000275233.7	1683	20.0	0.0
CED-9	hp_lehninger2	exact k=10	6	ADRB1	ENSP00000358301.2	477	20.0	0.0
CED-9	hp_lehninger2	exact k=10	6	AMER1	ENSP00000364003.4	1135	20.0	0.0
CED-9	hp_lehninger2	exact k=10, scaled 2	1	MIER3	ENSP00000370596.3	550	14.0	0.0
CED-9	hp_lehninger2	exact k=10, scaled 2	2	STAB1	ENSP00000312946.6	2570	13.0	0.0
CED-9	hp_lehninger2	exact k=10, scaled 2	2	TICRR	ENSP00000268138.7	1910	13.0	0.0
CED-9	hp_lehninger2	exact k=10, scaled 2	4	SLC41A1	ENSP00000356105.3	513	12.0	0.0
CED-9	hp_lehninger2	exact k=10, scaled 2	4	RNF168	ENSP00000320898.3	571	12.0	0.0
CED-9	hp_lehninger2	exact k=10, scaled 2	4	HMGCLL1	ENSP00000274901.4	340	12.0	0.0
CED-9	hp_lehninger2	exact k=10, scaled 2	4	DLC1	ENSP00000276297.4	1528	12.0	0.0
CED-9	hp_lehninger2	exact k=10, scaled 2	4	ADRB1	ENSP00000358301.2	477	12.0	0.0
CED-9	hp_lehninger2	exact k=10, scaled 2	4	API5	ENSP00000431391.1	524	12.0	0.0
CED-9	hp_lehninger2	exact k=10, scaled 2	4	PPL	ENSP00000340510.2	1756	12.0	0.0
CED-9	hp_lehninger2	exact k=12	1	ABHD5	ENSP00000495778.1	349	19.0	0.0
CED-9	hp_lehninger2	exact k=12	2	STX12	ENSP00000363054.4	276	18.0	0.0
CED-9	hp_lehninger2	exact k=12	2	MACF1	ENSP00000455274.1	7555	18.0	0.0
CED-9	hp_lehninger2	exact k=12	2	TICRR	ENSP00000268138.7	1910	18.0	0.0
CED-9	hp_lehninger2	exact k=12	5	HIVEP3	ENSP00000361664.1	2406	17.0	0.0
CED-9	hp_lehninger2	exact k=12	5	COPS8	ENSP00000346340.2	209	17.0	0.0
CED-9	hp_lehninger2	exact k=12	5	MIER3	ENSP00000370596.3	550	17.0	0.0
CED-9	hp_lehninger2	exact k=12	5	SLC12A9	ENSP00000275730.4	914	17.0	0.0
CED-9	hp_lehninger2	exact k=12	5	COL2A1	ENSP00000369889.3	1487	17.0	0.0
CED-9	hp_lehninger2	exact k=12	5	C16orf96	ENSP00000415027.3	1141	17.0	0.0
CED-9	hp_lehninger2	exact k=12, scaled 2	1	MACF1	ENSP00000455274.1	7555	12.0	0.0
CED-9	hp_lehninger2	exact k=12, scaled 2	1	HIVEP3	ENSP00000361664.1	2406	12.0	0.0
CED-9	hp_lehninger2	exact k=12, scaled 2	3	NEB	ENSP00000380505.3	8525	11.0	0.0
CED-9	hp_lehninger2	exact k=12, scaled 2	3	EEPD1	ENSP00000242108.4	569	11.0	0.0
CED-9	hp_lehninger2	exact k=12, scaled 2	3	ZSWIM3	ENSP00000255152.2	696	11.0	0.0
CED-9	hp_lehninger2	exact k=12, scaled 2	6	PDZK1	ENSP00000394485.1	519	10.0	0.0
CED-9	hp_lehninger2	exact k=12, scaled 2	6	NOS1AP	ENSP00000355133.5	506	10.0	0.0
CED-9	hp_lehninger2	exact k=12, scaled 2	6	LCLAT1	ENSP00000368823.3	376	10.0	0.0
CED-9	hp_lehninger2	exact k=12, scaled 2	6	CCDC88A	ENSP00000410608.1	1871	10.0	0.0
CED-9	hp_lehninger2	exact k=12, scaled 2	6	ARHGAP31	ENSP00000264245.4	1444	10.0	0.0
CED-9	hp_lehninger2	exact k=14	1	ABHD5	ENSP00000495778.1	349	17.0	0.0
CED-9	hp_lehninger2	exact k=14	2	STX12	ENSP00000363054.4	276	16.0	0.0
CED-9	hp_lehninger2	exact k=14	2	MACF1	ENSP00000455274.1	7555	16.0	0.0
CED-9	hp_lehninger2	exact k=14	4	HIVEP3	ENSP00000361664.1	2406	15.0	0.0
CED-9	hp_lehninger2	exact k=14	4	COPS8	ENSP00000346340.2	209	15.0	0.0
CED-9	hp_lehninger2	exact k=14	4	C16orf96	ENSP00000415027.3	1141	15.0	0.0
CED-9	hp_lehninger2	exact k=14	4	SAXO3	ENSP00000489727.1	334	15.0	0.0
CED-9	hp_lehninger2	exact k=14	8	COL11A1	ENSP00000359114.3	1806	14.0	0.0
CED-9	hp_lehninger2	exact k=14	8	ENTREP3	ENSP00000354958.2	668	14.0	0.0
CED-9	hp_lehninger2	exact k=14	8	ENSG00000286015	ENSP00000498451.1	108	14.0	0.0
CED-9	hp_lehninger2	exact k=14, scaled 2	1	IPO8	ENSP00000256079.4	1037	10.0	0.0
CED-9	hp_lehninger2	exact k=14, scaled 2	1	SAXO3	ENSP00000489727.1	334	10.0	0.0
CED-9	hp_lehninger2	exact k=14, scaled 2	3	PKD1L3	ENSP00000480090.1	1732	9.0	0.0
CED-9	hp_lehninger2	exact k=14, scaled 2	4	HIVEP3	ENSP00000361664.1	2406	8.0	0.0
CED-9	hp_lehninger2	exact k=14, scaled 2	4	COL11A1	ENSP00000359114.3	1806	8.0	0.0
CED-9	hp_lehninger2	exact k=14, scaled 2	4	PDZK1	ENSP00000394485.1	519	8.0	0.0
CED-9	hp_lehninger2	exact k=14, scaled 2	4	ENTREP3	ENSP00000354958.2	668	8.0	0.0
CED-9	hp_lehninger2	exact k=14, scaled 2	4	ETV3L	ENSP00000430271.1	361	8.0	0.0
CED-9	hp_lehninger2	exact k=14, scaled 2	4	ETV3	ENSP00000357175.4	512	8.0	0.0
CED-9	hp_lehninger2	exact k=14, scaled 2	4	FBXO41	ENSP00000430968.2	875	8.0	0.0
CED-9	hp_lehninger2	exact k=16	1	ABHD5	ENSP00000495778.1	349	15.0	0.0
CED-9	hp_lehninger2	exact k=16	2	STX12	ENSP00000363054.4	276	14.0	0.0
CED-9	hp_lehninger2	exact k=16	2	MACF1	ENSP00000455274.1	7555	14.0	0.0
CED-9	hp_lehninger2	exact k=16	4	HIVEP3	ENSP00000361664.1	2406	13.0	0.0
CED-9	hp_lehninger2	exact k=16	4	COPS8	ENSP00000346340.2	209	13.0	0.0
CED-9	hp_lehninger2	exact k=16	4	C16orf96	ENSP00000415027.3	1141	13.0	0.0
CED-9	hp_lehninger2	exact k=16	4	SAXO3	ENSP00000489727.1	334	13.0	0.0
CED-9	hp_lehninger2	exact k=16	8	COL11A1	ENSP00000359114.3	1806	12.0	0.0
CED-9	hp_lehninger2	exact k=16	8	ENTREP3	ENSP00000354958.2	668	12.0	0.0
CED-9	hp_lehninger2	exact k=16	8	ENSG00000286015	ENSP00000498451.1	108	12.0	0.0
CED-9	hp_lehninger2	exact k=16, scaled 2	1	ABHD5	ENSP00000495778.1	349	9.0	0.0
CED-9	hp_lehninger2	exact k=16, scaled 2	2	STX12	ENSP00000363054.4	276	8.0	0.0
CED-9	hp_lehninger2	exact k=16, scaled 2	2	ENSG00000286015	ENSP00000498451.1	108	8.0	0.0
CED-9	hp_lehninger2	exact k=16, scaled 2	2	LYPD8	ENSP00000466070.2	237	8.0	0.0
CED-9	hp_lehninger2	exact k=16, scaled 2	2	GCC2	ENSP00000307939.5	1684	8.0	0.0
CED-9	hp_lehninger2	exact k=16, scaled 2	2	SNX18	ENSP00000370817.4	624	8.0	0.0
CED-9	hp_lehninger2	exact k=16, scaled 2	2	RNF121	ENSP00000354571.3	327	8.0	0.0
CED-9	hp_lehninger2	exact k=16, scaled 2	2	TICRR	ENSP00000268138.7	1910	8.0	0.0
CED-9	hp_lehninger2	exact k=16, scaled 2	2	SIX5	ENSP00000316842.4	739	8.0	0.0
CED-9	hp_lehninger2	exact k=16, scaled 2	2	PCSK1N	ENSP00000218230.5	260	8.0	0.0
CED-9	hp_lehninger2	exact k=18	1	ABHD5	ENSP00000495778.1	349	13.0	0.0
CED-9	hp_lehninger2	exact k=18	2	STX12	ENSP00000363054.4	276	12.0	0.0
CED-9	hp_lehninger2	exact k=18	2	MACF1	ENSP00000455274.1	7555	12.0	0.0
CED-9	hp_lehninger2	exact k=18	4	HIVEP3	ENSP00000361664.1	2406	11.0	0.0
CED-9	hp_lehninger2	exact k=18	4	COPS8	ENSP00000346340.2	209	11.0	0.0
CED-9	hp_lehninger2	exact k=18	4	C16orf96	ENSP00000415027.3	1141	11.0	0.0
CED-9	hp_lehninger2	exact k=18	4	SAXO3	ENSP00000489727.1	334	11.0	0.0
CED-9	hp_lehninger2	exact k=18	8	COL11A1	ENSP00000359114.3	1806	10.0	0.0
CED-9	hp_lehninger2	exact k=18	8	ENTREP3	ENSP00000354958.2	668	10.0	0.0
CED-9	hp_lehninger2	exact k=18	8	ENSG00000286015	ENSP00000498451.1	108	10.0	0.0
CED-9	hp_lehninger2	exact k=18, scaled 2	1	COPS8	ENSP00000346340.2	209	7.0	0.0
CED-9	hp_lehninger2	exact k=18, scaled 2	1	TICRR	ENSP00000268138.7	1910	7.0	0.0
CED-9	hp_lehninger2	exact k=18, scaled 2	1	PCSK1N	ENSP00000218230.5	260	7.0	0.0
CED-9	hp_lehninger2	exact k=18, scaled 2	4	STX12	ENSP00000363054.4	276	6.0	0.0
CED-9	hp_lehninger2	exact k=18, scaled 2	4	MACF1	ENSP00000455274.1	7555	6.0	0.0
CED-9	hp_lehninger2	exact k=18, scaled 2	4	HIVEP3	ENSP00000361664.1	2406	6.0	0.0
CED-9	hp_lehninger2	exact k=18, scaled 2	4	COL11A1	ENSP00000359114.3	1806	6.0	0.0
CED-9	hp_lehninger2	exact k=18, scaled 2	4	OR2G3	ENSP00000326301.2	309	6.0	0.0
CED-9	hp_lehninger2	exact k=18, scaled 2	4	CD47	ENSP00000355361.5	323	6.0	0.0
CED-9	hp_lehninger2	exact k=18, scaled 2	4	WASF1	ENSP00000376368.1	559	6.0	0.0
CED-9	hp_lehninger2	exact k=20	1	ABHD5	ENSP00000495778.1	349	11.0	0.0
CED-9	hp_lehninger2	exact k=20	2	STX12	ENSP00000363054.4	276	10.0	0.0
CED-9	hp_lehninger2	exact k=20	2	MACF1	ENSP00000455274.1	7555	10.0	0.0
CED-9	hp_lehninger2	exact k=20	4	HIVEP3	ENSP00000361664.1	2406	9.0	0.0
CED-9	hp_lehninger2	exact k=20	4	COPS8	ENSP00000346340.2	209	9.0	0.0
CED-9	hp_lehninger2	exact k=20	4	C16orf96	ENSP00000415027.3	1141	9.0	0.0
CED-9	hp_lehninger2	exact k=20	4	SAXO3	ENSP00000489727.1	334	9.0	0.0
CED-9	hp_lehninger2	exact k=20	8	COL11A1	ENSP00000359114.3	1806	8.0	0.0
CED-9	hp_lehninger2	exact k=20	8	ENTREP3	ENSP00000354958.2	668	8.0	0.0
CED-9	hp_lehninger2	exact k=20	8	ENSG00000286015	ENSP00000498451.1	108	8.0	0.0
CED-9	hp_lehninger2	exact k=20, scaled 2	1	C16orf96	ENSP00000415027.3	1141	7.0	0.0
CED-9	hp_lehninger2	exact k=20, scaled 2	2	STX12	ENSP00000363054.4	276	6.0	0.0
CED-9	hp_lehninger2	exact k=20, scaled 2	2	MIER3	ENSP00000370596.3	550	6.0	0.0
CED-9	hp_lehninger2	exact k=20, scaled 2	2	TICRR	ENSP00000268138.7	1910	6.0	0.0
CED-9	hp_lehninger2	exact k=20, scaled 2	2	UTP4	ENSP00000327179.7	686	6.0	0.0
CED-9	hp_lehninger2	exact k=20, scaled 2	6	MACF1	ENSP00000455274.1	7555	5.0	0.0
CED-9	hp_lehninger2	exact k=20, scaled 2	6	ENSG00000286015	ENSP00000498451.1	108	5.0	0.0
CED-9	hp_lehninger2	exact k=20, scaled 2	6	LYPD8	ENSP00000466070.2	237	5.0	0.0
CED-9	hp_lehninger2	exact k=20, scaled 2	6	GCC2	ENSP00000307939.5	1684	5.0	0.0
CED-9	hp_lehninger2	exact k=20, scaled 2	6	COPS8	ENSP00000346340.2	209	5.0	0.0
CED-9	hp_lehninger2	exact k=24	1	ABHD5	ENSP00000495778.1	349	7.0	0.0
CED-9	hp_lehninger2	exact k=24	2	STX12	ENSP00000363054.4	276	6.0	0.0
CED-9	hp_lehninger2	exact k=24	2	MACF1	ENSP00000455274.1	7555	6.0	0.0
CED-9	hp_lehninger2	exact k=24	4	HIVEP3	ENSP00000361664.1	2406	5.0	0.0
CED-9	hp_lehninger2	exact k=24	4	COPS8	ENSP00000346340.2	209	5.0	0.0
CED-9	hp_lehninger2	exact k=24	4	C16orf96	ENSP00000415027.3	1141	5.0	0.0
CED-9	hp_lehninger2	exact k=24	4	SAXO3	ENSP00000489727.1	334	5.0	0.0
CED-9	hp_lehninger2	exact k=24	8	COL11A1	ENSP00000359114.3	1806	4.0	0.0
CED-9	hp_lehninger2	exact k=24	8	ENTREP3	ENSP00000354958.2	668	4.0	0.0
CED-9	hp_lehninger2	exact k=24	8	ENSG00000286015	ENSP00000498451.1	108	4.0	0.0
CED-9	hp_lehninger2	exact k=24, scaled 2	1	STX12	ENSP00000363054.4	276	5.0	0.0
CED-9	hp_lehninger2	exact k=24, scaled 2	2	ABHD5	ENSP00000495778.1	349	4.0	0.0
CED-9	hp_lehninger2	exact k=24, scaled 2	2	C16orf96	ENSP00000415027.3	1141	4.0	0.0
CED-9	hp_lehninger2	exact k=24, scaled 2	4	MACF1	ENSP00000455274.1	7555	3.0	0.0
CED-9	hp_lehninger2	exact k=24, scaled 2	4	HIVEP3	ENSP00000361664.1	2406	3.0	0.0
CED-9	hp_lehninger2	exact k=24, scaled 2	4	COL11A1	ENSP00000359114.3	1806	3.0	0.0
CED-9	hp_lehninger2	exact k=24, scaled 2	4	SLC12A9	ENSP00000275730.4	914	3.0	0.0
CED-9	hp_lehninger2	exact k=24, scaled 2	4	TICRR	ENSP00000268138.7	1910	3.0	0.0
CED-9	hp_lehninger2	exact k=24, scaled 2	4	SIX5	ENSP00000316842.4	739	3.0	0.0
CED-9	hp_lehninger2	exact k=24, scaled 2	4	PCSK1N	ENSP00000218230.5	260	3.0	0.0
CED-9	hp_lehninger2	exact k=28	1	ABHD5	ENSP00000495778.1	349	3.0	0.0
CED-9	hp_lehninger2	exact k=28	2	STX12	ENSP00000363054.4	276	2.0	0.0
CED-9	hp_lehninger2	exact k=28	2	MACF1	ENSP00000455274.1	7555	2.0	0.0
CED-9	hp_lehninger2	exact k=28	4	HIVEP3	ENSP00000361664.1	2406	1.0	0.0
CED-9	hp_lehninger2	exact k=28	4	COPS8	ENSP00000346340.2	209	1.0	0.0
CED-9	hp_lehninger2	exact k=28	4	C16orf96	ENSP00000415027.3	1141	1.0	0.0
CED-9	hp_lehninger2	exact k=28	4	SAXO3	ENSP00000489727.1	334	1.0	0.0
CED-9	hp_lehninger2	exact k=28, scaled 2	1	ABHD5	ENSP00000495778.1	349	2.0	0.0
CED-9	hp_lehninger2	exact k=28, scaled 2	2	HIVEP3	ENSP00000361664.1	2406	1.0	0.0
CED-9	hp_lehninger2	exact k=28, scaled 2	2	COPS8	ENSP00000346340.2	209	1.0	0.0
CED-9	hp_lehninger2	spaced 11011011011011011	1	COPS8	ENSP00000346340.2	209	15.0	0.0
CED-9	hp_lehninger2	spaced 11011011011011011	2	FBXO41	ENSP00000430968.2	875	14.0	0.0
CED-9	hp_lehninger2	spaced 11011011011011011	2	ABHD5	ENSP00000495778.1	349	14.0	0.0
CED-9	hp_lehninger2	spaced 11011011011011011	2	C16orf96	ENSP00000415027.3	1141	14.0	0.0
CED-9	hp_lehninger2	spaced 11011011011011011	5	STX12	ENSP00000363054.4	276	13.0	0.0
CED-9	hp_lehninger2	spaced 11011011011011011	5	MACF1	ENSP00000455274.1	7555	13.0	0.0
CED-9	hp_lehninger2	spaced 11011011011011011	5	HIVEP3	ENSP00000361664.1	2406	13.0	0.0
CED-9	hp_lehninger2	spaced 11011011011011011	5	SMYD3	ENSP00000419184.2	428	13.0	0.0
CED-9	hp_lehninger2	spaced 11011011011011011	5	MIER3	ENSP00000370596.3	550	13.0	0.0
CED-9	hp_lehninger2	spaced 11011011011011011	5	STXBP5	ENSP00000321826.6	1151	13.0	0.0
CED-9	hp_lehninger2	spaced 11011011011011011, scaled 2	1	SMYD3	ENSP00000419184.2	428	10.0	0.0
CED-9	hp_lehninger2	spaced 11011011011011011, scaled 2	1	C16orf96	ENSP00000415027.3	1141	10.0	0.0
CED-9	hp_lehninger2	spaced 11011011011011011, scaled 2	3	FBXO41	ENSP00000430968.2	875	9.0	0.0
CED-9	hp_lehninger2	spaced 11011011011011011, scaled 2	3	UTP4	ENSP00000327179.7	686	9.0	0.0
CED-9	hp_lehninger2	spaced 11011011011011011, scaled 2	3	UNK	ENSP00000464893.1	810	9.0	0.0
CED-9	hp_lehninger2	spaced 11011011011011011, scaled 2	3	SAXO3	ENSP00000489727.1	334	9.0	0.0
CED-9	hp_lehninger2	spaced 11011011011011011, scaled 2	7	ENTREP3	ENSP00000354958.2	668	8.0	0.0
CED-9	hp_lehninger2	spaced 11011011011011011, scaled 2	7	ABHD5	ENSP00000495778.1	349	8.0	0.0
CED-9	hp_lehninger2	spaced 11011011011011011, scaled 2	7	RC3H2	ENSP00000349783.2	1191	8.0	0.0
CED-9	hp_lehninger2	spaced 11011011011011011, scaled 2	7	TICRR	ENSP00000268138.7	1910	8.0	0.0
CED-9	hp_lehninger2	spaced 11011011011011011011011	1	COPS8	ENSP00000346340.2	209	9.0	0.0
CED-9	hp_lehninger2	spaced 11011011011011011011011	1	STXBP5	ENSP00000321826.6	1151	9.0	0.0
CED-9	hp_lehninger2	spaced 11011011011011011011011	3	FBXO41	ENSP00000430968.2	875	8.0	0.0
CED-9	hp_lehninger2	spaced 11011011011011011011011	3	ATG16L1	ENSP00000375872.4	607	8.0	0.0
CED-9	hp_lehninger2	spaced 11011011011011011011011	3	ABHD5	ENSP00000495778.1	349	8.0	0.0
CED-9	hp_lehninger2	spaced 11011011011011011011011	3	LIPN	ENSP00000383923.1	398	8.0	0.0
CED-9	hp_lehninger2	spaced 11011011011011011011011	3	C16orf96	ENSP00000415027.3	1141	8.0	0.0
CED-9	hp_lehninger2	spaced 11011011011011011011011	3	BLTP2	ENSP00000436773.2	2235	8.0	0.0
CED-9	hp_lehninger2	spaced 11011011011011011011011	9	STX12	ENSP00000363054.4	276	7.0	0.0
CED-9	hp_lehninger2	spaced 11011011011011011011011	9	MACF1	ENSP00000455274.1	7555	7.0	0.0
CED-9	hp_lehninger2	spaced 11011011011011011011011, scaled 2	1	COPS8	ENSP00000346340.2	209	7.0	0.0
CED-9	hp_lehninger2	spaced 11011011011011011011011, scaled 2	2	FBXO41	ENSP00000430968.2	875	6.0	0.0
CED-9	hp_lehninger2	spaced 11011011011011011011011, scaled 2	2	PLEC	ENSP00000344848.3	4547	6.0	0.0
CED-9	hp_lehninger2	spaced 11011011011011011011011, scaled 2	4	STX12	ENSP00000363054.4	276	5.0	0.0
CED-9	hp_lehninger2	spaced 11011011011011011011011, scaled 2	4	PKLR	ENSP00000339933.4	574	5.0	0.0
CED-9	hp_lehninger2	spaced 11011011011011011011011, scaled 2	4	PLB1	ENSP00000330442.5	1458	5.0	0.0
CED-9	hp_lehninger2	spaced 11011011011011011011011, scaled 2	4	ATG16L1	ENSP00000375872.4	607	5.0	0.0
CED-9	hp_lehninger2	spaced 11011011011011011011011, scaled 2	4	ABHD5	ENSP00000495778.1	349	5.0	0.0
CED-9	hp_lehninger2	spaced 11011011011011011011011, scaled 2	4	MIER3	ENSP00000370596.3	550	5.0	0.0
CED-9	hp_lehninger2	spaced 11011011011011011011011, scaled 2	4	HMGCLL1	ENSP00000274901.4	340	5.0	0.0
CED-9	hp_lehninger2	spaced 11011011011011011011011011011	1	STXBP5	ENSP00000321826.6	1151	7.0	0.0
CED-9	hp_lehninger2	spaced 11011011011011011011011011011	2	ATG16L1	ENSP00000375872.4	607	6.0	0.0
CED-9	hp_lehninger2	spaced 11011011011011011011011011011	2	LIPN	ENSP00000383923.1	398	6.0	0.0
CED-9	hp_lehninger2	spaced 11011011011011011011011011011	2	BLTP2	ENSP00000436773.2	2235	6.0	0.0
CED-9	hp_lehninger2	spaced 11011011011011011011011011011	5	TRERF1	ENSP00000512293.1	1212	5.0	0.0
CED-9	hp_lehninger2	spaced 11011011011011011011011011011	5	ANAPC5	ENSP00000261819.3	755	5.0	0.0
CED-9	hp_lehninger2	spaced 11011011011011011011011011011	7	DMRTB1	ENSP00000360500.3	342	4.0	0.0
CED-9	hp_lehninger2	spaced 11011011011011011011011011011	7	SV2A	ENSP00000358142.3	742	4.0	0.0
CED-9	hp_lehninger2	spaced 11011011011011011011011011011	7	BSN	ENSP00000296452.4	3926	4.0	0.0
CED-9	hp_lehninger2	spaced 11011011011011011011011011011	7	CCDC80	ENSP00000206423.3	950	4.0	0.0
CED-9	hp_lehninger2	spaced 11011011011011011011011011011, scaled 2	1	STXBP5	ENSP00000321826.6	1151	6.0	0.0
CED-9	hp_lehninger2	spaced 11011011011011011011011011011, scaled 2	2	TRERF1	ENSP00000512293.1	1212	4.0	0.0
CED-9	hp_lehninger2	spaced 11011011011011011011011011011, scaled 2	3	PKLR	ENSP00000339933.4	574	3.0	0.0
CED-9	hp_lehninger2	spaced 11011011011011011011011011011, scaled 2	3	IARS2	ENSP00000355889.2	1012	3.0	0.0
CED-9	hp_lehninger2	spaced 11011011011011011011011011011, scaled 2	3	FBXO41	ENSP00000430968.2	875	3.0	0.0
CED-9	hp_lehninger2	spaced 11011011011011011011011011011, scaled 2	3	ATG16L1	ENSP00000375872.4	607	3.0	0.0
CED-9	hp_lehninger2	spaced 11011011011011011011011011011, scaled 2	3	CCDC80	ENSP00000206423.3	950	3.0	0.0
CED-9	hp_lehninger2	spaced 11011011011011011011011011011, scaled 2	3	EIF4G1	ENSP00000316879.5	1599	3.0	0.0
CED-9	hp_lehninger2	spaced 11011011011011011011011011011, scaled 2	3	CLCN2	ENSP00000265593.4	898	3.0	0.0
CED-9	hp_lehninger2	spaced 11011011011011011011011011011, scaled 2	3	LIMCH1	ENSP00000425631.1	1467	3.0	0.0
CED-9	hp_lehninger2	spaced 11011011011011011011011011011011011	1	STXBP5	ENSP00000321826.6	1151	5.0	0.0
CED-9	hp_lehninger2	spaced 11011011011011011011011011011011011	2	ATG16L1	ENSP00000375872.4	607	4.0	0.0
CED-9	hp_lehninger2	spaced 11011011011011011011011011011011011	2	LIPN	ENSP00000383923.1	398	4.0	0.0
CED-9	hp_lehninger2	spaced 11011011011011011011011011011011011	2	BLTP2	ENSP00000436773.2	2235	4.0	0.0
CED-9	hp_lehninger2	spaced 11011011011011011011011011011011011	5	TRERF1	ENSP00000512293.1	1212	3.0	0.0
CED-9	hp_lehninger2	spaced 11011011011011011011011011011011011	5	ANAPC5	ENSP00000261819.3	755	3.0	0.0
CED-9	hp_lehninger2	spaced 11011011011011011011011011011011011	7	DMRTB1	ENSP00000360500.3	342	2.0	0.0
CED-9	hp_lehninger2	spaced 11011011011011011011011011011011011	7	SV2A	ENSP00000358142.3	742	2.0	0.0
CED-9	hp_lehninger2	spaced 11011011011011011011011011011011011	7	BSN	ENSP00000296452.4	3926	2.0	0.0
CED-9	hp_lehninger2	spaced 11011011011011011011011011011011011	7	CCDC80	ENSP00000206423.3	950	2.0	0.0
CED-9	hp_lehninger2	spaced 11011011011011011011011011011011011, scaled 2	1	ATG16L1	ENSP00000375872.4	607	3.0	0.0
CED-9	hp_lehninger2	spaced 11011011011011011011011011011011011, scaled 2	1	BLTP2	ENSP00000436773.2	2235	3.0	0.0
CED-9	hp_lehninger2	spaced 11011011011011011011011011011011011, scaled 2	3	CCDC80	ENSP00000206423.3	950	2.0	0.0
CED-9	hp_lehninger2	spaced 11011011011011011011011011011011011, scaled 2	3	INMT	ENSP00000013222.5	263	2.0	0.0
CED-9	hp_lehninger2	spaced 11011011011011011011011011011011011, scaled 2	3	ZNF467	ENSP00000304769.3	595	2.0	0.0
CED-9	hp_lehninger2	spaced 11011011011011011011011011011011011, scaled 2	3	ANKRD26	ENSP00000365255.4	1710	2.0	0.0
CED-9	hp_lehninger2	spaced 11011011011011011011011011011011011, scaled 2	3	LIPN	ENSP00000383923.1	398	2.0	0.0
CED-9	hp_lehninger2	spaced 11011011011011011011011011011011011, scaled 2	3	NNMT	ENSP00000299964.3	264	2.0	0.0
CED-9	hp_lehninger2	spaced 11011011011011011011011011011011011, scaled 2	3	PTPRM	ENSP00000463325.1	1465	2.0	0.0
CED-9	hp_lehninger2	spaced 11011011011011011011011011011011011, scaled 2	3	ANKLE1	ENSP00000384008.3	615	2.0	0.0
CED-9	hp_lehninger2	spaced 10101010101010101010101	1	RPAP3	ENSP00000005386.3	665	21.0	0.0
CED-9	hp_lehninger2	spaced 10101010101010101010101	2	MSH6	ENSP00000234420.5	1360	19.0	0.0
CED-9	hp_lehninger2	spaced 10101010101010101010101	2	ZNF703	ENSP00000332325.4	590	19.0	0.0
CED-9	hp_lehninger2	spaced 10101010101010101010101	4	LAMC2	ENSP00000264144.4	1193	17.0	0.0
CED-9	hp_lehninger2	spaced 10101010101010101010101	4	KIAA1671	ENSP00000351207.3	1806	17.0	0.0
CED-9	hp_lehninger2	spaced 10101010101010101010101	6	NVL	ENSP00000281701.6	856	16.0	0.0
CED-9	hp_lehninger2	spaced 10101010101010101010101	6	CHCHD6	ENSP00000290913.3	235	16.0	0.0
CED-9	hp_lehninger2	spaced 10101010101010101010101	6	CCT5	ENSP00000280326.4	541	16.0	0.0
CED-9	hp_lehninger2	spaced 10101010101010101010101	6	CLK4	ENSP00000316948.4	481	16.0	0.0
CED-9	hp_lehninger2	spaced 10101010101010101010101	6	SFMBT2	ENSP00000380353.1	894	16.0	0.0
CED-9	hp_lehninger2	spaced 10101010101010101010101, scaled 2	1	MSH6	ENSP00000234420.5	1360	12.0	0.0
CED-9	hp_lehninger2	spaced 10101010101010101010101, scaled 2	2	CHCHD6	ENSP00000290913.3	235	10.0	0.0
CED-9	hp_lehninger2	spaced 10101010101010101010101, scaled 2	2	ZNF703	ENSP00000332325.4	590	10.0	0.0
CED-9	hp_lehninger2	spaced 10101010101010101010101, scaled 2	2	VPS13A	ENSP00000353422.3	3174	10.0	0.0
CED-9	hp_lehninger2	spaced 10101010101010101010101, scaled 2	2	EMG1	ENSP00000470560.1	244	10.0	0.0
CED-9	hp_lehninger2	spaced 10101010101010101010101, scaled 2	2	RPAP3	ENSP00000005386.3	665	10.0	0.0
CED-9	hp_lehninger2	spaced 10101010101010101010101, scaled 2	2	GDF5	ENSP00000363489.3	501	10.0	0.0
CED-9	hp_lehninger2	spaced 10101010101010101010101, scaled 2	2	OCSTAMP	ENSP00000279028.2	566	10.0	0.0
CED-9	hp_lehninger2	spaced 10101010101010101010101, scaled 2	2	MICAL3	ENSP00000416015.2	2002	10.0	0.0
CED-9	hp_lehninger2	spaced 10101010101010101010101, scaled 2	10	LRPPRC	ENSP00000260665.7	1394	9.0	0.0
CED-9	hp_lehninger2	spaced 1010101010101010101010101010101	1	RPAP3	ENSP00000005386.3	665	17.0	0.0
CED-9	hp_lehninger2	spaced 1010101010101010101010101010101	2	MSH6	ENSP00000234420.5	1360	15.0	0.0
CED-9	hp_lehninger2	spaced 1010101010101010101010101010101	2	ZNF703	ENSP00000332325.4	590	15.0	0.0
CED-9	hp_lehninger2	spaced 1010101010101010101010101010101	4	LAMC2	ENSP00000264144.4	1193	13.0	0.0
CED-9	hp_lehninger2	spaced 1010101010101010101010101010101	5	NVL	ENSP00000281701.6	856	12.0	0.0
CED-9	hp_lehninger2	spaced 1010101010101010101010101010101	5	CHCHD6	ENSP00000290913.3	235	12.0	0.0
CED-9	hp_lehninger2	spaced 1010101010101010101010101010101	5	CCT5	ENSP00000280326.4	541	12.0	0.0
CED-9	hp_lehninger2	spaced 1010101010101010101010101010101	5	CLK4	ENSP00000316948.4	481	12.0	0.0
CED-9	hp_lehninger2	spaced 1010101010101010101010101010101	5	SFMBT2	ENSP00000380353.1	894	12.0	0.0
CED-9	hp_lehninger2	spaced 1010101010101010101010101010101	5	MSS51	ENSP00000299432.2	460	12.0	0.0
CED-9	hp_lehninger2	spaced 1010101010101010101010101010101, scaled 2	1	MSH6	ENSP00000234420.5	1360	10.0	0.0
CED-9	hp_lehninger2	spaced 1010101010101010101010101010101, scaled 2	2	SFMBT2	ENSP00000380353.1	894	9.0	0.0
CED-9	hp_lehninger2	spaced 1010101010101010101010101010101, scaled 2	3	NVL	ENSP00000281701.6	856	8.0	0.0
CED-9	hp_lehninger2	spaced 1010101010101010101010101010101, scaled 2	3	ERI1	ENSP00000250263.7	349	8.0	0.0
CED-9	hp_lehninger2	spaced 1010101010101010101010101010101, scaled 2	3	RPAP3	ENSP00000005386.3	665	8.0	0.0
CED-9	hp_lehninger2	spaced 1010101010101010101010101010101, scaled 2	3	EP400	ENSP00000374212.2	3123	8.0	0.0
CED-9	hp_lehninger2	spaced 1010101010101010101010101010101, scaled 2	3	CLMN	ENSP00000298912.3	1002	8.0	0.0
CED-9	hp_lehninger2	spaced 1010101010101010101010101010101, scaled 2	3	PGLYRP2	ENSP00000345968.4	576	8.0	0.0
CED-9	hp_lehninger2	spaced 1010101010101010101010101010101, scaled 2	9	EIF4G3	ENSP00000473510.2	1641	7.0	0.0
CED-9	hp_lehninger2	spaced 1010101010101010101010101010101, scaled 2	9	PCSK9	ENSP00000303208.5	692	7.0	0.0
CED-9	hp_lehninger2	spaced 101010101010101010101010101010101010101	1	RPAP3	ENSP00000005386.3	665	13.0	0.0
CED-9	hp_lehninger2	spaced 101010101010101010101010101010101010101	2	MSH6	ENSP00000234420.5	1360	11.0	0.0
CED-9	hp_lehninger2	spaced 101010101010101010101010101010101010101	2	ZNF703	ENSP00000332325.4	590	11.0	0.0
CED-9	hp_lehninger2	spaced 101010101010101010101010101010101010101	4	LAMC2	ENSP00000264144.4	1193	9.0	0.0
CED-9	hp_lehninger2	spaced 101010101010101010101010101010101010101	5	NVL	ENSP00000281701.6	856	8.0	0.0
CED-9	hp_lehninger2	spaced 101010101010101010101010101010101010101	5	CHCHD6	ENSP00000290913.3	235	8.0	0.0
CED-9	hp_lehninger2	spaced 101010101010101010101010101010101010101	5	CCT5	ENSP00000280326.4	541	8.0	0.0
CED-9	hp_lehninger2	spaced 101010101010101010101010101010101010101	5	CLK4	ENSP00000316948.4	481	8.0	0.0
CED-9	hp_lehninger2	spaced 101010101010101010101010101010101010101	5	SFMBT2	ENSP00000380353.1	894	8.0	0.0
CED-9	hp_lehninger2	spaced 101010101010101010101010101010101010101	5	MSS51	ENSP00000299432.2	460	8.0	0.0
CED-9	hp_lehninger2	spaced 101010101010101010101010101010101010101, scaled 2	1	MSH6	ENSP00000234420.5	1360	7.0	0.0
CED-9	hp_lehninger2	spaced 101010101010101010101010101010101010101, scaled 2	1	ZNF703	ENSP00000332325.4	590	7.0	0.0
CED-9	hp_lehninger2	spaced 101010101010101010101010101010101010101, scaled 2	3	LAMC2	ENSP00000264144.4	1193	5.0	0.0
CED-9	hp_lehninger2	spaced 101010101010101010101010101010101010101, scaled 2	3	CCDC158	ENSP00000507278.1	1117	5.0	0.0
CED-9	hp_lehninger2	spaced 101010101010101010101010101010101010101, scaled 2	3	CCT5	ENSP00000280326.4	541	5.0	0.0
CED-9	hp_lehninger2	spaced 101010101010101010101010101010101010101, scaled 2	3	ERI1	ENSP00000250263.7	349	5.0	0.0
CED-9	hp_lehninger2	spaced 101010101010101010101010101010101010101, scaled 2	3	VPS13A	ENSP00000353422.3	3174	5.0	0.0
CED-9	hp_lehninger2	spaced 101010101010101010101010101010101010101, scaled 2	3	GTPBP4	ENSP00000354040.4	634	5.0	0.0
CED-9	hp_lehninger2	spaced 101010101010101010101010101010101010101, scaled 2	3	SFMBT2	ENSP00000380353.1	894	5.0	0.0
CED-9	hp_lehninger2	spaced 101010101010101010101010101010101010101, scaled 2	3	COL4A1	ENSP00000364979.4	1669	5.0	0.0
CED-9	hp_lehninger2	spaced 111010010100110111	1	FBXO41	ENSP00000430968.2	875	16.0	0.0
CED-9	hp_lehninger2	spaced 111010010100110111	2	ABHD5	ENSP00000495778.1	349	14.0	0.0
CED-9	hp_lehninger2	spaced 111010010100110111	3	STX12	ENSP00000363054.4	276	12.0	0.0
CED-9	hp_lehninger2	spaced 111010010100110111	3	MACF1	ENSP00000455274.1	7555	12.0	0.0
CED-9	hp_lehninger2	spaced 111010010100110111	3	COPS8	ENSP00000346340.2	209	12.0	0.0
CED-9	hp_lehninger2	spaced 111010010100110111	6	HIVEP3	ENSP00000361664.1	2406	11.0	0.0
CED-9	hp_lehninger2	spaced 111010010100110111	6	COL11A1	ENSP00000359114.3	1806	11.0	0.0
CED-9	hp_lehninger2	spaced 111010010100110111	6	ENTREP3	ENSP00000354958.2	668	11.0	0.0
CED-9	hp_lehninger2	spaced 111010010100110111	6	NOS1AP	ENSP00000355133.5	506	11.0	0.0
CED-9	hp_lehninger2	spaced 111010010100110111	6	CD47	ENSP00000355361.5	323	11.0	0.0
CED-9	hp_lehninger2	spaced 111010010100110111, scaled 2	1	ENTREP3	ENSP00000354958.2	668	10.0	0.0
CED-9	hp_lehninger2	spaced 111010010100110111, scaled 2	1	ABCC1	ENSP00000382342.3	1531	10.0	0.0
CED-9	hp_lehninger2	spaced 111010010100110111, scaled 2	1	CNTROB	ENSP00000456335.1	903	10.0	0.0
CED-9	hp_lehninger2	spaced 111010010100110111, scaled 2	4	FBXO41	ENSP00000430968.2	875	9.0	0.0
CED-9	hp_lehninger2	spaced 111010010100110111, scaled 2	4	PRR29	ENSP00000400986.1	189	9.0	0.0
CED-9	hp_lehninger2	spaced 111010010100110111, scaled 2	4	SAXO3	ENSP00000489727.1	334	9.0	0.0
CED-9	hp_lehninger2	spaced 111010010100110111, scaled 2	7	SH3YL1	ENSP00000348471.5	342	8.0	0.0
CED-9	hp_lehninger2	spaced 111010010100110111, scaled 2	7	LAMA2	ENSP00000400365.2	3122	8.0	0.0
CED-9	hp_lehninger2	spaced 111010010100110111, scaled 2	7	C9orf43	ENSP00000363280.1	461	8.0	0.0
CED-9	hp_lehninger2	spaced 111010010100110111, scaled 2	7	IFT81	ENSP00000242591.5	676	8.0	0.0
CED-9	hp_lehninger2	chained 2 x k=5 in 40	1	HELZ	ENSP00000351524.5	1942	42.0	0.0
CED-9	hp_lehninger2	chained 2 x k=5 in 40	2	ANO6	ENSP00000320087.8	910	41.0	0.0
CED-9	hp_lehninger2	chained 2 x k=5 in 40	3	MYO7B	ENSP00000386461.3	2142	40.0	0.0
CED-9	hp_lehninger2	chained 2 x k=5 in 40	4	COL1A2	ENSP00000297268.6	1366	39.0	0.0
CED-9	hp_lehninger2	chained 2 x k=5 in 40	4	MUC17	ENSP00000302716.4	4493	39.0	0.0
CED-9	hp_lehninger2	chained 2 x k=5 in 40	4	NCAM2	ENSP00000383392.1	837	39.0	0.0
CED-9	hp_lehninger2	chained 2 x k=5 in 40	7	ENSG00000289700	ENSP00000512426.1	486	37.0	0.0
CED-9	hp_lehninger2	chained 2 x k=5 in 40	7	RAPGEF6	ENSP00000421684.1	1601	37.0	0.0
CED-9	hp_lehninger2	chained 2 x k=5 in 40	7	ENSG00000273217	ENSP00000426948.1	1651	37.0	0.0
CED-9	hp_lehninger2	chained 2 x k=5 in 40	7	ENSG00000283599	ENSP00000490941.2	518	37.0	0.0
CED-9	hp_lehninger2	chained 2 x k=5 in 40, scaled 2	1	HELZ	ENSP00000351524.5	1942	25.0	0.0
CED-9	hp_lehninger2	chained 2 x k=5 in 40, scaled 2	2	COL1A2	ENSP00000297268.6	1366	24.0	0.0
CED-9	hp_lehninger2	chained 2 x k=5 in 40, scaled 2	2	ANO6	ENSP00000320087.8	910	24.0	0.0
CED-9	hp_lehninger2	chained 2 x k=5 in 40, scaled 2	2	ENSG00000283599	ENSP00000490941.2	518	24.0	0.0
CED-9	hp_lehninger2	chained 2 x k=5 in 40, scaled 2	5	CLCN6	ENSP00000234488.9	869	23.0	0.0
CED-9	hp_lehninger2	chained 2 x k=5 in 40, scaled 2	5	F3	ENSP00000334145.7	295	23.0	0.0
CED-9	hp_lehninger2	chained 2 x k=5 in 40, scaled 2	5	ZDHHC23	ENSP00000492287.2	435	23.0	0.0
CED-9	hp_lehninger2	chained 2 x k=5 in 40, scaled 2	5	MUC17	ENSP00000302716.4	4493	23.0	0.0
CED-9	hp_lehninger2	chained 2 x k=5 in 40, scaled 2	5	SLC15A1	ENSP00000365686.4	708	23.0	0.0
CED-9	hp_lehninger2	chained 2 x k=5 in 40, scaled 2	5	ABCC11	ENSP00000349017.2	1382	23.0	0.0
CED-9	hp_lehninger2	chained 3 x k=5 in 40	1	COL1A2	ENSP00000297268.6	1366	32.0	0.0
CED-9	hp_lehninger2	chained 3 x k=5 in 40	2	ACOT11	ENSP00000340260.2	594	30.0	0.0
CED-9	hp_lehninger2	chained 3 x k=5 in 40	2	MYO7B	ENSP00000386461.3	2142	30.0	0.0
CED-9	hp_lehninger2	chained 3 x k=5 in 40	2	ANK3	ENSP00000280772.1	4377	30.0	0.0
CED-9	hp_lehninger2	chained 3 x k=5 in 40	5	CAD	ENSP00000264705.3	2225	29.0	0.0
CED-9	hp_lehninger2	chained 3 x k=5 in 40	6	CUL9	ENSP00000252050.4	2517	28.0	0.0
CED-9	hp_lehninger2	chained 3 x k=5 in 40	6	ENSG00000283599	ENSP00000490941.2	518	28.0	0.0
CED-9	hp_lehninger2	chained 3 x k=5 in 40	8	GALNT13	ENSP00000376570.3	556	27.0	0.0
CED-9	hp_lehninger2	chained 3 x k=5 in 40	8	RAPH1	ENSP00000316543.5	1250	27.0	0.0
CED-9	hp_lehninger2	chained 3 x k=5 in 40	8	OR2A25	ENSP00000493343.1	310	27.0	0.0
CED-9	hp_lehninger2	chained 3 x k=5 in 40, scaled 2	1	F3	ENSP00000334145.7	295	19.0	0.0
CED-9	hp_lehninger2	chained 3 x k=5 in 40, scaled 2	2	ARHGAP30	ENSP00000356992.3	1101	18.0	0.0
CED-9	hp_lehninger2	chained 3 x k=5 in 40, scaled 2	3	ZZEF1	ENSP00000371051.2	2961	17.0	0.0
CED-9	hp_lehninger2	chained 3 x k=5 in 40, scaled 2	4	CLCN6	ENSP00000234488.9	869	16.0	0.0
CED-9	hp_lehninger2	chained 3 x k=5 in 40, scaled 2	4	CUL9	ENSP00000252050.4	2517	16.0	0.0
CED-9	hp_lehninger2	chained 3 x k=5 in 40, scaled 2	4	SLC14A2	ENSP00000255226.5	920	16.0	0.0
CED-9	hp_lehninger2	chained 3 x k=5 in 40, scaled 2	7	TFAP2E	ENSP00000362332.3	442	15.0	0.0
CED-9	hp_lehninger2	chained 3 x k=5 in 40, scaled 2	7	CDCP2	ENSP00000489959.1	540	15.0	0.0
CED-9	hp_lehninger2	chained 3 x k=5 in 40, scaled 2	7	ABCA4	ENSP00000359245.3	2273	15.0	0.0
CED-9	hp_lehninger2	chained 3 x k=5 in 40, scaled 2	7	OR2T5	ENSP00000493066.1	315	15.0	0.0
CED-9	hp_lehninger2	chained 4 x k=5 in 40	1	ANK3	ENSP00000280772.1	4377	27.0	0.0
CED-9	hp_lehninger2	chained 4 x k=5 in 40	2	CENPL	ENSP00000507473.1	344	21.0	0.0
CED-9	hp_lehninger2	chained 4 x k=5 in 40	3	TRPC3	ENSP00000368966.3	921	20.0	0.0
CED-9	hp_lehninger2	chained 4 x k=5 in 40	3	PIDD1	ENSP00000337797.5	910	20.0	0.0
CED-9	hp_lehninger2	chained 4 x k=5 in 40	3	ANO6	ENSP00000320087.8	910	20.0	0.0
CED-9	hp_lehninger2	chained 4 x k=5 in 40	3	COL5A3	ENSP00000264828.3	1745	20.0	0.0
CED-9	hp_lehninger2	chained 4 x k=5 in 40	7	CCR2	ENSP00000399285.2	360	19.0	0.0
CED-9	hp_lehninger2	chained 4 x k=5 in 40	7	ASTE1	ENSP00000264992.3	679	19.0	0.0
CED-9	hp_lehninger2	chained 4 x k=5 in 40	7	SUPT20HL1	ENSP00000509731.1	887	19.0	0.0
CED-9	hp_lehninger2	chained 4 x k=5 in 40	10	MACF1	ENSP00000455274.1	7555	18.0	0.0
CED-9	hp_lehninger2	chained 4 x k=5 in 40, scaled 2	1	SLC1A1	ENSP00000262352.3	524	13.0	0.0
CED-9	hp_lehninger2	chained 4 x k=5 in 40, scaled 2	2	PHKA1	ENSP00000362643.4	1223	12.0	0.0
CED-9	hp_lehninger2	chained 4 x k=5 in 40, scaled 2	3	ZDHHC18	ENSP00000363257.3	388	11.0	0.0
CED-9	hp_lehninger2	chained 4 x k=5 in 40, scaled 2	3	F3	ENSP00000334145.7	295	11.0	0.0
CED-9	hp_lehninger2	chained 4 x k=5 in 40, scaled 2	3	OR10R2	ENSP00000493160.1	324	11.0	0.0
CED-9	hp_lehninger2	chained 4 x k=5 in 40, scaled 2	3	CUL9	ENSP00000252050.4	2517	11.0	0.0
CED-9	hp_lehninger2	chained 4 x k=5 in 40, scaled 2	3	ANK3	ENSP00000280772.1	4377	11.0	0.0
CED-9	hp_lehninger2	chained 4 x k=5 in 40, scaled 2	8	OR10T2	ENSP00000334115.1	314	10.0	0.0
CED-9	hp_lehninger2	chained 4 x k=5 in 40, scaled 2	8	FBXO41	ENSP00000430968.2	875	10.0	0.0
CED-9	hp_lehninger2	chained 4 x k=5 in 40, scaled 2	8	ERICH6	ENSP00000295910.6	663	10.0	0.0
CED-9	hp_lehninger2	chained 2 x k=8 in 40	1	LRFN4	ENSP00000312535.4	635	23.0	0.0
CED-9	hp_lehninger2	chained 2 x k=8 in 40	2	SLC2A10	ENSP00000352216.2	541	18.0	0.0
CED-9	hp_lehninger2	chained 2 x k=8 in 40	3	COL11A1	ENSP00000359114.3	1806	17.0	0.0
CED-9	hp_lehninger2	chained 2 x k=8 in 40	3	CUL9	ENSP00000252050.4	2517	17.0	0.0
CED-9	hp_lehninger2	chained 2 x k=8 in 40	3	OR2A25	ENSP00000493343.1	310	17.0	0.0
CED-9	hp_lehninger2	chained 2 x k=8 in 40	3	AGTPBP1	ENSP00000349592.3	1226	17.0	0.0
CED-9	hp_lehninger2	chained 2 x k=8 in 40	3	HEPACAM	ENSP00000298251.4	416	17.0	0.0
CED-9	hp_lehninger2	chained 2 x k=8 in 40	3	FLNA	ENSP00000358866.3	2647	17.0	0.0
CED-9	hp_lehninger2	chained 2 x k=8 in 40	9	MAGI3	ENSP00000304604.9	1481	16.0	0.0
CED-9	hp_lehninger2	chained 2 x k=8 in 40	9	ANK3	ENSP00000280772.1	4377	16.0	0.0
CED-9	hp_lehninger2	chained 2 x k=8 in 40, scaled 2	1	HEPACAM	ENSP00000298251.4	416	12.0	0.0
CED-9	hp_lehninger2	chained 2 x k=8 in 40, scaled 2	1	PLK1	ENSP00000300093.4	603	12.0	0.0
CED-9	hp_lehninger2	chained 2 x k=8 in 40, scaled 2	3	TRPC3	ENSP00000368966.3	921	11.0	0.0
CED-9	hp_lehninger2	chained 2 x k=8 in 40, scaled 2	4	PHKG1	ENSP00000297373.2	387	10.0	0.0
CED-9	hp_lehninger2	chained 2 x k=8 in 40, scaled 2	4	TNPO2	ENSP00000407182.1	897	10.0	0.0
CED-9	hp_lehninger2	chained 2 x k=8 in 40, scaled 2	6	RPS6KA1	ENSP00000363283.2	735	9.0	0.0
CED-9	hp_lehninger2	chained 2 x k=8 in 40, scaled 2	6	ZDHHC18	ENSP00000363257.3	388	9.0	0.0
CED-9	hp_lehninger2	chained 2 x k=8 in 40, scaled 2	6	STX12	ENSP00000363054.4	276	9.0	0.0
CED-9	hp_lehninger2	chained 2 x k=8 in 40, scaled 2	6	MAGI3	ENSP00000304604.9	1481	9.0	0.0
CED-9	hp_lehninger2	chained 2 x k=8 in 40, scaled 2	6	KIDINS220	ENSP00000256707.4	1771	9.0	0.0
CED-9	hp_lehninger2	chained 3 x k=8 in 60	1	ANK3	ENSP00000280772.1	4377	14.0	0.0
CED-9	hp_lehninger2	chained 3 x k=8 in 60	1	LRFN4	ENSP00000312535.4	635	14.0	0.0
CED-9	hp_lehninger2	chained 3 x k=8 in 60	3	TRPC3	ENSP00000368966.3	921	13.0	0.0
CED-9	hp_lehninger2	chained 3 x k=8 in 60	3	ZNF33A	ENSP00000402467.3	811	13.0	0.0
CED-9	hp_lehninger2	chained 3 x k=8 in 60	3	ZNF33B	ENSP00000352444.2	778	13.0	0.0
CED-9	hp_lehninger2	chained 3 x k=8 in 60	3	IFFO1	ENSP00000482285.1	571	13.0	0.0
CED-9	hp_lehninger2	chained 3 x k=8 in 60	7	COL11A1	ENSP00000359114.3	1806	12.0	0.0
CED-9	hp_lehninger2	chained 3 x k=8 in 60	7	SLC2A10	ENSP00000352216.2	541	12.0	0.0
CED-9	hp_lehninger2	chained 3 x k=8 in 60	9	SDE2	ENSP00000272091.7	451	11.0	0.0
CED-9	hp_lehninger2	chained 3 x k=8 in 60	9	XIRP2	ENSP00000386840.2	3549	11.0	0.0
CED-9	hp_lehninger2	chained 3 x k=8 in 60, scaled 2	1	TRPC3	ENSP00000368966.3	921	10.0	0.0
CED-9	hp_lehninger2	chained 3 x k=8 in 60, scaled 2	2	LMBRD2	ENSP00000296603.4	695	7.0	0.0
CED-9	hp_lehninger2	chained 3 x k=8 in 60, scaled 2	2	PPP1R3A	ENSP00000284601.3	1122	7.0	0.0
CED-9	hp_lehninger2	chained 3 x k=8 in 60, scaled 2	2	ARHGEF12	ENSP00000380942.2	1544	7.0	0.0
CED-9	hp_lehninger2	chained 3 x k=8 in 60, scaled 2	2	TECPR2	ENSP00000352510.7	1411	7.0	0.0
CED-9	hp_lehninger2	chained 3 x k=8 in 60, scaled 2	2	BCL2L13	ENSP00000318883.5	485	7.0	0.0
CED-9	hp_lehninger2	chained 3 x k=8 in 60, scaled 2	7	GPR37L1	ENSP00000356251.4	481	6.0	0.0
CED-9	hp_lehninger2	chained 3 x k=8 in 60, scaled 2	7	CENPF	ENSP00000355922.3	3114	6.0	0.0
CED-9	hp_lehninger2	chained 3 x k=8 in 60, scaled 2	7	IL18RAP	ENSP00000510345.1	599	6.0	0.0
CED-9	hp_lehninger2	chained 3 x k=8 in 60, scaled 2	7	B3GALNT1	ENSP00000323479.4	331	6.0	0.0
CED-9	hp_lehninger2	chained 2 x k=12 in 40	1	WDR43	ENSP00000384302.3	677	8.0	0.0
CED-9	hp_lehninger2	chained 2 x k=12 in 40	1	SIGIRR	ENSP00000403104.2	410	8.0	0.0
CED-9	hp_lehninger2	chained 2 x k=12 in 40	1	SLC2A10	ENSP00000352216.2	541	8.0	0.0
CED-9	hp_lehninger2	chained 2 x k=12 in 40	4	ABHD5	ENSP00000495778.1	349	7.0	0.0
CED-9	hp_lehninger2	chained 2 x k=12 in 40	4	HSPA4	ENSP00000302961.2	840	7.0	0.0
CED-9	hp_lehninger2	chained 2 x k=12 in 40	4	SYNE1	ENSP00000356224.5	8797	7.0	0.0
CED-9	hp_lehninger2	chained 2 x k=12 in 40	4	FAM171A1	ENSP00000367356.4	890	7.0	0.0
CED-9	hp_lehninger2	chained 2 x k=12 in 40	4	IRAK4	ENSP00000479889.3	460	7.0	0.0
CED-9	hp_lehninger2	chained 2 x k=12 in 40	4	STAB2	ENSP00000373539.2	2551	7.0	0.0
CED-9	hp_lehninger2	chained 2 x k=12 in 40	4	KLHL10	ENSP00000293303.4	608	7.0	0.0
CED-9	hp_lehninger2	chained 2 x k=12 in 40, scaled 2	1	WDR43	ENSP00000384302.3	677	6.0	0.0
CED-9	hp_lehninger2	chained 2 x k=12 in 40, scaled 2	1	FAM171A1	ENSP00000367356.4	890	6.0	0.0
CED-9	hp_lehninger2	chained 2 x k=12 in 40, scaled 2	1	KLHL11	ENSP00000314608.3	708	6.0	0.0
CED-9	hp_lehninger2	chained 2 x k=12 in 40, scaled 2	4	SLC35A3	ENSP00000433849.1	325	5.0	0.0
CED-9	hp_lehninger2	chained 2 x k=12 in 40, scaled 2	4	ENSG00000283761	ENSP00000492745.1	713	5.0	0.0
CED-9	hp_lehninger2	chained 2 x k=12 in 40, scaled 2	4	STAB2	ENSP00000373539.2	2551	5.0	0.0
CED-9	hp_lehninger2	chained 2 x k=12 in 40, scaled 2	7	APPL1	ENSP00000288266.3	709	4.0	0.0
CED-9	hp_lehninger2	chained 2 x k=12 in 40, scaled 2	7	HSPA4	ENSP00000302961.2	840	4.0	0.0
CED-9	hp_lehninger2	chained 2 x k=12 in 40, scaled 2	7	LST1	ENSP00000391929.3	97	4.0	0.0
CED-9	hp_lehninger2	chained 2 x k=12 in 40, scaled 2	7	VPS41	ENSP00000309457.4	854	4.0	0.0
CED-9	hp_lehninger2	chained 2 x k=12 in 60	1	LRFN4	ENSP00000312535.4	635	12.0	0.0
CED-9	hp_lehninger2	chained 2 x k=12 in 60	2	RASGRF1	ENSP00000452781.2	1257	11.0	0.0
CED-9	hp_lehninger2	chained 2 x k=12 in 60	3	SHPRH	ENSP00000275233.7	1683	10.0	0.0
CED-9	hp_lehninger2	chained 2 x k=12 in 60	3	ONECUT2	ENSP00000419185.2	504	10.0	0.0
CED-9	hp_lehninger2	chained 2 x k=12 in 60	5	CPEB4	ENSP00000265085.5	729	9.0	0.0
CED-9	hp_lehninger2	chained 2 x k=12 in 60	5	CUL9	ENSP00000252050.4	2517	9.0	0.0
CED-9	hp_lehninger2	chained 2 x k=12 in 60	5	ANK3	ENSP00000280772.1	4377	9.0	0.0
CED-9	hp_lehninger2	chained 2 x k=12 in 60	5	FTSJ3	ENSP00000396673.2	847	9.0	0.0
CED-9	hp_lehninger2	chained 2 x k=12 in 60	9	WDR43	ENSP00000384302.3	677	8.0	0.0
CED-9	hp_lehninger2	chained 2 x k=12 in 60	9	SLC19A3	ENSP00000495385.1	496	8.0	0.0
CED-9	hp_lehninger2	chained 2 x k=12 in 60, scaled 2	1	HSPA4	ENSP00000302961.2	840	7.0	0.0
CED-9	hp_lehninger2	chained 2 x k=12 in 60, scaled 2	1	LRFN4	ENSP00000312535.4	635	7.0	0.0
CED-9	hp_lehninger2	chained 2 x k=12 in 60, scaled 2	1	RASGRF1	ENSP00000452781.2	1257	7.0	0.0
CED-9	hp_lehninger2	chained 2 x k=12 in 60, scaled 2	4	WDR43	ENSP00000384302.3	677	6.0	0.0
CED-9	hp_lehninger2	chained 2 x k=12 in 60, scaled 2	4	GUCY1A1	ENSP00000424361.1	690	6.0	0.0
CED-9	hp_lehninger2	chained 2 x k=12 in 60, scaled 2	4	CPEB4	ENSP00000265085.5	729	6.0	0.0
CED-9	hp_lehninger2	chained 2 x k=12 in 60, scaled 2	4	FAM171A1	ENSP00000367356.4	890	6.0	0.0
CED-9	hp_lehninger2	chained 2 x k=12 in 60, scaled 2	4	KLHL11	ENSP00000314608.3	708	6.0	0.0
CED-9	hp_lehninger2	chained 2 x k=12 in 60, scaled 2	9	SLC35A3	ENSP00000433849.1	325	5.0	0.0
CED-9	hp_lehninger2	chained 2 x k=12 in 60, scaled 2	9	ENSG00000283761	ENSP00000492745.1	713	5.0	0.0
CED-9	hp_lehninger2	window 18 of 20	1	ANK3	ENSP00000280772.1	4377	27.0	0.0
CED-9	hp_lehninger2	window 18 of 20	2	FNDC5	ENSP00000362570.5	212	25.0	0.0
CED-9	hp_lehninger2	window 18 of 20	3	FBXO41	ENSP00000430968.2	875	24.0	0.0
CED-9	hp_lehninger2	window 18 of 20	3	ATG16L1	ENSP00000375872.4	607	24.0	0.0
CED-9	hp_lehninger2	window 18 of 20	5	LIMA1	ENSP00000340184.4	759	23.0	0.0
CED-9	hp_lehninger2	window 18 of 20	5	SSX4	ENSP00000469011.1	188	23.0	0.0
CED-9	hp_lehninger2	window 18 of 20	5	SSX4B	ENSP00000469394.1	188	23.0	0.0
CED-9	hp_lehninger2	window 18 of 20	8	NOS1AP	ENSP00000355133.5	506	22.0	0.0
CED-9	hp_lehninger2	window 18 of 20	8	ZFHX4	ENSP00000498627.1	3616	22.0	0.0
CED-9	hp_lehninger2	window 18 of 20	8	ADAMTS13	ENSP00000347927.2	1371	22.0	0.0
CED-9	hp_lehninger2	window 16 of 20	1	OR2T5	ENSP00000493066.1	315	52.0	0.0
CED-9	hp_lehninger2	window 16 of 20	1	OR2T29	ENSP00000492895.1	315	52.0	0.0
CED-9	hp_lehninger2	window 16 of 20	3	FASN	ENSP00000304592.2	2511	51.0	0.0
CED-9	hp_lehninger2	window 16 of 20	4	COL5A3	ENSP00000264828.3	1745	46.0	0.0
CED-9	hp_lehninger2	window 16 of 20	5	USP24	ENSP00000294383.5	2620	45.0	0.0
CED-9	hp_lehninger2	window 16 of 20	5	ABCA1	ENSP00000363868.3	2261	45.0	0.0
CED-9	hp_lehninger2	window 16 of 20	5	ANK3	ENSP00000280772.1	4377	45.0	0.0
CED-9	hp_lehninger2	window 16 of 20	8	UBAP2L	ENSP00000389445.1	1087	44.0	0.0
CED-9	hp_lehninger2	window 16 of 20	8	RCSD1	ENSP00000356828.3	416	44.0	0.0
CED-9	hp_lehninger2	window 16 of 20	10	NEK1	ENSP00000424757.2	1286	43.0	0.0
CED-9	hp_lehninger2	window 27 of 30	1	FBXO41	ENSP00000430968.2	875	20.0	0.0
CED-9	hp_lehninger2	window 27 of 30	2	MVB12B	ENSP00000354772.3	319	17.0	0.0
CED-9	hp_lehninger2	window 27 of 30	3	FNDC5	ENSP00000362570.5	212	16.0	0.0
CED-9	hp_lehninger2	window 27 of 30	3	ATG16L1	ENSP00000375872.4	607	16.0	0.0
CED-9	hp_lehninger2	window 27 of 30	5	RCSD1	ENSP00000356828.3	416	15.0	0.0
CED-9	hp_lehninger2	window 27 of 30	5	ADAMTS13	ENSP00000347927.2	1371	15.0	0.0
CED-9	hp_lehninger2	window 27 of 30	7	SSX4	ENSP00000469011.1	188	14.0	0.0
CED-9	hp_lehninger2	window 27 of 30	7	SSX4B	ENSP00000469394.1	188	14.0	0.0
CED-9	hp_lehninger2	window 27 of 30	7	ENOX2	ENSP00000377890.1	581	14.0	0.0
CED-9	hp_lehninger2	window 27 of 30	10	EFCAB2	ENSP00000355480.1	162	13.0	0.0
CED-9	hp_lehninger2	window 24 of 30	1	ANK3	ENSP00000280772.1	4377	42.0	0.0
CED-9	hp_lehninger2	window 24 of 30	1	PNPLA2	ENSP00000337701.4	504	42.0	0.0
CED-9	hp_lehninger2	window 24 of 30	3	RCSD1	ENSP00000356828.3	416	39.0	0.0
CED-9	hp_lehninger2	window 24 of 30	3	PAIP1	ENSP00000302768.3	479	39.0	0.0
CED-9	hp_lehninger2	window 24 of 30	5	UBAP2L	ENSP00000389445.1	1087	36.0	0.0
CED-9	hp_lehninger2	window 24 of 30	5	RASAL2	ENSP00000356621.3	1280	36.0	0.0
CED-9	hp_lehninger2	window 24 of 30	5	OR2T5	ENSP00000493066.1	315	36.0	0.0
CED-9	hp_lehninger2	window 24 of 30	5	OR2T29	ENSP00000492895.1	315	36.0	0.0
CED-9	hp_lehninger2	window 24 of 30	5	RALGAPA1	ENSP00000506280.1	2542	36.0	0.0
CED-9	hp_lehninger2	window 24 of 30	10	USP24	ENSP00000294383.5	2620	35.0	0.0
CED-9	hp_lehninger2	window 36 of 40	1	RCSD1	ENSP00000356828.3	416	14.0	0.0
CED-9	hp_lehninger2	window 36 of 40	2	FBXO41	ENSP00000430968.2	875	12.0	0.0
CED-9	hp_lehninger2	window 36 of 40	3	FNDC5	ENSP00000362570.5	212	8.0	0.0
CED-9	hp_lehninger2	window 36 of 40	3	MVB12B	ENSP00000354772.3	319	8.0	0.0
CED-9	hp_lehninger2	window 36 of 40	5	ATG16L1	ENSP00000375872.4	607	7.0	0.0
CED-9	hp_lehninger2	window 36 of 40	5	PLK1	ENSP00000300093.4	603	7.0	0.0
CED-9	hp_lehninger2	window 36 of 40	7	ADAMTS13	ENSP00000347927.2	1371	6.0	0.0
CED-9	hp_lehninger2	window 36 of 40	7	ARHGEF17	ENSP00000263674.3	2063	6.0	0.0
CED-9	hp_lehninger2	window 36 of 40	7	F8A1	ENSP00000479624.1	371	6.0	0.0
CED-9	hp_lehninger2	window 36 of 40	7	F8A2	ENSP00000358518.3	371	6.0	0.0
CED-9	hp_lehninger2	window 32 of 40	1	ANK3	ENSP00000280772.1	4377	43.0	0.0
CED-9	hp_lehninger2	window 32 of 40	2	RCSD1	ENSP00000356828.3	416	34.0	0.0
CED-9	hp_lehninger2	window 32 of 40	2	PAIP1	ENSP00000302768.3	479	34.0	0.0
CED-9	hp_lehninger2	window 32 of 40	4	NEB	ENSP00000380505.3	8525	32.0	0.0
CED-9	hp_lehninger2	window 32 of 40	5	PNPLA2	ENSP00000337701.4	504	30.0	0.0
CED-9	hp_lehninger2	window 32 of 40	6	SLC4A7	ENSP00000390394.1	1259	29.0	0.0
CED-9	hp_lehninger2	window 32 of 40	6	FAT1	ENSP00000406229.2	4588	29.0	0.0
CED-9	hp_lehninger2	window 32 of 40	6	POU3F2	ENSP00000329170.5	443	29.0	0.0
CED-9	hp_lehninger2	window 32 of 40	6	MRGPRE	ENSP00000374482.6	312	29.0	0.0
CED-9	hp_lehninger2	window 32 of 40	6	MYO7A	ENSP00000386331.3	2215	29.0	0.0
CED-9	hp_lehninger2	window 54 of 60	1	ANK3	ENSP00000280772.1	4377	1.0	0.0
CED-9	hp_lehninger2	window 48 of 60	1	ANK3	ENSP00000280772.1	4377	25.0	0.0
CED-9	hp_lehninger2	window 48 of 60	2	HIF3A	ENSP00000366898.3	669	22.0	0.0
CED-9	hp_lehninger2	window 48 of 60	3	RCSD1	ENSP00000356828.3	416	19.0	0.0
CED-9	hp_lehninger2	window 48 of 60	3	PAIP1	ENSP00000302768.3	479	19.0	0.0
CED-9	hp_lehninger2	window 48 of 60	5	NEB	ENSP00000380505.3	8525	18.0	0.0
CED-9	hp_lehninger2	window 48 of 60	5	PNPLA2	ENSP00000337701.4	504	18.0	0.0
CED-9	hp_lehninger2	window 48 of 60	5	MRGPRE	ENSP00000374482.6	312	18.0	0.0
CED-9	hp_lehninger2	window 48 of 60	8	KIDINS220	ENSP00000256707.4	1771	17.0	0.0
CED-9	hp_lehninger2	window 48 of 60	8	SLITRK3	ENSP00000420091.1	977	17.0	0.0
CED-9	hp_lehninger2	window 48 of 60	10	FBXO41	ENSP00000430968.2	875	16.0	0.0
CED-9	hp_lehninger2	extend +1/-2	1	ANK3	ENSP00000280772.1	4377	46.0	0.0
CED-9	hp_lehninger2	extend +1/-2	2	RCSD1	ENSP00000356828.3	416	41.0	0.0
CED-9	hp_lehninger2	extend +1/-2	3	FBXO41	ENSP00000430968.2	875	38.0	0.0
CED-9	hp_lehninger2	extend +1/-2	3	PAIP1	ENSP00000302768.3	479	38.0	0.0
CED-9	hp_lehninger2	extend +1/-2	5	OR2T5	ENSP00000493066.1	315	37.0	0.0
CED-9	hp_lehninger2	extend +1/-2	5	OR2T29	ENSP00000492895.1	315	37.0	0.0
CED-9	hp_lehninger2	extend +1/-2	5	SCN10A	ENSP00000390600.2	1956	37.0	0.0
CED-9	hp_lehninger2	extend +1/-2	5	ANK2	ENSP00000349588.4	3957	37.0	0.0
CED-9	hp_lehninger2	extend +1/-2	5	PNPLA2	ENSP00000337701.4	504	37.0	0.0
CED-9	hp_lehninger2	extend +1/-2	5	ANO6	ENSP00000320087.8	910	37.0	0.0
P66	hp_thomas_dill2	exact k=8	1	KMT2D	ENSP00000301067.7	5537	50.0	0.0
P66	hp_thomas_dill2	exact k=8	2	HRNR	ENSP00000357791.3	2850	46.0	0.0
P66	hp_thomas_dill2	exact k=8	3	RPTN	ENSP00000317895.3	784	44.0	0.0
P66	hp_thomas_dill2	exact k=8	4	HRC	ENSP00000252825.3	699	43.0	0.0
P66	hp_thomas_dill2	exact k=8	5	DSPP	ENSP00000498766.1	1301	42.0	0.0
P66	hp_thomas_dill2	exact k=8	5	COL4A1	ENSP00000364979.4	1669	42.0	0.0
P66	hp_thomas_dill2	exact k=8	5	GREB1L	ENSP00000412060.1	1923	42.0	0.0
P66	hp_thomas_dill2	exact k=8	5	SRRM5	ENSP00000414512.1	715	42.0	0.0
P66	hp_thomas_dill2	exact k=8	5	SCAF1	ENSP00000353769.2	1312	42.0	0.0
P66	hp_thomas_dill2	exact k=8	5	RPGR	ENSP00000495537.1	1152	42.0	0.0
P66	hp_thomas_dill2	exact k=8, scaled 2	1	HRNR	ENSP00000357791.3	2850	42.0	0.0
P66	hp_thomas_dill2	exact k=8, scaled 2	1	SRRM5	ENSP00000414512.1	715	42.0	0.0
P66	hp_thomas_dill2	exact k=8, scaled 2	3	RPGR	ENSP00000495537.1	1152	40.0	0.0
P66	hp_thomas_dill2	exact k=8, scaled 2	4	DSPP	ENSP00000498766.1	1301	39.0	0.0
P66	hp_thomas_dill2	exact k=8, scaled 2	4	KMT2D	ENSP00000301067.7	5537	39.0	0.0
P66	hp_thomas_dill2	exact k=8, scaled 2	6	FLG2	ENSP00000373370.4	2391	38.0	0.0
P66	hp_thomas_dill2	exact k=8, scaled 2	6	ZC3H13	ENSP00000503994.1	1669	38.0	0.0
P66	hp_thomas_dill2	exact k=8, scaled 2	6	SRRM2	ENSP00000301740.8	2752	38.0	0.0
P66	hp_thomas_dill2	exact k=8, scaled 2	9	RPTN	ENSP00000317895.3	784	37.0	0.0
P66	hp_thomas_dill2	exact k=8, scaled 2	9	PRB2	ENSP00000374013.4	416	37.0	0.0
P66	hp_thomas_dill2	exact k=10	1	KMT2D	ENSP00000301067.7	5537	44.0	0.0
P66	hp_thomas_dill2	exact k=10	2	HRNR	ENSP00000357791.3	2850	35.0	0.0
P66	hp_thomas_dill2	exact k=10	3	SCAF1	ENSP00000353769.2	1312	34.0	0.0
P66	hp_thomas_dill2	exact k=10	4	HRC	ENSP00000252825.3	699	32.0	0.0
P66	hp_thomas_dill2	exact k=10	5	FLG2	ENSP00000373370.4	2391	31.0	0.0
P66	hp_thomas_dill2	exact k=10	5	BOD1L1	ENSP00000040738.5	3051	31.0	0.0
P66	hp_thomas_dill2	exact k=10	5	SPATA31F1	ENSP00000417711.1	1335	31.0	0.0
P66	hp_thomas_dill2	exact k=10	5	PHRF1	ENSP00000264555.5	1649	31.0	0.0
P66	hp_thomas_dill2	exact k=10	9	RPTN	ENSP00000317895.3	784	30.0	0.0
P66	hp_thomas_dill2	exact k=10	9	FLG	ENSP00000357789.1	4061	30.0	0.0
P66	hp_thomas_dill2	exact k=10, scaled 2	1	SCAF1	ENSP00000353769.2	1312	31.0	0.0
P66	hp_thomas_dill2	exact k=10, scaled 2	2	KMT2D	ENSP00000301067.7	5537	30.0	0.0
P66	hp_thomas_dill2	exact k=10, scaled 2	3	HRNR	ENSP00000357791.3	2850	27.0	0.0
P66	hp_thomas_dill2	exact k=10, scaled 2	3	HRC	ENSP00000252825.3	699	27.0	0.0
P66	hp_thomas_dill2	exact k=10, scaled 2	5	FLG2	ENSP00000373370.4	2391	26.0	0.0
P66	hp_thomas_dill2	exact k=10, scaled 2	5	BOD1L1	ENSP00000040738.5	3051	26.0	0.0
P66	hp_thomas_dill2	exact k=10, scaled 2	5	RPGR	ENSP00000495537.1	1152	26.0	0.0
P66	hp_thomas_dill2	exact k=10, scaled 2	8	SRRM1	ENSP00000326261.8	904	25.0	0.0
P66	hp_thomas_dill2	exact k=10, scaled 2	8	FLG	ENSP00000357789.1	4061	25.0	0.0
P66	hp_thomas_dill2	exact k=10, scaled 2	8	DSPP	ENSP00000498766.1	1301	25.0	0.0
P66	hp_thomas_dill2	exact k=12	1	KMT2D	ENSP00000301067.7	5537	38.0	0.0
P66	hp_thomas_dill2	exact k=12	2	HRNR	ENSP00000357791.3	2850	27.0	0.0
P66	hp_thomas_dill2	exact k=12	2	BOD1L1	ENSP00000040738.5	3051	27.0	0.0
P66	hp_thomas_dill2	exact k=12	2	SPATA31F1	ENSP00000417711.1	1335	27.0	0.0
P66	hp_thomas_dill2	exact k=12	2	PHRF1	ENSP00000264555.5	1649	27.0	0.0
P66	hp_thomas_dill2	exact k=12	6	COL1A2	ENSP00000297268.6	1366	26.0	0.0
P66	hp_thomas_dill2	exact k=12	6	SCAF1	ENSP00000353769.2	1312	26.0	0.0
P66	hp_thomas_dill2	exact k=12	8	MYO6	ENSP00000358994.3	1285	25.0	0.0
P66	hp_thomas_dill2	exact k=12	8	SRRM2	ENSP00000301740.8	2752	25.0	0.0
P66	hp_thomas_dill2	exact k=12	8	BRD4	ENSP00000506350.1	1362	25.0	0.0
P66	hp_thomas_dill2	exact k=12, scaled 2	1	KMT2D	ENSP00000301067.7	5537	31.0	0.0
P66	hp_thomas_dill2	exact k=12, scaled 2	2	HRNR	ENSP00000357791.3	2850	24.0	0.0
P66	hp_thomas_dill2	exact k=12, scaled 2	2	PHRF1	ENSP00000264555.5	1649	24.0	0.0
P66	hp_thomas_dill2	exact k=12, scaled 2	2	SRRM2	ENSP00000301740.8	2752	24.0	0.0
P66	hp_thomas_dill2	exact k=12, scaled 2	2	SCAF1	ENSP00000353769.2	1312	24.0	0.0
P66	hp_thomas_dill2	exact k=12, scaled 2	6	FLG2	ENSP00000373370.4	2391	23.0	0.0
P66	hp_thomas_dill2	exact k=12, scaled 2	6	BOD1L1	ENSP00000040738.5	3051	23.0	0.0
P66	hp_thomas_dill2	exact k=12, scaled 2	6	HRC	ENSP00000252825.3	699	23.0	0.0
P66	hp_thomas_dill2	exact k=12, scaled 2	6	THOC2	ENSP00000245838.8	1593	23.0	0.0
P66	hp_thomas_dill2	exact k=12, scaled 2	10	FLG	ENSP00000357789.1	4061	22.0	0.0
P66	hp_thomas_dill2	exact k=14	1	KMT2D	ENSP00000301067.7	5537	34.0	0.0
P66	hp_thomas_dill2	exact k=14	2	COL1A2	ENSP00000297268.6	1366	24.0	0.0
P66	hp_thomas_dill2	exact k=14	3	BOD1L1	ENSP00000040738.5	3051	23.0	0.0
P66	hp_thomas_dill2	exact k=14	3	MYO6	ENSP00000358994.3	1285	23.0	0.0
P66	hp_thomas_dill2	exact k=14	3	SPATA31F1	ENSP00000417711.1	1335	23.0	0.0
P66	hp_thomas_dill2	exact k=14	3	PHRF1	ENSP00000264555.5	1649	23.0	0.0
P66	hp_thomas_dill2	exact k=14	7	TWIST1	ENSP00000242261.5	202	22.0	0.0
P66	hp_thomas_dill2	exact k=14	8	ARID1A	ENSP00000320485.7	2285	21.0	0.0
P66	hp_thomas_dill2	exact k=14	8	HRNR	ENSP00000357791.3	2850	21.0	0.0
P66	hp_thomas_dill2	exact k=14	8	HOXD9	ENSP00000249499.6	352	21.0	0.0
P66	hp_thomas_dill2	exact k=14, scaled 2	1	KMT2D	ENSP00000301067.7	5537	31.0	0.0
P66	hp_thomas_dill2	exact k=14, scaled 2	2	PHRF1	ENSP00000264555.5	1649	22.0	0.0
P66	hp_thomas_dill2	exact k=14, scaled 2	3	HRNR	ENSP00000357791.3	2850	21.0	0.0
P66	hp_thomas_dill2	exact k=14, scaled 2	3	THOC2	ENSP00000245838.8	1593	21.0	0.0
P66	hp_thomas_dill2	exact k=14, scaled 2	5	COL7A1	ENSP00000506558.1	2944	20.0	0.0
P66	hp_thomas_dill2	exact k=14, scaled 2	5	BOD1L1	ENSP00000040738.5	3051	20.0	0.0
P66	hp_thomas_dill2	exact k=14, scaled 2	5	COL1A2	ENSP00000297268.6	1366	20.0	0.0
P66	hp_thomas_dill2	exact k=14, scaled 2	5	SPATA31F1	ENSP00000417711.1	1335	20.0	0.0
P66	hp_thomas_dill2	exact k=14, scaled 2	5	SRRM2	ENSP00000301740.8	2752	20.0	0.0
P66	hp_thomas_dill2	exact k=14, scaled 2	5	SCAF1	ENSP00000353769.2	1312	20.0	0.0
P66	hp_thomas_dill2	exact k=16	1	KMT2D	ENSP00000301067.7	5537	30.0	0.0
P66	hp_thomas_dill2	exact k=16	2	COL1A2	ENSP00000297268.6	1366	22.0	0.0
P66	hp_thomas_dill2	exact k=16	3	MYO6	ENSP00000358994.3	1285	21.0	0.0
P66	hp_thomas_dill2	exact k=16	4	TWIST1	ENSP00000242261.5	202	20.0	0.0
P66	hp_thomas_dill2	exact k=16	5	ARID1A	ENSP00000320485.7	2285	19.0	0.0
P66	hp_thomas_dill2	exact k=16	5	HOXD9	ENSP00000249499.6	352	19.0	0.0
P66	hp_thomas_dill2	exact k=16	5	TTC14	ENSP00000296015.4	770	19.0	0.0
P66	hp_thomas_dill2	exact k=16	5	BOD1L1	ENSP00000040738.5	3051	19.0	0.0
P66	hp_thomas_dill2	exact k=16	5	OGFRL1	ENSP00000359464.3	451	19.0	0.0
P66	hp_thomas_dill2	exact k=16	5	SPATA31F1	ENSP00000417711.1	1335	19.0	0.0
P66	hp_thomas_dill2	exact k=16, scaled 2	1	DZIP3	ENSP00000355028.3	1208	11.0	0.0
P66	hp_thomas_dill2	exact k=16, scaled 2	1	KMT2D	ENSP00000301067.7	5537	11.0	0.0
P66	hp_thomas_dill2	exact k=16, scaled 2	1	SMARCA4	ENSP00000343896.4	1647	11.0	0.0
P66	hp_thomas_dill2	exact k=16, scaled 2	4	TTN	ENSP00000467141.1	35991	10.0	0.0
P66	hp_thomas_dill2	exact k=16, scaled 2	4	KDM6A	ENSP00000483595.2	1453	10.0	0.0
P66	hp_thomas_dill2	exact k=16, scaled 2	4	SMARCA1	ENSP00000360162.4	1070	10.0	0.0
P66	hp_thomas_dill2	exact k=16, scaled 2	4	UTY	ENSP00000442047.2	1444	10.0	0.0
P66	hp_thomas_dill2	exact k=16, scaled 2	8	MORN1	ENSP00000367792.3	497	9.0	0.0
P66	hp_thomas_dill2	exact k=16, scaled 2	8	SLC2A7	ENSP00000383698.1	512	9.0	0.0
P66	hp_thomas_dill2	exact k=16, scaled 2	8	PALS2	ENSP00000222644.4	540	9.0	0.0
P66	hp_thomas_dill2	exact k=18	1	KMT2D	ENSP00000301067.7	5537	26.0	0.0
P66	hp_thomas_dill2	exact k=18	2	COL1A2	ENSP00000297268.6	1366	20.0	0.0
P66	hp_thomas_dill2	exact k=18	3	MYO6	ENSP00000358994.3	1285	19.0	0.0
P66	hp_thomas_dill2	exact k=18	4	TWIST1	ENSP00000242261.5	202	18.0	0.0
P66	hp_thomas_dill2	exact k=18	5	ARID1A	ENSP00000320485.7	2285	17.0	0.0
P66	hp_thomas_dill2	exact k=18	5	HOXD9	ENSP00000249499.6	352	17.0	0.0
P66	hp_thomas_dill2	exact k=18	5	TTC14	ENSP00000296015.4	770	17.0	0.0
P66	hp_thomas_dill2	exact k=18	5	OGFRL1	ENSP00000359464.3	451	17.0	0.0
P66	hp_thomas_dill2	exact k=18	5	PGF	ENSP00000451040.1	170	17.0	0.0
P66	hp_thomas_dill2	exact k=18	5	ZNF469	ENSP00000456500.2	3953	17.0	0.0
P66	hp_thomas_dill2	exact k=18, scaled 2	1	MORN1	ENSP00000367792.3	497	9.0	0.0
P66	hp_thomas_dill2	exact k=18, scaled 2	1	MORC4	ENSP00000347821.4	937	9.0	0.0
P66	hp_thomas_dill2	exact k=18, scaled 2	3	STAU2	ENSP00000428756.1	570	8.0	0.0
P66	hp_thomas_dill2	exact k=18, scaled 2	4	USP1	ENSP00000343526.4	785	7.0	0.0
P66	hp_thomas_dill2	exact k=18, scaled 2	4	TTN	ENSP00000467141.1	35991	7.0	0.0
P66	hp_thomas_dill2	exact k=18, scaled 2	4	LRBA	ENSP00000498582.2	2852	7.0	0.0
P66	hp_thomas_dill2	exact k=18, scaled 2	4	ZNF782	ENSP00000419397.1	699	7.0	0.0
P66	hp_thomas_dill2	exact k=18, scaled 2	4	CTTN	ENSP00000301843.8	550	7.0	0.0
P66	hp_thomas_dill2	exact k=18, scaled 2	4	SLC8B1	ENSP00000506377.1	584	7.0	0.0
P66	hp_thomas_dill2	exact k=18, scaled 2	4	SLC24A5	ENSP00000341550.3	500	7.0	0.0
P66	hp_thomas_dill2	exact k=20	1	KMT2D	ENSP00000301067.7	5537	22.0	0.0
P66	hp_thomas_dill2	exact k=20	2	COL1A2	ENSP00000297268.6	1366	18.0	0.0
P66	hp_thomas_dill2	exact k=20	3	MYO6	ENSP00000358994.3	1285	17.0	0.0
P66	hp_thomas_dill2	exact k=20	4	TWIST1	ENSP00000242261.5	202	16.0	0.0
P66	hp_thomas_dill2	exact k=20	5	ARID1A	ENSP00000320485.7	2285	15.0	0.0
P66	hp_thomas_dill2	exact k=20	5	HOXD9	ENSP00000249499.6	352	15.0	0.0
P66	hp_thomas_dill2	exact k=20	5	TTC14	ENSP00000296015.4	770	15.0	0.0
P66	hp_thomas_dill2	exact k=20	5	OGFRL1	ENSP00000359464.3	451	15.0	0.0
P66	hp_thomas_dill2	exact k=20	5	PGF	ENSP00000451040.1	170	15.0	0.0
P66	hp_thomas_dill2	exact k=20	5	ZNF469	ENSP00000456500.2	3953	15.0	0.0
P66	hp_thomas_dill2	exact k=20, scaled 2	1	KMT2D	ENSP00000301067.7	5537	10.0	0.0
P66	hp_thomas_dill2	exact k=20, scaled 2	2	MORN1	ENSP00000367792.3	497	8.0	0.0
P66	hp_thomas_dill2	exact k=20, scaled 2	2	SPATA31F1	ENSP00000417711.1	1335	8.0	0.0
P66	hp_thomas_dill2	exact k=20, scaled 2	2	MALRD1	ENSP00000412763.3	2156	8.0	0.0
P66	hp_thomas_dill2	exact k=20, scaled 2	2	WAS	ENSP00000365891.4	502	8.0	0.0
P66	hp_thomas_dill2	exact k=20, scaled 2	6	MYO6	ENSP00000358994.3	1285	7.0	0.0
P66	hp_thomas_dill2	exact k=20, scaled 2	6	SHISA6	ENSP00000390084.3	551	7.0	0.0
P66	hp_thomas_dill2	exact k=20, scaled 2	6	RNF43	ENSP00000385328.2	783	7.0	0.0
P66	hp_thomas_dill2	exact k=20, scaled 2	6	SMARCA1	ENSP00000360162.4	1070	7.0	0.0
P66	hp_thomas_dill2	exact k=20, scaled 2	10	ARID1A	ENSP00000320485.7	2285	6.0	0.0
P66	hp_thomas_dill2	exact k=24	1	COL1A2	ENSP00000297268.6	1366	14.0	0.0
P66	hp_thomas_dill2	exact k=24	1	KMT2D	ENSP00000301067.7	5537	14.0	0.0
P66	hp_thomas_dill2	exact k=24	3	MYO6	ENSP00000358994.3	1285	13.0	0.0
P66	hp_thomas_dill2	exact k=24	4	TWIST1	ENSP00000242261.5	202	12.0	0.0
P66	hp_thomas_dill2	exact k=24	5	ARID1A	ENSP00000320485.7	2285	11.0	0.0
P66	hp_thomas_dill2	exact k=24	5	HOXD9	ENSP00000249499.6	352	11.0	0.0
P66	hp_thomas_dill2	exact k=24	5	TTC14	ENSP00000296015.4	770	11.0	0.0
P66	hp_thomas_dill2	exact k=24	5	OGFRL1	ENSP00000359464.3	451	11.0	0.0
P66	hp_thomas_dill2	exact k=24	5	PGF	ENSP00000451040.1	170	11.0	0.0
P66	hp_thomas_dill2	exact k=24	5	ZNF469	ENSP00000456500.2	3953	11.0	0.0
P66	hp_thomas_dill2	exact k=24, scaled 2	1	MYO6	ENSP00000358994.3	1285	10.0	0.0
P66	hp_thomas_dill2	exact k=24, scaled 2	2	PGF	ENSP00000451040.1	170	9.0	0.0
P66	hp_thomas_dill2	exact k=24, scaled 2	3	ARID1A	ENSP00000320485.7	2285	8.0	0.0
P66	hp_thomas_dill2	exact k=24, scaled 2	3	HOXD9	ENSP00000249499.6	352	8.0	0.0
P66	hp_thomas_dill2	exact k=24, scaled 2	3	COL1A2	ENSP00000297268.6	1366	8.0	0.0
P66	hp_thomas_dill2	exact k=24, scaled 2	3	MAP3K11	ENSP00000309597.3	847	8.0	0.0
P66	hp_thomas_dill2	exact k=24, scaled 2	3	KMT2D	ENSP00000301067.7	5537	8.0	0.0
P66	hp_thomas_dill2	exact k=24, scaled 2	8	SETD2	ENSP00000386759.3	2564	7.0	0.0
P66	hp_thomas_dill2	exact k=24, scaled 2	8	COL7A1	ENSP00000506558.1	2944	7.0	0.0
P66	hp_thomas_dill2	exact k=24, scaled 2	8	TTC14	ENSP00000296015.4	770	7.0	0.0
P66	hp_thomas_dill2	exact k=28	1	COL1A2	ENSP00000297268.6	1366	10.0	0.0
P66	hp_thomas_dill2	exact k=28	2	MYO6	ENSP00000358994.3	1285	9.0	0.0
P66	hp_thomas_dill2	exact k=28	3	TWIST1	ENSP00000242261.5	202	8.0	0.0
P66	hp_thomas_dill2	exact k=28	4	ARID1A	ENSP00000320485.7	2285	7.0	0.0
P66	hp_thomas_dill2	exact k=28	4	HOXD9	ENSP00000249499.6	352	7.0	0.0
P66	hp_thomas_dill2	exact k=28	4	TTC14	ENSP00000296015.4	770	7.0	0.0
P66	hp_thomas_dill2	exact k=28	4	OGFRL1	ENSP00000359464.3	451	7.0	0.0
P66	hp_thomas_dill2	exact k=28	4	PGF	ENSP00000451040.1	170	7.0	0.0
P66	hp_thomas_dill2	exact k=28	4	ZNF469	ENSP00000456500.2	3953	7.0	0.0
P66	hp_thomas_dill2	exact k=28	4	MORC4	ENSP00000347821.4	937	7.0	0.0
P66	hp_thomas_dill2	exact k=28, scaled 2	1	MYO6	ENSP00000358994.3	1285	6.0	0.0
P66	hp_thomas_dill2	exact k=28, scaled 2	1	COL1A2	ENSP00000297268.6	1366	6.0	0.0
P66	hp_thomas_dill2	exact k=28, scaled 2	1	MORC4	ENSP00000347821.4	937	6.0	0.0
P66	hp_thomas_dill2	exact k=28, scaled 2	4	ARID1A	ENSP00000320485.7	2285	5.0	0.0
P66	hp_thomas_dill2	exact k=28, scaled 2	4	HOXD9	ENSP00000249499.6	352	5.0	0.0
P66	hp_thomas_dill2	exact k=28, scaled 2	4	TWIST1	ENSP00000242261.5	202	5.0	0.0
P66	hp_thomas_dill2	exact k=28, scaled 2	4	PGF	ENSP00000451040.1	170	5.0	0.0
P66	hp_thomas_dill2	exact k=28, scaled 2	8	SETD2	ENSP00000386759.3	2564	4.0	0.0
P66	hp_thomas_dill2	exact k=28, scaled 2	8	TTC14	ENSP00000296015.4	770	4.0	0.0
P66	hp_thomas_dill2	exact k=28, scaled 2	8	BOD1L1	ENSP00000040738.5	3051	4.0	0.0
P66	hp_thomas_dill2	exact k=32	1	COL1A2	ENSP00000297268.6	1366	6.0	0.0
P66	hp_thomas_dill2	exact k=32	2	MYO6	ENSP00000358994.3	1285	5.0	0.0
P66	hp_thomas_dill2	exact k=32	3	TWIST1	ENSP00000242261.5	202	4.0	0.0
P66	hp_thomas_dill2	exact k=32	4	ARID1A	ENSP00000320485.7	2285	3.0	0.0
P66	hp_thomas_dill2	exact k=32	4	HOXD9	ENSP00000249499.6	352	3.0	0.0
P66	hp_thomas_dill2	exact k=32	4	TTC14	ENSP00000296015.4	770	3.0	0.0
P66	hp_thomas_dill2	exact k=32	4	OGFRL1	ENSP00000359464.3	451	3.0	0.0
P66	hp_thomas_dill2	exact k=32	4	PGF	ENSP00000451040.1	170	3.0	0.0
P66	hp_thomas_dill2	exact k=32	4	ZNF469	ENSP00000456500.2	3953	3.0	0.0
P66	hp_thomas_dill2	exact k=32	4	MORC4	ENSP00000347821.4	937	3.0	0.0
P66	hp_thomas_dill2	exact k=32, scaled 2	1	TWIST1	ENSP00000242261.5	202	3.0	0.0
P66	hp_thomas_dill2	exact k=32, scaled 2	1	COL1A2	ENSP00000297268.6	1366	3.0	0.0
P66	hp_thomas_dill2	exact k=32, scaled 2	3	TTC14	ENSP00000296015.4	770	2.0	0.0
P66	hp_thomas_dill2	exact k=32, scaled 2	3	OGFRL1	ENSP00000359464.3	451	2.0	0.0
P66	hp_thomas_dill2	exact k=32, scaled 2	3	ZNF469	ENSP00000456500.2	3953	2.0	0.0
P66	hp_thomas_dill2	exact k=32, scaled 2	3	RNF43	ENSP00000385328.2	783	2.0	0.0
P66	hp_thomas_dill2	exact k=32, scaled 2	3	ELOA2	ENSP00000331302.4	753	2.0	0.0
P66	hp_thomas_dill2	exact k=32, scaled 2	8	SETD2	ENSP00000386759.3	2564	1.0	0.0
P66	hp_thomas_dill2	exact k=32, scaled 2	8	IBSP	ENSP00000226284.5	317	1.0	0.0
P66	hp_thomas_dill2	exact k=32, scaled 2	8	MYO6	ENSP00000358994.3	1285	1.0	0.0
P66	hp_thomas_dill2	spaced 11011011011011011	1	KMT2D	ENSP00000301067.7	5537	30.0	0.0
P66	hp_thomas_dill2	spaced 11011011011011011	2	THOC2	ENSP00000245838.8	1593	22.0	0.0
P66	hp_thomas_dill2	spaced 11011011011011011	3	COL1A2	ENSP00000297268.6	1366	21.0	0.0
P66	hp_thomas_dill2	spaced 11011011011011011	3	JCAD	ENSP00000364526.1	1359	21.0	0.0
P66	hp_thomas_dill2	spaced 11011011011011011	5	ARID1A	ENSP00000320485.7	2285	20.0	0.0
P66	hp_thomas_dill2	spaced 11011011011011011	5	HRNR	ENSP00000357791.3	2850	20.0	0.0
P66	hp_thomas_dill2	spaced 11011011011011011	5	SETD2	ENSP00000386759.3	2564	20.0	0.0
P66	hp_thomas_dill2	spaced 11011011011011011	5	ABI3BP	ENSP00000420524.2	1786	20.0	0.0
P66	hp_thomas_dill2	spaced 11011011011011011	5	MYO6	ENSP00000358994.3	1285	20.0	0.0
P66	hp_thomas_dill2	spaced 11011011011011011	5	TWIST1	ENSP00000242261.5	202	20.0	0.0
P66	hp_thomas_dill2	spaced 11011011011011011, scaled 2	1	KMT2D	ENSP00000301067.7	5537	15.0	0.0
P66	hp_thomas_dill2	spaced 11011011011011011, scaled 2	2	HRNR	ENSP00000357791.3	2850	13.0	0.0
P66	hp_thomas_dill2	spaced 11011011011011011, scaled 2	2	EIF5B	ENSP00000289371.5	1220	13.0	0.0
P66	hp_thomas_dill2	spaced 11011011011011011, scaled 2	2	CRACD	ENSP00000507165.1	1233	13.0	0.0
P66	hp_thomas_dill2	spaced 11011011011011011, scaled 2	2	PHRF1	ENSP00000264555.5	1649	13.0	0.0
P66	hp_thomas_dill2	spaced 11011011011011011, scaled 2	2	TMEM132B	ENSP00000507790.1	1083	13.0	0.0
P66	hp_thomas_dill2	spaced 11011011011011011, scaled 2	2	RSPH1	ENSP00000291536.3	309	13.0	0.0
P66	hp_thomas_dill2	spaced 11011011011011011, scaled 2	2	MORC4	ENSP00000347821.4	937	13.0	0.0
P66	hp_thomas_dill2	spaced 11011011011011011, scaled 2	9	RBM15	ENSP00000358799.3	977	12.0	0.0
P66	hp_thomas_dill2	spaced 11011011011011011, scaled 2	9	RPTN	ENSP00000317895.3	784	12.0	0.0
P66	hp_thomas_dill2	spaced 11011011011011011011011	1	KMT2D	ENSP00000301067.7	5537	18.0	0.0
P66	hp_thomas_dill2	spaced 11011011011011011011011	2	COL1A2	ENSP00000297268.6	1366	15.0	0.0
P66	hp_thomas_dill2	spaced 11011011011011011011011	3	ARID1A	ENSP00000320485.7	2285	14.0	0.0
P66	hp_thomas_dill2	spaced 11011011011011011011011	3	MYO6	ENSP00000358994.3	1285	14.0	0.0
P66	hp_thomas_dill2	spaced 11011011011011011011011	3	TWIST1	ENSP00000242261.5	202	14.0	0.0
P66	hp_thomas_dill2	spaced 11011011011011011011011	3	THOC2	ENSP00000245838.8	1593	14.0	0.0
P66	hp_thomas_dill2	spaced 11011011011011011011011	7	HOXD9	ENSP00000249499.6	352	13.0	0.0
P66	hp_thomas_dill2	spaced 11011011011011011011011	7	OGFRL1	ENSP00000359464.3	451	13.0	0.0
P66	hp_thomas_dill2	spaced 11011011011011011011011	7	FURIN	ENSP00000268171.2	794	13.0	0.0
P66	hp_thomas_dill2	spaced 11011011011011011011011	7	SMARCA4	ENSP00000343896.4	1647	13.0	0.0
P66	hp_thomas_dill2	spaced 11011011011011011011011, scaled 2	1	KMT2D	ENSP00000301067.7	5537	9.0	0.0
P66	hp_thomas_dill2	spaced 11011011011011011011011, scaled 2	1	SMARCA4	ENSP00000343896.4	1647	9.0	0.0
P66	hp_thomas_dill2	spaced 11011011011011011011011, scaled 2	1	SMARCA1	ENSP00000360162.4	1070	9.0	0.0
P66	hp_thomas_dill2	spaced 11011011011011011011011, scaled 2	4	OGFRL1	ENSP00000359464.3	451	8.0	0.0
P66	hp_thomas_dill2	spaced 11011011011011011011011, scaled 2	4	TWIST1	ENSP00000242261.5	202	8.0	0.0
P66	hp_thomas_dill2	spaced 11011011011011011011011, scaled 2	4	COL1A2	ENSP00000297268.6	1366	8.0	0.0
P66	hp_thomas_dill2	spaced 11011011011011011011011, scaled 2	4	TIPIN	ENSP00000261881.4	301	8.0	0.0
P66	hp_thomas_dill2	spaced 11011011011011011011011, scaled 2	4	FURIN	ENSP00000268171.2	794	8.0	0.0
P66	hp_thomas_dill2	spaced 11011011011011011011011, scaled 2	4	KRI1	ENSP00000320917.9	703	8.0	0.0
P66	hp_thomas_dill2	spaced 11011011011011011011011, scaled 2	10	ARID1A	ENSP00000320485.7	2285	7.0	0.0
P66	hp_thomas_dill2	spaced 11011011011011011011011011011	1	MUC22	ENSP00000455906.1	1773	9.0	0.0
P66	hp_thomas_dill2	spaced 11011011011011011011011011011	1	COL1A2	ENSP00000297268.6	1366	9.0	0.0
P66	hp_thomas_dill2	spaced 11011011011011011011011011011	3	ARID1A	ENSP00000320485.7	2285	8.0	0.0
P66	hp_thomas_dill2	spaced 11011011011011011011011011011	3	CAMK2D	ENSP00000425824.1	533	8.0	0.0
P66	hp_thomas_dill2	spaced 11011011011011011011011011011	3	MYO6	ENSP00000358994.3	1285	8.0	0.0
P66	hp_thomas_dill2	spaced 11011011011011011011011011011	3	CEP85L	ENSP00000357477.3	805	8.0	0.0
P66	hp_thomas_dill2	spaced 11011011011011011011011011011	3	TWIST1	ENSP00000242261.5	202	8.0	0.0
P66	hp_thomas_dill2	spaced 11011011011011011011011011011	3	CAMK2B	ENSP00000379098.2	666	8.0	0.0
P66	hp_thomas_dill2	spaced 11011011011011011011011011011	3	AJM1	ENSP00000412388.1	976	8.0	0.0
P66	hp_thomas_dill2	spaced 11011011011011011011011011011	3	KIAA1217	ENSP00000365637.3	1943	8.0	0.0
P66	hp_thomas_dill2	spaced 11011011011011011011011011011, scaled 2	1	MYO6	ENSP00000358994.3	1285	7.0	0.0
P66	hp_thomas_dill2	spaced 11011011011011011011011011011, scaled 2	2	ARID1A	ENSP00000320485.7	2285	6.0	0.0
P66	hp_thomas_dill2	spaced 11011011011011011011011011011, scaled 2	2	LIMCH1	ENSP00000425631.1	1467	6.0	0.0
P66	hp_thomas_dill2	spaced 11011011011011011011011011011, scaled 2	2	CEP85L	ENSP00000357477.3	805	6.0	0.0
P66	hp_thomas_dill2	spaced 11011011011011011011011011011, scaled 2	5	MAN1C1	ENSP00000363452.4	630	5.0	0.0
P66	hp_thomas_dill2	spaced 11011011011011011011011011011, scaled 2	5	ZNF281	ENSP00000356322.1	895	5.0	0.0
P66	hp_thomas_dill2	spaced 11011011011011011011011011011, scaled 2	5	HOXD9	ENSP00000249499.6	352	5.0	0.0
P66	hp_thomas_dill2	spaced 11011011011011011011011011011, scaled 2	5	AOX1	ENSP00000363832.2	1338	5.0	0.0
P66	hp_thomas_dill2	spaced 11011011011011011011011011011, scaled 2	5	FARP2	ENSP00000264042.3	1054	5.0	0.0
P66	hp_thomas_dill2	spaced 11011011011011011011011011011, scaled 2	5	CAMK2D	ENSP00000425824.1	533	5.0	0.0
P66	hp_thomas_dill2	spaced 11011011011011011011011011011011011	1	MUC22	ENSP00000455906.1	1773	7.0	0.0
P66	hp_thomas_dill2	spaced 11011011011011011011011011011011011	2	CAMK2D	ENSP00000425824.1	533	6.0	0.0
P66	hp_thomas_dill2	spaced 11011011011011011011011011011011011	2	CEP85L	ENSP00000357477.3	805	6.0	0.0
P66	hp_thomas_dill2	spaced 11011011011011011011011011011011011	2	CAMK2B	ENSP00000379098.2	666	6.0	0.0
P66	hp_thomas_dill2	spaced 11011011011011011011011011011011011	2	AJM1	ENSP00000412388.1	976	6.0	0.0
P66	hp_thomas_dill2	spaced 11011011011011011011011011011011011	2	KIAA1217	ENSP00000365637.3	1943	6.0	0.0
P66	hp_thomas_dill2	spaced 11011011011011011011011011011011011	7	KCMF1	ENSP00000386738.3	381	5.0	0.0
P66	hp_thomas_dill2	spaced 11011011011011011011011011011011011	7	CAMK2A	ENSP00000500386.1	489	5.0	0.0
P66	hp_thomas_dill2	spaced 11011011011011011011011011011011011	7	PDE10A	ENSP00000438284.3	1055	5.0	0.0
P66	hp_thomas_dill2	spaced 11011011011011011011011011011011011	7	MSR1	ENSP00000262101.5	451	5.0	0.0
P66	hp_thomas_dill2	spaced 11011011011011011011011011011011011, scaled 2	1	KIAA1217	ENSP00000365637.3	1943	6.0	0.0
P66	hp_thomas_dill2	spaced 11011011011011011011011011011011011, scaled 2	2	MUC22	ENSP00000455906.1	1773	5.0	0.0
P66	hp_thomas_dill2	spaced 11011011011011011011011011011011011, scaled 2	2	PLEKHA4	ENSP00000263265.5	779	5.0	0.0
P66	hp_thomas_dill2	spaced 11011011011011011011011011011011011, scaled 2	4	FARP2	ENSP00000264042.3	1054	4.0	0.0
P66	hp_thomas_dill2	spaced 11011011011011011011011011011011011, scaled 2	4	AJM1	ENSP00000412388.1	976	4.0	0.0
P66	hp_thomas_dill2	spaced 11011011011011011011011011011011011, scaled 2	4	CCDC47	ENSP00000225726.5	483	4.0	0.0
P66	hp_thomas_dill2	spaced 11011011011011011011011011011011011, scaled 2	4	CASS4	ENSP00000506506.1	786	4.0	0.0
P66	hp_thomas_dill2	spaced 11011011011011011011011011011011011, scaled 2	8	WASF2	ENSP00000483313.1	498	3.0	0.0
P66	hp_thomas_dill2	spaced 11011011011011011011011011011011011, scaled 2	8	MAGI3	ENSP00000304604.9	1481	3.0	0.0
P66	hp_thomas_dill2	spaced 11011011011011011011011011011011011, scaled 2	8	FLG	ENSP00000357789.1	4061	3.0	0.0
P66	hp_thomas_dill2	spaced 10101010101010101010101	1	TAF5L	ENSP00000258281.2	589	26.0	0.0
P66	hp_thomas_dill2	spaced 10101010101010101010101	2	PRR13	ENSP00000412064.2	148	24.0	0.0
P66	hp_thomas_dill2	spaced 10101010101010101010101	3	STIM2	ENSP00000419073.2	746	23.0	0.0
P66	hp_thomas_dill2	spaced 10101010101010101010101	3	NACA	ENSP00000403817.1	2078	23.0	0.0
P66	hp_thomas_dill2	spaced 10101010101010101010101	3	TRIOBP	ENSP00000496394.1	2365	23.0	0.0
P66	hp_thomas_dill2	spaced 10101010101010101010101	6	CDSN	ENSP00000365465.2	529	22.0	0.0
P66	hp_thomas_dill2	spaced 10101010101010101010101	6	ARHGEF5	ENSP00000056217.5	1597	22.0	0.0
P66	hp_thomas_dill2	spaced 10101010101010101010101	6	TENM4	ENSP00000278550.7	2769	22.0	0.0
P66	hp_thomas_dill2	spaced 10101010101010101010101	9	CROCC	ENSP00000364691.4	2017	21.0	0.0
P66	hp_thomas_dill2	spaced 10101010101010101010101	9	FLG2	ENSP00000373370.4	2391	21.0	0.0
P66	hp_thomas_dill2	spaced 10101010101010101010101, scaled 2	1	NACA	ENSP00000403817.1	2078	16.0	0.0
P66	hp_thomas_dill2	spaced 10101010101010101010101, scaled 2	2	STIM2	ENSP00000419073.2	746	15.0	0.0
P66	hp_thomas_dill2	spaced 10101010101010101010101, scaled 2	3	GTF2IRD1	ENSP00000408477.2	944	14.0	0.0
P66	hp_thomas_dill2	spaced 10101010101010101010101, scaled 2	3	CCDC187	ENSP00000492326.1	2077	14.0	0.0
P66	hp_thomas_dill2	spaced 10101010101010101010101, scaled 2	3	SSX7	ENSP00000298181.5	188	14.0	0.0
P66	hp_thomas_dill2	spaced 10101010101010101010101, scaled 2	3	SSX2	ENSP00000338561.5	188	14.0	0.0
P66	hp_thomas_dill2	spaced 10101010101010101010101, scaled 2	3	SSX2B	ENSP00000470740.2	188	14.0	0.0
P66	hp_thomas_dill2	spaced 10101010101010101010101, scaled 2	8	TAF5L	ENSP00000258281.2	589	13.0	0.0
P66	hp_thomas_dill2	spaced 10101010101010101010101, scaled 2	8	MUC17	ENSP00000302716.4	4493	13.0	0.0
P66	hp_thomas_dill2	spaced 10101010101010101010101, scaled 2	8	ARHGEF5	ENSP00000056217.5	1597	13.0	0.0
P66	hp_thomas_dill2	spaced 1010101010101010101010101010101	1	PRR13	ENSP00000412064.2	148	20.0	0.0
P66	hp_thomas_dill2	spaced 1010101010101010101010101010101	2	STIM2	ENSP00000419073.2	746	19.0	0.0
P66	hp_thomas_dill2	spaced 1010101010101010101010101010101	3	TAF5L	ENSP00000258281.2	589	18.0	0.0
P66	hp_thomas_dill2	spaced 1010101010101010101010101010101	4	KIAA0232	ENSP00000303928.5	1395	17.0	0.0
P66	hp_thomas_dill2	spaced 1010101010101010101010101010101	4	MUC17	ENSP00000302716.4	4493	17.0	0.0
P66	hp_thomas_dill2	spaced 1010101010101010101010101010101	4	ARHGEF5	ENSP00000056217.5	1597	17.0	0.0
P66	hp_thomas_dill2	spaced 1010101010101010101010101010101	4	KMT2A	ENSP00000436786.2	3972	17.0	0.0
P66	hp_thomas_dill2	spaced 1010101010101010101010101010101	4	SSX7	ENSP00000298181.5	188	17.0	0.0
P66	hp_thomas_dill2	spaced 1010101010101010101010101010101	4	SSX2	ENSP00000338561.5	188	17.0	0.0
P66	hp_thomas_dill2	spaced 1010101010101010101010101010101	4	SSX2B	ENSP00000470740.2	188	17.0	0.0
P66	hp_thomas_dill2	spaced 1010101010101010101010101010101, scaled 2	1	PLPPR5	ENSP00000263177.4	321	11.0	0.0
P66	hp_thomas_dill2	spaced 1010101010101010101010101010101, scaled 2	1	KIAA0232	ENSP00000303928.5	1395	11.0	0.0
P66	hp_thomas_dill2	spaced 1010101010101010101010101010101, scaled 2	1	STIM2	ENSP00000419073.2	746	11.0	0.0
P66	hp_thomas_dill2	spaced 1010101010101010101010101010101, scaled 2	4	CROCC	ENSP00000364691.4	2017	10.0	0.0
P66	hp_thomas_dill2	spaced 1010101010101010101010101010101, scaled 2	4	ANXA9	ENSP00000357943.4	345	10.0	0.0
P66	hp_thomas_dill2	spaced 1010101010101010101010101010101, scaled 2	4	FLG2	ENSP00000373370.4	2391	10.0	0.0
P66	hp_thomas_dill2	spaced 1010101010101010101010101010101, scaled 2	4	PRRC2C	ENSP00000495867.2	2898	10.0	0.0
P66	hp_thomas_dill2	spaced 1010101010101010101010101010101, scaled 2	4	SLC4A1AP	ENSP00000323837.7	742	10.0	0.0
P66	hp_thomas_dill2	spaced 1010101010101010101010101010101, scaled 2	4	MUC17	ENSP00000302716.4	4493	10.0	0.0
P66	hp_thomas_dill2	spaced 1010101010101010101010101010101, scaled 2	4	ARHGEF5	ENSP00000056217.5	1597	10.0	0.0
P66	hp_thomas_dill2	spaced 101010101010101010101010101010101010101	1	PRR13	ENSP00000412064.2	148	16.0	0.0
P66	hp_thomas_dill2	spaced 101010101010101010101010101010101010101	2	STIM2	ENSP00000419073.2	746	15.0	0.0
P66	hp_thomas_dill2	spaced 101010101010101010101010101010101010101	3	KIAA0232	ENSP00000303928.5	1395	13.0	0.0
P66	hp_thomas_dill2	spaced 101010101010101010101010101010101010101	3	MUC17	ENSP00000302716.4	4493	13.0	0.0
P66	hp_thomas_dill2	spaced 101010101010101010101010101010101010101	3	ARHGEF5	ENSP00000056217.5	1597	13.0	0.0
P66	hp_thomas_dill2	spaced 101010101010101010101010101010101010101	3	KMT2A	ENSP00000436786.2	3972	13.0	0.0
P66	hp_thomas_dill2	spaced 101010101010101010101010101010101010101	3	SSX7	ENSP00000298181.5	188	13.0	0.0
P66	hp_thomas_dill2	spaced 101010101010101010101010101010101010101	3	SSX2	ENSP00000338561.5	188	13.0	0.0
P66	hp_thomas_dill2	spaced 101010101010101010101010101010101010101	3	SSX2B	ENSP00000470740.2	188	13.0	0.0
P66	hp_thomas_dill2	spaced 101010101010101010101010101010101010101	3	ENSG00000283599	ENSP00000490941.2	518	13.0	0.0
P66	hp_thomas_dill2	spaced 101010101010101010101010101010101010101, scaled 2	1	KMT2A	ENSP00000436786.2	3972	9.0	0.0
P66	hp_thomas_dill2	spaced 101010101010101010101010101010101010101, scaled 2	1	PRR13	ENSP00000412064.2	148	9.0	0.0
P66	hp_thomas_dill2	spaced 101010101010101010101010101010101010101, scaled 2	3	PRRC2C	ENSP00000495867.2	2898	8.0	0.0
P66	hp_thomas_dill2	spaced 101010101010101010101010101010101010101, scaled 2	3	MATN2	ENSP00000254898.6	956	8.0	0.0
P66	hp_thomas_dill2	spaced 101010101010101010101010101010101010101, scaled 2	3	MAGEA8	ENSP00000286482.1	318	8.0	0.0
P66	hp_thomas_dill2	spaced 101010101010101010101010101010101010101, scaled 2	6	CROCC	ENSP00000364691.4	2017	7.0	0.0
P66	hp_thomas_dill2	spaced 101010101010101010101010101010101010101, scaled 2	6	TAF5L	ENSP00000258281.2	589	7.0	0.0
P66	hp_thomas_dill2	spaced 101010101010101010101010101010101010101, scaled 2	6	SPTBN1	ENSP00000349259.4	2364	7.0	0.0
P66	hp_thomas_dill2	spaced 101010101010101010101010101010101010101, scaled 2	6	CHD1	ENSP00000483667.1	1710	7.0	0.0
P66	hp_thomas_dill2	spaced 101010101010101010101010101010101010101, scaled 2	6	SPINK5	ENSP00000256084.7	1064	7.0	0.0
P66	hp_thomas_dill2	spaced 111010010100110111	1	KMT2D	ENSP00000301067.7	5537	28.0	0.0
P66	hp_thomas_dill2	spaced 111010010100110111	2	ABI3BP	ENSP00000420524.2	1786	22.0	0.0
P66	hp_thomas_dill2	spaced 111010010100110111	2	COL1A2	ENSP00000297268.6	1366	22.0	0.0
P66	hp_thomas_dill2	spaced 111010010100110111	4	BOD1L1	ENSP00000040738.5	3051	20.0	0.0
P66	hp_thomas_dill2	spaced 111010010100110111	5	MYO6	ENSP00000358994.3	1285	19.0	0.0
P66	hp_thomas_dill2	spaced 111010010100110111	5	TWIST1	ENSP00000242261.5	202	19.0	0.0
P66	hp_thomas_dill2	spaced 111010010100110111	5	PHRF1	ENSP00000264555.5	1649	19.0	0.0
P66	hp_thomas_dill2	spaced 111010010100110111	5	ZNF469	ENSP00000456500.2	3953	19.0	0.0
P66	hp_thomas_dill2	spaced 111010010100110111	5	ELOA2	ENSP00000331302.4	753	19.0	0.0
P66	hp_thomas_dill2	spaced 111010010100110111	5	SMARCA4	ENSP00000343896.4	1647	19.0	0.0
P66	hp_thomas_dill2	spaced 111010010100110111, scaled 2	1	COL1A2	ENSP00000297268.6	1366	14.0	0.0
P66	hp_thomas_dill2	spaced 111010010100110111, scaled 2	2	SHISA6	ENSP00000390084.3	551	13.0	0.0
P66	hp_thomas_dill2	spaced 111010010100110111, scaled 2	3	SFSWAP	ENSP00000261674.4	951	12.0	0.0
P66	hp_thomas_dill2	spaced 111010010100110111, scaled 2	3	SMARCA4	ENSP00000343896.4	1647	12.0	0.0
P66	hp_thomas_dill2	spaced 111010010100110111, scaled 2	5	MEF2D	ENSP00000271555.5	521	11.0	0.0
P66	hp_thomas_dill2	spaced 111010010100110111, scaled 2	5	TTBK1	ENSP00000259750.4	1321	11.0	0.0
P66	hp_thomas_dill2	spaced 111010010100110111, scaled 2	5	TWIST1	ENSP00000242261.5	202	11.0	0.0
P66	hp_thomas_dill2	spaced 111010010100110111, scaled 2	5	CTR9	ENSP00000355013.2	1173	11.0	0.0
P66	hp_thomas_dill2	spaced 111010010100110111, scaled 2	5	KMT2D	ENSP00000301067.7	5537	11.0	0.0
P66	hp_thomas_dill2	spaced 111010010100110111, scaled 2	5	ZNF469	ENSP00000456500.2	3953	11.0	0.0
P66	hp_thomas_dill2	chained 2 x k=5 in 40	1	BOD1L1	ENSP00000040738.5	3051	76.0	0.0
P66	hp_thomas_dill2	chained 2 x k=5 in 40	1	MUC12	ENSP00000441929.1	5335	76.0	0.0
P66	hp_thomas_dill2	chained 2 x k=5 in 40	1	COL27A1	ENSP00000348385.3	1860	76.0	0.0
P66	hp_thomas_dill2	chained 2 x k=5 in 40	4	FLG2	ENSP00000373370.4	2391	75.0	0.0
P66	hp_thomas_dill2	chained 2 x k=5 in 40	5	HRNR	ENSP00000357791.3	2850	73.0	0.0
P66	hp_thomas_dill2	chained 2 x k=5 in 40	5	PRRC2C	ENSP00000495867.2	2898	73.0	0.0
P66	hp_thomas_dill2	chained 2 x k=5 in 40	5	COL4A1	ENSP00000364979.4	1669	73.0	0.0
P66	hp_thomas_dill2	chained 2 x k=5 in 40	5	RPGR	ENSP00000495537.1	1152	73.0	0.0
P66	hp_thomas_dill2	chained 2 x k=5 in 40	9	DSPP	ENSP00000498766.1	1301	72.0	0.0
P66	hp_thomas_dill2	chained 2 x k=5 in 40	10	CLSPN	ENSP00000312995.3	1339	71.0	0.0
P66	hp_thomas_dill2	chained 2 x k=5 in 40, scaled 2	1	RPGR	ENSP00000495537.1	1152	65.0	0.0
P66	hp_thomas_dill2	chained 2 x k=5 in 40, scaled 2	2	FLG2	ENSP00000373370.4	2391	62.0	0.0
P66	hp_thomas_dill2	chained 2 x k=5 in 40, scaled 2	2	DSPP	ENSP00000498766.1	1301	62.0	0.0
P66	hp_thomas_dill2	chained 2 x k=5 in 40, scaled 2	4	GPATCH8	ENSP00000467556.1	1502	61.0	0.0
P66	hp_thomas_dill2	chained 2 x k=5 in 40, scaled 2	5	HRNR	ENSP00000357791.3	2850	60.0	0.0
P66	hp_thomas_dill2	chained 2 x k=5 in 40, scaled 2	6	SRRM5	ENSP00000414512.1	715	59.0	0.0
P66	hp_thomas_dill2	chained 2 x k=5 in 40, scaled 2	7	FLG	ENSP00000357789.1	4061	58.0	0.0
P66	hp_thomas_dill2	chained 2 x k=5 in 40, scaled 2	7	SRRM2	ENSP00000301740.8	2752	58.0	0.0
P66	hp_thomas_dill2	chained 2 x k=5 in 40, scaled 2	7	HRC	ENSP00000252825.3	699	58.0	0.0
P66	hp_thomas_dill2	chained 2 x k=5 in 40, scaled 2	10	SPATA31H1	ENSP00000403181.2	5388	57.0	0.0
P66	hp_thomas_dill2	chained 3 x k=5 in 40	1	MUC21	ENSP00000365473.3	566	57.0	0.0
P66	hp_thomas_dill2	chained 3 x k=5 in 40	2	COL27A1	ENSP00000348385.3	1860	56.0	0.0
P66	hp_thomas_dill2	chained 3 x k=5 in 40	3	MUC22	ENSP00000455906.1	1773	55.0	0.0
P66	hp_thomas_dill2	chained 3 x k=5 in 40	4	COL4A3	ENSP00000379823.3	1670	53.0	0.0
P66	hp_thomas_dill2	chained 3 x k=5 in 40	5	SSC5D	ENSP00000374274.4	1573	52.0	0.0
P66	hp_thomas_dill2	chained 3 x k=5 in 40	5	RPGR	ENSP00000495537.1	1152	52.0	0.0
P66	hp_thomas_dill2	chained 3 x k=5 in 40	7	PRRC2C	ENSP00000495867.2	2898	51.0	0.0
P66	hp_thomas_dill2	chained 3 x k=5 in 40	8	DSPP	ENSP00000498766.1	1301	50.0	0.0
P66	hp_thomas_dill2	chained 3 x k=5 in 40	8	MCM10	ENSP00000367986.3	874	50.0	0.0
P66	hp_thomas_dill2	chained 3 x k=5 in 40	10	PPP1R10	ENSP00000365694.2	940	49.0	0.0
P66	hp_thomas_dill2	chained 3 x k=5 in 40, scaled 2	1	PRB2	ENSP00000374013.4	416	45.0	0.0
P66	hp_thomas_dill2	chained 3 x k=5 in 40, scaled 2	2	RPGR	ENSP00000495537.1	1152	44.0	0.0
P66	hp_thomas_dill2	chained 3 x k=5 in 40, scaled 2	3	DSPP	ENSP00000498766.1	1301	42.0	0.0
P66	hp_thomas_dill2	chained 3 x k=5 in 40, scaled 2	3	GPATCH8	ENSP00000467556.1	1502	42.0	0.0
P66	hp_thomas_dill2	chained 3 x k=5 in 40, scaled 2	5	SRRM5	ENSP00000414512.1	715	41.0	0.0
P66	hp_thomas_dill2	chained 3 x k=5 in 40, scaled 2	6	PRB3	ENSP00000442626.2	351	40.0	0.0
P66	hp_thomas_dill2	chained 3 x k=5 in 40, scaled 2	7	FLG	ENSP00000357789.1	4061	39.0	0.0
P66	hp_thomas_dill2	chained 3 x k=5 in 40, scaled 2	7	MUC22	ENSP00000455906.1	1773	39.0	0.0
P66	hp_thomas_dill2	chained 3 x k=5 in 40, scaled 2	9	SRRM1	ENSP00000326261.8	904	38.0	0.0
P66	hp_thomas_dill2	chained 3 x k=5 in 40, scaled 2	9	SRRM2	ENSP00000301740.8	2752	38.0	0.0
P66	hp_thomas_dill2	chained 4 x k=5 in 40	1	MCM10	ENSP00000367986.3	874	39.0	0.0
P66	hp_thomas_dill2	chained 4 x k=5 in 40	1	ZNF609	ENSP00000316527.3	1411	39.0	0.0
P66	hp_thomas_dill2	chained 4 x k=5 in 40	3	COL4A3	ENSP00000379823.3	1670	36.0	0.0
P66	hp_thomas_dill2	chained 4 x k=5 in 40	4	NCOA6	ENSP00000351894.2	2063	33.0	0.0
P66	hp_thomas_dill2	chained 4 x k=5 in 40	5	MUC5AC	ENSP00000485659.1	5654	32.0	0.0
P66	hp_thomas_dill2	chained 4 x k=5 in 40	5	KMT2D	ENSP00000301067.7	5537	32.0	0.0
P66	hp_thomas_dill2	chained 4 x k=5 in 40	7	BOD1L1	ENSP00000040738.5	3051	31.0	0.0
P66	hp_thomas_dill2	chained 4 x k=5 in 40	7	BCLAF1	ENSP00000435210.1	920	31.0	0.0
P66	hp_thomas_dill2	chained 4 x k=5 in 40	7	RTN1	ENSP00000267484.5	776	31.0	0.0
P66	hp_thomas_dill2	chained 4 x k=5 in 40	7	MUC16	ENSP00000381008.2	14507	31.0	0.0
P66	hp_thomas_dill2	chained 4 x k=5 in 40, scaled 2	1	CDK13	ENSP00000181839.4	1512	24.0	0.0
P66	hp_thomas_dill2	chained 4 x k=5 in 40, scaled 2	2	KMT2D	ENSP00000301067.7	5537	23.0	0.0
P66	hp_thomas_dill2	chained 4 x k=5 in 40, scaled 2	2	SFSWAP	ENSP00000261674.4	951	23.0	0.0
P66	hp_thomas_dill2	chained 4 x k=5 in 40, scaled 2	4	ZNF609	ENSP00000316527.3	1411	22.0	0.0
P66	hp_thomas_dill2	chained 4 x k=5 in 40, scaled 2	4	HOXB3	ENSP00000420595.1	431	22.0	0.0
P66	hp_thomas_dill2	chained 4 x k=5 in 40, scaled 2	6	ODAD2	ENSP00000306410.5	1044	21.0	0.0
P66	hp_thomas_dill2	chained 4 x k=5 in 40, scaled 2	6	SUPV3L1	ENSP00000352678.4	786	21.0	0.0
P66	hp_thomas_dill2	chained 4 x k=5 in 40, scaled 2	8	HRNR	ENSP00000357791.3	2850	20.0	0.0
P66	hp_thomas_dill2	chained 4 x k=5 in 40, scaled 2	8	PRG4	ENSP00000399679.3	1404	20.0	0.0
P66	hp_thomas_dill2	chained 4 x k=5 in 40, scaled 2	8	COL4A3	ENSP00000379823.3	1670	20.0	0.0
P66	hp_thomas_dill2	chained 2 x k=8 in 40	1	KMT2D	ENSP00000301067.7	5537	30.0	0.0
P66	hp_thomas_dill2	chained 2 x k=8 in 40	2	SYTL2	ENSP00000352065.7	2239	28.0	0.0
P66	hp_thomas_dill2	chained 2 x k=8 in 40	3	YBX1	ENSP00000361626.3	324	27.0	0.0
P66	hp_thomas_dill2	chained 2 x k=8 in 40	3	BOD1L1	ENSP00000040738.5	3051	27.0	0.0
P66	hp_thomas_dill2	chained 2 x k=8 in 40	5	MORN1	ENSP00000367792.3	497	26.0	0.0
P66	hp_thomas_dill2	chained 2 x k=8 in 40	5	ULK2	ENSP00000378914.4	1036	26.0	0.0
P66	hp_thomas_dill2	chained 2 x k=8 in 40	7	FAM184B	ENSP00000265018.3	1060	25.0	0.0
P66	hp_thomas_dill2	chained 2 x k=8 in 40	7	SCAF1	ENSP00000353769.2	1312	25.0	0.0
P66	hp_thomas_dill2	chained 2 x k=8 in 40	9	SRRM1	ENSP00000326261.8	904	24.0	0.0
P66	hp_thomas_dill2	chained 2 x k=8 in 40	9	FLG2	ENSP00000373370.4	2391	24.0	0.0
P66	hp_thomas_dill2	chained 2 x k=8 in 40, scaled 2	1	PRP4K	ENSP00000337194.6	1007	22.0	0.0
P66	hp_thomas_dill2	chained 2 x k=8 in 40, scaled 2	2	BOD1L1	ENSP00000040738.5	3051	21.0	0.0
P66	hp_thomas_dill2	chained 2 x k=8 in 40, scaled 2	3	COL7A1	ENSP00000506558.1	2944	20.0	0.0
P66	hp_thomas_dill2	chained 2 x k=8 in 40, scaled 2	3	DSPP	ENSP00000498766.1	1301	20.0	0.0
P66	hp_thomas_dill2	chained 2 x k=8 in 40, scaled 2	3	SCAF1	ENSP00000353769.2	1312	20.0	0.0
P66	hp_thomas_dill2	chained 2 x k=8 in 40, scaled 2	6	GARIN3	ENSP00000305596.4	605	19.0	0.0
P66	hp_thomas_dill2	chained 2 x k=8 in 40, scaled 2	6	MYO6	ENSP00000358994.3	1285	19.0	0.0
P66	hp_thomas_dill2	chained 2 x k=8 in 40, scaled 2	6	MESP2	ENSP00000342392.3	397	19.0	0.0
P66	hp_thomas_dill2	chained 2 x k=8 in 40, scaled 2	6	RSPO4	ENSP00000217260.4	234	19.0	0.0
P66	hp_thomas_dill2	chained 2 x k=8 in 40, scaled 2	6	AVPR2	ENSP00000496396.1	371	19.0	0.0
P66	hp_thomas_dill2	chained 3 x k=8 in 60	1	SCAF1	ENSP00000353769.2	1312	24.0	0.0
P66	hp_thomas_dill2	chained 3 x k=8 in 60	2	MESP2	ENSP00000342392.3	397	21.0	0.0
P66	hp_thomas_dill2	chained 3 x k=8 in 60	3	GARIN3	ENSP00000305596.4	605	20.0	0.0
P66	hp_thomas_dill2	chained 3 x k=8 in 60	3	FMNL1	ENSP00000329219.2	1100	20.0	0.0
P66	hp_thomas_dill2	chained 3 x k=8 in 60	5	NOS1	ENSP00000320758.6	1434	19.0	0.0
P66	hp_thomas_dill2	chained 3 x k=8 in 60	5	HIC1	ENSP00000477858.1	714	19.0	0.0
P66	hp_thomas_dill2	chained 3 x k=8 in 60	5	SRSF6	ENSP00000244020.3	344	19.0	0.0
P66	hp_thomas_dill2	chained 3 x k=8 in 60	5	ENSG00000288000	ENSP00000499734.1	1090	19.0	0.0
P66	hp_thomas_dill2	chained 3 x k=8 in 60	5	MED12	ENSP00000363193.3	2177	19.0	0.0
P66	hp_thomas_dill2	chained 3 x k=8 in 60	10	MORN1	ENSP00000367792.3	497	18.0	0.0
P66	hp_thomas_dill2	chained 3 x k=8 in 60, scaled 2	1	SCAF1	ENSP00000353769.2	1312	19.0	0.0
P66	hp_thomas_dill2	chained 3 x k=8 in 60, scaled 2	2	GARIN3	ENSP00000305596.4	605	18.0	0.0
P66	hp_thomas_dill2	chained 3 x k=8 in 60, scaled 2	2	MESP2	ENSP00000342392.3	397	18.0	0.0
P66	hp_thomas_dill2	chained 3 x k=8 in 60, scaled 2	4	TPGS2	ENSP00000335144.3	300	17.0	0.0
P66	hp_thomas_dill2	chained 3 x k=8 in 60, scaled 2	4	SRSF6	ENSP00000244020.3	344	17.0	0.0
P66	hp_thomas_dill2	chained 3 x k=8 in 60, scaled 2	4	ENSG00000288000	ENSP00000499734.1	1090	17.0	0.0
P66	hp_thomas_dill2	chained 3 x k=8 in 60, scaled 2	7	GTF3C2	ENSP00000264720.3	911	16.0	0.0
P66	hp_thomas_dill2	chained 3 x k=8 in 60, scaled 2	7	JSRP1	ENSP00000300961.4	331	16.0	0.0
P66	hp_thomas_dill2	chained 3 x k=8 in 60, scaled 2	9	LBR	ENSP00000272163.4	615	15.0	0.0
P66	hp_thomas_dill2	chained 3 x k=8 in 60, scaled 2	9	ASXL2	ENSP00000391447.3	1435	15.0	0.0
P66	hp_thomas_dill2	chained 2 x k=12 in 40	1	COL1A2	ENSP00000297268.6	1366	14.0	0.0
P66	hp_thomas_dill2	chained 2 x k=12 in 40	1	KMT2D	ENSP00000301067.7	5537	14.0	0.0
P66	hp_thomas_dill2	chained 2 x k=12 in 40	3	ENSG00000287839	ENSP00000519539.1	1375	13.0	0.0
P66	hp_thomas_dill2	chained 2 x k=12 in 40	3	FARP2	ENSP00000264042.3	1054	13.0	0.0
P66	hp_thomas_dill2	chained 2 x k=12 in 40	3	MYO6	ENSP00000358994.3	1285	13.0	0.0
P66	hp_thomas_dill2	chained 2 x k=12 in 40	6	CROCC	ENSP00000364691.4	2017	12.0	0.0
P66	hp_thomas_dill2	chained 2 x k=12 in 40	6	TWIST1	ENSP00000242261.5	202	12.0	0.0
P66	hp_thomas_dill2	chained 2 x k=12 in 40	8	ARID1A	ENSP00000320485.7	2285	11.0	0.0
P66	hp_thomas_dill2	chained 2 x k=12 in 40	8	ATP1A4	ENSP00000357060.4	1029	11.0	0.0
P66	hp_thomas_dill2	chained 2 x k=12 in 40	8	NUCKS1	ENSP00000356110.4	243	11.0	0.0
P66	hp_thomas_dill2	chained 2 x k=12 in 40, scaled 2	1	ENSG00000287839	ENSP00000519539.1	1375	7.0	0.0
P66	hp_thomas_dill2	chained 2 x k=12 in 40, scaled 2	2	ATP1A4	ENSP00000357060.4	1029	6.0	0.0
P66	hp_thomas_dill2	chained 2 x k=12 in 40, scaled 2	2	OR52E8	ENSP00000444054.2	313	6.0	0.0
P66	hp_thomas_dill2	chained 2 x k=12 in 40, scaled 2	2	KRT33A	ENSP00000007735.3	404	6.0	0.0
P66	hp_thomas_dill2	chained 2 x k=12 in 40, scaled 2	2	KRT33B	ENSP00000251646.3	404	6.0	0.0
P66	hp_thomas_dill2	chained 2 x k=12 in 40, scaled 2	6	SLC8A1	ENSP00000332931.4	973	5.0	0.0
P66	hp_thomas_dill2	chained 2 x k=12 in 40, scaled 2	6	NSD1	ENSP00000395929.2	2696	5.0	0.0
P66	hp_thomas_dill2	chained 2 x k=12 in 40, scaled 2	6	XKR5	ENSP00000483879.1	686	5.0	0.0
P66	hp_thomas_dill2	chained 2 x k=12 in 40, scaled 2	6	VPS13B	ENSP00000349685.2	3997	5.0	0.0
P66	hp_thomas_dill2	chained 2 x k=12 in 40, scaled 2	6	MCM10	ENSP00000367986.3	874	5.0	0.0
P66	hp_thomas_dill2	chained 2 x k=12 in 60	1	CELSR2	ENSP00000271332.3	2923	16.0	0.0
P66	hp_thomas_dill2	chained 2 x k=12 in 60	1	ARHGEF18	ENSP00000499655.2	1361	16.0	0.0
P66	hp_thomas_dill2	chained 2 x k=12 in 60	3	HIVEP3	ENSP00000361664.1	2406	15.0	0.0
P66	hp_thomas_dill2	chained 2 x k=12 in 60	3	FARP2	ENSP00000264042.3	1054	15.0	0.0
P66	hp_thomas_dill2	chained 2 x k=12 in 60	3	CCDC80	ENSP00000206423.3	950	15.0	0.0
P66	hp_thomas_dill2	chained 2 x k=12 in 60	3	SALL1	ENSP00000251020.4	1324	15.0	0.0
P66	hp_thomas_dill2	chained 2 x k=12 in 60	3	KLHDC7B	ENSP00000497256.1	1235	15.0	0.0
P66	hp_thomas_dill2	chained 2 x k=12 in 60	8	COL1A2	ENSP00000297268.6	1366	14.0	0.0
P66	hp_thomas_dill2	chained 2 x k=12 in 60	8	KMT2D	ENSP00000301067.7	5537	14.0	0.0
P66	hp_thomas_dill2	chained 2 x k=12 in 60	8	TPGS2	ENSP00000335144.3	300	14.0	0.0
P66	hp_thomas_dill2	chained 2 x k=12 in 60, scaled 2	1	KAZN	ENSP00000365198.2	775	7.0	0.0
P66	hp_thomas_dill2	chained 2 x k=12 in 60, scaled 2	1	ENSG00000287839	ENSP00000519539.1	1375	7.0	0.0
P66	hp_thomas_dill2	chained 2 x k=12 in 60, scaled 2	1	ATP1A4	ENSP00000357060.4	1029	7.0	0.0
P66	hp_thomas_dill2	chained 2 x k=12 in 60, scaled 2	1	NHSL1	ENSP00000344672.5	1606	7.0	0.0
P66	hp_thomas_dill2	chained 2 x k=12 in 60, scaled 2	1	CDC42EP4	ENSP00000338258.3	356	7.0	0.0
P66	hp_thomas_dill2	chained 2 x k=12 in 60, scaled 2	6	MCM10	ENSP00000367986.3	874	6.0	0.0
P66	hp_thomas_dill2	chained 2 x k=12 in 60, scaled 2	6	OR52E8	ENSP00000444054.2	313	6.0	0.0
P66	hp_thomas_dill2	chained 2 x k=12 in 60, scaled 2	6	NUP160	ENSP00000367721.3	1402	6.0	0.0
P66	hp_thomas_dill2	chained 2 x k=12 in 60, scaled 2	6	KRT33A	ENSP00000007735.3	404	6.0	0.0
P66	hp_thomas_dill2	chained 2 x k=12 in 60, scaled 2	6	KRT33B	ENSP00000251646.3	404	6.0	0.0
P66	hp_thomas_dill2	window 18 of 20	1	ABI3BP	ENSP00000420524.2	1786	37.0	0.0
P66	hp_thomas_dill2	window 18 of 20	2	KMT2D	ENSP00000301067.7	5537	36.0	0.0
P66	hp_thomas_dill2	window 18 of 20	3	SRRM5	ENSP00000414512.1	715	33.0	0.0
P66	hp_thomas_dill2	window 18 of 20	4	FLG	ENSP00000357789.1	4061	32.0	0.0
P66	hp_thomas_dill2	window 18 of 20	4	UHRF1	ENSP00000498698.1	793	32.0	0.0
P66	hp_thomas_dill2	window 18 of 20	6	SYTL2	ENSP00000352065.7	2239	31.0	0.0
P66	hp_thomas_dill2	window 18 of 20	6	FURIN	ENSP00000268171.2	794	31.0	0.0
P66	hp_thomas_dill2	window 18 of 20	6	NEURL4	ENSP00000382390.2	1562	31.0	0.0
P66	hp_thomas_dill2	window 18 of 20	6	CASKIN2	ENSP00000325355.3	1202	31.0	0.0
P66	hp_thomas_dill2	window 18 of 20	10	SETD2	ENSP00000386759.3	2564	30.0	0.0
P66	hp_thomas_dill2	window 16 of 20	1	ZNF106	ENSP00000456845.2	1906	80.0	0.0
P66	hp_thomas_dill2	window 16 of 20	2	MUC12	ENSP00000441929.1	5335	74.0	0.0
P66	hp_thomas_dill2	window 16 of 20	2	SSC5D	ENSP00000374274.4	1573	74.0	0.0
P66	hp_thomas_dill2	window 16 of 20	4	MCM10	ENSP00000367986.3	874	73.0	0.0
P66	hp_thomas_dill2	window 16 of 20	4	PCNX1	ENSP00000304192.2	2341	73.0	0.0
P66	hp_thomas_dill2	window 16 of 20	6	COL4A3	ENSP00000379823.3	1670	72.0	0.0
P66	hp_thomas_dill2	window 16 of 20	6	DST	ENSP00000505098.1	7818	72.0	0.0
P66	hp_thomas_dill2	window 16 of 20	6	ZFHX4	ENSP00000498627.1	3616	72.0	0.0
P66	hp_thomas_dill2	window 16 of 20	9	EHMT2	ENSP00000364687.4	1210	71.0	0.0
P66	hp_thomas_dill2	window 16 of 20	9	COL5A1	ENSP00000360882.3	1838	71.0	0.0
P66	hp_thomas_dill2	window 27 of 30	1	CRACD	ENSP00000507165.1	1233	25.0	0.0
P66	hp_thomas_dill2	window 27 of 30	1	NEURL4	ENSP00000382390.2	1562	25.0	0.0
P66	hp_thomas_dill2	window 27 of 30	3	ABI3BP	ENSP00000420524.2	1786	24.0	0.0
P66	hp_thomas_dill2	window 27 of 30	4	HOXD11	ENSP00000249504.5	338	23.0	0.0
P66	hp_thomas_dill2	window 27 of 30	4	KDM6A	ENSP00000483595.2	1453	23.0	0.0
P66	hp_thomas_dill2	window 27 of 30	6	EHBP1L1	ENSP00000312671.4	1523	22.0	0.0
P66	hp_thomas_dill2	window 27 of 30	6	KMT2D	ENSP00000301067.7	5537	22.0	0.0
P66	hp_thomas_dill2	window 27 of 30	6	FURIN	ENSP00000268171.2	794	22.0	0.0
P66	hp_thomas_dill2	window 27 of 30	6	CENPB	ENSP00000369075.4	599	22.0	0.0
P66	hp_thomas_dill2	window 27 of 30	10	UBQLN4	ENSP00000357292.3	601	21.0	0.0
P66	hp_thomas_dill2	window 24 of 30	1	ZNF106	ENSP00000456845.2	1906	59.0	0.0
P66	hp_thomas_dill2	window 24 of 30	2	LIG3	ENSP00000367787.3	1009	54.0	0.0
P66	hp_thomas_dill2	window 24 of 30	2	LTBP4	ENSP00000380031.5	1557	54.0	0.0
P66	hp_thomas_dill2	window 24 of 30	4	STAT2	ENSP00000315768.4	851	52.0	0.0
P66	hp_thomas_dill2	window 24 of 30	5	PCNX1	ENSP00000304192.2	2341	51.0	0.0
P66	hp_thomas_dill2	window 24 of 30	6	MEX3B	ENSP00000329918.4	569	50.0	0.0
P66	hp_thomas_dill2	window 24 of 30	7	SETD2	ENSP00000386759.3	2564	49.0	0.0
P66	hp_thomas_dill2	window 24 of 30	7	DST	ENSP00000505098.1	7818	49.0	0.0
P66	hp_thomas_dill2	window 24 of 30	7	BLTP3B	ENSP00000279907.7	1464	49.0	0.0
P66	hp_thomas_dill2	window 24 of 30	7	CCDC177	ENSP00000469474.1	707	49.0	0.0
P66	hp_thomas_dill2	window 36 of 40	1	HIC1	ENSP00000477858.1	714	16.0	0.0
P66	hp_thomas_dill2	window 36 of 40	1	NEURL4	ENSP00000382390.2	1562	16.0	0.0
P66	hp_thomas_dill2	window 36 of 40	1	CENPB	ENSP00000369075.4	599	16.0	0.0
P66	hp_thomas_dill2	window 36 of 40	4	CRACD	ENSP00000507165.1	1233	15.0	0.0
P66	hp_thomas_dill2	window 36 of 40	4	SEPTIN4	ENSP00000500383.1	996	15.0	0.0
P66	hp_thomas_dill2	window 36 of 40	6	UBQLN4	ENSP00000357292.3	601	14.0	0.0
P66	hp_thomas_dill2	window 36 of 40	6	RPS6KC1	ENSP00000355927.3	1066	14.0	0.0
P66	hp_thomas_dill2	window 36 of 40	6	HOXD11	ENSP00000249504.5	338	14.0	0.0
P66	hp_thomas_dill2	window 36 of 40	6	MFAP3	ENSP00000430852.2	362	14.0	0.0
P66	hp_thomas_dill2	window 36 of 40	6	CASKIN2	ENSP00000325355.3	1202	14.0	0.0
P66	hp_thomas_dill2	window 32 of 40	1	SETD2	ENSP00000386759.3	2564	58.0	0.0
P66	hp_thomas_dill2	window 32 of 40	2	ZNF106	ENSP00000456845.2	1906	48.0	0.0
P66	hp_thomas_dill2	window 32 of 40	2	LIG3	ENSP00000367787.3	1009	48.0	0.0
P66	hp_thomas_dill2	window 32 of 40	4	MEX3B	ENSP00000329918.4	569	44.0	0.0
P66	hp_thomas_dill2	window 32 of 40	4	TRIM37	ENSP00000262294.7	964	44.0	0.0
P66	hp_thomas_dill2	window 32 of 40	6	BLTP3B	ENSP00000279907.7	1464	43.0	0.0
P66	hp_thomas_dill2	window 32 of 40	6	CCDC177	ENSP00000469474.1	707	43.0	0.0
P66	hp_thomas_dill2	window 32 of 40	6	LTBP4	ENSP00000380031.5	1557	43.0	0.0
P66	hp_thomas_dill2	window 32 of 40	9	RREB1	ENSP00000369270.2	1742	42.0	0.0
P66	hp_thomas_dill2	window 32 of 40	10	MUC21	ENSP00000365473.3	566	41.0	0.0
P66	hp_thomas_dill2	window 54 of 60	1	SUPV3L1	ENSP00000352678.4	786	1.0	0.0
P66	hp_thomas_dill2	window 48 of 60	1	SETD2	ENSP00000386759.3	2564	44.0	0.0
P66	hp_thomas_dill2	window 48 of 60	2	CCDC177	ENSP00000469474.1	707	33.0	0.0
P66	hp_thomas_dill2	window 48 of 60	2	ANKRD11	ENSP00000301030.4	2663	33.0	0.0
P66	hp_thomas_dill2	window 48 of 60	2	LIG3	ENSP00000367787.3	1009	33.0	0.0
P66	hp_thomas_dill2	window 48 of 60	5	MEPCE	ENSP00000308546.2	689	30.0	0.0
P66	hp_thomas_dill2	window 48 of 60	5	PRRC2B	ENSP00000508048.1	2229	30.0	0.0
P66	hp_thomas_dill2	window 48 of 60	5	CDH15	ENSP00000289746.2	814	30.0	0.0
P66	hp_thomas_dill2	window 48 of 60	8	HNRNPCL3	ENSP00000478017.1	293	29.0	0.0
P66	hp_thomas_dill2	window 48 of 60	8	HNRNPCL4	ENSP00000485450.2	293	29.0	0.0
P66	hp_thomas_dill2	window 48 of 60	8	SMTNL1	ENSP00000432651.1	494	29.0	0.0
P66	hp_thomas_dill2	extend +1/-2	1	ABI3BP	ENSP00000420524.2	1786	56.0	0.0
P66	hp_thomas_dill2	extend +1/-2	2	SFSWAP	ENSP00000261674.4	951	52.0	0.0
P66	hp_thomas_dill2	extend +1/-2	3	SETD2	ENSP00000386759.3	2564	51.0	0.0
P66	hp_thomas_dill2	extend +1/-2	4	PCNX1	ENSP00000304192.2	2341	50.0	0.0
P66	hp_thomas_dill2	extend +1/-2	4	SUPT5H	ENSP00000404029.4	1087	50.0	0.0
P66	hp_thomas_dill2	extend +1/-2	6	MARCOL	ENSP00000490292.1	285	49.0	0.0
P66	hp_thomas_dill2	extend +1/-2	6	SQSTM1	ENSP00000374455.4	440	49.0	0.0
P66	hp_thomas_dill2	extend +1/-2	6	LUZP4	ENSP00000360988.3	313	49.0	0.0
P66	hp_thomas_dill2	extend +1/-2	9	TLX2	ENSP00000233638.6	284	48.0	0.0
P66	hp_thomas_dill2	extend +1/-2	9	CDK13	ENSP00000181839.4	1512	48.0	0.0
P66	hp_lehninger2	exact k=8	1	DSPP	ENSP00000498766.1	1301	37.0	0.0
P66	hp_lehninger2	exact k=8	2	RAD54B	ENSP00000336606.5	910	34.0	0.0
P66	hp_lehninger2	exact k=8	3	PROS1	ENSP00000377783.3	676	33.0	0.0
P66	hp_lehninger2	exact k=8	3	NOLC1	ENSP00000474710.2	699	33.0	0.0
P66	hp_lehninger2	exact k=8	3	MAML2	ENSP00000434552.1	1156	33.0	0.0
P66	hp_lehninger2	exact k=8	6	SLC24A1	ENSP00000261892.6	1099	32.0	0.0
P66	hp_lehninger2	exact k=8	7	ARID4B	ENSP00000264183.3	1312	31.0	0.0
P66	hp_lehninger2	exact k=8	7	GTDC1	ENSP00000507713.1	458	31.0	0.0
P66	hp_lehninger2	exact k=8	9	EPS15	ENSP00000360798.3	896	30.0	0.0
P66	hp_lehninger2	exact k=8	9	AOX1	ENSP00000363832.2	1338	30.0	0.0
P66	hp_lehninger2	exact k=8, scaled 2	1	SLC24A1	ENSP00000261892.6	1099	27.0	0.0
P66	hp_lehninger2	exact k=8, scaled 2	2	NOLC1	ENSP00000474710.2	699	26.0	0.0
P66	hp_lehninger2	exact k=8, scaled 2	2	HMGXB4	ENSP00000216106.5	601	26.0	0.0
P66	hp_lehninger2	exact k=8, scaled 2	4	PLEKHG5	ENSP00000366957.3	1006	25.0	0.0
P66	hp_lehninger2	exact k=8, scaled 2	4	ARID4B	ENSP00000264183.3	1312	25.0	0.0
P66	hp_lehninger2	exact k=8, scaled 2	4	IRF2BPL	ENSP00000238647.3	796	25.0	0.0
P66	hp_lehninger2	exact k=8, scaled 2	7	HTT	ENSP00000347184.5	3142	24.0	0.0
P66	hp_lehninger2	exact k=8, scaled 2	7	CACNA1B	ENSP00000360423.1	2339	24.0	0.0
P66	hp_lehninger2	exact k=8, scaled 2	7	RLIM	ENSP00000328059.6	624	24.0	0.0
P66	hp_lehninger2	exact k=8, scaled 2	10	CASZ1	ENSP00000366221.3	1759	23.0	0.0
P66	hp_lehninger2	exact k=10	1	RAD54B	ENSP00000336606.5	910	27.0	0.0
P66	hp_lehninger2	exact k=10	2	GTDC1	ENSP00000507713.1	458	26.0	0.0
P66	hp_lehninger2	exact k=10	2	DSPP	ENSP00000498766.1	1301	26.0	0.0
P66	hp_lehninger2	exact k=10	2	MAML2	ENSP00000434552.1	1156	26.0	0.0
P66	hp_lehninger2	exact k=10	5	RANBP10	ENSP00000316589.3	620	25.0	0.0
P66	hp_lehninger2	exact k=10	6	SLC24A1	ENSP00000261892.6	1099	24.0	0.0
P66	hp_lehninger2	exact k=10	6	GPATCH1	ENSP00000170564.1	931	24.0	0.0
P66	hp_lehninger2	exact k=10	8	MYH6	ENSP00000386041.3	1939	23.0	0.0
P66	hp_lehninger2	exact k=10	8	MYH7	ENSP00000347507.3	1935	23.0	0.0
P66	hp_lehninger2	exact k=10	8	IRF2BPL	ENSP00000238647.3	796	23.0	0.0
P66	hp_lehninger2	exact k=10, scaled 2	1	MAML2	ENSP00000434552.1	1156	20.0	0.0
P66	hp_lehninger2	exact k=10, scaled 2	2	DSPP	ENSP00000498766.1	1301	17.0	0.0
P66	hp_lehninger2	exact k=10, scaled 2	2	RAD54B	ENSP00000336606.5	910	17.0	0.0
P66	hp_lehninger2	exact k=10, scaled 2	2	NOLC1	ENSP00000474710.2	699	17.0	0.0
P66	hp_lehninger2	exact k=10, scaled 2	2	SLC24A1	ENSP00000261892.6	1099	17.0	0.0
P66	hp_lehninger2	exact k=10, scaled 2	2	ZC3H18	ENSP00000301011.5	953	17.0	0.0
P66	hp_lehninger2	exact k=10, scaled 2	7	LRRC47	ENSP00000367498.1	583	16.0	0.0
P66	hp_lehninger2	exact k=10, scaled 2	7	NCL	ENSP00000318195.4	710	16.0	0.0
P66	hp_lehninger2	exact k=10, scaled 2	7	SREK1	ENSP00000334538.6	624	16.0	0.0
P66	hp_lehninger2	exact k=10, scaled 2	7	BRD2	ENSP00000363958.4	801	16.0	0.0
P66	hp_lehninger2	exact k=12	1	RANBP10	ENSP00000316589.3	620	23.0	0.0
P66	hp_lehninger2	exact k=12	2	GTDC1	ENSP00000507713.1	458	22.0	0.0
P66	hp_lehninger2	exact k=12	2	GPATCH1	ENSP00000170564.1	931	22.0	0.0
P66	hp_lehninger2	exact k=12	4	RAD54B	ENSP00000336606.5	910	21.0	0.0
P66	hp_lehninger2	exact k=12	4	RBM39	ENSP00000253363.6	530	21.0	0.0
P66	hp_lehninger2	exact k=12	6	MAML2	ENSP00000434552.1	1156	20.0	0.0
P66	hp_lehninger2	exact k=12	6	MAPK8IP2	ENSP00000330572.4	824	20.0	0.0
P66	hp_lehninger2	exact k=12	8	TAF7	ENSP00000312709.5	349	19.0	0.0
P66	hp_lehninger2	exact k=12	8	PKHD1L1	ENSP00000367655.5	4243	19.0	0.0
P66	hp_lehninger2	exact k=12	8	FRMD4A	ENSP00000350032.2	1039	19.0	0.0
P66	hp_lehninger2	exact k=12, scaled 2	1	CLSTN1	ENSP00000366513.4	981	15.0	0.0
P66	hp_lehninger2	exact k=12, scaled 2	1	LUZP1	ENSP00000303758.4	1076	15.0	0.0
P66	hp_lehninger2	exact k=12, scaled 2	1	NCL	ENSP00000318195.4	710	15.0	0.0
P66	hp_lehninger2	exact k=12, scaled 2	1	DHX29	ENSP00000251636.5	1369	15.0	0.0
P66	hp_lehninger2	exact k=12, scaled 2	1	RANBP10	ENSP00000316589.3	620	15.0	0.0
P66	hp_lehninger2	exact k=12, scaled 2	1	SPEM2	ENSP00000328061.3	501	15.0	0.0
P66	hp_lehninger2	exact k=12, scaled 2	1	GPATCH1	ENSP00000170564.1	931	15.0	0.0
P66	hp_lehninger2	exact k=12, scaled 2	8	RAD54B	ENSP00000336606.5	910	14.0	0.0
P66	hp_lehninger2	exact k=12, scaled 2	8	NOLC1	ENSP00000474710.2	699	14.0	0.0
P66	hp_lehninger2	exact k=12, scaled 2	8	IRF2BPL	ENSP00000238647.3	796	14.0	0.0
P66	hp_lehninger2	exact k=14	1	RANBP10	ENSP00000316589.3	620	21.0	0.0
P66	hp_lehninger2	exact k=14	2	GPATCH1	ENSP00000170564.1	931	20.0	0.0
P66	hp_lehninger2	exact k=14	3	RBM39	ENSP00000253363.6	530	19.0	0.0
P66	hp_lehninger2	exact k=14	4	GTDC1	ENSP00000507713.1	458	18.0	0.0
P66	hp_lehninger2	exact k=14	4	MAPK8IP2	ENSP00000330572.4	824	18.0	0.0
P66	hp_lehninger2	exact k=14	6	TAF7	ENSP00000312709.5	349	17.0	0.0
P66	hp_lehninger2	exact k=14	6	PKHD1L1	ENSP00000367655.5	4243	17.0	0.0
P66	hp_lehninger2	exact k=14	6	FRMD4A	ENSP00000350032.2	1039	17.0	0.0
P66	hp_lehninger2	exact k=14	9	BCAR3	ENSP00000260502.6	825	16.0	0.0
P66	hp_lehninger2	exact k=14	9	SPEM2	ENSP00000328061.3	501	16.0	0.0
P66	hp_lehninger2	exact k=14, scaled 2	1	RANBP10	ENSP00000316589.3	620	16.0	0.0
P66	hp_lehninger2	exact k=14, scaled 2	1	GPATCH1	ENSP00000170564.1	931	16.0	0.0
P66	hp_lehninger2	exact k=14, scaled 2	3	RBM39	ENSP00000253363.6	530	15.0	0.0
P66	hp_lehninger2	exact k=14, scaled 2	4	CLSTN1	ENSP00000366513.4	981	14.0	0.0
P66	hp_lehninger2	exact k=14, scaled 2	4	LUZP1	ENSP00000303758.4	1076	14.0	0.0
P66	hp_lehninger2	exact k=14, scaled 2	4	PRPF38B	ENSP00000359042.4	546	14.0	0.0
P66	hp_lehninger2	exact k=14, scaled 2	4	FAM193A	ENSP00000490564.1	1515	14.0	0.0
P66	hp_lehninger2	exact k=14, scaled 2	4	DHX29	ENSP00000251636.5	1369	14.0	0.0
P66	hp_lehninger2	exact k=14, scaled 2	4	CHD1	ENSP00000483667.1	1710	14.0	0.0
P66	hp_lehninger2	exact k=14, scaled 2	4	YAF2	ENSP00000439256.2	180	14.0	0.0
P66	hp_lehninger2	exact k=16	1	RANBP10	ENSP00000316589.3	620	19.0	0.0
P66	hp_lehninger2	exact k=16	2	GPATCH1	ENSP00000170564.1	931	18.0	0.0
P66	hp_lehninger2	exact k=16	3	RBM39	ENSP00000253363.6	530	17.0	0.0
P66	hp_lehninger2	exact k=16	4	MAPK8IP2	ENSP00000330572.4	824	16.0	0.0
P66	hp_lehninger2	exact k=16	5	TAF7	ENSP00000312709.5	349	15.0	0.0
P66	hp_lehninger2	exact k=16	5	PKHD1L1	ENSP00000367655.5	4243	15.0	0.0
P66	hp_lehninger2	exact k=16	5	FRMD4A	ENSP00000350032.2	1039	15.0	0.0
P66	hp_lehninger2	exact k=16	8	BCAR3	ENSP00000260502.6	825	14.0	0.0
P66	hp_lehninger2	exact k=16	8	GTDC1	ENSP00000507713.1	458	14.0	0.0
P66	hp_lehninger2	exact k=16	8	SPEM2	ENSP00000328061.3	501	14.0	0.0
P66	hp_lehninger2	exact k=16, scaled 2	1	APC	ENSP00000257430.4	2843	11.0	0.0
P66	hp_lehninger2	exact k=16, scaled 2	2	PKHD1L1	ENSP00000367655.5	4243	10.0	0.0
P66	hp_lehninger2	exact k=16, scaled 2	3	BCAR3	ENSP00000260502.6	825	9.0	0.0
P66	hp_lehninger2	exact k=16, scaled 2	3	TIGD1	ENSP00000386186.3	591	9.0	0.0
P66	hp_lehninger2	exact k=16, scaled 2	3	MED23	ENSP00000357047.3	1368	9.0	0.0
P66	hp_lehninger2	exact k=16, scaled 2	6	ABCB11	ENSP00000497931.1	1321	8.0	0.0
P66	hp_lehninger2	exact k=16, scaled 2	6	DLEC1	ENSP00000308597.6	1755	8.0	0.0
P66	hp_lehninger2	exact k=16, scaled 2	6	ABCB1	ENSP00000478255.1	1280	8.0	0.0
P66	hp_lehninger2	exact k=16, scaled 2	6	VWCE	ENSP00000334186.5	955	8.0	0.0
P66	hp_lehninger2	exact k=16, scaled 2	6	RANBP10	ENSP00000316589.3	620	8.0	0.0
P66	hp_lehninger2	exact k=18	1	RANBP10	ENSP00000316589.3	620	17.0	0.0
P66	hp_lehninger2	exact k=18	2	GPATCH1	ENSP00000170564.1	931	16.0	0.0
P66	hp_lehninger2	exact k=18	3	RBM39	ENSP00000253363.6	530	15.0	0.0
P66	hp_lehninger2	exact k=18	4	MAPK8IP2	ENSP00000330572.4	824	14.0	0.0
P66	hp_lehninger2	exact k=18	5	TAF7	ENSP00000312709.5	349	13.0	0.0
P66	hp_lehninger2	exact k=18	5	PKHD1L1	ENSP00000367655.5	4243	13.0	0.0
P66	hp_lehninger2	exact k=18	5	FRMD4A	ENSP00000350032.2	1039	13.0	0.0
P66	hp_lehninger2	exact k=18	8	BCAR3	ENSP00000260502.6	825	12.0	0.0
P66	hp_lehninger2	exact k=18	8	SPEM2	ENSP00000328061.3	501	12.0	0.0
P66	hp_lehninger2	exact k=18	10	CLSTN1	ENSP00000366513.4	981	11.0	0.0
P66	hp_lehninger2	exact k=18, scaled 2	1	PKHD1L1	ENSP00000367655.5	4243	9.0	0.0
P66	hp_lehninger2	exact k=18, scaled 2	2	BCAR3	ENSP00000260502.6	825	8.0	0.0
P66	hp_lehninger2	exact k=18, scaled 2	2	SLIT2	ENSP00000422591.1	1529	8.0	0.0
P66	hp_lehninger2	exact k=18, scaled 2	2	LRRC70	ENSP00000399441.1	622	8.0	0.0
P66	hp_lehninger2	exact k=18, scaled 2	2	FRMD4A	ENSP00000350032.2	1039	8.0	0.0
P66	hp_lehninger2	exact k=18, scaled 2	6	RANBP10	ENSP00000316589.3	620	7.0	0.0
P66	hp_lehninger2	exact k=18, scaled 2	6	SREBF1	ENSP00000261646.5	1147	7.0	0.0
P66	hp_lehninger2	exact k=18, scaled 2	6	CELSR1	ENSP00000501367.2	3019	7.0	0.0
P66	hp_lehninger2	exact k=18, scaled 2	9	MTOR	ENSP00000354558.4	2549	6.0	0.0
P66	hp_lehninger2	exact k=18, scaled 2	9	LTBP1	ENSP00000386043.2	1721	6.0	0.0
P66	hp_lehninger2	exact k=20	1	RANBP10	ENSP00000316589.3	620	15.0	0.0
P66	hp_lehninger2	exact k=20	2	GPATCH1	ENSP00000170564.1	931	14.0	0.0
P66	hp_lehninger2	exact k=20	3	RBM39	ENSP00000253363.6	530	13.0	0.0
P66	hp_lehninger2	exact k=20	4	MAPK8IP2	ENSP00000330572.4	824	12.0	0.0
P66	hp_lehninger2	exact k=20	5	TAF7	ENSP00000312709.5	349	11.0	0.0
P66	hp_lehninger2	exact k=20	5	PKHD1L1	ENSP00000367655.5	4243	11.0	0.0
P66	hp_lehninger2	exact k=20	5	FRMD4A	ENSP00000350032.2	1039	11.0	0.0
P66	hp_lehninger2	exact k=20	8	BCAR3	ENSP00000260502.6	825	10.0	0.0
P66	hp_lehninger2	exact k=20	8	SPEM2	ENSP00000328061.3	501	10.0	0.0
P66	hp_lehninger2	exact k=20	10	CLSTN1	ENSP00000366513.4	981	9.0	0.0
P66	hp_lehninger2	exact k=20, scaled 2	1	RANBP10	ENSP00000316589.3	620	9.0	0.0
P66	hp_lehninger2	exact k=20, scaled 2	2	TAF7	ENSP00000312709.5	349	8.0	0.0
P66	hp_lehninger2	exact k=20, scaled 2	2	GPATCH1	ENSP00000170564.1	931	8.0	0.0
P66	hp_lehninger2	exact k=20, scaled 2	4	FRMD4A	ENSP00000350032.2	1039	7.0	0.0
P66	hp_lehninger2	exact k=20, scaled 2	4	RBM39	ENSP00000253363.6	530	7.0	0.0
P66	hp_lehninger2	exact k=20, scaled 2	4	MAPK8IP2	ENSP00000330572.4	824	7.0	0.0
P66	hp_lehninger2	exact k=20, scaled 2	7	CLSTN1	ENSP00000366513.4	981	6.0	0.0
P66	hp_lehninger2	exact k=20, scaled 2	7	LUZP1	ENSP00000303758.4	1076	6.0	0.0
P66	hp_lehninger2	exact k=20, scaled 2	7	TMEM40	ENSP00000322837.7	233	6.0	0.0
P66	hp_lehninger2	exact k=20, scaled 2	7	DENND6A	ENSP00000311401.5	608	6.0	0.0
P66	hp_lehninger2	exact k=24	1	RANBP10	ENSP00000316589.3	620	11.0	0.0
P66	hp_lehninger2	exact k=24	2	GPATCH1	ENSP00000170564.1	931	10.0	0.0
P66	hp_lehninger2	exact k=24	3	RBM39	ENSP00000253363.6	530	9.0	0.0
P66	hp_lehninger2	exact k=24	4	MAPK8IP2	ENSP00000330572.4	824	8.0	0.0
P66	hp_lehninger2	exact k=24	5	TAF7	ENSP00000312709.5	349	7.0	0.0
P66	hp_lehninger2	exact k=24	5	PKHD1L1	ENSP00000367655.5	4243	7.0	0.0
P66	hp_lehninger2	exact k=24	5	FRMD4A	ENSP00000350032.2	1039	7.0	0.0
P66	hp_lehninger2	exact k=24	8	BCAR3	ENSP00000260502.6	825	6.0	0.0
P66	hp_lehninger2	exact k=24	8	SPEM2	ENSP00000328061.3	501	6.0	0.0
P66	hp_lehninger2	exact k=24	10	CLSTN1	ENSP00000366513.4	981	5.0	0.0
P66	hp_lehninger2	exact k=24, scaled 2	1	BCAR3	ENSP00000260502.6	825	5.0	0.0
P66	hp_lehninger2	exact k=24, scaled 2	1	PKHD1L1	ENSP00000367655.5	4243	5.0	0.0
P66	hp_lehninger2	exact k=24, scaled 2	1	FRMD4A	ENSP00000350032.2	1039	5.0	0.0
P66	hp_lehninger2	exact k=24, scaled 2	1	MASTL	ENSP00000365107.5	879	5.0	0.0
P66	hp_lehninger2	exact k=24, scaled 2	1	RANBP10	ENSP00000316589.3	620	5.0	0.0
P66	hp_lehninger2	exact k=24, scaled 2	1	CELSR1	ENSP00000501367.2	3019	5.0	0.0
P66	hp_lehninger2	exact k=24, scaled 2	7	ETV3L	ENSP00000430271.1	361	4.0	0.0
P66	hp_lehninger2	exact k=24, scaled 2	7	LRRC70	ENSP00000399441.1	622	4.0	0.0
P66	hp_lehninger2	exact k=24, scaled 2	7	TAF7	ENSP00000312709.5	349	4.0	0.0
P66	hp_lehninger2	exact k=24, scaled 2	7	ACLY	ENSP00000253792.2	1101	4.0	0.0
P66	hp_lehninger2	exact k=28	1	RANBP10	ENSP00000316589.3	620	7.0	0.0
P66	hp_lehninger2	exact k=28	2	GPATCH1	ENSP00000170564.1	931	6.0	0.0
P66	hp_lehninger2	exact k=28	3	RBM39	ENSP00000253363.6	530	5.0	0.0
P66	hp_lehninger2	exact k=28	4	MAPK8IP2	ENSP00000330572.4	824	4.0	0.0
P66	hp_lehninger2	exact k=28	5	TAF7	ENSP00000312709.5	349	3.0	0.0
P66	hp_lehninger2	exact k=28	5	PKHD1L1	ENSP00000367655.5	4243	3.0	0.0
P66	hp_lehninger2	exact k=28	5	FRMD4A	ENSP00000350032.2	1039	3.0	0.0
P66	hp_lehninger2	exact k=28	8	BCAR3	ENSP00000260502.6	825	2.0	0.0
P66	hp_lehninger2	exact k=28	8	SPEM2	ENSP00000328061.3	501	2.0	0.0
P66	hp_lehninger2	exact k=28	10	CLSTN1	ENSP00000366513.4	981	1.0	0.0
P66	hp_lehninger2	exact k=28, scaled 2	1	RANBP10	ENSP00000316589.3	620	4.0	0.0
P66	hp_lehninger2	exact k=28, scaled 2	1	GPATCH1	ENSP00000170564.1	931	4.0	0.0
P66	hp_lehninger2	exact k=28, scaled 2	3	RBM39	ENSP00000253363.6	530	3.0	0.0
P66	hp_lehninger2	exact k=28, scaled 2	3	MAPK8IP2	ENSP00000330572.4	824	3.0	0.0
P66	hp_lehninger2	exact k=28, scaled 2	5	TAF7	ENSP00000312709.5	349	2.0	0.0
P66	hp_lehninger2	exact k=28, scaled 2	6	BCAR3	ENSP00000260502.6	825	1.0	0.0
P66	hp_lehninger2	exact k=28, scaled 2	6	LRBA	ENSP00000498582.2	2852	1.0	0.0
P66	hp_lehninger2	exact k=28, scaled 2	6	PKHD1L1	ENSP00000367655.5	4243	1.0	0.0
P66	hp_lehninger2	exact k=32	1	RANBP10	ENSP00000316589.3	620	3.0	0.0
P66	hp_lehninger2	exact k=32	2	GPATCH1	ENSP00000170564.1	931	2.0	0.0
P66	hp_lehninger2	exact k=32	3	RBM39	ENSP00000253363.6	530	1.0	0.0
P66	hp_lehninger2	exact k=32, scaled 2	1	RANBP10	ENSP00000316589.3	620	2.0	0.0
P66	hp_lehninger2	exact k=32, scaled 2	1	GPATCH1	ENSP00000170564.1	931	2.0	0.0
P66	hp_lehninger2	exact k=32, scaled 2	3	RBM39	ENSP00000253363.6	530	1.0	0.0
P66	hp_lehninger2	spaced 11011011011011011	1	RANBP10	ENSP00000316589.3	620	20.0	0.0
P66	hp_lehninger2	spaced 11011011011011011	2	FRMD4A	ENSP00000350032.2	1039	17.0	0.0
P66	hp_lehninger2	spaced 11011011011011011	2	GPATCH1	ENSP00000170564.1	931	17.0	0.0
P66	hp_lehninger2	spaced 11011011011011011	2	RBM39	ENSP00000253363.6	530	17.0	0.0
P66	hp_lehninger2	spaced 11011011011011011	5	MAPK8IP2	ENSP00000330572.4	824	16.0	0.0
P66	hp_lehninger2	spaced 11011011011011011	6	TAF7	ENSP00000312709.5	349	15.0	0.0
P66	hp_lehninger2	spaced 11011011011011011	6	TBC1D10B	ENSP00000386538.3	808	15.0	0.0
P66	hp_lehninger2	spaced 11011011011011011	6	SPEM2	ENSP00000328061.3	501	15.0	0.0
P66	hp_lehninger2	spaced 11011011011011011	9	DHX29	ENSP00000251636.5	1369	14.0	0.0
P66	hp_lehninger2	spaced 11011011011011011	9	PKHD1L1	ENSP00000367655.5	4243	14.0	0.0
P66	hp_lehninger2	spaced 11011011011011011, scaled 2	1	RANBP10	ENSP00000316589.3	620	12.0	0.0
P66	hp_lehninger2	spaced 11011011011011011, scaled 2	1	GPATCH1	ENSP00000170564.1	931	12.0	0.0
P66	hp_lehninger2	spaced 11011011011011011, scaled 2	1	RBM39	ENSP00000253363.6	530	12.0	0.0
P66	hp_lehninger2	spaced 11011011011011011, scaled 2	4	MAPK8IP2	ENSP00000330572.4	824	11.0	0.0
P66	hp_lehninger2	spaced 11011011011011011, scaled 2	5	PRRC2C	ENSP00000495867.2	2898	10.0	0.0
P66	hp_lehninger2	spaced 11011011011011011, scaled 2	5	SPEM2	ENSP00000328061.3	501	10.0	0.0
P66	hp_lehninger2	spaced 11011011011011011, scaled 2	5	KRI1	ENSP00000320917.9	703	10.0	0.0
P66	hp_lehninger2	spaced 11011011011011011, scaled 2	8	LCE3B	ENSP00000335358.1	95	9.0	0.0
P66	hp_lehninger2	spaced 11011011011011011, scaled 2	8	LTBP1	ENSP00000386043.2	1721	9.0	0.0
P66	hp_lehninger2	spaced 11011011011011011, scaled 2	8	FAM193A	ENSP00000490564.1	1515	9.0	0.0
P66	hp_lehninger2	spaced 11011011011011011011011	1	RANBP10	ENSP00000316589.3	620	13.0	0.0
P66	hp_lehninger2	spaced 11011011011011011011011	2	GPATCH1	ENSP00000170564.1	931	11.0	0.0
P66	hp_lehninger2	spaced 11011011011011011011011	2	RBM39	ENSP00000253363.6	530	11.0	0.0
P66	hp_lehninger2	spaced 11011011011011011011011	4	MAPK8IP2	ENSP00000330572.4	824	10.0	0.0
P66	hp_lehninger2	spaced 11011011011011011011011	5	FRMD4A	ENSP00000350032.2	1039	9.0	0.0
P66	hp_lehninger2	spaced 11011011011011011011011	5	TBC1D10B	ENSP00000386538.3	808	9.0	0.0
P66	hp_lehninger2	spaced 11011011011011011011011	5	SPEM2	ENSP00000328061.3	501	9.0	0.0
P66	hp_lehninger2	spaced 11011011011011011011011	8	DHX29	ENSP00000251636.5	1369	8.0	0.0
P66	hp_lehninger2	spaced 11011011011011011011011	8	TAF7	ENSP00000312709.5	349	8.0	0.0
P66	hp_lehninger2	spaced 11011011011011011011011	8	PKHD1L1	ENSP00000367655.5	4243	8.0	0.0
P66	hp_lehninger2	spaced 11011011011011011011011, scaled 2	1	PKHD1L1	ENSP00000367655.5	4243	7.0	0.0
P66	hp_lehninger2	spaced 11011011011011011011011, scaled 2	1	BAZ2A	ENSP00000447941.1	1903	7.0	0.0
P66	hp_lehninger2	spaced 11011011011011011011011, scaled 2	3	GPATCH1	ENSP00000170564.1	931	6.0	0.0
P66	hp_lehninger2	spaced 11011011011011011011011, scaled 2	4	DHCR24	ENSP00000360316.3	516	5.0	0.0
P66	hp_lehninger2	spaced 11011011011011011011011, scaled 2	4	ETV3L	ENSP00000430271.1	361	5.0	0.0
P66	hp_lehninger2	spaced 11011011011011011011011, scaled 2	4	ANKRD20A1	ENSP00000477695.1	823	5.0	0.0
P66	hp_lehninger2	spaced 11011011011011011011011, scaled 2	4	ANKRD22	ENSP00000360998.4	191	5.0	0.0
P66	hp_lehninger2	spaced 11011011011011011011011, scaled 2	4	FAT3	ENSP00000432586.2	4589	5.0	0.0
P66	hp_lehninger2	spaced 11011011011011011011011, scaled 2	4	DENND5B	ENSP00000373734.5	1274	5.0	0.0
P66	hp_lehninger2	spaced 11011011011011011011011, scaled 2	4	KRT84	ENSP00000257951.3	600	5.0	0.0
P66	hp_lehninger2	spaced 11011011011011011011011011011	1	RANBP10	ENSP00000316589.3	620	7.0	0.0
P66	hp_lehninger2	spaced 11011011011011011011011011011	2	XPO4	ENSP00000255305.6	1151	6.0	0.0
P66	hp_lehninger2	spaced 11011011011011011011011011011	2	NPIPA3	ENSP00000437133.1	369	6.0	0.0
P66	hp_lehninger2	spaced 11011011011011011011011011011	2	NPIPA2	ENSP00000432029.1	369	6.0	0.0
P66	hp_lehninger2	spaced 11011011011011011011011011011	2	NPIPA1	ENSP00000331843.6	350	6.0	0.0
P66	hp_lehninger2	spaced 11011011011011011011011011011	2	NPIPA5	ENSP00000433597.1	350	6.0	0.0
P66	hp_lehninger2	spaced 11011011011011011011011011011	2	NPIPA6	ENSP00000370908.2	369	6.0	0.0
P66	hp_lehninger2	spaced 11011011011011011011011011011	2	NPIPA7	ENSP00000431814.2	369	6.0	0.0
P66	hp_lehninger2	spaced 11011011011011011011011011011	2	NPIPA8	ENSP00000435325.1	369	6.0	0.0
P66	hp_lehninger2	spaced 11011011011011011011011011011	2	NPIPA9	ENSP00000389275.2	369	6.0	0.0
P66	hp_lehninger2	spaced 11011011011011011011011011011, scaled 2	1	XPO4	ENSP00000255305.6	1151	5.0	0.0
P66	hp_lehninger2	spaced 11011011011011011011011011011, scaled 2	1	RANBP10	ENSP00000316589.3	620	5.0	0.0
P66	hp_lehninger2	spaced 11011011011011011011011011011, scaled 2	3	MALL	ENSP00000272462.2	153	4.0	0.0
P66	hp_lehninger2	spaced 11011011011011011011011011011, scaled 2	3	GLI2	ENSP00000354586.5	1569	4.0	0.0
P66	hp_lehninger2	spaced 11011011011011011011011011011, scaled 2	3	PDE8B	ENSP00000264917.6	885	4.0	0.0
P66	hp_lehninger2	spaced 11011011011011011011011011011, scaled 2	3	ABLIM3	ENSP00000310309.7	683	4.0	0.0
P66	hp_lehninger2	spaced 11011011011011011011011011011, scaled 2	3	AFAP1L1	ENSP00000296721.4	768	4.0	0.0
P66	hp_lehninger2	spaced 11011011011011011011011011011, scaled 2	3	GLI3	ENSP00000379258.3	1580	4.0	0.0
P66	hp_lehninger2	spaced 11011011011011011011011011011, scaled 2	3	COL22A1	ENSP00000303153.6	1626	4.0	0.0
P66	hp_lehninger2	spaced 11011011011011011011011011011, scaled 2	3	ZFAND4	ENSP00000339484.5	727	4.0	0.0
P66	hp_lehninger2	spaced 11011011011011011011011011011011011	1	XPO4	ENSP00000255305.6	1151	4.0	0.0
P66	hp_lehninger2	spaced 11011011011011011011011011011011011	1	NPIPA3	ENSP00000437133.1	369	4.0	0.0
P66	hp_lehninger2	spaced 11011011011011011011011011011011011	1	NPIPA2	ENSP00000432029.1	369	4.0	0.0
P66	hp_lehninger2	spaced 11011011011011011011011011011011011	1	NPIPA1	ENSP00000331843.6	350	4.0	0.0
P66	hp_lehninger2	spaced 11011011011011011011011011011011011	1	NPIPA5	ENSP00000433597.1	350	4.0	0.0
P66	hp_lehninger2	spaced 11011011011011011011011011011011011	1	NPIPA6	ENSP00000370908.2	369	4.0	0.0
P66	hp_lehninger2	spaced 11011011011011011011011011011011011	1	NPIPA7	ENSP00000431814.2	369	4.0	0.0
P66	hp_lehninger2	spaced 11011011011011011011011011011011011	1	NPIPA8	ENSP00000435325.1	369	4.0	0.0
P66	hp_lehninger2	spaced 11011011011011011011011011011011011	1	NPIPA9	ENSP00000389275.2	369	4.0	0.0
P66	hp_lehninger2	spaced 11011011011011011011011011011011011	1	MMP9	ENSP00000361405.3	707	4.0	0.0
P66	hp_lehninger2	spaced 11011011011011011011011011011011011, scaled 2	1	XPO4	ENSP00000255305.6	1151	3.0	0.0
P66	hp_lehninger2	spaced 11011011011011011011011011011011011, scaled 2	2	DNAI4	ENSP00000360065.3	848	2.0	0.0
P66	hp_lehninger2	spaced 11011011011011011011011011011011011, scaled 2	2	IGSF3	ENSP00000358498.4	1194	2.0	0.0
P66	hp_lehninger2	spaced 11011011011011011011011011011011011, scaled 2	2	GPAT2	ENSP00000389395.2	801	2.0	0.0
P66	hp_lehninger2	spaced 11011011011011011011011011011011011, scaled 2	2	RPS3A	ENSP00000346050.3	264	2.0	0.0
P66	hp_lehninger2	spaced 11011011011011011011011011011011011, scaled 2	2	AFAP1L1	ENSP00000296721.4	768	2.0	0.0
P66	hp_lehninger2	spaced 11011011011011011011011011011011011, scaled 2	2	BLTP3A	ENSP00000192788.5	1440	2.0	0.0
P66	hp_lehninger2	spaced 11011011011011011011011011011011011, scaled 2	2	HOXA13	ENSP00000497112.1	388	2.0	0.0
P66	hp_lehninger2	spaced 11011011011011011011011011011011011, scaled 2	2	PLPP7	ENSP00000361338.3	271	2.0	0.0
P66	hp_lehninger2	spaced 11011011011011011011011011011011011, scaled 2	2	TAF3	ENSP00000340271.5	929	2.0	0.0
P66	hp_lehninger2	spaced 10101010101010101010101	1	PPARGC1B	ENSP00000312649.5	1023	20.0	0.0
P66	hp_lehninger2	spaced 10101010101010101010101	2	MAGEB5	ENSP00000473493.1	275	19.0	0.0
P66	hp_lehninger2	spaced 10101010101010101010101	3	AGAP1	ENSP00000307634.7	857	18.0	0.0
P66	hp_lehninger2	spaced 10101010101010101010101	3	FRMPD1	ENSP00000366995.3	1578	18.0	0.0
P66	hp_lehninger2	spaced 10101010101010101010101	3	BLMH	ENSP00000261714.6	455	18.0	0.0
P66	hp_lehninger2	spaced 10101010101010101010101	6	CC2D1B	ENSP00000284376.3	852	17.0	0.0
P66	hp_lehninger2	spaced 10101010101010101010101	6	CCDC195	ENSP00000490029.1	201	17.0	0.0
P66	hp_lehninger2	spaced 10101010101010101010101	6	PAPSS1	ENSP00000265174.4	624	17.0	0.0
P66	hp_lehninger2	spaced 10101010101010101010101	6	SMCO2	ENSP00000441688.1	343	17.0	0.0
P66	hp_lehninger2	spaced 10101010101010101010101	6	SCN8A	ENSP00000487583.2	1980	17.0	0.0
P66	hp_lehninger2	spaced 10101010101010101010101, scaled 2	1	PPARGC1B	ENSP00000312649.5	1023	13.0	0.0
P66	hp_lehninger2	spaced 10101010101010101010101, scaled 2	2	CIC	ENSP00000505728.1	2517	11.0	0.0
P66	hp_lehninger2	spaced 10101010101010101010101, scaled 2	3	AGO4	ENSP00000362306.3	861	10.0	0.0
P66	hp_lehninger2	spaced 10101010101010101010101, scaled 2	3	AGAP1	ENSP00000307634.7	857	10.0	0.0
P66	hp_lehninger2	spaced 10101010101010101010101, scaled 2	3	TAFA1	ENSP00000418575.1	133	10.0	0.0
P66	hp_lehninger2	spaced 10101010101010101010101, scaled 2	3	MAP3K13	ENSP00000265026.3	966	10.0	0.0
P66	hp_lehninger2	spaced 10101010101010101010101, scaled 2	3	GTF2IRD1	ENSP00000408477.2	944	10.0	0.0
P66	hp_lehninger2	spaced 10101010101010101010101, scaled 2	3	ZNF800	ENSP00000265827.3	664	10.0	0.0
P66	hp_lehninger2	spaced 10101010101010101010101, scaled 2	3	TET1	ENSP00000362748.4	2136	10.0	0.0
P66	hp_lehninger2	spaced 10101010101010101010101, scaled 2	3	FOLH1	ENSP00000256999.2	750	10.0	0.0
P66	hp_lehninger2	spaced 1010101010101010101010101010101	1	MAGEB5	ENSP00000473493.1	275	15.0	0.0
P66	hp_lehninger2	spaced 1010101010101010101010101010101	2	BLMH	ENSP00000261714.6	455	14.0	0.0
P66	hp_lehninger2	spaced 1010101010101010101010101010101	3	CC2D1B	ENSP00000284376.3	852	13.0	0.0
P66	hp_lehninger2	spaced 1010101010101010101010101010101	3	CCDC195	ENSP00000490029.1	201	13.0	0.0
P66	hp_lehninger2	spaced 1010101010101010101010101010101	3	SCN8A	ENSP00000487583.2	1980	13.0	0.0
P66	hp_lehninger2	spaced 1010101010101010101010101010101	3	PISD	ENSP00000391739.2	409	13.0	0.0
P66	hp_lehninger2	spaced 1010101010101010101010101010101	7	SCN5A	ENSP00000398266.2	2015	12.0	0.0
P66	hp_lehninger2	spaced 1010101010101010101010101010101	7	SNX24	ENSP00000261369.4	169	12.0	0.0
P66	hp_lehninger2	spaced 1010101010101010101010101010101	7	PPARGC1B	ENSP00000312649.5	1023	12.0	0.0
P66	hp_lehninger2	spaced 1010101010101010101010101010101	7	EPHA1	ENSP00000275815.3	976	12.0	0.0
P66	hp_lehninger2	spaced 1010101010101010101010101010101, scaled 2	1	BLMH	ENSP00000261714.6	455	11.0	0.0
P66	hp_lehninger2	spaced 1010101010101010101010101010101, scaled 2	2	CCDC195	ENSP00000490029.1	201	9.0	0.0
P66	hp_lehninger2	spaced 1010101010101010101010101010101, scaled 2	2	EPHA1	ENSP00000275815.3	976	9.0	0.0
P66	hp_lehninger2	spaced 1010101010101010101010101010101, scaled 2	4	ADGRD2	ENSP00000512565.1	982	8.0	0.0
P66	hp_lehninger2	spaced 1010101010101010101010101010101, scaled 2	4	SCN8A	ENSP00000487583.2	1980	8.0	0.0
P66	hp_lehninger2	spaced 1010101010101010101010101010101, scaled 2	4	PISD	ENSP00000391739.2	409	8.0	0.0
P66	hp_lehninger2	spaced 1010101010101010101010101010101, scaled 2	4	MAGEB5	ENSP00000473493.1	275	8.0	0.0
P66	hp_lehninger2	spaced 1010101010101010101010101010101, scaled 2	8	CC2D1B	ENSP00000284376.3	852	7.0	0.0
P66	hp_lehninger2	spaced 1010101010101010101010101010101, scaled 2	8	CHRNB2	ENSP00000357461.3	502	7.0	0.0
P66	hp_lehninger2	spaced 1010101010101010101010101010101, scaled 2	8	IVNS1ABP	ENSP00000356468.3	642	7.0	0.0
P66	hp_lehninger2	spaced 101010101010101010101010101010101010101	1	MAGEB5	ENSP00000473493.1	275	11.0	0.0
P66	hp_lehninger2	spaced 101010101010101010101010101010101010101	2	BLMH	ENSP00000261714.6	455	10.0	0.0
P66	hp_lehninger2	spaced 101010101010101010101010101010101010101	3	CC2D1B	ENSP00000284376.3	852	9.0	0.0
P66	hp_lehninger2	spaced 101010101010101010101010101010101010101	3	CCDC195	ENSP00000490029.1	201	9.0	0.0
P66	hp_lehninger2	spaced 101010101010101010101010101010101010101	3	SCN8A	ENSP00000487583.2	1980	9.0	0.0
P66	hp_lehninger2	spaced 101010101010101010101010101010101010101	3	PISD	ENSP00000391739.2	409	9.0	0.0
P66	hp_lehninger2	spaced 101010101010101010101010101010101010101	7	SCN5A	ENSP00000398266.2	2015	8.0	0.0
P66	hp_lehninger2	spaced 101010101010101010101010101010101010101	7	SNX24	ENSP00000261369.4	169	8.0	0.0
P66	hp_lehninger2	spaced 101010101010101010101010101010101010101	7	EPHA1	ENSP00000275815.3	976	8.0	0.0
P66	hp_lehninger2	spaced 101010101010101010101010101010101010101	7	FOCAD	ENSP00000344307.6	1801	8.0	0.0
P66	hp_lehninger2	spaced 101010101010101010101010101010101010101, scaled 2	1	BLMH	ENSP00000261714.6	455	7.0	0.0
P66	hp_lehninger2	spaced 101010101010101010101010101010101010101, scaled 2	1	TUBD1	ENSP00000320797.3	453	7.0	0.0
P66	hp_lehninger2	spaced 101010101010101010101010101010101010101, scaled 2	3	FRY	ENSP00000445043.2	3013	6.0	0.0
P66	hp_lehninger2	spaced 101010101010101010101010101010101010101, scaled 2	3	ENKD1	ENSP00000243878.4	346	6.0	0.0
P66	hp_lehninger2	spaced 101010101010101010101010101010101010101, scaled 2	5	LARS2	ENSP00000495093.1	903	5.0	0.0
P66	hp_lehninger2	spaced 101010101010101010101010101010101010101, scaled 2	5	MIER3	ENSP00000370596.3	550	5.0	0.0
P66	hp_lehninger2	spaced 101010101010101010101010101010101010101, scaled 2	5	SYNJ2	ENSP00000347792.4	1496	5.0	0.0
P66	hp_lehninger2	spaced 101010101010101010101010101010101010101, scaled 2	5	TULP4	ENSP00000356064.3	1543	5.0	0.0
P66	hp_lehninger2	spaced 101010101010101010101010101010101010101, scaled 2	5	NTMT1	ENSP00000361561.4	223	5.0	0.0
P66	hp_lehninger2	spaced 101010101010101010101010101010101010101, scaled 2	5	IQSEC3	ENSP00000437554.1	1182	5.0	0.0
P66	hp_lehninger2	spaced 111010010100110111	1	RANBP10	ENSP00000316589.3	620	19.0	0.0
P66	hp_lehninger2	spaced 111010010100110111	2	GPATCH1	ENSP00000170564.1	931	17.0	0.0
P66	hp_lehninger2	spaced 111010010100110111	3	TBC1D10B	ENSP00000386538.3	808	15.0	0.0
P66	hp_lehninger2	spaced 111010010100110111	3	RBM39	ENSP00000253363.6	530	15.0	0.0
P66	hp_lehninger2	spaced 111010010100110111	5	DHX29	ENSP00000251636.5	1369	14.0	0.0
P66	hp_lehninger2	spaced 111010010100110111	5	FRMD4A	ENSP00000350032.2	1039	14.0	0.0
P66	hp_lehninger2	spaced 111010010100110111	5	SPEM2	ENSP00000328061.3	501	14.0	0.0
P66	hp_lehninger2	spaced 111010010100110111	5	MAPK8IP2	ENSP00000330572.4	824	14.0	0.0
P66	hp_lehninger2	spaced 111010010100110111	9	FAM193A	ENSP00000490564.1	1515	13.0	0.0
P66	hp_lehninger2	spaced 111010010100110111	9	SLIT2	ENSP00000422591.1	1529	13.0	0.0
P66	hp_lehninger2	spaced 111010010100110111, scaled 2	1	TBC1D10B	ENSP00000386538.3	808	10.0	0.0
P66	hp_lehninger2	spaced 111010010100110111, scaled 2	2	ETV3L	ENSP00000430271.1	361	9.0	0.0
P66	hp_lehninger2	spaced 111010010100110111, scaled 2	2	UBR5	ENSP00000429084.1	2799	9.0	0.0
P66	hp_lehninger2	spaced 111010010100110111, scaled 2	2	RANBP10	ENSP00000316589.3	620	9.0	0.0
P66	hp_lehninger2	spaced 111010010100110111, scaled 2	5	CEP350	ENSP00000356579.3	3117	8.0	0.0
P66	hp_lehninger2	spaced 111010010100110111, scaled 2	5	PGAP1	ENSP00000346809.3	922	8.0	0.0
P66	hp_lehninger2	spaced 111010010100110111, scaled 2	5	KALRN	ENSP00000508359.1	2986	8.0	0.0
P66	hp_lehninger2	spaced 111010010100110111, scaled 2	5	TLR6	ENSP00000424718.2	796	8.0	0.0
P66	hp_lehninger2	spaced 111010010100110111, scaled 2	5	C2CD5	ENSP00000388756.1	1051	8.0	0.0
P66	hp_lehninger2	spaced 111010010100110111, scaled 2	5	CERS1	ENSP00000485308.1	350	8.0	0.0
P66	hp_lehninger2	chained 2 x k=5 in 40	1	ADAMTS7	ENSP00000373472.4	1686	56.0	0.0
P66	hp_lehninger2	chained 2 x k=5 in 40	2	GAPVD1	ENSP00000297933.6	1460	54.0	0.0
P66	hp_lehninger2	chained 2 x k=5 in 40	3	CSGALNACT1	ENSP00000509853.1	532	52.0	0.0
P66	hp_lehninger2	chained 2 x k=5 in 40	4	RAD54B	ENSP00000336606.5	910	51.0	0.0
P66	hp_lehninger2	chained 2 x k=5 in 40	4	MPRIP	ENSP00000498253.1	2425	51.0	0.0
P66	hp_lehninger2	chained 2 x k=5 in 40	6	NEB	ENSP00000380505.3	8525	50.0	0.0
P66	hp_lehninger2	chained 2 x k=5 in 40	7	SLC45A1	ENSP00000418096.3	748	49.0	0.0
P66	hp_lehninger2	chained 2 x k=5 in 40	7	SRRM1	ENSP00000326261.8	904	49.0	0.0
P66	hp_lehninger2	chained 2 x k=5 in 40	7	LAMB4	ENSP00000373433.3	1761	49.0	0.0
P66	hp_lehninger2	chained 2 x k=5 in 40	7	MALRD1	ENSP00000412763.3	2156	49.0	0.0
P66	hp_lehninger2	chained 2 x k=5 in 40, scaled 2	1	SRRM1	ENSP00000326261.8	904	36.0	0.0
P66	hp_lehninger2	chained 2 x k=5 in 40, scaled 2	1	RTF1	ENSP00000374280.4	710	36.0	0.0
P66	hp_lehninger2	chained 2 x k=5 in 40, scaled 2	1	CENPB	ENSP00000369075.4	599	36.0	0.0
P66	hp_lehninger2	chained 2 x k=5 in 40, scaled 2	4	CELSR2	ENSP00000271332.3	2923	33.0	0.0
P66	hp_lehninger2	chained 2 x k=5 in 40, scaled 2	4	FRY	ENSP00000445043.2	3013	33.0	0.0
P66	hp_lehninger2	chained 2 x k=5 in 40, scaled 2	4	ITGB4	ENSP00000200181.3	1822	33.0	0.0
P66	hp_lehninger2	chained 2 x k=5 in 40, scaled 2	4	BCOR	ENSP00000367705.4	1755	33.0	0.0
P66	hp_lehninger2	chained 2 x k=5 in 40, scaled 2	8	CASZ1	ENSP00000366221.3	1759	32.0	0.0
P66	hp_lehninger2	chained 2 x k=5 in 40, scaled 2	8	TCHH	ENSP00000480484.1	1943	32.0	0.0
P66	hp_lehninger2	chained 2 x k=5 in 40, scaled 2	8	CSGALNACT1	ENSP00000509853.1	532	32.0	0.0
P66	hp_lehninger2	chained 3 x k=5 in 40	1	GAPVD1	ENSP00000297933.6	1460	40.0	0.0
P66	hp_lehninger2	chained 3 x k=5 in 40	2	CHRM1	ENSP00000306490.3	460	34.0	0.0
P66	hp_lehninger2	chained 3 x k=5 in 40	2	TBRG1	ENSP00000409016.3	411	34.0	0.0
P66	hp_lehninger2	chained 3 x k=5 in 40	4	TOP2B	ENSP00000264331.4	1626	33.0	0.0
P66	hp_lehninger2	chained 3 x k=5 in 40	4	KAT6A	ENSP00000265713.2	2004	33.0	0.0
P66	hp_lehninger2	chained 3 x k=5 in 40	4	CSF2RB	ENSP00000384053.3	897	33.0	0.0
P66	hp_lehninger2	chained 3 x k=5 in 40	7	RLIM	ENSP00000328059.6	624	32.0	0.0
P66	hp_lehninger2	chained 3 x k=5 in 40	8	CASZ1	ENSP00000366221.3	1759	31.0	0.0
P66	hp_lehninger2	chained 3 x k=5 in 40	8	RC3H1	ENSP00000356669.2	1133	31.0	0.0
P66	hp_lehninger2	chained 3 x k=5 in 40	8	NOLC1	ENSP00000474710.2	699	31.0	0.0
P66	hp_lehninger2	chained 3 x k=5 in 40, scaled 2	1	GAPVD1	ENSP00000297933.6	1460	27.0	0.0
P66	hp_lehninger2	chained 3 x k=5 in 40, scaled 2	2	CASZ1	ENSP00000366221.3	1759	25.0	0.0
P66	hp_lehninger2	chained 3 x k=5 in 40, scaled 2	2	SRRM1	ENSP00000326261.8	904	25.0	0.0
P66	hp_lehninger2	chained 3 x k=5 in 40, scaled 2	2	IRF2BPL	ENSP00000238647.3	796	25.0	0.0
P66	hp_lehninger2	chained 3 x k=5 in 40, scaled 2	5	TBRG1	ENSP00000409016.3	411	24.0	0.0
P66	hp_lehninger2	chained 3 x k=5 in 40, scaled 2	6	ZNF865	ENSP00000457715.1	1059	23.0	0.0
P66	hp_lehninger2	chained 3 x k=5 in 40, scaled 2	7	GIGYF1	ENSP00000503354.1	1035	22.0	0.0
P66	hp_lehninger2	chained 3 x k=5 in 40, scaled 2	7	NOLC1	ENSP00000474710.2	699	22.0	0.0
P66	hp_lehninger2	chained 3 x k=5 in 40, scaled 2	7	RTF1	ENSP00000374280.4	710	22.0	0.0
P66	hp_lehninger2	chained 3 x k=5 in 40, scaled 2	10	FOXD2	ENSP00000335493.6	495	21.0	0.0
P66	hp_lehninger2	chained 4 x k=5 in 40	1	GAPVD1	ENSP00000297933.6	1460	35.0	0.0
P66	hp_lehninger2	chained 4 x k=5 in 40	2	DCAF8L2	ENSP00000462745.1	631	27.0	0.0
P66	hp_lehninger2	chained 4 x k=5 in 40	3	CFAP276	ENSP00000358964.3	169	24.0	0.0
P66	hp_lehninger2	chained 4 x k=5 in 40	4	FOXD2	ENSP00000335493.6	495	23.0	0.0
P66	hp_lehninger2	chained 4 x k=5 in 40	4	TBRG1	ENSP00000409016.3	411	23.0	0.0
P66	hp_lehninger2	chained 4 x k=5 in 40	6	RC3H1	ENSP00000356669.2	1133	22.0	0.0
P66	hp_lehninger2	chained 4 x k=5 in 40	6	IGFN1	ENSP00000334714.4	3708	22.0	0.0
P66	hp_lehninger2	chained 4 x k=5 in 40	6	GTDC1	ENSP00000507713.1	458	22.0	0.0
P66	hp_lehninger2	chained 4 x k=5 in 40	6	ZNF148	ENSP00000353863.4	794	22.0	0.0
P66	hp_lehninger2	chained 4 x k=5 in 40	10	ZFYVE28	ENSP00000290974.3	887	21.0	0.0
P66	hp_lehninger2	chained 4 x k=5 in 40, scaled 2	1	GAPVD1	ENSP00000297933.6	1460	24.0	0.0
P66	hp_lehninger2	chained 4 x k=5 in 40, scaled 2	2	NOLC1	ENSP00000474710.2	699	18.0	0.0
P66	hp_lehninger2	chained 4 x k=5 in 40, scaled 2	2	ZNF207	ENSP00000378165.4	494	18.0	0.0
P66	hp_lehninger2	chained 4 x k=5 in 40, scaled 2	4	FOXD2	ENSP00000335493.6	495	17.0	0.0
P66	hp_lehninger2	chained 4 x k=5 in 40, scaled 2	5	CCDC112	ENSP00000368931.5	529	16.0	0.0
P66	hp_lehninger2	chained 4 x k=5 in 40, scaled 2	5	BRD2	ENSP00000363958.4	801	16.0	0.0
P66	hp_lehninger2	chained 4 x k=5 in 40, scaled 2	5	ZNF865	ENSP00000457715.1	1059	16.0	0.0
P66	hp_lehninger2	chained 4 x k=5 in 40, scaled 2	8	JMJD1C	ENSP00000382204.2	2540	15.0	0.0
P66	hp_lehninger2	chained 4 x k=5 in 40, scaled 2	8	TBC1D10B	ENSP00000386538.3	808	15.0	0.0
P66	hp_lehninger2	chained 4 x k=5 in 40, scaled 2	8	RNF167	ENSP00000262482.6	350	15.0	0.0
P66	hp_lehninger2	chained 2 x k=8 in 40	1	GTDC1	ENSP00000507713.1	458	22.0	0.0
P66	hp_lehninger2	chained 2 x k=8 in 40	1	MUC21	ENSP00000365473.3	566	22.0	0.0
P66	hp_lehninger2	chained 2 x k=8 in 40	1	TBC1D10B	ENSP00000386538.3	808	22.0	0.0
P66	hp_lehninger2	chained 2 x k=8 in 40	4	NOLC1	ENSP00000474710.2	699	21.0	0.0
P66	hp_lehninger2	chained 2 x k=8 in 40	4	CHRM1	ENSP00000306490.3	460	21.0	0.0
P66	hp_lehninger2	chained 2 x k=8 in 40	6	ANKH	ENSP00000284268.6	492	20.0	0.0
P66	hp_lehninger2	chained 2 x k=8 in 40	6	GAPVD1	ENSP00000297933.6	1460	20.0	0.0
P66	hp_lehninger2	chained 2 x k=8 in 40	6	FBN1	ENSP00000325527.5	2871	20.0	0.0
P66	hp_lehninger2	chained 2 x k=8 in 40	9	SLIT2	ENSP00000422591.1	1529	19.0	0.0
P66	hp_lehninger2	chained 2 x k=8 in 40	9	OR2AT4	ENSP00000493318.1	320	19.0	0.0
P66	hp_lehninger2	chained 2 x k=8 in 40, scaled 2	1	UBR4	ENSP00000364403.3	5183	15.0	0.0
P66	hp_lehninger2	chained 2 x k=8 in 40, scaled 2	1	TAF2	ENSP00000367406.2	1199	15.0	0.0
P66	hp_lehninger2	chained 2 x k=8 in 40, scaled 2	1	GAPVD1	ENSP00000297933.6	1460	15.0	0.0
P66	hp_lehninger2	chained 2 x k=8 in 40, scaled 2	1	HNRNPUL2	ENSP00000301785.5	747	15.0	0.0
P66	hp_lehninger2	chained 2 x k=8 in 40, scaled 2	1	AKAP17A	ENSP00000324827.3	695	15.0	0.0
P66	hp_lehninger2	chained 2 x k=8 in 40, scaled 2	1	NKAP	ENSP00000360464.3	415	15.0	0.0
P66	hp_lehninger2	chained 2 x k=8 in 40, scaled 2	1	AKAP17A	ENSP00000518595.2	695	15.0	0.0
P66	hp_lehninger2	chained 2 x k=8 in 40, scaled 2	8	NCL	ENSP00000318195.4	710	14.0	0.0
P66	hp_lehninger2	chained 2 x k=8 in 40, scaled 2	8	ZBTB47	ENSP00000232974.6	747	14.0	0.0
P66	hp_lehninger2	chained 2 x k=8 in 40, scaled 2	8	BOD1L1	ENSP00000040738.5	3051	14.0	0.0
P66	hp_lehninger2	chained 3 x k=8 in 60	1	RANBP10	ENSP00000316589.3	620	19.0	0.0
P66	hp_lehninger2	chained 3 x k=8 in 60	2	GAPVD1	ENSP00000297933.6	1460	18.0	0.0
P66	hp_lehninger2	chained 3 x k=8 in 60	2	SLC24A1	ENSP00000261892.6	1099	18.0	0.0
P66	hp_lehninger2	chained 3 x k=8 in 60	4	CHRM1	ENSP00000306490.3	460	17.0	0.0
P66	hp_lehninger2	chained 3 x k=8 in 60	4	ZNF207	ENSP00000378165.4	494	17.0	0.0
P66	hp_lehninger2	chained 3 x k=8 in 60	6	MUC21	ENSP00000365473.3	566	15.0	0.0
P66	hp_lehninger2	chained 3 x k=8 in 60	6	AHNAK	ENSP00000367263.4	5890	15.0	0.0
P66	hp_lehninger2	chained 3 x k=8 in 60	6	NOP56	ENSP00000370589.3	594	15.0	0.0
P66	hp_lehninger2	chained 3 x k=8 in 60	9	GTDC1	ENSP00000507713.1	458	14.0	0.0
P66	hp_lehninger2	chained 3 x k=8 in 60	9	TNS1	ENSP00000506917.1	1839	14.0	0.0
P66	hp_lehninger2	chained 3 x k=8 in 60, scaled 2	1	ZNF207	ENSP00000378165.4	494	17.0	0.0
P66	hp_lehninger2	chained 3 x k=8 in 60, scaled 2	2	GAPVD1	ENSP00000297933.6	1460	14.0	0.0
P66	hp_lehninger2	chained 3 x k=8 in 60, scaled 2	3	TBP	ENSP00000375942.2	339	13.0	0.0
P66	hp_lehninger2	chained 3 x k=8 in 60, scaled 2	3	TAF2	ENSP00000367406.2	1199	13.0	0.0
P66	hp_lehninger2	chained 3 x k=8 in 60, scaled 2	5	IRF2BPL	ENSP00000238647.3	796	12.0	0.0
P66	hp_lehninger2	chained 3 x k=8 in 60, scaled 2	5	HMGXB4	ENSP00000216106.5	601	12.0	0.0
P66	hp_lehninger2	chained 3 x k=8 in 60, scaled 2	7	BLTP1	ENSP00000505357.1	5093	11.0	0.0
P66	hp_lehninger2	chained 3 x k=8 in 60, scaled 2	7	MAML2	ENSP00000434552.1	1156	11.0	0.0
P66	hp_lehninger2	chained 3 x k=8 in 60, scaled 2	7	SLC24A1	ENSP00000261892.6	1099	11.0	0.0
P66	hp_lehninger2	chained 3 x k=8 in 60, scaled 2	10	AHNAK	ENSP00000367263.4	5890	10.0	0.0
P66	hp_lehninger2	chained 2 x k=12 in 40	1	ZFYVE28	ENSP00000290974.3	887	11.0	0.0
P66	hp_lehninger2	chained 2 x k=12 in 40	1	RANBP10	ENSP00000316589.3	620	11.0	0.0
P66	hp_lehninger2	chained 2 x k=12 in 40	3	LUC7L	ENSP00000293872.8	371	10.0	0.0
P66	hp_lehninger2	chained 2 x k=12 in 40	3	GPATCH1	ENSP00000170564.1	931	10.0	0.0
P66	hp_lehninger2	chained 2 x k=12 in 40	5	AGAP1	ENSP00000307634.7	857	9.0	0.0
P66	hp_lehninger2	chained 2 x k=12 in 40	5	IQCA1	ENSP00000387347.3	822	9.0	0.0
P66	hp_lehninger2	chained 2 x k=12 in 40	5	TJAP1	ENSP00000361527.1	557	9.0	0.0
P66	hp_lehninger2	chained 2 x k=12 in 40	5	SLC22A11	ENSP00000301891.4	550	9.0	0.0
P66	hp_lehninger2	chained 2 x k=12 in 40	5	RBM39	ENSP00000253363.6	530	9.0	0.0
P66	hp_lehninger2	chained 2 x k=12 in 40	5	FRMPD3	ENSP00000507942.1	1777	9.0	0.0
P66	hp_lehninger2	chained 2 x k=12 in 40, scaled 2	1	TJAP1	ENSP00000361527.1	557	6.0	0.0
P66	hp_lehninger2	chained 2 x k=12 in 40, scaled 2	1	MARCHF8	ENSP00000411848.2	573	6.0	0.0
P66	hp_lehninger2	chained 2 x k=12 in 40, scaled 2	3	RNF139	ENSP00000304051.4	664	5.0	0.0
P66	hp_lehninger2	chained 2 x k=12 in 40, scaled 2	3	KMT5B	ENSP00000305899.4	885	5.0	0.0
P66	hp_lehninger2	chained 2 x k=12 in 40, scaled 2	3	ADAMTSL3	ENSP00000286744.5	1691	5.0	0.0
P66	hp_lehninger2	chained 2 x k=12 in 40, scaled 2	3	PCSK6	ENSP00000482760.1	969	5.0	0.0
P66	hp_lehninger2	chained 2 x k=12 in 40, scaled 2	3	FAM83G	ENSP00000373647.5	823	5.0	0.0
P66	hp_lehninger2	chained 2 x k=12 in 40, scaled 2	3	RTTN	ENSP00000491507.1	2226	5.0	0.0
P66	hp_lehninger2	chained 2 x k=12 in 40, scaled 2	3	GPATCH1	ENSP00000170564.1	931	5.0	0.0
P66	hp_lehninger2	chained 2 x k=12 in 40, scaled 2	3	SON	ENSP00000348984.4	2426	5.0	0.0
P66	hp_lehninger2	chained 2 x k=12 in 60	1	LUC7L2	ENSP00000347005.4	392	12.0	0.0
P66	hp_lehninger2	chained 2 x k=12 in 60	1	FMC1-LUC7L2	ENSP00000440222.1	458	12.0	0.0
P66	hp_lehninger2	chained 2 x k=12 in 60	1	LUC7L	ENSP00000293872.8	371	12.0	0.0
P66	hp_lehninger2	chained 2 x k=12 in 60	4	ZFYVE28	ENSP00000290974.3	887	11.0	0.0
P66	hp_lehninger2	chained 2 x k=12 in 60	4	ARFIP2	ENSP00000379998.3	341	11.0	0.0
P66	hp_lehninger2	chained 2 x k=12 in 60	4	AHNAK	ENSP00000367263.4	5890	11.0	0.0
P66	hp_lehninger2	chained 2 x k=12 in 60	4	RANBP10	ENSP00000316589.3	620	11.0	0.0
P66	hp_lehninger2	chained 2 x k=12 in 60	8	GTDC1	ENSP00000507713.1	458	10.0	0.0
P66	hp_lehninger2	chained 2 x k=12 in 60	8	LAMB1	ENSP00000222399.6	1786	10.0	0.0
P66	hp_lehninger2	chained 2 x k=12 in 60	8	OR2AT4	ENSP00000493318.1	320	10.0	0.0
P66	hp_lehninger2	chained 2 x k=12 in 60, scaled 2	1	LY75-CD302	ENSP00000423463.1	1873	8.0	0.0
P66	hp_lehninger2	chained 2 x k=12 in 60, scaled 2	1	LY75	ENSP00000263636.4	1722	8.0	0.0
P66	hp_lehninger2	chained 2 x k=12 in 60, scaled 2	3	RIF1	ENSP00000390181.2	2472	6.0	0.0
P66	hp_lehninger2	chained 2 x k=12 in 60, scaled 2	3	TJAP1	ENSP00000361527.1	557	6.0	0.0
P66	hp_lehninger2	chained 2 x k=12 in 60, scaled 2	3	MARCHF8	ENSP00000411848.2	573	6.0	0.0
P66	hp_lehninger2	chained 2 x k=12 in 60, scaled 2	3	ARFIP2	ENSP00000379998.3	341	6.0	0.0
P66	hp_lehninger2	chained 2 x k=12 in 60, scaled 2	3	DYNC2H1	ENSP00000364887.2	4307	6.0	0.0
P66	hp_lehninger2	chained 2 x k=12 in 60, scaled 2	8	GTDC1	ENSP00000507713.1	458	5.0	0.0
P66	hp_lehninger2	chained 2 x k=12 in 60, scaled 2	8	ANKH	ENSP00000284268.6	492	5.0	0.0
P66	hp_lehninger2	chained 2 x k=12 in 60, scaled 2	8	LRRC17	ENSP00000344242.4	441	5.0	0.0
P66	hp_lehninger2	window 18 of 20	1	EPHA4	ENSP00000281821.2	986	25.0	0.0
P66	hp_lehninger2	window 18 of 20	2	MTHFR	ENSP00000365775.3	656	24.0	0.0
P66	hp_lehninger2	window 18 of 20	2	TMTC3	ENSP00000266712.6	914	24.0	0.0
P66	hp_lehninger2	window 18 of 20	2	GP1BA	ENSP00000329380.5	652	24.0	0.0
P66	hp_lehninger2	window 18 of 20	2	GPATCH1	ENSP00000170564.1	931	24.0	0.0
P66	hp_lehninger2	window 18 of 20	6	GALNT6	ENSP00000348668.2	622	23.0	0.0
P66	hp_lehninger2	window 18 of 20	6	ADAMTSL3	ENSP00000286744.5	1691	23.0	0.0
P66	hp_lehninger2	window 18 of 20	6	FBXL16	ENSP00000380746.1	479	23.0	0.0
P66	hp_lehninger2	window 18 of 20	6	LRRC37A	ENSP00000326324.5	1700	23.0	0.0
P66	hp_lehninger2	window 18 of 20	6	LRRC37A2	ENSP00000459551.1	1700	23.0	0.0
P66	hp_lehninger2	window 16 of 20	1	CNTLN	ENSP00000370021.3	1406	58.0	0.0
P66	hp_lehninger2	window 16 of 20	2	ADAMTS3	ENSP00000286657.4	1205	57.0	0.0
P66	hp_lehninger2	window 16 of 20	3	ZRANB2	ENSP00000359958.3	330	56.0	0.0
P66	hp_lehninger2	window 16 of 20	4	ZNF845	ENSP00000388311.1	970	55.0	0.0
P66	hp_lehninger2	window 16 of 20	5	RAPGEF6	ENSP00000421684.1	1601	54.0	0.0
P66	hp_lehninger2	window 16 of 20	5	ENSG00000273217	ENSP00000426948.1	1651	54.0	0.0
P66	hp_lehninger2	window 16 of 20	5	DNAH2	ENSP00000458355.1	4427	54.0	0.0
P66	hp_lehninger2	window 16 of 20	8	RYR1	ENSP00000352608.2	5038	53.0	0.0
P66	hp_lehninger2	window 16 of 20	9	CLSTN3	ENSP00000266546.6	956	52.0	0.0
P66	hp_lehninger2	window 16 of 20	10	ARID4B	ENSP00000264183.3	1312	51.0	0.0
P66	hp_lehninger2	window 27 of 30	1	GPATCH1	ENSP00000170564.1	931	19.0	0.0
P66	hp_lehninger2	window 27 of 30	2	NUCB2	ENSP00000436455.1	420	18.0	0.0
P66	hp_lehninger2	window 27 of 30	3	MTHFR	ENSP00000365775.3	656	17.0	0.0
P66	hp_lehninger2	window 27 of 30	3	ZFYVE28	ENSP00000290974.3	887	17.0	0.0
P66	hp_lehninger2	window 27 of 30	3	PSMA1	ENSP00000379676.2	263	17.0	0.0
P66	hp_lehninger2	window 27 of 30	6	FAM193A	ENSP00000490564.1	1515	16.0	0.0
P66	hp_lehninger2	window 27 of 30	6	ZNF165	ENSP00000507525.1	485	16.0	0.0
P66	hp_lehninger2	window 27 of 30	6	VWCE	ENSP00000334186.5	955	16.0	0.0
P66	hp_lehninger2	window 27 of 30	6	GALNT6	ENSP00000348668.2	622	16.0	0.0
P66	hp_lehninger2	window 27 of 30	10	COL4A4	ENSP00000379866.3	1690	15.0	0.0
P66	hp_lehninger2	window 24 of 30	1	ZRANB2	ENSP00000359958.3	330	55.0	0.0
P66	hp_lehninger2	window 24 of 30	2	DMD	ENSP00000354923.3	3685	45.0	0.0
P66	hp_lehninger2	window 24 of 30	3	GAPVD1	ENSP00000297933.6	1460	44.0	0.0
P66	hp_lehninger2	window 24 of 30	4	CREB3L2	ENSP00000329140.6	520	43.0	0.0
P66	hp_lehninger2	window 24 of 30	5	EML5	ENSP00000451998.1	1977	42.0	0.0
P66	hp_lehninger2	window 24 of 30	5	KNL1	ENSP00000382576.3	2316	42.0	0.0
P66	hp_lehninger2	window 24 of 30	7	METTL13	ENSP00000354920.3	699	40.0	0.0
P66	hp_lehninger2	window 24 of 30	7	ZNF507	ENSP00000348162.4	953	40.0	0.0
P66	hp_lehninger2	window 24 of 30	9	FAT1	ENSP00000406229.2	4588	39.0	0.0
P66	hp_lehninger2	window 24 of 30	10	NEB	ENSP00000380505.3	8525	38.0	0.0
P66	hp_lehninger2	window 36 of 40	1	MTHFR	ENSP00000365775.3	656	11.0	0.0
P66	hp_lehninger2	window 36 of 40	2	ZFYVE28	ENSP00000290974.3	887	10.0	0.0
P66	hp_lehninger2	window 36 of 40	2	GPATCH1	ENSP00000170564.1	931	10.0	0.0
P66	hp_lehninger2	window 36 of 40	4	FAM193A	ENSP00000490564.1	1515	9.0	0.0
P66	hp_lehninger2	window 36 of 40	4	PSMA1	ENSP00000379676.2	263	9.0	0.0
P66	hp_lehninger2	window 36 of 40	4	CERS1	ENSP00000485308.1	350	9.0	0.0
P66	hp_lehninger2	window 36 of 40	7	EPHA4	ENSP00000281821.2	986	8.0	0.0
P66	hp_lehninger2	window 36 of 40	7	ANKRD55	ENSP00000342295.4	614	8.0	0.0
P66	hp_lehninger2	window 36 of 40	7	URGCP	ENSP00000396918.1	931	8.0	0.0
P66	hp_lehninger2	window 36 of 40	7	GALNT6	ENSP00000348668.2	622	8.0	0.0
P66	hp_lehninger2	window 32 of 40	1	CYP26A1	ENSP00000224356.4	497	38.0	0.0
P66	hp_lehninger2	window 32 of 40	2	EML5	ENSP00000451998.1	1977	37.0	0.0
P66	hp_lehninger2	window 32 of 40	3	KNL1	ENSP00000382576.3	2316	36.0	0.0
P66	hp_lehninger2	window 32 of 40	3	ADNP	ENSP00000483881.1	1102	36.0	0.0
P66	hp_lehninger2	window 32 of 40	3	DMD	ENSP00000354923.3	3685	36.0	0.0
P66	hp_lehninger2	window 32 of 40	6	SPAG17	ENSP00000337804.5	2223	35.0	0.0
P66	hp_lehninger2	window 32 of 40	6	GAPVD1	ENSP00000297933.6	1460	35.0	0.0
P66	hp_lehninger2	window 32 of 40	8	MAN2A1	ENSP00000261483.4	1144	34.0	0.0
P66	hp_lehninger2	window 32 of 40	9	ZRANB2	ENSP00000359958.3	330	32.0	0.0
P66	hp_lehninger2	window 32 of 40	9	SLC38A6	ENSP00000267488.4	456	32.0	0.0
P66	hp_lehninger2	window 48 of 60	1	SPAG17	ENSP00000337804.5	2223	31.0	0.0
P66	hp_lehninger2	window 48 of 60	2	GAPVD1	ENSP00000297933.6	1460	24.0	0.0
P66	hp_lehninger2	window 48 of 60	2	ZNF507	ENSP00000348162.4	953	24.0	0.0
P66	hp_lehninger2	window 48 of 60	4	EML5	ENSP00000451998.1	1977	23.0	0.0
P66	hp_lehninger2	window 48 of 60	4	KNL1	ENSP00000382576.3	2316	23.0	0.0
P66	hp_lehninger2	window 48 of 60	6	CYP26A1	ENSP00000224356.4	497	22.0	0.0
P66	hp_lehninger2	window 48 of 60	6	ADNP	ENSP00000483881.1	1102	22.0	0.0
P66	hp_lehninger2	window 48 of 60	8	ZRANB2	ENSP00000359958.3	330	21.0	0.0
P66	hp_lehninger2	window 48 of 60	8	PSMA1	ENSP00000379676.2	263	21.0	0.0
P66	hp_lehninger2	window 48 of 60	10	DDX20	ENSP00000358716.4	824	19.0	0.0
P66	hp_lehninger2	extend +1/-2	1	GAPVD1	ENSP00000297933.6	1460	44.0	0.0
P66	hp_lehninger2	extend +1/-2	2	KNL1	ENSP00000382576.3	2316	43.0	0.0
P66	hp_lehninger2	extend +1/-2	3	PSMA8	ENSP00000409284.2	250	41.0	0.0
P66	hp_lehninger2	extend +1/-2	3	PSMA7	ENSP00000359910.4	248	41.0	0.0
P66	hp_lehninger2	extend +1/-2	5	ZNF274	ENSP00000484810.1	653	40.0	0.0
P66	hp_lehninger2	extend +1/-2	6	CYP26A1	ENSP00000224356.4	497	39.0	0.0
P66	hp_lehninger2	extend +1/-2	6	ZNF507	ENSP00000348162.4	953	39.0	0.0
P66	hp_lehninger2	extend +1/-2	8	ZRANB2	ENSP00000359958.3	330	38.0	0.0
P66	hp_lehninger2	extend +1/-2	8	RC3H1	ENSP00000356669.2	1133	38.0	0.0
P66	hp_lehninger2	extend +1/-2	8	EML5	ENSP00000451998.1	1977	38.0	0.0
