arm,tool,target,label_rule,query_acc,term_id,true_start,true_end,best_qstart,best_qend,best_target_acc,best_tstart,best_tend,best_t_feat_start,best_t_feat_end,best_rank_score,best_iou,best_inside,best_cover,n_overlapping_calls,n_overlapping_targets,any_inside_half,landed,n_landed_targets,land_qstart,land_qend,land_target_acc,land_tstart,land_tend,land_t_feat_start,land_t_feat_end,land_rank_score,land_iou,land_inside,land_cover,rank_by,chosen_arm,own_arm,n_choose_regions,tool_label,query_half,term_half,term_name,length,mean_plddt_region,disorder_fraction_region,has_model,protein_length,gene,kd_landed,placement_p,case_rank,n_drawn,random_query_p,passes,km_iou,km_arm,category,confident,n_hits
foldseek,foldseek,disprot,same_term,P08621,GO:0005515,183,437,310,437,Q06628,283,378,358,389,4.0,0.5,1.0,0.5,31,26,true,true,13,310,437,Q06628,283,378,358,389,4.0,0.5,1.0,0.5,score,,,,Foldseek,report,report,protein binding,254,57.51622047244095,1.0,true,437,SNRNP70,false,0.4919614147909968,431,117,0.7372881355932204,false,0.9133858267716536,kmerseek.hp_pbotc_1st_ed2_k19_lcFalse,"inside, lower IoU",pLDDT < 70,177
foldseek,foldseek,disprot,same_term,P04156,GO:0140693,22,124,0,253,P04925,0,254,22,114,1010.0,0.4031620553359684,0.4031620553359684,1.0,2,2,true,false,0,,,,,,,,,,,,score,,,,Foldseek,report,choose,molecular condensate scaffold activity,102,40.65196078431372,1.0,true,253,PRNP,false,,,,,false,0.6851851851851852,kmerseek.hp_pbotc_1st_ed2_k19_lcFalse,"inside, lower IoU",pLDDT < 70,182
foldseek,foldseek,disprot,same_term,P04004,GO:0005515,0,130,4,111,Q6MRH6,1,101,0,101,11.0,0.823076923076923,1.0,0.823076923076923,43,31,true,true,5,4,111,Q6MRH6,1,101,0,101,11.0,0.823076923076923,1.0,0.823076923076923,score,,,,Foldseek,report,report,protein binding,130,52.54838461538461,0.5769230769230769,true,478,VTN,false,0.12096774193548387,26,106,0.028037383177570093,false,0.3230769230769231,kmerseek.hp_pbotc_1st_ed2_k19_lcFalse,equal or higher IoU,pLDDT < 70,180
foldseek,foldseek,disprot,same_term,Q13029,GO:0005515,296,341,294,441,Q05753,1,195,36,231,-1.0,0.30612244897959184,0.30612244897959184,1.0,28,18,false,false,0,,,,,,,,,,,,score,,,,Foldseek,report,report,protein binding,45,33.023777777777774,1.0,true,1718,PRDM2,false,,,,,false,0.7692307692307693,kmerseek.hp_pbotc_1st_ed2_k19_lcFalse,spills,pLDDT < 70,40
foldseek,foldseek,disprot,same_term,O15234,GO:0005515,136,283,121,367,Q9LUA9,118,301,174,208,-2.0,0.5975609756097561,0.5975609756097561,1.0,50,32,true,true,4,190,270,Q7YUB9,3,85,0,86,1.0,0.54421768707483,1.0,0.54421768707483,score,,,,Foldseek,report,report,protein binding,147,70.22795918367348,1.0,true,703,CASC3,false,0.16025641025641027,114,97,0.07142857142857142,false,0.673469387755102,kmerseek.hp_pbotc_1st_ed2_k19_lcFalse,"inside, lower IoU",pLDDT >= 70,89
foldseek,foldseek,disprot,same_term,Q9BTT0,GO:0044183,185,232,,,,,,,,,,,,0,,,false,,,,,,,,,,,,,,,,,Foldseek,report,report,protein folding chaperone,47,51.76255319148937,1.0,true,268,ANP32E,false,,,,,false,0.9215686274509803,kmerseek.hp_pbotc_1st_ed2_k19_lcFalse,no call,pLDDT < 70,122
foldseek,foldseek,disprot,same_term,P08621,GO:0005515,229,306,32,238,Q9JJW6,28,199,28,41,174.0,0.032846715328467155,0.043689320388349516,0.11688311688311688,8,6,false,false,0,,,,,,,,,,,,score,,,,Foldseek,report,report,protein binding,77,57.88142857142857,1.0,true,437,SNRNP70,false,,,,,false,0.9746835443037974,kmerseek.hp_pbotc_1st_ed2_k19_lcFalse,spills,pLDDT < 70,36
foldseek,foldseek,disprot,same_term,Q13625,GO:0005515,709,904,727,846,P09883,4,99,53,63,3.0,0.6102564102564103,1.0,0.6102564102564103,75,51,true,true,4,727,846,P09883,4,99,1,18,3.0,0.6102564102564103,1.0,0.6102564102564103,score,,,,Foldseek,report,report,protein binding,195,41.278564102564104,1.0,true,1128,TP53BP2,false,0.12178217821782178,139,52,0.49056603773584906,false,0.3641025641025641,kmerseek.hp_pbotc_1st_ed2_k19_lcFalse,equal or higher IoU,pLDDT < 70,148
foldseek,foldseek,disprot,same_term,P21815,GO:0005515,0,317,51,304,B6KJB6,150,446,336,542,1.0,0.7981072555205048,1.0,0.7981072555205048,44,32,true,true,18,51,304,B6KJB6,150,446,336,542,1.0,0.7981072555205048,1.0,0.7981072555205048,score,,,,Foldseek,report,report,protein binding,317,49.88529968454259,0.9968454258675079,true,317,IBSP,false,1.0,54,58,0.05084745762711865,false,0.6088328075709779,kmerseek.hp_pbotc_1st_ed2_k19_lcFalse,equal or higher IoU,pLDDT < 70,201
foldseek,foldseek,disprot,same_term,P38936,GO:0140677,0,164,19,141,F6IAY2,150,276,176,346,-2.0,0.7439024390243902,1.0,0.7439024390243902,2,2,true,true,2,19,141,F6IAY2,150,276,176,346,-2.0,0.7439024390243902,1.0,0.7439024390243902,score,,,,Foldseek,report,choose,molecular function activator activity,164,69.00341463414634,0.7195121951219512,true,164,CDKN1A,false,1.0,99,33,0.3235294117647059,false,0.4695121951219512,kmerseek.hp_pbotc_1st_ed2_k19_lcFalse,equal or higher IoU,pLDDT < 70,149
foldseek,foldseek,disprot,same_term,Q8IW19,GO:0005515,449,511,494,510,P9WHN5,33,49,29,59,-6.0,0.25806451612903225,1.0,0.25806451612903225,30,17,true,false,0,,,,,,,,,,,,score,,,,Foldseek,report,report,protein binding,62,65.8941935483871,0.9193548387096774,true,511,APLF,false,,,,,false,0.43548387096774194,kmerseek.hp_pbotc_1st_ed2_k19_lcFalse,"inside, lower IoU",pLDDT < 70,44
foldseek,foldseek,disprot,same_term,Q13569,GO:0098772,50,111,8,119,C9ZXG5,1,103,64,76,0.0,0.5495495495495496,0.5495495495495496,1.0,1,1,true,false,0,,,,,,,,,,,,score,,,,Foldseek,report,report,molecular function regulator,61,46.49672131147541,0.8852459016393442,true,410,TDG,false,,,,,false,0.7377049180327869,kmerseek.hp_pbotc_1st_ed2_k19_lcFalse,"inside, lower IoU",pLDDT < 70,108
foldseek,foldseek,disprot,same_term,P38398,GO:0005515,1342,1440,1305,1439,P08510,496,647,512,655,5.0,0.7185185185185186,0.7238805970149254,0.9897959183673469,16,13,true,true,3,1391,1433,A0A068MVV3,0,45,0,65,14.0,0.42857142857142855,1.0,0.42857142857142855,score,,,,Foldseek,report,report,protein binding,98,48.249387755102035,1.0,true,1863,BRCA1,false,0.04006586169045005,10,22,0.043478260869565216,true,0.826530612244898,kmerseek.hp_pbotc_1st_ed2_k19_lcFalse,"inside, lower IoU",pLDDT < 70,32
foldseek,foldseek,disprot,same_term,Q9UBT3,IDPO:0000033,93,140,95,145,Q91WA6,297,347,300,341,1.0,0.8653846153846154,0.9,0.9574468085106383,14,14,true,true,2,95,145,Q91WA6,297,347,300,341,1.0,0.8653846153846154,0.9,0.9574468085106383,score,,,,Foldseek,report,report,flexible linker,47,49.87978723404255,0.8723404255319149,true,224,DKK4,false,0.10285714285714286,155,52,0.4528301886792453,false,0.6666666666666666,kmerseek.hp_pbotc_1st_ed2_k19_lcFalse,equal or higher IoU,pLDDT < 70,187
foldseek,foldseek,disprot,same_term,Q7RTP6,GO:0005515,1734,1918,1795,1917,O70480,28,130,46,117,1.0,0.6630434782608695,1.0,0.6630434782608695,18,16,true,true,2,1795,1917,O70480,28,130,46,117,1.0,0.6630434782608695,1.0,0.6630434782608695,score,,,,Foldseek,report,report,protein binding,184,58.91625,0.6304347826086957,true,2002,MICAL3,false,0.05901116427432217,299,15,0.3125,false,0.5271739130434783,kmerseek.hp_pbotc_1st_ed2_k19_lcFalse,equal or higher IoU,pLDDT < 70,60
foldseek,foldseek,disprot,same_term,Q9Y613,GO:0005515,1103,1164,1097,1164,P43528,211,261,250,263,1.0,0.9104477611940298,0.9104477611940298,1.0,6,5,true,true,2,1097,1164,P43528,211,261,250,263,1.0,0.9104477611940298,0.9104477611940298,1.0,score,,,,Foldseek,report,report,protein binding,61,59.266229508196716,1.0,true,1164,FHOD1,false,0.007285974499089253,314,41,0.7619047619047619,false,0.3770491803278688,kmerseek.hp_pbotc_1st_ed2_k19_lcFalse,equal or higher IoU,pLDDT < 70,17
foldseek,foldseek,disprot,same_term,O00273,GO:0005515,11,100,16,113,P00760,134,246,144,155,3.0,0.8235294117647058,0.865979381443299,0.9438202247191011,24,19,true,true,9,16,113,P00760,134,246,144,155,3.0,0.8235294117647058,0.865979381443299,0.9438202247191011,score,,,,Foldseek,report,report,protein binding,89,71.22595505617977,0.07865168539325842,true,331,DFFA,false,0.09787234042553192,229,60,0.36065573770491804,false,0.651685393258427,kmerseek.hp_pbotc_1st_ed2_k19_lcFalse,equal or higher IoU,pLDDT >= 70,151
foldseek,foldseek,disprot,same_term,P54252,GO:0005515,193,361,198,357,Q60795,13,178,0,98,5.0,0.9464285714285714,1.0,0.9464285714285714,69,53,true,true,20,198,357,Q60795,13,178,0,98,5.0,0.9464285714285714,1.0,0.9464285714285714,score,,,,Foldseek,report,report,protein binding,168,60.15678571428572,0.6369047619047619,true,361,ATXN3,false,0.2019704433497537,100,78,0.1518987341772152,false,0.9583333333333334,kmerseek.hp_pbotc_1st_ed2_k19_lcFalse,"inside, lower IoU",pLDDT < 70,248
foldseek,foldseek,disprot,same_term,P17096,GO:0005515,0,107,0,105,Q9DCL8,14,125,56,129,0.0,0.9813084112149533,1.0,0.9813084112149533,27,20,true,true,20,0,105,Q9DCL8,14,125,56,129,0.0,0.9813084112149533,1.0,0.9813084112149533,score,,,,Foldseek,report,report,protein binding,107,65.0285046728972,1.0,true,107,HMGA1,false,1.0,114,24,0.24,false,0.4485981308411215,kmerseek.hp_pbotc_1st_ed2_k19_lcFalse,equal or higher IoU,pLDDT < 70,162
foldseek,foldseek,disprot,same_term,P17096,GO:0060090,0,107,0,104,O43070,410,530,476,526,0.0,0.9719626168224299,1.0,0.9719626168224299,9,5,true,true,5,0,104,O43070,410,530,476,526,0.0,0.9719626168224299,1.0,0.9719626168224299,score,,,,Foldseek,report,choose,molecular adaptor activity,107,65.0285046728972,1.0,true,107,HMGA1,false,1.0,83,24,0.08,false,0.38317757009345793,kmerseek.hp_pbotc_1st_ed2_k19_lcFalse,equal or higher IoU,pLDDT < 70,162
foldseek,foldseek,disprot,same_term,P38398,GO:0005515,303,394,277,394,Q9SQK3,0,130,39,112,5.0,0.7777777777777778,0.7777777777777778,1.0,71,53,true,true,3,325,409,Q9M4V2,1,82,0,80,3.0,0.6509433962264151,0.8214285714285714,0.7582417582417582,score,,,,Foldseek,report,report,protein binding,91,33.37802197802198,1.0,true,1863,BRCA1,false,0.02247191011235955,201,22,0.43478260869565216,false,0.717391304347826,kmerseek.hp_pbotc_1st_ed2_k19_lcFalse,equal or higher IoU,pLDDT < 70,154
foldseek,foldseek,disprot,same_term,P55036,GO:0005515,304,377,310,368,Q9LZP9,42,106,53,131,6.0,0.7945205479452054,1.0,0.7945205479452054,78,61,true,true,2,310,368,Q9LZP9,42,106,53,131,6.0,0.7945205479452054,1.0,0.7945205479452054,score,,,,Foldseek,report,report,protein binding,73,55.51465753424658,1.0,true,377,PSMD4,false,0.084375,165,86,0.39080459770114945,false,0.5205479452054794,kmerseek.hp_pbotc_1st_ed2_k19_lcFalse,equal or higher IoU,pLDDT < 70,246
foldseek,foldseek,disprot,same_term,Q9NR61,GO:0005515,552,685,558,676,O43070,354,503,476,526,4.0,0.8872180451127819,1.0,0.8872180451127819,78,58,true,true,22,558,676,O43070,354,503,476,526,4.0,0.8872180451127819,1.0,0.8872180451127819,score,,,,Foldseek,report,report,protein binding,133,37.275263157894734,0.8195488721804511,true,685,DLL4,false,0.06866197183098592,117,96,0.17525773195876287,false,0.3383458646616541,kmerseek.hp_pbotc_1st_ed2_k19_lcFalse,equal or higher IoU,pLDDT < 70,244
foldseek,foldseek,disprot,same_term,P17096,GO:0003723,0,107,0,98,P53927,0,77,0,80,4.0,0.9158878504672897,1.0,0.9158878504672897,1,1,true,true,1,0,98,P53927,0,77,0,80,4.0,0.9158878504672897,1.0,0.9158878504672897,score,,,,Foldseek,report,choose,RNA binding,107,65.0285046728972,1.0,true,107,HMGA1,false,1.0,100,24,0.12,false,0.9906542056074766,kmerseek.hp_pbotc_1st_ed2_k19_lcFalse,"inside, lower IoU",pLDDT < 70,162
foldseek,foldseek,disprot,same_term,Q16186,IDPO:0000033,131,252,79,246,P51400,92,229,151,232,15.0,0.6647398843930635,0.688622754491018,0.9504132231404959,28,25,true,false,0,,,,,,,,,,,,score,,,,Foldseek,report,report,flexible linker,121,47.94123966942149,1.0,true,407,ADRM1,false,,,,,false,0.5275590551181102,kmerseek.hp_pbotc_1st_ed2_k19_lcFalse,equal or higher IoU,pLDDT < 70,286
foldseek,foldseek,disprot,same_term,P11387,GO:0003677,0,174,,,,,,,,,,,,0,,,false,,,,,,,,,,,,,,,,,Foldseek,report,report,DNA binding,174,36.0332183908046,1.0,true,765,TOP1,false,,,,,false,0.4942528735632184,kmerseek.hp_pbotc_1st_ed2_k19_lcFalse,no call,pLDDT < 70,154
foldseek,foldseek,disprot,same_term,Q9UBK2,GO:0005515,1,220,1,214,Q22472,138,357,0,378,4.0,0.9726027397260274,1.0,0.9726027397260274,106,78,true,true,29,1,214,Q22472,138,357,0,378,4.0,0.9726027397260274,1.0,0.9726027397260274,score,,,,Foldseek,report,report,protein binding,219,49.19452054794521,1.0,true,798,PPARGC1A,false,0.08532423208191127,132,96,0.041237113402061855,false,0.3150684931506849,kmerseek.hp_pbotc_1st_ed2_k19_lcFalse,equal or higher IoU,pLDDT < 70,194
foldseek,foldseek,disprot,same_term,P11387,GO:0140693,0,214,1,190,Q02199,44,232,0,260,-2.0,0.883177570093458,1.0,0.883177570093458,5,5,true,true,2,1,190,Q02199,44,232,0,260,-2.0,0.883177570093458,1.0,0.883177570093458,score,,,,Foldseek,report,choose,molecular condensate scaffold activity,214,39.66168224299066,0.9392523364485982,true,765,TOP1,false,0.10918544194107452,435,100,0.38613861386138615,false,0.3644859813084112,kmerseek.hp_pbotc_1st_ed2_k19_lcFalse,equal or higher IoU,pLDDT < 70,155
foldseek,foldseek,disprot,same_term,Q9H981,GO:0005515,400,507,399,503,Q9JM54,0,87,15,42,5.0,0.9537037037037037,0.9903846153846154,0.9626168224299065,70,60,true,true,24,399,503,Q9JM54,0,87,15,42,5.0,0.9537037037037037,0.9903846153846154,0.9626168224299065,score,,,,Foldseek,report,report,protein binding,107,54.71616822429907,0.7476635514018691,true,624,ACTR8,false,0.08445297504798464,147,99,0.1,false,0.5233644859813084,kmerseek.hp_pbotc_1st_ed2_k19_lcFalse,equal or higher IoU,pLDDT < 70,315
foldseek,foldseek,disprot,same_term,Q13625,GO:0005515,483,692,488,752,Q6GX35,628,943,725,825,-4.0,0.758364312267658,0.7727272727272727,0.9760765550239234,78,56,true,true,1,523,726,Q9LUA9,118,315,174,208,0.0,0.6954732510288066,0.8325123152709359,0.8086124401913876,score,,,,Foldseek,report,report,protein binding,209,35.06693779904306,1.0,true,1128,TP53BP2,false,0.0939524838012959,309,52,0.32075471698113206,false,0.3014354066985646,kmerseek.hp_pbotc_1st_ed2_k19_lcFalse,equal or higher IoU,pLDDT < 70,134
foldseek,foldseek,disprot,same_term,P31321,IDPO:0000033,58,81,56,103,P83917,63,120,78,103,0.0,0.48936170212765956,0.48936170212765956,1.0,28,25,false,false,0,,,,,,,,,,,,score,,,,Foldseek,report,report,flexible linker,23,64.65,0.6956521739130435,true,381,PRKAR1B,false,,,,,false,0.7916666666666666,kmerseek.hp_pbotc_1st_ed2_k19_lcFalse,spills,pLDDT < 70,226
foldseek,foldseek,disprot,same_term,P04156,GO:0060090,22,124,31,117,P53780,0,87,56,84,3.0,0.8431372549019608,1.0,0.8431372549019608,10,9,true,true,1,31,117,P53780,0,87,56,84,3.0,0.8431372549019608,1.0,0.8431372549019608,score,,,,Foldseek,report,choose,molecular adaptor activity,102,40.65196078431372,1.0,true,253,PRNP,false,0.30357142857142855,94,54,0.10909090909090909,false,0.6851851851851852,kmerseek.hp_pbotc_1st_ed2_k19_lcFalse,equal or higher IoU,pLDDT < 70,182
foldseek,foldseek,disprot,same_term,Q01970,GO:0140677,882,933,870,1028,Q08605,355,507,367,444,1.0,0.3227848101265823,0.3227848101265823,1.0,1,1,false,false,0,,,,,,,,,,,,score,,,,Foldseek,report,choose,molecular function activator activity,51,34.169411764705885,1.0,true,1234,PLCB3,false,,,,,false,0.7647058823529411,kmerseek.hp_pbotc_1st_ed2_k19_lcFalse,spills,pLDDT < 70,94
foldseek,foldseek,disprot,same_term,Q13316,GO:0005509,217,513,,,,,,,,,,,,0,,,false,,,,,,,,,,,,,,,,,Foldseek,report,choose,calcium ion binding,296,46.08885135135135,1.0,true,513,DMP1,false,,,,,false,0.48986486486486486,kmerseek.hp_pbotc_1st_ed2_k19_lcFalse,no call,pLDDT < 70,44
foldseek,foldseek,disprot,same_term,Q15109,GO:0060090,363,404,346,403,O94742,0,44,0,70,12.0,0.6896551724137931,0.7017543859649122,0.975609756097561,2,2,true,false,0,,,,,,,,,,,,score,,,,Foldseek,report,choose,molecular adaptor activity,41,61.53365853658537,1.0,true,404,AGER,false,,,,,false,0.975609756097561,kmerseek.hp_pbotc_1st_ed2_k19_lcFalse,"inside, lower IoU",pLDDT < 70,54
foldseek,foldseek,disprot,same_term,Q9NQI0,GO:0140693,0,236,0,254,P78953,93,380,0,452,4.0,0.9291338582677166,0.9291338582677166,1.0,4,4,true,true,1,0,254,P78953,93,380,0,452,4.0,0.9291338582677166,0.9291338582677166,1.0,score,,,,Foldseek,report,choose,molecular condensate scaffold activity,236,35.59546610169492,1.0,true,724,DDX4,false,0.07006369426751592,128,102,0.22330097087378642,false,0.6638655462184874,kmerseek.hp_pbotc_1st_ed2_k19_lcFalse,equal or higher IoU,pLDDT < 70,209
foldseek,foldseek,disprot,same_term,P38398,GO:0005515,174,303,168,440,Q9QUG2,540,847,559,582,2.0,0.4742647058823529,0.4742647058823529,1.0,46,30,true,false,0,,,,,,,,,,,,score,,,,Foldseek,report,report,protein binding,129,31.206356589147287,1.0,true,1863,BRCA1,false,,,,,false,0.5038759689922481,kmerseek.hp_pbotc_1st_ed2_k19_lcFalse,"inside, lower IoU",pLDDT < 70,77
foldseek,foldseek,disprot,same_term,P28300,GO:0005515,21,168,13,166,P45561,64,177,1,173,0.0,0.9354838709677419,0.9477124183006536,0.9863945578231292,64,44,true,true,32,13,166,P45561,64,177,1,173,0.0,0.9354838709677419,0.9477124183006536,0.9863945578231292,score,,,,Foldseek,report,report,protein binding,147,43.519387755102045,1.0,true,417,LOX,false,0.17358490566037735,236,108,0.1926605504587156,false,0.3741496598639456,kmerseek.hp_pbotc_1st_ed2_k19_lcFalse,equal or higher IoU,pLDDT < 70,240
foldseek,foldseek,disprot,same_term,Q13625,GO:0005515,692,918,660,833,O82132,140,334,242,272,1.0,0.5465116279069767,0.815028901734104,0.6238938053097345,75,51,true,true,6,660,833,O82132,140,334,242,272,1.0,0.5465116279069767,0.815028901734104,0.6238938053097345,score,,,,Foldseek,report,report,protein binding,226,41.467566371681414,1.0,true,1128,TP53BP2,false,0.12761506276150628,206,52,0.2830188679245283,false,0.3141592920353982,kmerseek.hp_pbotc_1st_ed2_k19_lcFalse,equal or higher IoU,pLDDT < 70,149
foldseek,foldseek,disprot,same_term,P38398,GO:0005515,432,511,425,549,Q38825,2,123,81,94,-1.0,0.6370967741935484,0.6370967741935484,1.0,49,33,true,false,0,,,,,,,,,,,,score,,,,Foldseek,report,report,protein binding,79,30.053670886075945,1.0,true,1863,BRCA1,false,,,,,false,0.7439024390243902,kmerseek.hp_pbotc_1st_ed2_k19_lcFalse,"inside, lower IoU",pLDDT < 70,76
foldseek,foldseek,disprot,same_term,Q49AN0,GO:0005515,489,593,488,593,Q9EPU7,29,186,3,91,11.0,0.9904761904761905,0.9904761904761905,1.0,45,39,true,true,13,488,593,Q9EPU7,29,186,3,91,11.0,0.9904761904761905,0.9904761904761905,1.0,score,,,,Foldseek,report,report,protein binding,104,45.70701923076923,0.6923076923076923,true,593,CRY2,false,0.04294478527607362,74,101,0.09803921568627451,false,0.3076923076923077,kmerseek.hp_pbotc_1st_ed2_k19_lcFalse,equal or higher IoU,pLDDT < 70,244
foldseek,foldseek,disprot,same_term,P10451,GO:0005515,0,314,10,314,Q27974,398,745,546,813,0.0,0.9681528662420382,1.0,0.9681528662420382,40,30,true,true,22,10,314,Q27974,398,745,546,813,0.0,0.9681528662420382,1.0,0.9681528662420382,score,,,,Foldseek,report,report,protein binding,314,53.406305732484086,1.0,true,314,SPP1,false,1.0,68,56,0.15789473684210525,false,0.5987261146496815,kmerseek.hp_pbotc_1st_ed2_k19_lcFalse,equal or higher IoU,pLDDT < 70,120
foldseek,foldseek,disprot,same_term,P46527,GO:0005515,0,198,0,198,Q27974,607,775,546,813,4.0,1.0,1.0,1.0,48,39,true,true,33,0,198,Q27974,607,775,546,813,4.0,1.0,1.0,1.0,score,,,,Foldseek,report,report,protein binding,198,69.23424242424242,0.7171717171717171,true,198,CDKN1B,false,1.0,58,51,0.21153846153846154,false,0.3686868686868687,kmerseek.hp_pbotc_1st_ed2_k19_lcFalse,equal or higher IoU,pLDDT < 70,184
foldseek,foldseek,disprot,same_term,P06454,GO:0005515,0,111,0,61,O82132,247,300,254,272,3.0,0.5495495495495496,1.0,0.5495495495495496,7,3,true,true,1,0,61,O82132,247,300,254,272,3.0,0.5495495495495496,1.0,0.5495495495495496,score,,,,Foldseek,report,report,protein binding,111,58.376396396396395,1.0,true,111,PTMA,false,1.0,11,24,0.08,false,0.9459459459459459,kmerseek.hp_pbotc_1st_ed2_k19_lcFalse,"inside, lower IoU",pLDDT < 70,177
foldseek,foldseek,disprot,same_term,P45985,GO:0005515,11,86,0,93,O43070,388,502,476,526,12.0,0.8064516129032258,0.8064516129032258,1.0,62,45,true,true,10,0,93,O43070,388,502,476,526,12.0,0.8064516129032258,0.8064516129032258,1.0,score,,,,Foldseek,report,report,protein binding,75,35.12146666666667,0.6933333333333334,true,399,MAP2K4,false,0.03908794788273615,33,98,0.09090909090909091,false,0.8933333333333333,kmerseek.hp_pbotc_1st_ed2_k19_lcFalse,"inside, lower IoU",pLDDT < 70,267
foldseek,foldseek,disprot,same_term,P60484,GO:0098772,352,403,347,403,P09077,262,318,304,310,4.0,0.9107142857142857,0.9107142857142857,1.0,10,7,true,true,2,347,403,P09077,262,318,304,310,4.0,0.9107142857142857,0.9107142857142857,1.0,score,,,,Foldseek,report,report,molecular function regulator,51,35.779607843137256,1.0,true,403,PTEN,false,0.020114942528735632,181,104,0.20952380952380953,false,0.8823529411764706,kmerseek.hp_pbotc_1st_ed2_k19_lcFalse,equal or higher IoU,pLDDT < 70,225
foldseek,foldseek,disprot,same_term,P62328,GO:0005515,0,44,0,44,P62326,0,44,29,39,189.0,1.0,1.0,1.0,15,9,true,true,9,0,44,P62326,0,44,12,44,189.0,1.0,1.0,1.0,score,,,,Foldseek,report,report,protein binding,44,80.78545454545454,1.0,true,44,TMSB4X,false,1.0,1,0,1.0,false,1.0,kmerseek.hp_pbotc_1st_ed2_k19_lcFalse,equal or higher IoU,pLDDT >= 70,51
foldseek,foldseek,disprot,same_term,Q9BTL3,GO:0005515,1,45,2,41,O94742,5,42,0,70,0.0,0.8863636363636364,1.0,0.8863636363636364,31,20,true,true,4,2,41,O94742,5,42,0,70,0.0,0.8863636363636364,1.0,0.8863636363636364,score,,,,Foldseek,report,report,protein binding,44,89.2425,0.9090909090909091,true,118,RAMAC,false,0.175,513,24,0.4,false,0.7555555555555555,kmerseek.hp_pbotc_1st_ed2_k19_lcFalse,equal or higher IoU,pLDDT >= 70,123
foldseek,foldseek,disprot,same_term,P09429,GO:0005515,187,214,0,206,Q22472,89,294,0,378,4.0,0.08878504672897196,0.09223300970873786,0.7037037037037037,10,10,false,false,0,,,,,,,,,,,,score,,,,Foldseek,report,report,protein binding,27,41.894814814814815,1.0,true,215,HMGB1,false,,,,,false,0.9642857142857143,kmerseek.hp_pbotc_1st_ed2_k19_lcFalse,spills,pLDDT < 70,39
foldseek,foldseek,disprot,same_term,Q9UBB5,GO:0005515,237,356,245,384,Q05753,0,142,36,231,3.0,0.7551020408163265,0.7985611510791367,0.9327731092436975,63,49,true,true,7,223,331,Q9SQK3,16,118,39,112,2.0,0.706766917293233,0.8703703703703703,0.7899159663865546,score,,,,Foldseek,report,report,protein binding,119,77.72722689075631,0.8823529411764706,true,411,MBD2,false,0.17763157894736842,217,108,0.27522935779816515,false,0.3387096774193548,kmerseek.hp_pbotc_1st_ed2_k19_lcFalse,equal or higher IoU,pLDDT >= 70,187
foldseek,foldseek,disprot,same_term,Q8N3V7,GO:0005515,544,613,542,727,Q05753,0,244,36,231,4.0,0.372972972972973,0.372972972972973,1.0,68,43,false,false,0,,,,,,,,,,,,score,,,,Foldseek,report,report,protein binding,69,45.245652173913044,1.0,true,929,SYNPO,false,,,,,false,0.6811594202898551,kmerseek.hp_pbotc_1st_ed2_k19_lcFalse,spills,pLDDT < 70,101
foldseek,foldseek,disprot,same_term,P32004,GO:0005515,1143,1257,1145,1257,P45976,13,153,79,195,3.0,0.9824561403508771,1.0,0.9824561403508771,82,56,true,true,13,1145,1257,P45976,13,153,79,195,3.0,0.9824561403508771,1.0,0.9824561403508771,score,,,,Foldseek,report,report,protein binding,114,33.07464912280702,1.0,true,1257,L1CAM,false,0.02181500872600349,161,45,0.08695652173913043,false,0.6052631578947368,kmerseek.hp_pbotc_1st_ed2_k19_lcFalse,equal or higher IoU,pLDDT < 70,216
foldseek,foldseek,disprot,same_term,P35568,IDPO:0000033,116,159,94,162,P21447,604,675,626,686,1.0,0.6323529411764706,0.6323529411764706,1.0,21,17,true,false,0,,,,,,,,,,,,score,,,,Foldseek,report,report,flexible linker,43,41.68953488372093,0.8604651162790697,true,1242,IRS1,false,,,,,false,0.68,kmerseek.hp_pbotc_1st_ed2_k19_lcFalse,"inside, lower IoU",pLDDT < 70,93
foldseek,foldseek,disprot,same_term,Q14722,GO:0005515,0,62,0,64,Q27934,114,177,106,130,0.0,0.96875,0.96875,1.0,37,30,true,true,13,0,64,Q27934,114,177,106,130,0.0,0.96875,0.96875,1.0,score,,,,Foldseek,report,report,protein binding,62,41.20548387096775,0.8387096774193549,true,419,KCNAB1,false,0.03089887640449438,283,108,0.3394495412844037,false,0.6451612903225806,kmerseek.hp_pbotc_1st_ed2_k19_lcFalse,equal or higher IoU,pLDDT < 70,172
foldseek,foldseek,disprot,same_term,Q9UBB5,GO:0060090,237,356,266,346,P22179,0,87,0,58,4.0,0.6722689075630253,1.0,0.6722689075630253,12,10,true,true,3,266,346,P22179,0,87,0,58,4.0,0.6722689075630253,1.0,0.6722689075630253,score,,,,Foldseek,report,choose,molecular adaptor activity,119,77.72722689075631,0.8823529411764706,true,411,MBD2,false,0.21686746987951808,137,108,0.11009174311926606,false,0.3387096774193548,kmerseek.hp_pbotc_1st_ed2_k19_lcFalse,equal or higher IoU,pLDDT >= 70,187
foldseek,foldseek,disprot,same_term,P06748,GO:0042803,119,188,,,,,,,,,,,,0,,,false,,,,,,,,,,,,,,,,,Foldseek,report,choose,protein homodimerization activity,69,51.66550724637681,1.0,true,294,NPM1,false,,,,,false,0.5256410256410257,kmerseek.hp_pbotc_1st_ed2_k19_lcFalse,no call,pLDDT < 70,214
foldseek,foldseek,disprot,any_term,P38936,GO:0005515,0,94,1,93,P12464,90,173,114,170,4.0,0.9787234042553191,1.0,0.9787234042553191,93,50,true,true,15,1,93,P12464,90,173,114,170,4.0,0.9787234042553191,1.0,0.9787234042553191,score,,,,Foldseek,report,report,protein binding,94,79.63946808510637,0.5106382978723404,true,164,CDKN1A,false,0.2876712328767123,27,33,0.029411764705882353,false,0.8191489361702128,kmerseek.hp_pbotc_1st_ed2_k19_lcFalse,equal or higher IoU,pLDDT >= 70,147
foldseek,foldseek,disprot,any_term,P08621,GO:0005515,183,437,103,437,C0J347,178,406,263,464,15.0,0.7604790419161677,0.7604790419161677,1.0,93,54,true,true,23,293,436,Q9YGY0,400,535,434,465,1.0,0.562992125984252,1.0,0.562992125984252,score,,,,Foldseek,report,report,protein binding,254,57.51622047244095,1.0,true,437,SNRNP70,false,0.4745762711864407,250,117,0.5423728813559322,false,0.9133858267716536,kmerseek.hp_pbotc_1st_ed2_k19_lcFalse,"inside, lower IoU",pLDDT < 70,177
foldseek,foldseek,disprot,any_term,O15234,GO:0005654,136,283,153,289,P42759,0,133,0,260,-4.0,0.8496732026143791,0.9558823529411765,0.8843537414965986,139,53,true,true,9,153,289,P42759,0,133,0,260,-4.0,0.8496732026143791,0.9558823529411765,0.8843537414965986,score,,,,Foldseek,report,report,nucleoplasm,147,70.22795918367348,1.0,true,703,CASC3,false,0.11619718309859155,230,97,0.22448979591836735,false,0.673469387755102,kmerseek.hp_pbotc_1st_ed2_k19_lcFalse,equal or higher IoU,pLDDT >= 70,89
foldseek,foldseek,disprot,any_term,P04156,GO:0140693,22,124,19,122,P08592,601,699,671,687,-20.0,0.9523809523809523,0.970873786407767,0.9803921568627451,99,58,true,true,15,19,122,P08592,601,699,671,687,-20.0,0.9523809523809523,0.970873786407767,0.9803921568627451,score,,,,Foldseek,report,choose,molecular condensate scaffold activity,102,40.65196078431372,1.0,true,253,PRNP,false,0.26490066225165565,302,54,0.7818181818181819,false,0.6851851851851852,kmerseek.hp_pbotc_1st_ed2_k19_lcFalse,equal or higher IoU,pLDDT < 70,182
foldseek,foldseek,disprot,any_term,Q01831,GO:0005515,814,940,807,933,P28229,215,341,264,332,8.0,0.8947368421052632,0.9444444444444444,0.9444444444444444,97,49,true,true,24,807,933,P28229,215,341,264,332,8.0,0.8947368421052632,0.9444444444444444,0.9444444444444444,score,,,,Foldseek,report,report,protein binding,126,70.06142857142856,0.6190476190476191,true,940,XPC,false,0.03190184049079755,50,74,0.06666666666666667,false,0.42857142857142855,kmerseek.hp_pbotc_1st_ed2_k19_lcFalse,equal or higher IoU,pLDDT >= 70,102
foldseek,foldseek,disprot,any_term,P04004,GO:0005515,0,130,4,111,Q6MRH6,1,101,0,101,11.0,0.823076923076923,1.0,0.823076923076923,108,60,true,true,6,4,111,Q6MRH6,1,101,0,101,11.0,0.823076923076923,1.0,0.823076923076923,score,,,,Foldseek,report,report,protein binding,130,52.54838461538461,0.5769230769230769,true,478,VTN,false,0.12096774193548387,26,106,0.028037383177570093,false,0.5815602836879432,kmerseek.hp_pbotc_1st_ed2_k19_lcFalse,equal or higher IoU,pLDDT < 70,180
foldseek,foldseek,disprot,any_term,P04083,GO:0008289,115,185,112,184,P27782,300,357,301,319,1.0,0.9452054794520548,0.9583333333333334,0.9857142857142858,112,76,true,true,3,112,184,P27782,300,357,301,319,1.0,0.9452054794520548,0.9583333333333334,0.9857142857142858,score,,,,Foldseek,report,report,lipid binding,70,97.98142857142857,0.0,true,346,ANXA1,false,0.09818181818181818,247,66,0.373134328358209,false,0.44285714285714284,kmerseek.hp_pbotc_1st_ed2_k19_lcFalse,equal or higher IoU,pLDDT >= 70,239
foldseek,foldseek,disprot,any_term,Q13029,GO:0005515,296,341,294,441,Q05753,1,195,36,231,-1.0,0.30612244897959184,0.30612244897959184,1.0,80,31,false,false,0,,,,,,,,,,,,score,,,,Foldseek,report,report,protein binding,45,33.023777777777774,1.0,true,1718,PRDM2,false,,,,,false,0.7692307692307693,kmerseek.hp_pbotc_1st_ed2_k19_lcFalse,spills,pLDDT < 70,40
foldseek,foldseek,disprot,any_term,O15234,GO:0005515,136,283,153,289,P42759,0,133,0,260,-4.0,0.8496732026143791,0.9558823529411765,0.8843537414965986,139,53,true,true,9,153,289,P42759,0,133,0,260,-4.0,0.8496732026143791,0.9558823529411765,0.8843537414965986,score,,,,Foldseek,report,report,protein binding,147,70.22795918367348,1.0,true,703,CASC3,false,0.11619718309859155,230,97,0.22448979591836735,false,0.673469387755102,kmerseek.hp_pbotc_1st_ed2_k19_lcFalse,equal or higher IoU,pLDDT >= 70,89
foldseek,foldseek,disprot,any_term,Q13148,GO:0140693,265,414,263,414,P27577,133,277,243,301,0.0,0.9867549668874173,0.9867549668874173,1.0,159,84,true,true,31,263,414,P27577,133,277,243,301,0.0,0.9867549668874173,0.9867549668874173,1.0,score,,,,Foldseek,report,choose,molecular condensate scaffold activity,149,43.241140939597315,1.0,true,414,TARDBP,false,0.10984848484848485,302,108,0.48623853211009177,false,0.37583892617449666,kmerseek.hp_pbotc_1st_ed2_k19_lcFalse,equal or higher IoU,pLDDT < 70,195
foldseek,foldseek,disprot,any_term,O75554,GO:0005515,275,376,274,371,P81558,1,111,0,171,2.0,0.9411764705882353,0.9896907216494846,0.9504950495049505,170,79,true,true,14,274,371,P81558,1,111,0,171,2.0,0.9411764705882353,0.9896907216494846,0.9504950495049505,score,,,,Foldseek,report,report,protein binding,101,59.40702970297029,1.0,true,376,WBP4,false,0.08571428571428572,182,88,0.20224719101123595,false,0.8145161290322581,kmerseek.hp_pbotc_1st_ed2_k19_lcFalse,equal or higher IoU,pLDDT < 70,180
foldseek,foldseek,disprot,any_term,Q8IYB3,GO:0051179,350,688,342,665,P23441,35,357,0,156,-5.0,0.9104046242774566,0.9752321981424149,0.9319526627218935,185,90,true,true,36,342,665,P23441,35,357,0,156,-5.0,0.9104046242774566,0.9752321981424149,0.9319526627218935,score,,,,Foldseek,report,report,localization,338,45.27742603550296,1.0,true,904,SRRM1,false,0.24742268041237114,250,81,0.3170731707317073,false,0.4822485207100592,kmerseek.hp_pbotc_1st_ed2_k19_lcFalse,equal or higher IoU,pLDDT < 70,188
foldseek,foldseek,disprot,any_term,Q9BTT0,GO:0044183,185,232,179,226,P04480,1,48,8,20,2.0,0.7735849056603774,0.8723404255319149,0.8723404255319149,27,14,true,true,4,179,226,P04480,1,48,8,20,2.0,0.7735849056603774,0.8723404255319149,0.8723404255319149,score,,,,Foldseek,report,report,protein folding chaperone,47,51.76255319148937,1.0,true,268,ANP32E,false,0.08558558558558559,115,51,0.36538461538461536,false,0.9361702127659575,kmerseek.hp_pbotc_1st_ed2_k19_lcFalse,"inside, lower IoU",pLDDT < 70,122
foldseek,foldseek,disprot,any_term,P08621,GO:0005515,229,306,103,437,C0J347,178,406,263,464,15.0,0.23053892215568864,0.23053892215568864,1.0,25,14,false,false,0,,,,,,,,,,,,score,,,,Foldseek,report,report,protein binding,77,57.88142857142857,1.0,true,437,SNRNP70,false,,,,,false,0.9746835443037974,kmerseek.hp_pbotc_1st_ed2_k19_lcFalse,spills,pLDDT < 70,36
foldseek,foldseek,disprot,any_term,P11387,GO:0008301,0,174,0,173,Q05344,474,720,518,554,-3.0,0.9942528735632183,1.0,0.9942528735632183,128,63,true,true,42,0,173,Q05344,474,720,518,554,-3.0,0.9942528735632183,1.0,0.9942528735632183,score,,,,Foldseek,report,report,"DNA binding, bending",174,36.0332183908046,1.0,true,765,TOP1,false,0.06070826306913996,451,100,0.9306930693069307,false,0.945054945054945,kmerseek.hp_pbotc_1st_ed2_k19_lcFalse,equal or higher IoU,pLDDT < 70,154
foldseek,foldseek,disprot,any_term,P06748,GO:0019843,119,243,118,243,Q8H1D4,168,293,153,293,-10.0,0.992,0.992,1.0,201,106,true,true,21,118,243,Q8H1D4,168,293,153,293,-10.0,0.992,0.992,1.0,score,,,,Foldseek,report,report,rRNA binding,124,49.47032258064516,1.0,true,294,NPM1,false,0.29411764705882354,404,52,0.6037735849056604,false,0.9112903225806451,kmerseek.hp_pbotc_1st_ed2_k19_lcFalse,equal or higher IoU,pLDDT < 70,258
foldseek,foldseek,disprot,any_term,P41214,IDPO:0000033,183,259,182,259,Q01231,261,353,250,355,2.0,0.987012987012987,0.987012987012987,1.0,158,91,true,true,24,182,259,Q01231,261,353,250,355,2.0,0.987012987012987,0.987012987012987,1.0,score,,,,Foldseek,report,report,flexible linker,76,35.3721052631579,1.0,true,584,EIF2D,false,0.05905511811023622,271,98,0.494949494949495,false,0.7625,kmerseek.hp_pbotc_1st_ed2_k19_lcFalse,equal or higher IoU,pLDDT < 70,213
foldseek,foldseek,disprot,any_term,Q92793,GO:0005515,998,1050,949,1437,Q9SU24,2,299,215,234,19.0,0.10655737704918032,0.10655737704918032,1.0,34,16,false,false,0,,,,,,,,,,,,score,,,,Foldseek,report,report,protein binding,52,31.66403846153846,1.0,true,2442,CREBBP,false,,,,,false,0.5084745762711864,kmerseek.hp_pbotc_1st_ed2_k19_lcFalse,spills,pLDDT < 70,22
foldseek,foldseek,disprot,any_term,Q13625,GO:0005515,709,904,727,846,P09883,4,99,1,18,3.0,0.6102564102564103,1.0,0.6102564102564103,176,80,true,true,5,727,846,P09883,4,99,33,46,3.0,0.6102564102564103,1.0,0.6102564102564103,score,,,,Foldseek,report,report,protein binding,195,41.278564102564104,1.0,true,1128,TP53BP2,false,0.12178217821782178,139,52,0.49056603773584906,false,0.3641025641025641,kmerseek.hp_pbotc_1st_ed2_k19_lcFalse,equal or higher IoU,pLDDT < 70,148
foldseek,foldseek,disprot,any_term,P17096,GO:0003713,49,91,44,107,P42763,1,87,73,85,1.0,0.6666666666666666,0.6666666666666666,1.0,66,32,true,false,0,,,,,,,,,,,,score,,,,Foldseek,report,choose,transcription coactivator activity,42,68.88285714285715,1.0,true,107,HMGA1,false,,,,,false,0.5714285714285714,kmerseek.hp_pbotc_1st_ed2_k19_lcFalse,equal or higher IoU,pLDDT < 70,139
foldseek,foldseek,disprot,any_term,P38936,GO:0004861,0,164,0,164,Q9I832,29,215,89,120,9.0,1.0,1.0,1.0,93,50,true,true,41,0,164,Q9I832,29,215,89,120,9.0,1.0,1.0,1.0,score,,,,Foldseek,report,report,cyclin-dependent protein serine/threonine kinase inhibitor activity,164,69.00341463414634,0.7195121951219512,true,164,CDKN1A,false,1.0,8,33,0.029411764705882353,false,0.4695121951219512,kmerseek.hp_pbotc_1st_ed2_k19_lcFalse,equal or higher IoU,pLDDT < 70,149
foldseek,foldseek,disprot,any_term,P21815,GO:0005515,0,317,51,304,B6KJB6,150,446,336,542,1.0,0.7981072555205048,1.0,0.7981072555205048,113,56,true,true,30,51,304,B6KJB6,150,446,336,542,1.0,0.7981072555205048,1.0,0.7981072555205048,score,,,,Foldseek,report,report,protein binding,317,49.88529968454259,0.9968454258675079,true,317,IBSP,false,1.0,54,58,0.05084745762711865,false,0.6088328075709779,kmerseek.hp_pbotc_1st_ed2_k19_lcFalse,equal or higher IoU,pLDDT < 70,201
foldseek,foldseek,disprot,any_term,Q9NQB0,GO:0008013,0,53,7,55,G0SCY6,1,52,0,25,0.0,0.8363636363636363,0.9583333333333334,0.8679245283018868,117,51,true,true,2,7,55,G0SCY6,1,52,0,25,0.0,0.8363636363636363,0.9583333333333334,0.8679245283018868,score,,,,Foldseek,report,choose,beta-catenin binding,53,54.14679245283019,1.0,true,619,TCF7L2,false,0.026223776223776224,193,96,0.17525773195876287,false,0.7547169811320755,kmerseek.hp_pbotc_1st_ed2_k19_lcFalse,equal or higher IoU,pLDDT < 70,92
foldseek,foldseek,disprot,any_term,P38936,GO:0140677,0,164,0,164,Q9I832,29,215,89,120,9.0,1.0,1.0,1.0,93,50,true,true,41,0,164,Q9I832,29,215,89,120,9.0,1.0,1.0,1.0,score,,,,Foldseek,report,choose,molecular function activator activity,164,69.00341463414634,0.7195121951219512,true,164,CDKN1A,false,1.0,8,33,0.029411764705882353,false,0.4695121951219512,kmerseek.hp_pbotc_1st_ed2_k19_lcFalse,equal or higher IoU,pLDDT < 70,149
foldseek,foldseek,disprot,any_term,O14958,GO:0140314,370,399,351,399,P00127,0,62,0,72,-5.0,0.6041666666666666,0.6041666666666666,1.0,15,8,true,false,0,,,,,,,,,,,,score,,,,Foldseek,report,choose,calcium ion sequestering activity,29,53.923793103448276,1.0,true,399,CASQ2,false,,,,,false,1.0,kmerseek.hp_pbotc_1st_ed2_k19_lcFalse,"inside, lower IoU",pLDDT < 70,18
foldseek,foldseek,disprot,any_term,Q13148,GO:1990000,262,414,263,414,P27577,133,277,243,301,0.0,0.993421052631579,1.0,0.993421052631579,159,84,true,true,32,263,414,P27577,133,277,243,301,0.0,0.993421052631579,1.0,0.993421052631579,score,,,,Foldseek,report,report,amyloid fibril formation,152,43.31473684210526,1.0,true,414,TARDBP,false,0.12121212121212122,302,108,0.48623853211009177,false,0.3684210526315789,kmerseek.hp_pbotc_1st_ed2_k19_lcFalse,equal or higher IoU,pLDDT < 70,196
foldseek,foldseek,disprot,any_term,Q14722,GO:0140678,0,62,0,62,P32628,92,158,76,147,1.0,1.0,1.0,1.0,101,58,true,true,23,0,62,P32628,92,158,76,147,1.0,1.0,1.0,1.0,score,,,,Foldseek,report,choose,molecular function inhibitor activity,62,41.20548387096775,0.8387096774193549,true,419,KCNAB1,false,0.036312849162011177,238,108,0.3761467889908257,false,0.6451612903225806,kmerseek.hp_pbotc_1st_ed2_k19_lcFalse,equal or higher IoU,pLDDT < 70,172
foldseek,foldseek,disprot,any_term,Q53GG5,GO:0005515,106,273,104,282,Q01231,244,357,250,355,-2.0,0.9382022471910112,0.9382022471910112,1.0,397,196,true,true,80,104,282,Q01231,244,357,250,355,-2.0,0.9382022471910112,0.9382022471910112,1.0,score,,,,Foldseek,report,report,protein binding,167,52.35461077844311,1.0,true,364,PDLIM3,false,0.32085561497326204,353,78,0.6329113924050633,false,0.30538922155688625,kmerseek.hp_pbotc_1st_ed2_k19_lcFalse,equal or higher IoU,pLDDT < 70,353
foldseek,foldseek,disprot,any_term,P13861,IDPO:0000033,43,90,43,98,P80428,323,382,327,377,0.0,0.8545454545454545,0.8545454545454545,1.0,176,107,true,true,3,43,98,P80428,323,382,327,377,0.0,0.8545454545454545,0.8545454545454545,1.0,score,,,,Foldseek,report,report,flexible linker,47,41.47468085106383,0.9787234042553191,true,404,PRKAR2A,false,0.04285714285714286,330,103,0.5865384615384616,false,0.5957446808510638,kmerseek.hp_pbotc_1st_ed2_k19_lcFalse,equal or higher IoU,pLDDT < 70,248
foldseek,foldseek,disprot,any_term,O15234,GO:0003727,136,283,153,289,P42759,0,133,0,260,-4.0,0.8496732026143791,0.9558823529411765,0.8843537414965986,139,53,true,true,9,153,289,P42759,0,133,0,260,-4.0,0.8496732026143791,0.9558823529411765,0.8843537414965986,score,,,,Foldseek,report,report,single-stranded RNA binding,147,70.22795918367348,1.0,true,703,CASC3,false,0.11619718309859155,230,97,0.22448979591836735,false,0.673469387755102,kmerseek.hp_pbotc_1st_ed2_k19_lcFalse,equal or higher IoU,pLDDT >= 70,89
foldseek,foldseek,disprot,any_term,P37231,GO:0098772,174,211,174,234,P0C079,0,69,46,79,3.0,0.6166666666666667,0.6166666666666667,1.0,139,69,true,false,0,,,,,,,,,,,,score,,,,Foldseek,report,report,molecular function regulator,37,94.27378378378378,0.0,true,505,PPARG,false,,,,,false,0.8409090909090909,kmerseek.hp_pbotc_1st_ed2_k19_lcFalse,"inside, lower IoU",pLDDT >= 70,128
foldseek,foldseek,disprot,any_term,P38936,GO:0005515,8,84,0,78,Q9M4V2,15,84,0,80,-5.0,0.8333333333333334,0.8974358974358975,0.9210526315789473,93,50,true,true,10,0,78,Q9M4V2,15,84,0,80,-5.0,0.8333333333333334,0.8974358974358975,0.9210526315789473,score,,,,Foldseek,report,report,protein binding,76,87.25513157894737,0.39473684210526316,true,164,CDKN1A,false,0.25287356321839083,126,33,0.17647058823529413,false,0.7790697674418605,kmerseek.hp_pbotc_1st_ed2_k19_lcFalse,equal or higher IoU,pLDDT >= 70,145
foldseek,foldseek,disprot,any_term,Q8IW19,GO:0005515,449,511,447,509,P09372,1,59,0,32,-11.0,0.9375,0.967741935483871,0.967741935483871,78,30,true,true,2,447,509,P09372,1,59,0,32,-11.0,0.9375,0.967741935483871,0.967741935483871,score,,,,Foldseek,report,report,protein binding,62,65.8941935483871,0.9193548387096774,true,511,APLF,false,0.028888888888888888,355,106,0.4953271028037383,false,0.5806451612903226,kmerseek.hp_pbotc_1st_ed2_k19_lcFalse,equal or higher IoU,pLDDT < 70,44
foldseek,foldseek,disprot,any_term,Q13569,GO:0098772,50,111,33,131,Q10Q08,117,216,104,180,-5.0,0.6224489795918368,0.6224489795918368,1.0,113,51,true,false,0,,,,,,,,,,,,score,,,,Foldseek,report,report,molecular function regulator,61,46.49672131147541,0.8852459016393442,true,410,TDG,false,,,,,false,0.7377049180327869,kmerseek.hp_pbotc_1st_ed2_k19_lcFalse,"inside, lower IoU",pLDDT < 70,108
foldseek,foldseek,disprot,any_term,P38398,GO:0005515,1342,1440,1305,1439,P08510,496,647,512,655,5.0,0.7185185185185186,0.7238805970149254,0.9897959183673469,30,18,true,true,4,1391,1439,P27001,41,100,0,101,-7.0,0.4897959183673469,1.0,0.4897959183673469,score,,,,Foldseek,report,report,protein binding,98,48.249387755102035,1.0,true,1863,BRCA1,false,0.037995594713656385,434,22,0.9565217391304348,false,0.826530612244898,kmerseek.hp_pbotc_1st_ed2_k19_lcFalse,"inside, lower IoU",pLDDT < 70,32
foldseek,foldseek,disprot,any_term,Q9UKT4,GO:0140678,420,447,391,430,P01050,24,62,54,64,1.0,0.17857142857142858,0.2564102564102564,0.37037037037037035,2,1,false,false,0,,,,,,,,,,,,score,,,,Foldseek,report,choose,molecular function inhibitor activity,27,58.93185185185185,0.5555555555555556,true,447,FBXO5,false,,,,,false,0.9285714285714286,kmerseek.hp_pbotc_1st_ed2_k19_lcFalse,spills,pLDDT < 70,4
foldseek,foldseek,disprot,any_term,Q9UBT3,IDPO:0000033,93,140,92,137,P04972,9,50,0,21,0.0,0.9166666666666666,0.9777777777777777,0.9361702127659575,128,69,true,true,14,92,137,P04972,9,50,0,21,0.0,0.9166666666666666,0.9777777777777777,0.9361702127659575,score,,,,Foldseek,report,report,flexible linker,47,49.87978723404255,0.8723404255319149,true,224,DKK4,false,0.11666666666666667,171,52,0.1320754716981132,false,0.8103448275862069,kmerseek.hp_pbotc_1st_ed2_k19_lcFalse,equal or higher IoU,pLDDT < 70,187
foldseek,foldseek,disprot,any_term,Q7RTP6,GO:0005515,1734,1918,1780,1914,P09372,0,137,0,32,9.0,0.7282608695652174,1.0,0.7282608695652174,53,36,true,true,6,1780,1914,P09372,0,137,0,32,9.0,0.7282608695652174,1.0,0.7282608695652174,score,,,,Foldseek,report,report,protein binding,184,58.91625,0.6304347826086957,true,2002,MICAL3,false,0.05510968432316747,66,15,0.25,false,0.5271739130434783,kmerseek.hp_pbotc_1st_ed2_k19_lcFalse,equal or higher IoU,pLDDT < 70,60
foldseek,foldseek,disprot,any_term,Q92945,GO:0044183,129,218,122,229,Q980M2,46,146,67,79,4.0,0.8317757009345794,0.8317757009345794,1.0,192,112,true,true,5,122,229,Q980M2,46,146,67,79,4.0,0.8317757009345794,0.8317757009345794,1.0,score,,,,Foldseek,report,report,protein folding chaperone,89,80.71460674157304,0.6853932584269663,true,711,KHSRP,false,0.04132231404958678,231,98,0.40404040404040403,false,0.5730337078651685,kmerseek.hp_pbotc_1st_ed2_k19_lcFalse,equal or higher IoU,pLDDT >= 70,201
foldseek,foldseek,disprot,any_term,P02533,IDPO:0000033,294,331,267,302,P53927,182,215,180,220,-6.0,0.125,0.22857142857142856,0.21621621621621623,7,5,false,false,0,,,,,,,,,,,,score,,,,Foldseek,report,report,flexible linker,37,94.7118918918919,0.0,true,472,KRT14,false,,,,,false,0.9024390243902439,kmerseek.hp_pbotc_1st_ed2_k19_lcFalse,spills,pLDDT >= 70,12
foldseek,foldseek,disprot,any_term,Q9Y613,GO:0005515,1103,1164,1097,1164,P43528,211,261,250,263,1.0,0.9104477611940298,0.9104477611940298,1.0,11,7,true,true,3,1097,1164,P43528,211,261,250,263,1.0,0.9104477611940298,0.9104477611940298,1.0,score,,,,Foldseek,report,report,protein binding,61,59.266229508196716,1.0,true,1164,FHOD1,false,0.007285974499089253,314,41,0.7619047619047619,false,0.4918032786885246,kmerseek.hp_pbotc_1st_ed2_k19_lcFalse,equal or higher IoU,pLDDT < 70,17
foldseek,foldseek,disprot,any_term,O00273,GO:0005515,11,100,17,98,P44654,55,141,130,150,11.0,0.9101123595505618,1.0,0.9101123595505618,87,50,true,true,16,17,98,P44654,55,141,130,150,11.0,0.9101123595505618,1.0,0.9101123595505618,score,,,,Foldseek,report,report,protein binding,89,71.22595505617977,0.07865168539325842,true,331,DFFA,false,0.14342629482071714,70,60,0.03278688524590164,false,0.651685393258427,kmerseek.hp_pbotc_1st_ed2_k19_lcFalse,equal or higher IoU,pLDDT >= 70,151
foldseek,foldseek,disprot,any_term,P13569,IDPO:0000045,653,838,659,841,P42759,77,259,0,260,0.0,0.9521276595744681,0.9835164835164835,0.9675675675675676,299,152,true,true,68,659,841,P42759,77,259,0,260,0.0,0.9521276595744681,0.9835164835164835,0.9675675675675676,score,,,,Foldseek,report,report,phosphorylation display site,185,33.94875675675676,0.9837837837837838,true,1480,CFTR,false,0.05850654349499615,371,35,0.5277777777777778,false,0.592964824120603,kmerseek.hp_pbotc_1st_ed2_k19_lcFalse,equal or higher IoU,pLDDT < 70,294
foldseek,foldseek,disprot,any_term,P54252,GO:0005515,193,361,198,357,Q60795,13,178,0,98,5.0,0.9464285714285714,1.0,0.9464285714285714,168,90,true,true,36,198,357,Q60795,13,178,0,98,5.0,0.9464285714285714,1.0,0.9464285714285714,score,,,,Foldseek,report,report,protein binding,168,60.15678571428572,0.6369047619047619,true,361,ATXN3,false,0.2019704433497537,100,78,0.1518987341772152,false,0.9583333333333334,kmerseek.hp_pbotc_1st_ed2_k19_lcFalse,"inside, lower IoU",pLDDT < 70,248
foldseek,foldseek,disprot,any_term,P17096,GO:0005515,0,107,0,107,P30185,45,149,0,186,2.0,1.0,1.0,1.0,78,39,true,true,33,0,107,P30185,45,149,0,186,2.0,1.0,1.0,1.0,score,,,,Foldseek,report,report,protein binding,107,65.0285046728972,1.0,true,107,HMGA1,false,1.0,40,24,0.08,false,0.9906542056074766,kmerseek.hp_pbotc_1st_ed2_k19_lcFalse,equal or higher IoU,pLDDT < 70,162
foldseek,foldseek,disprot,any_term,P04637,GO:0005515,366,386,357,390,Q9C1S9,66,99,43,96,1.0,0.6060606060606061,0.6060606060606061,1.0,145,77,true,false,0,,,,,,,,,,,,score,,,,Foldseek,report,report,protein binding,20,42.475,1.0,true,393,TP53,false,,,,,false,0.8695652173913043,kmerseek.hp_pbotc_1st_ed2_k19_lcFalse,"inside, lower IoU",pLDDT < 70,153
foldseek,foldseek,disprot,any_term,Q8N807,GO:0044183,495,580,493,583,P06836,27,144,37,51,-5.0,0.9444444444444444,0.9444444444444444,1.0,90,53,true,true,36,493,583,P06836,27,144,37,51,-5.0,0.9444444444444444,0.9444444444444444,1.0,score,,,,Foldseek,report,report,protein folding chaperone,85,46.19082352941176,1.0,true,584,PDILT,false,0.03636363636363636,428,98,0.21212121212121213,false,0.4588235294117647,kmerseek.hp_pbotc_1st_ed2_k19_lcFalse,equal or higher IoU,pLDDT < 70,209
foldseek,foldseek,disprot,any_term,P17096,GO:0060090,0,107,0,107,P30185,45,149,0,186,2.0,1.0,1.0,1.0,78,39,true,true,33,0,107,P30185,45,149,0,186,2.0,1.0,1.0,1.0,score,,,,Foldseek,report,choose,molecular adaptor activity,107,65.0285046728972,1.0,true,107,HMGA1,false,1.0,40,24,0.08,false,0.9906542056074766,kmerseek.hp_pbotc_1st_ed2_k19_lcFalse,equal or higher IoU,pLDDT < 70,162
foldseek,foldseek,disprot,any_term,P38936,GO:0120283,0,164,0,164,Q9I832,29,215,89,120,9.0,1.0,1.0,1.0,93,50,true,true,41,0,164,Q9I832,29,215,89,120,9.0,1.0,1.0,1.0,score,,,,Foldseek,report,choose,protein serine/threonine kinase binding,164,69.00341463414634,0.7195121951219512,true,164,CDKN1A,false,1.0,8,33,0.029411764705882353,false,0.4695121951219512,kmerseek.hp_pbotc_1st_ed2_k19_lcFalse,equal or higher IoU,pLDDT < 70,149
foldseek,foldseek,disprot,any_term,P51608,GO:0003676,206,310,207,311,Q9SQK3,0,100,39,112,3.0,0.9809523809523809,0.9903846153846154,0.9903846153846154,193,90,true,true,5,207,311,Q9SQK3,0,100,39,112,3.0,0.9809523809523809,0.9903846153846154,0.9903846153846154,score,,,,Foldseek,report,report,nucleic acid binding,104,49.840576923076924,1.0,true,486,MECP2,false,0.10704960835509138,174,106,0.17757009345794392,false,0.4230769230769231,kmerseek.hp_pbotc_1st_ed2_k19_lcFalse,equal or higher IoU,pLDDT < 70,167
foldseek,foldseek,disprot,any_term,Q13188,IDPO:0000033,313,427,308,421,C0J347,263,375,263,464,2.0,0.907563025210084,0.9557522123893806,0.9473684210526315,204,113,true,true,46,308,421,C0J347,263,375,263,464,2.0,0.907563025210084,0.9557522123893806,0.9473684210526315,score,,,,Foldseek,report,report,flexible linker,114,37.32631578947368,1.0,true,491,STK3,false,0.12137203166226913,181,108,0.4036697247706422,false,0.648854961832061,kmerseek.hp_pbotc_1st_ed2_k19_lcFalse,equal or higher IoU,pLDDT < 70,243
foldseek,foldseek,disprot,any_term,Q13625,GO:0042803,692,752,692,756,P04177,0,49,32,50,2.0,0.9375,0.9375,1.0,172,77,true,true,15,692,756,P04177,0,49,32,50,2.0,0.9375,0.9375,1.0,score,,,,Foldseek,report,choose,protein homodimerization activity,60,46.56016666666667,1.0,true,1128,TP53BP2,false,0.01971830985915493,170,52,0.5094339622641509,false,0.36666666666666664,kmerseek.hp_pbotc_1st_ed2_k19_lcFalse,equal or higher IoU,pLDDT < 70,144
foldseek,foldseek,disprot,any_term,P38936,GO:0005515,138,160,58,159,Q91ZE9,0,97,0,185,-15.0,0.20588235294117646,0.2079207920792079,0.9545454545454546,47,26,false,false,0,,,,,,,,,,,,score,,,,Foldseek,report,report,protein binding,22,66.16863636363637,1.0,true,164,CDKN1A,false,,,,,false,0.6153846153846154,kmerseek.hp_pbotc_1st_ed2_k19_lcFalse,spills,pLDDT < 70,77
foldseek,foldseek,disprot,any_term,P38398,GO:0005515,303,394,277,394,Q9SQK3,0,130,39,112,5.0,0.7777777777777778,0.7777777777777778,1.0,180,84,true,true,7,325,409,Q9M4V2,1,82,0,80,3.0,0.6509433962264151,0.8214285714285714,0.7582417582417582,score,,,,Foldseek,report,report,protein binding,91,33.37802197802198,1.0,true,1863,BRCA1,false,0.02247191011235955,201,22,0.43478260869565216,false,0.717391304347826,kmerseek.hp_pbotc_1st_ed2_k19_lcFalse,equal or higher IoU,pLDDT < 70,154
foldseek,foldseek,disprot,any_term,P21815,GO:0005515,257,317,115,303,O43070,328,527,476,526,-9.0,0.22772277227722773,0.24468085106382978,0.7666666666666667,68,29,false,false,0,,,,,,,,,,,,score,,,,Foldseek,report,report,protein binding,60,50.897000000000006,1.0,true,317,IBSP,false,,,,,false,0.6833333333333333,kmerseek.hp_pbotc_1st_ed2_k19_lcFalse,spills,pLDDT < 70,86
foldseek,foldseek,disprot,any_term,P55036,GO:0005515,304,377,302,367,A6Q0K5,9,76,50,60,-2.0,0.84,0.9692307692307692,0.863013698630137,197,112,true,true,8,302,367,A6Q0K5,9,76,50,60,-2.0,0.84,0.9692307692307692,0.863013698630137,score,,,,Foldseek,report,report,protein binding,73,55.51465753424658,1.0,true,377,PSMD4,false,0.07028753993610223,374,86,0.26436781609195403,false,0.5205479452054794,kmerseek.hp_pbotc_1st_ed2_k19_lcFalse,equal or higher IoU,pLDDT < 70,246
foldseek,foldseek,disprot,any_term,P04637,GO:0005515,365,386,357,390,Q9C1S9,66,99,43,96,1.0,0.6363636363636364,0.6363636363636364,1.0,145,77,true,false,0,,,,,,,,,,,,score,,,,Foldseek,report,report,protein binding,21,42.240952380952386,1.0,true,393,TP53,false,,,,,false,0.8333333333333334,kmerseek.hp_pbotc_1st_ed2_k19_lcFalse,"inside, lower IoU",pLDDT < 70,154
foldseek,foldseek,disprot,any_term,P13569,GO:0071889,761,801,747,803,O05574,38,109,49,110,-3.0,0.7142857142857143,0.7142857142857143,1.0,230,112,true,false,0,,,,,,,,,,,,score,,,,Foldseek,report,report,14-3-3 protein binding,40,30.01975,1.0,true,1480,CFTR,false,,,,,false,0.6,kmerseek.hp_pbotc_1st_ed2_k19_lcFalse,equal or higher IoU,pLDDT < 70,226
foldseek,foldseek,disprot,any_term,P42568,GO:0005515,489,568,489,566,P33328,10,70,0,91,7.0,0.9746835443037974,1.0,0.9746835443037974,268,121,true,true,25,489,566,P33328,10,70,0,91,7.0,0.9746835443037974,1.0,0.9746835443037974,score,,,,Foldseek,report,report,protein binding,79,82.33683544303797,0.11392405063291139,true,568,MLLT3,false,0.036585365853658534,83,104,0.0380952380952381,true,0.46835443037974683,kmerseek.hp_pbotc_1st_ed2_k19_lcFalse,equal or higher IoU,pLDDT >= 70,259
foldseek,foldseek,disprot,any_term,P56211,GO:0004864,75,112,74,112,P07363,226,263,227,257,-3.0,0.9736842105263158,0.9736842105263158,1.0,38,23,true,true,2,74,112,P07363,226,263,227,257,-3.0,0.9736842105263158,0.9736842105263158,1.0,score,,,,Foldseek,report,report,protein phosphatase inhibitor activity,37,66.3427027027027,1.0,true,112,ARPP19,false,0.09333333333333334,61,23,0.2916666666666667,false,0.5405405405405406,kmerseek.hp_pbotc_1st_ed2_k19_lcFalse,equal or higher IoU,pLDDT < 70,70
foldseek,foldseek,disprot,any_term,O14936,GO:0005515,393,460,391,448,P11632,10,77,0,25,8.0,0.7971014492753623,0.9649122807017544,0.8208955223880597,249,136,true,true,5,391,448,P11632,10,77,0,25,8.0,0.7971014492753623,0.9649122807017544,0.8208955223880597,score,,,,Foldseek,report,report,protein binding,67,77.15,0.1044776119402985,true,926,CASK,false,0.03793103448275862,115,77,0.08974358974358974,false,0.6567164179104478,kmerseek.hp_pbotc_1st_ed2_k19_lcFalse,equal or higher IoU,pLDDT >= 70,260
foldseek,foldseek,disprot,any_term,O75533,GO:1990935,189,344,182,345,P27577,140,299,243,301,-2.0,0.950920245398773,0.950920245398773,1.0,279,127,true,true,10,182,345,P27577,140,299,243,301,-2.0,0.950920245398773,0.950920245398773,1.0,score,,,,Foldseek,report,choose,splicing factor binding,155,33.12025806451613,1.0,true,1304,SF3B1,false,0.049912434325744305,407,43,0.7045454545454546,false,0.5612903225806452,kmerseek.hp_pbotc_1st_ed2_k19_lcFalse,equal or higher IoU,pLDDT < 70,188
foldseek,foldseek,disprot,any_term,P42226,GO:0005515,782,814,761,841,Q8GT36,0,83,0,103,0.0,0.4,0.4,1.0,141,68,false,false,0,,,,,,,,,,,,score,,,,Foldseek,report,report,protein binding,32,40.1121875,1.0,true,847,STAT6,false,,,,,false,0.8,kmerseek.hp_pbotc_1st_ed2_k19_lcFalse,spills,pLDDT < 70,138
foldseek,foldseek,disprot,any_term,Q9Y6G9,GO:0005515,387,523,386,523,A0A8I6XZQ2,174,299,171,355,-4.0,0.9927007299270073,0.9927007299270073,1.0,224,113,true,true,39,386,523,A0A8I6XZQ2,174,299,171,250,-4.0,0.9927007299270073,0.9927007299270073,1.0,score,,,,Foldseek,report,report,protein binding,136,44.02867647058823,1.0,true,523,DYNC1LI1,false,0.06976744186046512,408,107,0.7314814814814815,false,0.4264705882352941,kmerseek.hp_pbotc_1st_ed2_k19_lcFalse,equal or higher IoU,pLDDT < 70,228
foldseek,foldseek,disprot,any_term,Q9NR61,GO:0005515,552,685,558,676,O43070,354,503,476,526,4.0,0.8872180451127819,1.0,0.8872180451127819,192,100,true,true,39,558,676,O43070,354,503,476,526,4.0,0.8872180451127819,1.0,0.8872180451127819,score,,,,Foldseek,report,report,protein binding,133,37.275263157894734,0.8195488721804511,true,685,DLL4,false,0.06866197183098592,117,96,0.17525773195876287,false,0.3383458646616541,kmerseek.hp_pbotc_1st_ed2_k19_lcFalse,equal or higher IoU,pLDDT < 70,244
foldseek,foldseek,disprot,any_term,Q6FI81,GO:0005506,172,266,169,266,P53927,3,86,0,80,12.0,0.9690721649484536,0.9690721649484536,1.0,141,78,true,true,28,169,266,P53927,3,86,0,80,12.0,0.9690721649484536,0.9690721649484536,1.0,score,,,,Foldseek,report,report,iron ion binding,94,66.86117021276596,1.0,true,312,CIAPIN1,false,0.16666666666666666,53,55,0.14285714285714285,false,0.44680851063829785,kmerseek.hp_pbotc_1st_ed2_k19_lcFalse,equal or higher IoU,pLDDT < 70,220
foldseek,foldseek,disprot,any_term,Q9C000,GO:0005515,30,50,7,52,A0A068MVV3,12,54,0,65,-7.0,0.4444444444444444,0.4444444444444444,1.0,86,50,false,false,0,,,,,,,,,,,,score,,,,Foldseek,report,report,protein binding,20,45.0675,1.0,true,1473,NLRP1,false,,,,,false,0.9090909090909091,kmerseek.hp_pbotc_1st_ed2_k19_lcFalse,spills,pLDDT < 70,98
foldseek,foldseek,disprot,any_term,P38398,GO:0030308,303,394,277,394,Q9SQK3,0,130,39,112,5.0,0.7777777777777778,0.7777777777777778,1.0,180,84,true,true,7,325,409,Q9M4V2,1,82,0,80,3.0,0.6509433962264151,0.8214285714285714,0.7582417582417582,score,,,,Foldseek,report,choose,negative regulation of cell growth,91,33.37802197802198,1.0,true,1863,BRCA1,false,0.02247191011235955,201,22,0.43478260869565216,false,0.717391304347826,kmerseek.hp_pbotc_1st_ed2_k19_lcFalse,equal or higher IoU,pLDDT < 70,154
foldseek,foldseek,disprot,any_term,P17096,GO:0003723,0,107,0,107,P30185,45,149,0,186,2.0,1.0,1.0,1.0,78,39,true,true,33,0,107,P30185,45,149,0,186,2.0,1.0,1.0,1.0,score,,,,Foldseek,report,choose,RNA binding,107,65.0285046728972,1.0,true,107,HMGA1,false,1.0,40,24,0.08,false,0.9906542056074766,kmerseek.hp_pbotc_1st_ed2_k19_lcFalse,equal or higher IoU,pLDDT < 70,162
foldseek,foldseek,disprot,any_term,Q13148,GO:0043232,262,414,263,414,P27577,133,277,243,301,0.0,0.993421052631579,1.0,0.993421052631579,159,84,true,true,32,263,414,P27577,133,277,243,301,0.0,0.993421052631579,1.0,0.993421052631579,score,,,,Foldseek,report,choose,intracellular non-membrane-bounded organelle,152,43.31473684210526,1.0,true,414,TARDBP,false,0.12121212121212122,302,108,0.48623853211009177,false,0.3684210526315789,kmerseek.hp_pbotc_1st_ed2_k19_lcFalse,equal or higher IoU,pLDDT < 70,196
foldseek,foldseek,disprot,any_term,O43663,GO:0005515,466,620,465,620,P21513,605,767,627,843,6.0,0.9935483870967742,0.9935483870967742,1.0,166,82,true,true,44,465,620,P21513,605,767,627,843,6.0,0.9935483870967742,0.9935483870967742,1.0,score,,,,Foldseek,report,report,protein binding,154,40.76149350649351,1.0,true,620,PRC1,false,0.06652360515021459,70,97,0.11224489795918367,false,0.6493506493506493,kmerseek.hp_pbotc_1st_ed2_k19_lcFalse,equal or higher IoU,pLDDT < 70,187
foldseek,foldseek,disprot,any_term,O75683,GO:0140693,0,182,2,175,Q9A8N4,8,175,0,133,3.0,0.9505494505494505,1.0,0.9505494505494505,133,65,true,true,38,2,175,Q9A8N4,8,175,0,133,3.0,0.9505494505494505,1.0,0.9505494505494505,score,,,,Foldseek,report,choose,molecular condensate scaffold activity,182,62.23335164835164,0.9505494505494505,true,361,SURF6,false,0.2328042328042328,49,78,0.012658227848101266,false,0.4262295081967213,kmerseek.hp_pbotc_1st_ed2_k19_lcFalse,equal or higher IoU,pLDDT < 70,179
foldseek,foldseek,disprot,any_term,Q7RTP6,GO:0051179,1734,1918,1780,1914,P09372,0,137,0,32,9.0,0.7282608695652174,1.0,0.7282608695652174,53,36,true,true,6,1780,1914,P09372,0,137,0,32,9.0,0.7282608695652174,1.0,0.7282608695652174,score,,,,Foldseek,report,report,localization,184,58.91625,0.6304347826086957,true,2002,MICAL3,false,0.05510968432316747,66,15,0.25,false,0.5271739130434783,kmerseek.hp_pbotc_1st_ed2_k19_lcFalse,equal or higher IoU,pLDDT < 70,60
foldseek,foldseek,disprot,any_term,Q16186,IDPO:0000033,131,252,129,248,P07516,47,202,0,202,3.0,0.9512195121951219,0.9831932773109243,0.9669421487603306,291,152,true,true,14,129,248,P07516,47,202,0,202,3.0,0.9512195121951219,0.9831932773109243,0.9669421487603306,score,,,,Foldseek,report,report,flexible linker,121,47.94123966942149,1.0,true,407,ADRM1,false,0.1695501730103806,271,106,0.21495327102803738,false,0.5275590551181102,kmerseek.hp_pbotc_1st_ed2_k19_lcFalse,equal or higher IoU,pLDDT < 70,286
foldseek,foldseek,disprot,any_term,O60927,GO:0019902,0,126,0,126,P42758,34,175,61,82,6.0,1.0,1.0,1.0,56,32,true,true,23,0,126,P42758,34,175,34,55,6.0,1.0,1.0,1.0,score,,,,Foldseek,report,choose,phosphatase binding,126,65.91150793650795,1.0,true,126,PPP1R11,false,1.0,3,26,0.037037037037037035,false,0.746031746031746,kmerseek.hp_pbotc_1st_ed2_k19_lcFalse,equal or higher IoU,pLDDT < 70,147
foldseek,foldseek,disprot,any_term,P11387,GO:0003677,0,174,0,173,Q05344,474,720,518,554,-3.0,0.9942528735632183,1.0,0.9942528735632183,128,63,true,true,42,0,173,Q05344,474,720,518,554,-3.0,0.9942528735632183,1.0,0.9942528735632183,score,,,,Foldseek,report,report,DNA binding,174,36.0332183908046,1.0,true,765,TOP1,false,0.06070826306913996,451,100,0.9306930693069307,false,0.945054945054945,kmerseek.hp_pbotc_1st_ed2_k19_lcFalse,equal or higher IoU,pLDDT < 70,154
foldseek,foldseek,disprot,any_term,P38936,GO:0001934,0,164,0,164,Q9I832,29,215,89,120,9.0,1.0,1.0,1.0,93,50,true,true,41,0,164,Q9I832,29,215,89,120,9.0,1.0,1.0,1.0,score,,,,Foldseek,report,report,positive regulation of protein phosphorylation,164,69.00341463414634,0.7195121951219512,true,164,CDKN1A,false,1.0,8,33,0.029411764705882353,false,0.4695121951219512,kmerseek.hp_pbotc_1st_ed2_k19_lcFalse,equal or higher IoU,pLDDT < 70,149
foldseek,foldseek,disprot,any_term,Q9UKT4,GO:0098772,420,447,391,430,P01050,24,62,54,64,1.0,0.17857142857142858,0.2564102564102564,0.37037037037037035,2,1,false,false,0,,,,,,,,,,,,score,,,,Foldseek,report,report,molecular function regulator,27,58.93185185185185,0.5555555555555556,true,447,FBXO5,false,,,,,false,0.9285714285714286,kmerseek.hp_pbotc_1st_ed2_k19_lcFalse,spills,pLDDT < 70,4
foldseek,foldseek,disprot,any_term,P14859,IDPO:0000033,354,379,355,382,P0AE72,54,81,67,82,2.0,0.8571428571428571,0.8888888888888888,0.96,239,126,true,true,1,355,382,P0AE72,54,81,67,82,2.0,0.8571428571428571,0.8888888888888888,0.96,score,,,,Foldseek,report,report,flexible linker,25,48.8592,1.0,true,743,POU2F1,false,0.012552301255230125,180,94,0.3684210526315789,false,0.7407407407407407,kmerseek.hp_pbotc_1st_ed2_k19_lcFalse,equal or higher IoU,pLDDT < 70,205
foldseek,foldseek,disprot,any_term,Q9UBK2,GO:0005515,1,220,1,214,Q22472,138,357,0,378,4.0,0.9726027397260274,1.0,0.9726027397260274,269,120,true,true,39,1,214,Q22472,138,357,0,378,4.0,0.9726027397260274,1.0,0.9726027397260274,score,,,,Foldseek,report,report,protein binding,219,49.19452054794521,1.0,true,798,PPARGC1A,false,0.08532423208191127,132,96,0.041237113402061855,false,0.3150684931506849,kmerseek.hp_pbotc_1st_ed2_k19_lcFalse,equal or higher IoU,pLDDT < 70,194
foldseek,foldseek,disprot,any_term,P11387,GO:0140693,0,214,1,212,P21513,582,791,627,843,14.0,0.985981308411215,1.0,0.985981308411215,128,63,true,true,46,1,212,P21513,582,791,627,843,14.0,0.985981308411215,1.0,0.985981308411215,score,,,,Foldseek,report,choose,molecular condensate scaffold activity,214,39.66168224299066,0.9392523364485982,true,765,TOP1,false,0.08288288288288288,29,100,0.04950495049504951,false,0.8888888888888888,kmerseek.hp_pbotc_1st_ed2_k19_lcFalse,equal or higher IoU,pLDDT < 70,155
foldseek,foldseek,disprot,any_term,Q13148,GO:0140693,266,414,263,414,P27577,133,277,243,301,0.0,0.9801324503311258,0.9801324503311258,1.0,157,83,true,true,31,263,414,P27577,133,277,243,301,0.0,0.9801324503311258,0.9801324503311258,1.0,score,,,,Foldseek,report,choose,molecular condensate scaffold activity,148,43.266824324324325,1.0,true,414,TARDBP,false,0.10606060606060606,302,108,0.48623853211009177,false,0.3783783783783784,kmerseek.hp_pbotc_1st_ed2_k19_lcFalse,equal or higher IoU,pLDDT < 70,194
foldseek,foldseek,disprot,any_term,P10451,GO:0005509,0,314,10,314,Q27974,398,745,546,813,0.0,0.9681528662420382,1.0,0.9681528662420382,95,48,true,true,30,10,314,Q27974,398,745,546,813,0.0,0.9681528662420382,1.0,0.9681528662420382,score,,,,Foldseek,report,choose,calcium ion binding,314,53.406305732484086,1.0,true,314,SPP1,false,1.0,68,56,0.15789473684210525,false,0.5987261146496815,kmerseek.hp_pbotc_1st_ed2_k19_lcFalse,equal or higher IoU,pLDDT < 70,120
foldseek,foldseek,disprot,any_term,P06748,IDPO:0000059,119,188,117,205,Q9R194,518,592,488,592,-4.0,0.7840909090909091,0.7840909090909091,1.0,156,84,true,true,6,120,161,Q86FP8,26,65,19,80,0.0,0.5942028985507246,1.0,0.5942028985507246,score,,,,Foldseek,report,choose,self-inhibition,69,51.66550724637681,1.0,true,294,NPM1,false,0.17716535433070865,320,52,0.33962264150943394,false,0.9714285714285714,kmerseek.hp_pbotc_1st_ed2_k19_lcFalse,"inside, lower IoU",pLDDT < 70,214
foldseek,foldseek,disprot,any_term,Q9UHD9,GO:0140693,449,576,450,577,Q01231,221,335,250,355,-8.0,0.984375,0.9921259842519685,0.9921259842519685,142,84,true,true,16,450,577,Q01231,221,335,250,355,-8.0,0.984375,0.9921259842519685,0.9921259842519685,score,,,,Foldseek,report,choose,molecular condensate scaffold activity,127,52.61488188976378,0.9212598425196851,true,624,UBQLN2,false,0.10240963855421686,375,99,0.67,false,0.30708661417322836,kmerseek.hp_pbotc_1st_ed2_k19_lcFalse,equal or higher IoU,pLDDT < 70,196
foldseek,foldseek,disprot,any_term,P04637,GO:0005515,366,388,357,390,Q9C1S9,66,99,43,96,1.0,0.6666666666666666,0.6666666666666666,1.0,145,77,true,false,0,,,,,,,,,,,,score,,,,Foldseek,report,report,protein binding,22,42.89954545454545,1.0,true,393,TP53,false,,,,,false,0.9565217391304348,kmerseek.hp_pbotc_1st_ed2_k19_lcFalse,"inside, lower IoU",pLDDT < 70,153
foldseek,foldseek,disprot,any_term,P38936,GO:0140678,0,164,0,164,Q9I832,29,215,89,120,9.0,1.0,1.0,1.0,93,50,true,true,41,0,164,Q9I832,29,215,89,120,9.0,1.0,1.0,1.0,score,,,,Foldseek,report,choose,molecular function inhibitor activity,164,69.00341463414634,0.7195121951219512,true,164,CDKN1A,false,1.0,8,33,0.029411764705882353,false,0.4695121951219512,kmerseek.hp_pbotc_1st_ed2_k19_lcFalse,equal or higher IoU,pLDDT < 70,149
foldseek,foldseek,disprot,any_term,P62328,GO:0005515,16,44,16,43,Q9QUG2,547,574,559,582,-1.0,0.9642857142857143,1.0,0.9642857142857143,27,9,true,true,3,16,43,Q9QUG2,547,574,559,582,-1.0,0.9642857142857143,1.0,0.9642857142857143,score,,,,Foldseek,report,report,protein binding,28,81.99607142857143,1.0,true,44,TMSB4X,false,0.3888888888888889,36,0,1.0,false,1.0,kmerseek.hp_pbotc_1st_ed2_k19_lcFalse,"inside, lower IoU",pLDDT >= 70,51
foldseek,foldseek,disprot,any_term,Q9H981,GO:0005515,400,507,399,503,Q9JM54,0,87,15,42,5.0,0.9537037037037037,0.9903846153846154,0.9626168224299065,197,121,true,true,40,399,503,Q9JM54,0,87,15,42,5.0,0.9537037037037037,0.9903846153846154,0.9626168224299065,score,,,,Foldseek,report,report,protein binding,107,54.71616822429907,0.7476635514018691,true,624,ACTR8,false,0.08445297504798464,147,99,0.1,false,0.6864406779661016,kmerseek.hp_pbotc_1st_ed2_k19_lcFalse,equal or higher IoU,pLDDT < 70,315
foldseek,foldseek,disprot,any_term,P37231,GO:0003676,174,211,174,234,P0C079,0,69,46,79,3.0,0.6166666666666667,0.6166666666666667,1.0,139,69,true,false,0,,,,,,,,,,,,score,,,,Foldseek,report,report,nucleic acid binding,37,94.27378378378378,0.0,true,505,PPARG,false,,,,,false,0.8409090909090909,kmerseek.hp_pbotc_1st_ed2_k19_lcFalse,"inside, lower IoU",pLDDT >= 70,128
foldseek,foldseek,disprot,any_term,Q8WV28,GO:0008289,4,50,4,53,O94742,0,44,0,70,5.0,0.9387755102040817,0.9387755102040817,1.0,91,45,true,true,7,4,53,O94742,0,44,0,70,5.0,0.9387755102040817,0.9387755102040817,1.0,score,,,,Foldseek,report,report,lipid binding,46,71.10782608695652,0.5869565217391305,true,456,BLNK,false,0.02696078431372549,127,113,0.08771929824561403,false,0.9019607843137255,kmerseek.hp_pbotc_1st_ed2_k19_lcFalse,equal or higher IoU,pLDDT >= 70,100
foldseek,foldseek,disprot,any_term,Q13148,GO:0043232,265,414,263,414,P27577,133,277,243,301,0.0,0.9867549668874173,0.9867549668874173,1.0,159,84,true,true,31,263,414,P27577,133,277,243,301,0.0,0.9867549668874173,0.9867549668874173,1.0,score,,,,Foldseek,report,choose,intracellular non-membrane-bounded organelle,149,43.241140939597315,1.0,true,414,TARDBP,false,0.10984848484848485,302,108,0.48623853211009177,false,0.37583892617449666,kmerseek.hp_pbotc_1st_ed2_k19_lcFalse,equal or higher IoU,pLDDT < 70,195
foldseek,foldseek,disprot,any_term,Q07157,IDPO:0000033,588,627,577,630,O25555,65,125,95,125,1.0,0.7358490566037735,0.7358490566037735,1.0,81,48,true,false,0,,,,,,,,,,,,score,,,,Foldseek,report,report,flexible linker,39,46.98179487179487,0.6153846153846154,true,1748,TJP1,false,,,,,false,0.8536585365853658,kmerseek.hp_pbotc_1st_ed2_k19_lcFalse,"inside, lower IoU",pLDDT < 70,77
foldseek,foldseek,disprot,any_term,Q13625,GO:0005515,483,692,488,752,Q6GX35,628,943,725,825,-4.0,0.758364312267658,0.7727272727272727,0.9760765550239234,179,79,true,true,2,523,726,Q9LUA9,118,315,174,208,0.0,0.6954732510288066,0.8325123152709359,0.8086124401913876,score,,,,Foldseek,report,report,protein binding,209,35.06693779904306,1.0,true,1128,TP53BP2,false,0.0939524838012959,309,52,0.32075471698113206,false,0.3014354066985646,kmerseek.hp_pbotc_1st_ed2_k19_lcFalse,equal or higher IoU,pLDDT < 70,134
foldseek,foldseek,disprot,any_term,Q01970,IDPO:0000033,882,933,863,930,Q86FP9,1,71,49,73,5.0,0.6857142857142857,0.7164179104477612,0.9411764705882353,75,46,true,false,0,,,,,,,,,,,,score,,,,Foldseek,report,report,flexible linker,51,34.169411764705885,1.0,true,1234,PLCB3,false,,,,,false,0.7647058823529411,kmerseek.hp_pbotc_1st_ed2_k19_lcFalse,"inside, lower IoU",pLDDT < 70,94
foldseek,foldseek,disprot,any_term,Q01970,GO:0060090,933,1192,923,1193,G3V7P1,0,252,181,250,22.0,0.9592592592592593,0.9592592592592593,1.0,96,62,true,true,20,923,1193,G3V7P1,0,252,181,250,22.0,0.9592592592592593,0.9592592592592593,1.0,score,,,,Foldseek,report,choose,molecular adaptor activity,259,82.98316602316602,0.277992277992278,true,1234,PLCB3,false,0.08911917098445596,29,42,0.20930232558139536,false,0.4247104247104247,kmerseek.hp_pbotc_1st_ed2_k19_lcFalse,equal or higher IoU,pLDDT >= 70,116
foldseek,foldseek,disprot,any_term,O15234,GO:1902280,136,283,153,289,P42759,0,133,0,260,-4.0,0.8496732026143791,0.9558823529411765,0.8843537414965986,139,53,true,true,9,153,289,P42759,0,133,0,260,-4.0,0.8496732026143791,0.9558823529411765,0.8843537414965986,score,,,,Foldseek,report,choose,regulation of RNA helicase activity,147,70.22795918367348,1.0,true,703,CASC3,false,0.11619718309859155,230,97,0.22448979591836735,false,0.673469387755102,kmerseek.hp_pbotc_1st_ed2_k19_lcFalse,equal or higher IoU,pLDDT >= 70,89
foldseek,foldseek,disprot,any_term,P31321,IDPO:0000033,58,81,56,103,P83917,63,120,78,103,0.0,0.48936170212765956,0.48936170212765956,1.0,164,92,false,false,0,,,,,,,,,,,,score,,,,Foldseek,report,report,flexible linker,23,64.65,0.6956521739130435,true,381,PRKAR1B,false,,,,,false,0.7916666666666666,kmerseek.hp_pbotc_1st_ed2_k19_lcFalse,spills,pLDDT < 70,226
foldseek,foldseek,disprot,any_term,P04004,GO:0005515,0,71,4,111,Q6MRH6,1,101,0,101,11.0,0.6036036036036037,0.6261682242990654,0.9436619718309859,9,5,true,false,0,,,,,,,,,,,,score,,,,Foldseek,report,report,protein binding,71,70.36915492957746,0.2676056338028169,true,478,VTN,false,,,,,false,0.7183098591549296,kmerseek.hp_pbotc_1st_ed2_k19_lcFalse,"inside, lower IoU",pLDDT >= 70,14
foldseek,foldseek,disprot,any_term,P11387,IDPO:0000033,635,712,637,712,D2JX42,53,127,0,143,8.0,0.974025974025974,1.0,0.974025974025974,71,46,true,true,7,637,712,D2JX42,53,127,0,143,8.0,0.974025974025974,1.0,0.974025974025974,score,,,,Foldseek,report,report,flexible linker,77,92.9916883116883,0.0,true,765,TOP1,false,0.04775687409551375,63,100,0.09900990099009901,false,0.44155844155844154,kmerseek.hp_pbotc_1st_ed2_k19_lcFalse,equal or higher IoU,pLDDT >= 70,131
foldseek,foldseek,disprot,any_term,P38398,GO:0003677,935,1057,786,1083,Q99LM3,0,314,0,341,-9.0,0.4107744107744108,0.4107744107744108,1.0,43,20,true,false,0,,,,,,,,,,,,score,,,,Foldseek,report,report,DNA binding,122,28.31827868852459,1.0,true,1863,BRCA1,false,,,,,false,0.45081967213114754,kmerseek.hp_pbotc_1st_ed2_k19_lcFalse,"inside, lower IoU",pLDDT < 70,29
foldseek,foldseek,disprot,any_term,Q13162,GO:0140313,0,271,0,271,O08807,0,274,243,263,1531.0,1.0,1.0,1.0,123,75,true,true,35,0,271,O08807,0,274,243,263,1531.0,1.0,1.0,1.0,score,,,,Foldseek,report,choose,molecular sequestering activity,271,84.32531365313653,0.15498154981549817,true,271,PRDX4,false,1.0,1,49,0.02,false,0.9298892988929889,kmerseek.hp_pbotc_1st_ed2_k19_lcFalse,equal or higher IoU,pLDDT >= 70,345
foldseek,foldseek,disprot,any_term,Q13148,GO:0003677,262,414,263,414,P27577,133,277,243,301,0.0,0.993421052631579,1.0,0.993421052631579,159,84,true,true,32,263,414,P27577,133,277,243,301,0.0,0.993421052631579,1.0,0.993421052631579,score,,,,Foldseek,report,report,DNA binding,152,43.31473684210526,1.0,true,414,TARDBP,false,0.12121212121212122,302,108,0.48623853211009177,false,0.3684210526315789,kmerseek.hp_pbotc_1st_ed2_k19_lcFalse,equal or higher IoU,pLDDT < 70,196
foldseek,foldseek,disprot,any_term,P22626,GO:0140693,189,341,192,339,Q24246,65,208,108,135,0.0,0.9671052631578947,1.0,0.9671052631578947,165,85,true,true,17,192,339,Q24246,65,208,108,135,0.0,0.9671052631578947,1.0,0.9671052631578947,score,,,,Foldseek,report,choose,molecular condensate scaffold activity,152,42.5653947368421,0.9736842105263158,true,353,HNRNPA2B1,false,0.22705314009661837,319,73,0.581081081081081,false,0.8109756097560976,kmerseek.hp_pbotc_1st_ed2_k19_lcFalse,equal or higher IoU,pLDDT < 70,272
foldseek,foldseek,disprot,any_term,O14958,GO:0005509,370,399,351,399,P00127,0,62,0,72,-5.0,0.6041666666666666,0.6041666666666666,1.0,15,8,true,false,0,,,,,,,,,,,,score,,,,Foldseek,report,choose,calcium ion binding,29,53.923793103448276,1.0,true,399,CASQ2,false,,,,,false,1.0,kmerseek.hp_pbotc_1st_ed2_k19_lcFalse,"inside, lower IoU",pLDDT < 70,18
foldseek,foldseek,disprot,any_term,P78504,IDPO:0000031,1093,1218,1096,1218,P38634,4,138,0,90,-3.0,0.976,1.0,0.976,227,113,true,true,21,1096,1218,P38634,4,138,0,90,-3.0,0.976,1.0,0.976,score,,,,Foldseek,report,choose,flexible C-terminal tail,125,35.560480000000005,1.0,true,1218,JAG1,false,0.02552415679124886,416,40,0.4878048780487805,false,0.552,kmerseek.hp_pbotc_1st_ed2_k19_lcFalse,equal or higher IoU,pLDDT < 70,253
foldseek,foldseek,disprot,any_term,P78504,GO:0031625,1190,1210,1114,1217,Q9SQK3,0,92,39,112,-8.0,0.1941747572815534,0.1941747572815534,1.0,94,52,false,false,0,,,,,,,,,,,,score,,,,Foldseek,report,report,ubiquitin protein ligase binding,20,34.5385,1.0,true,1218,JAG1,false,,,,,false,0.9047619047619048,kmerseek.hp_pbotc_1st_ed2_k19_lcFalse,spills,pLDDT < 70,135
foldseek,foldseek,disprot,any_term,Q13625,GO:0042803,692,918,660,833,O82132,140,334,167,335,1.0,0.5465116279069767,0.815028901734104,0.6238938053097345,176,80,true,true,7,660,833,O82132,140,334,167,335,1.0,0.5465116279069767,0.815028901734104,0.6238938053097345,score,,,,Foldseek,report,choose,protein homodimerization activity,226,41.467566371681414,1.0,true,1128,TP53BP2,false,0.12761506276150628,206,52,0.2830188679245283,false,0.3141592920353982,kmerseek.hp_pbotc_1st_ed2_k19_lcFalse,equal or higher IoU,pLDDT < 70,149
foldseek,foldseek,disprot,any_term,Q14722,IDPO:0000032,0,62,0,62,P32628,92,158,76,147,1.0,1.0,1.0,1.0,101,58,true,true,23,0,62,P32628,92,158,76,147,1.0,1.0,1.0,1.0,score,,,,Foldseek,report,report,flexible N-terminal tail,62,41.20548387096775,0.8387096774193549,true,419,KCNAB1,false,0.036312849162011177,238,108,0.3761467889908257,false,0.6451612903225806,kmerseek.hp_pbotc_1st_ed2_k19_lcFalse,equal or higher IoU,pLDDT < 70,172
foldseek,foldseek,disprot,any_term,O60829,GO:0003676,0,102,0,88,Q9DCL8,0,93,0,11,4.0,0.8627450980392157,1.0,0.8627450980392157,75,38,true,true,27,0,88,Q9DCL8,0,93,56,129,4.0,0.8627450980392157,1.0,0.8627450980392157,score,,,,Foldseek,report,report,nucleic acid binding,102,62.933137254901965,1.0,true,102,PAGE4,false,1.0,23,20,0.09523809523809523,false,0.46078431372549017,kmerseek.hp_pbotc_1st_ed2_k19_lcFalse,equal or higher IoU,pLDDT < 70,180
foldseek,foldseek,disprot,any_term,P04083,GO:0051179,115,185,112,184,P27782,300,357,301,319,1.0,0.9452054794520548,0.9583333333333334,0.9857142857142858,112,76,true,true,3,112,184,P27782,300,357,301,319,1.0,0.9452054794520548,0.9583333333333334,0.9857142857142858,score,,,,Foldseek,report,report,localization,70,97.98142857142857,0.0,true,346,ANXA1,false,0.09818181818181818,247,66,0.373134328358209,false,0.44285714285714284,kmerseek.hp_pbotc_1st_ed2_k19_lcFalse,equal or higher IoU,pLDDT >= 70,239
foldseek,foldseek,disprot,any_term,P42568,GO:0060090,489,568,489,566,P33328,10,70,0,91,7.0,0.9746835443037974,1.0,0.9746835443037974,268,121,true,true,25,489,566,P33328,10,70,0,91,7.0,0.9746835443037974,1.0,0.9746835443037974,score,,,,Foldseek,report,choose,molecular adaptor activity,79,82.33683544303797,0.11392405063291139,true,568,MLLT3,false,0.036585365853658534,83,104,0.0380952380952381,true,0.46835443037974683,kmerseek.hp_pbotc_1st_ed2_k19_lcFalse,equal or higher IoU,pLDDT >= 70,259
foldseek,foldseek,disprot,any_term,P04156,GO:0060090,22,124,19,122,P08592,601,699,671,687,-20.0,0.9523809523809523,0.970873786407767,0.9803921568627451,99,58,true,true,15,19,122,P08592,601,699,671,687,-20.0,0.9523809523809523,0.970873786407767,0.9803921568627451,score,,,,Foldseek,report,choose,molecular adaptor activity,102,40.65196078431372,1.0,true,253,PRNP,false,0.26490066225165565,302,54,0.7818181818181819,false,0.6851851851851852,kmerseek.hp_pbotc_1st_ed2_k19_lcFalse,equal or higher IoU,pLDDT < 70,182
foldseek,foldseek,disprot,any_term,P56211,GO:0051721,85,112,74,112,P07363,226,263,227,257,-3.0,0.7105263157894737,0.7105263157894737,1.0,38,23,true,false,0,,,,,,,,,,,,score,,,,Foldseek,report,choose,protein phosphatase 2A binding,27,73.69037037037036,1.0,true,112,ARPP19,false,,,,,false,0.5161290322580645,kmerseek.hp_pbotc_1st_ed2_k19_lcFalse,equal or higher IoU,pLDDT >= 70,69
foldseek,foldseek,disprot,any_term,O60927,GO:0004864,0,126,0,126,P42758,34,175,61,82,6.0,1.0,1.0,1.0,56,32,true,true,23,0,126,P42758,34,175,0,193,6.0,1.0,1.0,1.0,score,,,,Foldseek,report,report,protein phosphatase inhibitor activity,126,65.91150793650795,1.0,true,126,PPP1R11,false,1.0,3,26,0.037037037037037035,false,0.746031746031746,kmerseek.hp_pbotc_1st_ed2_k19_lcFalse,equal or higher IoU,pLDDT < 70,147
foldseek,foldseek,disprot,any_term,P38936,IDPO:0000046,0,164,0,164,Q9I832,29,215,89,120,9.0,1.0,1.0,1.0,93,50,true,true,41,0,164,Q9I832,29,215,89,120,9.0,1.0,1.0,1.0,score,,,,Foldseek,report,choose,ubiquitination display site,164,69.00341463414634,0.7195121951219512,true,164,CDKN1A,false,1.0,8,33,0.029411764705882353,false,0.4695121951219512,kmerseek.hp_pbotc_1st_ed2_k19_lcFalse,equal or higher IoU,pLDDT < 70,149
foldseek,foldseek,disprot,any_term,P38398,GO:0003677,497,663,372,668,O88339,235,575,143,575,4.0,0.5608108108108109,0.5608108108108109,1.0,86,36,true,false,0,,,,,,,,,,,,score,,,,Foldseek,report,report,DNA binding,166,30.568554216867472,1.0,true,1863,BRCA1,false,,,,,false,0.4759036144578313,kmerseek.hp_pbotc_1st_ed2_k19_lcFalse,equal or higher IoU,pLDDT < 70,51
foldseek,foldseek,disprot,any_term,P38936,GO:0140678,0,94,1,93,P12464,90,173,95,104,4.0,0.9787234042553191,1.0,0.9787234042553191,93,50,true,true,15,1,93,P12464,90,173,95,104,4.0,0.9787234042553191,1.0,0.9787234042553191,score,,,,Foldseek,report,choose,molecular function inhibitor activity,94,79.63946808510637,0.5106382978723404,true,164,CDKN1A,false,0.2876712328767123,27,33,0.029411764705882353,false,0.8191489361702128,kmerseek.hp_pbotc_1st_ed2_k19_lcFalse,equal or higher IoU,pLDDT >= 70,147
foldseek,foldseek,disprot,any_term,Q01970,IDPO:0000033,470,572,469,571,P04273,22,106,22,106,0.0,0.9805825242718447,0.9901960784313726,0.9901960784313726,79,51,true,true,29,469,571,P04273,22,106,22,106,0.0,0.9805825242718447,0.9901960784313726,0.9901960784313726,score,,,,Foldseek,report,report,flexible linker,102,35.1985294117647,1.0,true,1234,PLCB3,false,0.03618711385701677,358,42,0.5813953488372093,false,0.5046728971962616,kmerseek.hp_pbotc_1st_ed2_k19_lcFalse,equal or higher IoU,pLDDT < 70,150
foldseek,foldseek,disprot,any_term,Q7RTP6,GO:0060090,1734,1918,1780,1914,P09372,0,137,0,32,9.0,0.7282608695652174,1.0,0.7282608695652174,53,36,true,true,6,1780,1914,P09372,0,137,0,32,9.0,0.7282608695652174,1.0,0.7282608695652174,score,,,,Foldseek,report,choose,molecular adaptor activity,184,58.91625,0.6304347826086957,true,2002,MICAL3,false,0.05510968432316747,66,15,0.25,false,0.5271739130434783,kmerseek.hp_pbotc_1st_ed2_k19_lcFalse,equal or higher IoU,pLDDT < 70,60
foldseek,foldseek,disprot,any_term,Q01970,GO:0140677,882,933,863,930,Q86FP9,1,71,49,73,5.0,0.6857142857142857,0.7164179104477612,0.9411764705882353,75,46,true,false,0,,,,,,,,,,,,score,,,,Foldseek,report,choose,molecular function activator activity,51,34.169411764705885,1.0,true,1234,PLCB3,false,,,,,false,0.7647058823529411,kmerseek.hp_pbotc_1st_ed2_k19_lcFalse,"inside, lower IoU",pLDDT < 70,94
foldseek,foldseek,disprot,any_term,P04908,IDPO:0000042,0,27,0,90,Q47184,0,85,0,30,11.0,0.3,0.3,1.0,37,19,false,false,0,,,,,,,,,,,,score,,,,Foldseek,report,choose,methylation display site,27,79.87444444444445,0.8148148148148148,true,130,H2AC4,false,,,,,false,0.75,kmerseek.hp_pbotc_1st_ed2_k19_lcFalse,spills,pLDDT >= 70,58
foldseek,foldseek,disprot,any_term,Q13316,GO:0005509,217,513,152,505,P07276,319,707,641,690,1.0,0.7977839335180056,0.8158640226628895,0.972972972972973,45,21,true,true,2,152,505,P07276,319,707,663,678,1.0,0.7977839335180056,0.8158640226628895,0.972972972972973,score,,,,Foldseek,report,choose,calcium ion binding,296,46.08885135135135,1.0,true,513,DMP1,false,0.08695652173913043,388,105,0.6320754716981132,false,0.7162162162162162,kmerseek.hp_pbotc_1st_ed2_k19_lcFalse,equal or higher IoU,pLDDT < 70,44
foldseek,foldseek,disprot,any_term,P06748,GO:0042803,188,243,191,243,M1GUG5,20,68,0,86,4.0,0.9454545454545454,1.0,0.9454545454545454,156,83,true,true,2,191,243,M1GUG5,20,68,0,86,4.0,0.9454545454545454,1.0,0.9454545454545454,score,,,,Foldseek,report,choose,protein homodimerization activity,55,46.71636363636364,1.0,true,294,NPM1,false,0.09876543209876543,169,52,0.32075471698113206,false,0.8,kmerseek.hp_pbotc_1st_ed2_k19_lcFalse,equal or higher IoU,pLDDT < 70,197
foldseek,foldseek,disprot,any_term,Q15109,GO:0060090,363,404,346,403,O94742,0,44,0,70,12.0,0.6896551724137931,0.7017543859649122,0.975609756097561,18,15,true,false,0,,,,,,,,,,,,score,,,,Foldseek,report,choose,molecular adaptor activity,41,61.53365853658537,1.0,true,404,AGER,false,,,,,false,0.975609756097561,kmerseek.hp_pbotc_1st_ed2_k19_lcFalse,"inside, lower IoU",pLDDT < 70,54
foldseek,foldseek,disprot,any_term,P78504,GO:0031625,1184,1218,1114,1217,Q9SQK3,0,92,39,112,-8.0,0.3173076923076923,0.32038834951456313,0.9705882352941176,98,54,false,false,0,,,,,,,,,,,,score,,,,Foldseek,report,report,ubiquitin protein ligase binding,34,35.16323529411765,1.0,true,1218,JAG1,false,,,,,false,0.5882352941176471,kmerseek.hp_pbotc_1st_ed2_k19_lcFalse,spills,pLDDT < 70,137
foldseek,foldseek,disprot,any_term,Q9NQI0,GO:0140693,0,236,0,232,O43070,327,612,329,553,-8.0,0.9830508474576272,1.0,0.9830508474576272,221,102,true,true,55,0,232,O43070,327,612,476,526,-8.0,0.9830508474576272,1.0,0.9830508474576272,score,,,,Foldseek,report,choose,molecular condensate scaffold activity,236,35.59546610169492,1.0,true,724,DDX4,false,0.10344827586206896,430,102,0.8252427184466019,false,0.902542372881356,kmerseek.hp_pbotc_1st_ed2_k19_lcFalse,equal or higher IoU,pLDDT < 70,209
foldseek,foldseek,disprot,any_term,P55957,GO:0005515,75,106,66,142,P0ACN7,0,58,0,66,5.0,0.40789473684210525,0.40789473684210525,1.0,117,75,false,false,0,,,,,,,,,,,,score,,,,Foldseek,report,report,protein binding,31,69.10290322580646,0.0,true,195,BID,false,,,,,false,0.45714285714285713,kmerseek.hp_pbotc_1st_ed2_k19_lcFalse,spills,pLDDT < 70,256
foldseek,foldseek,disprot,any_term,P51608,GO:0060090,164,210,154,219,P02313,3,76,15,41,6.0,0.7076923076923077,0.7076923076923077,1.0,228,100,true,false,0,,,,,,,,,,,,score,,,,Foldseek,report,choose,molecular adaptor activity,46,54.04782608695652,1.0,true,486,MECP2,false,,,,,false,0.8235294117647058,kmerseek.hp_pbotc_1st_ed2_k19_lcFalse,"inside, lower IoU",pLDDT < 70,188
foldseek,foldseek,disprot,any_term,Q13148,GO:0008289,262,414,263,414,P27577,133,277,243,301,0.0,0.993421052631579,1.0,0.993421052631579,159,84,true,true,32,263,414,P27577,133,277,243,301,0.0,0.993421052631579,1.0,0.993421052631579,score,,,,Foldseek,report,report,lipid binding,152,43.31473684210526,1.0,true,414,TARDBP,false,0.12121212121212122,302,108,0.48623853211009177,false,0.3684210526315789,kmerseek.hp_pbotc_1st_ed2_k19_lcFalse,equal or higher IoU,pLDDT < 70,196
foldseek,foldseek,disprot,any_term,O60927,GO:0019902,13,126,0,126,P42758,34,175,0,193,6.0,0.8968253968253969,0.8968253968253969,1.0,56,32,true,true,24,0,126,P42758,34,175,34,55,6.0,0.8968253968253969,0.8968253968253969,1.0,score,,,,Foldseek,report,choose,phosphatase binding,113,66.55,1.0,true,126,PPP1R11,false,1.0,3,26,0.037037037037037035,false,0.7542372881355932,kmerseek.hp_pbotc_1st_ed2_k19_lcFalse,equal or higher IoU,pLDDT < 70,147
foldseek,foldseek,disprot,any_term,P38398,GO:0005515,174,303,103,312,P42758,11,190,0,193,-7.0,0.6172248803827751,0.6172248803827751,1.0,122,49,true,false,0,,,,,,,,,,,,score,,,,Foldseek,report,report,protein binding,129,31.206356589147287,1.0,true,1863,BRCA1,false,,,,,false,0.5038759689922481,kmerseek.hp_pbotc_1st_ed2_k19_lcFalse,equal or higher IoU,pLDDT < 70,77
foldseek,foldseek,disprot,any_term,P13569,IDPO:0000045,707,831,702,825,P30185,28,147,0,186,8.0,0.9147286821705426,0.959349593495935,0.9516129032258065,269,133,true,true,13,702,825,P30185,28,147,0,186,8.0,0.9147286821705426,0.959349593495935,0.9516129032258065,score,,,,Foldseek,report,report,phosphorylation display site,124,31.011532258064516,1.0,true,1480,CFTR,false,0.036818851251840944,76,35,0.027777777777777776,true,0.3225806451612903,kmerseek.hp_pbotc_1st_ed2_k19_lcFalse,equal or higher IoU,pLDDT < 70,257
foldseek,foldseek,disprot,any_term,P28300,GO:0005515,21,168,19,169,O43070,328,478,329,553,3.0,0.98,0.98,1.0,156,84,true,true,57,19,169,O43070,328,478,329,553,3.0,0.98,0.98,1.0,score,,,,Foldseek,report,report,protein binding,147,43.519387755102045,1.0,true,417,LOX,false,0.1828358208955224,106,108,0.23853211009174313,false,0.3741496598639456,kmerseek.hp_pbotc_1st_ed2_k19_lcFalse,equal or higher IoU,pLDDT < 70,240
foldseek,foldseek,disprot,any_term,P17096,GO:0003677,8,75,8,87,Q7YUB9,0,81,0,86,3.0,0.8481012658227848,0.8481012658227848,1.0,78,39,true,true,23,8,87,Q7YUB9,0,81,0,86,3.0,0.8481012658227848,0.8481012658227848,1.0,score,,,,Foldseek,report,report,DNA binding,67,66.80388059701492,1.0,true,107,HMGA1,false,0.41379310344827586,26,24,0.16,false,0.4189189189189189,kmerseek.hp_pbotc_1st_ed2_k19_lcFalse,equal or higher IoU,pLDDT < 70,160
foldseek,foldseek,disprot,any_term,P38936,GO:0140311,138,160,58,159,Q91ZE9,0,97,0,185,-15.0,0.20588235294117646,0.2079207920792079,0.9545454545454546,47,26,false,false,0,,,,,,,,,,,,score,,,,Foldseek,report,report,protein sequestering activity,22,66.16863636363637,1.0,true,164,CDKN1A,false,,,,,false,0.6153846153846154,kmerseek.hp_pbotc_1st_ed2_k19_lcFalse,spills,pLDDT < 70,77
foldseek,foldseek,disprot,any_term,P38398,GO:0002039,218,498,221,523,P23441,24,371,0,156,1.0,0.9081967213114754,0.9172185430463576,0.9892857142857143,187,90,true,true,16,221,523,P23441,24,371,0,156,1.0,0.9081967213114754,0.9172185430463576,0.9892857142857143,score,,,,Foldseek,report,report,p53 binding,280,31.21764285714286,1.0,true,1863,BRCA1,false,0.06338028169014084,266,22,0.34782608695652173,false,0.44285714285714284,kmerseek.hp_pbotc_1st_ed2_k19_lcFalse,equal or higher IoU,pLDDT < 70,169
foldseek,foldseek,disprot,any_term,P38936,GO:0005515,0,164,0,164,Q9I832,29,215,89,120,9.0,1.0,1.0,1.0,93,50,true,true,41,0,164,Q9I832,29,215,89,120,9.0,1.0,1.0,1.0,score,,,,Foldseek,report,report,protein binding,164,69.00341463414634,0.7195121951219512,true,164,CDKN1A,false,1.0,8,33,0.029411764705882353,false,0.4695121951219512,kmerseek.hp_pbotc_1st_ed2_k19_lcFalse,equal or higher IoU,pLDDT < 70,149
foldseek,foldseek,disprot,any_term,P17096,GO:0140677,0,107,0,107,P30185,45,149,0,186,2.0,1.0,1.0,1.0,78,39,true,true,33,0,107,P30185,45,149,0,186,2.0,1.0,1.0,1.0,score,,,,Foldseek,report,choose,molecular function activator activity,107,65.0285046728972,1.0,true,107,HMGA1,false,1.0,40,24,0.08,false,0.9906542056074766,kmerseek.hp_pbotc_1st_ed2_k19_lcFalse,equal or higher IoU,pLDDT < 70,162
foldseek,foldseek,disprot,any_term,Q13625,GO:0005515,692,918,660,833,O82132,140,334,256,270,1.0,0.5465116279069767,0.815028901734104,0.6238938053097345,176,80,true,true,7,660,833,O82132,140,334,254,272,1.0,0.5465116279069767,0.815028901734104,0.6238938053097345,score,,,,Foldseek,report,report,protein binding,226,41.467566371681414,1.0,true,1128,TP53BP2,false,0.12761506276150628,206,52,0.2830188679245283,false,0.3141592920353982,kmerseek.hp_pbotc_1st_ed2_k19_lcFalse,equal or higher IoU,pLDDT < 70,149
foldseek,foldseek,disprot,any_term,Q92886,GO:0003677,89,150,81,153,O94742,3,89,0,70,-1.0,0.8472222222222222,0.8472222222222222,1.0,155,75,true,true,7,81,153,O94742,3,89,0,89,-1.0,0.8472222222222222,0.8472222222222222,1.0,score,,,,Foldseek,report,report,DNA binding,61,95.2016393442623,0.0,true,237,NEUROG1,false,0.10843373493975904,716,56,0.2631578947368421,false,0.49230769230769234,kmerseek.hp_pbotc_1st_ed2_k19_lcFalse,equal or higher IoU,pLDDT >= 70,175
foldseek,foldseek,disprot,any_term,P46527,GO:0051179,0,198,0,198,P32499,205,381,184,527,4.0,1.0,1.0,1.0,129,69,true,true,52,0,198,P32499,205,381,184,527,4.0,1.0,1.0,1.0,score,,,,Foldseek,report,report,localization,198,69.23424242424242,0.7171717171717171,true,198,CDKN1B,false,1.0,53,51,0.1346153846153846,false,0.3686868686868687,kmerseek.hp_pbotc_1st_ed2_k19_lcFalse,equal or higher IoU,pLDDT < 70,184
foldseek,foldseek,disprot,any_term,P04908,IDPO:0000039,0,27,0,90,Q47184,0,85,0,30,11.0,0.3,0.3,1.0,37,19,false,false,0,,,,,,,,,,,,score,,,,Foldseek,report,report,acetylation display site,27,79.87444444444445,0.8148148148148148,true,130,H2AC4,false,,,,,false,0.75,kmerseek.hp_pbotc_1st_ed2_k19_lcFalse,spills,pLDDT >= 70,58
foldseek,foldseek,disprot,any_term,P27797,GO:0005049,17,417,0,302,Q04207,0,405,294,304,11.0,0.6834532374100719,0.9437086092715232,0.7125,72,47,true,true,21,0,302,Q04207,0,405,294,304,11.0,0.6834532374100719,0.9437086092715232,0.7125,score,,,,Foldseek,report,choose,nuclear export signal receptor activity,400,90.649575,0.3325,true,417,CALR,false,1.0,18,108,0.09174311926605505,false,0.4075,kmerseek.hp_pbotc_1st_ed2_k19_lcFalse,equal or higher IoU,pLDDT >= 70,376
foldseek,foldseek,disprot,any_term,P04156,IDPO:0000032,22,124,19,122,P08592,601,699,671,687,-20.0,0.9523809523809523,0.970873786407767,0.9803921568627451,99,58,true,true,15,19,122,P08592,601,699,671,687,-20.0,0.9523809523809523,0.970873786407767,0.9803921568627451,score,,,,Foldseek,report,report,flexible N-terminal tail,102,40.65196078431372,1.0,true,253,PRNP,false,0.26490066225165565,302,54,0.7818181818181819,false,0.6851851851851852,kmerseek.hp_pbotc_1st_ed2_k19_lcFalse,equal or higher IoU,pLDDT < 70,182
foldseek,foldseek,disprot,any_term,Q13316,GO:0005509,16,217,1,202,Q548Y4,300,534,425,490,7.0,0.8611111111111112,0.9253731343283582,0.9253731343283582,95,53,true,true,10,1,202,Q548Y4,300,534,425,490,7.0,0.8611111111111112,0.9253731343283582,0.9253731343283582,score,,,,Foldseek,report,choose,calcium ion binding,201,47.5302487562189,1.0,true,513,DMP1,false,0.18210862619808307,31,105,0.08490566037735849,false,0.8507462686567164,kmerseek.hp_pbotc_1st_ed2_k19_lcFalse,equal or higher IoU,pLDDT < 70,154
foldseek,foldseek,disprot,any_term,P38936,GO:0140678,8,84,0,78,Q9M4V2,15,84,0,80,-5.0,0.8333333333333334,0.8974358974358975,0.9210526315789473,93,50,true,true,10,0,78,Q9M4V2,15,84,0,80,-5.0,0.8333333333333334,0.8974358974358975,0.9210526315789473,score,,,,Foldseek,report,choose,molecular function inhibitor activity,76,87.25513157894737,0.39473684210526316,true,164,CDKN1A,false,0.25287356321839083,126,33,0.17647058823529413,false,0.7790697674418605,kmerseek.hp_pbotc_1st_ed2_k19_lcFalse,equal or higher IoU,pLDDT >= 70,145
foldseek,foldseek,disprot,any_term,P20963,GO:0051259,48,164,48,164,Q05344,413,541,518,554,2.0,1.0,1.0,1.0,166,88,true,true,43,48,164,Q05344,413,541,518,554,2.0,1.0,1.0,1.0,score,,,,Foldseek,report,choose,protein complex oligomerization,116,57.5178448275862,0.8017241379310345,true,164,CD247,false,0.4897959183673469,77,32,0.2727272727272727,false,0.5431034482758621,kmerseek.hp_pbotc_1st_ed2_k19_lcFalse,equal or higher IoU,pLDDT < 70,209
foldseek,foldseek,disprot,any_term,P55036,GO:0060090,304,377,302,367,A6Q0K5,9,76,50,60,-2.0,0.84,0.9692307692307692,0.863013698630137,197,112,true,true,8,302,367,A6Q0K5,9,76,50,60,-2.0,0.84,0.9692307692307692,0.863013698630137,score,,,,Foldseek,report,choose,molecular adaptor activity,73,55.51465753424658,1.0,true,377,PSMD4,false,0.07028753993610223,374,86,0.26436781609195403,false,0.5205479452054794,kmerseek.hp_pbotc_1st_ed2_k19_lcFalse,equal or higher IoU,pLDDT < 70,246
foldseek,foldseek,disprot,any_term,P06454,GO:0042393,0,111,15,111,P02547,452,549,443,549,0.0,0.8648648648648649,1.0,0.8648648648648649,24,16,true,true,6,15,111,P02547,452,549,443,549,0.0,0.8648648648648649,1.0,0.8648648648648649,score,,,,Foldseek,report,report,histone binding,111,58.376396396396395,1.0,true,111,PTMA,false,1.0,72,24,0.24,false,0.9459459459459459,kmerseek.hp_pbotc_1st_ed2_k19_lcFalse,"inside, lower IoU",pLDDT < 70,177
foldseek,foldseek,disprot,any_term,P38398,GO:0005515,432,511,425,549,Q38825,2,123,81,94,-1.0,0.6370967741935484,0.6370967741935484,1.0,121,50,true,false,0,,,,,,,,,,,,score,,,,Foldseek,report,report,protein binding,79,30.053670886075945,1.0,true,1863,BRCA1,false,,,,,false,0.7439024390243902,kmerseek.hp_pbotc_1st_ed2_k19_lcFalse,"inside, lower IoU",pLDDT < 70,76
foldseek,foldseek,disprot,any_term,Q49AN0,GO:0005515,489,593,488,593,Q04207,288,409,294,304,13.0,0.9904761904761905,0.9904761904761905,1.0,131,87,true,true,33,488,593,Q04207,288,409,294,304,13.0,0.9904761904761905,0.9904761904761905,1.0,score,,,,Foldseek,report,report,protein binding,104,45.70701923076923,0.6923076923076923,true,593,CRY2,false,0.04294478527607362,51,101,0.22549019607843138,false,0.34615384615384615,kmerseek.hp_pbotc_1st_ed2_k19_lcFalse,equal or higher IoU,pLDDT < 70,244
foldseek,foldseek,disprot,any_term,P10451,GO:0005515,0,314,10,314,Q27974,398,745,546,813,0.0,0.9681528662420382,1.0,0.9681528662420382,95,48,true,true,30,10,314,Q27974,398,745,546,813,0.0,0.9681528662420382,1.0,0.9681528662420382,score,,,,Foldseek,report,report,protein binding,314,53.406305732484086,1.0,true,314,SPP1,false,1.0,68,56,0.15789473684210525,false,0.5987261146496815,kmerseek.hp_pbotc_1st_ed2_k19_lcFalse,equal or higher IoU,pLDDT < 70,120
foldseek,foldseek,disprot,any_term,P17096,GO:0003677,0,107,0,107,P30185,45,149,0,186,2.0,1.0,1.0,1.0,78,39,true,true,33,0,107,P30185,45,149,0,186,2.0,1.0,1.0,1.0,score,,,,Foldseek,report,report,DNA binding,107,65.0285046728972,1.0,true,107,HMGA1,false,1.0,40,24,0.08,false,0.9906542056074766,kmerseek.hp_pbotc_1st_ed2_k19_lcFalse,equal or higher IoU,pLDDT < 70,162
foldseek,foldseek,disprot,any_term,P46527,GO:0005515,0,198,0,198,P32499,205,381,184,527,4.0,1.0,1.0,1.0,129,69,true,true,52,0,198,P32499,205,381,184,527,4.0,1.0,1.0,1.0,score,,,,Foldseek,report,report,protein binding,198,69.23424242424242,0.7171717171717171,true,198,CDKN1B,false,1.0,53,51,0.1346153846153846,false,0.3686868686868687,kmerseek.hp_pbotc_1st_ed2_k19_lcFalse,equal or higher IoU,pLDDT < 70,184
foldseek,foldseek,disprot,any_term,Q8TEQ6,GO:0003723,1296,1412,1281,1447,Q08605,356,565,367,444,4.0,0.6987951807228916,0.6987951807228916,1.0,103,59,true,true,2,1292,1345,M1GUG5,19,73,0,86,3.0,0.4083333333333333,0.9245283018867925,0.4224137931034483,score,,,,Foldseek,report,choose,RNA binding,116,49.02310344827586,0.7413793103448276,true,1508,GEMIN5,false,0.057692307692307696,238,35,0.3333333333333333,false,0.3103448275862069,kmerseek.hp_pbotc_1st_ed2_k19_lcFalse,equal or higher IoU,pLDDT < 70,106
foldseek,foldseek,disprot,any_term,P28300,GO:0036094,21,168,19,169,O43070,328,478,329,553,3.0,0.98,0.98,1.0,156,84,true,true,57,19,169,O43070,328,478,329,553,3.0,0.98,0.98,1.0,score,,,,Foldseek,report,choose,small molecule binding,147,43.519387755102045,1.0,true,417,LOX,false,0.1828358208955224,106,108,0.23853211009174313,false,0.3741496598639456,kmerseek.hp_pbotc_1st_ed2_k19_lcFalse,equal or higher IoU,pLDDT < 70,240
foldseek,foldseek,disprot,any_term,P52926,GO:0003676,0,109,5,100,P34233,411,490,423,429,6.0,0.8715596330275229,1.0,0.8715596330275229,52,30,true,true,21,5,100,P34233,411,490,423,429,6.0,0.8715596330275229,1.0,0.8715596330275229,score,,,,Foldseek,report,report,nucleic acid binding,109,64.87660550458716,1.0,true,109,HMGA2,false,1.0,2,25,0.038461538461538464,false,0.6880733944954128,kmerseek.hp_pbotc_1st_ed2_k19_lcFalse,equal or higher IoU,pLDDT < 70,212
foldseek,foldseek,disprot,any_term,P46527,GO:0140678,21,97,23,108,Q86FP8,20,80,19,80,3.0,0.8505747126436781,0.8705882352941177,0.9736842105263158,123,66,true,true,8,23,108,Q86FP8,20,80,19,80,3.0,0.8505747126436781,0.8705882352941177,0.9736842105263158,score,,,,Foldseek,report,choose,molecular function inhibitor activity,76,92.59855263157894,0.2631578947368421,true,198,CDKN1B,false,0.22807017543859648,74,51,0.07692307692307693,false,0.6931818181818182,kmerseek.hp_pbotc_1st_ed2_k19_lcFalse,equal or higher IoU,pLDDT >= 70,166
foldseek,foldseek,disprot,any_term,Q8IW19,GO:0044183,449,511,447,509,P09372,1,59,0,32,-11.0,0.9375,0.967741935483871,0.967741935483871,78,30,true,true,2,447,509,P09372,1,59,0,32,-11.0,0.9375,0.967741935483871,0.967741935483871,score,,,,Foldseek,report,report,protein folding chaperone,62,65.8941935483871,0.9193548387096774,true,511,APLF,false,0.028888888888888888,355,106,0.4953271028037383,false,0.5806451612903226,kmerseek.hp_pbotc_1st_ed2_k19_lcFalse,equal or higher IoU,pLDDT < 70,44
foldseek,foldseek,disprot,any_term,P06454,GO:0005515,0,111,15,111,P02547,452,549,443,549,0.0,0.8648648648648649,1.0,0.8648648648648649,24,16,true,true,6,15,111,P02547,452,549,443,549,0.0,0.8648648648648649,1.0,0.8648648648648649,score,,,,Foldseek,report,report,protein binding,111,58.376396396396395,1.0,true,111,PTMA,false,1.0,72,24,0.24,false,0.9459459459459459,kmerseek.hp_pbotc_1st_ed2_k19_lcFalse,"inside, lower IoU",pLDDT < 70,177
foldseek,foldseek,disprot,any_term,P45985,GO:0005515,11,86,0,93,O43070,388,502,329,553,12.0,0.8064516129032258,0.8064516129032258,1.0,180,108,true,true,13,0,93,O43070,388,502,476,526,12.0,0.8064516129032258,0.8064516129032258,1.0,score,,,,Foldseek,report,report,protein binding,75,35.12146666666667,0.6933333333333334,true,399,MAP2K4,false,0.03908794788273615,33,98,0.09090909090909091,false,0.8933333333333333,kmerseek.hp_pbotc_1st_ed2_k19_lcFalse,"inside, lower IoU",pLDDT < 70,267
foldseek,foldseek,disprot,any_term,P60484,GO:0098772,352,403,350,403,P9WI73,0,51,20,64,-3.0,0.9622641509433962,0.9622641509433962,1.0,128,78,true,true,33,350,403,P9WI73,0,51,20,64,-3.0,0.9622641509433962,0.9622641509433962,1.0,score,,,,Foldseek,report,report,molecular function regulator,51,35.779607843137256,1.0,true,403,PTEN,false,0.02564102564102564,458,104,0.8380952380952381,false,0.8823529411764706,kmerseek.hp_pbotc_1st_ed2_k19_lcFalse,equal or higher IoU,pLDDT < 70,225
foldseek,foldseek,disprot,any_term,P62328,GO:0005515,0,44,0,44,P62326,0,44,21,44,189.0,1.0,1.0,1.0,27,9,true,true,9,0,44,P62326,0,44,0,44,189.0,1.0,1.0,1.0,score,,,,Foldseek,report,report,protein binding,44,80.78545454545454,1.0,true,44,TMSB4X,false,1.0,1,0,1.0,false,1.0,kmerseek.hp_pbotc_1st_ed2_k19_lcFalse,equal or higher IoU,pLDDT >= 70,51
foldseek,foldseek,disprot,any_term,Q09161,GO:0060090,0,26,0,30,P15340,0,31,0,62,3.0,0.8666666666666667,0.8666666666666667,1.0,46,25,true,true,2,0,30,P15340,0,31,0,62,3.0,0.8666666666666667,0.8666666666666667,1.0,score,,,,Foldseek,report,choose,molecular adaptor activity,26,48.63192307692308,1.0,true,790,NCBP1,false,0.003942181340341655,206,99,0.09,false,0.8620689655172413,kmerseek.hp_pbotc_1st_ed2_k19_lcFalse,equal or higher IoU,pLDDT < 70,82
foldseek,foldseek,disprot,any_term,Q9Y6G9,GO:0060090,387,523,386,523,A0A8I6XZQ2,174,299,171,355,-4.0,0.9927007299270073,0.9927007299270073,1.0,224,113,true,true,39,386,523,A0A8I6XZQ2,174,299,171,250,-4.0,0.9927007299270073,0.9927007299270073,1.0,score,,,,Foldseek,report,choose,molecular adaptor activity,136,44.02867647058823,1.0,true,523,DYNC1LI1,false,0.06976744186046512,408,107,0.7314814814814815,false,0.4264705882352941,kmerseek.hp_pbotc_1st_ed2_k19_lcFalse,equal or higher IoU,pLDDT < 70,228
foldseek,foldseek,disprot,any_term,P17096,GO:0003677,49,91,44,107,P42763,1,87,73,85,1.0,0.6666666666666666,0.6666666666666666,1.0,66,32,true,false,0,,,,,,,,,,,,score,,,,Foldseek,report,report,DNA binding,42,68.88285714285715,1.0,true,107,HMGA1,false,,,,,false,0.5714285714285714,kmerseek.hp_pbotc_1st_ed2_k19_lcFalse,equal or higher IoU,pLDDT < 70,139
foldseek,foldseek,disprot,any_term,P04637,GO:0140677,366,386,357,390,Q9C1S9,66,99,43,96,1.0,0.6060606060606061,0.6060606060606061,1.0,145,77,true,false,0,,,,,,,,,,,,score,,,,Foldseek,report,choose,molecular function activator activity,20,42.475,1.0,true,393,TP53,false,,,,,false,0.8695652173913043,kmerseek.hp_pbotc_1st_ed2_k19_lcFalse,"inside, lower IoU",pLDDT < 70,153
foldseek,foldseek,disprot,any_term,P06454,GO:0005509,14,110,15,111,P02547,452,549,443,549,0.0,0.979381443298969,0.9895833333333334,0.9895833333333334,23,15,true,true,3,15,111,P02547,452,549,443,549,0.0,0.979381443298969,0.9895833333333334,0.9895833333333334,score,,,,Foldseek,report,choose,calcium ion binding,96,58.15270833333333,1.0,true,111,PTMA,false,1.0,72,24,0.24,false,0.9142857142857143,kmerseek.hp_pbotc_1st_ed2_k19_lcFalse,equal or higher IoU,pLDDT < 70,169
foldseek,foldseek,disprot,any_term,Q9BTL3,GO:0140677,1,45,2,41,O94742,5,42,0,70,0.0,0.8863636363636364,1.0,0.8863636363636364,69,30,true,true,6,2,41,O94742,5,42,0,70,0.0,0.8863636363636364,1.0,0.8863636363636364,score,,,,Foldseek,report,choose,molecular function activator activity,44,89.2425,0.9090909090909091,true,118,RAMAC,false,0.175,513,24,0.4,false,0.7555555555555555,kmerseek.hp_pbotc_1st_ed2_k19_lcFalse,equal or higher IoU,pLDDT >= 70,123
foldseek,foldseek,disprot,any_term,Q9BTL3,GO:0005515,1,45,2,41,O94742,5,42,0,70,0.0,0.8863636363636364,1.0,0.8863636363636364,69,30,true,true,6,2,41,O94742,5,42,0,70,0.0,0.8863636363636364,1.0,0.8863636363636364,score,,,,Foldseek,report,report,protein binding,44,89.2425,0.9090909090909091,true,118,RAMAC,false,0.175,513,24,0.4,false,0.7555555555555555,kmerseek.hp_pbotc_1st_ed2_k19_lcFalse,equal or higher IoU,pLDDT >= 70,123
foldseek,foldseek,disprot,any_term,P09429,GO:0005515,187,214,0,215,P63158,0,215,165,184,716.0,0.12558139534883722,0.12558139534883722,1.0,32,20,false,false,0,,,,,,,,,,,,score,,,,Foldseek,report,report,protein binding,27,41.894814814814815,1.0,true,215,HMGB1,false,,,,,false,0.9642857142857143,kmerseek.hp_pbotc_1st_ed2_k19_lcFalse,spills,pLDDT < 70,39
foldseek,foldseek,disprot,any_term,P38936,GO:0001933,0,164,0,164,Q9I832,29,215,89,120,9.0,1.0,1.0,1.0,93,50,true,true,41,0,164,Q9I832,29,215,89,120,9.0,1.0,1.0,1.0,score,,,,Foldseek,report,choose,negative regulation of protein phosphorylation,164,69.00341463414634,0.7195121951219512,true,164,CDKN1A,false,1.0,8,33,0.029411764705882353,false,0.4695121951219512,kmerseek.hp_pbotc_1st_ed2_k19_lcFalse,equal or higher IoU,pLDDT < 70,149
foldseek,foldseek,disprot,any_term,P28300,GO:0060090,21,168,19,169,O43070,328,478,329,553,3.0,0.98,0.98,1.0,156,84,true,true,57,19,169,O43070,328,478,329,553,3.0,0.98,0.98,1.0,score,,,,Foldseek,report,choose,molecular adaptor activity,147,43.519387755102045,1.0,true,417,LOX,false,0.1828358208955224,106,108,0.23853211009174313,false,0.3741496598639456,kmerseek.hp_pbotc_1st_ed2_k19_lcFalse,equal or higher IoU,pLDDT < 70,240
foldseek,foldseek,disprot,any_term,Q9UBB5,GO:0005515,237,356,245,384,Q05753,0,142,36,231,3.0,0.7551020408163265,0.7985611510791367,0.9327731092436975,183,96,true,true,19,242,331,P04177,0,106,32,50,1.0,0.7478991596638656,1.0,0.7478991596638656,score,,,,Foldseek,report,report,protein binding,119,77.72722689075631,0.8823529411764706,true,411,MBD2,false,0.20123839009287925,223,108,0.7064220183486238,false,0.3387096774193548,kmerseek.hp_pbotc_1st_ed2_k19_lcFalse,equal or higher IoU,pLDDT >= 70,187
foldseek,foldseek,disprot,any_term,Q13569,GO:0003676,50,111,33,131,Q10Q08,117,216,104,180,-5.0,0.6224489795918368,0.6224489795918368,1.0,113,51,true,false,0,,,,,,,,,,,,score,,,,Foldseek,report,report,nucleic acid binding,61,46.49672131147541,0.8852459016393442,true,410,TDG,false,,,,,false,0.7377049180327869,kmerseek.hp_pbotc_1st_ed2_k19_lcFalse,"inside, lower IoU",pLDDT < 70,108
foldseek,foldseek,disprot,any_term,P10451,IDPO:0000045,16,314,19,314,P32499,198,502,184,527,0.0,0.9899328859060402,1.0,0.9899328859060402,95,48,true,true,30,19,314,P32499,198,502,184,527,0.0,0.9899328859060402,1.0,0.9899328859060402,score,,,,Foldseek,report,report,phosphorylation display site,298,51.901275167785236,1.0,true,314,SPP1,false,1.0,480,56,0.8596491228070176,false,0.6308724832214765,kmerseek.hp_pbotc_1st_ed2_k19_lcFalse,equal or higher IoU,pLDDT < 70,120
foldseek,foldseek,disprot,any_term,Q8N3V7,GO:0005515,544,613,480,659,P36152,125,292,233,348,0.0,0.3854748603351955,0.3854748603351955,1.0,175,71,false,false,0,,,,,,,,,,,,score,,,,Foldseek,report,report,protein binding,69,45.245652173913044,1.0,true,929,SYNPO,false,,,,,false,0.6811594202898551,kmerseek.hp_pbotc_1st_ed2_k19_lcFalse,spills,pLDDT < 70,101
foldseek,foldseek,disprot,any_term,P32004,GO:0005515,1143,1257,1145,1257,P45976,13,153,79,195,3.0,0.9824561403508771,1.0,0.9824561403508771,189,93,true,true,24,1145,1257,P45976,13,153,79,195,3.0,0.9824561403508771,1.0,0.9824561403508771,score,,,,Foldseek,report,report,protein binding,114,33.07464912280702,1.0,true,1257,L1CAM,false,0.02181500872600349,161,45,0.08695652173913043,false,0.6052631578947368,kmerseek.hp_pbotc_1st_ed2_k19_lcFalse,equal or higher IoU,pLDDT < 70,216
foldseek,foldseek,disprot,any_term,P21815,GO:0036094,0,317,51,304,B6KJB6,150,446,336,542,1.0,0.7981072555205048,1.0,0.7981072555205048,113,56,true,true,30,51,304,B6KJB6,150,446,336,542,1.0,0.7981072555205048,1.0,0.7981072555205048,score,,,,Foldseek,report,choose,small molecule binding,317,49.88529968454259,0.9968454258675079,true,317,IBSP,false,1.0,54,58,0.05084745762711865,false,0.6088328075709779,kmerseek.hp_pbotc_1st_ed2_k19_lcFalse,equal or higher IoU,pLDDT < 70,201
foldseek,foldseek,disprot,any_term,O14958,IDPO:0000045,370,399,351,399,P00127,0,62,0,72,-5.0,0.6041666666666666,0.6041666666666666,1.0,15,8,true,false,0,,,,,,,,,,,,score,,,,Foldseek,report,report,phosphorylation display site,29,53.923793103448276,1.0,true,399,CASQ2,false,,,,,false,1.0,kmerseek.hp_pbotc_1st_ed2_k19_lcFalse,"inside, lower IoU",pLDDT < 70,18
foldseek,foldseek,disprot,any_term,P35568,IDPO:0000033,116,159,117,180,P04972,6,67,0,21,0.0,0.65625,0.6666666666666666,0.9767441860465116,112,48,true,false,0,,,,,,,,,,,,score,,,,Foldseek,report,report,flexible linker,43,41.68953488372093,0.8604651162790697,true,1242,IRS1,false,,,,,false,0.68,kmerseek.hp_pbotc_1st_ed2_k19_lcFalse,"inside, lower IoU",pLDDT < 70,93
foldseek,foldseek,disprot,any_term,P17096,GO:0003713,0,107,0,107,P30185,45,149,0,186,2.0,1.0,1.0,1.0,78,39,true,true,33,0,107,P30185,45,149,0,186,2.0,1.0,1.0,1.0,score,,,,Foldseek,report,choose,transcription coactivator activity,107,65.0285046728972,1.0,true,107,HMGA1,false,1.0,40,24,0.08,false,0.9906542056074766,kmerseek.hp_pbotc_1st_ed2_k19_lcFalse,equal or higher IoU,pLDDT < 70,162
foldseek,foldseek,disprot,any_term,Q8TEA8,GO:0003677,151,209,152,209,B2RLE7,292,350,265,358,26.0,0.9827586206896551,1.0,0.9827586206896551,67,40,true,true,6,152,209,B2RLE7,292,350,265,358,26.0,0.9827586206896551,1.0,0.9827586206896551,score,,,,Foldseek,report,report,DNA binding,58,55.74206896551724,1.0,true,209,DTD1,false,0.08496732026143791,1,51,0.019230769230769232,false,0.890625,kmerseek.hp_pbotc_1st_ed2_k19_lcFalse,equal or higher IoU,pLDDT < 70,147
foldseek,foldseek,disprot,any_term,P38936,GO:0070557,0,164,0,164,Q9I832,29,215,89,120,9.0,1.0,1.0,1.0,93,50,true,true,41,0,164,Q9I832,29,215,89,120,9.0,1.0,1.0,1.0,score,,,,Foldseek,report,report,PCNA-p21 complex,164,69.00341463414634,0.7195121951219512,true,164,CDKN1A,false,1.0,8,33,0.029411764705882353,false,0.4695121951219512,kmerseek.hp_pbotc_1st_ed2_k19_lcFalse,equal or higher IoU,pLDDT < 70,149
foldseek,foldseek,disprot,any_term,Q14722,GO:0005515,0,62,0,62,P32628,92,158,76,147,1.0,1.0,1.0,1.0,101,58,true,true,23,0,62,P32628,92,158,76,147,1.0,1.0,1.0,1.0,score,,,,Foldseek,report,report,protein binding,62,41.20548387096775,0.8387096774193549,true,419,KCNAB1,false,0.036312849162011177,238,108,0.3761467889908257,false,0.6451612903225806,kmerseek.hp_pbotc_1st_ed2_k19_lcFalse,equal or higher IoU,pLDDT < 70,172
foldseek,foldseek,disprot,any_term,P38936,GO:0008285,0,164,0,164,Q9I832,29,215,89,120,9.0,1.0,1.0,1.0,93,50,true,true,41,0,164,Q9I832,29,215,89,120,9.0,1.0,1.0,1.0,score,,,,Foldseek,report,choose,negative regulation of cell population proliferation,164,69.00341463414634,0.7195121951219512,true,164,CDKN1A,false,1.0,8,33,0.029411764705882353,false,0.4695121951219512,kmerseek.hp_pbotc_1st_ed2_k19_lcFalse,equal or higher IoU,pLDDT < 70,149
foldseek,foldseek,disprot,any_term,Q9UBB5,GO:0060090,237,356,245,384,Q05753,0,142,36,231,3.0,0.7551020408163265,0.7985611510791367,0.9327731092436975,183,96,true,true,19,242,331,P04177,0,106,32,50,1.0,0.7478991596638656,1.0,0.7478991596638656,score,,,,Foldseek,report,choose,molecular adaptor activity,119,77.72722689075631,0.8823529411764706,true,411,MBD2,false,0.20123839009287925,223,108,0.7064220183486238,false,0.3387096774193548,kmerseek.hp_pbotc_1st_ed2_k19_lcFalse,equal or higher IoU,pLDDT >= 70,187
foldseek,foldseek,disprot,any_term,P06748,GO:0042803,119,188,117,205,Q9R194,518,592,488,592,-4.0,0.7840909090909091,0.7840909090909091,1.0,156,84,true,true,6,120,161,Q86FP8,26,65,19,80,0.0,0.5942028985507246,1.0,0.5942028985507246,score,,,,Foldseek,report,choose,protein homodimerization activity,69,51.66550724637681,1.0,true,294,NPM1,false,0.17716535433070865,320,52,0.33962264150943394,false,0.9714285714285714,kmerseek.hp_pbotc_1st_ed2_k19_lcFalse,"inside, lower IoU",pLDDT < 70,214
foldseek,foldseek,disprot,any_term,P20810,IDPO:0000048,136,277,158,282,P12464,84,173,95,104,5.0,0.815068493150685,0.9596774193548387,0.8439716312056738,270,129,true,true,20,158,282,P12464,84,173,114,170,5.0,0.815068493150685,0.9596774193548387,0.8439716312056738,score,,,,Foldseek,report,report,limited proteolysis display site,141,65.05645390070922,1.0,true,708,CAST,false,0.11282051282051282,49,99,0.05,false,0.3475177304964539,kmerseek.hp_pbotc_1st_ed2_k19_lcFalse,equal or higher IoU,pLDDT < 70,212
foldseek,foldseek,yeast,same_term,P08621,GO:0005515,183,437,310,437,Q06628,283,378,358,389,4.0,0.5,1.0,0.5,1,1,true,true,1,310,437,Q06628,283,378,358,389,4.0,0.5,1.0,0.5,score,,,,Foldseek,report,report,protein binding,254,57.51622047244095,1.0,true,437,SNRNP70,false,0.4919614147909968,431,117,0.7372881355932204,false,0.7559055118110236,kmerseek.hp_pbotc_1st_ed2_k19_lcFalse,"inside, lower IoU",pLDDT < 70,454
foldseek,foldseek,yeast,same_term,O15234,GO:0005515,136,283,187,600,P07276,255,706,641,690,0.0,0.20689655172413793,0.2324455205811138,0.6530612244897959,7,2,false,false,0,,,,,,,,,,,,score,,,,Foldseek,report,report,protein binding,147,70.22795918367348,1.0,true,703,CASC3,false,,,,,false,0.30612244897959184,kmerseek.hp_pbotc_1st_ed2_k19_lcFalse,spills,pLDDT >= 70,312
foldseek,foldseek,yeast,same_term,P08621,GO:0005515,229,306,,,,,,,,,,,,0,,,false,,,,,,,,,,,,,,,,,Foldseek,report,report,protein binding,77,57.88142857142857,1.0,true,437,SNRNP70,false,,,,,false,0.9506172839506173,kmerseek.hp_pbotc_1st_ed2_k19_lcFalse,no call,pLDDT < 70,82
foldseek,foldseek,yeast,same_term,Q13625,GO:0005515,709,904,510,779,P06701,212,463,215,549,4.0,0.17766497461928935,0.26022304832713755,0.358974358974359,3,3,true,false,0,,,,,,,,,,,,score,,,,Foldseek,report,report,protein binding,195,41.278564102564104,1.0,true,1128,TP53BP2,false,,,,,false,0.3641025641025641,kmerseek.hp_pbotc_1st_ed2_k19_lcFalse,"inside, lower IoU",pLDDT < 70,416
foldseek,foldseek,yeast,same_term,P21815,GO:0005515,0,317,54,260,Q05471,462,679,598,627,2.0,0.6498422712933754,1.0,0.6498422712933754,1,1,true,true,1,54,260,Q05471,462,679,598,627,2.0,0.6498422712933754,1.0,0.6498422712933754,score,,,,Foldseek,report,report,protein binding,317,49.88529968454259,0.9968454258675079,true,317,IBSP,false,1.0,228,58,0.2542372881355932,false,0.334384858044164,kmerseek.hp_pbotc_1st_ed2_k19_lcFalse,equal or higher IoU,pLDDT < 70,1000
foldseek,foldseek,yeast,same_term,P38398,GO:0005515,1342,1440,1216,1849,Q05471,66,876,598,627,3.0,0.15481832543443919,0.15481832543443919,1.0,1,1,false,false,0,,,,,,,,,,,,score,,,,Foldseek,report,report,protein binding,98,48.249387755102035,1.0,true,1863,BRCA1,false,,,,,false,0.32653061224489793,kmerseek.hp_pbotc_1st_ed2_k19_lcFalse,spills,pLDDT < 70,41
foldseek,foldseek,yeast,same_term,P54252,GO:0005515,193,361,165,336,P46674,668,860,719,805,-9.0,0.7295918367346939,0.8362573099415205,0.8511904761904762,2,2,true,true,1,165,336,P46674,668,860,719,805,-9.0,0.7295918367346939,0.8362573099415205,0.8511904761904762,score,,,,Foldseek,report,report,protein binding,168,60.15678571428572,0.6369047619047619,true,361,ATXN3,false,0.16753926701570682,971,78,0.8607594936708861,false,0.5238095238095238,kmerseek.hp_pbotc_1st_ed2_k19_lcFalse,equal or higher IoU,pLDDT < 70,621
foldseek,foldseek,yeast,same_term,P17096,GO:0005515,0,107,0,67,P38634,21,89,0,90,4.0,0.6261682242990654,1.0,0.6261682242990654,1,1,true,true,1,0,67,P38634,21,89,0,90,4.0,0.6261682242990654,1.0,0.6261682242990654,score,,,,Foldseek,report,report,protein binding,107,65.0285046728972,1.0,true,107,HMGA1,false,1.0,81,24,0.16,false,0.4485981308411215,kmerseek.hp_pbotc_1st_ed2_k19_lcFalse,equal or higher IoU,pLDDT < 70,1000
foldseek,foldseek,yeast,same_term,Q9NR61,GO:0005515,552,685,25,673,Q06628,75,646,423,436,7.0,0.18333333333333332,0.1867283950617284,0.9097744360902256,3,1,false,false,0,,,,,,,,,,,,score,,,,Foldseek,report,report,protein binding,133,37.275263157894734,0.8195488721804511,true,685,DLL4,false,,,,,false,0.3383458646616541,kmerseek.hp_pbotc_1st_ed2_k19_lcFalse,spills,pLDDT < 70,421
foldseek,foldseek,yeast,same_term,Q15109,GO:0060090,363,404,,,,,,,,,,,,0,,,false,,,,,,,,,,,,,,,,,Foldseek,report,choose,molecular adaptor activity,41,61.53365853658537,1.0,true,404,AGER,false,,,,,false,0.975609756097561,kmerseek.hp_pbotc_1st_ed2_k19_lcFalse,no call,pLDDT < 70,53
foldseek,foldseek,yeast,same_term,Q13625,GO:0005515,692,918,510,779,P06701,212,463,215,549,4.0,0.21323529411764705,0.32342007434944237,0.38495575221238937,3,3,true,false,0,,,,,,,,,,,,score,,,,Foldseek,report,report,protein binding,226,41.467566371681414,1.0,true,1128,TP53BP2,false,,,,,false,0.3141592920353982,kmerseek.hp_pbotc_1st_ed2_k19_lcFalse,"inside, lower IoU",pLDDT < 70,416
foldseek,foldseek,yeast,same_term,P06454,GO:0005515,0,111,,,,,,,,,,,,0,,,false,,,,,,,,,,,,,,,,,Foldseek,report,report,protein binding,111,58.376396396396395,1.0,true,111,PTMA,false,,,,,false,0.6846846846846847,kmerseek.hp_pbotc_1st_ed2_k19_lcFalse,no call,pLDDT < 70,1000
foldseek,foldseek,yeast,same_term,P45985,GO:0005515,11,86,15,111,Q05471,538,638,598,627,-2.0,0.71,0.7395833333333334,0.9466666666666667,5,3,true,false,0,,,,,,,,,,,,score,,,,Foldseek,report,report,protein binding,75,35.12146666666667,0.6933333333333334,true,399,MAP2K4,false,,,,,false,0.3125,kmerseek.hp_pbotc_1st_ed2_k19_lcFalse,equal or higher IoU,pLDDT < 70,583
foldseek,foldseek,yeast,any_term,P08621,GO:0005515,183,437,310,437,Q06628,283,378,358,389,4.0,0.5,1.0,0.5,4,1,true,true,1,310,437,Q06628,283,378,358,389,4.0,0.5,1.0,0.5,score,,,,Foldseek,report,report,protein binding,254,57.51622047244095,1.0,true,437,SNRNP70,false,0.4919614147909968,431,117,0.7372881355932204,false,0.7559055118110236,kmerseek.hp_pbotc_1st_ed2_k19_lcFalse,"inside, lower IoU",pLDDT < 70,454
foldseek,foldseek,yeast,any_term,O15234,GO:0005654,136,283,187,600,P07276,255,706,668,673,0.0,0.20689655172413793,0.2324455205811138,0.6530612244897959,17,2,false,false,0,,,,,,,,,,,,score,,,,Foldseek,report,report,nucleoplasm,147,70.22795918367348,1.0,true,703,CASC3,false,,,,,false,0.30612244897959184,kmerseek.hp_pbotc_1st_ed2_k19_lcFalse,spills,pLDDT >= 70,312
foldseek,foldseek,yeast,any_term,O15234,GO:0005515,136,283,187,600,P07276,255,706,641,690,0.0,0.20689655172413793,0.2324455205811138,0.6530612244897959,17,2,false,false,0,,,,,,,,,,,,score,,,,Foldseek,report,report,protein binding,147,70.22795918367348,1.0,true,703,CASC3,false,,,,,false,0.30612244897959184,kmerseek.hp_pbotc_1st_ed2_k19_lcFalse,spills,pLDDT >= 70,312
foldseek,foldseek,yeast,any_term,Q8IYB3,GO:0051179,350,688,340,812,P32499,139,582,184,527,0.0,0.7161016949152542,0.7161016949152542,1.0,9,4,true,true,3,347,560,Q05471,464,679,598,627,-2.0,0.6158357771260997,0.9859154929577465,0.621301775147929,score,,,,Foldseek,report,report,localization,338,45.27742603550296,1.0,true,904,SRRM1,false,0.30346820809248554,775,81,0.8902439024390244,false,0.3136094674556213,kmerseek.hp_pbotc_1st_ed2_k19_lcFalse,equal or higher IoU,pLDDT < 70,642
foldseek,foldseek,yeast,any_term,P08621,GO:0005515,229,306,,,,,,,,,,,,0,,,false,,,,,,,,,,,,,,,,,Foldseek,report,report,protein binding,77,57.88142857142857,1.0,true,437,SNRNP70,false,,,,,false,0.9506172839506173,kmerseek.hp_pbotc_1st_ed2_k19_lcFalse,no call,pLDDT < 70,82
foldseek,foldseek,yeast,any_term,P11387,GO:0008301,0,174,0,237,P32499,269,503,184,527,0.0,0.7341772151898734,0.7341772151898734,1.0,1,1,true,false,0,,,,,,,,,,,,score,,,,Foldseek,report,report,"DNA binding, bending",174,36.0332183908046,1.0,true,765,TOP1,false,,,,,false,0.7068965517241379,kmerseek.hp_pbotc_1st_ed2_k19_lcFalse,equal or higher IoU,pLDDT < 70,199
foldseek,foldseek,yeast,any_term,P06748,GO:0019843,119,243,123,289,P39935,317,478,392,490,0.0,0.7058823529411765,0.7228915662650602,0.967741935483871,11,3,true,false,0,,,,,,,,,,,,score,,,,Foldseek,report,report,rRNA binding,124,49.47032258064516,1.0,true,294,NPM1,false,,,,,false,0.717741935483871,kmerseek.hp_pbotc_1st_ed2_k19_lcFalse,"inside, lower IoU",pLDDT < 70,529
foldseek,foldseek,yeast,any_term,Q13625,GO:0005515,709,904,323,911,Q02629,41,611,1,580,-2.0,0.33163265306122447,0.33163265306122447,1.0,9,5,true,false,0,,,,,,,,,,,,score,,,,Foldseek,report,report,protein binding,195,41.278564102564104,1.0,true,1128,TP53BP2,false,,,,,false,0.3641025641025641,kmerseek.hp_pbotc_1st_ed2_k19_lcFalse,"inside, lower IoU",pLDDT < 70,416
foldseek,foldseek,yeast,any_term,P21815,GO:0005515,0,317,48,268,Q03834,31,262,0,304,-1.0,0.694006309148265,1.0,0.694006309148265,4,3,true,true,3,48,268,Q03834,31,262,0,304,-1.0,0.694006309148265,1.0,0.694006309148265,score,,,,Foldseek,report,report,protein binding,317,49.88529968454259,0.9968454258675079,true,317,IBSP,false,1.0,645,58,0.8305084745762712,false,0.334384858044164,kmerseek.hp_pbotc_1st_ed2_k19_lcFalse,equal or higher IoU,pLDDT < 70,1000
foldseek,foldseek,yeast,any_term,P13861,IDPO:0000033,43,90,2,151,P04147,394,530,418,502,-5.0,0.31543624161073824,0.31543624161073824,1.0,2,2,false,false,0,,,,,,,,,,,,score,,,,Foldseek,report,report,flexible linker,47,41.47468085106383,0.9787234042553191,true,404,PRKAR2A,false,,,,,false,0.5957446808510638,kmerseek.hp_pbotc_1st_ed2_k19_lcFalse,spills,pLDDT < 70,473
foldseek,foldseek,yeast,any_term,O15234,GO:0003727,136,283,187,600,P07276,255,706,663,678,0.0,0.20689655172413793,0.2324455205811138,0.6530612244897959,17,2,false,false,0,,,,,,,,,,,,score,,,,Foldseek,report,report,single-stranded RNA binding,147,70.22795918367348,1.0,true,703,CASC3,false,,,,,false,0.30612244897959184,kmerseek.hp_pbotc_1st_ed2_k19_lcFalse,spills,pLDDT >= 70,312
foldseek,foldseek,yeast,any_term,P38398,GO:0005515,1342,1440,1216,1849,Q05471,66,876,598,627,3.0,0.15481832543443919,0.15481832543443919,1.0,2,1,false,false,0,,,,,,,,,,,,score,,,,Foldseek,report,report,protein binding,98,48.249387755102035,1.0,true,1863,BRCA1,false,,,,,false,0.32653061224489793,kmerseek.hp_pbotc_1st_ed2_k19_lcFalse,spills,pLDDT < 70,41
foldseek,foldseek,yeast,any_term,Q9UBT3,IDPO:0000033,93,140,36,134,P46669,89,207,94,111,2.0,0.3942307692307692,0.41836734693877553,0.8723404255319149,6,5,false,false,0,,,,,,,,,,,,score,,,,Foldseek,report,report,flexible linker,47,49.87978723404255,0.8723404255319149,true,224,DKK4,false,,,,,false,0.8103448275862069,kmerseek.hp_pbotc_1st_ed2_k19_lcFalse,spills,pLDDT < 70,582
foldseek,foldseek,yeast,any_term,Q7RTP6,GO:0005515,1734,1918,1844,1996,P32867,33,243,191,265,31.0,0.2824427480916031,0.4868421052631579,0.40217391304347827,1,1,false,false,0,,,,,,,,,,,,score,,,,Foldseek,report,report,protein binding,184,58.91625,0.6304347826086957,true,2002,MICAL3,false,,,,,false,0.358695652173913,kmerseek.hp_pbotc_1st_ed2_k19_lcFalse,spills,pLDDT < 70,188
foldseek,foldseek,yeast,any_term,Q92945,GO:0044183,129,218,142,238,P34087,4,103,56,68,17.0,0.6972477064220184,0.7916666666666666,0.8539325842696629,10,6,true,false,0,,,,,,,,,,,,score,,,,Foldseek,report,report,protein folding chaperone,89,80.71460674157304,0.6853932584269663,true,711,KHSRP,false,,,,,false,0.5730337078651685,kmerseek.hp_pbotc_1st_ed2_k19_lcFalse,equal or higher IoU,pLDDT >= 70,515
foldseek,foldseek,yeast,any_term,P54252,GO:0005515,193,361,165,336,P46674,668,860,719,805,-9.0,0.7295918367346939,0.8362573099415205,0.8511904761904762,6,4,true,true,1,165,336,P46674,668,860,719,805,-9.0,0.7295918367346939,0.8362573099415205,0.8511904761904762,score,,,,Foldseek,report,report,protein binding,168,60.15678571428572,0.6369047619047619,true,361,ATXN3,false,0.16753926701570682,971,78,0.8607594936708861,false,0.5238095238095238,kmerseek.hp_pbotc_1st_ed2_k19_lcFalse,equal or higher IoU,pLDDT < 70,621
foldseek,foldseek,yeast,any_term,P17096,GO:0005515,0,107,0,98,P53927,0,77,0,80,4.0,0.9158878504672897,1.0,0.9158878504672897,4,2,true,true,2,0,98,P53927,0,77,0,80,4.0,0.9158878504672897,1.0,0.9158878504672897,score,,,,Foldseek,report,report,protein binding,107,65.0285046728972,1.0,true,107,HMGA1,false,1.0,100,24,0.12,false,0.4485981308411215,kmerseek.hp_pbotc_1st_ed2_k19_lcFalse,equal or higher IoU,pLDDT < 70,1000
foldseek,foldseek,yeast,any_term,P04637,GO:0005515,366,386,292,392,P38634,10,101,0,90,2.0,0.2,0.2,1.0,5,3,false,false,0,,,,,,,,,,,,score,,,,Foldseek,report,report,protein binding,20,42.475,1.0,true,393,TP53,false,,,,,false,0.8695652173913043,kmerseek.hp_pbotc_1st_ed2_k19_lcFalse,spills,pLDDT < 70,355
foldseek,foldseek,yeast,any_term,P17096,GO:0060090,0,107,0,98,P53927,0,77,0,80,4.0,0.9158878504672897,1.0,0.9158878504672897,4,2,true,true,2,0,98,P53927,0,77,0,80,4.0,0.9158878504672897,1.0,0.9158878504672897,score,,,,Foldseek,report,choose,molecular adaptor activity,107,65.0285046728972,1.0,true,107,HMGA1,false,1.0,100,24,0.12,false,0.4485981308411215,kmerseek.hp_pbotc_1st_ed2_k19_lcFalse,equal or higher IoU,pLDDT < 70,1000
foldseek,foldseek,yeast,any_term,Q13188,IDPO:0000033,313,427,323,462,P06701,333,501,215,549,12.0,0.697986577181208,0.7482014388489209,0.9122807017543859,22,10,true,false,0,,,,,,,,,,,,score,,,,Foldseek,report,report,flexible linker,114,37.32631578947368,1.0,true,491,STK3,false,,,,,false,0.5087719298245614,kmerseek.hp_pbotc_1st_ed2_k19_lcFalse,equal or higher IoU,pLDDT < 70,485
foldseek,foldseek,yeast,any_term,P38936,GO:0005515,138,160,,,,,,,,,,,,0,,,false,,,,,,,,,,,,,,,,,Foldseek,report,report,protein binding,22,66.16863636363637,1.0,true,164,CDKN1A,false,,,,,false,0.6153846153846154,kmerseek.hp_pbotc_1st_ed2_k19_lcFalse,no call,pLDDT < 70,426
foldseek,foldseek,yeast,any_term,P04637,GO:0005515,365,386,292,392,P38634,10,101,0,90,2.0,0.21,0.21,1.0,5,3,false,false,0,,,,,,,,,,,,score,,,,Foldseek,report,report,protein binding,21,42.240952380952386,1.0,true,393,TP53,false,,,,,false,0.8333333333333334,kmerseek.hp_pbotc_1st_ed2_k19_lcFalse,spills,pLDDT < 70,358
foldseek,foldseek,yeast,any_term,P42226,GO:0005515,782,814,621,832,Q06810,132,359,324,339,-4.0,0.15165876777251186,0.15165876777251186,1.0,1,1,false,false,0,,,,,,,,,,,,score,,,,Foldseek,report,report,protein binding,32,40.1121875,1.0,true,847,STAT6,false,,,,,false,0.8,kmerseek.hp_pbotc_1st_ed2_k19_lcFalse,spills,pLDDT < 70,174
foldseek,foldseek,yeast,any_term,Q9NR61,GO:0005515,552,685,524,664,P34233,345,487,423,429,-3.0,0.6956521739130435,0.8,0.8421052631578947,14,3,true,true,1,524,664,P34233,345,487,423,429,-3.0,0.6956521739130435,0.8,0.8421052631578947,score,,,,Foldseek,report,report,protein binding,133,37.275263157894734,0.8195488721804511,true,685,DLL4,false,0.040293040293040296,907,96,0.7422680412371134,false,0.3383458646616541,kmerseek.hp_pbotc_1st_ed2_k19_lcFalse,equal or higher IoU,pLDDT < 70,421
foldseek,foldseek,yeast,any_term,P17096,GO:0003723,0,107,0,98,P53927,0,77,0,80,4.0,0.9158878504672897,1.0,0.9158878504672897,4,2,true,true,2,0,98,P53927,0,77,0,80,4.0,0.9158878504672897,1.0,0.9158878504672897,score,,,,Foldseek,report,choose,RNA binding,107,65.0285046728972,1.0,true,107,HMGA1,false,1.0,100,24,0.12,false,0.4485981308411215,kmerseek.hp_pbotc_1st_ed2_k19_lcFalse,equal or higher IoU,pLDDT < 70,1000
foldseek,foldseek,yeast,any_term,Q7RTP6,GO:0051179,1734,1918,1844,1996,P32867,33,243,191,265,31.0,0.2824427480916031,0.4868421052631579,0.40217391304347827,1,1,false,false,0,,,,,,,,,,,,score,,,,Foldseek,report,report,localization,184,58.91625,0.6304347826086957,true,2002,MICAL3,false,,,,,false,0.358695652173913,kmerseek.hp_pbotc_1st_ed2_k19_lcFalse,spills,pLDDT < 70,188
foldseek,foldseek,yeast,any_term,O60927,GO:0019902,0,126,0,125,P38634,14,142,0,90,-1.0,0.9920634920634921,1.0,0.9920634920634921,5,3,true,true,2,0,125,P38634,14,142,0,90,-1.0,0.9920634920634921,1.0,0.9920634920634921,score,,,,Foldseek,report,choose,phosphatase binding,126,65.91150793650795,1.0,true,126,PPP1R11,false,1.0,671,26,0.6296296296296297,false,0.3888888888888889,kmerseek.hp_pbotc_1st_ed2_k19_lcFalse,equal or higher IoU,pLDDT < 70,1000
foldseek,foldseek,yeast,any_term,P11387,GO:0003677,0,174,0,237,P32499,269,503,184,527,0.0,0.7341772151898734,0.7341772151898734,1.0,1,1,true,false,0,,,,,,,,,,,,score,,,,Foldseek,report,report,DNA binding,174,36.0332183908046,1.0,true,765,TOP1,false,,,,,false,0.7068965517241379,kmerseek.hp_pbotc_1st_ed2_k19_lcFalse,equal or higher IoU,pLDDT < 70,199
foldseek,foldseek,yeast,any_term,P11387,GO:0140693,0,214,0,237,P32499,269,503,184,527,0.0,0.9029535864978903,0.9029535864978903,1.0,1,1,true,true,1,0,237,P32499,269,503,184,527,0.0,0.9029535864978903,0.9029535864978903,1.0,score,,,,Foldseek,report,choose,molecular condensate scaffold activity,214,39.66168224299066,0.9392523364485982,true,765,TOP1,false,0.04725897920604915,767,100,0.8712871287128713,false,0.5747663551401869,kmerseek.hp_pbotc_1st_ed2_k19_lcFalse,equal or higher IoU,pLDDT < 70,199
foldseek,foldseek,yeast,any_term,P06748,IDPO:0000059,119,188,123,289,P39935,317,478,392,490,0.0,0.38235294117647056,0.39156626506024095,0.9420289855072463,11,3,false,false,0,,,,,,,,,,,,score,,,,Foldseek,report,choose,self-inhibition,69,51.66550724637681,1.0,true,294,NPM1,false,,,,,false,0.9714285714285714,kmerseek.hp_pbotc_1st_ed2_k19_lcFalse,spills,pLDDT < 70,434
foldseek,foldseek,yeast,any_term,P04637,GO:0005515,366,388,292,392,P38634,10,101,0,90,2.0,0.22,0.22,1.0,5,3,false,false,0,,,,,,,,,,,,score,,,,Foldseek,report,report,protein binding,22,42.89954545454545,1.0,true,393,TP53,false,,,,,false,0.9565217391304348,kmerseek.hp_pbotc_1st_ed2_k19_lcFalse,spills,pLDDT < 70,355
foldseek,foldseek,yeast,any_term,O15234,GO:1902280,136,283,187,600,P07276,255,706,663,678,0.0,0.20689655172413793,0.2324455205811138,0.6530612244897959,17,2,false,false,0,,,,,,,,,,,,score,,,,Foldseek,report,choose,regulation of RNA helicase activity,147,70.22795918367348,1.0,true,703,CASC3,false,,,,,false,0.30612244897959184,kmerseek.hp_pbotc_1st_ed2_k19_lcFalse,spills,pLDDT >= 70,312
foldseek,foldseek,yeast,any_term,P22626,GO:0140693,189,341,137,343,Q06628,236,431,423,436,15.0,0.7378640776699029,0.7378640776699029,1.0,10,4,true,false,0,,,,,,,,,,,,score,,,,Foldseek,report,choose,molecular condensate scaffold activity,152,42.5653947368421,0.9736842105263158,true,353,HNRNPA2B1,false,,,,,false,0.4276315789473684,kmerseek.hp_pbotc_1st_ed2_k19_lcFalse,equal or higher IoU,pLDDT < 70,553
foldseek,foldseek,yeast,any_term,P78504,IDPO:0000031,1093,1218,986,1218,Q06628,225,427,358,389,4.0,0.5387931034482759,0.5387931034482759,1.0,6,2,true,false,0,,,,,,,,,,,,score,,,,Foldseek,report,choose,flexible C-terminal tail,125,35.560480000000005,1.0,true,1218,JAG1,false,,,,,false,0.552,kmerseek.hp_pbotc_1st_ed2_k19_lcFalse,"inside, lower IoU",pLDDT < 70,336
foldseek,foldseek,yeast,any_term,Q13625,GO:0042803,692,918,323,911,Q02629,41,611,1,580,-2.0,0.3680672268907563,0.37244897959183676,0.9690265486725663,9,5,true,false,0,,,,,,,,,,,,score,,,,Foldseek,report,choose,protein homodimerization activity,226,41.467566371681414,1.0,true,1128,TP53BP2,false,,,,,false,0.3141592920353982,kmerseek.hp_pbotc_1st_ed2_k19_lcFalse,equal or higher IoU,pLDDT < 70,416
foldseek,foldseek,yeast,any_term,O60829,GO:0003676,0,102,0,67,Q05471,544,613,598,627,0.0,0.6568627450980392,1.0,0.6568627450980392,2,1,true,true,1,0,67,Q05471,544,613,598,627,0.0,0.6568627450980392,1.0,0.6568627450980392,score,,,,Foldseek,report,report,nucleic acid binding,102,62.933137254901965,1.0,true,102,PAGE4,false,1.0,617,20,0.23809523809523808,false,0.3137254901960784,kmerseek.hp_pbotc_1st_ed2_k19_lcFalse,equal or higher IoU,pLDDT < 70,1000
foldseek,foldseek,yeast,any_term,O60927,GO:0004864,0,126,0,125,P38634,14,142,0,90,-1.0,0.9920634920634921,1.0,0.9920634920634921,5,3,true,true,2,0,125,P38634,14,142,0,90,-1.0,0.9920634920634921,1.0,0.9920634920634921,score,,,,Foldseek,report,report,protein phosphatase inhibitor activity,126,65.91150793650795,1.0,true,126,PPP1R11,false,1.0,671,26,0.6296296296296297,false,0.3888888888888889,kmerseek.hp_pbotc_1st_ed2_k19_lcFalse,equal or higher IoU,pLDDT < 70,1000
foldseek,foldseek,yeast,any_term,Q7RTP6,GO:0060090,1734,1918,1844,1996,P32867,33,243,191,265,31.0,0.2824427480916031,0.4868421052631579,0.40217391304347827,1,1,false,false,0,,,,,,,,,,,,score,,,,Foldseek,report,choose,molecular adaptor activity,184,58.91625,0.6304347826086957,true,2002,MICAL3,false,,,,,false,0.358695652173913,kmerseek.hp_pbotc_1st_ed2_k19_lcFalse,spills,pLDDT < 70,188
foldseek,foldseek,yeast,any_term,Q13316,GO:0005509,217,513,152,505,P07276,319,707,663,678,1.0,0.7977839335180056,0.8158640226628895,0.972972972972973,8,4,true,true,1,152,505,P07276,319,707,663,678,1.0,0.7977839335180056,0.8158640226628895,0.972972972972973,score,,,,Foldseek,report,choose,calcium ion binding,296,46.08885135135135,1.0,true,513,DMP1,false,0.08695652173913043,388,105,0.6320754716981132,false,0.6993243243243243,kmerseek.hp_pbotc_1st_ed2_k19_lcFalse,equal or higher IoU,pLDDT < 70,258
foldseek,foldseek,yeast,any_term,Q15109,GO:0060090,363,404,,,,,,,,,,,,0,,,false,,,,,,,,,,,,,,,,,Foldseek,report,choose,molecular adaptor activity,41,61.53365853658537,1.0,true,404,AGER,false,,,,,false,0.975609756097561,kmerseek.hp_pbotc_1st_ed2_k19_lcFalse,no call,pLDDT < 70,53
foldseek,foldseek,yeast,any_term,Q9NQI0,GO:0140693,0,236,29,715,Q05471,464,1427,598,627,174.0,0.2895104895104895,0.30174927113702626,0.8771186440677966,5,2,false,false,0,,,,,,,,,,,,score,,,,Foldseek,report,choose,molecular condensate scaffold activity,236,35.59546610169492,1.0,true,724,DDX4,false,,,,,false,0.5933609958506224,kmerseek.hp_pbotc_1st_ed2_k19_lcFalse,spills,pLDDT < 70,249
foldseek,foldseek,yeast,any_term,O60927,GO:0019902,13,126,0,125,P38634,14,142,0,90,-1.0,0.8888888888888888,0.896,0.9911504424778761,5,3,true,true,2,0,125,P38634,14,142,0,90,-1.0,0.8888888888888888,0.896,0.9911504424778761,score,,,,Foldseek,report,choose,phosphatase binding,113,66.55,1.0,true,126,PPP1R11,false,1.0,671,26,0.6296296296296297,false,0.3728813559322034,kmerseek.hp_pbotc_1st_ed2_k19_lcFalse,equal or higher IoU,pLDDT < 70,999
foldseek,foldseek,yeast,any_term,P38936,GO:0140311,138,160,,,,,,,,,,,,0,,,false,,,,,,,,,,,,,,,,,Foldseek,report,report,protein sequestering activity,22,66.16863636363637,1.0,true,164,CDKN1A,false,,,,,false,0.6153846153846154,kmerseek.hp_pbotc_1st_ed2_k19_lcFalse,no call,pLDDT < 70,426
foldseek,foldseek,yeast,any_term,P17096,GO:0140677,0,107,0,98,P53927,0,77,0,80,4.0,0.9158878504672897,1.0,0.9158878504672897,4,2,true,true,2,0,98,P53927,0,77,0,80,4.0,0.9158878504672897,1.0,0.9158878504672897,score,,,,Foldseek,report,choose,molecular function activator activity,107,65.0285046728972,1.0,true,107,HMGA1,false,1.0,100,24,0.12,false,0.4485981308411215,kmerseek.hp_pbotc_1st_ed2_k19_lcFalse,equal or higher IoU,pLDDT < 70,1000
foldseek,foldseek,yeast,any_term,Q13625,GO:0005515,692,918,323,911,Q02629,41,611,1,580,-2.0,0.3680672268907563,0.37244897959183676,0.9690265486725663,9,5,true,false,0,,,,,,,,,,,,score,,,,Foldseek,report,report,protein binding,226,41.467566371681414,1.0,true,1128,TP53BP2,false,,,,,false,0.3141592920353982,kmerseek.hp_pbotc_1st_ed2_k19_lcFalse,equal or higher IoU,pLDDT < 70,416
foldseek,foldseek,yeast,any_term,Q13316,GO:0005509,16,217,23,309,Q03834,0,260,0,304,-1.0,0.6621160409556314,0.6783216783216783,0.9651741293532339,9,5,true,false,0,,,,,,,,,,,,score,,,,Foldseek,report,choose,calcium ion binding,201,47.5302487562189,1.0,true,513,DMP1,false,,,,,false,0.3283582089552239,kmerseek.hp_pbotc_1st_ed2_k19_lcFalse,equal or higher IoU,pLDDT < 70,927
foldseek,foldseek,yeast,any_term,P06454,GO:0042393,0,111,,,,,,,,,,,,0,,,false,,,,,,,,,,,,,,,,,Foldseek,report,report,histone binding,111,58.376396396396395,1.0,true,111,PTMA,false,,,,,false,0.7027027027027027,kmerseek.hp_pbotc_1st_ed2_k19_lcFalse,no call,pLDDT < 70,1000
foldseek,foldseek,yeast,any_term,P17096,GO:0003677,0,107,0,98,P53927,0,77,0,80,4.0,0.9158878504672897,1.0,0.9158878504672897,4,2,true,true,2,0,98,P53927,0,77,0,80,4.0,0.9158878504672897,1.0,0.9158878504672897,score,,,,Foldseek,report,report,DNA binding,107,65.0285046728972,1.0,true,107,HMGA1,false,1.0,100,24,0.12,false,0.4485981308411215,kmerseek.hp_pbotc_1st_ed2_k19_lcFalse,equal or higher IoU,pLDDT < 70,1000
foldseek,foldseek,yeast,any_term,P06454,GO:0005515,0,111,,,,,,,,,,,,0,,,false,,,,,,,,,,,,,,,,,Foldseek,report,report,protein binding,111,58.376396396396395,1.0,true,111,PTMA,false,,,,,false,0.7027027027027027,kmerseek.hp_pbotc_1st_ed2_k19_lcFalse,no call,pLDDT < 70,1000
foldseek,foldseek,yeast,any_term,P45985,GO:0005515,11,86,15,111,Q05471,538,638,598,627,-2.0,0.71,0.7395833333333334,0.9466666666666667,18,8,true,false,0,,,,,,,,,,,,score,,,,Foldseek,report,report,protein binding,75,35.12146666666667,0.6933333333333334,true,399,MAP2K4,false,,,,,false,0.3125,kmerseek.hp_pbotc_1st_ed2_k19_lcFalse,equal or higher IoU,pLDDT < 70,583
foldseek,foldseek,yeast,any_term,P04637,GO:0140677,366,386,292,392,P38634,10,101,0,90,2.0,0.2,0.2,1.0,5,3,false,false,0,,,,,,,,,,,,score,,,,Foldseek,report,choose,molecular function activator activity,20,42.475,1.0,true,393,TP53,false,,,,,false,0.8695652173913043,kmerseek.hp_pbotc_1st_ed2_k19_lcFalse,spills,pLDDT < 70,355
foldseek,foldseek,yeast,any_term,P06454,GO:0005509,14,110,,,,,,,,,,,,0,,,false,,,,,,,,,,,,,,,,,Foldseek,report,choose,calcium ion binding,96,58.15270833333333,1.0,true,111,PTMA,false,,,,,false,0.7938144329896907,kmerseek.hp_pbotc_1st_ed2_k19_lcFalse,no call,pLDDT < 70,934
foldseek,foldseek,yeast,any_term,P21815,GO:0036094,0,317,48,268,Q03834,31,262,0,304,-1.0,0.694006309148265,1.0,0.694006309148265,4,3,true,true,3,48,268,Q03834,31,262,0,304,-1.0,0.694006309148265,1.0,0.694006309148265,score,,,,Foldseek,report,choose,small molecule binding,317,49.88529968454259,0.9968454258675079,true,317,IBSP,false,1.0,645,58,0.8305084745762712,false,0.334384858044164,kmerseek.hp_pbotc_1st_ed2_k19_lcFalse,equal or higher IoU,pLDDT < 70,1000
foldseek,foldseek,yeast,any_term,P17096,GO:0003713,0,107,0,98,P53927,0,77,0,80,4.0,0.9158878504672897,1.0,0.9158878504672897,4,2,true,true,2,0,98,P53927,0,77,0,80,4.0,0.9158878504672897,1.0,0.9158878504672897,score,,,,Foldseek,report,choose,transcription coactivator activity,107,65.0285046728972,1.0,true,107,HMGA1,false,1.0,100,24,0.12,false,0.4485981308411215,kmerseek.hp_pbotc_1st_ed2_k19_lcFalse,equal or higher IoU,pLDDT < 70,1000
foldseek,foldseek,yeast,any_term,Q8TEA8,GO:0003677,151,209,,,,,,,,,,,,0,,,false,,,,,,,,,,,,,,,,,Foldseek,report,report,DNA binding,58,55.74206896551724,1.0,true,209,DTD1,false,,,,,false,0.890625,kmerseek.hp_pbotc_1st_ed2_k19_lcFalse,no call,pLDDT < 70,391
foldseek,foldseek,yeast,any_term,P06748,GO:0042803,119,188,123,289,P39935,317,478,392,490,0.0,0.38235294117647056,0.39156626506024095,0.9420289855072463,11,3,false,false,0,,,,,,,,,,,,score,,,,Foldseek,report,choose,protein homodimerization activity,69,51.66550724637681,1.0,true,294,NPM1,false,,,,,false,0.9714285714285714,kmerseek.hp_pbotc_1st_ed2_k19_lcFalse,spills,pLDDT < 70,434
reseek,reseek,disprot,same_term,P08621,GO:0005515,183,437,186,437,Q61337,35,203,0,204,0.1888,0.9881889763779528,1.0,0.9881889763779528,282,199,true,true,40,186,437,Q61337,35,203,0,204,0.1888,0.9881889763779528,1.0,0.9881889763779528,score,,,,Reseek,report,report,protein binding,254,57.51622047244095,1.0,true,437,SNRNP70,false,0.2887700534759358,352,117,0.7627118644067796,false,0.9133858267716536,kmerseek.hp_pbotc_1st_ed2_k19_lcFalse,equal or higher IoU,pLDDT < 70,535
reseek,reseek,disprot,same_term,P04156,GO:0140693,22,124,20,197,Q9SQK3,13,210,39,112,0.4091,0.576271186440678,0.576271186440678,1.0,6,6,true,false,0,,,,,,,,,,,,score,,,,Reseek,report,choose,molecular condensate scaffold activity,102,40.65196078431372,1.0,true,253,PRNP,false,,,,,false,0.6851851851851852,kmerseek.hp_pbotc_1st_ed2_k19_lcFalse,"inside, lower IoU",pLDDT < 70,507
reseek,reseek,disprot,same_term,P04004,GO:0005515,0,130,0,130,Q70Q12,1,91,61,94,0.2523,1.0,1.0,1.0,229,165,true,true,34,0,130,Q70Q12,1,91,61,94,0.2523,1.0,1.0,1.0,score,,,,Reseek,report,report,protein binding,130,52.54838461538461,0.5769230769230769,true,478,VTN,false,0.07736389684813753,175,106,0.308411214953271,false,0.3230769230769231,kmerseek.hp_pbotc_1st_ed2_k19_lcFalse,equal or higher IoU,pLDDT < 70,476
reseek,reseek,disprot,same_term,Q13029,GO:0005515,296,341,166,393,P00127,11,124,0,72,0.0013,0.19823788546255505,0.19823788546255505,1.0,71,47,false,false,0,,,,,,,,,,,,score,,,,Reseek,report,report,protein binding,45,33.023777777777774,1.0,true,1718,PRDM2,false,,,,,false,0.7692307692307693,kmerseek.hp_pbotc_1st_ed2_k19_lcFalse,spills,pLDDT < 70,113
reseek,reseek,disprot,same_term,O15234,GO:0005515,136,283,121,279,Q9XTY3,3,191,16,211,0.033,0.8827160493827161,0.9050632911392406,0.9727891156462585,228,159,true,true,27,121,279,Q9XTY3,3,191,16,211,0.033,0.8827160493827161,0.9050632911392406,0.9727891156462585,score,,,,Reseek,report,report,protein binding,147,70.22795918367348,1.0,true,703,CASC3,false,0.09523809523809523,297,97,0.4489795918367347,false,0.673469387755102,kmerseek.hp_pbotc_1st_ed2_k19_lcFalse,equal or higher IoU,pLDDT >= 70,455
reseek,reseek,disprot,same_term,Q9BTT0,GO:0044183,185,232,176,224,A0A178W0D3,216,242,220,259,0.1276,0.6964285714285714,0.8125,0.8297872340425532,9,7,true,true,1,176,224,A0A178W0D3,216,242,220,259,0.1276,0.6964285714285714,0.8125,0.8297872340425532,score,,,,Reseek,report,report,protein folding chaperone,47,51.76255319148937,1.0,true,268,ANP32E,false,0.08144796380090498,444,51,0.7692307692307693,false,0.9215686274509803,kmerseek.hp_pbotc_1st_ed2_k19_lcFalse,"inside, lower IoU",pLDDT < 70,371
reseek,reseek,disprot,same_term,P08621,GO:0005515,229,306,224,310,P31109,3,93,0,93,0.4005,0.8953488372093024,0.8953488372093024,1.0,250,179,true,true,9,224,310,P31109,3,93,0,93,0.4005,0.8953488372093024,0.8953488372093024,1.0,score,,,,Reseek,report,report,protein binding,77,57.88142857142857,1.0,true,437,SNRNP70,false,0.07386363636363637,199,117,0.01694915254237288,false,0.9746835443037974,kmerseek.hp_pbotc_1st_ed2_k19_lcFalse,"inside, lower IoU",pLDDT < 70,442
reseek,reseek,disprot,same_term,Q13625,GO:0005515,709,904,688,913,Q6MRH6,24,98,0,101,0.0095,0.8666666666666667,0.8666666666666667,1.0,160,110,true,true,3,688,913,Q6MRH6,24,98,0,101,0.0095,0.8666666666666667,0.8666666666666667,1.0,score,,,,Reseek,report,report,protein binding,195,41.278564102564104,1.0,true,1128,TP53BP2,false,0.06747787610619468,590,52,0.9811320754716981,false,0.3641025641025641,kmerseek.hp_pbotc_1st_ed2_k19_lcFalse,equal or higher IoU,pLDDT < 70,291
reseek,reseek,disprot,same_term,P21815,GO:0005515,0,317,0,317,Q91V27,0,589,146,403,0.3016,1.0,1.0,1.0,260,186,true,true,130,0,317,Q91V27,0,589,146,403,0.3016,1.0,1.0,1.0,score,,,,Reseek,report,report,protein binding,317,49.88529968454259,0.9968454258675079,true,317,IBSP,false,1.0,18,58,0.05084745762711865,false,0.6088328075709779,kmerseek.hp_pbotc_1st_ed2_k19_lcFalse,equal or higher IoU,pLDDT < 70,601
reseek,reseek,disprot,same_term,P38936,GO:0140677,0,164,0,152,Q84ZX5,0,132,80,132,0.3868,0.926829268292683,1.0,0.926829268292683,5,5,true,true,4,0,152,Q84ZX5,0,132,80,132,0.3868,0.926829268292683,1.0,0.926829268292683,score,,,,Reseek,report,choose,molecular function activator activity,164,69.00341463414634,0.7195121951219512,true,164,CDKN1A,false,1.0,56,33,0.3235294117647059,false,0.4695121951219512,kmerseek.hp_pbotc_1st_ed2_k19_lcFalse,equal or higher IoU,pLDDT < 70,601
reseek,reseek,disprot,same_term,Q8IW19,GO:0005515,449,511,450,511,Q9I322,3,81,0,81,0.0435,0.9838709677419355,1.0,0.9838709677419355,184,129,true,true,20,450,511,Q9I322,3,81,0,81,0.0435,0.9838709677419355,1.0,0.9838709677419355,score,,,,Reseek,report,report,protein binding,62,65.8941935483871,0.9193548387096774,true,511,APLF,false,0.031042128603104215,431,106,0.8411214953271028,false,0.43548387096774194,kmerseek.hp_pbotc_1st_ed2_k19_lcFalse,equal or higher IoU,pLDDT < 70,318
reseek,reseek,disprot,same_term,Q13569,GO:0098772,50,111,0,118,O80837,0,68,63,68,0.2771,0.5169491525423728,0.5169491525423728,1.0,35,28,true,false,0,,,,,,,,,,,,score,,,,Reseek,report,report,molecular function regulator,61,46.49672131147541,0.8852459016393442,true,410,TDG,false,,,,,false,0.7377049180327869,kmerseek.hp_pbotc_1st_ed2_k19_lcFalse,"inside, lower IoU",pLDDT < 70,439
reseek,reseek,disprot,same_term,P38398,GO:0005515,1342,1440,1345,1426,Q9I322,3,71,0,81,0.0002,0.826530612244898,1.0,0.826530612244898,195,137,true,true,27,1345,1426,Q9I322,3,71,0,81,0.0002,0.826530612244898,1.0,0.826530612244898,score,,,,Reseek,report,report,protein binding,98,48.249387755102035,1.0,true,1863,BRCA1,false,0.028042624789680313,564,22,0.8695652173913043,false,0.826530612244898,kmerseek.hp_pbotc_1st_ed2_k19_lcFalse,equal or higher IoU,pLDDT < 70,297
reseek,reseek,disprot,same_term,Q9UBT3,IDPO:0000033,93,140,97,140,P27577,189,303,243,301,0.0803,0.9148936170212766,1.0,0.9148936170212766,64,57,true,true,2,97,140,P27577,189,303,243,301,0.0803,0.9148936170212766,1.0,0.9148936170212766,score,,,,Reseek,report,report,flexible linker,47,49.87978723404255,0.8723404255319149,true,224,DKK4,false,0.11538461538461539,518,52,0.6037735849056604,false,0.6666666666666666,kmerseek.hp_pbotc_1st_ed2_k19_lcFalse,equal or higher IoU,pLDDT < 70,489
reseek,reseek,disprot,same_term,Q7RTP6,GO:0005515,1734,1918,1741,1995,Q42512,3,139,40,139,0.0146,0.6781609195402298,0.6968503937007874,0.9619565217391305,168,118,true,true,3,1752,1870,P01097,3,82,27,50,0.0136,0.6413043478260869,1.0,0.6413043478260869,score,,,,Reseek,report,report,protein binding,184,58.91625,0.6304347826086957,true,2002,MICAL3,false,0.05994694960212202,3273,15,0.5,false,0.5271739130434783,kmerseek.hp_pbotc_1st_ed2_k19_lcFalse,equal or higher IoU,pLDDT < 70,244
reseek,reseek,disprot,same_term,Q9Y613,GO:0005515,1103,1164,1096,1164,P61926,28,76,0,76,0.0998,0.8970588235294118,0.8970588235294118,1.0,117,84,true,true,5,1096,1164,P61926,28,76,0,76,0.0998,0.8970588235294118,0.8970588235294118,1.0,score,,,,Reseek,report,report,protein binding,61,59.266229508196716,1.0,true,1164,FHOD1,false,0.006381039197812215,489,41,0.30952380952380953,false,0.3770491803278688,kmerseek.hp_pbotc_1st_ed2_k19_lcFalse,equal or higher IoU,pLDDT < 70,152
reseek,reseek,disprot,same_term,O00273,GO:0005515,11,100,17,101,P34087,3,125,56,68,0.2842,0.9222222222222223,0.9880952380952381,0.9325842696629213,140,97,true,true,10,17,101,P34087,3,125,56,68,0.2842,0.9222222222222223,0.9880952380952381,0.9325842696629213,score,,,,Reseek,report,report,protein binding,89,71.22595505617977,0.07865168539325842,true,331,DFFA,false,0.13306451612903225,2883,60,0.5081967213114754,false,0.651685393258427,kmerseek.hp_pbotc_1st_ed2_k19_lcFalse,equal or higher IoU,pLDDT >= 70,408
reseek,reseek,disprot,same_term,P54252,GO:0005515,193,361,192,361,A0A142G2L5,28,180,20,181,0.1718,0.9940828402366864,0.9940828402366864,1.0,262,186,true,true,90,192,361,A0A142G2L5,28,180,20,181,0.1718,0.9940828402366864,0.9940828402366864,1.0,score,,,,Reseek,report,report,protein binding,168,60.15678571428572,0.6369047619047619,true,361,ATXN3,false,0.17098445595854922,442,78,0.13924050632911392,false,0.9583333333333334,kmerseek.hp_pbotc_1st_ed2_k19_lcFalse,equal or higher IoU,pLDDT < 70,531
reseek,reseek,disprot,same_term,P17096,GO:0005515,0,107,0,107,P81558,0,171,0,171,0.446,1.0,1.0,1.0,190,143,true,true,130,0,107,P81558,0,171,0,171,0.446,1.0,1.0,1.0,score,,,,Reseek,report,report,protein binding,107,65.0285046728972,1.0,true,107,HMGA1,false,1.0,2,24,0.08,false,0.4485981308411215,kmerseek.hp_pbotc_1st_ed2_k19_lcFalse,equal or higher IoU,pLDDT < 70,601
reseek,reseek,disprot,same_term,P17096,GO:0060090,0,107,0,107,P04972,0,83,0,87,0.3348,1.0,1.0,1.0,41,33,true,true,33,0,107,P04972,0,83,45,78,0.3348,1.0,1.0,1.0,score,,,,Reseek,report,choose,molecular adaptor activity,107,65.0285046728972,1.0,true,107,HMGA1,false,1.0,17,24,0.04,false,0.38317757009345793,kmerseek.hp_pbotc_1st_ed2_k19_lcFalse,equal or higher IoU,pLDDT < 70,601
reseek,reseek,disprot,same_term,P38398,GO:0005515,303,394,190,503,B2RLE7,2,356,22,54,0.0004,0.29073482428115016,0.29073482428115016,1.0,76,48,false,false,0,,,,,,,,,,,,score,,,,Reseek,report,report,protein binding,91,33.37802197802198,1.0,true,1863,BRCA1,false,,,,,false,0.717391304347826,kmerseek.hp_pbotc_1st_ed2_k19_lcFalse,spills,pLDDT < 70,86
reseek,reseek,disprot,same_term,P55036,GO:0005515,304,377,302,377,Q9I322,11,81,0,81,0.4197,0.9733333333333334,0.9733333333333334,1.0,194,145,true,true,5,302,377,Q9I322,11,81,0,81,0.4197,0.9733333333333334,0.9733333333333334,1.0,score,,,,Reseek,report,report,protein binding,73,55.51465753424658,1.0,true,377,PSMD4,false,0.0462046204620462,72,86,0.12643678160919541,false,0.5205479452054794,kmerseek.hp_pbotc_1st_ed2_k19_lcFalse,equal or higher IoU,pLDDT < 70,453
reseek,reseek,disprot,same_term,Q9NR61,GO:0005515,552,685,554,678,P38634,0,191,0,90,0.2713,0.9323308270676691,1.0,0.9323308270676691,192,149,true,true,33,554,678,P38634,0,191,0,90,0.2713,0.9323308270676691,1.0,0.9323308270676691,score,,,,Reseek,report,report,protein binding,133,37.275263157894734,0.8195488721804511,true,685,DLL4,false,0.060498220640569395,1491,96,0.35051546391752575,false,0.3383458646616541,kmerseek.hp_pbotc_1st_ed2_k19_lcFalse,equal or higher IoU,pLDDT < 70,442
reseek,reseek,disprot,same_term,P17096,GO:0003723,0,107,0,107,P53927,0,79,0,80,0.2652,1.0,1.0,1.0,4,3,true,true,3,0,107,P53927,0,79,0,80,0.2652,1.0,1.0,1.0,score,,,,Reseek,report,choose,RNA binding,107,65.0285046728972,1.0,true,107,HMGA1,false,1.0,623,24,0.28,false,0.9906542056074766,kmerseek.hp_pbotc_1st_ed2_k19_lcFalse,equal or higher IoU,pLDDT < 70,601
reseek,reseek,disprot,same_term,Q16186,IDPO:0000033,131,252,35,275,Q42521,147,499,448,470,0.2528,0.5041666666666667,0.5041666666666667,1.0,87,75,true,false,0,,,,,,,,,,,,score,,,,Reseek,report,report,flexible linker,121,47.94123966942149,1.0,true,407,ADRM1,false,,,,,false,0.5275590551181102,kmerseek.hp_pbotc_1st_ed2_k19_lcFalse,"inside, lower IoU",pLDDT < 70,479
reseek,reseek,disprot,same_term,P11387,GO:0003677,0,174,0,186,P10922,0,191,1,31,0.3333,0.9354838709677419,0.9354838709677419,1.0,7,7,true,true,3,0,186,P10922,0,191,1,31,0.3333,0.9354838709677419,0.9354838709677419,1.0,score,,,,Reseek,report,report,DNA binding,174,36.0332183908046,1.0,true,765,TOP1,false,0.04482758620689655,97,100,0.1782178217821782,false,0.4942528735632184,kmerseek.hp_pbotc_1st_ed2_k19_lcFalse,equal or higher IoU,pLDDT < 70,359
reseek,reseek,disprot,same_term,Q9UBK2,GO:0005515,1,220,1,240,P28235,43,330,232,333,0.0216,0.9163179916317992,0.9163179916317992,1.0,182,130,true,true,40,1,240,P28235,43,330,232,333,0.0216,0.9163179916317992,0.9163179916317992,1.0,score,,,,Reseek,report,report,protein binding,219,49.19452054794521,1.0,true,798,PPARGC1A,false,0.05178571428571429,267,96,0.8247422680412371,false,0.3150684931506849,kmerseek.hp_pbotc_1st_ed2_k19_lcFalse,equal or higher IoU,pLDDT < 70,289
reseek,reseek,disprot,same_term,P11387,GO:0140693,0,214,0,555,P78953,0,897,0,452,0.1973,0.3855855855855856,0.3855855855855856,1.0,9,9,false,false,0,,,,,,,,,,,,score,,,,Reseek,report,choose,molecular condensate scaffold activity,214,39.66168224299066,0.9392523364485982,true,765,TOP1,false,,,,,false,0.3644859813084112,kmerseek.hp_pbotc_1st_ed2_k19_lcFalse,equal or higher IoU,pLDDT < 70,418
reseek,reseek,disprot,same_term,Q9H981,GO:0005515,400,507,397,498,Q6MRH6,14,101,0,101,0.3012,0.8909090909090909,0.9702970297029703,0.9158878504672897,202,145,true,true,11,397,498,Q6MRH6,14,101,0,101,0.3012,0.8909090909090909,0.9702970297029703,0.9158878504672897,score,,,,Reseek,report,report,protein binding,107,54.71616822429907,0.7476635514018691,true,624,ACTR8,false,0.08969465648854962,312,99,0.34,false,0.5233644859813084,kmerseek.hp_pbotc_1st_ed2_k19_lcFalse,equal or higher IoU,pLDDT < 70,421
reseek,reseek,disprot,same_term,Q13625,GO:0005515,483,692,505,736,Q61337,3,170,0,204,0.036,0.7391304347826086,0.8095238095238095,0.8947368421052632,141,102,true,true,1,505,736,Q61337,3,170,0,204,0.036,0.7391304347826086,0.8095238095238095,0.8947368421052632,score,,,,Reseek,report,report,protein binding,209,35.06693779904306,1.0,true,1128,TP53BP2,false,0.07906458797327394,203,52,0.7169811320754716,false,0.3014354066985646,kmerseek.hp_pbotc_1st_ed2_k19_lcFalse,equal or higher IoU,pLDDT < 70,232
reseek,reseek,disprot,same_term,P31321,IDPO:0000033,58,81,0,80,P63159,0,212,72,99,0.2917,0.2716049382716049,0.275,0.9565217391304348,79,71,false,false,0,,,,,,,,,,,,score,,,,Reseek,report,report,flexible linker,23,64.65,0.6956521739130435,true,381,PRKAR1B,false,,,,,false,0.7916666666666666,kmerseek.hp_pbotc_1st_ed2_k19_lcFalse,spills,pLDDT < 70,507
reseek,reseek,disprot,same_term,P04156,GO:0060090,22,124,16,122,O43070,342,538,476,526,0.2356,0.9259259259259259,0.9433962264150944,0.9803921568627451,50,42,true,true,4,16,122,O43070,342,538,476,526,0.2356,0.9259259259259259,0.9433962264150944,0.9803921568627451,score,,,,Reseek,report,choose,molecular adaptor activity,102,40.65196078431372,1.0,true,253,PRNP,false,0.2635135135135135,241,54,0.2,false,0.6851851851851852,kmerseek.hp_pbotc_1st_ed2_k19_lcFalse,equal or higher IoU,pLDDT < 70,507
reseek,reseek,disprot,same_term,Q01970,GO:0140677,882,933,476,1153,P04925,19,254,92,109,0.2724,0.07533234859675036,0.07533234859675036,1.0,7,5,false,false,0,,,,,,,,,,,,score,,,,Reseek,report,choose,molecular function activator activity,51,34.169411764705885,1.0,true,1234,PLCB3,false,,,,,false,0.7647058823529411,kmerseek.hp_pbotc_1st_ed2_k19_lcFalse,spills,pLDDT < 70,347
reseek,reseek,disprot,same_term,Q13316,GO:0005509,217,513,17,510,A2VD23,21,609,0,613,0.1087,0.5907258064516129,0.5943204868154158,0.9898648648648649,4,4,true,false,0,,,,,,,,,,,,score,,,,Reseek,report,choose,calcium ion binding,296,46.08885135135135,1.0,true,513,DMP1,false,,,,,false,0.48986486486486486,kmerseek.hp_pbotc_1st_ed2_k19_lcFalse,equal or higher IoU,pLDDT < 70,371
reseek,reseek,disprot,same_term,Q15109,GO:0060090,363,404,350,404,F1RAX4,558,670,584,591,0.1416,0.7592592592592593,0.7592592592592593,1.0,44,35,true,true,1,361,394,P73124,0,37,0,65,0.1615,0.7209302325581395,0.9393939393939394,0.7560975609756098,score,,,,Reseek,report,choose,molecular adaptor activity,41,61.53365853658537,1.0,true,404,AGER,false,0.04032258064516129,281,104,0.49523809523809526,false,0.975609756097561,kmerseek.hp_pbotc_1st_ed2_k19_lcFalse,"inside, lower IoU",pLDDT < 70,402
reseek,reseek,disprot,same_term,Q9NQI0,GO:0140693,0,236,0,271,Q02199,0,283,0,260,0.4036,0.8708487084870848,0.8708487084870848,1.0,9,9,true,true,1,0,271,Q02199,0,283,0,260,0.4036,0.8708487084870848,0.8708487084870848,1.0,score,,,,Reseek,report,choose,molecular condensate scaffold activity,236,35.59546610169492,1.0,true,724,DDX4,false,0.04405286343612335,193,102,0.06796116504854369,false,0.6638655462184874,kmerseek.hp_pbotc_1st_ed2_k19_lcFalse,equal or higher IoU,pLDDT < 70,410
reseek,reseek,disprot,same_term,P38398,GO:0005515,174,303,34,358,P35585,69,420,217,231,0.0003,0.39814814814814814,0.39814814814814814,1.0,69,43,false,false,0,,,,,,,,,,,,score,,,,Reseek,report,report,protein binding,129,31.206356589147287,1.0,true,1863,BRCA1,false,,,,,false,0.5038759689922481,kmerseek.hp_pbotc_1st_ed2_k19_lcFalse,spills,pLDDT < 70,75
reseek,reseek,disprot,same_term,P28300,GO:0005515,21,168,23,162,Q9JJW6,32,201,18,53,0.3808,0.9455782312925171,1.0,0.9455782312925171,212,153,true,true,41,23,162,Q9JJW6,32,201,28,41,0.3808,0.9455782312925171,1.0,0.9455782312925171,score,,,,Reseek,report,report,protein binding,147,43.519387755102045,1.0,true,417,LOX,false,0.20430107526881722,101,108,0.24770642201834864,false,0.3741496598639456,kmerseek.hp_pbotc_1st_ed2_k19_lcFalse,equal or higher IoU,pLDDT < 70,481
reseek,reseek,disprot,same_term,Q13625,GO:0005515,692,918,688,913,Q6MRH6,24,98,0,101,0.0095,0.9608695652173913,0.9822222222222222,0.9778761061946902,163,112,true,true,4,688,913,Q6MRH6,24,98,0,101,0.0095,0.9608695652173913,0.9822222222222222,0.9778761061946902,score,,,,Reseek,report,report,protein binding,226,41.467566371681414,1.0,true,1128,TP53BP2,false,0.10176991150442478,590,52,0.9811320754716981,false,0.3141592920353982,kmerseek.hp_pbotc_1st_ed2_k19_lcFalse,equal or higher IoU,pLDDT < 70,307
reseek,reseek,disprot,same_term,P38398,GO:0005515,432,511,372,475,Q86FP8,3,76,19,80,0.0002,0.30935251798561153,0.4174757281553398,0.5443037974683544,75,48,false,false,0,,,,,,,,,,,,score,,,,Reseek,report,report,protein binding,79,30.053670886075945,1.0,true,1863,BRCA1,false,,,,,false,0.7439024390243902,kmerseek.hp_pbotc_1st_ed2_k19_lcFalse,spills,pLDDT < 70,89
reseek,reseek,disprot,same_term,Q49AN0,GO:0005515,489,593,489,593,Q7YUB9,26,86,0,86,0.3943,1.0,1.0,1.0,146,110,true,true,32,489,593,Q7YUB9,26,86,0,86,0.3943,1.0,1.0,1.0,score,,,,Reseek,report,report,protein binding,104,45.70701923076923,0.6923076923076923,true,593,CRY2,false,0.04285714285714286,170,101,0.18627450980392157,false,0.3076923076923077,kmerseek.hp_pbotc_1st_ed2_k19_lcFalse,equal or higher IoU,pLDDT < 70,384
reseek,reseek,disprot,same_term,P10451,GO:0005515,0,314,0,314,Q9I832,0,263,89,120,0.5254,1.0,1.0,1.0,251,180,true,true,125,0,314,Q9I832,0,263,89,120,0.5254,1.0,1.0,1.0,score,,,,Reseek,report,report,protein binding,314,53.406305732484086,1.0,true,314,SPP1,false,1.0,1,56,0.017543859649122806,false,0.5987261146496815,kmerseek.hp_pbotc_1st_ed2_k19_lcFalse,equal or higher IoU,pLDDT < 70,601
reseek,reseek,disprot,same_term,P46527,GO:0005515,0,198,0,198,P07516,0,202,0,202,0.7412,1.0,1.0,1.0,231,173,true,true,147,0,198,P07516,0,202,0,202,0.7412,1.0,1.0,1.0,score,,,,Reseek,report,report,protein binding,198,69.23424242424242,0.7171717171717171,true,198,CDKN1B,false,1.0,1,51,0.019230769230769232,false,0.3686868686868687,kmerseek.hp_pbotc_1st_ed2_k19_lcFalse,equal or higher IoU,pLDDT < 70,601
reseek,reseek,disprot,same_term,P06454,GO:0005515,0,111,0,111,Q86FP8,0,80,19,80,0.504,1.0,1.0,1.0,197,150,true,true,141,0,111,Q86FP8,0,80,19,80,0.504,1.0,1.0,1.0,score,,,,Reseek,report,report,protein binding,111,58.376396396396395,1.0,true,111,PTMA,false,1.0,2,24,0.08,false,0.9459459459459459,kmerseek.hp_pbotc_1st_ed2_k19_lcFalse,equal or higher IoU,pLDDT < 70,601
reseek,reseek,disprot,same_term,P45985,GO:0005515,11,86,3,85,Q05344,500,654,518,554,0.3395,0.891566265060241,0.9024390243902439,0.9866666666666667,196,137,true,true,48,3,85,Q05344,500,654,518,554,0.3395,0.891566265060241,0.9024390243902439,0.9866666666666667,score,,,,Reseek,report,report,protein binding,75,35.12146666666667,0.6933333333333334,true,399,MAP2K4,false,0.0660377358490566,295,98,0.5151515151515151,false,0.8933333333333333,kmerseek.hp_pbotc_1st_ed2_k19_lcFalse,"inside, lower IoU",pLDDT < 70,487
reseek,reseek,disprot,same_term,P60484,GO:0098772,352,403,352,403,Q9I322,9,81,0,81,0.36,1.0,1.0,1.0,19,17,true,true,3,352,403,Q9I322,9,81,0,81,0.36,1.0,1.0,1.0,score,,,,Reseek,report,report,molecular function regulator,51,35.779607843137256,1.0,true,403,PTEN,false,0.031161473087818695,182,104,0.3904761904761905,false,0.8823529411764706,kmerseek.hp_pbotc_1st_ed2_k19_lcFalse,equal or higher IoU,pLDDT < 70,415
reseek,reseek,disprot,same_term,P62328,GO:0005515,0,44,0,44,P62326,0,44,29,39,0.9508,1.0,1.0,1.0,113,88,true,true,86,0,44,P62326,0,44,30,40,0.9508,1.0,1.0,1.0,score,,,,Reseek,report,report,protein binding,44,80.78545454545454,1.0,true,44,TMSB4X,false,1.0,1,0,1.0,false,1.0,kmerseek.hp_pbotc_1st_ed2_k19_lcFalse,equal or higher IoU,pLDDT >= 70,601
reseek,reseek,disprot,same_term,Q9BTL3,GO:0005515,1,45,0,48,P21109,0,75,10,44,0.1319,0.9166666666666666,0.9166666666666666,1.0,180,137,true,true,20,0,48,P21109,0,75,10,44,0.1319,0.9166666666666666,0.9166666666666666,1.0,score,,,,Reseek,report,report,protein binding,44,89.2425,0.9090909090909091,true,118,RAMAC,false,0.09859154929577464,495,24,0.8,false,0.7555555555555555,kmerseek.hp_pbotc_1st_ed2_k19_lcFalse,equal or higher IoU,pLDDT >= 70,528
reseek,reseek,disprot,same_term,P09429,GO:0005515,187,214,180,215,P85800,0,32,11,28,0.3177,0.7714285714285715,0.7714285714285715,1.0,159,113,true,true,2,195,215,Q9SQK3,64,107,39,112,0.2623,0.6785714285714286,0.95,0.7037037037037037,score,,,,Reseek,report,report,protein binding,27,41.894814814814815,1.0,true,215,HMGB1,false,0.0663265306122449,329,52,1.0,false,0.9642857142857143,kmerseek.hp_pbotc_1st_ed2_k19_lcFalse,"inside, lower IoU",pLDDT < 70,422
reseek,reseek,disprot,same_term,Q9UBB5,GO:0005515,237,356,235,379,P62326,3,44,29,39,0.093,0.8263888888888888,0.8263888888888888,1.0,212,150,true,true,1,235,379,P62326,3,44,13,30,0.093,0.8263888888888888,0.8263888888888888,1.0,score,,,,Reseek,report,report,protein binding,119,77.72722689075631,0.8823529411764706,true,411,MBD2,false,0.11940298507462686,520,108,0.9174311926605505,false,0.3387096774193548,kmerseek.hp_pbotc_1st_ed2_k19_lcFalse,equal or higher IoU,pLDDT >= 70,440
reseek,reseek,disprot,same_term,Q8N3V7,GO:0005515,544,613,506,649,C9ZXG5,3,113,64,76,0.0075,0.4825174825174825,0.4825174825174825,1.0,172,117,true,false,0,,,,,,,,,,,,score,,,,Reseek,report,report,protein binding,69,45.245652173913044,1.0,true,929,SYNPO,false,,,,,false,0.6811594202898551,kmerseek.hp_pbotc_1st_ed2_k19_lcFalse,"inside, lower IoU",pLDDT < 70,274
reseek,reseek,disprot,same_term,P32004,GO:0005515,1143,1257,1145,1257,P12464,90,173,114,170,0.0435,0.9824561403508771,1.0,0.9824561403508771,194,142,true,true,39,1145,1257,P12464,90,173,114,170,0.0435,0.9824561403508771,1.0,0.9824561403508771,score,,,,Reseek,report,report,protein binding,114,33.07464912280702,1.0,true,1257,L1CAM,false,0.02181500872600349,218,45,0.30434782608695654,false,0.6052631578947368,kmerseek.hp_pbotc_1st_ed2_k19_lcFalse,equal or higher IoU,pLDDT < 70,392
reseek,reseek,disprot,same_term,P35568,IDPO:0000033,116,159,97,240,Q9XWG3,39,233,97,111,0.0006,0.3006993006993007,0.3006993006993007,1.0,69,62,false,false,0,,,,,,,,,,,,score,,,,Reseek,report,report,flexible linker,43,41.68953488372093,0.8604651162790697,true,1242,IRS1,false,,,,,false,0.68,kmerseek.hp_pbotc_1st_ed2_k19_lcFalse,spills,pLDDT < 70,278
reseek,reseek,disprot,same_term,Q14722,GO:0005515,0,62,0,59,Q7YUB9,0,70,0,86,0.3869,0.9516129032258065,1.0,0.9516129032258065,190,139,true,true,24,0,59,Q7YUB9,0,70,0,86,0.3869,0.9516129032258065,1.0,0.9516129032258065,score,,,,Reseek,report,report,protein binding,62,41.20548387096775,0.8387096774193549,true,419,KCNAB1,false,0.04155124653739612,163,108,0.22018348623853212,false,0.6451612903225806,kmerseek.hp_pbotc_1st_ed2_k19_lcFalse,equal or higher IoU,pLDDT < 70,513
reseek,reseek,disprot,same_term,Q9UBB5,GO:0060090,237,356,223,361,P44654,23,132,27,62,0.1218,0.8623188405797102,0.8623188405797102,1.0,53,43,true,true,1,223,361,P44654,23,132,27,62,0.1218,0.8623188405797102,0.8623188405797102,1.0,score,,,,Reseek,report,choose,molecular adaptor activity,119,77.72722689075631,0.8823529411764706,true,411,MBD2,false,0.13138686131386862,398,108,0.8623853211009175,false,0.3387096774193548,kmerseek.hp_pbotc_1st_ed2_k19_lcFalse,equal or higher IoU,pLDDT >= 70,440
reseek,reseek,disprot,same_term,P06748,GO:0042803,119,188,17,252,P74518,3,154,101,191,0.2157,0.2936170212765957,0.2936170212765957,1.0,1,1,false,false,0,,,,,,,,,,,,score,,,,Reseek,report,choose,protein homodimerization activity,69,51.66550724637681,1.0,true,294,NPM1,false,,,,,false,0.5256410256410257,kmerseek.hp_pbotc_1st_ed2_k19_lcFalse,spills,pLDDT < 70,425
reseek,reseek,disprot,any_term,P38936,GO:0005515,0,94,0,95,P63159,0,99,72,99,0.2366,0.9894736842105263,0.9894736842105263,1.0,625,320,true,true,89,0,95,P63159,0,99,72,99,0.2366,0.9894736842105263,0.9894736842105263,1.0,score,,,,Reseek,report,report,protein binding,94,79.63946808510637,0.5106382978723404,true,164,CDKN1A,false,0.2714285714285714,340,33,0.9411764705882353,false,0.8191489361702128,kmerseek.hp_pbotc_1st_ed2_k19_lcFalse,equal or higher IoU,pLDDT >= 70,570
reseek,reseek,disprot,any_term,P08621,GO:0005515,183,437,186,437,Q61337,35,203,0,204,0.1888,0.9881889763779528,1.0,0.9881889763779528,857,411,true,true,76,186,437,Q61337,35,203,0,204,0.1888,0.9881889763779528,1.0,0.9881889763779528,score,,,,Reseek,report,report,protein binding,254,57.51622047244095,1.0,true,437,SNRNP70,false,0.2887700534759358,352,117,0.7627118644067796,false,0.9133858267716536,kmerseek.hp_pbotc_1st_ed2_k19_lcFalse,equal or higher IoU,pLDDT < 70,535
reseek,reseek,disprot,any_term,O15234,GO:0005654,136,283,138,275,Q8GT36,3,92,0,103,0.0249,0.9319727891156463,1.0,0.9319727891156463,682,333,true,true,67,138,275,Q8GT36,3,92,0,103,0.0249,0.9319727891156463,1.0,0.9319727891156463,score,,,,Reseek,report,report,nucleoplasm,147,70.22795918367348,1.0,true,703,CASC3,false,0.1146384479717813,379,97,0.7653061224489796,false,0.673469387755102,kmerseek.hp_pbotc_1st_ed2_k19_lcFalse,equal or higher IoU,pLDDT >= 70,455
reseek,reseek,disprot,any_term,P04156,GO:0140693,22,124,22,126,Q06556,808,1061,847,969,0.0498,0.9807692307692307,0.9807692307692307,1.0,677,346,true,true,69,22,126,Q06556,808,1061,847,969,0.0498,0.9807692307692307,0.9807692307692307,1.0,score,,,,Reseek,report,choose,molecular condensate scaffold activity,102,40.65196078431372,1.0,true,253,PRNP,false,0.26,567,54,0.8181818181818182,false,0.6851851851851852,kmerseek.hp_pbotc_1st_ed2_k19_lcFalse,equal or higher IoU,pLDDT < 70,507
reseek,reseek,disprot,any_term,Q01831,GO:0005515,814,940,813,940,P0CY08,67,210,113,121,0.0638,0.9921259842519685,0.9921259842519685,1.0,537,260,true,true,36,813,940,P0CY08,67,210,102,132,0.0638,0.9921259842519685,0.9921259842519685,1.0,score,,,,Reseek,report,report,protein binding,126,70.06142857142856,0.6190476190476191,true,940,XPC,false,0.030712530712530713,3680,74,0.3333333333333333,false,0.42857142857142855,kmerseek.hp_pbotc_1st_ed2_k19_lcFalse,equal or higher IoU,pLDDT >= 70,300
reseek,reseek,disprot,any_term,P04004,GO:0005515,0,130,0,130,Q70Q12,1,91,61,94,0.2523,1.0,1.0,1.0,685,338,true,true,52,0,130,Q70Q12,1,91,61,94,0.2523,1.0,1.0,1.0,score,,,,Reseek,report,report,protein binding,130,52.54838461538461,0.5769230769230769,true,478,VTN,false,0.07736389684813753,175,106,0.308411214953271,false,0.5815602836879432,kmerseek.hp_pbotc_1st_ed2_k19_lcFalse,equal or higher IoU,pLDDT < 70,476
reseek,reseek,disprot,any_term,P04083,GO:0008289,115,185,114,182,P56210,65,126,76,87,0.2599,0.9436619718309859,0.9852941176470589,0.9571428571428572,260,160,true,true,2,114,182,P56210,65,126,76,87,0.2599,0.9436619718309859,0.9852941176470589,0.9571428571428572,score,,,,Reseek,report,report,lipid binding,70,97.98142857142857,0.0,true,346,ANXA1,false,0.1039426523297491,202,66,0.29850746268656714,false,0.44285714285714284,kmerseek.hp_pbotc_1st_ed2_k19_lcFalse,equal or higher IoU,pLDDT >= 70,342
reseek,reseek,disprot,any_term,Q13029,GO:0005515,296,341,147,346,A0A0M4HM24,95,209,0,212,0.0008,0.22613065326633167,0.22613065326633167,1.0,209,103,false,false,0,,,,,,,,,,,,score,,,,Reseek,report,report,protein binding,45,33.023777777777774,1.0,true,1718,PRDM2,false,,,,,false,0.7692307692307693,kmerseek.hp_pbotc_1st_ed2_k19_lcFalse,spills,pLDDT < 70,113
reseek,reseek,disprot,any_term,O15234,GO:0005515,136,283,138,275,Q8GT36,3,92,0,103,0.0249,0.9319727891156463,1.0,0.9319727891156463,682,333,true,true,67,138,275,Q8GT36,3,92,0,103,0.0249,0.9319727891156463,1.0,0.9319727891156463,score,,,,Reseek,report,report,protein binding,147,70.22795918367348,1.0,true,703,CASC3,false,0.1146384479717813,379,97,0.7653061224489796,false,0.673469387755102,kmerseek.hp_pbotc_1st_ed2_k19_lcFalse,equal or higher IoU,pLDDT >= 70,455
reseek,reseek,disprot,any_term,Q13148,GO:0140693,265,414,265,414,P02783,30,112,0,70,0.3207,1.0,1.0,1.0,627,304,true,true,101,265,414,P02783,30,112,0,70,0.3207,1.0,1.0,1.0,score,,,,Reseek,report,choose,molecular condensate scaffold activity,149,43.241140939597315,1.0,true,414,TARDBP,false,0.11278195488721804,109,108,0.43119266055045874,false,0.37583892617449666,kmerseek.hp_pbotc_1st_ed2_k19_lcFalse,equal or higher IoU,pLDDT < 70,465
reseek,reseek,disprot,any_term,O75554,GO:0005515,275,376,274,376,P02313,3,90,15,41,0.1655,0.9901960784313726,0.9901960784313726,1.0,540,250,true,true,20,274,376,P02313,3,90,15,41,0.1655,0.9901960784313726,0.9901960784313726,1.0,score,,,,Reseek,report,report,protein binding,101,59.40702970297029,1.0,true,376,WBP4,false,0.07272727272727272,261,88,0.19101123595505617,false,0.8145161290322581,kmerseek.hp_pbotc_1st_ed2_k19_lcFalse,equal or higher IoU,pLDDT < 70,348
reseek,reseek,disprot,any_term,Q8IYB3,GO:0051179,350,688,372,702,Q04660,3,570,534,570,0.0149,0.8977272727272727,0.9575757575757575,0.9349112426035503,583,275,true,true,62,372,702,Q04660,3,570,534,570,0.0149,0.8977272727272727,0.9575757575757575,0.9349112426035503,score,,,,Reseek,report,report,localization,338,45.27742603550296,1.0,true,904,SRRM1,false,0.24521739130434783,699,81,0.6829268292682927,false,0.4822485207100592,kmerseek.hp_pbotc_1st_ed2_k19_lcFalse,equal or higher IoU,pLDDT < 70,339
reseek,reseek,disprot,any_term,Q9BTT0,GO:0044183,185,232,174,227,P9WPI9,3,73,0,81,0.3973,0.7241379310344828,0.7924528301886793,0.8936170212765957,358,188,true,true,3,176,224,A0A178W0D3,216,242,220,259,0.1276,0.6964285714285714,0.8125,0.8297872340425532,score,,,,Reseek,report,report,protein folding chaperone,47,51.76255319148937,1.0,true,268,ANP32E,false,0.08144796380090498,444,51,0.7692307692307693,false,0.9361702127659575,kmerseek.hp_pbotc_1st_ed2_k19_lcFalse,"inside, lower IoU",pLDDT < 70,371
reseek,reseek,disprot,any_term,P08621,GO:0005515,229,306,224,310,P31109,3,93,0,93,0.4005,0.8953488372093024,0.8953488372093024,1.0,751,355,true,true,16,224,310,P31109,3,93,0,93,0.4005,0.8953488372093024,0.8953488372093024,1.0,score,,,,Reseek,report,report,protein binding,77,57.88142857142857,1.0,true,437,SNRNP70,false,0.07386363636363637,199,117,0.01694915254237288,false,0.9746835443037974,kmerseek.hp_pbotc_1st_ed2_k19_lcFalse,"inside, lower IoU",pLDDT < 70,442
reseek,reseek,disprot,any_term,P11387,GO:0008301,0,174,0,176,P14602,0,206,198,204,0.1929,0.9886363636363636,0.9886363636363636,1.0,606,288,true,true,39,0,176,P14602,0,206,198,204,0.1929,0.9886363636363636,0.9886363636363636,1.0,score,,,,Reseek,report,report,"DNA binding, bending",174,36.0332183908046,1.0,true,765,TOP1,false,0.0576271186440678,231,100,0.2079207920792079,false,0.945054945054945,kmerseek.hp_pbotc_1st_ed2_k19_lcFalse,equal or higher IoU,pLDDT < 70,359
reseek,reseek,disprot,any_term,P06748,GO:0019843,119,243,119,237,P02313,6,86,15,41,0.1682,0.9516129032258065,1.0,0.9516129032258065,726,367,true,true,45,119,237,P02313,6,86,15,41,0.1682,0.9516129032258065,1.0,0.9516129032258065,score,,,,Reseek,report,report,rRNA binding,124,49.47032258064516,1.0,true,294,NPM1,false,0.2994350282485876,306,52,0.39622641509433965,false,0.9112903225806451,kmerseek.hp_pbotc_1st_ed2_k19_lcFalse,equal or higher IoU,pLDDT < 70,525
reseek,reseek,disprot,any_term,P41214,IDPO:0000033,183,259,183,258,Q8GT36,11,86,0,103,0.2581,0.9868421052631579,1.0,0.9868421052631579,632,333,true,true,22,183,258,Q8GT36,11,86,0,103,0.2581,0.9868421052631579,1.0,0.9868421052631579,score,,,,Reseek,report,report,flexible linker,76,35.3721052631579,1.0,true,584,EIF2D,false,0.06274509803921569,270,98,0.5959595959595959,false,0.7625,kmerseek.hp_pbotc_1st_ed2_k19_lcFalse,equal or higher IoU,pLDDT < 70,508
reseek,reseek,disprot,any_term,Q92793,GO:0005515,998,1050,964,1193,P08008,3,219,22,78,0.0065,0.22707423580786026,0.22707423580786026,1.0,354,171,false,false,0,,,,,,,,,,,,score,,,,Reseek,report,report,protein binding,52,31.66403846153846,1.0,true,2442,CREBBP,false,,,,,false,0.5084745762711864,kmerseek.hp_pbotc_1st_ed2_k19_lcFalse,spills,pLDDT < 70,179
reseek,reseek,disprot,any_term,Q13625,GO:0005515,709,904,713,912,O08583,7,238,76,182,0.0193,0.9408866995073891,0.9597989949748744,0.9794871794871794,525,251,true,true,10,713,912,O08583,7,238,76,182,0.0193,0.9408866995073891,0.9597989949748744,0.9794871794871794,score,,,,Reseek,report,report,protein binding,195,41.278564102564104,1.0,true,1128,TP53BP2,false,0.08064516129032258,361,52,0.7169811320754716,false,0.3641025641025641,kmerseek.hp_pbotc_1st_ed2_k19_lcFalse,equal or higher IoU,pLDDT < 70,291
reseek,reseek,disprot,any_term,P17096,GO:0003713,49,91,45,92,Q9XWG3,19,133,97,111,0.2322,0.8936170212765957,0.8936170212765957,1.0,535,260,true,true,9,45,92,Q9XWG3,19,133,97,111,0.2322,0.8936170212765957,0.8936170212765957,1.0,score,,,,Reseek,report,choose,transcription coactivator activity,42,68.88285714285715,1.0,true,107,HMGA1,false,0.22950819672131148,118,24,0.44,false,0.5714285714285714,kmerseek.hp_pbotc_1st_ed2_k19_lcFalse,equal or higher IoU,pLDDT < 70,521
reseek,reseek,disprot,any_term,P38936,GO:0004861,0,164,0,164,P01099,0,166,0,166,0.5886,1.0,1.0,1.0,633,325,true,true,285,0,164,P01099,0,166,0,166,0.5886,1.0,1.0,1.0,score,,,,Reseek,report,report,cyclin-dependent protein serine/threonine kinase inhibitor activity,164,69.00341463414634,0.7195121951219512,true,164,CDKN1A,false,1.0,1,33,0.029411764705882353,false,0.4695121951219512,kmerseek.hp_pbotc_1st_ed2_k19_lcFalse,equal or higher IoU,pLDDT < 70,601
reseek,reseek,disprot,any_term,P21815,GO:0005515,0,317,0,317,Q91V27,0,589,146,403,0.3016,1.0,1.0,1.0,738,358,true,true,242,0,317,Q91V27,0,589,146,403,0.3016,1.0,1.0,1.0,score,,,,Reseek,report,report,protein binding,317,49.88529968454259,0.9968454258675079,true,317,IBSP,false,1.0,18,58,0.05084745762711865,false,0.6088328075709779,kmerseek.hp_pbotc_1st_ed2_k19_lcFalse,equal or higher IoU,pLDDT < 70,601
reseek,reseek,disprot,any_term,Q9NQB0,GO:0008013,0,53,0,51,P9WHN5,0,42,20,61,0.0286,0.9622641509433962,1.0,0.9622641509433962,510,230,true,true,8,0,51,P9WHN5,0,42,20,51,0.0286,0.9622641509433962,1.0,0.9622641509433962,score,,,,Reseek,report,choose,beta-catenin binding,53,54.14679245283019,1.0,true,619,TCF7L2,false,0.022847100175746926,483,96,0.7525773195876289,false,0.7547169811320755,kmerseek.hp_pbotc_1st_ed2_k19_lcFalse,equal or higher IoU,pLDDT < 70,280
reseek,reseek,disprot,any_term,P38936,GO:0140677,0,164,0,164,P01099,0,166,0,166,0.5886,1.0,1.0,1.0,633,325,true,true,285,0,164,P01099,0,166,0,166,0.5886,1.0,1.0,1.0,score,,,,Reseek,report,choose,molecular function activator activity,164,69.00341463414634,0.7195121951219512,true,164,CDKN1A,false,1.0,1,33,0.029411764705882353,false,0.4695121951219512,kmerseek.hp_pbotc_1st_ed2_k19_lcFalse,equal or higher IoU,pLDDT < 70,601
reseek,reseek,disprot,any_term,O14958,GO:0140314,370,399,367,399,Q86FP8,47,80,19,80,0.3632,0.90625,0.90625,1.0,301,168,true,true,10,367,399,Q86FP8,47,80,19,80,0.3632,0.90625,0.90625,1.0,score,,,,Reseek,report,choose,calcium ion sequestering activity,29,53.923793103448276,1.0,true,399,CASQ2,false,0.010869565217391304,98,98,0.31313131313131315,false,1.0,kmerseek.hp_pbotc_1st_ed2_k19_lcFalse,"inside, lower IoU",pLDDT < 70,357
reseek,reseek,disprot,any_term,Q13148,GO:1990000,262,414,262,414,P12950,14,160,0,168,0.3495,1.0,1.0,1.0,636,310,true,true,101,262,414,P12950,14,160,0,168,0.3495,1.0,1.0,1.0,score,,,,Reseek,report,report,amyloid fibril formation,152,43.31473684210526,1.0,true,414,TARDBP,false,0.11787072243346007,83,108,0.09174311926605505,false,0.3684210526315789,kmerseek.hp_pbotc_1st_ed2_k19_lcFalse,equal or higher IoU,pLDDT < 70,472
reseek,reseek,disprot,any_term,Q14722,GO:0140678,0,62,0,59,Q7YUB9,0,70,0,86,0.3869,0.9516129032258065,1.0,0.9516129032258065,584,313,true,true,47,0,59,Q7YUB9,0,70,0,86,0.3869,0.9516129032258065,1.0,0.9516129032258065,score,,,,Reseek,report,choose,molecular function inhibitor activity,62,41.20548387096775,0.8387096774193549,true,419,KCNAB1,false,0.04155124653739612,163,108,0.22018348623853212,false,0.6451612903225806,kmerseek.hp_pbotc_1st_ed2_k19_lcFalse,equal or higher IoU,pLDDT < 70,513
reseek,reseek,disprot,any_term,Q53GG5,GO:0005515,106,273,105,275,Q9M4V2,13,144,0,80,0.3779,0.9823529411764705,0.9823529411764705,1.0,800,397,true,true,126,105,275,Q9M4V2,13,144,0,80,0.3779,0.9823529411764705,0.9823529411764705,1.0,score,,,,Reseek,report,report,protein binding,167,52.35461077844311,1.0,true,364,PDLIM3,false,0.3384615384615385,86,78,0.20253164556962025,false,0.30538922155688625,kmerseek.hp_pbotc_1st_ed2_k19_lcFalse,equal or higher IoU,pLDDT < 70,558
reseek,reseek,disprot,any_term,P13861,IDPO:0000033,43,90,46,101,O05574,42,107,49,110,0.4185,0.7586206896551724,0.8,0.9361702127659575,764,371,true,true,2,46,101,O05574,42,107,49,110,0.4185,0.7586206896551724,0.8,0.9361702127659575,score,,,,Reseek,report,report,flexible linker,47,41.47468085106383,0.9787234042553191,true,404,PRKAR2A,false,0.04285714285714286,43,103,0.18269230769230768,false,0.5957446808510638,kmerseek.hp_pbotc_1st_ed2_k19_lcFalse,equal or higher IoU,pLDDT < 70,501
reseek,reseek,disprot,any_term,O15234,GO:0003727,136,283,138,275,Q8GT36,3,92,0,103,0.0249,0.9319727891156463,1.0,0.9319727891156463,682,333,true,true,67,138,275,Q8GT36,3,92,0,103,0.0249,0.9319727891156463,1.0,0.9319727891156463,score,,,,Reseek,report,report,single-stranded RNA binding,147,70.22795918367348,1.0,true,703,CASC3,false,0.1146384479717813,379,97,0.7653061224489796,false,0.673469387755102,kmerseek.hp_pbotc_1st_ed2_k19_lcFalse,equal or higher IoU,pLDDT >= 70,455
reseek,reseek,disprot,any_term,P37231,GO:0098772,174,211,136,216,P01050,3,62,49,65,0.2448,0.4625,0.4625,1.0,529,273,false,false,0,,,,,,,,,,,,score,,,,Reseek,report,report,molecular function regulator,37,94.27378378378378,0.0,true,505,PPARG,false,,,,,false,0.8409090909090909,kmerseek.hp_pbotc_1st_ed2_k19_lcFalse,spills,pLDDT >= 70,351
reseek,reseek,disprot,any_term,P38936,GO:0005515,8,84,12,81,B8ZXI1,291,323,291,326,0.2128,0.9078947368421053,1.0,0.9078947368421053,598,303,true,true,73,12,81,B8ZXI1,291,323,291,326,0.2128,0.9078947368421053,1.0,0.9078947368421053,score,,,,Reseek,report,report,protein binding,76,87.25513157894737,0.39473684210526316,true,164,CDKN1A,false,0.3020833333333333,397,33,1.0,false,0.7790697674418605,kmerseek.hp_pbotc_1st_ed2_k19_lcFalse,equal or higher IoU,pLDDT >= 70,538
reseek,reseek,disprot,any_term,Q8IW19,GO:0005515,449,511,450,511,Q9I322,3,81,0,81,0.0435,0.9838709677419355,1.0,0.9838709677419355,525,246,true,true,42,450,511,Q9I322,3,81,0,81,0.0435,0.9838709677419355,1.0,0.9838709677419355,score,,,,Reseek,report,report,protein binding,62,65.8941935483871,0.9193548387096774,true,511,APLF,false,0.031042128603104215,431,106,0.8411214953271028,false,0.5806451612903226,kmerseek.hp_pbotc_1st_ed2_k19_lcFalse,equal or higher IoU,pLDDT < 70,318
reseek,reseek,disprot,any_term,Q13569,GO:0098772,50,111,61,119,P00127,31,94,0,72,0.309,0.7246376811594203,0.8620689655172413,0.819672131147541,642,326,true,true,2,61,119,P00127,31,94,0,72,0.309,0.7246376811594203,0.8620689655172413,0.819672131147541,score,,,,Reseek,report,report,molecular function regulator,61,46.49672131147541,0.8852459016393442,true,410,TDG,false,0.07365439093484419,1069,108,0.30275229357798167,false,0.7377049180327869,kmerseek.hp_pbotc_1st_ed2_k19_lcFalse,"inside, lower IoU",pLDDT < 70,439
reseek,reseek,disprot,any_term,P38398,GO:0005515,1342,1440,1345,1426,Q9I322,3,71,0,81,0.0002,0.826530612244898,1.0,0.826530612244898,537,244,true,true,36,1345,1426,Q9I322,3,71,0,81,0.0002,0.826530612244898,1.0,0.826530612244898,score,,,,Reseek,report,report,protein binding,98,48.249387755102035,1.0,true,1863,BRCA1,false,0.028042624789680313,564,22,0.8695652173913043,false,0.826530612244898,kmerseek.hp_pbotc_1st_ed2_k19_lcFalse,equal or higher IoU,pLDDT < 70,297
reseek,reseek,disprot,any_term,Q9UKT4,GO:0140678,420,447,394,442,P01050,3,65,49,65,0.2313,0.41509433962264153,0.4583333333333333,0.8148148148148148,160,83,false,false,0,,,,,,,,,,,,score,,,,Reseek,report,choose,molecular function inhibitor activity,27,58.93185185185185,0.5555555555555556,true,447,FBXO5,false,,,,,false,0.9285714285714286,kmerseek.hp_pbotc_1st_ed2_k19_lcFalse,spills,pLDDT < 70,105
reseek,reseek,disprot,any_term,Q9UBT3,IDPO:0000033,93,140,97,140,P27577,189,303,243,301,0.0803,0.9148936170212766,1.0,0.9148936170212766,455,258,true,true,12,97,140,P27577,189,303,243,301,0.0803,0.9148936170212766,1.0,0.9148936170212766,score,,,,Reseek,report,report,flexible linker,47,49.87978723404255,0.8723404255319149,true,224,DKK4,false,0.11538461538461539,518,52,0.6037735849056604,false,0.8103448275862069,kmerseek.hp_pbotc_1st_ed2_k19_lcFalse,equal or higher IoU,pLDDT < 70,489
reseek,reseek,disprot,any_term,Q7RTP6,GO:0005515,1734,1918,1721,1896,A0A1Z3GD05,3,127,0,138,0.0118,0.8223350253807107,0.9257142857142857,0.8804347826086957,459,215,true,true,6,1721,1896,A0A1Z3GD05,3,127,0,138,0.0118,0.8223350253807107,0.9257142857142857,0.8804347826086957,score,,,,Reseek,report,report,protein binding,184,58.91625,0.6304347826086957,true,2002,MICAL3,false,0.0437636761487965,408,15,0.5,false,0.5271739130434783,kmerseek.hp_pbotc_1st_ed2_k19_lcFalse,equal or higher IoU,pLDDT < 70,244
reseek,reseek,disprot,any_term,Q92945,GO:0044183,129,218,137,250,Q2Q4X9,3,146,0,260,0.0483,0.6694214876033058,0.7168141592920354,0.9101123595505618,676,344,true,true,1,164,214,P53193,90,144,90,100,0.0303,0.5617977528089888,1.0,0.5617977528089888,score,,,,Reseek,report,report,protein folding chaperone,89,80.71460674157304,0.6853932584269663,true,711,KHSRP,false,0.09063444108761329,5635,98,0.9797979797979798,false,0.5730337078651685,kmerseek.hp_pbotc_1st_ed2_k19_lcFalse,equal or higher IoU,pLDDT >= 70,417
reseek,reseek,disprot,any_term,P02533,IDPO:0000033,294,331,264,329,P07598,386,421,398,421,0.0575,0.5223880597014925,0.5384615384615384,0.9459459459459459,407,195,true,false,0,,,,,,,,,,,,score,,,,Reseek,report,report,flexible linker,37,94.7118918918919,0.0,true,472,KRT14,false,,,,,false,0.9024390243902439,kmerseek.hp_pbotc_1st_ed2_k19_lcFalse,"inside, lower IoU",pLDDT >= 70,247
reseek,reseek,disprot,any_term,Q9Y613,GO:0005515,1103,1164,1096,1164,P61926,28,76,0,76,0.0998,0.8970588235294118,0.8970588235294118,1.0,299,140,true,true,5,1096,1164,P61926,28,76,0,76,0.0998,0.8970588235294118,0.8970588235294118,1.0,score,,,,Reseek,report,report,protein binding,61,59.266229508196716,1.0,true,1164,FHOD1,false,0.006381039197812215,489,41,0.30952380952380953,false,0.4918032786885246,kmerseek.hp_pbotc_1st_ed2_k19_lcFalse,equal or higher IoU,pLDDT < 70,152
reseek,reseek,disprot,any_term,O00273,GO:0005515,11,100,17,101,P34087,3,125,56,68,0.2842,0.9222222222222223,0.9880952380952381,0.9325842696629213,486,257,true,true,29,17,101,P34087,3,125,56,68,0.2842,0.9222222222222223,0.9880952380952381,0.9325842696629213,score,,,,Reseek,report,report,protein binding,89,71.22595505617977,0.07865168539325842,true,331,DFFA,false,0.13306451612903225,2883,60,0.5081967213114754,false,0.651685393258427,kmerseek.hp_pbotc_1st_ed2_k19_lcFalse,equal or higher IoU,pLDDT >= 70,408
reseek,reseek,disprot,any_term,P13569,IDPO:0000045,653,838,653,843,P02313,20,86,15,41,0.0961,0.9736842105263158,0.9736842105263158,1.0,865,406,true,true,24,653,843,P02313,20,86,15,41,0.0961,0.9736842105263158,0.9736842105263158,1.0,score,,,,Reseek,report,report,phosphorylation display site,185,33.94875675675676,0.9837837837837838,true,1480,CFTR,false,0.055770720371804805,473,35,0.4722222222222222,false,0.592964824120603,kmerseek.hp_pbotc_1st_ed2_k19_lcFalse,equal or higher IoU,pLDDT < 70,455
reseek,reseek,disprot,any_term,P54252,GO:0005515,193,361,193,361,P0CU52,112,227,0,227,0.2949,1.0,1.0,1.0,764,374,true,true,150,193,361,P0CU52,112,227,0,227,0.2949,1.0,1.0,1.0,score,,,,Reseek,report,report,protein binding,168,60.15678571428572,0.6369047619047619,true,361,ATXN3,false,0.17525773195876287,154,78,0.06329113924050633,false,0.9583333333333334,kmerseek.hp_pbotc_1st_ed2_k19_lcFalse,equal or higher IoU,pLDDT < 70,531
reseek,reseek,disprot,any_term,P17096,GO:0005515,0,107,0,107,P81558,0,171,0,171,0.446,1.0,1.0,1.0,559,275,true,true,250,0,107,P81558,0,171,0,171,0.446,1.0,1.0,1.0,score,,,,Reseek,report,report,protein binding,107,65.0285046728972,1.0,true,107,HMGA1,false,1.0,2,24,0.08,false,0.9906542056074766,kmerseek.hp_pbotc_1st_ed2_k19_lcFalse,equal or higher IoU,pLDDT < 70,601
reseek,reseek,disprot,any_term,P04637,GO:0005515,366,386,328,386,A0A178W0D3,157,241,220,259,0.1456,0.3448275862068966,0.3448275862068966,1.0,497,250,false,false,0,,,,,,,,,,,,score,,,,Reseek,report,report,protein binding,20,42.475,1.0,true,393,TP53,false,,,,,false,0.8695652173913043,kmerseek.hp_pbotc_1st_ed2_k19_lcFalse,spills,pLDDT < 70,314
reseek,reseek,disprot,any_term,Q8N807,GO:0044183,495,580,496,581,P04273,0,113,22,106,0.2692,0.9767441860465116,0.9882352941176471,0.9882352941176471,531,271,true,true,58,496,581,P04273,0,113,22,106,0.2692,0.9767441860465116,0.9882352941176471,0.9882352941176471,score,,,,Reseek,report,report,protein folding chaperone,85,46.19082352941176,1.0,true,584,PDILT,false,0.044,174,98,0.3939393939393939,false,0.4588235294117647,kmerseek.hp_pbotc_1st_ed2_k19_lcFalse,equal or higher IoU,pLDDT < 70,426
reseek,reseek,disprot,any_term,P17096,GO:0060090,0,107,0,107,P81558,0,171,0,171,0.446,1.0,1.0,1.0,559,275,true,true,250,0,107,P81558,0,171,0,171,0.446,1.0,1.0,1.0,score,,,,Reseek,report,choose,molecular adaptor activity,107,65.0285046728972,1.0,true,107,HMGA1,false,1.0,2,24,0.08,false,0.9906542056074766,kmerseek.hp_pbotc_1st_ed2_k19_lcFalse,equal or higher IoU,pLDDT < 70,601
reseek,reseek,disprot,any_term,P38936,GO:0120283,0,164,0,164,P01099,0,166,0,166,0.5886,1.0,1.0,1.0,633,325,true,true,285,0,164,P01099,0,166,0,166,0.5886,1.0,1.0,1.0,score,,,,Reseek,report,choose,protein serine/threonine kinase binding,164,69.00341463414634,0.7195121951219512,true,164,CDKN1A,false,1.0,1,33,0.029411764705882353,false,0.4695121951219512,kmerseek.hp_pbotc_1st_ed2_k19_lcFalse,equal or higher IoU,pLDDT < 70,601
reseek,reseek,disprot,any_term,P51608,GO:0003676,206,310,212,311,Q9M4V2,3,101,0,80,0.0377,0.9333333333333333,0.98989898989899,0.9423076923076923,528,250,true,true,4,212,311,Q9M4V2,3,101,0,80,0.0377,0.9333333333333333,0.98989898989899,0.9423076923076923,score,,,,Reseek,report,report,nucleic acid binding,104,49.840576923076924,1.0,true,486,MECP2,false,0.1134020618556701,203,106,0.7570093457943925,false,0.4230769230769231,kmerseek.hp_pbotc_1st_ed2_k19_lcFalse,equal or higher IoU,pLDDT < 70,315
reseek,reseek,disprot,any_term,Q13188,IDPO:0000033,313,427,321,423,Q9XES8,6,74,0,89,0.2344,0.8947368421052632,1.0,0.8947368421052632,795,380,true,true,22,321,423,Q9XES8,6,74,0,89,0.2344,0.8947368421052632,1.0,0.8947368421052632,score,,,,Reseek,report,report,flexible linker,114,37.32631578947368,1.0,true,491,STK3,false,0.1358974358974359,397,108,0.6513761467889908,false,0.648854961832061,kmerseek.hp_pbotc_1st_ed2_k19_lcFalse,equal or higher IoU,pLDDT < 70,484
reseek,reseek,disprot,any_term,Q13625,GO:0042803,692,752,681,766,P0AE72,3,72,47,76,0.011,0.7058823529411765,0.7058823529411765,1.0,431,204,true,false,0,,,,,,,,,,,,score,,,,Reseek,report,choose,protein homodimerization activity,60,46.56016666666667,1.0,true,1128,TP53BP2,false,,,,,false,0.36666666666666664,kmerseek.hp_pbotc_1st_ed2_k19_lcFalse,equal or higher IoU,pLDDT < 70,231
reseek,reseek,disprot,any_term,P38936,GO:0005515,138,160,134,164,P02994,433,458,453,458,0.2402,0.7333333333333333,0.7333333333333333,1.0,401,202,true,true,1,143,164,P23873,66,88,72,88,0.3867,0.6538461538461539,0.8095238095238095,0.7727272727272727,score,,,,Reseek,report,report,protein binding,22,66.16863636363637,1.0,true,164,CDKN1A,false,0.06944444444444445,58,33,0.23529411764705882,false,0.6153846153846154,kmerseek.hp_pbotc_1st_ed2_k19_lcFalse,equal or higher IoU,pLDDT < 70,357
reseek,reseek,disprot,any_term,P38398,GO:0005515,303,394,287,440,P17870,154,415,281,309,0.0003,0.5947712418300654,0.5947712418300654,1.0,197,83,true,false,0,,,,,,,,,,,,score,,,,Reseek,report,report,protein binding,91,33.37802197802198,1.0,true,1863,BRCA1,false,,,,,false,0.717391304347826,kmerseek.hp_pbotc_1st_ed2_k19_lcFalse,"inside, lower IoU",pLDDT < 70,86
reseek,reseek,disprot,any_term,P21815,GO:0005515,257,317,257,317,O34800,3,45,0,56,0.0222,1.0,1.0,1.0,459,215,true,true,20,257,317,O34800,3,45,12,53,0.0222,1.0,1.0,1.0,score,,,,Reseek,report,report,protein binding,60,50.897000000000006,1.0,true,317,IBSP,false,0.050387596899224806,503,58,1.0,false,0.6833333333333333,kmerseek.hp_pbotc_1st_ed2_k19_lcFalse,equal or higher IoU,pLDDT < 70,327
reseek,reseek,disprot,any_term,P55036,GO:0005515,304,377,302,377,Q9I322,11,81,0,81,0.4197,0.9733333333333334,0.9733333333333334,1.0,613,307,true,true,13,302,377,Q9I322,11,81,0,81,0.4197,0.9733333333333334,0.9733333333333334,1.0,score,,,,Reseek,report,report,protein binding,73,55.51465753424658,1.0,true,377,PSMD4,false,0.0462046204620462,72,86,0.12643678160919541,false,0.5205479452054794,kmerseek.hp_pbotc_1st_ed2_k19_lcFalse,equal or higher IoU,pLDDT < 70,453
reseek,reseek,disprot,any_term,P04637,GO:0005515,365,386,328,386,A0A178W0D3,157,241,220,259,0.1456,0.3620689655172414,0.3620689655172414,1.0,501,252,false,false,0,,,,,,,,,,,,score,,,,Reseek,report,report,protein binding,21,42.240952380952386,1.0,true,393,TP53,false,,,,,false,0.8333333333333334,kmerseek.hp_pbotc_1st_ed2_k19_lcFalse,spills,pLDDT < 70,318
reseek,reseek,disprot,any_term,P13569,GO:0071889,761,801,745,841,P0AE72,3,76,47,76,0.1006,0.4166666666666667,0.4166666666666667,1.0,725,347,true,false,0,,,,,,,,,,,,score,,,,Reseek,report,report,14-3-3 protein binding,40,30.01975,1.0,true,1480,CFTR,false,,,,,false,0.6,kmerseek.hp_pbotc_1st_ed2_k19_lcFalse,"inside, lower IoU",pLDDT < 70,393
reseek,reseek,disprot,any_term,P42568,GO:0005515,489,568,489,568,P61926,23,76,47,75,0.0078,1.0,1.0,1.0,526,245,true,true,50,489,568,P61926,23,76,47,75,0.0078,1.0,1.0,1.0,score,,,,Reseek,report,report,protein binding,79,82.33683544303797,0.11392405063291139,true,568,MLLT3,false,0.0326530612244898,568,104,0.9428571428571428,false,0.46835443037974683,kmerseek.hp_pbotc_1st_ed2_k19_lcFalse,equal or higher IoU,pLDDT >= 70,321
reseek,reseek,disprot,any_term,P56211,GO:0004864,75,112,75,112,P17865,352,382,376,382,0.2903,1.0,1.0,1.0,474,244,true,true,21,75,112,P17865,352,382,376,382,0.2903,1.0,1.0,1.0,score,,,,Reseek,report,report,protein phosphatase inhibitor activity,37,66.3427027027027,1.0,true,112,ARPP19,false,0.10526315789473684,317,23,0.75,false,0.5405405405405406,kmerseek.hp_pbotc_1st_ed2_k19_lcFalse,equal or higher IoU,pLDDT < 70,485
reseek,reseek,disprot,any_term,O14936,GO:0005515,393,460,387,485,P02315,14,59,9,35,0.3139,0.6836734693877551,0.6836734693877551,1.0,726,363,true,true,2,386,441,P61012,0,39,0,20,0.3227,0.6486486486486487,0.8727272727272727,0.7164179104477612,score,,,,Reseek,report,report,protein binding,67,77.15,0.1044776119402985,true,926,CASK,false,0.040137614678899085,285,77,0.3076923076923077,false,0.6567164179104478,kmerseek.hp_pbotc_1st_ed2_k19_lcFalse,equal or higher IoU,pLDDT >= 70,442
reseek,reseek,disprot,any_term,O75533,GO:1990935,189,344,200,344,P10922,3,191,1,31,0.26,0.9290322580645162,1.0,0.9290322580645162,667,322,true,true,7,200,344,P10922,3,191,1,31,0.26,0.9290322580645162,1.0,0.9290322580645162,score,,,,Reseek,report,choose,splicing factor binding,155,33.12025806451613,1.0,true,1304,SF3B1,false,0.05857019810508183,136,43,0.25,false,0.5612903225806452,kmerseek.hp_pbotc_1st_ed2_k19_lcFalse,equal or higher IoU,pLDDT < 70,374
reseek,reseek,disprot,any_term,P42226,GO:0005515,782,814,779,818,G8HXD9,3,44,27,56,0.1822,0.8205128205128205,0.8205128205128205,1.0,526,252,true,true,5,779,818,G8HXD9,3,44,27,56,0.1822,0.8205128205128205,0.8205128205128205,1.0,score,,,,Reseek,report,report,protein binding,32,40.1121875,1.0,true,847,STAT6,false,0.009888751545117428,466,82,0.7108433734939759,false,0.8,kmerseek.hp_pbotc_1st_ed2_k19_lcFalse,equal or higher IoU,pLDDT < 70,325
reseek,reseek,disprot,any_term,Q9Y6G9,GO:0005515,387,523,387,519,P51400,14,225,147,230,0.3313,0.9705882352941176,1.0,0.9705882352941176,710,331,true,true,56,387,519,P51400,14,225,147,230,0.3313,0.9705882352941176,1.0,0.9705882352941176,score,,,,Reseek,report,report,protein binding,136,44.02867647058823,1.0,true,523,DYNC1LI1,false,0.07908163265306123,46,107,0.18518518518518517,false,0.4264705882352941,kmerseek.hp_pbotc_1st_ed2_k19_lcFalse,equal or higher IoU,pLDDT < 70,411
reseek,reseek,disprot,any_term,Q9NR61,GO:0005515,552,685,559,684,P10922,8,193,1,31,0.3374,0.9398496240601504,1.0,0.9398496240601504,562,284,true,true,61,559,684,P10922,8,193,1,31,0.3374,0.9398496240601504,1.0,0.9398496240601504,score,,,,Reseek,report,report,protein binding,133,37.275263157894734,0.8195488721804511,true,685,DLL4,false,0.06060606060606061,72,96,0.05154639175257732,false,0.3383458646616541,kmerseek.hp_pbotc_1st_ed2_k19_lcFalse,equal or higher IoU,pLDDT < 70,442
reseek,reseek,disprot,any_term,Q6FI81,GO:0005506,172,266,171,266,Q9JM54,3,91,15,42,0.3425,0.9894736842105263,0.9894736842105263,1.0,566,286,true,true,95,171,266,Q9JM54,3,91,72,93,0.3425,0.9894736842105263,0.9894736842105263,1.0,score,,,,Reseek,report,report,iron ion binding,94,66.86117021276596,1.0,true,312,CIAPIN1,false,0.1743119266055046,244,55,0.4107142857142857,false,0.44680851063829785,kmerseek.hp_pbotc_1st_ed2_k19_lcFalse,equal or higher IoU,pLDDT < 70,524
reseek,reseek,disprot,any_term,Q9C000,GO:0005515,30,50,15,40,P46984,63,119,64,113,0.1415,0.2857142857142857,0.4,0.5,214,96,false,false,0,,,,,,,,,,,,score,,,,Reseek,report,report,protein binding,20,45.0675,1.0,true,1473,NLRP1,false,,,,,false,0.9090909090909091,kmerseek.hp_pbotc_1st_ed2_k19_lcFalse,spills,pLDDT < 70,110
reseek,reseek,disprot,any_term,P38398,GO:0030308,303,394,287,440,P17870,154,415,382,393,0.0003,0.5947712418300654,0.5947712418300654,1.0,197,83,true,false,0,,,,,,,,,,,,score,,,,Reseek,report,choose,negative regulation of cell growth,91,33.37802197802198,1.0,true,1863,BRCA1,false,,,,,false,0.717391304347826,kmerseek.hp_pbotc_1st_ed2_k19_lcFalse,"inside, lower IoU",pLDDT < 70,86
reseek,reseek,disprot,any_term,P17096,GO:0003723,0,107,0,107,P81558,0,171,0,171,0.446,1.0,1.0,1.0,559,275,true,true,250,0,107,P81558,0,171,0,171,0.446,1.0,1.0,1.0,score,,,,Reseek,report,choose,RNA binding,107,65.0285046728972,1.0,true,107,HMGA1,false,1.0,2,24,0.08,false,0.9906542056074766,kmerseek.hp_pbotc_1st_ed2_k19_lcFalse,equal or higher IoU,pLDDT < 70,601
reseek,reseek,disprot,any_term,Q13148,GO:0043232,262,414,262,414,P12950,14,160,0,168,0.3495,1.0,1.0,1.0,636,310,true,true,101,262,414,P12950,14,160,0,168,0.3495,1.0,1.0,1.0,score,,,,Reseek,report,choose,intracellular non-membrane-bounded organelle,152,43.31473684210526,1.0,true,414,TARDBP,false,0.11787072243346007,83,108,0.09174311926605505,false,0.3684210526315789,kmerseek.hp_pbotc_1st_ed2_k19_lcFalse,equal or higher IoU,pLDDT < 70,472
reseek,reseek,disprot,any_term,O43663,GO:0005515,466,620,465,620,A0A8I6XZQ2,177,355,171,355,0.4421,0.9935483870967742,0.9935483870967742,1.0,562,280,true,true,98,465,620,A0A8I6XZQ2,177,355,171,250,0.4421,0.9935483870967742,0.9935483870967742,1.0,score,,,,Reseek,report,report,protein binding,154,40.76149350649351,1.0,true,620,PRC1,false,0.06652360515021459,14,97,0.12244897959183673,false,0.6493506493506493,kmerseek.hp_pbotc_1st_ed2_k19_lcFalse,equal or higher IoU,pLDDT < 70,400
reseek,reseek,disprot,any_term,O75683,GO:0140693,0,182,10,179,P45523,0,133,14,114,0.3957,0.9285714285714286,1.0,0.9285714285714286,777,375,true,true,121,10,179,P45523,0,133,14,114,0.3957,0.9285714285714286,1.0,0.9285714285714286,score,,,,Reseek,report,choose,molecular condensate scaffold activity,182,62.23335164835164,0.9505494505494505,true,361,SURF6,false,0.24352331606217617,23,78,0.20253164556962025,false,0.4262295081967213,kmerseek.hp_pbotc_1st_ed2_k19_lcFalse,equal or higher IoU,pLDDT < 70,509
reseek,reseek,disprot,any_term,Q7RTP6,GO:0051179,1734,1918,1721,1896,A0A1Z3GD05,3,127,0,138,0.0118,0.8223350253807107,0.9257142857142857,0.8804347826086957,459,215,true,true,6,1721,1896,A0A1Z3GD05,3,127,0,138,0.0118,0.8223350253807107,0.9257142857142857,0.8804347826086957,score,,,,Reseek,report,report,localization,184,58.91625,0.6304347826086957,true,2002,MICAL3,false,0.0437636761487965,408,15,0.5,false,0.5271739130434783,kmerseek.hp_pbotc_1st_ed2_k19_lcFalse,equal or higher IoU,pLDDT < 70,244
reseek,reseek,disprot,any_term,Q16186,IDPO:0000033,131,252,136,247,A8AZZ3,13,192,23,44,0.2412,0.9173553719008265,1.0,0.9173553719008265,815,389,true,true,20,136,247,A8AZZ3,13,192,23,44,0.2412,0.9173553719008265,1.0,0.9173553719008265,score,,,,Reseek,report,report,flexible linker,121,47.94123966942149,1.0,true,407,ADRM1,false,0.18518518518518517,208,106,0.4392523364485981,false,0.5275590551181102,kmerseek.hp_pbotc_1st_ed2_k19_lcFalse,equal or higher IoU,pLDDT < 70,479
reseek,reseek,disprot,any_term,O60927,GO:0019902,0,126,0,126,Q91ZE9,0,128,0,185,0.5237,1.0,1.0,1.0,544,279,true,true,257,0,126,Q91ZE9,0,128,0,185,0.5237,1.0,1.0,1.0,score,,,,Reseek,report,choose,phosphatase binding,126,65.91150793650795,1.0,true,126,PPP1R11,false,1.0,3,26,0.037037037037037035,false,0.746031746031746,kmerseek.hp_pbotc_1st_ed2_k19_lcFalse,equal or higher IoU,pLDDT < 70,601
reseek,reseek,disprot,any_term,P11387,GO:0003677,0,174,0,176,P14602,0,206,191,209,0.1929,0.9886363636363636,0.9886363636363636,1.0,606,288,true,true,39,0,176,P14602,0,206,198,204,0.1929,0.9886363636363636,0.9886363636363636,1.0,score,,,,Reseek,report,report,DNA binding,174,36.0332183908046,1.0,true,765,TOP1,false,0.0576271186440678,231,100,0.2079207920792079,false,0.945054945054945,kmerseek.hp_pbotc_1st_ed2_k19_lcFalse,equal or higher IoU,pLDDT < 70,359
reseek,reseek,disprot,any_term,P38936,GO:0001934,0,164,0,164,P01099,0,166,0,166,0.5886,1.0,1.0,1.0,633,325,true,true,285,0,164,P01099,0,166,0,166,0.5886,1.0,1.0,1.0,score,,,,Reseek,report,report,positive regulation of protein phosphorylation,164,69.00341463414634,0.7195121951219512,true,164,CDKN1A,false,1.0,1,33,0.029411764705882353,false,0.4695121951219512,kmerseek.hp_pbotc_1st_ed2_k19_lcFalse,equal or higher IoU,pLDDT < 70,601
reseek,reseek,disprot,any_term,Q9UKT4,GO:0098772,420,447,394,442,P01050,3,65,54,64,0.2313,0.41509433962264153,0.4583333333333333,0.8148148148148148,160,83,false,false,0,,,,,,,,,,,,score,,,,Reseek,report,report,molecular function regulator,27,58.93185185185185,0.5555555555555556,true,447,FBXO5,false,,,,,false,0.9285714285714286,kmerseek.hp_pbotc_1st_ed2_k19_lcFalse,spills,pLDDT < 70,105
reseek,reseek,disprot,any_term,P14859,IDPO:0000033,354,379,362,383,P15340,15,59,0,62,0.0054,0.5862068965517241,0.8095238095238095,0.68,737,376,true,true,1,362,383,P15340,15,59,0,62,0.0054,0.5862068965517241,0.8095238095238095,0.68,score,,,,Reseek,report,report,flexible linker,25,48.8592,1.0,true,743,POU2F1,false,0.017980636237897647,598,94,0.9894736842105263,false,0.7407407407407407,kmerseek.hp_pbotc_1st_ed2_k19_lcFalse,"inside, lower IoU",pLDDT < 70,452
reseek,reseek,disprot,any_term,Q9UBK2,GO:0005515,1,220,0,222,P21447,0,691,626,683,0.0199,0.9864864864864865,0.9864864864864865,1.0,533,250,true,true,70,0,222,P21447,0,691,626,683,0.0199,0.9864864864864865,0.9864864864864865,1.0,score,,,,Reseek,report,report,protein binding,219,49.19452054794521,1.0,true,798,PPARGC1A,false,0.07452339688041594,291,96,0.24742268041237114,false,0.3150684931506849,kmerseek.hp_pbotc_1st_ed2_k19_lcFalse,equal or higher IoU,pLDDT < 70,289
reseek,reseek,disprot,any_term,P11387,GO:0140693,0,214,0,211,Q8GTS2,0,245,14,36,0.1934,0.985981308411215,1.0,0.985981308411215,702,338,true,true,83,0,211,Q8GTS2,0,245,14,36,0.1934,0.985981308411215,1.0,0.985981308411215,score,,,,Reseek,report,choose,molecular condensate scaffold activity,214,39.66168224299066,0.9392523364485982,true,765,TOP1,false,0.08288288288288288,230,100,0.4158415841584158,false,0.8888888888888888,kmerseek.hp_pbotc_1st_ed2_k19_lcFalse,equal or higher IoU,pLDDT < 70,418
reseek,reseek,disprot,any_term,Q13148,GO:0140693,266,414,265,414,P02783,30,112,0,70,0.3207,0.9932885906040269,0.9932885906040269,1.0,627,304,true,true,100,265,414,P02783,30,112,0,70,0.3207,0.9932885906040269,0.9932885906040269,1.0,score,,,,Reseek,report,choose,molecular condensate scaffold activity,148,43.266824324324325,1.0,true,414,TARDBP,false,0.10902255639097744,109,108,0.43119266055045874,false,0.3783783783783784,kmerseek.hp_pbotc_1st_ed2_k19_lcFalse,equal or higher IoU,pLDDT < 70,465
reseek,reseek,disprot,any_term,P10451,GO:0005509,0,314,0,314,Q9I832,0,263,89,120,0.5254,1.0,1.0,1.0,720,350,true,true,225,0,314,Q9I832,0,263,89,120,0.5254,1.0,1.0,1.0,score,,,,Reseek,report,choose,calcium ion binding,314,53.406305732484086,1.0,true,314,SPP1,false,1.0,1,56,0.017543859649122806,false,0.5987261146496815,kmerseek.hp_pbotc_1st_ed2_k19_lcFalse,equal or higher IoU,pLDDT < 70,601
reseek,reseek,disprot,any_term,P06748,IDPO:0000059,119,188,120,184,Q9XES8,13,86,0,89,0.153,0.927536231884058,1.0,0.927536231884058,604,309,true,true,7,120,184,Q9XES8,13,86,0,89,0.153,0.927536231884058,1.0,0.927536231884058,score,,,,Reseek,report,choose,self-inhibition,69,51.66550724637681,1.0,true,294,NPM1,false,0.12987012987012986,354,52,0.6792452830188679,false,0.9714285714285714,kmerseek.hp_pbotc_1st_ed2_k19_lcFalse,"inside, lower IoU",pLDDT < 70,425
reseek,reseek,disprot,any_term,Q9UHD9,GO:0140693,449,576,454,610,P44654,0,117,27,62,0.0574,0.7577639751552795,0.782051282051282,0.9606299212598425,645,311,true,true,2,425,554,P02783,0,99,0,70,0.1017,0.695364238410596,0.813953488372093,0.8267716535433071,score,,,,Reseek,report,choose,molecular condensate scaffold activity,127,52.61488188976378,0.9212598425196851,true,624,UBQLN2,false,0.09879032258064516,246,99,0.69,false,0.30708661417322836,kmerseek.hp_pbotc_1st_ed2_k19_lcFalse,equal or higher IoU,pLDDT < 70,351
reseek,reseek,disprot,any_term,P04637,GO:0005515,366,388,334,392,Q96273,46,96,0,97,0.1245,0.3793103448275862,0.3793103448275862,1.0,497,250,false,false,0,,,,,,,,,,,,score,,,,Reseek,report,report,protein binding,22,42.89954545454545,1.0,true,393,TP53,false,,,,,false,0.9565217391304348,kmerseek.hp_pbotc_1st_ed2_k19_lcFalse,spills,pLDDT < 70,314
reseek,reseek,disprot,any_term,P38936,GO:0140678,0,164,0,164,P01099,0,166,0,166,0.5886,1.0,1.0,1.0,633,325,true,true,285,0,164,P01099,0,166,0,166,0.5886,1.0,1.0,1.0,score,,,,Reseek,report,choose,molecular function inhibitor activity,164,69.00341463414634,0.7195121951219512,true,164,CDKN1A,false,1.0,1,33,0.029411764705882353,false,0.4695121951219512,kmerseek.hp_pbotc_1st_ed2_k19_lcFalse,equal or higher IoU,pLDDT < 70,601
reseek,reseek,disprot,any_term,P62328,GO:0005515,16,44,16,44,Q93EK7,269,305,282,311,0.4089,1.0,1.0,1.0,286,166,true,true,24,16,44,Q93EK7,269,305,282,311,0.4089,1.0,1.0,1.0,score,,,,Reseek,report,report,protein binding,28,81.99607142857143,1.0,true,44,TMSB4X,false,0.35294117647058826,68,0,1.0,false,1.0,kmerseek.hp_pbotc_1st_ed2_k19_lcFalse,equal or higher IoU,pLDDT >= 70,581
reseek,reseek,disprot,any_term,Q9H981,GO:0005515,400,507,400,499,P22943,3,87,0,109,0.2664,0.9252336448598131,1.0,0.9252336448598131,680,353,true,true,20,400,499,P22943,3,87,0,109,0.2664,0.9252336448598131,1.0,0.9252336448598131,score,,,,Reseek,report,report,protein binding,107,54.71616822429907,0.7476635514018691,true,624,ACTR8,false,0.08935361216730038,4185,99,0.33,false,0.6864406779661016,kmerseek.hp_pbotc_1st_ed2_k19_lcFalse,equal or higher IoU,pLDDT < 70,421
reseek,reseek,disprot,any_term,P37231,GO:0003676,174,211,136,216,P01050,3,62,54,64,0.2448,0.4625,0.4625,1.0,529,273,false,false,0,,,,,,,,,,,,score,,,,Reseek,report,report,nucleic acid binding,37,94.27378378378378,0.0,true,505,PPARG,false,,,,,false,0.8409090909090909,kmerseek.hp_pbotc_1st_ed2_k19_lcFalse,spills,pLDDT >= 70,351
reseek,reseek,disprot,any_term,Q8WV28,GO:0008289,4,50,3,48,P08033,227,270,216,283,0.1148,0.9361702127659575,0.9777777777777777,0.9565217391304348,463,220,true,true,36,3,48,P08033,227,270,216,283,0.1148,0.9361702127659575,0.9777777777777777,0.9565217391304348,score,,,,Reseek,report,report,lipid binding,46,71.10782608695652,0.5869565217391305,true,456,BLNK,false,0.03640776699029126,359,113,0.6929824561403509,false,0.9019607843137255,kmerseek.hp_pbotc_1st_ed2_k19_lcFalse,equal or higher IoU,pLDDT >= 70,289
reseek,reseek,disprot,any_term,Q13148,GO:0043232,265,414,265,414,P02783,30,112,0,70,0.3207,1.0,1.0,1.0,627,304,true,true,101,265,414,P02783,30,112,0,70,0.3207,1.0,1.0,1.0,score,,,,Reseek,report,choose,intracellular non-membrane-bounded organelle,149,43.241140939597315,1.0,true,414,TARDBP,false,0.11278195488721804,109,108,0.43119266055045874,false,0.37583892617449666,kmerseek.hp_pbotc_1st_ed2_k19_lcFalse,equal or higher IoU,pLDDT < 70,465
reseek,reseek,disprot,any_term,Q07157,IDPO:0000033,588,627,589,620,P33328,10,61,0,91,0.0014,0.7948717948717948,1.0,0.7948717948717948,499,251,true,true,10,589,620,P33328,10,61,0,91,0.0014,0.7948717948717948,1.0,0.7948717948717948,score,,,,Reseek,report,report,flexible linker,39,46.98179487179487,0.6153846153846154,true,1748,TJP1,false,0.012223515715948778,5883,30,0.967741935483871,false,0.8536585365853658,kmerseek.hp_pbotc_1st_ed2_k19_lcFalse,"inside, lower IoU",pLDDT < 70,299
reseek,reseek,disprot,any_term,Q13625,GO:0005515,483,692,505,736,Q61337,3,170,0,204,0.036,0.7391304347826086,0.8095238095238095,0.8947368421052632,427,204,true,true,2,505,736,Q61337,3,170,0,204,0.036,0.7391304347826086,0.8095238095238095,0.8947368421052632,score,,,,Reseek,report,report,protein binding,209,35.06693779904306,1.0,true,1128,TP53BP2,false,0.07906458797327394,203,52,0.7169811320754716,false,0.3014354066985646,kmerseek.hp_pbotc_1st_ed2_k19_lcFalse,equal or higher IoU,pLDDT < 70,232
reseek,reseek,disprot,any_term,Q01970,IDPO:0000033,882,933,862,939,Q86FP9,0,76,49,73,0.2357,0.6623376623376623,0.6623376623376623,1.0,669,317,true,false,0,,,,,,,,,,,,score,,,,Reseek,report,report,flexible linker,51,34.169411764705885,1.0,true,1234,PLCB3,false,,,,,false,0.7647058823529411,kmerseek.hp_pbotc_1st_ed2_k19_lcFalse,"inside, lower IoU",pLDDT < 70,347
reseek,reseek,disprot,any_term,Q01970,GO:0060090,933,1192,921,1191,Q47184,3,190,0,30,0.2231,0.9520295202952029,0.9555555555555556,0.9961389961389961,770,357,true,true,77,921,1191,Q47184,3,190,0,30,0.2231,0.9520295202952029,0.9555555555555556,0.9961389961389961,score,,,,Reseek,report,choose,molecular adaptor activity,259,82.98316602316602,0.277992277992278,true,1234,PLCB3,false,0.08911917098445596,321,42,0.16279069767441862,false,0.4247104247104247,kmerseek.hp_pbotc_1st_ed2_k19_lcFalse,equal or higher IoU,pLDDT >= 70,391
reseek,reseek,disprot,any_term,O15234,GO:1902280,136,283,138,275,Q8GT36,3,92,0,103,0.0249,0.9319727891156463,1.0,0.9319727891156463,682,333,true,true,67,138,275,Q8GT36,3,92,0,103,0.0249,0.9319727891156463,1.0,0.9319727891156463,score,,,,Reseek,report,choose,regulation of RNA helicase activity,147,70.22795918367348,1.0,true,703,CASC3,false,0.1146384479717813,379,97,0.7653061224489796,false,0.673469387755102,kmerseek.hp_pbotc_1st_ed2_k19_lcFalse,equal or higher IoU,pLDDT >= 70,455
reseek,reseek,disprot,any_term,P31321,IDPO:0000033,58,81,46,104,P97784,473,542,493,497,0.317,0.39655172413793105,0.39655172413793105,1.0,660,340,false,false,0,,,,,,,,,,,,score,,,,Reseek,report,report,flexible linker,23,64.65,0.6956521739130435,true,381,PRKAR1B,false,,,,,false,0.7916666666666666,kmerseek.hp_pbotc_1st_ed2_k19_lcFalse,spills,pLDDT < 70,507
reseek,reseek,disprot,any_term,P04004,GO:0005515,0,71,0,74,P09938,0,130,0,41,0.1656,0.9594594594594594,0.9594594594594594,1.0,416,210,true,true,17,0,74,P09938,0,130,0,41,0.1656,0.9594594594594594,0.9594594594594594,1.0,score,,,,Reseek,report,report,protein binding,71,70.36915492957746,0.2676056338028169,true,478,VTN,false,0.02962962962962963,4525,106,0.8598130841121495,false,0.7183098591549296,kmerseek.hp_pbotc_1st_ed2_k19_lcFalse,equal or higher IoU,pLDDT >= 70,284
reseek,reseek,disprot,any_term,P11387,IDPO:0000033,635,712,643,711,Q6BBK3,0,53,0,52,0.1592,0.8831168831168831,1.0,0.8831168831168831,342,190,true,true,8,643,711,Q6BBK3,0,53,0,52,0.1592,0.8831168831168831,1.0,0.8831168831168831,score,,,,Reseek,report,report,flexible linker,77,92.9916883116883,0.0,true,765,TOP1,false,0.05157593123209169,326,100,0.27722772277227725,false,0.44155844155844154,kmerseek.hp_pbotc_1st_ed2_k19_lcFalse,equal or higher IoU,pLDDT >= 70,240
reseek,reseek,disprot,any_term,P38398,GO:0003677,935,1057,924,1053,O05574,35,107,49,110,0.0003,0.8872180451127819,0.9147286821705426,0.9672131147540983,236,110,true,true,1,924,1053,O05574,35,107,49,110,0.0003,0.8872180451127819,0.9147286821705426,0.9672131147540983,score,,,,Reseek,report,report,DNA binding,122,28.31827868852459,1.0,true,1863,BRCA1,false,0.025360230547550433,340,22,0.782608695652174,false,0.45081967213114754,kmerseek.hp_pbotc_1st_ed2_k19_lcFalse,equal or higher IoU,pLDDT < 70,120
reseek,reseek,disprot,any_term,Q13162,GO:0140313,0,271,0,271,O08807,0,274,243,263,1.0,1.0,1.0,1.0,602,314,true,true,234,0,271,O08807,0,274,245,251,1.0,1.0,1.0,1.0,score,,,,Reseek,report,choose,molecular sequestering activity,271,84.32531365313653,0.15498154981549817,true,271,PRDX4,false,1.0,1,49,0.02,false,0.9298892988929889,kmerseek.hp_pbotc_1st_ed2_k19_lcFalse,equal or higher IoU,pLDDT >= 70,601
reseek,reseek,disprot,any_term,Q13148,GO:0003677,262,414,262,414,P12950,14,160,0,168,0.3495,1.0,1.0,1.0,636,310,true,true,101,262,414,P12950,14,160,0,168,0.3495,1.0,1.0,1.0,score,,,,Reseek,report,report,DNA binding,152,43.31473684210526,1.0,true,414,TARDBP,false,0.11787072243346007,83,108,0.09174311926605505,false,0.3684210526315789,kmerseek.hp_pbotc_1st_ed2_k19_lcFalse,equal or higher IoU,pLDDT < 70,472
reseek,reseek,disprot,any_term,P22626,GO:0140693,189,341,188,338,Q9A8N4,8,91,8,23,0.0764,0.9738562091503268,0.9933333333333333,0.9802631578947368,717,354,true,true,101,188,338,Q9A8N4,8,91,0,133,0.0764,0.9738562091503268,0.9933333333333333,0.9802631578947368,score,,,,Reseek,report,choose,molecular condensate scaffold activity,152,42.5653947368421,0.9736842105263158,true,353,HNRNPA2B1,false,0.22058823529411764,499,73,0.972972972972973,false,0.8109756097560976,kmerseek.hp_pbotc_1st_ed2_k19_lcFalse,equal or higher IoU,pLDDT < 70,528
reseek,reseek,disprot,any_term,O14958,GO:0005509,370,399,367,399,Q86FP8,47,80,19,80,0.3632,0.90625,0.90625,1.0,301,168,true,true,10,367,399,Q86FP8,47,80,19,80,0.3632,0.90625,0.90625,1.0,score,,,,Reseek,report,choose,calcium ion binding,29,53.923793103448276,1.0,true,399,CASQ2,false,0.010869565217391304,98,98,0.31313131313131315,false,1.0,kmerseek.hp_pbotc_1st_ed2_k19_lcFalse,"inside, lower IoU",pLDDT < 70,357
reseek,reseek,disprot,any_term,P78504,IDPO:0000031,1093,1218,1097,1218,P12950,4,161,0,168,0.1605,0.968,1.0,0.968,595,290,true,true,45,1097,1218,P12950,4,161,0,168,0.1605,0.968,1.0,0.968,score,,,,Reseek,report,choose,flexible C-terminal tail,125,35.560480000000005,1.0,true,1218,JAG1,false,0.026411657559198543,143,40,0.0975609756097561,false,0.552,kmerseek.hp_pbotc_1st_ed2_k19_lcFalse,equal or higher IoU,pLDDT < 70,431
reseek,reseek,disprot,any_term,P78504,GO:0031625,1190,1210,1194,1218,P23873,66,88,72,88,0.1124,0.5714285714285714,0.6666666666666666,0.8,385,181,true,false,0,,,,,,,,,,,,score,,,,Reseek,report,report,ubiquitin protein ligase binding,20,34.5385,1.0,true,1218,JAG1,false,,,,,false,0.9047619047619048,kmerseek.hp_pbotc_1st_ed2_k19_lcFalse,"inside, lower IoU",pLDDT < 70,272
reseek,reseek,disprot,any_term,Q13625,GO:0042803,692,918,688,913,Q6MRH6,24,98,0,101,0.0095,0.9608695652173913,0.9822222222222222,0.9778761061946902,540,262,true,true,15,688,913,Q6MRH6,24,98,0,101,0.0095,0.9608695652173913,0.9822222222222222,0.9778761061946902,score,,,,Reseek,report,choose,protein homodimerization activity,226,41.467566371681414,1.0,true,1128,TP53BP2,false,0.10176991150442478,590,52,0.9811320754716981,false,0.3141592920353982,kmerseek.hp_pbotc_1st_ed2_k19_lcFalse,equal or higher IoU,pLDDT < 70,307
reseek,reseek,disprot,any_term,Q14722,IDPO:0000032,0,62,0,59,Q7YUB9,0,70,0,86,0.3869,0.9516129032258065,1.0,0.9516129032258065,584,313,true,true,47,0,59,Q7YUB9,0,70,0,86,0.3869,0.9516129032258065,1.0,0.9516129032258065,score,,,,Reseek,report,report,flexible N-terminal tail,62,41.20548387096775,0.8387096774193549,true,419,KCNAB1,false,0.04155124653739612,163,108,0.22018348623853212,false,0.6451612903225806,kmerseek.hp_pbotc_1st_ed2_k19_lcFalse,equal or higher IoU,pLDDT < 70,513
reseek,reseek,disprot,any_term,O60829,GO:0003676,0,102,0,102,P81558,0,171,0,171,0.3887,1.0,1.0,1.0,525,266,true,true,240,0,102,P81558,0,171,0,171,0.3887,1.0,1.0,1.0,score,,,,Reseek,report,report,nucleic acid binding,102,62.933137254901965,1.0,true,102,PAGE4,false,1.0,3,20,0.14285714285714285,false,0.46078431372549017,kmerseek.hp_pbotc_1st_ed2_k19_lcFalse,equal or higher IoU,pLDDT < 70,601
reseek,reseek,disprot,any_term,P04083,GO:0051179,115,185,114,182,P56210,65,126,76,87,0.2599,0.9436619718309859,0.9852941176470589,0.9571428571428572,260,160,true,true,2,114,182,P56210,65,126,76,87,0.2599,0.9436619718309859,0.9852941176470589,0.9571428571428572,score,,,,Reseek,report,report,localization,70,97.98142857142857,0.0,true,346,ANXA1,false,0.1039426523297491,202,66,0.29850746268656714,false,0.44285714285714284,kmerseek.hp_pbotc_1st_ed2_k19_lcFalse,equal or higher IoU,pLDDT >= 70,342
reseek,reseek,disprot,any_term,P42568,GO:0060090,489,568,489,568,P61926,23,76,0,76,0.0078,1.0,1.0,1.0,526,245,true,true,50,489,568,P61926,23,76,47,75,0.0078,1.0,1.0,1.0,score,,,,Reseek,report,choose,molecular adaptor activity,79,82.33683544303797,0.11392405063291139,true,568,MLLT3,false,0.0326530612244898,568,104,0.9428571428571428,false,0.46835443037974683,kmerseek.hp_pbotc_1st_ed2_k19_lcFalse,equal or higher IoU,pLDDT >= 70,321
reseek,reseek,disprot,any_term,P04156,GO:0060090,22,124,22,126,Q06556,808,1061,847,969,0.0498,0.9807692307692307,0.9807692307692307,1.0,677,346,true,true,69,22,126,Q06556,808,1061,847,969,0.0498,0.9807692307692307,0.9807692307692307,1.0,score,,,,Reseek,report,choose,molecular adaptor activity,102,40.65196078431372,1.0,true,253,PRNP,false,0.26,567,54,0.8181818181818182,false,0.6851851851851852,kmerseek.hp_pbotc_1st_ed2_k19_lcFalse,equal or higher IoU,pLDDT < 70,507
reseek,reseek,disprot,any_term,P56211,GO:0051721,85,112,75,112,P17865,352,382,376,382,0.2903,0.7297297297297297,0.7297297297297297,1.0,459,234,true,true,2,93,112,P23873,71,88,72,88,0.4029,0.7037037037037037,1.0,0.7037037037037037,score,,,,Reseek,report,choose,protein phosphatase 2A binding,27,73.69037037037036,1.0,true,112,ARPP19,false,0.1276595744680851,128,23,0.6666666666666666,false,0.5161290322580645,kmerseek.hp_pbotc_1st_ed2_k19_lcFalse,equal or higher IoU,pLDDT >= 70,463
reseek,reseek,disprot,any_term,O60927,GO:0004864,0,126,0,126,Q91ZE9,0,128,0,185,0.5237,1.0,1.0,1.0,544,279,true,true,257,0,126,Q91ZE9,0,128,0,185,0.5237,1.0,1.0,1.0,score,,,,Reseek,report,report,protein phosphatase inhibitor activity,126,65.91150793650795,1.0,true,126,PPP1R11,false,1.0,3,26,0.037037037037037035,false,0.746031746031746,kmerseek.hp_pbotc_1st_ed2_k19_lcFalse,equal or higher IoU,pLDDT < 70,601
reseek,reseek,disprot,any_term,P38936,IDPO:0000046,0,164,0,164,P01099,0,166,0,166,0.5886,1.0,1.0,1.0,633,325,true,true,285,0,164,P01099,0,166,0,166,0.5886,1.0,1.0,1.0,score,,,,Reseek,report,choose,ubiquitination display site,164,69.00341463414634,0.7195121951219512,true,164,CDKN1A,false,1.0,1,33,0.029411764705882353,false,0.4695121951219512,kmerseek.hp_pbotc_1st_ed2_k19_lcFalse,equal or higher IoU,pLDDT < 70,601
reseek,reseek,disprot,any_term,P38398,GO:0003677,497,663,373,632,Q01231,227,357,250,355,0.001,0.46551724137931033,0.5212355212355212,0.8132530120481928,214,92,true,false,0,,,,,,,,,,,,score,,,,Reseek,report,report,DNA binding,166,30.568554216867472,1.0,true,1863,BRCA1,false,,,,,false,0.4759036144578313,kmerseek.hp_pbotc_1st_ed2_k19_lcFalse,"inside, lower IoU",pLDDT < 70,97
reseek,reseek,disprot,any_term,P38936,GO:0140678,0,94,0,95,P63159,0,99,72,99,0.2366,0.9894736842105263,0.9894736842105263,1.0,625,320,true,true,89,0,95,P63159,0,99,72,99,0.2366,0.9894736842105263,0.9894736842105263,1.0,score,,,,Reseek,report,choose,molecular function inhibitor activity,94,79.63946808510637,0.5106382978723404,true,164,CDKN1A,false,0.2714285714285714,340,33,0.9411764705882353,false,0.8191489361702128,kmerseek.hp_pbotc_1st_ed2_k19_lcFalse,equal or higher IoU,pLDDT >= 70,570
reseek,reseek,disprot,any_term,Q01970,IDPO:0000033,470,572,466,573,M1GUG5,3,82,0,86,0.2011,0.9532710280373832,0.9532710280373832,1.0,667,331,true,true,6,466,573,M1GUG5,3,82,0,86,0.2011,0.9532710280373832,0.9532710280373832,1.0,score,,,,Reseek,report,report,flexible linker,102,35.1985294117647,1.0,true,1234,PLCB3,false,0.03368794326241135,415,42,0.3488372093023256,false,0.5046728971962616,kmerseek.hp_pbotc_1st_ed2_k19_lcFalse,equal or higher IoU,pLDDT < 70,367
reseek,reseek,disprot,any_term,Q7RTP6,GO:0060090,1734,1918,1721,1896,A0A1Z3GD05,3,127,0,138,0.0118,0.8223350253807107,0.9257142857142857,0.8804347826086957,459,215,true,true,6,1721,1896,A0A1Z3GD05,3,127,0,138,0.0118,0.8223350253807107,0.9257142857142857,0.8804347826086957,score,,,,Reseek,report,choose,molecular adaptor activity,184,58.91625,0.6304347826086957,true,2002,MICAL3,false,0.0437636761487965,408,15,0.5,false,0.5271739130434783,kmerseek.hp_pbotc_1st_ed2_k19_lcFalse,equal or higher IoU,pLDDT < 70,244
reseek,reseek,disprot,any_term,Q01970,GO:0140677,882,933,862,939,Q86FP9,0,76,49,73,0.2357,0.6623376623376623,0.6623376623376623,1.0,669,317,true,false,0,,,,,,,,,,,,score,,,,Reseek,report,choose,molecular function activator activity,51,34.169411764705885,1.0,true,1234,PLCB3,false,,,,,false,0.7647058823529411,kmerseek.hp_pbotc_1st_ed2_k19_lcFalse,"inside, lower IoU",pLDDT < 70,347
reseek,reseek,disprot,any_term,P04908,IDPO:0000042,0,27,0,21,O34800,0,38,0,56,0.4417,0.7777777777777778,1.0,0.7777777777777778,381,198,true,true,4,0,21,O34800,0,38,0,56,0.4417,0.7777777777777778,1.0,0.7777777777777778,score,,,,Reseek,report,choose,methylation display site,27,79.87444444444445,0.8148148148148148,true,130,H2AC4,false,0.1,14,25,0.3076923076923077,false,0.75,kmerseek.hp_pbotc_1st_ed2_k19_lcFalse,equal or higher IoU,pLDDT >= 70,460
reseek,reseek,disprot,any_term,Q13316,GO:0005509,217,513,221,508,P0DJ89,3,313,293,306,0.001,0.9695945945945946,1.0,0.9695945945945946,469,232,true,true,28,221,508,P0DJ89,3,313,267,314,0.001,0.9695945945945946,1.0,0.9695945945945946,score,,,,Reseek,report,choose,calcium ion binding,296,46.08885135135135,1.0,true,513,DMP1,false,0.29515418502202645,472,105,0.5094339622641509,false,0.7162162162162162,kmerseek.hp_pbotc_1st_ed2_k19_lcFalse,equal or higher IoU,pLDDT < 70,371
reseek,reseek,disprot,any_term,P06748,GO:0042803,188,243,169,258,O14140,12,67,0,54,0.1388,0.6179775280898876,0.6179775280898876,1.0,651,331,true,false,0,,,,,,,,,,,,score,,,,Reseek,report,choose,protein homodimerization activity,55,46.71636363636364,1.0,true,294,NPM1,false,,,,,false,0.8,kmerseek.hp_pbotc_1st_ed2_k19_lcFalse,"inside, lower IoU",pLDDT < 70,472
reseek,reseek,disprot,any_term,Q15109,GO:0060090,363,404,352,404,Q7Q3R9,0,103,55,84,0.1932,0.7884615384615384,0.7884615384615384,1.0,576,288,true,true,6,361,394,P73124,0,37,0,65,0.1615,0.7209302325581395,0.9393939393939394,0.7560975609756098,score,,,,Reseek,report,choose,molecular adaptor activity,41,61.53365853658537,1.0,true,404,AGER,false,0.04032258064516129,281,104,0.49523809523809526,false,0.975609756097561,kmerseek.hp_pbotc_1st_ed2_k19_lcFalse,"inside, lower IoU",pLDDT < 70,402
reseek,reseek,disprot,any_term,P78504,GO:0031625,1184,1218,1194,1218,P23873,66,88,72,88,0.1124,0.7058823529411765,1.0,0.7058823529411765,387,182,true,true,1,1194,1218,P23873,66,88,72,88,0.1124,0.7058823529411765,1.0,0.7058823529411765,score,,,,Reseek,report,report,ubiquitin protein ligase binding,34,35.16323529411765,1.0,true,1218,JAG1,false,0.012552301255230125,300,40,0.0975609756097561,false,0.5882352941176471,kmerseek.hp_pbotc_1st_ed2_k19_lcFalse,equal or higher IoU,pLDDT < 70,275
reseek,reseek,disprot,any_term,Q9NQI0,GO:0140693,0,236,0,237,Q51912,0,714,135,155,0.0586,0.9957805907172996,0.9957805907172996,1.0,621,307,true,true,99,0,237,Q51912,0,714,135,155,0.0586,0.9957805907172996,0.9957805907172996,1.0,score,,,,Reseek,report,choose,molecular condensate scaffold activity,236,35.59546610169492,1.0,true,724,DDX4,false,0.09631147540983606,495,102,0.2815533980582524,false,0.902542372881356,kmerseek.hp_pbotc_1st_ed2_k19_lcFalse,equal or higher IoU,pLDDT < 70,410
reseek,reseek,disprot,any_term,P55957,GO:0005515,75,106,77,112,Q8VDQ1,211,279,253,265,0.2737,0.7837837837837838,0.8285714285714286,0.9354838709677419,536,283,true,true,1,77,112,Q8VDQ1,211,279,253,265,0.2737,0.7837837837837838,0.8285714285714286,0.9354838709677419,score,,,,Reseek,report,report,protein binding,31,69.10290322580646,0.0,true,195,BID,false,0.06832298136645963,245,49,0.7,false,0.45714285714285713,kmerseek.hp_pbotc_1st_ed2_k19_lcFalse,equal or higher IoU,pLDDT < 70,542
reseek,reseek,disprot,any_term,P51608,GO:0060090,164,210,145,220,Q70Q12,24,91,61,94,0.0074,0.6133333333333333,0.6133333333333333,1.0,626,309,true,false,0,,,,,,,,,,,,score,,,,Reseek,report,choose,molecular adaptor activity,46,54.04782608695652,1.0,true,486,MECP2,false,,,,,false,0.8235294117647058,kmerseek.hp_pbotc_1st_ed2_k19_lcFalse,"inside, lower IoU",pLDDT < 70,408
reseek,reseek,disprot,any_term,Q13148,GO:0008289,262,414,262,414,P12950,14,160,0,168,0.3495,1.0,1.0,1.0,636,310,true,true,101,262,414,P12950,14,160,0,168,0.3495,1.0,1.0,1.0,score,,,,Reseek,report,report,lipid binding,152,43.31473684210526,1.0,true,414,TARDBP,false,0.11787072243346007,83,108,0.09174311926605505,false,0.3684210526315789,kmerseek.hp_pbotc_1st_ed2_k19_lcFalse,equal or higher IoU,pLDDT < 70,472
reseek,reseek,disprot,any_term,O60927,GO:0019902,13,126,13,126,Q86FP8,22,80,19,80,0.4624,1.0,1.0,1.0,544,279,true,true,247,13,126,Q86FP8,22,80,19,80,0.4624,1.0,1.0,1.0,score,,,,Reseek,report,choose,phosphatase binding,113,66.55,1.0,true,126,PPP1R11,false,1.0,17,26,0.4444444444444444,false,0.7542372881355932,kmerseek.hp_pbotc_1st_ed2_k19_lcFalse,equal or higher IoU,pLDDT < 70,599
reseek,reseek,disprot,any_term,P38398,GO:0005515,174,303,23,323,Q12476,62,341,146,159,0.0007,0.43,0.43,1.0,179,72,false,false,0,,,,,,,,,,,,score,,,,Reseek,report,report,protein binding,129,31.206356589147287,1.0,true,1863,BRCA1,false,,,,,false,0.5038759689922481,kmerseek.hp_pbotc_1st_ed2_k19_lcFalse,spills,pLDDT < 70,75
reseek,reseek,disprot,any_term,P13569,IDPO:0000045,707,831,687,833,P12950,3,164,0,168,0.1727,0.8493150684931506,0.8493150684931506,1.0,797,373,true,true,4,687,833,P12950,3,164,0,168,0.1727,0.8493150684931506,0.8493150684931506,1.0,score,,,,Reseek,report,report,phosphorylation display site,124,31.011532258064516,1.0,true,1480,CFTR,false,0.027715355805243445,148,35,0.08333333333333333,false,0.3225806451612903,kmerseek.hp_pbotc_1st_ed2_k19_lcFalse,equal or higher IoU,pLDDT < 70,420
reseek,reseek,disprot,any_term,P28300,GO:0005515,21,168,22,165,P02313,3,85,15,41,0.2297,0.9727891156462585,1.0,0.9727891156462585,635,315,true,true,70,22,165,P02313,3,85,15,41,0.2297,0.9727891156462585,1.0,0.9727891156462585,score,,,,Reseek,report,report,protein binding,147,43.519387755102045,1.0,true,417,LOX,false,0.19636363636363635,379,108,0.5504587155963303,false,0.3741496598639456,kmerseek.hp_pbotc_1st_ed2_k19_lcFalse,equal or higher IoU,pLDDT < 70,481
reseek,reseek,disprot,any_term,P17096,GO:0003677,8,75,8,77,Q9WZ73,36,138,37,48,0.1671,0.9710144927536232,0.9710144927536232,1.0,538,266,true,true,51,8,77,Q9WZ73,36,138,37,48,0.1671,0.9710144927536232,0.9710144927536232,1.0,score,,,,Reseek,report,report,DNA binding,67,66.80388059701492,1.0,true,107,HMGA1,false,0.5128205128205128,283,24,0.84,false,0.4189189189189189,kmerseek.hp_pbotc_1st_ed2_k19_lcFalse,equal or higher IoU,pLDDT < 70,563
reseek,reseek,disprot,any_term,P38936,GO:0140311,138,160,134,164,P02994,433,458,453,458,0.2402,0.7333333333333333,0.7333333333333333,1.0,401,202,true,true,1,143,164,P23873,66,88,72,88,0.3867,0.6538461538461539,0.8095238095238095,0.7727272727272727,score,,,,Reseek,report,report,protein sequestering activity,22,66.16863636363637,1.0,true,164,CDKN1A,false,0.06944444444444445,58,33,0.23529411764705882,false,0.6153846153846154,kmerseek.hp_pbotc_1st_ed2_k19_lcFalse,equal or higher IoU,pLDDT < 70,357
reseek,reseek,disprot,any_term,P38398,GO:0002039,218,498,190,503,B2RLE7,2,356,265,358,0.0004,0.8945686900958466,0.8945686900958466,1.0,231,99,true,true,3,190,503,B2RLE7,2,356,265,358,0.0004,0.8945686900958466,0.8945686900958466,1.0,score,,,,Reseek,report,report,p53 binding,280,31.21764285714286,1.0,true,1863,BRCA1,false,0.05931656995486783,292,22,0.6086956521739131,false,0.44285714285714284,kmerseek.hp_pbotc_1st_ed2_k19_lcFalse,equal or higher IoU,pLDDT < 70,103
reseek,reseek,disprot,any_term,P38936,GO:0005515,0,164,0,164,P01099,0,166,0,166,0.5886,1.0,1.0,1.0,633,325,true,true,285,0,164,P01099,0,166,0,166,0.5886,1.0,1.0,1.0,score,,,,Reseek,report,report,protein binding,164,69.00341463414634,0.7195121951219512,true,164,CDKN1A,false,1.0,1,33,0.029411764705882353,false,0.4695121951219512,kmerseek.hp_pbotc_1st_ed2_k19_lcFalse,equal or higher IoU,pLDDT < 70,601
reseek,reseek,disprot,any_term,P17096,GO:0140677,0,107,0,107,P81558,0,171,0,171,0.446,1.0,1.0,1.0,559,275,true,true,250,0,107,P81558,0,171,0,171,0.446,1.0,1.0,1.0,score,,,,Reseek,report,choose,molecular function activator activity,107,65.0285046728972,1.0,true,107,HMGA1,false,1.0,2,24,0.08,false,0.9906542056074766,kmerseek.hp_pbotc_1st_ed2_k19_lcFalse,equal or higher IoU,pLDDT < 70,601
reseek,reseek,disprot,any_term,Q13625,GO:0005515,692,918,688,913,Q6MRH6,24,98,0,101,0.0095,0.9608695652173913,0.9822222222222222,0.9778761061946902,540,262,true,true,15,688,913,Q6MRH6,24,98,0,101,0.0095,0.9608695652173913,0.9822222222222222,0.9778761061946902,score,,,,Reseek,report,report,protein binding,226,41.467566371681414,1.0,true,1128,TP53BP2,false,0.10176991150442478,590,52,0.9811320754716981,false,0.3141592920353982,kmerseek.hp_pbotc_1st_ed2_k19_lcFalse,equal or higher IoU,pLDDT < 70,307
reseek,reseek,disprot,any_term,Q92886,GO:0003677,89,150,84,153,J8TM36,225,265,235,249,0.1828,0.8840579710144928,0.8840579710144928,1.0,770,369,true,true,10,84,153,J8TM36,225,265,235,249,0.1828,0.8840579710144928,0.8840579710144928,1.0,score,,,,Reseek,report,report,DNA binding,61,95.2016393442623,0.0,true,237,NEUROG1,false,0.11242603550295859,329,56,0.5614035087719298,false,0.49230769230769234,kmerseek.hp_pbotc_1st_ed2_k19_lcFalse,equal or higher IoU,pLDDT >= 70,551
reseek,reseek,disprot,any_term,P46527,GO:0051179,0,198,0,198,P07516,0,202,0,202,0.7412,1.0,1.0,1.0,684,348,true,true,292,0,198,P07516,0,202,0,202,0.7412,1.0,1.0,1.0,score,,,,Reseek,report,report,localization,198,69.23424242424242,0.7171717171717171,true,198,CDKN1B,false,1.0,1,51,0.019230769230769232,false,0.3686868686868687,kmerseek.hp_pbotc_1st_ed2_k19_lcFalse,equal or higher IoU,pLDDT < 70,601
reseek,reseek,disprot,any_term,P04908,IDPO:0000039,0,27,0,21,O34800,0,38,0,56,0.4417,0.7777777777777778,1.0,0.7777777777777778,381,198,true,true,4,0,21,O34800,0,38,12,53,0.4417,0.7777777777777778,1.0,0.7777777777777778,score,,,,Reseek,report,report,acetylation display site,27,79.87444444444445,0.8148148148148148,true,130,H2AC4,false,0.1,14,25,0.3076923076923077,false,0.75,kmerseek.hp_pbotc_1st_ed2_k19_lcFalse,equal or higher IoU,pLDDT >= 70,460
reseek,reseek,disprot,any_term,P27797,GO:0005049,17,417,17,414,P45481,1257,2227,2112,2152,0.0034,0.9925,1.0,0.9925,820,406,true,true,294,17,414,P45481,1257,2227,2058,2117,0.0034,0.9925,1.0,0.9925,score,,,,Reseek,report,choose,nuclear export signal receptor activity,400,90.649575,0.3325,true,417,CALR,false,1.0,599,108,1.0,false,0.4075,kmerseek.hp_pbotc_1st_ed2_k19_lcFalse,equal or higher IoU,pLDDT >= 70,601
reseek,reseek,disprot,any_term,P04156,IDPO:0000032,22,124,22,126,Q06556,808,1061,847,969,0.0498,0.9807692307692307,0.9807692307692307,1.0,677,346,true,true,69,22,126,Q06556,808,1061,847,969,0.0498,0.9807692307692307,0.9807692307692307,1.0,score,,,,Reseek,report,report,flexible N-terminal tail,102,40.65196078431372,1.0,true,253,PRNP,false,0.26,567,54,0.8181818181818182,false,0.6851851851851852,kmerseek.hp_pbotc_1st_ed2_k19_lcFalse,equal or higher IoU,pLDDT < 70,507
reseek,reseek,disprot,any_term,Q13316,GO:0005509,16,217,12,225,Q02248,673,776,663,781,0.0069,0.9436619718309859,0.9436619718309859,1.0,508,248,true,true,57,12,225,Q02248,673,776,663,781,0.0069,0.9436619718309859,0.9436619718309859,1.0,score,,,,Reseek,report,choose,calcium ion binding,201,47.5302487562189,1.0,true,513,DMP1,false,0.15614617940199335,202,105,0.03773584905660377,false,0.8507462686567164,kmerseek.hp_pbotc_1st_ed2_k19_lcFalse,equal or higher IoU,pLDDT < 70,416
reseek,reseek,disprot,any_term,P38936,GO:0140678,8,84,12,81,B8ZXI1,291,323,291,326,0.2128,0.9078947368421053,1.0,0.9078947368421053,598,303,true,true,73,12,81,B8ZXI1,291,323,291,326,0.2128,0.9078947368421053,1.0,0.9078947368421053,score,,,,Reseek,report,choose,molecular function inhibitor activity,76,87.25513157894737,0.39473684210526316,true,164,CDKN1A,false,0.3020833333333333,397,33,1.0,false,0.7790697674418605,kmerseek.hp_pbotc_1st_ed2_k19_lcFalse,equal or higher IoU,pLDDT >= 70,538
reseek,reseek,disprot,any_term,P20963,GO:0051259,48,164,47,164,P05318,10,95,0,106,0.394,0.9914529914529915,0.9914529914529915,1.0,614,312,true,true,76,47,164,P05318,10,95,0,106,0.394,0.9914529914529915,0.9914529914529915,1.0,score,,,,Reseek,report,choose,protein complex oligomerization,116,57.5178448275862,0.8017241379310345,true,164,CD247,false,0.4791666666666667,903,32,0.42424242424242425,false,0.5431034482758621,kmerseek.hp_pbotc_1st_ed2_k19_lcFalse,equal or higher IoU,pLDDT < 70,581
reseek,reseek,disprot,any_term,P55036,GO:0060090,304,377,302,377,Q9I322,11,81,0,81,0.4197,0.9733333333333334,0.9733333333333334,1.0,613,307,true,true,13,302,377,Q9I322,11,81,0,81,0.4197,0.9733333333333334,0.9733333333333334,1.0,score,,,,Reseek,report,choose,molecular adaptor activity,73,55.51465753424658,1.0,true,377,PSMD4,false,0.0462046204620462,72,86,0.12643678160919541,false,0.5205479452054794,kmerseek.hp_pbotc_1st_ed2_k19_lcFalse,equal or higher IoU,pLDDT < 70,453
reseek,reseek,disprot,any_term,P06454,GO:0042393,0,111,0,111,Q86FP8,0,80,19,80,0.504,1.0,1.0,1.0,588,304,true,true,272,0,111,Q86FP8,0,80,19,80,0.504,1.0,1.0,1.0,score,,,,Reseek,report,report,histone binding,111,58.376396396396395,1.0,true,111,PTMA,false,1.0,2,24,0.08,false,0.9459459459459459,kmerseek.hp_pbotc_1st_ed2_k19_lcFalse,equal or higher IoU,pLDDT < 70,601
reseek,reseek,disprot,any_term,P38398,GO:0005515,432,511,370,597,Q99P68,3,208,147,152,0.0003,0.34801762114537443,0.34801762114537443,1.0,200,85,false,false,0,,,,,,,,,,,,score,,,,Reseek,report,report,protein binding,79,30.053670886075945,1.0,true,1863,BRCA1,false,,,,,false,0.7439024390243902,kmerseek.hp_pbotc_1st_ed2_k19_lcFalse,spills,pLDDT < 70,89
reseek,reseek,disprot,any_term,Q49AN0,GO:0005515,489,593,489,593,Q7YUB9,26,86,0,86,0.3943,1.0,1.0,1.0,466,242,true,true,67,489,593,Q7YUB9,26,86,0,86,0.3943,1.0,1.0,1.0,score,,,,Reseek,report,report,protein binding,104,45.70701923076923,0.6923076923076923,true,593,CRY2,false,0.04285714285714286,170,101,0.18627450980392157,false,0.34615384615384615,kmerseek.hp_pbotc_1st_ed2_k19_lcFalse,equal or higher IoU,pLDDT < 70,384
reseek,reseek,disprot,any_term,P10451,GO:0005515,0,314,0,314,Q9I832,0,263,89,120,0.5254,1.0,1.0,1.0,720,350,true,true,225,0,314,Q9I832,0,263,89,120,0.5254,1.0,1.0,1.0,score,,,,Reseek,report,report,protein binding,314,53.406305732484086,1.0,true,314,SPP1,false,1.0,1,56,0.017543859649122806,false,0.5987261146496815,kmerseek.hp_pbotc_1st_ed2_k19_lcFalse,equal or higher IoU,pLDDT < 70,601
reseek,reseek,disprot,any_term,P17096,GO:0003677,0,107,0,107,P81558,0,171,0,171,0.446,1.0,1.0,1.0,559,275,true,true,250,0,107,P81558,0,171,0,171,0.446,1.0,1.0,1.0,score,,,,Reseek,report,report,DNA binding,107,65.0285046728972,1.0,true,107,HMGA1,false,1.0,2,24,0.08,false,0.9906542056074766,kmerseek.hp_pbotc_1st_ed2_k19_lcFalse,equal or higher IoU,pLDDT < 70,601
reseek,reseek,disprot,any_term,P46527,GO:0005515,0,198,0,198,P07516,0,202,0,202,0.7412,1.0,1.0,1.0,684,348,true,true,292,0,198,P07516,0,202,0,202,0.7412,1.0,1.0,1.0,score,,,,Reseek,report,report,protein binding,198,69.23424242424242,0.7171717171717171,true,198,CDKN1B,false,1.0,1,51,0.019230769230769232,false,0.3686868686868687,kmerseek.hp_pbotc_1st_ed2_k19_lcFalse,equal or higher IoU,pLDDT < 70,601
reseek,reseek,disprot,any_term,Q8TEQ6,GO:0003723,1296,1412,1294,1420,P0CU51,50,218,0,229,0.1307,0.9206349206349206,0.9206349206349206,1.0,587,283,true,true,32,1294,1420,P0CU51,50,218,0,229,0.1307,0.9206349206349206,0.9206349206349206,1.0,score,,,,Reseek,report,choose,RNA binding,116,49.02310344827586,0.7413793103448276,true,1508,GEMIN5,false,0.02964569775849602,567,35,0.75,false,0.3103448275862069,kmerseek.hp_pbotc_1st_ed2_k19_lcFalse,equal or higher IoU,pLDDT < 70,323
reseek,reseek,disprot,any_term,P28300,GO:0036094,21,168,22,165,P02313,3,85,15,41,0.2297,0.9727891156462585,1.0,0.9727891156462585,635,315,true,true,70,22,165,P02313,3,85,15,41,0.2297,0.9727891156462585,1.0,0.9727891156462585,score,,,,Reseek,report,choose,small molecule binding,147,43.519387755102045,1.0,true,417,LOX,false,0.19636363636363635,379,108,0.5504587155963303,false,0.3741496598639456,kmerseek.hp_pbotc_1st_ed2_k19_lcFalse,equal or higher IoU,pLDDT < 70,481
reseek,reseek,disprot,any_term,P52926,GO:0003676,0,109,0,109,P81558,0,171,0,171,0.3767,1.0,1.0,1.0,551,280,true,true,263,0,109,P81558,0,171,0,171,0.3767,1.0,1.0,1.0,score,,,,Reseek,report,report,nucleic acid binding,109,64.87660550458716,1.0,true,109,HMGA2,false,1.0,1,25,0.038461538461538464,false,0.6880733944954128,kmerseek.hp_pbotc_1st_ed2_k19_lcFalse,equal or higher IoU,pLDDT < 70,601
reseek,reseek,disprot,any_term,P46527,GO:0140678,21,97,26,98,P02640,685,783,722,763,0.1877,0.922077922077922,0.9861111111111112,0.9342105263157895,657,332,true,true,35,26,98,P02640,685,783,722,763,0.1877,0.922077922077922,0.9861111111111112,0.9342105263157895,score,,,,Reseek,report,choose,molecular function inhibitor activity,76,92.59855263157894,0.2631578947368421,true,198,CDKN1B,false,0.25984251968503935,422,51,0.9423076923076923,false,0.6931818181818182,kmerseek.hp_pbotc_1st_ed2_k19_lcFalse,equal or higher IoU,pLDDT >= 70,570
reseek,reseek,disprot,any_term,Q8IW19,GO:0044183,449,511,450,511,Q9I322,3,81,0,81,0.0435,0.9838709677419355,1.0,0.9838709677419355,525,246,true,true,42,450,511,Q9I322,3,81,0,81,0.0435,0.9838709677419355,1.0,0.9838709677419355,score,,,,Reseek,report,report,protein folding chaperone,62,65.8941935483871,0.9193548387096774,true,511,APLF,false,0.031042128603104215,431,106,0.8411214953271028,false,0.5806451612903226,kmerseek.hp_pbotc_1st_ed2_k19_lcFalse,equal or higher IoU,pLDDT < 70,318
reseek,reseek,disprot,any_term,P06454,GO:0005515,0,111,0,111,Q86FP8,0,80,19,80,0.504,1.0,1.0,1.0,588,304,true,true,272,0,111,Q86FP8,0,80,19,80,0.504,1.0,1.0,1.0,score,,,,Reseek,report,report,protein binding,111,58.376396396396395,1.0,true,111,PTMA,false,1.0,2,24,0.08,false,0.9459459459459459,kmerseek.hp_pbotc_1st_ed2_k19_lcFalse,equal or higher IoU,pLDDT < 70,601
reseek,reseek,disprot,any_term,P45985,GO:0005515,11,86,3,85,Q05344,500,654,518,554,0.3395,0.891566265060241,0.9024390243902439,0.9866666666666667,629,321,true,true,70,3,85,Q05344,500,654,518,554,0.3395,0.891566265060241,0.9024390243902439,0.9866666666666667,score,,,,Reseek,report,report,protein binding,75,35.12146666666667,0.6933333333333334,true,399,MAP2K4,false,0.0660377358490566,295,98,0.5151515151515151,false,0.8933333333333333,kmerseek.hp_pbotc_1st_ed2_k19_lcFalse,"inside, lower IoU",pLDDT < 70,487
reseek,reseek,disprot,any_term,P60484,GO:0098772,352,403,352,403,Q9I322,9,81,0,81,0.36,1.0,1.0,1.0,404,222,true,true,44,352,403,Q9I322,9,81,0,81,0.36,1.0,1.0,1.0,score,,,,Reseek,report,report,molecular function regulator,51,35.779607843137256,1.0,true,403,PTEN,false,0.031161473087818695,182,104,0.3904761904761905,false,0.8823529411764706,kmerseek.hp_pbotc_1st_ed2_k19_lcFalse,equal or higher IoU,pLDDT < 70,415
reseek,reseek,disprot,any_term,P62328,GO:0005515,0,44,0,44,P62326,0,44,30,40,0.9508,1.0,1.0,1.0,286,166,true,true,162,0,44,P62326,0,44,30,40,0.9508,1.0,1.0,1.0,score,,,,Reseek,report,report,protein binding,44,80.78545454545454,1.0,true,44,TMSB4X,false,1.0,1,0,1.0,false,1.0,kmerseek.hp_pbotc_1st_ed2_k19_lcFalse,equal or higher IoU,pLDDT >= 70,601
reseek,reseek,disprot,any_term,Q09161,GO:0060090,0,26,0,27,P9WJA9,0,33,18,33,0.2014,0.9629629629629629,0.9629629629629629,1.0,218,129,true,true,4,0,27,P9WJA9,0,33,18,33,0.2014,0.9629629629629629,0.9629629629629629,1.0,score,,,,Reseek,report,choose,molecular adaptor activity,26,48.63192307692308,1.0,true,790,NCBP1,false,0.006544502617801047,106,99,0.07,false,0.8620689655172413,kmerseek.hp_pbotc_1st_ed2_k19_lcFalse,equal or higher IoU,pLDDT < 70,210
reseek,reseek,disprot,any_term,Q9Y6G9,GO:0060090,387,523,387,519,P51400,14,225,147,230,0.3313,0.9705882352941176,1.0,0.9705882352941176,710,331,true,true,56,387,519,P51400,14,225,147,230,0.3313,0.9705882352941176,1.0,0.9705882352941176,score,,,,Reseek,report,choose,molecular adaptor activity,136,44.02867647058823,1.0,true,523,DYNC1LI1,false,0.07908163265306123,46,107,0.18518518518518517,false,0.4264705882352941,kmerseek.hp_pbotc_1st_ed2_k19_lcFalse,equal or higher IoU,pLDDT < 70,411
reseek,reseek,disprot,any_term,P17096,GO:0003677,49,91,45,92,Q9XWG3,19,133,97,111,0.2322,0.8936170212765957,0.8936170212765957,1.0,535,260,true,true,9,45,92,Q9XWG3,19,133,97,111,0.2322,0.8936170212765957,0.8936170212765957,1.0,score,,,,Reseek,report,report,DNA binding,42,68.88285714285715,1.0,true,107,HMGA1,false,0.22950819672131148,118,24,0.44,false,0.5714285714285714,kmerseek.hp_pbotc_1st_ed2_k19_lcFalse,equal or higher IoU,pLDDT < 70,521
reseek,reseek,disprot,any_term,P04637,GO:0140677,366,386,328,386,A0A178W0D3,157,241,220,259,0.1456,0.3448275862068966,0.3448275862068966,1.0,497,250,false,false,0,,,,,,,,,,,,score,,,,Reseek,report,choose,molecular function activator activity,20,42.475,1.0,true,393,TP53,false,,,,,false,0.8695652173913043,kmerseek.hp_pbotc_1st_ed2_k19_lcFalse,spills,pLDDT < 70,314
reseek,reseek,disprot,any_term,P06454,GO:0005509,14,110,14,110,Q01231,231,357,250,355,0.2189,1.0,1.0,1.0,588,304,true,true,237,14,110,Q01231,231,357,250,355,0.2189,1.0,1.0,1.0,score,,,,Reseek,report,choose,calcium ion binding,96,58.15270833333333,1.0,true,111,PTMA,false,1.0,295,24,0.28,false,0.9142857142857143,kmerseek.hp_pbotc_1st_ed2_k19_lcFalse,equal or higher IoU,pLDDT < 70,593
reseek,reseek,disprot,any_term,Q9BTL3,GO:0140677,1,45,0,47,Q08655,30,95,0,115,0.1903,0.9361702127659575,0.9361702127659575,1.0,508,263,true,true,41,0,47,Q08655,30,95,0,115,0.1903,0.9361702127659575,0.9361702127659575,1.0,score,,,,Reseek,report,choose,molecular function activator activity,44,89.2425,0.9090909090909091,true,118,RAMAC,false,0.1111111111111111,450,24,0.84,false,0.7555555555555555,kmerseek.hp_pbotc_1st_ed2_k19_lcFalse,equal or higher IoU,pLDDT >= 70,528
reseek,reseek,disprot,any_term,Q9BTL3,GO:0005515,1,45,0,47,Q08655,30,95,0,115,0.1903,0.9361702127659575,0.9361702127659575,1.0,508,263,true,true,41,0,47,Q08655,30,95,60,115,0.1903,0.9361702127659575,0.9361702127659575,1.0,score,,,,Reseek,report,report,protein binding,44,89.2425,0.9090909090909091,true,118,RAMAC,false,0.1111111111111111,450,24,0.84,false,0.7555555555555555,kmerseek.hp_pbotc_1st_ed2_k19_lcFalse,equal or higher IoU,pLDDT >= 70,528
reseek,reseek,disprot,any_term,P09429,GO:0005515,187,214,192,215,P17870,382,418,382,393,0.196,0.7857142857142857,0.9565217391304348,0.8148148148148148,478,228,true,true,7,192,215,P17870,382,418,382,393,0.196,0.7857142857142857,0.9565217391304348,0.8148148148148148,score,,,,Reseek,report,report,protein binding,27,41.894814814814815,1.0,true,215,HMGB1,false,0.05181347150259067,418,52,0.5471698113207547,false,0.9642857142857143,kmerseek.hp_pbotc_1st_ed2_k19_lcFalse,"inside, lower IoU",pLDDT < 70,422
reseek,reseek,disprot,any_term,P38936,GO:0001933,0,164,0,164,P01099,0,166,0,166,0.5886,1.0,1.0,1.0,633,325,true,true,285,0,164,P01099,0,166,0,166,0.5886,1.0,1.0,1.0,score,,,,Reseek,report,choose,negative regulation of protein phosphorylation,164,69.00341463414634,0.7195121951219512,true,164,CDKN1A,false,1.0,1,33,0.029411764705882353,false,0.4695121951219512,kmerseek.hp_pbotc_1st_ed2_k19_lcFalse,equal or higher IoU,pLDDT < 70,601
reseek,reseek,disprot,any_term,P28300,GO:0060090,21,168,22,165,P02313,3,85,15,41,0.2297,0.9727891156462585,1.0,0.9727891156462585,635,315,true,true,70,22,165,P02313,3,85,15,41,0.2297,0.9727891156462585,1.0,0.9727891156462585,score,,,,Reseek,report,choose,molecular adaptor activity,147,43.519387755102045,1.0,true,417,LOX,false,0.19636363636363635,379,108,0.5504587155963303,false,0.3741496598639456,kmerseek.hp_pbotc_1st_ed2_k19_lcFalse,equal or higher IoU,pLDDT < 70,481
reseek,reseek,disprot,any_term,Q9UBB5,GO:0005515,237,356,233,367,Q9JZ10,23,134,54,59,0.0954,0.8880597014925373,0.8880597014925373,1.0,699,340,true,true,7,233,367,Q9JZ10,23,134,54,59,0.0954,0.8880597014925373,0.8880597014925373,1.0,score,,,,Reseek,report,report,protein binding,119,77.72722689075631,0.8823529411764706,true,411,MBD2,false,0.1366906474820144,512,108,0.9541284403669725,false,0.3387096774193548,kmerseek.hp_pbotc_1st_ed2_k19_lcFalse,equal or higher IoU,pLDDT >= 70,440
reseek,reseek,disprot,any_term,Q13569,GO:0003676,50,111,61,119,P00127,31,94,0,72,0.309,0.7246376811594203,0.8620689655172413,0.819672131147541,642,326,true,true,2,61,119,P00127,31,94,0,72,0.309,0.7246376811594203,0.8620689655172413,0.819672131147541,score,,,,Reseek,report,report,nucleic acid binding,61,46.49672131147541,0.8852459016393442,true,410,TDG,false,0.07365439093484419,1069,108,0.30275229357798167,false,0.7377049180327869,kmerseek.hp_pbotc_1st_ed2_k19_lcFalse,"inside, lower IoU",pLDDT < 70,439
reseek,reseek,disprot,any_term,P10451,IDPO:0000045,16,314,17,314,O23764,7,421,0,422,0.2685,0.9966442953020134,1.0,0.9966442953020134,716,348,true,true,227,17,314,O23764,7,421,0,422,0.2685,0.9966442953020134,1.0,0.9966442953020134,score,,,,Reseek,report,report,phosphorylation display site,298,51.901275167785236,1.0,true,314,SPP1,false,1.0,39,56,0.08771929824561403,false,0.6308724832214765,kmerseek.hp_pbotc_1st_ed2_k19_lcFalse,equal or higher IoU,pLDDT < 70,587
reseek,reseek,disprot,any_term,Q8N3V7,GO:0005515,544,613,507,643,P53780,3,92,56,84,0.0123,0.5073529411764706,0.5073529411764706,1.0,497,228,true,false,0,,,,,,,,,,,,score,,,,Reseek,report,report,protein binding,69,45.245652173913044,1.0,true,929,SYNPO,false,,,,,false,0.6811594202898551,kmerseek.hp_pbotc_1st_ed2_k19_lcFalse,"inside, lower IoU",pLDDT < 70,274
reseek,reseek,disprot,any_term,P32004,GO:0005515,1143,1257,1145,1257,P12464,90,173,95,104,0.0435,0.9824561403508771,1.0,0.9824561403508771,547,264,true,true,66,1145,1257,P12464,90,173,95,104,0.0435,0.9824561403508771,1.0,0.9824561403508771,score,,,,Reseek,report,report,protein binding,114,33.07464912280702,1.0,true,1257,L1CAM,false,0.02181500872600349,218,45,0.30434782608695654,false,0.6052631578947368,kmerseek.hp_pbotc_1st_ed2_k19_lcFalse,equal or higher IoU,pLDDT < 70,392
reseek,reseek,disprot,any_term,P21815,GO:0036094,0,317,0,317,Q91V27,0,589,146,403,0.3016,1.0,1.0,1.0,738,358,true,true,242,0,317,Q91V27,0,589,146,403,0.3016,1.0,1.0,1.0,score,,,,Reseek,report,choose,small molecule binding,317,49.88529968454259,0.9968454258675079,true,317,IBSP,false,1.0,18,58,0.05084745762711865,false,0.6088328075709779,kmerseek.hp_pbotc_1st_ed2_k19_lcFalse,equal or higher IoU,pLDDT < 70,601
reseek,reseek,disprot,any_term,O14958,IDPO:0000045,370,399,367,399,Q86FP8,47,80,19,80,0.3632,0.90625,0.90625,1.0,301,168,true,true,10,367,399,Q86FP8,47,80,19,80,0.3632,0.90625,0.90625,1.0,score,,,,Reseek,report,report,phosphorylation display site,29,53.923793103448276,1.0,true,399,CASQ2,false,0.010869565217391304,98,98,0.31313131313131315,false,1.0,kmerseek.hp_pbotc_1st_ed2_k19_lcFalse,"inside, lower IoU",pLDDT < 70,357
reseek,reseek,disprot,any_term,P35568,IDPO:0000033,116,159,131,154,P63045,3,26,0,35,0.0004,0.5348837209302325,1.0,0.5348837209302325,402,211,true,true,1,131,154,P63045,3,26,0,35,0.0004,0.5348837209302325,1.0,0.5348837209302325,score,,,,Reseek,report,report,flexible linker,43,41.68953488372093,0.8604651162790697,true,1242,IRS1,false,0.023770491803278688,419,42,0.4883720930232558,false,0.68,kmerseek.hp_pbotc_1st_ed2_k19_lcFalse,"inside, lower IoU",pLDDT < 70,278
reseek,reseek,disprot,any_term,P17096,GO:0003713,0,107,0,107,P81558,0,171,0,171,0.446,1.0,1.0,1.0,559,275,true,true,250,0,107,P81558,0,171,0,171,0.446,1.0,1.0,1.0,score,,,,Reseek,report,choose,transcription coactivator activity,107,65.0285046728972,1.0,true,107,HMGA1,false,1.0,2,24,0.08,false,0.9906542056074766,kmerseek.hp_pbotc_1st_ed2_k19_lcFalse,equal or higher IoU,pLDDT < 70,601
reseek,reseek,disprot,any_term,Q8TEA8,GO:0003677,151,209,152,209,P02315,4,70,9,35,0.4115,0.9827586206896551,1.0,0.9827586206896551,542,290,true,true,30,152,209,P02315,4,70,9,35,0.4115,0.9827586206896551,1.0,0.9827586206896551,score,,,,Reseek,report,report,DNA binding,58,55.74206896551724,1.0,true,209,DTD1,false,0.08496732026143791,108,51,0.38461538461538464,false,0.890625,kmerseek.hp_pbotc_1st_ed2_k19_lcFalse,equal or higher IoU,pLDDT < 70,521
reseek,reseek,disprot,any_term,P38936,GO:0070557,0,164,0,164,P01099,0,166,0,166,0.5886,1.0,1.0,1.0,633,325,true,true,285,0,164,P01099,0,166,0,166,0.5886,1.0,1.0,1.0,score,,,,Reseek,report,report,PCNA-p21 complex,164,69.00341463414634,0.7195121951219512,true,164,CDKN1A,false,1.0,1,33,0.029411764705882353,false,0.4695121951219512,kmerseek.hp_pbotc_1st_ed2_k19_lcFalse,equal or higher IoU,pLDDT < 70,601
reseek,reseek,disprot,any_term,Q14722,GO:0005515,0,62,0,59,Q7YUB9,0,70,0,86,0.3869,0.9516129032258065,1.0,0.9516129032258065,584,313,true,true,47,0,59,Q7YUB9,0,70,0,86,0.3869,0.9516129032258065,1.0,0.9516129032258065,score,,,,Reseek,report,report,protein binding,62,41.20548387096775,0.8387096774193549,true,419,KCNAB1,false,0.04155124653739612,163,108,0.22018348623853212,false,0.6451612903225806,kmerseek.hp_pbotc_1st_ed2_k19_lcFalse,equal or higher IoU,pLDDT < 70,513
reseek,reseek,disprot,any_term,P38936,GO:0008285,0,164,0,164,P01099,0,166,0,166,0.5886,1.0,1.0,1.0,633,325,true,true,285,0,164,P01099,0,166,0,166,0.5886,1.0,1.0,1.0,score,,,,Reseek,report,choose,negative regulation of cell population proliferation,164,69.00341463414634,0.7195121951219512,true,164,CDKN1A,false,1.0,1,33,0.029411764705882353,false,0.4695121951219512,kmerseek.hp_pbotc_1st_ed2_k19_lcFalse,equal or higher IoU,pLDDT < 70,601
reseek,reseek,disprot,any_term,Q9UBB5,GO:0060090,237,356,233,367,Q9JZ10,23,134,54,59,0.0954,0.8880597014925373,0.8880597014925373,1.0,699,340,true,true,7,233,367,Q9JZ10,23,134,43,48,0.0954,0.8880597014925373,0.8880597014925373,1.0,score,,,,Reseek,report,choose,molecular adaptor activity,119,77.72722689075631,0.8823529411764706,true,411,MBD2,false,0.1366906474820144,512,108,0.9541284403669725,false,0.3387096774193548,kmerseek.hp_pbotc_1st_ed2_k19_lcFalse,equal or higher IoU,pLDDT >= 70,440
reseek,reseek,disprot,any_term,P06748,GO:0042803,119,188,120,184,Q9XES8,13,86,0,89,0.153,0.927536231884058,1.0,0.927536231884058,604,309,true,true,7,120,184,Q9XES8,13,86,0,89,0.153,0.927536231884058,1.0,0.927536231884058,score,,,,Reseek,report,choose,protein homodimerization activity,69,51.66550724637681,1.0,true,294,NPM1,false,0.12987012987012986,354,52,0.6792452830188679,false,0.9714285714285714,kmerseek.hp_pbotc_1st_ed2_k19_lcFalse,"inside, lower IoU",pLDDT < 70,425
reseek,reseek,disprot,any_term,P20810,IDPO:0000048,136,277,138,306,Q64364,16,166,0,37,0.028,0.8176470588235294,0.8273809523809523,0.9858156028368794,576,279,true,true,7,138,306,Q64364,16,166,0,37,0.028,0.8176470588235294,0.8273809523809523,0.9858156028368794,score,,,,Reseek,report,report,limited proteolysis display site,141,65.05645390070922,1.0,true,708,CAST,false,0.07393715341959335,394,99,0.53,false,0.3475177304964539,kmerseek.hp_pbotc_1st_ed2_k19_lcFalse,equal or higher IoU,pLDDT < 70,349
reseek,reseek,yeast,same_term,P08621,GO:0005515,183,437,138,437,P47110,14,350,336,345,0.4593,0.8494983277591973,0.8494983277591973,1.0,13,12,true,true,5,138,437,P47110,14,350,336,345,0.4593,0.8494983277591973,0.8494983277591973,1.0,score,,,,Reseek,report,report,protein binding,254,57.51622047244095,1.0,true,437,SNRNP70,false,0.1079136690647482,83,117,0.01694915254237288,false,0.7559055118110236,kmerseek.hp_pbotc_1st_ed2_k19_lcFalse,equal or higher IoU,pLDDT < 70,5311
reseek,reseek,yeast,same_term,O15234,GO:0005515,136,283,7,322,P47047,0,388,0,20,0.1198,0.4666666666666667,0.4666666666666667,1.0,21,13,false,false,0,,,,,,,,,,,,score,,,,Reseek,report,report,protein binding,147,70.22795918367348,1.0,true,703,CASC3,false,,,,,false,0.30612244897959184,kmerseek.hp_pbotc_1st_ed2_k19_lcFalse,equal or higher IoU,pLDDT >= 70,4724
reseek,reseek,yeast,same_term,P08621,GO:0005515,229,306,224,310,P31109,3,93,0,93,0.4005,0.8953488372093024,0.8953488372093024,1.0,13,12,true,true,2,224,310,P31109,3,93,0,93,0.4005,0.8953488372093024,0.8953488372093024,1.0,score,,,,Reseek,report,report,protein binding,77,57.88142857142857,1.0,true,437,SNRNP70,false,0.07386363636363637,199,117,0.01694915254237288,false,0.9506172839506173,kmerseek.hp_pbotc_1st_ed2_k19_lcFalse,"inside, lower IoU",pLDDT < 70,4241
reseek,reseek,yeast,same_term,Q13625,GO:0005515,709,904,424,907,P45976,13,323,79,195,0.0624,0.40372670807453415,0.40372670807453415,1.0,21,12,false,false,0,,,,,,,,,,,,score,,,,Reseek,report,report,protein binding,195,41.278564102564104,1.0,true,1128,TP53BP2,false,,,,,false,0.3641025641025641,kmerseek.hp_pbotc_1st_ed2_k19_lcFalse,equal or higher IoU,pLDDT < 70,2233
reseek,reseek,yeast,same_term,P21815,GO:0005515,0,317,0,317,Q06628,1,738,659,686,0.1607,1.0,1.0,1.0,15,10,true,true,10,0,317,Q06628,1,738,459,521,0.1607,1.0,1.0,1.0,score,,,,Reseek,report,report,protein binding,317,49.88529968454259,0.9968454258675079,true,317,IBSP,false,1.0,863,58,0.03389830508474576,false,0.334384858044164,kmerseek.hp_pbotc_1st_ed2_k19_lcFalse,equal or higher IoU,pLDDT < 70,6039
reseek,reseek,yeast,same_term,P38398,GO:0005515,1342,1440,1153,1471,Q07528,3,535,0,160,0.002,0.3081761006289308,0.3081761006289308,1.0,17,10,false,false,0,,,,,,,,,,,,score,,,,Reseek,report,report,protein binding,98,48.249387755102035,1.0,true,1863,BRCA1,false,,,,,false,0.32653061224489793,kmerseek.hp_pbotc_1st_ed2_k19_lcFalse,spills,pLDDT < 70,2723
reseek,reseek,yeast,same_term,P54252,GO:0005515,193,361,193,360,P33328,25,115,0,91,0.3716,0.9940476190476191,1.0,0.9940476190476191,9,8,true,true,6,193,360,P33328,25,115,0,91,0.3716,0.9940476190476191,1.0,0.9940476190476191,score,,,,Reseek,report,report,protein binding,168,60.15678571428572,0.6369047619047619,true,361,ATXN3,false,0.1794871794871795,493,78,0.0759493670886076,false,0.5238095238095238,kmerseek.hp_pbotc_1st_ed2_k19_lcFalse,equal or higher IoU,pLDDT < 70,5150
reseek,reseek,yeast,same_term,P17096,GO:0005515,0,107,3,107,Q06696,79,335,176,205,0.2603,0.9719626168224299,1.0,0.9719626168224299,8,6,true,true,6,3,107,Q06696,79,335,176,205,0.2603,0.9719626168224299,1.0,0.9719626168224299,score,,,,Reseek,report,report,protein binding,107,65.0285046728972,1.0,true,107,HMGA1,false,1.0,682,24,0.2,false,0.4485981308411215,kmerseek.hp_pbotc_1st_ed2_k19_lcFalse,equal or higher IoU,pLDDT < 70,6039
reseek,reseek,yeast,same_term,Q9NR61,GO:0005515,552,685,568,682,P47047,3,116,3,17,0.3945,0.8571428571428571,1.0,0.8571428571428571,11,8,true,true,3,568,682,P47047,3,116,3,17,0.3945,0.8571428571428571,1.0,0.8571428571428571,score,,,,Reseek,report,report,protein binding,133,37.275263157894734,0.8195488721804511,true,685,DLL4,false,0.07342657342657342,189,96,0.14432989690721648,false,0.3383458646616541,kmerseek.hp_pbotc_1st_ed2_k19_lcFalse,equal or higher IoU,pLDDT < 70,4026
reseek,reseek,yeast,same_term,Q15109,GO:0060090,363,404,346,392,P09938,4,63,0,41,0.2263,0.5,0.6304347826086957,0.7073170731707317,2,2,true,false,0,,,,,,,,,,,,score,,,,Reseek,report,choose,molecular adaptor activity,41,61.53365853658537,1.0,true,404,AGER,false,,,,,false,0.975609756097561,kmerseek.hp_pbotc_1st_ed2_k19_lcFalse,"inside, lower IoU",pLDDT < 70,3869
reseek,reseek,yeast,same_term,Q13625,GO:0005515,692,918,424,907,P45976,13,323,79,195,0.0624,0.4352226720647773,0.4451345755693582,0.9513274336283186,21,12,false,false,0,,,,,,,,,,,,score,,,,Reseek,report,report,protein binding,226,41.467566371681414,1.0,true,1128,TP53BP2,false,,,,,false,0.3141592920353982,kmerseek.hp_pbotc_1st_ed2_k19_lcFalse,equal or higher IoU,pLDDT < 70,2438
reseek,reseek,yeast,same_term,P06454,GO:0005515,0,111,0,106,P40344,0,156,83,162,0.353,0.954954954954955,1.0,0.954954954954955,4,4,true,true,4,0,106,P40344,0,156,83,162,0.353,0.954954954954955,1.0,0.954954954954955,score,,,,Reseek,report,report,protein binding,111,58.376396396396395,1.0,true,111,PTMA,false,1.0,435,24,0.16,false,0.6846846846846847,kmerseek.hp_pbotc_1st_ed2_k19_lcFalse,equal or higher IoU,pLDDT < 70,6039
reseek,reseek,yeast,same_term,P45985,GO:0005515,11,86,0,78,P01097,0,45,27,50,0.44,0.7790697674418605,0.8589743589743589,0.8933333333333333,10,7,true,true,1,0,78,P01097,0,45,27,50,0.44,0.7790697674418605,0.8589743589743589,0.8933333333333333,score,,,,Reseek,report,report,protein binding,75,35.12146666666667,0.6933333333333334,true,399,MAP2K4,false,0.07453416149068323,825,98,0.32323232323232326,false,0.3125,kmerseek.hp_pbotc_1st_ed2_k19_lcFalse,equal or higher IoU,pLDDT < 70,4523
reseek,reseek,yeast,any_term,P08621,GO:0005515,183,437,138,437,P47110,14,350,336,345,0.4593,0.8494983277591973,0.8494983277591973,1.0,34,20,true,true,5,138,437,P47110,14,350,336,345,0.4593,0.8494983277591973,0.8494983277591973,1.0,score,,,,Reseek,report,report,protein binding,254,57.51622047244095,1.0,true,437,SNRNP70,false,0.1079136690647482,83,117,0.01694915254237288,false,0.7559055118110236,kmerseek.hp_pbotc_1st_ed2_k19_lcFalse,equal or higher IoU,pLDDT < 70,5311
reseek,reseek,yeast,any_term,O15234,GO:0005654,136,283,7,322,P47047,0,388,3,17,0.1198,0.4666666666666667,0.4666666666666667,1.0,57,23,false,false,0,,,,,,,,,,,,score,,,,Reseek,report,report,nucleoplasm,147,70.22795918367348,1.0,true,703,CASC3,false,,,,,false,0.30612244897959184,kmerseek.hp_pbotc_1st_ed2_k19_lcFalse,equal or higher IoU,pLDDT >= 70,4724
reseek,reseek,yeast,any_term,O15234,GO:0005515,136,283,7,322,P47047,0,388,3,17,0.1198,0.4666666666666667,0.4666666666666667,1.0,57,23,false,false,0,,,,,,,,,,,,score,,,,Reseek,report,report,protein binding,147,70.22795918367348,1.0,true,703,CASC3,false,,,,,false,0.30612244897959184,kmerseek.hp_pbotc_1st_ed2_k19_lcFalse,equal or higher IoU,pLDDT >= 70,4724
reseek,reseek,yeast,any_term,Q8IYB3,GO:0051179,350,688,372,702,Q04660,3,570,534,570,0.0149,0.8977272727272727,0.9575757575757575,0.9349112426035503,53,21,true,true,3,372,702,Q04660,3,570,534,570,0.0149,0.8977272727272727,0.9575757575757575,0.9349112426035503,score,,,,Reseek,report,report,localization,338,45.27742603550296,1.0,true,904,SRRM1,false,0.24521739130434783,699,81,0.6829268292682927,false,0.3136094674556213,kmerseek.hp_pbotc_1st_ed2_k19_lcFalse,equal or higher IoU,pLDDT < 70,2604
reseek,reseek,yeast,any_term,P08621,GO:0005515,229,306,224,310,P31109,3,93,0,93,0.4005,0.8953488372093024,0.8953488372093024,1.0,34,20,true,true,2,224,310,P31109,3,93,0,93,0.4005,0.8953488372093024,0.8953488372093024,1.0,score,,,,Reseek,report,report,protein binding,77,57.88142857142857,1.0,true,437,SNRNP70,false,0.07386363636363637,199,117,0.01694915254237288,false,0.9506172839506173,kmerseek.hp_pbotc_1st_ed2_k19_lcFalse,"inside, lower IoU",pLDDT < 70,4241
reseek,reseek,yeast,any_term,P11387,GO:0008301,0,174,0,223,Q06810,0,357,324,339,0.3536,0.7802690582959642,0.7802690582959642,1.0,44,27,true,false,0,,,,,,,,,,,,score,,,,Reseek,report,report,"DNA binding, bending",174,36.0332183908046,1.0,true,765,TOP1,false,,,,,false,0.7068965517241379,kmerseek.hp_pbotc_1st_ed2_k19_lcFalse,equal or higher IoU,pLDDT < 70,2978
reseek,reseek,yeast,any_term,P06748,GO:0019843,119,243,132,243,P47047,3,102,5,11,0.3888,0.8951612903225806,1.0,0.8951612903225806,35,20,true,true,2,132,243,P47047,3,102,0,20,0.3888,0.8951612903225806,1.0,0.8951612903225806,score,,,,Reseek,report,report,rRNA binding,124,49.47032258064516,1.0,true,294,NPM1,false,0.31521739130434784,290,52,0.09433962264150944,false,0.717741935483871,kmerseek.hp_pbotc_1st_ed2_k19_lcFalse,equal or higher IoU,pLDDT < 70,5056
reseek,reseek,yeast,any_term,Q13625,GO:0005515,709,904,424,907,P45976,13,323,79,195,0.0624,0.40372670807453415,0.40372670807453415,1.0,58,23,false,false,0,,,,,,,,,,,,score,,,,Reseek,report,report,protein binding,195,41.278564102564104,1.0,true,1128,TP53BP2,false,,,,,false,0.3641025641025641,kmerseek.hp_pbotc_1st_ed2_k19_lcFalse,equal or higher IoU,pLDDT < 70,2233
reseek,reseek,yeast,any_term,P21815,GO:0005515,0,317,0,317,Q06628,1,738,570,700,0.1607,1.0,1.0,1.0,47,18,true,true,18,0,317,Q06628,1,738,570,700,0.1607,1.0,1.0,1.0,score,,,,Reseek,report,report,protein binding,317,49.88529968454259,0.9968454258675079,true,317,IBSP,false,1.0,863,58,0.03389830508474576,false,0.334384858044164,kmerseek.hp_pbotc_1st_ed2_k19_lcFalse,equal or higher IoU,pLDDT < 70,6039
reseek,reseek,yeast,any_term,P13861,IDPO:0000033,43,90,7,75,P53853,189,261,225,264,0.3834,0.3855421686746988,0.47058823529411764,0.6808510638297872,16,10,false,false,0,,,,,,,,,,,,score,,,,Reseek,report,report,flexible linker,47,41.47468085106383,0.9787234042553191,true,404,PRKAR2A,false,,,,,false,0.5957446808510638,kmerseek.hp_pbotc_1st_ed2_k19_lcFalse,spills,pLDDT < 70,4709
reseek,reseek,yeast,any_term,O15234,GO:0003727,136,283,7,322,P47047,0,388,0,20,0.1198,0.4666666666666667,0.4666666666666667,1.0,57,23,false,false,0,,,,,,,,,,,,score,,,,Reseek,report,report,single-stranded RNA binding,147,70.22795918367348,1.0,true,703,CASC3,false,,,,,false,0.30612244897959184,kmerseek.hp_pbotc_1st_ed2_k19_lcFalse,equal or higher IoU,pLDDT >= 70,4724
reseek,reseek,yeast,any_term,P38398,GO:0005515,1342,1440,1153,1471,Q07528,3,535,0,160,0.002,0.3081761006289308,0.3081761006289308,1.0,54,21,false,false,0,,,,,,,,,,,,score,,,,Reseek,report,report,protein binding,98,48.249387755102035,1.0,true,1863,BRCA1,false,,,,,false,0.32653061224489793,kmerseek.hp_pbotc_1st_ed2_k19_lcFalse,spills,pLDDT < 70,2723
reseek,reseek,yeast,any_term,Q9UBT3,IDPO:0000033,93,140,94,132,P00127,27,66,0,72,0.311,0.8085106382978723,1.0,0.8085106382978723,13,9,true,true,1,94,132,P00127,27,66,0,72,0.311,0.8085106382978723,1.0,0.8085106382978723,score,,,,Reseek,report,report,flexible linker,47,49.87978723404255,0.8723404255319149,true,224,DKK4,false,0.12834224598930483,724,52,0.24528301886792453,false,0.8103448275862069,kmerseek.hp_pbotc_1st_ed2_k19_lcFalse,"inside, lower IoU",pLDDT < 70,4545
reseek,reseek,yeast,any_term,Q7RTP6,GO:0005515,1734,1918,1266,1975,P47047,2,1059,0,20,0.0413,0.25952045133991536,0.25952045133991536,1.0,52,20,false,false,0,,,,,,,,,,,,score,,,,Reseek,report,report,protein binding,184,58.91625,0.6304347826086957,true,2002,MICAL3,false,,,,,false,0.358695652173913,kmerseek.hp_pbotc_1st_ed2_k19_lcFalse,spills,pLDDT < 70,2409
reseek,reseek,yeast,any_term,Q92945,GO:0044183,129,218,3,387,P36106,157,594,133,232,0.1639,0.23177083333333334,0.23177083333333334,1.0,42,23,false,false,0,,,,,,,,,,,,score,,,,Reseek,report,report,protein folding chaperone,89,80.71460674157304,0.6853932584269663,true,711,KHSRP,false,,,,,false,0.5730337078651685,kmerseek.hp_pbotc_1st_ed2_k19_lcFalse,spills,pLDDT >= 70,4203
reseek,reseek,yeast,any_term,P54252,GO:0005515,193,361,193,360,P33328,25,115,0,91,0.3716,0.9940476190476191,1.0,0.9940476190476191,21,11,true,true,7,193,360,P33328,25,115,0,91,0.3716,0.9940476190476191,1.0,0.9940476190476191,score,,,,Reseek,report,report,protein binding,168,60.15678571428572,0.6369047619047619,true,361,ATXN3,false,0.1794871794871795,493,78,0.0759493670886076,false,0.5238095238095238,kmerseek.hp_pbotc_1st_ed2_k19_lcFalse,equal or higher IoU,pLDDT < 70,5150
reseek,reseek,yeast,any_term,P17096,GO:0005515,0,107,0,107,P53927,0,79,0,80,0.2652,1.0,1.0,1.0,16,9,true,true,9,0,107,P53927,0,79,0,80,0.2652,1.0,1.0,1.0,score,,,,Reseek,report,report,protein binding,107,65.0285046728972,1.0,true,107,HMGA1,false,1.0,623,24,0.28,false,0.4485981308411215,kmerseek.hp_pbotc_1st_ed2_k19_lcFalse,equal or higher IoU,pLDDT < 70,6039
reseek,reseek,yeast,any_term,P04637,GO:0005515,366,386,146,392,P53853,82,263,225,264,0.2691,0.08130081300813008,0.08130081300813008,1.0,20,13,false,false,0,,,,,,,,,,,,score,,,,Reseek,report,report,protein binding,20,42.475,1.0,true,393,TP53,false,,,,,false,0.8695652173913043,kmerseek.hp_pbotc_1st_ed2_k19_lcFalse,spills,pLDDT < 70,2414
reseek,reseek,yeast,any_term,P17096,GO:0060090,0,107,0,107,P53927,0,79,0,80,0.2652,1.0,1.0,1.0,16,9,true,true,9,0,107,P53927,0,79,0,80,0.2652,1.0,1.0,1.0,score,,,,Reseek,report,choose,molecular adaptor activity,107,65.0285046728972,1.0,true,107,HMGA1,false,1.0,623,24,0.28,false,0.4485981308411215,kmerseek.hp_pbotc_1st_ed2_k19_lcFalse,equal or higher IoU,pLDDT < 70,6039
reseek,reseek,yeast,any_term,Q13188,IDPO:0000033,313,427,322,490,P03069,6,281,100,134,0.4526,0.5932203389830508,0.625,0.9210526315789473,28,18,true,false,0,,,,,,,,,,,,score,,,,Reseek,report,report,flexible linker,114,37.32631578947368,1.0,true,491,STK3,false,,,,,false,0.5087719298245614,kmerseek.hp_pbotc_1st_ed2_k19_lcFalse,equal or higher IoU,pLDDT < 70,4463
reseek,reseek,yeast,any_term,P38936,GO:0005515,138,160,91,164,P53927,4,80,0,80,0.4322,0.3013698630136986,0.3013698630136986,1.0,14,8,false,false,0,,,,,,,,,,,,score,,,,Reseek,report,report,protein binding,22,66.16863636363637,1.0,true,164,CDKN1A,false,,,,,false,0.6153846153846154,kmerseek.hp_pbotc_1st_ed2_k19_lcFalse,spills,pLDDT < 70,2970
reseek,reseek,yeast,any_term,P04637,GO:0005515,365,386,146,392,P53853,82,263,225,264,0.2691,0.08536585365853659,0.08536585365853659,1.0,20,13,false,false,0,,,,,,,,,,,,score,,,,Reseek,report,report,protein binding,21,42.240952380952386,1.0,true,393,TP53,false,,,,,false,0.8333333333333334,kmerseek.hp_pbotc_1st_ed2_k19_lcFalse,spills,pLDDT < 70,2466
reseek,reseek,yeast,any_term,P42226,GO:0005515,782,814,662,813,Q07528,3,176,0,160,0.4871,0.20394736842105263,0.2052980132450331,0.96875,31,18,false,false,0,,,,,,,,,,,,score,,,,Reseek,report,report,protein binding,32,40.1121875,1.0,true,847,STAT6,false,,,,,false,0.8,kmerseek.hp_pbotc_1st_ed2_k19_lcFalse,spills,pLDDT < 70,2459
reseek,reseek,yeast,any_term,Q9NR61,GO:0005515,552,685,568,682,P47047,3,116,5,11,0.3945,0.8571428571428571,1.0,0.8571428571428571,25,16,true,true,4,568,682,P47047,3,116,5,11,0.3945,0.8571428571428571,1.0,0.8571428571428571,score,,,,Reseek,report,report,protein binding,133,37.275263157894734,0.8195488721804511,true,685,DLL4,false,0.07342657342657342,189,96,0.14432989690721648,false,0.3383458646616541,kmerseek.hp_pbotc_1st_ed2_k19_lcFalse,equal or higher IoU,pLDDT < 70,4026
reseek,reseek,yeast,any_term,P17096,GO:0003723,0,107,0,107,P53927,0,79,0,80,0.2652,1.0,1.0,1.0,16,9,true,true,9,0,107,P53927,0,79,0,80,0.2652,1.0,1.0,1.0,score,,,,Reseek,report,choose,RNA binding,107,65.0285046728972,1.0,true,107,HMGA1,false,1.0,623,24,0.28,false,0.4485981308411215,kmerseek.hp_pbotc_1st_ed2_k19_lcFalse,equal or higher IoU,pLDDT < 70,6039
reseek,reseek,yeast,any_term,Q7RTP6,GO:0051179,1734,1918,1266,1975,P47047,2,1059,0,20,0.0413,0.25952045133991536,0.25952045133991536,1.0,52,20,false,false,0,,,,,,,,,,,,score,,,,Reseek,report,report,localization,184,58.91625,0.6304347826086957,true,2002,MICAL3,false,,,,,false,0.358695652173913,kmerseek.hp_pbotc_1st_ed2_k19_lcFalse,spills,pLDDT < 70,2409
reseek,reseek,yeast,any_term,O60927,GO:0019902,0,126,0,126,P03069,0,232,100,134,0.3893,1.0,1.0,1.0,15,10,true,true,10,0,126,P03069,0,232,100,134,0.3893,1.0,1.0,1.0,score,,,,Reseek,report,choose,phosphatase binding,126,65.91150793650795,1.0,true,126,PPP1R11,false,1.0,468,26,0.18518518518518517,false,0.3888888888888889,kmerseek.hp_pbotc_1st_ed2_k19_lcFalse,equal or higher IoU,pLDDT < 70,6039
reseek,reseek,yeast,any_term,P11387,GO:0003677,0,174,0,223,Q06810,0,357,324,339,0.3536,0.7802690582959642,0.7802690582959642,1.0,44,27,true,false,0,,,,,,,,,,,,score,,,,Reseek,report,report,DNA binding,174,36.0332183908046,1.0,true,765,TOP1,false,,,,,false,0.7068965517241379,kmerseek.hp_pbotc_1st_ed2_k19_lcFalse,equal or higher IoU,pLDDT < 70,2978
reseek,reseek,yeast,any_term,P11387,GO:0140693,0,214,0,223,Q06810,0,357,324,339,0.3536,0.9596412556053812,0.9596412556053812,1.0,44,27,true,true,1,0,223,Q06810,0,357,324,339,0.3536,0.9596412556053812,0.9596412556053812,1.0,score,,,,Reseek,report,choose,molecular condensate scaffold activity,214,39.66168224299066,0.9392523364485982,true,765,TOP1,false,0.06629834254143646,609,100,0.12871287128712872,false,0.5747663551401869,kmerseek.hp_pbotc_1st_ed2_k19_lcFalse,equal or higher IoU,pLDDT < 70,3619
reseek,reseek,yeast,any_term,P06748,IDPO:0000059,119,188,124,258,P45976,3,240,79,195,0.4406,0.460431654676259,0.47761194029850745,0.927536231884058,35,20,true,false,0,,,,,,,,,,,,score,,,,Reseek,report,choose,self-inhibition,69,51.66550724637681,1.0,true,294,NPM1,false,,,,,false,0.9714285714285714,kmerseek.hp_pbotc_1st_ed2_k19_lcFalse,"inside, lower IoU",pLDDT < 70,3833
reseek,reseek,yeast,any_term,P04637,GO:0005515,366,388,146,392,P53853,82,263,225,264,0.2691,0.08943089430894309,0.08943089430894309,1.0,20,13,false,false,0,,,,,,,,,,,,score,,,,Reseek,report,report,protein binding,22,42.89954545454545,1.0,true,393,TP53,false,,,,,false,0.9565217391304348,kmerseek.hp_pbotc_1st_ed2_k19_lcFalse,spills,pLDDT < 70,2414
reseek,reseek,yeast,any_term,O15234,GO:1902280,136,283,7,322,P47047,0,388,0,20,0.1198,0.4666666666666667,0.4666666666666667,1.0,57,23,false,false,0,,,,,,,,,,,,score,,,,Reseek,report,choose,regulation of RNA helicase activity,147,70.22795918367348,1.0,true,703,CASC3,false,,,,,false,0.30612244897959184,kmerseek.hp_pbotc_1st_ed2_k19_lcFalse,equal or higher IoU,pLDDT >= 70,4724
reseek,reseek,yeast,any_term,P22626,GO:0140693,189,341,204,350,Q02199,24,230,0,260,0.2723,0.8509316770186336,0.9383561643835616,0.9013157894736842,29,16,true,true,5,204,350,Q02199,24,230,0,260,0.2723,0.8509316770186336,0.9383561643835616,0.9013157894736842,score,,,,Reseek,report,choose,molecular condensate scaffold activity,152,42.5653947368421,0.9736842105263158,true,353,HNRNPA2B1,false,0.23076923076923078,575,73,0.13513513513513514,false,0.4276315789473684,kmerseek.hp_pbotc_1st_ed2_k19_lcFalse,equal or higher IoU,pLDDT < 70,5045
reseek,reseek,yeast,any_term,P78504,IDPO:0000031,1093,1218,1098,1215,Q02199,10,159,0,260,0.1807,0.936,1.0,0.936,28,18,true,true,5,1098,1215,Q02199,10,159,0,260,0.1807,0.936,1.0,0.936,score,,,,Reseek,report,choose,flexible C-terminal tail,125,35.560480000000005,1.0,true,1218,JAG1,false,0.029038112522686024,831,40,0.6585365853658537,false,0.552,kmerseek.hp_pbotc_1st_ed2_k19_lcFalse,equal or higher IoU,pLDDT < 70,3930
reseek,reseek,yeast,any_term,Q13625,GO:0042803,692,918,424,907,P45976,13,323,79,195,0.0624,0.4352226720647773,0.4451345755693582,0.9513274336283186,58,23,false,false,0,,,,,,,,,,,,score,,,,Reseek,report,choose,protein homodimerization activity,226,41.467566371681414,1.0,true,1128,TP53BP2,false,,,,,false,0.3141592920353982,kmerseek.hp_pbotc_1st_ed2_k19_lcFalse,equal or higher IoU,pLDDT < 70,2438
reseek,reseek,yeast,any_term,O60829,GO:0003676,0,102,0,101,P36118,0,200,0,322,0.2424,0.9901960784313726,1.0,0.9901960784313726,18,9,true,true,9,0,101,P36118,0,200,0,322,0.2424,0.9901960784313726,1.0,0.9901960784313726,score,,,,Reseek,report,report,nucleic acid binding,102,62.933137254901965,1.0,true,102,PAGE4,false,1.0,421,20,0.19047619047619047,false,0.3137254901960784,kmerseek.hp_pbotc_1st_ed2_k19_lcFalse,equal or higher IoU,pLDDT < 70,6039
reseek,reseek,yeast,any_term,O60927,GO:0004864,0,126,0,126,P03069,0,232,100,134,0.3893,1.0,1.0,1.0,15,10,true,true,10,0,126,P03069,0,232,100,134,0.3893,1.0,1.0,1.0,score,,,,Reseek,report,report,protein phosphatase inhibitor activity,126,65.91150793650795,1.0,true,126,PPP1R11,false,1.0,468,26,0.18518518518518517,false,0.3888888888888889,kmerseek.hp_pbotc_1st_ed2_k19_lcFalse,equal or higher IoU,pLDDT < 70,6039
reseek,reseek,yeast,any_term,Q7RTP6,GO:0060090,1734,1918,1266,1975,P47047,2,1059,5,11,0.0413,0.25952045133991536,0.25952045133991536,1.0,52,20,false,false,0,,,,,,,,,,,,score,,,,Reseek,report,choose,molecular adaptor activity,184,58.91625,0.6304347826086957,true,2002,MICAL3,false,,,,,false,0.358695652173913,kmerseek.hp_pbotc_1st_ed2_k19_lcFalse,spills,pLDDT < 70,2409
reseek,reseek,yeast,any_term,Q13316,GO:0005509,217,513,108,494,P06701,215,464,215,549,0.0639,0.6839506172839506,0.7176165803108808,0.9358108108108109,53,19,true,true,1,214,364,P47047,0,117,3,17,0.0354,0.4916387959866221,0.98,0.4966216216216216,score,,,,Reseek,report,choose,calcium ion binding,296,46.08885135135135,1.0,true,513,DMP1,false,0.48626373626373626,608,105,0.5377358490566038,false,0.6993243243243243,kmerseek.hp_pbotc_1st_ed2_k19_lcFalse,"inside, lower IoU",pLDDT < 70,3213
reseek,reseek,yeast,any_term,Q15109,GO:0060090,363,404,346,392,P09938,4,63,0,41,0.2263,0.5,0.6304347826086957,0.7073170731707317,19,10,true,false,0,,,,,,,,,,,,score,,,,Reseek,report,choose,molecular adaptor activity,41,61.53365853658537,1.0,true,404,AGER,false,,,,,false,0.975609756097561,kmerseek.hp_pbotc_1st_ed2_k19_lcFalse,"inside, lower IoU",pLDDT < 70,3869
reseek,reseek,yeast,any_term,Q9NQI0,GO:0140693,0,236,0,247,Q06810,0,357,324,339,0.2151,0.9554655870445344,0.9554655870445344,1.0,58,25,true,true,6,0,247,Q06810,0,357,324,339,0.2151,0.9554655870445344,0.9554655870445344,1.0,score,,,,Reseek,report,choose,molecular condensate scaffold activity,236,35.59546610169492,1.0,true,724,DDX4,false,0.08158995815899582,980,102,0.33980582524271846,false,0.5933609958506224,kmerseek.hp_pbotc_1st_ed2_k19_lcFalse,equal or higher IoU,pLDDT < 70,3469
reseek,reseek,yeast,any_term,O60927,GO:0019902,13,126,0,126,P03069,0,232,100,134,0.3893,0.8968253968253969,0.8968253968253969,1.0,15,10,true,true,10,0,126,P03069,0,232,100,134,0.3893,0.8968253968253969,0.8968253968253969,1.0,score,,,,Reseek,report,choose,phosphatase binding,113,66.55,1.0,true,126,PPP1R11,false,1.0,468,26,0.18518518518518517,false,0.3728813559322034,kmerseek.hp_pbotc_1st_ed2_k19_lcFalse,equal or higher IoU,pLDDT < 70,5954
reseek,reseek,yeast,any_term,P38936,GO:0140311,138,160,91,164,P53927,4,80,0,80,0.4322,0.3013698630136986,0.3013698630136986,1.0,14,8,false,false,0,,,,,,,,,,,,score,,,,Reseek,report,report,protein sequestering activity,22,66.16863636363637,1.0,true,164,CDKN1A,false,,,,,false,0.6153846153846154,kmerseek.hp_pbotc_1st_ed2_k19_lcFalse,spills,pLDDT < 70,2970
reseek,reseek,yeast,any_term,P17096,GO:0140677,0,107,0,107,P53927,0,79,0,80,0.2652,1.0,1.0,1.0,16,9,true,true,9,0,107,P53927,0,79,0,80,0.2652,1.0,1.0,1.0,score,,,,Reseek,report,choose,molecular function activator activity,107,65.0285046728972,1.0,true,107,HMGA1,false,1.0,623,24,0.28,false,0.4485981308411215,kmerseek.hp_pbotc_1st_ed2_k19_lcFalse,equal or higher IoU,pLDDT < 70,6039
reseek,reseek,yeast,any_term,Q13625,GO:0005515,692,918,424,907,P45976,13,323,79,195,0.0624,0.4352226720647773,0.4451345755693582,0.9513274336283186,58,23,false,false,0,,,,,,,,,,,,score,,,,Reseek,report,report,protein binding,226,41.467566371681414,1.0,true,1128,TP53BP2,false,,,,,false,0.3141592920353982,kmerseek.hp_pbotc_1st_ed2_k19_lcFalse,equal or higher IoU,pLDDT < 70,2438
reseek,reseek,yeast,any_term,Q13316,GO:0005509,16,217,44,313,Q07528,3,170,0,160,0.0346,0.5824915824915825,0.6431226765799256,0.8606965174129353,53,19,true,false,0,,,,,,,,,,,,score,,,,Reseek,report,choose,calcium ion binding,201,47.5302487562189,1.0,true,513,DMP1,false,,,,,false,0.3283582089552239,kmerseek.hp_pbotc_1st_ed2_k19_lcFalse,equal or higher IoU,pLDDT < 70,3749
reseek,reseek,yeast,any_term,P06454,GO:0042393,0,111,0,111,Q12476,0,344,146,159,0.3167,1.0,1.0,1.0,10,8,true,true,7,0,111,Q12476,0,344,146,159,0.3167,1.0,1.0,1.0,score,,,,Reseek,report,report,histone binding,111,58.376396396396395,1.0,true,111,PTMA,false,1.0,927,24,0.16,false,0.7027027027027027,kmerseek.hp_pbotc_1st_ed2_k19_lcFalse,equal or higher IoU,pLDDT < 70,6039
reseek,reseek,yeast,any_term,P17096,GO:0003677,0,107,0,107,P53927,0,79,0,80,0.2652,1.0,1.0,1.0,16,9,true,true,9,0,107,P53927,0,79,0,80,0.2652,1.0,1.0,1.0,score,,,,Reseek,report,report,DNA binding,107,65.0285046728972,1.0,true,107,HMGA1,false,1.0,623,24,0.28,false,0.4485981308411215,kmerseek.hp_pbotc_1st_ed2_k19_lcFalse,equal or higher IoU,pLDDT < 70,6039
reseek,reseek,yeast,any_term,P06454,GO:0005515,0,111,0,111,Q12476,0,344,146,159,0.3167,1.0,1.0,1.0,10,8,true,true,7,0,111,Q12476,0,344,146,159,0.3167,1.0,1.0,1.0,score,,,,Reseek,report,report,protein binding,111,58.376396396396395,1.0,true,111,PTMA,false,1.0,927,24,0.16,false,0.7027027027027027,kmerseek.hp_pbotc_1st_ed2_k19_lcFalse,equal or higher IoU,pLDDT < 70,6039
reseek,reseek,yeast,any_term,P45985,GO:0005515,11,86,0,78,P01097,0,45,27,50,0.44,0.7790697674418605,0.8589743589743589,0.8933333333333333,26,16,true,true,1,0,78,P01097,0,45,27,50,0.44,0.7790697674418605,0.8589743589743589,0.8933333333333333,score,,,,Reseek,report,report,protein binding,75,35.12146666666667,0.6933333333333334,true,399,MAP2K4,false,0.07453416149068323,825,98,0.32323232323232326,false,0.3125,kmerseek.hp_pbotc_1st_ed2_k19_lcFalse,equal or higher IoU,pLDDT < 70,4523
reseek,reseek,yeast,any_term,P04637,GO:0140677,366,386,146,392,P53853,82,263,225,264,0.2691,0.08130081300813008,0.08130081300813008,1.0,20,13,false,false,0,,,,,,,,,,,,score,,,,Reseek,report,choose,molecular function activator activity,20,42.475,1.0,true,393,TP53,false,,,,,false,0.8695652173913043,kmerseek.hp_pbotc_1st_ed2_k19_lcFalse,spills,pLDDT < 70,2414
reseek,reseek,yeast,any_term,P06454,GO:0005509,14,110,0,111,Q12476,0,344,146,159,0.3167,0.8648648648648649,0.8648648648648649,1.0,10,8,true,true,7,0,111,Q12476,0,344,146,159,0.3167,0.8648648648648649,0.8648648648648649,1.0,score,,,,Reseek,report,choose,calcium ion binding,96,58.15270833333333,1.0,true,111,PTMA,false,1.0,927,24,0.16,false,0.7938144329896907,kmerseek.hp_pbotc_1st_ed2_k19_lcFalse,equal or higher IoU,pLDDT < 70,5882
reseek,reseek,yeast,any_term,P21815,GO:0036094,0,317,0,317,Q06628,1,738,570,700,0.1607,1.0,1.0,1.0,47,18,true,true,18,0,317,Q06628,1,738,358,389,0.1607,1.0,1.0,1.0,score,,,,Reseek,report,choose,small molecule binding,317,49.88529968454259,0.9968454258675079,true,317,IBSP,false,1.0,863,58,0.03389830508474576,false,0.334384858044164,kmerseek.hp_pbotc_1st_ed2_k19_lcFalse,equal or higher IoU,pLDDT < 70,6039
reseek,reseek,yeast,any_term,P17096,GO:0003713,0,107,0,107,P53927,0,79,0,80,0.2652,1.0,1.0,1.0,16,9,true,true,9,0,107,P53927,0,79,0,80,0.2652,1.0,1.0,1.0,score,,,,Reseek,report,choose,transcription coactivator activity,107,65.0285046728972,1.0,true,107,HMGA1,false,1.0,623,24,0.28,false,0.4485981308411215,kmerseek.hp_pbotc_1st_ed2_k19_lcFalse,equal or higher IoU,pLDDT < 70,6039
reseek,reseek,yeast,any_term,Q8TEA8,GO:0003677,151,209,157,206,P00127,11,61,0,72,0.5096,0.8448275862068966,1.0,0.8448275862068966,13,9,true,true,1,157,206,P00127,11,61,0,72,0.5096,0.8448275862068966,1.0,0.8448275862068966,score,,,,Reseek,report,report,DNA binding,58,55.74206896551724,1.0,true,209,DTD1,false,0.11801242236024845,154,51,0.057692307692307696,false,0.890625,kmerseek.hp_pbotc_1st_ed2_k19_lcFalse,"inside, lower IoU",pLDDT < 70,5138
reseek,reseek,yeast,any_term,P06748,GO:0042803,119,188,124,258,P45976,3,240,79,195,0.4406,0.460431654676259,0.47761194029850745,0.927536231884058,35,20,true,false,0,,,,,,,,,,,,score,,,,Reseek,report,choose,protein homodimerization activity,69,51.66550724637681,1.0,true,294,NPM1,false,,,,,false,0.9714285714285714,kmerseek.hp_pbotc_1st_ed2_k19_lcFalse,"inside, lower IoU",pLDDT < 70,3833
