table,accession,target
human_vs_arabidopsis.gbmr4.k16.lctrue.regions.parquet,O75496,Q7XJK5
human_vs_arabidopsis.gbmr4.k16.lctrue.regions.parquet,P14373,F4IJK1
human_vs_arabidopsis.gbmr4.k16.lctrue.regions.parquet,P14373,Q8S8Y8
human_vs_arabidopsis.gbmr4.k16.lctrue.regions.parquet,P55196,Q6IWA9
human_vs_arabidopsis.gbmr4.k16.lctrue.regions.parquet,P55196,Q9SGH2
human_vs_arabidopsis.gbmr4.k16.lctrue.regions.parquet,P78410,Q940U6
human_vs_arabidopsis.gbmr4.k16.lctrue.regions.parquet,Q12899,Q9LMC8
human_vs_arabidopsis.gbmr4.k16.lctrue.regions.parquet,Q14244,Q9SGH2
human_vs_arabidopsis.gbmr4.k16.lctrue.regions.parquet,Q16890,Q9FNY3
human_vs_arabidopsis.gbmr4.k16.lctrue.regions.parquet,Q5SW24,Q9LJB5
human_vs_arabidopsis.gbmr4.k16.lctrue.regions.parquet,Q5TB80,Q9ZUL5
human_vs_arabidopsis.gbmr4.k16.lctrue.regions.parquet,Q5TCS8,Q944A9
human_vs_arabidopsis.gbmr4.k16.lctrue.regions.parquet,Q5VUA4,O48538
human_vs_arabidopsis.gbmr4.k16.lctrue.regions.parquet,Q5VZK9,Q5XVC7
human_vs_arabidopsis.gbmr4.k16.lctrue.regions.parquet,Q6P9F5,F4I2J8
human_vs_arabidopsis.gbmr4.k16.lctrue.regions.parquet,Q6ZMV9,Q0WQE7
human_vs_arabidopsis.gbmr4.k16.lctrue.regions.parquet,Q6ZMV9,Q9XIF0
human_vs_arabidopsis.gbmr4.k16.lctrue.regions.parquet,Q86T65,Q9SYX2
human_vs_arabidopsis.gbmr4.k16.lctrue.regions.parquet,Q86UC2,O22800
human_vs_arabidopsis.gbmr4.k16.lctrue.regions.parquet,Q8IWP9,Q9SCS8
human_vs_arabidopsis.gbmr4.k16.lctrue.regions.parquet,Q8IYT3,O22040
human_vs_arabidopsis.gbmr4.k16.lctrue.regions.parquet,Q8N1B4,B3H6Z8
human_vs_arabidopsis.gbmr4.k16.lctrue.regions.parquet,Q8N3L3,Q9SJ40
human_vs_arabidopsis.gbmr4.k16.lctrue.regions.parquet,Q8TDH9,Q9LYU4
human_vs_arabidopsis.gbmr4.k16.lctrue.regions.parquet,Q96D71,Q9SRV7
human_vs_arabidopsis.gbmr4.k16.lctrue.regions.parquet,Q96JB1,O64471
human_vs_arabidopsis.gbmr4.k16.lctrue.regions.parquet,Q99459,P92948
human_vs_arabidopsis.gbmr4.k16.lctrue.regions.parquet,Q99459,Q9LJ98
human_vs_arabidopsis.gbmr4.k16.lctrue.regions.parquet,Q99944,Q94AF7
human_vs_arabidopsis.gbmr4.k16.lctrue.regions.parquet,Q9BZY9,F4IN32
human_vs_arabidopsis.gbmr4.k16.lctrue.regions.parquet,Q9H1H9,Q7XA66
human_vs_arabidopsis.gbmr4.k16.lctrue.regions.parquet,Q9H1H9,Q9FGW9
human_vs_arabidopsis.gbmr4.k16.lctrue.regions.parquet,Q9UDY6,O81045
human_vs_arabidopsis.gbmr4.k16.lctrue.regions.parquet,Q9UGP8,Q9LSS5
human_vs_arabidopsis.gbmr4.k16.lctrue.regions.parquet,Q9UMY1,Q9LU47
human_vs_arabidopsis.gbmr4.k16.lctrue.regions.parquet,Q9Y4F9,F4JTJ9
human_vs_arabidopsis.gbmr4.k16.lctrue.regions.parquet,Q9Y4F9,O22040
human_vs_arabidopsis.gbmr4.k16.lctrue.regions.parquet,Q9Y5K6,Q8H116
human_vs_arabidopsis.hp_kyte_doolittle2.k19.lctrue.regions.parquet,A2RRH5,C0LGQ5
human_vs_arabidopsis.hp_kyte_doolittle2.k19.lctrue.regions.parquet,A2RRH5,Q3ECK2
human_vs_arabidopsis.hp_kyte_doolittle2.k19.lctrue.regions.parquet,A2RRH5,Q8GUP1
human_vs_arabidopsis.hp_kyte_doolittle2.k19.lctrue.regions.parquet,A2RRH5,Q9C7V5
human_vs_arabidopsis.hp_kyte_doolittle2.k19.lctrue.regions.parquet,A2RRH5,Q9FRI5
human_vs_arabidopsis.hp_kyte_doolittle2.k19.lctrue.regions.parquet,A2RRH5,Q9LXJ6
human_vs_arabidopsis.hp_kyte_doolittle2.k19.lctrue.regions.parquet,A2RRH5,Q9LYZ9
human_vs_arabidopsis.hp_kyte_doolittle2.k19.lctrue.regions.parquet,A2RRH5,Q9M9X0
human_vs_arabidopsis.hp_kyte_doolittle2.k19.lctrue.regions.parquet,A2RRH5,Q9S9U3
human_vs_arabidopsis.hp_kyte_doolittle2.k19.lctrue.regions.parquet,A2RRH5,Q9SHI2
human_vs_arabidopsis.hp_kyte_doolittle2.k19.lctrue.regions.parquet,A2RRH5,Q9SR01
human_vs_arabidopsis.hp_kyte_doolittle2.k19.lctrue.regions.parquet,O60508,O49558
human_vs_arabidopsis.hp_kyte_doolittle2.k19.lctrue.regions.parquet,O60508,Q9FLX9
human_vs_arabidopsis.hp_kyte_doolittle2.k19.lctrue.regions.parquet,O60508,Q9FND7
human_vs_arabidopsis.hp_kyte_doolittle2.k19.lctrue.regions.parquet,O60508,Q9FUY2
human_vs_arabidopsis.hp_kyte_doolittle2.k19.lctrue.regions.parquet,O60508,Q9LXN4
human_vs_arabidopsis.hp_kyte_doolittle2.k19.lctrue.regions.parquet,O75167,Q9LW63
human_vs_arabidopsis.hp_kyte_doolittle2.k19.lctrue.regions.parquet,P08F94,Q8GZ99
human_vs_arabidopsis.hp_kyte_doolittle2.k19.lctrue.regions.parquet,P08F94,Q9C6S6
human_vs_arabidopsis.hp_kyte_doolittle2.k19.lctrue.regions.parquet,P08F94,Q9LV26
human_vs_arabidopsis.hp_kyte_doolittle2.k19.lctrue.regions.parquet,P08F94,Q9SY07
human_vs_arabidopsis.hp_kyte_doolittle2.k19.lctrue.regions.parquet,P10242,O04192
human_vs_arabidopsis.hp_kyte_doolittle2.k19.lctrue.regions.parquet,P10242,Q6R032
human_vs_arabidopsis.hp_kyte_doolittle2.k19.lctrue.regions.parquet,P10242,Q8L7L8
human_vs_arabidopsis.hp_kyte_doolittle2.k19.lctrue.regions.parquet,P48634,O22607
human_vs_arabidopsis.hp_kyte_doolittle2.k19.lctrue.regions.parquet,P48634,O64766
human_vs_arabidopsis.hp_kyte_doolittle2.k19.lctrue.regions.parquet,P48634,Q8LPS6
human_vs_arabidopsis.hp_kyte_doolittle2.k19.lctrue.regions.parquet,P48634,Q93VR9
human_vs_arabidopsis.hp_kyte_doolittle2.k19.lctrue.regions.parquet,P48634,Q9FJ57
human_vs_arabidopsis.hp_kyte_doolittle2.k19.lctrue.regions.parquet,P48634,Q9M1K2
human_vs_arabidopsis.hp_kyte_doolittle2.k19.lctrue.regions.parquet,P48634,Q9S7Q2
human_vs_arabidopsis.hp_kyte_doolittle2.k19.lctrue.regions.parquet,P48634,Q9ZSJ6
human_vs_arabidopsis.hp_kyte_doolittle2.k19.lctrue.regions.parquet,P80108,O65567
human_vs_arabidopsis.hp_kyte_doolittle2.k19.lctrue.regions.parquet,P80108,P0C8Q6
human_vs_arabidopsis.hp_kyte_doolittle2.k19.lctrue.regions.parquet,P80108,Q949Z1
human_vs_arabidopsis.hp_kyte_doolittle2.k19.lctrue.regions.parquet,P80108,Q9FFV5
human_vs_arabidopsis.hp_kyte_doolittle2.k19.lctrue.regions.parquet,P80108,Q9FXH1
human_vs_arabidopsis.hp_kyte_doolittle2.k19.lctrue.regions.parquet,P80108,Q9LP03
human_vs_arabidopsis.hp_kyte_doolittle2.k19.lctrue.regions.parquet,Q13451,Q9FX35
human_vs_arabidopsis.hp_kyte_doolittle2.k19.lctrue.regions.parquet,Q13451,Q9LYZ9
human_vs_arabidopsis.hp_kyte_doolittle2.k19.lctrue.regions.parquet,Q13641,Q2QAV0
human_vs_arabidopsis.hp_kyte_doolittle2.k19.lctrue.regions.parquet,Q13641,Q9LES9
human_vs_arabidopsis.hp_kyte_doolittle2.k19.lctrue.regions.parquet,Q13641,Q9LSJ3
human_vs_arabidopsis.hp_kyte_doolittle2.k19.lctrue.regions.parquet,Q13641,Q9ZVR7
human_vs_arabidopsis.hp_kyte_doolittle2.k19.lctrue.regions.parquet,Q5T5C0,F4HTV4
human_vs_arabidopsis.hp_kyte_doolittle2.k19.lctrue.regions.parquet,Q5T5C0,Q9C701
human_vs_arabidopsis.hp_kyte_doolittle2.k19.lctrue.regions.parquet,Q5T5C0,Q9C8L6
human_vs_arabidopsis.hp_kyte_doolittle2.k19.lctrue.regions.parquet,Q5T5C0,Q9FNN2
human_vs_arabidopsis.hp_kyte_doolittle2.k19.lctrue.regions.parquet,Q5T5C0,Q9FNN9
human_vs_arabidopsis.hp_kyte_doolittle2.k19.lctrue.regions.parquet,Q5T5C0,Q9FY48
human_vs_arabidopsis.hp_kyte_doolittle2.k19.lctrue.regions.parquet,Q5T5C0,Q9LVA2
human_vs_arabidopsis.hp_kyte_doolittle2.k19.lctrue.regions.parquet,Q5T5C0,Q9SY00
human_vs_arabidopsis.hp_kyte_doolittle2.k19.lctrue.regions.parquet,Q5T9G4,P0DN95
human_vs_arabidopsis.hp_kyte_doolittle2.k19.lctrue.regions.parquet,Q5T9G4,Q9T041
human_vs_arabidopsis.hp_kyte_doolittle2.k19.lctrue.regions.parquet,Q5T9G4,Q9ZUT5
human_vs_arabidopsis.hp_kyte_doolittle2.k19.lctrue.regions.parquet,Q5VZK9,O04316
human_vs_arabidopsis.hp_kyte_doolittle2.k19.lctrue.regions.parquet,Q5VZK9,Q6Q4D0
human_vs_arabidopsis.hp_kyte_doolittle2.k19.lctrue.regions.parquet,Q5VZK9,Q8L850
human_vs_arabidopsis.hp_kyte_doolittle2.k19.lctrue.regions.parquet,Q5VZK9,Q9FY48
human_vs_arabidopsis.hp_kyte_doolittle2.k19.lctrue.regions.parquet,Q5VZK9,Q9LP77
human_vs_arabidopsis.hp_kyte_doolittle2.k19.lctrue.regions.parquet,Q5VZK9,Q9LSI9
human_vs_arabidopsis.hp_kyte_doolittle2.k19.lctrue.regions.parquet,Q5VZK9,Q9M1Y3
human_vs_arabidopsis.hp_kyte_doolittle2.k19.lctrue.regions.parquet,Q5VZK9,Q9M651
human_vs_arabidopsis.hp_kyte_doolittle2.k19.lctrue.regions.parquet,Q5VZK9,Q9SD62
human_vs_arabidopsis.hp_kyte_doolittle2.k19.lctrue.regions.parquet,Q6VVB1,F4I1S7
human_vs_arabidopsis.hp_kyte_doolittle2.k19.lctrue.regions.parquet,Q6VVB1,O81644
human_vs_arabidopsis.hp_kyte_doolittle2.k19.lctrue.regions.parquet,Q6VVB1,Q8S8Q9
human_vs_arabidopsis.hp_kyte_doolittle2.k19.lctrue.regions.parquet,Q6VVB1,Q9LFI1
human_vs_arabidopsis.hp_kyte_doolittle2.k19.lctrue.regions.parquet,Q6VVB1,Q9M2Z2
human_vs_arabidopsis.hp_kyte_doolittle2.k19.lctrue.regions.parquet,Q6VVB1,Q9SJT9
human_vs_arabidopsis.hp_kyte_doolittle2.k19.lctrue.regions.parquet,Q8N157,F4IG73
human_vs_arabidopsis.hp_kyte_doolittle2.k19.lctrue.regions.parquet,Q8N157,F4IH25
human_vs_arabidopsis.hp_kyte_doolittle2.k19.lctrue.regions.parquet,Q8N157,Q94BQ3
human_vs_arabidopsis.hp_kyte_doolittle2.k19.lctrue.regions.parquet,Q8N157,Q9C866
human_vs_arabidopsis.hp_kyte_doolittle2.k19.lctrue.regions.parquet,Q8N157,Q9XID2
human_vs_arabidopsis.hp_kyte_doolittle2.k19.lctrue.regions.parquet,Q8NF91,O48788
human_vs_arabidopsis.hp_kyte_doolittle2.k19.lctrue.regions.parquet,Q8NF91,Q5D869
human_vs_arabidopsis.hp_kyte_doolittle2.k19.lctrue.regions.parquet,Q8NF91,Q9SI85
human_vs_arabidopsis.hp_kyte_doolittle2.k19.lctrue.regions.parquet,Q96KQ7,C0LGW2
human_vs_arabidopsis.hp_kyte_doolittle2.k19.lctrue.regions.parquet,Q96KQ7,P0C894
human_vs_arabidopsis.hp_kyte_doolittle2.k19.lctrue.regions.parquet,Q96KQ7,Q38898
human_vs_arabidopsis.hp_kyte_doolittle2.k19.lctrue.regions.parquet,Q96KQ7,Q84VG6
human_vs_arabidopsis.hp_kyte_doolittle2.k19.lctrue.regions.parquet,Q96KQ7,Q94B55
human_vs_arabidopsis.hp_kyte_doolittle2.k19.lctrue.regions.parquet,Q9BQ90,O48844
human_vs_arabidopsis.hp_kyte_doolittle2.k19.lctrue.regions.parquet,Q9BQ90,Q8GYH5
human_vs_arabidopsis.hp_kyte_doolittle2.k19.lctrue.regions.parquet,Q9BQ90,Q9FMA3
human_vs_arabidopsis.hp_kyte_doolittle2.k19.lctrue.regions.parquet,Q9BQ90,Q9S7I6
human_vs_arabidopsis.hp_kyte_doolittle2.k19.lctrue.regions.parquet,Q9BQ90,Q9SV98
human_vs_arabidopsis.hp_kyte_doolittle2.k19.lctrue.regions.parquet,Q9BXY4,Q8GUP1
human_vs_arabidopsis.hp_kyte_doolittle2.k19.lctrue.regions.parquet,Q9C0D0,A0A1P8ATR9
human_vs_arabidopsis.hp_kyte_doolittle2.k19.lctrue.regions.parquet,Q9C0D0,O65440
human_vs_arabidopsis.hp_kyte_doolittle2.k19.lctrue.regions.parquet,Q9C0D0,Q8RY25
human_vs_arabidopsis.hp_kyte_doolittle2.k19.lctrue.regions.parquet,Q9C0D0,Q9M3B4
human_vs_arabidopsis.hp_kyte_doolittle2.k19.lctrue.regions.parquet,Q9NRJ4,Q9FH32
human_vs_arabidopsis.hp_kyte_doolittle2.k19.lctrue.regions.parquet,Q9NRJ4,Q9FNA4
human_vs_arabidopsis.hp_kyte_doolittle2.k19.lctrue.regions.parquet,Q9NRJ4,Q9LUS3
human_vs_arabidopsis.hp_kyte_doolittle2.k19.lctrue.regions.parquet,Q9NRJ4,Q9LV35
human_vs_arabidopsis.hp_kyte_doolittle2.k19.lctrue.regions.parquet,Q9NRJ4,Q9SVW8
human_vs_arabidopsis.hp_kyte_doolittle2.k19.lctrue.regions.parquet,Q9NRJ4,Q9SZQ5
human_vs_arabidopsis.hp_kyte_doolittle2.k19.lctrue.regions.parquet,Q9NWT1,Q94A40
human_vs_arabidopsis.hp_kyte_doolittle2.k19.lctrue.regions.parquet,Q9NWT1,Q94JX6
human_vs_arabidopsis.hp_kyte_doolittle2.k19.lctrue.regions.parquet,Q9NWT1,Q9FUY2
human_vs_arabidopsis.hp_kyte_doolittle2.k19.lctrue.regions.parquet,Q9NWT1,Q9LT47
human_vs_arabidopsis.hp_kyte_doolittle2.k19.lctrue.regions.parquet,Q9NWT1,Q9LTF4
human_vs_arabidopsis.hp_kyte_doolittle2.k19.lctrue.regions.parquet,Q9NWT1,Q9SGP2
human_vs_arabidopsis.hp_kyte_doolittle2.k19.lctrue.regions.parquet,Q9ULH4,C0LGP9
human_vs_arabidopsis.hp_kyte_doolittle2.k19.lctrue.regions.parquet,Q9ULH4,F4KHA2
human_vs_arabidopsis.hp_kyte_doolittle2.k19.lctrue.regions.parquet,Q9ULH4,P0CB16
human_vs_arabidopsis.hp_kyte_doolittle2.k19.lctrue.regions.parquet,Q9ULH4,Q9FN37
human_vs_arabidopsis.hp_lehninger_c_nonpolar2.k18.lctrue.regions.parquet,A1A5C7,O48639
human_vs_arabidopsis.hp_lehninger_c_nonpolar2.k18.lctrue.regions.parquet,A1A5C7,O49445
human_vs_arabidopsis.hp_lehninger_c_nonpolar2.k18.lctrue.regions.parquet,A1A5C7,O65718
human_vs_arabidopsis.hp_lehninger_c_nonpolar2.k18.lctrue.regions.parquet,A1A5C7,Q8RWU6
human_vs_arabidopsis.hp_lehninger_c_nonpolar2.k18.lctrue.regions.parquet,A1A5C7,Q8VY63
human_vs_arabidopsis.hp_lehninger_c_nonpolar2.k18.lctrue.regions.parquet,A1A5C7,Q94AZ2
human_vs_arabidopsis.hp_lehninger_c_nonpolar2.k18.lctrue.regions.parquet,A1A5C7,Q9FZ33
human_vs_arabidopsis.hp_lehninger_c_nonpolar2.k18.lctrue.regions.parquet,A1A5C7,Q9LZM7
human_vs_arabidopsis.hp_lehninger_c_nonpolar2.k18.lctrue.regions.parquet,A1A5C7,Q9M0R5
human_vs_arabidopsis.hp_lehninger_c_nonpolar2.k18.lctrue.regions.parquet,A1A5C7,Q9SY55
human_vs_arabidopsis.hp_lehninger_c_nonpolar2.k18.lctrue.regions.parquet,A6NI73,Q8W4G6
human_vs_arabidopsis.hp_lehninger_c_nonpolar2.k18.lctrue.regions.parquet,O00270,F4I340
human_vs_arabidopsis.hp_lehninger_c_nonpolar2.k18.lctrue.regions.parquet,O00270,P26587
human_vs_arabidopsis.hp_lehninger_c_nonpolar2.k18.lctrue.regions.parquet,O00270,P56760
human_vs_arabidopsis.hp_lehninger_c_nonpolar2.k18.lctrue.regions.parquet,O00270,Q570B4
human_vs_arabidopsis.hp_lehninger_c_nonpolar2.k18.lctrue.regions.parquet,O00270,Q94CI6
human_vs_arabidopsis.hp_lehninger_c_nonpolar2.k18.lctrue.regions.parquet,O00270,Q9SAJ3
human_vs_arabidopsis.hp_lehninger_c_nonpolar2.k18.lctrue.regions.parquet,O00476,F4JRE0
human_vs_arabidopsis.hp_lehninger_c_nonpolar2.k18.lctrue.regions.parquet,O00476,O22780
human_vs_arabidopsis.hp_lehninger_c_nonpolar2.k18.lctrue.regions.parquet,O00476,P56770
human_vs_arabidopsis.hp_lehninger_c_nonpolar2.k18.lctrue.regions.parquet,O00476,Q2V4B9
human_vs_arabidopsis.hp_lehninger_c_nonpolar2.k18.lctrue.regions.parquet,O00476,Q9FG00
human_vs_arabidopsis.hp_lehninger_c_nonpolar2.k18.lctrue.regions.parquet,O00478,Q0WPS2
human_vs_arabidopsis.hp_lehninger_c_nonpolar2.k18.lctrue.regions.parquet,O00624,B7ZWR7
human_vs_arabidopsis.hp_lehninger_c_nonpolar2.k18.lctrue.regions.parquet,O00624,O82226
human_vs_arabidopsis.hp_lehninger_c_nonpolar2.k18.lctrue.regions.parquet,O00624,P46310
human_vs_arabidopsis.hp_lehninger_c_nonpolar2.k18.lctrue.regions.parquet,O00624,P56767
human_vs_arabidopsis.hp_lehninger_c_nonpolar2.k18.lctrue.regions.parquet,O00624,P56777
human_vs_arabidopsis.hp_lehninger_c_nonpolar2.k18.lctrue.regions.parquet,O00624,P93825
human_vs_arabidopsis.hp_lehninger_c_nonpolar2.k18.lctrue.regions.parquet,O00624,Q9AUE0
human_vs_arabidopsis.hp_lehninger_c_nonpolar2.k18.lctrue.regions.parquet,O00624,Q9FKV1
human_vs_arabidopsis.hp_lehninger_c_nonpolar2.k18.lctrue.regions.parquet,O00624,Q9M897
human_vs_arabidopsis.hp_lehninger_c_nonpolar2.k18.lctrue.regions.parquet,O14638,Q9SUW1
human_vs_arabidopsis.hp_lehninger_c_nonpolar2.k18.lctrue.regions.parquet,O14931,Q9M5A9
human_vs_arabidopsis.hp_lehninger_c_nonpolar2.k18.lctrue.regions.parquet,O15244,O49423
human_vs_arabidopsis.hp_lehninger_c_nonpolar2.k18.lctrue.regions.parquet,O15244,O80605
human_vs_arabidopsis.hp_lehninger_c_nonpolar2.k18.lctrue.regions.parquet,O15244,O82568
human_vs_arabidopsis.hp_lehninger_c_nonpolar2.k18.lctrue.regions.parquet,O15244,Q0WP96
human_vs_arabidopsis.hp_lehninger_c_nonpolar2.k18.lctrue.regions.parquet,O15244,Q8L4X4
human_vs_arabidopsis.hp_lehninger_c_nonpolar2.k18.lctrue.regions.parquet,O15244,Q8L731
human_vs_arabidopsis.hp_lehninger_c_nonpolar2.k18.lctrue.regions.parquet,O15244,Q8LE59
human_vs_arabidopsis.hp_lehninger_c_nonpolar2.k18.lctrue.regions.parquet,O15244,Q9FFH5
human_vs_arabidopsis.hp_lehninger_c_nonpolar2.k18.lctrue.regions.parquet,O15244,Q9LV20
human_vs_arabidopsis.hp_lehninger_c_nonpolar2.k18.lctrue.regions.parquet,O15244,Q9SM02
human_vs_arabidopsis.hp_lehninger_c_nonpolar2.k18.lctrue.regions.parquet,O15245,F4I8K2
human_vs_arabidopsis.hp_lehninger_c_nonpolar2.k18.lctrue.regions.parquet,O15245,F4JBM4
human_vs_arabidopsis.hp_lehninger_c_nonpolar2.k18.lctrue.regions.parquet,O15245,O80592
human_vs_arabidopsis.hp_lehninger_c_nonpolar2.k18.lctrue.regions.parquet,O15245,Q1HDT3
human_vs_arabidopsis.hp_lehninger_c_nonpolar2.k18.lctrue.regions.parquet,O15245,Q2V4B9
human_vs_arabidopsis.hp_lehninger_c_nonpolar2.k18.lctrue.regions.parquet,O15245,Q8GUJ2
human_vs_arabidopsis.hp_lehninger_c_nonpolar2.k18.lctrue.regions.parquet,O15245,Q8VYR9
human_vs_arabidopsis.hp_lehninger_c_nonpolar2.k18.lctrue.regions.parquet,O15245,Q9C533
human_vs_arabidopsis.hp_lehninger_c_nonpolar2.k18.lctrue.regions.parquet,O15245,Q9LHK4
human_vs_arabidopsis.hp_lehninger_c_nonpolar2.k18.lctrue.regions.parquet,O15245,Q9M306
human_vs_arabidopsis.hp_lehninger_c_nonpolar2.k18.lctrue.regions.parquet,O15245,Q9SLD2
human_vs_arabidopsis.hp_lehninger_c_nonpolar2.k18.lctrue.regions.parquet,O15245,Q9T0H9
human_vs_arabidopsis.hp_lehninger_c_nonpolar2.k18.lctrue.regions.parquet,O15400,P56770
human_vs_arabidopsis.hp_lehninger_c_nonpolar2.k18.lctrue.regions.parquet,O15533,P0CC33
human_vs_arabidopsis.hp_lehninger_c_nonpolar2.k18.lctrue.regions.parquet,O60242,F4I4K7
human_vs_arabidopsis.hp_lehninger_c_nonpolar2.k18.lctrue.regions.parquet,O60242,F4JUU5
human_vs_arabidopsis.hp_lehninger_c_nonpolar2.k18.lctrue.regions.parquet,O60242,O64792
human_vs_arabidopsis.hp_lehninger_c_nonpolar2.k18.lctrue.regions.parquet,O60242,O65472
human_vs_arabidopsis.hp_lehninger_c_nonpolar2.k18.lctrue.regions.parquet,O60242,P0CI03
human_vs_arabidopsis.hp_lehninger_c_nonpolar2.k18.lctrue.regions.parquet,O60242,Q5E930
human_vs_arabidopsis.hp_lehninger_c_nonpolar2.k18.lctrue.regions.parquet,O60242,Q9M353
human_vs_arabidopsis.hp_lehninger_c_nonpolar2.k18.lctrue.regions.parquet,O60906,F4JBM4
human_vs_arabidopsis.hp_lehninger_c_nonpolar2.k18.lctrue.regions.parquet,O75019,Q8L4X4
human_vs_arabidopsis.hp_lehninger_c_nonpolar2.k18.lctrue.regions.parquet,O75022,A1L4X0
human_vs_arabidopsis.hp_lehninger_c_nonpolar2.k18.lctrue.regions.parquet,O75023,Q0WMJ8
human_vs_arabidopsis.hp_lehninger_c_nonpolar2.k18.lctrue.regions.parquet,O75751,B9DFX7
human_vs_arabidopsis.hp_lehninger_c_nonpolar2.k18.lctrue.regions.parquet,O75751,F4KA51
human_vs_arabidopsis.hp_lehninger_c_nonpolar2.k18.lctrue.regions.parquet,O75751,Q2V4B9
human_vs_arabidopsis.hp_lehninger_c_nonpolar2.k18.lctrue.regions.parquet,O75751,Q6DBM8
human_vs_arabidopsis.hp_lehninger_c_nonpolar2.k18.lctrue.regions.parquet,O75751,Q945F0
human_vs_arabidopsis.hp_lehninger_c_nonpolar2.k18.lctrue.regions.parquet,O75751,Q9C533
human_vs_arabidopsis.hp_lehninger_c_nonpolar2.k18.lctrue.regions.parquet,O75751,Q9CAN8
human_vs_arabidopsis.hp_lehninger_c_nonpolar2.k18.lctrue.regions.parquet,O95279,O65272
human_vs_arabidopsis.hp_lehninger_c_nonpolar2.k18.lctrue.regions.parquet,O95279,P61837
human_vs_arabidopsis.hp_lehninger_c_nonpolar2.k18.lctrue.regions.parquet,O95279,Q3EBC2
human_vs_arabidopsis.hp_lehninger_c_nonpolar2.k18.lctrue.regions.parquet,O95279,Q93Z81
human_vs_arabidopsis.hp_lehninger_c_nonpolar2.k18.lctrue.regions.parquet,O95944,F4KGN5
human_vs_arabidopsis.hp_lehninger_c_nonpolar2.k18.lctrue.regions.parquet,P04201,O81072
human_vs_arabidopsis.hp_lehninger_c_nonpolar2.k18.lctrue.regions.parquet,P04201,Q39231
human_vs_arabidopsis.hp_lehninger_c_nonpolar2.k18.lctrue.regions.parquet,P04201,Q8LPK2
human_vs_arabidopsis.hp_lehninger_c_nonpolar2.k18.lctrue.regions.parquet,P04201,Q9LSJ5
human_vs_arabidopsis.hp_lehninger_c_nonpolar2.k18.lctrue.regions.parquet,P04201,Q9SD00
human_vs_arabidopsis.hp_lehninger_c_nonpolar2.k18.lctrue.regions.parquet,P04201,Q9SUA4
human_vs_arabidopsis.hp_lehninger_c_nonpolar2.k18.lctrue.regions.parquet,P08922,Q8LBA0
human_vs_arabidopsis.hp_lehninger_c_nonpolar2.k18.lctrue.regions.parquet,P08F94,Q9LZN2
human_vs_arabidopsis.hp_lehninger_c_nonpolar2.k18.lctrue.regions.parquet,P11717,Q9LD40
human_vs_arabidopsis.hp_lehninger_c_nonpolar2.k18.lctrue.regions.parquet,P15260,Q5BPJ0
human_vs_arabidopsis.hp_lehninger_c_nonpolar2.k18.lctrue.regions.parquet,P15812,Q9LSJ5
human_vs_arabidopsis.hp_lehninger_c_nonpolar2.k18.lctrue.regions.parquet,P21554,O23482
human_vs_arabidopsis.hp_lehninger_c_nonpolar2.k18.lctrue.regions.parquet,P21554,Q8GUJ2
human_vs_arabidopsis.hp_lehninger_c_nonpolar2.k18.lctrue.regions.parquet,P21554,Q8RXN3
human_vs_arabidopsis.hp_lehninger_c_nonpolar2.k18.lctrue.regions.parquet,P21554,Q8W037
human_vs_arabidopsis.hp_lehninger_c_nonpolar2.k18.lctrue.regions.parquet,P21554,Q9FKP2
human_vs_arabidopsis.hp_lehninger_c_nonpolar2.k18.lctrue.regions.parquet,P24046,O22780
human_vs_arabidopsis.hp_lehninger_c_nonpolar2.k18.lctrue.regions.parquet,P24046,Q5BPZ5
human_vs_arabidopsis.hp_lehninger_c_nonpolar2.k18.lctrue.regions.parquet,P24046,Q8W245
human_vs_arabidopsis.hp_lehninger_c_nonpolar2.k18.lctrue.regions.parquet,P28222,P93039
human_vs_arabidopsis.hp_lehninger_c_nonpolar2.k18.lctrue.regions.parquet,P28222,Q38954
human_vs_arabidopsis.hp_lehninger_c_nonpolar2.k18.lctrue.regions.parquet,P28222,Q94AH3
human_vs_arabidopsis.hp_lehninger_c_nonpolar2.k18.lctrue.regions.parquet,P28222,Q94B65
human_vs_arabidopsis.hp_lehninger_c_nonpolar2.k18.lctrue.regions.parquet,P28222,Q9CAT6
human_vs_arabidopsis.hp_lehninger_c_nonpolar2.k18.lctrue.regions.parquet,P28222,Q9FZ49
human_vs_arabidopsis.hp_lehninger_c_nonpolar2.k18.lctrue.regions.parquet,P28476,O22780
human_vs_arabidopsis.hp_lehninger_c_nonpolar2.k18.lctrue.regions.parquet,P28476,Q5BPZ5
human_vs_arabidopsis.hp_lehninger_c_nonpolar2.k18.lctrue.regions.parquet,P28476,Q9FJX6
human_vs_arabidopsis.hp_lehninger_c_nonpolar2.k18.lctrue.regions.parquet,P28566,F4JN00
human_vs_arabidopsis.hp_lehninger_c_nonpolar2.k18.lctrue.regions.parquet,P28566,O80725
human_vs_arabidopsis.hp_lehninger_c_nonpolar2.k18.lctrue.regions.parquet,P28566,Q05085
human_vs_arabidopsis.hp_lehninger_c_nonpolar2.k18.lctrue.regions.parquet,P28566,Q9FDW8
human_vs_arabidopsis.hp_lehninger_c_nonpolar2.k18.lctrue.regions.parquet,P28566,Q9LSJ2
human_vs_arabidopsis.hp_lehninger_c_nonpolar2.k18.lctrue.regions.parquet,P28566,Q9M158
human_vs_arabidopsis.hp_lehninger_c_nonpolar2.k18.lctrue.regions.parquet,P28566,Q9SUW4
human_vs_arabidopsis.hp_lehninger_c_nonpolar2.k18.lctrue.regions.parquet,P29016,P93051
human_vs_arabidopsis.hp_lehninger_c_nonpolar2.k18.lctrue.regions.parquet,P35372,F4IDU4
human_vs_arabidopsis.hp_lehninger_c_nonpolar2.k18.lctrue.regions.parquet,P35372,Q94A18
human_vs_arabidopsis.hp_lehninger_c_nonpolar2.k18.lctrue.regions.parquet,P35372,Q9FKV1
human_vs_arabidopsis.hp_lehninger_c_nonpolar2.k18.lctrue.regions.parquet,P35372,Q9LYS9
human_vs_arabidopsis.hp_lehninger_c_nonpolar2.k18.lctrue.regions.parquet,P35372,Q9SIL6
human_vs_arabidopsis.hp_lehninger_c_nonpolar2.k18.lctrue.regions.parquet,P43307,F4HTM3
human_vs_arabidopsis.hp_lehninger_c_nonpolar2.k18.lctrue.regions.parquet,P43626,Q9SIT5
human_vs_arabidopsis.hp_lehninger_c_nonpolar2.k18.lctrue.regions.parquet,P43627,Q9SIT5
human_vs_arabidopsis.hp_lehninger_c_nonpolar2.k18.lctrue.regions.parquet,P43628,O80725
human_vs_arabidopsis.hp_lehninger_c_nonpolar2.k18.lctrue.regions.parquet,P43629,Q9LXV3
human_vs_arabidopsis.hp_lehninger_c_nonpolar2.k18.lctrue.regions.parquet,P43630,Q9SIT5
human_vs_arabidopsis.hp_lehninger_c_nonpolar2.k18.lctrue.regions.parquet,P43631,Q9M012
human_vs_arabidopsis.hp_lehninger_c_nonpolar2.k18.lctrue.regions.parquet,P43632,Q9M012
human_vs_arabidopsis.hp_lehninger_c_nonpolar2.k18.lctrue.regions.parquet,P46095,O04722
human_vs_arabidopsis.hp_lehninger_c_nonpolar2.k18.lctrue.regions.parquet,P46095,P92564
human_vs_arabidopsis.hp_lehninger_c_nonpolar2.k18.lctrue.regions.parquet,P46095,Q3KTM0
human_vs_arabidopsis.hp_lehninger_c_nonpolar2.k18.lctrue.regions.parquet,P46095,Q6NKU9
human_vs_arabidopsis.hp_lehninger_c_nonpolar2.k18.lctrue.regions.parquet,P46095,Q9SR64
human_vs_arabidopsis.hp_lehninger_c_nonpolar2.k18.lctrue.regions.parquet,P46095,Q9T071
human_vs_arabidopsis.hp_lehninger_c_nonpolar2.k18.lctrue.regions.parquet,P46095,Q9ZUT3
human_vs_arabidopsis.hp_lehninger_c_nonpolar2.k18.lctrue.regions.parquet,P51684,O22755
human_vs_arabidopsis.hp_lehninger_c_nonpolar2.k18.lctrue.regions.parquet,P51684,Q0WQJ3
human_vs_arabidopsis.hp_lehninger_c_nonpolar2.k18.lctrue.regions.parquet,P51684,Q33884
human_vs_arabidopsis.hp_lehninger_c_nonpolar2.k18.lctrue.regions.parquet,P51684,Q56XP4
human_vs_arabidopsis.hp_lehninger_c_nonpolar2.k18.lctrue.regions.parquet,P51684,Q9C6M2
human_vs_arabidopsis.hp_lehninger_c_nonpolar2.k18.lctrue.regions.parquet,P51684,Q9M5P3
human_vs_arabidopsis.hp_lehninger_c_nonpolar2.k18.lctrue.regions.parquet,P51684,Q9SYJ2
human_vs_arabidopsis.hp_lehninger_c_nonpolar2.k18.lctrue.regions.parquet,P59901,Q8L4X4
human_vs_arabidopsis.hp_lehninger_c_nonpolar2.k18.lctrue.regions.parquet,P78382,F4I8X6
human_vs_arabidopsis.hp_lehninger_c_nonpolar2.k18.lctrue.regions.parquet,P78382,F4J1Q9
human_vs_arabidopsis.hp_lehninger_c_nonpolar2.k18.lctrue.regions.parquet,P78382,O49730
human_vs_arabidopsis.hp_lehninger_c_nonpolar2.k18.lctrue.regions.parquet,P78382,O81062
human_vs_arabidopsis.hp_lehninger_c_nonpolar2.k18.lctrue.regions.parquet,P78382,O82752
human_vs_arabidopsis.hp_lehninger_c_nonpolar2.k18.lctrue.regions.parquet,P78382,Q6R8G5
human_vs_arabidopsis.hp_lehninger_c_nonpolar2.k18.lctrue.regions.parquet,P78382,Q84N34
human_vs_arabidopsis.hp_lehninger_c_nonpolar2.k18.lctrue.regions.parquet,P78382,Q84W54
human_vs_arabidopsis.hp_lehninger_c_nonpolar2.k18.lctrue.regions.parquet,P78382,Q9LMU1
human_vs_arabidopsis.hp_lehninger_c_nonpolar2.k18.lctrue.regions.parquet,P78382,Q9M0G9
human_vs_arabidopsis.hp_lehninger_c_nonpolar2.k18.lctrue.regions.parquet,P78410,F4JMI7
human_vs_arabidopsis.hp_lehninger_c_nonpolar2.k18.lctrue.regions.parquet,Q01151,F4IDU4
human_vs_arabidopsis.hp_lehninger_c_nonpolar2.k18.lctrue.regions.parquet,Q04900,F4HQ05
human_vs_arabidopsis.hp_lehninger_c_nonpolar2.k18.lctrue.regions.parquet,Q13410,Q9SVM3
human_vs_arabidopsis.hp_lehninger_c_nonpolar2.k18.lctrue.regions.parquet,Q14833,F4JPW1
human_vs_arabidopsis.hp_lehninger_c_nonpolar2.k18.lctrue.regions.parquet,Q14833,P26288
human_vs_arabidopsis.hp_lehninger_c_nonpolar2.k18.lctrue.regions.parquet,Q14833,Q29Q28
human_vs_arabidopsis.hp_lehninger_c_nonpolar2.k18.lctrue.regions.parquet,Q14833,Q3ECP7
human_vs_arabidopsis.hp_lehninger_c_nonpolar2.k18.lctrue.regions.parquet,Q14833,Q7PC81
human_vs_arabidopsis.hp_lehninger_c_nonpolar2.k18.lctrue.regions.parquet,Q14833,Q8W036
human_vs_arabidopsis.hp_lehninger_c_nonpolar2.k18.lctrue.regions.parquet,Q14833,Q9C5U2
human_vs_arabidopsis.hp_lehninger_c_nonpolar2.k18.lctrue.regions.parquet,Q14916,F4I4Q3
human_vs_arabidopsis.hp_lehninger_c_nonpolar2.k18.lctrue.regions.parquet,Q14916,F4KD68
human_vs_arabidopsis.hp_lehninger_c_nonpolar2.k18.lctrue.regions.parquet,Q14916,O80505
human_vs_arabidopsis.hp_lehninger_c_nonpolar2.k18.lctrue.regions.parquet,Q14916,P31414
human_vs_arabidopsis.hp_lehninger_c_nonpolar2.k18.lctrue.regions.parquet,Q14916,Q3EB59
human_vs_arabidopsis.hp_lehninger_c_nonpolar2.k18.lctrue.regions.parquet,Q14916,Q8L718
human_vs_arabidopsis.hp_lehninger_c_nonpolar2.k18.lctrue.regions.parquet,Q14916,Q94EJ6
human_vs_arabidopsis.hp_lehninger_c_nonpolar2.k18.lctrue.regions.parquet,Q14916,Q9FJ87
human_vs_arabidopsis.hp_lehninger_c_nonpolar2.k18.lctrue.regions.parquet,Q14953,Q9M012
human_vs_arabidopsis.hp_lehninger_c_nonpolar2.k18.lctrue.regions.parquet,Q14954,Q9M012
human_vs_arabidopsis.hp_lehninger_c_nonpolar2.k18.lctrue.regions.parquet,Q15109,Q8H1Z0
human_vs_arabidopsis.hp_lehninger_c_nonpolar2.k18.lctrue.regions.parquet,Q15262,Q56XQ0
human_vs_arabidopsis.hp_lehninger_c_nonpolar2.k18.lctrue.regions.parquet,Q15375,P48623
human_vs_arabidopsis.hp_lehninger_c_nonpolar2.k18.lctrue.regions.parquet,Q16653,Q6NKQ9
human_vs_arabidopsis.hp_lehninger_c_nonpolar2.k18.lctrue.regions.parquet,Q16653,Q6R3K4
human_vs_arabidopsis.hp_lehninger_c_nonpolar2.k18.lctrue.regions.parquet,Q29980,Q9ZVK6
human_vs_arabidopsis.hp_lehninger_c_nonpolar2.k18.lctrue.regions.parquet,Q29983,O23429
human_vs_arabidopsis.hp_lehninger_c_nonpolar2.k18.lctrue.regions.parquet,Q30201,F4JYC8
human_vs_arabidopsis.hp_lehninger_c_nonpolar2.k18.lctrue.regions.parquet,Q4VXA5,Q8H116
human_vs_arabidopsis.hp_lehninger_c_nonpolar2.k18.lctrue.regions.parquet,Q53GD3,O22815
human_vs_arabidopsis.hp_lehninger_c_nonpolar2.k18.lctrue.regions.parquet,Q53GD3,O64471
human_vs_arabidopsis.hp_lehninger_c_nonpolar2.k18.lctrue.regions.parquet,Q53GD3,P46014
human_vs_arabidopsis.hp_lehninger_c_nonpolar2.k18.lctrue.regions.parquet,Q53GD3,Q3EC77
human_vs_arabidopsis.hp_lehninger_c_nonpolar2.k18.lctrue.regions.parquet,Q53GD3,Q8VYE2
human_vs_arabidopsis.hp_lehninger_c_nonpolar2.k18.lctrue.regions.parquet,Q53GD3,Q945F0
human_vs_arabidopsis.hp_lehninger_c_nonpolar2.k18.lctrue.regions.parquet,Q53GD3,Q9FPG2
human_vs_arabidopsis.hp_lehninger_c_nonpolar2.k18.lctrue.regions.parquet,Q53GD3,Q9LPU9
human_vs_arabidopsis.hp_lehninger_c_nonpolar2.k18.lctrue.regions.parquet,Q5SQ64,F4KGN5
human_vs_arabidopsis.hp_lehninger_c_nonpolar2.k18.lctrue.regions.parquet,Q5T1Q4,F4HZQ7
human_vs_arabidopsis.hp_lehninger_c_nonpolar2.k18.lctrue.regions.parquet,Q5T1Q4,O04036
human_vs_arabidopsis.hp_lehninger_c_nonpolar2.k18.lctrue.regions.parquet,Q5T1Q4,O64806
human_vs_arabidopsis.hp_lehninger_c_nonpolar2.k18.lctrue.regions.parquet,Q5T1Q4,Q1ACB3
human_vs_arabidopsis.hp_lehninger_c_nonpolar2.k18.lctrue.regions.parquet,Q5T1Q4,Q84WG1
human_vs_arabidopsis.hp_lehninger_c_nonpolar2.k18.lctrue.regions.parquet,Q5T1Q4,Q8LPT1
human_vs_arabidopsis.hp_lehninger_c_nonpolar2.k18.lctrue.regions.parquet,Q5T1Q4,Q8RY74
human_vs_arabidopsis.hp_lehninger_c_nonpolar2.k18.lctrue.regions.parquet,Q5T1Q4,Q9LHK4
human_vs_arabidopsis.hp_lehninger_c_nonpolar2.k18.lctrue.regions.parquet,Q5T1Q4,Q9XIE2
human_vs_arabidopsis.hp_lehninger_c_nonpolar2.k18.lctrue.regions.parquet,Q5T3U5,B3H754
human_vs_arabidopsis.hp_lehninger_c_nonpolar2.k18.lctrue.regions.parquet,Q5T3U5,F4JH46
human_vs_arabidopsis.hp_lehninger_c_nonpolar2.k18.lctrue.regions.parquet,Q5T3U5,O05000
human_vs_arabidopsis.hp_lehninger_c_nonpolar2.k18.lctrue.regions.parquet,Q5T3U5,O64758
human_vs_arabidopsis.hp_lehninger_c_nonpolar2.k18.lctrue.regions.parquet,Q5T3U5,P0DI79
human_vs_arabidopsis.hp_lehninger_c_nonpolar2.k18.lctrue.regions.parquet,Q5T3U5,P56768
human_vs_arabidopsis.hp_lehninger_c_nonpolar2.k18.lctrue.regions.parquet,Q5T3U5,Q2EF88
human_vs_arabidopsis.hp_lehninger_c_nonpolar2.k18.lctrue.regions.parquet,Q5T3U5,Q42574
human_vs_arabidopsis.hp_lehninger_c_nonpolar2.k18.lctrue.regions.parquet,Q5T3U5,Q8L586
human_vs_arabidopsis.hp_lehninger_c_nonpolar2.k18.lctrue.regions.parquet,Q5T3U5,Q8L616
human_vs_arabidopsis.hp_lehninger_c_nonpolar2.k18.lctrue.regions.parquet,Q5T3U5,Q8RXP6
human_vs_arabidopsis.hp_lehninger_c_nonpolar2.k18.lctrue.regions.parquet,Q5T3U5,Q9FFB7
human_vs_arabidopsis.hp_lehninger_c_nonpolar2.k18.lctrue.regions.parquet,Q5T3U5,Q9FKF4
human_vs_arabidopsis.hp_lehninger_c_nonpolar2.k18.lctrue.regions.parquet,Q5T3U5,Q9LPV5
human_vs_arabidopsis.hp_lehninger_c_nonpolar2.k18.lctrue.regions.parquet,Q5T3U5,Q9SCW7
human_vs_arabidopsis.hp_lehninger_c_nonpolar2.k18.lctrue.regions.parquet,Q5T3U5,Q9STY7
human_vs_arabidopsis.hp_lehninger_c_nonpolar2.k18.lctrue.regions.parquet,Q5T4T1,O23693
human_vs_arabidopsis.hp_lehninger_c_nonpolar2.k18.lctrue.regions.parquet,Q5T4T1,Q5E930
human_vs_arabidopsis.hp_lehninger_c_nonpolar2.k18.lctrue.regions.parquet,Q5T4T1,Q8RWZ7
human_vs_arabidopsis.hp_lehninger_c_nonpolar2.k18.lctrue.regions.parquet,Q5TH69,O48670
human_vs_arabidopsis.hp_lehninger_c_nonpolar2.k18.lctrue.regions.parquet,Q6H3X3,Q94AL1
human_vs_arabidopsis.hp_lehninger_c_nonpolar2.k18.lctrue.regions.parquet,Q6ISU1,Q66GQ5
human_vs_arabidopsis.hp_lehninger_c_nonpolar2.k18.lctrue.regions.parquet,Q6NT16,F4IN58
human_vs_arabidopsis.hp_lehninger_c_nonpolar2.k18.lctrue.regions.parquet,Q6NT16,F4JSH1
human_vs_arabidopsis.hp_lehninger_c_nonpolar2.k18.lctrue.regions.parquet,Q6NT16,O04514
human_vs_arabidopsis.hp_lehninger_c_nonpolar2.k18.lctrue.regions.parquet,Q6NT16,O04536
human_vs_arabidopsis.hp_lehninger_c_nonpolar2.k18.lctrue.regions.parquet,Q6NT16,O04584
human_vs_arabidopsis.hp_lehninger_c_nonpolar2.k18.lctrue.regions.parquet,Q6NT16,P93313
human_vs_arabidopsis.hp_lehninger_c_nonpolar2.k18.lctrue.regions.parquet,Q6NT16,Q500Z4
human_vs_arabidopsis.hp_lehninger_c_nonpolar2.k18.lctrue.regions.parquet,Q6NT16,Q5XF36
human_vs_arabidopsis.hp_lehninger_c_nonpolar2.k18.lctrue.regions.parquet,Q6NT16,Q9C540
human_vs_arabidopsis.hp_lehninger_c_nonpolar2.k18.lctrue.regions.parquet,Q6NT16,Q9FM20
human_vs_arabidopsis.hp_lehninger_c_nonpolar2.k18.lctrue.regions.parquet,Q6NT16,Q9LUH2
human_vs_arabidopsis.hp_lehninger_c_nonpolar2.k18.lctrue.regions.parquet,Q6NT16,Q9SHH0
human_vs_arabidopsis.hp_lehninger_c_nonpolar2.k18.lctrue.regions.parquet,Q6PI73,Q8L4X4
human_vs_arabidopsis.hp_lehninger_c_nonpolar2.k18.lctrue.regions.parquet,Q6UWU4,Q9FFB7
human_vs_arabidopsis.hp_lehninger_c_nonpolar2.k18.lctrue.regions.parquet,Q6UY11,Q9FME8
human_vs_arabidopsis.hp_lehninger_c_nonpolar2.k18.lctrue.regions.parquet,Q6ZNC8,F4HQ05
human_vs_arabidopsis.hp_lehninger_c_nonpolar2.k18.lctrue.regions.parquet,Q6ZNC8,O65797
human_vs_arabidopsis.hp_lehninger_c_nonpolar2.k18.lctrue.regions.parquet,Q6ZNC8,Q1PFG9
human_vs_arabidopsis.hp_lehninger_c_nonpolar2.k18.lctrue.regions.parquet,Q6ZNC8,Q84M24
human_vs_arabidopsis.hp_lehninger_c_nonpolar2.k18.lctrue.regions.parquet,Q6ZNC8,Q8LGU1
human_vs_arabidopsis.hp_lehninger_c_nonpolar2.k18.lctrue.regions.parquet,Q6ZNC8,Q9ASQ6
human_vs_arabidopsis.hp_lehninger_c_nonpolar2.k18.lctrue.regions.parquet,Q6ZNC8,Q9FEG2
human_vs_arabidopsis.hp_lehninger_c_nonpolar2.k18.lctrue.regions.parquet,Q6ZNC8,Q9M392
human_vs_arabidopsis.hp_lehninger_c_nonpolar2.k18.lctrue.regions.parquet,Q7Z419,Q8LG88
human_vs_arabidopsis.hp_lehninger_c_nonpolar2.k18.lctrue.regions.parquet,Q86SQ4,B7ZWR7
human_vs_arabidopsis.hp_lehninger_c_nonpolar2.k18.lctrue.regions.parquet,Q86SQ4,O80580
human_vs_arabidopsis.hp_lehninger_c_nonpolar2.k18.lctrue.regions.parquet,Q86SQ4,Q8GZ79
human_vs_arabidopsis.hp_lehninger_c_nonpolar2.k18.lctrue.regions.parquet,Q86SQ4,Q8L4R0
human_vs_arabidopsis.hp_lehninger_c_nonpolar2.k18.lctrue.regions.parquet,Q86SQ4,Q8VZP6
human_vs_arabidopsis.hp_lehninger_c_nonpolar2.k18.lctrue.regions.parquet,Q86SQ4,Q8W037
human_vs_arabidopsis.hp_lehninger_c_nonpolar2.k18.lctrue.regions.parquet,Q86SQ4,Q94JU2
human_vs_arabidopsis.hp_lehninger_c_nonpolar2.k18.lctrue.regions.parquet,Q86VW1,F4HVM3
human_vs_arabidopsis.hp_lehninger_c_nonpolar2.k18.lctrue.regions.parquet,Q86VW1,F4I8K2
human_vs_arabidopsis.hp_lehninger_c_nonpolar2.k18.lctrue.regions.parquet,Q86VW1,F4J158
human_vs_arabidopsis.hp_lehninger_c_nonpolar2.k18.lctrue.regions.parquet,Q86VW1,F4JMI7
human_vs_arabidopsis.hp_lehninger_c_nonpolar2.k18.lctrue.regions.parquet,Q86VW1,Q6NQI8
human_vs_arabidopsis.hp_lehninger_c_nonpolar2.k18.lctrue.regions.parquet,Q86VW1,Q8L615
human_vs_arabidopsis.hp_lehninger_c_nonpolar2.k18.lctrue.regions.parquet,Q86VW1,Q8LPQ8
human_vs_arabidopsis.hp_lehninger_c_nonpolar2.k18.lctrue.regions.parquet,Q86VW1,Q8RY83
human_vs_arabidopsis.hp_lehninger_c_nonpolar2.k18.lctrue.regions.parquet,Q86VW1,Q8VZT3
human_vs_arabidopsis.hp_lehninger_c_nonpolar2.k18.lctrue.regions.parquet,Q86VW1,Q9CAN1
human_vs_arabidopsis.hp_lehninger_c_nonpolar2.k18.lctrue.regions.parquet,Q86VW1,Q9FGL0
human_vs_arabidopsis.hp_lehninger_c_nonpolar2.k18.lctrue.regions.parquet,Q86WC4,Q9C9Z1
human_vs_arabidopsis.hp_lehninger_c_nonpolar2.k18.lctrue.regions.parquet,Q8IV45,F4HW02
human_vs_arabidopsis.hp_lehninger_c_nonpolar2.k18.lctrue.regions.parquet,Q8IZ57,O49660
human_vs_arabidopsis.hp_lehninger_c_nonpolar2.k18.lctrue.regions.parquet,Q8IZ57,Q94GB1
human_vs_arabidopsis.hp_lehninger_c_nonpolar2.k18.lctrue.regions.parquet,Q8IZF2,F4KGN5
human_vs_arabidopsis.hp_lehninger_c_nonpolar2.k18.lctrue.regions.parquet,Q8IZF2,O23053
human_vs_arabidopsis.hp_lehninger_c_nonpolar2.k18.lctrue.regions.parquet,Q8IZF2,P20649
human_vs_arabidopsis.hp_lehninger_c_nonpolar2.k18.lctrue.regions.parquet,Q8IZF2,P31414
human_vs_arabidopsis.hp_lehninger_c_nonpolar2.k18.lctrue.regions.parquet,Q8IZF2,Q3E9A0
human_vs_arabidopsis.hp_lehninger_c_nonpolar2.k18.lctrue.regions.parquet,Q8IZF2,Q7PC88
human_vs_arabidopsis.hp_lehninger_c_nonpolar2.k18.lctrue.regions.parquet,Q8IZF2,Q9LYS2
human_vs_arabidopsis.hp_lehninger_c_nonpolar2.k18.lctrue.regions.parquet,Q8IZT8,A8MRV9
human_vs_arabidopsis.hp_lehninger_c_nonpolar2.k18.lctrue.regions.parquet,Q8N109,F4J4C8
human_vs_arabidopsis.hp_lehninger_c_nonpolar2.k18.lctrue.regions.parquet,Q8N149,Q8L4X4
human_vs_arabidopsis.hp_lehninger_c_nonpolar2.k18.lctrue.regions.parquet,Q8N743,Q84TI7
human_vs_arabidopsis.hp_lehninger_c_nonpolar2.k18.lctrue.regions.parquet,Q8N7C4,P56785
human_vs_arabidopsis.hp_lehninger_c_nonpolar2.k18.lctrue.regions.parquet,Q8N7C4,Q8W488
human_vs_arabidopsis.hp_lehninger_c_nonpolar2.k18.lctrue.regions.parquet,Q8N7C4,Q9LF50
human_vs_arabidopsis.hp_lehninger_c_nonpolar2.k18.lctrue.regions.parquet,Q8NA58,F4IDU4
human_vs_arabidopsis.hp_lehninger_c_nonpolar2.k18.lctrue.regions.parquet,Q8NC56,Q8GUJ2
human_vs_arabidopsis.hp_lehninger_c_nonpolar2.k18.lctrue.regions.parquet,Q8NE79,F4IN58
human_vs_arabidopsis.hp_lehninger_c_nonpolar2.k18.lctrue.regions.parquet,Q8NE79,P30302
human_vs_arabidopsis.hp_lehninger_c_nonpolar2.k18.lctrue.regions.parquet,Q8NE79,Q9LYD5
human_vs_arabidopsis.hp_lehninger_c_nonpolar2.k18.lctrue.regions.parquet,Q8NF91,C0LGQ9
human_vs_arabidopsis.hp_lehninger_c_nonpolar2.k18.lctrue.regions.parquet,Q8NHJ6,Q9SFG0
human_vs_arabidopsis.hp_lehninger_c_nonpolar2.k18.lctrue.regions.parquet,Q8TB61,F4JRE0
human_vs_arabidopsis.hp_lehninger_c_nonpolar2.k18.lctrue.regions.parquet,Q8TB61,O64515
human_vs_arabidopsis.hp_lehninger_c_nonpolar2.k18.lctrue.regions.parquet,Q8TB61,O82279
human_vs_arabidopsis.hp_lehninger_c_nonpolar2.k18.lctrue.regions.parquet,Q8TB61,Q4PSF4
human_vs_arabidopsis.hp_lehninger_c_nonpolar2.k18.lctrue.regions.parquet,Q8TB61,Q500Z4
human_vs_arabidopsis.hp_lehninger_c_nonpolar2.k18.lctrue.regions.parquet,Q8TB61,Q7PC87
human_vs_arabidopsis.hp_lehninger_c_nonpolar2.k18.lctrue.regions.parquet,Q8TB61,Q94A87
human_vs_arabidopsis.hp_lehninger_c_nonpolar2.k18.lctrue.regions.parquet,Q8TB61,Q9LUD7
human_vs_arabidopsis.hp_lehninger_c_nonpolar2.k18.lctrue.regions.parquet,Q8TB61,Q9LYS6
human_vs_arabidopsis.hp_lehninger_c_nonpolar2.k18.lctrue.regions.parquet,Q8TEZ7,A8MRV9
human_vs_arabidopsis.hp_lehninger_c_nonpolar2.k18.lctrue.regions.parquet,Q8TEZ7,Q41951
human_vs_arabidopsis.hp_lehninger_c_nonpolar2.k18.lctrue.regions.parquet,Q8TEZ7,Q8LPL8
human_vs_arabidopsis.hp_lehninger_c_nonpolar2.k18.lctrue.regions.parquet,Q8TEZ7,Q9ASQ2
human_vs_arabidopsis.hp_lehninger_c_nonpolar2.k18.lctrue.regions.parquet,Q8TEZ7,Q9M5A9
human_vs_arabidopsis.hp_lehninger_c_nonpolar2.k18.lctrue.regions.parquet,Q8TEZ7,Q9SJK6
human_vs_arabidopsis.hp_lehninger_c_nonpolar2.k18.lctrue.regions.parquet,Q8WV19,O82316
human_vs_arabidopsis.hp_lehninger_c_nonpolar2.k18.lctrue.regions.parquet,Q8WV19,P56774
human_vs_arabidopsis.hp_lehninger_c_nonpolar2.k18.lctrue.regions.parquet,Q8WV19,Q8GXR2
human_vs_arabidopsis.hp_lehninger_c_nonpolar2.k18.lctrue.regions.parquet,Q8WV19,Q94AN2
human_vs_arabidopsis.hp_lehninger_c_nonpolar2.k18.lctrue.regions.parquet,Q8WVV5,O23492
human_vs_arabidopsis.hp_lehninger_c_nonpolar2.k18.lctrue.regions.parquet,Q8WWU5,Q9S845
human_vs_arabidopsis.hp_lehninger_c_nonpolar2.k18.lctrue.regions.parquet,Q92504,F4J158
human_vs_arabidopsis.hp_lehninger_c_nonpolar2.k18.lctrue.regions.parquet,Q92504,O23482
human_vs_arabidopsis.hp_lehninger_c_nonpolar2.k18.lctrue.regions.parquet,Q92504,P49333
human_vs_arabidopsis.hp_lehninger_c_nonpolar2.k18.lctrue.regions.parquet,Q92504,Q3YL57
human_vs_arabidopsis.hp_lehninger_c_nonpolar2.k18.lctrue.regions.parquet,Q92504,Q8VYR7
human_vs_arabidopsis.hp_lehninger_c_nonpolar2.k18.lctrue.regions.parquet,Q92504,Q8W4G3
human_vs_arabidopsis.hp_lehninger_c_nonpolar2.k18.lctrue.regions.parquet,Q96E22,B3H707
human_vs_arabidopsis.hp_lehninger_c_nonpolar2.k18.lctrue.regions.parquet,Q96E22,Q7PC84
human_vs_arabidopsis.hp_lehninger_c_nonpolar2.k18.lctrue.regions.parquet,Q96E22,Q9SRK7
human_vs_arabidopsis.hp_lehninger_c_nonpolar2.k18.lctrue.regions.parquet,Q96FX8,F4I2N7
human_vs_arabidopsis.hp_lehninger_c_nonpolar2.k18.lctrue.regions.parquet,Q96FX8,Q0WUU6
human_vs_arabidopsis.hp_lehninger_c_nonpolar2.k18.lctrue.regions.parquet,Q96FX8,Q2EF88
human_vs_arabidopsis.hp_lehninger_c_nonpolar2.k18.lctrue.regions.parquet,Q96FX8,Q8S4F6
human_vs_arabidopsis.hp_lehninger_c_nonpolar2.k18.lctrue.regions.parquet,Q96JX3,Q9FJ72
human_vs_arabidopsis.hp_lehninger_c_nonpolar2.k18.lctrue.regions.parquet,Q96KF7,F4HZH9
human_vs_arabidopsis.hp_lehninger_c_nonpolar2.k18.lctrue.regions.parquet,Q96RN1,F4HXY7
human_vs_arabidopsis.hp_lehninger_c_nonpolar2.k18.lctrue.regions.parquet,Q96RN1,O65717
human_vs_arabidopsis.hp_lehninger_c_nonpolar2.k18.lctrue.regions.parquet,Q96RN1,O80668
human_vs_arabidopsis.hp_lehninger_c_nonpolar2.k18.lctrue.regions.parquet,Q96RN1,O81845
human_vs_arabidopsis.hp_lehninger_c_nonpolar2.k18.lctrue.regions.parquet,Q96RN1,O82509
human_vs_arabidopsis.hp_lehninger_c_nonpolar2.k18.lctrue.regions.parquet,Q96RN1,Q6SZ87
human_vs_arabidopsis.hp_lehninger_c_nonpolar2.k18.lctrue.regions.parquet,Q96RN1,Q8L7R8
human_vs_arabidopsis.hp_lehninger_c_nonpolar2.k18.lctrue.regions.parquet,Q96RN1,Q9FE59
human_vs_arabidopsis.hp_lehninger_c_nonpolar2.k18.lctrue.regions.parquet,Q96RN1,Q9LMJ1
human_vs_arabidopsis.hp_lehninger_c_nonpolar2.k18.lctrue.regions.parquet,Q96T54,O48670
human_vs_arabidopsis.hp_lehninger_c_nonpolar2.k18.lctrue.regions.parquet,Q96T54,O48684
human_vs_arabidopsis.hp_lehninger_c_nonpolar2.k18.lctrue.regions.parquet,Q96T54,Q94AZ2
human_vs_arabidopsis.hp_lehninger_c_nonpolar2.k18.lctrue.regions.parquet,Q96T54,Q9LZR3
human_vs_arabidopsis.hp_lehninger_c_nonpolar2.k18.lctrue.regions.parquet,Q96T55,Q6NLA5
human_vs_arabidopsis.hp_lehninger_c_nonpolar2.k18.lctrue.regions.parquet,Q96T55,Q94A87
human_vs_arabidopsis.hp_lehninger_c_nonpolar2.k18.lctrue.regions.parquet,Q96T55,Q9LYS6
human_vs_arabidopsis.hp_lehninger_c_nonpolar2.k18.lctrue.regions.parquet,Q99706,Q1PFJ4
human_vs_arabidopsis.hp_lehninger_c_nonpolar2.k18.lctrue.regions.parquet,Q99808,F4JKQ7
human_vs_arabidopsis.hp_lehninger_c_nonpolar2.k18.lctrue.regions.parquet,Q99808,Q2EF88
human_vs_arabidopsis.hp_lehninger_c_nonpolar2.k18.lctrue.regions.parquet,Q99808,Q3YL57
human_vs_arabidopsis.hp_lehninger_c_nonpolar2.k18.lctrue.regions.parquet,Q99808,Q570S7
human_vs_arabidopsis.hp_lehninger_c_nonpolar2.k18.lctrue.regions.parquet,Q99808,Q84W06
human_vs_arabidopsis.hp_lehninger_c_nonpolar2.k18.lctrue.regions.parquet,Q99808,Q940N9
human_vs_arabidopsis.hp_lehninger_c_nonpolar2.k18.lctrue.regions.parquet,Q99808,Q941R4
human_vs_arabidopsis.hp_lehninger_c_nonpolar2.k18.lctrue.regions.parquet,Q99808,Q9LYD5
human_vs_arabidopsis.hp_lehninger_c_nonpolar2.k18.lctrue.regions.parquet,Q99808,Q9M131
human_vs_arabidopsis.hp_lehninger_c_nonpolar2.k18.lctrue.regions.parquet,Q99808,Q9SJM0
human_vs_arabidopsis.hp_lehninger_c_nonpolar2.k18.lctrue.regions.parquet,Q99941,Q7DM58
human_vs_arabidopsis.hp_lehninger_c_nonpolar2.k18.lctrue.regions.parquet,Q99942,O65468
human_vs_arabidopsis.hp_lehninger_c_nonpolar2.k18.lctrue.regions.parquet,Q99942,Q93YP9
human_vs_arabidopsis.hp_lehninger_c_nonpolar2.k18.lctrue.regions.parquet,Q99943,Q7FK82
human_vs_arabidopsis.hp_lehninger_c_nonpolar2.k18.lctrue.regions.parquet,Q99943,Q94LW6
human_vs_arabidopsis.hp_lehninger_c_nonpolar2.k18.lctrue.regions.parquet,Q99946,Q9FG00
human_vs_arabidopsis.hp_lehninger_c_nonpolar2.k18.lctrue.regions.parquet,Q9BZJ6,F4JKB9
human_vs_arabidopsis.hp_lehninger_c_nonpolar2.k18.lctrue.regions.parquet,Q9BZJ6,O65023
human_vs_arabidopsis.hp_lehninger_c_nonpolar2.k18.lctrue.regions.parquet,Q9BZJ6,P98204
human_vs_arabidopsis.hp_lehninger_c_nonpolar2.k18.lctrue.regions.parquet,Q9BZJ6,Q8LE59
human_vs_arabidopsis.hp_lehninger_c_nonpolar2.k18.lctrue.regions.parquet,Q9BZJ6,Q945L4
human_vs_arabidopsis.hp_lehninger_c_nonpolar2.k18.lctrue.regions.parquet,Q9BZJ6,Q9SFB0
human_vs_arabidopsis.hp_lehninger_c_nonpolar2.k18.lctrue.regions.parquet,Q9BZJ6,Q9SYD6
human_vs_arabidopsis.hp_lehninger_c_nonpolar2.k18.lctrue.regions.parquet,Q9GZM5,O04289
human_vs_arabidopsis.hp_lehninger_c_nonpolar2.k18.lctrue.regions.parquet,Q9GZM5,Q8GXE6
human_vs_arabidopsis.hp_lehninger_c_nonpolar2.k18.lctrue.regions.parquet,Q9GZM5,Q8RXN0
human_vs_arabidopsis.hp_lehninger_c_nonpolar2.k18.lctrue.regions.parquet,Q9GZM5,Q9FJD1
human_vs_arabidopsis.hp_lehninger_c_nonpolar2.k18.lctrue.regions.parquet,Q9GZM5,Q9FYQ8
human_vs_arabidopsis.hp_lehninger_c_nonpolar2.k18.lctrue.regions.parquet,Q9GZR5,F4J9A3
human_vs_arabidopsis.hp_lehninger_c_nonpolar2.k18.lctrue.regions.parquet,Q9GZR5,O80939
human_vs_arabidopsis.hp_lehninger_c_nonpolar2.k18.lctrue.regions.parquet,Q9GZR5,P48623
human_vs_arabidopsis.hp_lehninger_c_nonpolar2.k18.lctrue.regions.parquet,Q9GZR5,Q0WP36
human_vs_arabidopsis.hp_lehninger_c_nonpolar2.k18.lctrue.regions.parquet,Q9GZR5,Q8GYB4
human_vs_arabidopsis.hp_lehninger_c_nonpolar2.k18.lctrue.regions.parquet,Q9GZR5,Q8RXQ2
human_vs_arabidopsis.hp_lehninger_c_nonpolar2.k18.lctrue.regions.parquet,Q9H1N7,B9DHD7
human_vs_arabidopsis.hp_lehninger_c_nonpolar2.k18.lctrue.regions.parquet,Q9H1N7,Q39208
human_vs_arabidopsis.hp_lehninger_c_nonpolar2.k18.lctrue.regions.parquet,Q9H1N7,Q3E956
human_vs_arabidopsis.hp_lehninger_c_nonpolar2.k18.lctrue.regions.parquet,Q9H1N7,Q8VYE4
human_vs_arabidopsis.hp_lehninger_c_nonpolar2.k18.lctrue.regions.parquet,Q9H1N7,Q94B65
human_vs_arabidopsis.hp_lehninger_c_nonpolar2.k18.lctrue.regions.parquet,Q9H1N7,Q9FGH6
human_vs_arabidopsis.hp_lehninger_c_nonpolar2.k18.lctrue.regions.parquet,Q9H1N7,Q9FHF1
human_vs_arabidopsis.hp_lehninger_c_nonpolar2.k18.lctrue.regions.parquet,Q9H1N7,Q9ZQP6
human_vs_arabidopsis.hp_lehninger_c_nonpolar2.k18.lctrue.regions.parquet,Q9HBV1,Q8RVL2
human_vs_arabidopsis.hp_lehninger_c_nonpolar2.k18.lctrue.regions.parquet,Q9HBV1,Q9M2U2
human_vs_arabidopsis.hp_lehninger_c_nonpolar2.k18.lctrue.regions.parquet,Q9HD23,Q0WP01
human_vs_arabidopsis.hp_lehninger_c_nonpolar2.k18.lctrue.regions.parquet,Q9HD23,Q8GXK5
human_vs_arabidopsis.hp_lehninger_c_nonpolar2.k18.lctrue.regions.parquet,Q9NP99,Q8L718
human_vs_arabidopsis.hp_lehninger_c_nonpolar2.k18.lctrue.regions.parquet,Q9NRA2,O65272
human_vs_arabidopsis.hp_lehninger_c_nonpolar2.k18.lctrue.regions.parquet,Q9NRA2,Q0WQG8
human_vs_arabidopsis.hp_lehninger_c_nonpolar2.k18.lctrue.regions.parquet,Q9NRA2,Q0WUU6
human_vs_arabidopsis.hp_lehninger_c_nonpolar2.k18.lctrue.regions.parquet,Q9NRA2,Q94C53
human_vs_arabidopsis.hp_lehninger_c_nonpolar2.k18.lctrue.regions.parquet,Q9NRA2,Q9C6L8
human_vs_arabidopsis.hp_lehninger_c_nonpolar2.k18.lctrue.regions.parquet,Q9NRA2,Q9FZ33
human_vs_arabidopsis.hp_lehninger_c_nonpolar2.k18.lctrue.regions.parquet,Q9NRA2,Q9LXH0
human_vs_arabidopsis.hp_lehninger_c_nonpolar2.k18.lctrue.regions.parquet,Q9NRA2,Q9M6N7
human_vs_arabidopsis.hp_lehninger_c_nonpolar2.k18.lctrue.regions.parquet,Q9NRA2,Q9MA44
human_vs_arabidopsis.hp_lehninger_c_nonpolar2.k18.lctrue.regions.parquet,Q9NRA2,Q9SUC5
human_vs_arabidopsis.hp_lehninger_c_nonpolar2.k18.lctrue.regions.parquet,Q9NUN5,F4HPH2
human_vs_arabidopsis.hp_lehninger_c_nonpolar2.k18.lctrue.regions.parquet,Q9NUN5,O80891
human_vs_arabidopsis.hp_lehninger_c_nonpolar2.k18.lctrue.regions.parquet,Q9NUN5,P31414
human_vs_arabidopsis.hp_lehninger_c_nonpolar2.k18.lctrue.regions.parquet,Q9NUN5,Q52T38
human_vs_arabidopsis.hp_lehninger_c_nonpolar2.k18.lctrue.regions.parquet,Q9NUN5,Q7XA64
human_vs_arabidopsis.hp_lehninger_c_nonpolar2.k18.lctrue.regions.parquet,Q9NUN5,Q7XA87
human_vs_arabidopsis.hp_lehninger_c_nonpolar2.k18.lctrue.regions.parquet,Q9NUN5,Q8L5Y5
human_vs_arabidopsis.hp_lehninger_c_nonpolar2.k18.lctrue.regions.parquet,Q9NVV5,F4JH46
human_vs_arabidopsis.hp_lehninger_c_nonpolar2.k18.lctrue.regions.parquet,Q9NVV5,Q9FJ72
human_vs_arabidopsis.hp_lehninger_c_nonpolar2.k18.lctrue.regions.parquet,Q9NVV5,Q9FLT9
human_vs_arabidopsis.hp_lehninger_c_nonpolar2.k18.lctrue.regions.parquet,Q9NVV5,Q9FNL7
human_vs_arabidopsis.hp_lehninger_c_nonpolar2.k18.lctrue.regions.parquet,Q9NWH2,Q56X46
human_vs_arabidopsis.hp_lehninger_c_nonpolar2.k18.lctrue.regions.parquet,Q9NWH2,Q94A18
human_vs_arabidopsis.hp_lehninger_c_nonpolar2.k18.lctrue.regions.parquet,Q9NXB9,F4I5D5
human_vs_arabidopsis.hp_lehninger_c_nonpolar2.k18.lctrue.regions.parquet,Q9NXB9,P49333
human_vs_arabidopsis.hp_lehninger_c_nonpolar2.k18.lctrue.regions.parquet,Q9NXB9,Q8L718
human_vs_arabidopsis.hp_lehninger_c_nonpolar2.k18.lctrue.regions.parquet,Q9NXB9,Q940S0
human_vs_arabidopsis.hp_lehninger_c_nonpolar2.k18.lctrue.regions.parquet,Q9NXB9,Q9LYS6
human_vs_arabidopsis.hp_lehninger_c_nonpolar2.k18.lctrue.regions.parquet,Q9NYP7,O48851
human_vs_arabidopsis.hp_lehninger_c_nonpolar2.k18.lctrue.regions.parquet,Q9NYP7,P93042
human_vs_arabidopsis.hp_lehninger_c_nonpolar2.k18.lctrue.regions.parquet,Q9NYP7,Q8LFP7
human_vs_arabidopsis.hp_lehninger_c_nonpolar2.k18.lctrue.regions.parquet,Q9NYP7,Q8RWI9
human_vs_arabidopsis.hp_lehninger_c_nonpolar2.k18.lctrue.regions.parquet,Q9P1P4,O65479
human_vs_arabidopsis.hp_lehninger_c_nonpolar2.k18.lctrue.regions.parquet,Q9P1P4,O82244
human_vs_arabidopsis.hp_lehninger_c_nonpolar2.k18.lctrue.regions.parquet,Q9P1P4,Q8L7R5
human_vs_arabidopsis.hp_lehninger_c_nonpolar2.k18.lctrue.regions.parquet,Q9P1P4,Q96290
human_vs_arabidopsis.hp_lehninger_c_nonpolar2.k18.lctrue.regions.parquet,Q9P1P4,Q9SHJ3
human_vs_arabidopsis.hp_lehninger_c_nonpolar2.k18.lctrue.regions.parquet,Q9P2C4,Q4VCM1
human_vs_arabidopsis.hp_lehninger_c_nonpolar2.k18.lctrue.regions.parquet,Q9P2C4,Q9FNL3
human_vs_arabidopsis.hp_lehninger_c_nonpolar2.k18.lctrue.regions.parquet,Q9P2C4,Q9M130
human_vs_arabidopsis.hp_lehninger_c_nonpolar2.k18.lctrue.regions.parquet,Q9P2C4,Q9SUI4
human_vs_arabidopsis.hp_lehninger_c_nonpolar2.k18.lctrue.regions.parquet,Q9UBU6,Q9C521
human_vs_arabidopsis.hp_lehninger_c_nonpolar2.k18.lctrue.regions.parquet,Q9UBU6,Q9C6T7
human_vs_arabidopsis.hp_lehninger_c_nonpolar2.k18.lctrue.regions.parquet,Q9UBU6,Q9LY50
human_vs_arabidopsis.hp_lehninger_c_nonpolar2.k18.lctrue.regions.parquet,Q9UGF6,O04289
human_vs_arabidopsis.hp_lehninger_c_nonpolar2.k18.lctrue.regions.parquet,Q9UGF6,P92558
human_vs_arabidopsis.hp_lehninger_c_nonpolar2.k18.lctrue.regions.parquet,Q9UGF6,Q1PE39
human_vs_arabidopsis.hp_lehninger_c_nonpolar2.k18.lctrue.regions.parquet,Q9UGF6,Q8LAI1
human_vs_arabidopsis.hp_lehninger_c_nonpolar2.k18.lctrue.regions.parquet,Q9UGF6,Q9FYG3
human_vs_arabidopsis.hp_lehninger_c_nonpolar2.k18.lctrue.regions.parquet,Q9UGF6,Q9ZPH4
human_vs_arabidopsis.hp_lehninger_c_nonpolar2.k18.lctrue.regions.parquet,Q9UGF6,Q9ZV24
human_vs_arabidopsis.hp_lehninger_c_nonpolar2.k18.lctrue.regions.parquet,Q9UGP8,Q39254
human_vs_arabidopsis.hp_lehninger_c_nonpolar2.k18.lctrue.regions.parquet,Q9UGP8,Q9C6S4
human_vs_arabidopsis.hp_lehninger_c_nonpolar2.k18.lctrue.regions.parquet,Q9ULH4,Q4V3B8
human_vs_arabidopsis.hp_lehninger_c_nonpolar2.k18.lctrue.regions.parquet,Q9Y2C2,Q9SL56
human_vs_arabidopsis.hp_lehninger_c_nonpolar2.k18.lctrue.regions.parquet,Q9Y2C5,F4HWB6
human_vs_arabidopsis.hp_lehninger_c_nonpolar2.k18.lctrue.regions.parquet,Q9Y2C5,F4HZH9
human_vs_arabidopsis.hp_lehninger_c_nonpolar2.k18.lctrue.regions.parquet,Q9Y2C5,Q6NQ87
human_vs_arabidopsis.hp_lehninger_c_nonpolar2.k18.lctrue.regions.parquet,Q9Y2C5,Q8L4Y2
human_vs_arabidopsis.hp_lehninger_c_nonpolar2.k18.lctrue.regions.parquet,Q9Y2C5,Q9AUE0
human_vs_arabidopsis.hp_lehninger_c_nonpolar2.k18.lctrue.regions.parquet,Q9Y2C5,Q9FKH6
human_vs_arabidopsis.hp_lehninger_c_nonpolar2.k18.lctrue.regions.parquet,Q9Y2C5,Q9LPV5
human_vs_arabidopsis.hp_lehninger_c_nonpolar2.k18.lctrue.regions.parquet,Q9Y5U8,F4I5D5
human_vs_arabidopsis.hp_lehninger_c_nonpolar2.k18.lctrue.regions.parquet,Q9Y5U8,F4JTB3
human_vs_arabidopsis.hp_lehninger_c_nonpolar2.k18.lctrue.regions.parquet,Q9Y5W7,Q8GYB4
human_vs_arabidopsis.hp_lehninger_c_nonpolar2.k18.lctrue.regions.parquet,Q9Y5W7,Q9C9Z1
human_vs_arabidopsis.hp_lehninger_c_nonpolar2.k18.lctrue.regions.parquet,Q9Y694,O23596
human_vs_arabidopsis.hp_lehninger_c_nonpolar2.k18.lctrue.regions.parquet,Q9Y694,O64471
human_vs_arabidopsis.hp_lehninger_c_nonpolar2.k18.lctrue.regions.parquet,Q9Y694,P56752
human_vs_arabidopsis.hp_lehninger_c_nonpolar2.k18.lctrue.regions.parquet,Q9Y694,Q38956
human_vs_arabidopsis.hp_lehninger_c_nonpolar2.k18.lctrue.regions.parquet,Q9Y694,Q8L7A0
human_vs_arabidopsis.hp_lehninger_c_nonpolar2.k18.lctrue.regions.parquet,Q9Y694,Q93XM7
human_vs_arabidopsis.hp_lehninger_c_nonpolar2.k18.lctrue.regions.parquet,Q9Y694,Q944G5
human_vs_arabidopsis.hp_lehninger_c_nonpolar2.k18.lctrue.regions.parquet,Q9Y694,Q94KB7
human_vs_arabidopsis.hp_lehninger_c_nonpolar2.k18.lctrue.regions.parquet,Q9Y694,Q9FKH6
human_vs_arabidopsis.hp_lehninger_c_nonpolar2.k18.lctrue.regions.parquet,Q9Y694,Q9LZQ1
human_vs_arabidopsis.hp_thomas_dill2.k19.lctrue.regions.parquet,A0A3B3IU46,Q8GVE5
human_vs_arabidopsis.hp_thomas_dill2.k19.lctrue.regions.parquet,A0A3B3IU46,Q9C778
human_vs_arabidopsis.hp_thomas_dill2.k19.lctrue.regions.parquet,A1A5C7,Q9MB58
human_vs_arabidopsis.hp_thomas_dill2.k19.lctrue.regions.parquet,A1A5C7,Q9SU35
human_vs_arabidopsis.hp_thomas_dill2.k19.lctrue.regions.parquet,A7XYQ1,F4IN58
human_vs_arabidopsis.hp_thomas_dill2.k19.lctrue.regions.parquet,A7XYQ1,Q0WNB1
human_vs_arabidopsis.hp_thomas_dill2.k19.lctrue.regions.parquet,A7XYQ1,Q9FF15
human_vs_arabidopsis.hp_thomas_dill2.k19.lctrue.regions.parquet,A7XYQ1,Q9LQM3
human_vs_arabidopsis.hp_thomas_dill2.k19.lctrue.regions.parquet,A7XYQ1,Q9ZU75
human_vs_arabidopsis.hp_thomas_dill2.k19.lctrue.regions.parquet,H3BQB6,F4IXJ7
human_vs_arabidopsis.hp_thomas_dill2.k19.lctrue.regions.parquet,H3BQB6,Q8L3P4
human_vs_arabidopsis.hp_thomas_dill2.k19.lctrue.regions.parquet,H3BQB6,Q93VG5
human_vs_arabidopsis.hp_thomas_dill2.k19.lctrue.regions.parquet,O00141,Q9SJM6
human_vs_arabidopsis.hp_thomas_dill2.k19.lctrue.regions.parquet,O00453,Q700D2
human_vs_arabidopsis.hp_thomas_dill2.k19.lctrue.regions.parquet,O00476,F4J9M5
human_vs_arabidopsis.hp_thomas_dill2.k19.lctrue.regions.parquet,O00478,O48682
human_vs_arabidopsis.hp_thomas_dill2.k19.lctrue.regions.parquet,O00479,Q9SB64
human_vs_arabidopsis.hp_thomas_dill2.k19.lctrue.regions.parquet,O00548,Q6X7K0
human_vs_arabidopsis.hp_thomas_dill2.k19.lctrue.regions.parquet,O00716,Q84JM4
human_vs_arabidopsis.hp_thomas_dill2.k19.lctrue.regions.parquet,O00716,Q9LRR5
human_vs_arabidopsis.hp_thomas_dill2.k19.lctrue.regions.parquet,O00716,Q9M1K2
human_vs_arabidopsis.hp_thomas_dill2.k19.lctrue.regions.parquet,O00716,Q9M2F9
human_vs_arabidopsis.hp_thomas_dill2.k19.lctrue.regions.parquet,O00716,Q9ZWC5
human_vs_arabidopsis.hp_thomas_dill2.k19.lctrue.regions.parquet,O15056,O49722
human_vs_arabidopsis.hp_thomas_dill2.k19.lctrue.regions.parquet,O15056,Q42093
human_vs_arabidopsis.hp_thomas_dill2.k19.lctrue.regions.parquet,O15056,Q9AT76
human_vs_arabidopsis.hp_thomas_dill2.k19.lctrue.regions.parquet,O15209,Q8LSZ4
human_vs_arabidopsis.hp_thomas_dill2.k19.lctrue.regions.parquet,O15209,Q9FL59
human_vs_arabidopsis.hp_thomas_dill2.k19.lctrue.regions.parquet,O15400,Q9CAX8
human_vs_arabidopsis.hp_thomas_dill2.k19.lctrue.regions.parquet,O43167,C5H8J1
human_vs_arabidopsis.hp_thomas_dill2.k19.lctrue.regions.parquet,O43167,Q9FMN2
human_vs_arabidopsis.hp_thomas_dill2.k19.lctrue.regions.parquet,O43167,Q9LS03
human_vs_arabidopsis.hp_thomas_dill2.k19.lctrue.regions.parquet,O43196,Q5XEZ0
human_vs_arabidopsis.hp_thomas_dill2.k19.lctrue.regions.parquet,O43309,Q944C2
human_vs_arabidopsis.hp_thomas_dill2.k19.lctrue.regions.parquet,O43318,Q42572
human_vs_arabidopsis.hp_thomas_dill2.k19.lctrue.regions.parquet,O43318,Q9LSM5
human_vs_arabidopsis.hp_thomas_dill2.k19.lctrue.regions.parquet,O43318,Q9ZW76
human_vs_arabidopsis.hp_thomas_dill2.k19.lctrue.regions.parquet,O43324,Q9FN69
human_vs_arabidopsis.hp_thomas_dill2.k19.lctrue.regions.parquet,O43524,F4IRB4
human_vs_arabidopsis.hp_thomas_dill2.k19.lctrue.regions.parquet,O43524,Q7DMA9
human_vs_arabidopsis.hp_thomas_dill2.k19.lctrue.regions.parquet,O43680,Q9C909
human_vs_arabidopsis.hp_thomas_dill2.k19.lctrue.regions.parquet,O60231,Q9C5D2
human_vs_arabidopsis.hp_thomas_dill2.k19.lctrue.regions.parquet,O60231,Q9C9C8
human_vs_arabidopsis.hp_thomas_dill2.k19.lctrue.regions.parquet,O60242,F4HSD4
human_vs_arabidopsis.hp_thomas_dill2.k19.lctrue.regions.parquet,O60260,F4KHG6
human_vs_arabidopsis.hp_thomas_dill2.k19.lctrue.regions.parquet,O60281,P46600
human_vs_arabidopsis.hp_thomas_dill2.k19.lctrue.regions.parquet,O60281,P49206
human_vs_arabidopsis.hp_thomas_dill2.k19.lctrue.regions.parquet,O60281,Q06738
human_vs_arabidopsis.hp_thomas_dill2.k19.lctrue.regions.parquet,O60281,Q6AWX6
human_vs_arabidopsis.hp_thomas_dill2.k19.lctrue.regions.parquet,O60281,Q84R10
human_vs_arabidopsis.hp_thomas_dill2.k19.lctrue.regions.parquet,O60281,Q9C9B2
human_vs_arabidopsis.hp_thomas_dill2.k19.lctrue.regions.parquet,O60281,Q9LXQ8
human_vs_arabidopsis.hp_thomas_dill2.k19.lctrue.regions.parquet,O60281,Q9S7Z2
human_vs_arabidopsis.hp_thomas_dill2.k19.lctrue.regions.parquet,O60281,Q9SYB9
human_vs_arabidopsis.hp_thomas_dill2.k19.lctrue.regions.parquet,O60508,F4HS99
human_vs_arabidopsis.hp_thomas_dill2.k19.lctrue.regions.parquet,O60508,Q6A332
human_vs_arabidopsis.hp_thomas_dill2.k19.lctrue.regions.parquet,O60547,Q9LN63
human_vs_arabidopsis.hp_thomas_dill2.k19.lctrue.regions.parquet,O60641,P42825
human_vs_arabidopsis.hp_thomas_dill2.k19.lctrue.regions.parquet,O60641,Q8S8I1
human_vs_arabidopsis.hp_thomas_dill2.k19.lctrue.regions.parquet,O60641,Q9M8T7
human_vs_arabidopsis.hp_thomas_dill2.k19.lctrue.regions.parquet,O60641,Q9SII8
human_vs_arabidopsis.hp_thomas_dill2.k19.lctrue.regions.parquet,O60906,P93756
human_vs_arabidopsis.hp_thomas_dill2.k19.lctrue.regions.parquet,O75019,Q8RWV0
human_vs_arabidopsis.hp_thomas_dill2.k19.lctrue.regions.parquet,O75022,Q9LSY7
human_vs_arabidopsis.hp_thomas_dill2.k19.lctrue.regions.parquet,O75023,Q9C9X9
human_vs_arabidopsis.hp_thomas_dill2.k19.lctrue.regions.parquet,O75023,Q9SR33
human_vs_arabidopsis.hp_thomas_dill2.k19.lctrue.regions.parquet,O75023,Q9ZWS7
human_vs_arabidopsis.hp_thomas_dill2.k19.lctrue.regions.parquet,O75167,Q04996
human_vs_arabidopsis.hp_thomas_dill2.k19.lctrue.regions.parquet,O75167,Q93YW0
human_vs_arabidopsis.hp_thomas_dill2.k19.lctrue.regions.parquet,O75167,Q9FFT4
human_vs_arabidopsis.hp_thomas_dill2.k19.lctrue.regions.parquet,O75496,F4J4N3
human_vs_arabidopsis.hp_thomas_dill2.k19.lctrue.regions.parquet,O75496,Q56WM6
human_vs_arabidopsis.hp_thomas_dill2.k19.lctrue.regions.parquet,O75496,Q8L9Y3
human_vs_arabidopsis.hp_thomas_dill2.k19.lctrue.regions.parquet,O75496,Q9LTS4
human_vs_arabidopsis.hp_thomas_dill2.k19.lctrue.regions.parquet,O75603,Q9SAH3
human_vs_arabidopsis.hp_thomas_dill2.k19.lctrue.regions.parquet,O75626,Q8VZ42
human_vs_arabidopsis.hp_thomas_dill2.k19.lctrue.regions.parquet,O76064,Q9SD38
human_vs_arabidopsis.hp_thomas_dill2.k19.lctrue.regions.parquet,O77932,Q9LYG3
human_vs_arabidopsis.hp_thomas_dill2.k19.lctrue.regions.parquet,O94874,O80565
human_vs_arabidopsis.hp_thomas_dill2.k19.lctrue.regions.parquet,O94874,Q9SCJ4
human_vs_arabidopsis.hp_thomas_dill2.k19.lctrue.regions.parquet,O95238,C0LGR9
human_vs_arabidopsis.hp_thomas_dill2.k19.lctrue.regions.parquet,O95238,P43273
human_vs_arabidopsis.hp_thomas_dill2.k19.lctrue.regions.parquet,O95279,F4IUG9
human_vs_arabidopsis.hp_thomas_dill2.k19.lctrue.regions.parquet,O95279,Q0WML0
human_vs_arabidopsis.hp_thomas_dill2.k19.lctrue.regions.parquet,O95279,Q9FMF5
human_vs_arabidopsis.hp_thomas_dill2.k19.lctrue.regions.parquet,O95551,Q8W234
human_vs_arabidopsis.hp_thomas_dill2.k19.lctrue.regions.parquet,O95677,F4JNY0
human_vs_arabidopsis.hp_thomas_dill2.k19.lctrue.regions.parquet,O95677,Q9C688
human_vs_arabidopsis.hp_thomas_dill2.k19.lctrue.regions.parquet,O95677,Q9ZUU0
human_vs_arabidopsis.hp_thomas_dill2.k19.lctrue.regions.parquet,O95835,Q11207
human_vs_arabidopsis.hp_thomas_dill2.k19.lctrue.regions.parquet,O95835,Q7Y175
human_vs_arabidopsis.hp_thomas_dill2.k19.lctrue.regions.parquet,O95835,Q8L751
human_vs_arabidopsis.hp_thomas_dill2.k19.lctrue.regions.parquet,O95835,Q9M7Q2
human_vs_arabidopsis.hp_thomas_dill2.k19.lctrue.regions.parquet,O95835,Q9SI37
human_vs_arabidopsis.hp_thomas_dill2.k19.lctrue.regions.parquet,O95873,O64747
human_vs_arabidopsis.hp_thomas_dill2.k19.lctrue.regions.parquet,O95944,Q9CB03
human_vs_arabidopsis.hp_thomas_dill2.k19.lctrue.regions.parquet,P00488,P25851
human_vs_arabidopsis.hp_thomas_dill2.k19.lctrue.regions.parquet,P00747,Q42538
human_vs_arabidopsis.hp_thomas_dill2.k19.lctrue.regions.parquet,P00747,Q9FN69
human_vs_arabidopsis.hp_thomas_dill2.k19.lctrue.regions.parquet,P01889,O22230
human_vs_arabidopsis.hp_thomas_dill2.k19.lctrue.regions.parquet,P01889,Q9C5S9
human_vs_arabidopsis.hp_thomas_dill2.k19.lctrue.regions.parquet,P04908,Q9SYX2
human_vs_arabidopsis.hp_thomas_dill2.k19.lctrue.regions.parquet,P05549,O80669
human_vs_arabidopsis.hp_thomas_dill2.k19.lctrue.regions.parquet,P05549,Q9CA46
human_vs_arabidopsis.hp_thomas_dill2.k19.lctrue.regions.parquet,P08238,Q8LA16
human_vs_arabidopsis.hp_thomas_dill2.k19.lctrue.regions.parquet,P08922,F4HVA6
human_vs_arabidopsis.hp_thomas_dill2.k19.lctrue.regions.parquet,P08F94,Q9LSZ3
human_vs_arabidopsis.hp_thomas_dill2.k19.lctrue.regions.parquet,P09210,H3K2Y6
human_vs_arabidopsis.hp_thomas_dill2.k19.lctrue.regions.parquet,P0C0S8,Q9SYX2
human_vs_arabidopsis.hp_thomas_dill2.k19.lctrue.regions.parquet,P0DMV8,O65272
human_vs_arabidopsis.hp_thomas_dill2.k19.lctrue.regions.parquet,P0DMV9,O65272
human_vs_arabidopsis.hp_thomas_dill2.k19.lctrue.regions.parquet,P10242,Q8GWK1
human_vs_arabidopsis.hp_thomas_dill2.k19.lctrue.regions.parquet,P10242,Q9LNJ0
human_vs_arabidopsis.hp_thomas_dill2.k19.lctrue.regions.parquet,P10412,Q8GYX3
human_vs_arabidopsis.hp_thomas_dill2.k19.lctrue.regions.parquet,P11717,Q9SVW8
human_vs_arabidopsis.hp_thomas_dill2.k19.lctrue.regions.parquet,P11831,Q5M755
human_vs_arabidopsis.hp_thomas_dill2.k19.lctrue.regions.parquet,P11831,Q94AW5
human_vs_arabidopsis.hp_thomas_dill2.k19.lctrue.regions.parquet,P11831,Q9C8W9
human_vs_arabidopsis.hp_thomas_dill2.k19.lctrue.regions.parquet,P12872,O24606
human_vs_arabidopsis.hp_thomas_dill2.k19.lctrue.regions.parquet,P13942,Q94AR6
human_vs_arabidopsis.hp_thomas_dill2.k19.lctrue.regions.parquet,P15311,Q8VZC0
human_vs_arabidopsis.hp_thomas_dill2.k19.lctrue.regions.parquet,P15311,Q9FNN6
human_vs_arabidopsis.hp_thomas_dill2.k19.lctrue.regions.parquet,P15692,Q42344
human_vs_arabidopsis.hp_thomas_dill2.k19.lctrue.regions.parquet,P15822,F4I131
human_vs_arabidopsis.hp_thomas_dill2.k19.lctrue.regions.parquet,P15822,O04656
human_vs_arabidopsis.hp_thomas_dill2.k19.lctrue.regions.parquet,P15822,P56820
human_vs_arabidopsis.hp_thomas_dill2.k19.lctrue.regions.parquet,P15822,Q06BH3
human_vs_arabidopsis.hp_thomas_dill2.k19.lctrue.regions.parquet,P15822,Q8GXZ3
human_vs_arabidopsis.hp_thomas_dill2.k19.lctrue.regions.parquet,P15822,Q8RWY6
human_vs_arabidopsis.hp_thomas_dill2.k19.lctrue.regions.parquet,P15822,Q9FR53
human_vs_arabidopsis.hp_thomas_dill2.k19.lctrue.regions.parquet,P15822,Q9LU76
human_vs_arabidopsis.hp_thomas_dill2.k19.lctrue.regions.parquet,P15822,Q9LYZ7
human_vs_arabidopsis.hp_thomas_dill2.k19.lctrue.regions.parquet,P15822,Q9SJ56
human_vs_arabidopsis.hp_thomas_dill2.k19.lctrue.regions.parquet,P15822,Q9SLL2
human_vs_arabidopsis.hp_thomas_dill2.k19.lctrue.regions.parquet,P15822,Q9XIN0
human_vs_arabidopsis.hp_thomas_dill2.k19.lctrue.regions.parquet,P16401,Q5PNU3
human_vs_arabidopsis.hp_thomas_dill2.k19.lctrue.regions.parquet,P16402,A9QM73
human_vs_arabidopsis.hp_thomas_dill2.k19.lctrue.regions.parquet,P16403,O23372
human_vs_arabidopsis.hp_thomas_dill2.k19.lctrue.regions.parquet,P19484,O82132
human_vs_arabidopsis.hp_thomas_dill2.k19.lctrue.regions.parquet,P19484,Q1PDW5
human_vs_arabidopsis.hp_thomas_dill2.k19.lctrue.regions.parquet,P19484,Q94C59
human_vs_arabidopsis.hp_thomas_dill2.k19.lctrue.regions.parquet,P19484,Q9S758
human_vs_arabidopsis.hp_thomas_dill2.k19.lctrue.regions.parquet,P20265,O80933
human_vs_arabidopsis.hp_thomas_dill2.k19.lctrue.regions.parquet,P20265,P52032
human_vs_arabidopsis.hp_thomas_dill2.k19.lctrue.regions.parquet,P20265,Q5YDB5
human_vs_arabidopsis.hp_thomas_dill2.k19.lctrue.regions.parquet,P20671,Q9SYX2
human_vs_arabidopsis.hp_thomas_dill2.k19.lctrue.regions.parquet,P21580,F4IJ77
human_vs_arabidopsis.hp_thomas_dill2.k19.lctrue.regions.parquet,P21580,O22845
human_vs_arabidopsis.hp_thomas_dill2.k19.lctrue.regions.parquet,P21580,Q2V3B2
human_vs_arabidopsis.hp_thomas_dill2.k19.lctrue.regions.parquet,P21580,Q67XC9
human_vs_arabidopsis.hp_thomas_dill2.k19.lctrue.regions.parquet,P21580,Q8GW16
human_vs_arabidopsis.hp_thomas_dill2.k19.lctrue.regions.parquet,P21580,Q9SHI3
human_vs_arabidopsis.hp_thomas_dill2.k19.lctrue.regions.parquet,P22492,Q0WVM7
human_vs_arabidopsis.hp_thomas_dill2.k19.lctrue.regions.parquet,P22492,Q8W4H7
human_vs_arabidopsis.hp_thomas_dill2.k19.lctrue.regions.parquet,P24046,O80605
human_vs_arabidopsis.hp_thomas_dill2.k19.lctrue.regions.parquet,P24863,Q39117
human_vs_arabidopsis.hp_thomas_dill2.k19.lctrue.regions.parquet,P25063,Q9S6Z8
human_vs_arabidopsis.hp_thomas_dill2.k19.lctrue.regions.parquet,P25205,O80654
human_vs_arabidopsis.hp_thomas_dill2.k19.lctrue.regions.parquet,P28062,Q9LQZ7
human_vs_arabidopsis.hp_thomas_dill2.k19.lctrue.regions.parquet,P28222,Q9C9Y8
human_vs_arabidopsis.hp_thomas_dill2.k19.lctrue.regions.parquet,P31629,F4IUW3
human_vs_arabidopsis.hp_thomas_dill2.k19.lctrue.regions.parquet,P31629,F4J1U4
human_vs_arabidopsis.hp_thomas_dill2.k19.lctrue.regions.parquet,P31629,O80952
human_vs_arabidopsis.hp_thomas_dill2.k19.lctrue.regions.parquet,P31629,Q6XAT2
human_vs_arabidopsis.hp_thomas_dill2.k19.lctrue.regions.parquet,P31629,Q8LAP8
human_vs_arabidopsis.hp_thomas_dill2.k19.lctrue.regions.parquet,P31629,Q8RXE7
human_vs_arabidopsis.hp_thomas_dill2.k19.lctrue.regions.parquet,P31629,Q9C589
human_vs_arabidopsis.hp_thomas_dill2.k19.lctrue.regions.parquet,P31629,Q9SUP7
human_vs_arabidopsis.hp_thomas_dill2.k19.lctrue.regions.parquet,P33981,Q8RWY6
human_vs_arabidopsis.hp_thomas_dill2.k19.lctrue.regions.parquet,P33981,Q9FKT4
human_vs_arabidopsis.hp_thomas_dill2.k19.lctrue.regions.parquet,P36508,P54150
human_vs_arabidopsis.hp_thomas_dill2.k19.lctrue.regions.parquet,P36915,F4K0J3
human_vs_arabidopsis.hp_thomas_dill2.k19.lctrue.regions.parquet,P36915,Q8L9K1
human_vs_arabidopsis.hp_thomas_dill2.k19.lctrue.regions.parquet,P38936,Q9FMU5
human_vs_arabidopsis.hp_thomas_dill2.k19.lctrue.regions.parquet,P40425,Q8GW96
human_vs_arabidopsis.hp_thomas_dill2.k19.lctrue.regions.parquet,P40425,Q8LB17
human_vs_arabidopsis.hp_thomas_dill2.k19.lctrue.regions.parquet,P40425,Q9LH89
human_vs_arabidopsis.hp_thomas_dill2.k19.lctrue.regions.parquet,P43307,F4J7T2
human_vs_arabidopsis.hp_thomas_dill2.k19.lctrue.regions.parquet,P43307,Q9SV55
human_vs_arabidopsis.hp_thomas_dill2.k19.lctrue.regions.parquet,P43629,Q9LDZ1
human_vs_arabidopsis.hp_thomas_dill2.k19.lctrue.regions.parquet,P43631,Q9SCW5
human_vs_arabidopsis.hp_thomas_dill2.k19.lctrue.regions.parquet,P43632,Q9SCW5
human_vs_arabidopsis.hp_thomas_dill2.k19.lctrue.regions.parquet,P48634,F4KFS5
human_vs_arabidopsis.hp_thomas_dill2.k19.lctrue.regions.parquet,P48634,Q8L3R2
human_vs_arabidopsis.hp_thomas_dill2.k19.lctrue.regions.parquet,P48634,Q8RWE9
human_vs_arabidopsis.hp_thomas_dill2.k19.lctrue.regions.parquet,P48634,Q9FV71
human_vs_arabidopsis.hp_thomas_dill2.k19.lctrue.regions.parquet,P49643,Q00466
human_vs_arabidopsis.hp_thomas_dill2.k19.lctrue.regions.parquet,P49790,F4IAR2
human_vs_arabidopsis.hp_thomas_dill2.k19.lctrue.regions.parquet,P49790,O80536
human_vs_arabidopsis.hp_thomas_dill2.k19.lctrue.regions.parquet,P49790,Q67YE6
human_vs_arabidopsis.hp_thomas_dill2.k19.lctrue.regions.parquet,P49790,Q8H181
human_vs_arabidopsis.hp_thomas_dill2.k19.lctrue.regions.parquet,P49790,Q9LJN2
human_vs_arabidopsis.hp_thomas_dill2.k19.lctrue.regions.parquet,P49790,Q9SQU1
human_vs_arabidopsis.hp_thomas_dill2.k19.lctrue.regions.parquet,P54253,F4I171
human_vs_arabidopsis.hp_thomas_dill2.k19.lctrue.regions.parquet,P54253,Q8GY23
human_vs_arabidopsis.hp_thomas_dill2.k19.lctrue.regions.parquet,P54253,Q93WU7
human_vs_arabidopsis.hp_thomas_dill2.k19.lctrue.regions.parquet,P54253,Q9T072
human_vs_arabidopsis.hp_thomas_dill2.k19.lctrue.regions.parquet,P55008,Q6R0A6
human_vs_arabidopsis.hp_thomas_dill2.k19.lctrue.regions.parquet,P55196,Q84XV2
human_vs_arabidopsis.hp_thomas_dill2.k19.lctrue.regions.parquet,P55196,Q9FFP2
human_vs_arabidopsis.hp_thomas_dill2.k19.lctrue.regions.parquet,P55196,Q9FPR3
human_vs_arabidopsis.hp_thomas_dill2.k19.lctrue.regions.parquet,P55196,Q9LIE4
human_vs_arabidopsis.hp_thomas_dill2.k19.lctrue.regions.parquet,P63128,Q9LFE4
human_vs_arabidopsis.hp_thomas_dill2.k19.lctrue.regions.parquet,P63172,Q9FJN9
human_vs_arabidopsis.hp_thomas_dill2.k19.lctrue.regions.parquet,P68431,P59169
human_vs_arabidopsis.hp_thomas_dill2.k19.lctrue.regions.parquet,P78382,Q9LEY4
human_vs_arabidopsis.hp_thomas_dill2.k19.lctrue.regions.parquet,P84103,Q93V99
human_vs_arabidopsis.hp_thomas_dill2.k19.lctrue.regions.parquet,P84103,Q9SKZ5
human_vs_arabidopsis.hp_thomas_dill2.k19.lctrue.regions.parquet,Q01151,Q94JM3
human_vs_arabidopsis.hp_thomas_dill2.k19.lctrue.regions.parquet,Q01860,Q9C928
human_vs_arabidopsis.hp_thomas_dill2.k19.lctrue.regions.parquet,Q01860,Q9ZV39
human_vs_arabidopsis.hp_thomas_dill2.k19.lctrue.regions.parquet,Q02539,O81001
human_vs_arabidopsis.hp_thomas_dill2.k19.lctrue.regions.parquet,Q02952,Q0WL80
human_vs_arabidopsis.hp_thomas_dill2.k19.lctrue.regions.parquet,Q02952,Q1ECE0
human_vs_arabidopsis.hp_thomas_dill2.k19.lctrue.regions.parquet,Q02952,Q8LPK4
human_vs_arabidopsis.hp_thomas_dill2.k19.lctrue.regions.parquet,Q02952,Q9ZQF9
human_vs_arabidopsis.hp_thomas_dill2.k19.lctrue.regions.parquet,Q03181,Q9LXV4
human_vs_arabidopsis.hp_thomas_dill2.k19.lctrue.regions.parquet,Q04900,Q5HZ38
human_vs_arabidopsis.hp_thomas_dill2.k19.lctrue.regions.parquet,Q06587,F4JTJ9
human_vs_arabidopsis.hp_thomas_dill2.k19.lctrue.regions.parquet,Q06587,Q94AI4
human_vs_arabidopsis.hp_thomas_dill2.k19.lctrue.regions.parquet,Q12899,Q9FM86
human_vs_arabidopsis.hp_thomas_dill2.k19.lctrue.regions.parquet,Q12947,F4IL57
human_vs_arabidopsis.hp_thomas_dill2.k19.lctrue.regions.parquet,Q12947,Q6NKU9
human_vs_arabidopsis.hp_thomas_dill2.k19.lctrue.regions.parquet,Q12947,Q84TF4
human_vs_arabidopsis.hp_thomas_dill2.k19.lctrue.regions.parquet,Q12948,P42736
human_vs_arabidopsis.hp_thomas_dill2.k19.lctrue.regions.parquet,Q12948,P56820
human_vs_arabidopsis.hp_thomas_dill2.k19.lctrue.regions.parquet,Q13410,F4JKK0
human_vs_arabidopsis.hp_thomas_dill2.k19.lctrue.regions.parquet,Q13451,P0CAP3
human_vs_arabidopsis.hp_thomas_dill2.k19.lctrue.regions.parquet,Q13451,Q9FFU6
human_vs_arabidopsis.hp_thomas_dill2.k19.lctrue.regions.parquet,Q13546,Q0WN69
human_vs_arabidopsis.hp_thomas_dill2.k19.lctrue.regions.parquet,Q13546,Q0WV96
human_vs_arabidopsis.hp_thomas_dill2.k19.lctrue.regions.parquet,Q13838,Q9M000
human_vs_arabidopsis.hp_thomas_dill2.k19.lctrue.regions.parquet,Q13950,O80928
human_vs_arabidopsis.hp_thomas_dill2.k19.lctrue.regions.parquet,Q13950,Q8W4A5
human_vs_arabidopsis.hp_thomas_dill2.k19.lctrue.regions.parquet,Q13950,Q9LFA2
human_vs_arabidopsis.hp_thomas_dill2.k19.lctrue.regions.parquet,Q14244,Q9FE63
human_vs_arabidopsis.hp_thomas_dill2.k19.lctrue.regions.parquet,Q14244,Q9FNM7
human_vs_arabidopsis.hp_thomas_dill2.k19.lctrue.regions.parquet,Q14244,Q9LRW7
human_vs_arabidopsis.hp_thomas_dill2.k19.lctrue.regions.parquet,Q14511,Q39253
human_vs_arabidopsis.hp_thomas_dill2.k19.lctrue.regions.parquet,Q14511,Q5BPT7
human_vs_arabidopsis.hp_thomas_dill2.k19.lctrue.regions.parquet,Q14511,Q8GZ92
human_vs_arabidopsis.hp_thomas_dill2.k19.lctrue.regions.parquet,Q14511,Q9SRV7
human_vs_arabidopsis.hp_thomas_dill2.k19.lctrue.regions.parquet,Q14676,Q29Q26
human_vs_arabidopsis.hp_thomas_dill2.k19.lctrue.regions.parquet,Q14676,Q42545
human_vs_arabidopsis.hp_thomas_dill2.k19.lctrue.regions.parquet,Q14676,Q84JZ6
human_vs_arabidopsis.hp_thomas_dill2.k19.lctrue.regions.parquet,Q14676,Q9FKG1
human_vs_arabidopsis.hp_thomas_dill2.k19.lctrue.regions.parquet,Q14676,Q9LU44
human_vs_arabidopsis.hp_thomas_dill2.k19.lctrue.regions.parquet,Q14676,Q9XFB0
human_vs_arabidopsis.hp_thomas_dill2.k19.lctrue.regions.parquet,Q14738,Q9S7P5
human_vs_arabidopsis.hp_thomas_dill2.k19.lctrue.regions.parquet,Q14953,Q9M393
human_vs_arabidopsis.hp_thomas_dill2.k19.lctrue.regions.parquet,Q14954,Q9SCW5
human_vs_arabidopsis.hp_thomas_dill2.k19.lctrue.regions.parquet,Q14993,F4J7T2
human_vs_arabidopsis.hp_thomas_dill2.k19.lctrue.regions.parquet,Q14993,Q9LZ98
human_vs_arabidopsis.hp_thomas_dill2.k19.lctrue.regions.parquet,Q14993,Q9M2K8
human_vs_arabidopsis.hp_thomas_dill2.k19.lctrue.regions.parquet,Q14993,Q9SYC9
human_vs_arabidopsis.hp_thomas_dill2.k19.lctrue.regions.parquet,Q149N8,O22864
human_vs_arabidopsis.hp_thomas_dill2.k19.lctrue.regions.parquet,Q149N8,Q9FIT1
human_vs_arabidopsis.hp_thomas_dill2.k19.lctrue.regions.parquet,Q15109,Q9XIN7
human_vs_arabidopsis.hp_thomas_dill2.k19.lctrue.regions.parquet,Q15544,Q9FY95
human_vs_arabidopsis.hp_thomas_dill2.k19.lctrue.regions.parquet,Q15651,Q9C9U4
human_vs_arabidopsis.hp_thomas_dill2.k19.lctrue.regions.parquet,Q15776,Q9LT17
human_vs_arabidopsis.hp_thomas_dill2.k19.lctrue.regions.parquet,Q16626,O22176
human_vs_arabidopsis.hp_thomas_dill2.k19.lctrue.regions.parquet,Q16626,Q8VZ02
human_vs_arabidopsis.hp_thomas_dill2.k19.lctrue.regions.parquet,Q16670,Q9FE67
human_vs_arabidopsis.hp_thomas_dill2.k19.lctrue.regions.parquet,Q16670,Q9SZL7
human_vs_arabidopsis.hp_thomas_dill2.k19.lctrue.regions.parquet,Q4VX76,O64647
human_vs_arabidopsis.hp_thomas_dill2.k19.lctrue.regions.parquet,Q4ZHG4,F4K295
human_vs_arabidopsis.hp_thomas_dill2.k19.lctrue.regions.parquet,Q4ZHG4,Q94AR6
human_vs_arabidopsis.hp_thomas_dill2.k19.lctrue.regions.parquet,Q4ZHG4,Q9SAV1
human_vs_arabidopsis.hp_thomas_dill2.k19.lctrue.regions.parquet,Q587J8,Q9SZH0
human_vs_arabidopsis.hp_thomas_dill2.k19.lctrue.regions.parquet,Q5JTD0,Q2LAE1
human_vs_arabidopsis.hp_thomas_dill2.k19.lctrue.regions.parquet,Q5JTD0,Q9LYN7
human_vs_arabidopsis.hp_thomas_dill2.k19.lctrue.regions.parquet,Q5JTD0,Q9STT5
human_vs_arabidopsis.hp_thomas_dill2.k19.lctrue.regions.parquet,Q5JTD0,Q9SXY0
human_vs_arabidopsis.hp_thomas_dill2.k19.lctrue.regions.parquet,Q5JVL4,F4JI44
human_vs_arabidopsis.hp_thomas_dill2.k19.lctrue.regions.parquet,Q5JVL4,Q9FIF3
human_vs_arabidopsis.hp_thomas_dill2.k19.lctrue.regions.parquet,Q5JXM2,Q9XIG1
human_vs_arabidopsis.hp_thomas_dill2.k19.lctrue.regions.parquet,Q5M9Q1,Q9SIW1
human_vs_arabidopsis.hp_thomas_dill2.k19.lctrue.regions.parquet,Q5SQI0,Q0WQ75
human_vs_arabidopsis.hp_thomas_dill2.k19.lctrue.regions.parquet,Q5SQI0,Q8L5Y6
human_vs_arabidopsis.hp_thomas_dill2.k19.lctrue.regions.parquet,Q5SSQ6,O22264
human_vs_arabidopsis.hp_thomas_dill2.k19.lctrue.regions.parquet,Q5SW24,Q8LJT8
human_vs_arabidopsis.hp_thomas_dill2.k19.lctrue.regions.parquet,Q5SW24,Q9C6H2
human_vs_arabidopsis.hp_thomas_dill2.k19.lctrue.regions.parquet,Q5SW24,Q9LFA5
human_vs_arabidopsis.hp_thomas_dill2.k19.lctrue.regions.parquet,Q5SZL2,F4I8W1
human_vs_arabidopsis.hp_thomas_dill2.k19.lctrue.regions.parquet,Q5SZL2,F4JTF6
human_vs_arabidopsis.hp_thomas_dill2.k19.lctrue.regions.parquet,Q5T0W9,Q9C6I7
human_vs_arabidopsis.hp_thomas_dill2.k19.lctrue.regions.parquet,Q5T0W9,Q9C7W2
human_vs_arabidopsis.hp_thomas_dill2.k19.lctrue.regions.parquet,Q5T0W9,Q9STY3
human_vs_arabidopsis.hp_thomas_dill2.k19.lctrue.regions.parquet,Q5T1Q4,Q9FIU6
human_vs_arabidopsis.hp_thomas_dill2.k19.lctrue.regions.parquet,Q5T3U5,Q38850
human_vs_arabidopsis.hp_thomas_dill2.k19.lctrue.regions.parquet,Q5T5C0,O23145
human_vs_arabidopsis.hp_thomas_dill2.k19.lctrue.regions.parquet,Q5T5C0,O64989
human_vs_arabidopsis.hp_thomas_dill2.k19.lctrue.regions.parquet,Q5T5C0,Q9XGM3
human_vs_arabidopsis.hp_thomas_dill2.k19.lctrue.regions.parquet,Q5TAB7,Q9LZF8
human_vs_arabidopsis.hp_thomas_dill2.k19.lctrue.regions.parquet,Q5TB80,Q43125
human_vs_arabidopsis.hp_thomas_dill2.k19.lctrue.regions.parquet,Q5TB80,Q8H0T4
human_vs_arabidopsis.hp_thomas_dill2.k19.lctrue.regions.parquet,Q5TCS8,O48788
human_vs_arabidopsis.hp_thomas_dill2.k19.lctrue.regions.parquet,Q5TCS8,O49717
human_vs_arabidopsis.hp_thomas_dill2.k19.lctrue.regions.parquet,Q5TCS8,O65272
human_vs_arabidopsis.hp_thomas_dill2.k19.lctrue.regions.parquet,Q5TCS8,Q8VZ80
human_vs_arabidopsis.hp_thomas_dill2.k19.lctrue.regions.parquet,Q5TCS8,Q9LU44
human_vs_arabidopsis.hp_thomas_dill2.k19.lctrue.regions.parquet,Q5TCY1,C0LGU7
human_vs_arabidopsis.hp_thomas_dill2.k19.lctrue.regions.parquet,Q5TD94,P69781
human_vs_arabidopsis.hp_thomas_dill2.k19.lctrue.regions.parquet,Q5TD94,Q9LZM8
human_vs_arabidopsis.hp_thomas_dill2.k19.lctrue.regions.parquet,Q5TFE4,Q9LS90
human_vs_arabidopsis.hp_thomas_dill2.k19.lctrue.regions.parquet,Q5TH69,O48781
human_vs_arabidopsis.hp_thomas_dill2.k19.lctrue.regions.parquet,Q5TH69,Q6XJG8
human_vs_arabidopsis.hp_thomas_dill2.k19.lctrue.regions.parquet,Q5TH69,Q84TF5
human_vs_arabidopsis.hp_thomas_dill2.k19.lctrue.regions.parquet,Q5TH69,Q94C59
human_vs_arabidopsis.hp_thomas_dill2.k19.lctrue.regions.parquet,Q5TH69,Q9LW77
human_vs_arabidopsis.hp_thomas_dill2.k19.lctrue.regions.parquet,Q5TH69,Q9M080
human_vs_arabidopsis.hp_thomas_dill2.k19.lctrue.regions.parquet,Q5TH69,Q9SLN1
human_vs_arabidopsis.hp_thomas_dill2.k19.lctrue.regions.parquet,Q5VUA4,F4I171
human_vs_arabidopsis.hp_thomas_dill2.k19.lctrue.regions.parquet,Q5VUA4,O04244
human_vs_arabidopsis.hp_thomas_dill2.k19.lctrue.regions.parquet,Q5VUA4,O80506
human_vs_arabidopsis.hp_thomas_dill2.k19.lctrue.regions.parquet,Q5VUA4,P93823
human_vs_arabidopsis.hp_thomas_dill2.k19.lctrue.regions.parquet,Q5VUA4,Q5XPK0
human_vs_arabidopsis.hp_thomas_dill2.k19.lctrue.regions.parquet,Q5VUA4,Q7XZF5
human_vs_arabidopsis.hp_thomas_dill2.k19.lctrue.regions.parquet,Q5VUA4,Q84LG2
human_vs_arabidopsis.hp_thomas_dill2.k19.lctrue.regions.parquet,Q5VUA4,Q8L799
human_vs_arabidopsis.hp_thomas_dill2.k19.lctrue.regions.parquet,Q5VUA4,Q9FNN6
human_vs_arabidopsis.hp_thomas_dill2.k19.lctrue.regions.parquet,Q5VUA4,Q9LYH0
human_vs_arabidopsis.hp_thomas_dill2.k19.lctrue.regions.parquet,Q5VUA4,Q9T0I1
human_vs_arabidopsis.hp_thomas_dill2.k19.lctrue.regions.parquet,Q5VUA4,Q9XIK6
human_vs_arabidopsis.hp_thomas_dill2.k19.lctrue.regions.parquet,Q5VUM1,Q9SRW9
human_vs_arabidopsis.hp_thomas_dill2.k19.lctrue.regions.parquet,Q5VWX1,Q8GWD2
human_vs_arabidopsis.hp_thomas_dill2.k19.lctrue.regions.parquet,Q5VWX1,Q9FE59
human_vs_arabidopsis.hp_thomas_dill2.k19.lctrue.regions.parquet,Q5VZK9,Q8VZQ2
human_vs_arabidopsis.hp_thomas_dill2.k19.lctrue.regions.parquet,Q5VZK9,Q93Y06
human_vs_arabidopsis.hp_thomas_dill2.k19.lctrue.regions.parquet,Q6IEG0,O22798
human_vs_arabidopsis.hp_thomas_dill2.k19.lctrue.regions.parquet,Q6ISU1,Q39160
human_vs_arabidopsis.hp_thomas_dill2.k19.lctrue.regions.parquet,Q6NT16,Q9SRV1
human_vs_arabidopsis.hp_thomas_dill2.k19.lctrue.regions.parquet,Q6PI73,Q9FKF9
human_vs_arabidopsis.hp_thomas_dill2.k19.lctrue.regions.parquet,Q6PI73,Q9LSY7
human_vs_arabidopsis.hp_thomas_dill2.k19.lctrue.regions.parquet,Q6Q6R5,Q84JK2
human_vs_arabidopsis.hp_thomas_dill2.k19.lctrue.regions.parquet,Q6UB35,Q8LAX3
human_vs_arabidopsis.hp_thomas_dill2.k19.lctrue.regions.parquet,Q6ZMV9,Q9FMM7
human_vs_arabidopsis.hp_thomas_dill2.k19.lctrue.regions.parquet,Q6ZN17,P0DI18
human_vs_arabidopsis.hp_thomas_dill2.k19.lctrue.regions.parquet,Q6ZN17,Q0WL52
human_vs_arabidopsis.hp_thomas_dill2.k19.lctrue.regions.parquet,Q6ZN17,Q9LUL4
human_vs_arabidopsis.hp_thomas_dill2.k19.lctrue.regions.parquet,Q6ZU52,C0Z361
human_vs_arabidopsis.hp_thomas_dill2.k19.lctrue.regions.parquet,Q6ZU52,F4K4C5
human_vs_arabidopsis.hp_thomas_dill2.k19.lctrue.regions.parquet,Q6ZU52,P84634
human_vs_arabidopsis.hp_thomas_dill2.k19.lctrue.regions.parquet,Q70CQ1,Q8H1S7
human_vs_arabidopsis.hp_thomas_dill2.k19.lctrue.regions.parquet,Q70CQ1,Q9FK30
human_vs_arabidopsis.hp_thomas_dill2.k19.lctrue.regions.parquet,Q70EL2,Q8S8E8
human_vs_arabidopsis.hp_thomas_dill2.k19.lctrue.regions.parquet,Q70EL2,Q8VYB1
human_vs_arabidopsis.hp_thomas_dill2.k19.lctrue.regions.parquet,Q70EL2,Q9M1K5
human_vs_arabidopsis.hp_thomas_dill2.k19.lctrue.regions.parquet,Q70EL2,Q9SIN1
human_vs_arabidopsis.hp_thomas_dill2.k19.lctrue.regions.parquet,Q7RTU3,Q9SCR0
human_vs_arabidopsis.hp_thomas_dill2.k19.lctrue.regions.parquet,Q7Z6J4,Q9XIN0
human_vs_arabidopsis.hp_thomas_dill2.k19.lctrue.regions.parquet,Q7Z6P3,Q3ECS5
human_vs_arabidopsis.hp_thomas_dill2.k19.lctrue.regions.parquet,Q7Z6P3,Q8LGD5
human_vs_arabidopsis.hp_thomas_dill2.k19.lctrue.regions.parquet,Q7Z6P3,Q9SJ56
human_vs_arabidopsis.hp_thomas_dill2.k19.lctrue.regions.parquet,Q7Z6P3,Q9SLH3
human_vs_arabidopsis.hp_thomas_dill2.k19.lctrue.regions.parquet,Q7Z6R9,Q9SV19
human_vs_arabidopsis.hp_thomas_dill2.k19.lctrue.regions.parquet,Q7Z7B0,O64825
human_vs_arabidopsis.hp_thomas_dill2.k19.lctrue.regions.parquet,Q7Z7B0,Q6IM86
human_vs_arabidopsis.hp_thomas_dill2.k19.lctrue.regions.parquet,Q7Z7C8,Q9S752
human_vs_arabidopsis.hp_thomas_dill2.k19.lctrue.regions.parquet,Q7Z7C8,Q9ZWM9
human_vs_arabidopsis.hp_thomas_dill2.k19.lctrue.regions.parquet,Q86SQ4,Q9LTT8
human_vs_arabidopsis.hp_thomas_dill2.k19.lctrue.regions.parquet,Q86T65,Q8L7F7
human_vs_arabidopsis.hp_thomas_dill2.k19.lctrue.regions.parquet,Q86UC2,F4IUY8
human_vs_arabidopsis.hp_thomas_dill2.k19.lctrue.regions.parquet,Q86UC2,P69781
human_vs_arabidopsis.hp_thomas_dill2.k19.lctrue.regions.parquet,Q86UC2,Q0WNW4
human_vs_arabidopsis.hp_thomas_dill2.k19.lctrue.regions.parquet,Q86UC2,Q8H1Q2
human_vs_arabidopsis.hp_thomas_dill2.k19.lctrue.regions.parquet,Q86UC2,Q9FPR3
human_vs_arabidopsis.hp_thomas_dill2.k19.lctrue.regions.parquet,Q86UR5,Q9ASQ7
human_vs_arabidopsis.hp_thomas_dill2.k19.lctrue.regions.parquet,Q86UR5,Q9C9Z9
human_vs_arabidopsis.hp_thomas_dill2.k19.lctrue.regions.parquet,Q86UR5,Q9FMP8
human_vs_arabidopsis.hp_thomas_dill2.k19.lctrue.regions.parquet,Q86UR5,Q9FNZ2
human_vs_arabidopsis.hp_thomas_dill2.k19.lctrue.regions.parquet,Q86UR5,Q9LK03
human_vs_arabidopsis.hp_thomas_dill2.k19.lctrue.regions.parquet,Q86UR5,Q9SXY0
human_vs_arabidopsis.hp_thomas_dill2.k19.lctrue.regions.parquet,Q86VW1,Q9LVF4
human_vs_arabidopsis.hp_thomas_dill2.k19.lctrue.regions.parquet,Q8HWS3,Q7XJ60
human_vs_arabidopsis.hp_thomas_dill2.k19.lctrue.regions.parquet,Q8IV45,O64728
human_vs_arabidopsis.hp_thomas_dill2.k19.lctrue.regions.parquet,Q8IVH2,Q8GXC6
human_vs_arabidopsis.hp_thomas_dill2.k19.lctrue.regions.parquet,Q8IVH2,Q9FHK0
human_vs_arabidopsis.hp_thomas_dill2.k19.lctrue.regions.parquet,Q8IVH2,Q9FQ04
human_vs_arabidopsis.hp_thomas_dill2.k19.lctrue.regions.parquet,Q8IVH2,Q9LG11
human_vs_arabidopsis.hp_thomas_dill2.k19.lctrue.regions.parquet,Q8IWP9,Q9C6H4
human_vs_arabidopsis.hp_thomas_dill2.k19.lctrue.regions.parquet,Q8IWV8,F4JTJ9
human_vs_arabidopsis.hp_thomas_dill2.k19.lctrue.regions.parquet,Q8IWV8,Q9LDE4
human_vs_arabidopsis.hp_thomas_dill2.k19.lctrue.regions.parquet,Q8IZF2,O49500
human_vs_arabidopsis.hp_thomas_dill2.k19.lctrue.regions.parquet,Q8IZS6,Q9SH58
human_vs_arabidopsis.hp_thomas_dill2.k19.lctrue.regions.parquet,Q8N109,Q8VZS6
human_vs_arabidopsis.hp_thomas_dill2.k19.lctrue.regions.parquet,Q8N157,O80792
human_vs_arabidopsis.hp_thomas_dill2.k19.lctrue.regions.parquet,Q8N157,Q6IMT1
human_vs_arabidopsis.hp_thomas_dill2.k19.lctrue.regions.parquet,Q8N157,Q94AA9
human_vs_arabidopsis.hp_thomas_dill2.k19.lctrue.regions.parquet,Q8N1K5,Q56X72
human_vs_arabidopsis.hp_thomas_dill2.k19.lctrue.regions.parquet,Q8N3L3,Q9LS86
human_vs_arabidopsis.hp_thomas_dill2.k19.lctrue.regions.parquet,Q8N3L3,Q9XE58
human_vs_arabidopsis.hp_thomas_dill2.k19.lctrue.regions.parquet,Q8N3Z0,Q75QN6
human_vs_arabidopsis.hp_thomas_dill2.k19.lctrue.regions.parquet,Q8N4B5,Q0WKV8
human_vs_arabidopsis.hp_thomas_dill2.k19.lctrue.regions.parquet,Q8N680,F4I3P9
human_vs_arabidopsis.hp_thomas_dill2.k19.lctrue.regions.parquet,Q8N878,F4IG73
human_vs_arabidopsis.hp_thomas_dill2.k19.lctrue.regions.parquet,Q8N878,Q9FIQ0
human_vs_arabidopsis.hp_thomas_dill2.k19.lctrue.regions.parquet,Q8N878,Q9XIG1
human_vs_arabidopsis.hp_thomas_dill2.k19.lctrue.regions.parquet,Q8NB25,Q8GXC6
human_vs_arabidopsis.hp_thomas_dill2.k19.lctrue.regions.parquet,Q8NC56,Q2V2T9
human_vs_arabidopsis.hp_thomas_dill2.k19.lctrue.regions.parquet,Q8NC56,Q5XPK0
human_vs_arabidopsis.hp_thomas_dill2.k19.lctrue.regions.parquet,Q8NC56,Q94BS8
human_vs_arabidopsis.hp_thomas_dill2.k19.lctrue.regions.parquet,Q8NC56,Q9M8J3
human_vs_arabidopsis.hp_thomas_dill2.k19.lctrue.regions.parquet,Q8NE79,O65272
human_vs_arabidopsis.hp_thomas_dill2.k19.lctrue.regions.parquet,Q8NE79,Q9SHJ6
human_vs_arabidopsis.hp_thomas_dill2.k19.lctrue.regions.parquet,Q8NF91,Q5M755
human_vs_arabidopsis.hp_thomas_dill2.k19.lctrue.regions.parquet,Q8NF91,Q9FGK8
human_vs_arabidopsis.hp_thomas_dill2.k19.lctrue.regions.parquet,Q8NF91,Q9LQM3
human_vs_arabidopsis.hp_thomas_dill2.k19.lctrue.regions.parquet,Q8NFD5,F4HWY6
human_vs_arabidopsis.hp_thomas_dill2.k19.lctrue.regions.parquet,Q8NFD5,O80915
human_vs_arabidopsis.hp_thomas_dill2.k19.lctrue.regions.parquet,Q8NFD5,Q8W4K5
human_vs_arabidopsis.hp_thomas_dill2.k19.lctrue.regions.parquet,Q8NFD5,Q94B40
human_vs_arabidopsis.hp_thomas_dill2.k19.lctrue.regions.parquet,Q8NFD5,Q9XIE1
human_vs_arabidopsis.hp_thomas_dill2.k19.lctrue.regions.parquet,Q8NHJ6,Q9M7Q2
human_vs_arabidopsis.hp_thomas_dill2.k19.lctrue.regions.parquet,Q8NHL6,F4IUE7
human_vs_arabidopsis.hp_thomas_dill2.k19.lctrue.regions.parquet,Q8NHL6,Q5XPJ6
human_vs_arabidopsis.hp_thomas_dill2.k19.lctrue.regions.parquet,Q8NHL6,Q9SJI8
human_vs_arabidopsis.hp_thomas_dill2.k19.lctrue.regions.parquet,Q8TB52,Q9LZE5
human_vs_arabidopsis.hp_thomas_dill2.k19.lctrue.regions.parquet,Q8TC20,O64768
human_vs_arabidopsis.hp_thomas_dill2.k19.lctrue.regions.parquet,Q8TC41,P82266
human_vs_arabidopsis.hp_thomas_dill2.k19.lctrue.regions.parquet,Q8TD31,O22208
human_vs_arabidopsis.hp_thomas_dill2.k19.lctrue.regions.parquet,Q8TD31,Q84W66
human_vs_arabidopsis.hp_thomas_dill2.k19.lctrue.regions.parquet,Q8TDH9,F4IV99
human_vs_arabidopsis.hp_thomas_dill2.k19.lctrue.regions.parquet,Q8WUA2,F4J3S1
human_vs_arabidopsis.hp_thomas_dill2.k19.lctrue.regions.parquet,Q8WUA2,F4JY24
human_vs_arabidopsis.hp_thomas_dill2.k19.lctrue.regions.parquet,Q8WUA2,Q8W5R5
human_vs_arabidopsis.hp_thomas_dill2.k19.lctrue.regions.parquet,Q8WUB8,O80517
human_vs_arabidopsis.hp_thomas_dill2.k19.lctrue.regions.parquet,Q8WUB8,Q8S905
human_vs_arabidopsis.hp_thomas_dill2.k19.lctrue.regions.parquet,Q8WUB8,Q9LFA5
human_vs_arabidopsis.hp_thomas_dill2.k19.lctrue.regions.parquet,Q8WWN9,Q8GYB1
human_vs_arabidopsis.hp_thomas_dill2.k19.lctrue.regions.parquet,Q8WWN9,Q9FFK8
human_vs_arabidopsis.hp_thomas_dill2.k19.lctrue.regions.parquet,Q8WWN9,Q9LSW9
human_vs_arabidopsis.hp_thomas_dill2.k19.lctrue.regions.parquet,Q8WWN9,Q9XGR4
human_vs_arabidopsis.hp_thomas_dill2.k19.lctrue.regions.parquet,Q8WWU5,Q93XX4
human_vs_arabidopsis.hp_thomas_dill2.k19.lctrue.regions.parquet,Q8WWU5,Q9LDX1
human_vs_arabidopsis.hp_thomas_dill2.k19.lctrue.regions.parquet,Q92504,Q8S905
human_vs_arabidopsis.hp_thomas_dill2.k19.lctrue.regions.parquet,Q92504,Q949V6
human_vs_arabidopsis.hp_thomas_dill2.k19.lctrue.regions.parquet,Q92562,Q1PE10
human_vs_arabidopsis.hp_thomas_dill2.k19.lctrue.regions.parquet,Q92766,O04259
human_vs_arabidopsis.hp_thomas_dill2.k19.lctrue.regions.parquet,Q92766,O80883
human_vs_arabidopsis.hp_thomas_dill2.k19.lctrue.regions.parquet,Q92766,Q6R2K3
human_vs_arabidopsis.hp_thomas_dill2.k19.lctrue.regions.parquet,Q92766,Q93VM9
human_vs_arabidopsis.hp_thomas_dill2.k19.lctrue.regions.parquet,Q92766,Q9LJN2
human_vs_arabidopsis.hp_thomas_dill2.k19.lctrue.regions.parquet,Q92766,Q9MAN1
human_vs_arabidopsis.hp_thomas_dill2.k19.lctrue.regions.parquet,Q92766,Q9SN28
human_vs_arabidopsis.hp_thomas_dill2.k19.lctrue.regions.parquet,Q92833,Q8S3D5
human_vs_arabidopsis.hp_thomas_dill2.k19.lctrue.regions.parquet,Q92833,Q9LFA2
human_vs_arabidopsis.hp_thomas_dill2.k19.lctrue.regions.parquet,Q93077,Q9SYX2
human_vs_arabidopsis.hp_thomas_dill2.k19.lctrue.regions.parquet,Q969J2,F4KFS5
human_vs_arabidopsis.hp_thomas_dill2.k19.lctrue.regions.parquet,Q969J2,Q9C5W6
human_vs_arabidopsis.hp_thomas_dill2.k19.lctrue.regions.parquet,Q96AP4,Q6R3K4
human_vs_arabidopsis.hp_thomas_dill2.k19.lctrue.regions.parquet,Q96AP4,Q9LV40
human_vs_arabidopsis.hp_thomas_dill2.k19.lctrue.regions.parquet,Q96C00,F4HP88
human_vs_arabidopsis.hp_thomas_dill2.k19.lctrue.regions.parquet,Q96C00,Q9SQK3
human_vs_arabidopsis.hp_thomas_dill2.k19.lctrue.regions.parquet,Q96D71,F4JIN3
human_vs_arabidopsis.hp_thomas_dill2.k19.lctrue.regions.parquet,Q96D71,Q8S8E8
human_vs_arabidopsis.hp_thomas_dill2.k19.lctrue.regions.parquet,Q96D71,Q9S9M5
human_vs_arabidopsis.hp_thomas_dill2.k19.lctrue.regions.parquet,Q96EV8,F4J8V5
human_vs_arabidopsis.hp_thomas_dill2.k19.lctrue.regions.parquet,Q96JM7,F4K0A6
human_vs_arabidopsis.hp_thomas_dill2.k19.lctrue.regions.parquet,Q96JM7,O23100
human_vs_arabidopsis.hp_thomas_dill2.k19.lctrue.regions.parquet,Q96JM7,Q8VYZ5
human_vs_arabidopsis.hp_thomas_dill2.k19.lctrue.regions.parquet,Q96KF7,F4HZB9
human_vs_arabidopsis.hp_thomas_dill2.k19.lctrue.regions.parquet,Q96KK5,Q9SYX2
human_vs_arabidopsis.hp_thomas_dill2.k19.lctrue.regions.parquet,Q96KQ7,A0A1P8AW69
human_vs_arabidopsis.hp_thomas_dill2.k19.lctrue.regions.parquet,Q96KQ7,P93007
human_vs_arabidopsis.hp_thomas_dill2.k19.lctrue.regions.parquet,Q96KQ7,Q9S7E6
human_vs_arabidopsis.hp_thomas_dill2.k19.lctrue.regions.parquet,Q96KW2,O81275
human_vs_arabidopsis.hp_thomas_dill2.k19.lctrue.regions.parquet,Q96KW2,P42749
human_vs_arabidopsis.hp_thomas_dill2.k19.lctrue.regions.parquet,Q96KW2,Q56XR0
human_vs_arabidopsis.hp_thomas_dill2.k19.lctrue.regions.parquet,Q96KW2,Q8VZ79
human_vs_arabidopsis.hp_thomas_dill2.k19.lctrue.regions.parquet,Q96KW2,Q9FF61
human_vs_arabidopsis.hp_thomas_dill2.k19.lctrue.regions.parquet,Q96KW2,Q9SGQ0
human_vs_arabidopsis.hp_thomas_dill2.k19.lctrue.regions.parquet,Q96NH3,Q9LU18
human_vs_arabidopsis.hp_thomas_dill2.k19.lctrue.regions.parquet,Q96P44,Q8VZF6
human_vs_arabidopsis.hp_thomas_dill2.k19.lctrue.regions.parquet,Q96PC2,Q940Y1
human_vs_arabidopsis.hp_thomas_dill2.k19.lctrue.regions.parquet,Q96PQ5,Q2PE59
human_vs_arabidopsis.hp_thomas_dill2.k19.lctrue.regions.parquet,Q96PQ5,Q9LSB9
human_vs_arabidopsis.hp_thomas_dill2.k19.lctrue.regions.parquet,Q96PQ5,Q9SGW8
human_vs_arabidopsis.hp_thomas_dill2.k19.lctrue.regions.parquet,Q96PQ5,Q9SU56
human_vs_arabidopsis.hp_thomas_dill2.k19.lctrue.regions.parquet,Q96QV6,Q9FNK5
human_vs_arabidopsis.hp_thomas_dill2.k19.lctrue.regions.parquet,Q96S59,O80927
human_vs_arabidopsis.hp_thomas_dill2.k19.lctrue.regions.parquet,Q96T54,F4JCX9
human_vs_arabidopsis.hp_thomas_dill2.k19.lctrue.regions.parquet,Q99459,F4K493
human_vs_arabidopsis.hp_thomas_dill2.k19.lctrue.regions.parquet,Q99459,O23145
human_vs_arabidopsis.hp_thomas_dill2.k19.lctrue.regions.parquet,Q99459,Q5XEP2
human_vs_arabidopsis.hp_thomas_dill2.k19.lctrue.regions.parquet,Q99683,O22268
human_vs_arabidopsis.hp_thomas_dill2.k19.lctrue.regions.parquet,Q99683,Q06AN9
human_vs_arabidopsis.hp_thomas_dill2.k19.lctrue.regions.parquet,Q99706,O80942
human_vs_arabidopsis.hp_thomas_dill2.k19.lctrue.regions.parquet,Q99715,C0LGG8
human_vs_arabidopsis.hp_thomas_dill2.k19.lctrue.regions.parquet,Q99715,O22798
human_vs_arabidopsis.hp_thomas_dill2.k19.lctrue.regions.parquet,Q99715,Q8VYH0
human_vs_arabidopsis.hp_thomas_dill2.k19.lctrue.regions.parquet,Q99715,Q8W489
human_vs_arabidopsis.hp_thomas_dill2.k19.lctrue.regions.parquet,Q99715,Q9C951
human_vs_arabidopsis.hp_thomas_dill2.k19.lctrue.regions.parquet,Q99750,F4I8S3
human_vs_arabidopsis.hp_thomas_dill2.k19.lctrue.regions.parquet,Q99750,Q9SYX2
human_vs_arabidopsis.hp_thomas_dill2.k19.lctrue.regions.parquet,Q99808,F4JC20
human_vs_arabidopsis.hp_thomas_dill2.k19.lctrue.regions.parquet,Q99878,Q9SYX2
human_vs_arabidopsis.hp_thomas_dill2.k19.lctrue.regions.parquet,Q99941,F4IXW2
human_vs_arabidopsis.hp_thomas_dill2.k19.lctrue.regions.parquet,Q99941,F4JSG3
human_vs_arabidopsis.hp_thomas_dill2.k19.lctrue.regions.parquet,Q99941,P42777
human_vs_arabidopsis.hp_thomas_dill2.k19.lctrue.regions.parquet,Q99941,Q0WPX9
human_vs_arabidopsis.hp_thomas_dill2.k19.lctrue.regions.parquet,Q99941,Q9SQU1
human_vs_arabidopsis.hp_thomas_dill2.k19.lctrue.regions.parquet,Q99941,Q9SW44
human_vs_arabidopsis.hp_thomas_dill2.k19.lctrue.regions.parquet,Q99941,Q9SX85
human_vs_arabidopsis.hp_thomas_dill2.k19.lctrue.regions.parquet,Q99941,Q9XIK6
human_vs_arabidopsis.hp_thomas_dill2.k19.lctrue.regions.parquet,Q99942,F4I6G4
human_vs_arabidopsis.hp_thomas_dill2.k19.lctrue.regions.parquet,Q99967,Q9LFA5
human_vs_arabidopsis.hp_thomas_dill2.k19.lctrue.regions.parquet,Q9BRR0,Q56Y01
human_vs_arabidopsis.hp_thomas_dill2.k19.lctrue.regions.parquet,Q9BRS2,Q8H1D7
human_vs_arabidopsis.hp_thomas_dill2.k19.lctrue.regions.parquet,Q9BRS2,Q9LFP7
human_vs_arabidopsis.hp_thomas_dill2.k19.lctrue.regions.parquet,Q9BRS2,Q9SRE0
human_vs_arabidopsis.hp_thomas_dill2.k19.lctrue.regions.parquet,Q9BT09,Q9SB51
human_vs_arabidopsis.hp_thomas_dill2.k19.lctrue.regions.parquet,Q9BW19,F4IFD0
human_vs_arabidopsis.hp_thomas_dill2.k19.lctrue.regions.parquet,Q9BW19,Q6NKN9
human_vs_arabidopsis.hp_thomas_dill2.k19.lctrue.regions.parquet,Q9BW19,Q8GUN5
human_vs_arabidopsis.hp_thomas_dill2.k19.lctrue.regions.parquet,Q9BWV7,Q9LDM4
human_vs_arabidopsis.hp_thomas_dill2.k19.lctrue.regions.parquet,Q9BXY4,Q8W5B1
human_vs_arabidopsis.hp_thomas_dill2.k19.lctrue.regions.parquet,Q9BYV9,Q8H0T4
human_vs_arabidopsis.hp_thomas_dill2.k19.lctrue.regions.parquet,Q9BYV9,Q9LRZ0
human_vs_arabidopsis.hp_thomas_dill2.k19.lctrue.regions.parquet,Q9BYV9,Q9S9M8
human_vs_arabidopsis.hp_thomas_dill2.k19.lctrue.regions.parquet,Q9BYV9,Q9SB51
human_vs_arabidopsis.hp_thomas_dill2.k19.lctrue.regions.parquet,Q9BYV9,Q9SZE8
human_vs_arabidopsis.hp_thomas_dill2.k19.lctrue.regions.parquet,Q9BZY9,Q8LDB8
human_vs_arabidopsis.hp_thomas_dill2.k19.lctrue.regions.parquet,Q9C009,Q39247
human_vs_arabidopsis.hp_thomas_dill2.k19.lctrue.regions.parquet,Q9C009,Q84W56
human_vs_arabidopsis.hp_thomas_dill2.k19.lctrue.regions.parquet,Q9C009,Q8L860
human_vs_arabidopsis.hp_thomas_dill2.k19.lctrue.regions.parquet,Q9C010,Q9ZVW2
human_vs_arabidopsis.hp_thomas_dill2.k19.lctrue.regions.parquet,Q9C0D0,O49500
human_vs_arabidopsis.hp_thomas_dill2.k19.lctrue.regions.parquet,Q9C0D0,P46603
human_vs_arabidopsis.hp_thomas_dill2.k19.lctrue.regions.parquet,Q9C0D0,Q5XPJ9
human_vs_arabidopsis.hp_thomas_dill2.k19.lctrue.regions.parquet,Q9GZM5,Q9SHJ6
human_vs_arabidopsis.hp_thomas_dill2.k19.lctrue.regions.parquet,Q9GZR5,Q8H0V5
human_vs_arabidopsis.hp_thomas_dill2.k19.lctrue.regions.parquet,Q9H0U9,Q9C7S0
human_vs_arabidopsis.hp_thomas_dill2.k19.lctrue.regions.parquet,Q9H1H9,F4JIF4
human_vs_arabidopsis.hp_thomas_dill2.k19.lctrue.regions.parquet,Q9H1H9,F4K265
human_vs_arabidopsis.hp_thomas_dill2.k19.lctrue.regions.parquet,Q9H1H9,F4KIA8
human_vs_arabidopsis.hp_thomas_dill2.k19.lctrue.regions.parquet,Q9H1H9,Q8RWV0
human_vs_arabidopsis.hp_thomas_dill2.k19.lctrue.regions.parquet,Q9H1H9,Q8RXA7
human_vs_arabidopsis.hp_thomas_dill2.k19.lctrue.regions.parquet,Q9H1H9,Q8VZS6
human_vs_arabidopsis.hp_thomas_dill2.k19.lctrue.regions.parquet,Q9H4E7,F4IED2
human_vs_arabidopsis.hp_thomas_dill2.k19.lctrue.regions.parquet,Q9H4Q3,O65590
human_vs_arabidopsis.hp_thomas_dill2.k19.lctrue.regions.parquet,Q9H4Q3,Q9LM20
human_vs_arabidopsis.hp_thomas_dill2.k19.lctrue.regions.parquet,Q9H4Q3,Q9STX3
human_vs_arabidopsis.hp_thomas_dill2.k19.lctrue.regions.parquet,Q9H4T2,Q9LKR3
human_vs_arabidopsis.hp_thomas_dill2.k19.lctrue.regions.parquet,Q9H4T2,Q9ZWJ9
human_vs_arabidopsis.hp_thomas_dill2.k19.lctrue.regions.parquet,Q9H633,Q9ZUE0
human_vs_arabidopsis.hp_thomas_dill2.k19.lctrue.regions.parquet,Q9H6K1,Q9LKA0
human_vs_arabidopsis.hp_thomas_dill2.k19.lctrue.regions.parquet,Q9H7B2,F4HSD4
human_vs_arabidopsis.hp_thomas_dill2.k19.lctrue.regions.parquet,Q9HB96,F4JTS8
human_vs_arabidopsis.hp_thomas_dill2.k19.lctrue.regions.parquet,Q9HCH3,Q9LYK9
human_vs_arabidopsis.hp_thomas_dill2.k19.lctrue.regions.parquet,Q9HCM9,Q39214
human_vs_arabidopsis.hp_thomas_dill2.k19.lctrue.regions.parquet,Q9HD26,Q5YDB6
human_vs_arabidopsis.hp_thomas_dill2.k19.lctrue.regions.parquet,Q9NP56,Q945P6
human_vs_arabidopsis.hp_thomas_dill2.k19.lctrue.regions.parquet,Q9NP62,Q9SCQ6
human_vs_arabidopsis.hp_thomas_dill2.k19.lctrue.regions.parquet,Q9NRA2,Q9FMB6
human_vs_arabidopsis.hp_thomas_dill2.k19.lctrue.regions.parquet,Q9NRJ4,F4JY37
human_vs_arabidopsis.hp_thomas_dill2.k19.lctrue.regions.parquet,Q9NRJ4,O48722
human_vs_arabidopsis.hp_thomas_dill2.k19.lctrue.regions.parquet,Q9NRJ4,Q9C5G7
human_vs_arabidopsis.hp_thomas_dill2.k19.lctrue.regions.parquet,Q9NRJ4,Q9C8M9
human_vs_arabidopsis.hp_thomas_dill2.k19.lctrue.regions.parquet,Q9NWT1,Q9SYJ8
human_vs_arabidopsis.hp_thomas_dill2.k19.lctrue.regions.parquet,Q9NXL9,O22775
human_vs_arabidopsis.hp_thomas_dill2.k19.lctrue.regions.parquet,Q9NXL9,Q6A333
human_vs_arabidopsis.hp_thomas_dill2.k19.lctrue.regions.parquet,Q9NXL9,Q8GYP5
human_vs_arabidopsis.hp_thomas_dill2.k19.lctrue.regions.parquet,Q9NXL9,Q9FY61
human_vs_arabidopsis.hp_thomas_dill2.k19.lctrue.regions.parquet,Q9NXL9,Q9ZW76
human_vs_arabidopsis.hp_thomas_dill2.k19.lctrue.regions.parquet,Q9NXZ2,Q8VWG7
human_vs_arabidopsis.hp_thomas_dill2.k19.lctrue.regions.parquet,Q9NXZ2,Q9FMZ0
human_vs_arabidopsis.hp_thomas_dill2.k19.lctrue.regions.parquet,Q9NYP7,F4JIF5
human_vs_arabidopsis.hp_thomas_dill2.k19.lctrue.regions.parquet,Q9UBC1,Q9LVW2
human_vs_arabidopsis.hp_thomas_dill2.k19.lctrue.regions.parquet,Q9UBC1,Q9SJF1
human_vs_arabidopsis.hp_thomas_dill2.k19.lctrue.regions.parquet,Q9UBU6,Q8RXY6
human_vs_arabidopsis.hp_thomas_dill2.k19.lctrue.regions.parquet,Q9UGC6,O49500
human_vs_arabidopsis.hp_thomas_dill2.k19.lctrue.regions.parquet,Q9UGP8,Q0WQF7
human_vs_arabidopsis.hp_thomas_dill2.k19.lctrue.regions.parquet,Q9UGP8,Q9SFV6
human_vs_arabidopsis.hp_thomas_dill2.k19.lctrue.regions.parquet,Q9UIL4,F4JNY0
human_vs_arabidopsis.hp_thomas_dill2.k19.lctrue.regions.parquet,Q9UIL4,Q9LUH8
human_vs_arabidopsis.hp_thomas_dill2.k19.lctrue.regions.parquet,Q9UJ04,Q8RWY4
human_vs_arabidopsis.hp_thomas_dill2.k19.lctrue.regions.parquet,Q9UJN7,Q8W5R2
human_vs_arabidopsis.hp_thomas_dill2.k19.lctrue.regions.parquet,Q9UJN7,Q9C835
human_vs_arabidopsis.hp_thomas_dill2.k19.lctrue.regions.parquet,Q9UK97,Q8GZ43
human_vs_arabidopsis.hp_thomas_dill2.k19.lctrue.regions.parquet,Q9UKL3,F4I4Q3
human_vs_arabidopsis.hp_thomas_dill2.k19.lctrue.regions.parquet,Q9UKL3,Q56XR0
human_vs_arabidopsis.hp_thomas_dill2.k19.lctrue.regions.parquet,Q9UKL3,Q9FKG2
human_vs_arabidopsis.hp_thomas_dill2.k19.lctrue.regions.parquet,Q9UKL3,Q9SU35
human_vs_arabidopsis.hp_thomas_dill2.k19.lctrue.regions.parquet,Q9UKT4,Q8S9K3
human_vs_arabidopsis.hp_thomas_dill2.k19.lctrue.regions.parquet,Q9UKT4,Q9SZ67
human_vs_arabidopsis.hp_thomas_dill2.k19.lctrue.regions.parquet,Q9ULC3,Q67Y93
human_vs_arabidopsis.hp_thomas_dill2.k19.lctrue.regions.parquet,Q9ULD4,O65590
human_vs_arabidopsis.hp_thomas_dill2.k19.lctrue.regions.parquet,Q9ULD4,Q9C707
human_vs_arabidopsis.hp_thomas_dill2.k19.lctrue.regions.parquet,Q9ULD4,Q9LYH0
human_vs_arabidopsis.hp_thomas_dill2.k19.lctrue.regions.parquet,Q9ULD4,Q9SFB8
human_vs_arabidopsis.hp_thomas_dill2.k19.lctrue.regions.parquet,Q9ULH4,F4J8L3
human_vs_arabidopsis.hp_thomas_dill2.k19.lctrue.regions.parquet,Q9ULH4,Q0WQ41
human_vs_arabidopsis.hp_thomas_dill2.k19.lctrue.regions.parquet,Q9ULH4,Q940Y3
human_vs_arabidopsis.hp_thomas_dill2.k19.lctrue.regions.parquet,Q9ULH4,Q9SUG7
human_vs_arabidopsis.hp_thomas_dill2.k19.lctrue.regions.parquet,Q9ULK4,Q5XPK0
human_vs_arabidopsis.hp_thomas_dill2.k19.lctrue.regions.parquet,Q9ULL1,O48686
human_vs_arabidopsis.hp_thomas_dill2.k19.lctrue.regions.parquet,Q9ULL1,O64647
human_vs_arabidopsis.hp_thomas_dill2.k19.lctrue.regions.parquet,Q9ULL1,Q681X4
human_vs_arabidopsis.hp_thomas_dill2.k19.lctrue.regions.parquet,Q9ULL1,Q9FVS2
human_vs_arabidopsis.hp_thomas_dill2.k19.lctrue.regions.parquet,Q9ULL1,Q9LDZ0
human_vs_arabidopsis.hp_thomas_dill2.k19.lctrue.regions.parquet,Q9ULL1,Q9LYG9
human_vs_arabidopsis.hp_thomas_dill2.k19.lctrue.regions.parquet,Q9ULL1,Q9S814
human_vs_arabidopsis.hp_thomas_dill2.k19.lctrue.regions.parquet,Q9ULL1,Q9SKA9
human_vs_arabidopsis.hp_thomas_dill2.k19.lctrue.regions.parquet,Q9UM54,Q39138
human_vs_arabidopsis.hp_thomas_dill2.k19.lctrue.regions.parquet,Q9UM54,Q8LAX3
human_vs_arabidopsis.hp_thomas_dill2.k19.lctrue.regions.parquet,Q9UM54,Q9FNF8
human_vs_arabidopsis.hp_thomas_dill2.k19.lctrue.regions.parquet,Q9UM54,Q9MA75
human_vs_arabidopsis.hp_thomas_dill2.k19.lctrue.regions.parquet,Q9UM63,O80796
human_vs_arabidopsis.hp_thomas_dill2.k19.lctrue.regions.parquet,Q9UMQ6,Q9SLL2
human_vs_arabidopsis.hp_thomas_dill2.k19.lctrue.regions.parquet,Q9UPN6,F4I2H2
human_vs_arabidopsis.hp_thomas_dill2.k19.lctrue.regions.parquet,Q9UPN6,F4K4D6
human_vs_arabidopsis.hp_thomas_dill2.k19.lctrue.regions.parquet,Q9UPN6,O80952
human_vs_arabidopsis.hp_thomas_dill2.k19.lctrue.regions.parquet,Q9UPN6,Q8LPK5
human_vs_arabidopsis.hp_thomas_dill2.k19.lctrue.regions.parquet,Q9UPN6,Q94F49
human_vs_arabidopsis.hp_thomas_dill2.k19.lctrue.regions.parquet,Q9Y233,Q0WQF7
human_vs_arabidopsis.hp_thomas_dill2.k19.lctrue.regions.parquet,Q9Y233,Q6E7H0
human_vs_arabidopsis.hp_thomas_dill2.k19.lctrue.regions.parquet,Q9Y330,Q9XID0
human_vs_arabidopsis.hp_thomas_dill2.k19.lctrue.regions.parquet,Q9Y4E5,B9DFG3
human_vs_arabidopsis.hp_thomas_dill2.k19.lctrue.regions.parquet,Q9Y4F9,O49565
human_vs_arabidopsis.hp_thomas_dill2.k19.lctrue.regions.parquet,Q9Y4F9,Q8RX66
human_vs_arabidopsis.hp_thomas_dill2.k19.lctrue.regions.parquet,Q9Y4F9,Q9FH95
human_vs_arabidopsis.hp_thomas_dill2.k19.lctrue.regions.parquet,Q9Y4K1,O82268
human_vs_arabidopsis.hp_thomas_dill2.k19.lctrue.regions.parquet,Q9Y4K1,Q1G3Y0
human_vs_arabidopsis.hp_thomas_dill2.k19.lctrue.regions.parquet,Q9Y4K1,Q9CAP9
human_vs_arabidopsis.hp_thomas_dill2.k19.lctrue.regions.parquet,Q9Y4K1,Q9FKH6
human_vs_arabidopsis.hp_thomas_dill2.k19.lctrue.regions.parquet,Q9Y5K6,Q67Y93
human_vs_arabidopsis.hp_thomas_dill2.k19.lctrue.regions.parquet,Q9Y5K6,Q682I1
human_vs_arabidopsis.hp_thomas_dill2.k19.lctrue.regions.parquet,Q9Y5K6,Q94JM3
human_vs_arabidopsis.hp_thomas_dill2.k19.lctrue.regions.parquet,Q9Y603,Q9LFD5
human_vs_arabidopsis.hp_thomas_dill2.k19.lctrue.regions.parquet,Q9Y694,F4I171
human_vs_arabidopsis.hp_thomas_dill2.k19.lctrue.regions.parquet,Q9Y6R4,Q5YDB5
human_vs_arabidopsis.hp_thomas_dill2.k19.lctrue.regions.parquet,Q9Y6R4,Q7DMA9
human_vs_arabidopsis.hp_thomas_dill2.k19.lctrue.regions.parquet,Q9Y6R4,Q8S929
human_vs_arabidopsis.hp_thomas_dill2.k19.lctrue.regions.parquet,Q9Y6R4,Q9LTC0
human_vs_arabidopsis.hp_thomas_dill_no_c2.k19.lctrue.regions.parquet,A6NC42,Q9C7U7
human_vs_arabidopsis.hp_thomas_dill_no_c2.k19.lctrue.regions.parquet,O00548,O81906
human_vs_arabidopsis.hp_thomas_dill_no_c2.k19.lctrue.regions.parquet,O00635,Q9C7E8
human_vs_arabidopsis.hp_thomas_dill_no_c2.k19.lctrue.regions.parquet,O15205,Q9ZQZ6
human_vs_arabidopsis.hp_thomas_dill_no_c2.k19.lctrue.regions.parquet,O15209,Q9SZM3
human_vs_arabidopsis.hp_thomas_dill_no_c2.k19.lctrue.regions.parquet,O15535,F4JYZ8
human_vs_arabidopsis.hp_thomas_dill_no_c2.k19.lctrue.regions.parquet,O15535,Q9FFK8
human_vs_arabidopsis.hp_thomas_dill_no_c2.k19.lctrue.regions.parquet,O15535,Q9FWS3
human_vs_arabidopsis.hp_thomas_dill_no_c2.k19.lctrue.regions.parquet,O43309,F4JYZ8
human_vs_arabidopsis.hp_thomas_dill_no_c2.k19.lctrue.regions.parquet,O43309,O65499
human_vs_arabidopsis.hp_thomas_dill_no_c2.k19.lctrue.regions.parquet,O43309,Q9FVE6
human_vs_arabidopsis.hp_thomas_dill_no_c2.k19.lctrue.regions.parquet,O60231,Q8VY00
human_vs_arabidopsis.hp_thomas_dill_no_c2.k19.lctrue.regions.parquet,O60260,O82617
human_vs_arabidopsis.hp_thomas_dill_no_c2.k19.lctrue.regions.parquet,O60260,Q43292
human_vs_arabidopsis.hp_thomas_dill_no_c2.k19.lctrue.regions.parquet,O60281,Q56XE4
human_vs_arabidopsis.hp_thomas_dill_no_c2.k19.lctrue.regions.parquet,O60281,Q9SGD1
human_vs_arabidopsis.hp_thomas_dill_no_c2.k19.lctrue.regions.parquet,O76038,O23320
human_vs_arabidopsis.hp_thomas_dill_no_c2.k19.lctrue.regions.parquet,O76038,P30187
human_vs_arabidopsis.hp_thomas_dill_no_c2.k19.lctrue.regions.parquet,O76038,Q84JI6
human_vs_arabidopsis.hp_thomas_dill_no_c2.k19.lctrue.regions.parquet,P00747,Q9FJX9
human_vs_arabidopsis.hp_thomas_dill_no_c2.k19.lctrue.regions.parquet,P00747,Q9LM75
human_vs_arabidopsis.hp_thomas_dill_no_c2.k19.lctrue.regions.parquet,P00747,Q9LMN7
human_vs_arabidopsis.hp_thomas_dill_no_c2.k19.lctrue.regions.parquet,P00747,Q9LPZ3
human_vs_arabidopsis.hp_thomas_dill_no_c2.k19.lctrue.regions.parquet,P00751,O81833
human_vs_arabidopsis.hp_thomas_dill_no_c2.k19.lctrue.regions.parquet,P00751,Q39086
human_vs_arabidopsis.hp_thomas_dill_no_c2.k19.lctrue.regions.parquet,P08519,Q3EC11
human_vs_arabidopsis.hp_thomas_dill_no_c2.k19.lctrue.regions.parquet,P10242,Q6NPT8
human_vs_arabidopsis.hp_thomas_dill_no_c2.k19.lctrue.regions.parquet,P10242,Q6R032
human_vs_arabidopsis.hp_thomas_dill_no_c2.k19.lctrue.regions.parquet,P10242,Q9FDW1
human_vs_arabidopsis.hp_thomas_dill_no_c2.k19.lctrue.regions.parquet,P10412,P0CB22
human_vs_arabidopsis.hp_thomas_dill_no_c2.k19.lctrue.regions.parquet,P13942,O64758
human_vs_arabidopsis.hp_thomas_dill_no_c2.k19.lctrue.regions.parquet,P13942,Q9LMN6
human_vs_arabidopsis.hp_thomas_dill_no_c2.k19.lctrue.regions.parquet,P13942,Q9SXB5
human_vs_arabidopsis.hp_thomas_dill_no_c2.k19.lctrue.regions.parquet,P13942,Q9SY89
human_vs_arabidopsis.hp_thomas_dill_no_c2.k19.lctrue.regions.parquet,P14373,Q9SGQ0
human_vs_arabidopsis.hp_thomas_dill_no_c2.k19.lctrue.regions.parquet,P15822,Q84WI0
human_vs_arabidopsis.hp_thomas_dill_no_c2.k19.lctrue.regions.parquet,P16401,P0CB22
human_vs_arabidopsis.hp_thomas_dill_no_c2.k19.lctrue.regions.parquet,P16402,P0CB22
human_vs_arabidopsis.hp_thomas_dill_no_c2.k19.lctrue.regions.parquet,P16403,P0CB22
human_vs_arabidopsis.hp_thomas_dill_no_c2.k19.lctrue.regions.parquet,P20265,Q6AWX6
human_vs_arabidopsis.hp_thomas_dill_no_c2.k19.lctrue.regions.parquet,P20849,Q949T8
human_vs_arabidopsis.hp_thomas_dill_no_c2.k19.lctrue.regions.parquet,P20849,Q9LMN6
human_vs_arabidopsis.hp_thomas_dill_no_c2.k19.lctrue.regions.parquet,P20849,Q9LMN8
human_vs_arabidopsis.hp_thomas_dill_no_c2.k19.lctrue.regions.parquet,P21580,Q0WPF2
human_vs_arabidopsis.hp_thomas_dill_no_c2.k19.lctrue.regions.parquet,P21580,Q67YE6
human_vs_arabidopsis.hp_thomas_dill_no_c2.k19.lctrue.regions.parquet,P29279,O65238
human_vs_arabidopsis.hp_thomas_dill_no_c2.k19.lctrue.regions.parquet,P29279,Q8L500
human_vs_arabidopsis.hp_thomas_dill_no_c2.k19.lctrue.regions.parquet,P31629,Q84WI0
human_vs_arabidopsis.hp_thomas_dill_no_c2.k19.lctrue.regions.parquet,P43080,O23320
human_vs_arabidopsis.hp_thomas_dill_no_c2.k19.lctrue.regions.parquet,P43080,Q9SRE6
human_vs_arabidopsis.hp_thomas_dill_no_c2.k19.lctrue.regions.parquet,P49790,Q8GXJ1
human_vs_arabidopsis.hp_thomas_dill_no_c2.k19.lctrue.regions.parquet,P49910,O65639
human_vs_arabidopsis.hp_thomas_dill_no_c2.k19.lctrue.regions.parquet,P49910,Q5PP23
human_vs_arabidopsis.hp_thomas_dill_no_c2.k19.lctrue.regions.parquet,P55008,Q9LIK5
human_vs_arabidopsis.hp_thomas_dill_no_c2.k19.lctrue.regions.parquet,P55008,Q9ZR02
human_vs_arabidopsis.hp_thomas_dill_no_c2.k19.lctrue.regions.parquet,P59901,Q9M9V8
human_vs_arabidopsis.hp_thomas_dill_no_c2.k19.lctrue.regions.parquet,P84103,Q9SVU6
human_vs_arabidopsis.hp_thomas_dill_no_c2.k19.lctrue.regions.parquet,Q02539,P0CB22
human_vs_arabidopsis.hp_thomas_dill_no_c2.k19.lctrue.regions.parquet,Q12899,Q3EA33
human_vs_arabidopsis.hp_thomas_dill_no_c2.k19.lctrue.regions.parquet,Q13838,Q9LFN6
human_vs_arabidopsis.hp_thomas_dill_no_c2.k19.lctrue.regions.parquet,Q14993,O22925
human_vs_arabidopsis.hp_thomas_dill_no_c2.k19.lctrue.regions.parquet,Q14993,Q949T8
human_vs_arabidopsis.hp_thomas_dill_no_c2.k19.lctrue.regions.parquet,Q14993,Q9LMN6
human_vs_arabidopsis.hp_thomas_dill_no_c2.k19.lctrue.regions.parquet,Q14993,Q9LMN8
human_vs_arabidopsis.hp_thomas_dill_no_c2.k19.lctrue.regions.parquet,Q15109,P0DH87
human_vs_arabidopsis.hp_thomas_dill_no_c2.k19.lctrue.regions.parquet,Q15776,F4JYZ8
human_vs_arabidopsis.hp_thomas_dill_no_c2.k19.lctrue.regions.parquet,Q15776,Q9T075
human_vs_arabidopsis.hp_thomas_dill_no_c2.k19.lctrue.regions.parquet,Q16342,O48772
human_vs_arabidopsis.hp_thomas_dill_no_c2.k19.lctrue.regions.parquet,Q16670,F4JYZ8
human_vs_arabidopsis.hp_thomas_dill_no_c2.k19.lctrue.regions.parquet,Q30201,Q93ZE8
human_vs_arabidopsis.hp_thomas_dill_no_c2.k19.lctrue.regions.parquet,Q3MJ62,F4JYZ8
human_vs_arabidopsis.hp_thomas_dill_no_c2.k19.lctrue.regions.parquet,Q4VXA5,Q9SU00
human_vs_arabidopsis.hp_thomas_dill_no_c2.k19.lctrue.regions.parquet,Q587J8,Q8GYP8
human_vs_arabidopsis.hp_thomas_dill_no_c2.k19.lctrue.regions.parquet,Q5T5C0,Q9C5G7
human_vs_arabidopsis.hp_thomas_dill_no_c2.k19.lctrue.regions.parquet,Q5VUA4,Q9FFK8
human_vs_arabidopsis.hp_thomas_dill_no_c2.k19.lctrue.regions.parquet,Q6Q6R5,Q9C5G7
human_vs_arabidopsis.hp_thomas_dill_no_c2.k19.lctrue.regions.parquet,Q6U7Q0,Q84MZ4
human_vs_arabidopsis.hp_thomas_dill_no_c2.k19.lctrue.regions.parquet,Q7Z419,Q8RX22
human_vs_arabidopsis.hp_thomas_dill_no_c2.k19.lctrue.regions.parquet,Q7Z419,Q9SUS4
human_vs_arabidopsis.hp_thomas_dill_no_c2.k19.lctrue.regions.parquet,Q7Z6P3,Q9SRP5
human_vs_arabidopsis.hp_thomas_dill_no_c2.k19.lctrue.regions.parquet,Q86T65,Q93Z27
human_vs_arabidopsis.hp_thomas_dill_no_c2.k19.lctrue.regions.parquet,Q8IWV8,Q9ZVT8
human_vs_arabidopsis.hp_thomas_dill_no_c2.k19.lctrue.regions.parquet,Q8IX30,Q9LMN7
human_vs_arabidopsis.hp_thomas_dill_no_c2.k19.lctrue.regions.parquet,Q8N157,Q9SG12
human_vs_arabidopsis.hp_thomas_dill_no_c2.k19.lctrue.regions.parquet,Q8N680,Q2V3L3
human_vs_arabidopsis.hp_thomas_dill_no_c2.k19.lctrue.regions.parquet,Q8N6C8,Q9M9V8
human_vs_arabidopsis.hp_thomas_dill_no_c2.k19.lctrue.regions.parquet,Q8N743,Q949S5
human_vs_arabidopsis.hp_thomas_dill_no_c2.k19.lctrue.regions.parquet,Q8N743,Q9LRN6
human_vs_arabidopsis.hp_thomas_dill_no_c2.k19.lctrue.regions.parquet,Q8TC41,Q8RXX9
human_vs_arabidopsis.hp_thomas_dill_no_c2.k19.lctrue.regions.parquet,Q8TC41,Q9C7P4
human_vs_arabidopsis.hp_thomas_dill_no_c2.k19.lctrue.regions.parquet,Q8WUA2,Q6Q151
human_vs_arabidopsis.hp_thomas_dill_no_c2.k19.lctrue.regions.parquet,Q8WUB8,F4IXE7
human_vs_arabidopsis.hp_thomas_dill_no_c2.k19.lctrue.regions.parquet,Q8WUB8,Q9FKR9
human_vs_arabidopsis.hp_thomas_dill_no_c2.k19.lctrue.regions.parquet,Q8WY64,Q9C7C3
human_vs_arabidopsis.hp_thomas_dill_no_c2.k19.lctrue.regions.parquet,Q92766,Q9T0J6
human_vs_arabidopsis.hp_thomas_dill_no_c2.k19.lctrue.regions.parquet,Q969J2,Q500V2
human_vs_arabidopsis.hp_thomas_dill_no_c2.k19.lctrue.regions.parquet,Q969J2,Q9FWS3
human_vs_arabidopsis.hp_thomas_dill_no_c2.k19.lctrue.regions.parquet,Q96AP4,Q84MZ4
human_vs_arabidopsis.hp_thomas_dill_no_c2.k19.lctrue.regions.parquet,Q96JM7,C0SUT9
human_vs_arabidopsis.hp_thomas_dill_no_c2.k19.lctrue.regions.parquet,Q96JM7,Q2LAE1
human_vs_arabidopsis.hp_thomas_dill_no_c2.k19.lctrue.regions.parquet,Q96LW9,O65499
human_vs_arabidopsis.hp_thomas_dill_no_c2.k19.lctrue.regions.parquet,Q96LW9,O65639
human_vs_arabidopsis.hp_thomas_dill_no_c2.k19.lctrue.regions.parquet,Q96LW9,Q9FFK8
human_vs_arabidopsis.hp_thomas_dill_no_c2.k19.lctrue.regions.parquet,Q96P44,O65238
human_vs_arabidopsis.hp_thomas_dill_no_c2.k19.lctrue.regions.parquet,Q96P44,Q8GWD2
human_vs_arabidopsis.hp_thomas_dill_no_c2.k19.lctrue.regions.parquet,Q96P44,Q9LMN6
human_vs_arabidopsis.hp_thomas_dill_no_c2.k19.lctrue.regions.parquet,Q99459,B3H5A8
human_vs_arabidopsis.hp_thomas_dill_no_c2.k19.lctrue.regions.parquet,Q99459,P92948
human_vs_arabidopsis.hp_thomas_dill_no_c2.k19.lctrue.regions.parquet,Q99706,Q9ZQR2
human_vs_arabidopsis.hp_thomas_dill_no_c2.k19.lctrue.regions.parquet,Q99715,O24598
human_vs_arabidopsis.hp_thomas_dill_no_c2.k19.lctrue.regions.parquet,Q99715,Q9FYK2
human_vs_arabidopsis.hp_thomas_dill_no_c2.k19.lctrue.regions.parquet,Q99715,Q9SXB8
human_vs_arabidopsis.hp_thomas_dill_no_c2.k19.lctrue.regions.parquet,Q99942,Q94BR5
human_vs_arabidopsis.hp_thomas_dill_no_c2.k19.lctrue.regions.parquet,Q99944,Q56YH2
human_vs_arabidopsis.hp_thomas_dill_no_c2.k19.lctrue.regions.parquet,Q9BRR0,Q500V2
human_vs_arabidopsis.hp_thomas_dill_no_c2.k19.lctrue.regions.parquet,Q9BRR0,Q949T8
human_vs_arabidopsis.hp_thomas_dill_no_c2.k19.lctrue.regions.parquet,Q9BRR0,Q9FWS3
human_vs_arabidopsis.hp_thomas_dill_no_c2.k19.lctrue.regions.parquet,Q9BZY9,Q9SLB8
human_vs_arabidopsis.hp_thomas_dill_no_c2.k19.lctrue.regions.parquet,Q9C019,Q9C7E9
human_vs_arabidopsis.hp_thomas_dill_no_c2.k19.lctrue.regions.parquet,Q9H4T2,Q9FWS3
human_vs_arabidopsis.hp_thomas_dill_no_c2.k19.lctrue.regions.parquet,Q9H4T2,Q9T075
human_vs_arabidopsis.hp_thomas_dill_no_c2.k19.lctrue.regions.parquet,Q9HD26,O04425
human_vs_arabidopsis.hp_thomas_dill_no_c2.k19.lctrue.regions.parquet,Q9UDY6,Q8VYA5
human_vs_arabidopsis.hp_thomas_dill_no_c2.k19.lctrue.regions.parquet,Q9UJN7,F4JYZ8
human_vs_arabidopsis.hp_thomas_dill_no_c2.k19.lctrue.regions.parquet,Q9UJN7,O65639
human_vs_arabidopsis.hp_thomas_dill_no_c2.k19.lctrue.regions.parquet,Q9UJN7,Q9ZVN9
human_vs_arabidopsis.hp_thomas_dill_no_c2.k19.lctrue.regions.parquet,Q9UKT4,B3H6C3
human_vs_arabidopsis.hp_thomas_dill_no_c2.k19.lctrue.regions.parquet,Q9UKT4,Q9C710
human_vs_arabidopsis.hp_thomas_dill_no_c2.k19.lctrue.regions.parquet,Q9ULD4,P0CB22
human_vs_arabidopsis.hp_thomas_dill_no_c2.k19.lctrue.regions.parquet,Q9ULH4,Q9FY74
human_vs_arabidopsis.hp_thomas_dill_no_c2.k19.lctrue.regions.parquet,Q9ULH4,Q9SRD0
human_vs_arabidopsis.hp_thomas_dill_no_c2.k19.lctrue.regions.parquet,Q9UM63,Q9SY59
human_vs_arabidopsis.hp_thomas_dill_no_c2.k19.lctrue.regions.parquet,Q9UMQ6,Q9SSF8
human_vs_arabidopsis.hp_thomas_dill_no_c2.k19.lctrue.regions.parquet,Q9UMX6,Q9SSF8
human_vs_arabidopsis.hp_thomas_dill_no_c2.k19.lctrue.regions.parquet,Q9Y4E5,Q9LIA6
human_vs_arabidopsis.hp_thomas_dill_no_c2.k19.lctrue.regions.parquet,Q9Y4E5,Q9SD61
human_vs_arabidopsis.hp_thomas_dill_no_c2.k19.lctrue.regions.parquet,Q9Y5K6,O64787
human_vs_arabidopsis.mmseqs12.k7.lctrue.regions.parquet,Q96T54,P92960
human_vs_arabidopsis.mmseqs12.k7.lctrue.regions.parquet,Q96T55,P92960
human_vs_arabidopsis.protein20.k5.lctrue.regions.parquet,Q13838,Q9LFN6
human_vs_arabidopsis.sdm12.k6.lctrue.regions.parquet,O00141,P25859
human_vs_arabidopsis.sdm12.k6.lctrue.regions.parquet,O15264,Q8GYF5
human_vs_arabidopsis.sdm12.k6.lctrue.regions.parquet,O43318,Q39202
human_vs_arabidopsis.sdm12.k6.lctrue.regions.parquet,P33981,Q84VX4
human_vs_arabidopsis.sdm12.k6.lctrue.regions.parquet,Q13608,P54609
human_vs_arabidopsis.sdm12.k6.lctrue.regions.parquet,Q16539,Q8GYF5
human_vs_arabidopsis.sdm12.k6.lctrue.regions.parquet,Q99683,P24100
human_vs_arabidopsis.sdm12.k6.lctrue.regions.parquet,Q9Y6R4,Q9XI87
human_vs_chicken.gbmr4.k16.lctrue.regions.parquet,O15400,Q5ZKK5
human_vs_chicken.gbmr4.k16.lctrue.regions.parquet,O75496,Q1G7G9
human_vs_chicken.gbmr4.k16.lctrue.regions.parquet,Q14244,Q5ZJJ1
human_vs_chicken.gbmr4.k16.lctrue.regions.parquet,Q5TB80,Q5ZM60
human_vs_chicken.gbmr4.k16.lctrue.regions.parquet,Q6P9F5,Q5ZM60
human_vs_chicken.gbmr4.k16.lctrue.regions.parquet,Q86UC2,Q5F485
human_vs_chicken.gbmr4.k16.lctrue.regions.parquet,Q8IWP9,Q5F3F5
human_vs_chicken.gbmr4.k16.lctrue.regions.parquet,Q8TDH9,Q1PRL4
human_vs_chicken.gbmr4.k16.lctrue.regions.parquet,Q9H1H9,Q5H7N8
human_vs_chicken.gbmr4.k16.lctrue.regions.parquet,Q9HCM9,Q5F3D1
human_vs_chicken.gbmr4.k16.lctrue.regions.parquet,Q9UGP8,Q5ZJ07
human_vs_chicken.gbmr4.k16.lctrue.regions.parquet,Q9Y5K6,Q9I8W6
human_vs_chicken.hp_kyte_doolittle2.k19.lctrue.regions.parquet,A2RRH5,P28675
human_vs_chicken.hp_kyte_doolittle2.k19.lctrue.regions.parquet,A2RRH5,Q5ZIU8
human_vs_chicken.hp_kyte_doolittle2.k19.lctrue.regions.parquet,O00716,Q90977
human_vs_chicken.hp_kyte_doolittle2.k19.lctrue.regions.parquet,O60508,Q5ZJH5
human_vs_chicken.hp_kyte_doolittle2.k19.lctrue.regions.parquet,O60508,Q98930
human_vs_chicken.hp_kyte_doolittle2.k19.lctrue.regions.parquet,O60508,Q98931
human_vs_chicken.hp_kyte_doolittle2.k19.lctrue.regions.parquet,O60508,Q9PTR5
human_vs_chicken.hp_kyte_doolittle2.k19.lctrue.regions.parquet,O75167,Q801X6
human_vs_chicken.hp_kyte_doolittle2.k19.lctrue.regions.parquet,P20265,A7Y7W2
human_vs_chicken.hp_kyte_doolittle2.k19.lctrue.regions.parquet,P48634,Q01406
human_vs_chicken.hp_kyte_doolittle2.k19.lctrue.regions.parquet,P48634,Q5F478
human_vs_chicken.hp_kyte_doolittle2.k19.lctrue.regions.parquet,P80108,P51887
human_vs_chicken.hp_kyte_doolittle2.k19.lctrue.regions.parquet,P80108,Q9W6H0
human_vs_chicken.hp_kyte_doolittle2.k19.lctrue.regions.parquet,P80108,Q9W6V6
human_vs_chicken.hp_kyte_doolittle2.k19.lctrue.regions.parquet,Q01860,A7Y7W2
human_vs_chicken.hp_kyte_doolittle2.k19.lctrue.regions.parquet,Q13641,P28675
human_vs_chicken.hp_kyte_doolittle2.k19.lctrue.regions.parquet,Q5T5C0,O93277
human_vs_chicken.hp_kyte_doolittle2.k19.lctrue.regions.parquet,Q5T5C0,P98150
human_vs_chicken.hp_kyte_doolittle2.k19.lctrue.regions.parquet,Q5T5C0,Q5F479
human_vs_chicken.hp_kyte_doolittle2.k19.lctrue.regions.parquet,Q5T5C0,Q5ZIU8
human_vs_chicken.hp_kyte_doolittle2.k19.lctrue.regions.parquet,Q5T9G4,O93574
human_vs_chicken.hp_kyte_doolittle2.k19.lctrue.regions.parquet,Q5VZK9,Q5ZKD9
human_vs_chicken.hp_kyte_doolittle2.k19.lctrue.regions.parquet,Q6VVB1,Q5ZI22
human_vs_chicken.hp_kyte_doolittle2.k19.lctrue.regions.parquet,Q6VVB1,Q9W7I5
human_vs_chicken.hp_kyte_doolittle2.k19.lctrue.regions.parquet,Q8N157,Q9PTR5
human_vs_chicken.hp_kyte_doolittle2.k19.lctrue.regions.parquet,Q8NF91,Q5ZMA2
human_vs_chicken.hp_kyte_doolittle2.k19.lctrue.regions.parquet,Q8NF91,Q9W6V6
human_vs_chicken.hp_kyte_doolittle2.k19.lctrue.regions.parquet,Q96JM7,E1C2V1
human_vs_chicken.hp_kyte_doolittle2.k19.lctrue.regions.parquet,Q96KQ7,Q91955
human_vs_chicken.hp_kyte_doolittle2.k19.lctrue.regions.parquet,Q9BQ90,Q5ZLN0
human_vs_chicken.hp_kyte_doolittle2.k19.lctrue.regions.parquet,Q9BQ90,Q5ZMA2
human_vs_chicken.hp_kyte_doolittle2.k19.lctrue.regions.parquet,Q9C0D0,F1N8V3
human_vs_chicken.hp_kyte_doolittle2.k19.lctrue.regions.parquet,Q9NRJ4,Q5ZMQ9
human_vs_chicken.hp_kyte_doolittle2.k19.lctrue.regions.parquet,Q9NRJ4,Q5ZMV9
human_vs_chicken.hp_kyte_doolittle2.k19.lctrue.regions.parquet,Q9NWT1,Q5F3R7
human_vs_chicken.hp_kyte_doolittle2.k19.lctrue.regions.parquet,Q9NWT1,Q5ZKC1
human_vs_chicken.hp_kyte_doolittle2.k19.lctrue.regions.parquet,Q9NWT1,Q5ZKU8
human_vs_chicken.hp_kyte_doolittle2.k19.lctrue.regions.parquet,Q9ULH4,F1NUK7
human_vs_chicken.hp_lehninger_c_nonpolar2.k18.lctrue.regions.parquet,A1A5C7,P18943
human_vs_chicken.hp_lehninger_c_nonpolar2.k18.lctrue.regions.parquet,A1A5C7,Q5F3I6
human_vs_chicken.hp_lehninger_c_nonpolar2.k18.lctrue.regions.parquet,A1A5C7,Q76KB2
human_vs_chicken.hp_lehninger_c_nonpolar2.k18.lctrue.regions.parquet,A1A5C7,Q7ZZL8
human_vs_chicken.hp_lehninger_c_nonpolar2.k18.lctrue.regions.parquet,A1A5C7,Q98SH2
human_vs_chicken.hp_lehninger_c_nonpolar2.k18.lctrue.regions.parquet,A1A5C7,Q9PT84
human_vs_chicken.hp_lehninger_c_nonpolar2.k18.lctrue.regions.parquet,A6NI73,Q98931
human_vs_chicken.hp_lehninger_c_nonpolar2.k18.lctrue.regions.parquet,O00270,E1C2W7
human_vs_chicken.hp_lehninger_c_nonpolar2.k18.lctrue.regions.parquet,O00270,O73700
human_vs_chicken.hp_lehninger_c_nonpolar2.k18.lctrue.regions.parquet,O00270,P49892
human_vs_chicken.hp_lehninger_c_nonpolar2.k18.lctrue.regions.parquet,O00270,Q5ZKH8
human_vs_chicken.hp_lehninger_c_nonpolar2.k18.lctrue.regions.parquet,O00270,Q9YGL9
human_vs_chicken.hp_lehninger_c_nonpolar2.k18.lctrue.regions.parquet,O00476,B3TP03
human_vs_chicken.hp_lehninger_c_nonpolar2.k18.lctrue.regions.parquet,O00476,P28568
human_vs_chicken.hp_lehninger_c_nonpolar2.k18.lctrue.regions.parquet,O00624,O73606
human_vs_chicken.hp_lehninger_c_nonpolar2.k18.lctrue.regions.parquet,O00624,Q5F433
human_vs_chicken.hp_lehninger_c_nonpolar2.k18.lctrue.regions.parquet,O00624,Q5ZI20
human_vs_chicken.hp_lehninger_c_nonpolar2.k18.lctrue.regions.parquet,O00624,Q5ZM73
human_vs_chicken.hp_lehninger_c_nonpolar2.k18.lctrue.regions.parquet,O15244,Q4JIM4
human_vs_chicken.hp_lehninger_c_nonpolar2.k18.lctrue.regions.parquet,O15244,Q5ZJL8
human_vs_chicken.hp_lehninger_c_nonpolar2.k18.lctrue.regions.parquet,O15244,Q802T2
human_vs_chicken.hp_lehninger_c_nonpolar2.k18.lctrue.regions.parquet,O15244,Q90592
human_vs_chicken.hp_lehninger_c_nonpolar2.k18.lctrue.regions.parquet,O15244,Q90812
human_vs_chicken.hp_lehninger_c_nonpolar2.k18.lctrue.regions.parquet,O15245,P49288
human_vs_chicken.hp_lehninger_c_nonpolar2.k18.lctrue.regions.parquet,O15245,Q5ZI82
human_vs_chicken.hp_lehninger_c_nonpolar2.k18.lctrue.regions.parquet,O15245,Q802T2
human_vs_chicken.hp_lehninger_c_nonpolar2.k18.lctrue.regions.parquet,O15245,Q8AV58
human_vs_chicken.hp_lehninger_c_nonpolar2.k18.lctrue.regions.parquet,O15245,Q98SH2
human_vs_chicken.hp_lehninger_c_nonpolar2.k18.lctrue.regions.parquet,O15533,P18939
human_vs_chicken.hp_lehninger_c_nonpolar2.k18.lctrue.regions.parquet,O60242,Q0V8S9
human_vs_chicken.hp_lehninger_c_nonpolar2.k18.lctrue.regions.parquet,O60242,Q5F433
human_vs_chicken.hp_lehninger_c_nonpolar2.k18.lctrue.regions.parquet,O60906,P54755
human_vs_chicken.hp_lehninger_c_nonpolar2.k18.lctrue.regions.parquet,O75023,P19019
human_vs_chicken.hp_lehninger_c_nonpolar2.k18.lctrue.regions.parquet,O75751,O57604
human_vs_chicken.hp_lehninger_c_nonpolar2.k18.lctrue.regions.parquet,O75751,P02717
human_vs_chicken.hp_lehninger_c_nonpolar2.k18.lctrue.regions.parquet,O75751,P18946
human_vs_chicken.hp_lehninger_c_nonpolar2.k18.lctrue.regions.parquet,O75751,P79762
human_vs_chicken.hp_lehninger_c_nonpolar2.k18.lctrue.regions.parquet,O75751,Q802T2
human_vs_chicken.hp_lehninger_c_nonpolar2.k18.lctrue.regions.parquet,O95279,Q5ZJ75
human_vs_chicken.hp_lehninger_c_nonpolar2.k18.lctrue.regions.parquet,O95279,Q8QFP1
human_vs_chicken.hp_lehninger_c_nonpolar2.k18.lctrue.regions.parquet,O95944,Q5ZJU0
human_vs_chicken.hp_lehninger_c_nonpolar2.k18.lctrue.regions.parquet,P04201,E1BYA3
human_vs_chicken.hp_lehninger_c_nonpolar2.k18.lctrue.regions.parquet,P04201,P18943
human_vs_chicken.hp_lehninger_c_nonpolar2.k18.lctrue.regions.parquet,P04201,Q9DF69
human_vs_chicken.hp_lehninger_c_nonpolar2.k18.lctrue.regions.parquet,P08922,Q91009
human_vs_chicken.hp_lehninger_c_nonpolar2.k18.lctrue.regions.parquet,P08F94,O57405
human_vs_chicken.hp_lehninger_c_nonpolar2.k18.lctrue.regions.parquet,P11717,P02717
human_vs_chicken.hp_lehninger_c_nonpolar2.k18.lctrue.regions.parquet,P15812,O13113
human_vs_chicken.hp_lehninger_c_nonpolar2.k18.lctrue.regions.parquet,P21554,P28568
human_vs_chicken.hp_lehninger_c_nonpolar2.k18.lctrue.regions.parquet,P24046,P28568
human_vs_chicken.hp_lehninger_c_nonpolar2.k18.lctrue.regions.parquet,P28222,Q5ZLF4
human_vs_chicken.hp_lehninger_c_nonpolar2.k18.lctrue.regions.parquet,P28222,Q9DDN6
human_vs_chicken.hp_lehninger_c_nonpolar2.k18.lctrue.regions.parquet,P28476,P24045
human_vs_chicken.hp_lehninger_c_nonpolar2.k18.lctrue.regions.parquet,P28566,F1NXU8
human_vs_chicken.hp_lehninger_c_nonpolar2.k18.lctrue.regions.parquet,P28566,Q5ZJH7
human_vs_chicken.hp_lehninger_c_nonpolar2.k18.lctrue.regions.parquet,P28566,Q6XL41
human_vs_chicken.hp_lehninger_c_nonpolar2.k18.lctrue.regions.parquet,P35372,P02717
human_vs_chicken.hp_lehninger_c_nonpolar2.k18.lctrue.regions.parquet,P35372,P49288
human_vs_chicken.hp_lehninger_c_nonpolar2.k18.lctrue.regions.parquet,P35372,Q5ZHX6
human_vs_chicken.hp_lehninger_c_nonpolar2.k18.lctrue.regions.parquet,P43307,P79762
human_vs_chicken.hp_lehninger_c_nonpolar2.k18.lctrue.regions.parquet,P43631,P37070
human_vs_chicken.hp_lehninger_c_nonpolar2.k18.lctrue.regions.parquet,P43632,P37070
human_vs_chicken.hp_lehninger_c_nonpolar2.k18.lctrue.regions.parquet,P46095,O42282
human_vs_chicken.hp_lehninger_c_nonpolar2.k18.lctrue.regions.parquet,P46095,P37067
human_vs_chicken.hp_lehninger_c_nonpolar2.k18.lctrue.regions.parquet,P46095,Q5YCC7
human_vs_chicken.hp_lehninger_c_nonpolar2.k18.lctrue.regions.parquet,P46095,Q9DG25
human_vs_chicken.hp_lehninger_c_nonpolar2.k18.lctrue.regions.parquet,P51684,A0A1D5PXA5
human_vs_chicken.hp_lehninger_c_nonpolar2.k18.lctrue.regions.parquet,P51684,P13585
human_vs_chicken.hp_lehninger_c_nonpolar2.k18.lctrue.regions.parquet,P51684,P24797
human_vs_chicken.hp_lehninger_c_nonpolar2.k18.lctrue.regions.parquet,P51684,Q5ZIT9
human_vs_chicken.hp_lehninger_c_nonpolar2.k18.lctrue.regions.parquet,P51684,Q5ZJU0
human_vs_chicken.hp_lehninger_c_nonpolar2.k18.lctrue.regions.parquet,P78382,P22328
human_vs_chicken.hp_lehninger_c_nonpolar2.k18.lctrue.regions.parquet,P78382,P28684
human_vs_chicken.hp_lehninger_c_nonpolar2.k18.lctrue.regions.parquet,P78382,Q4JIM4
human_vs_chicken.hp_lehninger_c_nonpolar2.k18.lctrue.regions.parquet,P78382,Q5ZML7
human_vs_chicken.hp_lehninger_c_nonpolar2.k18.lctrue.regions.parquet,P78410,Q9YGL9
human_vs_chicken.hp_lehninger_c_nonpolar2.k18.lctrue.regions.parquet,Q01151,P51027
human_vs_chicken.hp_lehninger_c_nonpolar2.k18.lctrue.regions.parquet,Q04900,Q90592
human_vs_chicken.hp_lehninger_c_nonpolar2.k18.lctrue.regions.parquet,Q13410,P22328
human_vs_chicken.hp_lehninger_c_nonpolar2.k18.lctrue.regions.parquet,Q14833,Q7T3T4
human_vs_chicken.hp_lehninger_c_nonpolar2.k18.lctrue.regions.parquet,Q14833,Q98913
human_vs_chicken.hp_lehninger_c_nonpolar2.k18.lctrue.regions.parquet,Q14916,F1NJ67
human_vs_chicken.hp_lehninger_c_nonpolar2.k18.lctrue.regions.parquet,Q14916,Q9DF69
human_vs_chicken.hp_lehninger_c_nonpolar2.k18.lctrue.regions.parquet,Q14953,P37070
human_vs_chicken.hp_lehninger_c_nonpolar2.k18.lctrue.regions.parquet,Q14954,P37070
human_vs_chicken.hp_lehninger_c_nonpolar2.k18.lctrue.regions.parquet,Q16653,Q5F3A4
human_vs_chicken.hp_lehninger_c_nonpolar2.k18.lctrue.regions.parquet,Q16653,Q9IA03
human_vs_chicken.hp_lehninger_c_nonpolar2.k18.lctrue.regions.parquet,Q29983,Q5ZIT9
human_vs_chicken.hp_lehninger_c_nonpolar2.k18.lctrue.regions.parquet,Q4VXA5,Q5ZMP3
human_vs_chicken.hp_lehninger_c_nonpolar2.k18.lctrue.regions.parquet,Q53GD3,F1NJ67
human_vs_chicken.hp_lehninger_c_nonpolar2.k18.lctrue.regions.parquet,Q53GD3,P55167
human_vs_chicken.hp_lehninger_c_nonpolar2.k18.lctrue.regions.parquet,Q53GD3,Q5ZIU9
human_vs_chicken.hp_lehninger_c_nonpolar2.k18.lctrue.regions.parquet,Q53GD3,Q5ZK33
human_vs_chicken.hp_lehninger_c_nonpolar2.k18.lctrue.regions.parquet,Q53GD3,Q5ZKD1
human_vs_chicken.hp_lehninger_c_nonpolar2.k18.lctrue.regions.parquet,Q53GD3,Q5ZLR7
human_vs_chicken.hp_lehninger_c_nonpolar2.k18.lctrue.regions.parquet,Q5SQ64,Q4JIM4
human_vs_chicken.hp_lehninger_c_nonpolar2.k18.lctrue.regions.parquet,Q5T1Q4,B9U3F2
human_vs_chicken.hp_lehninger_c_nonpolar2.k18.lctrue.regions.parquet,Q5T1Q4,P37071
human_vs_chicken.hp_lehninger_c_nonpolar2.k18.lctrue.regions.parquet,Q5T1Q4,P49578
human_vs_chicken.hp_lehninger_c_nonpolar2.k18.lctrue.regions.parquet,Q5T1Q4,Q5F3A1
human_vs_chicken.hp_lehninger_c_nonpolar2.k18.lctrue.regions.parquet,Q5T1Q4,Q5ZIG3
human_vs_chicken.hp_lehninger_c_nonpolar2.k18.lctrue.regions.parquet,Q5T3U5,A0A1D5NY17
human_vs_chicken.hp_lehninger_c_nonpolar2.k18.lctrue.regions.parquet,Q5T3U5,P17790
human_vs_chicken.hp_lehninger_c_nonpolar2.k18.lctrue.regions.parquet,Q5T3U5,Q5F3X0
human_vs_chicken.hp_lehninger_c_nonpolar2.k18.lctrue.regions.parquet,Q5T3U5,Q5ZHM5
human_vs_chicken.hp_lehninger_c_nonpolar2.k18.lctrue.regions.parquet,Q5T3U5,Q5ZIL6
human_vs_chicken.hp_lehninger_c_nonpolar2.k18.lctrue.regions.parquet,Q5T3U5,Q5ZKZ9
human_vs_chicken.hp_lehninger_c_nonpolar2.k18.lctrue.regions.parquet,Q5T4T1,Q5ZJU0
human_vs_chicken.hp_lehninger_c_nonpolar2.k18.lctrue.regions.parquet,Q5TH69,Q5F383
human_vs_chicken.hp_lehninger_c_nonpolar2.k18.lctrue.regions.parquet,Q6H3X3,Q5ZI20
human_vs_chicken.hp_lehninger_c_nonpolar2.k18.lctrue.regions.parquet,Q6ISU1,Q5ZIU0
human_vs_chicken.hp_lehninger_c_nonpolar2.k18.lctrue.regions.parquet,Q6NT16,O57329
human_vs_chicken.hp_lehninger_c_nonpolar2.k18.lctrue.regions.parquet,Q6NT16,Q5ZI05
human_vs_chicken.hp_lehninger_c_nonpolar2.k18.lctrue.regions.parquet,Q6NT16,Q5ZIT9
human_vs_chicken.hp_lehninger_c_nonpolar2.k18.lctrue.regions.parquet,Q6NT16,Q5ZKK0
human_vs_chicken.hp_lehninger_c_nonpolar2.k18.lctrue.regions.parquet,Q6NT16,Q5ZM57
human_vs_chicken.hp_lehninger_c_nonpolar2.k18.lctrue.regions.parquet,Q6NT16,Q90845
human_vs_chicken.hp_lehninger_c_nonpolar2.k18.lctrue.regions.parquet,Q6NT16,Q9DG23
human_vs_chicken.hp_lehninger_c_nonpolar2.k18.lctrue.regions.parquet,Q6NT16,Q9IAL8
human_vs_chicken.hp_lehninger_c_nonpolar2.k18.lctrue.regions.parquet,Q6UWU4,P18943
human_vs_chicken.hp_lehninger_c_nonpolar2.k18.lctrue.regions.parquet,Q6ZNC8,F1NJ67
human_vs_chicken.hp_lehninger_c_nonpolar2.k18.lctrue.regions.parquet,Q6ZNC8,Q5F364
human_vs_chicken.hp_lehninger_c_nonpolar2.k18.lctrue.regions.parquet,Q6ZNC8,Q5ZIT9
human_vs_chicken.hp_lehninger_c_nonpolar2.k18.lctrue.regions.parquet,Q6ZNC8,Q8QFN3
human_vs_chicken.hp_lehninger_c_nonpolar2.k18.lctrue.regions.parquet,Q7Z419,P51475
human_vs_chicken.hp_lehninger_c_nonpolar2.k18.lctrue.regions.parquet,Q86SQ4,O13076
human_vs_chicken.hp_lehninger_c_nonpolar2.k18.lctrue.regions.parquet,Q86SQ4,Q5F4B8
human_vs_chicken.hp_lehninger_c_nonpolar2.k18.lctrue.regions.parquet,Q86SQ4,Q5ZIS9
human_vs_chicken.hp_lehninger_c_nonpolar2.k18.lctrue.regions.parquet,Q86VW1,F1NJ67
human_vs_chicken.hp_lehninger_c_nonpolar2.k18.lctrue.regions.parquet,Q86VW1,O73700
human_vs_chicken.hp_lehninger_c_nonpolar2.k18.lctrue.regions.parquet,Q86VW1,P22328
human_vs_chicken.hp_lehninger_c_nonpolar2.k18.lctrue.regions.parquet,Q86VW1,P28238
human_vs_chicken.hp_lehninger_c_nonpolar2.k18.lctrue.regions.parquet,Q86VW1,P49892
human_vs_chicken.hp_lehninger_c_nonpolar2.k18.lctrue.regions.parquet,Q86VW1,Q5ZKZ9
human_vs_chicken.hp_lehninger_c_nonpolar2.k18.lctrue.regions.parquet,Q86VW1,Q5ZLL6
human_vs_chicken.hp_lehninger_c_nonpolar2.k18.lctrue.regions.parquet,Q86WC4,P49285
human_vs_chicken.hp_lehninger_c_nonpolar2.k18.lctrue.regions.parquet,Q8IV45,Q5ZM65
human_vs_chicken.hp_lehninger_c_nonpolar2.k18.lctrue.regions.parquet,Q8IZ57,Q5F3C1
human_vs_chicken.hp_lehninger_c_nonpolar2.k18.lctrue.regions.parquet,Q8IZ57,Q90854
human_vs_chicken.hp_lehninger_c_nonpolar2.k18.lctrue.regions.parquet,Q8IZF2,P18945
human_vs_chicken.hp_lehninger_c_nonpolar2.k18.lctrue.regions.parquet,Q8IZF2,Q98907
human_vs_chicken.hp_lehninger_c_nonpolar2.k18.lctrue.regions.parquet,Q8N743,Q0ZM14
human_vs_chicken.hp_lehninger_c_nonpolar2.k18.lctrue.regions.parquet,Q8N7C4,Q90693
human_vs_chicken.hp_lehninger_c_nonpolar2.k18.lctrue.regions.parquet,Q8N7C4,Q9PT84
human_vs_chicken.hp_lehninger_c_nonpolar2.k18.lctrue.regions.parquet,Q8NA58,Q5F3I6
human_vs_chicken.hp_lehninger_c_nonpolar2.k18.lctrue.regions.parquet,Q8NC56,Q5ZI05
human_vs_chicken.hp_lehninger_c_nonpolar2.k18.lctrue.regions.parquet,Q8NE79,P18945
human_vs_chicken.hp_lehninger_c_nonpolar2.k18.lctrue.regions.parquet,Q8NHJ6,A0A1D5NY17
human_vs_chicken.hp_lehninger_c_nonpolar2.k18.lctrue.regions.parquet,Q8TB61,F1NVK6
human_vs_chicken.hp_lehninger_c_nonpolar2.k18.lctrue.regions.parquet,Q8TB61,O73700
human_vs_chicken.hp_lehninger_c_nonpolar2.k18.lctrue.regions.parquet,Q8TB61,Q5ZKS8
human_vs_chicken.hp_lehninger_c_nonpolar2.k18.lctrue.regions.parquet,Q8TB61,Q76LW2
human_vs_chicken.hp_lehninger_c_nonpolar2.k18.lctrue.regions.parquet,Q8TEZ7,P23913
human_vs_chicken.hp_lehninger_c_nonpolar2.k18.lctrue.regions.parquet,Q8TEZ7,P46896
human_vs_chicken.hp_lehninger_c_nonpolar2.k18.lctrue.regions.parquet,Q8TEZ7,Q5ZMT9
human_vs_chicken.hp_lehninger_c_nonpolar2.k18.lctrue.regions.parquet,Q8WV19,B3TP03
human_vs_chicken.hp_lehninger_c_nonpolar2.k18.lctrue.regions.parquet,Q8WV19,F1NCD6
human_vs_chicken.hp_lehninger_c_nonpolar2.k18.lctrue.regions.parquet,Q8WV19,Q4JIM4
human_vs_chicken.hp_lehninger_c_nonpolar2.k18.lctrue.regions.parquet,Q8WVV5,Q7ZUA6
human_vs_chicken.hp_lehninger_c_nonpolar2.k18.lctrue.regions.parquet,Q92504,P28568
human_vs_chicken.hp_lehninger_c_nonpolar2.k18.lctrue.regions.parquet,Q92504,Q7ZUA6
human_vs_chicken.hp_lehninger_c_nonpolar2.k18.lctrue.regions.parquet,Q92504,Q8AWW5
human_vs_chicken.hp_lehninger_c_nonpolar2.k18.lctrue.regions.parquet,Q92504,Q9PT84
human_vs_chicken.hp_lehninger_c_nonpolar2.k18.lctrue.regions.parquet,Q96E22,O73606
human_vs_chicken.hp_lehninger_c_nonpolar2.k18.lctrue.regions.parquet,Q96E22,P14092
human_vs_chicken.hp_lehninger_c_nonpolar2.k18.lctrue.regions.parquet,Q96FX8,P28684
human_vs_chicken.hp_lehninger_c_nonpolar2.k18.lctrue.regions.parquet,Q96FX8,P49285
human_vs_chicken.hp_lehninger_c_nonpolar2.k18.lctrue.regions.parquet,Q96KF7,F8RT80
human_vs_chicken.hp_lehninger_c_nonpolar2.k18.lctrue.regions.parquet,Q96RN1,B3TP03
human_vs_chicken.hp_lehninger_c_nonpolar2.k18.lctrue.regions.parquet,Q96RN1,P28682
human_vs_chicken.hp_lehninger_c_nonpolar2.k18.lctrue.regions.parquet,Q96RN1,Q4JIM4
human_vs_chicken.hp_lehninger_c_nonpolar2.k18.lctrue.regions.parquet,Q96T54,P51050
human_vs_chicken.hp_lehninger_c_nonpolar2.k18.lctrue.regions.parquet,Q96T54,Q5F3X0
human_vs_chicken.hp_lehninger_c_nonpolar2.k18.lctrue.regions.parquet,Q96T54,Q9IAL8
human_vs_chicken.hp_lehninger_c_nonpolar2.k18.lctrue.regions.parquet,Q96T55,Q5ZKQ5
human_vs_chicken.hp_lehninger_c_nonpolar2.k18.lctrue.regions.parquet,Q96T55,Q98936
human_vs_chicken.hp_lehninger_c_nonpolar2.k18.lctrue.regions.parquet,Q99706,Q5F468
human_vs_chicken.hp_lehninger_c_nonpolar2.k18.lctrue.regions.parquet,Q99808,Q5F3A1
human_vs_chicken.hp_lehninger_c_nonpolar2.k18.lctrue.regions.parquet,Q99808,Q90854
human_vs_chicken.hp_lehninger_c_nonpolar2.k18.lctrue.regions.parquet,Q99941,Q7T3T4
human_vs_chicken.hp_lehninger_c_nonpolar2.k18.lctrue.regions.parquet,Q99942,Q5ZJH8
human_vs_chicken.hp_lehninger_c_nonpolar2.k18.lctrue.regions.parquet,Q99943,Q07496
human_vs_chicken.hp_lehninger_c_nonpolar2.k18.lctrue.regions.parquet,Q99946,P52186
human_vs_chicken.hp_lehninger_c_nonpolar2.k18.lctrue.regions.parquet,Q9BZJ6,B3TP03
human_vs_chicken.hp_lehninger_c_nonpolar2.k18.lctrue.regions.parquet,Q9BZJ6,P09572
human_vs_chicken.hp_lehninger_c_nonpolar2.k18.lctrue.regions.parquet,Q9BZJ6,P28682
human_vs_chicken.hp_lehninger_c_nonpolar2.k18.lctrue.regions.parquet,Q9BZJ6,Q5ZIT9
human_vs_chicken.hp_lehninger_c_nonpolar2.k18.lctrue.regions.parquet,Q9GZM5,A0FKN5
human_vs_chicken.hp_lehninger_c_nonpolar2.k18.lctrue.regions.parquet,Q9GZM5,P02713
human_vs_chicken.hp_lehninger_c_nonpolar2.k18.lctrue.regions.parquet,Q9GZM5,P18941
human_vs_chicken.hp_lehninger_c_nonpolar2.k18.lctrue.regions.parquet,Q9GZM5,P49288
human_vs_chicken.hp_lehninger_c_nonpolar2.k18.lctrue.regions.parquet,Q9GZM5,Q5F410
human_vs_chicken.hp_lehninger_c_nonpolar2.k18.lctrue.regions.parquet,Q9GZR5,P09572
human_vs_chicken.hp_lehninger_c_nonpolar2.k18.lctrue.regions.parquet,Q9GZR5,Q5F448
human_vs_chicken.hp_lehninger_c_nonpolar2.k18.lctrue.regions.parquet,Q9GZR5,Q5ZJU0
human_vs_chicken.hp_lehninger_c_nonpolar2.k18.lctrue.regions.parquet,Q9H1N7,A0FKN5
human_vs_chicken.hp_lehninger_c_nonpolar2.k18.lctrue.regions.parquet,Q9H1N7,B3TP03
human_vs_chicken.hp_lehninger_c_nonpolar2.k18.lctrue.regions.parquet,Q9H1N7,P46896
human_vs_chicken.hp_lehninger_c_nonpolar2.k18.lctrue.regions.parquet,Q9H1N7,Q5ZM73
human_vs_chicken.hp_lehninger_c_nonpolar2.k18.lctrue.regions.parquet,Q9HBV1,Q5ZLR7
human_vs_chicken.hp_lehninger_c_nonpolar2.k18.lctrue.regions.parquet,Q9HD23,Q5ZLL8
human_vs_chicken.hp_lehninger_c_nonpolar2.k18.lctrue.regions.parquet,Q9NP99,Q5ZKS8
human_vs_chicken.hp_lehninger_c_nonpolar2.k18.lctrue.regions.parquet,Q9NRA2,O42422
human_vs_chicken.hp_lehninger_c_nonpolar2.k18.lctrue.regions.parquet,Q9NRA2,P14154
human_vs_chicken.hp_lehninger_c_nonpolar2.k18.lctrue.regions.parquet,Q9NRA2,P79784
human_vs_chicken.hp_lehninger_c_nonpolar2.k18.lctrue.regions.parquet,Q9NRA2,Q3KTM2
human_vs_chicken.hp_lehninger_c_nonpolar2.k18.lctrue.regions.parquet,Q9NRA2,Q4JIM4
human_vs_chicken.hp_lehninger_c_nonpolar2.k18.lctrue.regions.parquet,Q9NRA2,Q5F384
human_vs_chicken.hp_lehninger_c_nonpolar2.k18.lctrue.regions.parquet,Q9NRA2,Q5ZJ41
human_vs_chicken.hp_lehninger_c_nonpolar2.k18.lctrue.regions.parquet,Q9NRA2,Q5ZLF4
human_vs_chicken.hp_lehninger_c_nonpolar2.k18.lctrue.regions.parquet,Q9NUN5,Q5ZJD8
human_vs_chicken.hp_lehninger_c_nonpolar2.k18.lctrue.regions.parquet,Q9NUN5,Q5ZJD9
human_vs_chicken.hp_lehninger_c_nonpolar2.k18.lctrue.regions.parquet,Q9NUN5,Q8AWC7
human_vs_chicken.hp_lehninger_c_nonpolar2.k18.lctrue.regions.parquet,Q9NUN5,Q9DG25
human_vs_chicken.hp_lehninger_c_nonpolar2.k18.lctrue.regions.parquet,Q9NVV5,P18943
human_vs_chicken.hp_lehninger_c_nonpolar2.k18.lctrue.regions.parquet,Q9NVV5,Q5ZIT9
human_vs_chicken.hp_lehninger_c_nonpolar2.k18.lctrue.regions.parquet,Q9NVV5,Q802T2
human_vs_chicken.hp_lehninger_c_nonpolar2.k18.lctrue.regions.parquet,Q9NWH2,Q5F383
human_vs_chicken.hp_lehninger_c_nonpolar2.k18.lctrue.regions.parquet,Q9NWH2,Q5ZLG8
human_vs_chicken.hp_lehninger_c_nonpolar2.k18.lctrue.regions.parquet,Q9NXB9,P14154
human_vs_chicken.hp_lehninger_c_nonpolar2.k18.lctrue.regions.parquet,Q9NXB9,P51475
human_vs_chicken.hp_lehninger_c_nonpolar2.k18.lctrue.regions.parquet,Q9NXB9,Q2AB83
human_vs_chicken.hp_lehninger_c_nonpolar2.k18.lctrue.regions.parquet,Q9NXB9,Q5ZKS8
human_vs_chicken.hp_lehninger_c_nonpolar2.k18.lctrue.regions.parquet,Q9NYP7,P49892
human_vs_chicken.hp_lehninger_c_nonpolar2.k18.lctrue.regions.parquet,Q9NYP7,Q5ZJR8
human_vs_chicken.hp_lehninger_c_nonpolar2.k18.lctrue.regions.parquet,Q9NYP7,Q5ZKY0
human_vs_chicken.hp_lehninger_c_nonpolar2.k18.lctrue.regions.parquet,Q9P1P4,Q5ZJX0
human_vs_chicken.hp_lehninger_c_nonpolar2.k18.lctrue.regions.parquet,Q9UBU6,Q2AB83
human_vs_chicken.hp_lehninger_c_nonpolar2.k18.lctrue.regions.parquet,Q9UBU6,Q5F3I6
human_vs_chicken.hp_lehninger_c_nonpolar2.k18.lctrue.regions.parquet,Q9UGF6,O57328
human_vs_chicken.hp_lehninger_c_nonpolar2.k18.lctrue.regions.parquet,Q9UGF6,P18946
human_vs_chicken.hp_lehninger_c_nonpolar2.k18.lctrue.regions.parquet,Q9UGF6,P79785
human_vs_chicken.hp_lehninger_c_nonpolar2.k18.lctrue.regions.parquet,Q9UGF6,Q5F3N0
human_vs_chicken.hp_lehninger_c_nonpolar2.k18.lctrue.regions.parquet,Q9UGP8,F1NVK6
human_vs_chicken.hp_lehninger_c_nonpolar2.k18.lctrue.regions.parquet,Q9UGP8,Q90632
human_vs_chicken.hp_lehninger_c_nonpolar2.k18.lctrue.regions.parquet,Q9Y2C5,P18937
human_vs_chicken.hp_lehninger_c_nonpolar2.k18.lctrue.regions.parquet,Q9Y2C5,Q5ZM73
human_vs_chicken.hp_lehninger_c_nonpolar2.k18.lctrue.regions.parquet,Q9Y2C5,Q7ZUA6
human_vs_chicken.hp_lehninger_c_nonpolar2.k18.lctrue.regions.parquet,Q9Y5U8,P24797
human_vs_chicken.hp_lehninger_c_nonpolar2.k18.lctrue.regions.parquet,Q9Y5W7,Q5ZKJ0
human_vs_chicken.hp_lehninger_c_nonpolar2.k18.lctrue.regions.parquet,Q9Y694,Q5ZJD9
human_vs_chicken.hp_lehninger_c_nonpolar2.k18.lctrue.regions.parquet,Q9Y694,Q5ZLR7
human_vs_chicken.hp_lehninger_c_nonpolar2.k18.lctrue.regions.parquet,Q9Y694,Q5ZM31
human_vs_chicken.hp_lehninger_c_nonpolar2.k18.lctrue.regions.parquet,Q9Y694,Q8AYS8
human_vs_chicken.hp_thomas_dill2.k19.lctrue.regions.parquet,A0A3B3IU46,P50141
human_vs_chicken.hp_thomas_dill2.k19.lctrue.regions.parquet,A1A5C7,B6ZLK2
human_vs_chicken.hp_thomas_dill2.k19.lctrue.regions.parquet,A1A5C7,P07850
human_vs_chicken.hp_thomas_dill2.k19.lctrue.regions.parquet,A7XYQ1,A7XYH5
human_vs_chicken.hp_thomas_dill2.k19.lctrue.regions.parquet,A7XYQ1,Q5W4S4
human_vs_chicken.hp_thomas_dill2.k19.lctrue.regions.parquet,A7XYQ1,Q9PTS8
human_vs_chicken.hp_thomas_dill2.k19.lctrue.regions.parquet,H3BQB6,Q07498
human_vs_chicken.hp_thomas_dill2.k19.lctrue.regions.parquet,H3BQB6,Q5ZIB2
human_vs_chicken.hp_thomas_dill2.k19.lctrue.regions.parquet,O00141,P08641
human_vs_chicken.hp_thomas_dill2.k19.lctrue.regions.parquet,O00453,Q9YGQ1
human_vs_chicken.hp_thomas_dill2.k19.lctrue.regions.parquet,O00479,Q66PG3
human_vs_chicken.hp_thomas_dill2.k19.lctrue.regions.parquet,O00548,Q5ZJQ8
human_vs_chicken.hp_thomas_dill2.k19.lctrue.regions.parquet,O00716,Q5ZJ87
human_vs_chicken.hp_thomas_dill2.k19.lctrue.regions.parquet,O00716,Q7T2U9
human_vs_chicken.hp_thomas_dill2.k19.lctrue.regions.parquet,O00716,Q9I8D1
human_vs_chicken.hp_thomas_dill2.k19.lctrue.regions.parquet,O15056,P15988
human_vs_chicken.hp_thomas_dill2.k19.lctrue.regions.parquet,O15209,Q5ZLE6
human_vs_chicken.hp_thomas_dill2.k19.lctrue.regions.parquet,O15209,Q9DGG6
human_vs_chicken.hp_thomas_dill2.k19.lctrue.regions.parquet,O15400,Q5F3P8
human_vs_chicken.hp_thomas_dill2.k19.lctrue.regions.parquet,O43167,F1P065
human_vs_chicken.hp_thomas_dill2.k19.lctrue.regions.parquet,O43167,P27092
human_vs_chicken.hp_thomas_dill2.k19.lctrue.regions.parquet,O43167,Q02440
human_vs_chicken.hp_thomas_dill2.k19.lctrue.regions.parquet,O43196,Q5ZJJ1
human_vs_chicken.hp_thomas_dill2.k19.lctrue.regions.parquet,O43309,P86345
human_vs_chicken.hp_thomas_dill2.k19.lctrue.regions.parquet,O43318,P58268
human_vs_chicken.hp_thomas_dill2.k19.lctrue.regions.parquet,O43318,Q5ZIQ3
human_vs_chicken.hp_thomas_dill2.k19.lctrue.regions.parquet,O43318,Q92072
human_vs_chicken.hp_thomas_dill2.k19.lctrue.regions.parquet,O43324,Q5F3G0
human_vs_chicken.hp_thomas_dill2.k19.lctrue.regions.parquet,O43524,P68259
human_vs_chicken.hp_thomas_dill2.k19.lctrue.regions.parquet,O43524,Q5ZL67
human_vs_chicken.hp_thomas_dill2.k19.lctrue.regions.parquet,O43680,Q02977
human_vs_chicken.hp_thomas_dill2.k19.lctrue.regions.parquet,O60231,Q5F3G7
human_vs_chicken.hp_thomas_dill2.k19.lctrue.regions.parquet,O60281,P29332
human_vs_chicken.hp_thomas_dill2.k19.lctrue.regions.parquet,O60281,Q5ZJ97
human_vs_chicken.hp_thomas_dill2.k19.lctrue.regions.parquet,O60281,Q5ZKB9
human_vs_chicken.hp_thomas_dill2.k19.lctrue.regions.parquet,O60281,Q5ZLC6
human_vs_chicken.hp_thomas_dill2.k19.lctrue.regions.parquet,O60281,Q6AW68
human_vs_chicken.hp_thomas_dill2.k19.lctrue.regions.parquet,O60508,P18625
human_vs_chicken.hp_thomas_dill2.k19.lctrue.regions.parquet,O60508,Q98ST5
human_vs_chicken.hp_thomas_dill2.k19.lctrue.regions.parquet,O60641,F1P4W9
human_vs_chicken.hp_thomas_dill2.k19.lctrue.regions.parquet,O60641,P79795
human_vs_chicken.hp_thomas_dill2.k19.lctrue.regions.parquet,O60641,Q9I9R0
human_vs_chicken.hp_thomas_dill2.k19.lctrue.regions.parquet,O75019,P10288
human_vs_chicken.hp_thomas_dill2.k19.lctrue.regions.parquet,O75023,P49581
human_vs_chicken.hp_thomas_dill2.k19.lctrue.regions.parquet,O75023,Q92184
human_vs_chicken.hp_thomas_dill2.k19.lctrue.regions.parquet,O75167,Q5ZJ87
human_vs_chicken.hp_thomas_dill2.k19.lctrue.regions.parquet,O75167,Q91018
human_vs_chicken.hp_thomas_dill2.k19.lctrue.regions.parquet,O75496,O57337
human_vs_chicken.hp_thomas_dill2.k19.lctrue.regions.parquet,O75496,Q9PWE8
human_vs_chicken.hp_thomas_dill2.k19.lctrue.regions.parquet,O75603,Q5ZMW0
human_vs_chicken.hp_thomas_dill2.k19.lctrue.regions.parquet,O75626,B6ZLK2
human_vs_chicken.hp_thomas_dill2.k19.lctrue.regions.parquet,O76064,Q5ZIX8
human_vs_chicken.hp_thomas_dill2.k19.lctrue.regions.parquet,O77932,Q6XXM1
human_vs_chicken.hp_thomas_dill2.k19.lctrue.regions.parquet,O94874,Q5ZMG1
human_vs_chicken.hp_thomas_dill2.k19.lctrue.regions.parquet,O95238,Q98925
human_vs_chicken.hp_thomas_dill2.k19.lctrue.regions.parquet,O95279,Q9IA31
human_vs_chicken.hp_thomas_dill2.k19.lctrue.regions.parquet,O95279,Q9PTL2
human_vs_chicken.hp_thomas_dill2.k19.lctrue.regions.parquet,O95677,O13016
human_vs_chicken.hp_thomas_dill2.k19.lctrue.regions.parquet,O95677,P57074
human_vs_chicken.hp_thomas_dill2.k19.lctrue.regions.parquet,O95835,P09482
human_vs_chicken.hp_thomas_dill2.k19.lctrue.regions.parquet,O95835,Q5H7N8
human_vs_chicken.hp_thomas_dill2.k19.lctrue.regions.parquet,O95835,Q9YGL9
human_vs_chicken.hp_thomas_dill2.k19.lctrue.regions.parquet,O95873,P58268
human_vs_chicken.hp_thomas_dill2.k19.lctrue.regions.parquet,O95944,Q5ZLQ4
human_vs_chicken.hp_thomas_dill2.k19.lctrue.regions.parquet,P00747,Q90955
human_vs_chicken.hp_thomas_dill2.k19.lctrue.regions.parquet,P01889,Q5ZM71
human_vs_chicken.hp_thomas_dill2.k19.lctrue.regions.parquet,P08238,P11501
human_vs_chicken.hp_thomas_dill2.k19.lctrue.regions.parquet,P08238,Q04619
human_vs_chicken.hp_thomas_dill2.k19.lctrue.regions.parquet,P08922,Q8AXV0
human_vs_chicken.hp_thomas_dill2.k19.lctrue.regions.parquet,P08F94,Q5ZKG2
human_vs_chicken.hp_thomas_dill2.k19.lctrue.regions.parquet,P09210,P70081
human_vs_chicken.hp_thomas_dill2.k19.lctrue.regions.parquet,P0DMV8,O73885
human_vs_chicken.hp_thomas_dill2.k19.lctrue.regions.parquet,P0DMV9,O73885
human_vs_chicken.hp_thomas_dill2.k19.lctrue.regions.parquet,P10242,F1NW29
human_vs_chicken.hp_thomas_dill2.k19.lctrue.regions.parquet,P10242,P01103
human_vs_chicken.hp_thomas_dill2.k19.lctrue.regions.parquet,P10242,Q7ZT11
human_vs_chicken.hp_thomas_dill2.k19.lctrue.regions.parquet,P10412,Q90854
human_vs_chicken.hp_thomas_dill2.k19.lctrue.regions.parquet,P11717,Q8AV28
human_vs_chicken.hp_thomas_dill2.k19.lctrue.regions.parquet,P11831,Q5ZJK1
human_vs_chicken.hp_thomas_dill2.k19.lctrue.regions.parquet,P12872,Q5ZID5
human_vs_chicken.hp_thomas_dill2.k19.lctrue.regions.parquet,P13942,O42224
human_vs_chicken.hp_thomas_dill2.k19.lctrue.regions.parquet,P15311,P50223
human_vs_chicken.hp_thomas_dill2.k19.lctrue.regions.parquet,P15822,E1C231
human_vs_chicken.hp_thomas_dill2.k19.lctrue.regions.parquet,P15822,O42237
human_vs_chicken.hp_thomas_dill2.k19.lctrue.regions.parquet,P15822,P28682
human_vs_chicken.hp_thomas_dill2.k19.lctrue.regions.parquet,P15822,Q58NQ5
human_vs_chicken.hp_thomas_dill2.k19.lctrue.regions.parquet,P15822,Q5ZIX8
human_vs_chicken.hp_thomas_dill2.k19.lctrue.regions.parquet,P15822,Q5ZK43
human_vs_chicken.hp_thomas_dill2.k19.lctrue.regions.parquet,P15822,Q5ZKI6
human_vs_chicken.hp_thomas_dill2.k19.lctrue.regions.parquet,P15822,Q5ZKK5
human_vs_chicken.hp_thomas_dill2.k19.lctrue.regions.parquet,P15822,Q90688
human_vs_chicken.hp_thomas_dill2.k19.lctrue.regions.parquet,P15822,Q98ST5
human_vs_chicken.hp_thomas_dill2.k19.lctrue.regions.parquet,P15822,Q9DED6
human_vs_chicken.hp_thomas_dill2.k19.lctrue.regions.parquet,P16401,Q5ZHP5
human_vs_chicken.hp_thomas_dill2.k19.lctrue.regions.parquet,P16402,Q9PWE8
human_vs_chicken.hp_thomas_dill2.k19.lctrue.regions.parquet,P19484,Q58NQ5
human_vs_chicken.hp_thomas_dill2.k19.lctrue.regions.parquet,P19484,Q5ZKH6
human_vs_chicken.hp_thomas_dill2.k19.lctrue.regions.parquet,P19484,Q64HY5
human_vs_chicken.hp_thomas_dill2.k19.lctrue.regions.parquet,P20265,Q5F3L1
human_vs_chicken.hp_thomas_dill2.k19.lctrue.regions.parquet,P21580,Q5ZI58
human_vs_chicken.hp_thomas_dill2.k19.lctrue.regions.parquet,P21580,Q8JG54
human_vs_chicken.hp_thomas_dill2.k19.lctrue.regions.parquet,P22492,Q801X6
human_vs_chicken.hp_thomas_dill2.k19.lctrue.regions.parquet,P24046,Q9DE13
human_vs_chicken.hp_thomas_dill2.k19.lctrue.regions.parquet,P25063,Q6XXM1
human_vs_chicken.hp_thomas_dill2.k19.lctrue.regions.parquet,P25205,O93353
human_vs_chicken.hp_thomas_dill2.k19.lctrue.regions.parquet,P28062,Q92072
human_vs_chicken.hp_thomas_dill2.k19.lctrue.regions.parquet,P28222,Q5ZMG1
human_vs_chicken.hp_thomas_dill2.k19.lctrue.regions.parquet,P31629,O42224
human_vs_chicken.hp_thomas_dill2.k19.lctrue.regions.parquet,P31629,O42252
human_vs_chicken.hp_thomas_dill2.k19.lctrue.regions.parquet,P31629,P28682
human_vs_chicken.hp_thomas_dill2.k19.lctrue.regions.parquet,P31629,Q5H7N8
human_vs_chicken.hp_thomas_dill2.k19.lctrue.regions.parquet,P31629,Q5ZL35
human_vs_chicken.hp_thomas_dill2.k19.lctrue.regions.parquet,P31629,Q6XXM1
human_vs_chicken.hp_thomas_dill2.k19.lctrue.regions.parquet,P31629,Q9YIB9
human_vs_chicken.hp_thomas_dill2.k19.lctrue.regions.parquet,P33981,B6ZI38
human_vs_chicken.hp_thomas_dill2.k19.lctrue.regions.parquet,P34931,O73885
human_vs_chicken.hp_thomas_dill2.k19.lctrue.regions.parquet,P36508,Q98936
human_vs_chicken.hp_thomas_dill2.k19.lctrue.regions.parquet,P36915,P16419
human_vs_chicken.hp_thomas_dill2.k19.lctrue.regions.parquet,P36915,Q5ZKL9
human_vs_chicken.hp_thomas_dill2.k19.lctrue.regions.parquet,P38936,Q02092
human_vs_chicken.hp_thomas_dill2.k19.lctrue.regions.parquet,P40425,O57328
human_vs_chicken.hp_thomas_dill2.k19.lctrue.regions.parquet,P40425,P52162
human_vs_chicken.hp_thomas_dill2.k19.lctrue.regions.parquet,P43307,P02845
human_vs_chicken.hp_thomas_dill2.k19.lctrue.regions.parquet,P43307,Q90623
human_vs_chicken.hp_thomas_dill2.k19.lctrue.regions.parquet,P43629,A7XYH5
human_vs_chicken.hp_thomas_dill2.k19.lctrue.regions.parquet,P48634,F1NPG5
human_vs_chicken.hp_thomas_dill2.k19.lctrue.regions.parquet,P48634,Q5ZJK5
human_vs_chicken.hp_thomas_dill2.k19.lctrue.regions.parquet,P48634,Q91018
human_vs_chicken.hp_thomas_dill2.k19.lctrue.regions.parquet,P49790,P08642
human_vs_chicken.hp_thomas_dill2.k19.lctrue.regions.parquet,P49790,P55968
human_vs_chicken.hp_thomas_dill2.k19.lctrue.regions.parquet,P49790,Q5ZI43
human_vs_chicken.hp_thomas_dill2.k19.lctrue.regions.parquet,P49790,Q5ZLE9
human_vs_chicken.hp_thomas_dill2.k19.lctrue.regions.parquet,P49790,Q679P3
human_vs_chicken.hp_thomas_dill2.k19.lctrue.regions.parquet,P54253,P05625
human_vs_chicken.hp_thomas_dill2.k19.lctrue.regions.parquet,P54253,P26446
human_vs_chicken.hp_thomas_dill2.k19.lctrue.regions.parquet,P54253,Q8QGW7
human_vs_chicken.hp_thomas_dill2.k19.lctrue.regions.parquet,P55196,E1C1R4
human_vs_chicken.hp_thomas_dill2.k19.lctrue.regions.parquet,P55196,O42224
human_vs_chicken.hp_thomas_dill2.k19.lctrue.regions.parquet,P55196,O73895
human_vs_chicken.hp_thomas_dill2.k19.lctrue.regions.parquet,P55196,O93602
human_vs_chicken.hp_thomas_dill2.k19.lctrue.regions.parquet,P55196,Q8JIR8
human_vs_chicken.hp_thomas_dill2.k19.lctrue.regions.parquet,P63128,P14840
human_vs_chicken.hp_thomas_dill2.k19.lctrue.regions.parquet,P68431,P84247
human_vs_chicken.hp_thomas_dill2.k19.lctrue.regions.parquet,P84103,P58270
human_vs_chicken.hp_thomas_dill2.k19.lctrue.regions.parquet,P84103,Q5ZJP9
human_vs_chicken.hp_thomas_dill2.k19.lctrue.regions.parquet,Q01151,Q5ZML3
human_vs_chicken.hp_thomas_dill2.k19.lctrue.regions.parquet,Q01860,O42400
human_vs_chicken.hp_thomas_dill2.k19.lctrue.regions.parquet,Q01860,P51050
human_vs_chicken.hp_thomas_dill2.k19.lctrue.regions.parquet,Q02952,P00523
human_vs_chicken.hp_thomas_dill2.k19.lctrue.regions.parquet,Q02952,Q90867
human_vs_chicken.hp_thomas_dill2.k19.lctrue.regions.parquet,Q03181,Q04619
human_vs_chicken.hp_thomas_dill2.k19.lctrue.regions.parquet,Q04900,Q5ZHY5
human_vs_chicken.hp_thomas_dill2.k19.lctrue.regions.parquet,Q06587,P15771
human_vs_chicken.hp_thomas_dill2.k19.lctrue.regions.parquet,Q12899,O73612
human_vs_chicken.hp_thomas_dill2.k19.lctrue.regions.parquet,Q12947,E1BZ85
human_vs_chicken.hp_thomas_dill2.k19.lctrue.regions.parquet,Q12947,Q5ZID5
human_vs_chicken.hp_thomas_dill2.k19.lctrue.regions.parquet,Q12948,Q5F364
human_vs_chicken.hp_thomas_dill2.k19.lctrue.regions.parquet,Q12948,Q8AYS8
human_vs_chicken.hp_thomas_dill2.k19.lctrue.regions.parquet,Q13410,Q8QFX1
human_vs_chicken.hp_thomas_dill2.k19.lctrue.regions.parquet,Q13451,Q5ZIN2
human_vs_chicken.hp_thomas_dill2.k19.lctrue.regions.parquet,Q13451,Q9YGQ1
human_vs_chicken.hp_thomas_dill2.k19.lctrue.regions.parquet,Q13546,Q90977
human_vs_chicken.hp_thomas_dill2.k19.lctrue.regions.parquet,Q13838,Q5ZHZ0
human_vs_chicken.hp_thomas_dill2.k19.lctrue.regions.parquet,Q13950,P22448
human_vs_chicken.hp_thomas_dill2.k19.lctrue.regions.parquet,Q13950,P24899
human_vs_chicken.hp_thomas_dill2.k19.lctrue.regions.parquet,Q14244,Q5ZIA2
human_vs_chicken.hp_thomas_dill2.k19.lctrue.regions.parquet,Q14511,P18908
human_vs_chicken.hp_thomas_dill2.k19.lctrue.regions.parquet,Q14511,Q5F3R2
human_vs_chicken.hp_thomas_dill2.k19.lctrue.regions.parquet,Q14511,Q5ZKD5
human_vs_chicken.hp_thomas_dill2.k19.lctrue.regions.parquet,Q14676,P86346
human_vs_chicken.hp_thomas_dill2.k19.lctrue.regions.parquet,Q14676,Q05858
human_vs_chicken.hp_thomas_dill2.k19.lctrue.regions.parquet,Q14676,Q5ZJK5
human_vs_chicken.hp_thomas_dill2.k19.lctrue.regions.parquet,Q14676,Q9W757
human_vs_chicken.hp_thomas_dill2.k19.lctrue.regions.parquet,Q14738,Q5ZHN5
human_vs_chicken.hp_thomas_dill2.k19.lctrue.regions.parquet,Q14993,P25207
human_vs_chicken.hp_thomas_dill2.k19.lctrue.regions.parquet,Q14993,Q1PRL4
human_vs_chicken.hp_thomas_dill2.k19.lctrue.regions.parquet,Q14993,Q5ZLF4
human_vs_chicken.hp_thomas_dill2.k19.lctrue.regions.parquet,Q14993,Q90632
human_vs_chicken.hp_thomas_dill2.k19.lctrue.regions.parquet,Q149N8,Q90Z72
human_vs_chicken.hp_thomas_dill2.k19.lctrue.regions.parquet,Q15109,P00523
human_vs_chicken.hp_thomas_dill2.k19.lctrue.regions.parquet,Q15651,Q5ZMV8
human_vs_chicken.hp_thomas_dill2.k19.lctrue.regions.parquet,Q15776,Q5ZM91
human_vs_chicken.hp_thomas_dill2.k19.lctrue.regions.parquet,Q16626,Q05437
human_vs_chicken.hp_thomas_dill2.k19.lctrue.regions.parquet,Q16626,Q90837
human_vs_chicken.hp_thomas_dill2.k19.lctrue.regions.parquet,Q4ZHG4,Q5ZI72
human_vs_chicken.hp_thomas_dill2.k19.lctrue.regions.parquet,Q4ZHG4,Q5ZKN5
human_vs_chicken.hp_thomas_dill2.k19.lctrue.regions.parquet,Q4ZHG4,Q7T0L4
human_vs_chicken.hp_thomas_dill2.k19.lctrue.regions.parquet,Q5JTD0,P47191
human_vs_chicken.hp_thomas_dill2.k19.lctrue.regions.parquet,Q5JTD0,Q5ZIE8
human_vs_chicken.hp_thomas_dill2.k19.lctrue.regions.parquet,Q5JTD0,Q91018
human_vs_chicken.hp_thomas_dill2.k19.lctrue.regions.parquet,Q5JVL4,Q5ZIW1
human_vs_chicken.hp_thomas_dill2.k19.lctrue.regions.parquet,Q5JVL4,Q8UW76
human_vs_chicken.hp_thomas_dill2.k19.lctrue.regions.parquet,Q5JXM2,Q5ZID5
human_vs_chicken.hp_thomas_dill2.k19.lctrue.regions.parquet,Q5M9Q1,P53545
human_vs_chicken.hp_thomas_dill2.k19.lctrue.regions.parquet,Q5SQI0,P83038
human_vs_chicken.hp_thomas_dill2.k19.lctrue.regions.parquet,Q5SW24,P58268
human_vs_chicken.hp_thomas_dill2.k19.lctrue.regions.parquet,Q5SW24,P60878
human_vs_chicken.hp_thomas_dill2.k19.lctrue.regions.parquet,Q5SW24,Q58NQ4
human_vs_chicken.hp_thomas_dill2.k19.lctrue.regions.parquet,Q5SZL2,O73606
human_vs_chicken.hp_thomas_dill2.k19.lctrue.regions.parquet,Q5T0W9,A0A1D5PJB7
human_vs_chicken.hp_thomas_dill2.k19.lctrue.regions.parquet,Q5T0W9,Q5ZML9
human_vs_chicken.hp_thomas_dill2.k19.lctrue.regions.parquet,Q5T3U5,E1C2V1
human_vs_chicken.hp_thomas_dill2.k19.lctrue.regions.parquet,Q5T5C0,P36381
human_vs_chicken.hp_thomas_dill2.k19.lctrue.regions.parquet,Q5T5C0,Q5ZJQ8
human_vs_chicken.hp_thomas_dill2.k19.lctrue.regions.parquet,Q5TB80,P15989
human_vs_chicken.hp_thomas_dill2.k19.lctrue.regions.parquet,Q5TB80,Q5ZM60
human_vs_chicken.hp_thomas_dill2.k19.lctrue.regions.parquet,Q5TCS8,Q5F485
human_vs_chicken.hp_thomas_dill2.k19.lctrue.regions.parquet,Q5TCS8,Q5ZID5
human_vs_chicken.hp_thomas_dill2.k19.lctrue.regions.parquet,Q5TCS8,Q9DF69
human_vs_chicken.hp_thomas_dill2.k19.lctrue.regions.parquet,Q5TCY1,Q5ZIN2
human_vs_chicken.hp_thomas_dill2.k19.lctrue.regions.parquet,Q5TD94,Q5XFQ6
human_vs_chicken.hp_thomas_dill2.k19.lctrue.regions.parquet,Q5TFE4,P29415
human_vs_chicken.hp_thomas_dill2.k19.lctrue.regions.parquet,Q5TH69,O42400
human_vs_chicken.hp_thomas_dill2.k19.lctrue.regions.parquet,Q5TH69,Q5ZJ02
human_vs_chicken.hp_thomas_dill2.k19.lctrue.regions.parquet,Q5TH69,Q5ZM65
human_vs_chicken.hp_thomas_dill2.k19.lctrue.regions.parquet,Q5VUA4,P18861
human_vs_chicken.hp_thomas_dill2.k19.lctrue.regions.parquet,Q5VUA4,P22448
human_vs_chicken.hp_thomas_dill2.k19.lctrue.regions.parquet,Q5VUA4,P52550
human_vs_chicken.hp_thomas_dill2.k19.lctrue.regions.parquet,Q5VUA4,P53410
human_vs_chicken.hp_thomas_dill2.k19.lctrue.regions.parquet,Q5VUA4,Q3YK19
human_vs_chicken.hp_thomas_dill2.k19.lctrue.regions.parquet,Q5VUA4,Q5ZIM6
human_vs_chicken.hp_thomas_dill2.k19.lctrue.regions.parquet,Q5VUA4,Q92184
human_vs_chicken.hp_thomas_dill2.k19.lctrue.regions.parquet,Q5VUM1,O42400
human_vs_chicken.hp_thomas_dill2.k19.lctrue.regions.parquet,Q5VWX1,P79778
human_vs_chicken.hp_thomas_dill2.k19.lctrue.regions.parquet,Q5VZK9,O73700
human_vs_chicken.hp_thomas_dill2.k19.lctrue.regions.parquet,Q5VZK9,Q92072
human_vs_chicken.hp_thomas_dill2.k19.lctrue.regions.parquet,Q6IEG0,Q5F368
human_vs_chicken.hp_thomas_dill2.k19.lctrue.regions.parquet,Q6ISU1,Q5ZIG2
human_vs_chicken.hp_thomas_dill2.k19.lctrue.regions.parquet,Q6NT16,Q5ZL55
human_vs_chicken.hp_thomas_dill2.k19.lctrue.regions.parquet,Q6Q6R5,Q9I9R0
human_vs_chicken.hp_thomas_dill2.k19.lctrue.regions.parquet,Q6UB35,P48430
human_vs_chicken.hp_thomas_dill2.k19.lctrue.regions.parquet,Q6ZMV9,Q9IAL7
human_vs_chicken.hp_thomas_dill2.k19.lctrue.regions.parquet,Q6ZN17,E1C2I2
human_vs_chicken.hp_thomas_dill2.k19.lctrue.regions.parquet,Q6ZN17,Q5ZJ02
human_vs_chicken.hp_thomas_dill2.k19.lctrue.regions.parquet,Q6ZN17,Q5ZML9
human_vs_chicken.hp_thomas_dill2.k19.lctrue.regions.parquet,Q6ZU52,E1C1R4
human_vs_chicken.hp_thomas_dill2.k19.lctrue.regions.parquet,Q6ZU52,Q5ZKK7
human_vs_chicken.hp_thomas_dill2.k19.lctrue.regions.parquet,Q70CQ1,Q8AV58
human_vs_chicken.hp_thomas_dill2.k19.lctrue.regions.parquet,Q70EL2,O12940
human_vs_chicken.hp_thomas_dill2.k19.lctrue.regions.parquet,Q70EL2,Q5ZJP5
human_vs_chicken.hp_thomas_dill2.k19.lctrue.regions.parquet,Q7RTU3,Q5ZIL4
human_vs_chicken.hp_thomas_dill2.k19.lctrue.regions.parquet,Q7Z6J4,P55878
human_vs_chicken.hp_thomas_dill2.k19.lctrue.regions.parquet,Q7Z6P3,P02565
human_vs_chicken.hp_thomas_dill2.k19.lctrue.regions.parquet,Q7Z6P3,Q8AV58
human_vs_chicken.hp_thomas_dill2.k19.lctrue.regions.parquet,Q7Z6P3,Q90966
human_vs_chicken.hp_thomas_dill2.k19.lctrue.regions.parquet,Q7Z6R9,E1C6F0
human_vs_chicken.hp_thomas_dill2.k19.lctrue.regions.parquet,Q7Z7B0,Q76KB2
human_vs_chicken.hp_thomas_dill2.k19.lctrue.regions.parquet,Q7Z7B0,Q9W6S3
human_vs_chicken.hp_thomas_dill2.k19.lctrue.regions.parquet,Q7Z7C8,Q5ZMS1
human_vs_chicken.hp_thomas_dill2.k19.lctrue.regions.parquet,Q86T65,Q04861
human_vs_chicken.hp_thomas_dill2.k19.lctrue.regions.parquet,Q86UC2,P05200
human_vs_chicken.hp_thomas_dill2.k19.lctrue.regions.parquet,Q86UC2,Q5ZIW1
human_vs_chicken.hp_thomas_dill2.k19.lctrue.regions.parquet,Q86UR5,P16419
human_vs_chicken.hp_thomas_dill2.k19.lctrue.regions.parquet,Q86UR5,P22451
human_vs_chicken.hp_thomas_dill2.k19.lctrue.regions.parquet,Q86UR5,Q03696
human_vs_chicken.hp_thomas_dill2.k19.lctrue.regions.parquet,Q86UR5,Q5ZIW1
human_vs_chicken.hp_thomas_dill2.k19.lctrue.regions.parquet,Q86UR5,Q5ZKK2
human_vs_chicken.hp_thomas_dill2.k19.lctrue.regions.parquet,Q86UR5,Q801X6
human_vs_chicken.hp_thomas_dill2.k19.lctrue.regions.parquet,Q8HWS3,Q02092
human_vs_chicken.hp_thomas_dill2.k19.lctrue.regions.parquet,Q8IV45,P51509
human_vs_chicken.hp_thomas_dill2.k19.lctrue.regions.parquet,Q8IVH2,A7XYH5
human_vs_chicken.hp_thomas_dill2.k19.lctrue.regions.parquet,Q8IVH2,Q5F488
human_vs_chicken.hp_thomas_dill2.k19.lctrue.regions.parquet,Q8IWP9,Q5ZIB8
human_vs_chicken.hp_thomas_dill2.k19.lctrue.regions.parquet,Q8IWV8,P27093
human_vs_chicken.hp_thomas_dill2.k19.lctrue.regions.parquet,Q8IWV8,Q5XFQ6
human_vs_chicken.hp_thomas_dill2.k19.lctrue.regions.parquet,Q8IZF2,Q9PWA1
human_vs_chicken.hp_thomas_dill2.k19.lctrue.regions.parquet,Q8IZS6,Q6JHU7
human_vs_chicken.hp_thomas_dill2.k19.lctrue.regions.parquet,Q8N109,Q6VYA3
human_vs_chicken.hp_thomas_dill2.k19.lctrue.regions.parquet,Q8N157,O73700
human_vs_chicken.hp_thomas_dill2.k19.lctrue.regions.parquet,Q8N157,P55879
human_vs_chicken.hp_thomas_dill2.k19.lctrue.regions.parquet,Q8N3L3,Q02440
human_vs_chicken.hp_thomas_dill2.k19.lctrue.regions.parquet,Q8N3Z0,Q90600
human_vs_chicken.hp_thomas_dill2.k19.lctrue.regions.parquet,Q8N4B5,E1BZ85
human_vs_chicken.hp_thomas_dill2.k19.lctrue.regions.parquet,Q8N680,P09572
human_vs_chicken.hp_thomas_dill2.k19.lctrue.regions.parquet,Q8N878,P24899
human_vs_chicken.hp_thomas_dill2.k19.lctrue.regions.parquet,Q8N878,Q8AWC3
human_vs_chicken.hp_thomas_dill2.k19.lctrue.regions.parquet,Q8NB25,Q05858
human_vs_chicken.hp_thomas_dill2.k19.lctrue.regions.parquet,Q8NC56,P08941
human_vs_chicken.hp_thomas_dill2.k19.lctrue.regions.parquet,Q8NC56,Q5W4S4
human_vs_chicken.hp_thomas_dill2.k19.lctrue.regions.parquet,Q8NF91,Q5ZJ39
human_vs_chicken.hp_thomas_dill2.k19.lctrue.regions.parquet,Q8NF91,Q9PTS8
human_vs_chicken.hp_thomas_dill2.k19.lctrue.regions.parquet,Q8NFD5,P15142
human_vs_chicken.hp_thomas_dill2.k19.lctrue.regions.parquet,Q8NFD5,Q2VB19
human_vs_chicken.hp_thomas_dill2.k19.lctrue.regions.parquet,Q8NFD5,Q5F4A3
human_vs_chicken.hp_thomas_dill2.k19.lctrue.regions.parquet,Q8NHJ6,P11799
human_vs_chicken.hp_thomas_dill2.k19.lctrue.regions.parquet,Q8NHL6,Q7ZT11
human_vs_chicken.hp_thomas_dill2.k19.lctrue.regions.parquet,Q8TB52,Q8QGQ8
human_vs_chicken.hp_thomas_dill2.k19.lctrue.regions.parquet,Q8TC41,E1C3S7
human_vs_chicken.hp_thomas_dill2.k19.lctrue.regions.parquet,Q8TD31,Q8QGX4
human_vs_chicken.hp_thomas_dill2.k19.lctrue.regions.parquet,Q8TDH9,Q5ZMS4
human_vs_chicken.hp_thomas_dill2.k19.lctrue.regions.parquet,Q8WUA2,P16075
human_vs_chicken.hp_thomas_dill2.k19.lctrue.regions.parquet,Q8WUA2,P23825
human_vs_chicken.hp_thomas_dill2.k19.lctrue.regions.parquet,Q8WUA2,Q5F418
human_vs_chicken.hp_thomas_dill2.k19.lctrue.regions.parquet,Q8WUB8,P27092
human_vs_chicken.hp_thomas_dill2.k19.lctrue.regions.parquet,Q8WUB8,Q5ZJS0
human_vs_chicken.hp_thomas_dill2.k19.lctrue.regions.parquet,Q8WUB8,Q5ZLL9
human_vs_chicken.hp_thomas_dill2.k19.lctrue.regions.parquet,Q8WWN9,Q5ZJ20
human_vs_chicken.hp_thomas_dill2.k19.lctrue.regions.parquet,Q8WWN9,Q5ZJV6
human_vs_chicken.hp_thomas_dill2.k19.lctrue.regions.parquet,Q8WWN9,Q91975
human_vs_chicken.hp_thomas_dill2.k19.lctrue.regions.parquet,Q8WWU5,O42184
human_vs_chicken.hp_thomas_dill2.k19.lctrue.regions.parquet,Q8WWU5,Q5ZM65
human_vs_chicken.hp_thomas_dill2.k19.lctrue.regions.parquet,Q92504,P06212
human_vs_chicken.hp_thomas_dill2.k19.lctrue.regions.parquet,Q92504,Q5ZLL9
human_vs_chicken.hp_thomas_dill2.k19.lctrue.regions.parquet,Q92562,Q9PSW9
human_vs_chicken.hp_thomas_dill2.k19.lctrue.regions.parquet,Q92766,P07898
human_vs_chicken.hp_thomas_dill2.k19.lctrue.regions.parquet,Q92766,Q03696
human_vs_chicken.hp_thomas_dill2.k19.lctrue.regions.parquet,Q92766,Q5ZJ43
human_vs_chicken.hp_thomas_dill2.k19.lctrue.regions.parquet,Q92766,Q5ZJK4
human_vs_chicken.hp_thomas_dill2.k19.lctrue.regions.parquet,Q92766,Q7SZI5
human_vs_chicken.hp_thomas_dill2.k19.lctrue.regions.parquet,Q92833,P28685
human_vs_chicken.hp_thomas_dill2.k19.lctrue.regions.parquet,Q92833,Q5F363
human_vs_chicken.hp_thomas_dill2.k19.lctrue.regions.parquet,Q969J2,P18625
human_vs_chicken.hp_thomas_dill2.k19.lctrue.regions.parquet,Q969J2,Q5ZM19
human_vs_chicken.hp_thomas_dill2.k19.lctrue.regions.parquet,Q96AP4,P53410
human_vs_chicken.hp_thomas_dill2.k19.lctrue.regions.parquet,Q96C00,F1NV61
human_vs_chicken.hp_thomas_dill2.k19.lctrue.regions.parquet,Q96C00,Q5ZKN3
human_vs_chicken.hp_thomas_dill2.k19.lctrue.regions.parquet,Q96D71,Q5ZI72
human_vs_chicken.hp_thomas_dill2.k19.lctrue.regions.parquet,Q96EV8,Q5ZJ20
human_vs_chicken.hp_thomas_dill2.k19.lctrue.regions.parquet,Q96JM7,P14732
human_vs_chicken.hp_thomas_dill2.k19.lctrue.regions.parquet,Q96JM7,Q9PU36
human_vs_chicken.hp_thomas_dill2.k19.lctrue.regions.parquet,Q96KF7,E1C3P4
human_vs_chicken.hp_thomas_dill2.k19.lctrue.regions.parquet,Q96KQ7,Q5ZJK8
human_vs_chicken.hp_thomas_dill2.k19.lctrue.regions.parquet,Q96KQ7,Q6AW68
human_vs_chicken.hp_thomas_dill2.k19.lctrue.regions.parquet,Q96KW2,P31043
human_vs_chicken.hp_thomas_dill2.k19.lctrue.regions.parquet,Q96KW2,P49706
human_vs_chicken.hp_thomas_dill2.k19.lctrue.regions.parquet,Q96KW2,Q5ZIW2
human_vs_chicken.hp_thomas_dill2.k19.lctrue.regions.parquet,Q96KW2,Q8QFX1
human_vs_chicken.hp_thomas_dill2.k19.lctrue.regions.parquet,Q96PC2,Q5ZKA3
human_vs_chicken.hp_thomas_dill2.k19.lctrue.regions.parquet,Q96PQ5,P00523
human_vs_chicken.hp_thomas_dill2.k19.lctrue.regions.parquet,Q96PQ5,Q5ZIK0
human_vs_chicken.hp_thomas_dill2.k19.lctrue.regions.parquet,Q96PQ5,Q5ZK63
human_vs_chicken.hp_thomas_dill2.k19.lctrue.regions.parquet,Q96PQ5,Q9PWA3
human_vs_chicken.hp_thomas_dill2.k19.lctrue.regions.parquet,Q96QV6,P17923
human_vs_chicken.hp_thomas_dill2.k19.lctrue.regions.parquet,Q96T54,Q8AYS8
human_vs_chicken.hp_thomas_dill2.k19.lctrue.regions.parquet,Q99459,Q5ZL67
human_vs_chicken.hp_thomas_dill2.k19.lctrue.regions.parquet,Q99459,Q5ZML3
human_vs_chicken.hp_thomas_dill2.k19.lctrue.regions.parquet,Q99683,O73700
human_vs_chicken.hp_thomas_dill2.k19.lctrue.regions.parquet,Q99715,B9U3F2
human_vs_chicken.hp_thomas_dill2.k19.lctrue.regions.parquet,Q99715,P55878
human_vs_chicken.hp_thomas_dill2.k19.lctrue.regions.parquet,Q99715,Q5F368
human_vs_chicken.hp_thomas_dill2.k19.lctrue.regions.parquet,Q99715,Q9W757
human_vs_chicken.hp_thomas_dill2.k19.lctrue.regions.parquet,Q99750,Q6AW68
human_vs_chicken.hp_thomas_dill2.k19.lctrue.regions.parquet,Q99808,P0CF65
human_vs_chicken.hp_thomas_dill2.k19.lctrue.regions.parquet,Q99941,E1C2V1
human_vs_chicken.hp_thomas_dill2.k19.lctrue.regions.parquet,Q99941,E1C8P7
human_vs_chicken.hp_thomas_dill2.k19.lctrue.regions.parquet,Q99941,O42230
human_vs_chicken.hp_thomas_dill2.k19.lctrue.regions.parquet,Q99941,P15989
human_vs_chicken.hp_thomas_dill2.k19.lctrue.regions.parquet,Q99941,Q5ZJ02
human_vs_chicken.hp_thomas_dill2.k19.lctrue.regions.parquet,Q99941,Q90964
human_vs_chicken.hp_thomas_dill2.k19.lctrue.regions.parquet,Q99942,Q5ZHN5
human_vs_chicken.hp_thomas_dill2.k19.lctrue.regions.parquet,Q99967,Q5F3L1
human_vs_chicken.hp_thomas_dill2.k19.lctrue.regions.parquet,Q9BRR0,Q90889
human_vs_chicken.hp_thomas_dill2.k19.lctrue.regions.parquet,Q9BRS2,B9U3F2
human_vs_chicken.hp_thomas_dill2.k19.lctrue.regions.parquet,Q9BRS2,Q90751
human_vs_chicken.hp_thomas_dill2.k19.lctrue.regions.parquet,Q9BRS2,Q9DGG6
human_vs_chicken.hp_thomas_dill2.k19.lctrue.regions.parquet,Q9BT09,P32017
human_vs_chicken.hp_thomas_dill2.k19.lctrue.regions.parquet,Q9BW19,P09654
human_vs_chicken.hp_thomas_dill2.k19.lctrue.regions.parquet,Q9BW19,P17923
human_vs_chicken.hp_thomas_dill2.k19.lctrue.regions.parquet,Q9BW19,P50478
human_vs_chicken.hp_thomas_dill2.k19.lctrue.regions.parquet,Q9BXY4,Q06637
human_vs_chicken.hp_thomas_dill2.k19.lctrue.regions.parquet,Q9BYV9,Q5ZJF1
human_vs_chicken.hp_thomas_dill2.k19.lctrue.regions.parquet,Q9BYV9,Q5ZLN5
human_vs_chicken.hp_thomas_dill2.k19.lctrue.regions.parquet,Q9BYV9,Q90732
human_vs_chicken.hp_thomas_dill2.k19.lctrue.regions.parquet,Q9BZY9,Q5F3D1
human_vs_chicken.hp_thomas_dill2.k19.lctrue.regions.parquet,Q9C009,P48801
human_vs_chicken.hp_thomas_dill2.k19.lctrue.regions.parquet,Q9C009,Q5ZHY5
human_vs_chicken.hp_thomas_dill2.k19.lctrue.regions.parquet,Q9C010,B9U3F2
human_vs_chicken.hp_thomas_dill2.k19.lctrue.regions.parquet,Q9C0D0,P59101
human_vs_chicken.hp_thomas_dill2.k19.lctrue.regions.parquet,Q9C0D0,Q04861
human_vs_chicken.hp_thomas_dill2.k19.lctrue.regions.parquet,Q9C0D0,Q5ZIQ3
human_vs_chicken.hp_thomas_dill2.k19.lctrue.regions.parquet,Q9GZM5,P23825
human_vs_chicken.hp_thomas_dill2.k19.lctrue.regions.parquet,Q9GZR5,Q5ZLC1
human_vs_chicken.hp_thomas_dill2.k19.lctrue.regions.parquet,Q9H0U9,Q5ZJ87
human_vs_chicken.hp_thomas_dill2.k19.lctrue.regions.parquet,Q9H1H9,P18908
human_vs_chicken.hp_thomas_dill2.k19.lctrue.regions.parquet,Q9H1H9,P23459
human_vs_chicken.hp_thomas_dill2.k19.lctrue.regions.parquet,Q9H1H9,P57788
human_vs_chicken.hp_thomas_dill2.k19.lctrue.regions.parquet,Q9H4Q3,Q5F3B1
human_vs_chicken.hp_thomas_dill2.k19.lctrue.regions.parquet,Q9H4Q3,Q5ZLC6
human_vs_chicken.hp_thomas_dill2.k19.lctrue.regions.parquet,Q9H4Q3,Q9DF69
human_vs_chicken.hp_thomas_dill2.k19.lctrue.regions.parquet,Q9H4T2,P50593
human_vs_chicken.hp_thomas_dill2.k19.lctrue.regions.parquet,Q9H4T2,Q5ZJ02
human_vs_chicken.hp_thomas_dill2.k19.lctrue.regions.parquet,Q9H633,Q90867
human_vs_chicken.hp_thomas_dill2.k19.lctrue.regions.parquet,Q9H6K1,Q5ZJL7
human_vs_chicken.hp_thomas_dill2.k19.lctrue.regions.parquet,Q9H7B2,Q8AXP2
human_vs_chicken.hp_thomas_dill2.k19.lctrue.regions.parquet,Q9HB96,Q5ZJK4
human_vs_chicken.hp_thomas_dill2.k19.lctrue.regions.parquet,Q9HCH3,Q6VYA3
human_vs_chicken.hp_thomas_dill2.k19.lctrue.regions.parquet,Q9NP56,Q5ZKK1
human_vs_chicken.hp_thomas_dill2.k19.lctrue.regions.parquet,Q9NP62,Q5ZK44
human_vs_chicken.hp_thomas_dill2.k19.lctrue.regions.parquet,Q9NRA2,Q5ZMQ0
human_vs_chicken.hp_thomas_dill2.k19.lctrue.regions.parquet,Q9NRJ4,P10288
human_vs_chicken.hp_thomas_dill2.k19.lctrue.regions.parquet,Q9NRJ4,P16053
human_vs_chicken.hp_thomas_dill2.k19.lctrue.regions.parquet,Q9NRJ4,Q08856
human_vs_chicken.hp_thomas_dill2.k19.lctrue.regions.parquet,Q9NRJ4,Q5ZHV8
human_vs_chicken.hp_thomas_dill2.k19.lctrue.regions.parquet,Q9NRJ4,Q9W6U8
human_vs_chicken.hp_thomas_dill2.k19.lctrue.regions.parquet,Q9NWT1,P49581
human_vs_chicken.hp_thomas_dill2.k19.lctrue.regions.parquet,Q9NXL9,F1NCD6
human_vs_chicken.hp_thomas_dill2.k19.lctrue.regions.parquet,Q9NXL9,P86345
human_vs_chicken.hp_thomas_dill2.k19.lctrue.regions.parquet,Q9NXL9,Q8AYS8
human_vs_chicken.hp_thomas_dill2.k19.lctrue.regions.parquet,Q9NXL9,Q91987
human_vs_chicken.hp_thomas_dill2.k19.lctrue.regions.parquet,Q9NXZ2,Q90687
human_vs_chicken.hp_thomas_dill2.k19.lctrue.regions.parquet,Q9NYP7,Q5ZMT9
human_vs_chicken.hp_thomas_dill2.k19.lctrue.regions.parquet,Q9UBC1,Q90964
human_vs_chicken.hp_thomas_dill2.k19.lctrue.regions.parquet,Q9UBU6,Q5ZM39
human_vs_chicken.hp_thomas_dill2.k19.lctrue.regions.parquet,Q9UGC6,O73895
human_vs_chicken.hp_thomas_dill2.k19.lctrue.regions.parquet,Q9UGP8,Q90600
human_vs_chicken.hp_thomas_dill2.k19.lctrue.regions.parquet,Q9UJN7,F1NW29
human_vs_chicken.hp_thomas_dill2.k19.lctrue.regions.parquet,Q9UJN7,Q5ZM60
human_vs_chicken.hp_thomas_dill2.k19.lctrue.regions.parquet,Q9UKL3,P55879
human_vs_chicken.hp_thomas_dill2.k19.lctrue.regions.parquet,Q9UKL3,Q8AXV0
human_vs_chicken.hp_thomas_dill2.k19.lctrue.regions.parquet,Q9UKL3,Q8AXV1
human_vs_chicken.hp_thomas_dill2.k19.lctrue.regions.parquet,Q9UKL3,Q98943
human_vs_chicken.hp_thomas_dill2.k19.lctrue.regions.parquet,Q9ULC3,P31043
human_vs_chicken.hp_thomas_dill2.k19.lctrue.regions.parquet,Q9ULD4,E1C231
human_vs_chicken.hp_thomas_dill2.k19.lctrue.regions.parquet,Q9ULD4,Q05437
human_vs_chicken.hp_thomas_dill2.k19.lctrue.regions.parquet,Q9ULD4,Q5F368
human_vs_chicken.hp_thomas_dill2.k19.lctrue.regions.parquet,Q9ULD4,Q5ZLE6
human_vs_chicken.hp_thomas_dill2.k19.lctrue.regions.parquet,Q9ULD4,Q9DED6
human_vs_chicken.hp_thomas_dill2.k19.lctrue.regions.parquet,Q9ULH4,P18625
human_vs_chicken.hp_thomas_dill2.k19.lctrue.regions.parquet,Q9ULH4,Q02092
human_vs_chicken.hp_thomas_dill2.k19.lctrue.regions.parquet,Q9ULK4,O57415
human_vs_chicken.hp_thomas_dill2.k19.lctrue.regions.parquet,Q9ULL1,E1BTG2
human_vs_chicken.hp_thomas_dill2.k19.lctrue.regions.parquet,Q9ULL1,P19601
human_vs_chicken.hp_thomas_dill2.k19.lctrue.regions.parquet,Q9ULL1,P55878
human_vs_chicken.hp_thomas_dill2.k19.lctrue.regions.parquet,Q9ULL1,Q5ZIL4
human_vs_chicken.hp_thomas_dill2.k19.lctrue.regions.parquet,Q9ULL1,Q5ZKD9
human_vs_chicken.hp_thomas_dill2.k19.lctrue.regions.parquet,Q9ULL1,Q5ZKU5
human_vs_chicken.hp_thomas_dill2.k19.lctrue.regions.parquet,Q9UM54,Q5ZML3
human_vs_chicken.hp_thomas_dill2.k19.lctrue.regions.parquet,Q9UM54,Q9I8D1
human_vs_chicken.hp_thomas_dill2.k19.lctrue.regions.parquet,Q9UMQ6,Q5ZJ08
human_vs_chicken.hp_thomas_dill2.k19.lctrue.regions.parquet,Q9UPN6,O42252
human_vs_chicken.hp_thomas_dill2.k19.lctrue.regions.parquet,Q9UPN6,P31259
human_vs_chicken.hp_thomas_dill2.k19.lctrue.regions.parquet,Q9UPN6,Q2LK95
human_vs_chicken.hp_thomas_dill2.k19.lctrue.regions.parquet,Q9Y233,Q0ZM14
human_vs_chicken.hp_thomas_dill2.k19.lctrue.regions.parquet,Q9Y4F9,Q5F3U0
human_vs_chicken.hp_thomas_dill2.k19.lctrue.regions.parquet,Q9Y4F9,Q5ZLN5
human_vs_chicken.hp_thomas_dill2.k19.lctrue.regions.parquet,Q9Y4F9,Q90663
human_vs_chicken.hp_thomas_dill2.k19.lctrue.regions.parquet,Q9Y4K1,Q5ZHV8
human_vs_chicken.hp_thomas_dill2.k19.lctrue.regions.parquet,Q9Y5K6,A7XYH5
human_vs_chicken.hp_thomas_dill2.k19.lctrue.regions.parquet,Q9Y5K6,P11799
human_vs_chicken.hp_thomas_dill2.k19.lctrue.regions.parquet,Q9Y694,Q9IA31
human_vs_chicken.hp_thomas_dill2.k19.lctrue.regions.parquet,Q9Y6R4,F1NW29
human_vs_chicken.hp_thomas_dill2.k19.lctrue.regions.parquet,Q9Y6R4,P26261
human_vs_chicken.hp_thomas_dill2.k19.lctrue.regions.parquet,Q9Y6R4,Q5ZIM6
human_vs_chicken.hp_thomas_dill_no_c2.k19.lctrue.regions.parquet,O00141,Q6U1I9
human_vs_chicken.hp_thomas_dill_no_c2.k19.lctrue.regions.parquet,O00548,P98157
human_vs_chicken.hp_thomas_dill_no_c2.k19.lctrue.regions.parquet,O00548,Q7T2Z5
human_vs_chicken.hp_thomas_dill_no_c2.k19.lctrue.regions.parquet,O00548,Q804X6
human_vs_chicken.hp_thomas_dill_no_c2.k19.lctrue.regions.parquet,O14638,P20111
human_vs_chicken.hp_thomas_dill_no_c2.k19.lctrue.regions.parquet,O43167,Q5ZKW9
human_vs_chicken.hp_thomas_dill_no_c2.k19.lctrue.regions.parquet,O43167,Q64HY5
human_vs_chicken.hp_thomas_dill_no_c2.k19.lctrue.regions.parquet,O43309,Q08705
human_vs_chicken.hp_thomas_dill_no_c2.k19.lctrue.regions.parquet,O60242,D0PRN3
human_vs_chicken.hp_thomas_dill_no_c2.k19.lctrue.regions.parquet,O60242,P35440
human_vs_chicken.hp_thomas_dill_no_c2.k19.lctrue.regions.parquet,O60281,P55878
human_vs_chicken.hp_thomas_dill_no_c2.k19.lctrue.regions.parquet,O75521,P67966
human_vs_chicken.hp_thomas_dill_no_c2.k19.lctrue.regions.parquet,O75626,O57415
human_vs_chicken.hp_thomas_dill_no_c2.k19.lctrue.regions.parquet,O76038,P07090
human_vs_chicken.hp_thomas_dill_no_c2.k19.lctrue.regions.parquet,O76038,Q5ZK33
human_vs_chicken.hp_thomas_dill_no_c2.k19.lctrue.regions.parquet,O95389,P98157
human_vs_chicken.hp_thomas_dill_no_c2.k19.lctrue.regions.parquet,P00747,O73775
human_vs_chicken.hp_thomas_dill_no_c2.k19.lctrue.regions.parquet,P00747,O93574
human_vs_chicken.hp_thomas_dill_no_c2.k19.lctrue.regions.parquet,P00751,Q0V8S9
human_vs_chicken.hp_thomas_dill_no_c2.k19.lctrue.regions.parquet,P10242,P52550
human_vs_chicken.hp_thomas_dill_no_c2.k19.lctrue.regions.parquet,P10242,Q03237
human_vs_chicken.hp_thomas_dill_no_c2.k19.lctrue.regions.parquet,P10412,P08284
human_vs_chicken.hp_thomas_dill_no_c2.k19.lctrue.regions.parquet,P13942,O73775
human_vs_chicken.hp_thomas_dill_no_c2.k19.lctrue.regions.parquet,P13942,P12106
human_vs_chicken.hp_thomas_dill_no_c2.k19.lctrue.regions.parquet,P13942,Q2LK94
human_vs_chicken.hp_thomas_dill_no_c2.k19.lctrue.regions.parquet,P13942,Q9DDD0
human_vs_chicken.hp_thomas_dill_no_c2.k19.lctrue.regions.parquet,P16401,P08284
human_vs_chicken.hp_thomas_dill_no_c2.k19.lctrue.regions.parquet,P16402,P08284
human_vs_chicken.hp_thomas_dill_no_c2.k19.lctrue.regions.parquet,P16403,P08284
human_vs_chicken.hp_thomas_dill_no_c2.k19.lctrue.regions.parquet,P20265,A7Y7W2
human_vs_chicken.hp_thomas_dill_no_c2.k19.lctrue.regions.parquet,P20849,P12106
human_vs_chicken.hp_thomas_dill_no_c2.k19.lctrue.regions.parquet,P20849,P98157
human_vs_chicken.hp_thomas_dill_no_c2.k19.lctrue.regions.parquet,P20849,P98165
human_vs_chicken.hp_thomas_dill_no_c2.k19.lctrue.regions.parquet,P20849,Q9DDD0
human_vs_chicken.hp_thomas_dill_no_c2.k19.lctrue.regions.parquet,P21580,Q5F3Z9
human_vs_chicken.hp_thomas_dill_no_c2.k19.lctrue.regions.parquet,P25205,Q5ZMN2
human_vs_chicken.hp_thomas_dill_no_c2.k19.lctrue.regions.parquet,P29279,P10039
human_vs_chicken.hp_thomas_dill_no_c2.k19.lctrue.regions.parquet,P29279,P28686
human_vs_chicken.hp_thomas_dill_no_c2.k19.lctrue.regions.parquet,P36508,Q58NQ5
human_vs_chicken.hp_thomas_dill_no_c2.k19.lctrue.regions.parquet,P43080,P79880
human_vs_chicken.hp_thomas_dill_no_c2.k19.lctrue.regions.parquet,P43080,Q5ZM44
human_vs_chicken.hp_thomas_dill_no_c2.k19.lctrue.regions.parquet,P43632,P02610
human_vs_chicken.hp_thomas_dill_no_c2.k19.lctrue.regions.parquet,P49910,O42395
human_vs_chicken.hp_thomas_dill_no_c2.k19.lctrue.regions.parquet,P49910,Q1PRL4
human_vs_chicken.hp_thomas_dill_no_c2.k19.lctrue.regions.parquet,P55008,P02612
human_vs_chicken.hp_thomas_dill_no_c2.k19.lctrue.regions.parquet,P55008,P27003
human_vs_chicken.hp_thomas_dill_no_c2.k19.lctrue.regions.parquet,Q02539,P08284
human_vs_chicken.hp_thomas_dill_no_c2.k19.lctrue.regions.parquet,Q03181,Q91379
human_vs_chicken.hp_thomas_dill_no_c2.k19.lctrue.regions.parquet,Q14953,P02610
human_vs_chicken.hp_thomas_dill_no_c2.k19.lctrue.regions.parquet,Q14993,P22728
human_vs_chicken.hp_thomas_dill_no_c2.k19.lctrue.regions.parquet,Q14993,Q2LK94
human_vs_chicken.hp_thomas_dill_no_c2.k19.lctrue.regions.parquet,Q14993,Q2LK95
human_vs_chicken.hp_thomas_dill_no_c2.k19.lctrue.regions.parquet,Q14993,Q804X6
human_vs_chicken.hp_thomas_dill_no_c2.k19.lctrue.regions.parquet,Q15375,O42422
human_vs_chicken.hp_thomas_dill_no_c2.k19.lctrue.regions.parquet,Q3MJ62,Q5ZJJ1
human_vs_chicken.hp_thomas_dill_no_c2.k19.lctrue.regions.parquet,Q5JVL4,P09860
human_vs_chicken.hp_thomas_dill_no_c2.k19.lctrue.regions.parquet,Q5TD97,P10039
human_vs_chicken.hp_thomas_dill_no_c2.k19.lctrue.regions.parquet,Q5TD97,P35440
human_vs_chicken.hp_thomas_dill_no_c2.k19.lctrue.regions.parquet,Q5TD97,P49024
human_vs_chicken.hp_thomas_dill_no_c2.k19.lctrue.regions.parquet,Q6Q6R5,P50460
human_vs_chicken.hp_thomas_dill_no_c2.k19.lctrue.regions.parquet,Q6Q6R5,Q8AWW5
human_vs_chicken.hp_thomas_dill_no_c2.k19.lctrue.regions.parquet,Q6U7Q0,P30373
human_vs_chicken.hp_thomas_dill_no_c2.k19.lctrue.regions.parquet,Q6U7Q0,P55878
human_vs_chicken.hp_thomas_dill_no_c2.k19.lctrue.regions.parquet,Q6UY11,P98157
human_vs_chicken.hp_thomas_dill_no_c2.k19.lctrue.regions.parquet,Q6UY11,Q804X6
human_vs_chicken.hp_thomas_dill_no_c2.k19.lctrue.regions.parquet,Q7RTU3,Q71T09
human_vs_chicken.hp_thomas_dill_no_c2.k19.lctrue.regions.parquet,Q86T65,A0A1D5P556
human_vs_chicken.hp_thomas_dill_no_c2.k19.lctrue.regions.parquet,Q86T65,P35440
human_vs_chicken.hp_thomas_dill_no_c2.k19.lctrue.regions.parquet,Q86UR5,Q64HY5
human_vs_chicken.hp_thomas_dill_no_c2.k19.lctrue.regions.parquet,Q8IX30,P05099
human_vs_chicken.hp_thomas_dill_no_c2.k19.lctrue.regions.parquet,Q8IX30,P36377
human_vs_chicken.hp_thomas_dill_no_c2.k19.lctrue.regions.parquet,Q8IX30,Q98931
human_vs_chicken.hp_thomas_dill_no_c2.k19.lctrue.regions.parquet,Q8N109,P98157
human_vs_chicken.hp_thomas_dill_no_c2.k19.lctrue.regions.parquet,Q8N680,Q58NQ5
human_vs_chicken.hp_thomas_dill_no_c2.k19.lctrue.regions.parquet,Q8N680,Q8JJC0
human_vs_chicken.hp_thomas_dill_no_c2.k19.lctrue.regions.parquet,Q8NC56,O93574
human_vs_chicken.hp_thomas_dill_no_c2.k19.lctrue.regions.parquet,Q8TC41,O57415
human_vs_chicken.hp_thomas_dill_no_c2.k19.lctrue.regions.parquet,Q8TC41,Q5F3B1
human_vs_chicken.hp_thomas_dill_no_c2.k19.lctrue.regions.parquet,Q8WUB8,Q90733
human_vs_chicken.hp_thomas_dill_no_c2.k19.lctrue.regions.parquet,Q92766,O57415
human_vs_chicken.hp_thomas_dill_no_c2.k19.lctrue.regions.parquet,Q92766,P30373
human_vs_chicken.hp_thomas_dill_no_c2.k19.lctrue.regions.parquet,Q92766,Q90850
human_vs_chicken.hp_thomas_dill_no_c2.k19.lctrue.regions.parquet,Q969J2,E1C2I2
human_vs_chicken.hp_thomas_dill_no_c2.k19.lctrue.regions.parquet,Q969J2,Q1PRL4
human_vs_chicken.hp_thomas_dill_no_c2.k19.lctrue.regions.parquet,Q969J2,Q5ZJJ2
human_vs_chicken.hp_thomas_dill_no_c2.k19.lctrue.regions.parquet,Q96JM7,P22728
human_vs_chicken.hp_thomas_dill_no_c2.k19.lctrue.regions.parquet,Q96LW9,O42395
human_vs_chicken.hp_thomas_dill_no_c2.k19.lctrue.regions.parquet,Q96LW9,Q5ZJJ1
human_vs_chicken.hp_thomas_dill_no_c2.k19.lctrue.regions.parquet,Q96P44,P31696
human_vs_chicken.hp_thomas_dill_no_c2.k19.lctrue.regions.parquet,Q96P44,P32018
human_vs_chicken.hp_thomas_dill_no_c2.k19.lctrue.regions.parquet,Q96P44,Q98931
human_vs_chicken.hp_thomas_dill_no_c2.k19.lctrue.regions.parquet,Q96P44,Q9DER7
human_vs_chicken.hp_thomas_dill_no_c2.k19.lctrue.regions.parquet,Q99706,Q5ZKA6
human_vs_chicken.hp_thomas_dill_no_c2.k19.lctrue.regions.parquet,Q99715,P13944
human_vs_chicken.hp_thomas_dill_no_c2.k19.lctrue.regions.parquet,Q99715,P98157
human_vs_chicken.hp_thomas_dill_no_c2.k19.lctrue.regions.parquet,Q99942,Q5ZIR9
human_vs_chicken.hp_thomas_dill_no_c2.k19.lctrue.regions.parquet,Q9BRR0,Q1PRL4
human_vs_chicken.hp_thomas_dill_no_c2.k19.lctrue.regions.parquet,Q9BRR0,Q5ZJJ2
human_vs_chicken.hp_thomas_dill_no_c2.k19.lctrue.regions.parquet,Q9BX46,Q5ZJX4
human_vs_chicken.hp_thomas_dill_no_c2.k19.lctrue.regions.parquet,Q9H4Q3,O73691
human_vs_chicken.hp_thomas_dill_no_c2.k19.lctrue.regions.parquet,Q9UDY6,Q92010
human_vs_chicken.hp_thomas_dill_no_c2.k19.lctrue.regions.parquet,Q9UGC6,Q9PWA0
human_vs_chicken.hp_thomas_dill_no_c2.k19.lctrue.regions.parquet,Q9UJN7,O42395
human_vs_chicken.hp_thomas_dill_no_c2.k19.lctrue.regions.parquet,Q9UMQ6,Q5ZI08
human_vs_chicken.hp_thomas_dill_no_c2.k19.lctrue.regions.parquet,Q9UMX6,Q5ZKE5
human_vs_chicken.hp_thomas_dill_no_c2.k19.lctrue.regions.parquet,Q9Y330,O57415
human_vs_chicken.hp_thomas_dill_no_c2.k19.lctrue.regions.parquet,Q9Y466,O42392
human_vs_chicken.hp_thomas_dill_no_c2.k19.lctrue.regions.parquet,Q9Y466,Q91379
human_vs_chicken.hp_thomas_dill_no_c2.k19.lctrue.regions.parquet,Q9Y4K1,O42235
human_vs_chicken.hp_thomas_dill_no_c2.k19.lctrue.regions.parquet,Q9Y5K6,Q5ZLR6
human_vs_chicken.mmseqs12.k7.lctrue.regions.parquet,O95279,Q9PT84
human_vs_chicken.mmseqs12.k7.lctrue.regions.parquet,Q96T54,O73606
human_vs_chicken.mmseqs12.k7.lctrue.regions.parquet,Q96T55,O73606
human_vs_chicken.protein20.k5.lctrue.regions.parquet,O00716,Q90977
human_vs_chicken.sdm12.k6.lctrue.regions.parquet,O00141,Q0GGW5
human_vs_chicken.sdm12.k6.lctrue.regions.parquet,P08922,Q9PUF6
human_vs_chicken.sdm12.k6.lctrue.regions.parquet,Q99683,P13863
human_vs_ciona.hp_lehninger_c_nonpolar2.k18.lctrue.regions.parquet,P15812,Q1JV40
human_vs_ciona.hp_lehninger_c_nonpolar2.k18.lctrue.regions.parquet,Q8IZF2,Q8I7D9
human_vs_ciona.hp_thomas_dill2.k19.lctrue.regions.parquet,Q03181,Q5QQ55
human_vs_ciona.hp_thomas_dill2.k19.lctrue.regions.parquet,Q06587,Q4H3P5
human_vs_ciona.hp_thomas_dill2.k19.lctrue.regions.parquet,Q15814,P61802
human_vs_ciona.hp_thomas_dill2.k19.lctrue.regions.parquet,Q5T3U5,Q1JV40
human_vs_ciona.hp_thomas_dill2.k19.lctrue.regions.parquet,Q7Z7C8,Q1JV40
human_vs_ciona.hp_thomas_dill2.k19.lctrue.regions.parquet,Q92766,Q1JV40
human_vs_ciona.hp_thomas_dill2.k19.lctrue.regions.parquet,Q92766,Q4H3K6
human_vs_ciona.hp_thomas_dill2.k19.lctrue.regions.parquet,Q9BRR0,Q8T880
human_vs_ciona.hp_thomas_dill2.k19.lctrue.regions.parquet,Q9BXY4,Q8T880
human_vs_ciona.hp_thomas_dill2.k19.lctrue.regions.parquet,Q9Y6R4,O76808
human_vs_ecoli.gbmr4.k16.lctrue.regions.parquet,O75496,P13518
human_vs_ecoli.gbmr4.k16.lctrue.regions.parquet,P14373,P38506
human_vs_ecoli.gbmr4.k16.lctrue.regions.parquet,Q5TB80,P24216
human_vs_ecoli.gbmr4.k16.lctrue.regions.parquet,Q6P9F5,P0AFM9
human_vs_ecoli.gbmr4.k16.lctrue.regions.parquet,Q86UC2,P0AFM9
human_vs_ecoli.gbmr4.k16.lctrue.regions.parquet,Q8TDH9,P24216
human_vs_ecoli.gbmr4.k16.lctrue.regions.parquet,Q96JB1,P0ABS1
human_vs_ecoli.gbmr4.k16.lctrue.regions.parquet,Q99459,P0AEN4
human_vs_ecoli.gbmr4.k16.lctrue.regions.parquet,Q99459,P43671
human_vs_ecoli.gbmr4.k16.lctrue.regions.parquet,Q9BZY9,P45955
human_vs_ecoli.hp_kyte_doolittle2.k19.lctrue.regions.parquet,O60508,P37650
human_vs_ecoli.hp_kyte_doolittle2.k19.lctrue.regions.parquet,P20265,P0A8R9
human_vs_ecoli.hp_kyte_doolittle2.k19.lctrue.regions.parquet,P80108,P31600
human_vs_ecoli.hp_kyte_doolittle2.k19.lctrue.regions.parquet,Q01860,P0A8R9
human_vs_ecoli.hp_kyte_doolittle2.k19.lctrue.regions.parquet,Q5T5C0,P16916
human_vs_ecoli.hp_kyte_doolittle2.k19.lctrue.regions.parquet,Q5VZK9,P16918
human_vs_ecoli.hp_kyte_doolittle2.k19.lctrue.regions.parquet,Q8N157,P77296
human_vs_ecoli.hp_kyte_doolittle2.k19.lctrue.regions.parquet,Q8NF91,P45955
human_vs_ecoli.hp_kyte_doolittle2.k19.lctrue.regions.parquet,Q9BQ90,P16916
human_vs_ecoli.hp_kyte_doolittle2.k19.lctrue.regions.parquet,Q9ULH4,P76123
human_vs_ecoli.hp_lehninger_c_nonpolar2.k18.lctrue.regions.parquet,A1A5C7,P0AAJ5
human_vs_ecoli.hp_lehninger_c_nonpolar2.k18.lctrue.regions.parquet,A1A5C7,P0AB93
human_vs_ecoli.hp_lehninger_c_nonpolar2.k18.lctrue.regions.parquet,A1A5C7,P0ABU7
human_vs_ecoli.hp_lehninger_c_nonpolar2.k18.lctrue.regions.parquet,A1A5C7,P0AFT2
human_vs_ecoli.hp_lehninger_c_nonpolar2.k18.lctrue.regions.parquet,A1A5C7,P21365
human_vs_ecoli.hp_lehninger_c_nonpolar2.k18.lctrue.regions.parquet,A1A5C7,P31474
human_vs_ecoli.hp_lehninger_c_nonpolar2.k18.lctrue.regions.parquet,A1A5C7,P63235
human_vs_ecoli.hp_lehninger_c_nonpolar2.k18.lctrue.regions.parquet,A1A5C7,P69831
human_vs_ecoli.hp_lehninger_c_nonpolar2.k18.lctrue.regions.parquet,A1A5C7,P75783
human_vs_ecoli.hp_lehninger_c_nonpolar2.k18.lctrue.regions.parquet,A1A5C7,P76460
human_vs_ecoli.hp_lehninger_c_nonpolar2.k18.lctrue.regions.parquet,A6NI73,P0AGE4
human_vs_ecoli.hp_lehninger_c_nonpolar2.k18.lctrue.regions.parquet,O00270,P0AE26
human_vs_ecoli.hp_lehninger_c_nonpolar2.k18.lctrue.regions.parquet,O00270,P0AF80
human_vs_ecoli.hp_lehninger_c_nonpolar2.k18.lctrue.regions.parquet,O00270,P0AFR7
human_vs_ecoli.hp_lehninger_c_nonpolar2.k18.lctrue.regions.parquet,O00270,P24077
human_vs_ecoli.hp_lehninger_c_nonpolar2.k18.lctrue.regions.parquet,O00270,P24177
human_vs_ecoli.hp_lehninger_c_nonpolar2.k18.lctrue.regions.parquet,O00270,P26266
human_vs_ecoli.hp_lehninger_c_nonpolar2.k18.lctrue.regions.parquet,O00270,P52067
human_vs_ecoli.hp_lehninger_c_nonpolar2.k18.lctrue.regions.parquet,O00476,P23837
human_vs_ecoli.hp_lehninger_c_nonpolar2.k18.lctrue.regions.parquet,O00476,P75783
human_vs_ecoli.hp_lehninger_c_nonpolar2.k18.lctrue.regions.parquet,O00478,P37908
human_vs_ecoli.hp_lehninger_c_nonpolar2.k18.lctrue.regions.parquet,O00624,P0AFD4
human_vs_ecoli.hp_lehninger_c_nonpolar2.k18.lctrue.regions.parquet,O00624,P15078
human_vs_ecoli.hp_lehninger_c_nonpolar2.k18.lctrue.regions.parquet,O00624,P17583
human_vs_ecoli.hp_lehninger_c_nonpolar2.k18.lctrue.regions.parquet,O00624,P31553
human_vs_ecoli.hp_lehninger_c_nonpolar2.k18.lctrue.regions.parquet,O00624,P42590
human_vs_ecoli.hp_lehninger_c_nonpolar2.k18.lctrue.regions.parquet,O00624,P76387
human_vs_ecoli.hp_lehninger_c_nonpolar2.k18.lctrue.regions.parquet,O00624,P77716
human_vs_ecoli.hp_lehninger_c_nonpolar2.k18.lctrue.regions.parquet,O14931,P75693
human_vs_ecoli.hp_lehninger_c_nonpolar2.k18.lctrue.regions.parquet,O15244,P09836
human_vs_ecoli.hp_lehninger_c_nonpolar2.k18.lctrue.regions.parquet,O15244,P0AA78
human_vs_ecoli.hp_lehninger_c_nonpolar2.k18.lctrue.regions.parquet,O15244,P0ADC6
human_vs_ecoli.hp_lehninger_c_nonpolar2.k18.lctrue.regions.parquet,O15244,P0AE74
human_vs_ecoli.hp_lehninger_c_nonpolar2.k18.lctrue.regions.parquet,O15244,P0AFH6
human_vs_ecoli.hp_lehninger_c_nonpolar2.k18.lctrue.regions.parquet,O15244,P0AGM9
human_vs_ecoli.hp_lehninger_c_nonpolar2.k18.lctrue.regions.parquet,O15244,P11350
human_vs_ecoli.hp_lehninger_c_nonpolar2.k18.lctrue.regions.parquet,O15244,P17334
human_vs_ecoli.hp_lehninger_c_nonpolar2.k18.lctrue.regions.parquet,O15244,P33024
human_vs_ecoli.hp_lehninger_c_nonpolar2.k18.lctrue.regions.parquet,O15244,P77265
human_vs_ecoli.hp_lehninger_c_nonpolar2.k18.lctrue.regions.parquet,O15244,P77377
human_vs_ecoli.hp_lehninger_c_nonpolar2.k18.lctrue.regions.parquet,O15245,P0AAA1
human_vs_ecoli.hp_lehninger_c_nonpolar2.k18.lctrue.regions.parquet,O15245,P0AAC4
human_vs_ecoli.hp_lehninger_c_nonpolar2.k18.lctrue.regions.parquet,O15245,P0AAE2
human_vs_ecoli.hp_lehninger_c_nonpolar2.k18.lctrue.regions.parquet,O15245,P0ABC9
human_vs_ecoli.hp_lehninger_c_nonpolar2.k18.lctrue.regions.parquet,O15245,P0AC96
human_vs_ecoli.hp_lehninger_c_nonpolar2.k18.lctrue.regions.parquet,O15245,P0ADR0
human_vs_ecoli.hp_lehninger_c_nonpolar2.k18.lctrue.regions.parquet,O15245,P64423
human_vs_ecoli.hp_lehninger_c_nonpolar2.k18.lctrue.regions.parquet,O15245,P77416
human_vs_ecoli.hp_lehninger_c_nonpolar2.k18.lctrue.regions.parquet,O15245,Q46836
human_vs_ecoli.hp_lehninger_c_nonpolar2.k18.lctrue.regions.parquet,O15533,P0AFN2
human_vs_ecoli.hp_lehninger_c_nonpolar2.k18.lctrue.regions.parquet,O60242,P0AAE2
human_vs_ecoli.hp_lehninger_c_nonpolar2.k18.lctrue.regions.parquet,O60242,P0ABG4
human_vs_ecoli.hp_lehninger_c_nonpolar2.k18.lctrue.regions.parquet,O60242,P76175
human_vs_ecoli.hp_lehninger_c_nonpolar2.k18.lctrue.regions.parquet,O60242,P77529
human_vs_ecoli.hp_lehninger_c_nonpolar2.k18.lctrue.regions.parquet,O60906,P0AEJ0
human_vs_ecoli.hp_lehninger_c_nonpolar2.k18.lctrue.regions.parquet,O75019,P29018
human_vs_ecoli.hp_lehninger_c_nonpolar2.k18.lctrue.regions.parquet,O75023,P0A6M2
human_vs_ecoli.hp_lehninger_c_nonpolar2.k18.lctrue.regions.parquet,O75751,P0AAE8
human_vs_ecoli.hp_lehninger_c_nonpolar2.k18.lctrue.regions.parquet,O75751,P0ABC9
human_vs_ecoli.hp_lehninger_c_nonpolar2.k18.lctrue.regions.parquet,O75751,P0AC96
human_vs_ecoli.hp_lehninger_c_nonpolar2.k18.lctrue.regions.parquet,O75751,P0AE34
human_vs_ecoli.hp_lehninger_c_nonpolar2.k18.lctrue.regions.parquet,O75751,P0AFL1
human_vs_ecoli.hp_lehninger_c_nonpolar2.k18.lctrue.regions.parquet,O75751,P31122
human_vs_ecoli.hp_lehninger_c_nonpolar2.k18.lctrue.regions.parquet,O75751,P77416
human_vs_ecoli.hp_lehninger_c_nonpolar2.k18.lctrue.regions.parquet,O95279,P0AB12
human_vs_ecoli.hp_lehninger_c_nonpolar2.k18.lctrue.regions.parquet,O95279,P24077
human_vs_ecoli.hp_lehninger_c_nonpolar2.k18.lctrue.regions.parquet,O95279,P33650
human_vs_ecoli.hp_lehninger_c_nonpolar2.k18.lctrue.regions.parquet,O95944,P15078
human_vs_ecoli.hp_lehninger_c_nonpolar2.k18.lctrue.regions.parquet,P04201,P0AFK2
human_vs_ecoli.hp_lehninger_c_nonpolar2.k18.lctrue.regions.parquet,P04201,P11286
human_vs_ecoli.hp_lehninger_c_nonpolar2.k18.lctrue.regions.parquet,P04201,P16429
human_vs_ecoli.hp_lehninger_c_nonpolar2.k18.lctrue.regions.parquet,P04201,P37624
human_vs_ecoli.hp_lehninger_c_nonpolar2.k18.lctrue.regions.parquet,P04201,P60061
human_vs_ecoli.hp_lehninger_c_nonpolar2.k18.lctrue.regions.parquet,P04201,P75892
human_vs_ecoli.hp_lehninger_c_nonpolar2.k18.lctrue.regions.parquet,P08922,P76398
human_vs_ecoli.hp_lehninger_c_nonpolar2.k18.lctrue.regions.parquet,P08F94,P23930
human_vs_ecoli.hp_lehninger_c_nonpolar2.k18.lctrue.regions.parquet,P11717,P0AGE4
human_vs_ecoli.hp_lehninger_c_nonpolar2.k18.lctrue.regions.parquet,P15812,P39830
human_vs_ecoli.hp_lehninger_c_nonpolar2.k18.lctrue.regions.parquet,P21554,P0AD19
human_vs_ecoli.hp_lehninger_c_nonpolar2.k18.lctrue.regions.parquet,P21554,P0AEJ0
human_vs_ecoli.hp_lehninger_c_nonpolar2.k18.lctrue.regions.parquet,P21554,P24077
human_vs_ecoli.hp_lehninger_c_nonpolar2.k18.lctrue.regions.parquet,P21554,P60869
human_vs_ecoli.hp_lehninger_c_nonpolar2.k18.lctrue.regions.parquet,P21554,P67729
human_vs_ecoli.hp_lehninger_c_nonpolar2.k18.lctrue.regions.parquet,P24046,P02921
human_vs_ecoli.hp_lehninger_c_nonpolar2.k18.lctrue.regions.parquet,P24046,P0ACY6
human_vs_ecoli.hp_lehninger_c_nonpolar2.k18.lctrue.regions.parquet,P24046,P77672
human_vs_ecoli.hp_lehninger_c_nonpolar2.k18.lctrue.regions.parquet,P28222,P0AAE8
human_vs_ecoli.hp_lehninger_c_nonpolar2.k18.lctrue.regions.parquet,P28222,P0AAF1
human_vs_ecoli.hp_lehninger_c_nonpolar2.k18.lctrue.regions.parquet,P28222,P33231
human_vs_ecoli.hp_lehninger_c_nonpolar2.k18.lctrue.regions.parquet,P28222,P63183
human_vs_ecoli.hp_lehninger_c_nonpolar2.k18.lctrue.regions.parquet,P28222,P77400
human_vs_ecoli.hp_lehninger_c_nonpolar2.k18.lctrue.regions.parquet,P28476,P02921
human_vs_ecoli.hp_lehninger_c_nonpolar2.k18.lctrue.regions.parquet,P28476,P77672
human_vs_ecoli.hp_lehninger_c_nonpolar2.k18.lctrue.regions.parquet,P28566,P00804
human_vs_ecoli.hp_lehninger_c_nonpolar2.k18.lctrue.regions.parquet,P28566,P0AAP1
human_vs_ecoli.hp_lehninger_c_nonpolar2.k18.lctrue.regions.parquet,P28566,P0AEX7
human_vs_ecoli.hp_lehninger_c_nonpolar2.k18.lctrue.regions.parquet,P28566,P32135
human_vs_ecoli.hp_lehninger_c_nonpolar2.k18.lctrue.regions.parquet,P28566,P75831
human_vs_ecoli.hp_lehninger_c_nonpolar2.k18.lctrue.regions.parquet,P29016,P11350
human_vs_ecoli.hp_lehninger_c_nonpolar2.k18.lctrue.regions.parquet,P35372,P0AC94
human_vs_ecoli.hp_lehninger_c_nonpolar2.k18.lctrue.regions.parquet,P35372,P15030
human_vs_ecoli.hp_lehninger_c_nonpolar2.k18.lctrue.regions.parquet,P35372,P36561
human_vs_ecoli.hp_lehninger_c_nonpolar2.k18.lctrue.regions.parquet,P35372,P77437
human_vs_ecoli.hp_lehninger_c_nonpolar2.k18.lctrue.regions.parquet,P43307,P75995
human_vs_ecoli.hp_lehninger_c_nonpolar2.k18.lctrue.regions.parquet,P43628,P06972
human_vs_ecoli.hp_lehninger_c_nonpolar2.k18.lctrue.regions.parquet,P43629,P06972
human_vs_ecoli.hp_lehninger_c_nonpolar2.k18.lctrue.regions.parquet,P43631,P0AFV2
human_vs_ecoli.hp_lehninger_c_nonpolar2.k18.lctrue.regions.parquet,P43632,P0AFV2
human_vs_ecoli.hp_lehninger_c_nonpolar2.k18.lctrue.regions.parquet,P46095,P0AAA7
human_vs_ecoli.hp_lehninger_c_nonpolar2.k18.lctrue.regions.parquet,P46095,P0AFA7
human_vs_ecoli.hp_lehninger_c_nonpolar2.k18.lctrue.regions.parquet,P46095,P11667
human_vs_ecoli.hp_lehninger_c_nonpolar2.k18.lctrue.regions.parquet,P46095,P31448
human_vs_ecoli.hp_lehninger_c_nonpolar2.k18.lctrue.regions.parquet,P46095,P32154
human_vs_ecoli.hp_lehninger_c_nonpolar2.k18.lctrue.regions.parquet,P46095,P77315
human_vs_ecoli.hp_lehninger_c_nonpolar2.k18.lctrue.regions.parquet,P51684,P06972
human_vs_ecoli.hp_lehninger_c_nonpolar2.k18.lctrue.regions.parquet,P51684,P0AA73
human_vs_ecoli.hp_lehninger_c_nonpolar2.k18.lctrue.regions.parquet,P51684,P0AAE8
human_vs_ecoli.hp_lehninger_c_nonpolar2.k18.lctrue.regions.parquet,P51684,P21503
human_vs_ecoli.hp_lehninger_c_nonpolar2.k18.lctrue.regions.parquet,P51684,P76352
human_vs_ecoli.hp_lehninger_c_nonpolar2.k18.lctrue.regions.parquet,P51684,P76460
human_vs_ecoli.hp_lehninger_c_nonpolar2.k18.lctrue.regions.parquet,P51684,P77228
human_vs_ecoli.hp_lehninger_c_nonpolar2.k18.lctrue.regions.parquet,P59901,P29018
human_vs_ecoli.hp_lehninger_c_nonpolar2.k18.lctrue.regions.parquet,P78382,P0AA78
human_vs_ecoli.hp_lehninger_c_nonpolar2.k18.lctrue.regions.parquet,P78382,P0ABN9
human_vs_ecoli.hp_lehninger_c_nonpolar2.k18.lctrue.regions.parquet,P78382,P0ABT8
human_vs_ecoli.hp_lehninger_c_nonpolar2.k18.lctrue.regions.parquet,P78382,P0AFP0
human_vs_ecoli.hp_lehninger_c_nonpolar2.k18.lctrue.regions.parquet,P78382,P0AFV2
human_vs_ecoli.hp_lehninger_c_nonpolar2.k18.lctrue.regions.parquet,P78382,P21365
human_vs_ecoli.hp_lehninger_c_nonpolar2.k18.lctrue.regions.parquet,P78382,P39352
human_vs_ecoli.hp_lehninger_c_nonpolar2.k18.lctrue.regions.parquet,P78382,P45562
human_vs_ecoli.hp_lehninger_c_nonpolar2.k18.lctrue.regions.parquet,P78382,P45804
human_vs_ecoli.hp_lehninger_c_nonpolar2.k18.lctrue.regions.parquet,P78382,P76236
human_vs_ecoli.hp_lehninger_c_nonpolar2.k18.lctrue.regions.parquet,P78410,P0A6J3
human_vs_ecoli.hp_lehninger_c_nonpolar2.k18.lctrue.regions.parquet,Q01151,P0AET5
human_vs_ecoli.hp_lehninger_c_nonpolar2.k18.lctrue.regions.parquet,Q04900,P32696
human_vs_ecoli.hp_lehninger_c_nonpolar2.k18.lctrue.regions.parquet,Q13410,P03960
human_vs_ecoli.hp_lehninger_c_nonpolar2.k18.lctrue.regions.parquet,Q14833,P0AFD4
human_vs_ecoli.hp_lehninger_c_nonpolar2.k18.lctrue.regions.parquet,Q14833,P0AGC0
human_vs_ecoli.hp_lehninger_c_nonpolar2.k18.lctrue.regions.parquet,Q14833,P15078
human_vs_ecoli.hp_lehninger_c_nonpolar2.k18.lctrue.regions.parquet,Q14833,P31442
human_vs_ecoli.hp_lehninger_c_nonpolar2.k18.lctrue.regions.parquet,Q14833,P39453
human_vs_ecoli.hp_lehninger_c_nonpolar2.k18.lctrue.regions.parquet,Q14833,P77031
human_vs_ecoli.hp_lehninger_c_nonpolar2.k18.lctrue.regions.parquet,Q14916,P0AE45
human_vs_ecoli.hp_lehninger_c_nonpolar2.k18.lctrue.regions.parquet,Q14916,P16256
human_vs_ecoli.hp_lehninger_c_nonpolar2.k18.lctrue.regions.parquet,Q14916,P23849
human_vs_ecoli.hp_lehninger_c_nonpolar2.k18.lctrue.regions.parquet,Q14916,P33934
human_vs_ecoli.hp_lehninger_c_nonpolar2.k18.lctrue.regions.parquet,Q14916,P76446
human_vs_ecoli.hp_lehninger_c_nonpolar2.k18.lctrue.regions.parquet,Q14953,P0AFV2
human_vs_ecoli.hp_lehninger_c_nonpolar2.k18.lctrue.regions.parquet,Q14954,P0AFV2
human_vs_ecoli.hp_lehninger_c_nonpolar2.k18.lctrue.regions.parquet,Q15109,P77416
human_vs_ecoli.hp_lehninger_c_nonpolar2.k18.lctrue.regions.parquet,Q15375,P39401
human_vs_ecoli.hp_lehninger_c_nonpolar2.k18.lctrue.regions.parquet,Q16653,P39344
human_vs_ecoli.hp_lehninger_c_nonpolar2.k18.lctrue.regions.parquet,Q29980,P0AFQ2
human_vs_ecoli.hp_lehninger_c_nonpolar2.k18.lctrue.regions.parquet,Q29983,P07117
human_vs_ecoli.hp_lehninger_c_nonpolar2.k18.lctrue.regions.parquet,Q30201,P32720
human_vs_ecoli.hp_lehninger_c_nonpolar2.k18.lctrue.regions.parquet,Q4VXA5,P0AB93
human_vs_ecoli.hp_lehninger_c_nonpolar2.k18.lctrue.regions.parquet,Q4VXA5,P0AFV0
human_vs_ecoli.hp_lehninger_c_nonpolar2.k18.lctrue.regions.parquet,Q53GD3,C1P610
human_vs_ecoli.hp_lehninger_c_nonpolar2.k18.lctrue.regions.parquet,Q53GD3,P0ABA0
human_vs_ecoli.hp_lehninger_c_nonpolar2.k18.lctrue.regions.parquet,Q53GD3,P0AEY8
human_vs_ecoli.hp_lehninger_c_nonpolar2.k18.lctrue.regions.parquet,Q53GD3,P0AFF0
human_vs_ecoli.hp_lehninger_c_nonpolar2.k18.lctrue.regions.parquet,Q53GD3,P75757
human_vs_ecoli.hp_lehninger_c_nonpolar2.k18.lctrue.regions.parquet,Q53GD3,P75826
human_vs_ecoli.hp_lehninger_c_nonpolar2.k18.lctrue.regions.parquet,Q53GD3,P77549
human_vs_ecoli.hp_lehninger_c_nonpolar2.k18.lctrue.regions.parquet,Q5SQ64,P0AFK2
human_vs_ecoli.hp_lehninger_c_nonpolar2.k18.lctrue.regions.parquet,Q5T1Q4,P0A940
human_vs_ecoli.hp_lehninger_c_nonpolar2.k18.lctrue.regions.parquet,Q5T1Q4,P0AA49
human_vs_ecoli.hp_lehninger_c_nonpolar2.k18.lctrue.regions.parquet,Q5T1Q4,P0AFJ7
human_vs_ecoli.hp_lehninger_c_nonpolar2.k18.lctrue.regions.parquet,Q5T1Q4,P23877
human_vs_ecoli.hp_lehninger_c_nonpolar2.k18.lctrue.regions.parquet,Q5T1Q4,P33026
human_vs_ecoli.hp_lehninger_c_nonpolar2.k18.lctrue.regions.parquet,Q5T1Q4,P42590
human_vs_ecoli.hp_lehninger_c_nonpolar2.k18.lctrue.regions.parquet,Q5T1Q4,P63340
human_vs_ecoli.hp_lehninger_c_nonpolar2.k18.lctrue.regions.parquet,Q5T1Q4,Q46817
human_vs_ecoli.hp_lehninger_c_nonpolar2.k18.lctrue.regions.parquet,Q5T3U5,P0AA60
human_vs_ecoli.hp_lehninger_c_nonpolar2.k18.lctrue.regions.parquet,Q5T3U5,P0AAS3
human_vs_ecoli.hp_lehninger_c_nonpolar2.k18.lctrue.regions.parquet,Q5T3U5,P0AD14
human_vs_ecoli.hp_lehninger_c_nonpolar2.k18.lctrue.regions.parquet,Q5T3U5,P0AE24
human_vs_ecoli.hp_lehninger_c_nonpolar2.k18.lctrue.regions.parquet,Q5T3U5,P0AFN6
human_vs_ecoli.hp_lehninger_c_nonpolar2.k18.lctrue.regions.parquet,Q5T3U5,P0AGE4
human_vs_ecoli.hp_lehninger_c_nonpolar2.k18.lctrue.regions.parquet,Q5T3U5,P21503
human_vs_ecoli.hp_lehninger_c_nonpolar2.k18.lctrue.regions.parquet,Q5T3U5,P33927
human_vs_ecoli.hp_lehninger_c_nonpolar2.k18.lctrue.regions.parquet,Q5T3U5,P37621
human_vs_ecoli.hp_lehninger_c_nonpolar2.k18.lctrue.regions.parquet,Q5T3U5,P76339
human_vs_ecoli.hp_lehninger_c_nonpolar2.k18.lctrue.regions.parquet,Q5T4T1,P0AAF1
human_vs_ecoli.hp_lehninger_c_nonpolar2.k18.lctrue.regions.parquet,Q5T4T1,P0ABJ3
human_vs_ecoli.hp_lehninger_c_nonpolar2.k18.lctrue.regions.parquet,Q5T4T1,P45546
human_vs_ecoli.hp_lehninger_c_nonpolar2.k18.lctrue.regions.parquet,Q5TH69,P77579
human_vs_ecoli.hp_lehninger_c_nonpolar2.k18.lctrue.regions.parquet,Q6ISU1,P0AFE0
human_vs_ecoli.hp_lehninger_c_nonpolar2.k18.lctrue.regions.parquet,Q6NT16,P0AEA5
human_vs_ecoli.hp_lehninger_c_nonpolar2.k18.lctrue.regions.parquet,Q6NT16,P0AER8
human_vs_ecoli.hp_lehninger_c_nonpolar2.k18.lctrue.regions.parquet,Q6NT16,P0AGE4
human_vs_ecoli.hp_lehninger_c_nonpolar2.k18.lctrue.regions.parquet,Q6NT16,P11551
human_vs_ecoli.hp_lehninger_c_nonpolar2.k18.lctrue.regions.parquet,Q6NT16,P25747
human_vs_ecoli.hp_lehninger_c_nonpolar2.k18.lctrue.regions.parquet,Q6NT16,P33026
human_vs_ecoli.hp_lehninger_c_nonpolar2.k18.lctrue.regions.parquet,Q6NT16,P37597
human_vs_ecoli.hp_lehninger_c_nonpolar2.k18.lctrue.regions.parquet,Q6NT16,P63183
human_vs_ecoli.hp_lehninger_c_nonpolar2.k18.lctrue.regions.parquet,Q6NT16,P77156
human_vs_ecoli.hp_lehninger_c_nonpolar2.k18.lctrue.regions.parquet,Q6NT16,P77409
human_vs_ecoli.hp_lehninger_c_nonpolar2.k18.lctrue.regions.parquet,Q6PI73,P29018
human_vs_ecoli.hp_lehninger_c_nonpolar2.k18.lctrue.regions.parquet,Q6UWU4,P76417
human_vs_ecoli.hp_lehninger_c_nonpolar2.k18.lctrue.regions.parquet,Q6UY11,P32166
human_vs_ecoli.hp_lehninger_c_nonpolar2.k18.lctrue.regions.parquet,Q6ZNC8,P02921
human_vs_ecoli.hp_lehninger_c_nonpolar2.k18.lctrue.regions.parquet,Q6ZNC8,P07001
human_vs_ecoli.hp_lehninger_c_nonpolar2.k18.lctrue.regions.parquet,Q6ZNC8,P0AER3
human_vs_ecoli.hp_lehninger_c_nonpolar2.k18.lctrue.regions.parquet,Q6ZNC8,P45537
human_vs_ecoli.hp_lehninger_c_nonpolar2.k18.lctrue.regions.parquet,Q6ZNC8,P76460
human_vs_ecoli.hp_lehninger_c_nonpolar2.k18.lctrue.regions.parquet,Q6ZNC8,P77156
human_vs_ecoli.hp_lehninger_c_nonpolar2.k18.lctrue.regions.parquet,Q6ZNC8,Q46916
human_vs_ecoli.hp_lehninger_c_nonpolar2.k18.lctrue.regions.parquet,Q7Z419,P69425
human_vs_ecoli.hp_lehninger_c_nonpolar2.k18.lctrue.regions.parquet,Q86SQ4,P0AA93
human_vs_ecoli.hp_lehninger_c_nonpolar2.k18.lctrue.regions.parquet,Q86SQ4,P0ACV2
human_vs_ecoli.hp_lehninger_c_nonpolar2.k18.lctrue.regions.parquet,Q86SQ4,P0ACY6
human_vs_ecoli.hp_lehninger_c_nonpolar2.k18.lctrue.regions.parquet,Q86SQ4,P0AF32
human_vs_ecoli.hp_lehninger_c_nonpolar2.k18.lctrue.regions.parquet,Q86SQ4,P18777
human_vs_ecoli.hp_lehninger_c_nonpolar2.k18.lctrue.regions.parquet,Q86SQ4,P31064
human_vs_ecoli.hp_lehninger_c_nonpolar2.k18.lctrue.regions.parquet,Q86SQ4,P38055
human_vs_ecoli.hp_lehninger_c_nonpolar2.k18.lctrue.regions.parquet,Q86VW1,P07117
human_vs_ecoli.hp_lehninger_c_nonpolar2.k18.lctrue.regions.parquet,Q86VW1,P0AAC6
human_vs_ecoli.hp_lehninger_c_nonpolar2.k18.lctrue.regions.parquet,Q86VW1,P0AC26
human_vs_ecoli.hp_lehninger_c_nonpolar2.k18.lctrue.regions.parquet,Q86VW1,P0AD99
human_vs_ecoli.hp_lehninger_c_nonpolar2.k18.lctrue.regions.parquet,Q86VW1,P0AE74
human_vs_ecoli.hp_lehninger_c_nonpolar2.k18.lctrue.regions.parquet,Q86VW1,P0AF52
human_vs_ecoli.hp_lehninger_c_nonpolar2.k18.lctrue.regions.parquet,Q86VW1,P33650
human_vs_ecoli.hp_lehninger_c_nonpolar2.k18.lctrue.regions.parquet,Q86VW1,P64439
human_vs_ecoli.hp_lehninger_c_nonpolar2.k18.lctrue.regions.parquet,Q86VW1,P75955
human_vs_ecoli.hp_lehninger_c_nonpolar2.k18.lctrue.regions.parquet,Q86VW1,P76361
human_vs_ecoli.hp_lehninger_c_nonpolar2.k18.lctrue.regions.parquet,Q86VW1,P77504
human_vs_ecoli.hp_lehninger_c_nonpolar2.k18.lctrue.regions.parquet,Q86WC4,P0ABN5
human_vs_ecoli.hp_lehninger_c_nonpolar2.k18.lctrue.regions.parquet,Q8IV45,P75968
human_vs_ecoli.hp_lehninger_c_nonpolar2.k18.lctrue.regions.parquet,Q8IZ57,P0AAS3
human_vs_ecoli.hp_lehninger_c_nonpolar2.k18.lctrue.regions.parquet,Q8IZ57,P0AER8
human_vs_ecoli.hp_lehninger_c_nonpolar2.k18.lctrue.regions.parquet,Q8IZF2,P0AC78
human_vs_ecoli.hp_lehninger_c_nonpolar2.k18.lctrue.regions.parquet,Q8IZF2,P23894
human_vs_ecoli.hp_lehninger_c_nonpolar2.k18.lctrue.regions.parquet,Q8IZF2,P39338
human_vs_ecoli.hp_lehninger_c_nonpolar2.k18.lctrue.regions.parquet,Q8IZF2,P39830
human_vs_ecoli.hp_lehninger_c_nonpolar2.k18.lctrue.regions.parquet,Q8IZF2,P45468
human_vs_ecoli.hp_lehninger_c_nonpolar2.k18.lctrue.regions.parquet,Q8IZF2,P75839
human_vs_ecoli.hp_lehninger_c_nonpolar2.k18.lctrue.regions.parquet,Q8IZT8,P07117
human_vs_ecoli.hp_lehninger_c_nonpolar2.k18.lctrue.regions.parquet,Q8N109,P11551
human_vs_ecoli.hp_lehninger_c_nonpolar2.k18.lctrue.regions.parquet,Q8N149,P29018
human_vs_ecoli.hp_lehninger_c_nonpolar2.k18.lctrue.regions.parquet,Q8N743,P06972
human_vs_ecoli.hp_lehninger_c_nonpolar2.k18.lctrue.regions.parquet,Q8N7C4,P0ABI8
human_vs_ecoli.hp_lehninger_c_nonpolar2.k18.lctrue.regions.parquet,Q8N7C4,P0AGI4
human_vs_ecoli.hp_lehninger_c_nonpolar2.k18.lctrue.regions.parquet,Q8N7C4,P39276
human_vs_ecoli.hp_lehninger_c_nonpolar2.k18.lctrue.regions.parquet,Q8NA58,P75831
human_vs_ecoli.hp_lehninger_c_nonpolar2.k18.lctrue.regions.parquet,Q8NC56,P25798
human_vs_ecoli.hp_lehninger_c_nonpolar2.k18.lctrue.regions.parquet,Q8NE79,P0AEJ0
human_vs_ecoli.hp_lehninger_c_nonpolar2.k18.lctrue.regions.parquet,Q8NE79,P32710
human_vs_ecoli.hp_lehninger_c_nonpolar2.k18.lctrue.regions.parquet,Q8NHJ6,P67444
human_vs_ecoli.hp_lehninger_c_nonpolar2.k18.lctrue.regions.parquet,Q8TB61,P0A6A0
human_vs_ecoli.hp_lehninger_c_nonpolar2.k18.lctrue.regions.parquet,Q8TB61,P16430
human_vs_ecoli.hp_lehninger_c_nonpolar2.k18.lctrue.regions.parquet,Q8TB61,P23173
human_vs_ecoli.hp_lehninger_c_nonpolar2.k18.lctrue.regions.parquet,Q8TB61,P30149
human_vs_ecoli.hp_lehninger_c_nonpolar2.k18.lctrue.regions.parquet,Q8TB61,P39196
human_vs_ecoli.hp_lehninger_c_nonpolar2.k18.lctrue.regions.parquet,Q8TB61,P75892
human_vs_ecoli.hp_lehninger_c_nonpolar2.k18.lctrue.regions.parquet,Q8TEZ7,P0AEL0
human_vs_ecoli.hp_lehninger_c_nonpolar2.k18.lctrue.regions.parquet,Q8TEZ7,P27837
human_vs_ecoli.hp_lehninger_c_nonpolar2.k18.lctrue.regions.parquet,Q8TEZ7,P31064
human_vs_ecoli.hp_lehninger_c_nonpolar2.k18.lctrue.regions.parquet,Q8TEZ7,P32136
human_vs_ecoli.hp_lehninger_c_nonpolar2.k18.lctrue.regions.parquet,Q8TEZ7,P75870
human_vs_ecoli.hp_lehninger_c_nonpolar2.k18.lctrue.regions.parquet,Q8TEZ7,P77589
human_vs_ecoli.hp_lehninger_c_nonpolar2.k18.lctrue.regions.parquet,Q8WV19,P0AFS1
human_vs_ecoli.hp_lehninger_c_nonpolar2.k18.lctrue.regions.parquet,Q8WV19,P11350
human_vs_ecoli.hp_lehninger_c_nonpolar2.k18.lctrue.regions.parquet,Q8WV19,P32715
human_vs_ecoli.hp_lehninger_c_nonpolar2.k18.lctrue.regions.parquet,Q8WV19,P63235
human_vs_ecoli.hp_lehninger_c_nonpolar2.k18.lctrue.regions.parquet,Q8WVV5,P0AFS5
human_vs_ecoli.hp_lehninger_c_nonpolar2.k18.lctrue.regions.parquet,Q8WWU5,P75742
human_vs_ecoli.hp_lehninger_c_nonpolar2.k18.lctrue.regions.parquet,Q92504,P0ACY6
human_vs_ecoli.hp_lehninger_c_nonpolar2.k18.lctrue.regions.parquet,Q92504,P0AFD4
human_vs_ecoli.hp_lehninger_c_nonpolar2.k18.lctrue.regions.parquet,Q92504,P0AFE8
human_vs_ecoli.hp_lehninger_c_nonpolar2.k18.lctrue.regions.parquet,Q92504,P33366
human_vs_ecoli.hp_lehninger_c_nonpolar2.k18.lctrue.regions.parquet,Q92504,P37630
human_vs_ecoli.hp_lehninger_c_nonpolar2.k18.lctrue.regions.parquet,Q92504,P77504
human_vs_ecoli.hp_lehninger_c_nonpolar2.k18.lctrue.regions.parquet,Q96E22,P0ADC6
human_vs_ecoli.hp_lehninger_c_nonpolar2.k18.lctrue.regions.parquet,Q96E22,P0AFR2
human_vs_ecoli.hp_lehninger_c_nonpolar2.k18.lctrue.regions.parquet,Q96FX8,P02921
human_vs_ecoli.hp_lehninger_c_nonpolar2.k18.lctrue.regions.parquet,Q96FX8,P0AAA7
human_vs_ecoli.hp_lehninger_c_nonpolar2.k18.lctrue.regions.parquet,Q96FX8,P37340
human_vs_ecoli.hp_lehninger_c_nonpolar2.k18.lctrue.regions.parquet,Q96JX3,P0ABT8
human_vs_ecoli.hp_lehninger_c_nonpolar2.k18.lctrue.regions.parquet,Q96KF7,P77549
human_vs_ecoli.hp_lehninger_c_nonpolar2.k18.lctrue.regions.parquet,Q96RN1,P0AAC4
human_vs_ecoli.hp_lehninger_c_nonpolar2.k18.lctrue.regions.parquet,Q96RN1,P0AE74
human_vs_ecoli.hp_lehninger_c_nonpolar2.k18.lctrue.regions.parquet,Q96RN1,P0AG90
human_vs_ecoli.hp_lehninger_c_nonpolar2.k18.lctrue.regions.parquet,Q96RN1,P0AGH1
human_vs_ecoli.hp_lehninger_c_nonpolar2.k18.lctrue.regions.parquet,Q96RN1,P0C0S1
human_vs_ecoli.hp_lehninger_c_nonpolar2.k18.lctrue.regions.parquet,Q96RN1,P31474
human_vs_ecoli.hp_lehninger_c_nonpolar2.k18.lctrue.regions.parquet,Q96RN1,P60752
human_vs_ecoli.hp_lehninger_c_nonpolar2.k18.lctrue.regions.parquet,Q96RN1,P76228
human_vs_ecoli.hp_lehninger_c_nonpolar2.k18.lctrue.regions.parquet,Q96T54,P0ABP3
human_vs_ecoli.hp_lehninger_c_nonpolar2.k18.lctrue.regions.parquet,Q96T54,P0ABU7
human_vs_ecoli.hp_lehninger_c_nonpolar2.k18.lctrue.regions.parquet,Q96T54,P0AET5
human_vs_ecoli.hp_lehninger_c_nonpolar2.k18.lctrue.regions.parquet,Q96T54,P52067
human_vs_ecoli.hp_lehninger_c_nonpolar2.k18.lctrue.regions.parquet,Q96T55,P0ABJ9
human_vs_ecoli.hp_lehninger_c_nonpolar2.k18.lctrue.regions.parquet,Q96T55,P0ABP3
human_vs_ecoli.hp_lehninger_c_nonpolar2.k18.lctrue.regions.parquet,Q96T55,P0AFJ7
human_vs_ecoli.hp_lehninger_c_nonpolar2.k18.lctrue.regions.parquet,Q99706,P52600
human_vs_ecoli.hp_lehninger_c_nonpolar2.k18.lctrue.regions.parquet,Q99808,P00550
human_vs_ecoli.hp_lehninger_c_nonpolar2.k18.lctrue.regions.parquet,Q99808,P0A924
human_vs_ecoli.hp_lehninger_c_nonpolar2.k18.lctrue.regions.parquet,Q99808,P0AA70
human_vs_ecoli.hp_lehninger_c_nonpolar2.k18.lctrue.regions.parquet,Q99808,P0AEY8
human_vs_ecoli.hp_lehninger_c_nonpolar2.k18.lctrue.regions.parquet,Q99808,P75783
human_vs_ecoli.hp_lehninger_c_nonpolar2.k18.lctrue.regions.parquet,Q99808,P76007
human_vs_ecoli.hp_lehninger_c_nonpolar2.k18.lctrue.regions.parquet,Q99808,P76198
human_vs_ecoli.hp_lehninger_c_nonpolar2.k18.lctrue.regions.parquet,Q99808,P77733
human_vs_ecoli.hp_lehninger_c_nonpolar2.k18.lctrue.regions.parquet,Q99941,P69681
human_vs_ecoli.hp_lehninger_c_nonpolar2.k18.lctrue.regions.parquet,Q99942,P0AFZ7
human_vs_ecoli.hp_lehninger_c_nonpolar2.k18.lctrue.regions.parquet,Q99942,P31436
human_vs_ecoli.hp_lehninger_c_nonpolar2.k18.lctrue.regions.parquet,Q99943,P08194
human_vs_ecoli.hp_lehninger_c_nonpolar2.k18.lctrue.regions.parquet,Q99943,P0AE34
human_vs_ecoli.hp_lehninger_c_nonpolar2.k18.lctrue.regions.parquet,Q99946,P0AB93
human_vs_ecoli.hp_lehninger_c_nonpolar2.k18.lctrue.regions.parquet,Q9BZJ6,P0A6J3
human_vs_ecoli.hp_lehninger_c_nonpolar2.k18.lctrue.regions.parquet,Q9BZJ6,P0A830
human_vs_ecoli.hp_lehninger_c_nonpolar2.k18.lctrue.regions.parquet,Q9BZJ6,P0AAE8
human_vs_ecoli.hp_lehninger_c_nonpolar2.k18.lctrue.regions.parquet,Q9BZJ6,P0ABC9
human_vs_ecoli.hp_lehninger_c_nonpolar2.k18.lctrue.regions.parquet,Q9BZJ6,P0AEA5
human_vs_ecoli.hp_lehninger_c_nonpolar2.k18.lctrue.regions.parquet,Q9BZJ6,P0AFR2
human_vs_ecoli.hp_lehninger_c_nonpolar2.k18.lctrue.regions.parquet,Q9BZJ6,P46139
human_vs_ecoli.hp_lehninger_c_nonpolar2.k18.lctrue.regions.parquet,Q9GZM5,P0AA78
human_vs_ecoli.hp_lehninger_c_nonpolar2.k18.lctrue.regions.parquet,Q9GZM5,P0AFA5
human_vs_ecoli.hp_lehninger_c_nonpolar2.k18.lctrue.regions.parquet,Q9GZM5,P0AFJ7
human_vs_ecoli.hp_lehninger_c_nonpolar2.k18.lctrue.regions.parquet,Q9GZM5,P20966
human_vs_ecoli.hp_lehninger_c_nonpolar2.k18.lctrue.regions.parquet,Q9GZM5,P38134
human_vs_ecoli.hp_lehninger_c_nonpolar2.k18.lctrue.regions.parquet,Q9GZR5,P0AB67
human_vs_ecoli.hp_lehninger_c_nonpolar2.k18.lctrue.regions.parquet,Q9GZR5,P11350
human_vs_ecoli.hp_lehninger_c_nonpolar2.k18.lctrue.regions.parquet,Q9GZR5,P33011
human_vs_ecoli.hp_lehninger_c_nonpolar2.k18.lctrue.regions.parquet,Q9GZR5,P45562
human_vs_ecoli.hp_lehninger_c_nonpolar2.k18.lctrue.regions.parquet,Q9GZR5,P76399
human_vs_ecoli.hp_lehninger_c_nonpolar2.k18.lctrue.regions.parquet,Q9GZR5,P77610
human_vs_ecoli.hp_lehninger_c_nonpolar2.k18.lctrue.regions.parquet,Q9H1N7,P0AF32
human_vs_ecoli.hp_lehninger_c_nonpolar2.k18.lctrue.regions.parquet,Q9H1N7,P24244
human_vs_ecoli.hp_lehninger_c_nonpolar2.k18.lctrue.regions.parquet,Q9H1N7,P31547
human_vs_ecoli.hp_lehninger_c_nonpolar2.k18.lctrue.regions.parquet,Q9H1N7,P37772
human_vs_ecoli.hp_lehninger_c_nonpolar2.k18.lctrue.regions.parquet,Q9H1N7,P45570
human_vs_ecoli.hp_lehninger_c_nonpolar2.k18.lctrue.regions.parquet,Q9H1N7,P75925
human_vs_ecoli.hp_lehninger_c_nonpolar2.k18.lctrue.regions.parquet,Q9H1N7,P76037
human_vs_ecoli.hp_lehninger_c_nonpolar2.k18.lctrue.regions.parquet,Q9H1N7,P76507
human_vs_ecoli.hp_lehninger_c_nonpolar2.k18.lctrue.regions.parquet,Q9HBV1,P0AD99
human_vs_ecoli.hp_lehninger_c_nonpolar2.k18.lctrue.regions.parquet,Q9HBV1,P16430
human_vs_ecoli.hp_lehninger_c_nonpolar2.k18.lctrue.regions.parquet,Q9HD23,P0AC96
human_vs_ecoli.hp_lehninger_c_nonpolar2.k18.lctrue.regions.parquet,Q9HD23,P0AGC0
human_vs_ecoli.hp_lehninger_c_nonpolar2.k18.lctrue.regions.parquet,Q9NP99,P0ABC9
human_vs_ecoli.hp_lehninger_c_nonpolar2.k18.lctrue.regions.parquet,Q9NRA2,P0ADD2
human_vs_ecoli.hp_lehninger_c_nonpolar2.k18.lctrue.regions.parquet,Q9NRA2,P0AE74
human_vs_ecoli.hp_lehninger_c_nonpolar2.k18.lctrue.regions.parquet,Q9NRA2,P0AFN2
human_vs_ecoli.hp_lehninger_c_nonpolar2.k18.lctrue.regions.parquet,Q9NRA2,P0AFS7
human_vs_ecoli.hp_lehninger_c_nonpolar2.k18.lctrue.regions.parquet,Q9NRA2,P0AFU2
human_vs_ecoli.hp_lehninger_c_nonpolar2.k18.lctrue.regions.parquet,Q9NRA2,P15078
human_vs_ecoli.hp_lehninger_c_nonpolar2.k18.lctrue.regions.parquet,Q9NRA2,P39398
human_vs_ecoli.hp_lehninger_c_nonpolar2.k18.lctrue.regions.parquet,Q9NRA2,P64481
human_vs_ecoli.hp_lehninger_c_nonpolar2.k18.lctrue.regions.parquet,Q9NRA2,Q47539
human_vs_ecoli.hp_lehninger_c_nonpolar2.k18.lctrue.regions.parquet,Q9NUN5,P0AFE0
human_vs_ecoli.hp_lehninger_c_nonpolar2.k18.lctrue.regions.parquet,Q9NUN5,P25743
human_vs_ecoli.hp_lehninger_c_nonpolar2.k18.lctrue.regions.parquet,Q9NUN5,P46125
human_vs_ecoli.hp_lehninger_c_nonpolar2.k18.lctrue.regions.parquet,Q9NUN5,P64606
human_vs_ecoli.hp_lehninger_c_nonpolar2.k18.lctrue.regions.parquet,Q9NUN5,P69937
human_vs_ecoli.hp_lehninger_c_nonpolar2.k18.lctrue.regions.parquet,Q9NVV5,P11551
human_vs_ecoli.hp_lehninger_c_nonpolar2.k18.lctrue.regions.parquet,Q9NVV5,P32129
human_vs_ecoli.hp_lehninger_c_nonpolar2.k18.lctrue.regions.parquet,Q9NVV5,P39277
human_vs_ecoli.hp_lehninger_c_nonpolar2.k18.lctrue.regions.parquet,Q9NVV5,P39328
human_vs_ecoli.hp_lehninger_c_nonpolar2.k18.lctrue.regions.parquet,Q9NWH2,P0AEY8
human_vs_ecoli.hp_lehninger_c_nonpolar2.k18.lctrue.regions.parquet,Q9NWH2,P31679
human_vs_ecoli.hp_lehninger_c_nonpolar2.k18.lctrue.regions.parquet,Q9NXB9,P09323
human_vs_ecoli.hp_lehninger_c_nonpolar2.k18.lctrue.regions.parquet,Q9NXB9,P0AAD2
human_vs_ecoli.hp_lehninger_c_nonpolar2.k18.lctrue.regions.parquet,Q9NXB9,P0AE24
human_vs_ecoli.hp_lehninger_c_nonpolar2.k18.lctrue.regions.parquet,Q9NXB9,P0AGK1
human_vs_ecoli.hp_lehninger_c_nonpolar2.k18.lctrue.regions.parquet,Q9NXB9,P77389
human_vs_ecoli.hp_lehninger_c_nonpolar2.k18.lctrue.regions.parquet,Q9NXB9,Q46909
human_vs_ecoli.hp_lehninger_c_nonpolar2.k18.lctrue.regions.parquet,Q9NYP7,P0AA60
human_vs_ecoli.hp_lehninger_c_nonpolar2.k18.lctrue.regions.parquet,Q9NYP7,P0AB93
human_vs_ecoli.hp_lehninger_c_nonpolar2.k18.lctrue.regions.parquet,Q9NYP7,P76180
human_vs_ecoli.hp_lehninger_c_nonpolar2.k18.lctrue.regions.parquet,Q9NYP7,P76398
human_vs_ecoli.hp_lehninger_c_nonpolar2.k18.lctrue.regions.parquet,Q9P1P4,P0AFV0
human_vs_ecoli.hp_lehninger_c_nonpolar2.k18.lctrue.regions.parquet,Q9P1P4,P32709
human_vs_ecoli.hp_lehninger_c_nonpolar2.k18.lctrue.regions.parquet,Q9P1P4,P69423
human_vs_ecoli.hp_lehninger_c_nonpolar2.k18.lctrue.regions.parquet,Q9P2C4,P0AAA7
human_vs_ecoli.hp_lehninger_c_nonpolar2.k18.lctrue.regions.parquet,Q9P2C4,P0CE44
human_vs_ecoli.hp_lehninger_c_nonpolar2.k18.lctrue.regions.parquet,Q9P2C4,P69831
human_vs_ecoli.hp_lehninger_c_nonpolar2.k18.lctrue.regions.parquet,Q9P2C4,P75958
human_vs_ecoli.hp_lehninger_c_nonpolar2.k18.lctrue.regions.parquet,Q9UBU6,P0AA78
human_vs_ecoli.hp_lehninger_c_nonpolar2.k18.lctrue.regions.parquet,Q9UBU6,P37305
human_vs_ecoli.hp_lehninger_c_nonpolar2.k18.lctrue.regions.parquet,Q9UGF6,P0AA82
human_vs_ecoli.hp_lehninger_c_nonpolar2.k18.lctrue.regions.parquet,Q9UGF6,P0AAF1
human_vs_ecoli.hp_lehninger_c_nonpolar2.k18.lctrue.regions.parquet,Q9UGF6,P0AEP1
human_vs_ecoli.hp_lehninger_c_nonpolar2.k18.lctrue.regions.parquet,Q9UGF6,P11667
human_vs_ecoli.hp_lehninger_c_nonpolar2.k18.lctrue.regions.parquet,Q9UGF6,P23910
human_vs_ecoli.hp_lehninger_c_nonpolar2.k18.lctrue.regions.parquet,Q9UGF6,P37619
human_vs_ecoli.hp_lehninger_c_nonpolar2.k18.lctrue.regions.parquet,Q9UGP8,P0A6J3
human_vs_ecoli.hp_lehninger_c_nonpolar2.k18.lctrue.regions.parquet,Q9UGP8,Q47539
human_vs_ecoli.hp_lehninger_c_nonpolar2.k18.lctrue.regions.parquet,Q9ULH4,Q47153
human_vs_ecoli.hp_lehninger_c_nonpolar2.k18.lctrue.regions.parquet,Q9Y2C2,P36561
human_vs_ecoli.hp_lehninger_c_nonpolar2.k18.lctrue.regions.parquet,Q9Y2C5,P0ABL8
human_vs_ecoli.hp_lehninger_c_nonpolar2.k18.lctrue.regions.parquet,Q9Y2C5,P0AC26
human_vs_ecoli.hp_lehninger_c_nonpolar2.k18.lctrue.regions.parquet,Q9Y2C5,P0AFA7
human_vs_ecoli.hp_lehninger_c_nonpolar2.k18.lctrue.regions.parquet,Q9Y2C5,P15078
human_vs_ecoli.hp_lehninger_c_nonpolar2.k18.lctrue.regions.parquet,Q9Y2C5,P39328
human_vs_ecoli.hp_lehninger_c_nonpolar2.k18.lctrue.regions.parquet,Q9Y2C5,P63340
human_vs_ecoli.hp_lehninger_c_nonpolar2.k18.lctrue.regions.parquet,Q9Y2C5,P75788
human_vs_ecoli.hp_lehninger_c_nonpolar2.k18.lctrue.regions.parquet,Q9Y5U8,P0AFS7
human_vs_ecoli.hp_lehninger_c_nonpolar2.k18.lctrue.regions.parquet,Q9Y5W7,P37327
human_vs_ecoli.hp_lehninger_c_nonpolar2.k18.lctrue.regions.parquet,Q9Y5W7,P39396
human_vs_ecoli.hp_lehninger_c_nonpolar2.k18.lctrue.regions.parquet,Q9Y694,C1P610
human_vs_ecoli.hp_lehninger_c_nonpolar2.k18.lctrue.regions.parquet,Q9Y694,P0AA70
human_vs_ecoli.hp_lehninger_c_nonpolar2.k18.lctrue.regions.parquet,Q9Y694,P0ABU9
human_vs_ecoli.hp_lehninger_c_nonpolar2.k18.lctrue.regions.parquet,Q9Y694,P0AD42
human_vs_ecoli.hp_lehninger_c_nonpolar2.k18.lctrue.regions.parquet,Q9Y694,P0AGM0
human_vs_ecoli.hp_lehninger_c_nonpolar2.k18.lctrue.regions.parquet,Q9Y694,P23876
human_vs_ecoli.hp_lehninger_c_nonpolar2.k18.lctrue.regions.parquet,Q9Y694,P24177
human_vs_ecoli.hp_lehninger_c_nonpolar2.k18.lctrue.regions.parquet,Q9Y694,P31435
human_vs_ecoli.hp_lehninger_c_nonpolar2.k18.lctrue.regions.parquet,Q9Y694,P42603
human_vs_ecoli.hp_thomas_dill2.k19.lctrue.regions.parquet,A0A3B3IU46,P76397
human_vs_ecoli.hp_thomas_dill2.k19.lctrue.regions.parquet,A1A5C7,P0AG74
human_vs_ecoli.hp_thomas_dill2.k19.lctrue.regions.parquet,A1A5C7,P15032
human_vs_ecoli.hp_thomas_dill2.k19.lctrue.regions.parquet,A7XYQ1,P06612
human_vs_ecoli.hp_thomas_dill2.k19.lctrue.regions.parquet,A7XYQ1,P0A8H6
human_vs_ecoli.hp_thomas_dill2.k19.lctrue.regions.parquet,A7XYQ1,P17315
human_vs_ecoli.hp_thomas_dill2.k19.lctrue.regions.parquet,H3BQB6,P0CF70
human_vs_ecoli.hp_thomas_dill2.k19.lctrue.regions.parquet,H3BQB6,Q46798
human_vs_ecoli.hp_thomas_dill2.k19.lctrue.regions.parquet,O00141,P06136
human_vs_ecoli.hp_thomas_dill2.k19.lctrue.regions.parquet,O00453,P76206
human_vs_ecoli.hp_thomas_dill2.k19.lctrue.regions.parquet,O00548,P00579
human_vs_ecoli.hp_thomas_dill2.k19.lctrue.regions.parquet,O00716,P58094
human_vs_ecoli.hp_thomas_dill2.k19.lctrue.regions.parquet,O15056,P0A7L8
human_vs_ecoli.hp_thomas_dill2.k19.lctrue.regions.parquet,O15056,P0ACX9
human_vs_ecoli.hp_thomas_dill2.k19.lctrue.regions.parquet,O15209,P15286
human_vs_ecoli.hp_thomas_dill2.k19.lctrue.regions.parquet,O43167,P17315
human_vs_ecoli.hp_thomas_dill2.k19.lctrue.regions.parquet,O43167,P39286
human_vs_ecoli.hp_thomas_dill2.k19.lctrue.regions.parquet,O43167,P75616
human_vs_ecoli.hp_thomas_dill2.k19.lctrue.regions.parquet,O43309,P28249
human_vs_ecoli.hp_thomas_dill2.k19.lctrue.regions.parquet,O43318,P39206
human_vs_ecoli.hp_thomas_dill2.k19.lctrue.regions.parquet,O43318,P60422
human_vs_ecoli.hp_thomas_dill2.k19.lctrue.regions.parquet,O43318,P76235
human_vs_ecoli.hp_thomas_dill2.k19.lctrue.regions.parquet,O43324,P0AG74
human_vs_ecoli.hp_thomas_dill2.k19.lctrue.regions.parquet,O43680,P0AD44
human_vs_ecoli.hp_thomas_dill2.k19.lctrue.regions.parquet,O60231,P0ADN6
human_vs_ecoli.hp_thomas_dill2.k19.lctrue.regions.parquet,O60242,P31806
human_vs_ecoli.hp_thomas_dill2.k19.lctrue.regions.parquet,O60260,P45750
human_vs_ecoli.hp_thomas_dill2.k19.lctrue.regions.parquet,O60281,P00579
human_vs_ecoli.hp_thomas_dill2.k19.lctrue.regions.parquet,O60281,P02413
human_vs_ecoli.hp_thomas_dill2.k19.lctrue.regions.parquet,O60281,P03819
human_vs_ecoli.hp_thomas_dill2.k19.lctrue.regions.parquet,O60281,P0ACS2
human_vs_ecoli.hp_thomas_dill2.k19.lctrue.regions.parquet,O60281,P36675
human_vs_ecoli.hp_thomas_dill2.k19.lctrue.regions.parquet,O60281,P39310
human_vs_ecoli.hp_thomas_dill2.k19.lctrue.regions.parquet,O60508,P0A6X7
human_vs_ecoli.hp_thomas_dill2.k19.lctrue.regions.parquet,O60641,P0ADQ5
human_vs_ecoli.hp_thomas_dill2.k19.lctrue.regions.parquet,O60641,P45464
human_vs_ecoli.hp_thomas_dill2.k19.lctrue.regions.parquet,O60641,Q46845
human_vs_ecoli.hp_thomas_dill2.k19.lctrue.regions.parquet,O75022,P76065
human_vs_ecoli.hp_thomas_dill2.k19.lctrue.regions.parquet,O75023,P00579
human_vs_ecoli.hp_thomas_dill2.k19.lctrue.regions.parquet,O75023,P0A8H6
human_vs_ecoli.hp_thomas_dill2.k19.lctrue.regions.parquet,O75167,P28307
human_vs_ecoli.hp_thomas_dill2.k19.lctrue.regions.parquet,O75167,P37690
human_vs_ecoli.hp_thomas_dill2.k19.lctrue.regions.parquet,O75167,P75969
human_vs_ecoli.hp_thomas_dill2.k19.lctrue.regions.parquet,O75603,P46883
human_vs_ecoli.hp_thomas_dill2.k19.lctrue.regions.parquet,O75626,P13656
human_vs_ecoli.hp_thomas_dill2.k19.lctrue.regions.parquet,O77932,P14294
human_vs_ecoli.hp_thomas_dill2.k19.lctrue.regions.parquet,O94874,A5A613
human_vs_ecoli.hp_thomas_dill2.k19.lctrue.regions.parquet,O94874,P02919
human_vs_ecoli.hp_thomas_dill2.k19.lctrue.regions.parquet,O95238,P75783
human_vs_ecoli.hp_thomas_dill2.k19.lctrue.regions.parquet,O95279,P46130
human_vs_ecoli.hp_thomas_dill2.k19.lctrue.regions.parquet,O95551,P02919
human_vs_ecoli.hp_thomas_dill2.k19.lctrue.regions.parquet,O95677,P29131
human_vs_ecoli.hp_thomas_dill2.k19.lctrue.regions.parquet,O95677,P76425
human_vs_ecoli.hp_thomas_dill2.k19.lctrue.regions.parquet,O95835,P0ABH9
human_vs_ecoli.hp_thomas_dill2.k19.lctrue.regions.parquet,O95835,P29131
human_vs_ecoli.hp_thomas_dill2.k19.lctrue.regions.parquet,O95873,P00579
human_vs_ecoli.hp_thomas_dill2.k19.lctrue.regions.parquet,O95944,P0A7S9
human_vs_ecoli.hp_thomas_dill2.k19.lctrue.regions.parquet,P00747,P17315
human_vs_ecoli.hp_thomas_dill2.k19.lctrue.regions.parquet,P04908,P76172
human_vs_ecoli.hp_thomas_dill2.k19.lctrue.regions.parquet,P05549,P75616
human_vs_ecoli.hp_thomas_dill2.k19.lctrue.regions.parquet,P08238,P17315
human_vs_ecoli.hp_thomas_dill2.k19.lctrue.regions.parquet,P08922,P77747
human_vs_ecoli.hp_thomas_dill2.k19.lctrue.regions.parquet,P08F94,P0A8H6
human_vs_ecoli.hp_thomas_dill2.k19.lctrue.regions.parquet,P0C0S8,P76172
human_vs_ecoli.hp_thomas_dill2.k19.lctrue.regions.parquet,P0DMV8,P75616
human_vs_ecoli.hp_thomas_dill2.k19.lctrue.regions.parquet,P0DMV9,P75616
human_vs_ecoli.hp_thomas_dill2.k19.lctrue.regions.parquet,P10242,P52614
human_vs_ecoli.hp_thomas_dill2.k19.lctrue.regions.parquet,P11831,P0A6X7
human_vs_ecoli.hp_thomas_dill2.k19.lctrue.regions.parquet,P11831,P0AFX4
human_vs_ecoli.hp_thomas_dill2.k19.lctrue.regions.parquet,P11831,P37147
human_vs_ecoli.hp_thomas_dill2.k19.lctrue.regions.parquet,P13942,P15640
human_vs_ecoli.hp_thomas_dill2.k19.lctrue.regions.parquet,P15311,P46883
human_vs_ecoli.hp_thomas_dill2.k19.lctrue.regions.parquet,P15822,P03825
human_vs_ecoli.hp_thomas_dill2.k19.lctrue.regions.parquet,P15822,P0A8H8
human_vs_ecoli.hp_thomas_dill2.k19.lctrue.regions.parquet,P15822,P0AFG6
human_vs_ecoli.hp_thomas_dill2.k19.lctrue.regions.parquet,P15822,P39286
human_vs_ecoli.hp_thomas_dill2.k19.lctrue.regions.parquet,P15822,P75804
human_vs_ecoli.hp_thomas_dill2.k19.lctrue.regions.parquet,P15822,P76299
human_vs_ecoli.hp_thomas_dill2.k19.lctrue.regions.parquet,P15822,P77359
human_vs_ecoli.hp_thomas_dill2.k19.lctrue.regions.parquet,P20265,P30870
human_vs_ecoli.hp_thomas_dill2.k19.lctrue.regions.parquet,P20265,P52143
human_vs_ecoli.hp_thomas_dill2.k19.lctrue.regions.parquet,P20671,P76172
human_vs_ecoli.hp_thomas_dill2.k19.lctrue.regions.parquet,P21580,P0ADN6
human_vs_ecoli.hp_thomas_dill2.k19.lctrue.regions.parquet,P21580,P16919
human_vs_ecoli.hp_thomas_dill2.k19.lctrue.regions.parquet,P21580,P37642
human_vs_ecoli.hp_thomas_dill2.k19.lctrue.regions.parquet,P24046,P75783
human_vs_ecoli.hp_thomas_dill2.k19.lctrue.regions.parquet,P24863,P76481
human_vs_ecoli.hp_thomas_dill2.k19.lctrue.regions.parquet,P25063,P45508
human_vs_ecoli.hp_thomas_dill2.k19.lctrue.regions.parquet,P25205,P0ABH9
human_vs_ecoli.hp_thomas_dill2.k19.lctrue.regions.parquet,P28062,P19932
human_vs_ecoli.hp_thomas_dill2.k19.lctrue.regions.parquet,P31629,P0ABH9
human_vs_ecoli.hp_thomas_dill2.k19.lctrue.regions.parquet,P31629,P46889
human_vs_ecoli.hp_thomas_dill2.k19.lctrue.regions.parquet,P31629,P76235
human_vs_ecoli.hp_thomas_dill2.k19.lctrue.regions.parquet,P33981,P46130
human_vs_ecoli.hp_thomas_dill2.k19.lctrue.regions.parquet,P36915,P37147
human_vs_ecoli.hp_thomas_dill2.k19.lctrue.regions.parquet,P36915,P42641
human_vs_ecoli.hp_thomas_dill2.k19.lctrue.regions.parquet,P40425,P00579
human_vs_ecoli.hp_thomas_dill2.k19.lctrue.regions.parquet,P40425,P76235
human_vs_ecoli.hp_thomas_dill2.k19.lctrue.regions.parquet,P43307,P24202
human_vs_ecoli.hp_thomas_dill2.k19.lctrue.regions.parquet,P43626,P75616
human_vs_ecoli.hp_thomas_dill2.k19.lctrue.regions.parquet,P43628,P75616
human_vs_ecoli.hp_thomas_dill2.k19.lctrue.regions.parquet,P43629,P00579
human_vs_ecoli.hp_thomas_dill2.k19.lctrue.regions.parquet,P43629,P75616
human_vs_ecoli.hp_thomas_dill2.k19.lctrue.regions.parquet,P43631,P00579
human_vs_ecoli.hp_thomas_dill2.k19.lctrue.regions.parquet,P43631,P75616
human_vs_ecoli.hp_thomas_dill2.k19.lctrue.regions.parquet,P43632,P00579
human_vs_ecoli.hp_thomas_dill2.k19.lctrue.regions.parquet,P43632,P75616
human_vs_ecoli.hp_thomas_dill2.k19.lctrue.regions.parquet,P48634,P02919
human_vs_ecoli.hp_thomas_dill2.k19.lctrue.regions.parquet,P48634,P37645
human_vs_ecoli.hp_thomas_dill2.k19.lctrue.regions.parquet,P49643,P07017
human_vs_ecoli.hp_thomas_dill2.k19.lctrue.regions.parquet,P49790,P0AFG6
human_vs_ecoli.hp_thomas_dill2.k19.lctrue.regions.parquet,P49790,P37018
human_vs_ecoli.hp_thomas_dill2.k19.lctrue.regions.parquet,P49790,P37671
human_vs_ecoli.hp_thomas_dill2.k19.lctrue.regions.parquet,P49790,P58094
human_vs_ecoli.hp_thomas_dill2.k19.lctrue.regions.parquet,P49790,P75966
human_vs_ecoli.hp_thomas_dill2.k19.lctrue.regions.parquet,P54253,P13656
human_vs_ecoli.hp_thomas_dill2.k19.lctrue.regions.parquet,P54253,P39286
human_vs_ecoli.hp_thomas_dill2.k19.lctrue.regions.parquet,P55196,P37645
human_vs_ecoli.hp_thomas_dill2.k19.lctrue.regions.parquet,P55196,P55140
human_vs_ecoli.hp_thomas_dill2.k19.lctrue.regions.parquet,P55196,P69441
human_vs_ecoli.hp_thomas_dill2.k19.lctrue.regions.parquet,P55196,P76235
human_vs_ecoli.hp_thomas_dill2.k19.lctrue.regions.parquet,P63128,P37147
human_vs_ecoli.hp_thomas_dill2.k19.lctrue.regions.parquet,P68431,P06616
human_vs_ecoli.hp_thomas_dill2.k19.lctrue.regions.parquet,P78382,P0A6X3
human_vs_ecoli.hp_thomas_dill2.k19.lctrue.regions.parquet,P84103,P21507
human_vs_ecoli.hp_thomas_dill2.k19.lctrue.regions.parquet,Q01860,P45508
human_vs_ecoli.hp_thomas_dill2.k19.lctrue.regions.parquet,Q02952,P23865
human_vs_ecoli.hp_thomas_dill2.k19.lctrue.regions.parquet,Q02952,P76235
human_vs_ecoli.hp_thomas_dill2.k19.lctrue.regions.parquet,Q04900,P30015
human_vs_ecoli.hp_thomas_dill2.k19.lctrue.regions.parquet,Q06587,P15286
human_vs_ecoli.hp_thomas_dill2.k19.lctrue.regions.parquet,Q12899,P02919
human_vs_ecoli.hp_thomas_dill2.k19.lctrue.regions.parquet,Q12947,P46883
human_vs_ecoli.hp_thomas_dill2.k19.lctrue.regions.parquet,Q12948,P13656
human_vs_ecoli.hp_thomas_dill2.k19.lctrue.regions.parquet,Q12948,P64426
human_vs_ecoli.hp_thomas_dill2.k19.lctrue.regions.parquet,Q13451,P36675
human_vs_ecoli.hp_thomas_dill2.k19.lctrue.regions.parquet,Q13546,P0AF06
human_vs_ecoli.hp_thomas_dill2.k19.lctrue.regions.parquet,Q13546,P52614
human_vs_ecoli.hp_thomas_dill2.k19.lctrue.regions.parquet,Q13950,P19934
human_vs_ecoli.hp_thomas_dill2.k19.lctrue.regions.parquet,Q13950,P77609
human_vs_ecoli.hp_thomas_dill2.k19.lctrue.regions.parquet,Q14511,P15640
human_vs_ecoli.hp_thomas_dill2.k19.lctrue.regions.parquet,Q14511,P77609
human_vs_ecoli.hp_thomas_dill2.k19.lctrue.regions.parquet,Q14676,P29131
human_vs_ecoli.hp_thomas_dill2.k19.lctrue.regions.parquet,Q14676,P46130
human_vs_ecoli.hp_thomas_dill2.k19.lctrue.regions.parquet,Q14953,P00579
human_vs_ecoli.hp_thomas_dill2.k19.lctrue.regions.parquet,Q14954,P00579
human_vs_ecoli.hp_thomas_dill2.k19.lctrue.regions.parquet,Q14954,P75616
human_vs_ecoli.hp_thomas_dill2.k19.lctrue.regions.parquet,Q14993,P22524
human_vs_ecoli.hp_thomas_dill2.k19.lctrue.regions.parquet,Q14993,P52143
human_vs_ecoli.hp_thomas_dill2.k19.lctrue.regions.parquet,Q14993,P64429
human_vs_ecoli.hp_thomas_dill2.k19.lctrue.regions.parquet,Q149N8,P29131
human_vs_ecoli.hp_thomas_dill2.k19.lctrue.regions.parquet,Q15109,P0A8H6
human_vs_ecoli.hp_thomas_dill2.k19.lctrue.regions.parquet,Q15544,P77165
human_vs_ecoli.hp_thomas_dill2.k19.lctrue.regions.parquet,Q15776,P0AC30
human_vs_ecoli.hp_thomas_dill2.k19.lctrue.regions.parquet,Q15776,P15640
human_vs_ecoli.hp_thomas_dill2.k19.lctrue.regions.parquet,Q16626,P75616
human_vs_ecoli.hp_thomas_dill2.k19.lctrue.regions.parquet,Q16670,P13029
human_vs_ecoli.hp_thomas_dill2.k19.lctrue.regions.parquet,Q4ZHG4,P75616
human_vs_ecoli.hp_thomas_dill2.k19.lctrue.regions.parquet,Q4ZHG4,P77609
human_vs_ecoli.hp_thomas_dill2.k19.lctrue.regions.parquet,Q5JTD0,P15254
human_vs_ecoli.hp_thomas_dill2.k19.lctrue.regions.parquet,Q5JTD0,P42641
human_vs_ecoli.hp_thomas_dill2.k19.lctrue.regions.parquet,Q5JVL4,P11557
human_vs_ecoli.hp_thomas_dill2.k19.lctrue.regions.parquet,Q5JXM2,P75804
human_vs_ecoli.hp_thomas_dill2.k19.lctrue.regions.parquet,Q5M9Q1,P17315
human_vs_ecoli.hp_thomas_dill2.k19.lctrue.regions.parquet,Q5SQI0,P76065
human_vs_ecoli.hp_thomas_dill2.k19.lctrue.regions.parquet,Q5SSQ6,P0AG84
human_vs_ecoli.hp_thomas_dill2.k19.lctrue.regions.parquet,Q5SW24,P15067
human_vs_ecoli.hp_thomas_dill2.k19.lctrue.regions.parquet,Q5SW24,P75616
human_vs_ecoli.hp_thomas_dill2.k19.lctrue.regions.parquet,Q5T0W9,P36675
human_vs_ecoli.hp_thomas_dill2.k19.lctrue.regions.parquet,Q5T0W9,P52143
human_vs_ecoli.hp_thomas_dill2.k19.lctrue.regions.parquet,Q5T3U5,P25714
human_vs_ecoli.hp_thomas_dill2.k19.lctrue.regions.parquet,Q5T5C0,P00579
human_vs_ecoli.hp_thomas_dill2.k19.lctrue.regions.parquet,Q5T5C0,P55140
human_vs_ecoli.hp_thomas_dill2.k19.lctrue.regions.parquet,Q5T5C0,P76235
human_vs_ecoli.hp_thomas_dill2.k19.lctrue.regions.parquet,Q5TB80,P16918
human_vs_ecoli.hp_thomas_dill2.k19.lctrue.regions.parquet,Q5TCS8,P52143
human_vs_ecoli.hp_thomas_dill2.k19.lctrue.regions.parquet,Q5TCS8,P64429
human_vs_ecoli.hp_thomas_dill2.k19.lctrue.regions.parquet,Q5TCS8,P64588
human_vs_ecoli.hp_thomas_dill2.k19.lctrue.regions.parquet,Q5TCY1,P0AAU7
human_vs_ecoli.hp_thomas_dill2.k19.lctrue.regions.parquet,Q5TCY1,P43531
human_vs_ecoli.hp_thomas_dill2.k19.lctrue.regions.parquet,Q5TD94,P64588
human_vs_ecoli.hp_thomas_dill2.k19.lctrue.regions.parquet,Q5TFE4,P00579
human_vs_ecoli.hp_thomas_dill2.k19.lctrue.regions.parquet,Q5TH69,P03819
human_vs_ecoli.hp_thomas_dill2.k19.lctrue.regions.parquet,Q5TH69,P0C0T5
human_vs_ecoli.hp_thomas_dill2.k19.lctrue.regions.parquet,Q5TH69,P42641
human_vs_ecoli.hp_thomas_dill2.k19.lctrue.regions.parquet,Q5VUA4,P02358
human_vs_ecoli.hp_thomas_dill2.k19.lctrue.regions.parquet,Q5VUA4,P0CF70
human_vs_ecoli.hp_thomas_dill2.k19.lctrue.regions.parquet,Q5VUA4,P15067
human_vs_ecoli.hp_thomas_dill2.k19.lctrue.regions.parquet,Q5VUA4,P43531
human_vs_ecoli.hp_thomas_dill2.k19.lctrue.regions.parquet,Q5VUA4,P46883
human_vs_ecoli.hp_thomas_dill2.k19.lctrue.regions.parquet,Q5VUA4,P76065
human_vs_ecoli.hp_thomas_dill2.k19.lctrue.regions.parquet,Q5VUM1,P02930
human_vs_ecoli.hp_thomas_dill2.k19.lctrue.regions.parquet,Q5VWX1,P0ADX7
human_vs_ecoli.hp_thomas_dill2.k19.lctrue.regions.parquet,Q5VZK9,P0A8H6
human_vs_ecoli.hp_thomas_dill2.k19.lctrue.regions.parquet,Q6IEG0,P75616
human_vs_ecoli.hp_thomas_dill2.k19.lctrue.regions.parquet,Q6ISU1,P15067
human_vs_ecoli.hp_thomas_dill2.k19.lctrue.regions.parquet,Q6PI73,P0A7S9
human_vs_ecoli.hp_thomas_dill2.k19.lctrue.regions.parquet,Q6PI73,P76065
human_vs_ecoli.hp_thomas_dill2.k19.lctrue.regions.parquet,Q6Q6R5,P02919
human_vs_ecoli.hp_thomas_dill2.k19.lctrue.regions.parquet,Q6UB35,P0A8H6
human_vs_ecoli.hp_thomas_dill2.k19.lctrue.regions.parquet,Q6ZMV9,P02919
human_vs_ecoli.hp_thomas_dill2.k19.lctrue.regions.parquet,Q6ZN17,P75969
human_vs_ecoli.hp_thomas_dill2.k19.lctrue.regions.parquet,Q6ZU52,P30015
human_vs_ecoli.hp_thomas_dill2.k19.lctrue.regions.parquet,Q70EL2,P06612
human_vs_ecoli.hp_thomas_dill2.k19.lctrue.regions.parquet,Q70EL2,P37327
human_vs_ecoli.hp_thomas_dill2.k19.lctrue.regions.parquet,Q7RTU3,P17315
human_vs_ecoli.hp_thomas_dill2.k19.lctrue.regions.parquet,Q7Z6J4,P76299
human_vs_ecoli.hp_thomas_dill2.k19.lctrue.regions.parquet,Q7Z6P3,P0A8F8
human_vs_ecoli.hp_thomas_dill2.k19.lctrue.regions.parquet,Q7Z6P3,P0AD44
human_vs_ecoli.hp_thomas_dill2.k19.lctrue.regions.parquet,Q7Z6P3,P15032
human_vs_ecoli.hp_thomas_dill2.k19.lctrue.regions.parquet,Q7Z7B0,P42641
human_vs_ecoli.hp_thomas_dill2.k19.lctrue.regions.parquet,Q7Z7B0,P75969
human_vs_ecoli.hp_thomas_dill2.k19.lctrue.regions.parquet,Q7Z7C8,P77609
human_vs_ecoli.hp_thomas_dill2.k19.lctrue.regions.parquet,Q86UC2,P11557
human_vs_ecoli.hp_thomas_dill2.k19.lctrue.regions.parquet,Q86UC2,P45508
human_vs_ecoli.hp_thomas_dill2.k19.lctrue.regions.parquet,Q86UC2,P77717
human_vs_ecoli.hp_thomas_dill2.k19.lctrue.regions.parquet,Q86UR5,P0AC30
human_vs_ecoli.hp_thomas_dill2.k19.lctrue.regions.parquet,Q86UR5,P0ADN6
human_vs_ecoli.hp_thomas_dill2.k19.lctrue.regions.parquet,Q86UR5,P0AE85
human_vs_ecoli.hp_thomas_dill2.k19.lctrue.regions.parquet,Q86UR5,P16919
human_vs_ecoli.hp_thomas_dill2.k19.lctrue.regions.parquet,Q86UR5,P21179
human_vs_ecoli.hp_thomas_dill2.k19.lctrue.regions.parquet,Q86VW1,P14294
human_vs_ecoli.hp_thomas_dill2.k19.lctrue.regions.parquet,Q8HWS3,P06616
human_vs_ecoli.hp_thomas_dill2.k19.lctrue.regions.parquet,Q8HWS3,P06959
human_vs_ecoli.hp_thomas_dill2.k19.lctrue.regions.parquet,Q8IV45,P0AAU7
human_vs_ecoli.hp_thomas_dill2.k19.lctrue.regions.parquet,Q8IVH2,P0AFI2
human_vs_ecoli.hp_thomas_dill2.k19.lctrue.regions.parquet,Q8IVH2,P45508
human_vs_ecoli.hp_thomas_dill2.k19.lctrue.regions.parquet,Q8IVH2,P69428
human_vs_ecoli.hp_thomas_dill2.k19.lctrue.regions.parquet,Q8IWP9,P77455
human_vs_ecoli.hp_thomas_dill2.k19.lctrue.regions.parquet,Q8IWV8,P26218
human_vs_ecoli.hp_thomas_dill2.k19.lctrue.regions.parquet,Q8IZS6,P46883
human_vs_ecoli.hp_thomas_dill2.k19.lctrue.regions.parquet,Q8N157,P15032
human_vs_ecoli.hp_thomas_dill2.k19.lctrue.regions.parquet,Q8N157,P76235
human_vs_ecoli.hp_thomas_dill2.k19.lctrue.regions.parquet,Q8N157,P77165
human_vs_ecoli.hp_thomas_dill2.k19.lctrue.regions.parquet,Q8N3L3,P0A6X7
human_vs_ecoli.hp_thomas_dill2.k19.lctrue.regions.parquet,Q8N3L3,P0AG74
human_vs_ecoli.hp_thomas_dill2.k19.lctrue.regions.parquet,Q8N3Z0,P0AAI3
human_vs_ecoli.hp_thomas_dill2.k19.lctrue.regions.parquet,Q8N4B5,P09372
human_vs_ecoli.hp_thomas_dill2.k19.lctrue.regions.parquet,Q8N878,P0ABH9
human_vs_ecoli.hp_thomas_dill2.k19.lctrue.regions.parquet,Q8N878,P46883
human_vs_ecoli.hp_thomas_dill2.k19.lctrue.regions.parquet,Q8NC56,P0AD44
human_vs_ecoli.hp_thomas_dill2.k19.lctrue.regions.parquet,Q8NC56,P29131
human_vs_ecoli.hp_thomas_dill2.k19.lctrue.regions.parquet,Q8NE79,P40711
human_vs_ecoli.hp_thomas_dill2.k19.lctrue.regions.parquet,Q8NF91,P0A8H6
human_vs_ecoli.hp_thomas_dill2.k19.lctrue.regions.parquet,Q8NF91,P77359
human_vs_ecoli.hp_thomas_dill2.k19.lctrue.regions.parquet,Q8NFD5,P02929
human_vs_ecoli.hp_thomas_dill2.k19.lctrue.regions.parquet,Q8NFD5,P46883
human_vs_ecoli.hp_thomas_dill2.k19.lctrue.regions.parquet,Q8NHJ6,P77455
human_vs_ecoli.hp_thomas_dill2.k19.lctrue.regions.parquet,Q8NHL6,P0ABH9
human_vs_ecoli.hp_thomas_dill2.k19.lctrue.regions.parquet,Q8TC20,P0ADN6
human_vs_ecoli.hp_thomas_dill2.k19.lctrue.regions.parquet,Q8WUA2,P76235
human_vs_ecoli.hp_thomas_dill2.k19.lctrue.regions.parquet,Q8WUB8,P36675
human_vs_ecoli.hp_thomas_dill2.k19.lctrue.regions.parquet,Q8WUB8,P42641
human_vs_ecoli.hp_thomas_dill2.k19.lctrue.regions.parquet,Q8WUB8,P76235
human_vs_ecoli.hp_thomas_dill2.k19.lctrue.regions.parquet,Q8WWN9,P15067
human_vs_ecoli.hp_thomas_dill2.k19.lctrue.regions.parquet,Q8WWU5,P02919
human_vs_ecoli.hp_thomas_dill2.k19.lctrue.regions.parquet,Q92504,P15286
human_vs_ecoli.hp_thomas_dill2.k19.lctrue.regions.parquet,Q92504,P36675
human_vs_ecoli.hp_thomas_dill2.k19.lctrue.regions.parquet,Q92562,P0C0T5
human_vs_ecoli.hp_thomas_dill2.k19.lctrue.regions.parquet,Q92766,P29131
human_vs_ecoli.hp_thomas_dill2.k19.lctrue.regions.parquet,Q92766,P33666
human_vs_ecoli.hp_thomas_dill2.k19.lctrue.regions.parquet,Q92766,P64429
human_vs_ecoli.hp_thomas_dill2.k19.lctrue.regions.parquet,Q92766,P76223
human_vs_ecoli.hp_thomas_dill2.k19.lctrue.regions.parquet,Q92766,P77609
human_vs_ecoli.hp_thomas_dill2.k19.lctrue.regions.parquet,Q92833,P0A8H6
human_vs_ecoli.hp_thomas_dill2.k19.lctrue.regions.parquet,Q92833,P37018
human_vs_ecoli.hp_thomas_dill2.k19.lctrue.regions.parquet,Q92833,P76193
human_vs_ecoli.hp_thomas_dill2.k19.lctrue.regions.parquet,Q93077,P76172
human_vs_ecoli.hp_thomas_dill2.k19.lctrue.regions.parquet,Q969J2,P0A7S9
human_vs_ecoli.hp_thomas_dill2.k19.lctrue.regions.parquet,Q96C00,P0AAU7
human_vs_ecoli.hp_thomas_dill2.k19.lctrue.regions.parquet,Q96D71,P76065
human_vs_ecoli.hp_thomas_dill2.k19.lctrue.regions.parquet,Q96EV8,P46889
human_vs_ecoli.hp_thomas_dill2.k19.lctrue.regions.parquet,Q96JM7,P76299
human_vs_ecoli.hp_thomas_dill2.k19.lctrue.regions.parquet,Q96JM7,P77747
human_vs_ecoli.hp_thomas_dill2.k19.lctrue.regions.parquet,Q96KK5,P76172
human_vs_ecoli.hp_thomas_dill2.k19.lctrue.regions.parquet,Q96KQ7,P37327
human_vs_ecoli.hp_thomas_dill2.k19.lctrue.regions.parquet,Q96KW2,P0A8H6
human_vs_ecoli.hp_thomas_dill2.k19.lctrue.regions.parquet,Q96KW2,P17315
human_vs_ecoli.hp_thomas_dill2.k19.lctrue.regions.parquet,Q96KW2,P21179
human_vs_ecoli.hp_thomas_dill2.k19.lctrue.regions.parquet,Q96NH3,P77515
human_vs_ecoli.hp_thomas_dill2.k19.lctrue.regions.parquet,Q96PC2,P0ADA3
human_vs_ecoli.hp_thomas_dill2.k19.lctrue.regions.parquet,Q96PQ5,P68191
human_vs_ecoli.hp_thomas_dill2.k19.lctrue.regions.parquet,Q96PQ5,P75616
human_vs_ecoli.hp_thomas_dill2.k19.lctrue.regions.parquet,Q96QV6,P28307
human_vs_ecoli.hp_thomas_dill2.k19.lctrue.regions.parquet,Q96S59,P37327
human_vs_ecoli.hp_thomas_dill2.k19.lctrue.regions.parquet,Q96T54,P76235
human_vs_ecoli.hp_thomas_dill2.k19.lctrue.regions.parquet,Q99459,P00579
human_vs_ecoli.hp_thomas_dill2.k19.lctrue.regions.parquet,Q99459,P13656
human_vs_ecoli.hp_thomas_dill2.k19.lctrue.regions.parquet,Q99683,P75616
human_vs_ecoli.hp_thomas_dill2.k19.lctrue.regions.parquet,Q99715,P69441
human_vs_ecoli.hp_thomas_dill2.k19.lctrue.regions.parquet,Q99715,P76235
human_vs_ecoli.hp_thomas_dill2.k19.lctrue.regions.parquet,Q99715,P77609
human_vs_ecoli.hp_thomas_dill2.k19.lctrue.regions.parquet,Q99750,P0ADT2
human_vs_ecoli.hp_thomas_dill2.k19.lctrue.regions.parquet,Q99808,P37327
human_vs_ecoli.hp_thomas_dill2.k19.lctrue.regions.parquet,Q99878,P76172
human_vs_ecoli.hp_thomas_dill2.k19.lctrue.regions.parquet,Q99941,P0A8H6
human_vs_ecoli.hp_thomas_dill2.k19.lctrue.regions.parquet,Q99941,P37671
human_vs_ecoli.hp_thomas_dill2.k19.lctrue.regions.parquet,Q99941,P76425
human_vs_ecoli.hp_thomas_dill2.k19.lctrue.regions.parquet,Q99942,P64429
human_vs_ecoli.hp_thomas_dill2.k19.lctrue.regions.parquet,Q99967,P75616
human_vs_ecoli.hp_thomas_dill2.k19.lctrue.regions.parquet,Q9BRR0,P36675
human_vs_ecoli.hp_thomas_dill2.k19.lctrue.regions.parquet,Q9BRS2,P15032
human_vs_ecoli.hp_thomas_dill2.k19.lctrue.regions.parquet,Q9BRS2,P69441
human_vs_ecoli.hp_thomas_dill2.k19.lctrue.regions.parquet,Q9BRS2,P76206
human_vs_ecoli.hp_thomas_dill2.k19.lctrue.regions.parquet,Q9BT09,P02929
human_vs_ecoli.hp_thomas_dill2.k19.lctrue.regions.parquet,Q9BW19,P0A8H6
human_vs_ecoli.hp_thomas_dill2.k19.lctrue.regions.parquet,Q9BW19,P13656
human_vs_ecoli.hp_thomas_dill2.k19.lctrue.regions.parquet,Q9BWV7,P0A8A0
human_vs_ecoli.hp_thomas_dill2.k19.lctrue.regions.parquet,Q9BWV7,P36548
human_vs_ecoli.hp_thomas_dill2.k19.lctrue.regions.parquet,Q9BXY4,P02919
human_vs_ecoli.hp_thomas_dill2.k19.lctrue.regions.parquet,Q9BYV9,P03819
human_vs_ecoli.hp_thomas_dill2.k19.lctrue.regions.parquet,Q9BYV9,P0ADN6
human_vs_ecoli.hp_thomas_dill2.k19.lctrue.regions.parquet,Q9BYV9,P45581
human_vs_ecoli.hp_thomas_dill2.k19.lctrue.regions.parquet,Q9BZY9,P75616
human_vs_ecoli.hp_thomas_dill2.k19.lctrue.regions.parquet,Q9C009,P0AA84
human_vs_ecoli.hp_thomas_dill2.k19.lctrue.regions.parquet,Q9C0D0,Q46845
human_vs_ecoli.hp_thomas_dill2.k19.lctrue.regions.parquet,Q9GZR5,P37018
human_vs_ecoli.hp_thomas_dill2.k19.lctrue.regions.parquet,Q9H1H9,P0AEU7
human_vs_ecoli.hp_thomas_dill2.k19.lctrue.regions.parquet,Q9H4E7,P42641
human_vs_ecoli.hp_thomas_dill2.k19.lctrue.regions.parquet,Q9H4Q3,P13656
human_vs_ecoli.hp_thomas_dill2.k19.lctrue.regions.parquet,Q9H4Q3,P15032
human_vs_ecoli.hp_thomas_dill2.k19.lctrue.regions.parquet,Q9H4Q3,P64604
human_vs_ecoli.hp_thomas_dill2.k19.lctrue.regions.parquet,Q9H4T2,P0AF90
human_vs_ecoli.hp_thomas_dill2.k19.lctrue.regions.parquet,Q9H4T2,P42641
human_vs_ecoli.hp_thomas_dill2.k19.lctrue.regions.parquet,Q9H633,P00579
human_vs_ecoli.hp_thomas_dill2.k19.lctrue.regions.parquet,Q9H7B2,P37642
human_vs_ecoli.hp_thomas_dill2.k19.lctrue.regions.parquet,Q9HB96,P76425
human_vs_ecoli.hp_thomas_dill2.k19.lctrue.regions.parquet,Q9HCH3,P52614
human_vs_ecoli.hp_thomas_dill2.k19.lctrue.regions.parquet,Q9NP56,P75616
human_vs_ecoli.hp_thomas_dill2.k19.lctrue.regions.parquet,Q9NP62,P0A7S9
human_vs_ecoli.hp_thomas_dill2.k19.lctrue.regions.parquet,Q9NRA2,P0AF90
human_vs_ecoli.hp_thomas_dill2.k19.lctrue.regions.parquet,Q9NWT1,P45464
human_vs_ecoli.hp_thomas_dill2.k19.lctrue.regions.parquet,Q9NXL9,P0A6X7
human_vs_ecoli.hp_thomas_dill2.k19.lctrue.regions.parquet,Q9NXL9,P0ABF1
human_vs_ecoli.hp_thomas_dill2.k19.lctrue.regions.parquet,Q9NXL9,P75616
human_vs_ecoli.hp_thomas_dill2.k19.lctrue.regions.parquet,Q9NXZ2,P37147
human_vs_ecoli.hp_thomas_dill2.k19.lctrue.regions.parquet,Q9NXZ2,P39286
human_vs_ecoli.hp_thomas_dill2.k19.lctrue.regions.parquet,Q9NYP7,P0AFM4
human_vs_ecoli.hp_thomas_dill2.k19.lctrue.regions.parquet,Q9UBC1,P0A7I0
human_vs_ecoli.hp_thomas_dill2.k19.lctrue.regions.parquet,Q9UGP8,P0AAI3
human_vs_ecoli.hp_thomas_dill2.k19.lctrue.regions.parquet,Q9UIL4,P45508
human_vs_ecoli.hp_thomas_dill2.k19.lctrue.regions.parquet,Q9UIL4,P75793
human_vs_ecoli.hp_thomas_dill2.k19.lctrue.regions.parquet,Q9UJN7,P06612
human_vs_ecoli.hp_thomas_dill2.k19.lctrue.regions.parquet,Q9UJN7,P76065
human_vs_ecoli.hp_thomas_dill2.k19.lctrue.regions.parquet,Q9UKL3,P02929
human_vs_ecoli.hp_thomas_dill2.k19.lctrue.regions.parquet,Q9UKL3,P77747
human_vs_ecoli.hp_thomas_dill2.k19.lctrue.regions.parquet,Q9UKT4,P0ADV1
human_vs_ecoli.hp_thomas_dill2.k19.lctrue.regions.parquet,Q9ULC3,P60422
human_vs_ecoli.hp_thomas_dill2.k19.lctrue.regions.parquet,Q9ULD4,P0AAI3
human_vs_ecoli.hp_thomas_dill2.k19.lctrue.regions.parquet,Q9ULD4,P0C0L2
human_vs_ecoli.hp_thomas_dill2.k19.lctrue.regions.parquet,Q9ULD4,P75616
human_vs_ecoli.hp_thomas_dill2.k19.lctrue.regions.parquet,Q9ULH4,P0AD44
human_vs_ecoli.hp_thomas_dill2.k19.lctrue.regions.parquet,Q9ULL1,P22525
human_vs_ecoli.hp_thomas_dill2.k19.lctrue.regions.parquet,Q9ULL1,P33666
human_vs_ecoli.hp_thomas_dill2.k19.lctrue.regions.parquet,Q9ULL1,P64429
human_vs_ecoli.hp_thomas_dill2.k19.lctrue.regions.parquet,Q9ULL1,Q7DFU6
human_vs_ecoli.hp_thomas_dill2.k19.lctrue.regions.parquet,Q9UM54,P42641
human_vs_ecoli.hp_thomas_dill2.k19.lctrue.regions.parquet,Q9UM63,P0A7Z4
human_vs_ecoli.hp_thomas_dill2.k19.lctrue.regions.parquet,Q9UPN6,P05825
human_vs_ecoli.hp_thomas_dill2.k19.lctrue.regions.parquet,Q9UPN6,P0ABH9
human_vs_ecoli.hp_thomas_dill2.k19.lctrue.regions.parquet,Q9UPN6,P24255
human_vs_ecoli.hp_thomas_dill2.k19.lctrue.regions.parquet,Q9UPN6,P76065
human_vs_ecoli.hp_thomas_dill2.k19.lctrue.regions.parquet,Q9Y233,P0A8H8
human_vs_ecoli.hp_thomas_dill2.k19.lctrue.regions.parquet,Q9Y2C2,P25714
human_vs_ecoli.hp_thomas_dill2.k19.lctrue.regions.parquet,Q9Y330,P39286
human_vs_ecoli.hp_thomas_dill2.k19.lctrue.regions.parquet,Q9Y4E5,P15640
human_vs_ecoli.hp_thomas_dill2.k19.lctrue.regions.parquet,Q9Y4F9,P00579
human_vs_ecoli.hp_thomas_dill2.k19.lctrue.regions.parquet,Q9Y4F9,P76017
human_vs_ecoli.hp_thomas_dill2.k19.lctrue.regions.parquet,Q9Y4F9,P77359
human_vs_ecoli.hp_thomas_dill2.k19.lctrue.regions.parquet,Q9Y4K1,P0A6X7
human_vs_ecoli.hp_thomas_dill2.k19.lctrue.regions.parquet,Q9Y5K6,P42641
human_vs_ecoli.hp_thomas_dill2.k19.lctrue.regions.parquet,Q9Y694,P42641
human_vs_ecoli.hp_thomas_dill2.k19.lctrue.regions.parquet,Q9Y6R4,P02358
human_vs_ecoli.hp_thomas_dill2.k19.lctrue.regions.parquet,Q9Y6R4,P03819
human_vs_ecoli.hp_thomas_dill2.k19.lctrue.regions.parquet,Q9Y6R4,P0AD44
human_vs_ecoli.hp_thomas_dill_no_c2.k19.lctrue.regions.parquet,O00548,P0AAJ5
human_vs_ecoli.hp_thomas_dill_no_c2.k19.lctrue.regions.parquet,O00548,P52102
human_vs_ecoli.hp_thomas_dill_no_c2.k19.lctrue.regions.parquet,O14638,P52647
human_vs_ecoli.hp_thomas_dill_no_c2.k19.lctrue.regions.parquet,O60242,P0AAQ2
human_vs_ecoli.hp_thomas_dill_no_c2.k19.lctrue.regions.parquet,P00747,P77223
human_vs_ecoli.hp_thomas_dill_no_c2.k19.lctrue.regions.parquet,P00751,P0AAJ8
human_vs_ecoli.hp_thomas_dill_no_c2.k19.lctrue.regions.parquet,P00751,P52102
human_vs_ecoli.hp_thomas_dill_no_c2.k19.lctrue.regions.parquet,P15822,P0A8D0
human_vs_ecoli.hp_thomas_dill_no_c2.k19.lctrue.regions.parquet,P20849,P52074
human_vs_ecoli.hp_thomas_dill_no_c2.k19.lctrue.regions.parquet,P21580,P06612
human_vs_ecoli.hp_thomas_dill_no_c2.k19.lctrue.regions.parquet,P31629,P0A8D0
human_vs_ecoli.hp_thomas_dill_no_c2.k19.lctrue.regions.parquet,P43629,P0AAQ2
human_vs_ecoli.hp_thomas_dill_no_c2.k19.lctrue.regions.parquet,P43630,P0AAQ2
human_vs_ecoli.hp_thomas_dill_no_c2.k19.lctrue.regions.parquet,P55196,P52074
human_vs_ecoli.hp_thomas_dill_no_c2.k19.lctrue.regions.parquet,Q14993,P52074
human_vs_ecoli.hp_thomas_dill_no_c2.k19.lctrue.regions.parquet,Q16342,P17888
human_vs_ecoli.hp_thomas_dill_no_c2.k19.lctrue.regions.parquet,Q5VWX1,P0AFG6
human_vs_ecoli.hp_thomas_dill_no_c2.k19.lctrue.regions.parquet,Q6UY11,P0AAR8
human_vs_ecoli.hp_thomas_dill_no_c2.k19.lctrue.regions.parquet,Q8N109,P0AAQ2
human_vs_ecoli.hp_thomas_dill_no_c2.k19.lctrue.regions.parquet,Q8N743,P0AFD6
human_vs_ecoli.hp_thomas_dill_no_c2.k19.lctrue.regions.parquet,Q8NC56,P0AAJ1
human_vs_ecoli.hp_thomas_dill_no_c2.k19.lctrue.regions.parquet,Q96P44,P16432
human_vs_ecoli.hp_thomas_dill_no_c2.k19.lctrue.regions.parquet,Q9NTX7,Q46798
human_vs_ecoli.hp_thomas_dill_no_c2.k19.lctrue.regions.parquet,Q9UM63,P50465
human_vs_ecoli.sdm12.k6.lctrue.regions.parquet,Q13608,P0AAZ4
human_vs_ecoli.sdm12.k6.lctrue.regions.parquet,Q96JB1,P0A9K3
human_vs_fly.gbmr4.k16.lctrue.regions.parquet,O75496,Q9W2P0
human_vs_fly.gbmr4.k16.lctrue.regions.parquet,P14373,Q9VBX1
human_vs_fly.gbmr4.k16.lctrue.regions.parquet,P55196,Q8IRB5
human_vs_fly.gbmr4.k16.lctrue.regions.parquet,Q12899,O46098
human_vs_fly.gbmr4.k16.lctrue.regions.parquet,Q14244,Q9W148
human_vs_fly.gbmr4.k16.lctrue.regions.parquet,Q6P9F5,Q9VKJ9
human_vs_fly.gbmr4.k16.lctrue.regions.parquet,Q6ZU52,Q8INF0
human_vs_fly.gbmr4.k16.lctrue.regions.parquet,Q86UC2,Q7KRY7
human_vs_fly.gbmr4.k16.lctrue.regions.parquet,Q86UC2,Q86DS1
human_vs_fly.gbmr4.k16.lctrue.regions.parquet,Q8IWP9,Q9VE50
human_vs_fly.gbmr4.k16.lctrue.regions.parquet,Q8N1B4,Q9VBQ9
human_vs_fly.gbmr4.k16.lctrue.regions.parquet,Q8NB25,Q8MSY4
human_vs_fly.gbmr4.k16.lctrue.regions.parquet,Q8TDH9,Q95RG8
human_vs_fly.gbmr4.k16.lctrue.regions.parquet,Q99459,Q0KIC3
human_vs_fly.gbmr4.k16.lctrue.regions.parquet,Q99944,Q9VWB9
human_vs_fly.gbmr4.k16.lctrue.regions.parquet,Q9BT09,Q8MSY4
human_vs_fly.gbmr4.k16.lctrue.regions.parquet,Q9BZY9,Q0KIC3
human_vs_fly.gbmr4.k16.lctrue.regions.parquet,Q9H1H9,Q8IRB5
human_vs_fly.gbmr4.k16.lctrue.regions.parquet,Q9UGP8,Q9W5D0
human_vs_fly.gbmr4.k16.lctrue.regions.parquet,Q9UMY1,Q8MRW5
human_vs_fly.hp_kyte_doolittle2.k19.lctrue.regions.parquet,A2RRH5,Q7K0L4
human_vs_fly.hp_kyte_doolittle2.k19.lctrue.regions.parquet,A2RRH5,Q9VUU5
human_vs_fly.hp_kyte_doolittle2.k19.lctrue.regions.parquet,A2RRH5,Q9VUX2
human_vs_fly.hp_kyte_doolittle2.k19.lctrue.regions.parquet,A2RRH5,Q9VV73
human_vs_fly.hp_kyte_doolittle2.k19.lctrue.regions.parquet,O60508,O17468
human_vs_fly.hp_kyte_doolittle2.k19.lctrue.regions.parquet,O60508,Q1LZ08
human_vs_fly.hp_kyte_doolittle2.k19.lctrue.regions.parquet,O60508,Q7KNS3
human_vs_fly.hp_kyte_doolittle2.k19.lctrue.regions.parquet,P10242,P04197
human_vs_fly.hp_kyte_doolittle2.k19.lctrue.regions.parquet,P20265,P16241
human_vs_fly.hp_kyte_doolittle2.k19.lctrue.regions.parquet,P48634,Q9VU02
human_vs_fly.hp_kyte_doolittle2.k19.lctrue.regions.parquet,P48634,Q9VUU5
human_vs_fly.hp_kyte_doolittle2.k19.lctrue.regions.parquet,Q01860,P16241
human_vs_fly.hp_kyte_doolittle2.k19.lctrue.regions.parquet,Q13451,Q9VAT2
human_vs_fly.hp_kyte_doolittle2.k19.lctrue.regions.parquet,Q13641,P12024
human_vs_fly.hp_kyte_doolittle2.k19.lctrue.regions.parquet,Q13641,Q9VUN0
human_vs_fly.hp_kyte_doolittle2.k19.lctrue.regions.parquet,Q13641,Q9VZZ4
human_vs_fly.hp_kyte_doolittle2.k19.lctrue.regions.parquet,Q5T5C0,O18640
human_vs_fly.hp_kyte_doolittle2.k19.lctrue.regions.parquet,Q5T5C0,O61345
human_vs_fly.hp_kyte_doolittle2.k19.lctrue.regions.parquet,Q5T5C0,Q7K4B3
human_vs_fly.hp_kyte_doolittle2.k19.lctrue.regions.parquet,Q5T5C0,Q86DS1
human_vs_fly.hp_kyte_doolittle2.k19.lctrue.regions.parquet,Q5T5C0,Q8SWV6
human_vs_fly.hp_kyte_doolittle2.k19.lctrue.regions.parquet,Q5T5C0,Q9V3J8
human_vs_fly.hp_kyte_doolittle2.k19.lctrue.regions.parquet,Q5VZK9,Q7JXF5
human_vs_fly.hp_kyte_doolittle2.k19.lctrue.regions.parquet,Q5VZK9,Q9V895
human_vs_fly.hp_kyte_doolittle2.k19.lctrue.regions.parquet,Q6VVB1,P29829
human_vs_fly.hp_kyte_doolittle2.k19.lctrue.regions.parquet,Q6VVB1,Q24572
human_vs_fly.hp_kyte_doolittle2.k19.lctrue.regions.parquet,Q6VVB1,Q8MQJ9
human_vs_fly.hp_kyte_doolittle2.k19.lctrue.regions.parquet,Q8N157,Q24572
human_vs_fly.hp_kyte_doolittle2.k19.lctrue.regions.parquet,Q8N157,Q7K0Y1
human_vs_fly.hp_kyte_doolittle2.k19.lctrue.regions.parquet,Q8N157,Q9VWS4
human_vs_fly.hp_kyte_doolittle2.k19.lctrue.regions.parquet,Q8N157,Q9XZ25
human_vs_fly.hp_kyte_doolittle2.k19.lctrue.regions.parquet,Q96KQ7,Q7Z020
human_vs_fly.hp_kyte_doolittle2.k19.lctrue.regions.parquet,Q96KQ7,Q9VCA8
human_vs_fly.hp_kyte_doolittle2.k19.lctrue.regions.parquet,Q9BQ90,Q960C5
human_vs_fly.hp_kyte_doolittle2.k19.lctrue.regions.parquet,Q9BQ90,Q9W1X4
human_vs_fly.hp_kyte_doolittle2.k19.lctrue.regions.parquet,Q9BXY4,A1Z9A8
human_vs_fly.hp_kyte_doolittle2.k19.lctrue.regions.parquet,Q9NRJ4,Q86BY9
human_vs_fly.hp_kyte_doolittle2.k19.lctrue.regions.parquet,Q9NRJ4,Q9VPF0
human_vs_fly.hp_kyte_doolittle2.k19.lctrue.regions.parquet,Q9NWT1,Q24338
human_vs_fly.hp_kyte_doolittle2.k19.lctrue.regions.parquet,Q9NWT1,Q86B53
human_vs_fly.hp_kyte_doolittle2.k19.lctrue.regions.parquet,Q9NWT1,Q9VQ89
human_vs_fly.hp_kyte_doolittle2.k19.lctrue.regions.parquet,Q9ULH4,Q8SXT3
human_vs_fly.hp_kyte_doolittle2.k19.lctrue.regions.parquet,Q9ULH4,Q9V477
human_vs_fly.hp_lehninger_c_nonpolar2.k18.lctrue.regions.parquet,A1A5C7,P00399
human_vs_fly.hp_lehninger_c_nonpolar2.k18.lctrue.regions.parquet,A1A5C7,P18931
human_vs_fly.hp_lehninger_c_nonpolar2.k18.lctrue.regions.parquet,A1A5C7,P81915
human_vs_fly.hp_lehninger_c_nonpolar2.k18.lctrue.regions.parquet,A1A5C7,P91660
human_vs_fly.hp_lehninger_c_nonpolar2.k18.lctrue.regions.parquet,A1A5C7,P91682
human_vs_fly.hp_lehninger_c_nonpolar2.k18.lctrue.regions.parquet,A1A5C7,Q27597
human_vs_fly.hp_lehninger_c_nonpolar2.k18.lctrue.regions.parquet,A1A5C7,Q4V622
human_vs_fly.hp_lehninger_c_nonpolar2.k18.lctrue.regions.parquet,A1A5C7,Q9VRR2
human_vs_fly.hp_lehninger_c_nonpolar2.k18.lctrue.regions.parquet,A1A5C7,Q9VT20
human_vs_fly.hp_lehninger_c_nonpolar2.k18.lctrue.regions.parquet,A1A5C7,Q9VX39
human_vs_fly.hp_lehninger_c_nonpolar2.k18.lctrue.regions.parquet,A6NI73,Q9VQG4
human_vs_fly.hp_lehninger_c_nonpolar2.k18.lctrue.regions.parquet,O00270,P91645
human_vs_fly.hp_lehninger_c_nonpolar2.k18.lctrue.regions.parquet,O00270,Q8IS44
human_vs_fly.hp_lehninger_c_nonpolar2.k18.lctrue.regions.parquet,O00270,Q95T12
human_vs_fly.hp_lehninger_c_nonpolar2.k18.lctrue.regions.parquet,O00270,Q9U6L4
human_vs_fly.hp_lehninger_c_nonpolar2.k18.lctrue.regions.parquet,O00270,Q9VZL7
human_vs_fly.hp_lehninger_c_nonpolar2.k18.lctrue.regions.parquet,O00476,Q7JQF1
human_vs_fly.hp_lehninger_c_nonpolar2.k18.lctrue.regions.parquet,O00476,Q95ST2
human_vs_fly.hp_lehninger_c_nonpolar2.k18.lctrue.regions.parquet,O00478,P58957
human_vs_fly.hp_lehninger_c_nonpolar2.k18.lctrue.regions.parquet,O00624,A1Z8N1
human_vs_fly.hp_lehninger_c_nonpolar2.k18.lctrue.regions.parquet,O00624,A2VEY9
human_vs_fly.hp_lehninger_c_nonpolar2.k18.lctrue.regions.parquet,O00624,O17444
human_vs_fly.hp_lehninger_c_nonpolar2.k18.lctrue.regions.parquet,O00624,Q4LBB9
human_vs_fly.hp_lehninger_c_nonpolar2.k18.lctrue.regions.parquet,O00624,Q4V5R4
human_vs_fly.hp_lehninger_c_nonpolar2.k18.lctrue.regions.parquet,O00624,Q9V9I2
human_vs_fly.hp_lehninger_c_nonpolar2.k18.lctrue.regions.parquet,O00624,Q9VLP9
human_vs_fly.hp_lehninger_c_nonpolar2.k18.lctrue.regions.parquet,O14931,Q9VAP3
human_vs_fly.hp_lehninger_c_nonpolar2.k18.lctrue.regions.parquet,O15244,P06002
human_vs_fly.hp_lehninger_c_nonpolar2.k18.lctrue.regions.parquet,O15244,P17971
human_vs_fly.hp_lehninger_c_nonpolar2.k18.lctrue.regions.parquet,O15244,Q7Z020
human_vs_fly.hp_lehninger_c_nonpolar2.k18.lctrue.regions.parquet,O15244,Q9NBW1
human_vs_fly.hp_lehninger_c_nonpolar2.k18.lctrue.regions.parquet,O15244,Q9VRN2
human_vs_fly.hp_lehninger_c_nonpolar2.k18.lctrue.regions.parquet,O15244,Q9W056
human_vs_fly.hp_lehninger_c_nonpolar2.k18.lctrue.regions.parquet,O15245,P10090
human_vs_fly.hp_lehninger_c_nonpolar2.k18.lctrue.regions.parquet,O15245,P53624
human_vs_fly.hp_lehninger_c_nonpolar2.k18.lctrue.regions.parquet,O15245,P91660
human_vs_fly.hp_lehninger_c_nonpolar2.k18.lctrue.regions.parquet,O15245,Q0E961
human_vs_fly.hp_lehninger_c_nonpolar2.k18.lctrue.regions.parquet,O15245,Q8MSU3
human_vs_fly.hp_lehninger_c_nonpolar2.k18.lctrue.regions.parquet,O15245,Q9V568
human_vs_fly.hp_lehninger_c_nonpolar2.k18.lctrue.regions.parquet,O15245,Q9VN12
human_vs_fly.hp_lehninger_c_nonpolar2.k18.lctrue.regions.parquet,O15245,Q9VPF8
human_vs_fly.hp_lehninger_c_nonpolar2.k18.lctrue.regions.parquet,O15245,Q9W3V8
human_vs_fly.hp_lehninger_c_nonpolar2.k18.lctrue.regions.parquet,O15400,Q9W0V7
human_vs_fly.hp_lehninger_c_nonpolar2.k18.lctrue.regions.parquet,O15533,Q08180
human_vs_fly.hp_lehninger_c_nonpolar2.k18.lctrue.regions.parquet,O60242,O44252
human_vs_fly.hp_lehninger_c_nonpolar2.k18.lctrue.regions.parquet,O60242,Q9VTN0
human_vs_fly.hp_lehninger_c_nonpolar2.k18.lctrue.regions.parquet,O60242,Q9VTX8
human_vs_fly.hp_lehninger_c_nonpolar2.k18.lctrue.regions.parquet,O75019,Q24188
human_vs_fly.hp_lehninger_c_nonpolar2.k18.lctrue.regions.parquet,O75023,M9NDE3
human_vs_fly.hp_lehninger_c_nonpolar2.k18.lctrue.regions.parquet,O75751,Q0KHU5
human_vs_fly.hp_lehninger_c_nonpolar2.k18.lctrue.regions.parquet,O75751,Q8IN35
human_vs_fly.hp_lehninger_c_nonpolar2.k18.lctrue.regions.parquet,O75751,Q9U969
human_vs_fly.hp_lehninger_c_nonpolar2.k18.lctrue.regions.parquet,O75751,Q9VIP7
human_vs_fly.hp_lehninger_c_nonpolar2.k18.lctrue.regions.parquet,O75751,Q9VPF8
human_vs_fly.hp_lehninger_c_nonpolar2.k18.lctrue.regions.parquet,O75751,Q9W0R5
human_vs_fly.hp_lehninger_c_nonpolar2.k18.lctrue.regions.parquet,O75751,Q9W3V8
human_vs_fly.hp_lehninger_c_nonpolar2.k18.lctrue.regions.parquet,O95279,Q8T8L8
human_vs_fly.hp_lehninger_c_nonpolar2.k18.lctrue.regions.parquet,O95279,Q9W0Y8
human_vs_fly.hp_lehninger_c_nonpolar2.k18.lctrue.regions.parquet,O95944,P30974
human_vs_fly.hp_lehninger_c_nonpolar2.k18.lctrue.regions.parquet,P04201,P00399
human_vs_fly.hp_lehninger_c_nonpolar2.k18.lctrue.regions.parquet,P04201,Q9U6A0
human_vs_fly.hp_lehninger_c_nonpolar2.k18.lctrue.regions.parquet,P04201,Q9V5Z7
human_vs_fly.hp_lehninger_c_nonpolar2.k18.lctrue.regions.parquet,P04201,Q9VAP3
human_vs_fly.hp_lehninger_c_nonpolar2.k18.lctrue.regions.parquet,P04201,Q9VCA2
human_vs_fly.hp_lehninger_c_nonpolar2.k18.lctrue.regions.parquet,P08922,P20905
human_vs_fly.hp_lehninger_c_nonpolar2.k18.lctrue.regions.parquet,P08F94,Q9W1U5
human_vs_fly.hp_lehninger_c_nonpolar2.k18.lctrue.regions.parquet,P11717,P81909
human_vs_fly.hp_lehninger_c_nonpolar2.k18.lctrue.regions.parquet,P15812,P18931
human_vs_fly.hp_lehninger_c_nonpolar2.k18.lctrue.regions.parquet,P21554,P35832
human_vs_fly.hp_lehninger_c_nonpolar2.k18.lctrue.regions.parquet,P21554,Q24488
human_vs_fly.hp_lehninger_c_nonpolar2.k18.lctrue.regions.parquet,P21554,Q4V5R4
human_vs_fly.hp_lehninger_c_nonpolar2.k18.lctrue.regions.parquet,P21554,Q9VMW8
human_vs_fly.hp_lehninger_c_nonpolar2.k18.lctrue.regions.parquet,P24046,Q9VXT2
human_vs_fly.hp_lehninger_c_nonpolar2.k18.lctrue.regions.parquet,P28222,P81922
human_vs_fly.hp_lehninger_c_nonpolar2.k18.lctrue.regions.parquet,P28222,Q24418
human_vs_fly.hp_lehninger_c_nonpolar2.k18.lctrue.regions.parquet,P28222,Q8MRQ4
human_vs_fly.hp_lehninger_c_nonpolar2.k18.lctrue.regions.parquet,P28222,Q9VEU0
human_vs_fly.hp_lehninger_c_nonpolar2.k18.lctrue.regions.parquet,P28222,Q9W1N5
human_vs_fly.hp_lehninger_c_nonpolar2.k18.lctrue.regions.parquet,P28222,Q9W5D4
human_vs_fly.hp_lehninger_c_nonpolar2.k18.lctrue.regions.parquet,P28476,Q9V6H2
human_vs_fly.hp_lehninger_c_nonpolar2.k18.lctrue.regions.parquet,P28476,Q9VXT2
human_vs_fly.hp_lehninger_c_nonpolar2.k18.lctrue.regions.parquet,P28566,P12428
human_vs_fly.hp_lehninger_c_nonpolar2.k18.lctrue.regions.parquet,P28566,P22700
human_vs_fly.hp_lehninger_c_nonpolar2.k18.lctrue.regions.parquet,P28566,P51905
human_vs_fly.hp_lehninger_c_nonpolar2.k18.lctrue.regions.parquet,P28566,Q9VJJ7
human_vs_fly.hp_lehninger_c_nonpolar2.k18.lctrue.regions.parquet,P28566,Q9VN13
human_vs_fly.hp_lehninger_c_nonpolar2.k18.lctrue.regions.parquet,P29016,Q4LBB6
human_vs_fly.hp_lehninger_c_nonpolar2.k18.lctrue.regions.parquet,P35372,P28285
human_vs_fly.hp_lehninger_c_nonpolar2.k18.lctrue.regions.parquet,P35372,P51905
human_vs_fly.hp_lehninger_c_nonpolar2.k18.lctrue.regions.parquet,P35372,Q9VC35
human_vs_fly.hp_lehninger_c_nonpolar2.k18.lctrue.regions.parquet,P35372,Q9VHR8
human_vs_fly.hp_lehninger_c_nonpolar2.k18.lctrue.regions.parquet,P35372,Q9VZJ6
human_vs_fly.hp_lehninger_c_nonpolar2.k18.lctrue.regions.parquet,P35372,Q9W5D4
human_vs_fly.hp_lehninger_c_nonpolar2.k18.lctrue.regions.parquet,P43307,P18933
human_vs_fly.hp_lehninger_c_nonpolar2.k18.lctrue.regions.parquet,P43626,Q9VDD7
human_vs_fly.hp_lehninger_c_nonpolar2.k18.lctrue.regions.parquet,P43627,Q9VDD7
human_vs_fly.hp_lehninger_c_nonpolar2.k18.lctrue.regions.parquet,P43628,P84181
human_vs_fly.hp_lehninger_c_nonpolar2.k18.lctrue.regions.parquet,P43630,Q94526
human_vs_fly.hp_lehninger_c_nonpolar2.k18.lctrue.regions.parquet,P43631,Q27333
human_vs_fly.hp_lehninger_c_nonpolar2.k18.lctrue.regions.parquet,P43632,Q27333
human_vs_fly.hp_lehninger_c_nonpolar2.k18.lctrue.regions.parquet,P46095,P18931
human_vs_fly.hp_lehninger_c_nonpolar2.k18.lctrue.regions.parquet,P46095,P58985
human_vs_fly.hp_lehninger_c_nonpolar2.k18.lctrue.regions.parquet,P46095,Q961J5
human_vs_fly.hp_lehninger_c_nonpolar2.k18.lctrue.regions.parquet,P46095,Q9VNB3
human_vs_fly.hp_lehninger_c_nonpolar2.k18.lctrue.regions.parquet,P46095,Q9VT90
human_vs_fly.hp_lehninger_c_nonpolar2.k18.lctrue.regions.parquet,P46095,Q9W056
human_vs_fly.hp_lehninger_c_nonpolar2.k18.lctrue.regions.parquet,P51684,P53403
human_vs_fly.hp_lehninger_c_nonpolar2.k18.lctrue.regions.parquet,P51684,P81921
human_vs_fly.hp_lehninger_c_nonpolar2.k18.lctrue.regions.parquet,P51684,Q961J5
human_vs_fly.hp_lehninger_c_nonpolar2.k18.lctrue.regions.parquet,P51684,Q9VRR2
human_vs_fly.hp_lehninger_c_nonpolar2.k18.lctrue.regions.parquet,P51684,Q9W0V7
human_vs_fly.hp_lehninger_c_nonpolar2.k18.lctrue.regions.parquet,P59901,Q24188
human_vs_fly.hp_lehninger_c_nonpolar2.k18.lctrue.regions.parquet,P78382,P00850
human_vs_fly.hp_lehninger_c_nonpolar2.k18.lctrue.regions.parquet,P78382,P81914
human_vs_fly.hp_lehninger_c_nonpolar2.k18.lctrue.regions.parquet,P78382,Q03445
human_vs_fly.hp_lehninger_c_nonpolar2.k18.lctrue.regions.parquet,P78382,Q8IN23
human_vs_fly.hp_lehninger_c_nonpolar2.k18.lctrue.regions.parquet,P78382,Q8INM9
human_vs_fly.hp_lehninger_c_nonpolar2.k18.lctrue.regions.parquet,P78382,Q9VT90
human_vs_fly.hp_lehninger_c_nonpolar2.k18.lctrue.regions.parquet,P78410,P35500
human_vs_fly.hp_lehninger_c_nonpolar2.k18.lctrue.regions.parquet,Q01151,P18935
human_vs_fly.hp_lehninger_c_nonpolar2.k18.lctrue.regions.parquet,Q04900,Q9VVL1
human_vs_fly.hp_lehninger_c_nonpolar2.k18.lctrue.regions.parquet,Q13410,Q4V622
human_vs_fly.hp_lehninger_c_nonpolar2.k18.lctrue.regions.parquet,Q14833,A1Z7G7
human_vs_fly.hp_lehninger_c_nonpolar2.k18.lctrue.regions.parquet,Q14833,P09478
human_vs_fly.hp_lehninger_c_nonpolar2.k18.lctrue.regions.parquet,Q14833,P13368
human_vs_fly.hp_lehninger_c_nonpolar2.k18.lctrue.regions.parquet,Q14833,P81921
human_vs_fly.hp_lehninger_c_nonpolar2.k18.lctrue.regions.parquet,Q14833,P83295
human_vs_fly.hp_lehninger_c_nonpolar2.k18.lctrue.regions.parquet,Q14833,P91685
human_vs_fly.hp_lehninger_c_nonpolar2.k18.lctrue.regions.parquet,Q14916,Q24418
human_vs_fly.hp_lehninger_c_nonpolar2.k18.lctrue.regions.parquet,Q14916,Q9U6L4
human_vs_fly.hp_lehninger_c_nonpolar2.k18.lctrue.regions.parquet,Q14916,Q9VTK2
human_vs_fly.hp_lehninger_c_nonpolar2.k18.lctrue.regions.parquet,Q14916,Q9VYZ1
human_vs_fly.hp_lehninger_c_nonpolar2.k18.lctrue.regions.parquet,Q14953,Q27333
human_vs_fly.hp_lehninger_c_nonpolar2.k18.lctrue.regions.parquet,Q14954,Q27333
human_vs_fly.hp_lehninger_c_nonpolar2.k18.lctrue.regions.parquet,Q15109,P22700
human_vs_fly.hp_lehninger_c_nonpolar2.k18.lctrue.regions.parquet,Q16653,Q9VNB3
human_vs_fly.hp_lehninger_c_nonpolar2.k18.lctrue.regions.parquet,Q29980,Q24509
human_vs_fly.hp_lehninger_c_nonpolar2.k18.lctrue.regions.parquet,Q29983,P49283
human_vs_fly.hp_lehninger_c_nonpolar2.k18.lctrue.regions.parquet,Q30201,Q9W1P8
human_vs_fly.hp_lehninger_c_nonpolar2.k18.lctrue.regions.parquet,Q4VXA5,P81914
human_vs_fly.hp_lehninger_c_nonpolar2.k18.lctrue.regions.parquet,Q53GD3,P28286
human_vs_fly.hp_lehninger_c_nonpolar2.k18.lctrue.regions.parquet,Q53GD3,Q00449
human_vs_fly.hp_lehninger_c_nonpolar2.k18.lctrue.regions.parquet,Q53GD3,Q02280
human_vs_fly.hp_lehninger_c_nonpolar2.k18.lctrue.regions.parquet,Q53GD3,Q8ITC9
human_vs_fly.hp_lehninger_c_nonpolar2.k18.lctrue.regions.parquet,Q53GD3,Q9VE46
human_vs_fly.hp_lehninger_c_nonpolar2.k18.lctrue.regions.parquet,Q5SQ64,Q9W0M2
human_vs_fly.hp_lehninger_c_nonpolar2.k18.lctrue.regions.parquet,Q5T1Q4,P30975
human_vs_fly.hp_lehninger_c_nonpolar2.k18.lctrue.regions.parquet,Q5T1Q4,P91927
human_vs_fly.hp_lehninger_c_nonpolar2.k18.lctrue.regions.parquet,Q5T1Q4,Q4V5R4
human_vs_fly.hp_lehninger_c_nonpolar2.k18.lctrue.regions.parquet,Q5T1Q4,Q8IRZ5
human_vs_fly.hp_lehninger_c_nonpolar2.k18.lctrue.regions.parquet,Q5T1Q4,Q9VLE5
human_vs_fly.hp_lehninger_c_nonpolar2.k18.lctrue.regions.parquet,Q5T1Q4,Q9VR93
human_vs_fly.hp_lehninger_c_nonpolar2.k18.lctrue.regions.parquet,Q5T3U5,P00850
human_vs_fly.hp_lehninger_c_nonpolar2.k18.lctrue.regions.parquet,Q5T3U5,P18502
human_vs_fly.hp_lehninger_c_nonpolar2.k18.lctrue.regions.parquet,Q5T3U5,P49283
human_vs_fly.hp_lehninger_c_nonpolar2.k18.lctrue.regions.parquet,Q5T3U5,P58950
human_vs_fly.hp_lehninger_c_nonpolar2.k18.lctrue.regions.parquet,Q5T3U5,P81915
human_vs_fly.hp_lehninger_c_nonpolar2.k18.lctrue.regions.parquet,Q5T3U5,Q8IMN5
human_vs_fly.hp_lehninger_c_nonpolar2.k18.lctrue.regions.parquet,Q5T3U5,Q9U4G1
human_vs_fly.hp_lehninger_c_nonpolar2.k18.lctrue.regions.parquet,Q5T3U5,Q9VPF8
human_vs_fly.hp_lehninger_c_nonpolar2.k18.lctrue.regions.parquet,Q5T3U5,Q9VVT2
human_vs_fly.hp_lehninger_c_nonpolar2.k18.lctrue.regions.parquet,Q5T3U5,Q9VVV2
human_vs_fly.hp_lehninger_c_nonpolar2.k18.lctrue.regions.parquet,Q5T4T1,P30975
human_vs_fly.hp_lehninger_c_nonpolar2.k18.lctrue.regions.parquet,Q5T4T1,Q9VDQ0
human_vs_fly.hp_lehninger_c_nonpolar2.k18.lctrue.regions.parquet,Q5T4T1,Q9VPD3
human_vs_fly.hp_lehninger_c_nonpolar2.k18.lctrue.regions.parquet,Q5TH69,O46101
human_vs_fly.hp_lehninger_c_nonpolar2.k18.lctrue.regions.parquet,Q6H3X3,O97422
human_vs_fly.hp_lehninger_c_nonpolar2.k18.lctrue.regions.parquet,Q6ISU1,P58960
human_vs_fly.hp_lehninger_c_nonpolar2.k18.lctrue.regions.parquet,Q6NT16,E9NA96
human_vs_fly.hp_lehninger_c_nonpolar2.k18.lctrue.regions.parquet,Q6NT16,P34082
human_vs_fly.hp_lehninger_c_nonpolar2.k18.lctrue.regions.parquet,Q6NT16,P49858
human_vs_fly.hp_lehninger_c_nonpolar2.k18.lctrue.regions.parquet,Q6NT16,P51905
human_vs_fly.hp_lehninger_c_nonpolar2.k18.lctrue.regions.parquet,Q6NT16,P58952
human_vs_fly.hp_lehninger_c_nonpolar2.k18.lctrue.regions.parquet,Q6NT16,Q0KHU5
human_vs_fly.hp_lehninger_c_nonpolar2.k18.lctrue.regions.parquet,Q6NT16,Q6NP60
human_vs_fly.hp_lehninger_c_nonpolar2.k18.lctrue.regions.parquet,Q6NT16,Q95ST2
human_vs_fly.hp_lehninger_c_nonpolar2.k18.lctrue.regions.parquet,Q6NT16,Q9V4N3
human_vs_fly.hp_lehninger_c_nonpolar2.k18.lctrue.regions.parquet,Q6NT16,Q9VTN0
human_vs_fly.hp_lehninger_c_nonpolar2.k18.lctrue.regions.parquet,Q6PI73,Q24188
human_vs_fly.hp_lehninger_c_nonpolar2.k18.lctrue.regions.parquet,Q6UWU4,P00399
human_vs_fly.hp_lehninger_c_nonpolar2.k18.lctrue.regions.parquet,Q6UY11,Q8IS44
human_vs_fly.hp_lehninger_c_nonpolar2.k18.lctrue.regions.parquet,Q6ZNC8,Q86B91
human_vs_fly.hp_lehninger_c_nonpolar2.k18.lctrue.regions.parquet,Q6ZNC8,Q8IN58
human_vs_fly.hp_lehninger_c_nonpolar2.k18.lctrue.regions.parquet,Q6ZNC8,Q9U6A0
human_vs_fly.hp_lehninger_c_nonpolar2.k18.lctrue.regions.parquet,Q6ZNC8,Q9VNB3
human_vs_fly.hp_lehninger_c_nonpolar2.k18.lctrue.regions.parquet,Q6ZNC8,Q9VVX3
human_vs_fly.hp_lehninger_c_nonpolar2.k18.lctrue.regions.parquet,Q7Z419,Q9U4F3
human_vs_fly.hp_lehninger_c_nonpolar2.k18.lctrue.regions.parquet,Q86SQ4,B7Z0W9
human_vs_fly.hp_lehninger_c_nonpolar2.k18.lctrue.regions.parquet,Q86SQ4,P29993
human_vs_fly.hp_lehninger_c_nonpolar2.k18.lctrue.regions.parquet,Q86SQ4,P58953
human_vs_fly.hp_lehninger_c_nonpolar2.k18.lctrue.regions.parquet,Q86SQ4,Q00449
human_vs_fly.hp_lehninger_c_nonpolar2.k18.lctrue.regions.parquet,Q86SQ4,Q8IN35
human_vs_fly.hp_lehninger_c_nonpolar2.k18.lctrue.regions.parquet,Q86SQ4,Q9VAW0
human_vs_fly.hp_lehninger_c_nonpolar2.k18.lctrue.regions.parquet,Q86SQ4,Q9Y115
human_vs_fly.hp_lehninger_c_nonpolar2.k18.lctrue.regions.parquet,Q86VW1,O01668
human_vs_fly.hp_lehninger_c_nonpolar2.k18.lctrue.regions.parquet,Q86VW1,P35500
human_vs_fly.hp_lehninger_c_nonpolar2.k18.lctrue.regions.parquet,Q86VW1,P58953
human_vs_fly.hp_lehninger_c_nonpolar2.k18.lctrue.regions.parquet,Q86VW1,P58960
human_vs_fly.hp_lehninger_c_nonpolar2.k18.lctrue.regions.parquet,Q86VW1,P81915
human_vs_fly.hp_lehninger_c_nonpolar2.k18.lctrue.regions.parquet,Q86VW1,Q76NQ1
human_vs_fly.hp_lehninger_c_nonpolar2.k18.lctrue.regions.parquet,Q86VW1,Q7KRW1
human_vs_fly.hp_lehninger_c_nonpolar2.k18.lctrue.regions.parquet,Q86VW1,Q9VK50
human_vs_fly.hp_lehninger_c_nonpolar2.k18.lctrue.regions.parquet,Q86VW1,Q9VKX7
human_vs_fly.hp_lehninger_c_nonpolar2.k18.lctrue.regions.parquet,Q86VW1,Q9VL32
human_vs_fly.hp_lehninger_c_nonpolar2.k18.lctrue.regions.parquet,Q86VW1,Q9VPF8
human_vs_fly.hp_lehninger_c_nonpolar2.k18.lctrue.regions.parquet,Q86WC4,P00408
human_vs_fly.hp_lehninger_c_nonpolar2.k18.lctrue.regions.parquet,Q8IV45,P00399
human_vs_fly.hp_lehninger_c_nonpolar2.k18.lctrue.regions.parquet,Q8IZ57,Q7JVE7
human_vs_fly.hp_lehninger_c_nonpolar2.k18.lctrue.regions.parquet,Q8IZ57,Q9VZU2
human_vs_fly.hp_lehninger_c_nonpolar2.k18.lctrue.regions.parquet,Q8IZF2,P15278
human_vs_fly.hp_lehninger_c_nonpolar2.k18.lctrue.regions.parquet,Q8IZF2,P16395
human_vs_fly.hp_lehninger_c_nonpolar2.k18.lctrue.regions.parquet,Q8IZF2,P41596
human_vs_fly.hp_lehninger_c_nonpolar2.k18.lctrue.regions.parquet,Q8IZF2,Q9VD76
human_vs_fly.hp_lehninger_c_nonpolar2.k18.lctrue.regions.parquet,Q8IZF2,Q9VPT7
human_vs_fly.hp_lehninger_c_nonpolar2.k18.lctrue.regions.parquet,Q8IZF2,Q9VWE9
human_vs_fly.hp_lehninger_c_nonpolar2.k18.lctrue.regions.parquet,Q8IZT8,P25123
human_vs_fly.hp_lehninger_c_nonpolar2.k18.lctrue.regions.parquet,Q8N109,A1Z7U3
human_vs_fly.hp_lehninger_c_nonpolar2.k18.lctrue.regions.parquet,Q8N149,Q24188
human_vs_fly.hp_lehninger_c_nonpolar2.k18.lctrue.regions.parquet,Q8N743,P84181
human_vs_fly.hp_lehninger_c_nonpolar2.k18.lctrue.regions.parquet,Q8N7C4,Q9V3X5
human_vs_fly.hp_lehninger_c_nonpolar2.k18.lctrue.regions.parquet,Q8N7C4,Q9VPF8
human_vs_fly.hp_lehninger_c_nonpolar2.k18.lctrue.regions.parquet,Q8N7C4,Q9W056
human_vs_fly.hp_lehninger_c_nonpolar2.k18.lctrue.regions.parquet,Q8N7C4,Q9Y115
human_vs_fly.hp_lehninger_c_nonpolar2.k18.lctrue.regions.parquet,Q8NA58,Q9VL32
human_vs_fly.hp_lehninger_c_nonpolar2.k18.lctrue.regions.parquet,Q8NC56,P06002
human_vs_fly.hp_lehninger_c_nonpolar2.k18.lctrue.regions.parquet,Q8NE79,Q02280
human_vs_fly.hp_lehninger_c_nonpolar2.k18.lctrue.regions.parquet,Q8NE79,Q9VS77
human_vs_fly.hp_lehninger_c_nonpolar2.k18.lctrue.regions.parquet,Q8NHJ6,Q8ITC7
human_vs_fly.hp_lehninger_c_nonpolar2.k18.lctrue.regions.parquet,Q8TB61,P17972
human_vs_fly.hp_lehninger_c_nonpolar2.k18.lctrue.regions.parquet,Q8TB61,P58954
human_vs_fly.hp_lehninger_c_nonpolar2.k18.lctrue.regions.parquet,Q8TB61,P91928
human_vs_fly.hp_lehninger_c_nonpolar2.k18.lctrue.regions.parquet,Q8TB61,Q9V8Y7
human_vs_fly.hp_lehninger_c_nonpolar2.k18.lctrue.regions.parquet,Q8TB61,Q9VVA8
human_vs_fly.hp_lehninger_c_nonpolar2.k18.lctrue.regions.parquet,Q8TEZ7,P32870
human_vs_fly.hp_lehninger_c_nonpolar2.k18.lctrue.regions.parquet,Q8TEZ7,Q86BE9
human_vs_fly.hp_lehninger_c_nonpolar2.k18.lctrue.regions.parquet,Q8TEZ7,Q9VL32
human_vs_fly.hp_lehninger_c_nonpolar2.k18.lctrue.regions.parquet,Q8TEZ7,Q9VNK9
human_vs_fly.hp_lehninger_c_nonpolar2.k18.lctrue.regions.parquet,Q8TEZ7,Q9VQH2
human_vs_fly.hp_lehninger_c_nonpolar2.k18.lctrue.regions.parquet,Q8WV19,O02194
human_vs_fly.hp_lehninger_c_nonpolar2.k18.lctrue.regions.parquet,Q8WV19,P51905
human_vs_fly.hp_lehninger_c_nonpolar2.k18.lctrue.regions.parquet,Q8WV19,Q9VZE7
human_vs_fly.hp_lehninger_c_nonpolar2.k18.lctrue.regions.parquet,Q8WVV5,P18931
human_vs_fly.hp_lehninger_c_nonpolar2.k18.lctrue.regions.parquet,Q92504,P58950
human_vs_fly.hp_lehninger_c_nonpolar2.k18.lctrue.regions.parquet,Q92504,Q27324
human_vs_fly.hp_lehninger_c_nonpolar2.k18.lctrue.regions.parquet,Q92504,Q8IRL8
human_vs_fly.hp_lehninger_c_nonpolar2.k18.lctrue.regions.parquet,Q92504,Q9VA73
human_vs_fly.hp_lehninger_c_nonpolar2.k18.lctrue.regions.parquet,Q92504,Q9VF81
human_vs_fly.hp_lehninger_c_nonpolar2.k18.lctrue.regions.parquet,Q96E22,P08510
human_vs_fly.hp_lehninger_c_nonpolar2.k18.lctrue.regions.parquet,Q96E22,P55162
human_vs_fly.hp_lehninger_c_nonpolar2.k18.lctrue.regions.parquet,Q96E22,Q8T8L8
human_vs_fly.hp_lehninger_c_nonpolar2.k18.lctrue.regions.parquet,Q96FX8,P28285
human_vs_fly.hp_lehninger_c_nonpolar2.k18.lctrue.regions.parquet,Q96FX8,P91645
human_vs_fly.hp_lehninger_c_nonpolar2.k18.lctrue.regions.parquet,Q96FX8,Q9VK50
human_vs_fly.hp_lehninger_c_nonpolar2.k18.lctrue.regions.parquet,Q96JX3,A1Z7G7
human_vs_fly.hp_lehninger_c_nonpolar2.k18.lctrue.regions.parquet,Q96KF7,P83297
human_vs_fly.hp_lehninger_c_nonpolar2.k18.lctrue.regions.parquet,Q96RN1,P06002
human_vs_fly.hp_lehninger_c_nonpolar2.k18.lctrue.regions.parquet,Q96RN1,Q24270
human_vs_fly.hp_lehninger_c_nonpolar2.k18.lctrue.regions.parquet,Q96RN1,Q8IN35
human_vs_fly.hp_lehninger_c_nonpolar2.k18.lctrue.regions.parquet,Q96RN1,Q961J5
human_vs_fly.hp_lehninger_c_nonpolar2.k18.lctrue.regions.parquet,Q96RN1,Q9V3W6
human_vs_fly.hp_lehninger_c_nonpolar2.k18.lctrue.regions.parquet,Q96RN1,Q9V9Y4
human_vs_fly.hp_lehninger_c_nonpolar2.k18.lctrue.regions.parquet,Q96RN1,Q9VHE6
human_vs_fly.hp_lehninger_c_nonpolar2.k18.lctrue.regions.parquet,Q96T54,P29993
human_vs_fly.hp_lehninger_c_nonpolar2.k18.lctrue.regions.parquet,Q96T54,Q8IS44
human_vs_fly.hp_lehninger_c_nonpolar2.k18.lctrue.regions.parquet,Q96T54,Q9VT20
human_vs_fly.hp_lehninger_c_nonpolar2.k18.lctrue.regions.parquet,Q96T54,Q9W495
human_vs_fly.hp_lehninger_c_nonpolar2.k18.lctrue.regions.parquet,Q96T55,Q4V622
human_vs_fly.hp_lehninger_c_nonpolar2.k18.lctrue.regions.parquet,Q96T55,Q86LG1
human_vs_fly.hp_lehninger_c_nonpolar2.k18.lctrue.regions.parquet,Q96T55,Q9VS77
human_vs_fly.hp_lehninger_c_nonpolar2.k18.lctrue.regions.parquet,Q99706,Q9VS77
human_vs_fly.hp_lehninger_c_nonpolar2.k18.lctrue.regions.parquet,Q99808,A1Z8N1
human_vs_fly.hp_lehninger_c_nonpolar2.k18.lctrue.regions.parquet,Q99808,E9NA96
human_vs_fly.hp_lehninger_c_nonpolar2.k18.lctrue.regions.parquet,Q99808,P13709
human_vs_fly.hp_lehninger_c_nonpolar2.k18.lctrue.regions.parquet,Q99808,P18502
human_vs_fly.hp_lehninger_c_nonpolar2.k18.lctrue.regions.parquet,Q99808,P20350
human_vs_fly.hp_lehninger_c_nonpolar2.k18.lctrue.regions.parquet,Q99808,Q9GQQ0
human_vs_fly.hp_lehninger_c_nonpolar2.k18.lctrue.regions.parquet,Q99808,Q9VR07
human_vs_fly.hp_lehninger_c_nonpolar2.k18.lctrue.regions.parquet,Q99808,Q9W367
human_vs_fly.hp_lehninger_c_nonpolar2.k18.lctrue.regions.parquet,Q99941,P51905
human_vs_fly.hp_lehninger_c_nonpolar2.k18.lctrue.regions.parquet,Q99942,P22815
human_vs_fly.hp_lehninger_c_nonpolar2.k18.lctrue.regions.parquet,Q99942,Q9VPI2
human_vs_fly.hp_lehninger_c_nonpolar2.k18.lctrue.regions.parquet,Q99943,Q9VDD3
human_vs_fly.hp_lehninger_c_nonpolar2.k18.lctrue.regions.parquet,Q99943,Q9VEU1
human_vs_fly.hp_lehninger_c_nonpolar2.k18.lctrue.regions.parquet,Q99946,P18502
human_vs_fly.hp_lehninger_c_nonpolar2.k18.lctrue.regions.parquet,Q9BZJ6,A0A0B4K753
human_vs_fly.hp_lehninger_c_nonpolar2.k18.lctrue.regions.parquet,Q9BZJ6,Q4V5R4
human_vs_fly.hp_lehninger_c_nonpolar2.k18.lctrue.regions.parquet,Q9BZJ6,Q86B91
human_vs_fly.hp_lehninger_c_nonpolar2.k18.lctrue.regions.parquet,Q9BZJ6,Q8MKK4
human_vs_fly.hp_lehninger_c_nonpolar2.k18.lctrue.regions.parquet,Q9BZJ6,Q9V3N2
human_vs_fly.hp_lehninger_c_nonpolar2.k18.lctrue.regions.parquet,Q9BZJ6,Q9W1C5
human_vs_fly.hp_lehninger_c_nonpolar2.k18.lctrue.regions.parquet,Q9BZJ6,Q9W5D4
human_vs_fly.hp_lehninger_c_nonpolar2.k18.lctrue.regions.parquet,Q9GZM5,Q00748
human_vs_fly.hp_lehninger_c_nonpolar2.k18.lctrue.regions.parquet,Q9GZM5,Q7K4Y6
human_vs_fly.hp_lehninger_c_nonpolar2.k18.lctrue.regions.parquet,Q9GZM5,Q9W145
human_vs_fly.hp_lehninger_c_nonpolar2.k18.lctrue.regions.parquet,Q9GZM5,Q9W3V8
human_vs_fly.hp_lehninger_c_nonpolar2.k18.lctrue.regions.parquet,Q9GZR5,P06002
human_vs_fly.hp_lehninger_c_nonpolar2.k18.lctrue.regions.parquet,Q9GZR5,P13607
human_vs_fly.hp_lehninger_c_nonpolar2.k18.lctrue.regions.parquet,Q9GZR5,Q94515
human_vs_fly.hp_lehninger_c_nonpolar2.k18.lctrue.regions.parquet,Q9GZR5,Q9VN12
human_vs_fly.hp_lehninger_c_nonpolar2.k18.lctrue.regions.parquet,Q9H1N7,A1Z8R8
human_vs_fly.hp_lehninger_c_nonpolar2.k18.lctrue.regions.parquet,Q9H1N7,P58953
human_vs_fly.hp_lehninger_c_nonpolar2.k18.lctrue.regions.parquet,Q9H1N7,P91645
human_vs_fly.hp_lehninger_c_nonpolar2.k18.lctrue.regions.parquet,Q9H1N7,Q7K4Y6
human_vs_fly.hp_lehninger_c_nonpolar2.k18.lctrue.regions.parquet,Q9H1N7,Q7K566
human_vs_fly.hp_lehninger_c_nonpolar2.k18.lctrue.regions.parquet,Q9H1N7,Q9V9I2
human_vs_fly.hp_lehninger_c_nonpolar2.k18.lctrue.regions.parquet,Q9H1N7,Q9VVD9
human_vs_fly.hp_lehninger_c_nonpolar2.k18.lctrue.regions.parquet,Q9HBV1,Q9VAM6
human_vs_fly.hp_lehninger_c_nonpolar2.k18.lctrue.regions.parquet,Q9HBV1,Q9VM08
human_vs_fly.hp_lehninger_c_nonpolar2.k18.lctrue.regions.parquet,Q9HD23,Q8IMZ5
human_vs_fly.hp_lehninger_c_nonpolar2.k18.lctrue.regions.parquet,Q9NP99,Q9V3R8
human_vs_fly.hp_lehninger_c_nonpolar2.k18.lctrue.regions.parquet,Q9NRA2,A1Z8R8
human_vs_fly.hp_lehninger_c_nonpolar2.k18.lctrue.regions.parquet,Q9NRA2,P06002
human_vs_fly.hp_lehninger_c_nonpolar2.k18.lctrue.regions.parquet,Q9NRA2,P18931
human_vs_fly.hp_lehninger_c_nonpolar2.k18.lctrue.regions.parquet,Q9NRA2,P91660
human_vs_fly.hp_lehninger_c_nonpolar2.k18.lctrue.regions.parquet,Q9NRA2,Q95ST2
human_vs_fly.hp_lehninger_c_nonpolar2.k18.lctrue.regions.parquet,Q9NRA2,Q9V3X5
human_vs_fly.hp_lehninger_c_nonpolar2.k18.lctrue.regions.parquet,Q9NRA2,Q9V6A9
human_vs_fly.hp_lehninger_c_nonpolar2.k18.lctrue.regions.parquet,Q9NRA2,Q9V8Y7
human_vs_fly.hp_lehninger_c_nonpolar2.k18.lctrue.regions.parquet,Q9NRA2,Q9VNA0
human_vs_fly.hp_lehninger_c_nonpolar2.k18.lctrue.regions.parquet,Q9NRA2,Q9W145
human_vs_fly.hp_lehninger_c_nonpolar2.k18.lctrue.regions.parquet,Q9NUN5,O46101
human_vs_fly.hp_lehninger_c_nonpolar2.k18.lctrue.regions.parquet,Q9NUN5,Q24188
human_vs_fly.hp_lehninger_c_nonpolar2.k18.lctrue.regions.parquet,Q9NUN5,Q27591
human_vs_fly.hp_lehninger_c_nonpolar2.k18.lctrue.regions.parquet,Q9NUN5,Q9VBW3
human_vs_fly.hp_lehninger_c_nonpolar2.k18.lctrue.regions.parquet,Q9NUN5,Q9VHB6
human_vs_fly.hp_lehninger_c_nonpolar2.k18.lctrue.regions.parquet,Q9NUN5,Q9VKA4
human_vs_fly.hp_lehninger_c_nonpolar2.k18.lctrue.regions.parquet,Q9NVV5,P00399
human_vs_fly.hp_lehninger_c_nonpolar2.k18.lctrue.regions.parquet,Q9NVV5,Q9VVX5
human_vs_fly.hp_lehninger_c_nonpolar2.k18.lctrue.regions.parquet,Q9NWH2,Q9VRR2
human_vs_fly.hp_lehninger_c_nonpolar2.k18.lctrue.regions.parquet,Q9NWH2,Q9VVH9
human_vs_fly.hp_lehninger_c_nonpolar2.k18.lctrue.regions.parquet,Q9NXB9,P18931
human_vs_fly.hp_lehninger_c_nonpolar2.k18.lctrue.regions.parquet,Q9NXB9,P19334
human_vs_fly.hp_lehninger_c_nonpolar2.k18.lctrue.regions.parquet,Q9NXB9,Q4V5R4
human_vs_fly.hp_lehninger_c_nonpolar2.k18.lctrue.regions.parquet,Q9NXB9,Q9VQ57
human_vs_fly.hp_lehninger_c_nonpolar2.k18.lctrue.regions.parquet,Q9NXB9,Q9VR82
human_vs_fly.hp_lehninger_c_nonpolar2.k18.lctrue.regions.parquet,Q9NYP7,P23645
human_vs_fly.hp_lehninger_c_nonpolar2.k18.lctrue.regions.parquet,Q9NYP7,P51905
human_vs_fly.hp_lehninger_c_nonpolar2.k18.lctrue.regions.parquet,Q9NYP7,P53403
human_vs_fly.hp_lehninger_c_nonpolar2.k18.lctrue.regions.parquet,Q9NYP7,Q9VN12
human_vs_fly.hp_lehninger_c_nonpolar2.k18.lctrue.regions.parquet,Q9P1P4,Q9VKJ7
human_vs_fly.hp_lehninger_c_nonpolar2.k18.lctrue.regions.parquet,Q9P1P4,Q9VVD9
human_vs_fly.hp_lehninger_c_nonpolar2.k18.lctrue.regions.parquet,Q9P2C4,Q95R48
human_vs_fly.hp_lehninger_c_nonpolar2.k18.lctrue.regions.parquet,Q9UBU6,O44252
human_vs_fly.hp_lehninger_c_nonpolar2.k18.lctrue.regions.parquet,Q9UBU6,Q9W056
human_vs_fly.hp_lehninger_c_nonpolar2.k18.lctrue.regions.parquet,Q9UBU6,Q9W3V8
human_vs_fly.hp_lehninger_c_nonpolar2.k18.lctrue.regions.parquet,Q9UGF6,P18502
human_vs_fly.hp_lehninger_c_nonpolar2.k18.lctrue.regions.parquet,Q9UGF6,Q9V3X5
human_vs_fly.hp_lehninger_c_nonpolar2.k18.lctrue.regions.parquet,Q9UGF6,Q9VB30
human_vs_fly.hp_lehninger_c_nonpolar2.k18.lctrue.regions.parquet,Q9UGF6,Q9VLM7
human_vs_fly.hp_lehninger_c_nonpolar2.k18.lctrue.regions.parquet,Q9UGF6,Q9VVX3
human_vs_fly.hp_lehninger_c_nonpolar2.k18.lctrue.regions.parquet,Q9UGP8,Q8IMZ9
human_vs_fly.hp_lehninger_c_nonpolar2.k18.lctrue.regions.parquet,Q9ULH4,P84181
human_vs_fly.hp_lehninger_c_nonpolar2.k18.lctrue.regions.parquet,Q9Y2C2,Q8INZ2
human_vs_fly.hp_lehninger_c_nonpolar2.k18.lctrue.regions.parquet,Q9Y2C5,P07207
human_vs_fly.hp_lehninger_c_nonpolar2.k18.lctrue.regions.parquet,Q9Y2C5,P58960
human_vs_fly.hp_lehninger_c_nonpolar2.k18.lctrue.regions.parquet,Q9Y2C5,P81917
human_vs_fly.hp_lehninger_c_nonpolar2.k18.lctrue.regions.parquet,Q9Y2C5,Q9VCA2
human_vs_fly.hp_lehninger_c_nonpolar2.k18.lctrue.regions.parquet,Q9Y2C5,Q9VQ57
human_vs_fly.hp_lehninger_c_nonpolar2.k18.lctrue.regions.parquet,Q9Y5U8,P45843
human_vs_fly.hp_lehninger_c_nonpolar2.k18.lctrue.regions.parquet,Q9Y5W7,Q9VYZ1
human_vs_fly.hp_lehninger_c_nonpolar2.k18.lctrue.regions.parquet,Q9Y5W7,Q9VZL7
human_vs_fly.hp_lehninger_c_nonpolar2.k18.lctrue.regions.parquet,Q9Y694,P83740
human_vs_fly.hp_lehninger_c_nonpolar2.k18.lctrue.regions.parquet,Q9Y694,Q24270
human_vs_fly.hp_lehninger_c_nonpolar2.k18.lctrue.regions.parquet,Q9Y694,Q9VFN2
human_vs_fly.hp_lehninger_c_nonpolar2.k18.lctrue.regions.parquet,Q9Y694,Q9VHQ2
human_vs_fly.hp_lehninger_c_nonpolar2.k18.lctrue.regions.parquet,Q9Y694,Q9VK50
human_vs_fly.hp_lehninger_c_nonpolar2.k18.lctrue.regions.parquet,Q9Y694,Q9VNA0
human_vs_fly.hp_lehninger_c_nonpolar2.k18.lctrue.regions.parquet,Q9Y694,Q9VPF8
human_vs_fly.hp_thomas_dill2.k19.lctrue.regions.parquet,A0A3B3IU46,P54269
human_vs_fly.hp_thomas_dill2.k19.lctrue.regions.parquet,A0A3B3IU46,Q9W4Y2
human_vs_fly.hp_thomas_dill2.k19.lctrue.regions.parquet,A1A5C7,Q9VCE9
human_vs_fly.hp_thomas_dill2.k19.lctrue.regions.parquet,A1A5C7,Q9W349
human_vs_fly.hp_thomas_dill2.k19.lctrue.regions.parquet,A7XYQ1,P04052
human_vs_fly.hp_thomas_dill2.k19.lctrue.regions.parquet,A7XYQ1,P22469
human_vs_fly.hp_thomas_dill2.k19.lctrue.regions.parquet,A7XYQ1,Q9V3P6
human_vs_fly.hp_thomas_dill2.k19.lctrue.regions.parquet,A7XYQ1,Q9VCF0
human_vs_fly.hp_thomas_dill2.k19.lctrue.regions.parquet,A7XYQ1,Q9VNG1
human_vs_fly.hp_thomas_dill2.k19.lctrue.regions.parquet,H3BQB6,Q9NK54
human_vs_fly.hp_thomas_dill2.k19.lctrue.regions.parquet,H3BQB6,Q9V6K1
human_vs_fly.hp_thomas_dill2.k19.lctrue.regions.parquet,O00141,Q9VT28
human_vs_fly.hp_thomas_dill2.k19.lctrue.regions.parquet,O00453,P10035
human_vs_fly.hp_thomas_dill2.k19.lctrue.regions.parquet,O00476,P31264
human_vs_fly.hp_thomas_dill2.k19.lctrue.regions.parquet,O00479,A8JUP7
human_vs_fly.hp_thomas_dill2.k19.lctrue.regions.parquet,O00548,P22807
human_vs_fly.hp_thomas_dill2.k19.lctrue.regions.parquet,O00716,O77215
human_vs_fly.hp_thomas_dill2.k19.lctrue.regions.parquet,O00716,Q86BA1
human_vs_fly.hp_thomas_dill2.k19.lctrue.regions.parquet,O00716,Q8MLV1
human_vs_fly.hp_thomas_dill2.k19.lctrue.regions.parquet,O15056,M9MSG8
human_vs_fly.hp_thomas_dill2.k19.lctrue.regions.parquet,O15056,P56672
human_vs_fly.hp_thomas_dill2.k19.lctrue.regions.parquet,O15056,Q9NDJ2
human_vs_fly.hp_thomas_dill2.k19.lctrue.regions.parquet,O15209,P17970
human_vs_fly.hp_thomas_dill2.k19.lctrue.regions.parquet,O15209,Q9VL59
human_vs_fly.hp_thomas_dill2.k19.lctrue.regions.parquet,O43167,O46072
human_vs_fly.hp_thomas_dill2.k19.lctrue.regions.parquet,O43167,O46339
human_vs_fly.hp_thomas_dill2.k19.lctrue.regions.parquet,O43167,Q961D9
human_vs_fly.hp_thomas_dill2.k19.lctrue.regions.parquet,O43196,Q4V5A3
human_vs_fly.hp_thomas_dill2.k19.lctrue.regions.parquet,O43309,Q9V9S7
human_vs_fly.hp_thomas_dill2.k19.lctrue.regions.parquet,O43318,Q9VKB4
human_vs_fly.hp_thomas_dill2.k19.lctrue.regions.parquet,O43318,Q9VLT8
human_vs_fly.hp_thomas_dill2.k19.lctrue.regions.parquet,O43318,Q9W3F7
human_vs_fly.hp_thomas_dill2.k19.lctrue.regions.parquet,O43324,Q95RX5
human_vs_fly.hp_thomas_dill2.k19.lctrue.regions.parquet,O43524,A8DYE2
human_vs_fly.hp_thomas_dill2.k19.lctrue.regions.parquet,O43524,Q03751
human_vs_fly.hp_thomas_dill2.k19.lctrue.regions.parquet,O43680,P11346
human_vs_fly.hp_thomas_dill2.k19.lctrue.regions.parquet,O60231,Q9VVI2
human_vs_fly.hp_thomas_dill2.k19.lctrue.regions.parquet,O60260,P20659
human_vs_fly.hp_thomas_dill2.k19.lctrue.regions.parquet,O60281,P10180
human_vs_fly.hp_thomas_dill2.k19.lctrue.regions.parquet,O60281,P25123
human_vs_fly.hp_thomas_dill2.k19.lctrue.regions.parquet,O60281,P54360
human_vs_fly.hp_thomas_dill2.k19.lctrue.regions.parquet,O60281,Q8INR6
human_vs_fly.hp_thomas_dill2.k19.lctrue.regions.parquet,O60281,Q8SY41
human_vs_fly.hp_thomas_dill2.k19.lctrue.regions.parquet,O60281,Q9GPJ1
human_vs_fly.hp_thomas_dill2.k19.lctrue.regions.parquet,O60281,Q9VHJ6
human_vs_fly.hp_thomas_dill2.k19.lctrue.regions.parquet,O60281,Q9VL18
human_vs_fly.hp_thomas_dill2.k19.lctrue.regions.parquet,O60508,P16395
human_vs_fly.hp_thomas_dill2.k19.lctrue.regions.parquet,O60508,P49869
human_vs_fly.hp_thomas_dill2.k19.lctrue.regions.parquet,O60641,P05031
human_vs_fly.hp_thomas_dill2.k19.lctrue.regions.parquet,O60641,P22810
human_vs_fly.hp_thomas_dill2.k19.lctrue.regions.parquet,O60641,Q02361
human_vs_fly.hp_thomas_dill2.k19.lctrue.regions.parquet,O60641,Q03751
human_vs_fly.hp_thomas_dill2.k19.lctrue.regions.parquet,O60906,Q9VXG1
human_vs_fly.hp_thomas_dill2.k19.lctrue.regions.parquet,O75019,Q9V877
human_vs_fly.hp_thomas_dill2.k19.lctrue.regions.parquet,O75023,Q9V3J4
human_vs_fly.hp_thomas_dill2.k19.lctrue.regions.parquet,O75023,Q9VJ62
human_vs_fly.hp_thomas_dill2.k19.lctrue.regions.parquet,O75167,O77215
human_vs_fly.hp_thomas_dill2.k19.lctrue.regions.parquet,O75167,Q6NN85
human_vs_fly.hp_thomas_dill2.k19.lctrue.regions.parquet,O75167,Q9VP76
human_vs_fly.hp_thomas_dill2.k19.lctrue.regions.parquet,O75496,E1JH25
human_vs_fly.hp_thomas_dill2.k19.lctrue.regions.parquet,O75496,P07548
human_vs_fly.hp_thomas_dill2.k19.lctrue.regions.parquet,O75603,Q9W4T4
human_vs_fly.hp_thomas_dill2.k19.lctrue.regions.parquet,O75626,Q9VWF2
human_vs_fly.hp_thomas_dill2.k19.lctrue.regions.parquet,O76064,Q24451
human_vs_fly.hp_thomas_dill2.k19.lctrue.regions.parquet,O77932,Q9VCF0
human_vs_fly.hp_thomas_dill2.k19.lctrue.regions.parquet,O94874,P16241
human_vs_fly.hp_thomas_dill2.k19.lctrue.regions.parquet,O94874,P20193
human_vs_fly.hp_thomas_dill2.k19.lctrue.regions.parquet,O95238,Q05733
human_vs_fly.hp_thomas_dill2.k19.lctrue.regions.parquet,O95279,Q8IN35
human_vs_fly.hp_thomas_dill2.k19.lctrue.regions.parquet,O95279,Q9W4C3
human_vs_fly.hp_thomas_dill2.k19.lctrue.regions.parquet,O95677,P54733
human_vs_fly.hp_thomas_dill2.k19.lctrue.regions.parquet,O95677,Q7KN79
human_vs_fly.hp_thomas_dill2.k19.lctrue.regions.parquet,O95835,P11420
human_vs_fly.hp_thomas_dill2.k19.lctrue.regions.parquet,O95835,P15619
human_vs_fly.hp_thomas_dill2.k19.lctrue.regions.parquet,O95835,Q8INR6
human_vs_fly.hp_thomas_dill2.k19.lctrue.regions.parquet,O95835,Q9VBW3
human_vs_fly.hp_thomas_dill2.k19.lctrue.regions.parquet,O95944,Q09101
human_vs_fly.hp_thomas_dill2.k19.lctrue.regions.parquet,P00488,Q9W3Y5
human_vs_fly.hp_thomas_dill2.k19.lctrue.regions.parquet,P04908,Q9VEZ3
human_vs_fly.hp_thomas_dill2.k19.lctrue.regions.parquet,P08238,P34739
human_vs_fly.hp_thomas_dill2.k19.lctrue.regions.parquet,P08519,P18168
human_vs_fly.hp_thomas_dill2.k19.lctrue.regions.parquet,P08922,Q9VRP9
human_vs_fly.hp_thomas_dill2.k19.lctrue.regions.parquet,P08F94,A1Z7A6
human_vs_fly.hp_thomas_dill2.k19.lctrue.regions.parquet,P09210,P84040
human_vs_fly.hp_thomas_dill2.k19.lctrue.regions.parquet,P0C0S8,Q9VEZ3
human_vs_fly.hp_thomas_dill2.k19.lctrue.regions.parquet,P0DMV8,Q94518
human_vs_fly.hp_thomas_dill2.k19.lctrue.regions.parquet,P0DMV9,Q94518
human_vs_fly.hp_thomas_dill2.k19.lctrue.regions.parquet,P10242,O61366
human_vs_fly.hp_thomas_dill2.k19.lctrue.regions.parquet,P10242,Q9VI10
human_vs_fly.hp_thomas_dill2.k19.lctrue.regions.parquet,P11717,Q9VCU9
human_vs_fly.hp_thomas_dill2.k19.lctrue.regions.parquet,P11831,Q24325
human_vs_fly.hp_thomas_dill2.k19.lctrue.regions.parquet,P11831,Q9VMA3
human_vs_fly.hp_thomas_dill2.k19.lctrue.regions.parquet,P12872,P49657
human_vs_fly.hp_thomas_dill2.k19.lctrue.regions.parquet,P13942,P22814
human_vs_fly.hp_thomas_dill2.k19.lctrue.regions.parquet,P15311,Q9VP05
human_vs_fly.hp_thomas_dill2.k19.lctrue.regions.parquet,P15311,Q9VRN5
human_vs_fly.hp_thomas_dill2.k19.lctrue.regions.parquet,P15692,Q9XYU1
human_vs_fly.hp_thomas_dill2.k19.lctrue.regions.parquet,P15822,P05661
human_vs_fly.hp_thomas_dill2.k19.lctrue.regions.parquet,P15822,P10180
human_vs_fly.hp_thomas_dill2.k19.lctrue.regions.parquet,P15822,P49762
human_vs_fly.hp_thomas_dill2.k19.lctrue.regions.parquet,P15822,Q8IH00
human_vs_fly.hp_thomas_dill2.k19.lctrue.regions.parquet,P15822,Q8IRI6
human_vs_fly.hp_thomas_dill2.k19.lctrue.regions.parquet,P15822,Q94518
human_vs_fly.hp_thomas_dill2.k19.lctrue.regions.parquet,P15822,Q9VBP3
human_vs_fly.hp_thomas_dill2.k19.lctrue.regions.parquet,P15822,Q9VBQ9
human_vs_fly.hp_thomas_dill2.k19.lctrue.regions.parquet,P15822,Q9VCZ3
human_vs_fly.hp_thomas_dill2.k19.lctrue.regions.parquet,P15822,Q9VWD4
human_vs_fly.hp_thomas_dill2.k19.lctrue.regions.parquet,P16401,Q9VA73
human_vs_fly.hp_thomas_dill2.k19.lctrue.regions.parquet,P19484,P09082
human_vs_fly.hp_thomas_dill2.k19.lctrue.regions.parquet,P19484,Q9N2M8
human_vs_fly.hp_thomas_dill2.k19.lctrue.regions.parquet,P19484,Q9VBC4
human_vs_fly.hp_thomas_dill2.k19.lctrue.regions.parquet,P19484,Q9W1I9
human_vs_fly.hp_thomas_dill2.k19.lctrue.regions.parquet,P20265,P21519
human_vs_fly.hp_thomas_dill2.k19.lctrue.regions.parquet,P20265,Q9VM35
human_vs_fly.hp_thomas_dill2.k19.lctrue.regions.parquet,P20671,Q9VEZ3
human_vs_fly.hp_thomas_dill2.k19.lctrue.regions.parquet,P21580,P17970
human_vs_fly.hp_thomas_dill2.k19.lctrue.regions.parquet,P21580,P22815
human_vs_fly.hp_thomas_dill2.k19.lctrue.regions.parquet,P21580,Q24206
human_vs_fly.hp_thomas_dill2.k19.lctrue.regions.parquet,P21580,Q86NP2
human_vs_fly.hp_thomas_dill2.k19.lctrue.regions.parquet,P21580,Q9VZZ9
human_vs_fly.hp_thomas_dill2.k19.lctrue.regions.parquet,P22492,P05303
human_vs_fly.hp_thomas_dill2.k19.lctrue.regions.parquet,P22492,Q961C9
human_vs_fly.hp_thomas_dill2.k19.lctrue.regions.parquet,P24046,P48601
human_vs_fly.hp_thomas_dill2.k19.lctrue.regions.parquet,P25063,Q9VZS7
human_vs_fly.hp_thomas_dill2.k19.lctrue.regions.parquet,P25205,Q9VUR7
human_vs_fly.hp_thomas_dill2.k19.lctrue.regions.parquet,P28062,Q9VVI3
human_vs_fly.hp_thomas_dill2.k19.lctrue.regions.parquet,P28222,O97125
human_vs_fly.hp_thomas_dill2.k19.lctrue.regions.parquet,P29966,Q8INF0
human_vs_fly.hp_thomas_dill2.k19.lctrue.regions.parquet,P31629,Q00168
human_vs_fly.hp_thomas_dill2.k19.lctrue.regions.parquet,P31629,Q08473
human_vs_fly.hp_thomas_dill2.k19.lctrue.regions.parquet,P31629,Q24509
human_vs_fly.hp_thomas_dill2.k19.lctrue.regions.parquet,P31629,Q59E55
human_vs_fly.hp_thomas_dill2.k19.lctrue.regions.parquet,P31629,Q9VTE2
human_vs_fly.hp_thomas_dill2.k19.lctrue.regions.parquet,P31629,Q9VUC6
human_vs_fly.hp_thomas_dill2.k19.lctrue.regions.parquet,P31629,Q9W5E4
human_vs_fly.hp_thomas_dill2.k19.lctrue.regions.parquet,P33981,P17970
human_vs_fly.hp_thomas_dill2.k19.lctrue.regions.parquet,P36508,Q5BI31
human_vs_fly.hp_thomas_dill2.k19.lctrue.regions.parquet,P36915,O76908
human_vs_fly.hp_thomas_dill2.k19.lctrue.regions.parquet,P36915,Q9N2M8
human_vs_fly.hp_thomas_dill2.k19.lctrue.regions.parquet,P38936,P20483
human_vs_fly.hp_thomas_dill2.k19.lctrue.regions.parquet,P40425,Q9GPJ1
human_vs_fly.hp_thomas_dill2.k19.lctrue.regions.parquet,P40425,Q9VLT8
human_vs_fly.hp_thomas_dill2.k19.lctrue.regions.parquet,P40425,Q9VRP9
human_vs_fly.hp_thomas_dill2.k19.lctrue.regions.parquet,P43307,M9PD06
human_vs_fly.hp_thomas_dill2.k19.lctrue.regions.parquet,P43307,Q9VY77
human_vs_fly.hp_thomas_dill2.k19.lctrue.regions.parquet,P43631,Q9U4G1
human_vs_fly.hp_thomas_dill2.k19.lctrue.regions.parquet,P43632,Q9U4G1
human_vs_fly.hp_thomas_dill2.k19.lctrue.regions.parquet,P48634,A1Z9P3
human_vs_fly.hp_thomas_dill2.k19.lctrue.regions.parquet,P48634,Q9VGZ5
human_vs_fly.hp_thomas_dill2.k19.lctrue.regions.parquet,P48634,Q9VLP4
human_vs_fly.hp_thomas_dill2.k19.lctrue.regions.parquet,P49643,Q02360
human_vs_fly.hp_thomas_dill2.k19.lctrue.regions.parquet,P49790,Q02361
human_vs_fly.hp_thomas_dill2.k19.lctrue.regions.parquet,P49790,Q05192
human_vs_fly.hp_thomas_dill2.k19.lctrue.regions.parquet,P49790,Q9VEX0
human_vs_fly.hp_thomas_dill2.k19.lctrue.regions.parquet,P49790,Q9VNP5
human_vs_fly.hp_thomas_dill2.k19.lctrue.regions.parquet,P49790,Q9VU65
human_vs_fly.hp_thomas_dill2.k19.lctrue.regions.parquet,P54253,P29327
human_vs_fly.hp_thomas_dill2.k19.lctrue.regions.parquet,P54253,Q4LBB6
human_vs_fly.hp_thomas_dill2.k19.lctrue.regions.parquet,P54253,Q9V3D5
human_vs_fly.hp_thomas_dill2.k19.lctrue.regions.parquet,P54253,Q9V5N8
human_vs_fly.hp_thomas_dill2.k19.lctrue.regions.parquet,P55196,P32870
human_vs_fly.hp_thomas_dill2.k19.lctrue.regions.parquet,P55196,Q00168
human_vs_fly.hp_thomas_dill2.k19.lctrue.regions.parquet,P55196,Q9VL06
human_vs_fly.hp_thomas_dill2.k19.lctrue.regions.parquet,P55196,Q9VNX1
human_vs_fly.hp_thomas_dill2.k19.lctrue.regions.parquet,P63128,Q23977
human_vs_fly.hp_thomas_dill2.k19.lctrue.regions.parquet,P63172,Q7KRW1
human_vs_fly.hp_thomas_dill2.k19.lctrue.regions.parquet,P68431,C0HL67
human_vs_fly.hp_thomas_dill2.k19.lctrue.regions.parquet,P84103,Q86BF9
human_vs_fly.hp_thomas_dill2.k19.lctrue.regions.parquet,P84103,Q9VVI2
human_vs_fly.hp_thomas_dill2.k19.lctrue.regions.parquet,Q01151,P55935
human_vs_fly.hp_thomas_dill2.k19.lctrue.regions.parquet,Q01860,P02836
human_vs_fly.hp_thomas_dill2.k19.lctrue.regions.parquet,Q01860,Q9VWN5
human_vs_fly.hp_thomas_dill2.k19.lctrue.regions.parquet,Q02539,P30189
human_vs_fly.hp_thomas_dill2.k19.lctrue.regions.parquet,Q02952,A1Z9P3
human_vs_fly.hp_thomas_dill2.k19.lctrue.regions.parquet,Q02952,P91660
human_vs_fly.hp_thomas_dill2.k19.lctrue.regions.parquet,Q02952,Q9I7U4
human_vs_fly.hp_thomas_dill2.k19.lctrue.regions.parquet,Q03181,Q8IH18
human_vs_fly.hp_thomas_dill2.k19.lctrue.regions.parquet,Q04900,P26686
human_vs_fly.hp_thomas_dill2.k19.lctrue.regions.parquet,Q06587,P32870
human_vs_fly.hp_thomas_dill2.k19.lctrue.regions.parquet,Q12899,Q9VPW1
human_vs_fly.hp_thomas_dill2.k19.lctrue.regions.parquet,Q12947,Q24248
human_vs_fly.hp_thomas_dill2.k19.lctrue.regions.parquet,Q12947,Q9W062
human_vs_fly.hp_thomas_dill2.k19.lctrue.regions.parquet,Q12948,Q9VN25
human_vs_fly.hp_thomas_dill2.k19.lctrue.regions.parquet,Q12948,Q9VQ79
human_vs_fly.hp_thomas_dill2.k19.lctrue.regions.parquet,Q13451,P13055
human_vs_fly.hp_thomas_dill2.k19.lctrue.regions.parquet,Q13451,Q9V3J4
human_vs_fly.hp_thomas_dill2.k19.lctrue.regions.parquet,Q13546,Q24248
human_vs_fly.hp_thomas_dill2.k19.lctrue.regions.parquet,Q13950,Q24322
human_vs_fly.hp_thomas_dill2.k19.lctrue.regions.parquet,Q13950,Q9VVN4
human_vs_fly.hp_thomas_dill2.k19.lctrue.regions.parquet,Q14244,P22293
human_vs_fly.hp_thomas_dill2.k19.lctrue.regions.parquet,Q14244,Q9VBC4
human_vs_fly.hp_thomas_dill2.k19.lctrue.regions.parquet,Q14244,Q9VEB3
human_vs_fly.hp_thomas_dill2.k19.lctrue.regions.parquet,Q14511,P20659
human_vs_fly.hp_thomas_dill2.k19.lctrue.regions.parquet,Q14511,Q94545
human_vs_fly.hp_thomas_dill2.k19.lctrue.regions.parquet,Q14511,Q9VLT5
human_vs_fly.hp_thomas_dill2.k19.lctrue.regions.parquet,Q14676,P10105
human_vs_fly.hp_thomas_dill2.k19.lctrue.regions.parquet,Q14676,Q09101
human_vs_fly.hp_thomas_dill2.k19.lctrue.regions.parquet,Q14676,Q86B91
human_vs_fly.hp_thomas_dill2.k19.lctrue.regions.parquet,Q14676,Q8INR6
human_vs_fly.hp_thomas_dill2.k19.lctrue.regions.parquet,Q14676,Q9VFJ3
human_vs_fly.hp_thomas_dill2.k19.lctrue.regions.parquet,Q14676,Q9VZF4
human_vs_fly.hp_thomas_dill2.k19.lctrue.regions.parquet,Q14738,Q9VVI2
human_vs_fly.hp_thomas_dill2.k19.lctrue.regions.parquet,Q14953,Q9U4G1
human_vs_fly.hp_thomas_dill2.k19.lctrue.regions.parquet,Q14954,Q9U4G1
human_vs_fly.hp_thomas_dill2.k19.lctrue.regions.parquet,Q14993,Q9VQK0
human_vs_fly.hp_thomas_dill2.k19.lctrue.regions.parquet,Q14993,Q9VWD4
human_vs_fly.hp_thomas_dill2.k19.lctrue.regions.parquet,Q14993,Q9VWE6
human_vs_fly.hp_thomas_dill2.k19.lctrue.regions.parquet,Q14993,Q9VXE6
human_vs_fly.hp_thomas_dill2.k19.lctrue.regions.parquet,Q149N8,Q9VSY4
human_vs_fly.hp_thomas_dill2.k19.lctrue.regions.parquet,Q15109,Q05201
human_vs_fly.hp_thomas_dill2.k19.lctrue.regions.parquet,Q15544,Q8INF0
human_vs_fly.hp_thomas_dill2.k19.lctrue.regions.parquet,Q15651,Q9W148
human_vs_fly.hp_thomas_dill2.k19.lctrue.regions.parquet,Q15776,P40140
human_vs_fly.hp_thomas_dill2.k19.lctrue.regions.parquet,Q16626,Q9VCU9
human_vs_fly.hp_thomas_dill2.k19.lctrue.regions.parquet,Q16626,Q9VVE5
human_vs_fly.hp_thomas_dill2.k19.lctrue.regions.parquet,Q16670,A8JR14
human_vs_fly.hp_thomas_dill2.k19.lctrue.regions.parquet,Q16670,Q7K3L1
human_vs_fly.hp_thomas_dill2.k19.lctrue.regions.parquet,Q4VX76,P54623
human_vs_fly.hp_thomas_dill2.k19.lctrue.regions.parquet,Q4ZHG4,A1ZBE8
human_vs_fly.hp_thomas_dill2.k19.lctrue.regions.parquet,Q4ZHG4,O77475
human_vs_fly.hp_thomas_dill2.k19.lctrue.regions.parquet,Q4ZHG4,P13098
human_vs_fly.hp_thomas_dill2.k19.lctrue.regions.parquet,Q5JTD0,O61643
human_vs_fly.hp_thomas_dill2.k19.lctrue.regions.parquet,Q5JTD0,P10084
human_vs_fly.hp_thomas_dill2.k19.lctrue.regions.parquet,Q5JTD0,Q9V3G1
human_vs_fly.hp_thomas_dill2.k19.lctrue.regions.parquet,Q5JVL4,Q9W420
human_vs_fly.hp_thomas_dill2.k19.lctrue.regions.parquet,Q5JVL4,Q9W596
human_vs_fly.hp_thomas_dill2.k19.lctrue.regions.parquet,Q5JXM2,O97177
human_vs_fly.hp_thomas_dill2.k19.lctrue.regions.parquet,Q5M9Q1,Q9W3Y4
human_vs_fly.hp_thomas_dill2.k19.lctrue.regions.parquet,Q5SQI0,B7Z0K8
human_vs_fly.hp_thomas_dill2.k19.lctrue.regions.parquet,Q5SQI0,P02835
human_vs_fly.hp_thomas_dill2.k19.lctrue.regions.parquet,Q5SSQ6,P14083
human_vs_fly.hp_thomas_dill2.k19.lctrue.regions.parquet,Q5SW24,P08928
human_vs_fly.hp_thomas_dill2.k19.lctrue.regions.parquet,Q5SW24,Q9VPH0
human_vs_fly.hp_thomas_dill2.k19.lctrue.regions.parquet,Q5SZL2,Q02645
human_vs_fly.hp_thomas_dill2.k19.lctrue.regions.parquet,Q5SZL2,Q9VXG1
human_vs_fly.hp_thomas_dill2.k19.lctrue.regions.parquet,Q5T0W9,Q9U3V5
human_vs_fly.hp_thomas_dill2.k19.lctrue.regions.parquet,Q5T0W9,Q9VR56
human_vs_fly.hp_thomas_dill2.k19.lctrue.regions.parquet,Q5T3U5,Q9V4C8
human_vs_fly.hp_thomas_dill2.k19.lctrue.regions.parquet,Q5T5C0,P17133
human_vs_fly.hp_thomas_dill2.k19.lctrue.regions.parquet,Q5T5C0,P23647
human_vs_fly.hp_thomas_dill2.k19.lctrue.regions.parquet,Q5T5C0,Q9VVH9
human_vs_fly.hp_thomas_dill2.k19.lctrue.regions.parquet,Q5TAB7,A1Z9R4
human_vs_fly.hp_thomas_dill2.k19.lctrue.regions.parquet,Q5TB80,P81900
human_vs_fly.hp_thomas_dill2.k19.lctrue.regions.parquet,Q5TB80,Q9V3Q6
human_vs_fly.hp_thomas_dill2.k19.lctrue.regions.parquet,Q5TCS8,P28286
human_vs_fly.hp_thomas_dill2.k19.lctrue.regions.parquet,Q5TCS8,Q7KHG2
human_vs_fly.hp_thomas_dill2.k19.lctrue.regions.parquet,Q5TCS8,Q7YU24
human_vs_fly.hp_thomas_dill2.k19.lctrue.regions.parquet,Q5TCS8,Q8MLV1
human_vs_fly.hp_thomas_dill2.k19.lctrue.regions.parquet,Q5TCY1,P40795
human_vs_fly.hp_thomas_dill2.k19.lctrue.regions.parquet,Q5TCY1,Q9W0P8
human_vs_fly.hp_thomas_dill2.k19.lctrue.regions.parquet,Q5TD94,P98159
human_vs_fly.hp_thomas_dill2.k19.lctrue.regions.parquet,Q5TD94,Q8MLV1
human_vs_fly.hp_thomas_dill2.k19.lctrue.regions.parquet,Q5TFE4,P20482
human_vs_fly.hp_thomas_dill2.k19.lctrue.regions.parquet,Q5TH69,A1Z7Z9
human_vs_fly.hp_thomas_dill2.k19.lctrue.regions.parquet,Q5TH69,O77475
human_vs_fly.hp_thomas_dill2.k19.lctrue.regions.parquet,Q5TH69,P05084
human_vs_fly.hp_thomas_dill2.k19.lctrue.regions.parquet,Q5TH69,Q24174
human_vs_fly.hp_thomas_dill2.k19.lctrue.regions.parquet,Q5TH69,Q9N2M8
human_vs_fly.hp_thomas_dill2.k19.lctrue.regions.parquet,Q5TH69,Q9VC44
human_vs_fly.hp_thomas_dill2.k19.lctrue.regions.parquet,Q5TH69,Q9VDA0
human_vs_fly.hp_thomas_dill2.k19.lctrue.regions.parquet,Q5VUA4,P25439
human_vs_fly.hp_thomas_dill2.k19.lctrue.regions.parquet,Q5VUA4,P39572
human_vs_fly.hp_thomas_dill2.k19.lctrue.regions.parquet,Q5VUA4,P48994
human_vs_fly.hp_thomas_dill2.k19.lctrue.regions.parquet,Q5VUA4,Q9VBZ5
human_vs_fly.hp_thomas_dill2.k19.lctrue.regions.parquet,Q5VUA4,Q9VDW6
human_vs_fly.hp_thomas_dill2.k19.lctrue.regions.parquet,Q5VUA4,Q9VKK1
human_vs_fly.hp_thomas_dill2.k19.lctrue.regions.parquet,Q5VUA4,Q9VQS7
human_vs_fly.hp_thomas_dill2.k19.lctrue.regions.parquet,Q5VUA4,Q9VYQ5
human_vs_fly.hp_thomas_dill2.k19.lctrue.regions.parquet,Q5VUA4,Q9VZX1
human_vs_fly.hp_thomas_dill2.k19.lctrue.regions.parquet,Q5VUM1,Q9VLP4
human_vs_fly.hp_thomas_dill2.k19.lctrue.regions.parquet,Q5VWX1,Q9W1R4
human_vs_fly.hp_thomas_dill2.k19.lctrue.regions.parquet,Q5VZK9,M9MSG8
human_vs_fly.hp_thomas_dill2.k19.lctrue.regions.parquet,Q5VZK9,Q9VL06
human_vs_fly.hp_thomas_dill2.k19.lctrue.regions.parquet,Q6IEG0,P42286
human_vs_fly.hp_thomas_dill2.k19.lctrue.regions.parquet,Q6ISU1,Q9VHA0
human_vs_fly.hp_thomas_dill2.k19.lctrue.regions.parquet,Q6NT16,A1Z6W3
human_vs_fly.hp_thomas_dill2.k19.lctrue.regions.parquet,Q6Q6R5,P31007
human_vs_fly.hp_thomas_dill2.k19.lctrue.regions.parquet,Q6UB35,Q86BF9
human_vs_fly.hp_thomas_dill2.k19.lctrue.regions.parquet,Q6ZMV9,Q8IQ27
human_vs_fly.hp_thomas_dill2.k19.lctrue.regions.parquet,Q6ZN17,A0A0B4K7J2
human_vs_fly.hp_thomas_dill2.k19.lctrue.regions.parquet,Q6ZN17,Q9V780
human_vs_fly.hp_thomas_dill2.k19.lctrue.regions.parquet,Q6ZN17,Q9W1U4
human_vs_fly.hp_thomas_dill2.k19.lctrue.regions.parquet,Q6ZU52,P54366
human_vs_fly.hp_thomas_dill2.k19.lctrue.regions.parquet,Q6ZU52,Q9VVY3
human_vs_fly.hp_thomas_dill2.k19.lctrue.regions.parquet,Q70CQ1,P45437
human_vs_fly.hp_thomas_dill2.k19.lctrue.regions.parquet,Q70CQ1,Q6IDD9
human_vs_fly.hp_thomas_dill2.k19.lctrue.regions.parquet,Q70EL2,A1Z9P3
human_vs_fly.hp_thomas_dill2.k19.lctrue.regions.parquet,Q70EL2,Q8IRW8
human_vs_fly.hp_thomas_dill2.k19.lctrue.regions.parquet,Q70EL2,Q9V7N5
human_vs_fly.hp_thomas_dill2.k19.lctrue.regions.parquet,Q70EL2,Q9VL06
human_vs_fly.hp_thomas_dill2.k19.lctrue.regions.parquet,Q7RTU3,Q7K4N3
human_vs_fly.hp_thomas_dill2.k19.lctrue.regions.parquet,Q7Z6J4,Q9VJ26
human_vs_fly.hp_thomas_dill2.k19.lctrue.regions.parquet,Q7Z6P3,O61366
human_vs_fly.hp_thomas_dill2.k19.lctrue.regions.parquet,Q7Z6P3,Q9U3V9
human_vs_fly.hp_thomas_dill2.k19.lctrue.regions.parquet,Q7Z6P3,Q9VFK6
human_vs_fly.hp_thomas_dill2.k19.lctrue.regions.parquet,Q7Z7B0,P29993
human_vs_fly.hp_thomas_dill2.k19.lctrue.regions.parquet,Q7Z7B0,Q9VUV9
human_vs_fly.hp_thomas_dill2.k19.lctrue.regions.parquet,Q7Z7C8,P49021
human_vs_fly.hp_thomas_dill2.k19.lctrue.regions.parquet,Q7Z7C8,Q9W495
human_vs_fly.hp_thomas_dill2.k19.lctrue.regions.parquet,Q86T65,B7Z0I7
human_vs_fly.hp_thomas_dill2.k19.lctrue.regions.parquet,Q86UC2,P22814
human_vs_fly.hp_thomas_dill2.k19.lctrue.regions.parquet,Q86UC2,Q09101
human_vs_fly.hp_thomas_dill2.k19.lctrue.regions.parquet,Q86UC2,Q8IR79
human_vs_fly.hp_thomas_dill2.k19.lctrue.regions.parquet,Q86UC2,Q9W1A2
human_vs_fly.hp_thomas_dill2.k19.lctrue.regions.parquet,Q86UR5,P51592
human_vs_fly.hp_thomas_dill2.k19.lctrue.regions.parquet,Q86UR5,Q04652
human_vs_fly.hp_thomas_dill2.k19.lctrue.regions.parquet,Q86UR5,Q23985
human_vs_fly.hp_thomas_dill2.k19.lctrue.regions.parquet,Q86UR5,Q4LBB6
human_vs_fly.hp_thomas_dill2.k19.lctrue.regions.parquet,Q86UR5,Q7K3B9
human_vs_fly.hp_thomas_dill2.k19.lctrue.regions.parquet,Q86UR5,Q9VJE5
human_vs_fly.hp_thomas_dill2.k19.lctrue.regions.parquet,Q86UR5,Q9VLR5
human_vs_fly.hp_thomas_dill2.k19.lctrue.regions.parquet,Q8HWS3,Q9NGC3
human_vs_fly.hp_thomas_dill2.k19.lctrue.regions.parquet,Q8IV45,Q7JXG9
human_vs_fly.hp_thomas_dill2.k19.lctrue.regions.parquet,Q8IV45,Q9W148
human_vs_fly.hp_thomas_dill2.k19.lctrue.regions.parquet,Q8IVH2,P34739
human_vs_fly.hp_thomas_dill2.k19.lctrue.regions.parquet,Q8IVH2,P35500
human_vs_fly.hp_thomas_dill2.k19.lctrue.regions.parquet,Q8IVH2,Q8IR79
human_vs_fly.hp_thomas_dill2.k19.lctrue.regions.parquet,Q8IVH2,Q9VFR0
human_vs_fly.hp_thomas_dill2.k19.lctrue.regions.parquet,Q8IWP9,Q9VIS1
human_vs_fly.hp_thomas_dill2.k19.lctrue.regions.parquet,Q8IWV8,P91621
human_vs_fly.hp_thomas_dill2.k19.lctrue.regions.parquet,Q8IWV8,Q7KW14
human_vs_fly.hp_thomas_dill2.k19.lctrue.regions.parquet,Q8IZF2,P19538
human_vs_fly.hp_thomas_dill2.k19.lctrue.regions.parquet,Q8IZS6,P42124
human_vs_fly.hp_thomas_dill2.k19.lctrue.regions.parquet,Q8N109,P10083
human_vs_fly.hp_thomas_dill2.k19.lctrue.regions.parquet,Q8N157,P49283
human_vs_fly.hp_thomas_dill2.k19.lctrue.regions.parquet,Q8N157,Q9VEZ3
human_vs_fly.hp_thomas_dill2.k19.lctrue.regions.parquet,Q8N157,Q9VKG9
human_vs_fly.hp_thomas_dill2.k19.lctrue.regions.parquet,Q8N3Z0,Q9V853
human_vs_fly.hp_thomas_dill2.k19.lctrue.regions.parquet,Q8N4B5,Q27403
human_vs_fly.hp_thomas_dill2.k19.lctrue.regions.parquet,Q8N680,Q8INR6
human_vs_fly.hp_thomas_dill2.k19.lctrue.regions.parquet,Q8N878,Q7Z2C4
human_vs_fly.hp_thomas_dill2.k19.lctrue.regions.parquet,Q8N878,Q9V3J8
human_vs_fly.hp_thomas_dill2.k19.lctrue.regions.parquet,Q8N878,Q9VVY3
human_vs_fly.hp_thomas_dill2.k19.lctrue.regions.parquet,Q8NB25,Q9V468
human_vs_fly.hp_thomas_dill2.k19.lctrue.regions.parquet,Q8NC56,P46867
human_vs_fly.hp_thomas_dill2.k19.lctrue.regions.parquet,Q8NC56,Q9VYM3
human_vs_fly.hp_thomas_dill2.k19.lctrue.regions.parquet,Q8NE79,P00522
human_vs_fly.hp_thomas_dill2.k19.lctrue.regions.parquet,Q8NF91,Q7KHG2
human_vs_fly.hp_thomas_dill2.k19.lctrue.regions.parquet,Q8NF91,Q9NDJ2
human_vs_fly.hp_thomas_dill2.k19.lctrue.regions.parquet,Q8NF91,Q9W4C3
human_vs_fly.hp_thomas_dill2.k19.lctrue.regions.parquet,Q8NFD5,P25822
human_vs_fly.hp_thomas_dill2.k19.lctrue.regions.parquet,Q8NFD5,Q9V7N5
human_vs_fly.hp_thomas_dill2.k19.lctrue.regions.parquet,Q8NFD5,Q9VXE6
human_vs_fly.hp_thomas_dill2.k19.lctrue.regions.parquet,Q8NHJ6,Q9VIS1
human_vs_fly.hp_thomas_dill2.k19.lctrue.regions.parquet,Q8NHL6,Q9V466
human_vs_fly.hp_thomas_dill2.k19.lctrue.regions.parquet,Q8TC20,Q8SYG2
human_vs_fly.hp_thomas_dill2.k19.lctrue.regions.parquet,Q8TC41,Q9V9S7
human_vs_fly.hp_thomas_dill2.k19.lctrue.regions.parquet,Q8TD31,O97125
human_vs_fly.hp_thomas_dill2.k19.lctrue.regions.parquet,Q8TD31,P18289
human_vs_fly.hp_thomas_dill2.k19.lctrue.regions.parquet,Q8TDH9,P14003
human_vs_fly.hp_thomas_dill2.k19.lctrue.regions.parquet,Q8WUA2,P33450
human_vs_fly.hp_thomas_dill2.k19.lctrue.regions.parquet,Q8WUA2,Q9VB98
human_vs_fly.hp_thomas_dill2.k19.lctrue.regions.parquet,Q8WUA2,Q9VSJ8
human_vs_fly.hp_thomas_dill2.k19.lctrue.regions.parquet,Q8WUB8,P10035
human_vs_fly.hp_thomas_dill2.k19.lctrue.regions.parquet,Q8WUB8,Q86B61
human_vs_fly.hp_thomas_dill2.k19.lctrue.regions.parquet,Q8WWN9,A1ZA47
human_vs_fly.hp_thomas_dill2.k19.lctrue.regions.parquet,Q8WWN9,P29993
human_vs_fly.hp_thomas_dill2.k19.lctrue.regions.parquet,Q8WWN9,Q6IDD9
human_vs_fly.hp_thomas_dill2.k19.lctrue.regions.parquet,Q8WWN9,Q9VLK8
human_vs_fly.hp_thomas_dill2.k19.lctrue.regions.parquet,Q8WWU5,P31007
human_vs_fly.hp_thomas_dill2.k19.lctrue.regions.parquet,Q8WWU5,Q8IR79
human_vs_fly.hp_thomas_dill2.k19.lctrue.regions.parquet,Q92504,Q86P48
human_vs_fly.hp_thomas_dill2.k19.lctrue.regions.parquet,Q92504,Q9W495
human_vs_fly.hp_thomas_dill2.k19.lctrue.regions.parquet,Q92562,Q9VRM7
human_vs_fly.hp_thomas_dill2.k19.lctrue.regions.parquet,Q92766,P49905
human_vs_fly.hp_thomas_dill2.k19.lctrue.regions.parquet,Q92766,Q02280
human_vs_fly.hp_thomas_dill2.k19.lctrue.regions.parquet,Q92766,Q7K0D8
human_vs_fly.hp_thomas_dill2.k19.lctrue.regions.parquet,Q92766,Q9VB25
human_vs_fly.hp_thomas_dill2.k19.lctrue.regions.parquet,Q92766,Q9VCA8
human_vs_fly.hp_thomas_dill2.k19.lctrue.regions.parquet,Q92766,Q9VM21
human_vs_fly.hp_thomas_dill2.k19.lctrue.regions.parquet,Q92766,Q9VRN3
human_vs_fly.hp_thomas_dill2.k19.lctrue.regions.parquet,Q92833,Q8IH18
human_vs_fly.hp_thomas_dill2.k19.lctrue.regions.parquet,Q92833,Q9V407
human_vs_fly.hp_thomas_dill2.k19.lctrue.regions.parquet,Q92833,Q9VP76
human_vs_fly.hp_thomas_dill2.k19.lctrue.regions.parquet,Q93077,Q9VEZ3
human_vs_fly.hp_thomas_dill2.k19.lctrue.regions.parquet,Q969J2,P20482
human_vs_fly.hp_thomas_dill2.k19.lctrue.regions.parquet,Q96AP4,A0A1F4
human_vs_fly.hp_thomas_dill2.k19.lctrue.regions.parquet,Q96AP4,O02194
human_vs_fly.hp_thomas_dill2.k19.lctrue.regions.parquet,Q96C00,A2VEY9
human_vs_fly.hp_thomas_dill2.k19.lctrue.regions.parquet,Q96D71,Q9VB98
human_vs_fly.hp_thomas_dill2.k19.lctrue.regions.parquet,Q96EV8,Q8INR6
human_vs_fly.hp_thomas_dill2.k19.lctrue.regions.parquet,Q96JM7,O97177
human_vs_fly.hp_thomas_dill2.k19.lctrue.regions.parquet,Q96JM7,P22814
human_vs_fly.hp_thomas_dill2.k19.lctrue.regions.parquet,Q96KF7,O97177
human_vs_fly.hp_thomas_dill2.k19.lctrue.regions.parquet,Q96KK5,Q9VEZ3
human_vs_fly.hp_thomas_dill2.k19.lctrue.regions.parquet,Q96KQ7,P20659
human_vs_fly.hp_thomas_dill2.k19.lctrue.regions.parquet,Q96KQ7,Q9U1K1
human_vs_fly.hp_thomas_dill2.k19.lctrue.regions.parquet,Q96KW2,A1ZB91
human_vs_fly.hp_thomas_dill2.k19.lctrue.regions.parquet,Q96KW2,Q7K4N3
human_vs_fly.hp_thomas_dill2.k19.lctrue.regions.parquet,Q96KW2,Q8IRH5
human_vs_fly.hp_thomas_dill2.k19.lctrue.regions.parquet,Q96KW2,Q9V9A8
human_vs_fly.hp_thomas_dill2.k19.lctrue.regions.parquet,Q96KW2,Q9VM71
human_vs_fly.hp_thomas_dill2.k19.lctrue.regions.parquet,Q96NH3,Q9NI63
human_vs_fly.hp_thomas_dill2.k19.lctrue.regions.parquet,Q96PC2,Q6IDD9
human_vs_fly.hp_thomas_dill2.k19.lctrue.regions.parquet,Q96PQ5,P20659
human_vs_fly.hp_thomas_dill2.k19.lctrue.regions.parquet,Q96PQ5,P28668
human_vs_fly.hp_thomas_dill2.k19.lctrue.regions.parquet,Q96PQ5,Q9I7D3
human_vs_fly.hp_thomas_dill2.k19.lctrue.regions.parquet,Q96PQ5,Q9VGK7
human_vs_fly.hp_thomas_dill2.k19.lctrue.regions.parquet,Q96QV6,Q7KN79
human_vs_fly.hp_thomas_dill2.k19.lctrue.regions.parquet,Q96S59,Q9VKG9
human_vs_fly.hp_thomas_dill2.k19.lctrue.regions.parquet,Q96T54,Q9Y0Y6
human_vs_fly.hp_thomas_dill2.k19.lctrue.regions.parquet,Q99459,P26802
human_vs_fly.hp_thomas_dill2.k19.lctrue.regions.parquet,Q99459,P83094
human_vs_fly.hp_thomas_dill2.k19.lctrue.regions.parquet,Q99459,P83104
human_vs_fly.hp_thomas_dill2.k19.lctrue.regions.parquet,Q99683,Q9VV74
human_vs_fly.hp_thomas_dill2.k19.lctrue.regions.parquet,Q99715,P02828
human_vs_fly.hp_thomas_dill2.k19.lctrue.regions.parquet,Q99715,Q7KTX8
human_vs_fly.hp_thomas_dill2.k19.lctrue.regions.parquet,Q99715,Q9V3D5
human_vs_fly.hp_thomas_dill2.k19.lctrue.regions.parquet,Q99715,Q9VWR5
human_vs_fly.hp_thomas_dill2.k19.lctrue.regions.parquet,Q99750,P20659
human_vs_fly.hp_thomas_dill2.k19.lctrue.regions.parquet,Q99750,Q9V8P9
human_vs_fly.hp_thomas_dill2.k19.lctrue.regions.parquet,Q99808,Q86BA1
human_vs_fly.hp_thomas_dill2.k19.lctrue.regions.parquet,Q99878,Q9VEZ3
human_vs_fly.hp_thomas_dill2.k19.lctrue.regions.parquet,Q99941,Q7KIN0
human_vs_fly.hp_thomas_dill2.k19.lctrue.regions.parquet,Q99941,Q7KW14
human_vs_fly.hp_thomas_dill2.k19.lctrue.regions.parquet,Q99941,Q8IQG1
human_vs_fly.hp_thomas_dill2.k19.lctrue.regions.parquet,Q99941,Q9V3W6
human_vs_fly.hp_thomas_dill2.k19.lctrue.regions.parquet,Q99941,Q9VCR6
human_vs_fly.hp_thomas_dill2.k19.lctrue.regions.parquet,Q99941,Q9VS38
human_vs_fly.hp_thomas_dill2.k19.lctrue.regions.parquet,Q99942,Q9VWW0
human_vs_fly.hp_thomas_dill2.k19.lctrue.regions.parquet,Q99967,P10035
human_vs_fly.hp_thomas_dill2.k19.lctrue.regions.parquet,Q9BRR0,Q9NKV0
human_vs_fly.hp_thomas_dill2.k19.lctrue.regions.parquet,Q9BRS2,P25991
human_vs_fly.hp_thomas_dill2.k19.lctrue.regions.parquet,Q9BRS2,P53624
human_vs_fly.hp_thomas_dill2.k19.lctrue.regions.parquet,Q9BRS2,Q9VRN3
human_vs_fly.hp_thomas_dill2.k19.lctrue.regions.parquet,Q9BT09,Q9V3G1
human_vs_fly.hp_thomas_dill2.k19.lctrue.regions.parquet,Q9BW19,Q59E55
human_vs_fly.hp_thomas_dill2.k19.lctrue.regions.parquet,Q9BW19,Q9VAY7
human_vs_fly.hp_thomas_dill2.k19.lctrue.regions.parquet,Q9BWV7,O61735
human_vs_fly.hp_thomas_dill2.k19.lctrue.regions.parquet,Q9BXY4,P55965
human_vs_fly.hp_thomas_dill2.k19.lctrue.regions.parquet,Q9BYV9,P17970
human_vs_fly.hp_thomas_dill2.k19.lctrue.regions.parquet,Q9BYV9,P28159
human_vs_fly.hp_thomas_dill2.k19.lctrue.regions.parquet,Q9BYV9,Q86BA1
human_vs_fly.hp_thomas_dill2.k19.lctrue.regions.parquet,Q9BYV9,Q9V4F9
human_vs_fly.hp_thomas_dill2.k19.lctrue.regions.parquet,Q9BYV9,Q9VCR6
human_vs_fly.hp_thomas_dill2.k19.lctrue.regions.parquet,Q9BZY9,M9PBE2
human_vs_fly.hp_thomas_dill2.k19.lctrue.regions.parquet,Q9C009,O97394
human_vs_fly.hp_thomas_dill2.k19.lctrue.regions.parquet,Q9C009,Q9VL96
human_vs_fly.hp_thomas_dill2.k19.lctrue.regions.parquet,Q9C010,Q24238
human_vs_fly.hp_thomas_dill2.k19.lctrue.regions.parquet,Q9C0D0,B7Z0K8
human_vs_fly.hp_thomas_dill2.k19.lctrue.regions.parquet,Q9C0D0,P10180
human_vs_fly.hp_thomas_dill2.k19.lctrue.regions.parquet,Q9C0D0,Q05201
human_vs_fly.hp_thomas_dill2.k19.lctrue.regions.parquet,Q9GZR5,Q9V4W1
human_vs_fly.hp_thomas_dill2.k19.lctrue.regions.parquet,Q9H0U9,P14484
human_vs_fly.hp_thomas_dill2.k19.lctrue.regions.parquet,Q9H1H9,P18490
human_vs_fly.hp_thomas_dill2.k19.lctrue.regions.parquet,Q9H1H9,Q00748
human_vs_fly.hp_thomas_dill2.k19.lctrue.regions.parquet,Q9H1H9,Q09101
human_vs_fly.hp_thomas_dill2.k19.lctrue.regions.parquet,Q9H1H9,Q9VGR2
human_vs_fly.hp_thomas_dill2.k19.lctrue.regions.parquet,Q9H4E7,Q9VZX1
human_vs_fly.hp_thomas_dill2.k19.lctrue.regions.parquet,Q9H4Q3,P23023
human_vs_fly.hp_thomas_dill2.k19.lctrue.regions.parquet,Q9H4Q3,P25822
human_vs_fly.hp_thomas_dill2.k19.lctrue.regions.parquet,Q9H4Q3,Q9VQ79
human_vs_fly.hp_thomas_dill2.k19.lctrue.regions.parquet,Q9H4Q3,Q9W2Q7
human_vs_fly.hp_thomas_dill2.k19.lctrue.regions.parquet,Q9H4T2,P25028
human_vs_fly.hp_thomas_dill2.k19.lctrue.regions.parquet,Q9H4T2,Q9W4V8
human_vs_fly.hp_thomas_dill2.k19.lctrue.regions.parquet,Q9H633,Q9V877
human_vs_fly.hp_thomas_dill2.k19.lctrue.regions.parquet,Q9H6K1,P25028
human_vs_fly.hp_thomas_dill2.k19.lctrue.regions.parquet,Q9H7B2,A1Z6W3
human_vs_fly.hp_thomas_dill2.k19.lctrue.regions.parquet,Q9HB96,P20385
human_vs_fly.hp_thomas_dill2.k19.lctrue.regions.parquet,Q9HCH3,Q9VV36
human_vs_fly.hp_thomas_dill2.k19.lctrue.regions.parquet,Q9HD26,A8JUV0
human_vs_fly.hp_thomas_dill2.k19.lctrue.regions.parquet,Q9NP62,Q9VLS1
human_vs_fly.hp_thomas_dill2.k19.lctrue.regions.parquet,Q9NRJ4,P11536
human_vs_fly.hp_thomas_dill2.k19.lctrue.regions.parquet,Q9NRJ4,P11596
human_vs_fly.hp_thomas_dill2.k19.lctrue.regions.parquet,Q9NRJ4,Q86B87
human_vs_fly.hp_thomas_dill2.k19.lctrue.regions.parquet,Q9NRJ4,Q9VNP5
human_vs_fly.hp_thomas_dill2.k19.lctrue.regions.parquet,Q9NTX7,Q9W0T1
human_vs_fly.hp_thomas_dill2.k19.lctrue.regions.parquet,Q9NWT1,P43332
human_vs_fly.hp_thomas_dill2.k19.lctrue.regions.parquet,Q9NXL9,A2VEY9
human_vs_fly.hp_thomas_dill2.k19.lctrue.regions.parquet,Q9NXL9,B7TB45
human_vs_fly.hp_thomas_dill2.k19.lctrue.regions.parquet,Q9NXL9,P30432
human_vs_fly.hp_thomas_dill2.k19.lctrue.regions.parquet,Q9NXL9,Q08180
human_vs_fly.hp_thomas_dill2.k19.lctrue.regions.parquet,Q9NXL9,Q9V3Q6
human_vs_fly.hp_thomas_dill2.k19.lctrue.regions.parquet,Q9NXZ2,Q9VPB1
human_vs_fly.hp_thomas_dill2.k19.lctrue.regions.parquet,Q9UBC1,P11420
human_vs_fly.hp_thomas_dill2.k19.lctrue.regions.parquet,Q9UBC1,P13054
human_vs_fly.hp_thomas_dill2.k19.lctrue.regions.parquet,Q9UBU6,Q9W4C3
human_vs_fly.hp_thomas_dill2.k19.lctrue.regions.parquet,Q9UGC6,M9MRI4
human_vs_fly.hp_thomas_dill2.k19.lctrue.regions.parquet,Q9UGP8,Q9I7T7
human_vs_fly.hp_thomas_dill2.k19.lctrue.regions.parquet,Q9UIL4,A1Z6W3
human_vs_fly.hp_thomas_dill2.k19.lctrue.regions.parquet,Q9UJ04,P10180
human_vs_fly.hp_thomas_dill2.k19.lctrue.regions.parquet,Q9UJN7,P09956
human_vs_fly.hp_thomas_dill2.k19.lctrue.regions.parquet,Q9UJN7,Q9VAW5
human_vs_fly.hp_thomas_dill2.k19.lctrue.regions.parquet,Q9UK97,P02836
human_vs_fly.hp_thomas_dill2.k19.lctrue.regions.parquet,Q9UKL3,P13709
human_vs_fly.hp_thomas_dill2.k19.lctrue.regions.parquet,Q9UKL3,Q9VQ89
human_vs_fly.hp_thomas_dill2.k19.lctrue.regions.parquet,Q9UKT4,Q9V780
human_vs_fly.hp_thomas_dill2.k19.lctrue.regions.parquet,Q9ULC3,Q8SX83
human_vs_fly.hp_thomas_dill2.k19.lctrue.regions.parquet,Q9ULD4,P26270
human_vs_fly.hp_thomas_dill2.k19.lctrue.regions.parquet,Q9ULD4,Q9V727
human_vs_fly.hp_thomas_dill2.k19.lctrue.regions.parquet,Q9ULD4,Q9VL59
human_vs_fly.hp_thomas_dill2.k19.lctrue.regions.parquet,Q9ULD4,Q9VM91
human_vs_fly.hp_thomas_dill2.k19.lctrue.regions.parquet,Q9ULH4,P20482
human_vs_fly.hp_thomas_dill2.k19.lctrue.regions.parquet,Q9ULH4,Q8MT06
human_vs_fly.hp_thomas_dill2.k19.lctrue.regions.parquet,Q9ULH4,Q9V9A8
human_vs_fly.hp_thomas_dill2.k19.lctrue.regions.parquet,Q9ULH4,Q9VUC6
human_vs_fly.hp_thomas_dill2.k19.lctrue.regions.parquet,Q9ULL1,P09082
human_vs_fly.hp_thomas_dill2.k19.lctrue.regions.parquet,Q9ULL1,P19538
human_vs_fly.hp_thomas_dill2.k19.lctrue.regions.parquet,Q9ULL1,Q08605
human_vs_fly.hp_thomas_dill2.k19.lctrue.regions.parquet,Q9ULL1,Q9VBZ5
human_vs_fly.hp_thomas_dill2.k19.lctrue.regions.parquet,Q9ULL1,Q9W074
human_vs_fly.hp_thomas_dill2.k19.lctrue.regions.parquet,Q9ULL1,Q9W4C3
human_vs_fly.hp_thomas_dill2.k19.lctrue.regions.parquet,Q9UM54,Q01989
human_vs_fly.hp_thomas_dill2.k19.lctrue.regions.parquet,Q9UM54,Q86BF9
human_vs_fly.hp_thomas_dill2.k19.lctrue.regions.parquet,Q9UM54,Q8IN81
human_vs_fly.hp_thomas_dill2.k19.lctrue.regions.parquet,Q9UM63,Q9VIS1
human_vs_fly.hp_thomas_dill2.k19.lctrue.regions.parquet,Q9UMQ6,Q7K4M4
human_vs_fly.hp_thomas_dill2.k19.lctrue.regions.parquet,Q9UMY1,O61366
human_vs_fly.hp_thomas_dill2.k19.lctrue.regions.parquet,Q9UPN6,P42124
human_vs_fly.hp_thomas_dill2.k19.lctrue.regions.parquet,Q9UPN6,Q8MSV2
human_vs_fly.hp_thomas_dill2.k19.lctrue.regions.parquet,Q9UPN6,Q9W5E4
human_vs_fly.hp_thomas_dill2.k19.lctrue.regions.parquet,Q9Y233,Q9VL06
human_vs_fly.hp_thomas_dill2.k19.lctrue.regions.parquet,Q9Y233,Q9VW27
human_vs_fly.hp_thomas_dill2.k19.lctrue.regions.parquet,Q9Y2C2,Q24434
human_vs_fly.hp_thomas_dill2.k19.lctrue.regions.parquet,Q9Y330,Q9NHE5
human_vs_fly.hp_thomas_dill2.k19.lctrue.regions.parquet,Q9Y4E5,P02283
human_vs_fly.hp_thomas_dill2.k19.lctrue.regions.parquet,Q9Y4F9,Q3LHL9
human_vs_fly.hp_thomas_dill2.k19.lctrue.regions.parquet,Q9Y4F9,Q8IPJ3
human_vs_fly.hp_thomas_dill2.k19.lctrue.regions.parquet,Q9Y4F9,Q95R48
human_vs_fly.hp_thomas_dill2.k19.lctrue.regions.parquet,Q9Y4K1,A1Z877
human_vs_fly.hp_thomas_dill2.k19.lctrue.regions.parquet,Q9Y4K1,Q9NHD5
human_vs_fly.hp_thomas_dill2.k19.lctrue.regions.parquet,Q9Y4K1,Q9W3U1
human_vs_fly.hp_thomas_dill2.k19.lctrue.regions.parquet,Q9Y5K6,Q8IR79
human_vs_fly.hp_thomas_dill2.k19.lctrue.regions.parquet,Q9Y5K6,Q9VHN5
human_vs_fly.hp_thomas_dill2.k19.lctrue.regions.parquet,Q9Y603,P29673
human_vs_fly.hp_thomas_dill2.k19.lctrue.regions.parquet,Q9Y6R4,A0A1F4
human_vs_fly.hp_thomas_dill2.k19.lctrue.regions.parquet,Q9Y6R4,P05084
human_vs_fly.hp_thomas_dill2.k19.lctrue.regions.parquet,Q9Y6R4,P10383
human_vs_fly.hp_thomas_dill2.k19.lctrue.regions.parquet,Q9Y6R4,Q9VEV4
human_vs_fly.hp_thomas_dill_no_c2.k19.lctrue.regions.parquet,A7XYQ1,Q05192
human_vs_fly.hp_thomas_dill_no_c2.k19.lctrue.regions.parquet,O00141,P10040
human_vs_fly.hp_thomas_dill_no_c2.k19.lctrue.regions.parquet,O00548,O15943
human_vs_fly.hp_thomas_dill_no_c2.k19.lctrue.regions.parquet,O00548,P18168
human_vs_fly.hp_thomas_dill_no_c2.k19.lctrue.regions.parquet,O14638,Q95RU0
human_vs_fly.hp_thomas_dill_no_c2.k19.lctrue.regions.parquet,O14638,Q9W332
human_vs_fly.hp_thomas_dill_no_c2.k19.lctrue.regions.parquet,O43167,Q8I7Z8
human_vs_fly.hp_thomas_dill_no_c2.k19.lctrue.regions.parquet,O43167,Q9VXG1
human_vs_fly.hp_thomas_dill_no_c2.k19.lctrue.regions.parquet,O43309,P40798
human_vs_fly.hp_thomas_dill_no_c2.k19.lctrue.regions.parquet,O60242,P11420
human_vs_fly.hp_thomas_dill_no_c2.k19.lctrue.regions.parquet,O60242,Q868Z9
human_vs_fly.hp_thomas_dill_no_c2.k19.lctrue.regions.parquet,O60242,Q9V5N8
human_vs_fly.hp_thomas_dill_no_c2.k19.lctrue.regions.parquet,O60281,P19538
human_vs_fly.hp_thomas_dill_no_c2.k19.lctrue.regions.parquet,O60281,Q9U405
human_vs_fly.hp_thomas_dill_no_c2.k19.lctrue.regions.parquet,O75022,P10041
human_vs_fly.hp_thomas_dill_no_c2.k19.lctrue.regions.parquet,O75626,Q9VLK8
human_vs_fly.hp_thomas_dill_no_c2.k19.lctrue.regions.parquet,O76038,P41044
human_vs_fly.hp_thomas_dill_no_c2.k19.lctrue.regions.parquet,O76038,Q9VQH2
human_vs_fly.hp_thomas_dill_no_c2.k19.lctrue.regions.parquet,O95389,Q9VER6
human_vs_fly.hp_thomas_dill_no_c2.k19.lctrue.regions.parquet,P00747,Q9VER6
human_vs_fly.hp_thomas_dill_no_c2.k19.lctrue.regions.parquet,P00747,Q9VTT0
human_vs_fly.hp_thomas_dill_no_c2.k19.lctrue.regions.parquet,P00751,P11449
human_vs_fly.hp_thomas_dill_no_c2.k19.lctrue.regions.parquet,P00751,Q9W0A0
human_vs_fly.hp_thomas_dill_no_c2.k19.lctrue.regions.parquet,P06681,A1Z877
human_vs_fly.hp_thomas_dill_no_c2.k19.lctrue.regions.parquet,P10242,P18168
human_vs_fly.hp_thomas_dill_no_c2.k19.lctrue.regions.parquet,P11831,Q24535
human_vs_fly.hp_thomas_dill_no_c2.k19.lctrue.regions.parquet,P13942,P11584
human_vs_fly.hp_thomas_dill_no_c2.k19.lctrue.regions.parquet,P13942,P18168
human_vs_fly.hp_thomas_dill_no_c2.k19.lctrue.regions.parquet,P13942,P24014
human_vs_fly.hp_thomas_dill_no_c2.k19.lctrue.regions.parquet,P13942,P25723
human_vs_fly.hp_thomas_dill_no_c2.k19.lctrue.regions.parquet,P13942,Q9VUA0
human_vs_fly.hp_thomas_dill_no_c2.k19.lctrue.regions.parquet,P14373,P19538
human_vs_fly.hp_thomas_dill_no_c2.k19.lctrue.regions.parquet,P15822,Q9VPT8
human_vs_fly.hp_thomas_dill_no_c2.k19.lctrue.regions.parquet,P20849,P10040
human_vs_fly.hp_thomas_dill_no_c2.k19.lctrue.regions.parquet,P20849,P33450
human_vs_fly.hp_thomas_dill_no_c2.k19.lctrue.regions.parquet,P20849,Q94887
human_vs_fly.hp_thomas_dill_no_c2.k19.lctrue.regions.parquet,P20849,Q9VC47
human_vs_fly.hp_thomas_dill_no_c2.k19.lctrue.regions.parquet,P25205,Q9XYU1
human_vs_fly.hp_thomas_dill_no_c2.k19.lctrue.regions.parquet,P29279,Q9V3Z6
human_vs_fly.hp_thomas_dill_no_c2.k19.lctrue.regions.parquet,P36508,P28167
human_vs_fly.hp_thomas_dill_no_c2.k19.lctrue.regions.parquet,P36508,Q9VJN5
human_vs_fly.hp_thomas_dill_no_c2.k19.lctrue.regions.parquet,P36508,Q9VQU9
human_vs_fly.hp_thomas_dill_no_c2.k19.lctrue.regions.parquet,P36508,Q9W1V7
human_vs_fly.hp_thomas_dill_no_c2.k19.lctrue.regions.parquet,P43080,A2VEI2
human_vs_fly.hp_thomas_dill_no_c2.k19.lctrue.regions.parquet,P43080,P42325
human_vs_fly.hp_thomas_dill_no_c2.k19.lctrue.regions.parquet,P43626,Q9W3W5
human_vs_fly.hp_thomas_dill_no_c2.k19.lctrue.regions.parquet,P43627,Q9W3W5
human_vs_fly.hp_thomas_dill_no_c2.k19.lctrue.regions.parquet,P43628,Q9W3W5
human_vs_fly.hp_thomas_dill_no_c2.k19.lctrue.regions.parquet,P43631,Q9W3W5
human_vs_fly.hp_thomas_dill_no_c2.k19.lctrue.regions.parquet,P49790,Q9VXE6
human_vs_fly.hp_thomas_dill_no_c2.k19.lctrue.regions.parquet,P49910,Q9VQ56
human_vs_fly.hp_thomas_dill_no_c2.k19.lctrue.regions.parquet,P55008,P47947
human_vs_fly.hp_thomas_dill_no_c2.k19.lctrue.regions.parquet,P63128,Q9V4A7
human_vs_fly.hp_thomas_dill_no_c2.k19.lctrue.regions.parquet,P84103,Q9VCR6
human_vs_fly.hp_thomas_dill_no_c2.k19.lctrue.regions.parquet,Q01860,P16241
human_vs_fly.hp_thomas_dill_no_c2.k19.lctrue.regions.parquet,Q03181,P16376
human_vs_fly.hp_thomas_dill_no_c2.k19.lctrue.regions.parquet,Q13410,P10041
human_vs_fly.hp_thomas_dill_no_c2.k19.lctrue.regions.parquet,Q13838,Q27268
human_vs_fly.hp_thomas_dill_no_c2.k19.lctrue.regions.parquet,Q14953,Q9W3W5
human_vs_fly.hp_thomas_dill_no_c2.k19.lctrue.regions.parquet,Q14954,Q9W3W5
human_vs_fly.hp_thomas_dill_no_c2.k19.lctrue.regions.parquet,Q14993,M9PE65
human_vs_fly.hp_thomas_dill_no_c2.k19.lctrue.regions.parquet,Q14993,Q9VC47
human_vs_fly.hp_thomas_dill_no_c2.k19.lctrue.regions.parquet,Q14993,Q9VER6
human_vs_fly.hp_thomas_dill_no_c2.k19.lctrue.regions.parquet,Q14993,Q9W3W5
human_vs_fly.hp_thomas_dill_no_c2.k19.lctrue.regions.parquet,Q149N8,Q4Z8K6
human_vs_fly.hp_thomas_dill_no_c2.k19.lctrue.regions.parquet,Q15776,Q00174
human_vs_fly.hp_thomas_dill_no_c2.k19.lctrue.regions.parquet,Q15776,Q7M3M8
human_vs_fly.hp_thomas_dill_no_c2.k19.lctrue.regions.parquet,Q15776,Q9VJN5
human_vs_fly.hp_thomas_dill_no_c2.k19.lctrue.regions.parquet,Q15776,Q9VXG1
human_vs_fly.hp_thomas_dill_no_c2.k19.lctrue.regions.parquet,Q16342,Q9VWF2
human_vs_fly.hp_thomas_dill_no_c2.k19.lctrue.regions.parquet,Q16539,O62618
human_vs_fly.hp_thomas_dill_no_c2.k19.lctrue.regions.parquet,Q4VXA5,Q24214
human_vs_fly.hp_thomas_dill_no_c2.k19.lctrue.regions.parquet,Q5TD97,P15215
human_vs_fly.hp_thomas_dill_no_c2.k19.lctrue.regions.parquet,Q6Q6R5,P10040
human_vs_fly.hp_thomas_dill_no_c2.k19.lctrue.regions.parquet,Q6UY11,A1Z877
human_vs_fly.hp_thomas_dill_no_c2.k19.lctrue.regions.parquet,Q6UY11,P14003
human_vs_fly.hp_thomas_dill_no_c2.k19.lctrue.regions.parquet,Q6ZN17,Q9VC47
human_vs_fly.hp_thomas_dill_no_c2.k19.lctrue.regions.parquet,Q7Z419,Q9VAU9
human_vs_fly.hp_thomas_dill_no_c2.k19.lctrue.regions.parquet,Q86UR5,P47980
human_vs_fly.hp_thomas_dill_no_c2.k19.lctrue.regions.parquet,Q8IVH2,Q8I7Z8
human_vs_fly.hp_thomas_dill_no_c2.k19.lctrue.regions.parquet,Q8IX30,A1Z877
human_vs_fly.hp_thomas_dill_no_c2.k19.lctrue.regions.parquet,Q8IX30,P10041
human_vs_fly.hp_thomas_dill_no_c2.k19.lctrue.regions.parquet,Q8IX30,P24014
human_vs_fly.hp_thomas_dill_no_c2.k19.lctrue.regions.parquet,Q8IX30,Q9V5N8
human_vs_fly.hp_thomas_dill_no_c2.k19.lctrue.regions.parquet,Q8TC41,Q9W1U6
human_vs_fly.hp_thomas_dill_no_c2.k19.lctrue.regions.parquet,Q8WY64,Q24174
human_vs_fly.hp_thomas_dill_no_c2.k19.lctrue.regions.parquet,Q92766,P08630
human_vs_fly.hp_thomas_dill_no_c2.k19.lctrue.regions.parquet,Q92766,P41073
human_vs_fly.hp_thomas_dill_no_c2.k19.lctrue.regions.parquet,Q92766,Q9VH70
human_vs_fly.hp_thomas_dill_no_c2.k19.lctrue.regions.parquet,Q92766,Q9VLK8
human_vs_fly.hp_thomas_dill_no_c2.k19.lctrue.regions.parquet,Q96AP4,Q9VZN4
human_vs_fly.hp_thomas_dill_no_c2.k19.lctrue.regions.parquet,Q96JM7,P28167
human_vs_fly.hp_thomas_dill_no_c2.k19.lctrue.regions.parquet,Q96JM7,P39769
human_vs_fly.hp_thomas_dill_no_c2.k19.lctrue.regions.parquet,Q96LW9,P40798
human_vs_fly.hp_thomas_dill_no_c2.k19.lctrue.regions.parquet,Q96P44,P24014
human_vs_fly.hp_thomas_dill_no_c2.k19.lctrue.regions.parquet,Q96P44,P98163
human_vs_fly.hp_thomas_dill_no_c2.k19.lctrue.regions.parquet,Q96P44,Q9VC47
human_vs_fly.hp_thomas_dill_no_c2.k19.lctrue.regions.parquet,Q96P44,Q9VCR3
human_vs_fly.hp_thomas_dill_no_c2.k19.lctrue.regions.parquet,Q96P44,Q9VWW0
human_vs_fly.hp_thomas_dill_no_c2.k19.lctrue.regions.parquet,Q99715,O61307
human_vs_fly.hp_thomas_dill_no_c2.k19.lctrue.regions.parquet,Q99715,P24014
human_vs_fly.hp_thomas_dill_no_c2.k19.lctrue.regions.parquet,Q99942,Q9W5E1
human_vs_fly.hp_thomas_dill_no_c2.k19.lctrue.regions.parquet,Q9BRR0,Q9W0A0
human_vs_fly.hp_thomas_dill_no_c2.k19.lctrue.regions.parquet,Q9BXY4,P07207
human_vs_fly.hp_thomas_dill_no_c2.k19.lctrue.regions.parquet,Q9H4Q3,Q95RQ8
human_vs_fly.hp_thomas_dill_no_c2.k19.lctrue.regions.parquet,Q9NXZ2,P25723
human_vs_fly.hp_thomas_dill_no_c2.k19.lctrue.regions.parquet,Q9UJN7,Q9VJN5
human_vs_fly.hp_thomas_dill_no_c2.k19.lctrue.regions.parquet,Q9ULH4,Q9V853
human_vs_fly.hp_thomas_dill_no_c2.k19.lctrue.regions.parquet,Q9UMX6,Q9VA73
human_vs_fly.hp_thomas_dill_no_c2.k19.lctrue.regions.parquet,Q9UMX6,Q9VT65
human_vs_fly.hp_thomas_dill_no_c2.k19.lctrue.regions.parquet,Q9Y330,P07247
human_vs_fly.hp_thomas_dill_no_c2.k19.lctrue.regions.parquet,Q9Y330,P42282
human_vs_fly.hp_thomas_dill_no_c2.k19.lctrue.regions.parquet,Q9Y4E5,Q9U405
human_vs_fly.hp_thomas_dill_no_c2.k19.lctrue.regions.parquet,Q9Y5K6,P10040
human_vs_fly.mmseqs12.k7.lctrue.regions.parquet,O95279,Q94526
human_vs_fly.mmseqs12.k7.lctrue.regions.parquet,Q96T54,P08510
human_vs_fly.mmseqs12.k7.lctrue.regions.parquet,Q96T55,P08510
human_vs_fly.sdm12.k6.lctrue.regions.parquet,O00141,Q9NI63
human_vs_fly.sdm12.k6.lctrue.regions.parquet,O15264,O62618
human_vs_fly.sdm12.k6.lctrue.regions.parquet,O43318,P40417
human_vs_fly.sdm12.k6.lctrue.regions.parquet,O95835,P04412
human_vs_fly.sdm12.k6.lctrue.regions.parquet,P08922,Q9V6K3
human_vs_fly.sdm12.k6.lctrue.regions.parquet,Q13608,Q7KN62
human_vs_fly.sdm12.k6.lctrue.regions.parquet,Q99683,P23572
human_vs_fly.sdm12.k6.lctrue.regions.parquet,Q9Y6R4,P05130
human_vs_mouse.gbmr4.k16.lctrue.regions.parquet,O15400,Q9D4H9
human_vs_mouse.gbmr4.k16.lctrue.regions.parquet,O75496,O88513
human_vs_mouse.gbmr4.k16.lctrue.regions.parquet,O75558,D3Z2X2
human_vs_mouse.gbmr4.k16.lctrue.regions.parquet,P14373,Q14BK3
human_vs_mouse.gbmr4.k16.lctrue.regions.parquet,P14373,Q8R1N0
human_vs_mouse.gbmr4.k16.lctrue.regions.parquet,P55196,Q8C6E0
human_vs_mouse.gbmr4.k16.lctrue.regions.parquet,P55196,Q921U8
human_vs_mouse.gbmr4.k16.lctrue.regions.parquet,Q14244,O88735
human_vs_mouse.gbmr4.k16.lctrue.regions.parquet,Q5SW24,Q80SY4
human_vs_mouse.gbmr4.k16.lctrue.regions.parquet,Q5TB80,Q810V0
human_vs_mouse.gbmr4.k16.lctrue.regions.parquet,Q5TCS8,Q6P5U8
human_vs_mouse.gbmr4.k16.lctrue.regions.parquet,Q5TCS8,Q8CGI1
human_vs_mouse.gbmr4.k16.lctrue.regions.parquet,Q5VUA4,Q99PP2
human_vs_mouse.gbmr4.k16.lctrue.regions.parquet,Q5VZK9,Q5SV85
human_vs_mouse.gbmr4.k16.lctrue.regions.parquet,Q6P9F5,A2AIW0
human_vs_mouse.gbmr4.k16.lctrue.regions.parquet,Q6ZMV9,E9Q7R9
human_vs_mouse.gbmr4.k16.lctrue.regions.parquet,Q6ZU52,P54729
human_vs_mouse.gbmr4.k16.lctrue.regions.parquet,Q7RTU3,Q9D478
human_vs_mouse.gbmr4.k16.lctrue.regions.parquet,Q86T65,Q80U19
human_vs_mouse.gbmr4.k16.lctrue.regions.parquet,Q86UC2,Q5NCC9
human_vs_mouse.gbmr4.k16.lctrue.regions.parquet,Q86UC2,Q99PT3
human_vs_mouse.gbmr4.k16.lctrue.regions.parquet,Q8IWP9,Q8C561
human_vs_mouse.gbmr4.k16.lctrue.regions.parquet,Q8IWV8,O35613
human_vs_mouse.gbmr4.k16.lctrue.regions.parquet,Q8IYT3,Q3U3V8
human_vs_mouse.gbmr4.k16.lctrue.regions.parquet,Q8N1B4,Q3TVI8
human_vs_mouse.gbmr4.k16.lctrue.regions.parquet,Q8N1B4,Q9QXM1
human_vs_mouse.gbmr4.k16.lctrue.regions.parquet,Q8N3L3,Q9CZP7
human_vs_mouse.gbmr4.k16.lctrue.regions.parquet,Q8NB25,Q8BQM7
human_vs_mouse.gbmr4.k16.lctrue.regions.parquet,Q8TDH9,Q9QUQ5
human_vs_mouse.gbmr4.k16.lctrue.regions.parquet,Q8WVV5,Q8VC34
human_vs_mouse.gbmr4.k16.lctrue.regions.parquet,Q96D71,Q8BL43
human_vs_mouse.gbmr4.k16.lctrue.regions.parquet,Q96JB1,Q91XQ0
human_vs_mouse.gbmr4.k16.lctrue.regions.parquet,Q99459,Q6A068
human_vs_mouse.gbmr4.k16.lctrue.regions.parquet,Q99459,Q810S1
human_vs_mouse.gbmr4.k16.lctrue.regions.parquet,Q99944,Q6P1G6
human_vs_mouse.gbmr4.k16.lctrue.regions.parquet,Q9BT09,Q9WVL5
human_vs_mouse.gbmr4.k16.lctrue.regions.parquet,Q9H1H9,Q3TIV5
human_vs_mouse.gbmr4.k16.lctrue.regions.parquet,Q9H1H9,Q9D3V1
human_vs_mouse.gbmr4.k16.lctrue.regions.parquet,Q9H1H9,Q9EQW7
human_vs_mouse.gbmr4.k16.lctrue.regions.parquet,Q9HCM9,Q60974
human_vs_mouse.gbmr4.k16.lctrue.regions.parquet,Q9UDY6,Q3UXL4
human_vs_mouse.gbmr4.k16.lctrue.regions.parquet,Q9UGP8,Q58A65
human_vs_mouse.gbmr4.k16.lctrue.regions.parquet,Q9UMY1,Q6EDY6
human_vs_mouse.gbmr4.k16.lctrue.regions.parquet,Q9Y4F9,Q5SXA9
human_vs_mouse.gbmr4.k16.lctrue.regions.parquet,Q9Y4F9,Q5U464
human_vs_mouse.gbmr4.k16.lctrue.regions.parquet,Q9Y5K6,Q9JLQ0
human_vs_mouse.hp_kyte_doolittle2.k19.lctrue.regions.parquet,A2RRH5,A2A5X5
human_vs_mouse.hp_kyte_doolittle2.k19.lctrue.regions.parquet,A2RRH5,A2AH22
human_vs_mouse.hp_kyte_doolittle2.k19.lctrue.regions.parquet,A2RRH5,A2ARI4
human_vs_mouse.hp_kyte_doolittle2.k19.lctrue.regions.parquet,A2RRH5,O89019
human_vs_mouse.hp_kyte_doolittle2.k19.lctrue.regions.parquet,A2RRH5,P97467
human_vs_mouse.hp_kyte_doolittle2.k19.lctrue.regions.parquet,A2RRH5,Q02357
human_vs_mouse.hp_kyte_doolittle2.k19.lctrue.regions.parquet,A2RRH5,Q8C5V5
human_vs_mouse.hp_kyte_doolittle2.k19.lctrue.regions.parquet,A2RRH5,Q9EQU3
human_vs_mouse.hp_kyte_doolittle2.k19.lctrue.regions.parquet,A2RRH5,Q9JI18
human_vs_mouse.hp_kyte_doolittle2.k19.lctrue.regions.parquet,A2RRH5,Q9JLI7
human_vs_mouse.hp_kyte_doolittle2.k19.lctrue.regions.parquet,A2RRH5,Q9WV72
human_vs_mouse.hp_kyte_doolittle2.k19.lctrue.regions.parquet,O00716,P56931
human_vs_mouse.hp_kyte_doolittle2.k19.lctrue.regions.parquet,O43524,Q70KY4
human_vs_mouse.hp_kyte_doolittle2.k19.lctrue.regions.parquet,O60508,O35242
human_vs_mouse.hp_kyte_doolittle2.k19.lctrue.regions.parquet,O60508,Q3UZY0
human_vs_mouse.hp_kyte_doolittle2.k19.lctrue.regions.parquet,O60508,Q60584
human_vs_mouse.hp_kyte_doolittle2.k19.lctrue.regions.parquet,O60508,Q6NVE8
human_vs_mouse.hp_kyte_doolittle2.k19.lctrue.regions.parquet,O60508,Q6PFX9
human_vs_mouse.hp_kyte_doolittle2.k19.lctrue.regions.parquet,O60508,Q8CIK8
human_vs_mouse.hp_kyte_doolittle2.k19.lctrue.regions.parquet,O60508,Q9JIL5
human_vs_mouse.hp_kyte_doolittle2.k19.lctrue.regions.parquet,O75167,P59759
human_vs_mouse.hp_kyte_doolittle2.k19.lctrue.regions.parquet,O75167,Q8BPN8
human_vs_mouse.hp_kyte_doolittle2.k19.lctrue.regions.parquet,O75167,Q8BYK5
human_vs_mouse.hp_kyte_doolittle2.k19.lctrue.regions.parquet,P11831,Q9JM73
human_vs_mouse.hp_kyte_doolittle2.k19.lctrue.regions.parquet,P20265,P21952
human_vs_mouse.hp_kyte_doolittle2.k19.lctrue.regions.parquet,P48634,A0A1B0GR13
human_vs_mouse.hp_kyte_doolittle2.k19.lctrue.regions.parquet,P48634,O70324
human_vs_mouse.hp_kyte_doolittle2.k19.lctrue.regions.parquet,P48634,O89053
human_vs_mouse.hp_kyte_doolittle2.k19.lctrue.regions.parquet,P48634,Q7TSC1
human_vs_mouse.hp_kyte_doolittle2.k19.lctrue.regions.parquet,P48634,Q80XB4
human_vs_mouse.hp_kyte_doolittle2.k19.lctrue.regions.parquet,P48634,Q8CGZ0
human_vs_mouse.hp_kyte_doolittle2.k19.lctrue.regions.parquet,P48634,Q91W69
human_vs_mouse.hp_kyte_doolittle2.k19.lctrue.regions.parquet,P80108,O70362
human_vs_mouse.hp_kyte_doolittle2.k19.lctrue.regions.parquet,P80108,P62874
human_vs_mouse.hp_kyte_doolittle2.k19.lctrue.regions.parquet,P80108,Q7TPD1
human_vs_mouse.hp_kyte_doolittle2.k19.lctrue.regions.parquet,P80108,Q9QUK6
human_vs_mouse.hp_kyte_doolittle2.k19.lctrue.regions.parquet,P80108,Q9WTS4
human_vs_mouse.hp_kyte_doolittle2.k19.lctrue.regions.parquet,Q01860,P20263
human_vs_mouse.hp_kyte_doolittle2.k19.lctrue.regions.parquet,Q03181,P35396
human_vs_mouse.hp_kyte_doolittle2.k19.lctrue.regions.parquet,Q12948,Q61850
human_vs_mouse.hp_kyte_doolittle2.k19.lctrue.regions.parquet,Q13641,A2VDH3
human_vs_mouse.hp_kyte_doolittle2.k19.lctrue.regions.parquet,Q13641,P59034
human_vs_mouse.hp_kyte_doolittle2.k19.lctrue.regions.parquet,Q13641,Q61809
human_vs_mouse.hp_kyte_doolittle2.k19.lctrue.regions.parquet,Q13641,Q8CDN9
human_vs_mouse.hp_kyte_doolittle2.k19.lctrue.regions.parquet,Q13641,Q99ME2
human_vs_mouse.hp_kyte_doolittle2.k19.lctrue.regions.parquet,Q13641,Q9Z0L0
human_vs_mouse.hp_kyte_doolittle2.k19.lctrue.regions.parquet,Q5T5C0,Q5DQR4
human_vs_mouse.hp_kyte_doolittle2.k19.lctrue.regions.parquet,Q5T5C0,Q6NZL6
human_vs_mouse.hp_kyte_doolittle2.k19.lctrue.regions.parquet,Q5T5C0,Q80VP0
human_vs_mouse.hp_kyte_doolittle2.k19.lctrue.regions.parquet,Q5T5C0,Q8BIZ1
human_vs_mouse.hp_kyte_doolittle2.k19.lctrue.regions.parquet,Q5T5C0,Q8K400
human_vs_mouse.hp_kyte_doolittle2.k19.lctrue.regions.parquet,Q5T5C0,Q8K4Q0
human_vs_mouse.hp_kyte_doolittle2.k19.lctrue.regions.parquet,Q5T5C0,Q8VE80
human_vs_mouse.hp_kyte_doolittle2.k19.lctrue.regions.parquet,Q5T5C0,Q920I9
human_vs_mouse.hp_kyte_doolittle2.k19.lctrue.regions.parquet,Q5T5C0,Q9R1A8
human_vs_mouse.hp_kyte_doolittle2.k19.lctrue.regions.parquet,Q5T9G4,Q6ZQ73
human_vs_mouse.hp_kyte_doolittle2.k19.lctrue.regions.parquet,Q5T9G4,Q80X86
human_vs_mouse.hp_kyte_doolittle2.k19.lctrue.regions.parquet,Q5T9G4,Q8BIZ1
human_vs_mouse.hp_kyte_doolittle2.k19.lctrue.regions.parquet,Q5VZK9,Q3UFQ8
human_vs_mouse.hp_kyte_doolittle2.k19.lctrue.regions.parquet,Q5VZK9,Q6EDY6
human_vs_mouse.hp_kyte_doolittle2.k19.lctrue.regions.parquet,Q5VZK9,Q8BKR5
human_vs_mouse.hp_kyte_doolittle2.k19.lctrue.regions.parquet,Q5VZK9,Q8VCK5
human_vs_mouse.hp_kyte_doolittle2.k19.lctrue.regions.parquet,Q5VZK9,Q91VI7
human_vs_mouse.hp_kyte_doolittle2.k19.lctrue.regions.parquet,Q6VVB1,Q5SQM0
human_vs_mouse.hp_kyte_doolittle2.k19.lctrue.regions.parquet,Q6VVB1,Q6NXY1
human_vs_mouse.hp_kyte_doolittle2.k19.lctrue.regions.parquet,Q6VVB1,Q8BLA8
human_vs_mouse.hp_kyte_doolittle2.k19.lctrue.regions.parquet,Q6VVB1,Q8BU03
human_vs_mouse.hp_kyte_doolittle2.k19.lctrue.regions.parquet,Q6VVB1,Q91VM3
human_vs_mouse.hp_kyte_doolittle2.k19.lctrue.regions.parquet,Q8N157,Q02257
human_vs_mouse.hp_kyte_doolittle2.k19.lctrue.regions.parquet,Q8N157,Q5SQM0
human_vs_mouse.hp_kyte_doolittle2.k19.lctrue.regions.parquet,Q8N157,Q8BGF7
human_vs_mouse.hp_kyte_doolittle2.k19.lctrue.regions.parquet,Q8N157,Q8BTS4
human_vs_mouse.hp_kyte_doolittle2.k19.lctrue.regions.parquet,Q8N157,Q8K3E5
human_vs_mouse.hp_kyte_doolittle2.k19.lctrue.regions.parquet,Q8NF91,P47741
human_vs_mouse.hp_kyte_doolittle2.k19.lctrue.regions.parquet,Q8NF91,Q6ZWR6
human_vs_mouse.hp_kyte_doolittle2.k19.lctrue.regions.parquet,Q8NF91,Q8VDV0
human_vs_mouse.hp_kyte_doolittle2.k19.lctrue.regions.parquet,Q96JM7,A2A5N8
human_vs_mouse.hp_kyte_doolittle2.k19.lctrue.regions.parquet,Q96JM7,Q8BLB7
human_vs_mouse.hp_kyte_doolittle2.k19.lctrue.regions.parquet,Q96KQ7,Q3UMR0
human_vs_mouse.hp_kyte_doolittle2.k19.lctrue.regions.parquet,Q96KQ7,Q69ZU8
human_vs_mouse.hp_kyte_doolittle2.k19.lctrue.regions.parquet,Q96KQ7,Q8C8R3
human_vs_mouse.hp_kyte_doolittle2.k19.lctrue.regions.parquet,Q96KQ7,Q8VBX0
human_vs_mouse.hp_kyte_doolittle2.k19.lctrue.regions.parquet,Q96KQ7,Q9D1A4
human_vs_mouse.hp_kyte_doolittle2.k19.lctrue.regions.parquet,Q9BQ90,A2AKB9
human_vs_mouse.hp_kyte_doolittle2.k19.lctrue.regions.parquet,Q9BQ90,Q62018
human_vs_mouse.hp_kyte_doolittle2.k19.lctrue.regions.parquet,Q9BQ90,Q8K3W2
human_vs_mouse.hp_kyte_doolittle2.k19.lctrue.regions.parquet,Q9BQ90,Q99KP6
human_vs_mouse.hp_kyte_doolittle2.k19.lctrue.regions.parquet,Q9BQ90,Q99MB1
human_vs_mouse.hp_kyte_doolittle2.k19.lctrue.regions.parquet,Q9BXY4,Q8K2V6
human_vs_mouse.hp_kyte_doolittle2.k19.lctrue.regions.parquet,Q9C0D0,P63037
human_vs_mouse.hp_kyte_doolittle2.k19.lctrue.regions.parquet,Q9C0D0,Q8BYK5
human_vs_mouse.hp_kyte_doolittle2.k19.lctrue.regions.parquet,Q9NP62,P70348
human_vs_mouse.hp_kyte_doolittle2.k19.lctrue.regions.parquet,Q9NRJ4,O09012
human_vs_mouse.hp_kyte_doolittle2.k19.lctrue.regions.parquet,Q9NRJ4,P47750
human_vs_mouse.hp_kyte_doolittle2.k19.lctrue.regions.parquet,Q9NRJ4,Q3TJ91
human_vs_mouse.hp_kyte_doolittle2.k19.lctrue.regions.parquet,Q9NRJ4,Q3UMY5
human_vs_mouse.hp_kyte_doolittle2.k19.lctrue.regions.parquet,Q9NRJ4,Q61809
human_vs_mouse.hp_kyte_doolittle2.k19.lctrue.regions.parquet,Q9NRJ4,Q64285
human_vs_mouse.hp_kyte_doolittle2.k19.lctrue.regions.parquet,Q9NRJ4,Q9QXE7
human_vs_mouse.hp_kyte_doolittle2.k19.lctrue.regions.parquet,Q9NWT1,Q8N7N5
human_vs_mouse.hp_kyte_doolittle2.k19.lctrue.regions.parquet,Q9NWT1,Q9CX97
human_vs_mouse.hp_kyte_doolittle2.k19.lctrue.regions.parquet,Q9NWT1,Q9D5R2
human_vs_mouse.hp_kyte_doolittle2.k19.lctrue.regions.parquet,Q9NWT1,Q9DB94
human_vs_mouse.hp_kyte_doolittle2.k19.lctrue.regions.parquet,Q9NWT1,Q9QXZ0
human_vs_mouse.hp_kyte_doolittle2.k19.lctrue.regions.parquet,Q9UBC1,Q8VHK1
human_vs_mouse.hp_kyte_doolittle2.k19.lctrue.regions.parquet,Q9UBC1,Q9ERK0
human_vs_mouse.hp_kyte_doolittle2.k19.lctrue.regions.parquet,Q9UK97,O89019
human_vs_mouse.hp_kyte_doolittle2.k19.lctrue.regions.parquet,Q9ULH4,E9Q7T7
human_vs_mouse.hp_kyte_doolittle2.k19.lctrue.regions.parquet,Q9ULH4,P15209
human_vs_mouse.hp_kyte_doolittle2.k19.lctrue.regions.parquet,Q9ULH4,Q3V1M1
human_vs_mouse.hp_kyte_doolittle2.k19.lctrue.regions.parquet,Q9ULH4,Q68FM6
human_vs_mouse.hp_kyte_doolittle2.k19.lctrue.regions.parquet,Q9ULH4,Q80TG9
human_vs_mouse.hp_kyte_doolittle2.k19.lctrue.regions.parquet,Q9ULH4,Q80XU8
human_vs_mouse.hp_lehninger_c_nonpolar2.k18.lctrue.regions.parquet,A1A5C7,A2AVZ9
human_vs_mouse.hp_lehninger_c_nonpolar2.k18.lctrue.regions.parquet,A1A5C7,O35174
human_vs_mouse.hp_lehninger_c_nonpolar2.k18.lctrue.regions.parquet,A1A5C7,O70496
human_vs_mouse.hp_lehninger_c_nonpolar2.k18.lctrue.regions.parquet,A1A5C7,P27545
human_vs_mouse.hp_lehninger_c_nonpolar2.k18.lctrue.regions.parquet,A1A5C7,Q3UVY5
human_vs_mouse.hp_lehninger_c_nonpolar2.k18.lctrue.regions.parquet,A1A5C7,Q5BKR2
human_vs_mouse.hp_lehninger_c_nonpolar2.k18.lctrue.regions.parquet,A1A5C7,Q61542
human_vs_mouse.hp_lehninger_c_nonpolar2.k18.lctrue.regions.parquet,A1A5C7,Q6P8H8
human_vs_mouse.hp_lehninger_c_nonpolar2.k18.lctrue.regions.parquet,A1A5C7,Q8CE94
human_vs_mouse.hp_lehninger_c_nonpolar2.k18.lctrue.regions.parquet,A1A5C7,Q9CXB2
human_vs_mouse.hp_lehninger_c_nonpolar2.k18.lctrue.regions.parquet,A6NI73,Q8BJI1
human_vs_mouse.hp_lehninger_c_nonpolar2.k18.lctrue.regions.parquet,O00270,P0C6A1
human_vs_mouse.hp_lehninger_c_nonpolar2.k18.lctrue.regions.parquet,O00270,Q3UEZ8
human_vs_mouse.hp_lehninger_c_nonpolar2.k18.lctrue.regions.parquet,O00270,Q5ND56
human_vs_mouse.hp_lehninger_c_nonpolar2.k18.lctrue.regions.parquet,O00270,Q60612
human_vs_mouse.hp_lehninger_c_nonpolar2.k18.lctrue.regions.parquet,O00270,Q60654
human_vs_mouse.hp_lehninger_c_nonpolar2.k18.lctrue.regions.parquet,O00270,Q80SS6
human_vs_mouse.hp_lehninger_c_nonpolar2.k18.lctrue.regions.parquet,O00476,E2JF22
human_vs_mouse.hp_lehninger_c_nonpolar2.k18.lctrue.regions.parquet,O00476,P31648
human_vs_mouse.hp_lehninger_c_nonpolar2.k18.lctrue.regions.parquet,O00476,Q8BFU8
human_vs_mouse.hp_lehninger_c_nonpolar2.k18.lctrue.regions.parquet,O00476,Q8BR76
human_vs_mouse.hp_lehninger_c_nonpolar2.k18.lctrue.regions.parquet,O00476,Q9QXP0
human_vs_mouse.hp_lehninger_c_nonpolar2.k18.lctrue.regions.parquet,O00478,Q9CTG6
human_vs_mouse.hp_lehninger_c_nonpolar2.k18.lctrue.regions.parquet,O00624,G5E8K6
human_vs_mouse.hp_lehninger_c_nonpolar2.k18.lctrue.regions.parquet,O00624,P58390
human_vs_mouse.hp_lehninger_c_nonpolar2.k18.lctrue.regions.parquet,O00624,Q69ZS6
human_vs_mouse.hp_lehninger_c_nonpolar2.k18.lctrue.regions.parquet,O00624,Q6PB70
human_vs_mouse.hp_lehninger_c_nonpolar2.k18.lctrue.regions.parquet,O00624,Q78S06
human_vs_mouse.hp_lehninger_c_nonpolar2.k18.lctrue.regions.parquet,O00624,Q7TQP0
human_vs_mouse.hp_lehninger_c_nonpolar2.k18.lctrue.regions.parquet,O00624,Q925N0
human_vs_mouse.hp_lehninger_c_nonpolar2.k18.lctrue.regions.parquet,O00624,Q9DBV4
human_vs_mouse.hp_lehninger_c_nonpolar2.k18.lctrue.regions.parquet,O14638,Q91WU2
human_vs_mouse.hp_lehninger_c_nonpolar2.k18.lctrue.regions.parquet,O14931,O35604
human_vs_mouse.hp_lehninger_c_nonpolar2.k18.lctrue.regions.parquet,O15244,B9EKX1
human_vs_mouse.hp_lehninger_c_nonpolar2.k18.lctrue.regions.parquet,O15244,P28230
human_vs_mouse.hp_lehninger_c_nonpolar2.k18.lctrue.regions.parquet,O15244,P34984
human_vs_mouse.hp_lehninger_c_nonpolar2.k18.lctrue.regions.parquet,O15244,Q3TYU2
human_vs_mouse.hp_lehninger_c_nonpolar2.k18.lctrue.regions.parquet,O15244,Q3UDR8
human_vs_mouse.hp_lehninger_c_nonpolar2.k18.lctrue.regions.parquet,O15244,Q62147
human_vs_mouse.hp_lehninger_c_nonpolar2.k18.lctrue.regions.parquet,O15244,Q78KK3
human_vs_mouse.hp_lehninger_c_nonpolar2.k18.lctrue.regions.parquet,O15244,Q8BHY2
human_vs_mouse.hp_lehninger_c_nonpolar2.k18.lctrue.regions.parquet,O15244,Q8K097
human_vs_mouse.hp_lehninger_c_nonpolar2.k18.lctrue.regions.parquet,O15244,Q8VCA0
human_vs_mouse.hp_lehninger_c_nonpolar2.k18.lctrue.regions.parquet,O15244,Q9D2Y9
human_vs_mouse.hp_lehninger_c_nonpolar2.k18.lctrue.regions.parquet,O15245,B1AYL1
human_vs_mouse.hp_lehninger_c_nonpolar2.k18.lctrue.regions.parquet,O15245,B8JK39
human_vs_mouse.hp_lehninger_c_nonpolar2.k18.lctrue.regions.parquet,O15245,O88427
human_vs_mouse.hp_lehninger_c_nonpolar2.k18.lctrue.regions.parquet,O15245,P97490
human_vs_mouse.hp_lehninger_c_nonpolar2.k18.lctrue.regions.parquet,O15245,Q08501
human_vs_mouse.hp_lehninger_c_nonpolar2.k18.lctrue.regions.parquet,O15245,Q60887
human_vs_mouse.hp_lehninger_c_nonpolar2.k18.lctrue.regions.parquet,O15245,Q62052
human_vs_mouse.hp_lehninger_c_nonpolar2.k18.lctrue.regions.parquet,O15245,Q8BQ86
human_vs_mouse.hp_lehninger_c_nonpolar2.k18.lctrue.regions.parquet,O15245,Q8K174
human_vs_mouse.hp_lehninger_c_nonpolar2.k18.lctrue.regions.parquet,O15245,Q8K3D6
human_vs_mouse.hp_lehninger_c_nonpolar2.k18.lctrue.regions.parquet,O15245,Q91ZB7
human_vs_mouse.hp_lehninger_c_nonpolar2.k18.lctrue.regions.parquet,O15533,O35600
human_vs_mouse.hp_lehninger_c_nonpolar2.k18.lctrue.regions.parquet,O60242,O70451
human_vs_mouse.hp_lehninger_c_nonpolar2.k18.lctrue.regions.parquet,O60242,O88792
human_vs_mouse.hp_lehninger_c_nonpolar2.k18.lctrue.regions.parquet,O60242,Q8BS95
human_vs_mouse.hp_lehninger_c_nonpolar2.k18.lctrue.regions.parquet,O60242,Q99PN0
human_vs_mouse.hp_lehninger_c_nonpolar2.k18.lctrue.regions.parquet,O60242,Q9DB41
human_vs_mouse.hp_lehninger_c_nonpolar2.k18.lctrue.regions.parquet,O60242,Q9DCU0
human_vs_mouse.hp_lehninger_c_nonpolar2.k18.lctrue.regions.parquet,O60906,O70451
human_vs_mouse.hp_lehninger_c_nonpolar2.k18.lctrue.regions.parquet,O75019,Q9Z1F6
human_vs_mouse.hp_lehninger_c_nonpolar2.k18.lctrue.regions.parquet,O75022,Q4FZC9
human_vs_mouse.hp_lehninger_c_nonpolar2.k18.lctrue.regions.parquet,O75023,Q8BH18
human_vs_mouse.hp_lehninger_c_nonpolar2.k18.lctrue.regions.parquet,O75751,O88427
human_vs_mouse.hp_lehninger_c_nonpolar2.k18.lctrue.regions.parquet,O75751,P31651
human_vs_mouse.hp_lehninger_c_nonpolar2.k18.lctrue.regions.parquet,O75751,Q7TM99
human_vs_mouse.hp_lehninger_c_nonpolar2.k18.lctrue.regions.parquet,O75751,Q8BXB6
human_vs_mouse.hp_lehninger_c_nonpolar2.k18.lctrue.regions.parquet,O75751,Q8K174
human_vs_mouse.hp_lehninger_c_nonpolar2.k18.lctrue.regions.parquet,O75751,Q8K595
human_vs_mouse.hp_lehninger_c_nonpolar2.k18.lctrue.regions.parquet,O75751,Q9D311
human_vs_mouse.hp_lehninger_c_nonpolar2.k18.lctrue.regions.parquet,O95279,E9Q355
human_vs_mouse.hp_lehninger_c_nonpolar2.k18.lctrue.regions.parquet,O95279,Q8CI59
human_vs_mouse.hp_lehninger_c_nonpolar2.k18.lctrue.regions.parquet,O95279,Q8VD53
human_vs_mouse.hp_lehninger_c_nonpolar2.k18.lctrue.regions.parquet,O95944,P98200
human_vs_mouse.hp_lehninger_c_nonpolar2.k18.lctrue.regions.parquet,P04201,B2RU40
human_vs_mouse.hp_lehninger_c_nonpolar2.k18.lctrue.regions.parquet,P04201,P15208
human_vs_mouse.hp_lehninger_c_nonpolar2.k18.lctrue.regions.parquet,P04201,Q5XF89
human_vs_mouse.hp_lehninger_c_nonpolar2.k18.lctrue.regions.parquet,P04201,Q6PIX5
human_vs_mouse.hp_lehninger_c_nonpolar2.k18.lctrue.regions.parquet,P04201,Q91VP7
human_vs_mouse.hp_lehninger_c_nonpolar2.k18.lctrue.regions.parquet,P08922,Q3UVD5
human_vs_mouse.hp_lehninger_c_nonpolar2.k18.lctrue.regions.parquet,P08F94,Q9EQC4
human_vs_mouse.hp_lehninger_c_nonpolar2.k18.lctrue.regions.parquet,P11717,O35604
human_vs_mouse.hp_lehninger_c_nonpolar2.k18.lctrue.regions.parquet,P15812,P35762
human_vs_mouse.hp_lehninger_c_nonpolar2.k18.lctrue.regions.parquet,P21554,A0A0U1RQ45
human_vs_mouse.hp_lehninger_c_nonpolar2.k18.lctrue.regions.parquet,P21554,P19437
human_vs_mouse.hp_lehninger_c_nonpolar2.k18.lctrue.regions.parquet,P21554,Q3UVD5
human_vs_mouse.hp_lehninger_c_nonpolar2.k18.lctrue.regions.parquet,P21554,Q5FWC3
human_vs_mouse.hp_lehninger_c_nonpolar2.k18.lctrue.regions.parquet,P21554,Q8BG39
human_vs_mouse.hp_lehninger_c_nonpolar2.k18.lctrue.regions.parquet,P21554,Q924H0
human_vs_mouse.hp_lehninger_c_nonpolar2.k18.lctrue.regions.parquet,P24046,Q5XF89
human_vs_mouse.hp_lehninger_c_nonpolar2.k18.lctrue.regions.parquet,P24046,Q60603
human_vs_mouse.hp_lehninger_c_nonpolar2.k18.lctrue.regions.parquet,P24046,Q8BHK1
human_vs_mouse.hp_lehninger_c_nonpolar2.k18.lctrue.regions.parquet,P28222,P30730
human_vs_mouse.hp_lehninger_c_nonpolar2.k18.lctrue.regions.parquet,P28222,P48410
human_vs_mouse.hp_lehninger_c_nonpolar2.k18.lctrue.regions.parquet,P28222,P61168
human_vs_mouse.hp_lehninger_c_nonpolar2.k18.lctrue.regions.parquet,P28222,Q5QD16
human_vs_mouse.hp_lehninger_c_nonpolar2.k18.lctrue.regions.parquet,P28222,Q61212
human_vs_mouse.hp_lehninger_c_nonpolar2.k18.lctrue.regions.parquet,P28222,Q9D1E5
human_vs_mouse.hp_lehninger_c_nonpolar2.k18.lctrue.regions.parquet,P28476,Q5XF89
human_vs_mouse.hp_lehninger_c_nonpolar2.k18.lctrue.regions.parquet,P28476,Q8BHK1
human_vs_mouse.hp_lehninger_c_nonpolar2.k18.lctrue.regions.parquet,P28476,Q91YT8
human_vs_mouse.hp_lehninger_c_nonpolar2.k18.lctrue.regions.parquet,P28566,P03921
human_vs_mouse.hp_lehninger_c_nonpolar2.k18.lctrue.regions.parquet,P28566,P0DJF3
human_vs_mouse.hp_lehninger_c_nonpolar2.k18.lctrue.regions.parquet,P28566,P51436
human_vs_mouse.hp_lehninger_c_nonpolar2.k18.lctrue.regions.parquet,P28566,Q01341
human_vs_mouse.hp_lehninger_c_nonpolar2.k18.lctrue.regions.parquet,P28566,Q3V209
human_vs_mouse.hp_lehninger_c_nonpolar2.k18.lctrue.regions.parquet,P28566,Q8VC82
human_vs_mouse.hp_lehninger_c_nonpolar2.k18.lctrue.regions.parquet,P28566,Q9EQ09
human_vs_mouse.hp_lehninger_c_nonpolar2.k18.lctrue.regions.parquet,P29016,Q810B7
human_vs_mouse.hp_lehninger_c_nonpolar2.k18.lctrue.regions.parquet,P35372,O35465
human_vs_mouse.hp_lehninger_c_nonpolar2.k18.lctrue.regions.parquet,P35372,Q8BZ00
human_vs_mouse.hp_lehninger_c_nonpolar2.k18.lctrue.regions.parquet,P35372,Q8VG06
human_vs_mouse.hp_lehninger_c_nonpolar2.k18.lctrue.regions.parquet,P35372,Q9CQM1
human_vs_mouse.hp_lehninger_c_nonpolar2.k18.lctrue.regions.parquet,P35372,Q9CSV6
human_vs_mouse.hp_lehninger_c_nonpolar2.k18.lctrue.regions.parquet,P35372,Q9WTW2
human_vs_mouse.hp_lehninger_c_nonpolar2.k18.lctrue.regions.parquet,P43307,P30728
human_vs_mouse.hp_lehninger_c_nonpolar2.k18.lctrue.regions.parquet,P43628,O08966
human_vs_mouse.hp_lehninger_c_nonpolar2.k18.lctrue.regions.parquet,P43629,Q8BW66
human_vs_mouse.hp_lehninger_c_nonpolar2.k18.lctrue.regions.parquet,P43631,Q9CR67
human_vs_mouse.hp_lehninger_c_nonpolar2.k18.lctrue.regions.parquet,P43632,Q9CR67
human_vs_mouse.hp_lehninger_c_nonpolar2.k18.lctrue.regions.parquet,P46095,E9PXX9
human_vs_mouse.hp_lehninger_c_nonpolar2.k18.lctrue.regions.parquet,P46095,Q62052
human_vs_mouse.hp_lehninger_c_nonpolar2.k18.lctrue.regions.parquet,P46095,Q8BH01
human_vs_mouse.hp_lehninger_c_nonpolar2.k18.lctrue.regions.parquet,P46095,Q8CI59
human_vs_mouse.hp_lehninger_c_nonpolar2.k18.lctrue.regions.parquet,P46095,Q923X1
human_vs_mouse.hp_lehninger_c_nonpolar2.k18.lctrue.regions.parquet,P46095,Q9QXS8
human_vs_mouse.hp_lehninger_c_nonpolar2.k18.lctrue.regions.parquet,P51684,O35600
human_vs_mouse.hp_lehninger_c_nonpolar2.k18.lctrue.regions.parquet,P51684,O35659
human_vs_mouse.hp_lehninger_c_nonpolar2.k18.lctrue.regions.parquet,P51684,O88410
human_vs_mouse.hp_lehninger_c_nonpolar2.k18.lctrue.regions.parquet,P51684,Q5GH67
human_vs_mouse.hp_lehninger_c_nonpolar2.k18.lctrue.regions.parquet,P51684,Q8R070
human_vs_mouse.hp_lehninger_c_nonpolar2.k18.lctrue.regions.parquet,P51684,Q9DCN7
human_vs_mouse.hp_lehninger_c_nonpolar2.k18.lctrue.regions.parquet,P59901,Q9Z1F6
human_vs_mouse.hp_lehninger_c_nonpolar2.k18.lctrue.regions.parquet,P78382,O54799
human_vs_mouse.hp_lehninger_c_nonpolar2.k18.lctrue.regions.parquet,P78382,O88444
human_vs_mouse.hp_lehninger_c_nonpolar2.k18.lctrue.regions.parquet,P78382,Q61184
human_vs_mouse.hp_lehninger_c_nonpolar2.k18.lctrue.regions.parquet,P78382,Q80XL7
human_vs_mouse.hp_lehninger_c_nonpolar2.k18.lctrue.regions.parquet,P78382,Q8BXJ9
human_vs_mouse.hp_lehninger_c_nonpolar2.k18.lctrue.regions.parquet,P78382,Q8BZF2
human_vs_mouse.hp_lehninger_c_nonpolar2.k18.lctrue.regions.parquet,P78382,Q8CIQ6
human_vs_mouse.hp_lehninger_c_nonpolar2.k18.lctrue.regions.parquet,P78382,Q9JLJ5
human_vs_mouse.hp_lehninger_c_nonpolar2.k18.lctrue.regions.parquet,P78410,Q62469
human_vs_mouse.hp_lehninger_c_nonpolar2.k18.lctrue.regions.parquet,Q01151,P59529
human_vs_mouse.hp_lehninger_c_nonpolar2.k18.lctrue.regions.parquet,Q04900,O70410
human_vs_mouse.hp_lehninger_c_nonpolar2.k18.lctrue.regions.parquet,Q13410,Q8BXZ0
human_vs_mouse.hp_lehninger_c_nonpolar2.k18.lctrue.regions.parquet,Q14833,O88855
human_vs_mouse.hp_lehninger_c_nonpolar2.k18.lctrue.regions.parquet,Q14833,Q02242
human_vs_mouse.hp_lehninger_c_nonpolar2.k18.lctrue.regions.parquet,Q14833,Q3UEZ8
human_vs_mouse.hp_lehninger_c_nonpolar2.k18.lctrue.regions.parquet,Q14833,Q5U4D8
human_vs_mouse.hp_lehninger_c_nonpolar2.k18.lctrue.regions.parquet,Q14833,Q8BHH8
human_vs_mouse.hp_lehninger_c_nonpolar2.k18.lctrue.regions.parquet,Q14833,Q9D7I0
human_vs_mouse.hp_lehninger_c_nonpolar2.k18.lctrue.regions.parquet,Q14833,Q9Z2C6
human_vs_mouse.hp_lehninger_c_nonpolar2.k18.lctrue.regions.parquet,Q14916,A7TZF3
human_vs_mouse.hp_lehninger_c_nonpolar2.k18.lctrue.regions.parquet,Q14916,P62816
human_vs_mouse.hp_lehninger_c_nonpolar2.k18.lctrue.regions.parquet,Q14916,Q5U419
human_vs_mouse.hp_lehninger_c_nonpolar2.k18.lctrue.regions.parquet,Q14916,Q8BFU8
human_vs_mouse.hp_lehninger_c_nonpolar2.k18.lctrue.regions.parquet,Q14916,Q8K0H7
human_vs_mouse.hp_lehninger_c_nonpolar2.k18.lctrue.regions.parquet,Q14916,Q99PE5
human_vs_mouse.hp_lehninger_c_nonpolar2.k18.lctrue.regions.parquet,Q14916,Q9D771
human_vs_mouse.hp_lehninger_c_nonpolar2.k18.lctrue.regions.parquet,Q14916,Q9ER62
human_vs_mouse.hp_lehninger_c_nonpolar2.k18.lctrue.regions.parquet,Q14953,Q9CR67
human_vs_mouse.hp_lehninger_c_nonpolar2.k18.lctrue.regions.parquet,Q14954,Q9CR67
human_vs_mouse.hp_lehninger_c_nonpolar2.k18.lctrue.regions.parquet,Q15109,Q9CX30
human_vs_mouse.hp_lehninger_c_nonpolar2.k18.lctrue.regions.parquet,Q15262,P70424
human_vs_mouse.hp_lehninger_c_nonpolar2.k18.lctrue.regions.parquet,Q16653,Q5U419
human_vs_mouse.hp_lehninger_c_nonpolar2.k18.lctrue.regions.parquet,Q16653,Q7TM99
human_vs_mouse.hp_lehninger_c_nonpolar2.k18.lctrue.regions.parquet,Q29983,P30987
human_vs_mouse.hp_lehninger_c_nonpolar2.k18.lctrue.regions.parquet,Q30201,Q61738
human_vs_mouse.hp_lehninger_c_nonpolar2.k18.lctrue.regions.parquet,Q4VXA5,P06795
human_vs_mouse.hp_lehninger_c_nonpolar2.k18.lctrue.regions.parquet,Q4VXA5,Q99PN0
human_vs_mouse.hp_lehninger_c_nonpolar2.k18.lctrue.regions.parquet,Q53GD3,P47743
human_vs_mouse.hp_lehninger_c_nonpolar2.k18.lctrue.regions.parquet,Q53GD3,P97414
human_vs_mouse.hp_lehninger_c_nonpolar2.k18.lctrue.regions.parquet,Q53GD3,Q49B93
human_vs_mouse.hp_lehninger_c_nonpolar2.k18.lctrue.regions.parquet,Q53GD3,Q5NCM1
human_vs_mouse.hp_lehninger_c_nonpolar2.k18.lctrue.regions.parquet,Q53GD3,Q61224
human_vs_mouse.hp_lehninger_c_nonpolar2.k18.lctrue.regions.parquet,Q53GD3,Q62425
human_vs_mouse.hp_lehninger_c_nonpolar2.k18.lctrue.regions.parquet,Q53GD3,Q6PDE7
human_vs_mouse.hp_lehninger_c_nonpolar2.k18.lctrue.regions.parquet,Q53GD3,Q9WTY4
human_vs_mouse.hp_lehninger_c_nonpolar2.k18.lctrue.regions.parquet,Q5SQ64,Q60774
human_vs_mouse.hp_lehninger_c_nonpolar2.k18.lctrue.regions.parquet,Q5T1Q4,A4FUQ5
human_vs_mouse.hp_lehninger_c_nonpolar2.k18.lctrue.regions.parquet,Q5T1Q4,B8JK39
human_vs_mouse.hp_lehninger_c_nonpolar2.k18.lctrue.regions.parquet,Q5T1Q4,P0CW70
human_vs_mouse.hp_lehninger_c_nonpolar2.k18.lctrue.regions.parquet,Q5T1Q4,P48410
human_vs_mouse.hp_lehninger_c_nonpolar2.k18.lctrue.regions.parquet,Q5T1Q4,Q61907
human_vs_mouse.hp_lehninger_c_nonpolar2.k18.lctrue.regions.parquet,Q5T1Q4,Q8BIV7
human_vs_mouse.hp_lehninger_c_nonpolar2.k18.lctrue.regions.parquet,Q5T1Q4,Q8BW93
human_vs_mouse.hp_lehninger_c_nonpolar2.k18.lctrue.regions.parquet,Q5T1Q4,Q8K3D6
human_vs_mouse.hp_lehninger_c_nonpolar2.k18.lctrue.regions.parquet,Q5T1Q4,Q99JW5
human_vs_mouse.hp_lehninger_c_nonpolar2.k18.lctrue.regions.parquet,Q5T1Q4,Q9Z2E9
human_vs_mouse.hp_lehninger_c_nonpolar2.k18.lctrue.regions.parquet,Q5T3U5,B2RQA1
human_vs_mouse.hp_lehninger_c_nonpolar2.k18.lctrue.regions.parquet,Q5T3U5,D3YVE8
human_vs_mouse.hp_lehninger_c_nonpolar2.k18.lctrue.regions.parquet,Q5T3U5,G5E845
human_vs_mouse.hp_lehninger_c_nonpolar2.k18.lctrue.regions.parquet,Q5T3U5,P0C5I1
human_vs_mouse.hp_lehninger_c_nonpolar2.k18.lctrue.regions.parquet,Q5T3U5,P41251
human_vs_mouse.hp_lehninger_c_nonpolar2.k18.lctrue.regions.parquet,Q5T3U5,P50636
human_vs_mouse.hp_lehninger_c_nonpolar2.k18.lctrue.regions.parquet,Q5T3U5,Q149R9
human_vs_mouse.hp_lehninger_c_nonpolar2.k18.lctrue.regions.parquet,Q5T3U5,Q3TYE7
human_vs_mouse.hp_lehninger_c_nonpolar2.k18.lctrue.regions.parquet,Q5T3U5,Q61618
human_vs_mouse.hp_lehninger_c_nonpolar2.k18.lctrue.regions.parquet,Q5T3U5,Q7TSH7
human_vs_mouse.hp_lehninger_c_nonpolar2.k18.lctrue.regions.parquet,Q5T3U5,Q8CFY5
human_vs_mouse.hp_lehninger_c_nonpolar2.k18.lctrue.regions.parquet,Q5T3U5,Q8K1A5
human_vs_mouse.hp_lehninger_c_nonpolar2.k18.lctrue.regions.parquet,Q5T3U5,Q8K440
human_vs_mouse.hp_lehninger_c_nonpolar2.k18.lctrue.regions.parquet,Q5T3U5,Q9D7D7
human_vs_mouse.hp_lehninger_c_nonpolar2.k18.lctrue.regions.parquet,Q5T4T1,P33896
human_vs_mouse.hp_lehninger_c_nonpolar2.k18.lctrue.regions.parquet,Q5T4T1,Q3UVX5
human_vs_mouse.hp_lehninger_c_nonpolar2.k18.lctrue.regions.parquet,Q5T4T1,Q9JL59
human_vs_mouse.hp_lehninger_c_nonpolar2.k18.lctrue.regions.parquet,Q5TH69,A2A6C4
human_vs_mouse.hp_lehninger_c_nonpolar2.k18.lctrue.regions.parquet,Q6H3X3,Q62052
human_vs_mouse.hp_lehninger_c_nonpolar2.k18.lctrue.regions.parquet,Q6ISU1,A7TZE6
human_vs_mouse.hp_lehninger_c_nonpolar2.k18.lctrue.regions.parquet,Q6NT16,A2ARP9
human_vs_mouse.hp_lehninger_c_nonpolar2.k18.lctrue.regions.parquet,Q6NT16,O54798
human_vs_mouse.hp_lehninger_c_nonpolar2.k18.lctrue.regions.parquet,Q6NT16,O54990
human_vs_mouse.hp_lehninger_c_nonpolar2.k18.lctrue.regions.parquet,Q6NT16,P14246
human_vs_mouse.hp_lehninger_c_nonpolar2.k18.lctrue.regions.parquet,Q6NT16,P16305
human_vs_mouse.hp_lehninger_c_nonpolar2.k18.lctrue.regions.parquet,Q6NT16,Q3UQ41
human_vs_mouse.hp_lehninger_c_nonpolar2.k18.lctrue.regions.parquet,Q6NT16,Q5I012
human_vs_mouse.hp_lehninger_c_nonpolar2.k18.lctrue.regions.parquet,Q6NT16,Q7TT36
human_vs_mouse.hp_lehninger_c_nonpolar2.k18.lctrue.regions.parquet,Q6NT16,Q80TL1
human_vs_mouse.hp_lehninger_c_nonpolar2.k18.lctrue.regions.parquet,Q6NT16,Q80ZU9
human_vs_mouse.hp_lehninger_c_nonpolar2.k18.lctrue.regions.parquet,Q6NT16,Q8VCX2
human_vs_mouse.hp_lehninger_c_nonpolar2.k18.lctrue.regions.parquet,Q6NT16,Q91VA1
human_vs_mouse.hp_lehninger_c_nonpolar2.k18.lctrue.regions.parquet,Q6PI73,Q9Z1F6
human_vs_mouse.hp_lehninger_c_nonpolar2.k18.lctrue.regions.parquet,Q6UWU4,P00397
human_vs_mouse.hp_lehninger_c_nonpolar2.k18.lctrue.regions.parquet,Q6UY11,Q8VI23
human_vs_mouse.hp_lehninger_c_nonpolar2.k18.lctrue.regions.parquet,Q6ZNC8,O70451
human_vs_mouse.hp_lehninger_c_nonpolar2.k18.lctrue.regions.parquet,Q6ZNC8,O88416
human_vs_mouse.hp_lehninger_c_nonpolar2.k18.lctrue.regions.parquet,Q6ZNC8,P06795
human_vs_mouse.hp_lehninger_c_nonpolar2.k18.lctrue.regions.parquet,Q6ZNC8,P31650
human_vs_mouse.hp_lehninger_c_nonpolar2.k18.lctrue.regions.parquet,Q6ZNC8,P70704
human_vs_mouse.hp_lehninger_c_nonpolar2.k18.lctrue.regions.parquet,Q6ZNC8,Q0VBU9
human_vs_mouse.hp_lehninger_c_nonpolar2.k18.lctrue.regions.parquet,Q6ZNC8,Q8CBC4
human_vs_mouse.hp_lehninger_c_nonpolar2.k18.lctrue.regions.parquet,Q6ZNC8,Q8VEH0
human_vs_mouse.hp_lehninger_c_nonpolar2.k18.lctrue.regions.parquet,Q7Z419,O88552
human_vs_mouse.hp_lehninger_c_nonpolar2.k18.lctrue.regions.parquet,Q86SQ4,D3Z338
human_vs_mouse.hp_lehninger_c_nonpolar2.k18.lctrue.regions.parquet,Q86SQ4,P00158
human_vs_mouse.hp_lehninger_c_nonpolar2.k18.lctrue.regions.parquet,Q86SQ4,P0C5J4
human_vs_mouse.hp_lehninger_c_nonpolar2.k18.lctrue.regions.parquet,Q86SQ4,Q0VBU9
human_vs_mouse.hp_lehninger_c_nonpolar2.k18.lctrue.regions.parquet,Q86SQ4,Q5HZJ5
human_vs_mouse.hp_lehninger_c_nonpolar2.k18.lctrue.regions.parquet,Q86SQ4,Q5NCH9
human_vs_mouse.hp_lehninger_c_nonpolar2.k18.lctrue.regions.parquet,Q86SQ4,Q8BGA3
human_vs_mouse.hp_lehninger_c_nonpolar2.k18.lctrue.regions.parquet,Q86VW1,G3UVW3
human_vs_mouse.hp_lehninger_c_nonpolar2.k18.lctrue.regions.parquet,Q86VW1,O08966
human_vs_mouse.hp_lehninger_c_nonpolar2.k18.lctrue.regions.parquet,Q86VW1,O09101
human_vs_mouse.hp_lehninger_c_nonpolar2.k18.lctrue.regions.parquet,Q86VW1,O54890
human_vs_mouse.hp_lehninger_c_nonpolar2.k18.lctrue.regions.parquet,Q86VW1,P30993
human_vs_mouse.hp_lehninger_c_nonpolar2.k18.lctrue.regions.parquet,Q86VW1,P98195
human_vs_mouse.hp_lehninger_c_nonpolar2.k18.lctrue.regions.parquet,Q86VW1,Q5RJI2
human_vs_mouse.hp_lehninger_c_nonpolar2.k18.lctrue.regions.parquet,Q86VW1,Q8BWC0
human_vs_mouse.hp_lehninger_c_nonpolar2.k18.lctrue.regions.parquet,Q86VW1,Q8C3X8
human_vs_mouse.hp_lehninger_c_nonpolar2.k18.lctrue.regions.parquet,Q86VW1,Q91V24
human_vs_mouse.hp_lehninger_c_nonpolar2.k18.lctrue.regions.parquet,Q86VW1,Q9D8B6
human_vs_mouse.hp_lehninger_c_nonpolar2.k18.lctrue.regions.parquet,Q86VW1,Q9QXY7
human_vs_mouse.hp_lehninger_c_nonpolar2.k18.lctrue.regions.parquet,Q86WC4,P17809
human_vs_mouse.hp_lehninger_c_nonpolar2.k18.lctrue.regions.parquet,Q8IV45,G3UVW3
human_vs_mouse.hp_lehninger_c_nonpolar2.k18.lctrue.regions.parquet,Q8IZ57,O70507
human_vs_mouse.hp_lehninger_c_nonpolar2.k18.lctrue.regions.parquet,Q8IZ57,Q5EBI0
human_vs_mouse.hp_lehninger_c_nonpolar2.k18.lctrue.regions.parquet,Q8IZF2,O54799
human_vs_mouse.hp_lehninger_c_nonpolar2.k18.lctrue.regions.parquet,Q8IZF2,P06802
human_vs_mouse.hp_lehninger_c_nonpolar2.k18.lctrue.regions.parquet,Q8IZF2,P30993
human_vs_mouse.hp_lehninger_c_nonpolar2.k18.lctrue.regions.parquet,Q8IZF2,P35378
human_vs_mouse.hp_lehninger_c_nonpolar2.k18.lctrue.regions.parquet,Q8IZF2,Q6IR37
human_vs_mouse.hp_lehninger_c_nonpolar2.k18.lctrue.regions.parquet,Q8IZF2,Q8VCK6
human_vs_mouse.hp_lehninger_c_nonpolar2.k18.lctrue.regions.parquet,Q8IZF2,Q9D2L6
human_vs_mouse.hp_lehninger_c_nonpolar2.k18.lctrue.regions.parquet,Q8IZT8,Q61603
human_vs_mouse.hp_lehninger_c_nonpolar2.k18.lctrue.regions.parquet,Q8N109,Q8BW66
human_vs_mouse.hp_lehninger_c_nonpolar2.k18.lctrue.regions.parquet,Q8N149,Q9Z1F6
human_vs_mouse.hp_lehninger_c_nonpolar2.k18.lctrue.regions.parquet,Q8N743,O08966
human_vs_mouse.hp_lehninger_c_nonpolar2.k18.lctrue.regions.parquet,Q8N7C4,A7TZE6
human_vs_mouse.hp_lehninger_c_nonpolar2.k18.lctrue.regions.parquet,Q8N7C4,O35469
human_vs_mouse.hp_lehninger_c_nonpolar2.k18.lctrue.regions.parquet,Q8N7C4,P49582
human_vs_mouse.hp_lehninger_c_nonpolar2.k18.lctrue.regions.parquet,Q8N7C4,Q99J27
human_vs_mouse.hp_lehninger_c_nonpolar2.k18.lctrue.regions.parquet,Q8NA58,Q6T3U4
human_vs_mouse.hp_lehninger_c_nonpolar2.k18.lctrue.regions.parquet,Q8NC56,Q8K0B2
human_vs_mouse.hp_lehninger_c_nonpolar2.k18.lctrue.regions.parquet,Q8NE79,P56479
human_vs_mouse.hp_lehninger_c_nonpolar2.k18.lctrue.regions.parquet,Q8NE79,Q91ZU9
human_vs_mouse.hp_lehninger_c_nonpolar2.k18.lctrue.regions.parquet,Q8NHJ6,Q8K441
human_vs_mouse.hp_lehninger_c_nonpolar2.k18.lctrue.regions.parquet,Q8TB61,O35604
human_vs_mouse.hp_lehninger_c_nonpolar2.k18.lctrue.regions.parquet,Q8TB61,Q01705
human_vs_mouse.hp_lehninger_c_nonpolar2.k18.lctrue.regions.parquet,Q8TB61,Q02152
human_vs_mouse.hp_lehninger_c_nonpolar2.k18.lctrue.regions.parquet,Q8TB61,Q61420
human_vs_mouse.hp_lehninger_c_nonpolar2.k18.lctrue.regions.parquet,Q8TB61,Q6R653
human_vs_mouse.hp_lehninger_c_nonpolar2.k18.lctrue.regions.parquet,Q8TB61,Q6X893
human_vs_mouse.hp_lehninger_c_nonpolar2.k18.lctrue.regions.parquet,Q8TB61,Q8BQX5
human_vs_mouse.hp_lehninger_c_nonpolar2.k18.lctrue.regions.parquet,Q8TB61,Q99246
human_vs_mouse.hp_lehninger_c_nonpolar2.k18.lctrue.regions.parquet,Q8TB61,Q9CR48
human_vs_mouse.hp_lehninger_c_nonpolar2.k18.lctrue.regions.parquet,Q8TEZ7,O70579
human_vs_mouse.hp_lehninger_c_nonpolar2.k18.lctrue.regions.parquet,Q8TEZ7,P0CW70
human_vs_mouse.hp_lehninger_c_nonpolar2.k18.lctrue.regions.parquet,Q8TEZ7,Q3UN70
human_vs_mouse.hp_lehninger_c_nonpolar2.k18.lctrue.regions.parquet,Q8TEZ7,Q7M724
human_vs_mouse.hp_lehninger_c_nonpolar2.k18.lctrue.regions.parquet,Q8TEZ7,Q9CQG6
human_vs_mouse.hp_lehninger_c_nonpolar2.k18.lctrue.regions.parquet,Q8TEZ7,Q9R1X5
human_vs_mouse.hp_lehninger_c_nonpolar2.k18.lctrue.regions.parquet,Q8WV19,O88855
human_vs_mouse.hp_lehninger_c_nonpolar2.k18.lctrue.regions.parquet,Q8WV19,P59481
human_vs_mouse.hp_lehninger_c_nonpolar2.k18.lctrue.regions.parquet,Q8WV19,Q8BLV3
human_vs_mouse.hp_lehninger_c_nonpolar2.k18.lctrue.regions.parquet,Q8WV19,Q8C3K5
human_vs_mouse.hp_lehninger_c_nonpolar2.k18.lctrue.regions.parquet,Q8WVV5,B1AYL1
human_vs_mouse.hp_lehninger_c_nonpolar2.k18.lctrue.regions.parquet,Q8WWU5,Q6P8H8
human_vs_mouse.hp_lehninger_c_nonpolar2.k18.lctrue.regions.parquet,Q92504,A0A1B0GQX2
human_vs_mouse.hp_lehninger_c_nonpolar2.k18.lctrue.regions.parquet,Q92504,O88855
human_vs_mouse.hp_lehninger_c_nonpolar2.k18.lctrue.regions.parquet,Q92504,P14142
human_vs_mouse.hp_lehninger_c_nonpolar2.k18.lctrue.regions.parquet,Q92504,Q61470
human_vs_mouse.hp_lehninger_c_nonpolar2.k18.lctrue.regions.parquet,Q92504,Q76M72
human_vs_mouse.hp_lehninger_c_nonpolar2.k18.lctrue.regions.parquet,Q92504,Q7TPN3
human_vs_mouse.hp_lehninger_c_nonpolar2.k18.lctrue.regions.parquet,Q96E22,A2BDX4
human_vs_mouse.hp_lehninger_c_nonpolar2.k18.lctrue.regions.parquet,Q96E22,Q8BZP8
human_vs_mouse.hp_lehninger_c_nonpolar2.k18.lctrue.regions.parquet,Q96E22,Q9D8F3
human_vs_mouse.hp_lehninger_c_nonpolar2.k18.lctrue.regions.parquet,Q96FX8,P35412
human_vs_mouse.hp_lehninger_c_nonpolar2.k18.lctrue.regions.parquet,Q96FX8,Q1ERP8
human_vs_mouse.hp_lehninger_c_nonpolar2.k18.lctrue.regions.parquet,Q96FX8,Q8BWY7
human_vs_mouse.hp_lehninger_c_nonpolar2.k18.lctrue.regions.parquet,Q96JX3,Q8BMD6
human_vs_mouse.hp_lehninger_c_nonpolar2.k18.lctrue.regions.parquet,Q96KF7,Q7TNV1
human_vs_mouse.hp_lehninger_c_nonpolar2.k18.lctrue.regions.parquet,Q96RN1,A2AIR5
human_vs_mouse.hp_lehninger_c_nonpolar2.k18.lctrue.regions.parquet,Q96RN1,P41233
human_vs_mouse.hp_lehninger_c_nonpolar2.k18.lctrue.regions.parquet,Q96RN1,P51829
human_vs_mouse.hp_lehninger_c_nonpolar2.k18.lctrue.regions.parquet,Q96RN1,Q0VBN2
human_vs_mouse.hp_lehninger_c_nonpolar2.k18.lctrue.regions.parquet,Q96RN1,Q0VBP7
human_vs_mouse.hp_lehninger_c_nonpolar2.k18.lctrue.regions.parquet,Q96RN1,Q61165
human_vs_mouse.hp_lehninger_c_nonpolar2.k18.lctrue.regions.parquet,Q96RN1,Q61409
human_vs_mouse.hp_lehninger_c_nonpolar2.k18.lctrue.regions.parquet,Q96RN1,Q91ZB8
human_vs_mouse.hp_lehninger_c_nonpolar2.k18.lctrue.regions.parquet,Q96RN1,Q925N2
human_vs_mouse.hp_lehninger_c_nonpolar2.k18.lctrue.regions.parquet,Q96RN1,Q9D6M3
human_vs_mouse.hp_lehninger_c_nonpolar2.k18.lctrue.regions.parquet,Q96T54,D6MZJ6
human_vs_mouse.hp_lehninger_c_nonpolar2.k18.lctrue.regions.parquet,Q96T54,O35566
human_vs_mouse.hp_lehninger_c_nonpolar2.k18.lctrue.regions.parquet,Q96T54,Q8BR70
human_vs_mouse.hp_lehninger_c_nonpolar2.k18.lctrue.regions.parquet,Q96T54,Q9D9E0
human_vs_mouse.hp_lehninger_c_nonpolar2.k18.lctrue.regions.parquet,Q96T55,O08650
human_vs_mouse.hp_lehninger_c_nonpolar2.k18.lctrue.regions.parquet,Q96T55,Q6P9S7
human_vs_mouse.hp_lehninger_c_nonpolar2.k18.lctrue.regions.parquet,Q96T55,Q9Z1L2
human_vs_mouse.hp_lehninger_c_nonpolar2.k18.lctrue.regions.parquet,Q99706,Q8BML2
human_vs_mouse.hp_lehninger_c_nonpolar2.k18.lctrue.regions.parquet,Q99808,O70507
human_vs_mouse.hp_lehninger_c_nonpolar2.k18.lctrue.regions.parquet,Q99808,Q5SSE9
human_vs_mouse.hp_lehninger_c_nonpolar2.k18.lctrue.regions.parquet,Q99808,Q80WT0
human_vs_mouse.hp_lehninger_c_nonpolar2.k18.lctrue.regions.parquet,Q99808,Q91V01
human_vs_mouse.hp_lehninger_c_nonpolar2.k18.lctrue.regions.parquet,Q99808,Q91V95
human_vs_mouse.hp_lehninger_c_nonpolar2.k18.lctrue.regions.parquet,Q99808,Q99KK1
human_vs_mouse.hp_lehninger_c_nonpolar2.k18.lctrue.regions.parquet,Q99808,Q9EQQ2
human_vs_mouse.hp_lehninger_c_nonpolar2.k18.lctrue.regions.parquet,Q99808,Q9JHJ5
human_vs_mouse.hp_lehninger_c_nonpolar2.k18.lctrue.regions.parquet,Q99941,P52875
human_vs_mouse.hp_lehninger_c_nonpolar2.k18.lctrue.regions.parquet,Q99942,P61620
human_vs_mouse.hp_lehninger_c_nonpolar2.k18.lctrue.regions.parquet,Q99942,Q3UJF0
human_vs_mouse.hp_lehninger_c_nonpolar2.k18.lctrue.regions.parquet,Q99943,D6MZJ6
human_vs_mouse.hp_lehninger_c_nonpolar2.k18.lctrue.regions.parquet,Q99943,Q810B9
human_vs_mouse.hp_lehninger_c_nonpolar2.k18.lctrue.regions.parquet,Q99946,P28571
human_vs_mouse.hp_lehninger_c_nonpolar2.k18.lctrue.regions.parquet,Q9BZJ6,A7XV14
human_vs_mouse.hp_lehninger_c_nonpolar2.k18.lctrue.regions.parquet,Q9BZJ6,Q61409
human_vs_mouse.hp_lehninger_c_nonpolar2.k18.lctrue.regions.parquet,Q9BZJ6,Q7TPN3
human_vs_mouse.hp_lehninger_c_nonpolar2.k18.lctrue.regions.parquet,Q9BZJ6,Q8BUV8
human_vs_mouse.hp_lehninger_c_nonpolar2.k18.lctrue.regions.parquet,Q9BZJ6,Q8CFY5
human_vs_mouse.hp_lehninger_c_nonpolar2.k18.lctrue.regions.parquet,Q9BZJ6,Q8VBW9
human_vs_mouse.hp_lehninger_c_nonpolar2.k18.lctrue.regions.parquet,Q9BZJ6,Q9DBM0
human_vs_mouse.hp_lehninger_c_nonpolar2.k18.lctrue.regions.parquet,Q9GZM5,O35304
human_vs_mouse.hp_lehninger_c_nonpolar2.k18.lctrue.regions.parquet,Q9GZM5,O55192
human_vs_mouse.hp_lehninger_c_nonpolar2.k18.lctrue.regions.parquet,Q9GZM5,P55014
human_vs_mouse.hp_lehninger_c_nonpolar2.k18.lctrue.regions.parquet,Q9GZM5,P70187
human_vs_mouse.hp_lehninger_c_nonpolar2.k18.lctrue.regions.parquet,Q9GZM5,Q9Z2Z6
human_vs_mouse.hp_lehninger_c_nonpolar2.k18.lctrue.regions.parquet,Q9GZR5,Q148W0
human_vs_mouse.hp_lehninger_c_nonpolar2.k18.lctrue.regions.parquet,Q9GZR5,Q5QD13
human_vs_mouse.hp_lehninger_c_nonpolar2.k18.lctrue.regions.parquet,Q9GZR5,Q75UR0
human_vs_mouse.hp_lehninger_c_nonpolar2.k18.lctrue.regions.parquet,Q9GZR5,Q80W35
human_vs_mouse.hp_lehninger_c_nonpolar2.k18.lctrue.regions.parquet,Q9GZR5,Q8BUX5
human_vs_mouse.hp_lehninger_c_nonpolar2.k18.lctrue.regions.parquet,Q9GZR5,Q8CBB2
human_vs_mouse.hp_lehninger_c_nonpolar2.k18.lctrue.regions.parquet,Q9GZR5,Q9CPU4
human_vs_mouse.hp_lehninger_c_nonpolar2.k18.lctrue.regions.parquet,Q9H1N7,O88495
human_vs_mouse.hp_lehninger_c_nonpolar2.k18.lctrue.regions.parquet,Q9H1N7,P06795
human_vs_mouse.hp_lehninger_c_nonpolar2.k18.lctrue.regions.parquet,Q9H1N7,Q5SWK7
human_vs_mouse.hp_lehninger_c_nonpolar2.k18.lctrue.regions.parquet,Q9H1N7,Q66JT7
human_vs_mouse.hp_lehninger_c_nonpolar2.k18.lctrue.regions.parquet,Q9H1N7,Q7TQP0
human_vs_mouse.hp_lehninger_c_nonpolar2.k18.lctrue.regions.parquet,Q9H1N7,Q8K249
human_vs_mouse.hp_lehninger_c_nonpolar2.k18.lctrue.regions.parquet,Q9H1N7,Q9ET37
human_vs_mouse.hp_lehninger_c_nonpolar2.k18.lctrue.regions.parquet,Q9H1N7,Q9JKT2
human_vs_mouse.hp_lehninger_c_nonpolar2.k18.lctrue.regions.parquet,Q9HBV1,P49282
human_vs_mouse.hp_lehninger_c_nonpolar2.k18.lctrue.regions.parquet,Q9HBV1,Q8K0H1
human_vs_mouse.hp_lehninger_c_nonpolar2.k18.lctrue.regions.parquet,Q9HD23,P26361
human_vs_mouse.hp_lehninger_c_nonpolar2.k18.lctrue.regions.parquet,Q9HD23,P58735
human_vs_mouse.hp_lehninger_c_nonpolar2.k18.lctrue.regions.parquet,Q9NP99,B1AWJ5
human_vs_mouse.hp_lehninger_c_nonpolar2.k18.lctrue.regions.parquet,Q9NRA2,A2AVZ9
human_vs_mouse.hp_lehninger_c_nonpolar2.k18.lctrue.regions.parquet,Q9NRA2,Q02242
human_vs_mouse.hp_lehninger_c_nonpolar2.k18.lctrue.regions.parquet,Q9NRA2,Q3U507
human_vs_mouse.hp_lehninger_c_nonpolar2.k18.lctrue.regions.parquet,Q9NRA2,Q5PT54
human_vs_mouse.hp_lehninger_c_nonpolar2.k18.lctrue.regions.parquet,Q9NRA2,Q8BXN9
human_vs_mouse.hp_lehninger_c_nonpolar2.k18.lctrue.regions.parquet,Q9NRA2,Q8C3B8
human_vs_mouse.hp_lehninger_c_nonpolar2.k18.lctrue.regions.parquet,Q9NRA2,Q8CII8
human_vs_mouse.hp_lehninger_c_nonpolar2.k18.lctrue.regions.parquet,Q9NRA2,Q8K3J9
human_vs_mouse.hp_lehninger_c_nonpolar2.k18.lctrue.regions.parquet,Q9NRA2,Q91YY5
human_vs_mouse.hp_lehninger_c_nonpolar2.k18.lctrue.regions.parquet,Q9NRA2,Q924Z4
human_vs_mouse.hp_lehninger_c_nonpolar2.k18.lctrue.regions.parquet,Q9NUN5,P30987
human_vs_mouse.hp_lehninger_c_nonpolar2.k18.lctrue.regions.parquet,Q9NUN5,P51680
human_vs_mouse.hp_lehninger_c_nonpolar2.k18.lctrue.regions.parquet,Q9NUN5,Q8BP97
human_vs_mouse.hp_lehninger_c_nonpolar2.k18.lctrue.regions.parquet,Q9NUN5,Q91W52
human_vs_mouse.hp_lehninger_c_nonpolar2.k18.lctrue.regions.parquet,Q9NUN5,Q99J94
human_vs_mouse.hp_lehninger_c_nonpolar2.k18.lctrue.regions.parquet,Q9NUN5,Q9D6G5
human_vs_mouse.hp_lehninger_c_nonpolar2.k18.lctrue.regions.parquet,Q9NUN5,Q9R0Q9
human_vs_mouse.hp_lehninger_c_nonpolar2.k18.lctrue.regions.parquet,Q9NVV5,P35412
human_vs_mouse.hp_lehninger_c_nonpolar2.k18.lctrue.regions.parquet,Q9NVV5,Q56A06
human_vs_mouse.hp_lehninger_c_nonpolar2.k18.lctrue.regions.parquet,Q9NVV5,Q60825
human_vs_mouse.hp_lehninger_c_nonpolar2.k18.lctrue.regions.parquet,Q9NVV5,Q9JKT2
human_vs_mouse.hp_lehninger_c_nonpolar2.k18.lctrue.regions.parquet,Q9NVV5,Q9QZ15
human_vs_mouse.hp_lehninger_c_nonpolar2.k18.lctrue.regions.parquet,Q9NWH2,A0A1B0GRQ0
human_vs_mouse.hp_lehninger_c_nonpolar2.k18.lctrue.regions.parquet,Q9NWH2,A2A6C4
human_vs_mouse.hp_lehninger_c_nonpolar2.k18.lctrue.regions.parquet,Q9NXB9,P06795
human_vs_mouse.hp_lehninger_c_nonpolar2.k18.lctrue.regions.parquet,Q9NXB9,P30558
human_vs_mouse.hp_lehninger_c_nonpolar2.k18.lctrue.regions.parquet,Q9NXB9,Q5SZA1
human_vs_mouse.hp_lehninger_c_nonpolar2.k18.lctrue.regions.parquet,Q9NXB9,Q810W6
human_vs_mouse.hp_lehninger_c_nonpolar2.k18.lctrue.regions.parquet,Q9NXB9,Q8CC12
human_vs_mouse.hp_lehninger_c_nonpolar2.k18.lctrue.regions.parquet,Q9NXB9,Q99PD7
human_vs_mouse.hp_lehninger_c_nonpolar2.k18.lctrue.regions.parquet,Q9NYP7,O35949
human_vs_mouse.hp_lehninger_c_nonpolar2.k18.lctrue.regions.parquet,Q9NYP7,P55096
human_vs_mouse.hp_lehninger_c_nonpolar2.k18.lctrue.regions.parquet,Q9NYP7,Q60612
human_vs_mouse.hp_lehninger_c_nonpolar2.k18.lctrue.regions.parquet,Q9NYP7,Q8BMT9
human_vs_mouse.hp_lehninger_c_nonpolar2.k18.lctrue.regions.parquet,Q9NYP7,Q9EQC4
human_vs_mouse.hp_lehninger_c_nonpolar2.k18.lctrue.regions.parquet,Q9NYP7,Q9R0M1
human_vs_mouse.hp_lehninger_c_nonpolar2.k18.lctrue.regions.parquet,Q9P1P4,A2AJN7
human_vs_mouse.hp_lehninger_c_nonpolar2.k18.lctrue.regions.parquet,Q9P1P4,O70324
human_vs_mouse.hp_lehninger_c_nonpolar2.k18.lctrue.regions.parquet,Q9P1P4,Q8BXT9
human_vs_mouse.hp_lehninger_c_nonpolar2.k18.lctrue.regions.parquet,Q9P1P4,Q8K2X1
human_vs_mouse.hp_lehninger_c_nonpolar2.k18.lctrue.regions.parquet,Q9P2C4,Q5EBI0
human_vs_mouse.hp_lehninger_c_nonpolar2.k18.lctrue.regions.parquet,Q9P2C4,Q99JY8
human_vs_mouse.hp_lehninger_c_nonpolar2.k18.lctrue.regions.parquet,Q9P2C4,Q9D6K9
human_vs_mouse.hp_lehninger_c_nonpolar2.k18.lctrue.regions.parquet,Q9UBU6,Q3TB48
human_vs_mouse.hp_lehninger_c_nonpolar2.k18.lctrue.regions.parquet,Q9UBU6,Q9CXL1
human_vs_mouse.hp_lehninger_c_nonpolar2.k18.lctrue.regions.parquet,Q9UBU6,Q9EPK8
human_vs_mouse.hp_lehninger_c_nonpolar2.k18.lctrue.regions.parquet,Q9UGF6,O35600
human_vs_mouse.hp_lehninger_c_nonpolar2.k18.lctrue.regions.parquet,Q9UGF6,P56484
human_vs_mouse.hp_lehninger_c_nonpolar2.k18.lctrue.regions.parquet,Q9UGF6,Q3UHK1
human_vs_mouse.hp_lehninger_c_nonpolar2.k18.lctrue.regions.parquet,Q9UGF6,Q6GQT6
human_vs_mouse.hp_lehninger_c_nonpolar2.k18.lctrue.regions.parquet,Q9UGF6,Q8VFT4
human_vs_mouse.hp_lehninger_c_nonpolar2.k18.lctrue.regions.parquet,Q9UGF6,Q9WTR6
human_vs_mouse.hp_lehninger_c_nonpolar2.k18.lctrue.regions.parquet,Q9UGP8,O88444
human_vs_mouse.hp_lehninger_c_nonpolar2.k18.lctrue.regions.parquet,Q9UGP8,P0C7A3
human_vs_mouse.hp_lehninger_c_nonpolar2.k18.lctrue.regions.parquet,Q9ULH4,P02716
human_vs_mouse.hp_lehninger_c_nonpolar2.k18.lctrue.regions.parquet,Q9Y2C2,P41233
human_vs_mouse.hp_lehninger_c_nonpolar2.k18.lctrue.regions.parquet,Q9Y2C5,D3Z291
human_vs_mouse.hp_lehninger_c_nonpolar2.k18.lctrue.regions.parquet,Q9Y2C5,P47750
human_vs_mouse.hp_lehninger_c_nonpolar2.k18.lctrue.regions.parquet,Q9Y2C5,P98197
human_vs_mouse.hp_lehninger_c_nonpolar2.k18.lctrue.regions.parquet,Q9Y2C5,Q5U4D8
human_vs_mouse.hp_lehninger_c_nonpolar2.k18.lctrue.regions.parquet,Q9Y2C5,Q8VI23
human_vs_mouse.hp_lehninger_c_nonpolar2.k18.lctrue.regions.parquet,Q9Y2C5,Q9D176
human_vs_mouse.hp_lehninger_c_nonpolar2.k18.lctrue.regions.parquet,Q9Y2C5,Q9JIT0
human_vs_mouse.hp_lehninger_c_nonpolar2.k18.lctrue.regions.parquet,Q9Y5U8,Q6PIE5
human_vs_mouse.hp_lehninger_c_nonpolar2.k18.lctrue.regions.parquet,Q9Y5W7,P97772
human_vs_mouse.hp_lehninger_c_nonpolar2.k18.lctrue.regions.parquet,Q9Y5W7,Q8R4P9
human_vs_mouse.hp_lehninger_c_nonpolar2.k18.lctrue.regions.parquet,Q9Y694,A2AGL3
human_vs_mouse.hp_lehninger_c_nonpolar2.k18.lctrue.regions.parquet,Q9Y694,O08786
human_vs_mouse.hp_lehninger_c_nonpolar2.k18.lctrue.regions.parquet,Q9Y694,P15306
human_vs_mouse.hp_lehninger_c_nonpolar2.k18.lctrue.regions.parquet,Q9Y694,P28662
human_vs_mouse.hp_lehninger_c_nonpolar2.k18.lctrue.regions.parquet,Q9Y694,Q5NCH9
human_vs_mouse.hp_lehninger_c_nonpolar2.k18.lctrue.regions.parquet,Q9Y694,Q61224
human_vs_mouse.hp_lehninger_c_nonpolar2.k18.lctrue.regions.parquet,Q9Y694,Q8BVA2
human_vs_mouse.hp_lehninger_c_nonpolar2.k18.lctrue.regions.parquet,Q9Y694,Q8K377
human_vs_mouse.hp_lehninger_c_nonpolar2.k18.lctrue.regions.parquet,Q9Y694,Q8VI47
human_vs_mouse.hp_lehninger_c_nonpolar2.k18.lctrue.regions.parquet,Q9Y694,Q99N05
human_vs_mouse.hp_thomas_dill2.k19.lctrue.regions.parquet,A0A3B3IU46,Q91ZM2
human_vs_mouse.hp_thomas_dill2.k19.lctrue.regions.parquet,A0A3B3IU46,Q9CQY2
human_vs_mouse.hp_thomas_dill2.k19.lctrue.regions.parquet,A1A5C7,Q3UHH2
human_vs_mouse.hp_thomas_dill2.k19.lctrue.regions.parquet,A1A5C7,Q3UQN2
human_vs_mouse.hp_thomas_dill2.k19.lctrue.regions.parquet,A6NGQ2,Q60611
human_vs_mouse.hp_thomas_dill2.k19.lctrue.regions.parquet,A7XYQ1,P28741
human_vs_mouse.hp_thomas_dill2.k19.lctrue.regions.parquet,A7XYQ1,P58501
human_vs_mouse.hp_thomas_dill2.k19.lctrue.regions.parquet,A7XYQ1,Q3U2I3
human_vs_mouse.hp_thomas_dill2.k19.lctrue.regions.parquet,A7XYQ1,Q62280
human_vs_mouse.hp_thomas_dill2.k19.lctrue.regions.parquet,A7XYQ1,Q9CS74
human_vs_mouse.hp_thomas_dill2.k19.lctrue.regions.parquet,H3BQB6,Q80TP3
human_vs_mouse.hp_thomas_dill2.k19.lctrue.regions.parquet,H3BQB6,Q8BH15
human_vs_mouse.hp_thomas_dill2.k19.lctrue.regions.parquet,H3BQB6,Q8CG79
human_vs_mouse.hp_thomas_dill2.k19.lctrue.regions.parquet,O00141,P98195
human_vs_mouse.hp_thomas_dill2.k19.lctrue.regions.parquet,O00141,Q9WVC6
human_vs_mouse.hp_thomas_dill2.k19.lctrue.regions.parquet,O00453,Q80YE4
human_vs_mouse.hp_thomas_dill2.k19.lctrue.regions.parquet,O00476,Q811L6
human_vs_mouse.hp_thomas_dill2.k19.lctrue.regions.parquet,O00478,Q7TSI0
human_vs_mouse.hp_thomas_dill2.k19.lctrue.regions.parquet,O00479,P09602
human_vs_mouse.hp_thomas_dill2.k19.lctrue.regions.parquet,O00548,O35740
human_vs_mouse.hp_thomas_dill2.k19.lctrue.regions.parquet,O00716,A2ALU4
human_vs_mouse.hp_thomas_dill2.k19.lctrue.regions.parquet,O00716,A2AN08
human_vs_mouse.hp_thomas_dill2.k19.lctrue.regions.parquet,O00716,O35261
human_vs_mouse.hp_thomas_dill2.k19.lctrue.regions.parquet,O00716,Q571K4
human_vs_mouse.hp_thomas_dill2.k19.lctrue.regions.parquet,O00716,Q80XC2
human_vs_mouse.hp_thomas_dill2.k19.lctrue.regions.parquet,O15056,A6X935
human_vs_mouse.hp_thomas_dill2.k19.lctrue.regions.parquet,O15056,O88704
human_vs_mouse.hp_thomas_dill2.k19.lctrue.regions.parquet,O15056,Q9D902
human_vs_mouse.hp_thomas_dill2.k19.lctrue.regions.parquet,O15209,Q6AXF6
human_vs_mouse.hp_thomas_dill2.k19.lctrue.regions.parquet,O15209,Q9Z0G7
human_vs_mouse.hp_thomas_dill2.k19.lctrue.regions.parquet,O15400,O35177
human_vs_mouse.hp_thomas_dill2.k19.lctrue.regions.parquet,O43167,Q3U1J1
human_vs_mouse.hp_thomas_dill2.k19.lctrue.regions.parquet,O43167,Q9QZS3
human_vs_mouse.hp_thomas_dill2.k19.lctrue.regions.parquet,O43167,Q9Z1D8
human_vs_mouse.hp_thomas_dill2.k19.lctrue.regions.parquet,O43196,Q80VW5
human_vs_mouse.hp_thomas_dill2.k19.lctrue.regions.parquet,O43309,Q8CFA1
human_vs_mouse.hp_thomas_dill2.k19.lctrue.regions.parquet,O43309,Q9CQ48
human_vs_mouse.hp_thomas_dill2.k19.lctrue.regions.parquet,O43318,P61979
human_vs_mouse.hp_thomas_dill2.k19.lctrue.regions.parquet,O43318,Q5FWH6
human_vs_mouse.hp_thomas_dill2.k19.lctrue.regions.parquet,O43318,Q62073
human_vs_mouse.hp_thomas_dill2.k19.lctrue.regions.parquet,O43318,Q9Z108
human_vs_mouse.hp_thomas_dill2.k19.lctrue.regions.parquet,O43324,Q9D1M4
human_vs_mouse.hp_thomas_dill2.k19.lctrue.regions.parquet,O43524,Q8K0T2
human_vs_mouse.hp_thomas_dill2.k19.lctrue.regions.parquet,O43524,Q9ES88
human_vs_mouse.hp_thomas_dill2.k19.lctrue.regions.parquet,O43524,Q9WVH4
human_vs_mouse.hp_thomas_dill2.k19.lctrue.regions.parquet,O43680,Q5SSZ5
human_vs_mouse.hp_thomas_dill2.k19.lctrue.regions.parquet,O60231,E9Q3S4
human_vs_mouse.hp_thomas_dill2.k19.lctrue.regions.parquet,O60231,Q9QWW1
human_vs_mouse.hp_thomas_dill2.k19.lctrue.regions.parquet,O60242,Q8C170
human_vs_mouse.hp_thomas_dill2.k19.lctrue.regions.parquet,O60260,Q3URK3
human_vs_mouse.hp_thomas_dill2.k19.lctrue.regions.parquet,O60260,Q9WVS6
human_vs_mouse.hp_thomas_dill2.k19.lctrue.regions.parquet,O60281,D3YVF0
human_vs_mouse.hp_thomas_dill2.k19.lctrue.regions.parquet,O60281,P22605
human_vs_mouse.hp_thomas_dill2.k19.lctrue.regions.parquet,O60281,Q61817
human_vs_mouse.hp_thomas_dill2.k19.lctrue.regions.parquet,O60281,Q68FE9
human_vs_mouse.hp_thomas_dill2.k19.lctrue.regions.parquet,O60281,Q6NZJ6
human_vs_mouse.hp_thomas_dill2.k19.lctrue.regions.parquet,O60281,Q8BLD6
human_vs_mouse.hp_thomas_dill2.k19.lctrue.regions.parquet,O60281,Q8CFH6
human_vs_mouse.hp_thomas_dill2.k19.lctrue.regions.parquet,O60281,Q9DAH2
human_vs_mouse.hp_thomas_dill2.k19.lctrue.regions.parquet,O60281,Q9WTK5
human_vs_mouse.hp_thomas_dill2.k19.lctrue.regions.parquet,O60508,Q3U108
human_vs_mouse.hp_thomas_dill2.k19.lctrue.regions.parquet,O60508,Q9DC48
human_vs_mouse.hp_thomas_dill2.k19.lctrue.regions.parquet,O60547,Q9ERR1
human_vs_mouse.hp_thomas_dill2.k19.lctrue.regions.parquet,O60641,G3UZ78
human_vs_mouse.hp_thomas_dill2.k19.lctrue.regions.parquet,O60641,Q3UGY8
human_vs_mouse.hp_thomas_dill2.k19.lctrue.regions.parquet,O60641,Q91X58
human_vs_mouse.hp_thomas_dill2.k19.lctrue.regions.parquet,O60641,Q9DBD2
human_vs_mouse.hp_thomas_dill2.k19.lctrue.regions.parquet,O60906,Q8R1F0
human_vs_mouse.hp_thomas_dill2.k19.lctrue.regions.parquet,O75019,Q6NVF4
human_vs_mouse.hp_thomas_dill2.k19.lctrue.regions.parquet,O75023,O35740
human_vs_mouse.hp_thomas_dill2.k19.lctrue.regions.parquet,O75023,P04925
human_vs_mouse.hp_thomas_dill2.k19.lctrue.regions.parquet,O75023,Q6PAL1
human_vs_mouse.hp_thomas_dill2.k19.lctrue.regions.parquet,O75167,P48437
human_vs_mouse.hp_thomas_dill2.k19.lctrue.regions.parquet,O75167,P49452
human_vs_mouse.hp_thomas_dill2.k19.lctrue.regions.parquet,O75167,Q8BX94
human_vs_mouse.hp_thomas_dill2.k19.lctrue.regions.parquet,O75496,O88513
human_vs_mouse.hp_thomas_dill2.k19.lctrue.regions.parquet,O75496,Q8K3X6
human_vs_mouse.hp_thomas_dill2.k19.lctrue.regions.parquet,O75496,Q9WVH4
human_vs_mouse.hp_thomas_dill2.k19.lctrue.regions.parquet,O75603,Q80TF6
human_vs_mouse.hp_thomas_dill2.k19.lctrue.regions.parquet,O75626,Q3UFJ6
human_vs_mouse.hp_thomas_dill2.k19.lctrue.regions.parquet,O75626,Q61663
human_vs_mouse.hp_thomas_dill2.k19.lctrue.regions.parquet,O76064,Q9JHI0
human_vs_mouse.hp_thomas_dill2.k19.lctrue.regions.parquet,O77932,Q8R361
human_vs_mouse.hp_thomas_dill2.k19.lctrue.regions.parquet,O94874,E9Q309
human_vs_mouse.hp_thomas_dill2.k19.lctrue.regions.parquet,O94874,Q8CD54
human_vs_mouse.hp_thomas_dill2.k19.lctrue.regions.parquet,O95238,A2RSY6
human_vs_mouse.hp_thomas_dill2.k19.lctrue.regions.parquet,O95279,Q0VAW7
human_vs_mouse.hp_thomas_dill2.k19.lctrue.regions.parquet,O95279,Q6P2L6
human_vs_mouse.hp_thomas_dill2.k19.lctrue.regions.parquet,O95279,Q9CWX2
human_vs_mouse.hp_thomas_dill2.k19.lctrue.regions.parquet,O95551,Q9JLC8
human_vs_mouse.hp_thomas_dill2.k19.lctrue.regions.parquet,O95677,E9Q3M5
human_vs_mouse.hp_thomas_dill2.k19.lctrue.regions.parquet,O95677,Q5SPW0
human_vs_mouse.hp_thomas_dill2.k19.lctrue.regions.parquet,O95677,Q9Z191
human_vs_mouse.hp_thomas_dill2.k19.lctrue.regions.parquet,O95835,O55106
human_vs_mouse.hp_thomas_dill2.k19.lctrue.regions.parquet,O95835,O88995
human_vs_mouse.hp_thomas_dill2.k19.lctrue.regions.parquet,O95835,Q32NY4
human_vs_mouse.hp_thomas_dill2.k19.lctrue.regions.parquet,O95835,Q80U62
human_vs_mouse.hp_thomas_dill2.k19.lctrue.regions.parquet,O95835,Q8BYR2
human_vs_mouse.hp_thomas_dill2.k19.lctrue.regions.parquet,O95873,A2AWL7
human_vs_mouse.hp_thomas_dill2.k19.lctrue.regions.parquet,O95944,Q8K4G1
human_vs_mouse.hp_thomas_dill2.k19.lctrue.regions.parquet,P00488,Q60520
human_vs_mouse.hp_thomas_dill2.k19.lctrue.regions.parquet,P00747,Q811P8
human_vs_mouse.hp_thomas_dill2.k19.lctrue.regions.parquet,P01889,Q3TQF0
human_vs_mouse.hp_thomas_dill2.k19.lctrue.regions.parquet,P01889,Q80U93
human_vs_mouse.hp_thomas_dill2.k19.lctrue.regions.parquet,P01889,Q8VE22
human_vs_mouse.hp_thomas_dill2.k19.lctrue.regions.parquet,P04908,O70361
human_vs_mouse.hp_thomas_dill2.k19.lctrue.regions.parquet,P05549,P34056
human_vs_mouse.hp_thomas_dill2.k19.lctrue.regions.parquet,P05549,Q03146
human_vs_mouse.hp_thomas_dill2.k19.lctrue.regions.parquet,P08238,O35295
human_vs_mouse.hp_thomas_dill2.k19.lctrue.regions.parquet,P08238,P11499
human_vs_mouse.hp_thomas_dill2.k19.lctrue.regions.parquet,P08519,P70297
human_vs_mouse.hp_thomas_dill2.k19.lctrue.regions.parquet,P08519,Q6PR54
human_vs_mouse.hp_thomas_dill2.k19.lctrue.regions.parquet,P08922,P42567
human_vs_mouse.hp_thomas_dill2.k19.lctrue.regions.parquet,P08F94,P13864
human_vs_mouse.hp_thomas_dill2.k19.lctrue.regions.parquet,P08F94,P19228
human_vs_mouse.hp_thomas_dill2.k19.lctrue.regions.parquet,P09210,O88967
human_vs_mouse.hp_thomas_dill2.k19.lctrue.regions.parquet,P0C0S8,O70361
human_vs_mouse.hp_thomas_dill2.k19.lctrue.regions.parquet,P0DMV8,P17156
human_vs_mouse.hp_thomas_dill2.k19.lctrue.regions.parquet,P0DMV8,P17879
human_vs_mouse.hp_thomas_dill2.k19.lctrue.regions.parquet,P0DMV8,Q8BKX7
human_vs_mouse.hp_thomas_dill2.k19.lctrue.regions.parquet,P0DMV9,P17156
human_vs_mouse.hp_thomas_dill2.k19.lctrue.regions.parquet,P0DMV9,P17879
human_vs_mouse.hp_thomas_dill2.k19.lctrue.regions.parquet,P0DMV9,Q8BKX7
human_vs_mouse.hp_thomas_dill2.k19.lctrue.regions.parquet,P10242,P06876
human_vs_mouse.hp_thomas_dill2.k19.lctrue.regions.parquet,P10242,Q2KN98
human_vs_mouse.hp_thomas_dill2.k19.lctrue.regions.parquet,P10242,Q8BHE0
human_vs_mouse.hp_thomas_dill2.k19.lctrue.regions.parquet,P10412,P43277
human_vs_mouse.hp_thomas_dill2.k19.lctrue.regions.parquet,P11717,Q6NWW5
human_vs_mouse.hp_thomas_dill2.k19.lctrue.regions.parquet,P11831,P01673
human_vs_mouse.hp_thomas_dill2.k19.lctrue.regions.parquet,P11831,Q8VDD5
human_vs_mouse.hp_thomas_dill2.k19.lctrue.regions.parquet,P11831,Q99JT2
human_vs_mouse.hp_thomas_dill2.k19.lctrue.regions.parquet,P11831,Q9ES52
human_vs_mouse.hp_thomas_dill2.k19.lctrue.regions.parquet,P12872,Q5DTT8
human_vs_mouse.hp_thomas_dill2.k19.lctrue.regions.parquet,P13942,P81066
human_vs_mouse.hp_thomas_dill2.k19.lctrue.regions.parquet,P13942,Q64739
human_vs_mouse.hp_thomas_dill2.k19.lctrue.regions.parquet,P15311,O88783
human_vs_mouse.hp_thomas_dill2.k19.lctrue.regions.parquet,P15311,P70211
human_vs_mouse.hp_thomas_dill2.k19.lctrue.regions.parquet,P15692,Q00731
human_vs_mouse.hp_thomas_dill2.k19.lctrue.regions.parquet,P15692,Q9CWS1
human_vs_mouse.hp_thomas_dill2.k19.lctrue.regions.parquet,P15822,G3UYQ4
human_vs_mouse.hp_thomas_dill2.k19.lctrue.regions.parquet,P15822,O54781
human_vs_mouse.hp_thomas_dill2.k19.lctrue.regions.parquet,P15822,P20263
human_vs_mouse.hp_thomas_dill2.k19.lctrue.regions.parquet,P15822,P48377
human_vs_mouse.hp_thomas_dill2.k19.lctrue.regions.parquet,P15822,Q03172
human_vs_mouse.hp_thomas_dill2.k19.lctrue.regions.parquet,P15822,Q2M3X8
human_vs_mouse.hp_thomas_dill2.k19.lctrue.regions.parquet,P15822,Q6PHN1
human_vs_mouse.hp_thomas_dill2.k19.lctrue.regions.parquet,P15822,Q6V5K9
human_vs_mouse.hp_thomas_dill2.k19.lctrue.regions.parquet,P15822,Q8C1B2
human_vs_mouse.hp_thomas_dill2.k19.lctrue.regions.parquet,P15822,Q91WL0
human_vs_mouse.hp_thomas_dill2.k19.lctrue.regions.parquet,P15822,Q91YD3
human_vs_mouse.hp_thomas_dill2.k19.lctrue.regions.parquet,P15822,Q9D842
human_vs_mouse.hp_thomas_dill2.k19.lctrue.regions.parquet,P16401,Q9JI74
human_vs_mouse.hp_thomas_dill2.k19.lctrue.regions.parquet,P16402,Q8R3N1
human_vs_mouse.hp_thomas_dill2.k19.lctrue.regions.parquet,P16403,Q8CBD1
human_vs_mouse.hp_thomas_dill2.k19.lctrue.regions.parquet,P19484,Q7TNF9
human_vs_mouse.hp_thomas_dill2.k19.lctrue.regions.parquet,P19484,Q80U22
human_vs_mouse.hp_thomas_dill2.k19.lctrue.regions.parquet,P19484,Q8CHG7
human_vs_mouse.hp_thomas_dill2.k19.lctrue.regions.parquet,P19484,Q9CR57
human_vs_mouse.hp_thomas_dill2.k19.lctrue.regions.parquet,P19484,Q9R210
human_vs_mouse.hp_thomas_dill2.k19.lctrue.regions.parquet,P20265,Q7TS63
human_vs_mouse.hp_thomas_dill2.k19.lctrue.regions.parquet,P20265,Q812A2
human_vs_mouse.hp_thomas_dill2.k19.lctrue.regions.parquet,P20265,Q9JJZ8
human_vs_mouse.hp_thomas_dill2.k19.lctrue.regions.parquet,P20671,O70361
human_vs_mouse.hp_thomas_dill2.k19.lctrue.regions.parquet,P20849,O09106
human_vs_mouse.hp_thomas_dill2.k19.lctrue.regions.parquet,P20849,Q05722
human_vs_mouse.hp_thomas_dill2.k19.lctrue.regions.parquet,P20849,Q07643
human_vs_mouse.hp_thomas_dill2.k19.lctrue.regions.parquet,P21580,Q02789
human_vs_mouse.hp_thomas_dill2.k19.lctrue.regions.parquet,P21580,Q60769
human_vs_mouse.hp_thomas_dill2.k19.lctrue.regions.parquet,P21580,Q8BR07
human_vs_mouse.hp_thomas_dill2.k19.lctrue.regions.parquet,P21580,Q8VDP4
human_vs_mouse.hp_thomas_dill2.k19.lctrue.regions.parquet,P21580,Q9QXW0
human_vs_mouse.hp_thomas_dill2.k19.lctrue.regions.parquet,P22492,A2A995
human_vs_mouse.hp_thomas_dill2.k19.lctrue.regions.parquet,P24046,A2A6T1
human_vs_mouse.hp_thomas_dill2.k19.lctrue.regions.parquet,P24863,Q8C156
human_vs_mouse.hp_thomas_dill2.k19.lctrue.regions.parquet,P25063,Q6P9P8
human_vs_mouse.hp_thomas_dill2.k19.lctrue.regions.parquet,P25205,Q8VIM5
human_vs_mouse.hp_thomas_dill2.k19.lctrue.regions.parquet,P28062,Q6PFX2
human_vs_mouse.hp_thomas_dill2.k19.lctrue.regions.parquet,P28222,Q9QYC3
human_vs_mouse.hp_thomas_dill2.k19.lctrue.regions.parquet,P29279,P29268
human_vs_mouse.hp_thomas_dill2.k19.lctrue.regions.parquet,P29966,Q922R8
human_vs_mouse.hp_thomas_dill2.k19.lctrue.regions.parquet,P31629,O70496
human_vs_mouse.hp_thomas_dill2.k19.lctrue.regions.parquet,P31629,P48193
human_vs_mouse.hp_thomas_dill2.k19.lctrue.regions.parquet,P31629,Q3UHF7
human_vs_mouse.hp_thomas_dill2.k19.lctrue.regions.parquet,P31629,Q5NBU8
human_vs_mouse.hp_thomas_dill2.k19.lctrue.regions.parquet,P31629,Q6GQX6
human_vs_mouse.hp_thomas_dill2.k19.lctrue.regions.parquet,P31629,Q80W69
human_vs_mouse.hp_thomas_dill2.k19.lctrue.regions.parquet,P31629,Q8C1W1
human_vs_mouse.hp_thomas_dill2.k19.lctrue.regions.parquet,P31629,Q8CJ67
human_vs_mouse.hp_thomas_dill2.k19.lctrue.regions.parquet,P33981,Q5DU28
human_vs_mouse.hp_thomas_dill2.k19.lctrue.regions.parquet,P34931,P16627
human_vs_mouse.hp_thomas_dill2.k19.lctrue.regions.parquet,P34931,P17879
human_vs_mouse.hp_thomas_dill2.k19.lctrue.regions.parquet,P36508,P28033
human_vs_mouse.hp_thomas_dill2.k19.lctrue.regions.parquet,P36508,P31695
human_vs_mouse.hp_thomas_dill2.k19.lctrue.regions.parquet,P36915,B2RY50
human_vs_mouse.hp_thomas_dill2.k19.lctrue.regions.parquet,P36915,O88870
human_vs_mouse.hp_thomas_dill2.k19.lctrue.regions.parquet,P38936,P39689
human_vs_mouse.hp_thomas_dill2.k19.lctrue.regions.parquet,P40425,P56546
human_vs_mouse.hp_thomas_dill2.k19.lctrue.regions.parquet,P40425,Q8BXJ8
human_vs_mouse.hp_thomas_dill2.k19.lctrue.regions.parquet,P40425,Q9R1N9
human_vs_mouse.hp_thomas_dill2.k19.lctrue.regions.parquet,P43307,Q8C180
human_vs_mouse.hp_thomas_dill2.k19.lctrue.regions.parquet,P43307,Q9JJN2
human_vs_mouse.hp_thomas_dill2.k19.lctrue.regions.parquet,P43629,A2AJA9
human_vs_mouse.hp_thomas_dill2.k19.lctrue.regions.parquet,P43631,B2RPV6
human_vs_mouse.hp_thomas_dill2.k19.lctrue.regions.parquet,P43632,B2RPV6
human_vs_mouse.hp_thomas_dill2.k19.lctrue.regions.parquet,P48634,P03966
human_vs_mouse.hp_thomas_dill2.k19.lctrue.regions.parquet,P48634,Q3TC46
human_vs_mouse.hp_thomas_dill2.k19.lctrue.regions.parquet,P48634,Q7TSC1
human_vs_mouse.hp_thomas_dill2.k19.lctrue.regions.parquet,P48634,Q8BZ20
human_vs_mouse.hp_thomas_dill2.k19.lctrue.regions.parquet,P49643,P33610
human_vs_mouse.hp_thomas_dill2.k19.lctrue.regions.parquet,P49643,Q3UV71
human_vs_mouse.hp_thomas_dill2.k19.lctrue.regions.parquet,P49790,Q64331
human_vs_mouse.hp_thomas_dill2.k19.lctrue.regions.parquet,P49790,Q6IE82
human_vs_mouse.hp_thomas_dill2.k19.lctrue.regions.parquet,P49790,Q8C015
human_vs_mouse.hp_thomas_dill2.k19.lctrue.regions.parquet,P49790,Q8VHR0
human_vs_mouse.hp_thomas_dill2.k19.lctrue.regions.parquet,P49790,Q9DAQ4
human_vs_mouse.hp_thomas_dill2.k19.lctrue.regions.parquet,P49790,Q9QZ49
human_vs_mouse.hp_thomas_dill2.k19.lctrue.regions.parquet,P54253,P54254
human_vs_mouse.hp_thomas_dill2.k19.lctrue.regions.parquet,P54253,Q7TND5
human_vs_mouse.hp_thomas_dill2.k19.lctrue.regions.parquet,P54253,Q8K561
human_vs_mouse.hp_thomas_dill2.k19.lctrue.regions.parquet,P54253,Q8R0N9
human_vs_mouse.hp_thomas_dill2.k19.lctrue.regions.parquet,P54253,Q91W45
human_vs_mouse.hp_thomas_dill2.k19.lctrue.regions.parquet,P54253,Q9DA48
human_vs_mouse.hp_thomas_dill2.k19.lctrue.regions.parquet,P55008,Q0KK56
human_vs_mouse.hp_thomas_dill2.k19.lctrue.regions.parquet,P55196,Q3TSG4
human_vs_mouse.hp_thomas_dill2.k19.lctrue.regions.parquet,P55196,Q8BTF8
human_vs_mouse.hp_thomas_dill2.k19.lctrue.regions.parquet,P55196,Q8C8N2
human_vs_mouse.hp_thomas_dill2.k19.lctrue.regions.parquet,P55196,Q9QZQ1
human_vs_mouse.hp_thomas_dill2.k19.lctrue.regions.parquet,P63128,A6H6A9
human_vs_mouse.hp_thomas_dill2.k19.lctrue.regions.parquet,P63172,P03966
human_vs_mouse.hp_thomas_dill2.k19.lctrue.regions.parquet,P68431,P84244
human_vs_mouse.hp_thomas_dill2.k19.lctrue.regions.parquet,P78382,Q8K3V7
human_vs_mouse.hp_thomas_dill2.k19.lctrue.regions.parquet,P84103,Q8CBW4
human_vs_mouse.hp_thomas_dill2.k19.lctrue.regions.parquet,P84103,Q8CD91
human_vs_mouse.hp_thomas_dill2.k19.lctrue.regions.parquet,Q01151,Q5ISE2
human_vs_mouse.hp_thomas_dill2.k19.lctrue.regions.parquet,Q01860,Q6PAQ9
human_vs_mouse.hp_thomas_dill2.k19.lctrue.regions.parquet,Q01860,Q6PFX9
human_vs_mouse.hp_thomas_dill2.k19.lctrue.regions.parquet,Q02539,Q04750
human_vs_mouse.hp_thomas_dill2.k19.lctrue.regions.parquet,Q02952,P28776
human_vs_mouse.hp_thomas_dill2.k19.lctrue.regions.parquet,Q02952,Q03347
human_vs_mouse.hp_thomas_dill2.k19.lctrue.regions.parquet,Q02952,Q920M5
human_vs_mouse.hp_thomas_dill2.k19.lctrue.regions.parquet,Q03181,Q8BIQ3
human_vs_mouse.hp_thomas_dill2.k19.lctrue.regions.parquet,Q04900,Q9CQF4
human_vs_mouse.hp_thomas_dill2.k19.lctrue.regions.parquet,Q06587,O35730
human_vs_mouse.hp_thomas_dill2.k19.lctrue.regions.parquet,Q06587,Q78IQ7
human_vs_mouse.hp_thomas_dill2.k19.lctrue.regions.parquet,Q06587,Q925H1
human_vs_mouse.hp_thomas_dill2.k19.lctrue.regions.parquet,Q12899,Q99PN3
human_vs_mouse.hp_thomas_dill2.k19.lctrue.regions.parquet,Q12947,Q8BH61
human_vs_mouse.hp_thomas_dill2.k19.lctrue.regions.parquet,Q12947,Q8BPN8
human_vs_mouse.hp_thomas_dill2.k19.lctrue.regions.parquet,Q12947,Q8BQP8
human_vs_mouse.hp_thomas_dill2.k19.lctrue.regions.parquet,Q12948,Q0VBL3
human_vs_mouse.hp_thomas_dill2.k19.lctrue.regions.parquet,Q12948,Q61572
human_vs_mouse.hp_thomas_dill2.k19.lctrue.regions.parquet,Q12948,Q99MY0
human_vs_mouse.hp_thomas_dill2.k19.lctrue.regions.parquet,Q13410,P53762
human_vs_mouse.hp_thomas_dill2.k19.lctrue.regions.parquet,Q13451,O88904
human_vs_mouse.hp_thomas_dill2.k19.lctrue.regions.parquet,Q13451,Q6ZPV2
human_vs_mouse.hp_thomas_dill2.k19.lctrue.regions.parquet,Q13546,Q6PDN3
human_vs_mouse.hp_thomas_dill2.k19.lctrue.regions.parquet,Q13546,Q8BHE3
human_vs_mouse.hp_thomas_dill2.k19.lctrue.regions.parquet,Q13838,O54743
human_vs_mouse.hp_thomas_dill2.k19.lctrue.regions.parquet,Q13950,A0A140LIJ0
human_vs_mouse.hp_thomas_dill2.k19.lctrue.regions.parquet,Q13950,P70447
human_vs_mouse.hp_thomas_dill2.k19.lctrue.regions.parquet,Q13950,Q08775
human_vs_mouse.hp_thomas_dill2.k19.lctrue.regions.parquet,Q13950,Q8BJH1
human_vs_mouse.hp_thomas_dill2.k19.lctrue.regions.parquet,Q14244,Q6AZB0
human_vs_mouse.hp_thomas_dill2.k19.lctrue.regions.parquet,Q14244,Q9CXP9
human_vs_mouse.hp_thomas_dill2.k19.lctrue.regions.parquet,Q14244,Q9QYJ1
human_vs_mouse.hp_thomas_dill2.k19.lctrue.regions.parquet,Q14511,O35177
human_vs_mouse.hp_thomas_dill2.k19.lctrue.regions.parquet,Q14511,Q3U0L2
human_vs_mouse.hp_thomas_dill2.k19.lctrue.regions.parquet,Q14511,Q62318
human_vs_mouse.hp_thomas_dill2.k19.lctrue.regions.parquet,Q14511,Q6NXH8
human_vs_mouse.hp_thomas_dill2.k19.lctrue.regions.parquet,Q14511,Q811D2
human_vs_mouse.hp_thomas_dill2.k19.lctrue.regions.parquet,Q14676,D3YV10
human_vs_mouse.hp_thomas_dill2.k19.lctrue.regions.parquet,Q14676,O54917
human_vs_mouse.hp_thomas_dill2.k19.lctrue.regions.parquet,Q14676,P57110
human_vs_mouse.hp_thomas_dill2.k19.lctrue.regions.parquet,Q14676,Q60813
human_vs_mouse.hp_thomas_dill2.k19.lctrue.regions.parquet,Q14676,Q7TPB0
human_vs_mouse.hp_thomas_dill2.k19.lctrue.regions.parquet,Q14676,Q810B7
human_vs_mouse.hp_thomas_dill2.k19.lctrue.regions.parquet,Q14738,Q61550
human_vs_mouse.hp_thomas_dill2.k19.lctrue.regions.parquet,Q14953,Q673H1
human_vs_mouse.hp_thomas_dill2.k19.lctrue.regions.parquet,Q14954,B2RPV6
human_vs_mouse.hp_thomas_dill2.k19.lctrue.regions.parquet,Q14993,Q61290
human_vs_mouse.hp_thomas_dill2.k19.lctrue.regions.parquet,Q14993,Q8BJW7
human_vs_mouse.hp_thomas_dill2.k19.lctrue.regions.parquet,Q14993,Q8VHX6
human_vs_mouse.hp_thomas_dill2.k19.lctrue.regions.parquet,Q149N8,P70186
human_vs_mouse.hp_thomas_dill2.k19.lctrue.regions.parquet,Q149N8,Q8C0T5
human_vs_mouse.hp_thomas_dill2.k19.lctrue.regions.parquet,Q15109,Q8CGC7
human_vs_mouse.hp_thomas_dill2.k19.lctrue.regions.parquet,Q15544,O35385
human_vs_mouse.hp_thomas_dill2.k19.lctrue.regions.parquet,Q15651,Q9ERG0
human_vs_mouse.hp_thomas_dill2.k19.lctrue.regions.parquet,Q15776,Q8VDM6
human_vs_mouse.hp_thomas_dill2.k19.lctrue.regions.parquet,Q15814,Q8VDG6
human_vs_mouse.hp_thomas_dill2.k19.lctrue.regions.parquet,Q16626,Q64321
human_vs_mouse.hp_thomas_dill2.k19.lctrue.regions.parquet,Q16626,Q8K2C7
human_vs_mouse.hp_thomas_dill2.k19.lctrue.regions.parquet,Q16670,O54836
human_vs_mouse.hp_thomas_dill2.k19.lctrue.regions.parquet,Q16670,O70469
human_vs_mouse.hp_thomas_dill2.k19.lctrue.regions.parquet,Q16890,O54818
human_vs_mouse.hp_thomas_dill2.k19.lctrue.regions.parquet,Q30201,P70387
human_vs_mouse.hp_thomas_dill2.k19.lctrue.regions.parquet,Q4VX76,Q8VDY9
human_vs_mouse.hp_thomas_dill2.k19.lctrue.regions.parquet,Q4ZHG4,P59114
human_vs_mouse.hp_thomas_dill2.k19.lctrue.regions.parquet,Q4ZHG4,Q3TVA9
human_vs_mouse.hp_thomas_dill2.k19.lctrue.regions.parquet,Q4ZHG4,Q8R4L0
human_vs_mouse.hp_thomas_dill2.k19.lctrue.regions.parquet,Q587J8,P97386
human_vs_mouse.hp_thomas_dill2.k19.lctrue.regions.parquet,Q5JTD0,B9EJA2
human_vs_mouse.hp_thomas_dill2.k19.lctrue.regions.parquet,Q5JTD0,O88737
human_vs_mouse.hp_thomas_dill2.k19.lctrue.regions.parquet,Q5JTD0,Q62406
human_vs_mouse.hp_thomas_dill2.k19.lctrue.regions.parquet,Q5JTD0,Q6NVF4
human_vs_mouse.hp_thomas_dill2.k19.lctrue.regions.parquet,Q5JVL4,P58802
human_vs_mouse.hp_thomas_dill2.k19.lctrue.regions.parquet,Q5JVL4,Q6T264
human_vs_mouse.hp_thomas_dill2.k19.lctrue.regions.parquet,Q5JXM2,Q8BQM8
human_vs_mouse.hp_thomas_dill2.k19.lctrue.regions.parquet,Q5M9Q1,P49003
human_vs_mouse.hp_thomas_dill2.k19.lctrue.regions.parquet,Q5SQI0,O70139
human_vs_mouse.hp_thomas_dill2.k19.lctrue.regions.parquet,Q5SQI0,Q8CFV2
human_vs_mouse.hp_thomas_dill2.k19.lctrue.regions.parquet,Q5SSQ6,Q8BID6
human_vs_mouse.hp_thomas_dill2.k19.lctrue.regions.parquet,Q5SW24,A2CE44
human_vs_mouse.hp_thomas_dill2.k19.lctrue.regions.parquet,Q5SW24,Q3UHX9
human_vs_mouse.hp_thomas_dill2.k19.lctrue.regions.parquet,Q5SW24,Q8BUZ1
human_vs_mouse.hp_thomas_dill2.k19.lctrue.regions.parquet,Q5SZL2,Q8BJS7
human_vs_mouse.hp_thomas_dill2.k19.lctrue.regions.parquet,Q5SZL2,Q9JJK5
human_vs_mouse.hp_thomas_dill2.k19.lctrue.regions.parquet,Q5T0W9,Q0VBM2
human_vs_mouse.hp_thomas_dill2.k19.lctrue.regions.parquet,Q5T0W9,Q6PDJ1
human_vs_mouse.hp_thomas_dill2.k19.lctrue.regions.parquet,Q5T0W9,Q80V31
human_vs_mouse.hp_thomas_dill2.k19.lctrue.regions.parquet,Q5T1Q4,Q91XL9
human_vs_mouse.hp_thomas_dill2.k19.lctrue.regions.parquet,Q5T3U5,Q8BFS9
human_vs_mouse.hp_thomas_dill2.k19.lctrue.regions.parquet,Q5T5C0,A3KGK3
human_vs_mouse.hp_thomas_dill2.k19.lctrue.regions.parquet,Q5T5C0,Q8K400
human_vs_mouse.hp_thomas_dill2.k19.lctrue.regions.parquet,Q5TAB7,Q9CS74
human_vs_mouse.hp_thomas_dill2.k19.lctrue.regions.parquet,Q5TB80,P53776
human_vs_mouse.hp_thomas_dill2.k19.lctrue.regions.parquet,Q5TB80,Q3U435
human_vs_mouse.hp_thomas_dill2.k19.lctrue.regions.parquet,Q5TB80,Q8BH82
human_vs_mouse.hp_thomas_dill2.k19.lctrue.regions.parquet,Q5TCS8,G3UYQ4
human_vs_mouse.hp_thomas_dill2.k19.lctrue.regions.parquet,Q5TCS8,O70161
human_vs_mouse.hp_thomas_dill2.k19.lctrue.regions.parquet,Q5TCS8,Q6PCQ0
human_vs_mouse.hp_thomas_dill2.k19.lctrue.regions.parquet,Q5TCS8,Q8VHH5
human_vs_mouse.hp_thomas_dill2.k19.lctrue.regions.parquet,Q5TCS8,Q9EQM6
human_vs_mouse.hp_thomas_dill2.k19.lctrue.regions.parquet,Q5TCY1,Q3UR85
human_vs_mouse.hp_thomas_dill2.k19.lctrue.regions.parquet,Q5TCY1,Q6PCN3
human_vs_mouse.hp_thomas_dill2.k19.lctrue.regions.parquet,Q5TD94,O55111
human_vs_mouse.hp_thomas_dill2.k19.lctrue.regions.parquet,Q5TD94,Q7TQ07
human_vs_mouse.hp_thomas_dill2.k19.lctrue.regions.parquet,Q5TFE4,Q570Y9
human_vs_mouse.hp_thomas_dill2.k19.lctrue.regions.parquet,Q5TH69,A2AR50
human_vs_mouse.hp_thomas_dill2.k19.lctrue.regions.parquet,Q5TH69,O35451
human_vs_mouse.hp_thomas_dill2.k19.lctrue.regions.parquet,Q5TH69,Q3TLH4
human_vs_mouse.hp_thomas_dill2.k19.lctrue.regions.parquet,Q5TH69,Q6NVE8
human_vs_mouse.hp_thomas_dill2.k19.lctrue.regions.parquet,Q5TH69,Q8BI22
human_vs_mouse.hp_thomas_dill2.k19.lctrue.regions.parquet,Q5TH69,Q9Z1W8
human_vs_mouse.hp_thomas_dill2.k19.lctrue.regions.parquet,Q5VUA4,O55192
human_vs_mouse.hp_thomas_dill2.k19.lctrue.regions.parquet,Q5VUA4,P26040
human_vs_mouse.hp_thomas_dill2.k19.lctrue.regions.parquet,Q5VUA4,P62500
human_vs_mouse.hp_thomas_dill2.k19.lctrue.regions.parquet,Q5VUA4,Q3URR7
human_vs_mouse.hp_thomas_dill2.k19.lctrue.regions.parquet,Q5VUA4,Q6NS45
human_vs_mouse.hp_thomas_dill2.k19.lctrue.regions.parquet,Q5VUA4,Q7TST5
human_vs_mouse.hp_thomas_dill2.k19.lctrue.regions.parquet,Q5VUA4,Q8K019
human_vs_mouse.hp_thomas_dill2.k19.lctrue.regions.parquet,Q5VUA4,Q8K078
human_vs_mouse.hp_thomas_dill2.k19.lctrue.regions.parquet,Q5VUA4,Q8K480
human_vs_mouse.hp_thomas_dill2.k19.lctrue.regions.parquet,Q5VUA4,Q922S8
human_vs_mouse.hp_thomas_dill2.k19.lctrue.regions.parquet,Q5VUA4,Q923J1
human_vs_mouse.hp_thomas_dill2.k19.lctrue.regions.parquet,Q5VUM1,Q8BTE0
human_vs_mouse.hp_thomas_dill2.k19.lctrue.regions.parquet,Q5VWX1,Q91ZB0
human_vs_mouse.hp_thomas_dill2.k19.lctrue.regions.parquet,Q5VWX1,Q9WU01
human_vs_mouse.hp_thomas_dill2.k19.lctrue.regions.parquet,Q5VZK9,Q3UNN8
human_vs_mouse.hp_thomas_dill2.k19.lctrue.regions.parquet,Q5VZK9,Q6EDY6
human_vs_mouse.hp_thomas_dill2.k19.lctrue.regions.parquet,Q5VZK9,Q91W40
human_vs_mouse.hp_thomas_dill2.k19.lctrue.regions.parquet,Q6IEG0,P59114
human_vs_mouse.hp_thomas_dill2.k19.lctrue.regions.parquet,Q6ISU1,P83917
human_vs_mouse.hp_thomas_dill2.k19.lctrue.regions.parquet,Q6NT16,Q9R226
human_vs_mouse.hp_thomas_dill2.k19.lctrue.regions.parquet,Q6PI73,Q6NXL6
human_vs_mouse.hp_thomas_dill2.k19.lctrue.regions.parquet,Q6Q6R5,Q80TD3
human_vs_mouse.hp_thomas_dill2.k19.lctrue.regions.parquet,Q6UB35,Q2TV84
human_vs_mouse.hp_thomas_dill2.k19.lctrue.regions.parquet,Q6ZMV9,Q02085
human_vs_mouse.hp_thomas_dill2.k19.lctrue.regions.parquet,Q6ZN17,P58269
human_vs_mouse.hp_thomas_dill2.k19.lctrue.regions.parquet,Q6ZN17,Q62059
human_vs_mouse.hp_thomas_dill2.k19.lctrue.regions.parquet,Q6ZN17,Q8BSA9
human_vs_mouse.hp_thomas_dill2.k19.lctrue.regions.parquet,Q6ZU52,B2RRD7
human_vs_mouse.hp_thomas_dill2.k19.lctrue.regions.parquet,Q6ZU52,Q5NBX1
human_vs_mouse.hp_thomas_dill2.k19.lctrue.regions.parquet,Q6ZU52,Q9EPQ2
human_vs_mouse.hp_thomas_dill2.k19.lctrue.regions.parquet,Q70CQ1,Q32LZ8
human_vs_mouse.hp_thomas_dill2.k19.lctrue.regions.parquet,Q70CQ1,Q8BXQ8
human_vs_mouse.hp_thomas_dill2.k19.lctrue.regions.parquet,Q70EL2,Q5S003
human_vs_mouse.hp_thomas_dill2.k19.lctrue.regions.parquet,Q70EL2,Q78IK4
human_vs_mouse.hp_thomas_dill2.k19.lctrue.regions.parquet,Q70EL2,Q8K031
human_vs_mouse.hp_thomas_dill2.k19.lctrue.regions.parquet,Q70EL2,Q9D3S3
human_vs_mouse.hp_thomas_dill2.k19.lctrue.regions.parquet,Q7RTU3,Q3TWN3
human_vs_mouse.hp_thomas_dill2.k19.lctrue.regions.parquet,Q7Z6J4,Q9QZQ1
human_vs_mouse.hp_thomas_dill2.k19.lctrue.regions.parquet,Q7Z6P3,P16014
human_vs_mouse.hp_thomas_dill2.k19.lctrue.regions.parquet,Q7Z6P3,Q8K3K8
human_vs_mouse.hp_thomas_dill2.k19.lctrue.regions.parquet,Q7Z6P3,Q91Z83
human_vs_mouse.hp_thomas_dill2.k19.lctrue.regions.parquet,Q7Z6P3,Q9WV27
human_vs_mouse.hp_thomas_dill2.k19.lctrue.regions.parquet,Q7Z6R9,O35305
human_vs_mouse.hp_thomas_dill2.k19.lctrue.regions.parquet,Q7Z6R9,Q91ZK0
human_vs_mouse.hp_thomas_dill2.k19.lctrue.regions.parquet,Q7Z7B0,P27889
human_vs_mouse.hp_thomas_dill2.k19.lctrue.regions.parquet,Q7Z7B0,Q91WC0
human_vs_mouse.hp_thomas_dill2.k19.lctrue.regions.parquet,Q7Z7B0,Q9CS72
human_vs_mouse.hp_thomas_dill2.k19.lctrue.regions.parquet,Q7Z7C8,Q8C0I4
human_vs_mouse.hp_thomas_dill2.k19.lctrue.regions.parquet,Q7Z7C8,Q9EQH4
human_vs_mouse.hp_thomas_dill2.k19.lctrue.regions.parquet,Q86SQ4,A0A1D5RMD1
human_vs_mouse.hp_thomas_dill2.k19.lctrue.regions.parquet,Q86SQ4,Q6F3F9
human_vs_mouse.hp_thomas_dill2.k19.lctrue.regions.parquet,Q86T65,Q99N42
human_vs_mouse.hp_thomas_dill2.k19.lctrue.regions.parquet,Q86UC2,Q14DK4
human_vs_mouse.hp_thomas_dill2.k19.lctrue.regions.parquet,Q86UC2,Q2TV84
human_vs_mouse.hp_thomas_dill2.k19.lctrue.regions.parquet,Q86UC2,Q91VJ4
human_vs_mouse.hp_thomas_dill2.k19.lctrue.regions.parquet,Q86UC2,Q9DAI6
human_vs_mouse.hp_thomas_dill2.k19.lctrue.regions.parquet,Q86UC2,Q9QYJ0
human_vs_mouse.hp_thomas_dill2.k19.lctrue.regions.parquet,Q86UR5,Q3TXS7
human_vs_mouse.hp_thomas_dill2.k19.lctrue.regions.parquet,Q86UR5,Q5DQR4
human_vs_mouse.hp_thomas_dill2.k19.lctrue.regions.parquet,Q86UR5,Q8BKF1
human_vs_mouse.hp_thomas_dill2.k19.lctrue.regions.parquet,Q86UR5,Q91YL2
human_vs_mouse.hp_thomas_dill2.k19.lctrue.regions.parquet,Q86UR5,Q99NE5
human_vs_mouse.hp_thomas_dill2.k19.lctrue.regions.parquet,Q86UR5,Q9EQZ7
human_vs_mouse.hp_thomas_dill2.k19.lctrue.regions.parquet,Q86VW1,M0QWB7
human_vs_mouse.hp_thomas_dill2.k19.lctrue.regions.parquet,Q8HWS3,Q91YM2
human_vs_mouse.hp_thomas_dill2.k19.lctrue.regions.parquet,Q8IV45,A2A6M5
human_vs_mouse.hp_thomas_dill2.k19.lctrue.regions.parquet,Q8IV45,P62242
human_vs_mouse.hp_thomas_dill2.k19.lctrue.regions.parquet,Q8IVH2,Q61010
human_vs_mouse.hp_thomas_dill2.k19.lctrue.regions.parquet,Q8IVH2,Q8QZV4
human_vs_mouse.hp_thomas_dill2.k19.lctrue.regions.parquet,Q8IVH2,Q9DBY0
human_vs_mouse.hp_thomas_dill2.k19.lctrue.regions.parquet,Q8IWP9,Q9D7A6
human_vs_mouse.hp_thomas_dill2.k19.lctrue.regions.parquet,Q8IWV8,Q6NV66
human_vs_mouse.hp_thomas_dill2.k19.lctrue.regions.parquet,Q8IWV8,Q8K4J0
human_vs_mouse.hp_thomas_dill2.k19.lctrue.regions.parquet,Q8IZF2,Q7TSJ6
human_vs_mouse.hp_thomas_dill2.k19.lctrue.regions.parquet,Q8IZF2,Q8BYR2
human_vs_mouse.hp_thomas_dill2.k19.lctrue.regions.parquet,Q8IZS6,A2AHJ4
human_vs_mouse.hp_thomas_dill2.k19.lctrue.regions.parquet,Q8N109,Q9D1H6
human_vs_mouse.hp_thomas_dill2.k19.lctrue.regions.parquet,Q8N157,B9EKE5
human_vs_mouse.hp_thomas_dill2.k19.lctrue.regions.parquet,Q8N157,Q60821
human_vs_mouse.hp_thomas_dill2.k19.lctrue.regions.parquet,Q8N157,Q7TS75
human_vs_mouse.hp_thomas_dill2.k19.lctrue.regions.parquet,Q8N1K5,Q91YE5
human_vs_mouse.hp_thomas_dill2.k19.lctrue.regions.parquet,Q8N3L3,O70191
human_vs_mouse.hp_thomas_dill2.k19.lctrue.regions.parquet,Q8N3L3,Q8BR86
human_vs_mouse.hp_thomas_dill2.k19.lctrue.regions.parquet,Q8N3Z0,Q8BMA6
human_vs_mouse.hp_thomas_dill2.k19.lctrue.regions.parquet,Q8N4B5,Q9Z1S8
human_vs_mouse.hp_thomas_dill2.k19.lctrue.regions.parquet,Q8N680,Q6NV66
human_vs_mouse.hp_thomas_dill2.k19.lctrue.regions.parquet,Q8N878,O88712
human_vs_mouse.hp_thomas_dill2.k19.lctrue.regions.parquet,Q8N878,P31266
human_vs_mouse.hp_thomas_dill2.k19.lctrue.regions.parquet,Q8N878,Q8BMD5
human_vs_mouse.hp_thomas_dill2.k19.lctrue.regions.parquet,Q8NB25,P70227
human_vs_mouse.hp_thomas_dill2.k19.lctrue.regions.parquet,Q8NC56,Q5SW19
human_vs_mouse.hp_thomas_dill2.k19.lctrue.regions.parquet,Q8NC56,Q80X60
human_vs_mouse.hp_thomas_dill2.k19.lctrue.regions.parquet,Q8NC56,Q8BM75
human_vs_mouse.hp_thomas_dill2.k19.lctrue.regions.parquet,Q8NE79,Q8CHZ9
human_vs_mouse.hp_thomas_dill2.k19.lctrue.regions.parquet,Q8NE79,Q9ES83
human_vs_mouse.hp_thomas_dill2.k19.lctrue.regions.parquet,Q8NF91,A2ALI5
human_vs_mouse.hp_thomas_dill2.k19.lctrue.regions.parquet,Q8NF91,Q6ZWR6
human_vs_mouse.hp_thomas_dill2.k19.lctrue.regions.parquet,Q8NF91,Q91ZP3
human_vs_mouse.hp_thomas_dill2.k19.lctrue.regions.parquet,Q8NFD5,E9Q4N7
human_vs_mouse.hp_thomas_dill2.k19.lctrue.regions.parquet,Q8NFD5,P81067
human_vs_mouse.hp_thomas_dill2.k19.lctrue.regions.parquet,Q8NFD5,Q8BJU0
human_vs_mouse.hp_thomas_dill2.k19.lctrue.regions.parquet,Q8NFD5,Q8BZE1
human_vs_mouse.hp_thomas_dill2.k19.lctrue.regions.parquet,Q8NFD5,Q9EQP2
human_vs_mouse.hp_thomas_dill2.k19.lctrue.regions.parquet,Q8NFD5,Q9QZK7
human_vs_mouse.hp_thomas_dill2.k19.lctrue.regions.parquet,Q8NHJ6,Q8BKF1
human_vs_mouse.hp_thomas_dill2.k19.lctrue.regions.parquet,Q8NHL6,P28776
human_vs_mouse.hp_thomas_dill2.k19.lctrue.regions.parquet,Q8NHL6,P97433
human_vs_mouse.hp_thomas_dill2.k19.lctrue.regions.parquet,Q8NHL6,Q9D0C1
human_vs_mouse.hp_thomas_dill2.k19.lctrue.regions.parquet,Q8TB52,P97929
human_vs_mouse.hp_thomas_dill2.k19.lctrue.regions.parquet,Q8TC20,Q8C120
human_vs_mouse.hp_thomas_dill2.k19.lctrue.regions.parquet,Q8TC41,O88448
human_vs_mouse.hp_thomas_dill2.k19.lctrue.regions.parquet,Q8TD31,Q9D5V6
human_vs_mouse.hp_thomas_dill2.k19.lctrue.regions.parquet,Q8TD31,Q9DB96
human_vs_mouse.hp_thomas_dill2.k19.lctrue.regions.parquet,Q8TDH9,P28661
human_vs_mouse.hp_thomas_dill2.k19.lctrue.regions.parquet,Q8WUA2,Q03146
human_vs_mouse.hp_thomas_dill2.k19.lctrue.regions.parquet,Q8WUA2,Q0P557
human_vs_mouse.hp_thomas_dill2.k19.lctrue.regions.parquet,Q8WUA2,Q921Q7
human_vs_mouse.hp_thomas_dill2.k19.lctrue.regions.parquet,Q8WUB8,P31311
human_vs_mouse.hp_thomas_dill2.k19.lctrue.regions.parquet,Q8WUB8,Q6PD10
human_vs_mouse.hp_thomas_dill2.k19.lctrue.regions.parquet,Q8WUB8,Q8VIM6
human_vs_mouse.hp_thomas_dill2.k19.lctrue.regions.parquet,Q8WWN9,P86176
human_vs_mouse.hp_thomas_dill2.k19.lctrue.regions.parquet,Q8WWN9,Q6PFD6
human_vs_mouse.hp_thomas_dill2.k19.lctrue.regions.parquet,Q8WWN9,Q8BL00
human_vs_mouse.hp_thomas_dill2.k19.lctrue.regions.parquet,Q8WWN9,Q9CT10
human_vs_mouse.hp_thomas_dill2.k19.lctrue.regions.parquet,Q8WWU5,Q8CGS6
human_vs_mouse.hp_thomas_dill2.k19.lctrue.regions.parquet,Q8WWU5,Q8CJ53
human_vs_mouse.hp_thomas_dill2.k19.lctrue.regions.parquet,Q92504,Q5DTL9
human_vs_mouse.hp_thomas_dill2.k19.lctrue.regions.parquet,Q92504,Q8C4V1
human_vs_mouse.hp_thomas_dill2.k19.lctrue.regions.parquet,Q92562,Q9R099
human_vs_mouse.hp_thomas_dill2.k19.lctrue.regions.parquet,Q92766,O88196
human_vs_mouse.hp_thomas_dill2.k19.lctrue.regions.parquet,Q92766,P05524
human_vs_mouse.hp_thomas_dill2.k19.lctrue.regions.parquet,Q92766,P53690
human_vs_mouse.hp_thomas_dill2.k19.lctrue.regions.parquet,Q92766,P84102
human_vs_mouse.hp_thomas_dill2.k19.lctrue.regions.parquet,Q92766,Q02591
human_vs_mouse.hp_thomas_dill2.k19.lctrue.regions.parquet,Q92766,Q3KNY0
human_vs_mouse.hp_thomas_dill2.k19.lctrue.regions.parquet,Q92766,Q9QYI8
human_vs_mouse.hp_thomas_dill2.k19.lctrue.regions.parquet,Q92766,Q9QZB1
human_vs_mouse.hp_thomas_dill2.k19.lctrue.regions.parquet,Q92833,E9Q309
human_vs_mouse.hp_thomas_dill2.k19.lctrue.regions.parquet,Q92833,Q61548
human_vs_mouse.hp_thomas_dill2.k19.lctrue.regions.parquet,Q92833,Q62315
human_vs_mouse.hp_thomas_dill2.k19.lctrue.regions.parquet,Q92833,Q6PE13
human_vs_mouse.hp_thomas_dill2.k19.lctrue.regions.parquet,Q93077,O70361
human_vs_mouse.hp_thomas_dill2.k19.lctrue.regions.parquet,Q969J2,Q4QY64
human_vs_mouse.hp_thomas_dill2.k19.lctrue.regions.parquet,Q969J2,Q99LW6
human_vs_mouse.hp_thomas_dill2.k19.lctrue.regions.parquet,Q96AP4,A2AMT1
human_vs_mouse.hp_thomas_dill2.k19.lctrue.regions.parquet,Q96AP4,Q80WC3
human_vs_mouse.hp_thomas_dill2.k19.lctrue.regions.parquet,Q96C00,Q8CB19
human_vs_mouse.hp_thomas_dill2.k19.lctrue.regions.parquet,Q96C00,Q9R0W9
human_vs_mouse.hp_thomas_dill2.k19.lctrue.regions.parquet,Q96D71,Q61658
human_vs_mouse.hp_thomas_dill2.k19.lctrue.regions.parquet,Q96D71,Q6V5K9
human_vs_mouse.hp_thomas_dill2.k19.lctrue.regions.parquet,Q96D71,Q921M4
human_vs_mouse.hp_thomas_dill2.k19.lctrue.regions.parquet,Q96EV8,Q6P1Y8
human_vs_mouse.hp_thomas_dill2.k19.lctrue.regions.parquet,Q96JB1,Q91XQ0
human_vs_mouse.hp_thomas_dill2.k19.lctrue.regions.parquet,Q96JM7,Q61127
human_vs_mouse.hp_thomas_dill2.k19.lctrue.regions.parquet,Q96JM7,Q8BLB7
human_vs_mouse.hp_thomas_dill2.k19.lctrue.regions.parquet,Q96KF7,Q8K4I3
human_vs_mouse.hp_thomas_dill2.k19.lctrue.regions.parquet,Q96KK5,O70361
human_vs_mouse.hp_thomas_dill2.k19.lctrue.regions.parquet,Q96KQ7,Q0VGY8
human_vs_mouse.hp_thomas_dill2.k19.lctrue.regions.parquet,Q96KQ7,Q91YW3
human_vs_mouse.hp_thomas_dill2.k19.lctrue.regions.parquet,Q96KQ7,Q9JJ28
human_vs_mouse.hp_thomas_dill2.k19.lctrue.regions.parquet,Q96KW2,A2AWL7
human_vs_mouse.hp_thomas_dill2.k19.lctrue.regions.parquet,Q96KW2,Q505G8
human_vs_mouse.hp_thomas_dill2.k19.lctrue.regions.parquet,Q96KW2,Q61312
human_vs_mouse.hp_thomas_dill2.k19.lctrue.regions.parquet,Q96KW2,Q8C3M9
human_vs_mouse.hp_thomas_dill2.k19.lctrue.regions.parquet,Q96KW2,Q8VEB1
human_vs_mouse.hp_thomas_dill2.k19.lctrue.regions.parquet,Q96KW2,Q9QZQ1
human_vs_mouse.hp_thomas_dill2.k19.lctrue.regions.parquet,Q96NH3,Q4VC17
human_vs_mouse.hp_thomas_dill2.k19.lctrue.regions.parquet,Q96P44,Q9ERE7
human_vs_mouse.hp_thomas_dill2.k19.lctrue.regions.parquet,Q96PC2,Q99JS0
human_vs_mouse.hp_thomas_dill2.k19.lctrue.regions.parquet,Q96PQ5,P29788
human_vs_mouse.hp_thomas_dill2.k19.lctrue.regions.parquet,Q96PQ5,Q8BFY9
human_vs_mouse.hp_thomas_dill2.k19.lctrue.regions.parquet,Q96PQ5,Q8BTY2
human_vs_mouse.hp_thomas_dill2.k19.lctrue.regions.parquet,Q96PQ5,Q9JII5
human_vs_mouse.hp_thomas_dill2.k19.lctrue.regions.parquet,Q96QV6,Q02780
human_vs_mouse.hp_thomas_dill2.k19.lctrue.regions.parquet,Q96S59,P69566
human_vs_mouse.hp_thomas_dill2.k19.lctrue.regions.parquet,Q96S59,Q8R3N6
human_vs_mouse.hp_thomas_dill2.k19.lctrue.regions.parquet,Q96T54,Q6PDJ1
human_vs_mouse.hp_thomas_dill2.k19.lctrue.regions.parquet,Q99459,O08785
human_vs_mouse.hp_thomas_dill2.k19.lctrue.regions.parquet,Q99459,P97366
human_vs_mouse.hp_thomas_dill2.k19.lctrue.regions.parquet,Q99459,Q04888
human_vs_mouse.hp_thomas_dill2.k19.lctrue.regions.parquet,Q99459,Q6A068
human_vs_mouse.hp_thomas_dill2.k19.lctrue.regions.parquet,Q99459,Q8VEE4
human_vs_mouse.hp_thomas_dill2.k19.lctrue.regions.parquet,Q99683,B9EKI3
human_vs_mouse.hp_thomas_dill2.k19.lctrue.regions.parquet,Q99706,Q80TS5
human_vs_mouse.hp_thomas_dill2.k19.lctrue.regions.parquet,Q99715,O35305
human_vs_mouse.hp_thomas_dill2.k19.lctrue.regions.parquet,Q99715,Q3UHU5
human_vs_mouse.hp_thomas_dill2.k19.lctrue.regions.parquet,Q99715,Q60847
human_vs_mouse.hp_thomas_dill2.k19.lctrue.regions.parquet,Q99715,Q61818
human_vs_mouse.hp_thomas_dill2.k19.lctrue.regions.parquet,Q99715,Q7TPD0
human_vs_mouse.hp_thomas_dill2.k19.lctrue.regions.parquet,Q99715,Q8K0E8
human_vs_mouse.hp_thomas_dill2.k19.lctrue.regions.parquet,Q99750,Q60722
human_vs_mouse.hp_thomas_dill2.k19.lctrue.regions.parquet,Q99750,Q8VCS6
human_vs_mouse.hp_thomas_dill2.k19.lctrue.regions.parquet,Q99808,D3YV10
human_vs_mouse.hp_thomas_dill2.k19.lctrue.regions.parquet,Q99878,O70361
human_vs_mouse.hp_thomas_dill2.k19.lctrue.regions.parquet,Q99941,A2AQH4
human_vs_mouse.hp_thomas_dill2.k19.lctrue.regions.parquet,Q99941,P03966
human_vs_mouse.hp_thomas_dill2.k19.lctrue.regions.parquet,Q99941,Q3U288
human_vs_mouse.hp_thomas_dill2.k19.lctrue.regions.parquet,Q99941,Q61191
human_vs_mouse.hp_thomas_dill2.k19.lctrue.regions.parquet,Q99941,Q61645
human_vs_mouse.hp_thomas_dill2.k19.lctrue.regions.parquet,Q99941,Q8BWJ3
human_vs_mouse.hp_thomas_dill2.k19.lctrue.regions.parquet,Q99941,Q8VDQ8
human_vs_mouse.hp_thomas_dill2.k19.lctrue.regions.parquet,Q99942,Q61550
human_vs_mouse.hp_thomas_dill2.k19.lctrue.regions.parquet,Q99946,O35449
human_vs_mouse.hp_thomas_dill2.k19.lctrue.regions.parquet,Q99967,Q9JJN2
human_vs_mouse.hp_thomas_dill2.k19.lctrue.regions.parquet,Q9BRR0,Q9R0L6
human_vs_mouse.hp_thomas_dill2.k19.lctrue.regions.parquet,Q9BRS2,Q3V0Q6
human_vs_mouse.hp_thomas_dill2.k19.lctrue.regions.parquet,Q9BRS2,Q6PGF7
human_vs_mouse.hp_thomas_dill2.k19.lctrue.regions.parquet,Q9BRS2,Q922Q2
human_vs_mouse.hp_thomas_dill2.k19.lctrue.regions.parquet,Q9BT09,Q6ZWQ0
human_vs_mouse.hp_thomas_dill2.k19.lctrue.regions.parquet,Q9BW19,Q60696
human_vs_mouse.hp_thomas_dill2.k19.lctrue.regions.parquet,Q9BW19,Q8CGN4
human_vs_mouse.hp_thomas_dill2.k19.lctrue.regions.parquet,Q9BW19,Q9JJC6
human_vs_mouse.hp_thomas_dill2.k19.lctrue.regions.parquet,Q9BWU1,Q8BWD8
human_vs_mouse.hp_thomas_dill2.k19.lctrue.regions.parquet,Q9BWV7,B1AY10
human_vs_mouse.hp_thomas_dill2.k19.lctrue.regions.parquet,Q9BWV7,Q3UGX3
human_vs_mouse.hp_thomas_dill2.k19.lctrue.regions.parquet,Q9BXY4,P56581
human_vs_mouse.hp_thomas_dill2.k19.lctrue.regions.parquet,Q9BYV9,O55106
human_vs_mouse.hp_thomas_dill2.k19.lctrue.regions.parquet,Q9BYV9,Q52KB6
human_vs_mouse.hp_thomas_dill2.k19.lctrue.regions.parquet,Q9BYV9,Q5SS80
human_vs_mouse.hp_thomas_dill2.k19.lctrue.regions.parquet,Q9BYV9,Q69ZH9
human_vs_mouse.hp_thomas_dill2.k19.lctrue.regions.parquet,Q9BYV9,Q9Z123
human_vs_mouse.hp_thomas_dill2.k19.lctrue.regions.parquet,Q9BZY9,Q3UGY8
human_vs_mouse.hp_thomas_dill2.k19.lctrue.regions.parquet,Q9C009,P14733
human_vs_mouse.hp_thomas_dill2.k19.lctrue.regions.parquet,Q9C009,Q7TQG0
human_vs_mouse.hp_thomas_dill2.k19.lctrue.regions.parquet,Q9C009,Q8BJD1
human_vs_mouse.hp_thomas_dill2.k19.lctrue.regions.parquet,Q9C010,F8VPU6
human_vs_mouse.hp_thomas_dill2.k19.lctrue.regions.parquet,Q9C0D0,A2AP18
human_vs_mouse.hp_thomas_dill2.k19.lctrue.regions.parquet,Q9C0D0,O35664
human_vs_mouse.hp_thomas_dill2.k19.lctrue.regions.parquet,Q9C0D0,Q9DB00
human_vs_mouse.hp_thomas_dill2.k19.lctrue.regions.parquet,Q9GZM5,Q8C5T4
human_vs_mouse.hp_thomas_dill2.k19.lctrue.regions.parquet,Q9GZR5,Q925U4
human_vs_mouse.hp_thomas_dill2.k19.lctrue.regions.parquet,Q9H0U9,Q5SFM8
human_vs_mouse.hp_thomas_dill2.k19.lctrue.regions.parquet,Q9H1H9,Q61493
human_vs_mouse.hp_thomas_dill2.k19.lctrue.regions.parquet,Q9H1H9,Q69ZH9
human_vs_mouse.hp_thomas_dill2.k19.lctrue.regions.parquet,Q9H1H9,Q6NVF4
human_vs_mouse.hp_thomas_dill2.k19.lctrue.regions.parquet,Q9H1H9,Q9DBE9
human_vs_mouse.hp_thomas_dill2.k19.lctrue.regions.parquet,Q9H1H9,Q9Z0S2
human_vs_mouse.hp_thomas_dill2.k19.lctrue.regions.parquet,Q9H4E7,Q9JIP6
human_vs_mouse.hp_thomas_dill2.k19.lctrue.regions.parquet,Q9H4Q3,E9PZZ1
human_vs_mouse.hp_thomas_dill2.k19.lctrue.regions.parquet,Q9H4Q3,Q61010
human_vs_mouse.hp_thomas_dill2.k19.lctrue.regions.parquet,Q9H4Q3,Q6ZQF7
human_vs_mouse.hp_thomas_dill2.k19.lctrue.regions.parquet,Q9H4Q3,Q811T9
human_vs_mouse.hp_thomas_dill2.k19.lctrue.regions.parquet,Q9H4T2,P46097
human_vs_mouse.hp_thomas_dill2.k19.lctrue.regions.parquet,Q9H4T2,Q69ZN6
human_vs_mouse.hp_thomas_dill2.k19.lctrue.regions.parquet,Q9H633,Q76KF0
human_vs_mouse.hp_thomas_dill2.k19.lctrue.regions.parquet,Q9H6K1,Q9EST3
human_vs_mouse.hp_thomas_dill2.k19.lctrue.regions.parquet,Q9H7B2,Q61151
human_vs_mouse.hp_thomas_dill2.k19.lctrue.regions.parquet,Q9HB96,Q4U2R1
human_vs_mouse.hp_thomas_dill2.k19.lctrue.regions.parquet,Q9HCH3,Q8VIM5
human_vs_mouse.hp_thomas_dill2.k19.lctrue.regions.parquet,Q9HCM9,P97414
human_vs_mouse.hp_thomas_dill2.k19.lctrue.regions.parquet,Q9HD26,Q8C190
human_vs_mouse.hp_thomas_dill2.k19.lctrue.regions.parquet,Q9NP56,P52927
human_vs_mouse.hp_thomas_dill2.k19.lctrue.regions.parquet,Q9NP62,Q8BLG0
human_vs_mouse.hp_thomas_dill2.k19.lctrue.regions.parquet,Q9NRA2,Q7TNS7
human_vs_mouse.hp_thomas_dill2.k19.lctrue.regions.parquet,Q9NRJ4,P70227
human_vs_mouse.hp_thomas_dill2.k19.lctrue.regions.parquet,Q9NRJ4,Q80TE3
human_vs_mouse.hp_thomas_dill2.k19.lctrue.regions.parquet,Q9NRJ4,Q8VHJ7
human_vs_mouse.hp_thomas_dill2.k19.lctrue.regions.parquet,Q9NRJ4,Q91WE1
human_vs_mouse.hp_thomas_dill2.k19.lctrue.regions.parquet,Q9NRJ4,Q9JIL5
human_vs_mouse.hp_thomas_dill2.k19.lctrue.regions.parquet,Q9NTX7,Q99K48
human_vs_mouse.hp_thomas_dill2.k19.lctrue.regions.parquet,Q9NWT1,Q7TMX5
human_vs_mouse.hp_thomas_dill2.k19.lctrue.regions.parquet,Q9NXL9,Q5XJV6
human_vs_mouse.hp_thomas_dill2.k19.lctrue.regions.parquet,Q9NXL9,Q8BWG4
human_vs_mouse.hp_thomas_dill2.k19.lctrue.regions.parquet,Q9NXL9,Q8JZQ2
human_vs_mouse.hp_thomas_dill2.k19.lctrue.regions.parquet,Q9NXL9,Q922I5
human_vs_mouse.hp_thomas_dill2.k19.lctrue.regions.parquet,Q9NXL9,Q9D882
human_vs_mouse.hp_thomas_dill2.k19.lctrue.regions.parquet,Q9NXZ2,Q62431
human_vs_mouse.hp_thomas_dill2.k19.lctrue.regions.parquet,Q9NZB8,Q5RKZ7
human_vs_mouse.hp_thomas_dill2.k19.lctrue.regions.parquet,Q9NZB8,Q9R1E0
human_vs_mouse.hp_thomas_dill2.k19.lctrue.regions.parquet,Q9UBC1,P70261
human_vs_mouse.hp_thomas_dill2.k19.lctrue.regions.parquet,Q9UBC1,Q812A2
human_vs_mouse.hp_thomas_dill2.k19.lctrue.regions.parquet,Q9UBU6,Q7TNF0
human_vs_mouse.hp_thomas_dill2.k19.lctrue.regions.parquet,Q9UGC6,Q5SW75
human_vs_mouse.hp_thomas_dill2.k19.lctrue.regions.parquet,Q9UGP8,Q91ZU9
human_vs_mouse.hp_thomas_dill2.k19.lctrue.regions.parquet,Q9UIL4,P83741
human_vs_mouse.hp_thomas_dill2.k19.lctrue.regions.parquet,Q9UIL4,Q0VAW7
human_vs_mouse.hp_thomas_dill2.k19.lctrue.regions.parquet,Q9UJ04,Q9WTL4
human_vs_mouse.hp_thomas_dill2.k19.lctrue.regions.parquet,Q9UJN7,Q61699
human_vs_mouse.hp_thomas_dill2.k19.lctrue.regions.parquet,Q9UJN7,Q8BXJ2
human_vs_mouse.hp_thomas_dill2.k19.lctrue.regions.parquet,Q9UK97,Q6NV66
human_vs_mouse.hp_thomas_dill2.k19.lctrue.regions.parquet,Q9UKL3,F8VPN2
human_vs_mouse.hp_thomas_dill2.k19.lctrue.regions.parquet,Q9UKL3,P12804
human_vs_mouse.hp_thomas_dill2.k19.lctrue.regions.parquet,Q9UKL3,Q6RI63
human_vs_mouse.hp_thomas_dill2.k19.lctrue.regions.parquet,Q9UKL3,Q8C0N0
human_vs_mouse.hp_thomas_dill2.k19.lctrue.regions.parquet,Q9UKT4,P18524
human_vs_mouse.hp_thomas_dill2.k19.lctrue.regions.parquet,Q9UKT4,Q3V0L5
human_vs_mouse.hp_thomas_dill2.k19.lctrue.regions.parquet,Q9ULC3,P35288
human_vs_mouse.hp_thomas_dill2.k19.lctrue.regions.parquet,Q9ULD4,P15306
human_vs_mouse.hp_thomas_dill2.k19.lctrue.regions.parquet,Q9ULD4,P63015
human_vs_mouse.hp_thomas_dill2.k19.lctrue.regions.parquet,Q9ULD4,Q80TL0
human_vs_mouse.hp_thomas_dill2.k19.lctrue.regions.parquet,Q9ULD4,Q80TN7
human_vs_mouse.hp_thomas_dill2.k19.lctrue.regions.parquet,Q9ULH4,Q4KL35
human_vs_mouse.hp_thomas_dill2.k19.lctrue.regions.parquet,Q9ULH4,Q8BGI4
human_vs_mouse.hp_thomas_dill2.k19.lctrue.regions.parquet,Q9ULH4,Q8VHN7
human_vs_mouse.hp_thomas_dill2.k19.lctrue.regions.parquet,Q9ULH4,Q99JG2
human_vs_mouse.hp_thomas_dill2.k19.lctrue.regions.parquet,Q9ULK4,Q80YQ2
human_vs_mouse.hp_thomas_dill2.k19.lctrue.regions.parquet,Q9ULL1,O35598
human_vs_mouse.hp_thomas_dill2.k19.lctrue.regions.parquet,Q9ULL1,P15261
human_vs_mouse.hp_thomas_dill2.k19.lctrue.regions.parquet,Q9ULL1,P23949
human_vs_mouse.hp_thomas_dill2.k19.lctrue.regions.parquet,Q9ULL1,P97431
human_vs_mouse.hp_thomas_dill2.k19.lctrue.regions.parquet,Q9ULL1,Q0VE29
human_vs_mouse.hp_thomas_dill2.k19.lctrue.regions.parquet,Q9ULL1,Q66T02
human_vs_mouse.hp_thomas_dill2.k19.lctrue.regions.parquet,Q9UM54,Q2TV84
human_vs_mouse.hp_thomas_dill2.k19.lctrue.regions.parquet,Q9UM54,Q64331
human_vs_mouse.hp_thomas_dill2.k19.lctrue.regions.parquet,Q9UM54,Q9R0G7
human_vs_mouse.hp_thomas_dill2.k19.lctrue.regions.parquet,Q9UM63,Q8BTQ0
human_vs_mouse.hp_thomas_dill2.k19.lctrue.regions.parquet,Q9UMQ6,Q61686
human_vs_mouse.hp_thomas_dill2.k19.lctrue.regions.parquet,Q9UPN6,O70338
human_vs_mouse.hp_thomas_dill2.k19.lctrue.regions.parquet,Q9UPN6,Q60677
human_vs_mouse.hp_thomas_dill2.k19.lctrue.regions.parquet,Q9UPN6,Q62504
human_vs_mouse.hp_thomas_dill2.k19.lctrue.regions.parquet,Q9UPN6,Q6DID3
human_vs_mouse.hp_thomas_dill2.k19.lctrue.regions.parquet,Q9Y233,Q1WG82
human_vs_mouse.hp_thomas_dill2.k19.lctrue.regions.parquet,Q9Y233,Q91YI1
human_vs_mouse.hp_thomas_dill2.k19.lctrue.regions.parquet,Q9Y2C2,P16872
human_vs_mouse.hp_thomas_dill2.k19.lctrue.regions.parquet,Q9Y330,Q8K135
human_vs_mouse.hp_thomas_dill2.k19.lctrue.regions.parquet,Q9Y4E5,Q9JKU8
human_vs_mouse.hp_thomas_dill2.k19.lctrue.regions.parquet,Q9Y4F9,Q6PZE0
human_vs_mouse.hp_thomas_dill2.k19.lctrue.regions.parquet,Q9Y4F9,Q9R0Q7
human_vs_mouse.hp_thomas_dill2.k19.lctrue.regions.parquet,Q9Y4F9,Q9Z1J2
human_vs_mouse.hp_thomas_dill2.k19.lctrue.regions.parquet,Q9Y4K1,A3KGK3
human_vs_mouse.hp_thomas_dill2.k19.lctrue.regions.parquet,Q9Y4K1,Q8BPM6
human_vs_mouse.hp_thomas_dill2.k19.lctrue.regions.parquet,Q9Y4K1,Q8BQB4
human_vs_mouse.hp_thomas_dill2.k19.lctrue.regions.parquet,Q9Y4K1,Q8VI56
human_vs_mouse.hp_thomas_dill2.k19.lctrue.regions.parquet,Q9Y4K1,Q9JJV0
human_vs_mouse.hp_thomas_dill2.k19.lctrue.regions.parquet,Q9Y4K1,Q9JLF1
human_vs_mouse.hp_thomas_dill2.k19.lctrue.regions.parquet,Q9Y5K6,P30051
human_vs_mouse.hp_thomas_dill2.k19.lctrue.regions.parquet,Q9Y5K6,Q5ND52
human_vs_mouse.hp_thomas_dill2.k19.lctrue.regions.parquet,Q9Y5K6,Q6PB70
human_vs_mouse.hp_thomas_dill2.k19.lctrue.regions.parquet,Q9Y603,P16297
human_vs_mouse.hp_thomas_dill2.k19.lctrue.regions.parquet,Q9Y694,Q64322
human_vs_mouse.hp_thomas_dill2.k19.lctrue.regions.parquet,Q9Y6R4,Q52KR3
human_vs_mouse.hp_thomas_dill2.k19.lctrue.regions.parquet,Q9Y6R4,Q6NXZ1
human_vs_mouse.hp_thomas_dill2.k19.lctrue.regions.parquet,Q9Y6R4,Q6QLQ4
human_vs_mouse.hp_thomas_dill2.k19.lctrue.regions.parquet,Q9Y6R4,Q8R5H6
human_vs_mouse.hp_thomas_dill_no_c2.k19.lctrue.regions.parquet,O00141,Q9Z0J1
human_vs_mouse.hp_thomas_dill_no_c2.k19.lctrue.regions.parquet,O00478,P11214
human_vs_mouse.hp_thomas_dill_no_c2.k19.lctrue.regions.parquet,O00548,A2AJ76
human_vs_mouse.hp_thomas_dill_no_c2.k19.lctrue.regions.parquet,O00548,P47931
human_vs_mouse.hp_thomas_dill_no_c2.k19.lctrue.regions.parquet,O00548,Q0VBD0
human_vs_mouse.hp_thomas_dill_no_c2.k19.lctrue.regions.parquet,O00548,Q61092
human_vs_mouse.hp_thomas_dill_no_c2.k19.lctrue.regions.parquet,O00548,Q61483
human_vs_mouse.hp_thomas_dill_no_c2.k19.lctrue.regions.parquet,O00548,Q63811
human_vs_mouse.hp_thomas_dill_no_c2.k19.lctrue.regions.parquet,O00548,Q9CQW3
human_vs_mouse.hp_thomas_dill_no_c2.k19.lctrue.regions.parquet,O00548,Q9JI76
human_vs_mouse.hp_thomas_dill_no_c2.k19.lctrue.regions.parquet,O00635,Q5NCC3
human_vs_mouse.hp_thomas_dill_no_c2.k19.lctrue.regions.parquet,O00635,Q923T7
human_vs_mouse.hp_thomas_dill_no_c2.k19.lctrue.regions.parquet,O14638,Q8VIK5
human_vs_mouse.hp_thomas_dill_no_c2.k19.lctrue.regions.parquet,O15209,Q07231
human_vs_mouse.hp_thomas_dill_no_c2.k19.lctrue.regions.parquet,O15209,Q7TSH3
human_vs_mouse.hp_thomas_dill_no_c2.k19.lctrue.regions.parquet,O15209,Q8C827
human_vs_mouse.hp_thomas_dill_no_c2.k19.lctrue.regions.parquet,O15217,P30115
human_vs_mouse.hp_thomas_dill_no_c2.k19.lctrue.regions.parquet,O15535,P08043
human_vs_mouse.hp_thomas_dill_no_c2.k19.lctrue.regions.parquet,O15535,P10755
human_vs_mouse.hp_thomas_dill_no_c2.k19.lctrue.regions.parquet,O15535,Q571J5
human_vs_mouse.hp_thomas_dill_no_c2.k19.lctrue.regions.parquet,O15535,Q9D4H7
human_vs_mouse.hp_thomas_dill_no_c2.k19.lctrue.regions.parquet,O15535,Q9EQB9
human_vs_mouse.hp_thomas_dill_no_c2.k19.lctrue.regions.parquet,O43167,B1AY10
human_vs_mouse.hp_thomas_dill_no_c2.k19.lctrue.regions.parquet,O43167,P15620
human_vs_mouse.hp_thomas_dill_no_c2.k19.lctrue.regions.parquet,O43167,Q3U381
human_vs_mouse.hp_thomas_dill_no_c2.k19.lctrue.regions.parquet,O43167,Q64HY3
human_vs_mouse.hp_thomas_dill_no_c2.k19.lctrue.regions.parquet,O43167,Q80X44
human_vs_mouse.hp_thomas_dill_no_c2.k19.lctrue.regions.parquet,O43167,Q8BI99
human_vs_mouse.hp_thomas_dill_no_c2.k19.lctrue.regions.parquet,O43167,Q8C966
human_vs_mouse.hp_thomas_dill_no_c2.k19.lctrue.regions.parquet,O43167,Q91VL9
human_vs_mouse.hp_thomas_dill_no_c2.k19.lctrue.regions.parquet,O43309,A2A761
human_vs_mouse.hp_thomas_dill_no_c2.k19.lctrue.regions.parquet,O43309,Q0VEE6
human_vs_mouse.hp_thomas_dill_no_c2.k19.lctrue.regions.parquet,O43309,Q61164
human_vs_mouse.hp_thomas_dill_no_c2.k19.lctrue.regions.parquet,O43309,Q7TSH9
human_vs_mouse.hp_thomas_dill_no_c2.k19.lctrue.regions.parquet,O43309,Q80W31
human_vs_mouse.hp_thomas_dill_no_c2.k19.lctrue.regions.parquet,O43309,Q8BI99
human_vs_mouse.hp_thomas_dill_no_c2.k19.lctrue.regions.parquet,O43309,Q8BIQ8
human_vs_mouse.hp_thomas_dill_no_c2.k19.lctrue.regions.parquet,O43309,Q8C827
human_vs_mouse.hp_thomas_dill_no_c2.k19.lctrue.regions.parquet,O43309,Q8CJ78
human_vs_mouse.hp_thomas_dill_no_c2.k19.lctrue.regions.parquet,O43309,Q923B3
human_vs_mouse.hp_thomas_dill_no_c2.k19.lctrue.regions.parquet,O43309,Q9JLG8
human_vs_mouse.hp_thomas_dill_no_c2.k19.lctrue.regions.parquet,O43680,O88940
human_vs_mouse.hp_thomas_dill_no_c2.k19.lctrue.regions.parquet,O60242,Q61555
human_vs_mouse.hp_thomas_dill_no_c2.k19.lctrue.regions.parquet,O60242,Q80ZF8
human_vs_mouse.hp_thomas_dill_no_c2.k19.lctrue.regions.parquet,O60242,Q8CIV8
human_vs_mouse.hp_thomas_dill_no_c2.k19.lctrue.regions.parquet,O60260,Q8BKK5
human_vs_mouse.hp_thomas_dill_no_c2.k19.lctrue.regions.parquet,O60260,Q9WVS6
human_vs_mouse.hp_thomas_dill_no_c2.k19.lctrue.regions.parquet,O60281,A2A935
human_vs_mouse.hp_thomas_dill_no_c2.k19.lctrue.regions.parquet,O60281,A2CE44
human_vs_mouse.hp_thomas_dill_no_c2.k19.lctrue.regions.parquet,O60281,Q8BXX2
human_vs_mouse.hp_thomas_dill_no_c2.k19.lctrue.regions.parquet,O60281,Q8K1K9
human_vs_mouse.hp_thomas_dill_no_c2.k19.lctrue.regions.parquet,O60281,Q9WTJ4
human_vs_mouse.hp_thomas_dill_no_c2.k19.lctrue.regions.parquet,O75022,Q80YA8
human_vs_mouse.hp_thomas_dill_no_c2.k19.lctrue.regions.parquet,O75521,Q9WUR2
human_vs_mouse.hp_thomas_dill_no_c2.k19.lctrue.regions.parquet,O75558,Q00262
human_vs_mouse.hp_thomas_dill_no_c2.k19.lctrue.regions.parquet,O75626,P10076
human_vs_mouse.hp_thomas_dill_no_c2.k19.lctrue.regions.parquet,O75626,Q60636
human_vs_mouse.hp_thomas_dill_no_c2.k19.lctrue.regions.parquet,O76038,Q08331
human_vs_mouse.hp_thomas_dill_no_c2.k19.lctrue.regions.parquet,O76038,Q0P523
human_vs_mouse.hp_thomas_dill_no_c2.k19.lctrue.regions.parquet,O76038,Q6P1E8
human_vs_mouse.hp_thomas_dill_no_c2.k19.lctrue.regions.parquet,O76038,Q8BMD8
human_vs_mouse.hp_thomas_dill_no_c2.k19.lctrue.regions.parquet,O76038,Q91WD9
human_vs_mouse.hp_thomas_dill_no_c2.k19.lctrue.regions.parquet,O76064,Q8VC56
human_vs_mouse.hp_thomas_dill_no_c2.k19.lctrue.regions.parquet,O95363,Q99M01
human_vs_mouse.hp_thomas_dill_no_c2.k19.lctrue.regions.parquet,O95389,D3Z5L9
human_vs_mouse.hp_thomas_dill_no_c2.k19.lctrue.regions.parquet,O95389,Q61982
human_vs_mouse.hp_thomas_dill_no_c2.k19.lctrue.regions.parquet,O95389,Q9JLL0
human_vs_mouse.hp_thomas_dill_no_c2.k19.lctrue.regions.parquet,O95835,P54726
human_vs_mouse.hp_thomas_dill_no_c2.k19.lctrue.regions.parquet,O95835,Q9JI71
human_vs_mouse.hp_thomas_dill_no_c2.k19.lctrue.regions.parquet,O95989,Q9JI46
human_vs_mouse.hp_thomas_dill_no_c2.k19.lctrue.regions.parquet,P00747,O35206
human_vs_mouse.hp_thomas_dill_no_c2.k19.lctrue.regions.parquet,P00747,P01029
human_vs_mouse.hp_thomas_dill_no_c2.k19.lctrue.regions.parquet,P00747,P20918
human_vs_mouse.hp_thomas_dill_no_c2.k19.lctrue.regions.parquet,P00747,Q8BMF8
human_vs_mouse.hp_thomas_dill_no_c2.k19.lctrue.regions.parquet,P00747,Q9CYA0
human_vs_mouse.hp_thomas_dill_no_c2.k19.lctrue.regions.parquet,P00751,P04186
human_vs_mouse.hp_thomas_dill_no_c2.k19.lctrue.regions.parquet,P00751,Q60519
human_vs_mouse.hp_thomas_dill_no_c2.k19.lctrue.regions.parquet,P06126,P11610
human_vs_mouse.hp_thomas_dill_no_c2.k19.lctrue.regions.parquet,P06681,Q6PFE7
human_vs_mouse.hp_thomas_dill_no_c2.k19.lctrue.regions.parquet,P06681,Q8R4Y4
human_vs_mouse.hp_thomas_dill_no_c2.k19.lctrue.regions.parquet,P08519,Q8CG19
human_vs_mouse.hp_thomas_dill_no_c2.k19.lctrue.regions.parquet,P08F94,E9PZ36
human_vs_mouse.hp_thomas_dill_no_c2.k19.lctrue.regions.parquet,P08F94,Q66PY1
human_vs_mouse.hp_thomas_dill_no_c2.k19.lctrue.regions.parquet,P08F94,Q9WUA1
human_vs_mouse.hp_thomas_dill_no_c2.k19.lctrue.regions.parquet,P10242,P48972
human_vs_mouse.hp_thomas_dill_no_c2.k19.lctrue.regions.parquet,P10242,P51960
human_vs_mouse.hp_thomas_dill_no_c2.k19.lctrue.regions.parquet,P10412,P15864
human_vs_mouse.hp_thomas_dill_no_c2.k19.lctrue.regions.parquet,P13942,O88799
human_vs_mouse.hp_thomas_dill_no_c2.k19.lctrue.regions.parquet,P13942,P58459
human_vs_mouse.hp_thomas_dill_no_c2.k19.lctrue.regions.parquet,P13942,Q06806
human_vs_mouse.hp_thomas_dill_no_c2.k19.lctrue.regions.parquet,P13942,Q60841
human_vs_mouse.hp_thomas_dill_no_c2.k19.lctrue.regions.parquet,P13942,Q64739
human_vs_mouse.hp_thomas_dill_no_c2.k19.lctrue.regions.parquet,P13942,Q6P9K9
human_vs_mouse.hp_thomas_dill_no_c2.k19.lctrue.regions.parquet,P14373,P86448
human_vs_mouse.hp_thomas_dill_no_c2.k19.lctrue.regions.parquet,P14373,Q62158
human_vs_mouse.hp_thomas_dill_no_c2.k19.lctrue.regions.parquet,P15812,P11610
human_vs_mouse.hp_thomas_dill_no_c2.k19.lctrue.regions.parquet,P15822,O88286
human_vs_mouse.hp_thomas_dill_no_c2.k19.lctrue.regions.parquet,P15822,Q8BQZ5
human_vs_mouse.hp_thomas_dill_no_c2.k19.lctrue.regions.parquet,P16402,P43274
human_vs_mouse.hp_thomas_dill_no_c2.k19.lctrue.regions.parquet,P16403,P43274
human_vs_mouse.hp_thomas_dill_no_c2.k19.lctrue.regions.parquet,P16562,P16563
human_vs_mouse.hp_thomas_dill_no_c2.k19.lctrue.regions.parquet,P20265,P21952
human_vs_mouse.hp_thomas_dill_no_c2.k19.lctrue.regions.parquet,P20849,D3YXG0
human_vs_mouse.hp_thomas_dill_no_c2.k19.lctrue.regions.parquet,P20849,O35536
human_vs_mouse.hp_thomas_dill_no_c2.k19.lctrue.regions.parquet,P20849,O54890
human_vs_mouse.hp_thomas_dill_no_c2.k19.lctrue.regions.parquet,P20849,Q05722
human_vs_mouse.hp_thomas_dill_no_c2.k19.lctrue.regions.parquet,P20849,Q60519
human_vs_mouse.hp_thomas_dill_no_c2.k19.lctrue.regions.parquet,P20849,Q61092
human_vs_mouse.hp_thomas_dill_no_c2.k19.lctrue.regions.parquet,P20849,Q8BMF8
human_vs_mouse.hp_thomas_dill_no_c2.k19.lctrue.regions.parquet,P21580,P10077
human_vs_mouse.hp_thomas_dill_no_c2.k19.lctrue.regions.parquet,P21580,Q60769
human_vs_mouse.hp_thomas_dill_no_c2.k19.lctrue.regions.parquet,P21580,Q9D2D7
human_vs_mouse.hp_thomas_dill_no_c2.k19.lctrue.regions.parquet,P22492,P15864
human_vs_mouse.hp_thomas_dill_no_c2.k19.lctrue.regions.parquet,P25205,P25206
human_vs_mouse.hp_thomas_dill_no_c2.k19.lctrue.regions.parquet,P29279,D3Z5L9
human_vs_mouse.hp_thomas_dill_no_c2.k19.lctrue.regions.parquet,P29279,O35701
human_vs_mouse.hp_thomas_dill_no_c2.k19.lctrue.regions.parquet,P29279,Q80YX1
human_vs_mouse.hp_thomas_dill_no_c2.k19.lctrue.regions.parquet,P29279,Q8R555
human_vs_mouse.hp_thomas_dill_no_c2.k19.lctrue.regions.parquet,P31629,Q6NV66
human_vs_mouse.hp_thomas_dill_no_c2.k19.lctrue.regions.parquet,P36508,O70230
human_vs_mouse.hp_thomas_dill_no_c2.k19.lctrue.regions.parquet,P36508,P16374
human_vs_mouse.hp_thomas_dill_no_c2.k19.lctrue.regions.parquet,P36508,Q0GGX2
human_vs_mouse.hp_thomas_dill_no_c2.k19.lctrue.regions.parquet,P36508,Q19A41
human_vs_mouse.hp_thomas_dill_no_c2.k19.lctrue.regions.parquet,P36508,Q5SXI5
human_vs_mouse.hp_thomas_dill_no_c2.k19.lctrue.regions.parquet,P36508,Q80V63
human_vs_mouse.hp_thomas_dill_no_c2.k19.lctrue.regions.parquet,P38936,A2AJ77
human_vs_mouse.hp_thomas_dill_no_c2.k19.lctrue.regions.parquet,P43080,P61022
human_vs_mouse.hp_thomas_dill_no_c2.k19.lctrue.regions.parquet,P43080,Q91WG7
human_vs_mouse.hp_thomas_dill_no_c2.k19.lctrue.regions.parquet,P43080,Q91WQ9
human_vs_mouse.hp_thomas_dill_no_c2.k19.lctrue.regions.parquet,P43626,Q61092
human_vs_mouse.hp_thomas_dill_no_c2.k19.lctrue.regions.parquet,P43627,P42567
human_vs_mouse.hp_thomas_dill_no_c2.k19.lctrue.regions.parquet,P43627,Q61092
human_vs_mouse.hp_thomas_dill_no_c2.k19.lctrue.regions.parquet,P43628,P42567
human_vs_mouse.hp_thomas_dill_no_c2.k19.lctrue.regions.parquet,P43628,Q61092
human_vs_mouse.hp_thomas_dill_no_c2.k19.lctrue.regions.parquet,P43629,Q6PEV3
human_vs_mouse.hp_thomas_dill_no_c2.k19.lctrue.regions.parquet,P43629,Q8BH97
human_vs_mouse.hp_thomas_dill_no_c2.k19.lctrue.regions.parquet,P43630,P11276
human_vs_mouse.hp_thomas_dill_no_c2.k19.lctrue.regions.parquet,P43631,P42567
human_vs_mouse.hp_thomas_dill_no_c2.k19.lctrue.regions.parquet,P43631,Q61092
human_vs_mouse.hp_thomas_dill_no_c2.k19.lctrue.regions.parquet,P43632,Q80YA8
human_vs_mouse.hp_thomas_dill_no_c2.k19.lctrue.regions.parquet,P49790,Q6KAS7
human_vs_mouse.hp_thomas_dill_no_c2.k19.lctrue.regions.parquet,P49790,Q8BY46
human_vs_mouse.hp_thomas_dill_no_c2.k19.lctrue.regions.parquet,P49910,O35914
human_vs_mouse.hp_thomas_dill_no_c2.k19.lctrue.regions.parquet,P49910,Q0VDQ9
human_vs_mouse.hp_thomas_dill_no_c2.k19.lctrue.regions.parquet,P49910,Q6P9Y7
human_vs_mouse.hp_thomas_dill_no_c2.k19.lctrue.regions.parquet,P49910,Q7TNU6
human_vs_mouse.hp_thomas_dill_no_c2.k19.lctrue.regions.parquet,P49910,Q8VHT7
human_vs_mouse.hp_thomas_dill_no_c2.k19.lctrue.regions.parquet,P49910,Q91VW9
human_vs_mouse.hp_thomas_dill_no_c2.k19.lctrue.regions.parquet,P54107,A2AFR3
human_vs_mouse.hp_thomas_dill_no_c2.k19.lctrue.regions.parquet,P54108,P39061
human_vs_mouse.hp_thomas_dill_no_c2.k19.lctrue.regions.parquet,P54253,P54254
human_vs_mouse.hp_thomas_dill_no_c2.k19.lctrue.regions.parquet,P55008,Q9D6P8
human_vs_mouse.hp_thomas_dill_no_c2.k19.lctrue.regions.parquet,P55008,Q9JLK3
human_vs_mouse.hp_thomas_dill_no_c2.k19.lctrue.regions.parquet,P55196,Q61554
human_vs_mouse.hp_thomas_dill_no_c2.k19.lctrue.regions.parquet,P55196,Q9QZQ1
human_vs_mouse.hp_thomas_dill_no_c2.k19.lctrue.regions.parquet,P59901,Q6PFC5
human_vs_mouse.hp_thomas_dill_no_c2.k19.lctrue.regions.parquet,P63128,Q8BIY1
human_vs_mouse.hp_thomas_dill_no_c2.k19.lctrue.regions.parquet,P84103,Q8BL97
human_vs_mouse.hp_thomas_dill_no_c2.k19.lctrue.regions.parquet,Q01860,P21952
human_vs_mouse.hp_thomas_dill_no_c2.k19.lctrue.regions.parquet,Q02539,P43274
human_vs_mouse.hp_thomas_dill_no_c2.k19.lctrue.regions.parquet,Q03181,A2A9T0
human_vs_mouse.hp_thomas_dill_no_c2.k19.lctrue.regions.parquet,Q03181,P35396
human_vs_mouse.hp_thomas_dill_no_c2.k19.lctrue.regions.parquet,Q03181,Q68FE8
human_vs_mouse.hp_thomas_dill_no_c2.k19.lctrue.regions.parquet,Q06587,Q8BTQ0
human_vs_mouse.hp_thomas_dill_no_c2.k19.lctrue.regions.parquet,Q12899,Q80V85
human_vs_mouse.hp_thomas_dill_no_c2.k19.lctrue.regions.parquet,Q12899,Q99PN3
human_vs_mouse.hp_thomas_dill_no_c2.k19.lctrue.regions.parquet,Q13410,Q91ZI0
human_vs_mouse.hp_thomas_dill_no_c2.k19.lctrue.regions.parquet,Q13546,Q60855
human_vs_mouse.hp_thomas_dill_no_c2.k19.lctrue.regions.parquet,Q13641,Q9Z0L0
human_vs_mouse.hp_thomas_dill_no_c2.k19.lctrue.regions.parquet,Q13838,Q8VDW0
human_vs_mouse.hp_thomas_dill_no_c2.k19.lctrue.regions.parquet,Q13950,Q64131
human_vs_mouse.hp_thomas_dill_no_c2.k19.lctrue.regions.parquet,Q14511,O35177
human_vs_mouse.hp_thomas_dill_no_c2.k19.lctrue.regions.parquet,Q14676,Q03402
human_vs_mouse.hp_thomas_dill_no_c2.k19.lctrue.regions.parquet,Q14953,Q61092
human_vs_mouse.hp_thomas_dill_no_c2.k19.lctrue.regions.parquet,Q14954,Q61092
human_vs_mouse.hp_thomas_dill_no_c2.k19.lctrue.regions.parquet,Q14993,O88839
human_vs_mouse.hp_thomas_dill_no_c2.k19.lctrue.regions.parquet,Q14993,P39039
human_vs_mouse.hp_thomas_dill_no_c2.k19.lctrue.regions.parquet,Q14993,Q0VF58
human_vs_mouse.hp_thomas_dill_no_c2.k19.lctrue.regions.parquet,Q14993,Q3V188
human_vs_mouse.hp_thomas_dill_no_c2.k19.lctrue.regions.parquet,Q14993,Q501P1
human_vs_mouse.hp_thomas_dill_no_c2.k19.lctrue.regions.parquet,Q14993,Q61789
human_vs_mouse.hp_thomas_dill_no_c2.k19.lctrue.regions.parquet,Q14993,Q80V70
human_vs_mouse.hp_thomas_dill_no_c2.k19.lctrue.regions.parquet,Q14993,Q8BMF8
human_vs_mouse.hp_thomas_dill_no_c2.k19.lctrue.regions.parquet,Q14993,Q9CPW0
human_vs_mouse.hp_thomas_dill_no_c2.k19.lctrue.regions.parquet,Q149N8,Q7TPQ3
human_vs_mouse.hp_thomas_dill_no_c2.k19.lctrue.regions.parquet,Q15109,Q62151
human_vs_mouse.hp_thomas_dill_no_c2.k19.lctrue.regions.parquet,Q15109,Q9R097
human_vs_mouse.hp_thomas_dill_no_c2.k19.lctrue.regions.parquet,Q15262,P35822
human_vs_mouse.hp_thomas_dill_no_c2.k19.lctrue.regions.parquet,Q15375,Q61772
human_vs_mouse.hp_thomas_dill_no_c2.k19.lctrue.regions.parquet,Q15776,P08042
human_vs_mouse.hp_thomas_dill_no_c2.k19.lctrue.regions.parquet,Q15776,P08043
human_vs_mouse.hp_thomas_dill_no_c2.k19.lctrue.regions.parquet,Q15776,Q07231
human_vs_mouse.hp_thomas_dill_no_c2.k19.lctrue.regions.parquet,Q15776,Q5SXI5
human_vs_mouse.hp_thomas_dill_no_c2.k19.lctrue.regions.parquet,Q15776,Q80W31
human_vs_mouse.hp_thomas_dill_no_c2.k19.lctrue.regions.parquet,Q15776,Q8BI99
human_vs_mouse.hp_thomas_dill_no_c2.k19.lctrue.regions.parquet,Q15776,Q9Z268
human_vs_mouse.hp_thomas_dill_no_c2.k19.lctrue.regions.parquet,Q15814,Q8VCN9
human_vs_mouse.hp_thomas_dill_no_c2.k19.lctrue.regions.parquet,Q16342,Q8R151
human_vs_mouse.hp_thomas_dill_no_c2.k19.lctrue.regions.parquet,Q16539,P47811
human_vs_mouse.hp_thomas_dill_no_c2.k19.lctrue.regions.parquet,Q16670,A2A761
human_vs_mouse.hp_thomas_dill_no_c2.k19.lctrue.regions.parquet,Q16670,E9Q784
human_vs_mouse.hp_thomas_dill_no_c2.k19.lctrue.regions.parquet,Q16670,E9Q8T2
human_vs_mouse.hp_thomas_dill_no_c2.k19.lctrue.regions.parquet,Q16670,Q569E7
human_vs_mouse.hp_thomas_dill_no_c2.k19.lctrue.regions.parquet,Q16670,Q80W31
human_vs_mouse.hp_thomas_dill_no_c2.k19.lctrue.regions.parquet,Q30201,P70387
human_vs_mouse.hp_thomas_dill_no_c2.k19.lctrue.regions.parquet,Q3MJ62,A2A761
human_vs_mouse.hp_thomas_dill_no_c2.k19.lctrue.regions.parquet,Q3MJ62,Q07230
human_vs_mouse.hp_thomas_dill_no_c2.k19.lctrue.regions.parquet,Q3MJ62,Q6PGE4
human_vs_mouse.hp_thomas_dill_no_c2.k19.lctrue.regions.parquet,Q3MJ62,Q80W31
human_vs_mouse.hp_thomas_dill_no_c2.k19.lctrue.regions.parquet,Q3MJ62,Q9Z1D7
human_vs_mouse.hp_thomas_dill_no_c2.k19.lctrue.regions.parquet,Q4VXA5,P0C7A0
human_vs_mouse.hp_thomas_dill_no_c2.k19.lctrue.regions.parquet,Q587J8,P85965
human_vs_mouse.hp_thomas_dill_no_c2.k19.lctrue.regions.parquet,Q5JVL4,P19123
human_vs_mouse.hp_thomas_dill_no_c2.k19.lctrue.regions.parquet,Q5TD97,O70433
human_vs_mouse.hp_thomas_dill_no_c2.k19.lctrue.regions.parquet,Q5TD97,Q571K4
human_vs_mouse.hp_thomas_dill_no_c2.k19.lctrue.regions.parquet,Q5TD97,Q9R059
human_vs_mouse.hp_thomas_dill_no_c2.k19.lctrue.regions.parquet,Q5TD97,Q9WTX7
human_vs_mouse.hp_thomas_dill_no_c2.k19.lctrue.regions.parquet,Q5VUA4,P70347
human_vs_mouse.hp_thomas_dill_no_c2.k19.lctrue.regions.parquet,Q5VWX1,Q9R226
human_vs_mouse.hp_thomas_dill_no_c2.k19.lctrue.regions.parquet,Q6P9F5,B1AWL2
human_vs_mouse.hp_thomas_dill_no_c2.k19.lctrue.regions.parquet,Q6P9F5,Q80W31
human_vs_mouse.hp_thomas_dill_no_c2.k19.lctrue.regions.parquet,Q6Q6R5,P97314
human_vs_mouse.hp_thomas_dill_no_c2.k19.lctrue.regions.parquet,Q6Q6R5,Q9DCT8
human_vs_mouse.hp_thomas_dill_no_c2.k19.lctrue.regions.parquet,Q6U7Q0,Q07230
human_vs_mouse.hp_thomas_dill_no_c2.k19.lctrue.regions.parquet,Q6U7Q0,Q61751
human_vs_mouse.hp_thomas_dill_no_c2.k19.lctrue.regions.parquet,Q6U7Q0,Q8CJ78
human_vs_mouse.hp_thomas_dill_no_c2.k19.lctrue.regions.parquet,Q6U7Q0,Q8R0T2
human_vs_mouse.hp_thomas_dill_no_c2.k19.lctrue.regions.parquet,Q6U7Q0,Q9ERR8
human_vs_mouse.hp_thomas_dill_no_c2.k19.lctrue.regions.parquet,Q6U7Q0,Q9ESX2
human_vs_mouse.hp_thomas_dill_no_c2.k19.lctrue.regions.parquet,Q6UY11,A2AVA0
human_vs_mouse.hp_thomas_dill_no_c2.k19.lctrue.regions.parquet,Q6UY11,Q70E20
human_vs_mouse.hp_thomas_dill_no_c2.k19.lctrue.regions.parquet,Q6UY11,Q8R4Y4
human_vs_mouse.hp_thomas_dill_no_c2.k19.lctrue.regions.parquet,Q6UY11,Q8VDV0
human_vs_mouse.hp_thomas_dill_no_c2.k19.lctrue.regions.parquet,Q6UY11,Q91ZX7
human_vs_mouse.hp_thomas_dill_no_c2.k19.lctrue.regions.parquet,Q6VVB1,Q6KAS7
human_vs_mouse.hp_thomas_dill_no_c2.k19.lctrue.regions.parquet,Q6ZWI9,E9Q555
human_vs_mouse.hp_thomas_dill_no_c2.k19.lctrue.regions.parquet,Q70CQ1,Q6P9L4
human_vs_mouse.hp_thomas_dill_no_c2.k19.lctrue.regions.parquet,Q70EL2,Q8K387
human_vs_mouse.hp_thomas_dill_no_c2.k19.lctrue.regions.parquet,Q7RTU3,Q8BGW3
human_vs_mouse.hp_thomas_dill_no_c2.k19.lctrue.regions.parquet,Q7Z5Y7,Q8CDD8
human_vs_mouse.hp_thomas_dill_no_c2.k19.lctrue.regions.parquet,Q7Z6J4,Q8BY35
human_vs_mouse.hp_thomas_dill_no_c2.k19.lctrue.regions.parquet,Q7Z6P3,P20801
human_vs_mouse.hp_thomas_dill_no_c2.k19.lctrue.regions.parquet,Q86SQ4,Q6F3F9
human_vs_mouse.hp_thomas_dill_no_c2.k19.lctrue.regions.parquet,Q86T65,Q0V8T7
human_vs_mouse.hp_thomas_dill_no_c2.k19.lctrue.regions.parquet,Q86T65,Q8BPM0
human_vs_mouse.hp_thomas_dill_no_c2.k19.lctrue.regions.parquet,Q86UR5,Q64HY3
human_vs_mouse.hp_thomas_dill_no_c2.k19.lctrue.regions.parquet,Q8IV45,Q6R653
human_vs_mouse.hp_thomas_dill_no_c2.k19.lctrue.regions.parquet,Q8IVH2,A2A935
human_vs_mouse.hp_thomas_dill_no_c2.k19.lctrue.regions.parquet,Q8IWV8,Q99M85
human_vs_mouse.hp_thomas_dill_no_c2.k19.lctrue.regions.parquet,Q8IX30,Q66PY1
human_vs_mouse.hp_thomas_dill_no_c2.k19.lctrue.regions.parquet,Q8IX30,Q6NZL8
human_vs_mouse.hp_thomas_dill_no_c2.k19.lctrue.regions.parquet,Q8IX30,Q70E20
human_vs_mouse.hp_thomas_dill_no_c2.k19.lctrue.regions.parquet,Q8IX30,Q80YA8
human_vs_mouse.hp_thomas_dill_no_c2.k19.lctrue.regions.parquet,Q8N109,Q6PEV3
human_vs_mouse.hp_thomas_dill_no_c2.k19.lctrue.regions.parquet,Q8N109,Q91ZX7
human_vs_mouse.hp_thomas_dill_no_c2.k19.lctrue.regions.parquet,Q8N157,Q8K3E5
human_vs_mouse.hp_thomas_dill_no_c2.k19.lctrue.regions.parquet,Q8N680,P46684
human_vs_mouse.hp_thomas_dill_no_c2.k19.lctrue.regions.parquet,Q8N680,Q02525
human_vs_mouse.hp_thomas_dill_no_c2.k19.lctrue.regions.parquet,Q8N680,Q3U381
human_vs_mouse.hp_thomas_dill_no_c2.k19.lctrue.regions.parquet,Q8N680,Q6KAS7
human_vs_mouse.hp_thomas_dill_no_c2.k19.lctrue.regions.parquet,Q8NC56,Q60841
human_vs_mouse.hp_thomas_dill_no_c2.k19.lctrue.regions.parquet,Q8NF91,Q6ZWR6
human_vs_mouse.hp_thomas_dill_no_c2.k19.lctrue.regions.parquet,Q8NFD5,P39061
human_vs_mouse.hp_thomas_dill_no_c2.k19.lctrue.regions.parquet,Q8NHL6,Q6PFC5
human_vs_mouse.hp_thomas_dill_no_c2.k19.lctrue.regions.parquet,Q8TB52,P62932
human_vs_mouse.hp_thomas_dill_no_c2.k19.lctrue.regions.parquet,Q8TC41,O35615
human_vs_mouse.hp_thomas_dill_no_c2.k19.lctrue.regions.parquet,Q8TC41,Q6NXI8
human_vs_mouse.hp_thomas_dill_no_c2.k19.lctrue.regions.parquet,Q8TC41,Q9Z1K6
human_vs_mouse.hp_thomas_dill_no_c2.k19.lctrue.regions.parquet,Q8WUB8,Q62521
human_vs_mouse.hp_thomas_dill_no_c2.k19.lctrue.regions.parquet,Q8WUB8,Q8R554
human_vs_mouse.hp_thomas_dill_no_c2.k19.lctrue.regions.parquet,Q8WWN9,Q5DU31
human_vs_mouse.hp_thomas_dill_no_c2.k19.lctrue.regions.parquet,Q8WXF0,Q9R0U0
human_vs_mouse.hp_thomas_dill_no_c2.k19.lctrue.regions.parquet,Q8WY64,E9Q8T2
human_vs_mouse.hp_thomas_dill_no_c2.k19.lctrue.regions.parquet,Q92766,I7HJS4
human_vs_mouse.hp_thomas_dill_no_c2.k19.lctrue.regions.parquet,Q92766,P10755
human_vs_mouse.hp_thomas_dill_no_c2.k19.lctrue.regions.parquet,Q92766,Q3T9Z9
human_vs_mouse.hp_thomas_dill_no_c2.k19.lctrue.regions.parquet,Q92766,Q7TNU6
human_vs_mouse.hp_thomas_dill_no_c2.k19.lctrue.regions.parquet,Q92766,Q7TS63
human_vs_mouse.hp_thomas_dill_no_c2.k19.lctrue.regions.parquet,Q92766,Q9D2H5
human_vs_mouse.hp_thomas_dill_no_c2.k19.lctrue.regions.parquet,Q92833,Q80WV7
human_vs_mouse.hp_thomas_dill_no_c2.k19.lctrue.regions.parquet,Q969J2,P10077
human_vs_mouse.hp_thomas_dill_no_c2.k19.lctrue.regions.parquet,Q969J2,Q07230
human_vs_mouse.hp_thomas_dill_no_c2.k19.lctrue.regions.parquet,Q969J2,Q6PGE4
human_vs_mouse.hp_thomas_dill_no_c2.k19.lctrue.regions.parquet,Q969J2,Q8C0P0
human_vs_mouse.hp_thomas_dill_no_c2.k19.lctrue.regions.parquet,Q969J2,Q8VEE4
human_vs_mouse.hp_thomas_dill_no_c2.k19.lctrue.regions.parquet,Q969J2,Q91VW9
human_vs_mouse.hp_thomas_dill_no_c2.k19.lctrue.regions.parquet,Q96AP4,Q8BLM0
human_vs_mouse.hp_thomas_dill_no_c2.k19.lctrue.regions.parquet,Q96C00,Q8C1B2
human_vs_mouse.hp_thomas_dill_no_c2.k19.lctrue.regions.parquet,Q96C00,Q925H1
human_vs_mouse.hp_thomas_dill_no_c2.k19.lctrue.regions.parquet,Q96D71,O54916
human_vs_mouse.hp_thomas_dill_no_c2.k19.lctrue.regions.parquet,Q96JM7,O88673
human_vs_mouse.hp_thomas_dill_no_c2.k19.lctrue.regions.parquet,Q96JM7,Q64028
human_vs_mouse.hp_thomas_dill_no_c2.k19.lctrue.regions.parquet,Q96KQ7,Q5DW34
human_vs_mouse.hp_thomas_dill_no_c2.k19.lctrue.regions.parquet,Q96LW9,A2A935
human_vs_mouse.hp_thomas_dill_no_c2.k19.lctrue.regions.parquet,Q96LW9,O54972
human_vs_mouse.hp_thomas_dill_no_c2.k19.lctrue.regions.parquet,Q96LW9,P08043
human_vs_mouse.hp_thomas_dill_no_c2.k19.lctrue.regions.parquet,Q96LW9,Q7TSH9
human_vs_mouse.hp_thomas_dill_no_c2.k19.lctrue.regions.parquet,Q96LW9,Q8BI67
human_vs_mouse.hp_thomas_dill_no_c2.k19.lctrue.regions.parquet,Q96LW9,Q9Z1D7
human_vs_mouse.hp_thomas_dill_no_c2.k19.lctrue.regions.parquet,Q96NH3,Q3URV1
human_vs_mouse.hp_thomas_dill_no_c2.k19.lctrue.regions.parquet,Q96P44,P81269
human_vs_mouse.hp_thomas_dill_no_c2.k19.lctrue.regions.parquet,Q96P44,P97430
human_vs_mouse.hp_thomas_dill_no_c2.k19.lctrue.regions.parquet,Q96P44,P97435
human_vs_mouse.hp_thomas_dill_no_c2.k19.lctrue.regions.parquet,Q96P44,Q01705
human_vs_mouse.hp_thomas_dill_no_c2.k19.lctrue.regions.parquet,Q96P44,Q501P1
human_vs_mouse.hp_thomas_dill_no_c2.k19.lctrue.regions.parquet,Q96P44,Q9DA01
human_vs_mouse.hp_thomas_dill_no_c2.k19.lctrue.regions.parquet,Q96P44,Q9WVJ9
human_vs_mouse.hp_thomas_dill_no_c2.k19.lctrue.regions.parquet,Q96S59,P97496
human_vs_mouse.hp_thomas_dill_no_c2.k19.lctrue.regions.parquet,Q96S59,Q6VN19
human_vs_mouse.hp_thomas_dill_no_c2.k19.lctrue.regions.parquet,Q99683,O35099
human_vs_mouse.hp_thomas_dill_no_c2.k19.lctrue.regions.parquet,Q99706,Q2PZL6
human_vs_mouse.hp_thomas_dill_no_c2.k19.lctrue.regions.parquet,Q99706,Q8VDD8
human_vs_mouse.hp_thomas_dill_no_c2.k19.lctrue.regions.parquet,Q99715,P04342
human_vs_mouse.hp_thomas_dill_no_c2.k19.lctrue.regions.parquet,Q99715,P31695
human_vs_mouse.hp_thomas_dill_no_c2.k19.lctrue.regions.parquet,Q99715,Q60847
human_vs_mouse.hp_thomas_dill_no_c2.k19.lctrue.regions.parquet,Q99715,Q8VDV0
human_vs_mouse.hp_thomas_dill_no_c2.k19.lctrue.regions.parquet,Q99942,Q91YT2
human_vs_mouse.hp_thomas_dill_no_c2.k19.lctrue.regions.parquet,Q99944,Q09163
human_vs_mouse.hp_thomas_dill_no_c2.k19.lctrue.regions.parquet,Q99944,Q61858
human_vs_mouse.hp_thomas_dill_no_c2.k19.lctrue.regions.parquet,Q99944,Q6GUQ1
human_vs_mouse.hp_thomas_dill_no_c2.k19.lctrue.regions.parquet,Q9BRR0,P10077
human_vs_mouse.hp_thomas_dill_no_c2.k19.lctrue.regions.parquet,Q9BRR0,Q60675
human_vs_mouse.hp_thomas_dill_no_c2.k19.lctrue.regions.parquet,Q9BRR0,Q6PGE4
human_vs_mouse.hp_thomas_dill_no_c2.k19.lctrue.regions.parquet,Q9BRR0,Q8VEE4
human_vs_mouse.hp_thomas_dill_no_c2.k19.lctrue.regions.parquet,Q9BRR0,Q91VW9
human_vs_mouse.hp_thomas_dill_no_c2.k19.lctrue.regions.parquet,Q9BT09,Q9DAU1
human_vs_mouse.hp_thomas_dill_no_c2.k19.lctrue.regions.parquet,Q9BWU1,Q8BWD8
human_vs_mouse.hp_thomas_dill_no_c2.k19.lctrue.regions.parquet,Q9BX46,Q62176
human_vs_mouse.hp_thomas_dill_no_c2.k19.lctrue.regions.parquet,Q9BXY4,Q2TJ95
human_vs_mouse.hp_thomas_dill_no_c2.k19.lctrue.regions.parquet,Q9BYV9,Q8K4G1
human_vs_mouse.hp_thomas_dill_no_c2.k19.lctrue.regions.parquet,Q9BYV9,Q9QXM1
human_vs_mouse.hp_thomas_dill_no_c2.k19.lctrue.regions.parquet,Q9BZY9,Q5NCC9
human_vs_mouse.hp_thomas_dill_no_c2.k19.lctrue.regions.parquet,Q9BZY9,Q99PN3
human_vs_mouse.hp_thomas_dill_no_c2.k19.lctrue.regions.parquet,Q9C019,Q3UHJ8
human_vs_mouse.hp_thomas_dill_no_c2.k19.lctrue.regions.parquet,Q9H2S5,Q923T7
human_vs_mouse.hp_thomas_dill_no_c2.k19.lctrue.regions.parquet,Q9H4E7,Q8C2K1
human_vs_mouse.hp_thomas_dill_no_c2.k19.lctrue.regions.parquet,Q9H4Q3,P10076
human_vs_mouse.hp_thomas_dill_no_c2.k19.lctrue.regions.parquet,Q9H4Q3,Q8BY46
human_vs_mouse.hp_thomas_dill_no_c2.k19.lctrue.regions.parquet,Q9H4T2,Q7TNU6
human_vs_mouse.hp_thomas_dill_no_c2.k19.lctrue.regions.parquet,Q9H4T2,Q7TSH9
human_vs_mouse.hp_thomas_dill_no_c2.k19.lctrue.regions.parquet,Q9H4T2,Q8C827
human_vs_mouse.hp_thomas_dill_no_c2.k19.lctrue.regions.parquet,Q9HCH3,Q1RLL3
human_vs_mouse.hp_thomas_dill_no_c2.k19.lctrue.regions.parquet,Q9HCH3,Q8JZW4
human_vs_mouse.hp_thomas_dill_no_c2.k19.lctrue.regions.parquet,Q9HCM9,Q7TNM2
human_vs_mouse.hp_thomas_dill_no_c2.k19.lctrue.regions.parquet,Q9HCM9,Q9ESN2
human_vs_mouse.hp_thomas_dill_no_c2.k19.lctrue.regions.parquet,Q9HD26,P51960
human_vs_mouse.hp_thomas_dill_no_c2.k19.lctrue.regions.parquet,Q9NP56,Q9QXQ1
human_vs_mouse.hp_thomas_dill_no_c2.k19.lctrue.regions.parquet,Q9NXZ2,Q61584
human_vs_mouse.hp_thomas_dill_no_c2.k19.lctrue.regions.parquet,Q9UDY6,Q4VGL6
human_vs_mouse.hp_thomas_dill_no_c2.k19.lctrue.regions.parquet,Q9UDY6,Q9WUH5
human_vs_mouse.hp_thomas_dill_no_c2.k19.lctrue.regions.parquet,Q9UGC6,Q9QZB0
human_vs_mouse.hp_thomas_dill_no_c2.k19.lctrue.regions.parquet,Q9UGP8,Q8VHE0
human_vs_mouse.hp_thomas_dill_no_c2.k19.lctrue.regions.parquet,Q9UGP8,Q9D869
human_vs_mouse.hp_thomas_dill_no_c2.k19.lctrue.regions.parquet,Q9UJN7,A2A935
human_vs_mouse.hp_thomas_dill_no_c2.k19.lctrue.regions.parquet,Q9UJN7,Q07230
human_vs_mouse.hp_thomas_dill_no_c2.k19.lctrue.regions.parquet,Q9UJN7,Q5SXI5
human_vs_mouse.hp_thomas_dill_no_c2.k19.lctrue.regions.parquet,Q9UJN7,Q80W31
human_vs_mouse.hp_thomas_dill_no_c2.k19.lctrue.regions.parquet,Q9UJN7,Q8BGS3
human_vs_mouse.hp_thomas_dill_no_c2.k19.lctrue.regions.parquet,Q9UJN7,Q8BI67
human_vs_mouse.hp_thomas_dill_no_c2.k19.lctrue.regions.parquet,Q9UJN7,Q8BY46
human_vs_mouse.hp_thomas_dill_no_c2.k19.lctrue.regions.parquet,Q9UJN7,Q99PP2
human_vs_mouse.hp_thomas_dill_no_c2.k19.lctrue.regions.parquet,Q9ULD4,B2RRD7
human_vs_mouse.hp_thomas_dill_no_c2.k19.lctrue.regions.parquet,Q9ULD4,G5E8P1
human_vs_mouse.hp_thomas_dill_no_c2.k19.lctrue.regions.parquet,Q9ULD4,Q9Z0E3
human_vs_mouse.hp_thomas_dill_no_c2.k19.lctrue.regions.parquet,Q9ULH4,Q6I6G8
human_vs_mouse.hp_thomas_dill_no_c2.k19.lctrue.regions.parquet,Q9UM54,Q3UQ44
human_vs_mouse.hp_thomas_dill_no_c2.k19.lctrue.regions.parquet,Q9UM54,Q64331
human_vs_mouse.hp_thomas_dill_no_c2.k19.lctrue.regions.parquet,Q9UM63,O88491
human_vs_mouse.hp_thomas_dill_no_c2.k19.lctrue.regions.parquet,Q9UM63,Q3URR7
human_vs_mouse.hp_thomas_dill_no_c2.k19.lctrue.regions.parquet,Q9UM63,Q3UTQ7
human_vs_mouse.hp_thomas_dill_no_c2.k19.lctrue.regions.parquet,Q9UM63,Q60636
human_vs_mouse.hp_thomas_dill_no_c2.k19.lctrue.regions.parquet,Q9UM63,Q62384
human_vs_mouse.hp_thomas_dill_no_c2.k19.lctrue.regions.parquet,Q9UM63,Q9Z1D7
human_vs_mouse.hp_thomas_dill_no_c2.k19.lctrue.regions.parquet,Q9UMQ6,Q8BFY6
human_vs_mouse.hp_thomas_dill_no_c2.k19.lctrue.regions.parquet,Q9UMQ6,Q8K2J0
human_vs_mouse.hp_thomas_dill_no_c2.k19.lctrue.regions.parquet,Q9UMX6,Q3TFD2
human_vs_mouse.hp_thomas_dill_no_c2.k19.lctrue.regions.parquet,Q9UMX6,Q3V0K9
human_vs_mouse.hp_thomas_dill_no_c2.k19.lctrue.regions.parquet,Q9UPN6,Q6DID3
human_vs_mouse.hp_thomas_dill_no_c2.k19.lctrue.regions.parquet,Q9Y330,E9Q3T6
human_vs_mouse.hp_thomas_dill_no_c2.k19.lctrue.regions.parquet,Q9Y330,P10076
human_vs_mouse.hp_thomas_dill_no_c2.k19.lctrue.regions.parquet,Q9Y330,Q8BQN6
human_vs_mouse.hp_thomas_dill_no_c2.k19.lctrue.regions.parquet,Q9Y330,Q8K088
human_vs_mouse.hp_thomas_dill_no_c2.k19.lctrue.regions.parquet,Q9Y466,P28704
human_vs_mouse.hp_thomas_dill_no_c2.k19.lctrue.regions.parquet,Q9Y466,Q64104
human_vs_mouse.hp_thomas_dill_no_c2.k19.lctrue.regions.parquet,Q9Y4E5,A2CE44
human_vs_mouse.hp_thomas_dill_no_c2.k19.lctrue.regions.parquet,Q9Y4E5,Q63871
human_vs_mouse.hp_thomas_dill_no_c2.k19.lctrue.regions.parquet,Q9Y4E5,Q6NV66
human_vs_mouse.hp_thomas_dill_no_c2.k19.lctrue.regions.parquet,Q9Y4K1,P06683
human_vs_mouse.hp_thomas_dill_no_c2.k19.lctrue.regions.parquet,Q9Y530,Q8R5F3
human_vs_mouse.hp_thomas_dill_no_c2.k19.lctrue.regions.parquet,Q9Y5K6,Q9JLQ0
human_vs_mouse.hp_thomas_dill_no_c2.k19.lctrue.regions.parquet,Q9Y6R4,O08648
human_vs_mouse.mmseqs12.k7.lctrue.regions.parquet,O95279,O35219
human_vs_mouse.mmseqs12.k7.lctrue.regions.parquet,O95279,Q3LS21
human_vs_mouse.mmseqs12.k7.lctrue.regions.parquet,Q96T54,O35111
human_vs_mouse.mmseqs12.k7.lctrue.regions.parquet,Q96T54,Q8CFS6
human_vs_mouse.mmseqs12.k7.lctrue.regions.parquet,Q96T55,O35111
human_vs_mouse.mmseqs12.k7.lctrue.regions.parquet,Q96T55,O88454
human_vs_mouse.protein20.k5.lctrue.regions.parquet,O00716,Q61501
human_vs_mouse.protein20.k5.lctrue.regions.parquet,P19484,Q9R210
human_vs_mouse.protein20.k5.lctrue.regions.parquet,Q02952,Q9WTQ5
human_vs_mouse.protein20.k5.lctrue.regions.parquet,Q8N699,Q8R411
human_vs_mouse.protein20.k5.lctrue.regions.parquet,Q9BYV9,P97303
human_vs_mouse.sdm12.k6.lctrue.regions.parquet,O00141,O08648
human_vs_mouse.sdm12.k6.lctrue.regions.parquet,O15264,P05622
human_vs_mouse.sdm12.k6.lctrue.regions.parquet,O43318,O09110
human_vs_mouse.sdm12.k6.lctrue.regions.parquet,P08922,P26618
human_vs_mouse.sdm12.k6.lctrue.regions.parquet,Q13608,P54775
human_vs_mouse.sdm12.k6.lctrue.regions.parquet,Q16539,P05622
human_vs_mouse.sdm12.k6.lctrue.regions.parquet,Q99683,Q8C078
human_vs_mouse.sdm12.k6.lctrue.regions.parquet,Q9Y6R4,Q02111
human_vs_worm.gbmr4.k16.lctrue.regions.parquet,O15400,Q23194
human_vs_worm.gbmr4.k16.lctrue.regions.parquet,O75496,Q23314
human_vs_worm.gbmr4.k16.lctrue.regions.parquet,P55196,O01901
human_vs_worm.gbmr4.k16.lctrue.regions.parquet,P55196,Q9N4G4
human_vs_worm.gbmr4.k16.lctrue.regions.parquet,P78410,Q23194
human_vs_worm.gbmr4.k16.lctrue.regions.parquet,Q14244,Q93442
human_vs_worm.gbmr4.k16.lctrue.regions.parquet,Q16890,Q9N5R9
human_vs_worm.gbmr4.k16.lctrue.regions.parquet,Q5SW24,G5EC37
human_vs_worm.gbmr4.k16.lctrue.regions.parquet,Q5TB80,G5EFT5
human_vs_worm.gbmr4.k16.lctrue.regions.parquet,Q5VZK9,Q9NEZ5
human_vs_worm.gbmr4.k16.lctrue.regions.parquet,Q6P9F5,Q21194
human_vs_worm.gbmr4.k16.lctrue.regions.parquet,Q6ZMV9,Q19542
human_vs_worm.gbmr4.k16.lctrue.regions.parquet,Q86UC2,Q95R14
human_vs_worm.gbmr4.k16.lctrue.regions.parquet,Q8IWP9,Q19542
human_vs_worm.gbmr4.k16.lctrue.regions.parquet,Q8N3L3,Q9TZ70
human_vs_worm.gbmr4.k16.lctrue.regions.parquet,Q8TDH9,Q9NB31
human_vs_worm.gbmr4.k16.lctrue.regions.parquet,Q96D71,P90895
human_vs_worm.gbmr4.k16.lctrue.regions.parquet,Q96JB1,O44743
human_vs_worm.gbmr4.k16.lctrue.regions.parquet,Q99459,O02298
human_vs_worm.gbmr4.k16.lctrue.regions.parquet,Q9BT09,Q18297
human_vs_worm.gbmr4.k16.lctrue.regions.parquet,Q9H1H9,P91119
human_vs_worm.gbmr4.k16.lctrue.regions.parquet,Q9UGP8,X5M8U1
human_vs_worm.gbmr4.k16.lctrue.regions.parquet,Q9UMY1,Q23088
human_vs_worm.gbmr4.k16.lctrue.regions.parquet,Q9Y4F9,Q19337
human_vs_worm.gbmr4.k16.lctrue.regions.parquet,Q9Y5K6,Q23194
human_vs_worm.hp_kyte_doolittle2.k19.lctrue.regions.parquet,A2RRH5,Q20168
human_vs_worm.hp_kyte_doolittle2.k19.lctrue.regions.parquet,O60508,O45487
human_vs_worm.hp_kyte_doolittle2.k19.lctrue.regions.parquet,O60508,Q20168
human_vs_worm.hp_kyte_doolittle2.k19.lctrue.regions.parquet,O60508,Q9GYS1
human_vs_worm.hp_kyte_doolittle2.k19.lctrue.regions.parquet,P48634,P37806
human_vs_worm.hp_kyte_doolittle2.k19.lctrue.regions.parquet,P80108,Q21215
human_vs_worm.hp_kyte_doolittle2.k19.lctrue.regions.parquet,P80108,Q21920
human_vs_worm.hp_kyte_doolittle2.k19.lctrue.regions.parquet,P80108,Q94251
human_vs_worm.hp_kyte_doolittle2.k19.lctrue.regions.parquet,Q13641,G5EFX6
human_vs_worm.hp_kyte_doolittle2.k19.lctrue.regions.parquet,Q5T5C0,G5EEG7
human_vs_worm.hp_kyte_doolittle2.k19.lctrue.regions.parquet,Q5T5C0,P83388
human_vs_worm.hp_kyte_doolittle2.k19.lctrue.regions.parquet,Q5T5C0,Q09589
human_vs_worm.hp_kyte_doolittle2.k19.lctrue.regions.parquet,Q5T5C0,Q19124
human_vs_worm.hp_kyte_doolittle2.k19.lctrue.regions.parquet,Q5T5C0,Q22830
human_vs_worm.hp_kyte_doolittle2.k19.lctrue.regions.parquet,Q6VVB1,D9N129
human_vs_worm.hp_kyte_doolittle2.k19.lctrue.regions.parquet,Q6VVB1,G5EGQ6
human_vs_worm.hp_kyte_doolittle2.k19.lctrue.regions.parquet,Q8N157,G5EEV2
human_vs_worm.hp_kyte_doolittle2.k19.lctrue.regions.parquet,Q8N157,P42000
human_vs_worm.hp_kyte_doolittle2.k19.lctrue.regions.parquet,Q8N157,P90794
human_vs_worm.hp_kyte_doolittle2.k19.lctrue.regions.parquet,Q8N157,Q10122
human_vs_worm.hp_kyte_doolittle2.k19.lctrue.regions.parquet,Q96KQ7,P13508
human_vs_worm.hp_kyte_doolittle2.k19.lctrue.regions.parquet,Q96KQ7,Q21209
human_vs_worm.hp_kyte_doolittle2.k19.lctrue.regions.parquet,Q96KQ7,Q21920
human_vs_worm.hp_kyte_doolittle2.k19.lctrue.regions.parquet,Q9BQ90,G5EFX6
human_vs_worm.hp_kyte_doolittle2.k19.lctrue.regions.parquet,Q9BQ90,Q19013
human_vs_worm.hp_kyte_doolittle2.k19.lctrue.regions.parquet,Q9BQ90,Q8I7G4
human_vs_worm.hp_kyte_doolittle2.k19.lctrue.regions.parquet,Q9NRJ4,Q20255
human_vs_worm.hp_kyte_doolittle2.k19.lctrue.regions.parquet,Q9NRJ4,Q22830
human_vs_worm.hp_kyte_doolittle2.k19.lctrue.regions.parquet,Q9NRJ4,Q9GYS1
human_vs_worm.hp_kyte_doolittle2.k19.lctrue.regions.parquet,Q9NRJ4,Q9U3A0
human_vs_worm.hp_kyte_doolittle2.k19.lctrue.regions.parquet,Q9NRJ4,Q9XWH0
human_vs_worm.hp_kyte_doolittle2.k19.lctrue.regions.parquet,Q9NWT1,P34441
human_vs_worm.hp_kyte_doolittle2.k19.lctrue.regions.parquet,Q9NWT1,Q17963
human_vs_worm.hp_kyte_doolittle2.k19.lctrue.regions.parquet,Q9NWT1,Q19294
human_vs_worm.hp_kyte_doolittle2.k19.lctrue.regions.parquet,Q9NWT1,Q965S8
human_vs_worm.hp_kyte_doolittle2.k19.lctrue.regions.parquet,Q9UBC1,Q18297
human_vs_worm.hp_kyte_doolittle2.k19.lctrue.regions.parquet,Q9UK97,Q21920
human_vs_worm.hp_kyte_doolittle2.k19.lctrue.regions.parquet,Q9ULH4,P90920
human_vs_worm.hp_kyte_doolittle2.k19.lctrue.regions.parquet,Q9ULH4,Q9U3A0
human_vs_worm.hp_lehninger_c_nonpolar2.k18.lctrue.regions.parquet,A1A5C7,A0A061ACU2
human_vs_worm.hp_lehninger_c_nonpolar2.k18.lctrue.regions.parquet,A1A5C7,A5JYX8
human_vs_worm.hp_lehninger_c_nonpolar2.k18.lctrue.regions.parquet,A1A5C7,G5EBX4
human_vs_worm.hp_lehninger_c_nonpolar2.k18.lctrue.regions.parquet,A1A5C7,P34711
human_vs_worm.hp_lehninger_c_nonpolar2.k18.lctrue.regions.parquet,A1A5C7,P46975
human_vs_worm.hp_lehninger_c_nonpolar2.k18.lctrue.regions.parquet,A1A5C7,Q21455
human_vs_worm.hp_lehninger_c_nonpolar2.k18.lctrue.regions.parquet,A1A5C7,Q21565
human_vs_worm.hp_lehninger_c_nonpolar2.k18.lctrue.regions.parquet,A1A5C7,Q93971
human_vs_worm.hp_lehninger_c_nonpolar2.k18.lctrue.regions.parquet,A1A5C7,Q9XWU2
human_vs_worm.hp_lehninger_c_nonpolar2.k18.lctrue.regions.parquet,A1A5C7,Q9Y0A1
human_vs_worm.hp_lehninger_c_nonpolar2.k18.lctrue.regions.parquet,A6NI73,Q09204
human_vs_worm.hp_lehninger_c_nonpolar2.k18.lctrue.regions.parquet,O00270,G5EBM5
human_vs_worm.hp_lehninger_c_nonpolar2.k18.lctrue.regions.parquet,O00270,O45166
human_vs_worm.hp_lehninger_c_nonpolar2.k18.lctrue.regions.parquet,O00270,P24887
human_vs_worm.hp_lehninger_c_nonpolar2.k18.lctrue.regions.parquet,O00270,P34713
human_vs_worm.hp_lehninger_c_nonpolar2.k18.lctrue.regions.parquet,O00270,P52166
human_vs_worm.hp_lehninger_c_nonpolar2.k18.lctrue.regions.parquet,O00270,Q21565
human_vs_worm.hp_lehninger_c_nonpolar2.k18.lctrue.regions.parquet,O00476,A0A061ACU2
human_vs_worm.hp_lehninger_c_nonpolar2.k18.lctrue.regions.parquet,O00478,Q11080
human_vs_worm.hp_lehninger_c_nonpolar2.k18.lctrue.regions.parquet,O00624,O18175
human_vs_worm.hp_lehninger_c_nonpolar2.k18.lctrue.regions.parquet,O00624,O62136
human_vs_worm.hp_lehninger_c_nonpolar2.k18.lctrue.regions.parquet,O00624,P34548
human_vs_worm.hp_lehninger_c_nonpolar2.k18.lctrue.regions.parquet,O00624,P48181
human_vs_worm.hp_lehninger_c_nonpolar2.k18.lctrue.regions.parquet,O00624,P54145
human_vs_worm.hp_lehninger_c_nonpolar2.k18.lctrue.regions.parquet,O00624,Q19267
human_vs_worm.hp_lehninger_c_nonpolar2.k18.lctrue.regions.parquet,O00624,Q3LFN0
human_vs_worm.hp_lehninger_c_nonpolar2.k18.lctrue.regions.parquet,O00624,Q8I7J4
human_vs_worm.hp_lehninger_c_nonpolar2.k18.lctrue.regions.parquet,O00624,Q9TYV2
human_vs_worm.hp_lehninger_c_nonpolar2.k18.lctrue.regions.parquet,O14931,Q09322
human_vs_worm.hp_lehninger_c_nonpolar2.k18.lctrue.regions.parquet,O15244,G5EFJ9
human_vs_worm.hp_lehninger_c_nonpolar2.k18.lctrue.regions.parquet,O15244,H2L0G5
human_vs_worm.hp_lehninger_c_nonpolar2.k18.lctrue.regions.parquet,O15244,O76689
human_vs_worm.hp_lehninger_c_nonpolar2.k18.lctrue.regions.parquet,O15244,P46566
human_vs_worm.hp_lehninger_c_nonpolar2.k18.lctrue.regions.parquet,O15244,Q02334
human_vs_worm.hp_lehninger_c_nonpolar2.k18.lctrue.regions.parquet,O15244,Q10029
human_vs_worm.hp_lehninger_c_nonpolar2.k18.lctrue.regions.parquet,O15244,Q19084
human_vs_worm.hp_lehninger_c_nonpolar2.k18.lctrue.regions.parquet,O15244,Q19975
human_vs_worm.hp_lehninger_c_nonpolar2.k18.lctrue.regions.parquet,O15244,Q21005
human_vs_worm.hp_lehninger_c_nonpolar2.k18.lctrue.regions.parquet,O15244,Q23387
human_vs_worm.hp_lehninger_c_nonpolar2.k18.lctrue.regions.parquet,O15245,G5ED45
human_vs_worm.hp_lehninger_c_nonpolar2.k18.lctrue.regions.parquet,O15245,G5EDX4
human_vs_worm.hp_lehninger_c_nonpolar2.k18.lctrue.regions.parquet,O15245,O17956
human_vs_worm.hp_lehninger_c_nonpolar2.k18.lctrue.regions.parquet,O15245,O61892
human_vs_worm.hp_lehninger_c_nonpolar2.k18.lctrue.regions.parquet,O15245,P34641
human_vs_worm.hp_lehninger_c_nonpolar2.k18.lctrue.regions.parquet,O15245,P34644
human_vs_worm.hp_lehninger_c_nonpolar2.k18.lctrue.regions.parquet,O15245,Q19293
human_vs_worm.hp_lehninger_c_nonpolar2.k18.lctrue.regions.parquet,O15245,Q3LFN0
human_vs_worm.hp_lehninger_c_nonpolar2.k18.lctrue.regions.parquet,O15245,Q967F4
human_vs_worm.hp_lehninger_c_nonpolar2.k18.lctrue.regions.parquet,O15400,P34711
human_vs_worm.hp_lehninger_c_nonpolar2.k18.lctrue.regions.parquet,O15533,O02228
human_vs_worm.hp_lehninger_c_nonpolar2.k18.lctrue.regions.parquet,O60242,G5EBN9
human_vs_worm.hp_lehninger_c_nonpolar2.k18.lctrue.regions.parquet,O60242,O61394
human_vs_worm.hp_lehninger_c_nonpolar2.k18.lctrue.regions.parquet,O60242,P24890
human_vs_worm.hp_lehninger_c_nonpolar2.k18.lctrue.regions.parquet,O60242,Q09573
human_vs_worm.hp_lehninger_c_nonpolar2.k18.lctrue.regions.parquet,O60242,Q9XXN3
human_vs_worm.hp_lehninger_c_nonpolar2.k18.lctrue.regions.parquet,O75022,Q17990
human_vs_worm.hp_lehninger_c_nonpolar2.k18.lctrue.regions.parquet,O75023,P34644
human_vs_worm.hp_lehninger_c_nonpolar2.k18.lctrue.regions.parquet,O75751,G5EBM5
human_vs_worm.hp_lehninger_c_nonpolar2.k18.lctrue.regions.parquet,O75751,G5ED45
human_vs_worm.hp_lehninger_c_nonpolar2.k18.lctrue.regions.parquet,O75751,O16975
human_vs_worm.hp_lehninger_c_nonpolar2.k18.lctrue.regions.parquet,O75751,P34641
human_vs_worm.hp_lehninger_c_nonpolar2.k18.lctrue.regions.parquet,O75751,Q20605
human_vs_worm.hp_lehninger_c_nonpolar2.k18.lctrue.regions.parquet,O75751,Q95XG8
human_vs_worm.hp_lehninger_c_nonpolar2.k18.lctrue.regions.parquet,O75751,X5M8U1
human_vs_worm.hp_lehninger_c_nonpolar2.k18.lctrue.regions.parquet,O95279,O01705
human_vs_worm.hp_lehninger_c_nonpolar2.k18.lctrue.regions.parquet,O95279,O16452
human_vs_worm.hp_lehninger_c_nonpolar2.k18.lctrue.regions.parquet,O95279,P90837
human_vs_worm.hp_lehninger_c_nonpolar2.k18.lctrue.regions.parquet,O95944,Q20787
human_vs_worm.hp_lehninger_c_nonpolar2.k18.lctrue.regions.parquet,P04201,A0A061ACU2
human_vs_worm.hp_lehninger_c_nonpolar2.k18.lctrue.regions.parquet,P04201,G5EBM5
human_vs_worm.hp_lehninger_c_nonpolar2.k18.lctrue.regions.parquet,P04201,O45813
human_vs_worm.hp_lehninger_c_nonpolar2.k18.lctrue.regions.parquet,P04201,P34644
human_vs_worm.hp_lehninger_c_nonpolar2.k18.lctrue.regions.parquet,P04201,Q18321
human_vs_worm.hp_lehninger_c_nonpolar2.k18.lctrue.regions.parquet,P04201,Q27533
human_vs_worm.hp_lehninger_c_nonpolar2.k18.lctrue.regions.parquet,P08922,Q19509
human_vs_worm.hp_lehninger_c_nonpolar2.k18.lctrue.regions.parquet,P08F94,G5EFD4
human_vs_worm.hp_lehninger_c_nonpolar2.k18.lctrue.regions.parquet,P11717,P34577
human_vs_worm.hp_lehninger_c_nonpolar2.k18.lctrue.regions.parquet,P15260,P34488
human_vs_worm.hp_lehninger_c_nonpolar2.k18.lctrue.regions.parquet,P15812,O02213
human_vs_worm.hp_lehninger_c_nonpolar2.k18.lctrue.regions.parquet,P21554,E7EM37
human_vs_worm.hp_lehninger_c_nonpolar2.k18.lctrue.regions.parquet,P21554,O02228
human_vs_worm.hp_lehninger_c_nonpolar2.k18.lctrue.regions.parquet,P21554,Q9XWE9
human_vs_worm.hp_lehninger_c_nonpolar2.k18.lctrue.regions.parquet,P24046,P54142
human_vs_worm.hp_lehninger_c_nonpolar2.k18.lctrue.regions.parquet,P24046,Q22271
human_vs_worm.hp_lehninger_c_nonpolar2.k18.lctrue.regions.parquet,P28222,G5EBN9
human_vs_worm.hp_lehninger_c_nonpolar2.k18.lctrue.regions.parquet,P28222,O16544
human_vs_worm.hp_lehninger_c_nonpolar2.k18.lctrue.regions.parquet,P28222,O45102
human_vs_worm.hp_lehninger_c_nonpolar2.k18.lctrue.regions.parquet,P28222,P34644
human_vs_worm.hp_lehninger_c_nonpolar2.k18.lctrue.regions.parquet,P28222,P54127
human_vs_worm.hp_lehninger_c_nonpolar2.k18.lctrue.regions.parquet,P28222,Q86ME6
human_vs_worm.hp_lehninger_c_nonpolar2.k18.lctrue.regions.parquet,P28476,P24891
human_vs_worm.hp_lehninger_c_nonpolar2.k18.lctrue.regions.parquet,P28476,P54142
human_vs_worm.hp_lehninger_c_nonpolar2.k18.lctrue.regions.parquet,P28476,Q22271
human_vs_worm.hp_lehninger_c_nonpolar2.k18.lctrue.regions.parquet,P28566,P34389
human_vs_worm.hp_lehninger_c_nonpolar2.k18.lctrue.regions.parquet,P28566,Q19617
human_vs_worm.hp_lehninger_c_nonpolar2.k18.lctrue.regions.parquet,P28566,Q23682
human_vs_worm.hp_lehninger_c_nonpolar2.k18.lctrue.regions.parquet,P28566,Q9U2G5
human_vs_worm.hp_lehninger_c_nonpolar2.k18.lctrue.regions.parquet,P29016,P91406
human_vs_worm.hp_lehninger_c_nonpolar2.k18.lctrue.regions.parquet,P35372,P46568
human_vs_worm.hp_lehninger_c_nonpolar2.k18.lctrue.regions.parquet,P35372,P83502
human_vs_worm.hp_lehninger_c_nonpolar2.k18.lctrue.regions.parquet,P35372,Q09208
human_vs_worm.hp_lehninger_c_nonpolar2.k18.lctrue.regions.parquet,P35372,Q18695
human_vs_worm.hp_lehninger_c_nonpolar2.k18.lctrue.regions.parquet,P35372,Q95ZY0
human_vs_worm.hp_lehninger_c_nonpolar2.k18.lctrue.regions.parquet,P43307,G5EEE9
human_vs_worm.hp_lehninger_c_nonpolar2.k18.lctrue.regions.parquet,P43626,P34358
human_vs_worm.hp_lehninger_c_nonpolar2.k18.lctrue.regions.parquet,P43627,P34358
human_vs_worm.hp_lehninger_c_nonpolar2.k18.lctrue.regions.parquet,P43628,P30639
human_vs_worm.hp_lehninger_c_nonpolar2.k18.lctrue.regions.parquet,P43629,P30639
human_vs_worm.hp_lehninger_c_nonpolar2.k18.lctrue.regions.parquet,P43630,A0A0K3AWM6
human_vs_worm.hp_lehninger_c_nonpolar2.k18.lctrue.regions.parquet,P43631,O01925
human_vs_worm.hp_lehninger_c_nonpolar2.k18.lctrue.regions.parquet,P43632,O01925
human_vs_worm.hp_lehninger_c_nonpolar2.k18.lctrue.regions.parquet,P46095,O76555
human_vs_worm.hp_lehninger_c_nonpolar2.k18.lctrue.regions.parquet,P46095,P34358
human_vs_worm.hp_lehninger_c_nonpolar2.k18.lctrue.regions.parquet,P46095,Q11069
human_vs_worm.hp_lehninger_c_nonpolar2.k18.lctrue.regions.parquet,P46095,Q20618
human_vs_worm.hp_lehninger_c_nonpolar2.k18.lctrue.regions.parquet,P51684,P46975
human_vs_worm.hp_lehninger_c_nonpolar2.k18.lctrue.regions.parquet,P51684,P54129
human_vs_worm.hp_lehninger_c_nonpolar2.k18.lctrue.regions.parquet,P51684,Q27295
human_vs_worm.hp_lehninger_c_nonpolar2.k18.lctrue.regions.parquet,P51684,Q9BPN8
human_vs_worm.hp_lehninger_c_nonpolar2.k18.lctrue.regions.parquet,P51684,Q9U539
human_vs_worm.hp_lehninger_c_nonpolar2.k18.lctrue.regions.parquet,P78382,G5EBH1
human_vs_worm.hp_lehninger_c_nonpolar2.k18.lctrue.regions.parquet,P78382,G5EEE5
human_vs_worm.hp_lehninger_c_nonpolar2.k18.lctrue.regions.parquet,P78382,O44827
human_vs_worm.hp_lehninger_c_nonpolar2.k18.lctrue.regions.parquet,P78382,P34410
human_vs_worm.hp_lehninger_c_nonpolar2.k18.lctrue.regions.parquet,P78382,Q19293
human_vs_worm.hp_lehninger_c_nonpolar2.k18.lctrue.regions.parquet,P78382,Q94177
human_vs_worm.hp_lehninger_c_nonpolar2.k18.lctrue.regions.parquet,P78410,Q27295
human_vs_worm.hp_lehninger_c_nonpolar2.k18.lctrue.regions.parquet,Q01151,O18276
human_vs_worm.hp_lehninger_c_nonpolar2.k18.lctrue.regions.parquet,Q04900,P52166
human_vs_worm.hp_lehninger_c_nonpolar2.k18.lctrue.regions.parquet,Q13410,Q9XTQ6
human_vs_worm.hp_lehninger_c_nonpolar2.k18.lctrue.regions.parquet,Q14833,D3KZG3
human_vs_worm.hp_lehninger_c_nonpolar2.k18.lctrue.regions.parquet,Q14833,G5ECX0
human_vs_worm.hp_lehninger_c_nonpolar2.k18.lctrue.regions.parquet,Q14833,P54244
human_vs_worm.hp_lehninger_c_nonpolar2.k18.lctrue.regions.parquet,Q14833,Q22495
human_vs_worm.hp_lehninger_c_nonpolar2.k18.lctrue.regions.parquet,Q14833,Q93834
human_vs_worm.hp_lehninger_c_nonpolar2.k18.lctrue.regions.parquet,Q14833,Q95X35
human_vs_worm.hp_lehninger_c_nonpolar2.k18.lctrue.regions.parquet,Q14916,G5ED05
human_vs_worm.hp_lehninger_c_nonpolar2.k18.lctrue.regions.parquet,Q14916,P54002
human_vs_worm.hp_lehninger_c_nonpolar2.k18.lctrue.regions.parquet,Q14916,Q09344
human_vs_worm.hp_lehninger_c_nonpolar2.k18.lctrue.regions.parquet,Q14916,Q10045
human_vs_worm.hp_lehninger_c_nonpolar2.k18.lctrue.regions.parquet,Q14916,Q11073
human_vs_worm.hp_lehninger_c_nonpolar2.k18.lctrue.regions.parquet,Q14916,Q19238
human_vs_worm.hp_lehninger_c_nonpolar2.k18.lctrue.regions.parquet,Q15109,Q21898
human_vs_worm.hp_lehninger_c_nonpolar2.k18.lctrue.regions.parquet,Q16653,G5EEK9
human_vs_worm.hp_lehninger_c_nonpolar2.k18.lctrue.regions.parquet,Q16653,O45102
human_vs_worm.hp_lehninger_c_nonpolar2.k18.lctrue.regions.parquet,Q29980,Q20797
human_vs_worm.hp_lehninger_c_nonpolar2.k18.lctrue.regions.parquet,Q29983,Q20263
human_vs_worm.hp_lehninger_c_nonpolar2.k18.lctrue.regions.parquet,Q4VXA5,P90859
human_vs_worm.hp_lehninger_c_nonpolar2.k18.lctrue.regions.parquet,Q53GD3,E7EM37
human_vs_worm.hp_lehninger_c_nonpolar2.k18.lctrue.regions.parquet,Q53GD3,O17823
human_vs_worm.hp_lehninger_c_nonpolar2.k18.lctrue.regions.parquet,Q53GD3,P91390
human_vs_worm.hp_lehninger_c_nonpolar2.k18.lctrue.regions.parquet,Q53GD3,Q09614
human_vs_worm.hp_lehninger_c_nonpolar2.k18.lctrue.regions.parquet,Q53GD3,Q09630
human_vs_worm.hp_lehninger_c_nonpolar2.k18.lctrue.regions.parquet,Q53GD3,Q86ME6
human_vs_worm.hp_lehninger_c_nonpolar2.k18.lctrue.regions.parquet,Q53GD3,Q94421
human_vs_worm.hp_lehninger_c_nonpolar2.k18.lctrue.regions.parquet,Q5SQ64,Q17758
human_vs_worm.hp_lehninger_c_nonpolar2.k18.lctrue.regions.parquet,Q5T1Q4,G5EG61
human_vs_worm.hp_lehninger_c_nonpolar2.k18.lctrue.regions.parquet,Q5T1Q4,P34709
human_vs_worm.hp_lehninger_c_nonpolar2.k18.lctrue.regions.parquet,Q5T1Q4,P34713
human_vs_worm.hp_lehninger_c_nonpolar2.k18.lctrue.regions.parquet,Q5T1Q4,Q02334
human_vs_worm.hp_lehninger_c_nonpolar2.k18.lctrue.regions.parquet,Q5T1Q4,Q10917
human_vs_worm.hp_lehninger_c_nonpolar2.k18.lctrue.regions.parquet,Q5T1Q4,Q18071
human_vs_worm.hp_lehninger_c_nonpolar2.k18.lctrue.regions.parquet,Q5T1Q4,Q19443
human_vs_worm.hp_lehninger_c_nonpolar2.k18.lctrue.regions.parquet,Q5T3U5,H2L0H3
human_vs_worm.hp_lehninger_c_nonpolar2.k18.lctrue.regions.parquet,Q5T3U5,O16975
human_vs_worm.hp_lehninger_c_nonpolar2.k18.lctrue.regions.parquet,Q5T3U5,P34389
human_vs_worm.hp_lehninger_c_nonpolar2.k18.lctrue.regions.parquet,Q5T3U5,P54129
human_vs_worm.hp_lehninger_c_nonpolar2.k18.lctrue.regions.parquet,Q5T3U5,Q09638
human_vs_worm.hp_lehninger_c_nonpolar2.k18.lctrue.regions.parquet,Q5T3U5,Q10028
human_vs_worm.hp_lehninger_c_nonpolar2.k18.lctrue.regions.parquet,Q5T3U5,Q10901
human_vs_worm.hp_lehninger_c_nonpolar2.k18.lctrue.regions.parquet,Q5T3U5,Q18120
human_vs_worm.hp_lehninger_c_nonpolar2.k18.lctrue.regions.parquet,Q5T3U5,Q19337
human_vs_worm.hp_lehninger_c_nonpolar2.k18.lctrue.regions.parquet,Q5T3U5,Q19425
human_vs_worm.hp_lehninger_c_nonpolar2.k18.lctrue.regions.parquet,Q5T3U5,Q20800
human_vs_worm.hp_lehninger_c_nonpolar2.k18.lctrue.regions.parquet,Q5T3U5,Q6RYS9
human_vs_worm.hp_lehninger_c_nonpolar2.k18.lctrue.regions.parquet,Q5T3U5,Q968A5
human_vs_worm.hp_lehninger_c_nonpolar2.k18.lctrue.regions.parquet,Q5T4T1,Q09573
human_vs_worm.hp_lehninger_c_nonpolar2.k18.lctrue.regions.parquet,Q5T4T1,Q10935
human_vs_worm.hp_lehninger_c_nonpolar2.k18.lctrue.regions.parquet,Q5TH69,P34299
human_vs_worm.hp_lehninger_c_nonpolar2.k18.lctrue.regions.parquet,Q6H3X3,P34299
human_vs_worm.hp_lehninger_c_nonpolar2.k18.lctrue.regions.parquet,Q6ISU1,H2L0G5
human_vs_worm.hp_lehninger_c_nonpolar2.k18.lctrue.regions.parquet,Q6NT16,A0A061ACU2
human_vs_worm.hp_lehninger_c_nonpolar2.k18.lctrue.regions.parquet,Q6NT16,G5EBM5
human_vs_worm.hp_lehninger_c_nonpolar2.k18.lctrue.regions.parquet,Q6NT16,H2KZU7
human_vs_worm.hp_lehninger_c_nonpolar2.k18.lctrue.regions.parquet,Q6NT16,O01509
human_vs_worm.hp_lehninger_c_nonpolar2.k18.lctrue.regions.parquet,Q6NT16,P34322
human_vs_worm.hp_lehninger_c_nonpolar2.k18.lctrue.regions.parquet,Q6NT16,P46565
human_vs_worm.hp_lehninger_c_nonpolar2.k18.lctrue.regions.parquet,Q6NT16,P91209
human_vs_worm.hp_lehninger_c_nonpolar2.k18.lctrue.regions.parquet,Q6NT16,Q10914
human_vs_worm.hp_lehninger_c_nonpolar2.k18.lctrue.regions.parquet,Q6NT16,Q9BMK9
human_vs_worm.hp_lehninger_c_nonpolar2.k18.lctrue.regions.parquet,Q6UWU4,Q95XG8
human_vs_worm.hp_lehninger_c_nonpolar2.k18.lctrue.regions.parquet,Q6UY11,O17040
human_vs_worm.hp_lehninger_c_nonpolar2.k18.lctrue.regions.parquet,Q6ZNC8,G5EBX4
human_vs_worm.hp_lehninger_c_nonpolar2.k18.lctrue.regions.parquet,Q6ZNC8,O01916
human_vs_worm.hp_lehninger_c_nonpolar2.k18.lctrue.regions.parquet,Q6ZNC8,O17239
human_vs_worm.hp_lehninger_c_nonpolar2.k18.lctrue.regions.parquet,Q6ZNC8,Q09226
human_vs_worm.hp_lehninger_c_nonpolar2.k18.lctrue.regions.parquet,Q6ZNC8,Q18600
human_vs_worm.hp_lehninger_c_nonpolar2.k18.lctrue.regions.parquet,Q6ZNC8,Q23444
human_vs_worm.hp_lehninger_c_nonpolar2.k18.lctrue.regions.parquet,Q7Z419,P90745
human_vs_worm.hp_lehninger_c_nonpolar2.k18.lctrue.regions.parquet,Q86SQ4,G5EBQ8
human_vs_worm.hp_lehninger_c_nonpolar2.k18.lctrue.regions.parquet,Q86SQ4,G5EG61
human_vs_worm.hp_lehninger_c_nonpolar2.k18.lctrue.regions.parquet,Q86SQ4,O01635
human_vs_worm.hp_lehninger_c_nonpolar2.k18.lctrue.regions.parquet,Q86SQ4,O61898
human_vs_worm.hp_lehninger_c_nonpolar2.k18.lctrue.regions.parquet,Q86SQ4,P24896
human_vs_worm.hp_lehninger_c_nonpolar2.k18.lctrue.regions.parquet,Q86SQ4,Q9XWE9
human_vs_worm.hp_lehninger_c_nonpolar2.k18.lctrue.regions.parquet,Q86VW1,G5EG11
human_vs_worm.hp_lehninger_c_nonpolar2.k18.lctrue.regions.parquet,Q86VW1,O01634
human_vs_worm.hp_lehninger_c_nonpolar2.k18.lctrue.regions.parquet,Q86VW1,P30638
human_vs_worm.hp_lehninger_c_nonpolar2.k18.lctrue.regions.parquet,Q86VW1,P34711
human_vs_worm.hp_lehninger_c_nonpolar2.k18.lctrue.regions.parquet,Q86VW1,Q11098
human_vs_worm.hp_lehninger_c_nonpolar2.k18.lctrue.regions.parquet,Q86VW1,Q18071
human_vs_worm.hp_lehninger_c_nonpolar2.k18.lctrue.regions.parquet,Q86VW1,Q27257
human_vs_worm.hp_lehninger_c_nonpolar2.k18.lctrue.regions.parquet,Q86VW1,Q95QW4
human_vs_worm.hp_lehninger_c_nonpolar2.k18.lctrue.regions.parquet,Q86VW1,Q968Y9
human_vs_worm.hp_lehninger_c_nonpolar2.k18.lctrue.regions.parquet,Q86VW1,Q9BMK9
human_vs_worm.hp_lehninger_c_nonpolar2.k18.lctrue.regions.parquet,Q86WC4,P34315
human_vs_worm.hp_lehninger_c_nonpolar2.k18.lctrue.regions.parquet,Q8IV45,P54244
human_vs_worm.hp_lehninger_c_nonpolar2.k18.lctrue.regions.parquet,Q8IZ57,A3QM97
human_vs_worm.hp_lehninger_c_nonpolar2.k18.lctrue.regions.parquet,Q8IZ57,O16926
human_vs_worm.hp_lehninger_c_nonpolar2.k18.lctrue.regions.parquet,Q8IZF2,G5EGQ6
human_vs_worm.hp_lehninger_c_nonpolar2.k18.lctrue.regions.parquet,Q8IZF2,O17554
human_vs_worm.hp_lehninger_c_nonpolar2.k18.lctrue.regions.parquet,Q8IZF2,O17800
human_vs_worm.hp_lehninger_c_nonpolar2.k18.lctrue.regions.parquet,Q8IZF2,O62420
human_vs_worm.hp_lehninger_c_nonpolar2.k18.lctrue.regions.parquet,Q8IZF2,Q17598
human_vs_worm.hp_lehninger_c_nonpolar2.k18.lctrue.regions.parquet,Q8IZF2,Q17851
human_vs_worm.hp_lehninger_c_nonpolar2.k18.lctrue.regions.parquet,Q8IZF2,Q19351
human_vs_worm.hp_lehninger_c_nonpolar2.k18.lctrue.regions.parquet,Q8IZT8,P34271
human_vs_worm.hp_lehninger_c_nonpolar2.k18.lctrue.regions.parquet,Q8N109,P30639
human_vs_worm.hp_lehninger_c_nonpolar2.k18.lctrue.regions.parquet,Q8N743,P30639
human_vs_worm.hp_lehninger_c_nonpolar2.k18.lctrue.regions.parquet,Q8N7C4,A0A3B1DZW5
human_vs_worm.hp_lehninger_c_nonpolar2.k18.lctrue.regions.parquet,Q8N7C4,P54142
human_vs_worm.hp_lehninger_c_nonpolar2.k18.lctrue.regions.parquet,Q8N7C4,P91535
human_vs_worm.hp_lehninger_c_nonpolar2.k18.lctrue.regions.parquet,Q8N7C4,Q7YWX7
human_vs_worm.hp_lehninger_c_nonpolar2.k18.lctrue.regions.parquet,Q8NA58,Q5CZ37
human_vs_worm.hp_lehninger_c_nonpolar2.k18.lctrue.regions.parquet,Q8NC56,A0A0K3AWM6
human_vs_worm.hp_lehninger_c_nonpolar2.k18.lctrue.regions.parquet,Q8NE79,Q09216
human_vs_worm.hp_lehninger_c_nonpolar2.k18.lctrue.regions.parquet,Q8NE79,Q59E83
human_vs_worm.hp_lehninger_c_nonpolar2.k18.lctrue.regions.parquet,Q8NHJ6,Q94225
human_vs_worm.hp_lehninger_c_nonpolar2.k18.lctrue.regions.parquet,Q8TB61,O01840
human_vs_worm.hp_lehninger_c_nonpolar2.k18.lctrue.regions.parquet,Q8TB61,O45813
human_vs_worm.hp_lehninger_c_nonpolar2.k18.lctrue.regions.parquet,Q8TB61,Q18864
human_vs_worm.hp_lehninger_c_nonpolar2.k18.lctrue.regions.parquet,Q8TB61,Q8I4B0
human_vs_worm.hp_lehninger_c_nonpolar2.k18.lctrue.regions.parquet,Q8TB61,Q94177
human_vs_worm.hp_lehninger_c_nonpolar2.k18.lctrue.regions.parquet,Q8TB61,Q9NA73
human_vs_worm.hp_lehninger_c_nonpolar2.k18.lctrue.regions.parquet,Q8TEZ7,G5EG61
human_vs_worm.hp_lehninger_c_nonpolar2.k18.lctrue.regions.parquet,Q8TEZ7,O17819
human_vs_worm.hp_lehninger_c_nonpolar2.k18.lctrue.regions.parquet,Q8TEZ7,P34709
human_vs_worm.hp_lehninger_c_nonpolar2.k18.lctrue.regions.parquet,Q8TEZ7,Q21005
human_vs_worm.hp_lehninger_c_nonpolar2.k18.lctrue.regions.parquet,Q8TEZ7,Q8T5S1
human_vs_worm.hp_lehninger_c_nonpolar2.k18.lctrue.regions.parquet,Q8WV19,G5EEB1
human_vs_worm.hp_lehninger_c_nonpolar2.k18.lctrue.regions.parquet,Q8WV19,O02100
human_vs_worm.hp_lehninger_c_nonpolar2.k18.lctrue.regions.parquet,Q8WV19,O02213
human_vs_worm.hp_lehninger_c_nonpolar2.k18.lctrue.regions.parquet,Q8WV19,O44186
human_vs_worm.hp_lehninger_c_nonpolar2.k18.lctrue.regions.parquet,Q8WVV5,P46568
human_vs_worm.hp_lehninger_c_nonpolar2.k18.lctrue.regions.parquet,Q92504,G5EDX4
human_vs_worm.hp_lehninger_c_nonpolar2.k18.lctrue.regions.parquet,Q92504,G5EG61
human_vs_worm.hp_lehninger_c_nonpolar2.k18.lctrue.regions.parquet,Q92504,O44827
human_vs_worm.hp_lehninger_c_nonpolar2.k18.lctrue.regions.parquet,Q92504,P34358
human_vs_worm.hp_lehninger_c_nonpolar2.k18.lctrue.regions.parquet,Q92504,Q9XWF0
human_vs_worm.hp_lehninger_c_nonpolar2.k18.lctrue.regions.parquet,Q96E22,O17386
human_vs_worm.hp_lehninger_c_nonpolar2.k18.lctrue.regions.parquet,Q96E22,Q8I4B0
human_vs_worm.hp_lehninger_c_nonpolar2.k18.lctrue.regions.parquet,Q96FX8,O16658
human_vs_worm.hp_lehninger_c_nonpolar2.k18.lctrue.regions.parquet,Q96FX8,Q17760
human_vs_worm.hp_lehninger_c_nonpolar2.k18.lctrue.regions.parquet,Q96FX8,Q18179
human_vs_worm.hp_lehninger_c_nonpolar2.k18.lctrue.regions.parquet,Q96KF7,O45813
human_vs_worm.hp_lehninger_c_nonpolar2.k18.lctrue.regions.parquet,Q96RN1,G5ECD6
human_vs_worm.hp_lehninger_c_nonpolar2.k18.lctrue.regions.parquet,Q96RN1,G5ECJ0
human_vs_worm.hp_lehninger_c_nonpolar2.k18.lctrue.regions.parquet,Q96RN1,G5EEB1
human_vs_worm.hp_lehninger_c_nonpolar2.k18.lctrue.regions.parquet,Q96RN1,O45813
human_vs_worm.hp_lehninger_c_nonpolar2.k18.lctrue.regions.parquet,Q96RN1,P52192
human_vs_worm.hp_lehninger_c_nonpolar2.k18.lctrue.regions.parquet,Q96RN1,P52887
human_vs_worm.hp_lehninger_c_nonpolar2.k18.lctrue.regions.parquet,Q96RN1,Q20787
human_vs_worm.hp_lehninger_c_nonpolar2.k18.lctrue.regions.parquet,Q96RN1,Q9NEQ0
human_vs_worm.hp_lehninger_c_nonpolar2.k18.lctrue.regions.parquet,Q96T54,O17847
human_vs_worm.hp_lehninger_c_nonpolar2.k18.lctrue.regions.parquet,Q96T54,P24890
human_vs_worm.hp_lehninger_c_nonpolar2.k18.lctrue.regions.parquet,Q96T54,Q23424
human_vs_worm.hp_lehninger_c_nonpolar2.k18.lctrue.regions.parquet,Q96T54,Q9XXD1
human_vs_worm.hp_lehninger_c_nonpolar2.k18.lctrue.regions.parquet,Q96T55,P53993
human_vs_worm.hp_lehninger_c_nonpolar2.k18.lctrue.regions.parquet,Q96T55,Q17330
human_vs_worm.hp_lehninger_c_nonpolar2.k18.lctrue.regions.parquet,Q96T55,Q20961
human_vs_worm.hp_lehninger_c_nonpolar2.k18.lctrue.regions.parquet,Q99706,Q21286
human_vs_worm.hp_lehninger_c_nonpolar2.k18.lctrue.regions.parquet,Q99808,A0A061ACU2
human_vs_worm.hp_lehninger_c_nonpolar2.k18.lctrue.regions.parquet,Q99808,A0A3B1DZW5
human_vs_worm.hp_lehninger_c_nonpolar2.k18.lctrue.regions.parquet,Q99808,G5EEK9
human_vs_worm.hp_lehninger_c_nonpolar2.k18.lctrue.regions.parquet,Q99808,O16926
human_vs_worm.hp_lehninger_c_nonpolar2.k18.lctrue.regions.parquet,Q99808,P34551
human_vs_worm.hp_lehninger_c_nonpolar2.k18.lctrue.regions.parquet,Q99808,Q03611
human_vs_worm.hp_lehninger_c_nonpolar2.k18.lctrue.regions.parquet,Q99808,Q10022
human_vs_worm.hp_lehninger_c_nonpolar2.k18.lctrue.regions.parquet,Q99808,Q17667
human_vs_worm.hp_lehninger_c_nonpolar2.k18.lctrue.regions.parquet,Q99808,Q95PJ8
human_vs_worm.hp_lehninger_c_nonpolar2.k18.lctrue.regions.parquet,Q99808,Q9XUU9
human_vs_worm.hp_lehninger_c_nonpolar2.k18.lctrue.regions.parquet,Q99941,Q21054
human_vs_worm.hp_lehninger_c_nonpolar2.k18.lctrue.regions.parquet,Q99942,G4SDH4
human_vs_worm.hp_lehninger_c_nonpolar2.k18.lctrue.regions.parquet,Q99942,Q23593
human_vs_worm.hp_lehninger_c_nonpolar2.k18.lctrue.regions.parquet,Q99943,P24612
human_vs_worm.hp_lehninger_c_nonpolar2.k18.lctrue.regions.parquet,Q99943,Q19507
human_vs_worm.hp_lehninger_c_nonpolar2.k18.lctrue.regions.parquet,Q99946,O61213
human_vs_worm.hp_lehninger_c_nonpolar2.k18.lctrue.regions.parquet,Q9BZJ6,G5EFJ9
human_vs_worm.hp_lehninger_c_nonpolar2.k18.lctrue.regions.parquet,Q9BZJ6,H2L0Q3
human_vs_worm.hp_lehninger_c_nonpolar2.k18.lctrue.regions.parquet,Q9BZJ6,O45923
human_vs_worm.hp_lehninger_c_nonpolar2.k18.lctrue.regions.parquet,Q9BZJ6,P46499
human_vs_worm.hp_lehninger_c_nonpolar2.k18.lctrue.regions.parquet,Q9BZJ6,Q18179
human_vs_worm.hp_lehninger_c_nonpolar2.k18.lctrue.regions.parquet,Q9BZJ6,Q9U7D5
human_vs_worm.hp_lehninger_c_nonpolar2.k18.lctrue.regions.parquet,Q9GZM5,E7EM37
human_vs_worm.hp_lehninger_c_nonpolar2.k18.lctrue.regions.parquet,Q9GZM5,G5EE72
human_vs_worm.hp_lehninger_c_nonpolar2.k18.lctrue.regions.parquet,Q9GZM5,O17800
human_vs_worm.hp_lehninger_c_nonpolar2.k18.lctrue.regions.parquet,Q9GZM5,Q19468
human_vs_worm.hp_lehninger_c_nonpolar2.k18.lctrue.regions.parquet,Q9GZM5,Q9XWV0
human_vs_worm.hp_lehninger_c_nonpolar2.k18.lctrue.regions.parquet,Q9GZR5,G5EBX4
human_vs_worm.hp_lehninger_c_nonpolar2.k18.lctrue.regions.parquet,Q9GZR5,P46975
human_vs_worm.hp_lehninger_c_nonpolar2.k18.lctrue.regions.parquet,Q9GZR5,P54128
human_vs_worm.hp_lehninger_c_nonpolar2.k18.lctrue.regions.parquet,Q9GZR5,P90755
human_vs_worm.hp_lehninger_c_nonpolar2.k18.lctrue.regions.parquet,Q9GZR5,Q20303
human_vs_worm.hp_lehninger_c_nonpolar2.k18.lctrue.regions.parquet,Q9H1N7,P46569
human_vs_worm.hp_lehninger_c_nonpolar2.k18.lctrue.regions.parquet,Q9H1N7,Q17328
human_vs_worm.hp_lehninger_c_nonpolar2.k18.lctrue.regions.parquet,Q9H1N7,Q17766
human_vs_worm.hp_lehninger_c_nonpolar2.k18.lctrue.regions.parquet,Q9H1N7,Q20332
human_vs_worm.hp_lehninger_c_nonpolar2.k18.lctrue.regions.parquet,Q9H1N7,Q21153
human_vs_worm.hp_lehninger_c_nonpolar2.k18.lctrue.regions.parquet,Q9H1N7,Q5CZ37
human_vs_worm.hp_lehninger_c_nonpolar2.k18.lctrue.regions.parquet,Q9H1N7,Q9XXR3
human_vs_worm.hp_lehninger_c_nonpolar2.k18.lctrue.regions.parquet,Q9HBV1,Q09212
human_vs_worm.hp_lehninger_c_nonpolar2.k18.lctrue.regions.parquet,Q9HBV1,Q19821
human_vs_worm.hp_lehninger_c_nonpolar2.k18.lctrue.regions.parquet,Q9HD23,Q20123
human_vs_worm.hp_lehninger_c_nonpolar2.k18.lctrue.regions.parquet,Q9NP99,Q18600
human_vs_worm.hp_lehninger_c_nonpolar2.k18.lctrue.regions.parquet,Q9NRA2,G5ECX0
human_vs_worm.hp_lehninger_c_nonpolar2.k18.lctrue.regions.parquet,Q9NRA2,O16242
human_vs_worm.hp_lehninger_c_nonpolar2.k18.lctrue.regions.parquet,Q9NRA2,O62126
human_vs_worm.hp_lehninger_c_nonpolar2.k18.lctrue.regions.parquet,Q9NRA2,P52192
human_vs_worm.hp_lehninger_c_nonpolar2.k18.lctrue.regions.parquet,Q9NRA2,Q09460
human_vs_worm.hp_lehninger_c_nonpolar2.k18.lctrue.regions.parquet,Q9NRA2,Q09638
human_vs_worm.hp_lehninger_c_nonpolar2.k18.lctrue.regions.parquet,Q9NRA2,Q10046
human_vs_worm.hp_lehninger_c_nonpolar2.k18.lctrue.regions.parquet,Q9NRA2,Q7YWX7
human_vs_worm.hp_lehninger_c_nonpolar2.k18.lctrue.regions.parquet,Q9NRA2,Q95Y82
human_vs_worm.hp_lehninger_c_nonpolar2.k18.lctrue.regions.parquet,Q9NRA2,Q9XWU2
human_vs_worm.hp_lehninger_c_nonpolar2.k18.lctrue.regions.parquet,Q9NUN5,G5EBX4
human_vs_worm.hp_lehninger_c_nonpolar2.k18.lctrue.regions.parquet,Q9NUN5,P34358
human_vs_worm.hp_lehninger_c_nonpolar2.k18.lctrue.regions.parquet,Q9NUN5,P34644
human_vs_worm.hp_lehninger_c_nonpolar2.k18.lctrue.regions.parquet,Q9NUN5,Q09573
human_vs_worm.hp_lehninger_c_nonpolar2.k18.lctrue.regions.parquet,Q9NUN5,Q11180
human_vs_worm.hp_lehninger_c_nonpolar2.k18.lctrue.regions.parquet,Q9NUN5,Q19038
human_vs_worm.hp_lehninger_c_nonpolar2.k18.lctrue.regions.parquet,Q9NVV5,P24892
human_vs_worm.hp_lehninger_c_nonpolar2.k18.lctrue.regions.parquet,Q9NVV5,P54128
human_vs_worm.hp_lehninger_c_nonpolar2.k18.lctrue.regions.parquet,Q9NVV5,Q9XVM9
human_vs_worm.hp_lehninger_c_nonpolar2.k18.lctrue.regions.parquet,Q9NWH2,O17823
human_vs_worm.hp_lehninger_c_nonpolar2.k18.lctrue.regions.parquet,Q9NWH2,P49049
human_vs_worm.hp_lehninger_c_nonpolar2.k18.lctrue.regions.parquet,Q9NXB9,G5EBH1
human_vs_worm.hp_lehninger_c_nonpolar2.k18.lctrue.regions.parquet,Q9NXB9,O02275
human_vs_worm.hp_lehninger_c_nonpolar2.k18.lctrue.regions.parquet,Q9NXB9,Q18600
human_vs_worm.hp_lehninger_c_nonpolar2.k18.lctrue.regions.parquet,Q9NXB9,Q21751
human_vs_worm.hp_lehninger_c_nonpolar2.k18.lctrue.regions.parquet,Q9NYP7,G5EEE5
human_vs_worm.hp_lehninger_c_nonpolar2.k18.lctrue.regions.parquet,Q9NYP7,O17699
human_vs_worm.hp_lehninger_c_nonpolar2.k18.lctrue.regions.parquet,Q9NYP7,Q11098
human_vs_worm.hp_lehninger_c_nonpolar2.k18.lctrue.regions.parquet,Q9NYP7,Q18071
human_vs_worm.hp_lehninger_c_nonpolar2.k18.lctrue.regions.parquet,Q9P1P4,Q11098
human_vs_worm.hp_lehninger_c_nonpolar2.k18.lctrue.regions.parquet,Q9P1P4,Q95QZ5
human_vs_worm.hp_lehninger_c_nonpolar2.k18.lctrue.regions.parquet,Q9P1P4,Q95V25
human_vs_worm.hp_lehninger_c_nonpolar2.k18.lctrue.regions.parquet,Q9P1P4,Q965Q8
human_vs_worm.hp_lehninger_c_nonpolar2.k18.lctrue.regions.parquet,Q9P2C4,O44616
human_vs_worm.hp_lehninger_c_nonpolar2.k18.lctrue.regions.parquet,Q9UBU6,Q27533
human_vs_worm.hp_lehninger_c_nonpolar2.k18.lctrue.regions.parquet,Q9UBU6,Q9U2G5
human_vs_worm.hp_lehninger_c_nonpolar2.k18.lctrue.regions.parquet,Q9UGF6,G5EF48
human_vs_worm.hp_lehninger_c_nonpolar2.k18.lctrue.regions.parquet,Q9UGF6,H2L006
human_vs_worm.hp_lehninger_c_nonpolar2.k18.lctrue.regions.parquet,Q9UGF6,Q03567
human_vs_worm.hp_lehninger_c_nonpolar2.k18.lctrue.regions.parquet,Q9UGF6,Q09460
human_vs_worm.hp_lehninger_c_nonpolar2.k18.lctrue.regions.parquet,Q9UGF6,Q11080
human_vs_worm.hp_lehninger_c_nonpolar2.k18.lctrue.regions.parquet,Q9UGP8,P30638
human_vs_worm.hp_lehninger_c_nonpolar2.k18.lctrue.regions.parquet,Q9UGP8,Q10015
human_vs_worm.hp_lehninger_c_nonpolar2.k18.lctrue.regions.parquet,Q9ULH4,P50605
human_vs_worm.hp_lehninger_c_nonpolar2.k18.lctrue.regions.parquet,Q9Y2C2,Q18321
human_vs_worm.hp_lehninger_c_nonpolar2.k18.lctrue.regions.parquet,Q9Y2C5,G5EBX4
human_vs_worm.hp_lehninger_c_nonpolar2.k18.lctrue.regions.parquet,Q9Y2C5,O02275
human_vs_worm.hp_lehninger_c_nonpolar2.k18.lctrue.regions.parquet,Q9Y2C5,P34356
human_vs_worm.hp_lehninger_c_nonpolar2.k18.lctrue.regions.parquet,Q9Y2C5,P34548
human_vs_worm.hp_lehninger_c_nonpolar2.k18.lctrue.regions.parquet,Q9Y2C5,Q09226
human_vs_worm.hp_lehninger_c_nonpolar2.k18.lctrue.regions.parquet,Q9Y5U8,O62267
human_vs_worm.hp_lehninger_c_nonpolar2.k18.lctrue.regions.parquet,Q9Y5W7,Q19200
human_vs_worm.hp_lehninger_c_nonpolar2.k18.lctrue.regions.parquet,Q9Y5W7,Q95PJ8
human_vs_worm.hp_lehninger_c_nonpolar2.k18.lctrue.regions.parquet,Q9Y694,D3KZG3
human_vs_worm.hp_lehninger_c_nonpolar2.k18.lctrue.regions.parquet,Q9Y694,G5EDB8
human_vs_worm.hp_lehninger_c_nonpolar2.k18.lctrue.regions.parquet,Q9Y694,O01538
human_vs_worm.hp_lehninger_c_nonpolar2.k18.lctrue.regions.parquet,Q9Y694,P34322
human_vs_worm.hp_lehninger_c_nonpolar2.k18.lctrue.regions.parquet,Q9Y694,P34711
human_vs_worm.hp_lehninger_c_nonpolar2.k18.lctrue.regions.parquet,Q9Y694,Q09614
human_vs_worm.hp_lehninger_c_nonpolar2.k18.lctrue.regions.parquet,Q9Y694,Q17598
human_vs_worm.hp_lehninger_c_nonpolar2.k18.lctrue.regions.parquet,Q9Y694,Q9XWD6
human_vs_worm.hp_lehninger_c_nonpolar2.k18.lctrue.regions.parquet,Q9Y694,Q9XXD1
human_vs_worm.hp_thomas_dill2.k19.lctrue.regions.parquet,A0A3B3IU46,O44743
human_vs_worm.hp_thomas_dill2.k19.lctrue.regions.parquet,A0A3B3IU46,P35799
human_vs_worm.hp_thomas_dill2.k19.lctrue.regions.parquet,A1A5C7,P91193
human_vs_worm.hp_thomas_dill2.k19.lctrue.regions.parquet,A1A5C7,Q95QY7
human_vs_worm.hp_thomas_dill2.k19.lctrue.regions.parquet,A6NGQ2,Q21106
human_vs_worm.hp_thomas_dill2.k19.lctrue.regions.parquet,A7XYQ1,G5EG44
human_vs_worm.hp_thomas_dill2.k19.lctrue.regions.parquet,A7XYQ1,O76735
human_vs_worm.hp_thomas_dill2.k19.lctrue.regions.parquet,A7XYQ1,Q10043
human_vs_worm.hp_thomas_dill2.k19.lctrue.regions.parquet,A7XYQ1,Q23541
human_vs_worm.hp_thomas_dill2.k19.lctrue.regions.parquet,H3BQB6,P09588
human_vs_worm.hp_thomas_dill2.k19.lctrue.regions.parquet,H3BQB6,P34663
human_vs_worm.hp_thomas_dill2.k19.lctrue.regions.parquet,H3BQB6,Q22227
human_vs_worm.hp_thomas_dill2.k19.lctrue.regions.parquet,O00141,Q20496
human_vs_worm.hp_thomas_dill2.k19.lctrue.regions.parquet,O00453,G5ECL4
human_vs_worm.hp_thomas_dill2.k19.lctrue.regions.parquet,O00476,Q09488
human_vs_worm.hp_thomas_dill2.k19.lctrue.regions.parquet,O00478,G5EEV2
human_vs_worm.hp_thomas_dill2.k19.lctrue.regions.parquet,O00479,G5EG78
human_vs_worm.hp_thomas_dill2.k19.lctrue.regions.parquet,O00548,P12114
human_vs_worm.hp_thomas_dill2.k19.lctrue.regions.parquet,O00716,A3FPJ2
human_vs_worm.hp_thomas_dill2.k19.lctrue.regions.parquet,O00716,G5EBV0
human_vs_worm.hp_thomas_dill2.k19.lctrue.regions.parquet,O00716,Q11076
human_vs_worm.hp_thomas_dill2.k19.lctrue.regions.parquet,O00716,Q18885
human_vs_worm.hp_thomas_dill2.k19.lctrue.regions.parquet,O15056,Q09263
human_vs_worm.hp_thomas_dill2.k19.lctrue.regions.parquet,O15056,Q65CM0
human_vs_worm.hp_thomas_dill2.k19.lctrue.regions.parquet,O15056,Q9N392
human_vs_worm.hp_thomas_dill2.k19.lctrue.regions.parquet,O15209,G5EFQ5
human_vs_worm.hp_thomas_dill2.k19.lctrue.regions.parquet,O15209,Q19203
human_vs_worm.hp_thomas_dill2.k19.lctrue.regions.parquet,O43167,P34611
human_vs_worm.hp_thomas_dill2.k19.lctrue.regions.parquet,O43167,P91351
human_vs_worm.hp_thomas_dill2.k19.lctrue.regions.parquet,O43167,Q9TZM3
human_vs_worm.hp_thomas_dill2.k19.lctrue.regions.parquet,O43196,O01700
human_vs_worm.hp_thomas_dill2.k19.lctrue.regions.parquet,O43309,P34397
human_vs_worm.hp_thomas_dill2.k19.lctrue.regions.parquet,O43309,Q9U2A9
human_vs_worm.hp_thomas_dill2.k19.lctrue.regions.parquet,O43318,Q23435
human_vs_worm.hp_thomas_dill2.k19.lctrue.regions.parquet,O43318,Q8MLZ5
human_vs_worm.hp_thomas_dill2.k19.lctrue.regions.parquet,O43324,P34476
human_vs_worm.hp_thomas_dill2.k19.lctrue.regions.parquet,O43524,G5EGD2
human_vs_worm.hp_thomas_dill2.k19.lctrue.regions.parquet,O43524,Q09413
human_vs_worm.hp_thomas_dill2.k19.lctrue.regions.parquet,O43524,Q09566
human_vs_worm.hp_thomas_dill2.k19.lctrue.regions.parquet,O43680,Q4JFH9
human_vs_worm.hp_thomas_dill2.k19.lctrue.regions.parquet,O60231,P34416
human_vs_worm.hp_thomas_dill2.k19.lctrue.regions.parquet,O60231,P34611
human_vs_worm.hp_thomas_dill2.k19.lctrue.regions.parquet,O60242,Q21029
human_vs_worm.hp_thomas_dill2.k19.lctrue.regions.parquet,O60281,G5EBU4
human_vs_worm.hp_thomas_dill2.k19.lctrue.regions.parquet,O60281,G5EGQ5
human_vs_worm.hp_thomas_dill2.k19.lctrue.regions.parquet,O60281,O17323
human_vs_worm.hp_thomas_dill2.k19.lctrue.regions.parquet,O60281,O18696
human_vs_worm.hp_thomas_dill2.k19.lctrue.regions.parquet,O60281,Q20733
human_vs_worm.hp_thomas_dill2.k19.lctrue.regions.parquet,O60281,Q20762
human_vs_worm.hp_thomas_dill2.k19.lctrue.regions.parquet,O60281,Q22992
human_vs_worm.hp_thomas_dill2.k19.lctrue.regions.parquet,O60281,Q95XR2
human_vs_worm.hp_thomas_dill2.k19.lctrue.regions.parquet,O60281,Q9BMK9
human_vs_worm.hp_thomas_dill2.k19.lctrue.regions.parquet,O60508,P34684
human_vs_worm.hp_thomas_dill2.k19.lctrue.regions.parquet,O60508,P48152
human_vs_worm.hp_thomas_dill2.k19.lctrue.regions.parquet,O60641,G5ED14
human_vs_worm.hp_thomas_dill2.k19.lctrue.regions.parquet,O60641,Q09587
human_vs_worm.hp_thomas_dill2.k19.lctrue.regions.parquet,O60641,Q22812
human_vs_worm.hp_thomas_dill2.k19.lctrue.regions.parquet,O60641,Q8I113
human_vs_worm.hp_thomas_dill2.k19.lctrue.regions.parquet,O75019,G5EEC5
human_vs_worm.hp_thomas_dill2.k19.lctrue.regions.parquet,O75022,G5EC32
human_vs_worm.hp_thomas_dill2.k19.lctrue.regions.parquet,O75023,Q18299
human_vs_worm.hp_thomas_dill2.k19.lctrue.regions.parquet,O75023,S6F527
human_vs_worm.hp_thomas_dill2.k19.lctrue.regions.parquet,O75167,B7WN72
human_vs_worm.hp_thomas_dill2.k19.lctrue.regions.parquet,O75167,P29506
human_vs_worm.hp_thomas_dill2.k19.lctrue.regions.parquet,O75167,P34537
human_vs_worm.hp_thomas_dill2.k19.lctrue.regions.parquet,O75496,O44827
human_vs_worm.hp_thomas_dill2.k19.lctrue.regions.parquet,O75496,Q09289
human_vs_worm.hp_thomas_dill2.k19.lctrue.regions.parquet,O75603,Q22227
human_vs_worm.hp_thomas_dill2.k19.lctrue.regions.parquet,O75626,Q95Q34
human_vs_worm.hp_thomas_dill2.k19.lctrue.regions.parquet,O76064,V6CLP5
human_vs_worm.hp_thomas_dill2.k19.lctrue.regions.parquet,O77932,G5EED4
human_vs_worm.hp_thomas_dill2.k19.lctrue.regions.parquet,O94874,O76368
human_vs_worm.hp_thomas_dill2.k19.lctrue.regions.parquet,O94874,Q21122
human_vs_worm.hp_thomas_dill2.k19.lctrue.regions.parquet,O95238,Q9N3S2
human_vs_worm.hp_thomas_dill2.k19.lctrue.regions.parquet,O95279,Q20035
human_vs_worm.hp_thomas_dill2.k19.lctrue.regions.parquet,O95279,Q3Y416
human_vs_worm.hp_thomas_dill2.k19.lctrue.regions.parquet,O95279,Q93796
human_vs_worm.hp_thomas_dill2.k19.lctrue.regions.parquet,O95551,Q23272
human_vs_worm.hp_thomas_dill2.k19.lctrue.regions.parquet,O95677,P35800
human_vs_worm.hp_thomas_dill2.k19.lctrue.regions.parquet,O95677,P51403
human_vs_worm.hp_thomas_dill2.k19.lctrue.regions.parquet,O95835,P52166
human_vs_worm.hp_thomas_dill2.k19.lctrue.regions.parquet,O95835,Q21272
human_vs_worm.hp_thomas_dill2.k19.lctrue.regions.parquet,O95835,Q21917
human_vs_worm.hp_thomas_dill2.k19.lctrue.regions.parquet,O95835,W6RTA4
human_vs_worm.hp_thomas_dill2.k19.lctrue.regions.parquet,O95873,Q18955
human_vs_worm.hp_thomas_dill2.k19.lctrue.regions.parquet,O95944,P34646
human_vs_worm.hp_thomas_dill2.k19.lctrue.regions.parquet,P00747,P98060
human_vs_worm.hp_thomas_dill2.k19.lctrue.regions.parquet,P01889,P45896
human_vs_worm.hp_thomas_dill2.k19.lctrue.regions.parquet,P01889,P54811
human_vs_worm.hp_thomas_dill2.k19.lctrue.regions.parquet,P05549,P92186
human_vs_worm.hp_thomas_dill2.k19.lctrue.regions.parquet,P08238,B6VQ60
human_vs_worm.hp_thomas_dill2.k19.lctrue.regions.parquet,P08238,P18834
human_vs_worm.hp_thomas_dill2.k19.lctrue.regions.parquet,P08922,P34633
human_vs_worm.hp_thomas_dill2.k19.lctrue.regions.parquet,P08F94,Q9NLC2
human_vs_worm.hp_thomas_dill2.k19.lctrue.regions.parquet,P09210,O44476
human_vs_worm.hp_thomas_dill2.k19.lctrue.regions.parquet,P0DMV8,O01519
human_vs_worm.hp_thomas_dill2.k19.lctrue.regions.parquet,P0DMV9,O01519
human_vs_worm.hp_thomas_dill2.k19.lctrue.regions.parquet,P10242,G5EFF1
human_vs_worm.hp_thomas_dill2.k19.lctrue.regions.parquet,P11717,P34263
human_vs_worm.hp_thomas_dill2.k19.lctrue.regions.parquet,P11831,G5EBT1
human_vs_worm.hp_thomas_dill2.k19.lctrue.regions.parquet,P11831,P34586
human_vs_worm.hp_thomas_dill2.k19.lctrue.regions.parquet,P11831,Q10572
human_vs_worm.hp_thomas_dill2.k19.lctrue.regions.parquet,P11831,Q17405
human_vs_worm.hp_thomas_dill2.k19.lctrue.regions.parquet,P12872,Q17828
human_vs_worm.hp_thomas_dill2.k19.lctrue.regions.parquet,P13942,O02151
human_vs_worm.hp_thomas_dill2.k19.lctrue.regions.parquet,P15311,G5EG17
human_vs_worm.hp_thomas_dill2.k19.lctrue.regions.parquet,P15311,P28515
human_vs_worm.hp_thomas_dill2.k19.lctrue.regions.parquet,P15822,A0A0K3AUE4
human_vs_worm.hp_thomas_dill2.k19.lctrue.regions.parquet,P15822,C6KRN1
human_vs_worm.hp_thomas_dill2.k19.lctrue.regions.parquet,P15822,G5ECY0
human_vs_worm.hp_thomas_dill2.k19.lctrue.regions.parquet,P15822,G5EFC3
human_vs_worm.hp_thomas_dill2.k19.lctrue.regions.parquet,P15822,O17894
human_vs_worm.hp_thomas_dill2.k19.lctrue.regions.parquet,P15822,P34548
human_vs_worm.hp_thomas_dill2.k19.lctrue.regions.parquet,P15822,Q20624
human_vs_worm.hp_thomas_dill2.k19.lctrue.regions.parquet,P15822,Q21038
human_vs_worm.hp_thomas_dill2.k19.lctrue.regions.parquet,P15822,Q22307
human_vs_worm.hp_thomas_dill2.k19.lctrue.regions.parquet,P15822,Q86ME6
human_vs_worm.hp_thomas_dill2.k19.lctrue.regions.parquet,P19484,Q9BMN8
human_vs_worm.hp_thomas_dill2.k19.lctrue.regions.parquet,P19484,Q9N4C2
human_vs_worm.hp_thomas_dill2.k19.lctrue.regions.parquet,P19484,Q9NL29
human_vs_worm.hp_thomas_dill2.k19.lctrue.regions.parquet,P20265,P20784
human_vs_worm.hp_thomas_dill2.k19.lctrue.regions.parquet,P20265,P34399
human_vs_worm.hp_thomas_dill2.k19.lctrue.regions.parquet,P20265,Q20257
human_vs_worm.hp_thomas_dill2.k19.lctrue.regions.parquet,P21580,A5JYW9
human_vs_worm.hp_thomas_dill2.k19.lctrue.regions.parquet,P21580,O01737
human_vs_worm.hp_thomas_dill2.k19.lctrue.regions.parquet,P21580,O44757
human_vs_worm.hp_thomas_dill2.k19.lctrue.regions.parquet,P21580,O76360
human_vs_worm.hp_thomas_dill2.k19.lctrue.regions.parquet,P21580,P91193
human_vs_worm.hp_thomas_dill2.k19.lctrue.regions.parquet,P21580,Q6BER5
human_vs_worm.hp_thomas_dill2.k19.lctrue.regions.parquet,P21580,Q9NEU2
human_vs_worm.hp_thomas_dill2.k19.lctrue.regions.parquet,P22492,P53013
human_vs_worm.hp_thomas_dill2.k19.lctrue.regions.parquet,P22492,Q65ZG8
human_vs_worm.hp_thomas_dill2.k19.lctrue.regions.parquet,P24046,G5EE01
human_vs_worm.hp_thomas_dill2.k19.lctrue.regions.parquet,P25063,P18831
human_vs_worm.hp_thomas_dill2.k19.lctrue.regions.parquet,P25205,Q09455
human_vs_worm.hp_thomas_dill2.k19.lctrue.regions.parquet,P28062,Q8MLZ5
human_vs_worm.hp_thomas_dill2.k19.lctrue.regions.parquet,P28222,Q09457
human_vs_worm.hp_thomas_dill2.k19.lctrue.regions.parquet,P31629,H2KZM6
human_vs_worm.hp_thomas_dill2.k19.lctrue.regions.parquet,P31629,P03949
human_vs_worm.hp_thomas_dill2.k19.lctrue.regions.parquet,P31629,Q22836
human_vs_worm.hp_thomas_dill2.k19.lctrue.regions.parquet,P31629,Q3Y416
human_vs_worm.hp_thomas_dill2.k19.lctrue.regions.parquet,P31629,Q95R14
human_vs_worm.hp_thomas_dill2.k19.lctrue.regions.parquet,P31629,Q9GYI4
human_vs_worm.hp_thomas_dill2.k19.lctrue.regions.parquet,P33981,P34434
human_vs_worm.hp_thomas_dill2.k19.lctrue.regions.parquet,P36508,Q95XU6
human_vs_worm.hp_thomas_dill2.k19.lctrue.regions.parquet,P36915,G5EDW2
human_vs_worm.hp_thomas_dill2.k19.lctrue.regions.parquet,P36915,Q94045
human_vs_worm.hp_thomas_dill2.k19.lctrue.regions.parquet,P38936,G5EBZ8
human_vs_worm.hp_thomas_dill2.k19.lctrue.regions.parquet,P40425,P50880
human_vs_worm.hp_thomas_dill2.k19.lctrue.regions.parquet,P40425,Q03609
human_vs_worm.hp_thomas_dill2.k19.lctrue.regions.parquet,P40425,Q17632
human_vs_worm.hp_thomas_dill2.k19.lctrue.regions.parquet,P40425,Q23435
human_vs_worm.hp_thomas_dill2.k19.lctrue.regions.parquet,P43307,Q09240
human_vs_worm.hp_thomas_dill2.k19.lctrue.regions.parquet,P43629,Q22516
human_vs_worm.hp_thomas_dill2.k19.lctrue.regions.parquet,P43631,Q18905
human_vs_worm.hp_thomas_dill2.k19.lctrue.regions.parquet,P43632,Q18905
human_vs_worm.hp_thomas_dill2.k19.lctrue.regions.parquet,P48634,G5ECJ0
human_vs_worm.hp_thomas_dill2.k19.lctrue.regions.parquet,P48634,G5EG78
human_vs_worm.hp_thomas_dill2.k19.lctrue.regions.parquet,P48634,P34445
human_vs_worm.hp_thomas_dill2.k19.lctrue.regions.parquet,P49643,Q9XV46
human_vs_worm.hp_thomas_dill2.k19.lctrue.regions.parquet,P49790,O01583
human_vs_worm.hp_thomas_dill2.k19.lctrue.regions.parquet,P49790,O44548
human_vs_worm.hp_thomas_dill2.k19.lctrue.regions.parquet,P49790,P34658
human_vs_worm.hp_thomas_dill2.k19.lctrue.regions.parquet,P49790,Q09531
human_vs_worm.hp_thomas_dill2.k19.lctrue.regions.parquet,P49790,Q23270
human_vs_worm.hp_thomas_dill2.k19.lctrue.regions.parquet,P49790,Q9NLC2
human_vs_worm.hp_thomas_dill2.k19.lctrue.regions.parquet,P54253,P34303
human_vs_worm.hp_thomas_dill2.k19.lctrue.regions.parquet,P54253,P34410
human_vs_worm.hp_thomas_dill2.k19.lctrue.regions.parquet,P54253,P55114
human_vs_worm.hp_thomas_dill2.k19.lctrue.regions.parquet,P54253,V6CIV8
human_vs_worm.hp_thomas_dill2.k19.lctrue.regions.parquet,P55008,Q18885
human_vs_worm.hp_thomas_dill2.k19.lctrue.regions.parquet,P55196,G5EGQ6
human_vs_worm.hp_thomas_dill2.k19.lctrue.regions.parquet,P55196,G5EGS5
human_vs_worm.hp_thomas_dill2.k19.lctrue.regions.parquet,P55196,Q21209
human_vs_worm.hp_thomas_dill2.k19.lctrue.regions.parquet,P55196,Q9N3X8
human_vs_worm.hp_thomas_dill2.k19.lctrue.regions.parquet,P63128,Q11186
human_vs_worm.hp_thomas_dill2.k19.lctrue.regions.parquet,P68431,Q9U281
human_vs_worm.hp_thomas_dill2.k19.lctrue.regions.parquet,P78382,P34335
human_vs_worm.hp_thomas_dill2.k19.lctrue.regions.parquet,P84103,G5EDN0
human_vs_worm.hp_thomas_dill2.k19.lctrue.regions.parquet,P84103,Q22717
human_vs_worm.hp_thomas_dill2.k19.lctrue.regions.parquet,Q01151,P45970
human_vs_worm.hp_thomas_dill2.k19.lctrue.regions.parquet,Q01860,O45244
human_vs_worm.hp_thomas_dill2.k19.lctrue.regions.parquet,Q01860,Q09537
human_vs_worm.hp_thomas_dill2.k19.lctrue.regions.parquet,Q02952,O01700
human_vs_worm.hp_thomas_dill2.k19.lctrue.regions.parquet,Q02952,P49391
human_vs_worm.hp_thomas_dill2.k19.lctrue.regions.parquet,Q02952,Q21691
human_vs_worm.hp_thomas_dill2.k19.lctrue.regions.parquet,Q03181,O62259
human_vs_worm.hp_thomas_dill2.k19.lctrue.regions.parquet,Q04900,Q19546
human_vs_worm.hp_thomas_dill2.k19.lctrue.regions.parquet,Q06587,P34434
human_vs_worm.hp_thomas_dill2.k19.lctrue.regions.parquet,Q06587,Q18054
human_vs_worm.hp_thomas_dill2.k19.lctrue.regions.parquet,Q12899,P91343
human_vs_worm.hp_thomas_dill2.k19.lctrue.regions.parquet,Q12947,P34751
human_vs_worm.hp_thomas_dill2.k19.lctrue.regions.parquet,Q12947,Q09249
human_vs_worm.hp_thomas_dill2.k19.lctrue.regions.parquet,Q12948,P35799
human_vs_worm.hp_thomas_dill2.k19.lctrue.regions.parquet,Q12948,Q17895
human_vs_worm.hp_thomas_dill2.k19.lctrue.regions.parquet,Q13451,Q4JFH9
human_vs_worm.hp_thomas_dill2.k19.lctrue.regions.parquet,Q13451,Q9TZM3
human_vs_worm.hp_thomas_dill2.k19.lctrue.regions.parquet,Q13546,G5EDY0
human_vs_worm.hp_thomas_dill2.k19.lctrue.regions.parquet,Q13546,O01836
human_vs_worm.hp_thomas_dill2.k19.lctrue.regions.parquet,Q13950,Q06561
human_vs_worm.hp_thomas_dill2.k19.lctrue.regions.parquet,Q13950,Q9N373
human_vs_worm.hp_thomas_dill2.k19.lctrue.regions.parquet,Q14244,Q10669
human_vs_worm.hp_thomas_dill2.k19.lctrue.regions.parquet,Q14244,Q9XVD5
human_vs_worm.hp_thomas_dill2.k19.lctrue.regions.parquet,Q14511,Q21920
human_vs_worm.hp_thomas_dill2.k19.lctrue.regions.parquet,Q14511,Q23424
human_vs_worm.hp_thomas_dill2.k19.lctrue.regions.parquet,Q14511,Q867X0
human_vs_worm.hp_thomas_dill2.k19.lctrue.regions.parquet,Q14511,Q8WQL7
human_vs_worm.hp_thomas_dill2.k19.lctrue.regions.parquet,Q14676,O45420
human_vs_worm.hp_thomas_dill2.k19.lctrue.regions.parquet,Q14676,O76368
human_vs_worm.hp_thomas_dill2.k19.lctrue.regions.parquet,Q14676,P34258
human_vs_worm.hp_thomas_dill2.k19.lctrue.regions.parquet,Q14676,Q09663
human_vs_worm.hp_thomas_dill2.k19.lctrue.regions.parquet,Q14676,Q21691
human_vs_worm.hp_thomas_dill2.k19.lctrue.regions.parquet,Q14738,P34683
human_vs_worm.hp_thomas_dill2.k19.lctrue.regions.parquet,Q14953,Q03564
human_vs_worm.hp_thomas_dill2.k19.lctrue.regions.parquet,Q14954,Q18905
human_vs_worm.hp_thomas_dill2.k19.lctrue.regions.parquet,Q14993,P52166
human_vs_worm.hp_thomas_dill2.k19.lctrue.regions.parquet,Q14993,Q93971
human_vs_worm.hp_thomas_dill2.k19.lctrue.regions.parquet,Q14993,Q9N3P1
human_vs_worm.hp_thomas_dill2.k19.lctrue.regions.parquet,Q149N8,O02482
human_vs_worm.hp_thomas_dill2.k19.lctrue.regions.parquet,Q149N8,Q9N4C2
human_vs_worm.hp_thomas_dill2.k19.lctrue.regions.parquet,Q15109,Q9BLB6
human_vs_worm.hp_thomas_dill2.k19.lctrue.regions.parquet,Q15544,P90820
human_vs_worm.hp_thomas_dill2.k19.lctrue.regions.parquet,Q15651,P34580
human_vs_worm.hp_thomas_dill2.k19.lctrue.regions.parquet,Q15776,Q09455
human_vs_worm.hp_thomas_dill2.k19.lctrue.regions.parquet,Q16626,P34683
human_vs_worm.hp_thomas_dill2.k19.lctrue.regions.parquet,Q16626,Q06561
human_vs_worm.hp_thomas_dill2.k19.lctrue.regions.parquet,Q16670,O76368
human_vs_worm.hp_thomas_dill2.k19.lctrue.regions.parquet,Q16670,Q09392
human_vs_worm.hp_thomas_dill2.k19.lctrue.regions.parquet,Q4VX76,Q22829
human_vs_worm.hp_thomas_dill2.k19.lctrue.regions.parquet,Q4ZHG4,G5EC32
human_vs_worm.hp_thomas_dill2.k19.lctrue.regions.parquet,Q4ZHG4,O02151
human_vs_worm.hp_thomas_dill2.k19.lctrue.regions.parquet,Q4ZHG4,Q9N5D6
human_vs_worm.hp_thomas_dill2.k19.lctrue.regions.parquet,Q5JTD0,P52652
human_vs_worm.hp_thomas_dill2.k19.lctrue.regions.parquet,Q5JTD0,Q10574
human_vs_worm.hp_thomas_dill2.k19.lctrue.regions.parquet,Q5JVL4,Q10902
human_vs_worm.hp_thomas_dill2.k19.lctrue.regions.parquet,Q5JXM2,G5EGA3
human_vs_worm.hp_thomas_dill2.k19.lctrue.regions.parquet,Q5M9Q1,G5EG17
human_vs_worm.hp_thomas_dill2.k19.lctrue.regions.parquet,Q5SQI0,Q18007
human_vs_worm.hp_thomas_dill2.k19.lctrue.regions.parquet,Q5SQI0,Q9N3X8
human_vs_worm.hp_thomas_dill2.k19.lctrue.regions.parquet,Q5SSQ6,P90761
human_vs_worm.hp_thomas_dill2.k19.lctrue.regions.parquet,Q5SW24,P20154
human_vs_worm.hp_thomas_dill2.k19.lctrue.regions.parquet,Q5SW24,Q5H9N3
human_vs_worm.hp_thomas_dill2.k19.lctrue.regions.parquet,Q5SZL2,P41877
human_vs_worm.hp_thomas_dill2.k19.lctrue.regions.parquet,Q5SZL2,Q20970
human_vs_worm.hp_thomas_dill2.k19.lctrue.regions.parquet,Q5T0W9,P81299
human_vs_worm.hp_thomas_dill2.k19.lctrue.regions.parquet,Q5T0W9,Q09EF7
human_vs_worm.hp_thomas_dill2.k19.lctrue.regions.parquet,Q5T1Q4,P34335
human_vs_worm.hp_thomas_dill2.k19.lctrue.regions.parquet,Q5T3U5,Q10902
human_vs_worm.hp_thomas_dill2.k19.lctrue.regions.parquet,Q5T5C0,P34476
human_vs_worm.hp_thomas_dill2.k19.lctrue.regions.parquet,Q5T5C0,Q09585
human_vs_worm.hp_thomas_dill2.k19.lctrue.regions.parquet,Q5T5C0,Q22717
human_vs_worm.hp_thomas_dill2.k19.lctrue.regions.parquet,Q5T5C0,Q9XX14
human_vs_worm.hp_thomas_dill2.k19.lctrue.regions.parquet,Q5TAB7,Q8MLZ5
human_vs_worm.hp_thomas_dill2.k19.lctrue.regions.parquet,Q5TB80,C0HKD6
human_vs_worm.hp_thomas_dill2.k19.lctrue.regions.parquet,Q5TB80,O02626
human_vs_worm.hp_thomas_dill2.k19.lctrue.regions.parquet,Q5TCS8,P34646
human_vs_worm.hp_thomas_dill2.k19.lctrue.regions.parquet,Q5TCS8,P34653
human_vs_worm.hp_thomas_dill2.k19.lctrue.regions.parquet,Q5TCS8,Q09274
human_vs_worm.hp_thomas_dill2.k19.lctrue.regions.parquet,Q5TCS8,Q93796
human_vs_worm.hp_thomas_dill2.k19.lctrue.regions.parquet,Q5TCY1,Q10651
human_vs_worm.hp_thomas_dill2.k19.lctrue.regions.parquet,Q5TD94,G5EBQ8
human_vs_worm.hp_thomas_dill2.k19.lctrue.regions.parquet,Q5TD94,Q9U1R1
human_vs_worm.hp_thomas_dill2.k19.lctrue.regions.parquet,Q5TFE4,P34298
human_vs_worm.hp_thomas_dill2.k19.lctrue.regions.parquet,Q5TH69,P48152
human_vs_worm.hp_thomas_dill2.k19.lctrue.regions.parquet,Q5TH69,Q19951
human_vs_worm.hp_thomas_dill2.k19.lctrue.regions.parquet,Q5TH69,Q20144
human_vs_worm.hp_thomas_dill2.k19.lctrue.regions.parquet,Q5TH69,Q23541
human_vs_worm.hp_thomas_dill2.k19.lctrue.regions.parquet,Q5TH69,Q95QD7
human_vs_worm.hp_thomas_dill2.k19.lctrue.regions.parquet,Q5TH69,Q9NL29
human_vs_worm.hp_thomas_dill2.k19.lctrue.regions.parquet,Q5TH69,U4PAZ9
human_vs_worm.hp_thomas_dill2.k19.lctrue.regions.parquet,Q5VUA4,O45824
human_vs_worm.hp_thomas_dill2.k19.lctrue.regions.parquet,Q5VUA4,P12114
human_vs_worm.hp_thomas_dill2.k19.lctrue.regions.parquet,Q5VUA4,P18834
human_vs_worm.hp_thomas_dill2.k19.lctrue.regions.parquet,Q5VUA4,P34335
human_vs_worm.hp_thomas_dill2.k19.lctrue.regions.parquet,Q5VUA4,P34396
human_vs_worm.hp_thomas_dill2.k19.lctrue.regions.parquet,Q5VUA4,P34631
human_vs_worm.hp_thomas_dill2.k19.lctrue.regions.parquet,Q5VUA4,P46582
human_vs_worm.hp_thomas_dill2.k19.lctrue.regions.parquet,Q5VUA4,P91318
human_vs_worm.hp_thomas_dill2.k19.lctrue.regions.parquet,Q5VUA4,Q22549
human_vs_worm.hp_thomas_dill2.k19.lctrue.regions.parquet,Q5VUA4,Q9XTY6
human_vs_worm.hp_thomas_dill2.k19.lctrue.regions.parquet,Q5VUM1,Q09568
human_vs_worm.hp_thomas_dill2.k19.lctrue.regions.parquet,Q5VWX1,G5EDJ4
human_vs_worm.hp_thomas_dill2.k19.lctrue.regions.parquet,Q5VZK9,Q18090
human_vs_worm.hp_thomas_dill2.k19.lctrue.regions.parquet,Q5VZK9,Q8MLZ5
human_vs_worm.hp_thomas_dill2.k19.lctrue.regions.parquet,Q6IEG0,Q94407
human_vs_worm.hp_thomas_dill2.k19.lctrue.regions.parquet,Q6ISU1,Q9XTG1
human_vs_worm.hp_thomas_dill2.k19.lctrue.regions.parquet,Q6NT16,Q09655
human_vs_worm.hp_thomas_dill2.k19.lctrue.regions.parquet,Q6PI73,G5EC32
human_vs_worm.hp_thomas_dill2.k19.lctrue.regions.parquet,Q6PI73,Q21920
human_vs_worm.hp_thomas_dill2.k19.lctrue.regions.parquet,Q6Q6R5,O62090
human_vs_worm.hp_thomas_dill2.k19.lctrue.regions.parquet,Q6UB35,Q18955
human_vs_worm.hp_thomas_dill2.k19.lctrue.regions.parquet,Q6ZMV9,Q22472
human_vs_worm.hp_thomas_dill2.k19.lctrue.regions.parquet,Q6ZN17,O44757
human_vs_worm.hp_thomas_dill2.k19.lctrue.regions.parquet,Q6ZN17,O62259
human_vs_worm.hp_thomas_dill2.k19.lctrue.regions.parquet,Q6ZN17,Q9NL29
human_vs_worm.hp_thomas_dill2.k19.lctrue.regions.parquet,Q6ZU52,G5EED4
human_vs_worm.hp_thomas_dill2.k19.lctrue.regions.parquet,Q6ZU52,P56407
human_vs_worm.hp_thomas_dill2.k19.lctrue.regions.parquet,Q6ZU52,Q6BEV5
human_vs_worm.hp_thomas_dill2.k19.lctrue.regions.parquet,Q70CQ1,G5ECH5
human_vs_worm.hp_thomas_dill2.k19.lctrue.regions.parquet,Q70CQ1,Q23544
human_vs_worm.hp_thomas_dill2.k19.lctrue.regions.parquet,Q70EL2,P41954
human_vs_worm.hp_thomas_dill2.k19.lctrue.regions.parquet,Q70EL2,Q17348
human_vs_worm.hp_thomas_dill2.k19.lctrue.regions.parquet,Q70EL2,Q23192
human_vs_worm.hp_thomas_dill2.k19.lctrue.regions.parquet,Q7RTU3,Q10654
human_vs_worm.hp_thomas_dill2.k19.lctrue.regions.parquet,Q7Z6J4,Q23157
human_vs_worm.hp_thomas_dill2.k19.lctrue.regions.parquet,Q7Z6P3,G5EET6
human_vs_worm.hp_thomas_dill2.k19.lctrue.regions.parquet,Q7Z6P3,O45599
human_vs_worm.hp_thomas_dill2.k19.lctrue.regions.parquet,Q7Z6P3,P32744
human_vs_worm.hp_thomas_dill2.k19.lctrue.regions.parquet,Q7Z7B0,P48996
human_vs_worm.hp_thomas_dill2.k19.lctrue.regions.parquet,Q7Z7B0,P55114
human_vs_worm.hp_thomas_dill2.k19.lctrue.regions.parquet,Q7Z7B0,P90820
human_vs_worm.hp_thomas_dill2.k19.lctrue.regions.parquet,Q7Z7C8,P51485
human_vs_worm.hp_thomas_dill2.k19.lctrue.regions.parquet,Q7Z7C8,Q17569
human_vs_worm.hp_thomas_dill2.k19.lctrue.regions.parquet,Q86SQ4,Q93712
human_vs_worm.hp_thomas_dill2.k19.lctrue.regions.parquet,Q86T65,Q09240
human_vs_worm.hp_thomas_dill2.k19.lctrue.regions.parquet,Q86UC2,G5EBN9
human_vs_worm.hp_thomas_dill2.k19.lctrue.regions.parquet,Q86UC2,Q18680
human_vs_worm.hp_thomas_dill2.k19.lctrue.regions.parquet,Q86UC2,Q18694
human_vs_worm.hp_thomas_dill2.k19.lctrue.regions.parquet,Q86UC2,Q22307
human_vs_worm.hp_thomas_dill2.k19.lctrue.regions.parquet,Q86UR5,O17622
human_vs_worm.hp_thomas_dill2.k19.lctrue.regions.parquet,Q86UR5,O18209
human_vs_worm.hp_thomas_dill2.k19.lctrue.regions.parquet,Q86UR5,P30634
human_vs_worm.hp_thomas_dill2.k19.lctrue.regions.parquet,Q86UR5,P45970
human_vs_worm.hp_thomas_dill2.k19.lctrue.regions.parquet,Q86UR5,Q19272
human_vs_worm.hp_thomas_dill2.k19.lctrue.regions.parquet,Q86VW1,Q19469
human_vs_worm.hp_thomas_dill2.k19.lctrue.regions.parquet,Q8HWS3,Q9NEU2
human_vs_worm.hp_thomas_dill2.k19.lctrue.regions.parquet,Q8IV45,H2L008
human_vs_worm.hp_thomas_dill2.k19.lctrue.regions.parquet,Q8IVH2,A6ZJ71
human_vs_worm.hp_thomas_dill2.k19.lctrue.regions.parquet,Q8IVH2,O45599
human_vs_worm.hp_thomas_dill2.k19.lctrue.regions.parquet,Q8IVH2,Q09221
human_vs_worm.hp_thomas_dill2.k19.lctrue.regions.parquet,Q8IVH2,Q8MQ70
human_vs_worm.hp_thomas_dill2.k19.lctrue.regions.parquet,Q8IWP9,Q22002
human_vs_worm.hp_thomas_dill2.k19.lctrue.regions.parquet,Q8IWV8,P34529
human_vs_worm.hp_thomas_dill2.k19.lctrue.regions.parquet,Q8IWV8,Q23495
human_vs_worm.hp_thomas_dill2.k19.lctrue.regions.parquet,Q8IZF2,Q95Y82
human_vs_worm.hp_thomas_dill2.k19.lctrue.regions.parquet,Q8IZS6,P34342
human_vs_worm.hp_thomas_dill2.k19.lctrue.regions.parquet,Q8N109,Q94402
human_vs_worm.hp_thomas_dill2.k19.lctrue.regions.parquet,Q8N157,O44616
human_vs_worm.hp_thomas_dill2.k19.lctrue.regions.parquet,Q8N157,P34550
human_vs_worm.hp_thomas_dill2.k19.lctrue.regions.parquet,Q8N157,Q20228
human_vs_worm.hp_thomas_dill2.k19.lctrue.regions.parquet,Q8N1K5,Q8IAA9
human_vs_worm.hp_thomas_dill2.k19.lctrue.regions.parquet,Q8N3L3,Q5DX34
human_vs_worm.hp_thomas_dill2.k19.lctrue.regions.parquet,Q8N3Z0,G4SDH4
human_vs_worm.hp_thomas_dill2.k19.lctrue.regions.parquet,Q8N4B5,P12844
human_vs_worm.hp_thomas_dill2.k19.lctrue.regions.parquet,Q8N680,O02279
human_vs_worm.hp_thomas_dill2.k19.lctrue.regions.parquet,Q8N878,Q8IG39
human_vs_worm.hp_thomas_dill2.k19.lctrue.regions.parquet,Q8N878,Q9TXI0
human_vs_worm.hp_thomas_dill2.k19.lctrue.regions.parquet,Q8N878,Q9U308
human_vs_worm.hp_thomas_dill2.k19.lctrue.regions.parquet,Q8NB25,Q10660
human_vs_worm.hp_thomas_dill2.k19.lctrue.regions.parquet,Q8NC56,P34258
human_vs_worm.hp_thomas_dill2.k19.lctrue.regions.parquet,Q8NC56,P34501
human_vs_worm.hp_thomas_dill2.k19.lctrue.regions.parquet,Q8NC56,Q10580
human_vs_worm.hp_thomas_dill2.k19.lctrue.regions.parquet,Q8NE79,O16216
human_vs_worm.hp_thomas_dill2.k19.lctrue.regions.parquet,Q8NF91,P20630
human_vs_worm.hp_thomas_dill2.k19.lctrue.regions.parquet,Q8NF91,Q11083
human_vs_worm.hp_thomas_dill2.k19.lctrue.regions.parquet,Q8NF91,Q23541
human_vs_worm.hp_thomas_dill2.k19.lctrue.regions.parquet,Q8NFD5,P34619
human_vs_worm.hp_thomas_dill2.k19.lctrue.regions.parquet,Q8NFD5,Q27395
human_vs_worm.hp_thomas_dill2.k19.lctrue.regions.parquet,Q8NFD5,Q94177
human_vs_worm.hp_thomas_dill2.k19.lctrue.regions.parquet,Q8NHJ6,Q8I113
human_vs_worm.hp_thomas_dill2.k19.lctrue.regions.parquet,Q8NHL6,H2KYH3
human_vs_worm.hp_thomas_dill2.k19.lctrue.regions.parquet,Q8NHL6,P34681
human_vs_worm.hp_thomas_dill2.k19.lctrue.regions.parquet,Q8TB52,Q21653
human_vs_worm.hp_thomas_dill2.k19.lctrue.regions.parquet,Q8TB52,Q7YSI9
human_vs_worm.hp_thomas_dill2.k19.lctrue.regions.parquet,Q8TC20,P46582
human_vs_worm.hp_thomas_dill2.k19.lctrue.regions.parquet,Q8TC41,Q9U3F4
human_vs_worm.hp_thomas_dill2.k19.lctrue.regions.parquet,Q8TD31,G5EGQ5
human_vs_worm.hp_thomas_dill2.k19.lctrue.regions.parquet,Q8TDH9,Q9UAY4
human_vs_worm.hp_thomas_dill2.k19.lctrue.regions.parquet,Q8WUA2,B2D6P4
human_vs_worm.hp_thomas_dill2.k19.lctrue.regions.parquet,Q8WUA2,O45824
human_vs_worm.hp_thomas_dill2.k19.lctrue.regions.parquet,Q8WUA2,P34624
human_vs_worm.hp_thomas_dill2.k19.lctrue.regions.parquet,Q8WUB8,Q22002
human_vs_worm.hp_thomas_dill2.k19.lctrue.regions.parquet,Q8WUB8,Q8T3B9
human_vs_worm.hp_thomas_dill2.k19.lctrue.regions.parquet,Q8WUB8,Q8TA83
human_vs_worm.hp_thomas_dill2.k19.lctrue.regions.parquet,Q8WWN9,C0HKD6
human_vs_worm.hp_thomas_dill2.k19.lctrue.regions.parquet,Q8WWN9,G5EDE9
human_vs_worm.hp_thomas_dill2.k19.lctrue.regions.parquet,Q8WWN9,H2KYS8
human_vs_worm.hp_thomas_dill2.k19.lctrue.regions.parquet,Q8WWN9,P30642
human_vs_worm.hp_thomas_dill2.k19.lctrue.regions.parquet,Q8WWU5,Q21920
human_vs_worm.hp_thomas_dill2.k19.lctrue.regions.parquet,Q8WWU5,Q22289
human_vs_worm.hp_thomas_dill2.k19.lctrue.regions.parquet,Q92504,O02164
human_vs_worm.hp_thomas_dill2.k19.lctrue.regions.parquet,Q92504,P08124
human_vs_worm.hp_thomas_dill2.k19.lctrue.regions.parquet,Q92562,G5ECQ2
human_vs_worm.hp_thomas_dill2.k19.lctrue.regions.parquet,Q92766,G5EGK6
human_vs_worm.hp_thomas_dill2.k19.lctrue.regions.parquet,Q92766,H2KZZ2
human_vs_worm.hp_thomas_dill2.k19.lctrue.regions.parquet,Q92766,P91351
human_vs_worm.hp_thomas_dill2.k19.lctrue.regions.parquet,Q92766,Q09291
human_vs_worm.hp_thomas_dill2.k19.lctrue.regions.parquet,Q92766,Q4JFH9
human_vs_worm.hp_thomas_dill2.k19.lctrue.regions.parquet,Q92766,Q9N5N8
human_vs_worm.hp_thomas_dill2.k19.lctrue.regions.parquet,Q92766,Q9XUS7
human_vs_worm.hp_thomas_dill2.k19.lctrue.regions.parquet,Q92833,Q23541
human_vs_worm.hp_thomas_dill2.k19.lctrue.regions.parquet,Q92833,Q95ZQ4
human_vs_worm.hp_thomas_dill2.k19.lctrue.regions.parquet,Q969J2,Q93227
human_vs_worm.hp_thomas_dill2.k19.lctrue.regions.parquet,Q96AP4,Q23497
human_vs_worm.hp_thomas_dill2.k19.lctrue.regions.parquet,Q96AP4,Q27365
human_vs_worm.hp_thomas_dill2.k19.lctrue.regions.parquet,Q96C00,G5ECC7
human_vs_worm.hp_thomas_dill2.k19.lctrue.regions.parquet,Q96D71,P34398
human_vs_worm.hp_thomas_dill2.k19.lctrue.regions.parquet,Q96D71,Q9XXM8
human_vs_worm.hp_thomas_dill2.k19.lctrue.regions.parquet,Q96EV8,P34447
human_vs_worm.hp_thomas_dill2.k19.lctrue.regions.parquet,Q96JM7,O45599
human_vs_worm.hp_thomas_dill2.k19.lctrue.regions.parquet,Q96JM7,X5M5N0
human_vs_worm.hp_thomas_dill2.k19.lctrue.regions.parquet,Q96KF7,G5EGK6
human_vs_worm.hp_thomas_dill2.k19.lctrue.regions.parquet,Q96KQ7,Q8WTJ4
human_vs_worm.hp_thomas_dill2.k19.lctrue.regions.parquet,Q96KW2,H2L008
human_vs_worm.hp_thomas_dill2.k19.lctrue.regions.parquet,Q96KW2,H2L0N3
human_vs_worm.hp_thomas_dill2.k19.lctrue.regions.parquet,Q96KW2,P55216
human_vs_worm.hp_thomas_dill2.k19.lctrue.regions.parquet,Q96KW2,Q09531
human_vs_worm.hp_thomas_dill2.k19.lctrue.regions.parquet,Q96NH3,G5EBU3
human_vs_worm.hp_thomas_dill2.k19.lctrue.regions.parquet,Q96P44,P18948
human_vs_worm.hp_thomas_dill2.k19.lctrue.regions.parquet,Q96PC2,G5ECH5
human_vs_worm.hp_thomas_dill2.k19.lctrue.regions.parquet,Q96PQ5,G5EGC9
human_vs_worm.hp_thomas_dill2.k19.lctrue.regions.parquet,Q96PQ5,Q03606
human_vs_worm.hp_thomas_dill2.k19.lctrue.regions.parquet,Q96PQ5,Q20937
human_vs_worm.hp_thomas_dill2.k19.lctrue.regions.parquet,Q96PQ5,Q21691
human_vs_worm.hp_thomas_dill2.k19.lctrue.regions.parquet,Q96QV6,Q7JNM3
human_vs_worm.hp_thomas_dill2.k19.lctrue.regions.parquet,Q96S59,G5EBU4
human_vs_worm.hp_thomas_dill2.k19.lctrue.regions.parquet,Q96T54,O18141
human_vs_worm.hp_thomas_dill2.k19.lctrue.regions.parquet,Q99459,G5EGS5
human_vs_worm.hp_thomas_dill2.k19.lctrue.regions.parquet,Q99459,O16686
human_vs_worm.hp_thomas_dill2.k19.lctrue.regions.parquet,Q99459,P17656
human_vs_worm.hp_thomas_dill2.k19.lctrue.regions.parquet,Q99683,P30647
human_vs_worm.hp_thomas_dill2.k19.lctrue.regions.parquet,Q99706,O44628
human_vs_worm.hp_thomas_dill2.k19.lctrue.regions.parquet,Q99715,P32744
human_vs_worm.hp_thomas_dill2.k19.lctrue.regions.parquet,Q99715,Q09455
human_vs_worm.hp_thomas_dill2.k19.lctrue.regions.parquet,Q99715,Q17569
human_vs_worm.hp_thomas_dill2.k19.lctrue.regions.parquet,Q99715,Q18905
human_vs_worm.hp_thomas_dill2.k19.lctrue.regions.parquet,Q99715,Q19404
human_vs_worm.hp_thomas_dill2.k19.lctrue.regions.parquet,Q99750,Q20937
human_vs_worm.hp_thomas_dill2.k19.lctrue.regions.parquet,Q99750,Q9TYN3
human_vs_worm.hp_thomas_dill2.k19.lctrue.regions.parquet,Q99808,P46582
human_vs_worm.hp_thomas_dill2.k19.lctrue.regions.parquet,Q99941,G5EDR3
human_vs_worm.hp_thomas_dill2.k19.lctrue.regions.parquet,Q99941,O44169
human_vs_worm.hp_thomas_dill2.k19.lctrue.regions.parquet,Q99941,P48458
human_vs_worm.hp_thomas_dill2.k19.lctrue.regions.parquet,Q99941,Q10043
human_vs_worm.hp_thomas_dill2.k19.lctrue.regions.parquet,Q99941,Q17551
human_vs_worm.hp_thomas_dill2.k19.lctrue.regions.parquet,Q99942,Q21534
human_vs_worm.hp_thomas_dill2.k19.lctrue.regions.parquet,Q99967,Q10127
human_vs_worm.hp_thomas_dill2.k19.lctrue.regions.parquet,Q9BRR0,O61707
human_vs_worm.hp_thomas_dill2.k19.lctrue.regions.parquet,Q9BRS2,A0A061ACU2
human_vs_worm.hp_thomas_dill2.k19.lctrue.regions.parquet,Q9BRS2,O01763
human_vs_worm.hp_thomas_dill2.k19.lctrue.regions.parquet,Q9BRS2,Q8I4N3
human_vs_worm.hp_thomas_dill2.k19.lctrue.regions.parquet,Q9BT09,Q95YD4
human_vs_worm.hp_thomas_dill2.k19.lctrue.regions.parquet,Q9BW19,O01991
human_vs_worm.hp_thomas_dill2.k19.lctrue.regions.parquet,Q9BW19,O62305
human_vs_worm.hp_thomas_dill2.k19.lctrue.regions.parquet,Q9BW19,Q27433
human_vs_worm.hp_thomas_dill2.k19.lctrue.regions.parquet,Q9BWV7,O45818
human_vs_worm.hp_thomas_dill2.k19.lctrue.regions.parquet,Q9BWV7,P19826
human_vs_worm.hp_thomas_dill2.k19.lctrue.regions.parquet,Q9BXY4,P34675
human_vs_worm.hp_thomas_dill2.k19.lctrue.regions.parquet,Q9BYV9,P54812
human_vs_worm.hp_thomas_dill2.k19.lctrue.regions.parquet,Q9BYV9,Q09228
human_vs_worm.hp_thomas_dill2.k19.lctrue.regions.parquet,Q9BYV9,Q22070
human_vs_worm.hp_thomas_dill2.k19.lctrue.regions.parquet,Q9BYV9,Q94071
human_vs_worm.hp_thomas_dill2.k19.lctrue.regions.parquet,Q9BYV9,Q9U297
human_vs_worm.hp_thomas_dill2.k19.lctrue.regions.parquet,Q9BZY9,Q86ME6
human_vs_worm.hp_thomas_dill2.k19.lctrue.regions.parquet,Q9C009,P49595
human_vs_worm.hp_thomas_dill2.k19.lctrue.regions.parquet,Q9C009,Q19013
human_vs_worm.hp_thomas_dill2.k19.lctrue.regions.parquet,Q9C009,Q22707
human_vs_worm.hp_thomas_dill2.k19.lctrue.regions.parquet,Q9C010,Q9N5M6
human_vs_worm.hp_thomas_dill2.k19.lctrue.regions.parquet,Q9C0D0,Q23023
human_vs_worm.hp_thomas_dill2.k19.lctrue.regions.parquet,Q9C0D0,Q23229
human_vs_worm.hp_thomas_dill2.k19.lctrue.regions.parquet,Q9C0D0,Q93442
human_vs_worm.hp_thomas_dill2.k19.lctrue.regions.parquet,Q9GZM5,P02567
human_vs_worm.hp_thomas_dill2.k19.lctrue.regions.parquet,Q9GZR5,P53585
human_vs_worm.hp_thomas_dill2.k19.lctrue.regions.parquet,Q9H0U9,Q09527
human_vs_worm.hp_thomas_dill2.k19.lctrue.regions.parquet,Q9H1H9,G5EGA3
human_vs_worm.hp_thomas_dill2.k19.lctrue.regions.parquet,Q9H1H9,P55114
human_vs_worm.hp_thomas_dill2.k19.lctrue.regions.parquet,Q9H1H9,Q06561
human_vs_worm.hp_thomas_dill2.k19.lctrue.regions.parquet,Q9H1H9,Q23579
human_vs_worm.hp_thomas_dill2.k19.lctrue.regions.parquet,Q9H4E7,Q9U2R6
human_vs_worm.hp_thomas_dill2.k19.lctrue.regions.parquet,Q9H4Q3,O45818
human_vs_worm.hp_thomas_dill2.k19.lctrue.regions.parquet,Q9H4Q3,P54412
human_vs_worm.hp_thomas_dill2.k19.lctrue.regions.parquet,Q9H4Q3,Q867X0
human_vs_worm.hp_thomas_dill2.k19.lctrue.regions.parquet,Q9H4Q3,Q9NA56
human_vs_worm.hp_thomas_dill2.k19.lctrue.regions.parquet,Q9H4T2,O44743
human_vs_worm.hp_thomas_dill2.k19.lctrue.regions.parquet,Q9H4T2,Q9NA56
human_vs_worm.hp_thomas_dill2.k19.lctrue.regions.parquet,Q9H633,O45599
human_vs_worm.hp_thomas_dill2.k19.lctrue.regions.parquet,Q9H6K1,P91443
human_vs_worm.hp_thomas_dill2.k19.lctrue.regions.parquet,Q9H7B2,Q18066
human_vs_worm.hp_thomas_dill2.k19.lctrue.regions.parquet,Q9HB96,Q9XW88
human_vs_worm.hp_thomas_dill2.k19.lctrue.regions.parquet,Q9HCH3,Q20257
human_vs_worm.hp_thomas_dill2.k19.lctrue.regions.parquet,Q9NP56,Q10127
human_vs_worm.hp_thomas_dill2.k19.lctrue.regions.parquet,Q9NP62,Q9GYI0
human_vs_worm.hp_thomas_dill2.k19.lctrue.regions.parquet,Q9NRJ4,A8WHT1
human_vs_worm.hp_thomas_dill2.k19.lctrue.regions.parquet,Q9NRJ4,P34619
human_vs_worm.hp_thomas_dill2.k19.lctrue.regions.parquet,Q9NRJ4,P41877
human_vs_worm.hp_thomas_dill2.k19.lctrue.regions.parquet,Q9NRJ4,Q21361
human_vs_worm.hp_thomas_dill2.k19.lctrue.regions.parquet,Q9NWT1,Q18299
human_vs_worm.hp_thomas_dill2.k19.lctrue.regions.parquet,Q9NXL9,O01479
human_vs_worm.hp_thomas_dill2.k19.lctrue.regions.parquet,Q9NXL9,O02151
human_vs_worm.hp_thomas_dill2.k19.lctrue.regions.parquet,Q9NXL9,Q93352
human_vs_worm.hp_thomas_dill2.k19.lctrue.regions.parquet,Q9NXL9,Q9U2G0
human_vs_worm.hp_thomas_dill2.k19.lctrue.regions.parquet,Q9NXL9,W6RTA4
human_vs_worm.hp_thomas_dill2.k19.lctrue.regions.parquet,Q9NXZ2,Q9TZM3
human_vs_worm.hp_thomas_dill2.k19.lctrue.regions.parquet,Q9UBC1,Q21017
human_vs_worm.hp_thomas_dill2.k19.lctrue.regions.parquet,Q9UBC1,Q9XXM8
human_vs_worm.hp_thomas_dill2.k19.lctrue.regions.parquet,Q9UBU6,Q20689
human_vs_worm.hp_thomas_dill2.k19.lctrue.regions.parquet,Q9UGC6,P34664
human_vs_worm.hp_thomas_dill2.k19.lctrue.regions.parquet,Q9UGP8,Q9NLA1
human_vs_worm.hp_thomas_dill2.k19.lctrue.regions.parquet,Q9UIL4,G5EG17
human_vs_worm.hp_thomas_dill2.k19.lctrue.regions.parquet,Q9UJ04,P48996
human_vs_worm.hp_thomas_dill2.k19.lctrue.regions.parquet,Q9UJN7,P34335
human_vs_worm.hp_thomas_dill2.k19.lctrue.regions.parquet,Q9UJN7,Q19863
human_vs_worm.hp_thomas_dill2.k19.lctrue.regions.parquet,Q9UK97,Q18086
human_vs_worm.hp_thomas_dill2.k19.lctrue.regions.parquet,Q9UKL3,P34402
human_vs_worm.hp_thomas_dill2.k19.lctrue.regions.parquet,Q9UKL3,P34633
human_vs_worm.hp_thomas_dill2.k19.lctrue.regions.parquet,Q9UKL3,P52821
human_vs_worm.hp_thomas_dill2.k19.lctrue.regions.parquet,Q9UKL3,Q09299
human_vs_worm.hp_thomas_dill2.k19.lctrue.regions.parquet,Q9UKT4,P41996
human_vs_worm.hp_thomas_dill2.k19.lctrue.regions.parquet,Q9ULC3,P53585
human_vs_worm.hp_thomas_dill2.k19.lctrue.regions.parquet,Q9ULD4,A0A0K3AUE4
human_vs_worm.hp_thomas_dill2.k19.lctrue.regions.parquet,Q9ULD4,O02164
human_vs_worm.hp_thomas_dill2.k19.lctrue.regions.parquet,Q9ULD4,Q03609
human_vs_worm.hp_thomas_dill2.k19.lctrue.regions.parquet,Q9ULD4,Q94407
human_vs_worm.hp_thomas_dill2.k19.lctrue.regions.parquet,Q9ULH4,G5EBU4
human_vs_worm.hp_thomas_dill2.k19.lctrue.regions.parquet,Q9ULH4,H2L008
human_vs_worm.hp_thomas_dill2.k19.lctrue.regions.parquet,Q9ULH4,Q20970
human_vs_worm.hp_thomas_dill2.k19.lctrue.regions.parquet,Q9ULH4,Q94398
human_vs_worm.hp_thomas_dill2.k19.lctrue.regions.parquet,Q9ULL1,G5ECY0
human_vs_worm.hp_thomas_dill2.k19.lctrue.regions.parquet,Q9ULL1,Q21578
human_vs_worm.hp_thomas_dill2.k19.lctrue.regions.parquet,Q9ULL1,Q21751
human_vs_worm.hp_thomas_dill2.k19.lctrue.regions.parquet,Q9ULL1,Q22505
human_vs_worm.hp_thomas_dill2.k19.lctrue.regions.parquet,Q9ULL1,Q27355
human_vs_worm.hp_thomas_dill2.k19.lctrue.regions.parquet,Q9ULL1,Q9XTY6
human_vs_worm.hp_thomas_dill2.k19.lctrue.regions.parquet,Q9UM54,O01258
human_vs_worm.hp_thomas_dill2.k19.lctrue.regions.parquet,Q9UM63,Q19825
human_vs_worm.hp_thomas_dill2.k19.lctrue.regions.parquet,Q9UMQ6,A8WFJ9
human_vs_worm.hp_thomas_dill2.k19.lctrue.regions.parquet,Q9UPN6,Q09475
human_vs_worm.hp_thomas_dill2.k19.lctrue.regions.parquet,Q9UPN6,Q10925
human_vs_worm.hp_thomas_dill2.k19.lctrue.regions.parquet,Q9UPN6,Q6BEV5
human_vs_worm.hp_thomas_dill2.k19.lctrue.regions.parquet,Q9UPN6,Q9GYI4
human_vs_worm.hp_thomas_dill2.k19.lctrue.regions.parquet,Q9Y233,Q20798
human_vs_worm.hp_thomas_dill2.k19.lctrue.regions.parquet,Q9Y2C2,Q27536
human_vs_worm.hp_thomas_dill2.k19.lctrue.regions.parquet,Q9Y330,Q23670
human_vs_worm.hp_thomas_dill2.k19.lctrue.regions.parquet,Q9Y4F9,G5EFD5
human_vs_worm.hp_thomas_dill2.k19.lctrue.regions.parquet,Q9Y4F9,O76368
human_vs_worm.hp_thomas_dill2.k19.lctrue.regions.parquet,Q9Y4F9,Q8WQL7
human_vs_worm.hp_thomas_dill2.k19.lctrue.regions.parquet,Q9Y4K1,O17679
human_vs_worm.hp_thomas_dill2.k19.lctrue.regions.parquet,Q9Y4K1,P34476
human_vs_worm.hp_thomas_dill2.k19.lctrue.regions.parquet,Q9Y4K1,Q22744
human_vs_worm.hp_thomas_dill2.k19.lctrue.regions.parquet,Q9Y5K6,O01738
human_vs_worm.hp_thomas_dill2.k19.lctrue.regions.parquet,Q9Y5K6,Q09458
human_vs_worm.hp_thomas_dill2.k19.lctrue.regions.parquet,Q9Y603,P45962
human_vs_worm.hp_thomas_dill2.k19.lctrue.regions.parquet,Q9Y694,Q8I4N4
human_vs_worm.hp_thomas_dill2.k19.lctrue.regions.parquet,Q9Y6R4,O45599
human_vs_worm.hp_thomas_dill2.k19.lctrue.regions.parquet,Q9Y6R4,P18334
human_vs_worm.hp_thomas_dill2.k19.lctrue.regions.parquet,Q9Y6R4,Q22472
human_vs_worm.hp_thomas_dill2.k19.lctrue.regions.parquet,Q9Y6R4,Q7K6X4
human_vs_worm.hp_thomas_dill_no_c2.k19.lctrue.regions.parquet,O00548,Q20911
human_vs_worm.hp_thomas_dill_no_c2.k19.lctrue.regions.parquet,O00548,Q95Q39
human_vs_worm.hp_thomas_dill_no_c2.k19.lctrue.regions.parquet,O00548,Q9XWD6
human_vs_worm.hp_thomas_dill_no_c2.k19.lctrue.regions.parquet,O00635,Q21209
human_vs_worm.hp_thomas_dill_no_c2.k19.lctrue.regions.parquet,O14638,Q19267
human_vs_worm.hp_thomas_dill_no_c2.k19.lctrue.regions.parquet,O15205,G5EFX6
human_vs_worm.hp_thomas_dill_no_c2.k19.lctrue.regions.parquet,O15209,Q22024
human_vs_worm.hp_thomas_dill_no_c2.k19.lctrue.regions.parquet,O15535,Q10938
human_vs_worm.hp_thomas_dill_no_c2.k19.lctrue.regions.parquet,O43167,G5EFF4
human_vs_worm.hp_thomas_dill_no_c2.k19.lctrue.regions.parquet,O43167,Q10127
human_vs_worm.hp_thomas_dill_no_c2.k19.lctrue.regions.parquet,O43309,A0A5E4M3Q4
human_vs_worm.hp_thomas_dill_no_c2.k19.lctrue.regions.parquet,O43309,Q9XV46
human_vs_worm.hp_thomas_dill_no_c2.k19.lctrue.regions.parquet,O60242,G5ECS8
human_vs_worm.hp_thomas_dill_no_c2.k19.lctrue.regions.parquet,O60242,P41990
human_vs_worm.hp_thomas_dill_no_c2.k19.lctrue.regions.parquet,O60281,O45436
human_vs_worm.hp_thomas_dill_no_c2.k19.lctrue.regions.parquet,O60281,P34708
human_vs_worm.hp_thomas_dill_no_c2.k19.lctrue.regions.parquet,O60281,Q965W2
human_vs_worm.hp_thomas_dill_no_c2.k19.lctrue.regions.parquet,O60281,Q9N5X6
human_vs_worm.hp_thomas_dill_no_c2.k19.lctrue.regions.parquet,O75022,Q19319
human_vs_worm.hp_thomas_dill_no_c2.k19.lctrue.regions.parquet,O75626,Q7Z142
human_vs_worm.hp_thomas_dill_no_c2.k19.lctrue.regions.parquet,O76038,G5EBX9
human_vs_worm.hp_thomas_dill_no_c2.k19.lctrue.regions.parquet,O76038,Q8WT44
human_vs_worm.hp_thomas_dill_no_c2.k19.lctrue.regions.parquet,O95389,G5ECS8
human_vs_worm.hp_thomas_dill_no_c2.k19.lctrue.regions.parquet,P00747,Q21281
human_vs_worm.hp_thomas_dill_no_c2.k19.lctrue.regions.parquet,P00747,Q9TVY6
human_vs_worm.hp_thomas_dill_no_c2.k19.lctrue.regions.parquet,P08519,G5EFX6
human_vs_worm.hp_thomas_dill_no_c2.k19.lctrue.regions.parquet,P08F94,P13508
human_vs_worm.hp_thomas_dill_no_c2.k19.lctrue.regions.parquet,P10242,P13508
human_vs_worm.hp_thomas_dill_no_c2.k19.lctrue.regions.parquet,P10242,Q09394
human_vs_worm.hp_thomas_dill_no_c2.k19.lctrue.regions.parquet,P13942,Q04833
human_vs_worm.hp_thomas_dill_no_c2.k19.lctrue.regions.parquet,P13942,Q20958
human_vs_worm.hp_thomas_dill_no_c2.k19.lctrue.regions.parquet,P13942,Q21281
human_vs_worm.hp_thomas_dill_no_c2.k19.lctrue.regions.parquet,P13942,Q21313
human_vs_worm.hp_thomas_dill_no_c2.k19.lctrue.regions.parquet,P13942,Q27874
human_vs_worm.hp_thomas_dill_no_c2.k19.lctrue.regions.parquet,P13942,Q9GYK2
human_vs_worm.hp_thomas_dill_no_c2.k19.lctrue.regions.parquet,P15822,Q7JM44
human_vs_worm.hp_thomas_dill_no_c2.k19.lctrue.regions.parquet,P19484,G5EG44
human_vs_worm.hp_thomas_dill_no_c2.k19.lctrue.regions.parquet,P20265,P20268
human_vs_worm.hp_thomas_dill_no_c2.k19.lctrue.regions.parquet,P20849,G5EFX6
human_vs_worm.hp_thomas_dill_no_c2.k19.lctrue.regions.parquet,P20849,P98060
human_vs_worm.hp_thomas_dill_no_c2.k19.lctrue.regions.parquet,P20849,Q04833
human_vs_worm.hp_thomas_dill_no_c2.k19.lctrue.regions.parquet,P20849,Q22328
human_vs_worm.hp_thomas_dill_no_c2.k19.lctrue.regions.parquet,P20849,Q7JP68
human_vs_worm.hp_thomas_dill_no_c2.k19.lctrue.regions.parquet,P36508,Q10127
human_vs_worm.hp_thomas_dill_no_c2.k19.lctrue.regions.parquet,P43080,G5EBX9
human_vs_worm.hp_thomas_dill_no_c2.k19.lctrue.regions.parquet,P43080,P36609
human_vs_worm.hp_thomas_dill_no_c2.k19.lctrue.regions.parquet,P43626,Q03610
human_vs_worm.hp_thomas_dill_no_c2.k19.lctrue.regions.parquet,P43627,Q03610
human_vs_worm.hp_thomas_dill_no_c2.k19.lctrue.regions.parquet,P43628,Q03610
human_vs_worm.hp_thomas_dill_no_c2.k19.lctrue.regions.parquet,P43631,Q03610
human_vs_worm.hp_thomas_dill_no_c2.k19.lctrue.regions.parquet,P49790,Q21006
human_vs_worm.hp_thomas_dill_no_c2.k19.lctrue.regions.parquet,P49910,A0A5E4M3Q4
human_vs_worm.hp_thomas_dill_no_c2.k19.lctrue.regions.parquet,P49910,H2KYJ8
human_vs_worm.hp_thomas_dill_no_c2.k19.lctrue.regions.parquet,P49910,Q19537
human_vs_worm.hp_thomas_dill_no_c2.k19.lctrue.regions.parquet,Q03181,Q9XVV3
human_vs_worm.hp_thomas_dill_no_c2.k19.lctrue.regions.parquet,Q06587,Q19336
human_vs_worm.hp_thomas_dill_no_c2.k19.lctrue.regions.parquet,Q14953,Q03610
human_vs_worm.hp_thomas_dill_no_c2.k19.lctrue.regions.parquet,Q14954,Q03610
human_vs_worm.hp_thomas_dill_no_c2.k19.lctrue.regions.parquet,Q14993,G5ECE3
human_vs_worm.hp_thomas_dill_no_c2.k19.lctrue.regions.parquet,Q14993,G5EGQ6
human_vs_worm.hp_thomas_dill_no_c2.k19.lctrue.regions.parquet,Q14993,P30652
human_vs_worm.hp_thomas_dill_no_c2.k19.lctrue.regions.parquet,Q14993,P41990
human_vs_worm.hp_thomas_dill_no_c2.k19.lctrue.regions.parquet,Q14993,Q04833
human_vs_worm.hp_thomas_dill_no_c2.k19.lctrue.regions.parquet,Q14993,Q22328
human_vs_worm.hp_thomas_dill_no_c2.k19.lctrue.regions.parquet,Q14993,Q9NL29
human_vs_worm.hp_thomas_dill_no_c2.k19.lctrue.regions.parquet,Q149N8,G5EDU6
human_vs_worm.hp_thomas_dill_no_c2.k19.lctrue.regions.parquet,Q15776,Q10938
human_vs_worm.hp_thomas_dill_no_c2.k19.lctrue.regions.parquet,Q16342,Q9N3Q8
human_vs_worm.hp_thomas_dill_no_c2.k19.lctrue.regions.parquet,Q16670,A0A5E4M3Q4
human_vs_worm.hp_thomas_dill_no_c2.k19.lctrue.regions.parquet,Q4VXA5,G5EBX9
human_vs_worm.hp_thomas_dill_no_c2.k19.lctrue.regions.parquet,Q5VWX1,Q19319
human_vs_worm.hp_thomas_dill_no_c2.k19.lctrue.regions.parquet,Q6U7Q0,H2L008
human_vs_worm.hp_thomas_dill_no_c2.k19.lctrue.regions.parquet,Q6U7Q0,Q10938
human_vs_worm.hp_thomas_dill_no_c2.k19.lctrue.regions.parquet,Q6UY11,P41990
human_vs_worm.hp_thomas_dill_no_c2.k19.lctrue.regions.parquet,Q6UY11,Q21178
human_vs_worm.hp_thomas_dill_no_c2.k19.lctrue.regions.parquet,Q86T65,P13508
human_vs_worm.hp_thomas_dill_no_c2.k19.lctrue.regions.parquet,Q86T65,Q11190
human_vs_worm.hp_thomas_dill_no_c2.k19.lctrue.regions.parquet,Q8IX30,G5EFX6
human_vs_worm.hp_thomas_dill_no_c2.k19.lctrue.regions.parquet,Q8IX30,O77469
human_vs_worm.hp_thomas_dill_no_c2.k19.lctrue.regions.parquet,Q8IX30,P13508
human_vs_worm.hp_thomas_dill_no_c2.k19.lctrue.regions.parquet,Q8IX30,Q04833
human_vs_worm.hp_thomas_dill_no_c2.k19.lctrue.regions.parquet,Q8IX30,Q20930
human_vs_worm.hp_thomas_dill_no_c2.k19.lctrue.regions.parquet,Q8IZF2,Q06561
human_vs_worm.hp_thomas_dill_no_c2.k19.lctrue.regions.parquet,Q8N680,Q10127
human_vs_worm.hp_thomas_dill_no_c2.k19.lctrue.regions.parquet,Q8N680,Q17895
human_vs_worm.hp_thomas_dill_no_c2.k19.lctrue.regions.parquet,Q8N743,P14585
human_vs_worm.hp_thomas_dill_no_c2.k19.lctrue.regions.parquet,Q8NC56,O01498
human_vs_worm.hp_thomas_dill_no_c2.k19.lctrue.regions.parquet,Q8NFD5,P34714
human_vs_worm.hp_thomas_dill_no_c2.k19.lctrue.regions.parquet,Q8TB52,Q09528
human_vs_worm.hp_thomas_dill_no_c2.k19.lctrue.regions.parquet,Q8TC41,O16359
human_vs_worm.hp_thomas_dill_no_c2.k19.lctrue.regions.parquet,Q8TC41,Q20082
human_vs_worm.hp_thomas_dill_no_c2.k19.lctrue.regions.parquet,Q8TC41,Q22431
human_vs_worm.hp_thomas_dill_no_c2.k19.lctrue.regions.parquet,Q8WUB8,O18086
human_vs_worm.hp_thomas_dill_no_c2.k19.lctrue.regions.parquet,Q8WY64,Q94131
human_vs_worm.hp_thomas_dill_no_c2.k19.lctrue.regions.parquet,Q92766,Q11107
human_vs_worm.hp_thomas_dill_no_c2.k19.lctrue.regions.parquet,Q92766,Q93560
human_vs_worm.hp_thomas_dill_no_c2.k19.lctrue.regions.parquet,Q969J2,O17683
human_vs_worm.hp_thomas_dill_no_c2.k19.lctrue.regions.parquet,Q969J2,Q21180
human_vs_worm.hp_thomas_dill_no_c2.k19.lctrue.regions.parquet,Q96AP4,O16360
human_vs_worm.hp_thomas_dill_no_c2.k19.lctrue.regions.parquet,Q96C00,Q22024
human_vs_worm.hp_thomas_dill_no_c2.k19.lctrue.regions.parquet,Q96JM7,Q09663
human_vs_worm.hp_thomas_dill_no_c2.k19.lctrue.regions.parquet,Q96LW9,O02274
human_vs_worm.hp_thomas_dill_no_c2.k19.lctrue.regions.parquet,Q96LW9,Q9XV46
human_vs_worm.hp_thomas_dill_no_c2.k19.lctrue.regions.parquet,Q96P44,G5ECE3
human_vs_worm.hp_thomas_dill_no_c2.k19.lctrue.regions.parquet,Q96P44,Q04833
human_vs_worm.hp_thomas_dill_no_c2.k19.lctrue.regions.parquet,Q96P44,Q20942
human_vs_worm.hp_thomas_dill_no_c2.k19.lctrue.regions.parquet,Q96P44,Q21313
human_vs_worm.hp_thomas_dill_no_c2.k19.lctrue.regions.parquet,Q96P44,Q27874
human_vs_worm.hp_thomas_dill_no_c2.k19.lctrue.regions.parquet,Q99715,G5EFX6
human_vs_worm.hp_thomas_dill_no_c2.k19.lctrue.regions.parquet,Q99715,P34710
human_vs_worm.hp_thomas_dill_no_c2.k19.lctrue.regions.parquet,Q99715,Q20958
human_vs_worm.hp_thomas_dill_no_c2.k19.lctrue.regions.parquet,Q99941,Q21179
human_vs_worm.hp_thomas_dill_no_c2.k19.lctrue.regions.parquet,Q99942,Q09463
human_vs_worm.hp_thomas_dill_no_c2.k19.lctrue.regions.parquet,Q9BRR0,Q06561
human_vs_worm.hp_thomas_dill_no_c2.k19.lctrue.regions.parquet,Q9BXY4,G5EFX6
human_vs_worm.hp_thomas_dill_no_c2.k19.lctrue.regions.parquet,Q9H4Q3,P41999
human_vs_worm.hp_thomas_dill_no_c2.k19.lctrue.regions.parquet,Q9H4T2,Q19269
human_vs_worm.hp_thomas_dill_no_c2.k19.lctrue.regions.parquet,Q9H4T2,Q9XW26
human_vs_worm.hp_thomas_dill_no_c2.k19.lctrue.regions.parquet,Q9NXZ2,O17264
human_vs_worm.hp_thomas_dill_no_c2.k19.lctrue.regions.parquet,Q9UDY6,Q7JM44
human_vs_worm.hp_thomas_dill_no_c2.k19.lctrue.regions.parquet,Q9UJN7,O02274
human_vs_worm.hp_thomas_dill_no_c2.k19.lctrue.regions.parquet,Q9UJN7,Q10938
human_vs_worm.hp_thomas_dill_no_c2.k19.lctrue.regions.parquet,Q9UJN7,Q19537
human_vs_worm.hp_thomas_dill_no_c2.k19.lctrue.regions.parquet,Q9UJN7,Q94250
human_vs_worm.hp_thomas_dill_no_c2.k19.lctrue.regions.parquet,Q9UKT4,Q9TZ64
human_vs_worm.hp_thomas_dill_no_c2.k19.lctrue.regions.parquet,Q9ULD4,P34447
human_vs_worm.hp_thomas_dill_no_c2.k19.lctrue.regions.parquet,Q9ULH4,Q9N2Z7
human_vs_worm.hp_thomas_dill_no_c2.k19.lctrue.regions.parquet,Q9UM63,Q9U299
human_vs_worm.hp_thomas_dill_no_c2.k19.lctrue.regions.parquet,Q9UMX6,Q8WT44
human_vs_worm.hp_thomas_dill_no_c2.k19.lctrue.regions.parquet,Q9Y330,P91914
human_vs_worm.hp_thomas_dill_no_c2.k19.lctrue.regions.parquet,Q9Y330,Q18250
human_vs_worm.hp_thomas_dill_no_c2.k19.lctrue.regions.parquet,Q9Y330,Q7Z142
human_vs_worm.hp_thomas_dill_no_c2.k19.lctrue.regions.parquet,Q9Y5K6,Q20911
human_vs_worm.mmseqs12.k7.lctrue.regions.parquet,O95279,O17185
human_vs_worm.mmseqs12.k7.lctrue.regions.parquet,Q96T54,O17185
human_vs_worm.mmseqs12.k7.lctrue.regions.parquet,Q96T54,Q9XXD1
human_vs_worm.mmseqs12.k7.lctrue.regions.parquet,Q96T55,O17185
human_vs_worm.mmseqs12.k7.lctrue.regions.parquet,Q96T55,Q9XXD1
human_vs_worm.sdm12.k6.lctrue.regions.parquet,O00141,H2L099
human_vs_worm.sdm12.k6.lctrue.regions.parquet,O15264,Q8I113
human_vs_worm.sdm12.k6.lctrue.regions.parquet,O43318,P39745
human_vs_worm.sdm12.k6.lctrue.regions.parquet,O95835,O45797
human_vs_worm.sdm12.k6.lctrue.regions.parquet,P08922,Q11112
human_vs_worm.sdm12.k6.lctrue.regions.parquet,Q13608,P46502
human_vs_worm.sdm12.k6.lctrue.regions.parquet,Q16539,Q8I113
human_vs_worm.sdm12.k6.lctrue.regions.parquet,Q96JB1,Q19542
human_vs_worm.sdm12.k6.lctrue.regions.parquet,Q99683,G5EGK5
human_vs_worm.sdm12.k6.lctrue.regions.parquet,Q9Y6R4,Q968Y9
human_vs_yeast.gbmr4.k16.lctrue.regions.parquet,O75496,P36022
human_vs_yeast.gbmr4.k16.lctrue.regions.parquet,P14373,P06102
human_vs_yeast.gbmr4.k16.lctrue.regions.parquet,Q16890,P36022
human_vs_yeast.gbmr4.k16.lctrue.regions.parquet,Q5SW24,P36224
human_vs_yeast.gbmr4.k16.lctrue.regions.parquet,Q5TB80,P06843
human_vs_yeast.gbmr4.k16.lctrue.regions.parquet,Q6P9F5,P32558
human_vs_yeast.gbmr4.k16.lctrue.regions.parquet,Q6ZMV9,P69771
human_vs_yeast.gbmr4.k16.lctrue.regions.parquet,Q6ZMV9,Q12151
human_vs_yeast.gbmr4.k16.lctrue.regions.parquet,Q6ZU52,Q03954
human_vs_yeast.gbmr4.k16.lctrue.regions.parquet,Q86T65,P17065
human_vs_yeast.gbmr4.k16.lctrue.regions.parquet,Q86UC2,P32558
human_vs_yeast.gbmr4.k16.lctrue.regions.parquet,Q8IWP9,P40080
human_vs_yeast.gbmr4.k16.lctrue.regions.parquet,Q8IYT3,P28742
human_vs_yeast.gbmr4.k16.lctrue.regions.parquet,Q8TDH9,P43557
human_vs_yeast.gbmr4.k16.lctrue.regions.parquet,Q9UDY6,P53086
human_vs_yeast.gbmr4.k16.lctrue.regions.parquet,Q9UGP8,Q07896
human_vs_yeast.gbmr4.k16.lctrue.regions.parquet,Q9UMY1,P69771
human_vs_yeast.hp_kyte_doolittle2.k19.lctrue.regions.parquet,A2RRH5,P09959
human_vs_yeast.hp_kyte_doolittle2.k19.lctrue.regions.parquet,A2RRH5,P32336
human_vs_yeast.hp_kyte_doolittle2.k19.lctrue.regions.parquet,A2RRH5,P41318
human_vs_yeast.hp_kyte_doolittle2.k19.lctrue.regions.parquet,A2RRH5,P53622
human_vs_yeast.hp_kyte_doolittle2.k19.lctrue.regions.parquet,A2RRH5,Q06440
human_vs_yeast.hp_kyte_doolittle2.k19.lctrue.regions.parquet,A2RRH5,Q12118
human_vs_yeast.hp_kyte_doolittle2.k19.lctrue.regions.parquet,O60508,P20053
human_vs_yeast.hp_kyte_doolittle2.k19.lctrue.regions.parquet,O60508,P40968
human_vs_yeast.hp_kyte_doolittle2.k19.lctrue.regions.parquet,O60508,Q02630
human_vs_yeast.hp_kyte_doolittle2.k19.lctrue.regions.parquet,O75167,P32521
human_vs_yeast.hp_kyte_doolittle2.k19.lctrue.regions.parquet,P48634,P27692
human_vs_yeast.hp_kyte_doolittle2.k19.lctrue.regions.parquet,P48634,P32499
human_vs_yeast.hp_kyte_doolittle2.k19.lctrue.regions.parquet,P48634,P35184
human_vs_yeast.hp_kyte_doolittle2.k19.lctrue.regions.parquet,P48634,P49686
human_vs_yeast.hp_kyte_doolittle2.k19.lctrue.regions.parquet,P48634,Q12021
human_vs_yeast.hp_kyte_doolittle2.k19.lctrue.regions.parquet,P80108,P33339
human_vs_yeast.hp_kyte_doolittle2.k19.lctrue.regions.parquet,P80108,Q00362
human_vs_yeast.hp_kyte_doolittle2.k19.lctrue.regions.parquet,P80108,Q08496
human_vs_yeast.hp_kyte_doolittle2.k19.lctrue.regions.parquet,P80108,Q08924
human_vs_yeast.hp_kyte_doolittle2.k19.lctrue.regions.parquet,Q13451,P15705
human_vs_yeast.hp_kyte_doolittle2.k19.lctrue.regions.parquet,Q5T5C0,P14907
human_vs_yeast.hp_kyte_doolittle2.k19.lctrue.regions.parquet,Q5T5C0,P38163
human_vs_yeast.hp_kyte_doolittle2.k19.lctrue.regions.parquet,Q5T5C0,P50082
human_vs_yeast.hp_kyte_doolittle2.k19.lctrue.regions.parquet,Q5T5C0,Q00362
human_vs_yeast.hp_kyte_doolittle2.k19.lctrue.regions.parquet,Q5VZK9,P50090
human_vs_yeast.hp_kyte_doolittle2.k19.lctrue.regions.parquet,Q5VZK9,Q03177
human_vs_yeast.hp_kyte_doolittle2.k19.lctrue.regions.parquet,Q6VVB1,P25365
human_vs_yeast.hp_kyte_doolittle2.k19.lctrue.regions.parquet,Q6VVB1,P32524
human_vs_yeast.hp_kyte_doolittle2.k19.lctrue.regions.parquet,Q6VVB1,P40362
human_vs_yeast.hp_kyte_doolittle2.k19.lctrue.regions.parquet,Q8N157,P32768
human_vs_yeast.hp_kyte_doolittle2.k19.lctrue.regions.parquet,Q8N157,P33750
human_vs_yeast.hp_kyte_doolittle2.k19.lctrue.regions.parquet,Q8N157,P43601
human_vs_yeast.hp_kyte_doolittle2.k19.lctrue.regions.parquet,Q8N157,P48234
human_vs_yeast.hp_kyte_doolittle2.k19.lctrue.regions.parquet,Q96KQ7,P35845
human_vs_yeast.hp_kyte_doolittle2.k19.lctrue.regions.parquet,Q96KQ7,Q04749
human_vs_yeast.hp_kyte_doolittle2.k19.lctrue.regions.parquet,Q9BQ90,P32499
human_vs_yeast.hp_kyte_doolittle2.k19.lctrue.regions.parquet,Q9BQ90,P48237
human_vs_yeast.hp_kyte_doolittle2.k19.lctrue.regions.parquet,Q9BQ90,Q12021
human_vs_yeast.hp_kyte_doolittle2.k19.lctrue.regions.parquet,Q9BXY4,P38042
human_vs_yeast.hp_kyte_doolittle2.k19.lctrue.regions.parquet,Q9NRJ4,Q02630
human_vs_yeast.hp_kyte_doolittle2.k19.lctrue.regions.parquet,Q9NRJ4,Q03180
human_vs_yeast.hp_kyte_doolittle2.k19.lctrue.regions.parquet,Q9NRJ4,Q05946
human_vs_yeast.hp_kyte_doolittle2.k19.lctrue.regions.parquet,Q9NRJ4,Q06679
human_vs_yeast.hp_kyte_doolittle2.k19.lctrue.regions.parquet,Q9NWT1,P13712
human_vs_yeast.hp_kyte_doolittle2.k19.lctrue.regions.parquet,Q9NWT1,P38262
human_vs_yeast.hp_kyte_doolittle2.k19.lctrue.regions.parquet,Q9NWT1,P39984
human_vs_yeast.hp_kyte_doolittle2.k19.lctrue.regions.parquet,Q9NWT1,Q12220
human_vs_yeast.hp_kyte_doolittle2.k19.lctrue.regions.parquet,Q9ULH4,P08678
human_vs_yeast.hp_kyte_doolittle2.k19.lctrue.regions.parquet,Q9ULH4,P36047
human_vs_yeast.hp_kyte_doolittle2.k19.lctrue.regions.parquet,Q9ULH4,Q06506
human_vs_yeast.hp_kyte_doolittle2.k19.lctrue.regions.parquet,Q9Y466,P25357
human_vs_yeast.hp_lehninger_c_nonpolar2.k18.lctrue.regions.parquet,A1A5C7,P00401
human_vs_yeast.hp_lehninger_c_nonpolar2.k18.lctrue.regions.parquet,A1A5C7,P25621
human_vs_yeast.hp_lehninger_c_nonpolar2.k18.lctrue.regions.parquet,A1A5C7,P38166
human_vs_yeast.hp_lehninger_c_nonpolar2.k18.lctrue.regions.parquet,A1A5C7,P38227
human_vs_yeast.hp_lehninger_c_nonpolar2.k18.lctrue.regions.parquet,A1A5C7,P38703
human_vs_yeast.hp_lehninger_c_nonpolar2.k18.lctrue.regions.parquet,A1A5C7,P53154
human_vs_yeast.hp_lehninger_c_nonpolar2.k18.lctrue.regions.parquet,A1A5C7,P53961
human_vs_yeast.hp_lehninger_c_nonpolar2.k18.lctrue.regions.parquet,A1A5C7,Q03554
human_vs_yeast.hp_lehninger_c_nonpolar2.k18.lctrue.regions.parquet,A1A5C7,Q04562
human_vs_yeast.hp_lehninger_c_nonpolar2.k18.lctrue.regions.parquet,A6NI73,P53584
human_vs_yeast.hp_lehninger_c_nonpolar2.k18.lctrue.regions.parquet,O00270,P26725
human_vs_yeast.hp_lehninger_c_nonpolar2.k18.lctrue.regions.parquet,O00270,P30605
human_vs_yeast.hp_lehninger_c_nonpolar2.k18.lctrue.regions.parquet,O00270,P33302
human_vs_yeast.hp_lehninger_c_nonpolar2.k18.lctrue.regions.parquet,O00270,P38227
human_vs_yeast.hp_lehninger_c_nonpolar2.k18.lctrue.regions.parquet,O00270,P38724
human_vs_yeast.hp_lehninger_c_nonpolar2.k18.lctrue.regions.parquet,O00270,P53882
human_vs_yeast.hp_lehninger_c_nonpolar2.k18.lctrue.regions.parquet,O00476,P25596
human_vs_yeast.hp_lehninger_c_nonpolar2.k18.lctrue.regions.parquet,O00476,P36173
human_vs_yeast.hp_lehninger_c_nonpolar2.k18.lctrue.regions.parquet,O00476,P38227
human_vs_yeast.hp_lehninger_c_nonpolar2.k18.lctrue.regions.parquet,O00476,Q06417
human_vs_yeast.hp_lehninger_c_nonpolar2.k18.lctrue.regions.parquet,O00478,P38179
human_vs_yeast.hp_lehninger_c_nonpolar2.k18.lctrue.regions.parquet,O00624,P00854
human_vs_yeast.hp_lehninger_c_nonpolar2.k18.lctrue.regions.parquet,O00624,P23501
human_vs_yeast.hp_lehninger_c_nonpolar2.k18.lctrue.regions.parquet,O00624,P25376
human_vs_yeast.hp_lehninger_c_nonpolar2.k18.lctrue.regions.parquet,O00624,P36107
human_vs_yeast.hp_lehninger_c_nonpolar2.k18.lctrue.regions.parquet,O00624,P38962
human_vs_yeast.hp_lehninger_c_nonpolar2.k18.lctrue.regions.parquet,O00624,P39010
human_vs_yeast.hp_lehninger_c_nonpolar2.k18.lctrue.regions.parquet,O00624,Q02889
human_vs_yeast.hp_lehninger_c_nonpolar2.k18.lctrue.regions.parquet,O00624,Q08485
human_vs_yeast.hp_lehninger_c_nonpolar2.k18.lctrue.regions.parquet,O14931,P38084
human_vs_yeast.hp_lehninger_c_nonpolar2.k18.lctrue.regions.parquet,O15244,P32386
human_vs_yeast.hp_lehninger_c_nonpolar2.k18.lctrue.regions.parquet,O15244,P32500
human_vs_yeast.hp_lehninger_c_nonpolar2.k18.lctrue.regions.parquet,O15244,P32802
human_vs_yeast.hp_lehninger_c_nonpolar2.k18.lctrue.regions.parquet,O15244,P38085
human_vs_yeast.hp_lehninger_c_nonpolar2.k18.lctrue.regions.parquet,O15244,P38962
human_vs_yeast.hp_lehninger_c_nonpolar2.k18.lctrue.regions.parquet,O15244,P40319
human_vs_yeast.hp_lehninger_c_nonpolar2.k18.lctrue.regions.parquet,O15244,P52867
human_vs_yeast.hp_lehninger_c_nonpolar2.k18.lctrue.regions.parquet,O15244,P53039
human_vs_yeast.hp_lehninger_c_nonpolar2.k18.lctrue.regions.parquet,O15244,Q06593
human_vs_yeast.hp_lehninger_c_nonpolar2.k18.lctrue.regions.parquet,O15244,Q08234
human_vs_yeast.hp_lehninger_c_nonpolar2.k18.lctrue.regions.parquet,O15245,P00401
human_vs_yeast.hp_lehninger_c_nonpolar2.k18.lctrue.regions.parquet,O15245,P19516
human_vs_yeast.hp_lehninger_c_nonpolar2.k18.lctrue.regions.parquet,O15245,P23501
human_vs_yeast.hp_lehninger_c_nonpolar2.k18.lctrue.regions.parquet,O15245,P25621
human_vs_yeast.hp_lehninger_c_nonpolar2.k18.lctrue.regions.parquet,O15245,P32466
human_vs_yeast.hp_lehninger_c_nonpolar2.k18.lctrue.regions.parquet,O15245,P40351
human_vs_yeast.hp_lehninger_c_nonpolar2.k18.lctrue.regions.parquet,O15245,P40544
human_vs_yeast.hp_lehninger_c_nonpolar2.k18.lctrue.regions.parquet,O15245,P50080
human_vs_yeast.hp_lehninger_c_nonpolar2.k18.lctrue.regions.parquet,O15245,P53629
human_vs_yeast.hp_lehninger_c_nonpolar2.k18.lctrue.regions.parquet,O15245,P53740
human_vs_yeast.hp_lehninger_c_nonpolar2.k18.lctrue.regions.parquet,O15245,Q12001
human_vs_yeast.hp_lehninger_c_nonpolar2.k18.lctrue.regions.parquet,O15245,Q12010
human_vs_yeast.hp_lehninger_c_nonpolar2.k18.lctrue.regions.parquet,O15400,P00854
human_vs_yeast.hp_lehninger_c_nonpolar2.k18.lctrue.regions.parquet,O15533,P53273
human_vs_yeast.hp_lehninger_c_nonpolar2.k18.lctrue.regions.parquet,O60242,P19145
human_vs_yeast.hp_lehninger_c_nonpolar2.k18.lctrue.regions.parquet,O60242,P37020
human_vs_yeast.hp_lehninger_c_nonpolar2.k18.lctrue.regions.parquet,O60242,P42946
human_vs_yeast.hp_lehninger_c_nonpolar2.k18.lctrue.regions.parquet,O60242,P43590
human_vs_yeast.hp_lehninger_c_nonpolar2.k18.lctrue.regions.parquet,O60242,P47090
human_vs_yeast.hp_lehninger_c_nonpolar2.k18.lctrue.regions.parquet,O60242,Q08651
human_vs_yeast.hp_lehninger_c_nonpolar2.k18.lctrue.regions.parquet,O60906,P38865
human_vs_yeast.hp_lehninger_c_nonpolar2.k18.lctrue.regions.parquet,O75019,Q12436
human_vs_yeast.hp_lehninger_c_nonpolar2.k18.lctrue.regions.parquet,O75022,Q12119
human_vs_yeast.hp_lehninger_c_nonpolar2.k18.lctrue.regions.parquet,O75023,P38166
human_vs_yeast.hp_lehninger_c_nonpolar2.k18.lctrue.regions.parquet,O75751,P05316
human_vs_yeast.hp_lehninger_c_nonpolar2.k18.lctrue.regions.parquet,O75751,P23501
human_vs_yeast.hp_lehninger_c_nonpolar2.k18.lctrue.regions.parquet,O75751,P36062
human_vs_yeast.hp_lehninger_c_nonpolar2.k18.lctrue.regions.parquet,O75751,P38224
human_vs_yeast.hp_lehninger_c_nonpolar2.k18.lctrue.regions.parquet,O75751,P38971
human_vs_yeast.hp_lehninger_c_nonpolar2.k18.lctrue.regions.parquet,O75751,P40351
human_vs_yeast.hp_lehninger_c_nonpolar2.k18.lctrue.regions.parquet,O75751,P53226
human_vs_yeast.hp_lehninger_c_nonpolar2.k18.lctrue.regions.parquet,O95279,P50076
human_vs_yeast.hp_lehninger_c_nonpolar2.k18.lctrue.regions.parquet,O95279,P53220
human_vs_yeast.hp_lehninger_c_nonpolar2.k18.lctrue.regions.parquet,O95279,Q03529
human_vs_yeast.hp_lehninger_c_nonpolar2.k18.lctrue.regions.parquet,O95279,Q07959
human_vs_yeast.hp_lehninger_c_nonpolar2.k18.lctrue.regions.parquet,O95944,P33448
human_vs_yeast.hp_lehninger_c_nonpolar2.k18.lctrue.regions.parquet,P04201,P38179
human_vs_yeast.hp_lehninger_c_nonpolar2.k18.lctrue.regions.parquet,P04201,P38359
human_vs_yeast.hp_lehninger_c_nonpolar2.k18.lctrue.regions.parquet,P04201,P40857
human_vs_yeast.hp_lehninger_c_nonpolar2.k18.lctrue.regions.parquet,P04201,Q02783
human_vs_yeast.hp_lehninger_c_nonpolar2.k18.lctrue.regions.parquet,P04201,Q12361
human_vs_yeast.hp_lehninger_c_nonpolar2.k18.lctrue.regions.parquet,P08922,P43571
human_vs_yeast.hp_lehninger_c_nonpolar2.k18.lctrue.regions.parquet,P08F94,P36035
human_vs_yeast.hp_lehninger_c_nonpolar2.k18.lctrue.regions.parquet,P11717,Q03860
human_vs_yeast.hp_lehninger_c_nonpolar2.k18.lctrue.regions.parquet,P15260,Q08986
human_vs_yeast.hp_lehninger_c_nonpolar2.k18.lctrue.regions.parquet,P15812,P39547
human_vs_yeast.hp_lehninger_c_nonpolar2.k18.lctrue.regions.parquet,P21554,P12683
human_vs_yeast.hp_lehninger_c_nonpolar2.k18.lctrue.regions.parquet,P21554,P15367
human_vs_yeast.hp_lehninger_c_nonpolar2.k18.lctrue.regions.parquet,P21554,P32378
human_vs_yeast.hp_lehninger_c_nonpolar2.k18.lctrue.regions.parquet,P21554,P40544
human_vs_yeast.hp_lehninger_c_nonpolar2.k18.lctrue.regions.parquet,P24046,P50076
human_vs_yeast.hp_lehninger_c_nonpolar2.k18.lctrue.regions.parquet,P24046,P53983
human_vs_yeast.hp_lehninger_c_nonpolar2.k18.lctrue.regions.parquet,P24046,Q04629
human_vs_yeast.hp_lehninger_c_nonpolar2.k18.lctrue.regions.parquet,P28222,P00401
human_vs_yeast.hp_lehninger_c_nonpolar2.k18.lctrue.regions.parquet,P28222,P38631
human_vs_yeast.hp_lehninger_c_nonpolar2.k18.lctrue.regions.parquet,P28222,P53049
human_vs_yeast.hp_lehninger_c_nonpolar2.k18.lctrue.regions.parquet,P28222,P53283
human_vs_yeast.hp_lehninger_c_nonpolar2.k18.lctrue.regions.parquet,P28222,P53394
human_vs_yeast.hp_lehninger_c_nonpolar2.k18.lctrue.regions.parquet,P28222,Q12325
human_vs_yeast.hp_lehninger_c_nonpolar2.k18.lctrue.regions.parquet,P28222,Q99385
human_vs_yeast.hp_lehninger_c_nonpolar2.k18.lctrue.regions.parquet,P28476,P53983
human_vs_yeast.hp_lehninger_c_nonpolar2.k18.lctrue.regions.parquet,P28476,Q04629
human_vs_yeast.hp_lehninger_c_nonpolar2.k18.lctrue.regions.parquet,P28566,P0CD99
human_vs_yeast.hp_lehninger_c_nonpolar2.k18.lctrue.regions.parquet,P28566,P30777
human_vs_yeast.hp_lehninger_c_nonpolar2.k18.lctrue.regions.parquet,P28566,P32465
human_vs_yeast.hp_lehninger_c_nonpolar2.k18.lctrue.regions.parquet,P28566,P53394
human_vs_yeast.hp_lehninger_c_nonpolar2.k18.lctrue.regions.parquet,P28566,Q12325
human_vs_yeast.hp_lehninger_c_nonpolar2.k18.lctrue.regions.parquet,P28566,Q12372
human_vs_yeast.hp_lehninger_c_nonpolar2.k18.lctrue.regions.parquet,P29016,P39932
human_vs_yeast.hp_lehninger_c_nonpolar2.k18.lctrue.regions.parquet,P35372,P41733
human_vs_yeast.hp_lehninger_c_nonpolar2.k18.lctrue.regions.parquet,P35372,P41815
human_vs_yeast.hp_lehninger_c_nonpolar2.k18.lctrue.regions.parquet,P35372,P53337
human_vs_yeast.hp_lehninger_c_nonpolar2.k18.lctrue.regions.parquet,P35372,P54072
human_vs_yeast.hp_lehninger_c_nonpolar2.k18.lctrue.regions.parquet,P35372,Q04562
human_vs_yeast.hp_lehninger_c_nonpolar2.k18.lctrue.regions.parquet,P35372,Q12675
human_vs_yeast.hp_lehninger_c_nonpolar2.k18.lctrue.regions.parquet,P43307,P40988
human_vs_yeast.hp_lehninger_c_nonpolar2.k18.lctrue.regions.parquet,P43626,P32660
human_vs_yeast.hp_lehninger_c_nonpolar2.k18.lctrue.regions.parquet,P43627,P32660
human_vs_yeast.hp_lehninger_c_nonpolar2.k18.lctrue.regions.parquet,P43628,Q08650
human_vs_yeast.hp_lehninger_c_nonpolar2.k18.lctrue.regions.parquet,P43629,Q08650
human_vs_yeast.hp_lehninger_c_nonpolar2.k18.lctrue.regions.parquet,P43630,P04039
human_vs_yeast.hp_lehninger_c_nonpolar2.k18.lctrue.regions.parquet,P43631,Q05998
human_vs_yeast.hp_lehninger_c_nonpolar2.k18.lctrue.regions.parquet,P43632,Q05998
human_vs_yeast.hp_lehninger_c_nonpolar2.k18.lctrue.regions.parquet,P46095,D6VPM8
human_vs_yeast.hp_lehninger_c_nonpolar2.k18.lctrue.regions.parquet,P46095,P25639
human_vs_yeast.hp_lehninger_c_nonpolar2.k18.lctrue.regions.parquet,P46095,P32915
human_vs_yeast.hp_lehninger_c_nonpolar2.k18.lctrue.regions.parquet,P46095,P39986
human_vs_yeast.hp_lehninger_c_nonpolar2.k18.lctrue.regions.parquet,P46095,P47088
human_vs_yeast.hp_lehninger_c_nonpolar2.k18.lctrue.regions.parquet,P46095,Q04658
human_vs_yeast.hp_lehninger_c_nonpolar2.k18.lctrue.regions.parquet,P51684,P38360
human_vs_yeast.hp_lehninger_c_nonpolar2.k18.lctrue.regions.parquet,P51684,P38865
human_vs_yeast.hp_lehninger_c_nonpolar2.k18.lctrue.regions.parquet,P51684,P40989
human_vs_yeast.hp_lehninger_c_nonpolar2.k18.lctrue.regions.parquet,P51684,Q05567
human_vs_yeast.hp_lehninger_c_nonpolar2.k18.lctrue.regions.parquet,P51684,Q12289
human_vs_yeast.hp_lehninger_c_nonpolar2.k18.lctrue.regions.parquet,P59901,Q12436
human_vs_yeast.hp_lehninger_c_nonpolar2.k18.lctrue.regions.parquet,P78382,P07286
human_vs_yeast.hp_lehninger_c_nonpolar2.k18.lctrue.regions.parquet,P78382,P25371
human_vs_yeast.hp_lehninger_c_nonpolar2.k18.lctrue.regions.parquet,P78382,P26725
human_vs_yeast.hp_lehninger_c_nonpolar2.k18.lctrue.regions.parquet,P78382,P33335
human_vs_yeast.hp_lehninger_c_nonpolar2.k18.lctrue.regions.parquet,P78382,P36051
human_vs_yeast.hp_lehninger_c_nonpolar2.k18.lctrue.regions.parquet,P78382,P40046
human_vs_yeast.hp_lehninger_c_nonpolar2.k18.lctrue.regions.parquet,P78382,Q06170
human_vs_yeast.hp_lehninger_c_nonpolar2.k18.lctrue.regions.parquet,P78382,Q12333
human_vs_yeast.hp_lehninger_c_nonpolar2.k18.lctrue.regions.parquet,P78382,Q12372
human_vs_yeast.hp_lehninger_c_nonpolar2.k18.lctrue.regions.parquet,P78410,P37296
human_vs_yeast.hp_lehninger_c_nonpolar2.k18.lctrue.regions.parquet,Q01151,P38869
human_vs_yeast.hp_lehninger_c_nonpolar2.k18.lctrue.regions.parquet,Q04900,P15380
human_vs_yeast.hp_lehninger_c_nonpolar2.k18.lctrue.regions.parquet,Q13410,P35179
human_vs_yeast.hp_lehninger_c_nonpolar2.k18.lctrue.regions.parquet,Q14833,P0CE68
human_vs_yeast.hp_lehninger_c_nonpolar2.k18.lctrue.regions.parquet,Q14833,P25619
human_vs_yeast.hp_lehninger_c_nonpolar2.k18.lctrue.regions.parquet,Q14833,P32487
human_vs_yeast.hp_lehninger_c_nonpolar2.k18.lctrue.regions.parquet,Q14833,P39535
human_vs_yeast.hp_lehninger_c_nonpolar2.k18.lctrue.regions.parquet,Q14833,P40074
human_vs_yeast.hp_lehninger_c_nonpolar2.k18.lctrue.regions.parquet,Q14833,P51533
human_vs_yeast.hp_lehninger_c_nonpolar2.k18.lctrue.regions.parquet,Q14916,P19807
human_vs_yeast.hp_lehninger_c_nonpolar2.k18.lctrue.regions.parquet,Q14916,P25346
human_vs_yeast.hp_lehninger_c_nonpolar2.k18.lctrue.regions.parquet,Q14916,P25351
human_vs_yeast.hp_lehninger_c_nonpolar2.k18.lctrue.regions.parquet,Q14916,P32331
human_vs_yeast.hp_lehninger_c_nonpolar2.k18.lctrue.regions.parquet,Q14916,P36029
human_vs_yeast.hp_lehninger_c_nonpolar2.k18.lctrue.regions.parquet,Q14916,Q04952
human_vs_yeast.hp_lehninger_c_nonpolar2.k18.lctrue.regions.parquet,Q14916,Q12116
human_vs_yeast.hp_lehninger_c_nonpolar2.k18.lctrue.regions.parquet,Q14916,Q12275
human_vs_yeast.hp_lehninger_c_nonpolar2.k18.lctrue.regions.parquet,Q14953,Q05998
human_vs_yeast.hp_lehninger_c_nonpolar2.k18.lctrue.regions.parquet,Q14954,Q05998
human_vs_yeast.hp_lehninger_c_nonpolar2.k18.lctrue.regions.parquet,Q15109,P25515
human_vs_yeast.hp_lehninger_c_nonpolar2.k18.lctrue.regions.parquet,Q15262,P40451
human_vs_yeast.hp_lehninger_c_nonpolar2.k18.lctrue.regions.parquet,Q15375,Q03193
human_vs_yeast.hp_lehninger_c_nonpolar2.k18.lctrue.regions.parquet,Q16653,P25594
human_vs_yeast.hp_lehninger_c_nonpolar2.k18.lctrue.regions.parquet,Q16653,P38125
human_vs_yeast.hp_lehninger_c_nonpolar2.k18.lctrue.regions.parquet,Q29980,Q04458
human_vs_yeast.hp_lehninger_c_nonpolar2.k18.lctrue.regions.parquet,Q29983,P31109
human_vs_yeast.hp_lehninger_c_nonpolar2.k18.lctrue.regions.parquet,Q30201,P0CX13
human_vs_yeast.hp_lehninger_c_nonpolar2.k18.lctrue.regions.parquet,Q4VXA5,P25346
human_vs_yeast.hp_lehninger_c_nonpolar2.k18.lctrue.regions.parquet,Q4VXA5,Q12209
human_vs_yeast.hp_lehninger_c_nonpolar2.k18.lctrue.regions.parquet,Q53GD3,P25621
human_vs_yeast.hp_lehninger_c_nonpolar2.k18.lctrue.regions.parquet,Q53GD3,P28584
human_vs_yeast.hp_lehninger_c_nonpolar2.k18.lctrue.regions.parquet,Q53GD3,P32368
human_vs_yeast.hp_lehninger_c_nonpolar2.k18.lctrue.regions.parquet,Q53GD3,P32487
human_vs_yeast.hp_lehninger_c_nonpolar2.k18.lctrue.regions.parquet,Q53GD3,P39932
human_vs_yeast.hp_lehninger_c_nonpolar2.k18.lctrue.regions.parquet,Q53GD3,P48236
human_vs_yeast.hp_lehninger_c_nonpolar2.k18.lctrue.regions.parquet,Q53GD3,P53832
human_vs_yeast.hp_lehninger_c_nonpolar2.k18.lctrue.regions.parquet,Q5SQ64,P10870
human_vs_yeast.hp_lehninger_c_nonpolar2.k18.lctrue.regions.parquet,Q5T1Q4,P16661
human_vs_yeast.hp_lehninger_c_nonpolar2.k18.lctrue.regions.parquet,Q5T1Q4,P19516
human_vs_yeast.hp_lehninger_c_nonpolar2.k18.lctrue.regions.parquet,Q5T1Q4,P36142
human_vs_yeast.hp_lehninger_c_nonpolar2.k18.lctrue.regions.parquet,Q5T1Q4,P38837
human_vs_yeast.hp_lehninger_c_nonpolar2.k18.lctrue.regions.parquet,Q5T1Q4,P39007
human_vs_yeast.hp_lehninger_c_nonpolar2.k18.lctrue.regions.parquet,Q5T1Q4,P53388
human_vs_yeast.hp_lehninger_c_nonpolar2.k18.lctrue.regions.parquet,Q5T1Q4,Q03697
human_vs_yeast.hp_lehninger_c_nonpolar2.k18.lctrue.regions.parquet,Q5T1Q4,Q06676
human_vs_yeast.hp_lehninger_c_nonpolar2.k18.lctrue.regions.parquet,Q5T1Q4,Q12361
human_vs_yeast.hp_lehninger_c_nonpolar2.k18.lctrue.regions.parquet,Q5T3U5,P25619
human_vs_yeast.hp_lehninger_c_nonpolar2.k18.lctrue.regions.parquet,Q5T3U5,P25656
human_vs_yeast.hp_lehninger_c_nonpolar2.k18.lctrue.regions.parquet,Q5T3U5,P29465
human_vs_yeast.hp_lehninger_c_nonpolar2.k18.lctrue.regions.parquet,Q5T3U5,P32837
human_vs_yeast.hp_lehninger_c_nonpolar2.k18.lctrue.regions.parquet,Q5T3U5,P33335
human_vs_yeast.hp_lehninger_c_nonpolar2.k18.lctrue.regions.parquet,Q5T3U5,P33413
human_vs_yeast.hp_lehninger_c_nonpolar2.k18.lctrue.regions.parquet,Q5T3U5,P38084
human_vs_yeast.hp_lehninger_c_nonpolar2.k18.lctrue.regions.parquet,Q5T3U5,P38312
human_vs_yeast.hp_lehninger_c_nonpolar2.k18.lctrue.regions.parquet,Q5T3U5,P38724
human_vs_yeast.hp_lehninger_c_nonpolar2.k18.lctrue.regions.parquet,Q5T3U5,P40074
human_vs_yeast.hp_lehninger_c_nonpolar2.k18.lctrue.regions.parquet,Q5T3U5,P40989
human_vs_yeast.hp_lehninger_c_nonpolar2.k18.lctrue.regions.parquet,Q5T3U5,P47144
human_vs_yeast.hp_lehninger_c_nonpolar2.k18.lctrue.regions.parquet,Q5T3U5,P53206
human_vs_yeast.hp_lehninger_c_nonpolar2.k18.lctrue.regions.parquet,Q5T3U5,Q04895
human_vs_yeast.hp_lehninger_c_nonpolar2.k18.lctrue.regions.parquet,Q5T3U5,Q08777
human_vs_yeast.hp_lehninger_c_nonpolar2.k18.lctrue.regions.parquet,Q5T4T1,P51533
human_vs_yeast.hp_lehninger_c_nonpolar2.k18.lctrue.regions.parquet,Q5T4T1,Q04705
human_vs_yeast.hp_lehninger_c_nonpolar2.k18.lctrue.regions.parquet,Q5T4T1,Q08234
human_vs_yeast.hp_lehninger_c_nonpolar2.k18.lctrue.regions.parquet,Q5TH69,P25613
human_vs_yeast.hp_lehninger_c_nonpolar2.k18.lctrue.regions.parquet,Q6H3X3,P43560
human_vs_yeast.hp_lehninger_c_nonpolar2.k18.lctrue.regions.parquet,Q6ISU1,P40550
human_vs_yeast.hp_lehninger_c_nonpolar2.k18.lctrue.regions.parquet,Q6NT16,P13587
human_vs_yeast.hp_lehninger_c_nonpolar2.k18.lctrue.regions.parquet,Q6NT16,P25346
human_vs_yeast.hp_lehninger_c_nonpolar2.k18.lctrue.regions.parquet,Q6NT16,P25594
human_vs_yeast.hp_lehninger_c_nonpolar2.k18.lctrue.regions.parquet,Q6NT16,P36029
human_vs_yeast.hp_lehninger_c_nonpolar2.k18.lctrue.regions.parquet,Q6NT16,P41930
human_vs_yeast.hp_lehninger_c_nonpolar2.k18.lctrue.regions.parquet,Q6NT16,P47190
human_vs_yeast.hp_lehninger_c_nonpolar2.k18.lctrue.regions.parquet,Q6NT16,P49573
human_vs_yeast.hp_lehninger_c_nonpolar2.k18.lctrue.regions.parquet,Q6NT16,P53744
human_vs_yeast.hp_lehninger_c_nonpolar2.k18.lctrue.regions.parquet,Q6NT16,Q04602
human_vs_yeast.hp_lehninger_c_nonpolar2.k18.lctrue.regions.parquet,Q6NT16,Q12200
human_vs_yeast.hp_lehninger_c_nonpolar2.k18.lctrue.regions.parquet,Q6NT16,Q12256
human_vs_yeast.hp_lehninger_c_nonpolar2.k18.lctrue.regions.parquet,Q6PI73,Q12436
human_vs_yeast.hp_lehninger_c_nonpolar2.k18.lctrue.regions.parquet,Q6UWU4,P17898
human_vs_yeast.hp_lehninger_c_nonpolar2.k18.lctrue.regions.parquet,Q6UY11,P25639
human_vs_yeast.hp_lehninger_c_nonpolar2.k18.lctrue.regions.parquet,Q6ZNC8,P14020
human_vs_yeast.hp_lehninger_c_nonpolar2.k18.lctrue.regions.parquet,Q6ZNC8,P36096
human_vs_yeast.hp_lehninger_c_nonpolar2.k18.lctrue.regions.parquet,Q6ZNC8,P38702
human_vs_yeast.hp_lehninger_c_nonpolar2.k18.lctrue.regions.parquet,Q6ZNC8,P41815
human_vs_yeast.hp_lehninger_c_nonpolar2.k18.lctrue.regions.parquet,Q6ZNC8,P53223
human_vs_yeast.hp_lehninger_c_nonpolar2.k18.lctrue.regions.parquet,Q6ZNC8,Q06636
human_vs_yeast.hp_lehninger_c_nonpolar2.k18.lctrue.regions.parquet,Q6ZNC8,Q12016
human_vs_yeast.hp_lehninger_c_nonpolar2.k18.lctrue.regions.parquet,Q6ZNC8,Q12078
human_vs_yeast.hp_lehninger_c_nonpolar2.k18.lctrue.regions.parquet,Q7Z419,P25560
human_vs_yeast.hp_lehninger_c_nonpolar2.k18.lctrue.regions.parquet,Q86SQ4,P36142
human_vs_yeast.hp_lehninger_c_nonpolar2.k18.lctrue.regions.parquet,Q86SQ4,P38176
human_vs_yeast.hp_lehninger_c_nonpolar2.k18.lctrue.regions.parquet,Q86SQ4,P39547
human_vs_yeast.hp_lehninger_c_nonpolar2.k18.lctrue.regions.parquet,Q86SQ4,P51533
human_vs_yeast.hp_lehninger_c_nonpolar2.k18.lctrue.regions.parquet,Q86SQ4,P53898
human_vs_yeast.hp_lehninger_c_nonpolar2.k18.lctrue.regions.parquet,Q86SQ4,Q08980
human_vs_yeast.hp_lehninger_c_nonpolar2.k18.lctrue.regions.parquet,Q86SQ4,Q12200
human_vs_yeast.hp_lehninger_c_nonpolar2.k18.lctrue.regions.parquet,Q86VW1,P0CD99
human_vs_yeast.hp_lehninger_c_nonpolar2.k18.lctrue.regions.parquet,Q86VW1,P36035
human_vs_yeast.hp_lehninger_c_nonpolar2.k18.lctrue.regions.parquet,Q86VW1,P37296
human_vs_yeast.hp_lehninger_c_nonpolar2.k18.lctrue.regions.parquet,Q86VW1,P38776
human_vs_yeast.hp_lehninger_c_nonpolar2.k18.lctrue.regions.parquet,Q86VW1,P46996
human_vs_yeast.hp_lehninger_c_nonpolar2.k18.lctrue.regions.parquet,Q86VW1,P47026
human_vs_yeast.hp_lehninger_c_nonpolar2.k18.lctrue.regions.parquet,Q86VW1,P47154
human_vs_yeast.hp_lehninger_c_nonpolar2.k18.lctrue.regions.parquet,Q86VW1,P53730
human_vs_yeast.hp_lehninger_c_nonpolar2.k18.lctrue.regions.parquet,Q86VW1,Q06104
human_vs_yeast.hp_lehninger_c_nonpolar2.k18.lctrue.regions.parquet,Q86VW1,Q08299
human_vs_yeast.hp_lehninger_c_nonpolar2.k18.lctrue.regions.parquet,Q86VW1,Q12412
human_vs_yeast.hp_lehninger_c_nonpolar2.k18.lctrue.regions.parquet,Q86VW1,Q99271
human_vs_yeast.hp_lehninger_c_nonpolar2.k18.lctrue.regions.parquet,Q86WC4,P32901
human_vs_yeast.hp_lehninger_c_nonpolar2.k18.lctrue.regions.parquet,Q8IV45,Q04895
human_vs_yeast.hp_lehninger_c_nonpolar2.k18.lctrue.regions.parquet,Q8IZ57,P05316
human_vs_yeast.hp_lehninger_c_nonpolar2.k18.lctrue.regions.parquet,Q8IZ57,Q04895
human_vs_yeast.hp_lehninger_c_nonpolar2.k18.lctrue.regions.parquet,Q8IZF2,P38312
human_vs_yeast.hp_lehninger_c_nonpolar2.k18.lctrue.regions.parquet,Q8IZF2,P38776
human_vs_yeast.hp_lehninger_c_nonpolar2.k18.lctrue.regions.parquet,Q8IZF2,P46971
human_vs_yeast.hp_lehninger_c_nonpolar2.k18.lctrue.regions.parquet,Q8IZF2,P53932
human_vs_yeast.hp_lehninger_c_nonpolar2.k18.lctrue.regions.parquet,Q8IZF2,Q03193
human_vs_yeast.hp_lehninger_c_nonpolar2.k18.lctrue.regions.parquet,Q8IZF2,Q12209
human_vs_yeast.hp_lehninger_c_nonpolar2.k18.lctrue.regions.parquet,Q8IZF2,Q2V2P5
human_vs_yeast.hp_lehninger_c_nonpolar2.k18.lctrue.regions.parquet,Q8IZT8,P40100
human_vs_yeast.hp_lehninger_c_nonpolar2.k18.lctrue.regions.parquet,Q8N109,Q08650
human_vs_yeast.hp_lehninger_c_nonpolar2.k18.lctrue.regions.parquet,Q8N149,Q12436
human_vs_yeast.hp_lehninger_c_nonpolar2.k18.lctrue.regions.parquet,Q8N743,Q08650
human_vs_yeast.hp_lehninger_c_nonpolar2.k18.lctrue.regions.parquet,Q8N7C4,P38152
human_vs_yeast.hp_lehninger_c_nonpolar2.k18.lctrue.regions.parquet,Q8N7C4,P38329
human_vs_yeast.hp_lehninger_c_nonpolar2.k18.lctrue.regions.parquet,Q8N7C4,P41909
human_vs_yeast.hp_lehninger_c_nonpolar2.k18.lctrue.regions.parquet,Q8N7C4,Q07798
human_vs_yeast.hp_lehninger_c_nonpolar2.k18.lctrue.regions.parquet,Q8NA58,P40100
human_vs_yeast.hp_lehninger_c_nonpolar2.k18.lctrue.regions.parquet,Q8NC56,P52867
human_vs_yeast.hp_lehninger_c_nonpolar2.k18.lctrue.regions.parquet,Q8NC56,P53918
human_vs_yeast.hp_lehninger_c_nonpolar2.k18.lctrue.regions.parquet,Q8NE79,P13181
human_vs_yeast.hp_lehninger_c_nonpolar2.k18.lctrue.regions.parquet,Q8NE79,P14180
human_vs_yeast.hp_lehninger_c_nonpolar2.k18.lctrue.regions.parquet,Q8NF91,P43564
human_vs_yeast.hp_lehninger_c_nonpolar2.k18.lctrue.regions.parquet,Q8NHJ6,P15380
human_vs_yeast.hp_lehninger_c_nonpolar2.k18.lctrue.regions.parquet,Q8TB61,P0CD98
human_vs_yeast.hp_lehninger_c_nonpolar2.k18.lctrue.regions.parquet,Q8TB61,P25346
human_vs_yeast.hp_lehninger_c_nonpolar2.k18.lctrue.regions.parquet,Q8TB61,P32842
human_vs_yeast.hp_lehninger_c_nonpolar2.k18.lctrue.regions.parquet,Q8TB61,P36107
human_vs_yeast.hp_lehninger_c_nonpolar2.k18.lctrue.regions.parquet,Q8TB61,P38156
human_vs_yeast.hp_lehninger_c_nonpolar2.k18.lctrue.regions.parquet,Q8TB61,P38735
human_vs_yeast.hp_lehninger_c_nonpolar2.k18.lctrue.regions.parquet,Q8TB61,Q04835
human_vs_yeast.hp_lehninger_c_nonpolar2.k18.lctrue.regions.parquet,Q8TB61,Q12375
human_vs_yeast.hp_lehninger_c_nonpolar2.k18.lctrue.regions.parquet,Q8TB61,Q3E814
human_vs_yeast.hp_lehninger_c_nonpolar2.k18.lctrue.regions.parquet,Q8TEZ7,P13090
human_vs_yeast.hp_lehninger_c_nonpolar2.k18.lctrue.regions.parquet,Q8TEZ7,P40071
human_vs_yeast.hp_lehninger_c_nonpolar2.k18.lctrue.regions.parquet,Q8TEZ7,P40085
human_vs_yeast.hp_lehninger_c_nonpolar2.k18.lctrue.regions.parquet,Q8TEZ7,P53947
human_vs_yeast.hp_lehninger_c_nonpolar2.k18.lctrue.regions.parquet,Q8TEZ7,Q06991
human_vs_yeast.hp_lehninger_c_nonpolar2.k18.lctrue.regions.parquet,Q8WV19,P05374
human_vs_yeast.hp_lehninger_c_nonpolar2.k18.lctrue.regions.parquet,Q8WV19,P12685
human_vs_yeast.hp_lehninger_c_nonpolar2.k18.lctrue.regions.parquet,Q8WV19,Q04952
human_vs_yeast.hp_lehninger_c_nonpolar2.k18.lctrue.regions.parquet,Q8WV19,Q12674
human_vs_yeast.hp_lehninger_c_nonpolar2.k18.lctrue.regions.parquet,Q8WVV5,Q08991
human_vs_yeast.hp_lehninger_c_nonpolar2.k18.lctrue.regions.parquet,Q8WWU5,Q12256
human_vs_yeast.hp_lehninger_c_nonpolar2.k18.lctrue.regions.parquet,Q92504,P38329
human_vs_yeast.hp_lehninger_c_nonpolar2.k18.lctrue.regions.parquet,Q92504,P38734
human_vs_yeast.hp_lehninger_c_nonpolar2.k18.lctrue.regions.parquet,Q92504,P40309
human_vs_yeast.hp_lehninger_c_nonpolar2.k18.lctrue.regions.parquet,Q92504,P40501
human_vs_yeast.hp_lehninger_c_nonpolar2.k18.lctrue.regions.parquet,Q92504,Q02785
human_vs_yeast.hp_lehninger_c_nonpolar2.k18.lctrue.regions.parquet,Q96E22,P05030
human_vs_yeast.hp_lehninger_c_nonpolar2.k18.lctrue.regions.parquet,Q96E22,Q02795
human_vs_yeast.hp_lehninger_c_nonpolar2.k18.lctrue.regions.parquet,Q96E22,Q12010
human_vs_yeast.hp_lehninger_c_nonpolar2.k18.lctrue.regions.parquet,Q96FX8,P16151
human_vs_yeast.hp_lehninger_c_nonpolar2.k18.lctrue.regions.parquet,Q96FX8,P32915
human_vs_yeast.hp_lehninger_c_nonpolar2.k18.lctrue.regions.parquet,Q96FX8,P47185
human_vs_yeast.hp_lehninger_c_nonpolar2.k18.lctrue.regions.parquet,Q96FX8,Q04083
human_vs_yeast.hp_lehninger_c_nonpolar2.k18.lctrue.regions.parquet,Q96JX3,Q12119
human_vs_yeast.hp_lehninger_c_nonpolar2.k18.lctrue.regions.parquet,Q96KF7,P40474
human_vs_yeast.hp_lehninger_c_nonpolar2.k18.lctrue.regions.parquet,Q96RN1,P13181
human_vs_yeast.hp_lehninger_c_nonpolar2.k18.lctrue.regions.parquet,Q96RN1,P33550
human_vs_yeast.hp_lehninger_c_nonpolar2.k18.lctrue.regions.parquet,Q96RN1,P38221
human_vs_yeast.hp_lehninger_c_nonpolar2.k18.lctrue.regions.parquet,Q96RN1,P38361
human_vs_yeast.hp_lehninger_c_nonpolar2.k18.lctrue.regions.parquet,Q96RN1,P40527
human_vs_yeast.hp_lehninger_c_nonpolar2.k18.lctrue.regions.parquet,Q96RN1,P40857
human_vs_yeast.hp_lehninger_c_nonpolar2.k18.lctrue.regions.parquet,Q96RN1,P40988
human_vs_yeast.hp_lehninger_c_nonpolar2.k18.lctrue.regions.parquet,Q96RN1,P52923
human_vs_yeast.hp_lehninger_c_nonpolar2.k18.lctrue.regions.parquet,Q96RN1,P53241
human_vs_yeast.hp_lehninger_c_nonpolar2.k18.lctrue.regions.parquet,Q96RN1,Q99252
human_vs_yeast.hp_lehninger_c_nonpolar2.k18.lctrue.regions.parquet,Q96T54,P32378
human_vs_yeast.hp_lehninger_c_nonpolar2.k18.lctrue.regions.parquet,Q96T54,P38090
human_vs_yeast.hp_lehninger_c_nonpolar2.k18.lctrue.regions.parquet,Q96T54,P53154
human_vs_yeast.hp_lehninger_c_nonpolar2.k18.lctrue.regions.parquet,Q96T54,Q08980
human_vs_yeast.hp_lehninger_c_nonpolar2.k18.lctrue.regions.parquet,Q96T55,P06783
human_vs_yeast.hp_lehninger_c_nonpolar2.k18.lctrue.regions.parquet,Q96T55,P25613
human_vs_yeast.hp_lehninger_c_nonpolar2.k18.lctrue.regions.parquet,Q96T55,Q03640
human_vs_yeast.hp_lehninger_c_nonpolar2.k18.lctrue.regions.parquet,Q99706,P05375
human_vs_yeast.hp_lehninger_c_nonpolar2.k18.lctrue.regions.parquet,Q99808,P12684
human_vs_yeast.hp_lehninger_c_nonpolar2.k18.lctrue.regions.parquet,Q99808,P17898
human_vs_yeast.hp_lehninger_c_nonpolar2.k18.lctrue.regions.parquet,Q99808,P32660
human_vs_yeast.hp_lehninger_c_nonpolar2.k18.lctrue.regions.parquet,Q99808,P38318
human_vs_yeast.hp_lehninger_c_nonpolar2.k18.lctrue.regions.parquet,Q99808,P38361
human_vs_yeast.hp_lehninger_c_nonpolar2.k18.lctrue.regions.parquet,Q99808,P38745
human_vs_yeast.hp_lehninger_c_nonpolar2.k18.lctrue.regions.parquet,Q99808,P39010
human_vs_yeast.hp_lehninger_c_nonpolar2.k18.lctrue.regions.parquet,Q99808,P50076
human_vs_yeast.hp_lehninger_c_nonpolar2.k18.lctrue.regions.parquet,Q99808,P53756
human_vs_yeast.hp_lehninger_c_nonpolar2.k18.lctrue.regions.parquet,Q99808,Q04895
human_vs_yeast.hp_lehninger_c_nonpolar2.k18.lctrue.regions.parquet,Q99941,P23900
human_vs_yeast.hp_lehninger_c_nonpolar2.k18.lctrue.regions.parquet,Q99942,P08525
human_vs_yeast.hp_lehninger_c_nonpolar2.k18.lctrue.regions.parquet,Q99942,P52924
human_vs_yeast.hp_lehninger_c_nonpolar2.k18.lctrue.regions.parquet,Q99943,P40451
human_vs_yeast.hp_lehninger_c_nonpolar2.k18.lctrue.regions.parquet,Q99943,Q06991
human_vs_yeast.hp_lehninger_c_nonpolar2.k18.lctrue.regions.parquet,Q99946,P38250
human_vs_yeast.hp_lehninger_c_nonpolar2.k18.lctrue.regions.parquet,Q9BZJ6,P12684
human_vs_yeast.hp_lehninger_c_nonpolar2.k18.lctrue.regions.parquet,Q9BZJ6,P32802
human_vs_yeast.hp_lehninger_c_nonpolar2.k18.lctrue.regions.parquet,Q9BZJ6,P38849
human_vs_yeast.hp_lehninger_c_nonpolar2.k18.lctrue.regions.parquet,Q9BZJ6,P40260
human_vs_yeast.hp_lehninger_c_nonpolar2.k18.lctrue.regions.parquet,Q9BZJ6,Q02785
human_vs_yeast.hp_lehninger_c_nonpolar2.k18.lctrue.regions.parquet,Q9BZJ6,Q03529
human_vs_yeast.hp_lehninger_c_nonpolar2.k18.lctrue.regions.parquet,Q9BZJ6,Q08485
human_vs_yeast.hp_lehninger_c_nonpolar2.k18.lctrue.regions.parquet,Q9GZM5,P13181
human_vs_yeast.hp_lehninger_c_nonpolar2.k18.lctrue.regions.parquet,Q9GZM5,P38971
human_vs_yeast.hp_lehninger_c_nonpolar2.k18.lctrue.regions.parquet,Q9GZM5,P39012
human_vs_yeast.hp_lehninger_c_nonpolar2.k18.lctrue.regions.parquet,Q9GZM5,Q06538
human_vs_yeast.hp_lehninger_c_nonpolar2.k18.lctrue.regions.parquet,Q9GZM5,Q12396
human_vs_yeast.hp_lehninger_c_nonpolar2.k18.lctrue.regions.parquet,Q9GZR5,P06775
human_vs_yeast.hp_lehninger_c_nonpolar2.k18.lctrue.regions.parquet,Q9GZR5,P14772
human_vs_yeast.hp_lehninger_c_nonpolar2.k18.lctrue.regions.parquet,Q9GZR5,P32563
human_vs_yeast.hp_lehninger_c_nonpolar2.k18.lctrue.regions.parquet,Q9GZR5,P38318
human_vs_yeast.hp_lehninger_c_nonpolar2.k18.lctrue.regions.parquet,Q9GZR5,P53192
human_vs_yeast.hp_lehninger_c_nonpolar2.k18.lctrue.regions.parquet,Q9H1N7,P25596
human_vs_yeast.hp_lehninger_c_nonpolar2.k18.lctrue.regions.parquet,Q9H1N7,P32857
human_vs_yeast.hp_lehninger_c_nonpolar2.k18.lctrue.regions.parquet,Q9H1N7,P42946
human_vs_yeast.hp_lehninger_c_nonpolar2.k18.lctrue.regions.parquet,Q9H1N7,P53932
human_vs_yeast.hp_lehninger_c_nonpolar2.k18.lctrue.regions.parquet,Q9H1N7,Q03714
human_vs_yeast.hp_lehninger_c_nonpolar2.k18.lctrue.regions.parquet,Q9H1N7,Q04734
human_vs_yeast.hp_lehninger_c_nonpolar2.k18.lctrue.regions.parquet,Q9H1N7,Q04895
human_vs_yeast.hp_lehninger_c_nonpolar2.k18.lctrue.regions.parquet,Q9H1N7,Q08234
human_vs_yeast.hp_lehninger_c_nonpolar2.k18.lctrue.regions.parquet,Q9H1N7,Q08548
human_vs_yeast.hp_lehninger_c_nonpolar2.k18.lctrue.regions.parquet,Q9HBV1,P15380
human_vs_yeast.hp_lehninger_c_nonpolar2.k18.lctrue.regions.parquet,Q9HBV1,P32563
human_vs_yeast.hp_lehninger_c_nonpolar2.k18.lctrue.regions.parquet,Q9HBV1,P36107
human_vs_yeast.hp_lehninger_c_nonpolar2.k18.lctrue.regions.parquet,Q9HD23,P28584
human_vs_yeast.hp_lehninger_c_nonpolar2.k18.lctrue.regions.parquet,Q9HD23,P53723
human_vs_yeast.hp_lehninger_c_nonpolar2.k18.lctrue.regions.parquet,Q9NP99,P50077
human_vs_yeast.hp_lehninger_c_nonpolar2.k18.lctrue.regions.parquet,Q9NRA2,P23501
human_vs_yeast.hp_lehninger_c_nonpolar2.k18.lctrue.regions.parquet,Q9NRA2,P23797
human_vs_yeast.hp_lehninger_c_nonpolar2.k18.lctrue.regions.parquet,Q9NRA2,P25587
human_vs_yeast.hp_lehninger_c_nonpolar2.k18.lctrue.regions.parquet,Q9NRA2,P33550
human_vs_yeast.hp_lehninger_c_nonpolar2.k18.lctrue.regions.parquet,Q9NRA2,P38085
human_vs_yeast.hp_lehninger_c_nonpolar2.k18.lctrue.regions.parquet,Q9NRA2,P38087
human_vs_yeast.hp_lehninger_c_nonpolar2.k18.lctrue.regions.parquet,Q9NRA2,P38166
human_vs_yeast.hp_lehninger_c_nonpolar2.k18.lctrue.regions.parquet,Q9NRA2,P40169
human_vs_yeast.hp_lehninger_c_nonpolar2.k18.lctrue.regions.parquet,Q9NRA2,P46950
human_vs_yeast.hp_lehninger_c_nonpolar2.k18.lctrue.regions.parquet,Q9NRA2,Q07660
human_vs_yeast.hp_lehninger_c_nonpolar2.k18.lctrue.regions.parquet,Q9NUN5,P25594
human_vs_yeast.hp_lehninger_c_nonpolar2.k18.lctrue.regions.parquet,Q9NUN5,P32332
human_vs_yeast.hp_lehninger_c_nonpolar2.k18.lctrue.regions.parquet,Q9NUN5,P32467
human_vs_yeast.hp_lehninger_c_nonpolar2.k18.lctrue.regions.parquet,Q9NUN5,P35735
human_vs_yeast.hp_lehninger_c_nonpolar2.k18.lctrue.regions.parquet,Q9NUN5,P61829
human_vs_yeast.hp_lehninger_c_nonpolar2.k18.lctrue.regions.parquet,Q9NUN5,Q04952
human_vs_yeast.hp_lehninger_c_nonpolar2.k18.lctrue.regions.parquet,Q9NUN5,Q12372
human_vs_yeast.hp_lehninger_c_nonpolar2.k18.lctrue.regions.parquet,Q9NUN5,Q12424
human_vs_yeast.hp_lehninger_c_nonpolar2.k18.lctrue.regions.parquet,Q9NVV5,P31381
human_vs_yeast.hp_lehninger_c_nonpolar2.k18.lctrue.regions.parquet,Q9NVV5,P32842
human_vs_yeast.hp_lehninger_c_nonpolar2.k18.lctrue.regions.parquet,Q9NVV5,P39535
human_vs_yeast.hp_lehninger_c_nonpolar2.k18.lctrue.regions.parquet,Q9NVV5,P40526
human_vs_yeast.hp_lehninger_c_nonpolar2.k18.lctrue.regions.parquet,Q9NWH2,P30606
human_vs_yeast.hp_lehninger_c_nonpolar2.k18.lctrue.regions.parquet,Q9NWH2,P39543
human_vs_yeast.hp_lehninger_c_nonpolar2.k18.lctrue.regions.parquet,Q9NXB9,P25639
human_vs_yeast.hp_lehninger_c_nonpolar2.k18.lctrue.regions.parquet,Q9NXB9,P31381
human_vs_yeast.hp_lehninger_c_nonpolar2.k18.lctrue.regions.parquet,Q9NXB9,P39932
human_vs_yeast.hp_lehninger_c_nonpolar2.k18.lctrue.regions.parquet,Q9NXB9,P40351
human_vs_yeast.hp_lehninger_c_nonpolar2.k18.lctrue.regions.parquet,Q9NXB9,P53322
human_vs_yeast.hp_lehninger_c_nonpolar2.k18.lctrue.regions.parquet,Q9NYP7,P22215
human_vs_yeast.hp_lehninger_c_nonpolar2.k18.lctrue.regions.parquet,Q9NYP7,P38359
human_vs_yeast.hp_lehninger_c_nonpolar2.k18.lctrue.regions.parquet,Q9NYP7,P40351
human_vs_yeast.hp_lehninger_c_nonpolar2.k18.lctrue.regions.parquet,Q9NYP7,P87284
human_vs_yeast.hp_lehninger_c_nonpolar2.k18.lctrue.regions.parquet,Q9NYP7,Q12067
human_vs_yeast.hp_lehninger_c_nonpolar2.k18.lctrue.regions.parquet,Q9P1P4,P06783
human_vs_yeast.hp_lehninger_c_nonpolar2.k18.lctrue.regions.parquet,Q9P1P4,P12683
human_vs_yeast.hp_lehninger_c_nonpolar2.k18.lctrue.regions.parquet,Q9P1P4,P13090
human_vs_yeast.hp_lehninger_c_nonpolar2.k18.lctrue.regions.parquet,Q9P1P4,P25596
human_vs_yeast.hp_lehninger_c_nonpolar2.k18.lctrue.regions.parquet,Q9P2C4,P38428
human_vs_yeast.hp_lehninger_c_nonpolar2.k18.lctrue.regions.parquet,Q9P2C4,P51533
human_vs_yeast.hp_lehninger_c_nonpolar2.k18.lctrue.regions.parquet,Q9P2C4,Q08980
human_vs_yeast.hp_lehninger_c_nonpolar2.k18.lctrue.regions.parquet,Q9P2C4,Q12013
human_vs_yeast.hp_lehninger_c_nonpolar2.k18.lctrue.regions.parquet,Q9UBU6,P36032
human_vs_yeast.hp_lehninger_c_nonpolar2.k18.lctrue.regions.parquet,Q9UBU6,P54003
human_vs_yeast.hp_lehninger_c_nonpolar2.k18.lctrue.regions.parquet,Q9UBU6,Q02896
human_vs_yeast.hp_lehninger_c_nonpolar2.k18.lctrue.regions.parquet,Q9UGF6,P28584
human_vs_yeast.hp_lehninger_c_nonpolar2.k18.lctrue.regions.parquet,Q9UGF6,P30606
human_vs_yeast.hp_lehninger_c_nonpolar2.k18.lctrue.regions.parquet,Q9UGF6,P32466
human_vs_yeast.hp_lehninger_c_nonpolar2.k18.lctrue.regions.parquet,Q9UGF6,P36032
human_vs_yeast.hp_lehninger_c_nonpolar2.k18.lctrue.regions.parquet,Q9UGF6,P38342
human_vs_yeast.hp_lehninger_c_nonpolar2.k18.lctrue.regions.parquet,Q9UGF6,Q04835
human_vs_yeast.hp_lehninger_c_nonpolar2.k18.lctrue.regions.parquet,Q9UGF6,Q06676
human_vs_yeast.hp_lehninger_c_nonpolar2.k18.lctrue.regions.parquet,Q9UGP8,P00401
human_vs_yeast.hp_lehninger_c_nonpolar2.k18.lctrue.regions.parquet,Q9UGP8,Q03770
human_vs_yeast.hp_lehninger_c_nonpolar2.k18.lctrue.regions.parquet,Q9ULH4,P23968
human_vs_yeast.hp_lehninger_c_nonpolar2.k18.lctrue.regions.parquet,Q9Y2C2,P38954
human_vs_yeast.hp_lehninger_c_nonpolar2.k18.lctrue.regions.parquet,Q9Y2C5,P38085
human_vs_yeast.hp_lehninger_c_nonpolar2.k18.lctrue.regions.parquet,Q9Y2C5,P39925
human_vs_yeast.hp_lehninger_c_nonpolar2.k18.lctrue.regions.parquet,Q9Y2C5,P47153
human_vs_yeast.hp_lehninger_c_nonpolar2.k18.lctrue.regions.parquet,Q9Y2C5,P53322
human_vs_yeast.hp_lehninger_c_nonpolar2.k18.lctrue.regions.parquet,Q9Y2C5,P53845
human_vs_yeast.hp_lehninger_c_nonpolar2.k18.lctrue.regions.parquet,Q9Y2C5,P53868
human_vs_yeast.hp_lehninger_c_nonpolar2.k18.lctrue.regions.parquet,Q9Y2C5,Q12235
human_vs_yeast.hp_lehninger_c_nonpolar2.k18.lctrue.regions.parquet,Q9Y5U8,P40100
human_vs_yeast.hp_lehninger_c_nonpolar2.k18.lctrue.regions.parquet,Q9Y5W7,P0CD91
human_vs_yeast.hp_lehninger_c_nonpolar2.k18.lctrue.regions.parquet,Q9Y5W7,P33338
human_vs_yeast.hp_lehninger_c_nonpolar2.k18.lctrue.regions.parquet,Q9Y694,P17898
human_vs_yeast.hp_lehninger_c_nonpolar2.k18.lctrue.regions.parquet,Q9Y694,P23585
human_vs_yeast.hp_lehninger_c_nonpolar2.k18.lctrue.regions.parquet,Q9Y694,P25346
human_vs_yeast.hp_lehninger_c_nonpolar2.k18.lctrue.regions.parquet,Q9Y694,P32487
human_vs_yeast.hp_lehninger_c_nonpolar2.k18.lctrue.regions.parquet,Q9Y694,P38355
human_vs_yeast.hp_lehninger_c_nonpolar2.k18.lctrue.regions.parquet,Q9Y694,P38925
human_vs_yeast.hp_lehninger_c_nonpolar2.k18.lctrue.regions.parquet,Q9Y694,P39953
human_vs_yeast.hp_lehninger_c_nonpolar2.k18.lctrue.regions.parquet,Q9Y694,P40074
human_vs_yeast.hp_lehninger_c_nonpolar2.k18.lctrue.regions.parquet,Q9Y694,P53241
human_vs_yeast.hp_lehninger_c_nonpolar2.k18.lctrue.regions.parquet,Q9Y694,Q06538
human_vs_yeast.hp_lehninger_c_nonpolar2.k18.lctrue.regions.parquet,Q9Y694,Q12402
human_vs_yeast.hp_thomas_dill2.k19.lctrue.regions.parquet,A0A3B3IU46,P38271
human_vs_yeast.hp_thomas_dill2.k19.lctrue.regions.parquet,A0A3B3IU46,P38310
human_vs_yeast.hp_thomas_dill2.k19.lctrue.regions.parquet,A1A5C7,P15801
human_vs_yeast.hp_thomas_dill2.k19.lctrue.regions.parquet,A1A5C7,P40856
human_vs_yeast.hp_thomas_dill2.k19.lctrue.regions.parquet,A7XYQ1,P12383
human_vs_yeast.hp_thomas_dill2.k19.lctrue.regions.parquet,A7XYQ1,P32334
human_vs_yeast.hp_thomas_dill2.k19.lctrue.regions.parquet,A7XYQ1,P32622
human_vs_yeast.hp_thomas_dill2.k19.lctrue.regions.parquet,A7XYQ1,P32916
human_vs_yeast.hp_thomas_dill2.k19.lctrue.regions.parquet,A7XYQ1,P49704
human_vs_yeast.hp_thomas_dill2.k19.lctrue.regions.parquet,H3BQB6,P39104
human_vs_yeast.hp_thomas_dill2.k19.lctrue.regions.parquet,H3BQB6,Q07528
human_vs_yeast.hp_thomas_dill2.k19.lctrue.regions.parquet,H3BQB6,Q12257
human_vs_yeast.hp_thomas_dill2.k19.lctrue.regions.parquet,O00141,P36531
human_vs_yeast.hp_thomas_dill2.k19.lctrue.regions.parquet,O00453,P21373
human_vs_yeast.hp_thomas_dill2.k19.lctrue.regions.parquet,O00478,P36108
human_vs_yeast.hp_thomas_dill2.k19.lctrue.regions.parquet,O00479,Q07878
human_vs_yeast.hp_thomas_dill2.k19.lctrue.regions.parquet,O00548,P15938
human_vs_yeast.hp_thomas_dill2.k19.lctrue.regions.parquet,O00716,P23748
human_vs_yeast.hp_thomas_dill2.k19.lctrue.regions.parquet,O00716,Q02884
human_vs_yeast.hp_thomas_dill2.k19.lctrue.regions.parquet,O00716,Q03695
human_vs_yeast.hp_thomas_dill2.k19.lctrue.regions.parquet,O00716,Q12196
human_vs_yeast.hp_thomas_dill2.k19.lctrue.regions.parquet,O15056,P32588
human_vs_yeast.hp_thomas_dill2.k19.lctrue.regions.parquet,O15056,P53150
human_vs_yeast.hp_thomas_dill2.k19.lctrue.regions.parquet,O15056,Q01389
human_vs_yeast.hp_thomas_dill2.k19.lctrue.regions.parquet,O15209,P0CE41
human_vs_yeast.hp_thomas_dill2.k19.lctrue.regions.parquet,O15209,P31380
human_vs_yeast.hp_thomas_dill2.k19.lctrue.regions.parquet,O15400,P48237
human_vs_yeast.hp_thomas_dill2.k19.lctrue.regions.parquet,O43167,P48565
human_vs_yeast.hp_thomas_dill2.k19.lctrue.regions.parquet,O43167,Q03497
human_vs_yeast.hp_thomas_dill2.k19.lctrue.regions.parquet,O43167,Q08237
human_vs_yeast.hp_thomas_dill2.k19.lctrue.regions.parquet,O43196,Q04958
human_vs_yeast.hp_thomas_dill2.k19.lctrue.regions.parquet,O43309,P53044
human_vs_yeast.hp_thomas_dill2.k19.lctrue.regions.parquet,O43318,P38314
human_vs_yeast.hp_thomas_dill2.k19.lctrue.regions.parquet,O43318,P49686
human_vs_yeast.hp_thomas_dill2.k19.lctrue.regions.parquet,O43318,P53551
human_vs_yeast.hp_thomas_dill2.k19.lctrue.regions.parquet,O43324,P53552
human_vs_yeast.hp_thomas_dill2.k19.lctrue.regions.parquet,O43524,P38305
human_vs_yeast.hp_thomas_dill2.k19.lctrue.regions.parquet,O43524,P38427
human_vs_yeast.hp_thomas_dill2.k19.lctrue.regions.parquet,O43680,Q12505
human_vs_yeast.hp_thomas_dill2.k19.lctrue.regions.parquet,O60231,P36026
human_vs_yeast.hp_thomas_dill2.k19.lctrue.regions.parquet,O60231,Q12128
human_vs_yeast.hp_thomas_dill2.k19.lctrue.regions.parquet,O60242,Q12206
human_vs_yeast.hp_thomas_dill2.k19.lctrue.regions.parquet,O60260,P25628
human_vs_yeast.hp_thomas_dill2.k19.lctrue.regions.parquet,O60281,P22579
human_vs_yeast.hp_thomas_dill2.k19.lctrue.regions.parquet,O60281,P30606
human_vs_yeast.hp_thomas_dill2.k19.lctrue.regions.parquet,O60281,P32479
human_vs_yeast.hp_thomas_dill2.k19.lctrue.regions.parquet,O60281,P38803
human_vs_yeast.hp_thomas_dill2.k19.lctrue.regions.parquet,O60281,P38871
human_vs_yeast.hp_thomas_dill2.k19.lctrue.regions.parquet,O60281,P40065
human_vs_yeast.hp_thomas_dill2.k19.lctrue.regions.parquet,O60281,P53075
human_vs_yeast.hp_thomas_dill2.k19.lctrue.regions.parquet,O60281,Q03063
human_vs_yeast.hp_thomas_dill2.k19.lctrue.regions.parquet,O60281,Q06116
human_vs_yeast.hp_thomas_dill2.k19.lctrue.regions.parquet,O60508,P46946
human_vs_yeast.hp_thomas_dill2.k19.lctrue.regions.parquet,O60508,Q05900
human_vs_yeast.hp_thomas_dill2.k19.lctrue.regions.parquet,O60547,Q03323
human_vs_yeast.hp_thomas_dill2.k19.lctrue.regions.parquet,O60641,P38261
human_vs_yeast.hp_thomas_dill2.k19.lctrue.regions.parquet,O60641,Q06001
human_vs_yeast.hp_thomas_dill2.k19.lctrue.regions.parquet,O60641,Q12340
human_vs_yeast.hp_thomas_dill2.k19.lctrue.regions.parquet,O75019,P39744
human_vs_yeast.hp_thomas_dill2.k19.lctrue.regions.parquet,O75022,P34761
human_vs_yeast.hp_thomas_dill2.k19.lctrue.regions.parquet,O75023,P36169
human_vs_yeast.hp_thomas_dill2.k19.lctrue.regions.parquet,O75023,Q12338
human_vs_yeast.hp_thomas_dill2.k19.lctrue.regions.parquet,O75167,P06634
human_vs_yeast.hp_thomas_dill2.k19.lctrue.regions.parquet,O75167,P29478
human_vs_yeast.hp_thomas_dill2.k19.lctrue.regions.parquet,O75167,P47185
human_vs_yeast.hp_thomas_dill2.k19.lctrue.regions.parquet,O75496,P17260
human_vs_yeast.hp_thomas_dill2.k19.lctrue.regions.parquet,O75496,P39732
human_vs_yeast.hp_thomas_dill2.k19.lctrue.regions.parquet,O75603,P53890
human_vs_yeast.hp_thomas_dill2.k19.lctrue.regions.parquet,O75626,Q03735
human_vs_yeast.hp_thomas_dill2.k19.lctrue.regions.parquet,O76064,Q08817
human_vs_yeast.hp_thomas_dill2.k19.lctrue.regions.parquet,O77932,P40080
human_vs_yeast.hp_thomas_dill2.k19.lctrue.regions.parquet,O94874,P29465
human_vs_yeast.hp_thomas_dill2.k19.lctrue.regions.parquet,O94874,Q03690
human_vs_yeast.hp_thomas_dill2.k19.lctrue.regions.parquet,O95238,P34244
human_vs_yeast.hp_thomas_dill2.k19.lctrue.regions.parquet,O95279,P31380
human_vs_yeast.hp_thomas_dill2.k19.lctrue.regions.parquet,O95279,P32783
human_vs_yeast.hp_thomas_dill2.k19.lctrue.regions.parquet,O95279,P47128
human_vs_yeast.hp_thomas_dill2.k19.lctrue.regions.parquet,O95677,P09547
human_vs_yeast.hp_thomas_dill2.k19.lctrue.regions.parquet,O95677,P34239
human_vs_yeast.hp_thomas_dill2.k19.lctrue.regions.parquet,O95677,P38250
human_vs_yeast.hp_thomas_dill2.k19.lctrue.regions.parquet,O95835,P21373
human_vs_yeast.hp_thomas_dill2.k19.lctrue.regions.parquet,O95835,P35817
human_vs_yeast.hp_thomas_dill2.k19.lctrue.regions.parquet,O95835,P38878
human_vs_yeast.hp_thomas_dill2.k19.lctrue.regions.parquet,O95835,Q08967
human_vs_yeast.hp_thomas_dill2.k19.lctrue.regions.parquet,O95873,P48362
human_vs_yeast.hp_thomas_dill2.k19.lctrue.regions.parquet,O95944,Q04233
human_vs_yeast.hp_thomas_dill2.k19.lctrue.regions.parquet,P00488,P32907
human_vs_yeast.hp_thomas_dill2.k19.lctrue.regions.parquet,P01889,P38724
human_vs_yeast.hp_thomas_dill2.k19.lctrue.regions.parquet,P04908,Q02208
human_vs_yeast.hp_thomas_dill2.k19.lctrue.regions.parquet,P08238,P15108
human_vs_yeast.hp_thomas_dill2.k19.lctrue.regions.parquet,P08519,P07213
human_vs_yeast.hp_thomas_dill2.k19.lctrue.regions.parquet,P08922,P28000
human_vs_yeast.hp_thomas_dill2.k19.lctrue.regions.parquet,P08F94,P06782
human_vs_yeast.hp_thomas_dill2.k19.lctrue.regions.parquet,P09210,P48561
human_vs_yeast.hp_thomas_dill2.k19.lctrue.regions.parquet,P0C0S8,Q02208
human_vs_yeast.hp_thomas_dill2.k19.lctrue.regions.parquet,P0DMV8,Q12502
human_vs_yeast.hp_thomas_dill2.k19.lctrue.regions.parquet,P0DMV9,Q12502
human_vs_yeast.hp_thomas_dill2.k19.lctrue.regions.parquet,P10242,P25302
human_vs_yeast.hp_thomas_dill2.k19.lctrue.regions.parquet,P10242,Q99299
human_vs_yeast.hp_thomas_dill2.k19.lctrue.regions.parquet,P11717,Q03361
human_vs_yeast.hp_thomas_dill2.k19.lctrue.regions.parquet,P11831,P18963
human_vs_yeast.hp_thomas_dill2.k19.lctrue.regions.parquet,P11831,P25441
human_vs_yeast.hp_thomas_dill2.k19.lctrue.regions.parquet,P11831,P39943
human_vs_yeast.hp_thomas_dill2.k19.lctrue.regions.parquet,P12872,P50104
human_vs_yeast.hp_thomas_dill2.k19.lctrue.regions.parquet,P13942,P52917
human_vs_yeast.hp_thomas_dill2.k19.lctrue.regions.parquet,P15260,P37012
human_vs_yeast.hp_thomas_dill2.k19.lctrue.regions.parquet,P15311,Q12176
human_vs_yeast.hp_thomas_dill2.k19.lctrue.regions.parquet,P15311,Q12379
human_vs_yeast.hp_thomas_dill2.k19.lctrue.regions.parquet,P15822,P25299
human_vs_yeast.hp_thomas_dill2.k19.lctrue.regions.parquet,P15822,P32776
human_vs_yeast.hp_thomas_dill2.k19.lctrue.regions.parquet,P15822,P36143
human_vs_yeast.hp_thomas_dill2.k19.lctrue.regions.parquet,P15822,P38970
human_vs_yeast.hp_thomas_dill2.k19.lctrue.regions.parquet,P15822,P43605
human_vs_yeast.hp_thomas_dill2.k19.lctrue.regions.parquet,P15822,P47018
human_vs_yeast.hp_thomas_dill2.k19.lctrue.regions.parquet,P15822,P47976
human_vs_yeast.hp_thomas_dill2.k19.lctrue.regions.parquet,P15822,P50896
human_vs_yeast.hp_thomas_dill2.k19.lctrue.regions.parquet,P15822,P51979
human_vs_yeast.hp_thomas_dill2.k19.lctrue.regions.parquet,P15822,P53120
human_vs_yeast.hp_thomas_dill2.k19.lctrue.regions.parquet,P15822,P53329
human_vs_yeast.hp_thomas_dill2.k19.lctrue.regions.parquet,P15822,Q03280
human_vs_yeast.hp_thomas_dill2.k19.lctrue.regions.parquet,P16403,Q06053
human_vs_yeast.hp_thomas_dill2.k19.lctrue.regions.parquet,P19484,P53094
human_vs_yeast.hp_thomas_dill2.k19.lctrue.regions.parquet,P19484,Q03654
human_vs_yeast.hp_thomas_dill2.k19.lctrue.regions.parquet,P19484,Q06706
human_vs_yeast.hp_thomas_dill2.k19.lctrue.regions.parquet,P20265,Q05043
human_vs_yeast.hp_thomas_dill2.k19.lctrue.regions.parquet,P20265,Q07084
human_vs_yeast.hp_thomas_dill2.k19.lctrue.regions.parquet,P20671,Q02208
human_vs_yeast.hp_thomas_dill2.k19.lctrue.regions.parquet,P21580,P27514
human_vs_yeast.hp_thomas_dill2.k19.lctrue.regions.parquet,P21580,P31380
human_vs_yeast.hp_thomas_dill2.k19.lctrue.regions.parquet,P21580,P47030
human_vs_yeast.hp_thomas_dill2.k19.lctrue.regions.parquet,P22492,P54780
human_vs_yeast.hp_thomas_dill2.k19.lctrue.regions.parquet,P24046,P02829
human_vs_yeast.hp_thomas_dill2.k19.lctrue.regions.parquet,P24863,P04819
human_vs_yeast.hp_thomas_dill2.k19.lctrue.regions.parquet,P25063,P36168
human_vs_yeast.hp_thomas_dill2.k19.lctrue.regions.parquet,P25205,Q12221
human_vs_yeast.hp_thomas_dill2.k19.lctrue.regions.parquet,P28062,Q06628
human_vs_yeast.hp_thomas_dill2.k19.lctrue.regions.parquet,P28222,P15700
human_vs_yeast.hp_thomas_dill2.k19.lctrue.regions.parquet,P31629,P10870
human_vs_yeast.hp_thomas_dill2.k19.lctrue.regions.parquet,P31629,P33333
human_vs_yeast.hp_thomas_dill2.k19.lctrue.regions.parquet,P31629,P35197
human_vs_yeast.hp_thomas_dill2.k19.lctrue.regions.parquet,P31629,P35201
human_vs_yeast.hp_thomas_dill2.k19.lctrue.regions.parquet,P31629,P39928
human_vs_yeast.hp_thomas_dill2.k19.lctrue.regions.parquet,P31629,P53297
human_vs_yeast.hp_thomas_dill2.k19.lctrue.regions.parquet,P31629,Q08229
human_vs_yeast.hp_thomas_dill2.k19.lctrue.regions.parquet,P31629,Q12412
human_vs_yeast.hp_thomas_dill2.k19.lctrue.regions.parquet,P33981,P38132
human_vs_yeast.hp_thomas_dill2.k19.lctrue.regions.parquet,P36508,P22211
human_vs_yeast.hp_thomas_dill2.k19.lctrue.regions.parquet,P36508,P32492
human_vs_yeast.hp_thomas_dill2.k19.lctrue.regions.parquet,P36915,P53973
human_vs_yeast.hp_thomas_dill2.k19.lctrue.regions.parquet,P36915,Q04233
human_vs_yeast.hp_thomas_dill2.k19.lctrue.regions.parquet,P38936,P43610
human_vs_yeast.hp_thomas_dill2.k19.lctrue.regions.parquet,P40425,P21957
human_vs_yeast.hp_thomas_dill2.k19.lctrue.regions.parquet,P40425,P35201
human_vs_yeast.hp_thomas_dill2.k19.lctrue.regions.parquet,P40425,P52919
human_vs_yeast.hp_thomas_dill2.k19.lctrue.regions.parquet,P43307,P25558
human_vs_yeast.hp_thomas_dill2.k19.lctrue.regions.parquet,P43307,P38811
human_vs_yeast.hp_thomas_dill2.k19.lctrue.regions.parquet,P43629,P18494
human_vs_yeast.hp_thomas_dill2.k19.lctrue.regions.parquet,P43631,P39009
human_vs_yeast.hp_thomas_dill2.k19.lctrue.regions.parquet,P43632,P39009
human_vs_yeast.hp_thomas_dill2.k19.lctrue.regions.parquet,P48634,P27895
human_vs_yeast.hp_thomas_dill2.k19.lctrue.regions.parquet,P48634,P34161
human_vs_yeast.hp_thomas_dill2.k19.lctrue.regions.parquet,P48634,Q12465
human_vs_yeast.hp_thomas_dill2.k19.lctrue.regions.parquet,P49643,P14724
human_vs_yeast.hp_thomas_dill2.k19.lctrue.regions.parquet,P49790,P19812
human_vs_yeast.hp_thomas_dill2.k19.lctrue.regions.parquet,P49790,P24309
human_vs_yeast.hp_thomas_dill2.k19.lctrue.regions.parquet,P49790,P32618
human_vs_yeast.hp_thomas_dill2.k19.lctrue.regions.parquet,P49790,P52488
human_vs_yeast.hp_thomas_dill2.k19.lctrue.regions.parquet,P49790,P53897
human_vs_yeast.hp_thomas_dill2.k19.lctrue.regions.parquet,P49790,P54861
human_vs_yeast.hp_thomas_dill2.k19.lctrue.regions.parquet,P54253,P39523
human_vs_yeast.hp_thomas_dill2.k19.lctrue.regions.parquet,P54253,P39940
human_vs_yeast.hp_thomas_dill2.k19.lctrue.regions.parquet,P54253,P40993
human_vs_yeast.hp_thomas_dill2.k19.lctrue.regions.parquet,P54253,Q08650
human_vs_yeast.hp_thomas_dill2.k19.lctrue.regions.parquet,P55196,P38176
human_vs_yeast.hp_thomas_dill2.k19.lctrue.regions.parquet,P55196,Q08932
human_vs_yeast.hp_thomas_dill2.k19.lctrue.regions.parquet,P55196,Q12123
human_vs_yeast.hp_thomas_dill2.k19.lctrue.regions.parquet,P55196,Q12128
human_vs_yeast.hp_thomas_dill2.k19.lctrue.regions.parquet,P62805,P48561
human_vs_yeast.hp_thomas_dill2.k19.lctrue.regions.parquet,P63128,P20438
human_vs_yeast.hp_thomas_dill2.k19.lctrue.regions.parquet,P63128,Q12188
human_vs_yeast.hp_thomas_dill2.k19.lctrue.regions.parquet,P68431,P61830
human_vs_yeast.hp_thomas_dill2.k19.lctrue.regions.parquet,P84103,P53857
human_vs_yeast.hp_thomas_dill2.k19.lctrue.regions.parquet,P84103,Q03774
human_vs_yeast.hp_thomas_dill2.k19.lctrue.regions.parquet,Q01151,P25294
human_vs_yeast.hp_thomas_dill2.k19.lctrue.regions.parquet,Q01860,P40260
human_vs_yeast.hp_thomas_dill2.k19.lctrue.regions.parquet,Q01860,Q02208
human_vs_yeast.hp_thomas_dill2.k19.lctrue.regions.parquet,Q02952,P38987
human_vs_yeast.hp_thomas_dill2.k19.lctrue.regions.parquet,Q02952,P40169
human_vs_yeast.hp_thomas_dill2.k19.lctrue.regions.parquet,Q02952,P47069
human_vs_yeast.hp_thomas_dill2.k19.lctrue.regions.parquet,Q02952,Q06488
human_vs_yeast.hp_thomas_dill2.k19.lctrue.regions.parquet,Q03181,P32578
human_vs_yeast.hp_thomas_dill2.k19.lctrue.regions.parquet,Q04900,Q02948
human_vs_yeast.hp_thomas_dill2.k19.lctrue.regions.parquet,Q06587,P25555
human_vs_yeast.hp_thomas_dill2.k19.lctrue.regions.parquet,Q06587,P38822
human_vs_yeast.hp_thomas_dill2.k19.lctrue.regions.parquet,Q12899,P40494
human_vs_yeast.hp_thomas_dill2.k19.lctrue.regions.parquet,Q12947,P38263
human_vs_yeast.hp_thomas_dill2.k19.lctrue.regions.parquet,Q12947,P40485
human_vs_yeast.hp_thomas_dill2.k19.lctrue.regions.parquet,Q12947,P50104
human_vs_yeast.hp_thomas_dill2.k19.lctrue.regions.parquet,Q12948,P40577
human_vs_yeast.hp_thomas_dill2.k19.lctrue.regions.parquet,Q12948,Q03735
human_vs_yeast.hp_thomas_dill2.k19.lctrue.regions.parquet,Q13410,Q05040
human_vs_yeast.hp_thomas_dill2.k19.lctrue.regions.parquet,Q13451,P38249
human_vs_yeast.hp_thomas_dill2.k19.lctrue.regions.parquet,Q13451,P39943
human_vs_yeast.hp_thomas_dill2.k19.lctrue.regions.parquet,Q13546,P25341
human_vs_yeast.hp_thomas_dill2.k19.lctrue.regions.parquet,Q13546,Q02887
human_vs_yeast.hp_thomas_dill2.k19.lctrue.regions.parquet,Q13950,P40340
human_vs_yeast.hp_thomas_dill2.k19.lctrue.regions.parquet,Q13950,P43601
human_vs_yeast.hp_thomas_dill2.k19.lctrue.regions.parquet,Q14244,Q08965
human_vs_yeast.hp_thomas_dill2.k19.lctrue.regions.parquet,Q14244,Q12043
human_vs_yeast.hp_thomas_dill2.k19.lctrue.regions.parquet,Q14511,P32639
human_vs_yeast.hp_thomas_dill2.k19.lctrue.regions.parquet,Q14511,P40358
human_vs_yeast.hp_thomas_dill2.k19.lctrue.regions.parquet,Q14511,P48813
human_vs_yeast.hp_thomas_dill2.k19.lctrue.regions.parquet,Q14676,P32334
human_vs_yeast.hp_thomas_dill2.k19.lctrue.regions.parquet,Q14676,Q03690
human_vs_yeast.hp_thomas_dill2.k19.lctrue.regions.parquet,Q14676,Q04545
human_vs_yeast.hp_thomas_dill2.k19.lctrue.regions.parquet,Q14676,Q12019
human_vs_yeast.hp_thomas_dill2.k19.lctrue.regions.parquet,Q14676,Q12515
human_vs_yeast.hp_thomas_dill2.k19.lctrue.regions.parquet,Q14738,P32790
human_vs_yeast.hp_thomas_dill2.k19.lctrue.regions.parquet,Q14953,Q12256
human_vs_yeast.hp_thomas_dill2.k19.lctrue.regions.parquet,Q14954,P39009
human_vs_yeast.hp_thomas_dill2.k19.lctrue.regions.parquet,Q14993,P17442
human_vs_yeast.hp_thomas_dill2.k19.lctrue.regions.parquet,Q14993,P53616
human_vs_yeast.hp_thomas_dill2.k19.lctrue.regions.parquet,Q14993,Q08287
human_vs_yeast.hp_thomas_dill2.k19.lctrue.regions.parquet,Q149N8,Q12256
human_vs_yeast.hp_thomas_dill2.k19.lctrue.regions.parquet,Q149N8,Q12421
human_vs_yeast.hp_thomas_dill2.k19.lctrue.regions.parquet,Q15109,Q03735
human_vs_yeast.hp_thomas_dill2.k19.lctrue.regions.parquet,Q15544,Q12209
human_vs_yeast.hp_thomas_dill2.k19.lctrue.regions.parquet,Q15651,P39940
human_vs_yeast.hp_thomas_dill2.k19.lctrue.regions.parquet,Q15776,P37304
human_vs_yeast.hp_thomas_dill2.k19.lctrue.regions.parquet,Q16626,P23748
human_vs_yeast.hp_thomas_dill2.k19.lctrue.regions.parquet,Q16626,Q07979
human_vs_yeast.hp_thomas_dill2.k19.lctrue.regions.parquet,Q16670,P38695
human_vs_yeast.hp_thomas_dill2.k19.lctrue.regions.parquet,Q16670,P53145
human_vs_yeast.hp_thomas_dill2.k19.lctrue.regions.parquet,Q4ZHG4,P39016
human_vs_yeast.hp_thomas_dill2.k19.lctrue.regions.parquet,Q4ZHG4,P41895
human_vs_yeast.hp_thomas_dill2.k19.lctrue.regions.parquet,Q4ZHG4,P43611
human_vs_yeast.hp_thomas_dill2.k19.lctrue.regions.parquet,Q5JTD0,P40055
human_vs_yeast.hp_thomas_dill2.k19.lctrue.regions.parquet,Q5JTD0,Q08930
human_vs_yeast.hp_thomas_dill2.k19.lctrue.regions.parquet,Q5JTD0,Q12044
human_vs_yeast.hp_thomas_dill2.k19.lctrue.regions.parquet,Q5JVL4,P40535
human_vs_yeast.hp_thomas_dill2.k19.lctrue.regions.parquet,Q5JVL4,Q99207
human_vs_yeast.hp_thomas_dill2.k19.lctrue.regions.parquet,Q5JXM2,P52917
human_vs_yeast.hp_thomas_dill2.k19.lctrue.regions.parquet,Q5M9Q1,Q08446
human_vs_yeast.hp_thomas_dill2.k19.lctrue.regions.parquet,Q5SQI0,P17260
human_vs_yeast.hp_thomas_dill2.k19.lctrue.regions.parquet,Q5SQI0,Q02457
human_vs_yeast.hp_thomas_dill2.k19.lctrue.regions.parquet,Q5SSQ6,P38691
human_vs_yeast.hp_thomas_dill2.k19.lctrue.regions.parquet,Q5SW24,P14772
human_vs_yeast.hp_thomas_dill2.k19.lctrue.regions.parquet,Q5SW24,P22148
human_vs_yeast.hp_thomas_dill2.k19.lctrue.regions.parquet,Q5SW24,Q12495
human_vs_yeast.hp_thomas_dill2.k19.lctrue.regions.parquet,Q5SZL2,P39523
human_vs_yeast.hp_thomas_dill2.k19.lctrue.regions.parquet,Q5SZL2,P40327
human_vs_yeast.hp_thomas_dill2.k19.lctrue.regions.parquet,Q5T0W9,P46963
human_vs_yeast.hp_thomas_dill2.k19.lctrue.regions.parquet,Q5T0W9,Q04322
human_vs_yeast.hp_thomas_dill2.k19.lctrue.regions.parquet,Q5T3U5,P34756
human_vs_yeast.hp_thomas_dill2.k19.lctrue.regions.parquet,Q5T5C0,P40458
human_vs_yeast.hp_thomas_dill2.k19.lctrue.regions.parquet,Q5T5C0,P40577
human_vs_yeast.hp_thomas_dill2.k19.lctrue.regions.parquet,Q5T5C0,Q06677
human_vs_yeast.hp_thomas_dill2.k19.lctrue.regions.parquet,Q5TAB7,P32335
human_vs_yeast.hp_thomas_dill2.k19.lctrue.regions.parquet,Q5TB80,P35736
human_vs_yeast.hp_thomas_dill2.k19.lctrue.regions.parquet,Q5TB80,P40484
human_vs_yeast.hp_thomas_dill2.k19.lctrue.regions.parquet,Q5TB80,Q04835
human_vs_yeast.hp_thomas_dill2.k19.lctrue.regions.parquet,Q5TCS8,P35718
human_vs_yeast.hp_thomas_dill2.k19.lctrue.regions.parquet,Q5TCS8,P38814
human_vs_yeast.hp_thomas_dill2.k19.lctrue.regions.parquet,Q5TCS8,P48582
human_vs_yeast.hp_thomas_dill2.k19.lctrue.regions.parquet,Q5TCS8,P53552
human_vs_yeast.hp_thomas_dill2.k19.lctrue.regions.parquet,Q5TCS8,Q05515
human_vs_yeast.hp_thomas_dill2.k19.lctrue.regions.parquet,Q5TCY1,P32863
human_vs_yeast.hp_thomas_dill2.k19.lctrue.regions.parquet,Q5TCY1,P40479
human_vs_yeast.hp_thomas_dill2.k19.lctrue.regions.parquet,Q5TD94,P38287
human_vs_yeast.hp_thomas_dill2.k19.lctrue.regions.parquet,Q5TD94,P40568
human_vs_yeast.hp_thomas_dill2.k19.lctrue.regions.parquet,Q5TFE4,P18963
human_vs_yeast.hp_thomas_dill2.k19.lctrue.regions.parquet,Q5TH69,P21657
human_vs_yeast.hp_thomas_dill2.k19.lctrue.regions.parquet,Q5TH69,P39744
human_vs_yeast.hp_thomas_dill2.k19.lctrue.regions.parquet,Q5TH69,P39960
human_vs_yeast.hp_thomas_dill2.k19.lctrue.regions.parquet,Q5TH69,P50875
human_vs_yeast.hp_thomas_dill2.k19.lctrue.regions.parquet,Q5TH69,Q06337
human_vs_yeast.hp_thomas_dill2.k19.lctrue.regions.parquet,Q5TH69,Q12502
human_vs_yeast.hp_thomas_dill2.k19.lctrue.regions.parquet,Q5VUA4,P10591
human_vs_yeast.hp_thomas_dill2.k19.lctrue.regions.parquet,Q5VUA4,P16649
human_vs_yeast.hp_thomas_dill2.k19.lctrue.regions.parquet,Q5VUA4,P32342
human_vs_yeast.hp_thomas_dill2.k19.lctrue.regions.parquet,Q5VUA4,P33748
human_vs_yeast.hp_thomas_dill2.k19.lctrue.regions.parquet,Q5VUA4,P40358
human_vs_yeast.hp_thomas_dill2.k19.lctrue.regions.parquet,Q5VUA4,P47043
human_vs_yeast.hp_thomas_dill2.k19.lctrue.regions.parquet,Q5VUA4,Q04418
human_vs_yeast.hp_thomas_dill2.k19.lctrue.regions.parquet,Q5VUA4,Q06815
human_vs_yeast.hp_thomas_dill2.k19.lctrue.regions.parquet,Q5VUA4,Q12019
human_vs_yeast.hp_thomas_dill2.k19.lctrue.regions.parquet,Q5VUA4,Q12692
human_vs_yeast.hp_thomas_dill2.k19.lctrue.regions.parquet,Q5VUM1,P38142
human_vs_yeast.hp_thomas_dill2.k19.lctrue.regions.parquet,Q5VWX1,P35728
human_vs_yeast.hp_thomas_dill2.k19.lctrue.regions.parquet,Q5VZK9,P19880
human_vs_yeast.hp_thomas_dill2.k19.lctrue.regions.parquet,Q5VZK9,Q06681
human_vs_yeast.hp_thomas_dill2.k19.lctrue.regions.parquet,Q6IEG0,Q03210
human_vs_yeast.hp_thomas_dill2.k19.lctrue.regions.parquet,Q6ISU1,Q06680
human_vs_yeast.hp_thomas_dill2.k19.lctrue.regions.parquet,Q6NT16,P43573
human_vs_yeast.hp_thomas_dill2.k19.lctrue.regions.parquet,Q6PI73,P34761
human_vs_yeast.hp_thomas_dill2.k19.lctrue.regions.parquet,Q6PI73,P48564
human_vs_yeast.hp_thomas_dill2.k19.lctrue.regions.parquet,Q6Q6R5,Q03825
human_vs_yeast.hp_thomas_dill2.k19.lctrue.regions.parquet,Q6UB35,Q04749
human_vs_yeast.hp_thomas_dill2.k19.lctrue.regions.parquet,Q6ZMV9,Q04958
human_vs_yeast.hp_thomas_dill2.k19.lctrue.regions.parquet,Q6ZN17,P35187
human_vs_yeast.hp_thomas_dill2.k19.lctrue.regions.parquet,Q6ZN17,P36059
human_vs_yeast.hp_thomas_dill2.k19.lctrue.regions.parquet,Q6ZN17,Q04712
human_vs_yeast.hp_thomas_dill2.k19.lctrue.regions.parquet,Q6ZU52,P10961
human_vs_yeast.hp_thomas_dill2.k19.lctrue.regions.parquet,Q6ZU52,P33411
human_vs_yeast.hp_thomas_dill2.k19.lctrue.regions.parquet,Q6ZU52,P53686
human_vs_yeast.hp_thomas_dill2.k19.lctrue.regions.parquet,Q70CQ1,P19880
human_vs_yeast.hp_thomas_dill2.k19.lctrue.regions.parquet,Q70CQ1,Q02948
human_vs_yeast.hp_thomas_dill2.k19.lctrue.regions.parquet,Q70EL2,P21373
human_vs_yeast.hp_thomas_dill2.k19.lctrue.regions.parquet,Q70EL2,P39685
human_vs_yeast.hp_thomas_dill2.k19.lctrue.regions.parquet,Q70EL2,P40578
human_vs_yeast.hp_thomas_dill2.k19.lctrue.regions.parquet,Q70EL2,Q99247
human_vs_yeast.hp_thomas_dill2.k19.lctrue.regions.parquet,Q7RTU3,P43618
human_vs_yeast.hp_thomas_dill2.k19.lctrue.regions.parquet,Q7Z6J4,Q03691
human_vs_yeast.hp_thomas_dill2.k19.lctrue.regions.parquet,Q7Z6P3,P21339
human_vs_yeast.hp_thomas_dill2.k19.lctrue.regions.parquet,Q7Z6P3,Q07350
human_vs_yeast.hp_thomas_dill2.k19.lctrue.regions.parquet,Q7Z6P3,Q99299
human_vs_yeast.hp_thomas_dill2.k19.lctrue.regions.parquet,Q7Z6R9,P36528
human_vs_yeast.hp_thomas_dill2.k19.lctrue.regions.parquet,Q7Z7B0,P32776
human_vs_yeast.hp_thomas_dill2.k19.lctrue.regions.parquet,Q7Z7B0,P48565
human_vs_yeast.hp_thomas_dill2.k19.lctrue.regions.parquet,Q7Z7B0,Q02710
human_vs_yeast.hp_thomas_dill2.k19.lctrue.regions.parquet,Q7Z7B0,Q05937
human_vs_yeast.hp_thomas_dill2.k19.lctrue.regions.parquet,Q7Z7C8,P07250
human_vs_yeast.hp_thomas_dill2.k19.lctrue.regions.parquet,Q7Z7C8,P14164
human_vs_yeast.hp_thomas_dill2.k19.lctrue.regions.parquet,Q86SQ4,P32833
human_vs_yeast.hp_thomas_dill2.k19.lctrue.regions.parquet,Q86T65,P32833
human_vs_yeast.hp_thomas_dill2.k19.lctrue.regions.parquet,Q86UC2,P17442
human_vs_yeast.hp_thomas_dill2.k19.lctrue.regions.parquet,Q86UC2,P28742
human_vs_yeast.hp_thomas_dill2.k19.lctrue.regions.parquet,Q86UC2,P32907
human_vs_yeast.hp_thomas_dill2.k19.lctrue.regions.parquet,Q86UC2,P38080
human_vs_yeast.hp_thomas_dill2.k19.lctrue.regions.parquet,Q86UC2,Q12416
human_vs_yeast.hp_thomas_dill2.k19.lctrue.regions.parquet,Q86UR5,P36009
human_vs_yeast.hp_thomas_dill2.k19.lctrue.regions.parquet,Q86UR5,P53955
human_vs_yeast.hp_thomas_dill2.k19.lctrue.regions.parquet,Q86UR5,Q05958
human_vs_yeast.hp_thomas_dill2.k19.lctrue.regions.parquet,Q86UR5,Q06680
human_vs_yeast.hp_thomas_dill2.k19.lctrue.regions.parquet,Q86UR5,Q06698
human_vs_yeast.hp_thomas_dill2.k19.lctrue.regions.parquet,Q86UR5,Q12151
human_vs_yeast.hp_thomas_dill2.k19.lctrue.regions.parquet,Q86VW1,P36119
human_vs_yeast.hp_thomas_dill2.k19.lctrue.regions.parquet,Q8HWS3,P07143
human_vs_yeast.hp_thomas_dill2.k19.lctrue.regions.parquet,Q8IV45,P53687
human_vs_yeast.hp_thomas_dill2.k19.lctrue.regions.parquet,Q8IV45,Q12285
human_vs_yeast.hp_thomas_dill2.k19.lctrue.regions.parquet,Q8IVH2,P14736
human_vs_yeast.hp_thomas_dill2.k19.lctrue.regions.parquet,Q8IVH2,P40537
human_vs_yeast.hp_thomas_dill2.k19.lctrue.regions.parquet,Q8IVH2,P53883
human_vs_yeast.hp_thomas_dill2.k19.lctrue.regions.parquet,Q8IVH2,Q06344
human_vs_yeast.hp_thomas_dill2.k19.lctrue.regions.parquet,Q8IWP9,P36106
human_vs_yeast.hp_thomas_dill2.k19.lctrue.regions.parquet,Q8IWV8,P27895
human_vs_yeast.hp_thomas_dill2.k19.lctrue.regions.parquet,Q8IZF2,Q12734
human_vs_yeast.hp_thomas_dill2.k19.lctrue.regions.parquet,Q8IZS6,P22149
human_vs_yeast.hp_thomas_dill2.k19.lctrue.regions.parquet,Q8N109,Q12110
human_vs_yeast.hp_thomas_dill2.k19.lctrue.regions.parquet,Q8N157,P06786
human_vs_yeast.hp_thomas_dill2.k19.lctrue.regions.parquet,Q8N157,P36520
human_vs_yeast.hp_thomas_dill2.k19.lctrue.regions.parquet,Q8N157,Q03361
human_vs_yeast.hp_thomas_dill2.k19.lctrue.regions.parquet,Q8N3L3,P48581
human_vs_yeast.hp_thomas_dill2.k19.lctrue.regions.parquet,Q8N3Z0,Q08977
human_vs_yeast.hp_thomas_dill2.k19.lctrue.regions.parquet,Q8N4B5,Q07442
human_vs_yeast.hp_thomas_dill2.k19.lctrue.regions.parquet,Q8N680,Q12420
human_vs_yeast.hp_thomas_dill2.k19.lctrue.regions.parquet,Q8N878,P53278
human_vs_yeast.hp_thomas_dill2.k19.lctrue.regions.parquet,Q8N878,Q02959
human_vs_yeast.hp_thomas_dill2.k19.lctrue.regions.parquet,Q8N878,Q06665
human_vs_yeast.hp_thomas_dill2.k19.lctrue.regions.parquet,Q8NB25,Q05610
human_vs_yeast.hp_thomas_dill2.k19.lctrue.regions.parquet,Q8NC56,P13574
human_vs_yeast.hp_thomas_dill2.k19.lctrue.regions.parquet,Q8NC56,Q06677
human_vs_yeast.hp_thomas_dill2.k19.lctrue.regions.parquet,Q8NE79,P32457
human_vs_yeast.hp_thomas_dill2.k19.lctrue.regions.parquet,Q8NF91,P12383
human_vs_yeast.hp_thomas_dill2.k19.lctrue.regions.parquet,Q8NF91,P43611
human_vs_yeast.hp_thomas_dill2.k19.lctrue.regions.parquet,Q8NF91,Q02555
human_vs_yeast.hp_thomas_dill2.k19.lctrue.regions.parquet,Q8NFD5,P25357
human_vs_yeast.hp_thomas_dill2.k19.lctrue.regions.parquet,Q8NFD5,P47988
human_vs_yeast.hp_thomas_dill2.k19.lctrue.regions.parquet,Q8NFD5,P53755
human_vs_yeast.hp_thomas_dill2.k19.lctrue.regions.parquet,Q8NFD5,P53879
human_vs_yeast.hp_thomas_dill2.k19.lctrue.regions.parquet,Q8NFD5,Q05043
human_vs_yeast.hp_thomas_dill2.k19.lctrue.regions.parquet,Q8NHJ6,P26570
human_vs_yeast.hp_thomas_dill2.k19.lctrue.regions.parquet,Q8NHL6,P53137
human_vs_yeast.hp_thomas_dill2.k19.lctrue.regions.parquet,Q8NHL6,Q04712
human_vs_yeast.hp_thomas_dill2.k19.lctrue.regions.parquet,Q8TB52,P28519
human_vs_yeast.hp_thomas_dill2.k19.lctrue.regions.parquet,Q8TC20,Q04545
human_vs_yeast.hp_thomas_dill2.k19.lctrue.regions.parquet,Q8TC41,P25628
human_vs_yeast.hp_thomas_dill2.k19.lctrue.regions.parquet,Q8TD31,Q3E784
human_vs_yeast.hp_thomas_dill2.k19.lctrue.regions.parquet,Q8WUA2,P32585
human_vs_yeast.hp_thomas_dill2.k19.lctrue.regions.parquet,Q8WUA2,P35056
human_vs_yeast.hp_thomas_dill2.k19.lctrue.regions.parquet,Q8WUA2,Q03774
human_vs_yeast.hp_thomas_dill2.k19.lctrue.regions.parquet,Q8WUB8,P32790
human_vs_yeast.hp_thomas_dill2.k19.lctrue.regions.parquet,Q8WUB8,P38330
human_vs_yeast.hp_thomas_dill2.k19.lctrue.regions.parquet,Q8WUB8,Q04779
human_vs_yeast.hp_thomas_dill2.k19.lctrue.regions.parquet,Q8WWN9,P04821
human_vs_yeast.hp_thomas_dill2.k19.lctrue.regions.parquet,Q8WWN9,P38201
human_vs_yeast.hp_thomas_dill2.k19.lctrue.regions.parquet,Q8WWN9,P39943
human_vs_yeast.hp_thomas_dill2.k19.lctrue.regions.parquet,Q8WWN9,Q06266
human_vs_yeast.hp_thomas_dill2.k19.lctrue.regions.parquet,Q8WWU5,P0CE68
human_vs_yeast.hp_thomas_dill2.k19.lctrue.regions.parquet,Q8WWU5,P40458
human_vs_yeast.hp_thomas_dill2.k19.lctrue.regions.parquet,Q92504,P38249
human_vs_yeast.hp_thomas_dill2.k19.lctrue.regions.parquet,Q92504,P38330
human_vs_yeast.hp_thomas_dill2.k19.lctrue.regions.parquet,Q92562,P32849
human_vs_yeast.hp_thomas_dill2.k19.lctrue.regions.parquet,Q92766,P06839
human_vs_yeast.hp_thomas_dill2.k19.lctrue.regions.parquet,Q92766,P12962
human_vs_yeast.hp_thomas_dill2.k19.lctrue.regions.parquet,Q92766,P29453
human_vs_yeast.hp_thomas_dill2.k19.lctrue.regions.parquet,Q92766,P32773
human_vs_yeast.hp_thomas_dill2.k19.lctrue.regions.parquet,Q92766,P38712
human_vs_yeast.hp_thomas_dill2.k19.lctrue.regions.parquet,Q92766,P53857
human_vs_yeast.hp_thomas_dill2.k19.lctrue.regions.parquet,Q92766,Q06698
human_vs_yeast.hp_thomas_dill2.k19.lctrue.regions.parquet,Q92833,P25336
human_vs_yeast.hp_thomas_dill2.k19.lctrue.regions.parquet,Q92833,Q04922
human_vs_yeast.hp_thomas_dill2.k19.lctrue.regions.parquet,Q92833,Q08490
human_vs_yeast.hp_thomas_dill2.k19.lctrue.regions.parquet,Q93077,Q02208
human_vs_yeast.hp_thomas_dill2.k19.lctrue.regions.parquet,Q969J2,P50108
human_vs_yeast.hp_thomas_dill2.k19.lctrue.regions.parquet,Q96AP4,Q12502
human_vs_yeast.hp_thomas_dill2.k19.lctrue.regions.parquet,Q96C00,P25567
human_vs_yeast.hp_thomas_dill2.k19.lctrue.regions.parquet,Q96C00,Q3E747
human_vs_yeast.hp_thomas_dill2.k19.lctrue.regions.parquet,Q96D71,P23202
human_vs_yeast.hp_thomas_dill2.k19.lctrue.regions.parquet,Q96D71,P47114
human_vs_yeast.hp_thomas_dill2.k19.lctrue.regions.parquet,Q96EV8,P53094
human_vs_yeast.hp_thomas_dill2.k19.lctrue.regions.parquet,Q96JM7,P22035
human_vs_yeast.hp_thomas_dill2.k19.lctrue.regions.parquet,Q96JM7,Q12532
human_vs_yeast.hp_thomas_dill2.k19.lctrue.regions.parquet,Q96KF7,P38827
human_vs_yeast.hp_thomas_dill2.k19.lctrue.regions.parquet,Q96KK5,Q02208
human_vs_yeast.hp_thomas_dill2.k19.lctrue.regions.parquet,Q96KQ7,Q12315
human_vs_yeast.hp_thomas_dill2.k19.lctrue.regions.parquet,Q96KQ7,Q12427
human_vs_yeast.hp_thomas_dill2.k19.lctrue.regions.parquet,Q96KW2,P25386
human_vs_yeast.hp_thomas_dill2.k19.lctrue.regions.parquet,Q96KW2,P29539
human_vs_yeast.hp_thomas_dill2.k19.lctrue.regions.parquet,Q96KW2,P32944
human_vs_yeast.hp_thomas_dill2.k19.lctrue.regions.parquet,Q96KW2,P35172
human_vs_yeast.hp_thomas_dill2.k19.lctrue.regions.parquet,Q96KW2,Q00402
human_vs_yeast.hp_thomas_dill2.k19.lctrue.regions.parquet,Q96KW2,Q12443
human_vs_yeast.hp_thomas_dill2.k19.lctrue.regions.parquet,Q96NH3,P32567
human_vs_yeast.hp_thomas_dill2.k19.lctrue.regions.parquet,Q96P44,P34756
human_vs_yeast.hp_thomas_dill2.k19.lctrue.regions.parquet,Q96PC2,Q3E705
human_vs_yeast.hp_thomas_dill2.k19.lctrue.regions.parquet,Q96PQ5,P33417
human_vs_yeast.hp_thomas_dill2.k19.lctrue.regions.parquet,Q96PQ5,P39000
human_vs_yeast.hp_thomas_dill2.k19.lctrue.regions.parquet,Q96PQ5,Q00816
human_vs_yeast.hp_thomas_dill2.k19.lctrue.regions.parquet,Q96PQ5,Q03690
human_vs_yeast.hp_thomas_dill2.k19.lctrue.regions.parquet,Q96QV6,Q08748
human_vs_yeast.hp_thomas_dill2.k19.lctrue.regions.parquet,Q96S59,Q00402
human_vs_yeast.hp_thomas_dill2.k19.lctrue.regions.parquet,Q96T54,P47018
human_vs_yeast.hp_thomas_dill2.k19.lctrue.regions.parquet,Q99459,P43612
human_vs_yeast.hp_thomas_dill2.k19.lctrue.regions.parquet,Q99459,P53753
human_vs_yeast.hp_thomas_dill2.k19.lctrue.regions.parquet,Q99459,Q12215
human_vs_yeast.hp_thomas_dill2.k19.lctrue.regions.parquet,Q99683,Q12734
human_vs_yeast.hp_thomas_dill2.k19.lctrue.regions.parquet,Q99706,Q12734
human_vs_yeast.hp_thomas_dill2.k19.lctrue.regions.parquet,Q99715,Q04089
human_vs_yeast.hp_thomas_dill2.k19.lctrue.regions.parquet,Q99715,Q06116
human_vs_yeast.hp_thomas_dill2.k19.lctrue.regions.parquet,Q99715,Q12505
human_vs_yeast.hp_thomas_dill2.k19.lctrue.regions.parquet,Q99750,Q12276
human_vs_yeast.hp_thomas_dill2.k19.lctrue.regions.parquet,Q99808,P25569
human_vs_yeast.hp_thomas_dill2.k19.lctrue.regions.parquet,Q99878,Q02208
human_vs_yeast.hp_thomas_dill2.k19.lctrue.regions.parquet,Q99941,P12630
human_vs_yeast.hp_thomas_dill2.k19.lctrue.regions.parquet,Q99941,P34228
human_vs_yeast.hp_thomas_dill2.k19.lctrue.regions.parquet,Q99941,P38180
human_vs_yeast.hp_thomas_dill2.k19.lctrue.regions.parquet,Q99941,P39007
human_vs_yeast.hp_thomas_dill2.k19.lctrue.regions.parquet,Q99941,P40527
human_vs_yeast.hp_thomas_dill2.k19.lctrue.regions.parquet,Q99941,P53935
human_vs_yeast.hp_thomas_dill2.k19.lctrue.regions.parquet,Q99941,Q12220
human_vs_yeast.hp_thomas_dill2.k19.lctrue.regions.parquet,Q99942,Q03674
human_vs_yeast.hp_thomas_dill2.k19.lctrue.regions.parquet,Q99967,P39016
human_vs_yeast.hp_thomas_dill2.k19.lctrue.regions.parquet,Q9BRR0,P18494
human_vs_yeast.hp_thomas_dill2.k19.lctrue.regions.parquet,Q9BRS2,P21339
human_vs_yeast.hp_thomas_dill2.k19.lctrue.regions.parquet,Q9BRS2,P32504
human_vs_yeast.hp_thomas_dill2.k19.lctrue.regions.parquet,Q9BRS2,P50896
human_vs_yeast.hp_thomas_dill2.k19.lctrue.regions.parquet,Q9BT09,P36048
human_vs_yeast.hp_thomas_dill2.k19.lctrue.regions.parquet,Q9BW19,P13185
human_vs_yeast.hp_thomas_dill2.k19.lctrue.regions.parquet,Q9BW19,P28496
human_vs_yeast.hp_thomas_dill2.k19.lctrue.regions.parquet,Q9BW19,P47178
human_vs_yeast.hp_thomas_dill2.k19.lctrue.regions.parquet,Q9BWV7,P32645
human_vs_yeast.hp_thomas_dill2.k19.lctrue.regions.parquet,Q9BWV7,P34161
human_vs_yeast.hp_thomas_dill2.k19.lctrue.regions.parquet,Q9BXY4,P18963
human_vs_yeast.hp_thomas_dill2.k19.lctrue.regions.parquet,Q9BYV9,P21827
human_vs_yeast.hp_thomas_dill2.k19.lctrue.regions.parquet,Q9BYV9,P34072
human_vs_yeast.hp_thomas_dill2.k19.lctrue.regions.parquet,Q9BYV9,P53962
human_vs_yeast.hp_thomas_dill2.k19.lctrue.regions.parquet,Q9BYV9,Q07834
human_vs_yeast.hp_thomas_dill2.k19.lctrue.regions.parquet,Q9BZY9,P47033
human_vs_yeast.hp_thomas_dill2.k19.lctrue.regions.parquet,Q9C009,P15801
human_vs_yeast.hp_thomas_dill2.k19.lctrue.regions.parquet,Q9C009,P35209
human_vs_yeast.hp_thomas_dill2.k19.lctrue.regions.parquet,Q9C009,P49687
human_vs_yeast.hp_thomas_dill2.k19.lctrue.regions.parquet,Q9C010,P34909
human_vs_yeast.hp_thomas_dill2.k19.lctrue.regions.parquet,Q9C0D0,P22148
human_vs_yeast.hp_thomas_dill2.k19.lctrue.regions.parquet,Q9C0D0,P46676
human_vs_yeast.hp_thomas_dill2.k19.lctrue.regions.parquet,Q9C0D0,Q12209
human_vs_yeast.hp_thomas_dill2.k19.lctrue.regions.parquet,Q9GZR5,P38125
human_vs_yeast.hp_thomas_dill2.k19.lctrue.regions.parquet,Q9H0U9,P35688
human_vs_yeast.hp_thomas_dill2.k19.lctrue.regions.parquet,Q9H1H9,P39523
human_vs_yeast.hp_thomas_dill2.k19.lctrue.regions.parquet,Q9H1H9,P54786
human_vs_yeast.hp_thomas_dill2.k19.lctrue.regions.parquet,Q9H1H9,Q03388
human_vs_yeast.hp_thomas_dill2.k19.lctrue.regions.parquet,Q9H1H9,Q08981
human_vs_yeast.hp_thomas_dill2.k19.lctrue.regions.parquet,Q9H4E7,P38800
human_vs_yeast.hp_thomas_dill2.k19.lctrue.regions.parquet,Q9H4Q3,Q07821
human_vs_yeast.hp_thomas_dill2.k19.lctrue.regions.parquet,Q9H4Q3,Q12420
human_vs_yeast.hp_thomas_dill2.k19.lctrue.regions.parquet,Q9H4T2,P25351
human_vs_yeast.hp_thomas_dill2.k19.lctrue.regions.parquet,Q9H4T2,P38800
human_vs_yeast.hp_thomas_dill2.k19.lctrue.regions.parquet,Q9H633,P28003
human_vs_yeast.hp_thomas_dill2.k19.lctrue.regions.parquet,Q9H6K1,P53277
human_vs_yeast.hp_thomas_dill2.k19.lctrue.regions.parquet,Q9H7B2,Q06523
human_vs_yeast.hp_thomas_dill2.k19.lctrue.regions.parquet,Q9HB96,Q08817
human_vs_yeast.hp_thomas_dill2.k19.lctrue.regions.parquet,Q9HCH3,Q99326
human_vs_yeast.hp_thomas_dill2.k19.lctrue.regions.parquet,Q9HCM9,P24813
human_vs_yeast.hp_thomas_dill2.k19.lctrue.regions.parquet,Q9HD26,Q06833
human_vs_yeast.hp_thomas_dill2.k19.lctrue.regions.parquet,Q9NP56,Q03177
human_vs_yeast.hp_thomas_dill2.k19.lctrue.regions.parquet,Q9NP62,P23642
human_vs_yeast.hp_thomas_dill2.k19.lctrue.regions.parquet,Q9NRA2,Q08641
human_vs_yeast.hp_thomas_dill2.k19.lctrue.regions.parquet,Q9NRJ4,P11433
human_vs_yeast.hp_thomas_dill2.k19.lctrue.regions.parquet,Q9NRJ4,P14680
human_vs_yeast.hp_thomas_dill2.k19.lctrue.regions.parquet,Q9NRJ4,P36013
human_vs_yeast.hp_thomas_dill2.k19.lctrue.regions.parquet,Q9NRJ4,P36123
human_vs_yeast.hp_thomas_dill2.k19.lctrue.regions.parquet,Q9NWT1,Q07807
human_vs_yeast.hp_thomas_dill2.k19.lctrue.regions.parquet,Q9NXL9,P10080
human_vs_yeast.hp_thomas_dill2.k19.lctrue.regions.parquet,Q9NXL9,P24309
human_vs_yeast.hp_thomas_dill2.k19.lctrue.regions.parquet,Q9NXL9,P38241
human_vs_yeast.hp_thomas_dill2.k19.lctrue.regions.parquet,Q9NXL9,P40041
human_vs_yeast.hp_thomas_dill2.k19.lctrue.regions.parquet,Q9NXL9,Q05900
human_vs_yeast.hp_thomas_dill2.k19.lctrue.regions.parquet,Q9NXZ2,P40496
human_vs_yeast.hp_thomas_dill2.k19.lctrue.regions.parquet,Q9NXZ2,Q06070
human_vs_yeast.hp_thomas_dill2.k19.lctrue.regions.parquet,Q9NYP7,P38250
human_vs_yeast.hp_thomas_dill2.k19.lctrue.regions.parquet,Q9UBC1,P47128
human_vs_yeast.hp_thomas_dill2.k19.lctrue.regions.parquet,Q9UBC1,P53917
human_vs_yeast.hp_thomas_dill2.k19.lctrue.regions.parquet,Q9UBU6,Q06160
human_vs_yeast.hp_thomas_dill2.k19.lctrue.regions.parquet,Q9UGC6,P17121
human_vs_yeast.hp_thomas_dill2.k19.lctrue.regions.parquet,Q9UGP8,P53210
human_vs_yeast.hp_thomas_dill2.k19.lctrue.regions.parquet,Q9UIG4,P04821
human_vs_yeast.hp_thomas_dill2.k19.lctrue.regions.parquet,Q9UIL4,P26754
human_vs_yeast.hp_thomas_dill2.k19.lctrue.regions.parquet,Q9UJ04,P53687
human_vs_yeast.hp_thomas_dill2.k19.lctrue.regions.parquet,Q9UJN7,P40036
human_vs_yeast.hp_thomas_dill2.k19.lctrue.regions.parquet,Q9UJN7,Q12224
human_vs_yeast.hp_thomas_dill2.k19.lctrue.regions.parquet,Q9UK97,P47033
human_vs_yeast.hp_thomas_dill2.k19.lctrue.regions.parquet,Q9UKL3,P18410
human_vs_yeast.hp_thomas_dill2.k19.lctrue.regions.parquet,Q9UKL3,P36130
human_vs_yeast.hp_thomas_dill2.k19.lctrue.regions.parquet,Q9UKL3,Q04779
human_vs_yeast.hp_thomas_dill2.k19.lctrue.regions.parquet,Q9UKL3,Q07878
human_vs_yeast.hp_thomas_dill2.k19.lctrue.regions.parquet,Q9UKT4,P38201
human_vs_yeast.hp_thomas_dill2.k19.lctrue.regions.parquet,Q9ULC3,Q02875
human_vs_yeast.hp_thomas_dill2.k19.lctrue.regions.parquet,Q9ULD4,P53135
human_vs_yeast.hp_thomas_dill2.k19.lctrue.regions.parquet,Q9ULD4,P53283
human_vs_yeast.hp_thomas_dill2.k19.lctrue.regions.parquet,Q9ULD4,Q12204
human_vs_yeast.hp_thomas_dill2.k19.lctrue.regions.parquet,Q9ULH4,P32795
human_vs_yeast.hp_thomas_dill2.k19.lctrue.regions.parquet,Q9ULH4,P40327
human_vs_yeast.hp_thomas_dill2.k19.lctrue.regions.parquet,Q9ULH4,Q02208
human_vs_yeast.hp_thomas_dill2.k19.lctrue.regions.parquet,Q9ULL1,P32917
human_vs_yeast.hp_thomas_dill2.k19.lctrue.regions.parquet,Q9ULL1,P36224
human_vs_yeast.hp_thomas_dill2.k19.lctrue.regions.parquet,Q9ULL1,P39547
human_vs_yeast.hp_thomas_dill2.k19.lctrue.regions.parquet,Q9ULL1,P40856
human_vs_yeast.hp_thomas_dill2.k19.lctrue.regions.parquet,Q9ULL1,Q03497
human_vs_yeast.hp_thomas_dill2.k19.lctrue.regions.parquet,Q9ULL1,Q8TGM6
human_vs_yeast.hp_thomas_dill2.k19.lctrue.regions.parquet,Q9UM54,P36059
human_vs_yeast.hp_thomas_dill2.k19.lctrue.regions.parquet,Q9UM54,P53120
human_vs_yeast.hp_thomas_dill2.k19.lctrue.regions.parquet,Q9UM63,P23201
human_vs_yeast.hp_thomas_dill2.k19.lctrue.regions.parquet,Q9UMQ6,Q04233
human_vs_yeast.hp_thomas_dill2.k19.lctrue.regions.parquet,Q9UPN6,P10870
human_vs_yeast.hp_thomas_dill2.k19.lctrue.regions.parquet,Q9UPN6,P38140
human_vs_yeast.hp_thomas_dill2.k19.lctrue.regions.parquet,Q9UPN6,P40856
human_vs_yeast.hp_thomas_dill2.k19.lctrue.regions.parquet,Q9UPN6,Q03868
human_vs_yeast.hp_thomas_dill2.k19.lctrue.regions.parquet,Q9Y233,Q04739
human_vs_yeast.hp_thomas_dill2.k19.lctrue.regions.parquet,Q9Y2C2,P33749
human_vs_yeast.hp_thomas_dill2.k19.lctrue.regions.parquet,Q9Y330,P47046
human_vs_yeast.hp_thomas_dill2.k19.lctrue.regions.parquet,Q9Y4E5,P09959
human_vs_yeast.hp_thomas_dill2.k19.lctrue.regions.parquet,Q9Y4F9,P32505
human_vs_yeast.hp_thomas_dill2.k19.lctrue.regions.parquet,Q9Y4F9,P38827
human_vs_yeast.hp_thomas_dill2.k19.lctrue.regions.parquet,Q9Y4F9,P40493
human_vs_yeast.hp_thomas_dill2.k19.lctrue.regions.parquet,Q9Y4K1,P14164
human_vs_yeast.hp_thomas_dill2.k19.lctrue.regions.parquet,Q9Y4K1,P22211
human_vs_yeast.hp_thomas_dill2.k19.lctrue.regions.parquet,Q9Y4K1,P34228
human_vs_yeast.hp_thomas_dill2.k19.lctrue.regions.parquet,Q9Y4K1,P38956
human_vs_yeast.hp_thomas_dill2.k19.lctrue.regions.parquet,Q9Y4K1,P50275
human_vs_yeast.hp_thomas_dill2.k19.lctrue.regions.parquet,Q9Y5K6,P36224
human_vs_yeast.hp_thomas_dill2.k19.lctrue.regions.parquet,Q9Y5K6,Q04336
human_vs_yeast.hp_thomas_dill2.k19.lctrue.regions.parquet,Q9Y5K6,Q08773
human_vs_yeast.hp_thomas_dill2.k19.lctrue.regions.parquet,Q9Y603,P54787
human_vs_yeast.hp_thomas_dill2.k19.lctrue.regions.parquet,Q9Y694,P32905
human_vs_yeast.hp_thomas_dill2.k19.lctrue.regions.parquet,Q9Y6R4,P04819
human_vs_yeast.hp_thomas_dill2.k19.lctrue.regions.parquet,Q9Y6R4,P11353
human_vs_yeast.hp_thomas_dill2.k19.lctrue.regions.parquet,Q9Y6R4,P15565
human_vs_yeast.hp_thomas_dill2.k19.lctrue.regions.parquet,Q9Y6R4,P40310
human_vs_yeast.hp_thomas_dill_no_c2.k19.lctrue.regions.parquet,O15535,P10862
human_vs_yeast.hp_thomas_dill_no_c2.k19.lctrue.regions.parquet,O43167,P27801
human_vs_yeast.hp_thomas_dill_no_c2.k19.lctrue.regions.parquet,O43680,P50077
human_vs_yeast.hp_thomas_dill_no_c2.k19.lctrue.regions.parquet,O60242,Q04341
human_vs_yeast.hp_thomas_dill_no_c2.k19.lctrue.regions.parquet,O76064,P20050
human_vs_yeast.hp_thomas_dill_no_c2.k19.lctrue.regions.parquet,P00751,Q03497
human_vs_yeast.hp_thomas_dill_no_c2.k19.lctrue.regions.parquet,P20849,Q02521
human_vs_yeast.hp_thomas_dill_no_c2.k19.lctrue.regions.parquet,P21580,P07273
human_vs_yeast.hp_thomas_dill_no_c2.k19.lctrue.regions.parquet,P36508,P47977
human_vs_yeast.hp_thomas_dill_no_c2.k19.lctrue.regions.parquet,P43080,P06787
human_vs_yeast.hp_thomas_dill_no_c2.k19.lctrue.regions.parquet,P43080,P39931
human_vs_yeast.hp_thomas_dill_no_c2.k19.lctrue.regions.parquet,P43629,Q04341
human_vs_yeast.hp_thomas_dill_no_c2.k19.lctrue.regions.parquet,P43629,Q12287
human_vs_yeast.hp_thomas_dill_no_c2.k19.lctrue.regions.parquet,P43630,Q04341
human_vs_yeast.hp_thomas_dill_no_c2.k19.lctrue.regions.parquet,P43630,Q12287
human_vs_yeast.hp_thomas_dill_no_c2.k19.lctrue.regions.parquet,P43632,Q04341
human_vs_yeast.hp_thomas_dill_no_c2.k19.lctrue.regions.parquet,P49790,Q03433
human_vs_yeast.hp_thomas_dill_no_c2.k19.lctrue.regions.parquet,P84103,P47190
human_vs_yeast.hp_thomas_dill_no_c2.k19.lctrue.regions.parquet,Q03181,Q05580
human_vs_yeast.hp_thomas_dill_no_c2.k19.lctrue.regions.parquet,Q14993,Q02521
human_vs_yeast.hp_thomas_dill_no_c2.k19.lctrue.regions.parquet,Q14993,Q04511
human_vs_yeast.hp_thomas_dill_no_c2.k19.lctrue.regions.parquet,Q15776,P47043
human_vs_yeast.hp_thomas_dill_no_c2.k19.lctrue.regions.parquet,Q3MJ62,P10862
human_vs_yeast.hp_thomas_dill_no_c2.k19.lctrue.regions.parquet,Q5TD97,P38344
human_vs_yeast.hp_thomas_dill_no_c2.k19.lctrue.regions.parquet,Q5VWX1,P19524
human_vs_yeast.hp_thomas_dill_no_c2.k19.lctrue.regions.parquet,Q6U7Q0,Q04545
human_vs_yeast.hp_thomas_dill_no_c2.k19.lctrue.regions.parquet,Q6VVB1,Q05937
human_vs_yeast.hp_thomas_dill_no_c2.k19.lctrue.regions.parquet,Q7Z419,Q04370
human_vs_yeast.hp_thomas_dill_no_c2.k19.lctrue.regions.parquet,Q86UR5,P39933
human_vs_yeast.hp_thomas_dill_no_c2.k19.lctrue.regions.parquet,Q8N109,Q04341
human_vs_yeast.hp_thomas_dill_no_c2.k19.lctrue.regions.parquet,Q8N680,P39933
human_vs_yeast.hp_thomas_dill_no_c2.k19.lctrue.regions.parquet,Q8N743,P37370
human_vs_yeast.hp_thomas_dill_no_c2.k19.lctrue.regions.parquet,Q8TC41,P49166
human_vs_yeast.hp_thomas_dill_no_c2.k19.lctrue.regions.parquet,Q8TC41,Q12186
human_vs_yeast.hp_thomas_dill_no_c2.k19.lctrue.regions.parquet,Q8WUB8,Q06102
human_vs_yeast.hp_thomas_dill_no_c2.k19.lctrue.regions.parquet,Q8WY64,P47043
human_vs_yeast.hp_thomas_dill_no_c2.k19.lctrue.regions.parquet,Q92766,P33748
human_vs_yeast.hp_thomas_dill_no_c2.k19.lctrue.regions.parquet,Q969J2,P47043
human_vs_yeast.hp_thomas_dill_no_c2.k19.lctrue.regions.parquet,Q96D71,P34216
human_vs_yeast.hp_thomas_dill_no_c2.k19.lctrue.regions.parquet,Q96JM7,P15705
human_vs_yeast.hp_thomas_dill_no_c2.k19.lctrue.regions.parquet,Q9BRR0,P47043
human_vs_yeast.hp_thomas_dill_no_c2.k19.lctrue.regions.parquet,Q9BYV9,P39014
human_vs_yeast.hp_thomas_dill_no_c2.k19.lctrue.regions.parquet,Q9H4Q3,P07248
human_vs_yeast.hp_thomas_dill_no_c2.k19.lctrue.regions.parquet,Q9UJN7,P47043
human_vs_yeast.hp_thomas_dill_no_c2.k19.lctrue.regions.parquet,Q9UK97,Q05930
human_vs_yeast.hp_thomas_dill_no_c2.k19.lctrue.regions.parquet,Q9ULD4,Q12311
human_vs_yeast.hp_thomas_dill_no_c2.k19.lctrue.regions.parquet,Q9Y333,P38203
human_vs_yeast.hp_thomas_dill_no_c2.k19.lctrue.regions.parquet,Q9Y4E5,P07248
human_vs_yeast.hp_thomas_dill_no_c2.k19.lctrue.regions.parquet,Q9Y4E5,P19736
human_vs_yeast.hp_thomas_dill_no_c2.k19.lctrue.regions.parquet,Q9Y4K1,Q06411
human_vs_yeast.sdm12.k6.lctrue.regions.parquet,O00141,P06782
human_vs_yeast.sdm12.k6.lctrue.regions.parquet,O15264,P15442
human_vs_yeast.sdm12.k6.lctrue.regions.parquet,O43318,Q03785
human_vs_yeast.sdm12.k6.lctrue.regions.parquet,P08922,P38070
human_vs_yeast.sdm12.k6.lctrue.regions.parquet,P33981,P47116
human_vs_yeast.sdm12.k6.lctrue.regions.parquet,Q13608,P28737
human_vs_yeast.sdm12.k6.lctrue.regions.parquet,Q16539,P15442
human_vs_yeast.sdm12.k6.lctrue.regions.parquet,Q99683,P00546
human_vs_yeast.sdm12.k6.lctrue.regions.parquet,Q9Y6R4,P06782
human_vs_zebrafish.gbmr4.k16.lctrue.regions.parquet,P14373,B0S6J3
human_vs_zebrafish.gbmr4.k16.lctrue.regions.parquet,P14373,Q7T3H1
human_vs_zebrafish.gbmr4.k16.lctrue.regions.parquet,Q16890,Q7T3H1
human_vs_zebrafish.gbmr4.k16.lctrue.regions.parquet,Q5SW24,Q804S5
human_vs_zebrafish.gbmr4.k16.lctrue.regions.parquet,Q5TB80,Q4V920
human_vs_zebrafish.gbmr4.k16.lctrue.regions.parquet,Q5TCS8,Q1LV17
human_vs_zebrafish.gbmr4.k16.lctrue.regions.parquet,Q6ZU52,Q5RHY1
human_vs_zebrafish.gbmr4.k16.lctrue.regions.parquet,Q86T65,Q567X9
human_vs_zebrafish.gbmr4.k16.lctrue.regions.parquet,Q86UC2,Q6NVC9
human_vs_zebrafish.gbmr4.k16.lctrue.regions.parquet,Q8IWP9,Q6P4P2
human_vs_zebrafish.gbmr4.k16.lctrue.regions.parquet,Q8N1B4,Q5RFV8
human_vs_zebrafish.gbmr4.k16.lctrue.regions.parquet,Q8TDH9,E7F211
human_vs_zebrafish.gbmr4.k16.lctrue.regions.parquet,Q8WVV5,B0UYH6
human_vs_zebrafish.gbmr4.k16.lctrue.regions.parquet,Q99459,Q7T293
human_vs_zebrafish.gbmr4.k16.lctrue.regions.parquet,Q99944,Q5RFZ7
human_vs_zebrafish.gbmr4.k16.lctrue.regions.parquet,Q9H1H9,A2BIL7
human_vs_zebrafish.gbmr4.k16.lctrue.regions.parquet,Q9UGP8,Q7SXS8
human_vs_zebrafish.gbmr4.k16.lctrue.regions.parquet,Q9UMY1,A1IH00
human_vs_zebrafish.hp_kyte_doolittle2.k19.lctrue.regions.parquet,A2RRH5,Q566T0
human_vs_zebrafish.hp_kyte_doolittle2.k19.lctrue.regions.parquet,A2RRH5,Q5SQE2
human_vs_zebrafish.hp_kyte_doolittle2.k19.lctrue.regions.parquet,A2RRH5,Q6NX08
human_vs_zebrafish.hp_kyte_doolittle2.k19.lctrue.regions.parquet,A2RRH5,Q7ZUX3
human_vs_zebrafish.hp_kyte_doolittle2.k19.lctrue.regions.parquet,A2RRH5,Q9I9H8
human_vs_zebrafish.hp_kyte_doolittle2.k19.lctrue.regions.parquet,A2RRH5,X1WHY6
human_vs_zebrafish.hp_kyte_doolittle2.k19.lctrue.regions.parquet,O43524,A3RK75
human_vs_zebrafish.hp_kyte_doolittle2.k19.lctrue.regions.parquet,O60508,Q2YDS1
human_vs_zebrafish.hp_kyte_doolittle2.k19.lctrue.regions.parquet,O60508,Q561Y0
human_vs_zebrafish.hp_kyte_doolittle2.k19.lctrue.regions.parquet,O60508,Q6P5M2
human_vs_zebrafish.hp_kyte_doolittle2.k19.lctrue.regions.parquet,O60508,Q7T394
human_vs_zebrafish.hp_kyte_doolittle2.k19.lctrue.regions.parquet,O60508,Q7ZUV2
human_vs_zebrafish.hp_kyte_doolittle2.k19.lctrue.regions.parquet,P20265,P79746
human_vs_zebrafish.hp_kyte_doolittle2.k19.lctrue.regions.parquet,P48634,A1L271
human_vs_zebrafish.hp_kyte_doolittle2.k19.lctrue.regions.parquet,P48634,Q08BL9
human_vs_zebrafish.hp_kyte_doolittle2.k19.lctrue.regions.parquet,P48634,Q6NUT7
human_vs_zebrafish.hp_kyte_doolittle2.k19.lctrue.regions.parquet,P80108,A0A0G2KIZ8
human_vs_zebrafish.hp_kyte_doolittle2.k19.lctrue.regions.parquet,P80108,O13166
human_vs_zebrafish.hp_kyte_doolittle2.k19.lctrue.regions.parquet,P80108,Q6NUT7
human_vs_zebrafish.hp_kyte_doolittle2.k19.lctrue.regions.parquet,P80108,Q6PH57
human_vs_zebrafish.hp_kyte_doolittle2.k19.lctrue.regions.parquet,Q01860,P56224
human_vs_zebrafish.hp_kyte_doolittle2.k19.lctrue.regions.parquet,Q13451,A4IGH4
human_vs_zebrafish.hp_kyte_doolittle2.k19.lctrue.regions.parquet,Q13451,P0CI65
human_vs_zebrafish.hp_kyte_doolittle2.k19.lctrue.regions.parquet,Q13641,Q1L8Y7
human_vs_zebrafish.hp_kyte_doolittle2.k19.lctrue.regions.parquet,Q5T5C0,Q5PR66
human_vs_zebrafish.hp_kyte_doolittle2.k19.lctrue.regions.parquet,Q5T5C0,Q5SQE2
human_vs_zebrafish.hp_kyte_doolittle2.k19.lctrue.regions.parquet,Q5T5C0,Q7SZE3
human_vs_zebrafish.hp_kyte_doolittle2.k19.lctrue.regions.parquet,Q5T5C0,Q7ZUV2
human_vs_zebrafish.hp_kyte_doolittle2.k19.lctrue.regions.parquet,Q5T5C0,Q804S5
human_vs_zebrafish.hp_kyte_doolittle2.k19.lctrue.regions.parquet,Q5T9G4,F1R2X6
human_vs_zebrafish.hp_kyte_doolittle2.k19.lctrue.regions.parquet,Q5VZK9,Q5U374
human_vs_zebrafish.hp_kyte_doolittle2.k19.lctrue.regions.parquet,Q5VZK9,Q6NUW5
human_vs_zebrafish.hp_kyte_doolittle2.k19.lctrue.regions.parquet,Q6VVB1,F1QHZ6
human_vs_zebrafish.hp_kyte_doolittle2.k19.lctrue.regions.parquet,Q6VVB1,Q7ZUX3
human_vs_zebrafish.hp_kyte_doolittle2.k19.lctrue.regions.parquet,Q8N157,Q5XJS5
human_vs_zebrafish.hp_kyte_doolittle2.k19.lctrue.regions.parquet,Q8N157,Q7T394
human_vs_zebrafish.hp_kyte_doolittle2.k19.lctrue.regions.parquet,Q8NF91,Q9W7R4
human_vs_zebrafish.hp_kyte_doolittle2.k19.lctrue.regions.parquet,Q96KQ7,Q502K3
human_vs_zebrafish.hp_kyte_doolittle2.k19.lctrue.regions.parquet,Q9BQ90,B0R160
human_vs_zebrafish.hp_kyte_doolittle2.k19.lctrue.regions.parquet,Q9BQ90,F1R6I3
human_vs_zebrafish.hp_kyte_doolittle2.k19.lctrue.regions.parquet,Q9C0D0,Q6PEI3
human_vs_zebrafish.hp_kyte_doolittle2.k19.lctrue.regions.parquet,Q9NRJ4,F1QHZ6
human_vs_zebrafish.hp_kyte_doolittle2.k19.lctrue.regions.parquet,Q9NRJ4,Q58A48
human_vs_zebrafish.hp_kyte_doolittle2.k19.lctrue.regions.parquet,Q9NRJ4,Q7SZE3
human_vs_zebrafish.hp_kyte_doolittle2.k19.lctrue.regions.parquet,Q9NRJ4,Q7ZV84
human_vs_zebrafish.hp_kyte_doolittle2.k19.lctrue.regions.parquet,Q9NRJ4,Q9DDT5
human_vs_zebrafish.hp_kyte_doolittle2.k19.lctrue.regions.parquet,Q9NWT1,Q6DRF9
human_vs_zebrafish.hp_kyte_doolittle2.k19.lctrue.regions.parquet,Q9NWT1,Q6TNS2
human_vs_zebrafish.hp_kyte_doolittle2.k19.lctrue.regions.parquet,Q9NWT1,Q7ZVF0
human_vs_zebrafish.hp_kyte_doolittle2.k19.lctrue.regions.parquet,Q9ULH4,E7FE13
human_vs_zebrafish.hp_kyte_doolittle2.k19.lctrue.regions.parquet,Q9ULH4,P0CI65
human_vs_zebrafish.hp_kyte_doolittle2.k19.lctrue.regions.parquet,Q9ULH4,Q6AXL3
human_vs_zebrafish.hp_kyte_doolittle2.k19.lctrue.regions.parquet,Q9ULH4,Q6PGX3
human_vs_zebrafish.hp_lehninger_c_nonpolar2.k18.lctrue.regions.parquet,A1A5C7,B0S5A7
human_vs_zebrafish.hp_lehninger_c_nonpolar2.k18.lctrue.regions.parquet,A1A5C7,E7EYQ9
human_vs_zebrafish.hp_lehninger_c_nonpolar2.k18.lctrue.regions.parquet,A1A5C7,F1Q4S1
human_vs_zebrafish.hp_lehninger_c_nonpolar2.k18.lctrue.regions.parquet,A1A5C7,P51046
human_vs_zebrafish.hp_lehninger_c_nonpolar2.k18.lctrue.regions.parquet,A1A5C7,Q5RIV7
human_vs_zebrafish.hp_lehninger_c_nonpolar2.k18.lctrue.regions.parquet,A1A5C7,Q68FN7
human_vs_zebrafish.hp_lehninger_c_nonpolar2.k18.lctrue.regions.parquet,A1A5C7,Q6DG38
human_vs_zebrafish.hp_lehninger_c_nonpolar2.k18.lctrue.regions.parquet,A1A5C7,Q6DHB5
human_vs_zebrafish.hp_lehninger_c_nonpolar2.k18.lctrue.regions.parquet,A1A5C7,Q6NUZ2
human_vs_zebrafish.hp_lehninger_c_nonpolar2.k18.lctrue.regions.parquet,A6NI73,Q5SPF7
human_vs_zebrafish.hp_lehninger_c_nonpolar2.k18.lctrue.regions.parquet,O00270,E7F7V7
human_vs_zebrafish.hp_lehninger_c_nonpolar2.k18.lctrue.regions.parquet,O00270,F1QGD2
human_vs_zebrafish.hp_lehninger_c_nonpolar2.k18.lctrue.regions.parquet,O00270,F1QXD3
human_vs_zebrafish.hp_lehninger_c_nonpolar2.k18.lctrue.regions.parquet,O00270,P51049
human_vs_zebrafish.hp_lehninger_c_nonpolar2.k18.lctrue.regions.parquet,O00270,Q6DG19
human_vs_zebrafish.hp_lehninger_c_nonpolar2.k18.lctrue.regions.parquet,O00270,Q7T2B0
human_vs_zebrafish.hp_lehninger_c_nonpolar2.k18.lctrue.regions.parquet,O00476,A2RUW7
human_vs_zebrafish.hp_lehninger_c_nonpolar2.k18.lctrue.regions.parquet,O00476,Q4V922
human_vs_zebrafish.hp_lehninger_c_nonpolar2.k18.lctrue.regions.parquet,O00476,Q7T070
human_vs_zebrafish.hp_lehninger_c_nonpolar2.k18.lctrue.regions.parquet,O00478,A2RUW7
human_vs_zebrafish.hp_lehninger_c_nonpolar2.k18.lctrue.regions.parquet,O00624,A4FUN9
human_vs_zebrafish.hp_lehninger_c_nonpolar2.k18.lctrue.regions.parquet,O00624,P59845
human_vs_zebrafish.hp_lehninger_c_nonpolar2.k18.lctrue.regions.parquet,O00624,Q32PK2
human_vs_zebrafish.hp_lehninger_c_nonpolar2.k18.lctrue.regions.parquet,O00624,Q52KL1
human_vs_zebrafish.hp_lehninger_c_nonpolar2.k18.lctrue.regions.parquet,O00624,Q5W8I7
human_vs_zebrafish.hp_lehninger_c_nonpolar2.k18.lctrue.regions.parquet,O00624,Q66IE4
human_vs_zebrafish.hp_lehninger_c_nonpolar2.k18.lctrue.regions.parquet,O00624,Q6GMK6
human_vs_zebrafish.hp_lehninger_c_nonpolar2.k18.lctrue.regions.parquet,O14931,Q6PHL4
human_vs_zebrafish.hp_lehninger_c_nonpolar2.k18.lctrue.regions.parquet,O15244,A3KPL7
human_vs_zebrafish.hp_lehninger_c_nonpolar2.k18.lctrue.regions.parquet,O15244,A5PMW0
human_vs_zebrafish.hp_lehninger_c_nonpolar2.k18.lctrue.regions.parquet,O15244,F1RAX4
human_vs_zebrafish.hp_lehninger_c_nonpolar2.k18.lctrue.regions.parquet,O15244,Q567X1
human_vs_zebrafish.hp_lehninger_c_nonpolar2.k18.lctrue.regions.parquet,O15244,Q6NYV8
human_vs_zebrafish.hp_lehninger_c_nonpolar2.k18.lctrue.regions.parquet,O15244,Q7T2P6
human_vs_zebrafish.hp_lehninger_c_nonpolar2.k18.lctrue.regions.parquet,O15244,Q7T310
human_vs_zebrafish.hp_lehninger_c_nonpolar2.k18.lctrue.regions.parquet,O15245,E7F4Z4
human_vs_zebrafish.hp_lehninger_c_nonpolar2.k18.lctrue.regions.parquet,O15245,E7FBY6
human_vs_zebrafish.hp_lehninger_c_nonpolar2.k18.lctrue.regions.parquet,O15245,F1Q4S1
human_vs_zebrafish.hp_lehninger_c_nonpolar2.k18.lctrue.regions.parquet,O15245,P35359
human_vs_zebrafish.hp_lehninger_c_nonpolar2.k18.lctrue.regions.parquet,O15245,Q5U9X3
human_vs_zebrafish.hp_lehninger_c_nonpolar2.k18.lctrue.regions.parquet,O15245,Q6NV12
human_vs_zebrafish.hp_lehninger_c_nonpolar2.k18.lctrue.regions.parquet,O15245,Q7T2C4
human_vs_zebrafish.hp_lehninger_c_nonpolar2.k18.lctrue.regions.parquet,O15245,Q7ZWF4
human_vs_zebrafish.hp_lehninger_c_nonpolar2.k18.lctrue.regions.parquet,O15245,Q9YH91
human_vs_zebrafish.hp_lehninger_c_nonpolar2.k18.lctrue.regions.parquet,O15400,Q08CB3
human_vs_zebrafish.hp_lehninger_c_nonpolar2.k18.lctrue.regions.parquet,O15533,Q9MIY1
human_vs_zebrafish.hp_lehninger_c_nonpolar2.k18.lctrue.regions.parquet,O60242,A1L1P9
human_vs_zebrafish.hp_lehninger_c_nonpolar2.k18.lctrue.regions.parquet,O60242,A2CER7
human_vs_zebrafish.hp_lehninger_c_nonpolar2.k18.lctrue.regions.parquet,O60242,F1QB30
human_vs_zebrafish.hp_lehninger_c_nonpolar2.k18.lctrue.regions.parquet,O60242,Q68FN7
human_vs_zebrafish.hp_lehninger_c_nonpolar2.k18.lctrue.regions.parquet,O60242,Q6IQ69
human_vs_zebrafish.hp_lehninger_c_nonpolar2.k18.lctrue.regions.parquet,O60906,Q6DGP4
human_vs_zebrafish.hp_lehninger_c_nonpolar2.k18.lctrue.regions.parquet,O75022,Q6P0C6
human_vs_zebrafish.hp_lehninger_c_nonpolar2.k18.lctrue.regions.parquet,O75023,Q7ZVW1
human_vs_zebrafish.hp_lehninger_c_nonpolar2.k18.lctrue.regions.parquet,O75751,A2SWM2
human_vs_zebrafish.hp_lehninger_c_nonpolar2.k18.lctrue.regions.parquet,O75751,E7F4Z4
human_vs_zebrafish.hp_lehninger_c_nonpolar2.k18.lctrue.regions.parquet,O75751,Q4V8U5
human_vs_zebrafish.hp_lehninger_c_nonpolar2.k18.lctrue.regions.parquet,O75751,Q6GMK6
human_vs_zebrafish.hp_lehninger_c_nonpolar2.k18.lctrue.regions.parquet,O75751,Q7T070
human_vs_zebrafish.hp_lehninger_c_nonpolar2.k18.lctrue.regions.parquet,O75751,Q7T2C4
human_vs_zebrafish.hp_lehninger_c_nonpolar2.k18.lctrue.regions.parquet,O75751,Q9MIY0
human_vs_zebrafish.hp_lehninger_c_nonpolar2.k18.lctrue.regions.parquet,O95279,A1A5V7
human_vs_zebrafish.hp_lehninger_c_nonpolar2.k18.lctrue.regions.parquet,O95279,Q08C93
human_vs_zebrafish.hp_lehninger_c_nonpolar2.k18.lctrue.regions.parquet,O95279,Q8AYM8
human_vs_zebrafish.hp_lehninger_c_nonpolar2.k18.lctrue.regions.parquet,O95944,Q498W5
human_vs_zebrafish.hp_lehninger_c_nonpolar2.k18.lctrue.regions.parquet,P04201,A4QN56
human_vs_zebrafish.hp_lehninger_c_nonpolar2.k18.lctrue.regions.parquet,P04201,F1QF89
human_vs_zebrafish.hp_lehninger_c_nonpolar2.k18.lctrue.regions.parquet,P04201,Q6GMF8
human_vs_zebrafish.hp_lehninger_c_nonpolar2.k18.lctrue.regions.parquet,P11717,B3DIG4
human_vs_zebrafish.hp_lehninger_c_nonpolar2.k18.lctrue.regions.parquet,P15260,B0V1P1
human_vs_zebrafish.hp_lehninger_c_nonpolar2.k18.lctrue.regions.parquet,P15812,Q1LX78
human_vs_zebrafish.hp_lehninger_c_nonpolar2.k18.lctrue.regions.parquet,P21554,A0A2R9YJI3
human_vs_zebrafish.hp_lehninger_c_nonpolar2.k18.lctrue.regions.parquet,P21554,F1RAX4
human_vs_zebrafish.hp_lehninger_c_nonpolar2.k18.lctrue.regions.parquet,P21554,P0DM44
human_vs_zebrafish.hp_lehninger_c_nonpolar2.k18.lctrue.regions.parquet,P21554,Q9MIY9
human_vs_zebrafish.hp_lehninger_c_nonpolar2.k18.lctrue.regions.parquet,P24046,F1Q8R9
human_vs_zebrafish.hp_lehninger_c_nonpolar2.k18.lctrue.regions.parquet,P24046,F1QLP1
human_vs_zebrafish.hp_lehninger_c_nonpolar2.k18.lctrue.regions.parquet,P28222,Q5U3U7
human_vs_zebrafish.hp_lehninger_c_nonpolar2.k18.lctrue.regions.parquet,P28222,Q803C7
human_vs_zebrafish.hp_lehninger_c_nonpolar2.k18.lctrue.regions.parquet,P28476,F1Q8R9
human_vs_zebrafish.hp_lehninger_c_nonpolar2.k18.lctrue.regions.parquet,P28476,F1QLP1
human_vs_zebrafish.hp_lehninger_c_nonpolar2.k18.lctrue.regions.parquet,P28566,Q1LW89
human_vs_zebrafish.hp_lehninger_c_nonpolar2.k18.lctrue.regions.parquet,P28566,Q5SP46
human_vs_zebrafish.hp_lehninger_c_nonpolar2.k18.lctrue.regions.parquet,P28566,Q5SPC5
human_vs_zebrafish.hp_lehninger_c_nonpolar2.k18.lctrue.regions.parquet,P28566,Q5SPF7
human_vs_zebrafish.hp_lehninger_c_nonpolar2.k18.lctrue.regions.parquet,P28566,Q6ZM28
human_vs_zebrafish.hp_lehninger_c_nonpolar2.k18.lctrue.regions.parquet,P29016,Q7SXB7
human_vs_zebrafish.hp_lehninger_c_nonpolar2.k18.lctrue.regions.parquet,P35372,A0A0R4IP11
human_vs_zebrafish.hp_lehninger_c_nonpolar2.k18.lctrue.regions.parquet,P35372,A4IG66
human_vs_zebrafish.hp_lehninger_c_nonpolar2.k18.lctrue.regions.parquet,P35372,E7FBS9
human_vs_zebrafish.hp_lehninger_c_nonpolar2.k18.lctrue.regions.parquet,P35372,F1QX91
human_vs_zebrafish.hp_lehninger_c_nonpolar2.k18.lctrue.regions.parquet,P35372,Q5PR34
human_vs_zebrafish.hp_lehninger_c_nonpolar2.k18.lctrue.regions.parquet,P43307,S4X0Q8
human_vs_zebrafish.hp_lehninger_c_nonpolar2.k18.lctrue.regions.parquet,P46095,A2SWM2
human_vs_zebrafish.hp_lehninger_c_nonpolar2.k18.lctrue.regions.parquet,P46095,Q1L8X9
human_vs_zebrafish.hp_lehninger_c_nonpolar2.k18.lctrue.regions.parquet,P46095,Q7T047
human_vs_zebrafish.hp_lehninger_c_nonpolar2.k18.lctrue.regions.parquet,P51684,A4QNX3
human_vs_zebrafish.hp_lehninger_c_nonpolar2.k18.lctrue.regions.parquet,P51684,Q68EK2
human_vs_zebrafish.hp_lehninger_c_nonpolar2.k18.lctrue.regions.parquet,P51684,Q6NZ21
human_vs_zebrafish.hp_lehninger_c_nonpolar2.k18.lctrue.regions.parquet,P51684,Q6R5J2
human_vs_zebrafish.hp_lehninger_c_nonpolar2.k18.lctrue.regions.parquet,P51684,Q7SY29
human_vs_zebrafish.hp_lehninger_c_nonpolar2.k18.lctrue.regions.parquet,P51684,Q8UWJ4
human_vs_zebrafish.hp_lehninger_c_nonpolar2.k18.lctrue.regions.parquet,P78382,A0A0R4ILB2
human_vs_zebrafish.hp_lehninger_c_nonpolar2.k18.lctrue.regions.parquet,P78382,B0UYT5
human_vs_zebrafish.hp_lehninger_c_nonpolar2.k18.lctrue.regions.parquet,P78382,P35359
human_vs_zebrafish.hp_lehninger_c_nonpolar2.k18.lctrue.regions.parquet,P78382,Q503M4
human_vs_zebrafish.hp_lehninger_c_nonpolar2.k18.lctrue.regions.parquet,P78382,Q6ZM28
human_vs_zebrafish.hp_lehninger_c_nonpolar2.k18.lctrue.regions.parquet,P78382,Q7ZVH1
human_vs_zebrafish.hp_lehninger_c_nonpolar2.k18.lctrue.regions.parquet,P78410,Q5PRC1
human_vs_zebrafish.hp_lehninger_c_nonpolar2.k18.lctrue.regions.parquet,Q01151,Q0P4A4
human_vs_zebrafish.hp_lehninger_c_nonpolar2.k18.lctrue.regions.parquet,Q04900,Q6IQA2
human_vs_zebrafish.hp_lehninger_c_nonpolar2.k18.lctrue.regions.parquet,Q13410,Q592E4
human_vs_zebrafish.hp_lehninger_c_nonpolar2.k18.lctrue.regions.parquet,Q14833,B0V1P1
human_vs_zebrafish.hp_lehninger_c_nonpolar2.k18.lctrue.regions.parquet,Q14833,B8A4F0
human_vs_zebrafish.hp_lehninger_c_nonpolar2.k18.lctrue.regions.parquet,Q14833,Q6PHL4
human_vs_zebrafish.hp_lehninger_c_nonpolar2.k18.lctrue.regions.parquet,Q14833,Q7SZQ0
human_vs_zebrafish.hp_lehninger_c_nonpolar2.k18.lctrue.regions.parquet,Q14833,Q7ZW46
human_vs_zebrafish.hp_lehninger_c_nonpolar2.k18.lctrue.regions.parquet,Q14916,A2RUW7
human_vs_zebrafish.hp_lehninger_c_nonpolar2.k18.lctrue.regions.parquet,Q14916,P58368
human_vs_zebrafish.hp_lehninger_c_nonpolar2.k18.lctrue.regions.parquet,Q14916,Q5RHB5
human_vs_zebrafish.hp_lehninger_c_nonpolar2.k18.lctrue.regions.parquet,Q14916,Q6NWF1
human_vs_zebrafish.hp_lehninger_c_nonpolar2.k18.lctrue.regions.parquet,Q14916,Q6NWG0
human_vs_zebrafish.hp_lehninger_c_nonpolar2.k18.lctrue.regions.parquet,Q14916,Q7SXB7
human_vs_zebrafish.hp_lehninger_c_nonpolar2.k18.lctrue.regions.parquet,Q14916,Q8JI14
human_vs_zebrafish.hp_lehninger_c_nonpolar2.k18.lctrue.regions.parquet,Q15109,Q5U3G6
human_vs_zebrafish.hp_lehninger_c_nonpolar2.k18.lctrue.regions.parquet,Q15262,F1R0H0
human_vs_zebrafish.hp_lehninger_c_nonpolar2.k18.lctrue.regions.parquet,Q16653,Q7ZWK8
human_vs_zebrafish.hp_lehninger_c_nonpolar2.k18.lctrue.regions.parquet,Q29980,Q7T163
human_vs_zebrafish.hp_lehninger_c_nonpolar2.k18.lctrue.regions.parquet,Q29983,E9QHT9
human_vs_zebrafish.hp_lehninger_c_nonpolar2.k18.lctrue.regions.parquet,Q30201,B8JJV5
human_vs_zebrafish.hp_lehninger_c_nonpolar2.k18.lctrue.regions.parquet,Q4VXA5,Q7ZVN4
human_vs_zebrafish.hp_lehninger_c_nonpolar2.k18.lctrue.regions.parquet,Q53GD3,A3KPP4
human_vs_zebrafish.hp_lehninger_c_nonpolar2.k18.lctrue.regions.parquet,Q53GD3,A3KQ86
human_vs_zebrafish.hp_lehninger_c_nonpolar2.k18.lctrue.regions.parquet,Q53GD3,A8WFS8
human_vs_zebrafish.hp_lehninger_c_nonpolar2.k18.lctrue.regions.parquet,Q53GD3,Q1LY46
human_vs_zebrafish.hp_lehninger_c_nonpolar2.k18.lctrue.regions.parquet,Q53GD3,Q5BL21
human_vs_zebrafish.hp_lehninger_c_nonpolar2.k18.lctrue.regions.parquet,Q53GD3,Q7ZWG6
human_vs_zebrafish.hp_lehninger_c_nonpolar2.k18.lctrue.regions.parquet,Q5SQ64,Q90ZE4
human_vs_zebrafish.hp_lehninger_c_nonpolar2.k18.lctrue.regions.parquet,Q5T1Q4,B0S6T2
human_vs_zebrafish.hp_lehninger_c_nonpolar2.k18.lctrue.regions.parquet,Q5T1Q4,F1RE57
human_vs_zebrafish.hp_lehninger_c_nonpolar2.k18.lctrue.regions.parquet,Q5T1Q4,Q5BLG4
human_vs_zebrafish.hp_lehninger_c_nonpolar2.k18.lctrue.regions.parquet,Q5T1Q4,Q803F5
human_vs_zebrafish.hp_lehninger_c_nonpolar2.k18.lctrue.regions.parquet,Q5T1Q4,U3JA75
human_vs_zebrafish.hp_lehninger_c_nonpolar2.k18.lctrue.regions.parquet,Q5T3U5,A0A0R4IF99
human_vs_zebrafish.hp_lehninger_c_nonpolar2.k18.lctrue.regions.parquet,Q5T3U5,A0JMD4
human_vs_zebrafish.hp_lehninger_c_nonpolar2.k18.lctrue.regions.parquet,Q5T3U5,A2BFP5
human_vs_zebrafish.hp_lehninger_c_nonpolar2.k18.lctrue.regions.parquet,Q5T3U5,E7FE13
human_vs_zebrafish.hp_lehninger_c_nonpolar2.k18.lctrue.regions.parquet,Q5T3U5,P0C7U5
human_vs_zebrafish.hp_lehninger_c_nonpolar2.k18.lctrue.regions.parquet,Q5T3U5,Q1LYG4
human_vs_zebrafish.hp_lehninger_c_nonpolar2.k18.lctrue.regions.parquet,Q5T3U5,Q5PR34
human_vs_zebrafish.hp_lehninger_c_nonpolar2.k18.lctrue.regions.parquet,Q5T3U5,Q5RFW0
human_vs_zebrafish.hp_lehninger_c_nonpolar2.k18.lctrue.regions.parquet,Q5T3U5,Q7T047
human_vs_zebrafish.hp_lehninger_c_nonpolar2.k18.lctrue.regions.parquet,Q5T3U5,Q9DDK4
human_vs_zebrafish.hp_lehninger_c_nonpolar2.k18.lctrue.regions.parquet,Q5T4T1,Q0P442
human_vs_zebrafish.hp_lehninger_c_nonpolar2.k18.lctrue.regions.parquet,Q5TH69,Q7SXZ1
human_vs_zebrafish.hp_lehninger_c_nonpolar2.k18.lctrue.regions.parquet,Q6H3X3,Q5SPF7
human_vs_zebrafish.hp_lehninger_c_nonpolar2.k18.lctrue.regions.parquet,Q6ISU1,Q5XJR6
human_vs_zebrafish.hp_lehninger_c_nonpolar2.k18.lctrue.regions.parquet,Q6NT16,A1L1W4
human_vs_zebrafish.hp_lehninger_c_nonpolar2.k18.lctrue.regions.parquet,Q6NT16,E7F594
human_vs_zebrafish.hp_lehninger_c_nonpolar2.k18.lctrue.regions.parquet,Q6NT16,E9QHT9
human_vs_zebrafish.hp_lehninger_c_nonpolar2.k18.lctrue.regions.parquet,Q6NT16,F1R0H0
human_vs_zebrafish.hp_lehninger_c_nonpolar2.k18.lctrue.regions.parquet,Q6NT16,Q4V8U5
human_vs_zebrafish.hp_lehninger_c_nonpolar2.k18.lctrue.regions.parquet,Q6NT16,Q6DG36
human_vs_zebrafish.hp_lehninger_c_nonpolar2.k18.lctrue.regions.parquet,Q6NT16,Q6NYY9
human_vs_zebrafish.hp_lehninger_c_nonpolar2.k18.lctrue.regions.parquet,Q6NT16,Q7SY31
human_vs_zebrafish.hp_lehninger_c_nonpolar2.k18.lctrue.regions.parquet,Q6NT16,Q7T2C4
human_vs_zebrafish.hp_lehninger_c_nonpolar2.k18.lctrue.regions.parquet,Q6NT16,Q8JG70
human_vs_zebrafish.hp_lehninger_c_nonpolar2.k18.lctrue.regions.parquet,Q6NT16,Q9IB61
human_vs_zebrafish.hp_lehninger_c_nonpolar2.k18.lctrue.regions.parquet,Q6UWU4,A0A2R9YJI3
human_vs_zebrafish.hp_lehninger_c_nonpolar2.k18.lctrue.regions.parquet,Q6UY11,P51047
human_vs_zebrafish.hp_lehninger_c_nonpolar2.k18.lctrue.regions.parquet,Q6ZNC8,B0S5Y3
human_vs_zebrafish.hp_lehninger_c_nonpolar2.k18.lctrue.regions.parquet,Q6ZNC8,B0UYF2
human_vs_zebrafish.hp_lehninger_c_nonpolar2.k18.lctrue.regions.parquet,Q6ZNC8,Q4V8U5
human_vs_zebrafish.hp_lehninger_c_nonpolar2.k18.lctrue.regions.parquet,Q6ZNC8,Q6DGV7
human_vs_zebrafish.hp_lehninger_c_nonpolar2.k18.lctrue.regions.parquet,Q6ZNC8,Q6PBH5
human_vs_zebrafish.hp_lehninger_c_nonpolar2.k18.lctrue.regions.parquet,Q6ZNC8,Q7SYC9
human_vs_zebrafish.hp_lehninger_c_nonpolar2.k18.lctrue.regions.parquet,Q7Z419,Q9MIX9
human_vs_zebrafish.hp_lehninger_c_nonpolar2.k18.lctrue.regions.parquet,Q86SQ4,A0A0R4IP11
human_vs_zebrafish.hp_lehninger_c_nonpolar2.k18.lctrue.regions.parquet,Q86SQ4,A3KNA7
human_vs_zebrafish.hp_lehninger_c_nonpolar2.k18.lctrue.regions.parquet,Q86SQ4,Q32LQ6
human_vs_zebrafish.hp_lehninger_c_nonpolar2.k18.lctrue.regions.parquet,Q86SQ4,Q6DEL2
human_vs_zebrafish.hp_lehninger_c_nonpolar2.k18.lctrue.regions.parquet,Q86SQ4,Q7ZW46
human_vs_zebrafish.hp_lehninger_c_nonpolar2.k18.lctrue.regions.parquet,Q86SQ4,Q803C9
human_vs_zebrafish.hp_lehninger_c_nonpolar2.k18.lctrue.regions.parquet,Q86VW1,A0T2N3
human_vs_zebrafish.hp_lehninger_c_nonpolar2.k18.lctrue.regions.parquet,Q86VW1,A2BFP5
human_vs_zebrafish.hp_lehninger_c_nonpolar2.k18.lctrue.regions.parquet,Q86VW1,B0S5A7
human_vs_zebrafish.hp_lehninger_c_nonpolar2.k18.lctrue.regions.parquet,Q86VW1,B0S5D5
human_vs_zebrafish.hp_lehninger_c_nonpolar2.k18.lctrue.regions.parquet,Q86VW1,F1QF89
human_vs_zebrafish.hp_lehninger_c_nonpolar2.k18.lctrue.regions.parquet,Q86VW1,Q568T5
human_vs_zebrafish.hp_lehninger_c_nonpolar2.k18.lctrue.regions.parquet,Q86VW1,Q5XIY2
human_vs_zebrafish.hp_lehninger_c_nonpolar2.k18.lctrue.regions.parquet,Q86VW1,Q6P5I8
human_vs_zebrafish.hp_lehninger_c_nonpolar2.k18.lctrue.regions.parquet,Q86VW1,Q7ZWG6
human_vs_zebrafish.hp_lehninger_c_nonpolar2.k18.lctrue.regions.parquet,Q86WC4,Q6P4P2
human_vs_zebrafish.hp_lehninger_c_nonpolar2.k18.lctrue.regions.parquet,Q8IV45,Q803C9
human_vs_zebrafish.hp_lehninger_c_nonpolar2.k18.lctrue.regions.parquet,Q8IZ57,Q1JQ66
human_vs_zebrafish.hp_lehninger_c_nonpolar2.k18.lctrue.regions.parquet,Q8IZ57,Q503M4
human_vs_zebrafish.hp_lehninger_c_nonpolar2.k18.lctrue.regions.parquet,Q8IZF2,A1L272
human_vs_zebrafish.hp_lehninger_c_nonpolar2.k18.lctrue.regions.parquet,Q8IZF2,F1Q8R9
human_vs_zebrafish.hp_lehninger_c_nonpolar2.k18.lctrue.regions.parquet,Q8IZF2,Q0V947
human_vs_zebrafish.hp_lehninger_c_nonpolar2.k18.lctrue.regions.parquet,Q8IZF2,Q7ZU13
human_vs_zebrafish.hp_lehninger_c_nonpolar2.k18.lctrue.regions.parquet,Q8IZF2,Q8JG69
human_vs_zebrafish.hp_lehninger_c_nonpolar2.k18.lctrue.regions.parquet,Q8IZT8,F1R8P4
human_vs_zebrafish.hp_lehninger_c_nonpolar2.k18.lctrue.regions.parquet,Q8N109,Q1LVS8
human_vs_zebrafish.hp_lehninger_c_nonpolar2.k18.lctrue.regions.parquet,Q8N743,Q1LVS8
human_vs_zebrafish.hp_lehninger_c_nonpolar2.k18.lctrue.regions.parquet,Q8N7C4,Q4V8X0
human_vs_zebrafish.hp_lehninger_c_nonpolar2.k18.lctrue.regions.parquet,Q8N7C4,Q68EK2
human_vs_zebrafish.hp_lehninger_c_nonpolar2.k18.lctrue.regions.parquet,Q8N7C4,Q9MIY5
human_vs_zebrafish.hp_lehninger_c_nonpolar2.k18.lctrue.regions.parquet,Q8NA58,Q803C7
human_vs_zebrafish.hp_lehninger_c_nonpolar2.k18.lctrue.regions.parquet,Q8NC56,A2BGS3
human_vs_zebrafish.hp_lehninger_c_nonpolar2.k18.lctrue.regions.parquet,Q8NE79,F1R332
human_vs_zebrafish.hp_lehninger_c_nonpolar2.k18.lctrue.regions.parquet,Q8NE79,Q9MIY4
human_vs_zebrafish.hp_lehninger_c_nonpolar2.k18.lctrue.regions.parquet,Q8NHJ6,X1WEM4
human_vs_zebrafish.hp_lehninger_c_nonpolar2.k18.lctrue.regions.parquet,Q8TB61,E7FB98
human_vs_zebrafish.hp_lehninger_c_nonpolar2.k18.lctrue.regions.parquet,Q8TB61,E9QHT9
human_vs_zebrafish.hp_lehninger_c_nonpolar2.k18.lctrue.regions.parquet,Q8TB61,F1Q930
human_vs_zebrafish.hp_lehninger_c_nonpolar2.k18.lctrue.regions.parquet,Q8TB61,P46530
human_vs_zebrafish.hp_lehninger_c_nonpolar2.k18.lctrue.regions.parquet,Q8TB61,Q6DEJ6
human_vs_zebrafish.hp_lehninger_c_nonpolar2.k18.lctrue.regions.parquet,Q8TEZ7,B8A4F0
human_vs_zebrafish.hp_lehninger_c_nonpolar2.k18.lctrue.regions.parquet,Q8TEZ7,Q08CB3
human_vs_zebrafish.hp_lehninger_c_nonpolar2.k18.lctrue.regions.parquet,Q8TEZ7,Q1LX59
human_vs_zebrafish.hp_lehninger_c_nonpolar2.k18.lctrue.regions.parquet,Q8TEZ7,Q503P5
human_vs_zebrafish.hp_lehninger_c_nonpolar2.k18.lctrue.regions.parquet,Q8TEZ7,Q801G2
human_vs_zebrafish.hp_lehninger_c_nonpolar2.k18.lctrue.regions.parquet,Q8WV19,A2CER7
human_vs_zebrafish.hp_lehninger_c_nonpolar2.k18.lctrue.regions.parquet,Q8WV19,Q1JPS6
human_vs_zebrafish.hp_lehninger_c_nonpolar2.k18.lctrue.regions.parquet,Q8WV19,Q90ZE4
human_vs_zebrafish.hp_lehninger_c_nonpolar2.k18.lctrue.regions.parquet,Q8WVV5,Q7SYC7
human_vs_zebrafish.hp_lehninger_c_nonpolar2.k18.lctrue.regions.parquet,Q92504,Q3ZMH1
human_vs_zebrafish.hp_lehninger_c_nonpolar2.k18.lctrue.regions.parquet,Q92504,Q5U3U7
human_vs_zebrafish.hp_lehninger_c_nonpolar2.k18.lctrue.regions.parquet,Q92504,Q7SXF1
human_vs_zebrafish.hp_lehninger_c_nonpolar2.k18.lctrue.regions.parquet,Q92504,Q7SY09
human_vs_zebrafish.hp_lehninger_c_nonpolar2.k18.lctrue.regions.parquet,Q96E22,Q1L864
human_vs_zebrafish.hp_lehninger_c_nonpolar2.k18.lctrue.regions.parquet,Q96E22,Q6NZ21
human_vs_zebrafish.hp_lehninger_c_nonpolar2.k18.lctrue.regions.parquet,Q96E22,Q7SZQ0
human_vs_zebrafish.hp_lehninger_c_nonpolar2.k18.lctrue.regions.parquet,Q96FX8,A1L2F6
human_vs_zebrafish.hp_lehninger_c_nonpolar2.k18.lctrue.regions.parquet,Q96FX8,B0CLX4
human_vs_zebrafish.hp_lehninger_c_nonpolar2.k18.lctrue.regions.parquet,Q96FX8,X1WEM4
human_vs_zebrafish.hp_lehninger_c_nonpolar2.k18.lctrue.regions.parquet,Q96KF7,A8WGT1
human_vs_zebrafish.hp_lehninger_c_nonpolar2.k18.lctrue.regions.parquet,Q96RN1,A5PMW0
human_vs_zebrafish.hp_lehninger_c_nonpolar2.k18.lctrue.regions.parquet,Q96RN1,B0UXR0
human_vs_zebrafish.hp_lehninger_c_nonpolar2.k18.lctrue.regions.parquet,Q96RN1,F1RE57
human_vs_zebrafish.hp_lehninger_c_nonpolar2.k18.lctrue.regions.parquet,Q96RN1,P0C7U4
human_vs_zebrafish.hp_lehninger_c_nonpolar2.k18.lctrue.regions.parquet,Q96RN1,Q0P483
human_vs_zebrafish.hp_lehninger_c_nonpolar2.k18.lctrue.regions.parquet,Q96RN1,Q503M4
human_vs_zebrafish.hp_lehninger_c_nonpolar2.k18.lctrue.regions.parquet,Q96RN1,Q6P011
human_vs_zebrafish.hp_lehninger_c_nonpolar2.k18.lctrue.regions.parquet,Q96RN1,Q7T2C4
human_vs_zebrafish.hp_lehninger_c_nonpolar2.k18.lctrue.regions.parquet,Q96T54,P51049
human_vs_zebrafish.hp_lehninger_c_nonpolar2.k18.lctrue.regions.parquet,Q96T54,Q68Y21
human_vs_zebrafish.hp_lehninger_c_nonpolar2.k18.lctrue.regions.parquet,Q96T54,Q6DG38
human_vs_zebrafish.hp_lehninger_c_nonpolar2.k18.lctrue.regions.parquet,Q96T54,Q9MIX8
human_vs_zebrafish.hp_lehninger_c_nonpolar2.k18.lctrue.regions.parquet,Q96T55,A7E2I7
human_vs_zebrafish.hp_lehninger_c_nonpolar2.k18.lctrue.regions.parquet,Q96T55,Q502G2
human_vs_zebrafish.hp_lehninger_c_nonpolar2.k18.lctrue.regions.parquet,Q96T55,Q98880
human_vs_zebrafish.hp_lehninger_c_nonpolar2.k18.lctrue.regions.parquet,Q99808,E7FE13
human_vs_zebrafish.hp_lehninger_c_nonpolar2.k18.lctrue.regions.parquet,Q99808,Q59I64
human_vs_zebrafish.hp_lehninger_c_nonpolar2.k18.lctrue.regions.parquet,Q99808,Q5U3V7
human_vs_zebrafish.hp_lehninger_c_nonpolar2.k18.lctrue.regions.parquet,Q99808,Q6NYN7
human_vs_zebrafish.hp_lehninger_c_nonpolar2.k18.lctrue.regions.parquet,Q99808,Q9I918
human_vs_zebrafish.hp_lehninger_c_nonpolar2.k18.lctrue.regions.parquet,Q99941,Q6DG19
human_vs_zebrafish.hp_lehninger_c_nonpolar2.k18.lctrue.regions.parquet,Q99942,A0A2R8Q3S9
human_vs_zebrafish.hp_lehninger_c_nonpolar2.k18.lctrue.regions.parquet,Q99942,Q5BL29
human_vs_zebrafish.hp_lehninger_c_nonpolar2.k18.lctrue.regions.parquet,Q99943,A2BGS3
human_vs_zebrafish.hp_lehninger_c_nonpolar2.k18.lctrue.regions.parquet,Q99943,Q8QFX6
human_vs_zebrafish.hp_lehninger_c_nonpolar2.k18.lctrue.regions.parquet,Q99946,Q5W8I7
human_vs_zebrafish.hp_lehninger_c_nonpolar2.k18.lctrue.regions.parquet,Q9BZJ6,B3DHU2
human_vs_zebrafish.hp_lehninger_c_nonpolar2.k18.lctrue.regions.parquet,Q9BZJ6,Q1LV46
human_vs_zebrafish.hp_lehninger_c_nonpolar2.k18.lctrue.regions.parquet,Q9BZJ6,Q566N0
human_vs_zebrafish.hp_lehninger_c_nonpolar2.k18.lctrue.regions.parquet,Q9BZJ6,Q5PR34
human_vs_zebrafish.hp_lehninger_c_nonpolar2.k18.lctrue.regions.parquet,Q9BZJ6,Q6DEJ6
human_vs_zebrafish.hp_lehninger_c_nonpolar2.k18.lctrue.regions.parquet,Q9BZJ6,Q90WY5
human_vs_zebrafish.hp_lehninger_c_nonpolar2.k18.lctrue.regions.parquet,Q9GZM5,A0A0R4IP11
human_vs_zebrafish.hp_lehninger_c_nonpolar2.k18.lctrue.regions.parquet,Q9GZM5,A5PLH4
human_vs_zebrafish.hp_lehninger_c_nonpolar2.k18.lctrue.regions.parquet,Q9GZM5,P59845
human_vs_zebrafish.hp_lehninger_c_nonpolar2.k18.lctrue.regions.parquet,Q9GZM5,Q3ZMH1
human_vs_zebrafish.hp_lehninger_c_nonpolar2.k18.lctrue.regions.parquet,Q9GZR5,C6KFA3
human_vs_zebrafish.hp_lehninger_c_nonpolar2.k18.lctrue.regions.parquet,Q9GZR5,P35359
human_vs_zebrafish.hp_lehninger_c_nonpolar2.k18.lctrue.regions.parquet,Q9GZR5,P51047
human_vs_zebrafish.hp_lehninger_c_nonpolar2.k18.lctrue.regions.parquet,Q9GZR5,Q4V9P0
human_vs_zebrafish.hp_lehninger_c_nonpolar2.k18.lctrue.regions.parquet,Q9GZR5,Q7T070
human_vs_zebrafish.hp_lehninger_c_nonpolar2.k18.lctrue.regions.parquet,Q9H1N7,A1L1P9
human_vs_zebrafish.hp_lehninger_c_nonpolar2.k18.lctrue.regions.parquet,Q9H1N7,F1R013
human_vs_zebrafish.hp_lehninger_c_nonpolar2.k18.lctrue.regions.parquet,Q9H1N7,Q503G8
human_vs_zebrafish.hp_lehninger_c_nonpolar2.k18.lctrue.regions.parquet,Q9H1N7,Q59I64
human_vs_zebrafish.hp_lehninger_c_nonpolar2.k18.lctrue.regions.parquet,Q9H1N7,Q5U3A7
human_vs_zebrafish.hp_lehninger_c_nonpolar2.k18.lctrue.regions.parquet,Q9H1N7,Q6IQ69
human_vs_zebrafish.hp_lehninger_c_nonpolar2.k18.lctrue.regions.parquet,Q9H1N7,Q7ZWF4
human_vs_zebrafish.hp_lehninger_c_nonpolar2.k18.lctrue.regions.parquet,Q9H1N7,Q9W720
human_vs_zebrafish.hp_lehninger_c_nonpolar2.k18.lctrue.regions.parquet,Q9HBV1,A0MGZ5
human_vs_zebrafish.hp_lehninger_c_nonpolar2.k18.lctrue.regions.parquet,Q9HBV1,Q0VA82
human_vs_zebrafish.hp_lehninger_c_nonpolar2.k18.lctrue.regions.parquet,Q9NP99,E7FB98
human_vs_zebrafish.hp_lehninger_c_nonpolar2.k18.lctrue.regions.parquet,Q9NRA2,E7F6D7
human_vs_zebrafish.hp_lehninger_c_nonpolar2.k18.lctrue.regions.parquet,Q9NRA2,P0C7U4
human_vs_zebrafish.hp_lehninger_c_nonpolar2.k18.lctrue.regions.parquet,Q9NRA2,Q5PRC0
human_vs_zebrafish.hp_lehninger_c_nonpolar2.k18.lctrue.regions.parquet,Q9NRA2,Q6DHP1
human_vs_zebrafish.hp_lehninger_c_nonpolar2.k18.lctrue.regions.parquet,Q9NRA2,Q6NUZ2
human_vs_zebrafish.hp_lehninger_c_nonpolar2.k18.lctrue.regions.parquet,Q9NRA2,Q6P4P2
human_vs_zebrafish.hp_lehninger_c_nonpolar2.k18.lctrue.regions.parquet,Q9NRA2,Q8JG69
human_vs_zebrafish.hp_lehninger_c_nonpolar2.k18.lctrue.regions.parquet,Q9NRA2,Q90WY4
human_vs_zebrafish.hp_lehninger_c_nonpolar2.k18.lctrue.regions.parquet,Q9NUN5,A2RUW7
human_vs_zebrafish.hp_lehninger_c_nonpolar2.k18.lctrue.regions.parquet,Q9NUN5,B0UYT5
human_vs_zebrafish.hp_lehninger_c_nonpolar2.k18.lctrue.regions.parquet,Q9NUN5,B8JJV5
human_vs_zebrafish.hp_lehninger_c_nonpolar2.k18.lctrue.regions.parquet,Q9NUN5,E7FBS9
human_vs_zebrafish.hp_lehninger_c_nonpolar2.k18.lctrue.regions.parquet,Q9NUN5,Q6PD82
human_vs_zebrafish.hp_lehninger_c_nonpolar2.k18.lctrue.regions.parquet,Q9NVV5,E7F594
human_vs_zebrafish.hp_lehninger_c_nonpolar2.k18.lctrue.regions.parquet,Q9NVV5,Q1LW89
human_vs_zebrafish.hp_lehninger_c_nonpolar2.k18.lctrue.regions.parquet,Q9NVV5,Q4V8U5
human_vs_zebrafish.hp_lehninger_c_nonpolar2.k18.lctrue.regions.parquet,Q9NWH2,Q561T9
human_vs_zebrafish.hp_lehninger_c_nonpolar2.k18.lctrue.regions.parquet,Q9NWH2,Q7ZWG6
human_vs_zebrafish.hp_lehninger_c_nonpolar2.k18.lctrue.regions.parquet,Q9NXB9,A0JMD4
human_vs_zebrafish.hp_lehninger_c_nonpolar2.k18.lctrue.regions.parquet,Q9NXB9,E7FB98
human_vs_zebrafish.hp_lehninger_c_nonpolar2.k18.lctrue.regions.parquet,Q9NXB9,F1QF89
human_vs_zebrafish.hp_lehninger_c_nonpolar2.k18.lctrue.regions.parquet,Q9NXB9,Q1JPS6
human_vs_zebrafish.hp_lehninger_c_nonpolar2.k18.lctrue.regions.parquet,Q9NXB9,Q4V9F0
human_vs_zebrafish.hp_lehninger_c_nonpolar2.k18.lctrue.regions.parquet,Q9NYP7,A5PN43
human_vs_zebrafish.hp_lehninger_c_nonpolar2.k18.lctrue.regions.parquet,Q9NYP7,E7FE40
human_vs_zebrafish.hp_lehninger_c_nonpolar2.k18.lctrue.regions.parquet,Q9NYP7,F1QIK8
human_vs_zebrafish.hp_lehninger_c_nonpolar2.k18.lctrue.regions.parquet,Q9NYP7,Q4V9P0
human_vs_zebrafish.hp_lehninger_c_nonpolar2.k18.lctrue.regions.parquet,Q9NYP7,Q6DHK8
human_vs_zebrafish.hp_lehninger_c_nonpolar2.k18.lctrue.regions.parquet,Q9P1P4,Q1LV46
human_vs_zebrafish.hp_lehninger_c_nonpolar2.k18.lctrue.regions.parquet,Q9P1P4,Q1LVZ2
human_vs_zebrafish.hp_lehninger_c_nonpolar2.k18.lctrue.regions.parquet,Q9P1P4,Q7ZU13
human_vs_zebrafish.hp_lehninger_c_nonpolar2.k18.lctrue.regions.parquet,Q9P1P4,Q9MIY3
human_vs_zebrafish.hp_lehninger_c_nonpolar2.k18.lctrue.regions.parquet,Q9P2C4,F1QB30
human_vs_zebrafish.hp_lehninger_c_nonpolar2.k18.lctrue.regions.parquet,Q9P2C4,Q6PC64
human_vs_zebrafish.hp_lehninger_c_nonpolar2.k18.lctrue.regions.parquet,Q9UBU6,E7EYQ9
human_vs_zebrafish.hp_lehninger_c_nonpolar2.k18.lctrue.regions.parquet,Q9UGF6,B0V1P1
human_vs_zebrafish.hp_lehninger_c_nonpolar2.k18.lctrue.regions.parquet,Q9UGF6,Q6R5J2
human_vs_zebrafish.hp_lehninger_c_nonpolar2.k18.lctrue.regions.parquet,Q9UGF6,Q7SXB7
human_vs_zebrafish.hp_lehninger_c_nonpolar2.k18.lctrue.regions.parquet,Q9UGF6,Q7T310
human_vs_zebrafish.hp_lehninger_c_nonpolar2.k18.lctrue.regions.parquet,Q9UGF6,Q9I8X3
human_vs_zebrafish.hp_lehninger_c_nonpolar2.k18.lctrue.regions.parquet,Q9UGP8,Q6PFM1
human_vs_zebrafish.hp_lehninger_c_nonpolar2.k18.lctrue.regions.parquet,Q9ULH4,Q568T5
human_vs_zebrafish.hp_lehninger_c_nonpolar2.k18.lctrue.regions.parquet,Q9Y2C2,A0A0R4ILB2
human_vs_zebrafish.hp_lehninger_c_nonpolar2.k18.lctrue.regions.parquet,Q9Y2C5,B0UXR0
human_vs_zebrafish.hp_lehninger_c_nonpolar2.k18.lctrue.regions.parquet,Q9Y2C5,F1QZE9
human_vs_zebrafish.hp_lehninger_c_nonpolar2.k18.lctrue.regions.parquet,Q9Y2C5,Q6P0C7
human_vs_zebrafish.hp_lehninger_c_nonpolar2.k18.lctrue.regions.parquet,Q9Y2C5,Q9DFS4
human_vs_zebrafish.hp_lehninger_c_nonpolar2.k18.lctrue.regions.parquet,Q9Y5U8,Q5TZE2
human_vs_zebrafish.hp_lehninger_c_nonpolar2.k18.lctrue.regions.parquet,Q9Y5W7,Q6DHU1
human_vs_zebrafish.hp_lehninger_c_nonpolar2.k18.lctrue.regions.parquet,Q9Y5W7,Q6P0C7
human_vs_zebrafish.hp_lehninger_c_nonpolar2.k18.lctrue.regions.parquet,Q9Y694,A0A0G2KTI4
human_vs_zebrafish.hp_lehninger_c_nonpolar2.k18.lctrue.regions.parquet,Q9Y694,A8WFS8
human_vs_zebrafish.hp_lehninger_c_nonpolar2.k18.lctrue.regions.parquet,Q9Y694,Q503M4
human_vs_zebrafish.hp_lehninger_c_nonpolar2.k18.lctrue.regions.parquet,Q9Y694,Q5QNP2
human_vs_zebrafish.hp_lehninger_c_nonpolar2.k18.lctrue.regions.parquet,Q9Y694,Q5SPB1
human_vs_zebrafish.hp_lehninger_c_nonpolar2.k18.lctrue.regions.parquet,Q9Y694,Q6IVV8
human_vs_zebrafish.hp_lehninger_c_nonpolar2.k18.lctrue.regions.parquet,Q9Y694,Q6NWF1
human_vs_zebrafish.hp_lehninger_c_nonpolar2.k18.lctrue.regions.parquet,Q9Y694,Q9IB61
human_vs_zebrafish.hp_thomas_dill2.k19.lctrue.regions.parquet,A0A3B3IU46,E7F568
human_vs_zebrafish.hp_thomas_dill2.k19.lctrue.regions.parquet,A0A3B3IU46,Q66I12
human_vs_zebrafish.hp_thomas_dill2.k19.lctrue.regions.parquet,A1A5C7,A8WFU8
human_vs_zebrafish.hp_thomas_dill2.k19.lctrue.regions.parquet,A7XYQ1,A5X7A0
human_vs_zebrafish.hp_thomas_dill2.k19.lctrue.regions.parquet,A7XYQ1,Q08CK1
human_vs_zebrafish.hp_thomas_dill2.k19.lctrue.regions.parquet,A7XYQ1,Q56UJ5
human_vs_zebrafish.hp_thomas_dill2.k19.lctrue.regions.parquet,A7XYQ1,Q90268
human_vs_zebrafish.hp_thomas_dill2.k19.lctrue.regions.parquet,H3BQB6,A0A0R4IES7
human_vs_zebrafish.hp_thomas_dill2.k19.lctrue.regions.parquet,H3BQB6,E7FA21
human_vs_zebrafish.hp_thomas_dill2.k19.lctrue.regions.parquet,O00141,E7FBY6
human_vs_zebrafish.hp_thomas_dill2.k19.lctrue.regions.parquet,O00453,A2RUW7
human_vs_zebrafish.hp_thomas_dill2.k19.lctrue.regions.parquet,O00478,Q06ZW3
human_vs_zebrafish.hp_thomas_dill2.k19.lctrue.regions.parquet,O00479,Q4V8X0
human_vs_zebrafish.hp_thomas_dill2.k19.lctrue.regions.parquet,O00548,A0JMQ9
human_vs_zebrafish.hp_thomas_dill2.k19.lctrue.regions.parquet,O00716,Q6GMG5
human_vs_zebrafish.hp_thomas_dill2.k19.lctrue.regions.parquet,O00716,Q90271
human_vs_zebrafish.hp_thomas_dill2.k19.lctrue.regions.parquet,O15056,Q6DRL4
human_vs_zebrafish.hp_thomas_dill2.k19.lctrue.regions.parquet,O15056,Q9DDU0
human_vs_zebrafish.hp_thomas_dill2.k19.lctrue.regions.parquet,O15209,Q5PR98
human_vs_zebrafish.hp_thomas_dill2.k19.lctrue.regions.parquet,O15209,Q6DEJ6
human_vs_zebrafish.hp_thomas_dill2.k19.lctrue.regions.parquet,O43167,C7DZK3
human_vs_zebrafish.hp_thomas_dill2.k19.lctrue.regions.parquet,O43167,Q0P4A4
human_vs_zebrafish.hp_thomas_dill2.k19.lctrue.regions.parquet,O43167,Q5D018
human_vs_zebrafish.hp_thomas_dill2.k19.lctrue.regions.parquet,O43196,Q7ZUV7
human_vs_zebrafish.hp_thomas_dill2.k19.lctrue.regions.parquet,O43309,P79746
human_vs_zebrafish.hp_thomas_dill2.k19.lctrue.regions.parquet,O43309,Q567C6
human_vs_zebrafish.hp_thomas_dill2.k19.lctrue.regions.parquet,O43318,Q2EI20
human_vs_zebrafish.hp_thomas_dill2.k19.lctrue.regions.parquet,O43318,Q567C6
human_vs_zebrafish.hp_thomas_dill2.k19.lctrue.regions.parquet,O43318,Q8JIS6
human_vs_zebrafish.hp_thomas_dill2.k19.lctrue.regions.parquet,O43324,Q5TYQ8
human_vs_zebrafish.hp_thomas_dill2.k19.lctrue.regions.parquet,O43524,A0A0R4IBL7
human_vs_zebrafish.hp_thomas_dill2.k19.lctrue.regions.parquet,O43524,X1WEM4
human_vs_zebrafish.hp_thomas_dill2.k19.lctrue.regions.parquet,O43680,Q08BW0
human_vs_zebrafish.hp_thomas_dill2.k19.lctrue.regions.parquet,O60260,Q2YDS5
human_vs_zebrafish.hp_thomas_dill2.k19.lctrue.regions.parquet,O60281,A1L252
human_vs_zebrafish.hp_thomas_dill2.k19.lctrue.regions.parquet,O60281,A4IG62
human_vs_zebrafish.hp_thomas_dill2.k19.lctrue.regions.parquet,O60281,P52889
human_vs_zebrafish.hp_thomas_dill2.k19.lctrue.regions.parquet,O60281,Q68EI3
human_vs_zebrafish.hp_thomas_dill2.k19.lctrue.regions.parquet,O60281,Q6NYA0
human_vs_zebrafish.hp_thomas_dill2.k19.lctrue.regions.parquet,O60281,Q7SXN4
human_vs_zebrafish.hp_thomas_dill2.k19.lctrue.regions.parquet,O60281,Q7T2B3
human_vs_zebrafish.hp_thomas_dill2.k19.lctrue.regions.parquet,O60281,Q90271
human_vs_zebrafish.hp_thomas_dill2.k19.lctrue.regions.parquet,O60281,U3JAG9
human_vs_zebrafish.hp_thomas_dill2.k19.lctrue.regions.parquet,O60508,B0UYH6
human_vs_zebrafish.hp_thomas_dill2.k19.lctrue.regions.parquet,O60508,P57717
human_vs_zebrafish.hp_thomas_dill2.k19.lctrue.regions.parquet,O60641,F1QVU0
human_vs_zebrafish.hp_thomas_dill2.k19.lctrue.regions.parquet,O60641,Q7SYJ9
human_vs_zebrafish.hp_thomas_dill2.k19.lctrue.regions.parquet,O60641,Q7ZW00
human_vs_zebrafish.hp_thomas_dill2.k19.lctrue.regions.parquet,O60906,O93375
human_vs_zebrafish.hp_thomas_dill2.k19.lctrue.regions.parquet,O75019,Q90275
human_vs_zebrafish.hp_thomas_dill2.k19.lctrue.regions.parquet,O75023,A0JMQ9
human_vs_zebrafish.hp_thomas_dill2.k19.lctrue.regions.parquet,O75023,A4IG62
human_vs_zebrafish.hp_thomas_dill2.k19.lctrue.regions.parquet,O75167,P09074
human_vs_zebrafish.hp_thomas_dill2.k19.lctrue.regions.parquet,O75167,Q4V9H3
human_vs_zebrafish.hp_thomas_dill2.k19.lctrue.regions.parquet,O75167,Q6VNZ9
human_vs_zebrafish.hp_thomas_dill2.k19.lctrue.regions.parquet,O75496,A0JME2
human_vs_zebrafish.hp_thomas_dill2.k19.lctrue.regions.parquet,O75496,A5WUN7
human_vs_zebrafish.hp_thomas_dill2.k19.lctrue.regions.parquet,O75496,B0V1P1
human_vs_zebrafish.hp_thomas_dill2.k19.lctrue.regions.parquet,O75603,Q9PTU1
human_vs_zebrafish.hp_thomas_dill2.k19.lctrue.regions.parquet,O75626,O42365
human_vs_zebrafish.hp_thomas_dill2.k19.lctrue.regions.parquet,O75626,Q7SXM7
human_vs_zebrafish.hp_thomas_dill2.k19.lctrue.regions.parquet,O76064,Q1L8T5
human_vs_zebrafish.hp_thomas_dill2.k19.lctrue.regions.parquet,O77932,Q5RG44
human_vs_zebrafish.hp_thomas_dill2.k19.lctrue.regions.parquet,O94874,A0PJT0
human_vs_zebrafish.hp_thomas_dill2.k19.lctrue.regions.parquet,O94874,F1QLG5
human_vs_zebrafish.hp_thomas_dill2.k19.lctrue.regions.parquet,O95238,B8JKP6
human_vs_zebrafish.hp_thomas_dill2.k19.lctrue.regions.parquet,O95279,Q6P0T2
human_vs_zebrafish.hp_thomas_dill2.k19.lctrue.regions.parquet,O95279,Q9YGT5
human_vs_zebrafish.hp_thomas_dill2.k19.lctrue.regions.parquet,O95677,Q4VBI7
human_vs_zebrafish.hp_thomas_dill2.k19.lctrue.regions.parquet,O95677,Q8JH55
human_vs_zebrafish.hp_thomas_dill2.k19.lctrue.regions.parquet,O95835,F1QLY4
human_vs_zebrafish.hp_thomas_dill2.k19.lctrue.regions.parquet,O95835,Q1LVK9
human_vs_zebrafish.hp_thomas_dill2.k19.lctrue.regions.parquet,O95835,Q2I6J0
human_vs_zebrafish.hp_thomas_dill2.k19.lctrue.regions.parquet,O95835,Q8JH55
human_vs_zebrafish.hp_thomas_dill2.k19.lctrue.regions.parquet,O95944,Q673G8
human_vs_zebrafish.hp_thomas_dill2.k19.lctrue.regions.parquet,P00488,Q6NWG1
human_vs_zebrafish.hp_thomas_dill2.k19.lctrue.regions.parquet,P00747,Q8UWJ4
human_vs_zebrafish.hp_thomas_dill2.k19.lctrue.regions.parquet,P01889,F1QWM2
human_vs_zebrafish.hp_thomas_dill2.k19.lctrue.regions.parquet,P04908,Q9DFG8
human_vs_zebrafish.hp_thomas_dill2.k19.lctrue.regions.parquet,P08238,O57521
human_vs_zebrafish.hp_thomas_dill2.k19.lctrue.regions.parquet,P08238,Q6DH65
human_vs_zebrafish.hp_thomas_dill2.k19.lctrue.regions.parquet,P08922,Q1LVK9
human_vs_zebrafish.hp_thomas_dill2.k19.lctrue.regions.parquet,P08F94,Q6NY98
human_vs_zebrafish.hp_thomas_dill2.k19.lctrue.regions.parquet,P0C0S8,Q9DFG8
human_vs_zebrafish.hp_thomas_dill2.k19.lctrue.regions.parquet,P0DMV8,Q01703
human_vs_zebrafish.hp_thomas_dill2.k19.lctrue.regions.parquet,P0DMV8,Q90473
human_vs_zebrafish.hp_thomas_dill2.k19.lctrue.regions.parquet,P0DMV9,Q01703
human_vs_zebrafish.hp_thomas_dill2.k19.lctrue.regions.parquet,P0DMV9,Q90473
human_vs_zebrafish.hp_thomas_dill2.k19.lctrue.regions.parquet,P10242,Q7ZVC4
human_vs_zebrafish.hp_thomas_dill2.k19.lctrue.regions.parquet,P10412,Q24JV4
human_vs_zebrafish.hp_thomas_dill2.k19.lctrue.regions.parquet,P11717,Q6PC78
human_vs_zebrafish.hp_thomas_dill2.k19.lctrue.regions.parquet,P11831,O42365
human_vs_zebrafish.hp_thomas_dill2.k19.lctrue.regions.parquet,P11831,Q08CH7
human_vs_zebrafish.hp_thomas_dill2.k19.lctrue.regions.parquet,P11831,Q6V9Y8
human_vs_zebrafish.hp_thomas_dill2.k19.lctrue.regions.parquet,P12872,F1QWK4
human_vs_zebrafish.hp_thomas_dill2.k19.lctrue.regions.parquet,P13942,P53544
human_vs_zebrafish.hp_thomas_dill2.k19.lctrue.regions.parquet,P15311,Q6DG03
human_vs_zebrafish.hp_thomas_dill2.k19.lctrue.regions.parquet,P15311,Q7SXN4
human_vs_zebrafish.hp_thomas_dill2.k19.lctrue.regions.parquet,P15692,Q90481
human_vs_zebrafish.hp_thomas_dill2.k19.lctrue.regions.parquet,P15822,A2CEZ5
human_vs_zebrafish.hp_thomas_dill2.k19.lctrue.regions.parquet,P15822,A9JR78
human_vs_zebrafish.hp_thomas_dill2.k19.lctrue.regions.parquet,P15822,B8A5S6
human_vs_zebrafish.hp_thomas_dill2.k19.lctrue.regions.parquet,P15822,E7F5E1
human_vs_zebrafish.hp_thomas_dill2.k19.lctrue.regions.parquet,P15822,Q08C93
human_vs_zebrafish.hp_thomas_dill2.k19.lctrue.regions.parquet,P15822,Q6DGA7
human_vs_zebrafish.hp_thomas_dill2.k19.lctrue.regions.parquet,P15822,Q6GQN5
human_vs_zebrafish.hp_thomas_dill2.k19.lctrue.regions.parquet,P15822,Q6TH15
human_vs_zebrafish.hp_thomas_dill2.k19.lctrue.regions.parquet,P15822,Q803I8
human_vs_zebrafish.hp_thomas_dill2.k19.lctrue.regions.parquet,P15822,Q98876
human_vs_zebrafish.hp_thomas_dill2.k19.lctrue.regions.parquet,P19484,F1QVU0
human_vs_zebrafish.hp_thomas_dill2.k19.lctrue.regions.parquet,P19484,Q1L981
human_vs_zebrafish.hp_thomas_dill2.k19.lctrue.regions.parquet,P19484,Q6DH66
human_vs_zebrafish.hp_thomas_dill2.k19.lctrue.regions.parquet,P20265,B8JK76
human_vs_zebrafish.hp_thomas_dill2.k19.lctrue.regions.parquet,P20265,Q07342
human_vs_zebrafish.hp_thomas_dill2.k19.lctrue.regions.parquet,P20265,Q2I6J1
human_vs_zebrafish.hp_thomas_dill2.k19.lctrue.regions.parquet,P20671,Q9DFG8
human_vs_zebrafish.hp_thomas_dill2.k19.lctrue.regions.parquet,P21580,A8C984
human_vs_zebrafish.hp_thomas_dill2.k19.lctrue.regions.parquet,P21580,Q1ECX4
human_vs_zebrafish.hp_thomas_dill2.k19.lctrue.regions.parquet,P21580,Q49GP3
human_vs_zebrafish.hp_thomas_dill2.k19.lctrue.regions.parquet,P21580,Q5RIX9
human_vs_zebrafish.hp_thomas_dill2.k19.lctrue.regions.parquet,P21580,Q9YH90
human_vs_zebrafish.hp_thomas_dill2.k19.lctrue.regions.parquet,P22492,Q7SXA9
human_vs_zebrafish.hp_thomas_dill2.k19.lctrue.regions.parquet,P24046,B0R034
human_vs_zebrafish.hp_thomas_dill2.k19.lctrue.regions.parquet,P24863,Q0P496
human_vs_zebrafish.hp_thomas_dill2.k19.lctrue.regions.parquet,P25063,E7FDW2
human_vs_zebrafish.hp_thomas_dill2.k19.lctrue.regions.parquet,P25205,Q08C93
human_vs_zebrafish.hp_thomas_dill2.k19.lctrue.regions.parquet,P28062,Q5SPR8
human_vs_zebrafish.hp_thomas_dill2.k19.lctrue.regions.parquet,P28222,Q6NXD8
human_vs_zebrafish.hp_thomas_dill2.k19.lctrue.regions.parquet,P29966,Q6PD99
human_vs_zebrafish.hp_thomas_dill2.k19.lctrue.regions.parquet,P31629,A5D8S5
human_vs_zebrafish.hp_thomas_dill2.k19.lctrue.regions.parquet,P31629,B3F211
human_vs_zebrafish.hp_thomas_dill2.k19.lctrue.regions.parquet,P31629,O13033
human_vs_zebrafish.hp_thomas_dill2.k19.lctrue.regions.parquet,P31629,Q4U0S5
human_vs_zebrafish.hp_thomas_dill2.k19.lctrue.regions.parquet,P31629,Q7SXL3
human_vs_zebrafish.hp_thomas_dill2.k19.lctrue.regions.parquet,P31629,Q98TW1
human_vs_zebrafish.hp_thomas_dill2.k19.lctrue.regions.parquet,P33981,Q5RID7
human_vs_zebrafish.hp_thomas_dill2.k19.lctrue.regions.parquet,P34931,Q90473
human_vs_zebrafish.hp_thomas_dill2.k19.lctrue.regions.parquet,P36508,A2BIJ3
human_vs_zebrafish.hp_thomas_dill2.k19.lctrue.regions.parquet,P36915,A3KNA5
human_vs_zebrafish.hp_thomas_dill2.k19.lctrue.regions.parquet,P36915,Q2TLY2
human_vs_zebrafish.hp_thomas_dill2.k19.lctrue.regions.parquet,P38936,A1L2E4
human_vs_zebrafish.hp_thomas_dill2.k19.lctrue.regions.parquet,P40425,A3KMR8
human_vs_zebrafish.hp_thomas_dill2.k19.lctrue.regions.parquet,P40425,Q561X3
human_vs_zebrafish.hp_thomas_dill2.k19.lctrue.regions.parquet,P43307,Q5TYM7
human_vs_zebrafish.hp_thomas_dill2.k19.lctrue.regions.parquet,P43629,Q7ZUV7
human_vs_zebrafish.hp_thomas_dill2.k19.lctrue.regions.parquet,P43631,Q6PFM9
human_vs_zebrafish.hp_thomas_dill2.k19.lctrue.regions.parquet,P43632,Q6PFM9
human_vs_zebrafish.hp_thomas_dill2.k19.lctrue.regions.parquet,P48634,A0A0R4IWG9
human_vs_zebrafish.hp_thomas_dill2.k19.lctrue.regions.parquet,P48634,A3KQS4
human_vs_zebrafish.hp_thomas_dill2.k19.lctrue.regions.parquet,P48634,Q6P2U9
human_vs_zebrafish.hp_thomas_dill2.k19.lctrue.regions.parquet,P49643,A0JMD2
human_vs_zebrafish.hp_thomas_dill2.k19.lctrue.regions.parquet,P49790,A1L252
human_vs_zebrafish.hp_thomas_dill2.k19.lctrue.regions.parquet,P49790,A2CI97
human_vs_zebrafish.hp_thomas_dill2.k19.lctrue.regions.parquet,P49790,E7F4Z4
human_vs_zebrafish.hp_thomas_dill2.k19.lctrue.regions.parquet,P49790,Q6NY98
human_vs_zebrafish.hp_thomas_dill2.k19.lctrue.regions.parquet,P49790,Q90W33
human_vs_zebrafish.hp_thomas_dill2.k19.lctrue.regions.parquet,P54253,F1QN48
human_vs_zebrafish.hp_thomas_dill2.k19.lctrue.regions.parquet,P54253,Q1LYG0
human_vs_zebrafish.hp_thomas_dill2.k19.lctrue.regions.parquet,P54253,Q5PR66
human_vs_zebrafish.hp_thomas_dill2.k19.lctrue.regions.parquet,P54253,Q5U3U6
human_vs_zebrafish.hp_thomas_dill2.k19.lctrue.regions.parquet,P54253,Q6IQU6
human_vs_zebrafish.hp_thomas_dill2.k19.lctrue.regions.parquet,P55196,A2CEX1
human_vs_zebrafish.hp_thomas_dill2.k19.lctrue.regions.parquet,P55196,F1QB81
human_vs_zebrafish.hp_thomas_dill2.k19.lctrue.regions.parquet,P55196,Q32PN7
human_vs_zebrafish.hp_thomas_dill2.k19.lctrue.regions.parquet,P55196,Q504C1
human_vs_zebrafish.hp_thomas_dill2.k19.lctrue.regions.parquet,P63128,Q90482
human_vs_zebrafish.hp_thomas_dill2.k19.lctrue.regions.parquet,P68431,Q6PI20
human_vs_zebrafish.hp_thomas_dill2.k19.lctrue.regions.parquet,P84103,A8WFU8
human_vs_zebrafish.hp_thomas_dill2.k19.lctrue.regions.parquet,P84103,Q5RG45
human_vs_zebrafish.hp_thomas_dill2.k19.lctrue.regions.parquet,Q01860,E7F7X0
human_vs_zebrafish.hp_thomas_dill2.k19.lctrue.regions.parquet,Q01860,Q9DFG8
human_vs_zebrafish.hp_thomas_dill2.k19.lctrue.regions.parquet,Q02952,E7FEV0
human_vs_zebrafish.hp_thomas_dill2.k19.lctrue.regions.parquet,Q02952,Q6GMG8
human_vs_zebrafish.hp_thomas_dill2.k19.lctrue.regions.parquet,Q02952,Q8JIS6
human_vs_zebrafish.hp_thomas_dill2.k19.lctrue.regions.parquet,Q03181,Q6P116
human_vs_zebrafish.hp_thomas_dill2.k19.lctrue.regions.parquet,Q04900,A0A0R4IGV4
human_vs_zebrafish.hp_thomas_dill2.k19.lctrue.regions.parquet,Q06587,O93507
human_vs_zebrafish.hp_thomas_dill2.k19.lctrue.regions.parquet,Q12899,F1QJX5
human_vs_zebrafish.hp_thomas_dill2.k19.lctrue.regions.parquet,Q12947,Q6DGT7
human_vs_zebrafish.hp_thomas_dill2.k19.lctrue.regions.parquet,Q12947,Q6DGX3
human_vs_zebrafish.hp_thomas_dill2.k19.lctrue.regions.parquet,Q12948,Q9I9K7
human_vs_zebrafish.hp_thomas_dill2.k19.lctrue.regions.parquet,Q12948,U3JAG9
human_vs_zebrafish.hp_thomas_dill2.k19.lctrue.regions.parquet,Q13410,A8CVX7
human_vs_zebrafish.hp_thomas_dill2.k19.lctrue.regions.parquet,Q13451,Q7ZUW7
human_vs_zebrafish.hp_thomas_dill2.k19.lctrue.regions.parquet,Q13451,Q803X4
human_vs_zebrafish.hp_thomas_dill2.k19.lctrue.regions.parquet,Q13546,Q5RFV8
human_vs_zebrafish.hp_thomas_dill2.k19.lctrue.regions.parquet,Q13546,Q6DHP9
human_vs_zebrafish.hp_thomas_dill2.k19.lctrue.regions.parquet,Q13950,Q2TLY2
human_vs_zebrafish.hp_thomas_dill2.k19.lctrue.regions.parquet,Q13950,Q6P132
human_vs_zebrafish.hp_thomas_dill2.k19.lctrue.regions.parquet,Q14244,A0A1L2F565
human_vs_zebrafish.hp_thomas_dill2.k19.lctrue.regions.parquet,Q14244,Q66HZ2
human_vs_zebrafish.hp_thomas_dill2.k19.lctrue.regions.parquet,Q14244,Q6PBT9
human_vs_zebrafish.hp_thomas_dill2.k19.lctrue.regions.parquet,Q14511,Q4KM14
human_vs_zebrafish.hp_thomas_dill2.k19.lctrue.regions.parquet,Q14511,Q6E2N3
human_vs_zebrafish.hp_thomas_dill2.k19.lctrue.regions.parquet,Q14511,Q6NUX0
human_vs_zebrafish.hp_thomas_dill2.k19.lctrue.regions.parquet,Q14676,A3KMR8
human_vs_zebrafish.hp_thomas_dill2.k19.lctrue.regions.parquet,Q14676,Q52KB5
human_vs_zebrafish.hp_thomas_dill2.k19.lctrue.regions.parquet,Q14676,Q6PBT8
human_vs_zebrafish.hp_thomas_dill2.k19.lctrue.regions.parquet,Q14676,Q6TEQ0
human_vs_zebrafish.hp_thomas_dill2.k19.lctrue.regions.parquet,Q14738,A0JMD0
human_vs_zebrafish.hp_thomas_dill2.k19.lctrue.regions.parquet,Q14953,Q6PFM9
human_vs_zebrafish.hp_thomas_dill2.k19.lctrue.regions.parquet,Q14954,Q6PFM9
human_vs_zebrafish.hp_thomas_dill2.k19.lctrue.regions.parquet,Q14993,E7F1U2
human_vs_zebrafish.hp_thomas_dill2.k19.lctrue.regions.parquet,Q14993,Q08CH3
human_vs_zebrafish.hp_thomas_dill2.k19.lctrue.regions.parquet,Q14993,Q5RG45
human_vs_zebrafish.hp_thomas_dill2.k19.lctrue.regions.parquet,Q14993,Q5XJ13
human_vs_zebrafish.hp_thomas_dill2.k19.lctrue.regions.parquet,Q149N8,Q68EL6
human_vs_zebrafish.hp_thomas_dill2.k19.lctrue.regions.parquet,Q149N8,Q6NZZ9
human_vs_zebrafish.hp_thomas_dill2.k19.lctrue.regions.parquet,Q15109,Q5EGE1
human_vs_zebrafish.hp_thomas_dill2.k19.lctrue.regions.parquet,Q15544,Q1LVF3
human_vs_zebrafish.hp_thomas_dill2.k19.lctrue.regions.parquet,Q15651,Q6NWE1
human_vs_zebrafish.hp_thomas_dill2.k19.lctrue.regions.parquet,Q15776,E7EXT2
human_vs_zebrafish.hp_thomas_dill2.k19.lctrue.regions.parquet,Q16626,E7FFX1
human_vs_zebrafish.hp_thomas_dill2.k19.lctrue.regions.parquet,Q16626,X1WHY6
human_vs_zebrafish.hp_thomas_dill2.k19.lctrue.regions.parquet,Q16670,Q5EB20
human_vs_zebrafish.hp_thomas_dill2.k19.lctrue.regions.parquet,Q16670,S4X0Q8
human_vs_zebrafish.hp_thomas_dill2.k19.lctrue.regions.parquet,Q30201,P79734
human_vs_zebrafish.hp_thomas_dill2.k19.lctrue.regions.parquet,Q4ZHG4,A0JMK9
human_vs_zebrafish.hp_thomas_dill2.k19.lctrue.regions.parquet,Q4ZHG4,A4QP31
human_vs_zebrafish.hp_thomas_dill2.k19.lctrue.regions.parquet,Q4ZHG4,Q7ZUK0
human_vs_zebrafish.hp_thomas_dill2.k19.lctrue.regions.parquet,Q587J8,X1WHY6
human_vs_zebrafish.hp_thomas_dill2.k19.lctrue.regions.parquet,Q5JTD0,P0CB65
human_vs_zebrafish.hp_thomas_dill2.k19.lctrue.regions.parquet,Q5JTD0,Q1L981
human_vs_zebrafish.hp_thomas_dill2.k19.lctrue.regions.parquet,Q5JXM2,Q5TYS0
human_vs_zebrafish.hp_thomas_dill2.k19.lctrue.regions.parquet,Q5M9Q1,Q6DC64
human_vs_zebrafish.hp_thomas_dill2.k19.lctrue.regions.parquet,Q5SQI0,A0A0R4IWI1
human_vs_zebrafish.hp_thomas_dill2.k19.lctrue.regions.parquet,Q5SQI0,Q5RGQ8
human_vs_zebrafish.hp_thomas_dill2.k19.lctrue.regions.parquet,Q5SSQ6,Q6DRC4
human_vs_zebrafish.hp_thomas_dill2.k19.lctrue.regions.parquet,Q5SW24,Q58EL7
human_vs_zebrafish.hp_thomas_dill2.k19.lctrue.regions.parquet,Q5SW24,Q6NY52
human_vs_zebrafish.hp_thomas_dill2.k19.lctrue.regions.parquet,Q5SZL2,Q4V8R7
human_vs_zebrafish.hp_thomas_dill2.k19.lctrue.regions.parquet,Q5T0W9,Q5RH01
human_vs_zebrafish.hp_thomas_dill2.k19.lctrue.regions.parquet,Q5T0W9,Q5U3U6
human_vs_zebrafish.hp_thomas_dill2.k19.lctrue.regions.parquet,Q5T0W9,Q66I79
human_vs_zebrafish.hp_thomas_dill2.k19.lctrue.regions.parquet,Q5T3U5,Q6NV26
human_vs_zebrafish.hp_thomas_dill2.k19.lctrue.regions.parquet,Q5T5C0,O42370
human_vs_zebrafish.hp_thomas_dill2.k19.lctrue.regions.parquet,Q5T5C0,Q1LWL8
human_vs_zebrafish.hp_thomas_dill2.k19.lctrue.regions.parquet,Q5T5C0,Q4V8Y7
human_vs_zebrafish.hp_thomas_dill2.k19.lctrue.regions.parquet,Q5TAB7,Q2WG79
human_vs_zebrafish.hp_thomas_dill2.k19.lctrue.regions.parquet,Q5TB80,A0JMK5
human_vs_zebrafish.hp_thomas_dill2.k19.lctrue.regions.parquet,Q5TB80,Q90478
human_vs_zebrafish.hp_thomas_dill2.k19.lctrue.regions.parquet,Q5TCS8,E7F0W1
human_vs_zebrafish.hp_thomas_dill2.k19.lctrue.regions.parquet,Q5TCS8,P0C8Y3
human_vs_zebrafish.hp_thomas_dill2.k19.lctrue.regions.parquet,Q5TCS8,Q6DH66
human_vs_zebrafish.hp_thomas_dill2.k19.lctrue.regions.parquet,Q5TCS8,Q6TGS6
human_vs_zebrafish.hp_thomas_dill2.k19.lctrue.regions.parquet,Q5TCY1,B3DK56
human_vs_zebrafish.hp_thomas_dill2.k19.lctrue.regions.parquet,Q5TD94,A0A0R4IWI1
human_vs_zebrafish.hp_thomas_dill2.k19.lctrue.regions.parquet,Q5TD94,Q5PNP6
human_vs_zebrafish.hp_thomas_dill2.k19.lctrue.regions.parquet,Q5TD94,Q6NWG1
human_vs_zebrafish.hp_thomas_dill2.k19.lctrue.regions.parquet,Q5TFE4,Q696W0
human_vs_zebrafish.hp_thomas_dill2.k19.lctrue.regions.parquet,Q5TH69,Q1RM03
human_vs_zebrafish.hp_thomas_dill2.k19.lctrue.regions.parquet,Q5TH69,Q4H4B6
human_vs_zebrafish.hp_thomas_dill2.k19.lctrue.regions.parquet,Q5TH69,Q5U3J8
human_vs_zebrafish.hp_thomas_dill2.k19.lctrue.regions.parquet,Q5TH69,Q5XJ13
human_vs_zebrafish.hp_thomas_dill2.k19.lctrue.regions.parquet,Q5VUA4,E7FEV0
human_vs_zebrafish.hp_thomas_dill2.k19.lctrue.regions.parquet,Q5VUA4,F1Q749
human_vs_zebrafish.hp_thomas_dill2.k19.lctrue.regions.parquet,Q5VUA4,O42367
human_vs_zebrafish.hp_thomas_dill2.k19.lctrue.regions.parquet,Q5VUA4,P53406
human_vs_zebrafish.hp_thomas_dill2.k19.lctrue.regions.parquet,Q5VUA4,Q1LXZ9
human_vs_zebrafish.hp_thomas_dill2.k19.lctrue.regions.parquet,Q5VUA4,Q2YDS1
human_vs_zebrafish.hp_thomas_dill2.k19.lctrue.regions.parquet,Q5VUA4,Q66I71
human_vs_zebrafish.hp_thomas_dill2.k19.lctrue.regions.parquet,Q5VUA4,Q696W0
human_vs_zebrafish.hp_thomas_dill2.k19.lctrue.regions.parquet,Q5VUA4,Q8JH55
human_vs_zebrafish.hp_thomas_dill2.k19.lctrue.regions.parquet,Q5VUM1,A1IH00
human_vs_zebrafish.hp_thomas_dill2.k19.lctrue.regions.parquet,Q5VWX1,Q5PZ43
human_vs_zebrafish.hp_thomas_dill2.k19.lctrue.regions.parquet,Q5VWX1,Q7ZVM9
human_vs_zebrafish.hp_thomas_dill2.k19.lctrue.regions.parquet,Q5VZK9,Q5SPR8
human_vs_zebrafish.hp_thomas_dill2.k19.lctrue.regions.parquet,Q5VZK9,X1WHY6
human_vs_zebrafish.hp_thomas_dill2.k19.lctrue.regions.parquet,Q6IEG0,Q07342
human_vs_zebrafish.hp_thomas_dill2.k19.lctrue.regions.parquet,Q6ISU1,Q08CB3
human_vs_zebrafish.hp_thomas_dill2.k19.lctrue.regions.parquet,Q6Q6R5,Q5RGJ8
human_vs_zebrafish.hp_thomas_dill2.k19.lctrue.regions.parquet,Q6UB35,A0A0R4IES7
human_vs_zebrafish.hp_thomas_dill2.k19.lctrue.regions.parquet,Q6ZN17,A0PJT0
human_vs_zebrafish.hp_thomas_dill2.k19.lctrue.regions.parquet,Q6ZN17,Q5U3U6
human_vs_zebrafish.hp_thomas_dill2.k19.lctrue.regions.parquet,Q6ZN17,Q696W0
human_vs_zebrafish.hp_thomas_dill2.k19.lctrue.regions.parquet,Q6ZU52,Q0P427
human_vs_zebrafish.hp_thomas_dill2.k19.lctrue.regions.parquet,Q6ZU52,Q7SXB5
human_vs_zebrafish.hp_thomas_dill2.k19.lctrue.regions.parquet,Q70CQ1,Q7T3T8
human_vs_zebrafish.hp_thomas_dill2.k19.lctrue.regions.parquet,Q70CQ1,X1WHY6
human_vs_zebrafish.hp_thomas_dill2.k19.lctrue.regions.parquet,Q70EL2,A1L272
human_vs_zebrafish.hp_thomas_dill2.k19.lctrue.regions.parquet,Q70EL2,A5X7A0
human_vs_zebrafish.hp_thomas_dill2.k19.lctrue.regions.parquet,Q70EL2,B3DK56
human_vs_zebrafish.hp_thomas_dill2.k19.lctrue.regions.parquet,Q70EL2,Q90482
human_vs_zebrafish.hp_thomas_dill2.k19.lctrue.regions.parquet,Q7RTU3,Q91981
human_vs_zebrafish.hp_thomas_dill2.k19.lctrue.regions.parquet,Q7Z6J4,Q6NYE2
human_vs_zebrafish.hp_thomas_dill2.k19.lctrue.regions.parquet,Q7Z6P3,Q5RIX9
human_vs_zebrafish.hp_thomas_dill2.k19.lctrue.regions.parquet,Q7Z6P3,Q7ZW11
human_vs_zebrafish.hp_thomas_dill2.k19.lctrue.regions.parquet,Q7Z6P3,Q803H4
human_vs_zebrafish.hp_thomas_dill2.k19.lctrue.regions.parquet,Q7Z6R9,P0CF95
human_vs_zebrafish.hp_thomas_dill2.k19.lctrue.regions.parquet,Q7Z6R9,Q5RJ20
human_vs_zebrafish.hp_thomas_dill2.k19.lctrue.regions.parquet,Q7Z7B0,E7F0W1
human_vs_zebrafish.hp_thomas_dill2.k19.lctrue.regions.parquet,Q7Z7B0,Q1LUS5
human_vs_zebrafish.hp_thomas_dill2.k19.lctrue.regions.parquet,Q7Z7C8,Q08C75
human_vs_zebrafish.hp_thomas_dill2.k19.lctrue.regions.parquet,Q7Z7C8,Q6P011
human_vs_zebrafish.hp_thomas_dill2.k19.lctrue.regions.parquet,Q86T65,Q6NWJ0
human_vs_zebrafish.hp_thomas_dill2.k19.lctrue.regions.parquet,Q86UC2,E7F7X0
human_vs_zebrafish.hp_thomas_dill2.k19.lctrue.regions.parquet,Q86UC2,Q6DEF4
human_vs_zebrafish.hp_thomas_dill2.k19.lctrue.regions.parquet,Q86UC2,Q7ZVX6
human_vs_zebrafish.hp_thomas_dill2.k19.lctrue.regions.parquet,Q86UR5,A3KNA5
human_vs_zebrafish.hp_thomas_dill2.k19.lctrue.regions.parquet,Q86UR5,Q58EL7
human_vs_zebrafish.hp_thomas_dill2.k19.lctrue.regions.parquet,Q86UR5,Q6PBI5
human_vs_zebrafish.hp_thomas_dill2.k19.lctrue.regions.parquet,Q86VW1,F1QC45
human_vs_zebrafish.hp_thomas_dill2.k19.lctrue.regions.parquet,Q8HWS3,Q91428
human_vs_zebrafish.hp_thomas_dill2.k19.lctrue.regions.parquet,Q8IV45,P62247
human_vs_zebrafish.hp_thomas_dill2.k19.lctrue.regions.parquet,Q8IVH2,A0A0R4IES7
human_vs_zebrafish.hp_thomas_dill2.k19.lctrue.regions.parquet,Q8IVH2,A8KBY2
human_vs_zebrafish.hp_thomas_dill2.k19.lctrue.regions.parquet,Q8IVH2,Q5BLG4
human_vs_zebrafish.hp_thomas_dill2.k19.lctrue.regions.parquet,Q8IVH2,Q5SP46
human_vs_zebrafish.hp_thomas_dill2.k19.lctrue.regions.parquet,Q8IWP9,E7EZG2
human_vs_zebrafish.hp_thomas_dill2.k19.lctrue.regions.parquet,Q8IWV8,B8A5S6
human_vs_zebrafish.hp_thomas_dill2.k19.lctrue.regions.parquet,Q8IWV8,Q6DRJ4
human_vs_zebrafish.hp_thomas_dill2.k19.lctrue.regions.parquet,Q8IZS6,Q5XJA0
human_vs_zebrafish.hp_thomas_dill2.k19.lctrue.regions.parquet,Q8N109,Q7SXL3
human_vs_zebrafish.hp_thomas_dill2.k19.lctrue.regions.parquet,Q8N157,Q2LE08
human_vs_zebrafish.hp_thomas_dill2.k19.lctrue.regions.parquet,Q8N157,U3JAG9
human_vs_zebrafish.hp_thomas_dill2.k19.lctrue.regions.parquet,Q8N1K5,Q6IQU7
human_vs_zebrafish.hp_thomas_dill2.k19.lctrue.regions.parquet,Q8N3L3,Q6DGA7
human_vs_zebrafish.hp_thomas_dill2.k19.lctrue.regions.parquet,Q8N3Z0,B0R034
human_vs_zebrafish.hp_thomas_dill2.k19.lctrue.regions.parquet,Q8N4B5,Q6PGU2
human_vs_zebrafish.hp_thomas_dill2.k19.lctrue.regions.parquet,Q8N680,Q6DGS3
human_vs_zebrafish.hp_thomas_dill2.k19.lctrue.regions.parquet,Q8N878,Q08C53
human_vs_zebrafish.hp_thomas_dill2.k19.lctrue.regions.parquet,Q8N878,Q5XJD3
human_vs_zebrafish.hp_thomas_dill2.k19.lctrue.regions.parquet,Q8NC56,F1QGH7
human_vs_zebrafish.hp_thomas_dill2.k19.lctrue.regions.parquet,Q8NC56,P58239
human_vs_zebrafish.hp_thomas_dill2.k19.lctrue.regions.parquet,Q8NE79,Q7SXN5
human_vs_zebrafish.hp_thomas_dill2.k19.lctrue.regions.parquet,Q8NF91,Q5SNQ9
human_vs_zebrafish.hp_thomas_dill2.k19.lctrue.regions.parquet,Q8NF91,Q5XJ85
human_vs_zebrafish.hp_thomas_dill2.k19.lctrue.regions.parquet,Q8NF91,Q66I71
human_vs_zebrafish.hp_thomas_dill2.k19.lctrue.regions.parquet,Q8NFD5,Q1LYM3
human_vs_zebrafish.hp_thomas_dill2.k19.lctrue.regions.parquet,Q8NFD5,Q9PTU1
human_vs_zebrafish.hp_thomas_dill2.k19.lctrue.regions.parquet,Q8NHJ6,Q1L8T5
human_vs_zebrafish.hp_thomas_dill2.k19.lctrue.regions.parquet,Q8NHL6,Q5EB20
human_vs_zebrafish.hp_thomas_dill2.k19.lctrue.regions.parquet,Q8NHL6,Q801E1
human_vs_zebrafish.hp_thomas_dill2.k19.lctrue.regions.parquet,Q8NHL6,Q90415
human_vs_zebrafish.hp_thomas_dill2.k19.lctrue.regions.parquet,Q8TC20,B0V2S2
human_vs_zebrafish.hp_thomas_dill2.k19.lctrue.regions.parquet,Q8TC41,Q5PZ43
human_vs_zebrafish.hp_thomas_dill2.k19.lctrue.regions.parquet,Q8TD31,Q1ECZ4
human_vs_zebrafish.hp_thomas_dill2.k19.lctrue.regions.parquet,Q8TDH9,Q8AYG3
human_vs_zebrafish.hp_thomas_dill2.k19.lctrue.regions.parquet,Q8WUA2,Q66L58
human_vs_zebrafish.hp_thomas_dill2.k19.lctrue.regions.parquet,Q8WUA2,Q6P0F9
human_vs_zebrafish.hp_thomas_dill2.k19.lctrue.regions.parquet,Q8WUA2,Q6PC40
human_vs_zebrafish.hp_thomas_dill2.k19.lctrue.regions.parquet,Q8WUB8,Q2TLY2
human_vs_zebrafish.hp_thomas_dill2.k19.lctrue.regions.parquet,Q8WUB8,Q8AXX2
human_vs_zebrafish.hp_thomas_dill2.k19.lctrue.regions.parquet,Q8WWN9,A0A0R4IZ84
human_vs_zebrafish.hp_thomas_dill2.k19.lctrue.regions.parquet,Q8WWN9,E7F654
human_vs_zebrafish.hp_thomas_dill2.k19.lctrue.regions.parquet,Q8WWN9,Q9IAK8
human_vs_zebrafish.hp_thomas_dill2.k19.lctrue.regions.parquet,Q8WWU5,F1QN48
human_vs_zebrafish.hp_thomas_dill2.k19.lctrue.regions.parquet,Q8WWU5,P57717
human_vs_zebrafish.hp_thomas_dill2.k19.lctrue.regions.parquet,Q92504,Q08CK7
human_vs_zebrafish.hp_thomas_dill2.k19.lctrue.regions.parquet,Q92504,Q7ZTI3
human_vs_zebrafish.hp_thomas_dill2.k19.lctrue.regions.parquet,Q92562,F1Q7Z7
human_vs_zebrafish.hp_thomas_dill2.k19.lctrue.regions.parquet,Q92766,A0A0R4IES7
human_vs_zebrafish.hp_thomas_dill2.k19.lctrue.regions.parquet,Q92766,E9QJ30
human_vs_zebrafish.hp_thomas_dill2.k19.lctrue.regions.parquet,Q92766,P47805
human_vs_zebrafish.hp_thomas_dill2.k19.lctrue.regions.parquet,Q92766,Q5RG45
human_vs_zebrafish.hp_thomas_dill2.k19.lctrue.regions.parquet,Q92766,Q7SXA9
human_vs_zebrafish.hp_thomas_dill2.k19.lctrue.regions.parquet,Q92766,Q803R5
human_vs_zebrafish.hp_thomas_dill2.k19.lctrue.regions.parquet,Q92833,A0JMQ9
human_vs_zebrafish.hp_thomas_dill2.k19.lctrue.regions.parquet,Q92833,Q98876
human_vs_zebrafish.hp_thomas_dill2.k19.lctrue.regions.parquet,Q93077,Q9DFG8
human_vs_zebrafish.hp_thomas_dill2.k19.lctrue.regions.parquet,Q969J2,Q7ZVN7
human_vs_zebrafish.hp_thomas_dill2.k19.lctrue.regions.parquet,Q96C00,Q2QCI8
human_vs_zebrafish.hp_thomas_dill2.k19.lctrue.regions.parquet,Q96D71,Q6DHL7
human_vs_zebrafish.hp_thomas_dill2.k19.lctrue.regions.parquet,Q96EV8,Q7SZE3
human_vs_zebrafish.hp_thomas_dill2.k19.lctrue.regions.parquet,Q96JM7,Q1L8G6
human_vs_zebrafish.hp_thomas_dill2.k19.lctrue.regions.parquet,Q96JM7,Q7ZVP1
human_vs_zebrafish.hp_thomas_dill2.k19.lctrue.regions.parquet,Q96KF7,A9LMC0
human_vs_zebrafish.hp_thomas_dill2.k19.lctrue.regions.parquet,Q96KK5,Q9DFG8
human_vs_zebrafish.hp_thomas_dill2.k19.lctrue.regions.parquet,Q96KQ7,A0A0R4IEW8
human_vs_zebrafish.hp_thomas_dill2.k19.lctrue.regions.parquet,Q96KW2,A5PMF7
human_vs_zebrafish.hp_thomas_dill2.k19.lctrue.regions.parquet,Q96KW2,C7DZK3
human_vs_zebrafish.hp_thomas_dill2.k19.lctrue.regions.parquet,Q96KW2,E7EXT2
human_vs_zebrafish.hp_thomas_dill2.k19.lctrue.regions.parquet,Q96KW2,Q6NVC9
human_vs_zebrafish.hp_thomas_dill2.k19.lctrue.regions.parquet,Q96NH3,Q6TNU4
human_vs_zebrafish.hp_thomas_dill2.k19.lctrue.regions.parquet,Q96P44,Q7SY21
human_vs_zebrafish.hp_thomas_dill2.k19.lctrue.regions.parquet,Q96PC2,P57102
human_vs_zebrafish.hp_thomas_dill2.k19.lctrue.regions.parquet,Q96PQ5,A0A0R4IGV4
human_vs_zebrafish.hp_thomas_dill2.k19.lctrue.regions.parquet,Q96PQ5,F1RCY6
human_vs_zebrafish.hp_thomas_dill2.k19.lctrue.regions.parquet,Q96PQ5,Q08BW0
human_vs_zebrafish.hp_thomas_dill2.k19.lctrue.regions.parquet,Q96PQ5,Q501V0
human_vs_zebrafish.hp_thomas_dill2.k19.lctrue.regions.parquet,Q96QV6,Q5SPP5
human_vs_zebrafish.hp_thomas_dill2.k19.lctrue.regions.parquet,Q96S59,Q568K2
human_vs_zebrafish.hp_thomas_dill2.k19.lctrue.regions.parquet,Q99459,A0A0R4IKJ1
human_vs_zebrafish.hp_thomas_dill2.k19.lctrue.regions.parquet,Q99459,Q5RKN3
human_vs_zebrafish.hp_thomas_dill2.k19.lctrue.regions.parquet,Q99459,Q9IAV3
human_vs_zebrafish.hp_thomas_dill2.k19.lctrue.regions.parquet,Q99683,Q6ZM89
human_vs_zebrafish.hp_thomas_dill2.k19.lctrue.regions.parquet,Q99706,A1L1R6
human_vs_zebrafish.hp_thomas_dill2.k19.lctrue.regions.parquet,Q99715,F1QLG5
human_vs_zebrafish.hp_thomas_dill2.k19.lctrue.regions.parquet,Q99715,O42357
human_vs_zebrafish.hp_thomas_dill2.k19.lctrue.regions.parquet,Q99715,Q1L8P7
human_vs_zebrafish.hp_thomas_dill2.k19.lctrue.regions.parquet,Q99715,Q6PFM9
human_vs_zebrafish.hp_thomas_dill2.k19.lctrue.regions.parquet,Q99750,Q1LV22
human_vs_zebrafish.hp_thomas_dill2.k19.lctrue.regions.parquet,Q99808,Q8AWZ2
human_vs_zebrafish.hp_thomas_dill2.k19.lctrue.regions.parquet,Q99878,Q9DFG8
human_vs_zebrafish.hp_thomas_dill2.k19.lctrue.regions.parquet,Q99941,F1QDI9
human_vs_zebrafish.hp_thomas_dill2.k19.lctrue.regions.parquet,Q99941,Q2THW0
human_vs_zebrafish.hp_thomas_dill2.k19.lctrue.regions.parquet,Q99941,Q3LSS0
human_vs_zebrafish.hp_thomas_dill2.k19.lctrue.regions.parquet,Q99941,Q7SXE8
human_vs_zebrafish.hp_thomas_dill2.k19.lctrue.regions.parquet,Q99941,Q90477
human_vs_zebrafish.hp_thomas_dill2.k19.lctrue.regions.parquet,Q99941,Q9PSI9
human_vs_zebrafish.hp_thomas_dill2.k19.lctrue.regions.parquet,Q99942,Q5RG45
human_vs_zebrafish.hp_thomas_dill2.k19.lctrue.regions.parquet,Q99967,Q2TLY2
human_vs_zebrafish.hp_thomas_dill2.k19.lctrue.regions.parquet,Q9BRR0,A5PN09
human_vs_zebrafish.hp_thomas_dill2.k19.lctrue.regions.parquet,Q9BRS2,A1L1N5
human_vs_zebrafish.hp_thomas_dill2.k19.lctrue.regions.parquet,Q9BRS2,E7F211
human_vs_zebrafish.hp_thomas_dill2.k19.lctrue.regions.parquet,Q9BRS2,Q6EJB7
human_vs_zebrafish.hp_thomas_dill2.k19.lctrue.regions.parquet,Q9BT09,F1Q8X5
human_vs_zebrafish.hp_thomas_dill2.k19.lctrue.regions.parquet,Q9BW19,A8KBY2
human_vs_zebrafish.hp_thomas_dill2.k19.lctrue.regions.parquet,Q9BW19,F1QZ88
human_vs_zebrafish.hp_thomas_dill2.k19.lctrue.regions.parquet,Q9BWV7,Q696W0
human_vs_zebrafish.hp_thomas_dill2.k19.lctrue.regions.parquet,Q9BXY4,F1QDI9
human_vs_zebrafish.hp_thomas_dill2.k19.lctrue.regions.parquet,Q9BYV9,A5WWA0
human_vs_zebrafish.hp_thomas_dill2.k19.lctrue.regions.parquet,Q9BYV9,A6H8T2
human_vs_zebrafish.hp_thomas_dill2.k19.lctrue.regions.parquet,Q9BYV9,F1QB81
human_vs_zebrafish.hp_thomas_dill2.k19.lctrue.regions.parquet,Q9BYV9,Q5EDF9
human_vs_zebrafish.hp_thomas_dill2.k19.lctrue.regions.parquet,Q9BYV9,Q6PG29
human_vs_zebrafish.hp_thomas_dill2.k19.lctrue.regions.parquet,Q9BZY9,Q5BJJ7
human_vs_zebrafish.hp_thomas_dill2.k19.lctrue.regions.parquet,Q9C009,P57095
human_vs_zebrafish.hp_thomas_dill2.k19.lctrue.regions.parquet,Q9C0D0,A0A0G2KTI4
human_vs_zebrafish.hp_thomas_dill2.k19.lctrue.regions.parquet,Q9C0D0,Q6NWJ0
human_vs_zebrafish.hp_thomas_dill2.k19.lctrue.regions.parquet,Q9C0D0,Q6YBR5
human_vs_zebrafish.hp_thomas_dill2.k19.lctrue.regions.parquet,Q9GZM5,Q58EL7
human_vs_zebrafish.hp_thomas_dill2.k19.lctrue.regions.parquet,Q9GZR5,Q503Q1
human_vs_zebrafish.hp_thomas_dill2.k19.lctrue.regions.parquet,Q9H0U9,B0UXL7
human_vs_zebrafish.hp_thomas_dill2.k19.lctrue.regions.parquet,Q9H1H9,A0A2R9YJI3
human_vs_zebrafish.hp_thomas_dill2.k19.lctrue.regions.parquet,Q9H1H9,A6H8T2
human_vs_zebrafish.hp_thomas_dill2.k19.lctrue.regions.parquet,Q9H1H9,B0R0I6
human_vs_zebrafish.hp_thomas_dill2.k19.lctrue.regions.parquet,Q9H1H9,Q98UK5
human_vs_zebrafish.hp_thomas_dill2.k19.lctrue.regions.parquet,Q9H4E7,A1L243
human_vs_zebrafish.hp_thomas_dill2.k19.lctrue.regions.parquet,Q9H4Q3,A5D8S8
human_vs_zebrafish.hp_thomas_dill2.k19.lctrue.regions.parquet,Q9H4Q3,Q1JPY8
human_vs_zebrafish.hp_thomas_dill2.k19.lctrue.regions.parquet,Q9H4Q3,Q803X4
human_vs_zebrafish.hp_thomas_dill2.k19.lctrue.regions.parquet,Q9H4T2,Q5RGT6
human_vs_zebrafish.hp_thomas_dill2.k19.lctrue.regions.parquet,Q9H4T2,Q5RKN3
human_vs_zebrafish.hp_thomas_dill2.k19.lctrue.regions.parquet,Q9H633,Q7T297
human_vs_zebrafish.hp_thomas_dill2.k19.lctrue.regions.parquet,Q9H6K1,A6H8T7
human_vs_zebrafish.hp_thomas_dill2.k19.lctrue.regions.parquet,Q9H7B2,A7MC22
human_vs_zebrafish.hp_thomas_dill2.k19.lctrue.regions.parquet,Q9HB96,Q1LWM5
human_vs_zebrafish.hp_thomas_dill2.k19.lctrue.regions.parquet,Q9HCH3,Q2TLY2
human_vs_zebrafish.hp_thomas_dill2.k19.lctrue.regions.parquet,Q9NP56,Q07342
human_vs_zebrafish.hp_thomas_dill2.k19.lctrue.regions.parquet,Q9NP62,Q8AXX2
human_vs_zebrafish.hp_thomas_dill2.k19.lctrue.regions.parquet,Q9NRJ4,A2RRV3
human_vs_zebrafish.hp_thomas_dill2.k19.lctrue.regions.parquet,Q9NRJ4,Q6NWG1
human_vs_zebrafish.hp_thomas_dill2.k19.lctrue.regions.parquet,Q9NRJ4,Q6NY82
human_vs_zebrafish.hp_thomas_dill2.k19.lctrue.regions.parquet,Q9NRJ4,Q90275
human_vs_zebrafish.hp_thomas_dill2.k19.lctrue.regions.parquet,Q9NWT1,O42357
human_vs_zebrafish.hp_thomas_dill2.k19.lctrue.regions.parquet,Q9NXL9,A3KMR8
human_vs_zebrafish.hp_thomas_dill2.k19.lctrue.regions.parquet,Q9NXL9,A3KPW9
human_vs_zebrafish.hp_thomas_dill2.k19.lctrue.regions.parquet,Q9NXL9,E7F211
human_vs_zebrafish.hp_thomas_dill2.k19.lctrue.regions.parquet,Q9NXL9,Q1L8X9
human_vs_zebrafish.hp_thomas_dill2.k19.lctrue.regions.parquet,Q9NXL9,Q568K2
human_vs_zebrafish.hp_thomas_dill2.k19.lctrue.regions.parquet,Q9NXZ2,Q9DE24
human_vs_zebrafish.hp_thomas_dill2.k19.lctrue.regions.parquet,Q9NYP7,F1RD40
human_vs_zebrafish.hp_thomas_dill2.k19.lctrue.regions.parquet,Q9UBC1,Q1L981
human_vs_zebrafish.hp_thomas_dill2.k19.lctrue.regions.parquet,Q9UBC1,Q6PFP3
human_vs_zebrafish.hp_thomas_dill2.k19.lctrue.regions.parquet,Q9UGC6,Q32PN7
human_vs_zebrafish.hp_thomas_dill2.k19.lctrue.regions.parquet,Q9UGP8,A1YB07
human_vs_zebrafish.hp_thomas_dill2.k19.lctrue.regions.parquet,Q9UIL4,Q08C93
human_vs_zebrafish.hp_thomas_dill2.k19.lctrue.regions.parquet,Q9UJN7,P31367
human_vs_zebrafish.hp_thomas_dill2.k19.lctrue.regions.parquet,Q9UJN7,Q6PBI4
human_vs_zebrafish.hp_thomas_dill2.k19.lctrue.regions.parquet,Q9UK97,Q6TNR1
human_vs_zebrafish.hp_thomas_dill2.k19.lctrue.regions.parquet,Q9UKL3,Q08CK7
human_vs_zebrafish.hp_thomas_dill2.k19.lctrue.regions.parquet,Q9UKL3,Q08CL8
human_vs_zebrafish.hp_thomas_dill2.k19.lctrue.regions.parquet,Q9UKL3,Q2TLY2
human_vs_zebrafish.hp_thomas_dill2.k19.lctrue.regions.parquet,Q9UKL3,Q4V8X0
human_vs_zebrafish.hp_thomas_dill2.k19.lctrue.regions.parquet,Q9UKT4,Q6PEH4
human_vs_zebrafish.hp_thomas_dill2.k19.lctrue.regions.parquet,Q9ULC3,Q6PBM8
human_vs_zebrafish.hp_thomas_dill2.k19.lctrue.regions.parquet,Q9ULD4,A8WFU8
human_vs_zebrafish.hp_thomas_dill2.k19.lctrue.regions.parquet,Q9ULD4,P79745
human_vs_zebrafish.hp_thomas_dill2.k19.lctrue.regions.parquet,Q9ULD4,Q6AXJ2
human_vs_zebrafish.hp_thomas_dill2.k19.lctrue.regions.parquet,Q9ULH4,E7F888
human_vs_zebrafish.hp_thomas_dill2.k19.lctrue.regions.parquet,Q9ULH4,Q32PN7
human_vs_zebrafish.hp_thomas_dill2.k19.lctrue.regions.parquet,Q9ULH4,Q4V8R7
human_vs_zebrafish.hp_thomas_dill2.k19.lctrue.regions.parquet,Q9ULH4,Q6NWJ4
human_vs_zebrafish.hp_thomas_dill2.k19.lctrue.regions.parquet,Q9ULL1,E7F4N7
human_vs_zebrafish.hp_thomas_dill2.k19.lctrue.regions.parquet,Q9ULL1,F1QC17
human_vs_zebrafish.hp_thomas_dill2.k19.lctrue.regions.parquet,Q9ULL1,F6NSX9
human_vs_zebrafish.hp_thomas_dill2.k19.lctrue.regions.parquet,Q9ULL1,Q1JPZ7
human_vs_zebrafish.hp_thomas_dill2.k19.lctrue.regions.parquet,Q9ULL1,Q6NWG1
human_vs_zebrafish.hp_thomas_dill2.k19.lctrue.regions.parquet,Q9ULL1,X1WHY6
human_vs_zebrafish.hp_thomas_dill2.k19.lctrue.regions.parquet,Q9UM54,Q7SXT7
human_vs_zebrafish.hp_thomas_dill2.k19.lctrue.regions.parquet,Q9UM63,O42250
human_vs_zebrafish.hp_thomas_dill2.k19.lctrue.regions.parquet,Q9UMQ6,E7EZG2
human_vs_zebrafish.hp_thomas_dill2.k19.lctrue.regions.parquet,Q9UPN6,A5D8S5
human_vs_zebrafish.hp_thomas_dill2.k19.lctrue.regions.parquet,Q9UPN6,A7MCB7
human_vs_zebrafish.hp_thomas_dill2.k19.lctrue.regions.parquet,Q9UPN6,E7F568
human_vs_zebrafish.hp_thomas_dill2.k19.lctrue.regions.parquet,Q9Y233,P47794
human_vs_zebrafish.hp_thomas_dill2.k19.lctrue.regions.parquet,Q9Y330,A5WUY6
human_vs_zebrafish.hp_thomas_dill2.k19.lctrue.regions.parquet,Q9Y4E5,Q696W0
human_vs_zebrafish.hp_thomas_dill2.k19.lctrue.regions.parquet,Q9Y4F9,A5PF44
human_vs_zebrafish.hp_thomas_dill2.k19.lctrue.regions.parquet,Q9Y4F9,B0R0I6
human_vs_zebrafish.hp_thomas_dill2.k19.lctrue.regions.parquet,Q9Y4K1,O42370
human_vs_zebrafish.hp_thomas_dill2.k19.lctrue.regions.parquet,Q9Y5K6,F1QDI9
human_vs_zebrafish.hp_thomas_dill2.k19.lctrue.regions.parquet,Q9Y5K6,Q7ZUV7
human_vs_zebrafish.hp_thomas_dill2.k19.lctrue.regions.parquet,Q9Y603,Q503Q1
human_vs_zebrafish.hp_thomas_dill2.k19.lctrue.regions.parquet,Q9Y6R4,A8E7N9
human_vs_zebrafish.hp_thomas_dill2.k19.lctrue.regions.parquet,Q9Y6R4,Q6DG43
human_vs_zebrafish.hp_thomas_dill2.k19.lctrue.regions.parquet,Q9Y6R4,Q6NZT6
human_vs_zebrafish.hp_thomas_dill_no_c2.k19.lctrue.regions.parquet,A7XYQ1,A7XYJ6
human_vs_zebrafish.hp_thomas_dill_no_c2.k19.lctrue.regions.parquet,O00141,Q7ZTW4
human_vs_zebrafish.hp_thomas_dill_no_c2.k19.lctrue.regions.parquet,O00548,E9QJQ6
human_vs_zebrafish.hp_thomas_dill_no_c2.k19.lctrue.regions.parquet,O00548,Q8UWJ4
human_vs_zebrafish.hp_thomas_dill_no_c2.k19.lctrue.regions.parquet,O00548,Q9IAT6
human_vs_zebrafish.hp_thomas_dill_no_c2.k19.lctrue.regions.parquet,O00548,Q9W7R4
human_vs_zebrafish.hp_thomas_dill_no_c2.k19.lctrue.regions.parquet,O00635,Q1L8G6
human_vs_zebrafish.hp_thomas_dill_no_c2.k19.lctrue.regions.parquet,O15209,Q52KB5
human_vs_zebrafish.hp_thomas_dill_no_c2.k19.lctrue.regions.parquet,O15535,Q7T3H2
human_vs_zebrafish.hp_thomas_dill_no_c2.k19.lctrue.regions.parquet,O43167,A2BID7
human_vs_zebrafish.hp_thomas_dill_no_c2.k19.lctrue.regions.parquet,O43167,Q52KB5
human_vs_zebrafish.hp_thomas_dill_no_c2.k19.lctrue.regions.parquet,O43167,Q6NW96
human_vs_zebrafish.hp_thomas_dill_no_c2.k19.lctrue.regions.parquet,O60242,F1QVU0
human_vs_zebrafish.hp_thomas_dill_no_c2.k19.lctrue.regions.parquet,O60242,Q6NYZ6
human_vs_zebrafish.hp_thomas_dill_no_c2.k19.lctrue.regions.parquet,O60260,P46530
human_vs_zebrafish.hp_thomas_dill_no_c2.k19.lctrue.regions.parquet,O60281,A1L1R6
human_vs_zebrafish.hp_thomas_dill_no_c2.k19.lctrue.regions.parquet,O60281,Q05159
human_vs_zebrafish.hp_thomas_dill_no_c2.k19.lctrue.regions.parquet,O75626,A0A0R4IYX6
human_vs_zebrafish.hp_thomas_dill_no_c2.k19.lctrue.regions.parquet,O76038,Q1LY46
human_vs_zebrafish.hp_thomas_dill_no_c2.k19.lctrue.regions.parquet,O76038,Q5XJX1
human_vs_zebrafish.hp_thomas_dill_no_c2.k19.lctrue.regions.parquet,O95389,Q5U378
human_vs_zebrafish.hp_thomas_dill_no_c2.k19.lctrue.regions.parquet,O95389,Q9W7R4
human_vs_zebrafish.hp_thomas_dill_no_c2.k19.lctrue.regions.parquet,O95835,A1XQX2
human_vs_zebrafish.hp_thomas_dill_no_c2.k19.lctrue.regions.parquet,P00747,A1XQY1
human_vs_zebrafish.hp_thomas_dill_no_c2.k19.lctrue.regions.parquet,P00747,B8JI71
human_vs_zebrafish.hp_thomas_dill_no_c2.k19.lctrue.regions.parquet,P00747,Q5G872
human_vs_zebrafish.hp_thomas_dill_no_c2.k19.lctrue.regions.parquet,P00751,P46530
human_vs_zebrafish.hp_thomas_dill_no_c2.k19.lctrue.regions.parquet,P00751,Q90Y57
human_vs_zebrafish.hp_thomas_dill_no_c2.k19.lctrue.regions.parquet,P06681,Q1LVF0
human_vs_zebrafish.hp_thomas_dill_no_c2.k19.lctrue.regions.parquet,P08519,Q90Y54
human_vs_zebrafish.hp_thomas_dill_no_c2.k19.lctrue.regions.parquet,P08F94,Q1LVC2
human_vs_zebrafish.hp_thomas_dill_no_c2.k19.lctrue.regions.parquet,P11831,A0A1D5NSM8
human_vs_zebrafish.hp_thomas_dill_no_c2.k19.lctrue.regions.parquet,P13942,A1XQX8
human_vs_zebrafish.hp_thomas_dill_no_c2.k19.lctrue.regions.parquet,P13942,O42182
human_vs_zebrafish.hp_thomas_dill_no_c2.k19.lctrue.regions.parquet,P13942,Q8JHV6
human_vs_zebrafish.hp_thomas_dill_no_c2.k19.lctrue.regions.parquet,P15822,Q4KMD7
human_vs_zebrafish.hp_thomas_dill_no_c2.k19.lctrue.regions.parquet,P20265,Q90482
human_vs_zebrafish.hp_thomas_dill_no_c2.k19.lctrue.regions.parquet,P20849,A1XQX2
human_vs_zebrafish.hp_thomas_dill_no_c2.k19.lctrue.regions.parquet,P20849,A3KNN3
human_vs_zebrafish.hp_thomas_dill_no_c2.k19.lctrue.regions.parquet,P20849,E7F6T8
human_vs_zebrafish.hp_thomas_dill_no_c2.k19.lctrue.regions.parquet,P20849,Q5U3G1
human_vs_zebrafish.hp_thomas_dill_no_c2.k19.lctrue.regions.parquet,P20849,Q7SXF6
human_vs_zebrafish.hp_thomas_dill_no_c2.k19.lctrue.regions.parquet,P29279,B8JI71
human_vs_zebrafish.hp_thomas_dill_no_c2.k19.lctrue.regions.parquet,P29279,O73791
human_vs_zebrafish.hp_thomas_dill_no_c2.k19.lctrue.regions.parquet,P29279,Q5G872
human_vs_zebrafish.hp_thomas_dill_no_c2.k19.lctrue.regions.parquet,P36508,B8A5Y1
human_vs_zebrafish.hp_thomas_dill_no_c2.k19.lctrue.regions.parquet,P49790,A1L1R6
human_vs_zebrafish.hp_thomas_dill_no_c2.k19.lctrue.regions.parquet,P49910,Q25C93
human_vs_zebrafish.hp_thomas_dill_no_c2.k19.lctrue.regions.parquet,P55008,Q6PC72
human_vs_zebrafish.hp_thomas_dill_no_c2.k19.lctrue.regions.parquet,P59901,Q5G872
human_vs_zebrafish.hp_thomas_dill_no_c2.k19.lctrue.regions.parquet,Q01860,Q90482
human_vs_zebrafish.hp_thomas_dill_no_c2.k19.lctrue.regions.parquet,Q03181,Q06726
human_vs_zebrafish.hp_thomas_dill_no_c2.k19.lctrue.regions.parquet,Q12899,Q5RFV4
human_vs_zebrafish.hp_thomas_dill_no_c2.k19.lctrue.regions.parquet,Q14953,E7EZG2
human_vs_zebrafish.hp_thomas_dill_no_c2.k19.lctrue.regions.parquet,Q14993,A0MSJ1
human_vs_zebrafish.hp_thomas_dill_no_c2.k19.lctrue.regions.parquet,Q14993,A1XQX8
human_vs_zebrafish.hp_thomas_dill_no_c2.k19.lctrue.regions.parquet,Q14993,Q504C1
human_vs_zebrafish.hp_thomas_dill_no_c2.k19.lctrue.regions.parquet,Q14993,Q9W6F9
human_vs_zebrafish.hp_thomas_dill_no_c2.k19.lctrue.regions.parquet,Q15776,B8A5Y1
human_vs_zebrafish.hp_thomas_dill_no_c2.k19.lctrue.regions.parquet,Q16539,Q9DGE2
human_vs_zebrafish.hp_thomas_dill_no_c2.k19.lctrue.regions.parquet,Q3MJ62,Q4V8R6
human_vs_zebrafish.hp_thomas_dill_no_c2.k19.lctrue.regions.parquet,Q5T5C0,Q5SQE2
human_vs_zebrafish.hp_thomas_dill_no_c2.k19.lctrue.regions.parquet,Q5VWX1,Q6DI48
human_vs_zebrafish.hp_thomas_dill_no_c2.k19.lctrue.regions.parquet,Q6P9F5,A0A0R4IYX6
human_vs_zebrafish.hp_thomas_dill_no_c2.k19.lctrue.regions.parquet,Q6Q6R5,Q6DI48
human_vs_zebrafish.hp_thomas_dill_no_c2.k19.lctrue.regions.parquet,Q6U7Q0,Q7ZZ00
human_vs_zebrafish.hp_thomas_dill_no_c2.k19.lctrue.regions.parquet,Q6UY11,B8JI71
human_vs_zebrafish.hp_thomas_dill_no_c2.k19.lctrue.regions.parquet,Q6UY11,Q8UWJ4
human_vs_zebrafish.hp_thomas_dill_no_c2.k19.lctrue.regions.parquet,Q6ZWI9,A0A0R4IBK5
human_vs_zebrafish.hp_thomas_dill_no_c2.k19.lctrue.regions.parquet,Q70CQ1,Q7ZUM8
human_vs_zebrafish.hp_thomas_dill_no_c2.k19.lctrue.regions.parquet,Q7RTU3,Q6TLH3
human_vs_zebrafish.hp_thomas_dill_no_c2.k19.lctrue.regions.parquet,Q7Z419,Q5RFV4
human_vs_zebrafish.hp_thomas_dill_no_c2.k19.lctrue.regions.parquet,Q7Z6P3,A4IG32
human_vs_zebrafish.hp_thomas_dill_no_c2.k19.lctrue.regions.parquet,Q86T65,A1A5Y0
human_vs_zebrafish.hp_thomas_dill_no_c2.k19.lctrue.regions.parquet,Q86UR5,Q6AXL8
human_vs_zebrafish.hp_thomas_dill_no_c2.k19.lctrue.regions.parquet,Q8IWV8,A2BID7
human_vs_zebrafish.hp_thomas_dill_no_c2.k19.lctrue.regions.parquet,Q8IX30,A0A0R4IKU3
human_vs_zebrafish.hp_thomas_dill_no_c2.k19.lctrue.regions.parquet,Q8IX30,F1QC17
human_vs_zebrafish.hp_thomas_dill_no_c2.k19.lctrue.regions.parquet,Q8IX30,F1QVU0
human_vs_zebrafish.hp_thomas_dill_no_c2.k19.lctrue.regions.parquet,Q8IX30,O57409
human_vs_zebrafish.hp_thomas_dill_no_c2.k19.lctrue.regions.parquet,Q8IX30,P46530
human_vs_zebrafish.hp_thomas_dill_no_c2.k19.lctrue.regions.parquet,Q8N680,A2BID7
human_vs_zebrafish.hp_thomas_dill_no_c2.k19.lctrue.regions.parquet,Q8N680,Q52KB5
human_vs_zebrafish.hp_thomas_dill_no_c2.k19.lctrue.regions.parquet,Q8NFD5,Q9W7R3
human_vs_zebrafish.hp_thomas_dill_no_c2.k19.lctrue.regions.parquet,Q8TB52,F1QLG5
human_vs_zebrafish.hp_thomas_dill_no_c2.k19.lctrue.regions.parquet,Q8TC41,F1RB95
human_vs_zebrafish.hp_thomas_dill_no_c2.k19.lctrue.regions.parquet,Q8WUB8,A9LMC0
human_vs_zebrafish.hp_thomas_dill_no_c2.k19.lctrue.regions.parquet,Q92833,Q1LVC2
human_vs_zebrafish.hp_thomas_dill_no_c2.k19.lctrue.regions.parquet,Q969J2,Q6DBX4
human_vs_zebrafish.hp_thomas_dill_no_c2.k19.lctrue.regions.parquet,Q969J2,Q6NY74
human_vs_zebrafish.hp_thomas_dill_no_c2.k19.lctrue.regions.parquet,Q96C00,Q52KB5
human_vs_zebrafish.hp_thomas_dill_no_c2.k19.lctrue.regions.parquet,Q96JM7,Q8JHW2
human_vs_zebrafish.hp_thomas_dill_no_c2.k19.lctrue.regions.parquet,Q96P44,O57460
human_vs_zebrafish.hp_thomas_dill_no_c2.k19.lctrue.regions.parquet,Q96P44,Q7SXF6
human_vs_zebrafish.hp_thomas_dill_no_c2.k19.lctrue.regions.parquet,Q96P44,Q8JHV6
human_vs_zebrafish.hp_thomas_dill_no_c2.k19.lctrue.regions.parquet,Q96S59,A1L252
human_vs_zebrafish.hp_thomas_dill_no_c2.k19.lctrue.regions.parquet,Q96S59,F6P6X0
human_vs_zebrafish.hp_thomas_dill_no_c2.k19.lctrue.regions.parquet,Q96S59,Q1LUS8
human_vs_zebrafish.hp_thomas_dill_no_c2.k19.lctrue.regions.parquet,Q99706,A4IG59
human_vs_zebrafish.hp_thomas_dill_no_c2.k19.lctrue.regions.parquet,Q99715,A1XQX0
human_vs_zebrafish.hp_thomas_dill_no_c2.k19.lctrue.regions.parquet,Q99715,A5PN28
human_vs_zebrafish.hp_thomas_dill_no_c2.k19.lctrue.regions.parquet,Q99715,B8JI71
human_vs_zebrafish.hp_thomas_dill_no_c2.k19.lctrue.regions.parquet,Q99715,Q504E7
human_vs_zebrafish.hp_thomas_dill_no_c2.k19.lctrue.regions.parquet,Q99942,Q6PC78
human_vs_zebrafish.hp_thomas_dill_no_c2.k19.lctrue.regions.parquet,Q99944,A0A0R4IKU3
human_vs_zebrafish.hp_thomas_dill_no_c2.k19.lctrue.regions.parquet,Q99944,Q6DI48
human_vs_zebrafish.hp_thomas_dill_no_c2.k19.lctrue.regions.parquet,Q9BRR0,Q6NY74
human_vs_zebrafish.hp_thomas_dill_no_c2.k19.lctrue.regions.parquet,Q9BXY4,Q8UWJ4
human_vs_zebrafish.hp_thomas_dill_no_c2.k19.lctrue.regions.parquet,Q9BYV9,Q5G872
human_vs_zebrafish.hp_thomas_dill_no_c2.k19.lctrue.regions.parquet,Q9BYV9,Q6NVC9
human_vs_zebrafish.hp_thomas_dill_no_c2.k19.lctrue.regions.parquet,Q9H4Q3,P26632
human_vs_zebrafish.hp_thomas_dill_no_c2.k19.lctrue.regions.parquet,Q9NTX7,Q7ZUK0
human_vs_zebrafish.hp_thomas_dill_no_c2.k19.lctrue.regions.parquet,Q9NXZ2,Q5G872
human_vs_zebrafish.hp_thomas_dill_no_c2.k19.lctrue.regions.parquet,Q9UK97,Q6P3K3
human_vs_zebrafish.hp_thomas_dill_no_c2.k19.lctrue.regions.parquet,Q9ULD4,A5WW08
human_vs_zebrafish.hp_thomas_dill_no_c2.k19.lctrue.regions.parquet,Q9UM63,Q52KB5
human_vs_zebrafish.hp_thomas_dill_no_c2.k19.lctrue.regions.parquet,Q9UMQ6,Q6DC93
human_vs_zebrafish.hp_thomas_dill_no_c2.k19.lctrue.regions.parquet,Q9UMQ6,Q9DDT5
human_vs_zebrafish.hp_thomas_dill_no_c2.k19.lctrue.regions.parquet,Q9UMX6,Q502J0
human_vs_zebrafish.hp_thomas_dill_no_c2.k19.lctrue.regions.parquet,Q9Y330,A1L1R6
human_vs_zebrafish.hp_thomas_dill_no_c2.k19.lctrue.regions.parquet,Q9Y330,F1QQA8
human_vs_zebrafish.hp_thomas_dill_no_c2.k19.lctrue.regions.parquet,Q9Y466,Q90416
human_vs_zebrafish.hp_thomas_dill_no_c2.k19.lctrue.regions.parquet,Q9Y4E5,Q502M8
human_vs_zebrafish.hp_thomas_dill_no_c2.k19.lctrue.regions.parquet,Q9Y4K1,B8JI71
human_vs_zebrafish.hp_thomas_dill_no_c2.k19.lctrue.regions.parquet,Q9Y4K1,Q5RI43
human_vs_zebrafish.mmseqs12.k7.lctrue.regions.parquet,Q96T55,Q5VSE6
human_vs_zebrafish.sdm12.k6.lctrue.regions.parquet,O15264,Q9DGE1
human_vs_zebrafish.sdm12.k6.lctrue.regions.parquet,O43318,Q9DGE0
human_vs_zebrafish.sdm12.k6.lctrue.regions.parquet,P08922,Q8JFR5
human_vs_zebrafish.sdm12.k6.lctrue.regions.parquet,Q13608,Q503W7
human_vs_zebrafish.sdm12.k6.lctrue.regions.parquet,Q16539,O42376
human_vs_zebrafish.sdm12.k6.lctrue.regions.parquet,Q99683,Q32PP3
human_vs_zebrafish.sdm12.k6.lctrue.regions.parquet,Q9Y6R4,Q90ZY4
